START-OF-LOG: 3.0
CREATED-BY: okomdx-downloader
CONTEST: OK-OM DX CW Contest 2012
CALLSIGN: OK1VD
OPERATORS: OK1VD
CATEGORY: SINGLE-OP 10M HIGHSINGLE-OP 15M HIGHSINGLE-OP 160M HIGHSINGLE-OP 20M HIGHSINGLE-OP 40M HIGHSINGLE-OP 80M HIGHSINGLE-OP ALL HIGH
CATEGORY-OPERATOR: SINGLE-OP
CATEGORY-BAND: 160M
CATEGORY-MODE: CW
CATEGORY-POWER: HIGH
CATEGORY-ASSISTED: NON-ASSISTED
CATEGORY-TRANSMITTER: ONE
CATEGORY-STATION: FIXED
QSO: 28036 CW 2012-11-10 1202 OK1VD         599 FHK        UA2FL         599 001       
QSO: 21042 CW 2012-11-10 1212 OK1VD         599 FHK        RM2T          599 013       
QSO: 21042 CW 2012-11-10 1212 OK1VD         599 FHK        RU4SS         599 013       
QSO: 21042 CW 2012-11-10 1213 OK1VD         599 FHK        UA2FL         599 004       
QSO: 21042 CW 2012-11-10 1213 OK1VD         599 FHK        RD9CX         599 005       
QSO: 21042 CW 2012-11-10 1214 OK1VD         599 FHK        4Z5TK         599 013       
QSO: 21042 CW 2012-11-10 1215 OK1VD         599 FHK        R4WT          599 012       
QSO: 21042 CW 2012-11-10 1215 OK1VD         599 FHK        RV3RM         599 010       
QSO: 21042 CW 2012-11-10 1216 OK1VD         599 FHK        UK8AR         599 012       
QSO: 21042 CW 2012-11-10 1216 OK1VD         599 FHK        EA5YU         599 020       
QSO: 21042 CW 2012-11-10 1217 OK1VD         599 FHK        UA4ALI        599 025       
QSO: 21042 CW 2012-11-10 1217 OK1VD         599 FHK        T6LG          599 010       
QSO: 21042 CW 2012-11-10 1217 OK1VD         599 FHK        R8MC          599 009       
QSO: 21042 CW 2012-11-10 1218 OK1VD         599 FHK        UA9LAO/4      599 017       
QSO: 21042 CW 2012-11-10 1219 OK1VD         599 FHK        RX4YY         599 008       
QSO: 21042 CW 2012-11-10 1219 OK1VD         599 FHK        RK9SWF        599 006       
QSO: 21042 CW 2012-11-10 1219 OK1VD         599 FHK        RA9AP         599 020       
QSO: 21042 CW 2012-11-10 1220 OK1VD         599 FHK        HS0AC         599 010       
QSO: 21042 CW 2012-11-10 1220 OK1VD         599 FHK        RN6A          599 026       
QSO: 21042 CW 2012-11-10 1221 OK1VD         599 FHK        LY2XW         599 010       
QSO: 21042 CW 2012-11-10 1222 OK1VD         599 FHK        EA8AVK        599 016       
QSO: 21042 CW 2012-11-10 1223 OK1VD         599 FHK        RV6LCI        599 022       
QSO: 21042 CW 2012-11-10 1224 OK1VD         599 FHK        RT3T          599 021       
QSO: 21042 CW 2012-11-10 1225 OK1VD         599 FHK        RW9C          599 030       
QSO: 21042 CW 2012-11-10 1226 OK1VD         599 FHK        RU3SO         599 037       
QSO: 21042 CW 2012-11-10 1226 OK1VD         599 FHK        R9QQ          599 009       
QSO: 21042 CW 2012-11-10 1227 OK1VD         599 FHK        RU4SO         599 037       
QSO: 21042 CW 2012-11-10 1227 OK1VD         599 FHK        UN6LN         599 016       
QSO: 21042 CW 2012-11-10 1228 OK1VD         599 FHK        LZ1YQ         599 013       
QSO: 21042 CW 2012-11-10 1228 OK1VD         599 FHK        UA4PAQ        599 031       
QSO: 21042 CW 2012-11-10 1231 OK1VD         599 FHK        LY3B          599 023       
QSO: 21042 CW 2012-11-10 1232 OK1VD         599 FHK        RN4HAB        599 034       
QSO: 21042 CW 2012-11-10 1233 OK1VD         599 FHK        CS2C          599 039       
QSO: 21042 CW 2012-11-10 1233 OK1VD         599 FHK        N3QE          599 026       
QSO: 21042 CW 2012-11-10 1234 OK1VD         599 FHK        UA4AMM        599 016       
QSO: 21042 CW 2012-11-10 1235 OK1VD         599 FHK        UA9FGJ        599 044       
QSO: 21042 CW 2012-11-10 1236 OK1VD         599 FHK        WA1LWS        599 004       
QSO: 21042 CW 2012-11-10 1237 OK1VD         599 FHK        DF1IAQ        599 017       
QSO: 21042 CW 2012-11-10 1237 OK1VD         599 FHK        K4MM          599 010       
QSO: 21042 CW 2012-11-10 1238 OK1VD         599 FHK        ZC4LI         599 036       
QSO: 21042 CW 2012-11-10 1238 OK1VD         599 FHK        RN4AO         599 025       
QSO: 21042 CW 2012-11-10 1239 OK1VD         599 FHK        RA3UT         599 023       
QSO: 21042 CW 2012-11-10 1240 OK1VD         599 FHK        UP0L          599 047       
QSO: 21042 CW 2012-11-10 1240 OK1VD         599 FHK        C4Z           599 034       
QSO: 21042 CW 2012-11-10 1241 OK1VD         599 FHK        RA9XU         599 021       
QSO: 21042 CW 2012-11-10 1241 OK1VD         599 FHK        K3WI          599 027       
QSO: 21042 CW 2012-11-10 1241 OK1VD         599 FHK        RA4DB         599 034       
QSO: 21042 CW 2012-11-10 1242 OK1VD         599 FHK        RA6HSM        599 029       
QSO: 21042 CW 2012-11-10 1242 OK1VD         599 FHK        K5KLA         599 004       
QSO: 21042 CW 2012-11-10 1243 OK1VD         599 FHK        K3LU          599 021       
QSO: 21042 CW 2012-11-10 1244 OK1VD         599 FHK        UA6HFI        599 020       
QSO: 21042 CW 2012-11-10 1245 OK1VD         599 FHK        R9XS          599 036       
QSO: 21042 CW 2012-11-10 1246 OK1VD         599 FHK        DL1DQW        599 010       
QSO: 21042 CW 2012-11-10 1246 OK1VD         599 FHK        N2ED          599 024       
QSO: 21042 CW 2012-11-10 1248 OK1VD         599 FHK        WA8KAN        599 002       
QSO: 21042 CW 2012-11-10 1248 OK1VD         599 FHK        UA3QGT        599 010       
QSO: 21042 CW 2012-11-10 1250 OK1VD         599 FHK        K1AR          599 006       
QSO: 21042 CW 2012-11-10 1250 OK1VD         599 FHK        RA9SO         599 020       
QSO: 21042 CW 2012-11-10 1251 OK1VD         599 FHK        LZ1GE         599 016       
QSO: 21042 CW 2012-11-10 1251 OK1VD         599 FHK        N4NO          599 029       
QSO: 21042 CW 2012-11-10 1252 OK1VD         599 FHK        YL2CV         599 024       
QSO: 21042 CW 2012-11-10 1253 OK1VD         599 FHK        Z35F          599 004       
QSO: 21042 CW 2012-11-10 1254 OK1VD         599 FHK        K8MFO         599 038       
QSO: 21042 CW 2012-11-10 1255 OK1VD         599 FHK        AA8UL         599 001       
QSO: 21042 CW 2012-11-10 1255 OK1VD         599 FHK        VE9ML         599 024       
QSO: 21042 CW 2012-11-10 1256 OK1VD         599 FHK        VE3CPK        599 003       
QSO: 21042 CW 2012-11-10 1259 OK1VD         599 FHK        K4BAI         599 029       
QSO: 28018 CW 2012-11-10 1309 OK1VD         599 FHK        PY2ZEA        599 003       
QSO: 14051 CW 2012-11-10 1312 OK1VD         599 FHK        LZ1ND         599 070       
QSO: 14051 CW 2012-11-10 1313 OK1VD         599 FHK        RA1OT         599 054       
QSO: 14051 CW 2012-11-10 1313 OK1VD         599 FHK        US5VX         599 042       
QSO: 14051 CW 2012-11-10 1314 OK1VD         599 FHK        RU3U          599 081       
QSO: 14051 CW 2012-11-10 1314 OK1VD         599 FHK        LZ2NG         599 020       
QSO: 14051 CW 2012-11-10 1314 OK1VD         599 FHK        RG5A          599 057       
QSO: 14051 CW 2012-11-10 1315 OK1VD         599 FHK        LA8HGA        599 085       
QSO: 14051 CW 2012-11-10 1315 OK1VD         599 FHK        UA4ALI        599 096       
QSO: 14051 CW 2012-11-10 1315 OK1VD         599 FHK        LA2HFA        599 042       
QSO: 14051 CW 2012-11-10 1316 OK1VD         599 FHK        R1TEU         599 059       
QSO: 14051 CW 2012-11-10 1317 OK1VD         599 FHK        SE6Y          599 038       
QSO: 14051 CW 2012-11-10 1317 OK1VD         599 FHK        UX3HA         599 046       
QSO: 14051 CW 2012-11-10 1318 OK1VD         599 FHK        UA1AFT        599 067       
QSO: 14051 CW 2012-11-10 1318 OK1VD         599 FHK        RN3F          599 109       
QSO: 14051 CW 2012-11-10 1318 OK1VD         599 FHK        RT9S          599 026       
QSO: 14051 CW 2012-11-10 1319 OK1VD         599 FHK        EW8EW         599 069       
QSO: 14051 CW 2012-11-10 1319 OK1VD         599 FHK        YO9CWY        599 020       
QSO: 14051 CW 2012-11-10 1319 OK1VD         599 FHK        R8MD          599 039       
QSO: 14051 CW 2012-11-10 1319 OK1VD         599 FHK        RW4HFH        599 007       
QSO: 14051 CW 2012-11-10 1320 OK1VD         599 FHK        UA3AKI        599 020       
QSO: 14051 CW 2012-11-10 1320 OK1VD         599 FHK        UA6HFI        599 044       
QSO: 14051 CW 2012-11-10 1320 OK1VD         599 FHK        UA3MIF        599 054       
QSO: 14051 CW 2012-11-10 1321 OK1VD         599 FHK        RN4AO         599 048       
QSO: 14051 CW 2012-11-10 1321 OK1VD         599 FHK        RA4DB         599 055       
QSO: 14051 CW 2012-11-10 1323 OK1VD         599 FHK        UT0RM         599 052       
QSO: 14051 CW 2012-11-10 1323 OK1VD         599 FHK        RM2T          599 074       
QSO: 14051 CW 2012-11-10 1323 OK1VD         599 FHK        RA3NC         599 052       
QSO: 14051 CW 2012-11-10 1323 OK1VD         599 FHK        RA9DZ         599 084       
QSO: 14051 CW 2012-11-10 1324 OK1VD         599 FHK        ES5KJ         599 060       
QSO: 14051 CW 2012-11-10 1324 OK1VD         599 FHK        RA9MX         599 020       
QSO: 14051 CW 2012-11-10 1325 OK1VD         599 FHK        UA4QK         599 056       
QSO: 14051 CW 2012-11-10 1325 OK1VD         599 FHK        UA1AJ         599 055       
QSO: 14051 CW 2012-11-10 1326 OK1VD         599 FHK        UR5EFL        599 005       
QSO: 14051 CW 2012-11-10 1326 OK1VD         599 FHK        SP9DUX        599 021       
QSO: 14051 CW 2012-11-10 1327 OK1VD         599 FHK        DD5M          599 036       
QSO: 14051 CW 2012-11-10 1328 OK1VD         599 FHK        RX3AEX        599 045       
QSO: 14051 CW 2012-11-10 1329 OK1VD         599 FHK        UA1ASB        599 046       
QSO: 14051 CW 2012-11-10 1329 OK1VD         599 FHK        RA3ID/3       599 039       
QSO: 14051 CW 2012-11-10 1330 OK1VD         599 FHK        R6MW          599 025       
QSO: 14051 CW 2012-11-10 1330 OK1VD         599 FHK        RA5B          599 041       
QSO: 14051 CW 2012-11-10 1330 OK1VD         599 FHK        RW9C          599 095       
QSO: 14051 CW 2012-11-10 1330 OK1VD         599 FHK        R8XF          599 090       
QSO: 14051 CW 2012-11-10 1331 OK1VD         599 FHK        G4LJU         599 007       
QSO: 14051 CW 2012-11-10 1331 OK1VD         599 FHK        R8MC          599 053       
QSO: 14051 CW 2012-11-10 1332 OK1VD         599 FHK        UN0BB         599 037       
QSO: 14051 CW 2012-11-10 1332 OK1VD         599 FHK        RM4R          599 076       
QSO: 14051 CW 2012-11-10 1333 OK1VD         599 FHK        SE6W          599 021       
QSO: 14051 CW 2012-11-10 1333 OK1VD         599 FHK        RU3VV         599 030       
QSO: 14051 CW 2012-11-10 1334 OK1VD         599 FHK        UU2J          599 056       
QSO: 14051 CW 2012-11-10 1334 OK1VD         599 FHK        4Z5TK         599 073       
QSO: 14051 CW 2012-11-10 1334 OK1VD         599 FHK        UN2E          599 026       
QSO: 14051 CW 2012-11-10 1335 OK1VD         599 FHK        G4KFT         599 068       
QSO: 14051 CW 2012-11-10 1335 OK1VD         599 FHK        US3IY         599 022       
QSO: 14051 CW 2012-11-10 1335 OK1VD         599 FHK        R3LB          599 061       
QSO: 14051 CW 2012-11-10 1336 OK1VD         599 FHK        RK3R          599 018       
QSO: 14051 CW 2012-11-10 1336 OK1VD         599 FHK        RA9SN         599 046       
QSO: 14051 CW 2012-11-10 1337 OK1VD         599 FHK        YO2CJX        599 005       
QSO: 14051 CW 2012-11-10 1337 OK1VD         599 FHK        LZ40YE        599 045       
QSO: 14051 CW 2012-11-10 1337 OK1VD         599 FHK        UT5CY         599 016       
QSO: 14051 CW 2012-11-10 1338 OK1VD         599 FHK        UA6LCJ        599 052       
QSO: 14051 CW 2012-11-10 1338 OK1VD         599 FHK        UA3QGT        599 050       
QSO: 14051 CW 2012-11-10 1339 OK1VD         599 FHK        LY3B          599 069       
QSO: 14051 CW 2012-11-10 1340 OK1VD         599 FHK        HS0AC         599 027       
QSO: 14051 CW 2012-11-10 1342 OK1VD         599 FHK        UA4RW         599 052       
QSO: 14051 CW 2012-11-10 1342 OK1VD         599 FHK        LZ1DQ         599 057       
QSO: 14051 CW 2012-11-10 1343 OK1VD         599 FHK        UA3PP         599 019       
QSO: 14051 CW 2012-11-10 1343 OK1VD         599 FHK        UT8AQ         599 027       
QSO: 14051 CW 2012-11-10 1343 OK1VD         599 FHK        UK8AR         599 045       
QSO: 14051 CW 2012-11-10 1344 OK1VD         599 FHK        RX4YY         599 059       
QSO: 14051 CW 2012-11-10 1345 OK1VD         599 FHK        LZ7H          599 043       
QSO: 14051 CW 2012-11-10 1345 OK1VD         599 FHK        OH3KAV        599 058       
QSO: 14051 CW 2012-11-10 1345 OK1VD         599 FHK        DF60JFA       599 038       
QSO: 14051 CW 2012-11-10 1346 OK1VD         599 FHK        YL2CV         599 045       
QSO: 14051 CW 2012-11-10 1347 OK1VD         599 FHK        LZ1GE         599 046       
QSO: 14051 CW 2012-11-10 1347 OK1VD         599 FHK        IT9CHU        599 007       
QSO: 14051 CW 2012-11-10 1347 OK1VD         599 FHK        RT3T          599 098       
QSO: 14051 CW 2012-11-10 1348 OK1VD         599 FHK        RN6CH         599 009       
QSO: 14051 CW 2012-11-10 1348 OK1VD         599 FHK        HG1DX         599 010       
QSO: 14051 CW 2012-11-10 1349 OK1VD         599 FHK        UA3LID        599 073       
QSO: 14051 CW 2012-11-10 1349 OK1VD         599 FHK        UA4PN         599 117       
QSO: 14051 CW 2012-11-10 1350 OK1VD         599 FHK        UA4SN         599 028       
QSO: 14051 CW 2012-11-10 1351 OK1VD         599 FHK        YU1ML         599 012       
QSO: 14051 CW 2012-11-10 1351 OK1VD         599 FHK        RT3F          599 109       
QSO: 14051 CW 2012-11-10 1352 OK1VD         599 FHK        RA3XCZ        599 049       
QSO: 14051 CW 2012-11-10 1352 OK1VD         599 FHK        RM2U          599 039       
QSO: 14051 CW 2012-11-10 1352 OK1VD         599 FHK        R4WT          599 080       
QSO: 14051 CW 2012-11-10 1353 OK1VD         599 FHK        LY2XW         599 037       
QSO: 14051 CW 2012-11-10 1353 OK1VD         599 FHK        Z35F          599 020       
QSO: 14051 CW 2012-11-10 1354 OK1VD         599 FHK        R3EA          599 029       
QSO: 14051 CW 2012-11-10 1355 OK1VD         599 FHK        RA6HSM        599 055       
QSO: 14051 CW 2012-11-10 1356 OK1VD         599 FHK        R3OM          599 056       
QSO: 14051 CW 2012-11-10 1356 OK1VD         599 FHK        LZ2PS         599 053       
QSO: 14051 CW 2012-11-10 1357 OK1VD         599 FHK        RX3DBG        599 020       
QSO: 14051 CW 2012-11-10 1358 OK1VD         599 FHK        UA3PE         599 027       
QSO: 14051 CW 2012-11-10 1358 OK1VD         599 FHK        UY1AW         599 036       
QSO: 14051 CW 2012-11-10 1358 OK1VD         599 FHK        RA6MQ         599 064       
QSO: 14051 CW 2012-11-10 1400 OK1VD         599 FHK        SM6FKF        599 022       
QSO: 14051 CW 2012-11-10 1401 OK1VD         599 FHK        RU4SO         599 117       
QSO: 14051 CW 2012-11-10 1402 OK1VD         599 FHK        SM5CZQ        599 020       
QSO: 14051 CW 2012-11-10 1402 OK1VD         599 FHK        R7AO          599 062       
QSO: 14051 CW 2012-11-10 1403 OK1VD         599 FHK        UY5ZI         599 051       
QSO: 14051 CW 2012-11-10 1403 OK1VD         599 FHK        UA7G          599 096       
QSO: 14046 CW 2012-11-10 1406 OK1VD         599 FHK        K3IPK         599 093       
QSO: 14046 CW 2012-11-10 1407 OK1VD         599 FHK        R3PA          599 075       
QSO: 14046 CW 2012-11-10 1407 OK1VD         599 FHK        K1GQ          599 006       
QSO: 14046 CW 2012-11-10 1407 OK1VD         599 FHK        N3QE          599 090       
QSO: 14046 CW 2012-11-10 1408 OK1VD         599 FHK        LZ1ONK        599 009       
QSO: 14046 CW 2012-11-10 1409 OK1VD         599 FHK        M0CFW         599 068       
QSO: 14046 CW 2012-11-10 1409 OK1VD         599 FHK        UA4HBM        599 059       
QSO: 14046 CW 2012-11-10 1409 OK1VD         599 FHK        SK7OA         599 054       
QSO: 14046 CW 2012-11-10 1409 OK1VD         599 FHK        F8AEE         599 019       
QSO: 14046 CW 2012-11-10 1410 OK1VD         599 FHK        N4NO          599 075       
QSO: 14046 CW 2012-11-10 1411 OK1VD         599 FHK        RK3ER         599 094       
QSO: 14046 CW 2012-11-10 1411 OK1VD         599 FHK        RU6CS         599 055       
QSO: 14046 CW 2012-11-10 1411 OK1VD         599 FHK        KI1U          599 022       
QSO: 21042 CW 2012-11-10 1415 OK1VD         599 FHK        W5GN          599 111       
QSO: 21042 CW 2012-11-10 1415 OK1VD         599 FHK        LY5W          599 005       
QSO: 21041 CW 2012-11-10 1416 OK1VD         599 FHK        K1BV          599 067       
QSO: 21041 CW 2012-11-10 1416 OK1VD         599 FHK        K8NYG         599 021       
QSO: 21041 CW 2012-11-10 1417 OK1VD         599 FHK        K7LU          599 010       
QSO: 21041 CW 2012-11-10 1417 OK1VD         599 FHK        K3ONW         599 008       
QSO: 21041 CW 2012-11-10 1418 OK1VD         599 FHK        K5HDX         599 012       
QSO: 21041 CW 2012-11-10 1418 OK1VD         599 FHK        N5PO          599 043       
QSO: 21041 CW 2012-11-10 1419 OK1VD         599 FHK        W8MHW         599 019       
QSO: 21041 CW 2012-11-10 1419 OK1VD         599 FHK        VE1ZA         599 060       
QSO: 21041 CW 2012-11-10 1421 OK1VD         599 FHK        K0ZR          599 036       
QSO: 21041 CW 2012-11-10 1421 OK1VD         599 FHK        W9OA/9        599 015       
QSO: 21041 CW 2012-11-10 1421 OK1VD         599 FHK        K4DJ          599 048       
QSO: 21041 CW 2012-11-10 1422 OK1VD         599 FHK        AC5K          599 031       
QSO: 21041 CW 2012-11-10 1423 OK1VD         599 FHK        VE3VA         599 019       
QSO: 21030 CW 2012-11-10 1426 OK1VD         599 FHK        NA4K          599 013       
QSO: 21030 CW 2012-11-10 1427 OK1VD         599 FHK        N4PN          599 080       
QSO: 21030 CW 2012-11-10 1428 OK1VD         599 FHK        LY2PX         599 024       
QSO: 21030 CW 2012-11-10 1429 OK1VD         599 FHK        K4LTA         599 076       
QSO: 21030 CW 2012-11-10 1429 OK1VD         599 FHK        K4VBS         599 003       
QSO: 21030 CW 2012-11-10 1430 OK1VD         599 FHK        N4UP          599 019       
QSO: 21030 CW 2012-11-10 1433 OK1VD         599 FHK        DL1NKS        599 044       
QSO: 21030 CW 2012-11-10 1434 OK1VD         599 FHK        WA1T          599 007       
QSO: 21030 CW 2012-11-10 1435 OK1VD         599 FHK        OH4A          599 003       
QSO: 21030 CW 2012-11-10 1436 OK1VD         599 FHK        W4BQF         599 004       
QSO: 21030 CW 2012-11-10 1437 OK1VD         599 FHK        W6YA          599 020       
QSO: 21030 CW 2012-11-10 1437 OK1VD         599 FHK        N3KR          599 005       
QSO: 21030 CW 2012-11-10 1437 OK1VD         599 FHK        K5JX          599 009       
QSO: 21030 CW 2012-11-10 1438 OK1VD         599 FHK        VP9KF         599 046       
QSO: 21030 CW 2012-11-10 1440 OK1VD         599 FHK        UA3LID        599 105       
QSO: 21030 CW 2012-11-10 1441 OK1VD         599 FHK        SP2LNW        599 016       
QSO: 21030 CW 2012-11-10 1442 OK1VD         599 FHK        N1NN          599 016       
QSO: 28034 CW 2012-11-10 1446 OK1VD         599 FHK        K2SSS         599 073       
QSO: 28034 CW 2012-11-10 1447 OK1VD         599 FHK        W9OA/9        599 033       
QSO: 28034 CW 2012-11-10 1449 OK1VD         599 FHK        K1LGM         599 003       
QSO: 28034 CW 2012-11-10 1450 OK1VD         599 FHK        N2ZN          599 003       
QSO: 28034 CW 2012-11-10 1450 OK1VD         599 FHK        K3LU          599 070       
QSO: 28034 CW 2012-11-10 1451 OK1VD         599 FHK        W5GN          599 140       
QSO: 28029 CW 2012-11-10 1455 OK1VD         599 FHK        VE9ML         599 087       
QSO: 21029 CW 2012-11-10 1459 OK1VD         599 FHK        WB4ZBI        599 013       
QSO: 21029 CW 2012-11-10 1503 OK1VD         599 FHK        4X1WQ         599 007       
QSO: 21029 CW 2012-11-10 1504 OK1VD         599 FHK        AG9C          599 023       
QSO: 14043 CW 2012-11-10 1508 OK1VD         599 FHK        K1BV          599 096       
QSO: 14043 CW 2012-11-10 1509 OK1VD         599 FHK        K4DJ          599 060       
QSO: 14043 CW 2012-11-10 1510 OK1VD         599 FHK        YO9FYP        599 024       
QSO: 14043 CW 2012-11-10 1510 OK1VD         599 FHK        VE7WY         599 009       
QSO: 14043 CW 2012-11-10 1510 OK1VD         599 FHK        EA5KO         599 021       
QSO: 14043 CW 2012-11-10 1511 OK1VD         599 FHK        W5GN          599 155       
QSO: 14043 CW 2012-11-10 1512 OK1VD         599 FHK        DL6OA         599 001       
QSO: 14043 CW 2012-11-10 1513 OK1VD         599 FHK        NB1N          599 079       
QSO: 14043 CW 2012-11-10 1513 OK1VD         599 FHK        UA5C          599 079       
QSO: 14043 CW 2012-11-10 1514 OK1VD         599 FHK        G2HDR         599 042       
QSO: 14043 CW 2012-11-10 1514 OK1VD         599 FHK        IK1RQQ        599 009       
QSO: 14043 CW 2012-11-10 1516 OK1VD         599 FHK        F6HIA         599 028       
QSO: 14043 CW 2012-11-10 1516 OK1VD         599 FHK        GM4WZG        599 059       
QSO: 14043 CW 2012-11-10 1517 OK1VD         599 FHK        G3SEN         599 009       
QSO: 14043 CW 2012-11-10 1519 OK1VD         599 FHK        N4UP          599 032       
QSO: 14043 CW 2012-11-10 1520 OK1VD         599 FHK        K3ONW         599 039       
QSO: 14043 CW 2012-11-10 1521 OK1VD         599 FHK        UT8AS/QRP     599 074       
QSO: 14043 CW 2012-11-10 1522 OK1VD         599 FHK        YO9WF         599 095       
QSO: 14043 CW 2012-11-10 1522 OK1VD         599 FHK        VE5ZX         599 009       
QSO: 14043 CW 2012-11-10 1523 OK1VD         599 FHK        RM5D          599 134       
QSO: 14043 CW 2012-11-10 1523 OK1VD         599 FHK        K3KO          599 048       
QSO: 14043 CW 2012-11-10 1524 OK1VD         599 FHK        RV6LCI        599 113       
QSO: 14043 CW 2012-11-10 1524 OK1VD         599 FHK        DL9LM         599 008       
QSO: 14043 CW 2012-11-10 1525 OK1VD         599 FHK        UT7MD         599 009       
QSO: 14043 CW 2012-11-10 1526 OK1VD         599 FHK        ES4RR         599 057       
QSO: 14043 CW 2012-11-10 1526 OK1VD         599 FHK        SA2BRN        599 056       
QSO: 14043 CW 2012-11-10 1527 OK1VD         599 FHK        RU4LM         599 019       
QSO: 14043 CW 2012-11-10 1527 OK1VD         599 FHK        UP0L          599 202       
QSO: 14042 CW 2012-11-10 1528 OK1VD         599 FHK        F6GVC         599 080       
QSO: 14043 CW 2012-11-10 1528 OK1VD         599 FHK        VE1ZA         599 100       
QSO: 14043 CW 2012-11-10 1529 OK1VD         599 FHK        AA7A          599 024       
QSO: 14043 CW 2012-11-10 1530 OK1VD         599 FHK        IT9RZU        599 017       
QSO: 14043 CW 2012-11-10 1532 OK1VD         599 FHK        RT9A          599 091       
QSO: 14043 CW 2012-11-10 1533 OK1VD         599 FHK        C4Z           599 109       
QSO: 14043 CW 2012-11-10 1534 OK1VD         599 FHK        IK8TEO        599 001       
QSO: 21020 CW 2012-11-10 1540 OK1VD         599 FHK        VE9OA         599 062       
QSO: 21020 CW 2012-11-10 1540 OK1VD         599 FHK        W6SDM         599 130       
QSO: 21020 CW 2012-11-10 1540 OK1VD         599 FHK        K2SX          599 024       
QSO: 21020 CW 2012-11-10 1541 OK1VD         599 FHK        AI6II         599 001       
QSO: 21020 CW 2012-11-10 1542 OK1VD         599 FHK        EA1CS         599 053       
QSO: 21020 CW 2012-11-10 1542 OK1VD         599 FHK        K3ZO          599 049       
QSO: 21020 CW 2012-11-10 1542 OK1VD         599 FHK        AA6KJ         599 004       
QSO: 21020 CW 2012-11-10 1543 OK1VD         599 FHK        AA7A          599 033       
QSO: 21020 CW 2012-11-10 1543 OK1VD         599 FHK        VE5ZX         599 032       
QSO: 21020 CW 2012-11-10 1543 OK1VD         599 FHK        KI1U          599 066       
QSO: 21020 CW 2012-11-10 1544 OK1VD         599 FHK        NN6PF         599 006       
QSO: 21020 CW 2012-11-10 1546 OK1VD         599 FHK        K0FX          599 018       
QSO: 21020 CW 2012-11-10 1547 OK1VD         599 FHK        K4SPO         599 011       
QSO: 21020 CW 2012-11-10 1549 OK1VD         599 FHK        AA3B          599 001       
QSO: 21020 CW 2012-11-10 1550 OK1VD         599 FHK        EA5FQ         599 036       
QSO: 14043 CW 2012-11-10 1555 OK1VD         599 FHK        N1NN          599 027       
QSO: 14043 CW 2012-11-10 1556 OK1VD         599 FHK        N3KR          599 033       
QSO: 14043 CW 2012-11-10 1556 OK1VD         599 FHK        G3KKP         599 011       
QSO: 14043 CW 2012-11-10 1557 OK1VD         599 FHK        N2ED          599 090       
QSO: 14043 CW 2012-11-10 1557 OK1VD         599 FHK        LZ2HA         599 004       
QSO: 14043 CW 2012-11-10 1558 OK1VD         599 FHK        G4RCG         599 054       
QSO: 14043 CW 2012-11-10 1559 OK1VD         599 FHK        VE3VA         599 037       
QSO: 14043 CW 2012-11-10 1600 OK1VD         599 FHK        K4LTA         599 110       
QSO: 14043 CW 2012-11-10 1600 OK1VD         599 FHK        K1ZZI         599 014       
QSO: 14043 CW 2012-11-10 1601 OK1VD         599 FHK        F5IN          599 082       
QSO: 14043 CW 2012-11-10 1602 OK1VD         599 FHK        VE1RGB        599 064       
QSO: 14043 CW 2012-11-10 1602 OK1VD         599 FHK        VE9ML         599 132       
QSO: 14043 CW 2012-11-10 1602 OK1VD         599 FHK        G0ORH         599 051       
QSO: 14043 CW 2012-11-10 1603 OK1VD         599 FHK        VE1DX         599 007       
QSO: 14043 CW 2012-11-10 1603 OK1VD         599 FHK        EA7AAW/QRP    599 029       
QSO: 14043 CW 2012-11-10 1607 OK1VD         599 FHK        W9RE          599 044       
QSO: 14043 CW 2012-11-10 1610 OK1VD         599 FHK        N4DJ          599 007       
QSO: 14043 CW 2012-11-10 1610 OK1VD         599 FHK        VE3KP         599 010       
QSO: 14043 CW 2012-11-10 1611 OK1VD         599 FHK        N4PN          599 121       
QSO: 14043 CW 2012-11-10 1611 OK1VD         599 FHK        VE3CWU        599 032       
QSO: 14043 CW 2012-11-10 1612 OK1VD         599 FHK        W9OA/9        599 071       
QSO: 14043 CW 2012-11-10 1612 OK1VD         599 FHK        K4MF          599 047       
QSO: 14043 CW 2012-11-10 1614 OK1VD         599 FHK        DM3F          599 012       
QSO: 14043 CW 2012-11-10 1615 OK1VD         599 FHK        K3LU          599 107       
QSO: 21035 CW 2012-11-10 1630 OK1VD         599 FHK        K1GQ          599 123       
QSO: 21035 CW 2012-11-10 1630 OK1VD         599 FHK        W0WP          599 108       
QSO: 21035 CW 2012-11-10 1630 OK1VD         599 FHK        W2IQK         599 008       
QSO: 21035 CW 2012-11-10 1632 OK1VD         599 FHK        K1ZZI         599 044       
QSO: 21035 CW 2012-11-10 1636 OK1VD         599 FHK        F2GL          599 006       
QSO: 21035 CW 2012-11-10 1637 OK1VD         599 FHK        LZ2PT         599 003       
QSO: 21035 CW 2012-11-10 1638 OK1VD         599 FHK        K9NW          599 011       
QSO: 21035 CW 2012-11-10 1638 OK1VD         599 FHK        PY4HO         599 019       
QSO: 21035 CW 2012-11-10 1641 OK1VD         599 FHK        W2VI          599 012       
QSO:  7013 CW 2012-11-10 1645 OK1VD         599 FHK        PA3CVI        599 071       
QSO:  7013 CW 2012-11-10 1645 OK1VD         599 FHK        UU2CW         599 129       
QSO:  7013 CW 2012-11-10 1646 OK1VD         599 FHK        G4EBK         599 028       
QSO:  7013 CW 2012-11-10 1646 OK1VD         599 FHK        ON3ND         599 074       
QSO:  7013 CW 2012-11-10 1646 OK1VD         599 FHK        R8MD          599 061       
QSO:  7013 CW 2012-11-10 1647 OK1VD         599 FHK        YU1SV         599 080       
QSO:  7013 CW 2012-11-10 1647 OK1VD         599 FHK        LZ3ZZ         599 037       
QSO:  7013 CW 2012-11-10 1647 OK1VD         599 FHK        US2MW         599 040       
QSO:  7013 CW 2012-11-10 1648 OK1VD         599 FHK        UU7JD         599 013       
QSO:  7013 CW 2012-11-10 1648 OK1VD         599 FHK        YU5T          599 093       
QSO:  7013 CW 2012-11-10 1649 OK1VD         599 FHK        RA9SN         599 063       
QSO:  7013 CW 2012-11-10 1650 OK1VD         599 FHK        LZ4RR         599 174       
QSO:  7013 CW 2012-11-10 1650 OK1VD         599 FHK        RA3ST         599 033       
QSO:  7013 CW 2012-11-10 1650 OK1VD         599 FHK        YL2CV         599 143       
QSO:  7013 CW 2012-11-10 1651 OK1VD         599 FHK        PA0JED        599 052       
QSO:  7013 CW 2012-11-10 1651 OK1VD         599 FHK        YR5T          599 082       
QSO:  7013 CW 2012-11-10 1652 OK1VD         599 FHK        EI5KF         599 051       
QSO:  7013 CW 2012-11-10 1653 OK1VD         599 FHK        YL2TB         599 052       
QSO:  7013 CW 2012-11-10 1653 OK1VD         599 FHK        RN3F          599 275       
QSO:  7013 CW 2012-11-10 1653 OK1VD         599 FHK        UR7MZ         599 096       
QSO:  7013 CW 2012-11-10 1653 OK1VD         599 FHK        R3QN          599 023       
QSO:  7013 CW 2012-11-10 1654 OK1VD         599 FHK        SM6FKF        599 073       
QSO:  7013 CW 2012-11-10 1654 OK1VD         599 FHK        PA0WKI        599 034       
QSO:  7013 CW 2012-11-10 1654 OK1VD         599 FHK        RT3F          599 285       
QSO:  7013 CW 2012-11-10 1655 OK1VD         599 FHK        EU6RO         599 023       
QSO:  7013 CW 2012-11-10 1655 OK1VD         599 FHK        RW3AI         599 071       
QSO:  7013 CW 2012-11-10 1655 OK1VD         599 FHK        UR4LCB        599 088       
QSO:  7013 CW 2012-11-10 1656 OK1VD         599 FHK        RU4SO         599 235       
QSO:  7013 CW 2012-11-10 1656 OK1VD         599 FHK        RZ3PX         599 093       
QSO:  7013 CW 2012-11-10 1656 OK1VD         599 FHK        YT8A          599 128       
QSO:  7013 CW 2012-11-10 1656 OK1VD         599 FHK        RU4LM         599 032       
QSO:  7013 CW 2012-11-10 1657 OK1VD         599 FHK        Z35F          599 078       
QSO:  7013 CW 2012-11-10 1657 OK1VD         599 FHK        G3MZV         599 075       
QSO:  7013 CW 2012-11-10 1657 OK1VD         599 FHK        ES5KJ         599 098       
QSO:  7013 CW 2012-11-10 1657 OK1VD         599 FHK        RA4HMT        599 036       
QSO:  7013 CW 2012-11-10 1658 OK1VD         599 FHK        DM2RN         599 019       
QSO:  7013 CW 2012-11-10 1658 OK1VD         599 FHK        EW8OF         599 065       
QSO:  7013 CW 2012-11-10 1658 OK1VD         599 FHK        F5IN          599 129       
QSO:  7013 CW 2012-11-10 1659 OK1VD         599 FHK        RT9A          599 154       
QSO:  7013 CW 2012-11-10 1659 OK1VD         599 FHK        IT9RZU        599 056       
QSO:  7013 CW 2012-11-10 1659 OK1VD         599 FHK        UX1CW         599 079       
QSO:  7013 CW 2012-11-10 1659 OK1VD         599 FHK        RM5D          599 197       
QSO:  7013 CW 2012-11-10 1700 OK1VD         599 FHK        PG5V          599 048       
QSO:  7013 CW 2012-11-10 1700 OK1VD         599 FHK        RL3T          599 061       
QSO:  7013 CW 2012-11-10 1700 OK1VD         599 FHK        RT3T          599 258       
QSO:  7013 CW 2012-11-10 1700 OK1VD         599 FHK        LY3B          599 231       
QSO:  7013 CW 2012-11-10 1701 OK1VD         599 FHK        R8MC          599 149       
QSO:  7013 CW 2012-11-10 1701 OK1VD         599 FHK        LY3BB         599 101       
QSO:  7013 CW 2012-11-10 1701 OK1VD         599 FHK        I6FDJ         599 041       
QSO:  7013 CW 2012-11-10 1702 OK1VD         599 FHK        RD4AF         599 051       
QSO:  7013 CW 2012-11-10 1703 OK1VD         599 FHK        UP0L          599 294       
QSO:  7013 CW 2012-11-10 1703 OK1VD         599 FHK        PA3AAV        599 092       
QSO:  7013 CW 2012-11-10 1703 OK1VD         599 FHK        UA4QK         599 020       
QSO:  7013 CW 2012-11-10 1704 OK1VD         599 FHK        LA2HFA        599 096       
QSO:  7013 CW 2012-11-10 1704 OK1VD         599 FHK        RK9Q          599 070       
QSO:  7013 CW 2012-11-10 1704 OK1VD         599 FHK        UA4SN         599 079       
QSO:  7013 CW 2012-11-10 1705 OK1VD         599 FHK        C4Z           599 139       
QSO:  7013 CW 2012-11-10 1706 OK1VD         599 FHK        UX3HA         599 123       
QSO:  7013 CW 2012-11-10 1706 OK1VD         599 FHK        RT5X          599 001       
QSO:  7013 CW 2012-11-10 1707 OK1VD         599 FHK        HA1TV         599 018       
QSO:  7013 CW 2012-11-10 1707 OK1VD         599 FHK        RG5A          599 193       
QSO:  7013 CW 2012-11-10 1707 OK1VD         599 FHK        EV6Z          599 075       
QSO:  7013 CW 2012-11-10 1708 OK1VD         599 FHK        RA5B          599 107       
QSO:  7013 CW 2012-11-10 1708 OK1VD         599 FHK        YO3APJ        599 066       
QSO:  7013 CW 2012-11-10 1708 OK1VD         599 FHK        SV2FWV        599 044       
QSO:  7013 CW 2012-11-10 1709 OK1VD         599 FHK        EK4A          599 044       
QSO:  7013 CW 2012-11-10 1710 OK1VD         599 FHK        ON4ALY        599 003       
QSO:  7013 CW 2012-11-10 1710 OK1VD         599 FHK        RM2U          599 127       
QSO:  7013 CW 2012-11-10 1710 OK1VD         599 FHK        RW1AI         599 020       
QSO:  7013 CW 2012-11-10 1711 OK1VD         599 FHK        M0BKB         599 049       
QSO:  7013 CW 2012-11-10 1711 OK1VD         599 FHK        RU6AN         599 025       
QSO:  7013 CW 2012-11-10 1712 OK1VD         599 FHK        F8AEE         599 096       
QSO:  7013 CW 2012-11-10 1712 OK1VD         599 FHK        YO2CJX        599 059       
QSO:  7013 CW 2012-11-10 1713 OK1VD         599 FHK        UN6GK         599 027       
QSO:  7013 CW 2012-11-10 1713 OK1VD         599 FHK        YL2BJ         599 007       
QSO:  7013 CW 2012-11-10 1714 OK1VD         599 FHK        US7IA         599 115       
QSO:  7013 CW 2012-11-10 1714 OK1VD         599 FHK        UA3LID        599 162       
QSO:  7013 CW 2012-11-10 1714 OK1VD         599 FHK        IK1RQQ        599 052       
QSO:  7013 CW 2012-11-10 1715 OK1VD         599 FHK        RX3ZX         599 030       
QSO:  7013 CW 2012-11-10 1716 OK1VD         599 FHK        RA3NC         599 139       
QSO:  7013 CW 2012-11-10 1716 OK1VD         599 FHK        RK3ER         599 189       
QSO:  7013 CW 2012-11-10 1716 OK1VD         599 FHK        UA3PC         599 065       
QSO:  7013 CW 2012-11-10 1717 OK1VD         599 FHK        RN3BO         599 010       
QSO:  7013 CW 2012-11-10 1717 OK1VD         599 FHK        UU2J          599 120       
QSO:  7013 CW 2012-11-10 1717 OK1VD         599 FHK        EA8WH         599 001       
QSO:  7013 CW 2012-11-10 1718 OK1VD         599 FHK        S51W          599 018       
QSO:  7013 CW 2012-11-10 1718 OK1VD         599 FHK        RU3U          599 212       
QSO:  7013 CW 2012-11-10 1719 OK1VD         599 FHK        UN0BB         599 065       
QSO:  7013 CW 2012-11-10 1719 OK1VD         599 FHK        LY2XW         599 146       
QSO:  7013 CW 2012-11-10 1720 OK1VD         599 FHK        YO2GL         599 071       
QSO:  7013 CW 2012-11-10 1720 OK1VD         599 FHK        IK2TKX        599 019       
QSO:  7013 CW 2012-11-10 1721 OK1VD         599 FHK        DJ2RG         599 016       
QSO:  7013 CW 2012-11-10 1721 OK1VD         599 FHK        RM3Z          599 114       
QSO:  7013 CW 2012-11-10 1722 OK1VD         599 FHK        UA6LCJ        599 109       
QSO:  7013 CW 2012-11-10 1722 OK1VD         599 FHK        IK2QIK        599 120       
QSO:  7013 CW 2012-11-10 1723 OK1VD         599 FHK        EA5CP         599 059       
QSO:  7013 CW 2012-11-10 1723 OK1VD         599 FHK        UN6LN         599 095       
QSO:  7013 CW 2012-11-10 1724 OK1VD         599 FHK        OH3GGQ        599 045       
QSO:  7013 CW 2012-11-10 1724 OK1VD         599 FHK        UT3QU         599 002       
QSO:  7013 CW 2012-11-10 1725 OK1VD         599 FHK        EA6ZS         599 037       
QSO:  7013 CW 2012-11-10 1726 OK1VD         599 FHK        IK3OII        599 042       
QSO:  7013 CW 2012-11-10 1727 OK1VD         599 FHK        RA3XCZ        599 112       
QSO:  7013 CW 2012-11-10 1727 OK1VD         599 FHK        ON7CK         599 004       
QSO:  7013 CW 2012-11-10 1729 OK1VD         599 FHK        SP2LNW        599 173       
QSO:  7013 CW 2012-11-10 1729 OK1VD         599 FHK        CS5NRA        599 044       
QSO:  7013 CW 2012-11-10 1730 OK1VD         599 FHK        UA4FCO        599 114       
QSO:  7013 CW 2012-11-10 1732 OK1VD         599 FHK        UA4CNJ        599 069       
QSO:  7013 CW 2012-11-10 1734 OK1VD         599 FHK        UR5FCM        599 015       
QSO:  7013 CW 2012-11-10 1734 OK1VD         599 FHK        F6AUS         599 029       
QSO:  7013 CW 2012-11-10 1735 OK1VD         599 FHK        RU3FB         599 035       
QSO:  7013 CW 2012-11-10 1735 OK1VD         599 FHK        UA5D          599 004       
QSO:  7013 CW 2012-11-10 1735 OK1VD         599 FHK        CS2C          599 145       
QSO:  7013 CW 2012-11-10 1736 OK1VD         599 FHK        G3XOV         599 031       
QSO:  7013 CW 2012-11-10 1736 OK1VD         599 FHK        UR4LIN        599 046       
QSO:  7013 CW 2012-11-10 1737 OK1VD         599 FHK        F6FTB         599 035       
QSO:  7013 CW 2012-11-10 1737 OK1VD         599 FHK        RK9SWF        599 128       
QSO:  7013 CW 2012-11-10 1738 OK1VD         599 FHK        UA4ALI        599 215       
QSO:  7013 CW 2012-11-10 1740 OK1VD         599 FHK        UR9LD         599 096       
QSO:  7013 CW 2012-11-10 1741 OK1VD         599 FHK        4Z5TK         599 156       
QSO:  7013 CW 2012-11-10 1742 OK1VD         599 FHK        F5NBX         599 011       
QSO:  7013 CW 2012-11-10 1742 OK1VD         599 FHK        IV3AZV        599 049       
QSO:  7013 CW 2012-11-10 1742 OK1VD         599 FHK        UA3MIF        599 139       
QSO:  7013 CW 2012-11-10 1743 OK1VD         599 FHK        RX3AEX        599 122       
QSO:  7013 CW 2012-11-10 1743 OK1VD         599 FHK        F6GVC         599 117       
QSO:  7013 CW 2012-11-10 1744 OK1VD         599 FHK        RA4WC         599 008       
QSO:  7013 CW 2012-11-10 1744 OK1VD         599 FHK        EA7AAW/QRP    599 063       
QSO:  7013 CW 2012-11-10 1747 OK1VD         599 FHK        UA4NBA        599 015       
QSO:  7013 CW 2012-11-10 1748 OK1VD         599 FHK        RV6LCI        599 162       
QSO:  7013 CW 2012-11-10 1750 OK1VD         599 FHK        EA2BVV        599 003       
QSO:  7013 CW 2012-11-10 1750 OK1VD         599 FHK        RV3QO         599 081       
QSO:  7013 CW 2012-11-10 1751 OK1VD         599 FHK        UR5EFL        599 051       
QSO:  7013 CW 2012-11-10 1753 OK1VD         599 FHK        DL1LOD        599 018       
QSO:  7013 CW 2012-11-10 1754 OK1VD         599 FHK        R3EA          599 074       
QSO:  7013 CW 2012-11-10 1754 OK1VD         599 FHK        RD3AEF        599 023       
QSO:  7013 CW 2012-11-10 1755 OK1VD         599 FHK        UR4IZ         599 014       
QSO: 14017 CW 2012-11-10 1801 OK1VD         599 FHK        N9CK          599 065       
QSO: 14017 CW 2012-11-10 1801 OK1VD         599 FHK        KH6/N6DA      599 013       
QSO: 14017 CW 2012-11-10 1802 OK1VD         599 FHK        K1AR          599 045       
QSO: 14017 CW 2012-11-10 1802 OK1VD         599 FHK        K4BAI         599 073       
QSO: 14017 CW 2012-11-10 1804 OK1VD         599 FHK        K6MC          599 002       
QSO: 14017 CW 2012-11-10 1805 OK1VD         599 FHK        WJ9B          599 055       
QSO:  3521 CW 2012-11-10 1844 OK1VD         599 FHK        9A1AA         599 122       
QSO:  3521 CW 2012-11-10 1845 OK1VD         599 FHK        LZ2SC         599 107       
QSO:  3521 CW 2012-11-10 1846 OK1VD         599 FHK        RT3T          599 348       
QSO:  3521 CW 2012-11-10 1846 OK1VD         599 FHK        RA3FD         599 092       
QSO:  3521 CW 2012-11-10 1847 OK1VD         599 FHK        US2IW         599 018       
QSO:  3521 CW 2012-11-10 1847 OK1VD         599 FHK        LY2J          599 197       
QSO:  3521 CW 2012-11-10 1848 OK1VD         599 FHK        RV3QO         599 119       
QSO:  3521 CW 2012-11-10 1848 OK1VD         599 FHK        RT3F          599 385       
QSO:  3521 CW 2012-11-10 1848 OK1VD         599 FHK        LZ2PS         599 162       
QSO:  3521 CW 2012-11-10 1850 OK1VD         599 FHK        RK3ER         599 249       
QSO:  3521 CW 2012-11-10 1850 OK1VD         599 FHK        RM5D          599 288       
QSO:  3521 CW 2012-11-10 1850 OK1VD         599 FHK        EW8EW         599 169       
QSO:  3521 CW 2012-11-10 1850 OK1VD         599 FHK        UA4PN         599 282       
QSO:  3521 CW 2012-11-10 1851 OK1VD         599 FHK        RG3F          599 263       
QSO:  3521 CW 2012-11-10 1851 OK1VD         599 FHK        UX3HA         599 157       
QSO:  3521 CW 2012-11-10 1852 OK1VD         599 FHK        RG5A          599 263       
QSO:  3521 CW 2012-11-10 1852 OK1VD         599 FHK        UA3MIF        599 200       
QSO:  3521 CW 2012-11-10 1852 OK1VD         599 FHK        LY3B          599 324       
QSO:  3521 CW 2012-11-10 1853 OK1VD         599 FHK        RU4SO         599 293       
QSO:  3521 CW 2012-11-10 1854 OK1VD         599 FHK        R8MC          599 190       
QSO:  3521 CW 2012-11-10 1854 OK1VD         599 FHK        RA6HSM        599 105       
QSO:  3521 CW 2012-11-10 1854 OK1VD         599 FHK        YO4DW         599 130       
QSO:  3521 CW 2012-11-10 1855 OK1VD         599 FHK        UA4ALI        599 253       
QSO:  3521 CW 2012-11-10 1855 OK1VD         599 FHK        F8AEE         599 138       
QSO:  3521 CW 2012-11-10 1856 OK1VD         599 FHK        LY2MM         599 069       
QSO:  3521 CW 2012-11-10 1856 OK1VD         599 FHK        UA4FCO        599 156       
QSO:  3521 CW 2012-11-10 1856 OK1VD         599 FHK        PA0MIR        599 027       
QSO:  3521 CW 2012-11-10 1856 OK1VD         599 FHK        SI5Y          599 131       
QSO:  3521 CW 2012-11-10 1857 OK1VD         599 FHK        UX3IX         599 012       
QSO:  3521 CW 2012-11-10 1857 OK1VD         599 FHK        RK9Q          599 083       
QSO:  3521 CW 2012-11-10 1858 OK1VD         599 FHK        US5ABI        599 008       
QSO:  3521 CW 2012-11-10 1858 OK1VD         599 FHK        RN6CH         599 037       
QSO:  3521 CW 2012-11-10 1858 OK1VD         599 FHK        YU1DW/P       599 074       
QSO:  3521 CW 2012-11-10 1859 OK1VD         599 FHK        RU3U          599 243       
QSO:  3521 CW 2012-11-10 1859 OK1VD         599 FHK        SP2DKI        599 046       
QSO:  3521 CW 2012-11-10 1859 OK1VD         599 FHK        UX4FC         599 091       
QSO:  3521 CW 2012-11-10 1900 OK1VD         599 FHK        RN3F          599 360       
QSO:  3521 CW 2012-11-10 1900 OK1VD         599 FHK        PA2A          599 015       
QSO:  3521 CW 2012-11-10 1901 OK1VD         599 FHK        IT9RZU        599 101       
QSO:  3521 CW 2012-11-10 1901 OK1VD         599 FHK        UP0L          599 409       
QSO:  3521 CW 2012-11-10 1902 OK1VD         599 FHK        YO8BPK        599 014       
QSO:  3521 CW 2012-11-10 1902 OK1VD         599 FHK        UR3LPM        599 072       
QSO:  3521 CW 2012-11-10 1903 OK1VD         599 FHK        OH2KM         599 039       
QSO:  3521 CW 2012-11-10 1903 OK1VD         599 FHK        LY2XW         599 216       
QSO:  3521 CW 2012-11-10 1903 OK1VD         599 FHK        EU6RO         599 053       
QSO:  3521 CW 2012-11-10 1903 OK1VD         599 FHK        RU3FB         599 063       
QSO:  3521 CW 2012-11-10 1905 OK1VD         599 FHK        YO8BDQ        599 022       
QSO:  3521 CW 2012-11-10 1905 OK1VD         599 FHK        SE6E          599 070       
QSO:  3521 CW 2012-11-10 1905 OK1VD         599 FHK        HA0LP         599 095       
QSO:  3521 CW 2012-11-10 1906 OK1VD         599 FHK        PA3ECJ        599 052       
QSO:  3521 CW 2012-11-10 1906 OK1VD         599 FHK        EU1AI         599 079       
QSO:  3521 CW 2012-11-10 1907 OK1VD         599 FHK        YO2GL         599 120       
QSO:  3521 CW 2012-11-10 1907 OK1VD         599 FHK        US7IM         599 058       
QSO:  3521 CW 2012-11-10 1908 OK1VD         599 FHK        DF4ZL         599 103       
QSO:  3521 CW 2012-11-10 1908 OK1VD         599 FHK        ON7GR         599 006       
QSO:  3521 CW 2012-11-10 1909 OK1VD         599 FHK        UA4CNJ        599 118       
QSO:  3521 CW 2012-11-10 1910 OK1VD         599 FHK        SP4GFG        599 057       
QSO:  3521 CW 2012-11-10 1911 OK1VD         599 FHK        RM3Z          599 175       
QSO:  3521 CW 2012-11-10 1912 OK1VD         599 FHK        RX3XP         599 011       
QSO:  3521 CW 2012-11-10 1913 OK1VD         599 FHK        G3MZV         599 125       
QSO:  3521 CW 2012-11-10 1913 OK1VD         599 FHK        SK7OA         599 177       
QSO:  3521 CW 2012-11-10 1914 OK1VD         599 FHK        PA2PKZ        599 014       
QSO:  3521 CW 2012-11-10 1914 OK1VD         599 FHK        UA3LID        599 230       
QSO:  3521 CW 2012-11-10 1915 OK1VD         599 FHK        4Z5TK         599 190       
QSO:  3521 CW 2012-11-10 1915 OK1VD         599 FHK        Z35F          599 095       
QSO:  3521 CW 2012-11-10 1916 OK1VD         599 FHK        UA2FL         599 153       
QSO:  3521 CW 2012-11-10 1916 OK1VD         599 FHK        ES5KJ         599 113       
QSO:  3521 CW 2012-11-10 1917 OK1VD         599 FHK        UA6LCJ        599 155       
QSO:  3521 CW 2012-11-10 1917 OK1VD         599 FHK        EW6GF         599 071       
QSO:  3521 CW 2012-11-10 1917 OK1VD         599 FHK        RD3QA         599 017       
QSO:  3521 CW 2012-11-10 1918 OK1VD         599 FHK        SP1AEN        599 195       
QSO:  3521 CW 2012-11-10 1919 OK1VD         599 FHK        I2WIJ         599 018       
QSO:  3521 CW 2012-11-10 1920 OK1VD         599 FHK        DL3KVR        599 121       
QSO:  3521 CW 2012-11-10 1920 OK1VD         599 FHK        UA4NBA        599 067       
QSO:  3521 CW 2012-11-10 1921 OK1VD         599 FHK        RA4WC         599 059       
QSO:  3521 CW 2012-11-10 1921 OK1VD         599 FHK        UU2CW         599 189       
QSO:  3521 CW 2012-11-10 1922 OK1VD         599 FHK        SP2QG         599 086       
QSO:  3521 CW 2012-11-10 1922 OK1VD         599 FHK        YO4SI         599 094       
QSO:  3521 CW 2012-11-10 1923 OK1VD         599 FHK        UT7HM         599 050       
QSO:  3521 CW 2012-11-10 1923 OK1VD         599 FHK        YL2TD         599 028       
QSO:  3521 CW 2012-11-10 1925 OK1VD         599 FHK        SP9GR         599 100       
QSO:  3521 CW 2012-11-10 1926 OK1VD         599 FHK        UA3AMZ        599 024       
QSO:  3521 CW 2012-11-10 1927 OK1VD         599 FHK        DL3KWR        599 025       
QSO:  3521 CW 2012-11-10 1928 OK1VD         599 FHK        IZ8JFL/1      599 030       
QSO:  3521 CW 2012-11-10 1929 OK1VD         599 FHK        RK9SWF        599 149       
QSO:  3521 CW 2012-11-10 1929 OK1VD         599 FHK        YL2CV         599 223       
QSO:  3521 CW 2012-11-10 1930 OK1VD         599 FHK        9A3SO         599 048       
QSO:  3521 CW 2012-11-10 1931 OK1VD         599 FHK        LZ7H          599 133       
QSO:  3521 CW 2012-11-10 1932 OK1VD         599 FHK        RA1TV         599 015       
QSO:  3521 CW 2012-11-10 1934 OK1VD         599 FHK        DL6KWN        599 005       
QSO:  3521 CW 2012-11-10 1934 OK1VD         599 FHK        UT8AQ         599 106       
QSO:  3521 CW 2012-11-10 1935 OK1VD         599 FHK        DL6YFG        599 023       
QSO:  3521 CW 2012-11-10 1936 OK1VD         599 FHK        HA6NW         599 107       
QSO:  3521 CW 2012-11-10 1936 OK1VD         599 FHK        LZ1GE         599 091       
QSO:  3521 CW 2012-11-10 1936 OK1VD         599 FHK        EA5YU         599 194       
QSO:  3521 CW 2012-11-10 1938 OK1VD         599 FHK        LY2RJ         599 042       
QSO:  3521 CW 2012-11-10 1939 OK1VD         599 FHK        LZ0M          599 036       
QSO:  3521 CW 2012-11-10 1940 OK1VD         599 FHK        US7WW         599 042       
QSO:  3521 CW 2012-11-10 1941 OK1VD         599 FHK        UT3WJ         599 064       
QSO:  3521 CW 2012-11-10 1942 OK1VD         599 FHK        R3PC          599 052       
QSO:  3521 CW 2012-11-10 1942 OK1VD         599 FHK        UR5EFL        599 056       
QSO:  3521 CW 2012-11-10 1943 OK1VD         599 FHK        SP2LNW        599 244       
QSO:  3521 CW 2012-11-10 1945 OK1VD         599 FHK        UA4SN         599 098       
QSO:  3521 CW 2012-11-10 1945 OK1VD         599 FHK        DL3FF         599 055       
QSO:  3521 CW 2012-11-10 1947 OK1VD         599 FHK        HA7JJS        599 093       
QSO:  3521 CW 2012-11-10 1948 OK1VD         599 FHK        UT8AS/QRP     599 109       
QSO:  3521 CW 2012-11-10 1949 OK1VD         599 FHK        F5IN          599 201       
QSO:  3521 CW 2012-11-10 1949 OK1VD         599 FHK        UW1WU         599 078       
QSO:  3521 CW 2012-11-10 1949 OK1VD         599 FHK        OR2A          599 080       
QSO:  3521 CW 2012-11-10 1950 OK1VD         599 FHK        RA3XCZ        599 163       
QSO:  3521 CW 2012-11-10 1952 OK1VD         599 FHK        DF60JFA       599 210       
QSO:  3523 CW 2012-11-10 1958 OK1VD         599 FHK        UR4CU         599 114       
QSO:  3523 CW 2012-11-10 1958 OK1VD         599 FHK        LZ3V          599 020       
QSO:  3523 CW 2012-11-10 1959 OK1VD         599 FHK        ON4KNP        599 039       
QSO:  3523 CW 2012-11-10 2000 OK1VD         599 FHK        F6FTB         599 096       
QSO:  3523 CW 2012-11-10 2000 OK1VD         599 FHK        LZ5R          599 197       
QSO:  3523 CW 2012-11-10 2001 OK1VD         599 FHK        PA0RHA        599 053       
QSO:  3523 CW 2012-11-10 2004 OK1VD         599 FHK        PA3ARM        599 024       
QSO:  1829 CW 2012-11-10 2007 OK1VD         599 FHK        YO5AJR        599 052       
QSO:  1829 CW 2012-11-10 2007 OK1VD         599 FHK        LY2BIM        599 071       
QSO:  1829 CW 2012-11-10 2008 OK1VD         599 FHK        LY7M          599 077       
QSO:  1829 CW 2012-11-10 2008 OK1VD         599 FHK        LZ5R          599 210       
QSO:  1829 CW 2012-11-10 2008 OK1VD         599 FHK        LY3B          599 396       
QSO:  1829 CW 2012-11-10 2008 OK1VD         599 FHK        UA2FL         599 186       
QSO:  1829 CW 2012-11-10 2009 OK1VD         599 FHK        UA4FCO        599 205       
QSO:  1829 CW 2012-11-10 2009 OK1VD         599 FHK        YO5DAS        599 036       
QSO:  1829 CW 2012-11-10 2009 OK1VD         599 FHK        RU6CS         599 153       
QSO:  1829 CW 2012-11-10 2010 OK1VD         599 FHK        UA3MIF        599 275       
QSO:  1829 CW 2012-11-10 2010 OK1VD         599 FHK        UX3HA         599 192       
QSO:  1829 CW 2012-11-10 2011 OK1VD         599 FHK        DL1FU         599 044       
QSO:  1829 CW 2012-11-10 2012 OK1VD         599 FHK        UU2CW         599 208       
QSO:  1829 CW 2012-11-10 2013 OK1VD         599 FHK        UP0L          599 463       
QSO:  1829 CW 2012-11-10 2013 OK1VD         599 FHK        LY2J          599 253       
QSO:  1829 CW 2012-11-10 2013 OK1VD         599 FHK        RT3F          599 438       
QSO:  1829 CW 2012-11-10 2014 OK1VD         599 FHK        S51DX         599 068       
QSO:  1829 CW 2012-11-10 2014 OK1VD         599 FHK        SP2LNW        599 270       
QSO:  1829 CW 2012-11-10 2015 OK1VD         599 FHK        OE6WIG        599 002       
QSO:  1829 CW 2012-11-10 2015 OK1VD         599 FHK        UT6ER         599 153       
QSO:  1829 CW 2012-11-10 2016 OK1VD         599 FHK        PA0MIR        599 073       
QSO:  1829 CW 2012-11-10 2016 OK1VD         599 FHK        UY0ZG         599 048       
QSO:  1829 CW 2012-11-10 2016 OK1VD         599 FHK        LY4BF         599 040       
QSO:  1829 CW 2012-11-10 2017 OK1VD         599 FHK        UW1WU         599 087       
QSO:  1829 CW 2012-11-10 2017 OK1VD         599 FHK        SP4GFG        599 070       
QSO:  1829 CW 2012-11-10 2017 OK1VD         599 FHK        RN3F          599 397       
QSO:  1829 CW 2012-11-10 2018 OK1VD         599 FHK        DL1DWR        599 035       
QSO:  1829 CW 2012-11-10 2018 OK1VD         599 FHK        DH5ABC        599 019       
QSO:  1829 CW 2012-11-10 2019 OK1VD         599 FHK        RX6LOL        599 012       
QSO:  1829 CW 2012-11-10 2019 OK1VD         599 FHK        UT4UFU        599 046       
QSO:  1829 CW 2012-11-10 2019 OK1VD         599 FHK        YL2ON         599 158       
QSO:  1829 CW 2012-11-10 2020 OK1VD         599 FHK        DL3ZZA        599 019       
QSO:  1829 CW 2012-11-10 2021 OK1VD         599 FHK        F5PLC         599 060       
QSO:  1829 CW 2012-11-10 2021 OK1VD         599 FHK        E72U          599 032       
QSO:  1829 CW 2012-11-10 2022 OK1VD         599 FHK        UT5XM         599 058       
QSO:  1829 CW 2012-11-10 2023 OK1VD         599 FHK        I1EIS         599 005       
QSO:  1829 CW 2012-11-10 2023 OK1VD         599 FHK        UX5NQ         599 045       
QSO:  1829 CW 2012-11-10 2023 OK1VD         599 FHK        F8AEE         599 171       
QSO:  1829 CW 2012-11-10 2024 OK1VD         599 FHK        UA4ALI        599 285       
QSO:  1829 CW 2012-11-10 2026 OK1VD         599 FHK        RA3NC         599 192       
QSO:  1829 CW 2012-11-10 2027 OK1VD         599 FHK        G3PLP         599 011       
QSO:  1829 CW 2012-11-10 2029 OK1VD         599 FHK        S512IAPMC     599 006       
QSO:  1829 CW 2012-11-10 2029 OK1VD         599 FHK        YO2CJX        599 147       
QSO:  1829 CW 2012-11-10 2030 OK1VD         599 FHK        UA4PN         599 327       
QSO:  1829 CW 2012-11-10 2032 OK1VD         599 FHK        RM5D          599 342       
QSO:  1829 CW 2012-11-10 2033 OK1VD         599 FHK        LY2XW         599 273       
QSO:  1829 CW 2012-11-10 2033 OK1VD         599 FHK        RT3T          599 406       
QSO:  1829 CW 2012-11-10 2034 OK1VD         599 FHK        DJ5MF         599 019       
QSO:  1829 CW 2012-11-10 2034 OK1VD         599 FHK        YL2CV         599 259       
QSO:  1829 CW 2012-11-10 2039 OK1VD         599 FHK        RK3ER         599 304       
QSO:  1829 CW 2012-11-10 2040 OK1VD         599 FHK        DL3KWF        599 102       
QSO:  1829 CW 2012-11-10 2041 OK1VD         599 FHK        DL0JBB        599 026       
QSO:  1829 CW 2012-11-10 2045 OK1VD         599 FHK        UT5CY         599 091       
QSO:  1829 CW 2012-11-10 2045 OK1VD         599 FHK        UA3LID        599 284       
QSO:  1829 CW 2012-11-10 2047 OK1VD         599 FHK        DF60JFA       599 240       
QSO:  1829 CW 2012-11-10 2049 OK1VD         599 FHK        SM6FKF        599 152       
QSO:  1829 CW 2012-11-10 2052 OK1VD         599 FHK        YU1DW/P       599 125       
QSO:  3519 CW 2012-11-10 2055 OK1VD         599 FHK        VK6HD         599 002       
QSO:  3519 CW 2012-11-10 2055 OK1VD         599 FHK        UA3QAM        599 187       
QSO:  3519 CW 2012-11-10 2056 OK1VD         599 FHK        HA8IB         599 041       
QSO:  3519 CW 2012-11-10 2056 OK1VD         599 FHK        LZ1ONK        599 102       
QSO:  3519 CW 2012-11-10 2057 OK1VD         599 FHK        F5VHY         599 024       
QSO:  3519 CW 2012-11-10 2058 OK1VD         599 FHK        VA2GU         599 075       
QSO:  3519 CW 2012-11-10 2058 OK1VD         599 FHK        OH1HS         599 009       
QSO:  3519 CW 2012-11-10 2059 OK1VD         599 FHK        LY3CY         599 097       
QSO:  3519 CW 2012-11-10 2100 OK1VD         599 FHK        PA8KW         599 002       
QSO:  3519 CW 2012-11-10 2100 OK1VD         599 FHK        S57DX         599 133       
QSO:  3519 CW 2012-11-10 2101 OK1VD         599 FHK        G3KKP         599 052       
QSO:  3519 CW 2012-11-10 2102 OK1VD         599 FHK        SV1MO         599 004       
QSO:  3519 CW 2012-11-10 2102 OK1VD         599 FHK        UA5C          599 190       
QSO:  3519 CW 2012-11-10 2103 OK1VD         599 FHK        9A20HRS       599 045       
QSO:  3519 CW 2012-11-10 2104 OK1VD         599 FHK        YL2TB         599 130       
QSO:  3519 CW 2012-11-10 2105 OK1VD         599 FHK        S52AW         599 057       
QSO:  3519 CW 2012-11-10 2105 OK1VD         599 FHK        S53V          599 026       
QSO:  3519 CW 2012-11-10 2105 OK1VD         599 FHK        LY4K          599 112       
QSO:  3519 CW 2012-11-10 2107 OK1VD         599 FHK        SP6BXM        599 071       
QSO:  3519 CW 2012-11-10 2107 OK1VD         599 FHK        UT7MD         599 032       
QSO:  3519 CW 2012-11-10 2108 OK1VD         599 FHK        LZ4RR         599 298       
QSO:  3519 CW 2012-11-10 2108 OK1VD         599 FHK        PG2AA         599 036       
QSO:  3519 CW 2012-11-10 2109 OK1VD         599 FHK        UA3AKI        599 108       
QSO:  3519 CW 2012-11-10 2111 OK1VD         599 FHK        UN0BB         599 097       
QSO:  3519 CW 2012-11-10 2112 OK1VD         599 FHK        UZ4L          599 013       
QSO:  3519 CW 2012-11-10 2113 OK1VD         599 FHK        HA3GO         599 015       
QSO:  3519 CW 2012-11-10 2114 OK1VD         599 FHK        UU2J          599 183       
QSO:  3519 CW 2012-11-10 2114 OK1VD         599 FHK        UA4PAQ        599 133       
QSO:  3520 CW 2012-11-10 2115 OK1VD         599 FHK        YU1HFG        599 063       
QSO:  3519 CW 2012-11-10 2116 OK1VD         599 FHK        R3EA          599 115       
QSO:  3519 CW 2012-11-10 2117 OK1VD         599 FHK        PA2REH        599 072       
QSO:  3519 CW 2012-11-10 2117 OK1VD         599 FHK        ES7GN         599 008       
QSO:  3519 CW 2012-11-10 2118 OK1VD         599 FHK        DK3WN         599 121       
QSO:  3519 CW 2012-11-10 2118 OK1VD         599 FHK        DL1JDT        599 108       
QSO:  3519 CW 2012-11-10 2120 OK1VD         599 FHK        ON3ND         599 159       
QSO:  3519 CW 2012-11-10 2121 OK1VD         599 FHK        RZ3DCK        599 001       
QSO:  3519 CW 2012-11-10 2121 OK1VD         599 FHK        SP9MZH        599 092       
QSO:  3519 CW 2012-11-10 2122 OK1VD         599 FHK        EU1DZ         599 012       
QSO:  3519 CW 2012-11-10 2123 OK1VD         599 FHK        OU2I          599 185       
QSO:  3519 CW 2012-11-10 2124 OK1VD         599 FHK        UA8WAA        599 036       
QSO:  3519 CW 2012-11-10 2125 OK1VD         599 FHK        PA5WT         599 029       
QSO:  3519 CW 2012-11-10 2127 OK1VD         599 FHK        DL5YL         599 045       
QSO:  3519 CW 2012-11-10 2127 OK1VD         599 FHK        HB9CGL        599 006       
QSO:  3519 CW 2012-11-10 2128 OK1VD         599 FHK        DL2ZBO        599 029       
QSO:  3519 CW 2012-11-10 2128 OK1VD         599 FHK        DL7VHP        599 010       
QSO:  3519 CW 2012-11-10 2129 OK1VD         599 FHK        DL1DQW        599 183       
QSO:  3519 CW 2012-11-10 2130 OK1VD         599 FHK        SP6LV         599 079       
QSO:  3519 CW 2012-11-10 2131 OK1VD         599 FHK        DL1CW         599 154       
QSO:  3519 CW 2012-11-10 2132 OK1VD         599 FHK        PA2W          599 086       
QSO:  3519 CW 2012-11-10 2133 OK1VD         599 FHK        K1GQ          599 221       
QSO:  3519 CW 2012-11-10 2133 OK1VD         599 FHK        W1MK          599 002       
QSO:  3519 CW 2012-11-10 2134 OK1VD         599 FHK        UW3L          599 007       
QSO:  3519 CW 2012-11-10 2134 OK1VD         599 FHK        HA5T          599 097       
QSO:  3519 CW 2012-11-10 2148 OK1VD         599 FHK        IK3OII/QRP    599 079       
QSO:  3519 CW 2012-11-10 2148 OK1VD         599 FHK        SD6M          599 024       
QSO:  3519 CW 2012-11-10 2150 OK1VD         599 FHK        SP5BMU        599 030       
QSO:  3519 CW 2012-11-10 2150 OK1VD         599 FHK        VE3DX         599 089       
QSO:  3519 CW 2012-11-10 2152 OK1VD         599 FHK        SE6N          599 087       
QSO:  3519 CW 2012-11-10 2154 OK1VD         599 FHK        DF8AA         599 085       
QSO:  1829 CW 2012-11-10 2202 OK1VD         599 FHK        DL8QS         599 067       
QSO:  1829 CW 2012-11-10 2204 OK1VD         599 FHK        UT8AS/QRP     599 143       
QSO:  1829 CW 2012-11-10 2204 OK1VD         599 FHK        SP2DNI        599 034       
QSO:  1829 CW 2012-11-10 2205 OK1VD         599 FHK        YO2GL         599 162       
QSO:  1829 CW 2012-11-10 2206 OK1VD         599 FHK        DL3KVR        599 214       
QSO:  1829 CW 2012-11-10 2206 OK1VD         599 FHK        F6AUS         599 074       
QSO:  1829 CW 2012-11-10 2208 OK1VD         599 FHK        K1ZM          599 001       
QSO:  1829 CW 2012-11-10 2208 OK1VD         599 FHK        HA7LW         599 033       
QSO:  1829 CW 2012-11-10 2209 OK1VD         599 FHK        SP9GR         599 158       
QSO:  1829 CW 2012-11-10 2209 OK1VD         599 FHK        UA9CDC        599 006       
QSO:  1829 CW 2012-11-10 2210 OK1VD         599 FHK        DL1AWM        599 006       
QSO:  1829 CW 2012-11-10 2211 OK1VD         599 FHK        IT9RZU        599 146       
QSO:  1829 CW 2012-11-10 2212 OK1VD         599 FHK        VE1ZZ         599 010       
QSO:  1829 CW 2012-11-10 2213 OK1VD         599 FHK        YO9AGI        599 011       
QSO:  1829 CW 2012-11-10 2214 OK1VD         599 FHK        PA2W          599 091       
QSO:  1829 CW 2012-11-10 2215 OK1VD         599 FHK        DL2MDZ        599 008       
QSO:  1829 CW 2012-11-10 2216 OK1VD         599 FHK        LA6DG         599 005       
QSO:  1829 CW 2012-11-10 2217 OK1VD         599 FHK        RG5A          599 356       
QSO:  1829 CW 2012-11-10 2217 OK1VD         599 FHK        SM5CZQ        599 156       
QSO:  7017 CW 2012-11-10 2226 OK1VD         599 FHK        LZ5R          599 307       
QSO:  7017 CW 2012-11-10 2227 OK1VD         599 FHK        KG4W          599 023       
QSO:  7017 CW 2012-11-10 2227 OK1VD         599 FHK        KF3B          599 040       
QSO:  7017 CW 2012-11-10 2228 OK1VD         599 FHK        W4JKC         599 004       
QSO:  7017 CW 2012-11-10 2229 OK1VD         599 FHK        K4MF          599 066       
QSO:  7017 CW 2012-11-10 2229 OK1VD         599 FHK        K1GQ          599 239       
QSO:  7017 CW 2012-11-10 2229 OK1VD         599 FHK        VA3ATT        599 036       
QSO:  7017 CW 2012-11-10 2230 OK1VD         599 FHK        K1BV          599 148       
QSO:  7017 CW 2012-11-10 2230 OK1VD         599 FHK        R8US          599 034       
QSO:  7017 CW 2012-11-10 2230 OK1VD         599 FHK        K8MFO         599 158       
QSO:  7017 CW 2012-11-10 2231 OK1VD         599 FHK        W5GN          599 203       
QSO:  7017 CW 2012-11-10 2232 OK1VD         599 FHK        UA9WOB        599 046       
QSO:  7017 CW 2012-11-10 2232 OK1VD         599 FHK        KM4NS         599 024       
QSO:  7017 CW 2012-11-10 2233 OK1VD         599 FHK        RA9CCK        599 090       
QSO:  7017 CW 2012-11-10 2233 OK1VD         599 FHK        UA9OQM        599 045       
QSO:  7017 CW 2012-11-10 2234 OK1VD         599 FHK        N4NO          599 153       
QSO:  7017 CW 2012-11-10 2235 OK1VD         599 FHK        N3QE          599 145       
QSO:  7017 CW 2012-11-10 2236 OK1VD         599 FHK        K3WI          599 103       
QSO:  7017 CW 2012-11-10 2237 OK1VD         599 FHK        KB1EFS        599 005       
QSO:  7017 CW 2012-11-10 2238 OK1VD         599 FHK        KI1U          599 110       
QSO:  7017 CW 2012-11-10 2238 OK1VD         599 FHK        KE1J          599 007       
QSO:  7017 CW 2012-11-10 2240 OK1VD         599 FHK        RA4UVK        599 065       
QSO:  7017 CW 2012-11-10 2241 OK1VD         599 FHK        DF60JFA       599 306       
QSO:  7017 CW 2012-11-10 2241 OK1VD         599 FHK        UA3RA         599 074       
QSO:  7017 CW 2012-11-10 2242 OK1VD         599 FHK        N4PN          599 198       
QSO:  7017 CW 2012-11-10 2245 OK1VD         599 FHK        FM5CD         599 056       
QSO:  7017 CW 2012-11-10 2245 OK1VD         599 FHK        US3IZ         599 016       
QSO:  7017 CW 2012-11-10 2246 OK1VD         599 FHK        AE1N          599 006       
QSO:  7017 CW 2012-11-10 2247 OK1VD         599 FHK        NB1N          599 180       
QSO:  7017 CW 2012-11-10 2247 OK1VD         599 FHK        VE3QBH        599 010       
QSO:  7017 CW 2012-11-10 2249 OK1VD         599 FHK        RW9C          599 177       
QSO:  7017 CW 2012-11-10 2249 OK1VD         599 FHK        DF4PD         599 001       
QSO:  7017 CW 2012-11-10 2250 OK1VD         599 FHK        AC5K          599 069       
QSO:  7017 CW 2012-11-10 2251 OK1VD         599 FHK        K1AR          599 048       
QSO:  7017 CW 2012-11-10 2252 OK1VD         599 FHK        KA3BMU        599 034       
QSO:  7017 CW 2012-11-10 2252 OK1VD         599 FHK        K9QVB         599 106       
QSO:  7017 CW 2012-11-10 2253 OK1VD         599 FHK        W4NA          599 011       
QSO:  7017 CW 2012-11-10 2254 OK1VD         599 FHK        K3LU          599 131       
QSO:  7017 CW 2012-11-10 2255 OK1VD         599 FHK        KO1U          599 233       
QSO:  7017 CW 2012-11-10 2256 OK1VD         599 FHK        WA1LWS        599 046       
QSO:  7017 CW 2012-11-10 2257 OK1VD         599 FHK        N2CG          599 015       
QSO:  7017 CW 2012-11-10 2258 OK1VD         599 FHK        VE1ZA         599 242       
QSO:  7017 CW 2012-11-10 2300 OK1VD         599 FHK        VE1RGB        599 128       
QSO:  7018 CW 2012-11-10 2312 OK1VD         599 FHK        AA3B          599 126       
QSO:  7018 CW 2012-11-10 2312 OK1VD         599 FHK        UA5C          599 276       
QSO:  7018 CW 2012-11-10 2312 OK1VD         599 FHK        RA9MX         599 055       
QSO:  7018 CW 2012-11-10 2313 OK1VD         599 FHK        N3KR          599 067       
QSO:  7018 CW 2012-11-10 2314 OK1VD         599 FHK        NW9S          599 014       
QSO:  7018 CW 2012-11-10 2316 OK1VD         599 FHK        W2SA          599 023       
QSO:  7018 CW 2012-11-10 2316 OK1VD         599 FHK        RA9SO         599 118       
QSO:  7018 CW 2012-11-10 2317 OK1VD         599 FHK        RW4HFH        599 057       
QSO:  7018 CW 2012-11-10 2318 OK1VD         599 FHK        EA5YU         599 260       
QSO:  7018 CW 2012-11-10 2321 OK1VD         599 FHK        NA1CC         599 037       
QSO:  7018 CW 2012-11-10 2322 OK1VD         599 FHK        W1OX          599 031       
QSO:  7018 CW 2012-11-10 2323 OK1VD         599 FHK        W9HM          599 003       
QSO:  7018 CW 2012-11-10 2323 OK1VD         599 FHK        K4BAI         599 076       
QSO:  7018 CW 2012-11-10 2324 OK1VD         599 FHK        WA1Z          599 044       
QSO:  7018 CW 2012-11-10 2327 OK1VD         599 FHK        G3RKJ         599 001       
QSO:  7018 CW 2012-11-10 2328 OK1VD         599 FHK        KA3NZR        599 048       
QSO:  7018 CW 2012-11-10 2330 OK1VD         599 FHK        KU8E          599 003       
QSO:  7018 CW 2012-11-10 2332 OK1VD         599 FHK        EX8BN         599 010       
QSO:  3528 CW 2012-11-10 2339 OK1VD         599 FHK        LZ40YE        599 108       
QSO:  3528 CW 2012-11-10 2339 OK1VD         599 FHK        VE1OP         599 019       
QSO:  3528 CW 2012-11-10 2340 OK1VD         599 FHK        DJ5QV         599 063       
QSO:  3528 CW 2012-11-10 2340 OK1VD         599 FHK        DL5JQ         599 163       
QSO:  3528 CW 2012-11-10 2342 OK1VD         599 FHK        K3LU          599 141       
QSO:  3528 CW 2012-11-10 2343 OK1VD         599 FHK        RA9MX         599 065       
QSO:  3528 CW 2012-11-10 2343 OK1VD         599 FHK        UA3RA         599 096       
QSO:  3528 CW 2012-11-10 2344 OK1VD         599 FHK        YU7BL         599 094       
QSO:  3528 CW 2012-11-10 2344 OK1VD         599 FHK        R8MD          599 106       
QSO:  3528 CW 2012-11-10 2346 OK1VD         599 FHK        FM5CD         599 083       
QSO:  3528 CW 2012-11-10 2346 OK1VD         599 FHK        NB1N          599 187       
QSO:  3528 CW 2012-11-10 2347 OK1VD         599 FHK        YO9AGI        599 032       
QSO:  3528 CW 2012-11-10 2347 OK1VD         599 FHK        RA9CCK        599 104       
QSO:  3528 CW 2012-11-10 2347 OK1VD         599 FHK        YU1ED         599 124       
QSO:  3528 CW 2012-11-10 2349 OK1VD         599 FHK        LY2TS         599 093       
QSO:  3528 CW 2012-11-10 2350 OK1VD         599 FHK        CS5NRA        599 095       
QSO:  3528 CW 2012-11-10 2350 OK1VD         599 FHK        SP2MKT        599 142       
QSO:  3528 CW 2012-11-10 2352 OK1VD         599 FHK        N3QE          599 156       
QSO:  3528 CW 2012-11-10 2352 OK1VD         599 FHK        RT9A          599 223       
QSO:  3528 CW 2012-11-10 2353 OK1VD         599 FHK        YL3FW         599 096       
QSO:  3528 CW 2012-11-10 2353 OK1VD         599 FHK        UY5ZI         599 144       
QSO:  3528 CW 2012-11-10 2354 OK1VD         599 FHK        SP2DNI        599 108       
QSO:  3528 CW 2012-11-10 2356 OK1VD         599 FHK        HA2MN         599 042       
QSO:  3528 CW 2012-11-11 0000 OK1VD         599 FHK        9A3ND         599 032       
QSO:  3528 CW 2012-11-11 0001 OK1VD         599 FHK        OH3GGQ        599 130       
QSO:  3528 CW 2012-11-11 0002 OK1VD         599 FHK        RZ9CJ         599 022       
QSO:  3528 CW 2012-11-11 0003 OK1VD         599 FHK        UT5W          599 056       
QSO:  3528 CW 2012-11-11 0005 OK1VD         599 FHK        DL3RAD        599 017       
QSO:  3528 CW 2012-11-11 0006 OK1VD         599 FHK        UR4IZ         599 047       
QSO:  3528 CW 2012-11-11 0007 OK1VD         599 FHK        UR5LJD        599 014       
QSO:  3528 CW 2012-11-11 0010 OK1VD         599 FHK        DF4PD         599 041       
QSO:  3528 CW 2012-11-11 0012 OK1VD         599 FHK        RU6AN         599 045       
QSO:  3528 CW 2012-11-11 0014 OK1VD         599 FHK        UY2ZZ         599 055       
QSO:  3528 CW 2012-11-11 0016 OK1VD         599 FHK        DL5JAB        599 073       
QSO:  3528 CW 2012-11-11 0016 OK1VD         599 FHK        VE1RGB        599 146       
QSO:  3528 CW 2012-11-11 0019 OK1VD         599 FHK        N3GD          599 073       
QSO:  3528 CW 2012-11-11 0020 OK1VD         599 FHK        DM3F          599 070       
QSO:  3528 CW 2012-11-11 0022 OK1VD         599 FHK        N4PN          599 219       
QSO:  3528 CW 2012-11-11 0023 OK1VD         599 FHK        K2CYE         599 098       
QSO:  3528 CW 2012-11-11 0024 OK1VD         599 FHK        N3IQ          599 040       
QSO:  3528 CW 2012-11-11 0028 OK1VD         599 FHK        EA5DD         599 035       
QSO:  3528 CW 2012-11-11 0029 OK1VD         599 FHK        RA3NC         599 217       
QSO:  3528 CW 2012-11-11 0029 OK1VD         599 FHK        US3IZ         599 056       
QSO:  3528 CW 2012-11-11 0030 OK1VD         599 FHK        AB1QP         599 002       
QSO:  3528 CW 2012-11-11 0030 OK1VD         599 FHK        I3VJW         599 034       
QSO:  3528 CW 2012-11-11 0032 OK1VD         599 FHK        US7IA         599 189       
QSO:  1833 CW 2012-11-11 0059 OK1VD         599 FHK        UA5C          599 351       
QSO:  1835 CW 2012-11-11 0103 OK1VD         599 FHK        I3VJW         599 042       
QSO:  1835 CW 2012-11-11 0106 OK1VD         599 FHK        RK4HYT        599 077       
QSO:  1835 CW 2012-11-11 0107 OK1VD         599 FHK        RT9A          599 249       
QSO:  1835 CW 2012-11-11 0108 OK1VD         599 FHK        G3MZV         599 207       
QSO:  1835 CW 2012-11-11 0109 OK1VD         599 FHK        DL7CB         599 052       
QSO:  1835 CW 2012-11-11 0110 OK1VD         599 FHK        US1UU         599 010       
QSO:  1835 CW 2012-11-11 0111 OK1VD         599 FHK        US3IZ         599 064       
QSO:  1835 CW 2012-11-11 0112 OK1VD         599 FHK        PA0SKP        599 023       
QSO:  3530 CW 2012-11-11 0122 OK1VD         599 FHK        W1KM          599 003       
QSO:  3530 CW 2012-11-11 0123 OK1VD         599 FHK        DG7EE         599 161       
QSO:  3530 CW 2012-11-11 0124 OK1VD         599 FHK        EI5KF         599 171       
QSO:  3530 CW 2012-11-11 0125 OK1VD         599 FHK        RT9S          599 127       
QSO:  3530 CW 2012-11-11 0126 OK1VD         599 FHK        RK9QWM        599 089       
QSO:  3530 CW 2012-11-11 0126 OK1VD         599 FHK        VE1ZA         599 264       
QSO:  3530 CW 2012-11-11 0127 OK1VD         599 FHK        YO5OHY        599 081       
QSO:  3530 CW 2012-11-11 0127 OK1VD         599 FHK        K3ZO          599 191       
QSO:  3530 CW 2012-11-11 0129 OK1VD         599 FHK        RA9SO         599 133       
QSO:  7018 CW 2012-11-11 0135 OK1VD         599 FHK        K3KU          599 002       
QSO:  7018 CW 2012-11-11 0136 OK1VD         599 FHK        R0QA          599 004       
QSO:  7018 CW 2012-11-11 0138 OK1VD         599 FHK        WA4WKL        599 007       
QSO:  7018 CW 2012-11-11 0138 OK1VD         599 FHK        N4TZ          599 002       
QSO:  7018 CW 2012-11-11 0139 OK1VD         599 FHK        NA4K          599 043       
QSO:  7018 CW 2012-11-11 0140 OK1VD         599 FHK        K5KLA         599 078       
QSO:  7018 CW 2012-11-11 0140 OK1VD         599 FHK        RU6CS         599 165       
QSO:  7018 CW 2012-11-11 0140 OK1VD         599 FHK        K4DJ          599 113       
QSO:  7018 CW 2012-11-11 0143 OK1VD         599 FHK        VE9ML         599 316       
QSO:  7018 CW 2012-11-11 0147 OK1VD         599 FHK        UA3QAM        599 254       
QSO:  7018 CW 2012-11-11 0148 OK1VD         599 FHK        N2MM          599 015       
QSO:  7018 CW 2012-11-11 0149 OK1VD         599 FHK        RT9S          599 144       
QSO:  7018 CW 2012-11-11 0153 OK1VD         599 FHK        UA3UAT        599 047       
QSO:  7018 CW 2012-11-11 0154 OK1VD         599 FHK        RZ9OF         599 019       
QSO:  7018 CW 2012-11-11 0154 OK1VD         599 FHK        K1ZZI         599 120       
QSO:  7018 CW 2012-11-11 0158 OK1VD         599 FHK        RV9YK         599 034       
QSO:  7018 CW 2012-11-11 0200 OK1VD         599 FHK        RK9QWM        599 105       
QSO:  7018 CW 2012-11-11 0202 OK1VD         599 FHK        N3GD          599 084       
QSO:  7018 CW 2012-11-11 0202 OK1VD         599 FHK        GM4WZG        599 147       
QSO:  7018 CW 2012-11-11 0204 OK1VD         599 FHK        RW0AJ         599 050       
QSO:  7018 CW 2012-11-11 0206 OK1VD         599 FHK        RA9XU         599 105       
QSO:  7018 CW 2012-11-11 0208 OK1VD         599 FHK        UI8CM         599 020       
QSO:  7018 CW 2012-11-11 0208 OK1VD         599 FHK        AJ2Y          599 017       
QSO:  7018 CW 2012-11-11 0209 OK1VD         599 FHK        K3IPK         599 166       
QSO:  7018 CW 2012-11-11 0210 OK1VD         599 FHK        K2SX          599 085       
QSO:  7018 CW 2012-11-11 0211 OK1VD         599 FHK        W2RU          599 030       
QSO:  7018 CW 2012-11-11 0213 OK1VD         599 FHK        KZ8Y          599 003       
QSO:  7018 CW 2012-11-11 0214 OK1VD         599 FHK        UY7IS         599 051       
QSO:  7018 CW 2012-11-11 0221 OK1VD         599 FHK        N5JB          599 008       
QSO:  7018 CW 2012-11-11 0223 OK1VD         599 FHK        VE9OA         599 029       
QSO:  7018 CW 2012-11-11 0224 OK1VD         599 FHK        RG8U          599 006       
QSO:  7018 CW 2012-11-11 0227 OK1VD         599 FHK        OE3KAB        599 141       
QSO:  1822 CW 2012-11-11 0233 OK1VD         599 FHK        SM6DLY        599 020       
QSO:  1822 CW 2012-11-11 0234 OK1VD         599 FHK        SE6Y          599 221       
QSO:  3531 CW 2012-11-11 0242 OK1VD         599 FHK        RA6AN         599 025       
QSO:  3531 CW 2012-11-11 0243 OK1VD         599 FHK        SP7BCA        599 090       
QSO:  3531 CW 2012-11-11 0243 OK1VD         599 FHK        RW3ZA         599 007       
QSO:  3531 CW 2012-11-11 0246 OK1VD         599 FHK        KS1J          599 006       
QSO:  3531 CW 2012-11-11 0247 OK1VD         599 FHK        YU7D          599 085       
QSO:  3531 CW 2012-11-11 0248 OK1VD         599 FHK        K1ZZI         599 130       
QSO:  3531 CW 2012-11-11 0249 OK1VD         599 FHK        RZ6FA         599 099       
QSO:  3531 CW 2012-11-11 0250 OK1VD         599 FHK        OE3KAB        599 153       
QSO:  3531 CW 2012-11-11 0250 OK1VD         599 FHK        SN7F          599 077       
QSO:  3531 CW 2012-11-11 0250 OK1VD         599 FHK        SE6Y          599 225       
QSO:  3531 CW 2012-11-11 0251 OK1VD         599 FHK        LZ4UU         599 031       
QSO:  3531 CW 2012-11-11 0252 OK1VD         599 FHK        K4BAI         599 102       
QSO:  3531 CW 2012-11-11 0252 OK1VD         599 FHK        RD3PX         599 046       
QSO:  3531 CW 2012-11-11 0253 OK1VD         599 FHK        W1OX          599 077       
QSO:  3531 CW 2012-11-11 0255 OK1VD         599 FHK        KB1EFS        599 032       
QSO:  3531 CW 2012-11-11 0255 OK1VD         599 FHK        UT5CY         599 165       
QSO:  3531 CW 2012-11-11 0258 OK1VD         599 FHK        SP8KEA        599 003       
QSO:  3531 CW 2012-11-11 0300 OK1VD         599 FHK        R3OM          599 149       
QSO:  3531 CW 2012-11-11 0300 OK1VD         599 FHK        K2SX          599 109       
QSO:  3531 CW 2012-11-11 0301 OK1VD         599 FHK        N3RR          599 003       
QSO:  3531 CW 2012-11-11 0305 OK1VD         599 FHK        SN5J          599 098       
QSO:  7019 CW 2012-11-11 0310 OK1VD         599 FHK        K0RF          599 020       
QSO:  7019 CW 2012-11-11 0310 OK1VD         599 FHK        W4II          599 004       
QSO:  7019 CW 2012-11-11 0313 OK1VD         599 FHK        VE3OU         599 009       
QSO:  7019 CW 2012-11-11 0313 OK1VD         599 FHK        W5AK          599 007       
QSO:  7019 CW 2012-11-11 0314 OK1VD         599 FHK        RC9JWR        599 114       
QSO:  7019 CW 2012-11-11 0314 OK1VD         599 FHK        K3ZO          599 207       
QSO:  7019 CW 2012-11-11 0315 OK1VD         599 FHK        K3TX          599 003       
QSO:  7019 CW 2012-11-11 0316 OK1VD         599 FHK        UN7FW         599 047       
QSO:  7019 CW 2012-11-11 0317 OK1VD         599 FHK        VE3OM         599 050       
QSO:  7019 CW 2012-11-11 0318 OK1VD         599 FHK        W9RE          599 074       
QSO:  7019 CW 2012-11-11 0318 OK1VD         599 FHK        UP5P          599 075       
QSO:  7019 CW 2012-11-11 0319 OK1VD         599 FHK        UA0AAS        599 005       
QSO:  7019 CW 2012-11-11 0321 OK1VD         599 FHK        K0ZR          599 094       
QSO:  7019 CW 2012-11-11 0322 OK1VD         599 FHK        UR8IW         599 025       
QSO:  7019 CW 2012-11-11 0328 OK1VD         599 FHK        RC9YA         599 002       
QSO:  7019 CW 2012-11-11 0328 OK1VD         599 FHK        RA3VE         599 046       
QSO:  7019 CW 2012-11-11 0329 OK1VD         599 FHK        RN4HAB        599 149       
QSO:  7019 CW 2012-11-11 0330 OK1VD         599 FHK        N3RR          599 025       
QSO:  7019 CW 2012-11-11 0331 OK1VD         599 FHK        WA2C          599 032       
QSO:  7019 CW 2012-11-11 0331 OK1VD         599 FHK        RZ9CJ         599 069       
QSO:  7019 CW 2012-11-11 0333 OK1VD         599 FHK        R8XF          599 145       
QSO:  7019 CW 2012-11-11 0333 OK1VD         599 FHK        UR5MD         599 033       
QSO:  7019 CW 2012-11-11 0334 OK1VD         599 FHK        RU6HL         599 004       
QSO:  7019 CW 2012-11-11 0335 OK1VD         599 FHK        RV4CT         599 025       
QSO:  7019 CW 2012-11-11 0336 OK1VD         599 FHK        AA8TK         599 006       
QSO:  7019 CW 2012-11-11 0337 OK1VD         599 FHK        KA8G          599 011       
QSO:  7019 CW 2012-11-11 0340 OK1VD         599 FHK        U5EX/QRP      599 008       
QSO:  7019 CW 2012-11-11 0344 OK1VD         599 FHK        UY5ZI         599 159       
QSO:  7019 CW 2012-11-11 0345 OK1VD         599 FHK        N3RS          599 010       
QSO:  7019 CW 2012-11-11 0345 OK1VD         599 FHK        N9CK          599 085       
QSO:  7019 CW 2012-11-11 0348 OK1VD         599 FHK        ND2K          599 011       
QSO:  7019 CW 2012-11-11 0351 OK1VD         599 FHK        N1AM          599 128       
QSO:  3531 CW 2012-11-11 0356 OK1VD         599 FHK        UA9AU         599 017       
QSO:  3531 CW 2012-11-11 0356 OK1VD         599 FHK        VA2WDQ        599 009       
QSO:  3531 CW 2012-11-11 0357 OK1VD         599 FHK        RA1QD         599 015       
QSO:  3531 CW 2012-11-11 0358 OK1VD         599 FHK        W1UJ          599 033       
QSO:  3531 CW 2012-11-11 0359 OK1VD         599 FHK        YU1FG         599 030       
QSO:  3531 CW 2012-11-11 0400 OK1VD         599 FHK        DL2DRM        599 077       
QSO:  3531 CW 2012-11-11 0402 OK1VD         599 FHK        HA2RR         599 065       
QSO:  3531 CW 2012-11-11 0403 OK1VD         599 FHK        R3QN          599 048       
QSO:  3531 CW 2012-11-11 0405 OK1VD         599 FHK        N3RS          599 035       
QSO:  3531 CW 2012-11-11 0408 OK1VD         599 FHK        DK7UU         599 003       
QSO:  3531 CW 2012-11-11 0410 OK1VD         599 FHK        UR4LIN        599 094       
QSO:  7022 CW 2012-11-11 0422 OK1VD         599 FHK        RK0AB         599 007       
QSO:  7022 CW 2012-11-11 0424 OK1VD         599 FHK        UX8IX         599 053       
QSO:  7022 CW 2012-11-11 0424 OK1VD         599 FHK        KD8IGK        599 004       
QSO:  7022 CW 2012-11-11 0426 OK1VD         599 FHK        YO4BEW        599 007       
QSO:  7022 CW 2012-11-11 0428 OK1VD         599 FHK        R3PC          599 106       
QSO:  7022 CW 2012-11-11 0428 OK1VD         599 FHK        UA3XAG        599 146       
QSO:  7022 CW 2012-11-11 0429 OK1VD         599 FHK        KE2D          599 018       
QSO:  7022 CW 2012-11-11 0430 OK1VD         599 FHK        RU4SW         599 031       
QSO:  7022 CW 2012-11-11 0432 OK1VD         599 FHK        UA7G          599 135       
QSO:  7022 CW 2012-11-11 0433 OK1VD         599 FHK        UA3PP         599 033       
QSO:  7022 CW 2012-11-11 0435 OK1VD         599 FHK        DD5M          599 137       
QSO:  7022 CW 2012-11-11 0437 OK1VD         599 FHK        UA9AU         599 040       
QSO:  7022 CW 2012-11-11 0438 OK1VD         599 FHK        WD4ELG        599 004       
QSO:  7022 CW 2012-11-11 0440 OK1VD         599 FHK        UT5CY         599 198       
QSO:  7022 CW 2012-11-11 0441 OK1VD         599 FHK        RK9CYA        599 005       
QSO:  7022 CW 2012-11-11 0441 OK1VD         599 FHK        RA1QD         599 038       
QSO:  3532 CW 2012-11-11 0449 OK1VD         599 FHK        RV4CT         599 076       
QSO:  3532 CW 2012-11-11 0452 OK1VD         599 FHK        HB9AII        599 049       
QSO:  3532 CW 2012-11-11 0453 OK1VD         599 FHK        UY2RZ         599 020       
QSO:  3532 CW 2012-11-11 0456 OK1VD         599 FHK        YO8DOH        599 039       
QSO: 14009 CW 2012-11-11 0504 OK1VD         599 FHK        RA4WC         599 118       
QSO: 14009 CW 2012-11-11 0505 OK1VD         599 FHK        RK9CYA        599 021       
QSO: 14009 CW 2012-11-11 0505 OK1VD         599 FHK        RW0AJ         599 056       
QSO: 14009 CW 2012-11-11 0505 OK1VD         599 FHK        R8US          599 059       
QSO: 14009 CW 2012-11-11 0507 OK1VD         599 FHK        RK9QWM        599 154       
QSO: 14009 CW 2012-11-11 0509 OK1VD         599 FHK        R8OA          599 033       
QSO: 14009 CW 2012-11-11 0510 OK1VD         599 FHK        UN6LN         599 139       
QSO: 14009 CW 2012-11-11 0511 OK1VD         599 FHK        RV9YK         599 040       
QSO: 14009 CW 2012-11-11 0512 OK1VD         599 FHK        RA9YUI        599 007       
QSO: 14009 CW 2012-11-11 0530 OK1VD         599 FHK        RC9JWR        599 134       
QSO: 14009 CW 2012-11-11 0531 OK1VD         599 FHK        RV4CT         599 100       
QSO: 14009 CW 2012-11-11 0531 OK1VD         599 FHK        UA9OQM        599 061       
QSO: 14009 CW 2012-11-11 0531 OK1VD         599 FHK        RG8U          599 012       
QSO: 14009 CW 2012-11-11 0533 OK1VD         599 FHK        UA9CDC        599 009       
QSO: 14009 CW 2012-11-11 0535 OK1VD         599 FHK        UP5P          599 092       
QSO: 14009 CW 2012-11-11 0535 OK1VD         599 FHK        RZ9CJ         599 112       
QSO: 14009 CW 2012-11-11 0539 OK1VD         599 FHK        UI8CM         599 047       
QSO: 14009 CW 2012-11-11 0540 OK1VD         599 FHK        RW9TR         599 019       
QSO: 14009 CW 2012-11-11 0541 OK1VD         599 FHK        RA9CCK        599 144       
QSO: 14009 CW 2012-11-11 0541 OK1VD         599 FHK        R3PC          599 123       
QSO: 14009 CW 2012-11-11 0541 OK1VD         599 FHK        UX1IB         599 024       
QSO: 14009 CW 2012-11-11 0546 OK1VD         599 FHK        YT2ISM        599 006       
QSO: 14009 CW 2012-11-11 0548 OK1VD         599 FHK        UA9FFV        599 048       
QSO: 14009 CW 2012-11-11 0549 OK1VD         599 FHK        E72U          599 046       
QSO: 14009 CW 2012-11-11 0550 OK1VD         599 FHK        EX8BN         599 028       
QSO: 14009 CW 2012-11-11 0550 OK1VD         599 FHK        RU6AN         599 100       
QSO: 14009 CW 2012-11-11 0554 OK1VD         599 FHK        RA3VE         599 068       
QSO: 14009 CW 2012-11-11 0558 OK1VD         599 FHK        RA9SO         599 178       
QSO: 14009 CW 2012-11-11 0558 OK1VD         599 FHK        UU9JK         599 048       
QSO: 14009 CW 2012-11-11 0601 OK1VD         599 FHK        UA0SBQ        599 002       
QSO: 14009 CW 2012-11-11 0603 OK1VD         599 FHK        RA5FB         599 093       
QSO: 14009 CW 2012-11-11 0604 OK1VD         599 FHK        RA0AY         599 031       
QSO: 14009 CW 2012-11-11 0605 OK1VD         599 FHK        JH7UJU        599 005       
QSO: 14009 CW 2012-11-11 0605 OK1VD         599 FHK        US5EEK        599 026       
QSO: 21021 CW 2012-11-11 0610 OK1VD         599 FHK        RK9QWM        599 172       
QSO: 21021 CW 2012-11-11 0610 OK1VD         599 FHK        UA4PN         599 408       
QSO: 21021 CW 2012-11-11 0611 OK1VD         599 FHK        R8MD          599 155       
QSO: 21021 CW 2012-11-11 0611 OK1VD         599 FHK        RW0AJ         599 087       
QSO: 21021 CW 2012-11-11 0612 OK1VD         599 FHK        JF2RDG        599 018       
QSO: 21021 CW 2012-11-11 0612 OK1VD         599 FHK        R0AA          599 001       
QSO: 21021 CW 2012-11-11 0613 OK1VD         599 FHK        RU9WZ         599 094       
QSO: 21021 CW 2012-11-11 0613 OK1VD         599 FHK        JA2CUS        599 005       
QSO: 21021 CW 2012-11-11 0614 OK1VD         599 FHK        JH3WKE        599 018       
QSO: 21021 CW 2012-11-11 0615 OK1VD         599 FHK        RK0AWQ        599 004       
QSO: 21021 CW 2012-11-11 0616 OK1VD         599 FHK        DL1MDV        599 001       
QSO: 21021 CW 2012-11-11 0617 OK1VD         599 FHK        UA9CDC        599 040       
QSO: 21021 CW 2012-11-11 0617 OK1VD         599 FHK        UA0DM         599 023       
QSO: 21021 CW 2012-11-11 0618 OK1VD         599 FHK        R9RT          599 013       
QSO: 21021 CW 2012-11-11 0619 OK1VD         599 FHK        JA2KKA        599 004       
QSO: 21021 CW 2012-11-11 0619 OK1VD         599 FHK        JF0EBM        599 002       
QSO: 21021 CW 2012-11-11 0621 OK1VD         599 FHK        7N1PRD/0      599 011       
QSO: 21021 CW 2012-11-11 0624 OK1VD         599 FHK        UA3XAO        599 003       
QSO: 21021 CW 2012-11-11 0625 OK1VD         599 FHK        R8XF          599 186       
QSO: 21021 CW 2012-11-11 0625 OK1VD         599 FHK        RU6CS         599 187       
QSO: 21021 CW 2012-11-11 0626 OK1VD         599 FHK        JE1MMX        599 003       
QSO: 21021 CW 2012-11-11 0626 OK1VD         599 FHK        UA0SW         599 002       
QSO: 21021 CW 2012-11-11 0627 OK1VD         599 FHK        JR6IKD        599 003       
QSO: 21021 CW 2012-11-11 0627 OK1VD         599 FHK        RN9RF         599 091       
QSO: 21021 CW 2012-11-11 0628 OK1VD         599 FHK        RA3NC         599 268       
QSO: 21021 CW 2012-11-11 0629 OK1VD         599 FHK        YL2ON         599 212       
QSO: 21021 CW 2012-11-11 0630 OK1VD         599 FHK        UN0BB         599 157       
QSO: 21021 CW 2012-11-11 0630 OK1VD         599 FHK        UA4SN         599 123       
QSO: 21021 CW 2012-11-11 0630 OK1VD         599 FHK        UA3QAM        599 310       
QSO: 21021 CW 2012-11-11 0631 OK1VD         599 FHK        JL4HOZ        599 004       
QSO: 21021 CW 2012-11-11 0631 OK1VD         599 FHK        RV3QO         599 203       
QSO: 21021 CW 2012-11-11 0632 OK1VD         599 FHK        UA4CNJ        599 205       
QSO: 28020 CW 2012-11-11 0635 OK1VD         599 FHK        UA9CBM        599 003       
QSO: 28020 CW 2012-11-11 0636 OK1VD         599 FHK        VK7GN         599 003       
QSO: 28020 CW 2012-11-11 0639 OK1VD         599 FHK        VK2NU         599 001       
QSO: 28020 CW 2012-11-11 0659 OK1VD         599 FHK        RN9RF         599 105       
QSO: 28020 CW 2012-11-11 0659 OK1VD         599 FHK        VK6AA         599 014       
QSO: 28020 CW 2012-11-11 0700 OK1VD         599 FHK        UI8CM         599 074       
QSO: 28020 CW 2012-11-11 0700 OK1VD         599 FHK        UN0BB         599 177       
QSO: 28020 CW 2012-11-11 0701 OK1VD         599 FHK        UA0DM         599 037       
QSO: 28020 CW 2012-11-11 0702 OK1VD         599 FHK        RK9QWM        599 193       
QSO: 28020 CW 2012-11-11 0703 OK1VD         599 FHK        JG3WDN        599 013       
QSO: 28020 CW 2012-11-11 0705 OK1VD         599 FHK        RA9CCK        599 170       
QSO: 28020 CW 2012-11-11 0705 OK1VD         599 FHK        UA9JNT        599 029       
QSO: 28020 CW 2012-11-11 0708 OK1VD         599 FHK        UN8PT         599 003       
QSO: 28020 CW 2012-11-11 0712 OK1VD         599 FHK        4K9W          599 036       
QSO: 28020 CW 2012-11-11 0713 OK1VD         599 FHK        RN9A          599 007       
QSO: 21021 CW 2012-11-11 0717 OK1VD         599 FHK        XV9NPS        599 012       
QSO: 21033 CW 2012-11-11 0719 OK1VD         599 FHK        RV9YK         599 086       
QSO: 21033 CW 2012-11-11 0720 OK1VD         599 FHK        JF1KWG        599 018       
QSO: 21033 CW 2012-11-11 0720 OK1VD         599 FHK        RG5A          599 471       
QSO: 21033 CW 2012-11-11 0720 OK1VD         599 FHK        JG3CQJ        599 048       
QSO: 21033 CW 2012-11-11 0722 OK1VD         599 FHK        RK0AB         599 073       
QSO: 21033 CW 2012-11-11 0722 OK1VD         599 FHK        RA9MX         599 153       
QSO: 21033 CW 2012-11-11 0722 OK1VD         599 FHK        EK6LP         599 004       
QSO: 21033 CW 2012-11-11 0723 OK1VD         599 FHK        RZ9CJ         599 162       
QSO: 21033 CW 2012-11-11 0723 OK1VD         599 FHK        JS1PDC        599 012       
QSO: 21033 CW 2012-11-11 0723 OK1VD         599 FHK        JK1LUY        599 020       
QSO: 21033 CW 2012-11-11 0724 OK1VD         599 FHK        UA3AKI        599 181       
QSO: 21033 CW 2012-11-11 0724 OK1VD         599 FHK        HL2AVS        599 003       
QSO: 21033 CW 2012-11-11 0726 OK1VD         599 FHK        RN3F          599 543       
QSO: 21033 CW 2012-11-11 0727 OK1VD         599 FHK        RD3AEF        599 107       
QSO: 21033 CW 2012-11-11 0727 OK1VD         599 FHK        JH6SCA        599 002       
QSO: 21033 CW 2012-11-11 0728 OK1VD         599 FHK        RA4WC         599 213       
QSO: 21033 CW 2012-11-11 0729 OK1VD         599 FHK        RU6AN         599 142       
QSO: 21033 CW 2012-11-11 0729 OK1VD         599 FHK        RU0A          599 010       
QSO: 21033 CW 2012-11-11 0729 OK1VD         599 FHK        RA0AY         599 052       
QSO: 21033 CW 2012-11-11 0730 OK1VD         599 FHK        RC9JWR        599 172       
QSO: 21033 CW 2012-11-11 0731 OK1VD         599 FHK        JR7DUT        599 004       
QSO: 21033 CW 2012-11-11 0731 OK1VD         599 FHK        RT9S          599 221       
QSO: 21033 CW 2012-11-11 0731 OK1VD         599 FHK        RT4W          599 163       
QSO: 21033 CW 2012-11-11 0732 OK1VD         599 FHK        UA3MIF        599 442       
QSO: 21033 CW 2012-11-11 0732 OK1VD         599 FHK        UA3PP         599 080       
QSO: 21033 CW 2012-11-11 0733 OK1VD         599 FHK        JA0VTK        599 009       
QSO: 21033 CW 2012-11-11 0734 OK1VD         599 FHK        UA9JNT        599 046       
QSO: 21033 CW 2012-11-11 0735 OK1VD         599 FHK        RA5FB         599 129       
QSO: 21033 CW 2012-11-11 0735 OK1VD         599 FHK        JE1SGH        599 022       
QSO: 21033 CW 2012-11-11 0737 OK1VD         599 FHK        JJ4CDW        599 023       
QSO: 21033 CW 2012-11-11 0738 OK1VD         599 FHK        JM2PI         599 004       
QSO: 21033 CW 2012-11-11 0744 OK1VD         599 FHK        R3GD          599 004       
QSO: 21033 CW 2012-11-11 0745 OK1VD         599 FHK        UN8PT         599 013       
QSO: 21033 CW 2012-11-11 0746 OK1VD         599 FHK        E72U          599 055       
QSO: 21033 CW 2012-11-11 0749 OK1VD         599 FHK        JR1NKN        599 009       
QSO: 21033 CW 2012-11-11 0750 OK1VD         599 FHK        RL3DZ         599 077       
QSO: 21033 CW 2012-11-11 0752 OK1VD         599 FHK        JA1EOG        599 009       
QSO: 21033 CW 2012-11-11 0752 OK1VD         599 FHK        RM3Z          599 314       
QSO: 21033 CW 2012-11-11 0754 OK1VD         599 FHK        UT6ERS        599 128       
QSO: 21033 CW 2012-11-11 0757 OK1VD         599 FHK        JL7FBV/1      599 002       
QSO: 21033 CW 2012-11-11 0758 OK1VD         599 FHK        JN1BBO        599 005       
QSO: 21033 CW 2012-11-11 0759 OK1VD         599 FHK        4K9W          599 053       
QSO: 21033 CW 2012-11-11 0800 OK1VD         599 FHK        UA9FFV        599 091       
QSO: 21033 CW 2012-11-11 0802 OK1VD         599 FHK        JA8AJE        599 012       
QSO: 21033 CW 2012-11-11 0803 OK1VD         599 FHK        JE2UFF        599 015       
QSO: 21033 CW 2012-11-11 0803 OK1VD         599 FHK        OH7FF         599 028       
QSO: 21033 CW 2012-11-11 0804 OK1VD         599 FHK        JR3AAZ        599 013       
QSO: 21033 CW 2012-11-11 0805 OK1VD         599 FHK        R4WDX         599 141       
QSO: 21033 CW 2012-11-11 0806 OK1VD         599 FHK        RK4HYT        599 176       
QSO: 21033 CW 2012-11-11 0807 OK1VD         599 FHK        UD8A          599 093       
QSO: 21033 CW 2012-11-11 0807 OK1VD         599 FHK        RW4HFH        599 105       
QSO: 21033 CW 2012-11-11 0809 OK1VD         599 FHK        RN6CH         599 086       
QSO: 21033 CW 2012-11-11 0810 OK1VD         599 FHK        US7IA         599 296       
QSO: 21033 CW 2012-11-11 0811 OK1VD         599 FHK        JH1GBO        599 011       
QSO: 21033 CW 2012-11-11 0811 OK1VD         599 FHK        UN9GD         599 006       
QSO: 21033 CW 2012-11-11 0811 OK1VD         599 FHK        UR7MZ         599 015       
QSO: 21033 CW 2012-11-11 0812 OK1VD         599 FHK        JM1GAW        599 008       
QSO: 28020 CW 2012-11-11 0816 OK1VD         599 FHK        RC9JWR        599 212       
QSO: 28020 CW 2012-11-11 0816 OK1VD         599 FHK        UA0WW         599 010       
QSO: 28020 CW 2012-11-11 0818 OK1VD         599 FHK        UP0L          599 608       
QSO: 28020 CW 2012-11-11 0818 OK1VD         599 FHK        JA3EGE        599 010       
QSO: 28020 CW 2012-11-11 0819 OK1VD         599 FHK        DF60JFA       599 462       
QSO: 28020 CW 2012-11-11 0820 OK1VD         599 FHK        R4WDX         599 156       
QSO: 28020 CW 2012-11-11 0820 OK1VD         599 FHK        RA9SO         599 236       
QSO: 28020 CW 2012-11-11 0822 OK1VD         599 FHK        YO4SI         599 173       
QSO: 28020 CW 2012-11-11 0822 OK1VD         599 FHK        UA9FFV        599 102       
QSO: 28020 CW 2012-11-11 0823 OK1VD         599 FHK        UA4PN         599 465       
QSO: 28020 CW 2012-11-11 0823 OK1VD         599 FHK        RT3F          599 613       
QSO: 28020 CW 2012-11-11 0824 OK1VD         599 FHK        RK9CYA        599 060       
QSO: 28020 CW 2012-11-11 0826 OK1VD         599 FHK        RT4W          599 210       
QSO: 28020 CW 2012-11-11 0828 OK1VD         599 FHK        RA9MX         599 196       
QSO: 28020 CW 2012-11-11 0830 OK1VD         599 FHK        UA9CDC        599 152       
QSO: 28020 CW 2012-11-11 0830 OK1VD         599 FHK        SP2LNW        599 363       
QSO: 28020 CW 2012-11-11 0830 OK1VD         599 FHK        R8XF          599 245       
QSO: 28020 CW 2012-11-11 0831 OK1VD         599 FHK        RA9XU         599 142       
QSO: 28020 CW 2012-11-11 0831 OK1VD         599 FHK        RT3T          599 569       
QSO: 28020 CW 2012-11-11 0833 OK1VD         599 FHK        RZ9CJ         599 218       
QSO: 28020 CW 2012-11-11 0834 OK1VD         599 FHK        SK7OA         599 342       
QSO: 28020 CW 2012-11-11 0835 OK1VD         599 FHK        PT2CM         599 065       
QSO: 28020 CW 2012-11-11 0836 OK1VD         599 FHK        LZ4RR         599 440       
QSO: 28020 CW 2012-11-11 0836 OK1VD         599 FHK        RT9S          599 281       
QSO: 28020 CW 2012-11-11 0836 OK1VD         599 FHK        UA9AU         599 135       
QSO: 28020 CW 2012-11-11 0837 OK1VD         599 FHK        R8MC          599 351       
QSO: 28020 CW 2012-11-11 0838 OK1VD         599 FHK        HS0AC         599 088       
QSO: 28020 CW 2012-11-11 0838 OK1VD         599 FHK        UN6P          599 042       
QSO: 28020 CW 2012-11-11 0838 OK1VD         599 FHK        VK6AJ         599 008       
QSO: 21033 CW 2012-11-11 0843 OK1VD         599 FHK        RX9CC         599 053       
QSO: 21033 CW 2012-11-11 0845 OK1VD         599 FHK        R3PC          599 164       
QSO: 21033 CW 2012-11-11 0850 OK1VD         599 FHK        YO9AGI        599 099       
QSO: 21033 CW 2012-11-11 0851 OK1VD         599 FHK        RA5B          599 204       
QSO: 14010 CW 2012-11-11 0854 OK1VD         599 FHK        YL5T          599 076       
QSO: 14010 CW 2012-11-11 0854 OK1VD         599 FHK        RT8O          599 094       
QSO: 14010 CW 2012-11-11 0855 OK1VD         599 FHK        YL2ON         599 240       
QSO: 14010 CW 2012-11-11 0856 OK1VD         599 FHK        RM3Z          599 335       
QSO: 14010 CW 2012-11-11 0858 OK1VD         599 FHK        SE6N          599 151       
QSO: 14010 CW 2012-11-11 0900 OK1VD         599 FHK        S57AC         599 010       
QSO: 14010 CW 2012-11-11 0900 OK1VD         599 FHK        LY2PX         599 188       
QSO: 14010 CW 2012-11-11 0901 OK1VD         599 FHK        HA1IP         599 091       
QSO: 14010 CW 2012-11-11 0901 OK1VD         599 FHK        JH3WKE        599 044       
QSO: 14028 CW 2012-11-11 0903 OK1VD         599 FHK        JH8JYV        599 001       
QSO: 14028 CW 2012-11-11 0903 OK1VD         599 FHK        DL1DQW        599 214       
QSO: 14028 CW 2012-11-11 0904 OK1VD         599 FHK        UN8PT         599 056       
QSO: 14028 CW 2012-11-11 0904 OK1VD         599 FHK        EA8AVK        599 084       
QSO: 14028 CW 2012-11-11 0905 OK1VD         599 FHK        DL3KVR        599 251       
QSO: 14028 CW 2012-11-11 0906 OK1VD         599 FHK        US1IW         599 071       
QSO: 14028 CW 2012-11-11 0906 OK1VD         599 FHK        F5NQL         599 118       
QSO: 14028 CW 2012-11-11 0907 OK1VD         599 FHK        RX6LOL        599 087       
QSO: 14028 CW 2012-11-11 0907 OK1VD         599 FHK        DK3WN         599 180       
QSO: 14028 CW 2012-11-11 0908 OK1VD         599 FHK        JA1GZV        599 002       
QSO: 14028 CW 2012-11-11 0910 OK1VD         599 FHK        RA0UF         599 031       
QSO: 14028 CW 2012-11-11 0911 OK1VD         599 FHK        UY2ZZ         599 096       
QSO: 14028 CW 2012-11-11 0911 OK1VD         599 FHK        R7AM          599 134       
QSO: 14028 CW 2012-11-11 0913 OK1VD         599 FHK        LZ2KSB        599 015       
QSO: 14028 CW 2012-11-11 0913 OK1VD         599 FHK        YL2HK         599 076       
QSO: 14028 CW 2012-11-11 0914 OK1VD         599 FHK        DL4VQ         599 117       
QSO: 14028 CW 2012-11-11 0914 OK1VD         599 FHK        PA2A          599 100       
QSO: 14028 CW 2012-11-11 0916 OK1VD         599 FHK        HA6OZ         599 004       
QSO: 14028 CW 2012-11-11 0918 OK1VD         599 FHK        UA0DM         599 079       
QSO: 14028 CW 2012-11-11 0919 OK1VD         599 FHK        UT7HM         599 081       
QSO: 14028 CW 2012-11-11 0919 OK1VD         599 FHK        LY2J          599 395       
QSO: 14028 CW 2012-11-11 0921 OK1VD         599 FHK        DL8UAA        599 104       
QSO: 14028 CW 2012-11-11 0922 OK1VD         599 FHK        EA5YU         599 315       
QSO: 14028 CW 2012-11-11 0922 OK1VD         599 FHK        OR2F          599 056       
QSO: 14028 CW 2012-11-11 0924 OK1VD         599 FHK        RV3RM         599 057       
QSO: 14028 CW 2012-11-11 0924 OK1VD         599 FHK        I6FDJ         599 091       
QSO: 14028 CW 2012-11-11 0925 OK1VD         599 FHK        LZ4RR         599 458       
QSO: 14028 CW 2012-11-11 0926 OK1VD         599 FHK        RK9UC         599 049       
QSO: 14028 CW 2012-11-11 0926 OK1VD         599 FHK        YL2AG         599 073       
QSO: 14028 CW 2012-11-11 0926 OK1VD         599 FHK        DL8UNF        599 086       
QSO: 14028 CW 2012-11-11 0927 OK1VD         599 FHK        R4WDX         599 194       
QSO: 14028 CW 2012-11-11 0930 OK1VD         599 FHK        RA9YA         599 043       
QSO: 14028 CW 2012-11-11 0930 OK1VD         599 FHK        R3LC          599 122       
QSO: 14028 CW 2012-11-11 0933 OK1VD         599 FHK        UW1WU         599 245       
QSO: 14028 CW 2012-11-11 0936 OK1VD         599 FHK        SM5S          599 091       
QSO: 14028 CW 2012-11-11 0936 OK1VD         599 FHK        UA4FCO        599 291       
QSO: 14028 CW 2012-11-11 0937 OK1VD         599 FHK        ON4KNP        599 107       
QSO: 14028 CW 2012-11-11 0937 OK1VD         599 FHK        UU2CW         599 438       
QSO: 14028 CW 2012-11-11 0937 OK1VD         599 FHK        DL4AUK        599 198       
QSO: 14028 CW 2012-11-11 0938 OK1VD         599 FHK        UR4CU         599 274       
QSO: 14028 CW 2012-11-11 0938 OK1VD         599 FHK        DK3AX         599 081       
QSO: 14028 CW 2012-11-11 0939 OK1VD         599 FHK        YO8DOH        599 109       
QSO: 14028 CW 2012-11-11 0939 OK1VD         599 FHK        JG3WDN        599 045       
QSO: 14028 CW 2012-11-11 0940 OK1VD         599 FHK        RA1QD         599 161       
QSO: 14028 CW 2012-11-11 0940 OK1VD         599 FHK        RA4AAJ        599 046       
QSO: 14028 CW 2012-11-11 0941 OK1VD         599 FHK        R3VL          599 098       
QSO: 14028 CW 2012-11-11 0942 OK1VD         599 FHK        DF4ZL         599 200       
QSO: 14028 CW 2012-11-11 0943 OK1VD         599 FHK        SM7CIL        599 048       
QSO: 14028 CW 2012-11-11 0944 OK1VD         599 FHK        DL1CW         599 259       
QSO:  7031 CW 2012-11-11 0952 OK1VD         599 FHK        HA5AZC        599 112       
QSO:  7031 CW 2012-11-11 0952 OK1VD         599 FHK        DK3WN         599 196       
QSO:  7031 CW 2012-11-11 0953 OK1VD         599 FHK        PA2A          599 128       
QSO:  7031 CW 2012-11-11 0954 OK1VD         599 FHK        DL3KVR        599 275       
QSO:  7031 CW 2012-11-11 0955 OK1VD         599 FHK        G4LJU         599 032       
QSO:  7031 CW 2012-11-11 0955 OK1VD         599 FHK        LY2OM         599 083       
QSO:  7031 CW 2012-11-11 0956 OK1VD         599 FHK        F6FLE         599 001       
QSO:  7031 CW 2012-11-11 0956 OK1VD         599 FHK        LY2BKT        599 144       
QSO:  7031 CW 2012-11-11 0957 OK1VD         599 FHK        DL2NBY        599 035       
QSO:  7031 CW 2012-11-11 0958 OK1VD         599 FHK        HB9CPS        599 070       
QSO:  7031 CW 2012-11-11 0958 OK1VD         599 FHK        DL3KWR        599 110       
QSO:  7031 CW 2012-11-11 0958 OK1VD         599 FHK        PG7V          599 153       
QSO:  7031 CW 2012-11-11 0959 OK1VD         599 FHK        DJ9SN         599 023       
QSO:  7031 CW 2012-11-11 0959 OK1VD         599 FHK        DL8UNF        599 108       
QSO:  7031 CW 2012-11-11 1000 OK1VD         599 FHK        OS0S          599 038       
QSO:  7031 CW 2012-11-11 1000 OK1VD         599 FHK        SP1AEN        599 278       
QSO:  7031 CW 2012-11-11 1001 OK1VD         599 FHK        DL5MO         599 022       
QSO:  7031 CW 2012-11-11 1001 OK1VD         599 FHK        DL5JAB        599 103       
QSO:  7031 CW 2012-11-11 1002 OK1VD         599 FHK        SP4GFG        599 125       
QSO:  7031 CW 2012-11-11 1002 OK1VD         599 FHK        YO4RHK        599 087       
QSO:  7031 CW 2012-11-11 1002 OK1VD         599 FHK        DL3FF         599 152       
QSO:  7031 CW 2012-11-11 1003 OK1VD         599 FHK        HA4FY         599 084       
QSO:  7031 CW 2012-11-11 1003 OK1VD         599 FHK        UA2FP         599 058       
QSO:  7031 CW 2012-11-11 1004 OK1VD         599 FHK        PA0WLB        599 090       
QSO:  7031 CW 2012-11-11 1004 OK1VD         599 FHK        DL7VHP        599 132       
QSO:  7031 CW 2012-11-11 1004 OK1VD         599 FHK        9A2EY         599 210       
QSO:  7031 CW 2012-11-11 1005 OK1VD         599 FHK        DK3OI         599 042       
QSO:  7031 CW 2012-11-11 1005 OK1VD         599 FHK        IK4OMU        599 034       
QSO:  7031 CW 2012-11-11 1006 OK1VD         599 FHK        DL4BBJ        599 214       
QSO:  7031 CW 2012-11-11 1006 OK1VD         599 FHK        DK5WO         599 037       
QSO:  7031 CW 2012-11-11 1007 OK1VD         599 FHK        YU8A          599 064       
QSO:  7031 CW 2012-11-11 1008 OK1VD         599 FHK        PA3ECJ        599 093       
QSO:  7031 CW 2012-11-11 1008 OK1VD         599 FHK        DL5JQ         599 184       
QSO:  7031 CW 2012-11-11 1009 OK1VD         599 FHK        SP2DNI        599 225       
QSO:  7031 CW 2012-11-11 1010 OK1VD         599 FHK        DD3D          599 054       
QSO:  7031 CW 2012-11-11 1010 OK1VD         599 FHK        SP2HFH        599 097       
QSO:  7031 CW 2012-11-11 1012 OK1VD         599 FHK        DL1CW         599 272       
QSO:  7031 CW 2012-11-11 1012 OK1VD         599 FHK        HB9CGL        599 090       
QSO:  7031 CW 2012-11-11 1013 OK1VD         599 FHK        SE6W          599 146       
QSO:  7031 CW 2012-11-11 1013 OK1VD         599 FHK        DL1DQW        599 250       
QSO:  7031 CW 2012-11-11 1014 OK1VD         599 FHK        HA1TO         599 097       
QSO:  7031 CW 2012-11-11 1014 OK1VD         599 FHK        OE3MWS        599 087       
QSO:  7031 CW 2012-11-11 1015 OK1VD         599 FHK        ON4ON         599 078       
QSO:  7031 CW 2012-11-11 1016 OK1VD         599 FHK        YO8DOH        599 125       
QSO:  7031 CW 2012-11-11 1016 OK1VD         599 FHK        DL3BRA        599 080       
QSO:  7031 CW 2012-11-11 1017 OK1VD         599 FHK        DL2YCA        599 043       
QSO:  7031 CW 2012-11-11 1017 OK1VD         599 FHK        DL7VMM        599 150       
QSO:  7031 CW 2012-11-11 1019 OK1VD         599 FHK        DF9YC         599 022       
QSO:  7031 CW 2012-11-11 1020 OK1VD         599 FHK        SM7CIL        599 082       
QSO:  7031 CW 2012-11-11 1021 OK1VD         599 FHK        HG6C          599 121       
QSO:  7031 CW 2012-11-11 1021 OK1VD         599 FHK        SP2FOV        599 065       
QSO:  7031 CW 2012-11-11 1022 OK1VD         599 FHK        DF3FS         599 125       
QSO:  7031 CW 2012-11-11 1023 OK1VD         599 FHK        DL1YEN        599 006       
QSO:  7031 CW 2012-11-11 1024 OK1VD         599 FHK        DF8BB         599 007       
QSO:  7031 CW 2012-11-11 1025 OK1VD         599 FHK        UT8AS/QRP     599 246       
QSO:  7031 CW 2012-11-11 1026 OK1VD         599 FHK        DL6FAX        599 022       
QSO:  7031 CW 2012-11-11 1026 OK1VD         599 FHK        DF1IAQ        599 189       
QSO:  7031 CW 2012-11-11 1027 OK1VD         599 FHK        DF4ZL         599 222       
QSO:  7031 CW 2012-11-11 1028 OK1VD         599 FHK        DL5FCO        599 075       
QSO:  7031 CW 2012-11-11 1028 OK1VD         599 FHK        PG2AA         599 092       
QSO:  7031 CW 2012-11-11 1029 OK1VD         599 FHK        DL7GEM        599 072       
QSO: 21033 CW 2012-11-11 1034 OK1VD         599 FHK        YB0AKM        599 016       
QSO: 21033 CW 2012-11-11 1036 OK1VD         599 FHK        SA2BRN        599 212       
QSO: 21033 CW 2012-11-11 1037 OK1VD         599 FHK        RK3R          599 204       
QSO: 21033 CW 2012-11-11 1037 OK1VD         599 FHK        R3VL          599 108       
QSO: 21033 CW 2012-11-11 1038 OK1VD         599 FHK        4X0A          599 102       
QSO: 21033 CW 2012-11-11 1038 OK1VD         599 FHK        SE6Y          599 321       
QSO: 21033 CW 2012-11-11 1039 OK1VD         599 FHK        RM4HW/6       599 031       
QSO: 21033 CW 2012-11-11 1040 OK1VD         599 FHK        RU4LM         599 206       
QSO: 21033 CW 2012-11-11 1041 OK1VD         599 FHK        GM4SID        599 281       
QSO: 21033 CW 2012-11-11 1041 OK1VD         599 FHK        EA4FLY        599 086       
QSO: 21033 CW 2012-11-11 1042 OK1VD         599 FHK        R8US          599 185       
QSO: 28021 CW 2012-11-11 1047 OK1VD         599 FHK        UD8A          599 200       
QSO: 28023 CW 2012-11-11 1048 OK1VD         599 FHK        R4WT          599 202       
QSO: 28023 CW 2012-11-11 1049 OK1VD         599 FHK        RT9A          599 422       
QSO: 28023 CW 2012-11-11 1049 OK1VD         599 FHK        RK9Q          599 172       
QSO: 28023 CW 2012-11-11 1049 OK1VD         599 FHK        RV9CQ         599 057       
QSO: 28023 CW 2012-11-11 1051 OK1VD         599 FHK        RW4HFH        599 154       
QSO: 14034 CW 2012-11-11 1058 OK1VD         599 FHK        OZ4FF         599 111       
QSO: 14034 CW 2012-11-11 1059 OK1VD         599 FHK        UT5IZ         599 038       
QSO: 14034 CW 2012-11-11 1101 OK1VD         599 FHK        F5JVP         599 177       
QSO: 14034 CW 2012-11-11 1101 OK1VD         599 FHK        M0BKB         599 108       
QSO: 14034 CW 2012-11-11 1102 OK1VD         599 FHK        K3WI          599 133       
QSO: 14034 CW 2012-11-11 1103 OK1VD         599 FHK        EA5DD         599 058       
QSO: 14034 CW 2012-11-11 1103 OK1VD         599 FHK        SM5F          599 058       
QSO: 14034 CW 2012-11-11 1106 OK1VD         599 FHK        VE1OP         599 076       
QSO: 14034 CW 2012-11-11 1108 OK1VD         599 FHK        LZ1KP         599 100       
QSO: 14034 CW 2012-11-11 1109 OK1VD         599 FHK        UU7JD         599 141       
QSO: 14034 CW 2012-11-11 1109 OK1VD         599 FHK        HA2MN         599 122       
QSO: 14034 CW 2012-11-11 1110 OK1VD         599 FHK        PD9W          599 023       
QSO: 14034 CW 2012-11-11 1112 OK1VD         599 FHK        GM4SID        599 296       
QSO: 14034 CW 2012-11-11 1113 OK1VD         599 FHK        HB9CGL        599 130       
QSO: 14034 CW 2012-11-11 1114 OK1VD         599 FHK        EA8AY         599 045       
QSO: 14034 CW 2012-11-11 1114 OK1VD         599 FHK        EI5KF         599 335       
QSO: 14034 CW 2012-11-11 1114 OK1VD         599 FHK        OH2KM         599 096       
QSO: 14034 CW 2012-11-11 1115 OK1VD         599 FHK        DL5JQ         599 213       
QSO: 14034 CW 2012-11-11 1115 OK1VD         599 FHK        IK0PAV        599 045       
QSO: 14034 CW 2012-11-11 1115 OK1VD         599 FHK        R6MM          599 038       
QSO: 14034 CW 2012-11-11 1116 OK1VD         599 FHK        I3VJW         599 126       
QSO: 14034 CW 2012-11-11 1117 OK1VD         599 FHK        RW3AI         599 196       
QSO: 14034 CW 2012-11-11 1118 OK1VD         599 FHK        RD3AEF        599 185       
QSO: 14034 CW 2012-11-11 1119 OK1VD         599 FHK        DL5GBG        599 098       
QSO: 14034 CW 2012-11-11 1120 OK1VD         599 FHK        N3GD          599 104       
QSO: 14034 CW 2012-11-11 1121 OK1VD         599 FHK        YO4SI         599 206       
QSO: 14034 CW 2012-11-11 1122 OK1VD         599 FHK        UR4LIN        599 156       
QSO: 14034 CW 2012-11-11 1123 OK1VD         599 FHK        TA3X          599 046       
QSO: 14034 CW 2012-11-11 1124 OK1VD         599 FHK        K9NW          599 047       
QSO: 14034 CW 2012-11-11 1124 OK1VD         599 FHK        SP2LNW        599 432       
QSO: 14034 CW 2012-11-11 1125 OK1VD         599 FHK        PG5V          599 112       
QSO: 14034 CW 2012-11-11 1125 OK1VD         599 FHK        RA9XU         599 195       
QSO: 14034 CW 2012-11-11 1126 OK1VD         599 FHK        K5KLA         599 103       
QSO: 14034 CW 2012-11-11 1127 OK1VD         599 FHK        DF1IAQ        599 229       
QSO: 14034 CW 2012-11-11 1130 OK1VD         599 FHK        M0TJU         599 024       
QSO: 14034 CW 2012-11-11 1132 OK1VD         599 FHK        VK4TT         599 044       
QSO: 14034 CW 2012-11-11 1135 OK1VD         599 FHK        NP4Z          599 018       
QSO: 14034 CW 2012-11-11 1137 OK1VD         599 FHK        YO2GL         599 248       
QSO: 14034 CW 2012-11-11 1137 OK1VD         599 FHK        WA1Z          599 099       
QSO: 14034 CW 2012-11-11 1139 OK1VD         599 FHK        RK9SWF        599 257       
QSO: 14034 CW 2012-11-11 1140 OK1VD         599 FHK        US7IA         599 364       
QSO: 14034 CW 2012-11-11 1141 OK1VD         599 FHK        AA3B          599 191       
QSO: 14034 CW 2012-11-11 1141 OK1VD         599 FHK        PA0MIR        599 143       
QSO: 14034 CW 2012-11-11 1142 OK1VD         599 FHK        PA0WLB        599 116       
QSO: 14034 CW 2012-11-11 1142 OK1VD         599 FHK        G0UCH         599 011       
QSO: 14034 CW 2012-11-11 1143 OK1VD         599 FHK        PG2AA         599 135       
QSO: 14034 CW 2012-11-11 1144 OK1VD         599 FHK        SP2MKT        599 285       
QSO: 14034 CW 2012-11-11 1146 OK1VD         599 FHK        DL3KWR        599 123       
QSO: 14034 CW 2012-11-11 1146 OK1VD         599 FHK        W2RU          599 110       
QSO: 14034 CW 2012-11-11 1147 OK1VD         599 FHK        EA2BVV        599 050       
QSO: 14034 CW 2012-11-11 1147 OK1VD         599 FHK        EB5CS         599 042       
QSO: 14034 CW 2012-11-11 1148 OK1VD         599 FHK        PA3HCC        599 076       
QSO: 14034 CW 2012-11-11 1149 OK1VD         599 FHK        K3TW          599 011       
QSO: 14034 CW 2012-11-11 1151 OK1VD         599 FHK        F6FTB         599 174       
QSO: 14034 CW 2012-11-11 1153 OK1VD         599 FHK        PA0LOU        599 098       
QSO: 14034 CW 2012-11-11 1154 OK1VD         599 FHK        K3KU          599 040       
END-OF-LOG:
