START-OF-LOG: 3.0
CONTEST: ARRL-DX-SSB
CALLSIGN: ED8W
LOCATION: DX
CATEGORY-OPERATOR: MULTI-OP
CATEGORY-ASSISTED: ASSISTED
CATEGORY-POWER: HIGH
CATEGORY-BAND: ALL
CATEGORY-MODE: SSB
CATEGORY-TRANSMITTER: TWO
CATEGORY-STATION: FIXED
OPERATORS: EA8DO - EA7I - EA1BP - OM5RW - EA7LL
CLUB: EA CONTEST CLUB
CREATED-BY: WIN-TEST 4.51.0
HQ-CATEGORY: Multioperator, Two Transmitter
HQ-GRID-LOCATOR: IL18BP
QSO: 14202 PH 2026-03-07 0000 ED8W 59 1000 N2AD 59 PA 1
QSO: 14202 PH 2026-03-07 0000 ED8W 59 1000 WC9I 59 AZ 1
QSO: 14202 PH 2026-03-07 0001 ED8W 59 1000 KA1API 59 NH 1
QSO: 14202 PH 2026-03-07 0001 ED8W 59 1000 AB1MM 59 TX 1
QSO: 14202 PH 2026-03-07 0001 ED8W 59 1000 K7DQH 59 AZ 1
QSO: 14202 PH 2026-03-07 0002 ED8W 59 1000 WB2TQE 59 FL 1
QSO: 14202 PH 2026-03-07 0002 ED8W 59 1000 KE9V 59 IN 1
QSO: 14202 PH 2026-03-07 0002 ED8W 59 1000 KC3WOX 59 PA 1
QSO: 14202 PH 2026-03-07 0002 ED8W 59 1000 N2LBR 59 NY 1
QSO: 14202 PH 2026-03-07 0003 ED8W 59 1000 KD2RV 59 NJ 1
QSO: 14202 PH 2026-03-07 0003 ED8W 59 1000 K7LY 59 NV 1
QSO: 14202 PH 2026-03-07 0003 ED8W 59 1000 VE3GYL 59 ON 1
QSO: 14202 PH 2026-03-07 0003 ED8W 59 1000 K4AMA 59 SC 1
QSO: 14202 PH 2026-03-07 0004 ED8W 59 1000 K7KVH 59 NV 1
QSO: 14202 PH 2026-03-07 0004 ED8W 59 1000 KC3C 59 PA 1
QSO: 7181 PH 2026-03-07 0004 ED8W 59 1000 K4VTM 59 GA 0
QSO: 14202 PH 2026-03-07 0004 ED8W 59 1000 W9QL 59 IL 1
QSO: 14202 PH 2026-03-07 0004 ED8W 59 1000 VA7XU 59 BC 1
QSO: 14202 PH 2026-03-07 0005 ED8W 59 1000 KE3X 59 DC 1
QSO: 14202 PH 2026-03-07 0005 ED8W 59 1000 KF8I 59 OH 1
QSO: 7181 PH 2026-03-07 0005 ED8W 59 1000 N8PCN 59 OH 0
QSO: 14202 PH 2026-03-07 0005 ED8W 59 1000 VA1GRH 59 NS 1
QSO: 14202 PH 2026-03-07 0005 ED8W 59 1000 W6KH 59 CA 1
QSO: 14202 PH 2026-03-07 0005 ED8W 59 1000 KC2MEE 59 NY 1
QSO: 14202 PH 2026-03-07 0005 ED8W 59 1000 N4UF 59 FL 1
QSO: 14202 PH 2026-03-07 0006 ED8W 59 1000 KB9IKY 59 IN 1
QSO: 14202 PH 2026-03-07 0006 ED8W 59 1000 AE3S 59 PA 1
QSO: 14202 PH 2026-03-07 0006 ED8W 59 1000 KB3WD 59 MD 1
QSO: 14202 PH 2026-03-07 0006 ED8W 59 1000 N0UY 59 MN 1
QSO: 14202 PH 2026-03-07 0007 ED8W 59 1000 WA2KM 59 NJ 1
QSO: 14202 PH 2026-03-07 0007 ED8W 59 1000 W7CT 59 UT 1
QSO: 14202 PH 2026-03-07 0007 ED8W 59 1000 N9LQ 59 IL 1
QSO: 7181 PH 2026-03-07 0007 ED8W 59 1000 N2LBR 59 NY 0
QSO: 14202 PH 2026-03-07 0007 ED8W 59 1000 KI5GTR 59 AR 1
QSO: 14202 PH 2026-03-07 0008 ED8W 59 1000 K0PG 59 IL 1
QSO: 14202 PH 2026-03-07 0008 ED8W 59 1000 W0BM 59 MN 1
QSO: 14202 PH 2026-03-07 0008 ED8W 59 1000 K3LR 59 PA 1
QSO: 14202 PH 2026-03-07 0008 ED8W 59 1000 NQ9N 59 WI 1
QSO: 14202 PH 2026-03-07 0008 ED8W 59 1000 NA2SW 59 NJ 1
QSO: 14202 PH 2026-03-07 0009 ED8W 59 1000 WG3J 59 MD 1
QSO: 14202 PH 2026-03-07 0009 ED8W 59 1000 WZ4D 59 AL 1
QSO: 14202 PH 2026-03-07 0009 ED8W 59 1000 KO4DN 59 FL 1
QSO: 14202 PH 2026-03-07 0009 ED8W 59 1000 N4EK 59 FL 1
QSO: 14202 PH 2026-03-07 0009 ED8W 59 1000 N6AR 59 FL 1
QSO: 7181 PH 2026-03-07 0010 ED8W 59 1000 W7WA 59 WA 0
QSO: 14202 PH 2026-03-07 0010 ED8W 59 1000 K4CGY 59 VA 1
QSO: 14202 PH 2026-03-07 0010 ED8W 59 1000 K2AX 59 NJ 1
QSO: 14202 PH 2026-03-07 0010 ED8W 59 1000 K0OA 59 CO 1
QSO: 14202 PH 2026-03-07 0010 ED8W 59 1000 WA2JQK 59 NY 1
QSO: 7181 PH 2026-03-07 0010 ED8W 59 1000 VA2SJ 59 QC 0
QSO: 14202 PH 2026-03-07 0010 ED8W 59 1000 N5GI 59 FL 1
QSO: 14202 PH 2026-03-07 0011 ED8W 59 1000 AD7JL 59 GA 1
QSO: 14202 PH 2026-03-07 0011 ED8W 59 1000 K3WJV 59 PA 1
QSO: 14202 PH 2026-03-07 0011 ED8W 59 1000 WF3H 59 TX 1
QSO: 14202 PH 2026-03-07 0011 ED8W 59 1000 NW6P 59 CA 1
QSO: 14202 PH 2026-03-07 0012 ED8W 59 1000 W0LV 59 NV 1
QSO: 14202 PH 2026-03-07 0012 ED8W 59 1000 W4NEU 59 TN 1
QSO: 14202 PH 2026-03-07 0012 ED8W 59 1000 K1KI 59 CT 1
QSO: 14202 PH 2026-03-07 0012 ED8W 59 1000 VE3EY 59 ON 1
QSO: 14202 PH 2026-03-07 0012 ED8W 59 1000 N1ALO 59 MA 1
QSO: 14202 PH 2026-03-07 0012 ED8W 59 1000 N2HMM 59 NJ 1
QSO: 14202 PH 2026-03-07 0013 ED8W 59 1000 NX2X 59 NY 1
QSO: 14202 PH 2026-03-07 0013 ED8W 59 1000 KD9ZUN 59 IL 1
QSO: 14202 PH 2026-03-07 0013 ED8W 59 1000 N1GTY 59 ME 1
QSO: 7181 PH 2026-03-07 0013 ED8W 59 1000 K3ZM 59 VA 0
QSO: 14202 PH 2026-03-07 0013 ED8W 59 1000 K4NDX 59 SC 1
QSO: 7181 PH 2026-03-07 0013 ED8W 59 1000 W1XX 59 RI 0
QSO: 14202 PH 2026-03-07 0014 ED8W 59 1000 N1EK 59 MD 1
QSO: 14202 PH 2026-03-07 0014 ED8W 59 1000 K6RIM 59 CA 1
QSO: 14202 PH 2026-03-07 0014 ED8W 59 1000 W1AVK 59 CT 1
QSO: 7181 PH 2026-03-07 0014 ED8W 59 1000 K3LR 59 PA 0
QSO: 14202 PH 2026-03-07 0014 ED8W 59 1000 WA3A 59 PA 1
QSO: 14202 PH 2026-03-07 0014 ED8W 59 1000 N4RA 59 WV 1
QSO: 14202 PH 2026-03-07 0014 ED8W 59 1000 K3RWN 59 PA 1
QSO: 7181 PH 2026-03-07 0014 ED8W 59 1000 W3LPL 59 MD 0
QSO: 14202 PH 2026-03-07 0015 ED8W 59 1000 VE3VN 59 ON 1
QSO: 14202 PH 2026-03-07 0015 ED8W 59 1000 KC2QVD 59 NC 1
QSO: 14202 PH 2026-03-07 0015 ED8W 59 1000 WA6KHK 59 CA 1
QSO: 7181 PH 2026-03-07 0015 ED8W 59 1000 WA1Z 59 NH 0
QSO: 14202 PH 2026-03-07 0015 ED8W 59 1000 W2FDJ 59 NJ 1
QSO: 7181 PH 2026-03-07 0015 ED8W 59 1000 NX3A 59 VA 0
QSO: 14202 PH 2026-03-07 0015 ED8W 59 1000 WU0M 59 KS 1
QSO: 14202 PH 2026-03-07 0016 ED8W 59 1000 K5ZMM 59 NJ 1
QSO: 14202 PH 2026-03-07 0016 ED8W 59 1000 W3USR 59 PA 1
QSO: 14202 PH 2026-03-07 0016 ED8W 59 1000 KT9T 59 MN 1
QSO: 14202 PH 2026-03-07 0016 ED8W 59 1000 W2CN 59 NJ 1
QSO: 7181 PH 2026-03-07 0016 ED8W 59 1000 K3DDF 59 PA 0
QSO: 14202 PH 2026-03-07 0017 ED8W 59 1000 N6YMM 59 SC 1
QSO: 14202 PH 2026-03-07 0017 ED8W 59 1000 K1KP 59 MA 1
QSO: 7181 PH 2026-03-07 0017 ED8W 59 1000 KB3Z 59 PA 0
QSO: 14202 PH 2026-03-07 0017 ED8W 59 1000 AB3CX 59 NY 1
QSO: 7181 PH 2026-03-07 0017 ED8W 59 1000 K1LZ 59 ME 0
QSO: 7181 PH 2026-03-07 0017 ED8W 59 1000 WG3J 59 MD 0
QSO: 14202 PH 2026-03-07 0017 ED8W 59 1000 W7GAJ 59 UT 1
QSO: 14202 PH 2026-03-07 0018 ED8W 59 1000 W1NT 59 NH 1
QSO: 14202 PH 2026-03-07 0018 ED8W 59 1000 N1RP 59 NH 1
QSO: 14202 PH 2026-03-07 0018 ED8W 59 1000 N4DN 59 VA 1
QSO: 14202 PH 2026-03-07 0018 ED8W 59 1000 W9WEI 59 FL 1
QSO: 7181 PH 2026-03-07 0018 ED8W 59 1000 KA5USN 59 FL 0
QSO: 7181 PH 2026-03-07 0019 ED8W 59 1000 N4DJ 59 VA 0
QSO: 14202 PH 2026-03-07 0019 ED8W 59 1000 K5PAR 59 TX 1
QSO: 14202 PH 2026-03-07 0019 ED8W 59 1000 VA3OKG 59 ON 1
QSO: 7181 PH 2026-03-07 0019 ED8W 59 1000 K2EP 59 NY 0
QSO: 14202 PH 2026-03-07 0019 ED8W 59 1000 W9HP 59 IN 1
QSO: 7181 PH 2026-03-07 0019 ED8W 59 1000 N1JP 59 NY 0
QSO: 14202 PH 2026-03-07 0019 ED8W 59 1000 KN4CED 59 VA 1
QSO: 7181 PH 2026-03-07 0019 ED8W 59 1000 NB1N 59 MA 0
QSO: 14202 PH 2026-03-07 0019 ED8W 59 1000 WA4AH 59 FL 1
QSO: 14202 PH 2026-03-07 0019 ED8W 59 1000 N7LRG 59 WA 1
QSO: 14202 PH 2026-03-07 0020 ED8W 59 1000 WA2JQK 59 NY 1
QSO: 14202 PH 2026-03-07 0020 ED8W 59 1000 N0ZHE 59 KS 1
QSO: 14202 PH 2026-03-07 0020 ED8W 59 1000 KF7IO 59 OR 1
QSO: 14202 PH 2026-03-07 0020 ED8W 59 1000 WY3A 59 PA 1
QSO: 7181 PH 2026-03-07 0020 ED8W 59 1000 KE0WPA 59 MN 0
QSO: 14202 PH 2026-03-07 0020 ED8W 59 1000 K2KT 59 VA 1
QSO: 7181 PH 2026-03-07 0020 ED8W 59 1000 AA3B 59 PA 0
QSO: 14202 PH 2026-03-07 0021 ED8W 59 1000 KC9ZI 59 IL 1
QSO: 7181 PH 2026-03-07 0021 ED8W 59 1000 N3AD 59 PA 0
QSO: 14202 PH 2026-03-07 0021 ED8W 59 1000 WB2PJH 59 NJ 1
QSO: 14202 PH 2026-03-07 0021 ED8W 59 1000 KC3HXF 59 PA 1
QSO: 7181 PH 2026-03-07 0021 ED8W 59 1000 KN4BIT 59 NC 0
QSO: 14202 PH 2026-03-07 0021 ED8W 59 1000 KG4W 59 VA 1
QSO: 7181 PH 2026-03-07 0021 ED8W 59 1000 N1RM 59 VA 0
QSO: 14202 PH 2026-03-07 0021 ED8W 59 1000 KC3MSE 59 MD 1
QSO: 14202 PH 2026-03-07 0021 ED8W 59 1000 KF0GV 59 MN 1
QSO: 14202 PH 2026-03-07 0022 ED8W 59 1000 N9TF 59 TN 1
QSO: 14202 PH 2026-03-07 0022 ED8W 59 1000 W2GDJ 59 NY 1
QSO: 7181 PH 2026-03-07 0022 ED8W 59 1000 N4CWZ 59 NC 0
QSO: 14202 PH 2026-03-07 0022 ED8W 59 1000 K9PSN 59 IL 1
QSO: 7181 PH 2026-03-07 0022 ED8W 59 1000 K1KA 59 NH 0
QSO: 7181 PH 2026-03-07 0023 ED8W 59 1000 WA3WBU 59 PA 0
QSO: 14202 PH 2026-03-07 0023 ED8W 59 1000 KC1QQK 59 NH 1
QSO: 7181 PH 2026-03-07 0023 ED8W 59 1000 N3RS 59 PA 0
QSO: 14202 PH 2026-03-07 0023 ED8W 59 1000 WB3X 59 SC 1
QSO: 7181 PH 2026-03-07 0023 ED8W 59 1000 W2CG 59 NJ 0
QSO: 14202 PH 2026-03-07 0023 ED8W 59 1000 AK1MD 59 MA 1
QSO: 14202 PH 2026-03-07 0024 ED8W 59 1000 WB4CW 59 NC 1
QSO: 7181 PH 2026-03-07 0024 ED8W 59 1000 KB2AT 59 NJ 0
QSO: 14202 PH 2026-03-07 0024 ED8W 59 1000 N2RC 59 NY 1
QSO: 14202 PH 2026-03-07 0024 ED8W 59 1000 VE3EN 59 ON 1
QSO: 14202 PH 2026-03-07 0024 ED8W 59 1000 K9BAY 59 IN 1
QSO: 14202 PH 2026-03-07 0024 ED8W 59 1000 WT3Q 59 PA 1
QSO: 14202 PH 2026-03-07 0024 ED8W 59 1000 VA1MM 59 NS 1
QSO: 7181 PH 2026-03-07 0024 ED8W 59 1000 NC6R 59 CA 0
QSO: 7181 PH 2026-03-07 0025 ED8W 59 1000 VO2AC 59 LB 0
QSO: 14202 PH 2026-03-07 0025 ED8W 59 1000 WB8VTW 59 FL 1
QSO: 14202 PH 2026-03-07 0025 ED8W 59 1000 N4UU 59 FL 1
QSO: 14202 PH 2026-03-07 0025 ED8W 59 1000 N0YY 59 VA 1
QSO: 7181 PH 2026-03-07 0025 ED8W 59 1000 KA2QWC 59 NJ 0
QSO: 14202 PH 2026-03-07 0025 ED8W 59 1000 AI6MC 59 CA 1
QSO: 14202 PH 2026-03-07 0026 ED8W 59 1000 KV8O 59 MI 1
QSO: 7181 PH 2026-03-07 0026 ED8W 59 1000 K4QQG 59 SC 0
QSO: 14202 PH 2026-03-07 0026 ED8W 59 1000 K0XF 59 CO 1
QSO: 14202 PH 2026-03-07 0026 ED8W 59 1000 KG4USN 59 MD 1
QSO: 7181 PH 2026-03-07 0026 ED8W 59 1000 N2NT 59 NJ 0
QSO: 14202 PH 2026-03-07 0026 ED8W 59 1000 AA3B 59 PA 1
QSO: 14202 PH 2026-03-07 0026 ED8W 59 1000 W4RM 59 NC 1
QSO: 7181 PH 2026-03-07 0026 ED8W 59 1000 W4BR 59 FL 0
QSO: 14202 PH 2026-03-07 0026 ED8W 59 1000 K9RS 59 DE 1
QSO: 14202 PH 2026-03-07 0027 ED8W 59 1000 K9TC 59 IN 1
QSO: 14202 PH 2026-03-07 0027 ED8W 59 1000 K3TS 59 PA 1
QSO: 14202 PH 2026-03-07 0027 ED8W 59 1000 N9ZM 59 WI 1
QSO: 14202 PH 2026-03-07 0027 ED8W 59 1000 N2ZX 59 NY 1
QSO: 14202 PH 2026-03-07 0027 ED8W 59 1000 K1XM 59 MA 1
QSO: 14202 PH 2026-03-07 0027 ED8W 59 1000 VA7OM 59 BC 1
QSO: 14202 PH 2026-03-07 0028 ED8W 59 1000 KM7OH 59 NV 1
QSO: 7181 PH 2026-03-07 0028 ED8W 59 1000 N2NQW 59 NY 0
QSO: 14202 PH 2026-03-07 0028 ED8W 59 1000 NU1D 59 ME 1
QSO: 14202 PH 2026-03-07 0028 ED8W 59 1000 KE9CMY 59 IL 1
QSO: 7181 PH 2026-03-07 0028 ED8W 59 1000 VE3IC 59 ON 0
QSO: 14202 PH 2026-03-07 0029 ED8W 59 1000 VE3NFN 59 ON 1
QSO: 7181 PH 2026-03-07 0029 ED8W 59 1000 NK2R 59 NY 0
QSO: 14202 PH 2026-03-07 0029 ED8W 59 1000 KB3Z 59 PA 1
QSO: 14202 PH 2026-03-07 0029 ED8W 59 1000 CF3A 59 ON 1
QSO: 14202 PH 2026-03-07 0029 ED8W 59 1000 WX5S 59 CA 1
QSO: 14202 PH 2026-03-07 0029 ED8W 59 1000 N2YG 59 NY 1
QSO: 14202 PH 2026-03-07 0029 ED8W 59 1000 KE9ZZ 59 IL 1
QSO: 7181 PH 2026-03-07 0030 ED8W 59 1000 N1FTP 59 MA 0
QSO: 14202 PH 2026-03-07 0030 ED8W 59 1000 KF8IY 59 OH 1
QSO: 14202 PH 2026-03-07 0030 ED8W 59 1000 K7ST 59 WA 1
QSO: 7181 PH 2026-03-07 0030 ED8W 59 1000 W2PV 59 VT 0
QSO: 14202 PH 2026-03-07 0030 ED8W 59 1000 W8NI 59 OH 1
QSO: 14202 PH 2026-03-07 0030 ED8W 59 1000 KI5RK 59 TX 1
QSO: 14202 PH 2026-03-07 0031 ED8W 59 1000 KC7DB 59 AZ 1
QSO: 7181 PH 2026-03-07 0031 ED8W 59 1000 K4VBL 59 VA 0
QSO: 14202 PH 2026-03-07 0031 ED8W 59 1000 WM7A 59 OR 1
QSO: 7181 PH 2026-03-07 0031 ED8W 59 1000 KT4Q 59 NC 0
QSO: 7181 PH 2026-03-07 0031 ED8W 59 1000 WX3B 59 MD 0
QSO: 14202 PH 2026-03-07 0031 ED8W 59 1000 W4WWQ 59 VA 1
QSO: 7181 PH 2026-03-07 0031 ED8W 59 1000 K1XM 59 MA 0
QSO: 14202 PH 2026-03-07 0031 ED8W 59 1000 K2BX 59 NY 1
QSO: 14202 PH 2026-03-07 0031 ED8W 59 1000 N3FCP 59 PA 1
QSO: 14202 PH 2026-03-07 0032 ED8W 59 1000 VE3CW 59 ON 1
QSO: 14202 PH 2026-03-07 0032 ED8W 59 1000 VE3YAA 59 ON 1
QSO: 7181 PH 2026-03-07 0032 ED8W 59 1000 WA2MCR 59 NY 0
QSO: 14202 PH 2026-03-07 0032 ED8W 59 1000 WI3W 59 PA 1
QSO: 14202 PH 2026-03-07 0032 ED8W 59 1000 K5ZD 59 OH 1
QSO: 14202 PH 2026-03-07 0033 ED8W 59 1000 VE3TTP 59 ON 1
QSO: 7181 PH 2026-03-07 0033 ED8W 59 1000 WA2AEY 59 NY 0
QSO: 7181 PH 2026-03-07 0033 ED8W 59 1000 W0BM 59 MN 0
QSO: 14202 PH 2026-03-07 0033 ED8W 59 1000 AD4GG 59 TN 1
QSO: 14202 PH 2026-03-07 0033 ED8W 59 1000 N2AA 59 NJ 1
QSO: 7181 PH 2026-03-07 0033 ED8W 59 1000 VA1XH 59 NS 0
QSO: 14202 PH 2026-03-07 0033 ED8W 59 1000 N8WXQ 59 PA 1
QSO: 14202 PH 2026-03-07 0034 ED8W 59 1000 W5KAN 59 AR 1
QSO: 14202 PH 2026-03-07 0034 ED8W 59 1000 K1TTT 59 MA 1
QSO: 7181 PH 2026-03-07 0034 ED8W 59 1000 VO1TH 59 NF 0
QSO: 14202 PH 2026-03-07 0034 ED8W 59 1000 K4CFW 59 AL 1
QSO: 14202 PH 2026-03-07 0034 ED8W 59 1000 WJ2P 59 NJ 1
QSO: 7181 PH 2026-03-07 0034 ED8W 59 1000 K1LNF 59 SC 0
QSO: 14202 PH 2026-03-07 0034 ED8W 59 1000 K4QQG 59 SC 1
QSO: 14202 PH 2026-03-07 0035 ED8W 59 1000 NS3T 59 MD 1
QSO: 7181 PH 2026-03-07 0035 ED8W 59 1000 K2YY 59 NJ 0
QSO: 14202 PH 2026-03-07 0035 ED8W 59 1000 WE2A 59 NY 1
QSO: 7181 PH 2026-03-07 0035 ED8W 59 1000 WY3A 59 PA 0
QSO: 14202 PH 2026-03-07 0035 ED8W 59 1000 WA1Z 59 NH 1
QSO: 14202 PH 2026-03-07 0035 ED8W 59 1000 N7MZW 59 WY 1
QSO: 7181 PH 2026-03-07 0035 ED8W 59 1000 K8NIV 59 WV 0
QSO: 14202 PH 2026-03-07 0035 ED8W 59 1000 N0HKA 59 MN 1
QSO: 14202 PH 2026-03-07 0036 ED8W 59 1000 W1GD 59 MA 1
QSO: 7181 PH 2026-03-07 0036 ED8W 59 1000 W7BJN 59 WA 0
QSO: 7181 PH 2026-03-07 0036 ED8W 59 1000 KC9EE 59 IL 0
QSO: 14202 PH 2026-03-07 0036 ED8W 59 1000 N8YXR 59 MI 1
QSO: 14202 PH 2026-03-07 0036 ED8W 59 1000 N3RD 59 PA 1
QSO: 14202 PH 2026-03-07 0036 ED8W 59 1000 VA3UG 59 ON 1
QSO: 14202 PH 2026-03-07 0036 ED8W 59 1000 NK2R 59 NY 1
QSO: 14202 PH 2026-03-07 0037 ED8W 59 1000 KC9K 59 IL 1
QSO: 7181 PH 2026-03-07 0037 ED8W 59 1000 VE3ZV 59 ON 0
QSO: 14202 PH 2026-03-07 0037 ED8W 59 1000 WA3YOB 59 PA 1
QSO: 14202 PH 2026-03-07 0037 ED8W 59 1000 K0AE 59 CO 1
QSO: 7181 PH 2026-03-07 0037 ED8W 59 1000 W1UK 59 CT 0
QSO: 14202 PH 2026-03-07 0038 ED8W 59 1000 AA8EA 59 MI 1
QSO: 14202 PH 2026-03-07 0038 ED8W 59 1000 K4BDX 59 NC 1
QSO: 7181 PH 2026-03-07 0038 ED8W 59 1000 K3FF 59 PA 0
QSO: 14202 PH 2026-03-07 0038 ED8W 59 1000 K3TCE 59 MD 1
QSO: 14202 PH 2026-03-07 0038 ED8W 59 1000 KK2L 59 NJ 1
QSO: 14202 PH 2026-03-07 0038 ED8W 59 1000 K3YQA 59 PA 1
QSO: 14202 PH 2026-03-07 0039 ED8W 59 1000 KM4IAJ 59 VA 1
QSO: 14202 PH 2026-03-07 0039 ED8W 59 1000 W3ZGD 59 PA 1
QSO: 14202 PH 2026-03-07 0039 ED8W 59 1000 WV7S 59 WA 1
QSO: 14202 PH 2026-03-07 0039 ED8W 59 1000 K1RV 59 MA 1
QSO: 14202 PH 2026-03-07 0039 ED8W 59 1000 NX3A 59 VA 1
QSO: 14202 PH 2026-03-07 0040 ED8W 59 1000 K9HQ 59 TX 1
QSO: 14202 PH 2026-03-07 0040 ED8W 59 1000 K3ZR 59 PA 1
QSO: 14202 PH 2026-03-07 0040 ED8W 59 1000 W8MJ 59 MI 1
QSO: 14202 PH 2026-03-07 0040 ED8W 59 1000 K0CN 59 MN 1
QSO: 14202 PH 2026-03-07 0040 ED8W 59 1000 K0TRL 59 KS 1
QSO: 7181 PH 2026-03-07 0040 ED8W 59 1000 KE3X 59 DC 0
QSO: 14202 PH 2026-03-07 0040 ED8W 59 1000 WJ1U 59 NH 1
QSO: 14202 PH 2026-03-07 0040 ED8W 59 1000 NA8V 59 MI 1
QSO: 7181 PH 2026-03-07 0041 ED8W 59 1000 W3RJ 59 PA 0
QSO: 14202 PH 2026-03-07 0041 ED8W 59 1000 W2RD 59 NJ 1
QSO: 14202 PH 2026-03-07 0041 ED8W 59 1000 K1GMS 59 NH 1
QSO: 7181 PH 2026-03-07 0041 ED8W 59 1000 WC4E 59 FL 0
QSO: 14202 PH 2026-03-07 0041 ED8W 59 1000 NW6P 59 CA 1
QSO: 7181 PH 2026-03-07 0041 ED8W 59 1000 KG4W 59 VA 0
QSO: 14202 PH 2026-03-07 0041 ED8W 59 1000 WA2CP 59 NY 1
QSO: 14202 PH 2026-03-07 0041 ED8W 59 1000 WA3QWA 59 VA 1
QSO: 14202 PH 2026-03-07 0041 ED8W 59 1000 KE0ITC 59 IA 1
QSO: 14202 PH 2026-03-07 0042 ED8W 59 1000 NW3Y 59 DE 1
QSO: 14202 PH 2026-03-07 0042 ED8W 59 1000 VA2EBI 59 QC 1
QSO: 14202 PH 2026-03-07 0042 ED8W 59 1000 WW3S 59 PA 1
QSO: 14202 PH 2026-03-07 0042 ED8W 59 1000 KE0YDN 59 KS 1
QSO: 14202 PH 2026-03-07 0043 ED8W 59 1000 KE0KOT 59 MN 1
QSO: 7181 PH 2026-03-07 0043 ED8W 59 1000 NS3T 59 MD 0
QSO: 14202 PH 2026-03-07 0043 ED8W 59 1000 W8TB 59 OH 1
QSO: 14202 PH 2026-03-07 0043 ED8W 59 1000 NT6S 59 CA 1
QSO: 14202 PH 2026-03-07 0044 ED8W 59 1000 N8WEL 59 OH 1
QSO: 14202 PH 2026-03-07 0044 ED8W 59 1000 W1UK 59 CT 1
QSO: 7181 PH 2026-03-07 0044 ED8W 59 1000 N9ZM 59 WI 0
QSO: 14202 PH 2026-03-07 0044 ED8W 59 1000 VE3RVZ 59 ON 1
QSO: 7181 PH 2026-03-07 0044 ED8W 59 1000 K1HC 59 ME 0
QSO: 14202 PH 2026-03-07 0044 ED8W 59 1000 KD0BSY 59 CO 1
QSO: 14202 PH 2026-03-07 0045 ED8W 59 1000 W3SQ 59 PA 1
QSO: 14202 PH 2026-03-07 0045 ED8W 59 1000 K3ZA 59 PA 1
QSO: 14202 PH 2026-03-07 0045 ED8W 59 1000 W2GJF 59 NY 1
QSO: 7181 PH 2026-03-07 0045 ED8W 59 1000 WB2TQE 59 FL 0
QSO: 14202 PH 2026-03-07 0045 ED8W 59 1000 W3MF 59 PA 1
QSO: 14202 PH 2026-03-07 0045 ED8W 59 1000 N5DTT 59 TX 1
QSO: 14202 PH 2026-03-07 0045 ED8W 59 1000 WB2FKO 59 FL 1
QSO: 7181 PH 2026-03-07 0045 ED8W 59 1000 KF8AHK 59 OH 0
QSO: 7181 PH 2026-03-07 0046 ED8W 59 1000 W1KK 59 MA 0
QSO: 14202 PH 2026-03-07 0046 ED8W 59 1000 AG5HW 59 NM 1
QSO: 14202 PH 2026-03-07 0046 ED8W 59 1000 NS0R 59 KS 1
QSO: 14202 PH 2026-03-07 0046 ED8W 59 1000 KB9RKK 59 TN 1
QSO: 7181 PH 2026-03-07 0046 ED8W 59 1000 W9KEY 59 WI 0
QSO: 14202 PH 2026-03-07 0046 ED8W 59 1000 N3UUS 59 MI 1
QSO: 14202 PH 2026-03-07 0046 ED8W 59 1000 N2MLB 59 NY 1
QSO: 14202 PH 2026-03-07 0046 ED8W 59 1000 N1RM 59 VA 1
QSO: 7181 PH 2026-03-07 0046 ED8W 59 1000 KF8FDW 59 OH 0
QSO: 14202 PH 2026-03-07 0046 ED8W 59 1000 W2XX 59 NY 1
QSO: 14202 PH 2026-03-07 0046 ED8W 59 1000 KU2C 59 PA 1
QSO: 14202 PH 2026-03-07 0047 ED8W 59 1000 N1NQ 59 NY 1
QSO: 7181 PH 2026-03-07 0047 ED8W 59 1000 KC9GLR 59 IN 0
QSO: 14202 PH 2026-03-07 0047 ED8W 59 1000 KF6PJW 59 CA 1
QSO: 7181 PH 2026-03-07 0047 ED8W 59 1000 N2ZX 59 NY 0
QSO: 14202 PH 2026-03-07 0047 ED8W 59 1000 VE7ZO 59 BC 1
QSO: 7181 PH 2026-03-07 0047 ED8W 59 1000 KB1W 59 MA 0
QSO: 14202 PH 2026-03-07 0047 ED8W 59 1000 KT4Q 59 NC 1
QSO: 14202 PH 2026-03-07 0048 ED8W 59 1000 AE6CH 59 CA 1
QSO: 14202 PH 2026-03-07 0048 ED8W 59 1000 K1BDC 59 FL 1
QSO: 7181 PH 2026-03-07 0048 ED8W 59 1000 K6RO 59 ME 0
QSO: 14202 PH 2026-03-07 0048 ED8W 59 1000 KD3RF 59 PA 1
QSO: 14202 PH 2026-03-07 0048 ED8W 59 1000 AD1C 59 CO 1
QSO: 7181 PH 2026-03-07 0048 ED8W 59 1000 WA0MHJ 59 MN 0
QSO: 14202 PH 2026-03-07 0048 ED8W 59 1000 KB8DAC 59 MI 1
QSO: 14202 PH 2026-03-07 0049 ED8W 59 1000 W4NF 59 VA 1
QSO: 14202 PH 2026-03-07 0049 ED8W 59 1000 K1BX 59 NH 1
QSO: 14202 PH 2026-03-07 0049 ED8W 59 1000 KF7F 59 UT 1
QSO: 14202 PH 2026-03-07 0049 ED8W 59 1000 W6JN 59 NV 1
QSO: 14202 PH 2026-03-07 0049 ED8W 59 1000 W7REE 59 OR 1
QSO: 7181 PH 2026-03-07 0049 ED8W 59 1000 K3NRX 59 PA 0
QSO: 14202 PH 2026-03-07 0049 ED8W 59 1000 K0NG 59 TN 1
QSO: 14202 PH 2026-03-07 0050 ED8W 59 1000 K1AV 59 RI 1
QSO: 14202 PH 2026-03-07 0050 ED8W 59 1000 VA3SB 59 ON 1
QSO: 14202 PH 2026-03-07 0050 ED8W 59 1000 N3RS 59 PA 1
QSO: 14202 PH 2026-03-07 0050 ED8W 59 1000 KB6B 59 CO 1
QSO: 14202 PH 2026-03-07 0050 ED8W 59 1000 K6ERT 59 CA 1
QSO: 7181 PH 2026-03-07 0051 ED8W 59 1000 W3FR 59 MD 0
QSO: 14202 PH 2026-03-07 0051 ED8W 59 1000 K6GYO 59 CA 1
QSO: 7181 PH 2026-03-07 0051 ED8W 59 1000 KG4USN 59 MD 0
QSO: 14202 PH 2026-03-07 0051 ED8W 59 1000 VA7KXK 59 BC 1
QSO: 7181 PH 2026-03-07 0051 ED8W 59 1000 VO1AW 59 NF 0
QSO: 14202 PH 2026-03-07 0051 ED8W 59 1000 K4OJW 59 SC 1
QSO: 14202 PH 2026-03-07 0051 ED8W 59 1000 W9AV 59 WI 1
QSO: 14202 PH 2026-03-07 0052 ED8W 59 1000 W1WEF 59 CT 1
QSO: 14202 PH 2026-03-07 0052 ED8W 59 1000 VA6SZ 59 AB 1
QSO: 7181 PH 2026-03-07 0052 ED8W 59 1000 VE3NFN 59 ON 0
QSO: 14202 PH 2026-03-07 0052 ED8W 59 1000 N9GH 59 WI 1
QSO: 14202 PH 2026-03-07 0052 ED8W 59 1000 K4JSC 59 SC 1
QSO: 14202 PH 2026-03-07 0053 ED8W 59 1000 KQ3F 59 PA 1
QSO: 14202 PH 2026-03-07 0053 ED8W 59 1000 K3ZM 59 VA 1
QSO: 14202 PH 2026-03-07 0053 ED8W 59 1000 W2PV 59 VT 1
QSO: 14202 PH 2026-03-07 0053 ED8W 59 1000 KX4MT 59 SC 1
QSO: 14202 PH 2026-03-07 0053 ED8W 59 1000 WD8VN 59 OH 1
QSO: 14202 PH 2026-03-07 0054 ED8W 59 1000 KK5TY 59 TX 1
QSO: 14202 PH 2026-03-07 0054 ED8W 59 1000 K2EP 59 NY 1
QSO: 14202 PH 2026-03-07 0054 ED8W 59 1000 AA3K 59 PA 1
QSO: 14202 PH 2026-03-07 0054 ED8W 59 1000 W4MXZ 59 VA 1
QSO: 14202 PH 2026-03-07 0054 ED8W 59 1000 N8JE 59 OH 1
QSO: 7181 PH 2026-03-07 0054 ED8W 59 1000 VE9CZ 59 NB 0
QSO: 14202 PH 2026-03-07 0054 ED8W 59 1000 WA2WGF 59 NY 1
QSO: 14202 PH 2026-03-07 0055 ED8W 59 1000 AA1SU 59 VT 1
QSO: 7181 PH 2026-03-07 0055 ED8W 59 1000 W2RD 59 NJ 0
QSO: 7181 PH 2026-03-07 0055 ED8W 59 1000 W4RM 59 NC 0
QSO: 14202 PH 2026-03-07 0055 ED8W 59 1000 VE1RSM 59 NS 1
QSO: 14202 PH 2026-03-07 0055 ED8W 59 1000 W2ZO 59 NY 1
QSO: 14202 PH 2026-03-07 0055 ED8W 59 1000 WA3AER 59 MD 1
QSO: 7181 PH 2026-03-07 0055 ED8W 59 1000 K1TTT 59 MA 0
QSO: 14202 PH 2026-03-07 0056 ED8W 59 1000 K3OO 59 PA 1
QSO: 14202 PH 2026-03-07 0056 ED8W 59 1000 K0CIL 59 VA 1
QSO: 14202 PH 2026-03-07 0056 ED8W 59 1000 K2DD 59 NJ 1
QSO: 7181 PH 2026-03-07 0056 ED8W 59 1000 K4CAB 59 VA 0
QSO: 14202 PH 2026-03-07 0056 ED8W 59 1000 KA2KQP 59 NY 1
QSO: 14202 PH 2026-03-07 0057 ED8W 59 1000 VE3KMQ 59 ON 1
QSO: 14202 PH 2026-03-07 0057 ED8W 59 1000 K0AD 59 MN 1
QSO: 14202 PH 2026-03-07 0057 ED8W 59 1000 K2WB 59 NJ 1
QSO: 14202 PH 2026-03-07 0057 ED8W 59 1000 KB1W 59 MA 1
QSO: 7181 PH 2026-03-07 0057 ED8W 59 1000 KA2KON 59 NH 0
QSO: 7181 PH 2026-03-07 0058 ED8W 59 1000 N4MCC 59 TN 0
QSO: 7181 PH 2026-03-07 0058 ED8W 59 1000 N8WXQ 59 PA 0
QSO: 14202 PH 2026-03-07 0058 ED8W 59 1000 K3WA 59 NC 1
QSO: 14202 PH 2026-03-07 0058 ED8W 59 1000 N8WCP 59 OH 1
QSO: 7181 PH 2026-03-07 0058 ED8W 59 1000 VA2CZ 59 QC 0
QSO: 14202 PH 2026-03-07 0059 ED8W 59 1000 WW1H 59 NC 1
QSO: 14202 PH 2026-03-07 0059 ED8W 59 1000 W3LPL 59 MD 1
QSO: 14202 PH 2026-03-07 0059 ED8W 59 1000 NF3R 59 PA 1
QSO: 7181 PH 2026-03-07 0059 ED8W 59 1000 WA3AFS 59 NY 0
QSO: 14202 PH 2026-03-07 0059 ED8W 59 1000 AC1MT 59 MA 1
QSO: 7181 PH 2026-03-07 0059 ED8W 59 1000 K1BZ 59 ME 0
QSO: 14202 PH 2026-03-07 0100 ED8W 59 1000 K0SV 59 MS 1
QSO: 14202 PH 2026-03-07 0100 ED8W 59 1000 N2SQW 59 NY 1
QSO: 7181 PH 2026-03-07 0100 ED8W 59 1000 K9RS 59 DE 0
QSO: 14202 PH 2026-03-07 0100 ED8W 59 1000 WA2DNI 59 NY 1
QSO: 14202 PH 2026-03-07 0101 ED8W 59 1000 K3AU 59 MD 1
QSO: 14202 PH 2026-03-07 0101 ED8W 59 1000 KD4ULW 59 IN 1
QSO: 7181 PH 2026-03-07 0101 ED8W 59 1000 N1ALO 59 MA 0
QSO: 14202 PH 2026-03-07 0101 ED8W 59 1000 VE3UZX 59 ON 1
QSO: 14202 PH 2026-03-07 0101 ED8W 59 1000 W2MYA 59 NJ 1
QSO: 7181 PH 2026-03-07 0101 ED8W 59 1000 N2KHH 59 NY 0
QSO: 7181 PH 2026-03-07 0101 ED8W 59 1000 AB3CX 59 NY 0
QSO: 14202 PH 2026-03-07 0101 ED8W 59 1000 KI1P 59 VT 1
QSO: 14202 PH 2026-03-07 0102 ED8W 59 1000 N7MGW 59 WA 1
QSO: 14202 PH 2026-03-07 0102 ED8W 59 1000 WG3J 59 MD 1
QSO: 7181 PH 2026-03-07 0102 ED8W 59 1000 W9AV 59 WI 0
QSO: 14202 PH 2026-03-07 0102 ED8W 59 1000 KV1J 59 ME 1
QSO: 7181 PH 2026-03-07 0102 ED8W 59 1000 N4RA 59 WV 0
QSO: 14202 PH 2026-03-07 0102 ED8W 59 1000 VE3IC 59 ON 1
QSO: 7181 PH 2026-03-07 0102 ED8W 59 1000 N6AR 59 FL 0
QSO: 7181 PH 2026-03-07 0102 ED8W 59 1000 WB2PJH 59 NJ 0
QSO: 14202 PH 2026-03-07 0103 ED8W 59 1000 KC3HPT 59 MD 1
QSO: 14202 PH 2026-03-07 0103 ED8W 59 1000 AK0BC 59 CO 1
QSO: 7181 PH 2026-03-07 0103 ED8W 59 1000 K3OO 59 PA 0
QSO: 14202 PH 2026-03-07 0103 ED8W 59 1000 KG5RJ 59 TX 1
QSO: 14202 PH 2026-03-07 0103 ED8W 59 1000 K5TR 59 TX 1
QSO: 14202 PH 2026-03-07 0104 ED8W 59 1000 KB9OZI 59 IN 1
QSO: 14202 PH 2026-03-07 0104 ED8W 59 1000 KB0V 59 IL 1
QSO: 14202 PH 2026-03-07 0104 ED8W 59 1000 KN4BIT 59 NC 1
QSO: 14202 PH 2026-03-07 0104 ED8W 59 1000 W8CS 59 SC 1
QSO: 7181 PH 2026-03-07 0104 ED8W 59 1000 K1TH 59 MA 0
QSO: 14202 PH 2026-03-07 0104 ED8W 59 1000 VE9XX 59 NB 1
QSO: 7181 PH 2026-03-07 0104 ED8W 59 1000 N2SR 59 NJ 0
QSO: 7181 PH 2026-03-07 0105 ED8W 59 1000 N2RC 59 NY 0
QSO: 14202 PH 2026-03-07 0105 ED8W 59 1000 KE4VSS 59 TN 1
QSO: 7181 PH 2026-03-07 0105 ED8W 59 1000 VE1RSM 59 NS 0
QSO: 14202 PH 2026-03-07 0105 ED8W 59 1000 KA4QVZ 59 VA 1
QSO: 7181 PH 2026-03-07 0105 ED8W 59 1000 N0YY 59 VA 0
QSO: 14202 PH 2026-03-07 0105 ED8W 59 1000 W5GFO 59 TX 1
QSO: 7181 PH 2026-03-07 0105 ED8W 59 1000 K3WJV 59 PA 0
QSO: 14202 PH 2026-03-07 0106 ED8W 59 1000 K3WGR 59 PA 1
QSO: 14202 PH 2026-03-07 0106 ED8W 59 1000 WX3B 59 MD 1
QSO: 14202 PH 2026-03-07 0106 ED8W 59 1000 K3FF 59 PA 1
QSO: 7181 PH 2026-03-07 0106 ED8W 59 1000 WB8BPU 59 MD 0
QSO: 7181 PH 2026-03-07 0106 ED8W 59 1000 NE8P 59 FL 0
QSO: 14202 PH 2026-03-07 0107 ED8W 59 1000 K3SV 59 FL 1
QSO: 14202 PH 2026-03-07 0107 ED8W 59 1000 W9YK 59 IL 1
QSO: 7181 PH 2026-03-07 0107 ED8W 59 1000 W9HP 59 IN 0
QSO: 14202 PH 2026-03-07 0107 ED8W 59 1000 AI0M 59 MN 1
QSO: 14202 PH 2026-03-07 0107 ED8W 59 1000 KB2AT 59 NJ 1
QSO: 7181 PH 2026-03-07 0107 ED8W 59 1000 N3FCP 59 PA 0
QSO: 14202 PH 2026-03-07 0107 ED8W 59 1000 KG5RSV 59 TX 1
QSO: 7181 PH 2026-03-07 0107 ED8W 59 1000 NS3L 59 PA 0
QSO: 14202 PH 2026-03-07 0107 ED8W 59 1000 N2SR 59 NJ 1
QSO: 14202 PH 2026-03-07 0108 ED8W 59 1000 W4LP 59 FL 1
QSO: 14202 PH 2026-03-07 0108 ED8W 59 1000 N6MJ 59 NY 1
QSO: 14202 PH 2026-03-07 0108 ED8W 59 1000 KC1NY 59 WY 1
QSO: 14202 PH 2026-03-07 0108 ED8W 59 1000 N9LYE 59 IL 1
QSO: 14202 PH 2026-03-07 0108 ED8W 59 1000 KS3F 59 PA 1
QSO: 14202 PH 2026-03-07 0109 ED8W 59 1000 AF1DT 59 MI 1
QSO: 14202 PH 2026-03-07 0109 ED8W 59 1000 K3ATO 59 PA 1
QSO: 14202 PH 2026-03-07 0109 ED8W 59 1000 KY0Q 59 IL 1
QSO: 14202 PH 2026-03-07 0109 ED8W 59 1000 AA4CS 59 TN 1
QSO: 7181 PH 2026-03-07 0109 ED8W 59 1000 KD4NEM 59 VA 0
QSO: 14202 PH 2026-03-07 0110 ED8W 59 1000 KO4LU 59 PA 1
QSO: 7181 PH 2026-03-07 0110 ED8W 59 1000 K1KP 59 MA 0
QSO: 14202 PH 2026-03-07 0110 ED8W 59 1000 KC5TM 59 OK 1
QSO: 7181 PH 2026-03-07 0110 ED8W 59 1000 N2AA 59 NJ 0
QSO: 14202 PH 2026-03-07 0110 ED8W 59 1000 AD7SA 59 WA 1
QSO: 14202 PH 2026-03-07 0110 ED8W 59 1000 WC5B 59 OK 1
QSO: 7181 PH 2026-03-07 0110 ED8W 59 1000 VA3UG 59 ON 0
QSO: 14202 PH 2026-03-07 0111 ED8W 59 1000 KD2VSD 59 NY 1
QSO: 7181 PH 2026-03-07 0111 ED8W 59 1000 W3SQ 59 PA 0
QSO: 14202 PH 2026-03-07 0111 ED8W 59 1000 AE0MO 59 KS 1
QSO: 14202 PH 2026-03-07 0111 ED8W 59 1000 NT5V 59 TX 1
QSO: 14202 PH 2026-03-07 0111 ED8W 59 1000 WA3WBU 59 PA 1
QSO: 7181 PH 2026-03-07 0111 ED8W 59 1000 N0KKJ 59 MS 0
QSO: 14202 PH 2026-03-07 0111 ED8W 59 1000 WD5A 59 LA 1
QSO: 14202 PH 2026-03-07 0111 ED8W 59 1000 KQ4NSR 59 VA 1
QSO: 7181 PH 2026-03-07 0112 ED8W 59 1000 WA1T 59 NH 0
QSO: 14202 PH 2026-03-07 0112 ED8W 59 1000 K5FNE 59 TX 1
QSO: 14202 PH 2026-03-07 0112 ED8W 59 1000 K2PI 59 VA 1
QSO: 7181 PH 2026-03-07 0112 ED8W 59 1000 NA8V 59 MI 0
QSO: 14202 PH 2026-03-07 0112 ED8W 59 1000 WD0T 59 SD 1
QSO: 7181 PH 2026-03-07 0112 ED8W 59 1000 K4NDX 59 SC 0
QSO: 7181 PH 2026-03-07 0112 ED8W 59 1000 NR0T 59 MN 0
QSO: 14202 PH 2026-03-07 0113 ED8W 59 1000 KW4AK 59 GA 1
QSO: 14202 PH 2026-03-07 0113 ED8W 59 1000 W4YVA 59 VA 1
QSO: 14202 PH 2026-03-07 0113 ED8W 59 1000 N6PGQ 59 CA 1
QSO: 14202 PH 2026-03-07 0113 ED8W 59 1000 KO4GGR 59 GA 1
QSO: 7181 PH 2026-03-07 0114 ED8W 59 1000 W2GDJ 59 NY 0
QSO: 14202 PH 2026-03-07 0114 ED8W 59 1000 N0KWA 59 LA 1
QSO: 7181 PH 2026-03-07 0114 ED8W 59 1000 VA1MM 59 NS 0
QSO: 14202 PH 2026-03-07 0114 ED8W 59 1000 N8VU 59 GA 1
QSO: 14202 PH 2026-03-07 0114 ED8W 59 1000 N7US 59 IL 1
QSO: 14202 PH 2026-03-07 0115 ED8W 59 1000 W2ELS 59 NY 1
QSO: 14202 PH 2026-03-07 0115 ED8W 59 1000 K1LK 59 MA 1
QSO: 7181 PH 2026-03-07 0115 ED8W 59 1000 K5NU 59 NM 0
QSO: 7181 PH 2026-03-07 0115 ED8W 59 1000 N5RP 59 IL 0
QSO: 14202 PH 2026-03-07 0115 ED8W 59 1000 AC2FA 59 NY 1
QSO: 14202 PH 2026-03-07 0115 ED8W 59 1000 KI4BXU 59 VA 1
QSO: 7181 PH 2026-03-07 0116 ED8W 59 1000 KC9K 59 IL 0
QSO: 14202 PH 2026-03-07 0116 ED8W 59 1000 K4AB 59 AL 1
QSO: 14202 PH 2026-03-07 0116 ED8W 59 1000 K6EB 59 CA 1
QSO: 14202 PH 2026-03-07 0116 ED8W 59 1000 NK2Y 59 NY 1
QSO: 14202 PH 2026-03-07 0116 ED8W 59 1000 KA1ZE 59 FL 1
QSO: 14202 PH 2026-03-07 0116 ED8W 59 1000 AD4ES 59 FL 1
QSO: 14202 PH 2026-03-07 0117 ED8W 59 1000 AC6ZX 59 UT 1
QSO: 14202 PH 2026-03-07 0117 ED8W 59 1000 KD9YAX 59 WI 1
QSO: 14202 PH 2026-03-07 0117 ED8W 59 1000 W3KB 59 PA 1
QSO: 14202 PH 2026-03-07 0117 ED8W 59 1000 N4NTY 59 FL 1
QSO: 7181 PH 2026-03-07 0118 ED8W 59 1000 N4SS 59 KY 0
QSO: 14202 PH 2026-03-07 0118 ED8W 59 1000 NZ4B 59 NC 1
QSO: 14202 PH 2026-03-07 0118 ED8W 59 1000 NC6R 59 CA 1
QSO: 14202 PH 2026-03-07 0118 ED8W 59 1000 N3RJ 59 PA 1
QSO: 14202 PH 2026-03-07 0118 ED8W 59 1000 K8LY 59 OH 1
QSO: 14202 PH 2026-03-07 0119 ED8W 59 1000 WA0WWW 59 WA 1
QSO: 14202 PH 2026-03-07 0119 ED8W 59 1000 W7DK 59 WA 1
QSO: 14202 PH 2026-03-07 0119 ED8W 59 1000 AF0F 59 KS 1
QSO: 7181 PH 2026-03-07 0119 ED8W 59 1000 NS1T 59 CT 0
QSO: 7181 PH 2026-03-07 0120 ED8W 59 1000 K5ZD 59 OH 0
QSO: 14202 PH 2026-03-07 0120 ED8W 59 1000 KA1VF 59 MA 1
QSO: 14202 PH 2026-03-07 0120 ED8W 59 1000 WA0CIE 59 DE 1
QSO: 7181 PH 2026-03-07 0120 ED8W 59 1000 W1NT 59 NH 0
QSO: 14202 PH 2026-03-07 0120 ED8W 59 1000 VE7IGA 59 BC 1
QSO: 7181 PH 2026-03-07 0120 ED8W 59 1000 NQ4I 59 GA 0
QSO: 7181 PH 2026-03-07 0120 ED8W 59 1000 KK5TY 59 TX 0
QSO: 14202 PH 2026-03-07 0121 ED8W 59 1000 K7ES 59 OR 1
QSO: 14202 PH 2026-03-07 0121 ED8W 59 1000 K1RX 59 NH 1
QSO: 14202 PH 2026-03-07 0121 ED8W 59 1000 VA3IDD 59 ON 1
QSO: 14202 PH 2026-03-07 0121 ED8W 59 1000 VE2NDB 59 QC 1
QSO: 7181 PH 2026-03-07 0121 ED8W 59 1000 W5DP 59 TX 0
QSO: 14202 PH 2026-03-07 0121 ED8W 59 1000 AE9L 59 IL 1
QSO: 7181 PH 2026-03-07 0122 ED8W 59 1000 KA2KQP 59 NY 0
QSO: 14202 PH 2026-03-07 0122 ED8W 59 1000 4U1WB 59 DC 1
QSO: 7181 PH 2026-03-07 0122 ED8W 59 1000 VA3AR 59 ON 0
QSO: 14202 PH 2026-03-07 0122 ED8W 59 1000 KB9UDK 59 IN 1
QSO: 14202 PH 2026-03-07 0123 ED8W 59 1000 AB7Q 59 AZ 1
QSO: 14202 PH 2026-03-07 0123 ED8W 59 1000 WJ5R 59 TX 1
QSO: 14202 PH 2026-03-07 0123 ED8W 59 1000 AD6WL 59 CA 1
QSO: 14202 PH 2026-03-07 0123 ED8W 59 1000 WS9X 59 WI 1
QSO: 14202 PH 2026-03-07 0123 ED8W 59 1000 VE2NTT 59 QC 1
QSO: 7181 PH 2026-03-07 0124 ED8W 59 1000 KI1P 59 VT 0
QSO: 14202 PH 2026-03-07 0124 ED8W 59 1000 N0JNM 59 MN 1
QSO: 14202 PH 2026-03-07 0124 ED8W 59 1000 KC7V 59 AZ 1
QSO: 14202 PH 2026-03-07 0124 ED8W 59 1000 WA5SOG 59 AR 1
QSO: 14202 PH 2026-03-07 0124 ED8W 59 1000 VA2SJ 59 QC 1
QSO: 14202 PH 2026-03-07 0124 ED8W 59 1000 W1VSX 59 FL 1
QSO: 14202 PH 2026-03-07 0125 ED8W 59 1000 N1DE 59 ME 1
QSO: 14202 PH 2026-03-07 0125 ED8W 59 1000 K9KEV 59 TX 1
QSO: 14202 PH 2026-03-07 0125 ED8W 59 1000 N7JEH 59 UT 1
QSO: 7181 PH 2026-03-07 0125 ED8W 59 1000 AD1C 59 CO 0
QSO: 14202 PH 2026-03-07 0125 ED8W 59 1000 VA3OOL 59 ON 1
QSO: 14202 PH 2026-03-07 0125 ED8W 59 1000 VE3LRL 59 ON 1
QSO: 14202 PH 2026-03-07 0125 ED8W 59 1000 N4RLF 59 SC 1
QSO: 7181 PH 2026-03-07 0126 ED8W 59 1000 VE9CF 59 NB 0
QSO: 14202 PH 2026-03-07 0126 ED8W 59 1000 AE6HD 59 CA 1
QSO: 14202 PH 2026-03-07 0126 ED8W 59 1000 KS5Z 59 TX 1
QSO: 14202 PH 2026-03-07 0126 ED8W 59 1000 K9CI 59 IL 1
QSO: 7181 PH 2026-03-07 0126 ED8W 59 1000 KE2GXY 59 NY 0
QSO: 14202 PH 2026-03-07 0126 ED8W 59 1000 VE4SI 59 MB 1
QSO: 7181 PH 2026-03-07 0126 ED8W 59 1000 AA0MQ 59 IA 0
QSO: 14202 PH 2026-03-07 0126 ED8W 59 1000 K8AZ 59 OH 1
QSO: 7181 PH 2026-03-07 0126 ED8W 59 1000 W4NF 59 VA 0
QSO: 14202 PH 2026-03-07 0127 ED8W 59 1000 KD9EBS 59 IL 1
QSO: 7181 PH 2026-03-07 0127 ED8W 59 1000 AA6AA 59 CA 0
QSO: 14202 PH 2026-03-07 0127 ED8W 59 1000 KC8KYQ 59 OH 1
QSO: 14202 PH 2026-03-07 0127 ED8W 59 1000 WI7N 59 OR 1
QSO: 14202 PH 2026-03-07 0127 ED8W 59 1000 KC9DD 59 IN 1
QSO: 7181 PH 2026-03-07 0127 ED8W 59 1000 KD3RF 59 PA 0
QSO: 14202 PH 2026-03-07 0127 ED8W 59 1000 KC2QJB 59 NJ 1
QSO: 7181 PH 2026-03-07 0127 ED8W 59 1000 WA2CP 59 NY 0
QSO: 7181 PH 2026-03-07 0128 ED8W 59 1000 W3ZGD 59 PA 0
QSO: 14202 PH 2026-03-07 0128 ED8W 59 1000 K9WO 59 WI 1
QSO: 14202 PH 2026-03-07 0128 ED8W 59 1000 WB8BZK 59 IL 1
QSO: 14202 PH 2026-03-07 0128 ED8W 59 1000 K7IDX 59 NV 1
QSO: 14202 PH 2026-03-07 0128 ED8W 59 1000 KA5TCF 59 TX 1
QSO: 14202 PH 2026-03-07 0130 ED8W 59 1000 N9DEK 59 IN 1
QSO: 7182 PH 2026-03-07 0130 ED8W 59 1000 K2BX 59 NY 0
QSO: 14202 PH 2026-03-07 0130 ED8W 59 1000 W2DAN 59 RI 1
QSO: 7182 PH 2026-03-07 0130 ED8W 59 1000 AC8Y 59 VA 0
QSO: 14202 PH 2026-03-07 0130 ED8W 59 1000 KG1E 59 MA 1
QSO: 7182 PH 2026-03-07 0130 ED8W 59 1000 N9LQ 59 IL 0
QSO: 14202 PH 2026-03-07 0131 ED8W 59 1000 KA8FQ 59 MI 1
QSO: 14202 PH 2026-03-07 0131 ED8W 59 1000 WK2W 59 NJ 1
QSO: 7182 PH 2026-03-07 0131 ED8W 59 1000 K8MR 59 FL 0
QSO: 7182 PH 2026-03-07 0131 ED8W 59 1000 WG3C 59 MD 0
QSO: 14202 PH 2026-03-07 0131 ED8W 59 1000 VA6CHK 59 AB 1
QSO: 14202 PH 2026-03-07 0131 ED8W 59 1000 KB8NXH 59 WV 1
QSO: 7182 PH 2026-03-07 0131 ED8W 59 1000 WB4BMQ 59 AL 0
QSO: 14202 PH 2026-03-07 0131 ED8W 59 1000 NS1T 59 CT 1
QSO: 7182 PH 2026-03-07 0131 ED8W 59 1000 W8MJ 59 MI 0
QSO: 14202 PH 2026-03-07 0132 ED8W 59 1000 N1UR 59 VT 1
QSO: 14202 PH 2026-03-07 0132 ED8W 59 1000 KD2I 59 NJ 1
QSO: 7182 PH 2026-03-07 0132 ED8W 59 1000 W9YK 59 IL 0
QSO: 14202 PH 2026-03-07 0132 ED8W 59 1000 W1JIM 59 MA 1
QSO: 7182 PH 2026-03-07 0132 ED8W 59 1000 KG4STL 59 TN 0
QSO: 14202 PH 2026-03-07 0132 ED8W 59 1000 NZ8V 59 MI 1
QSO: 14202 PH 2026-03-07 0132 ED8W 59 1000 W5EHP 59 TX 1
QSO: 7182 PH 2026-03-07 0133 ED8W 59 1000 WS7X 59 FL 0
QSO: 14202 PH 2026-03-07 0133 ED8W 59 1000 N3YHM 59 PA 1
QSO: 14202 PH 2026-03-07 0133 ED8W 59 1000 W5MX 59 KY 1
QSO: 14202 PH 2026-03-07 0133 ED8W 59 1000 K3FMQ 59 PA 1
QSO: 7182 PH 2026-03-07 0133 ED8W 59 1000 AK1MD 59 MA 0
QSO: 7182 PH 2026-03-07 0133 ED8W 59 1000 AG3I 59 PA 0
QSO: 7182 PH 2026-03-07 0134 ED8W 59 1000 WT3Q 59 PA 0
QSO: 7182 PH 2026-03-07 0134 ED8W 59 1000 K0CN 59 MN 0
QSO: 7182 PH 2026-03-07 0134 ED8W 59 1000 K3AU 59 MD 0
QSO: 14202 PH 2026-03-07 0134 ED8W 59 1000 KR4EJY 59 FL 1
QSO: 7182 PH 2026-03-07 0134 ED8W 59 1000 WA3A 59 PA 0
QSO: 14202 PH 2026-03-07 0134 ED8W 59 1000 KG4WDX 59 NC 1
QSO: 14202 PH 2026-03-07 0134 ED8W 59 1000 K2RB 59 CT 1
QSO: 7182 PH 2026-03-07 0134 ED8W 59 1000 N4DN 59 VA 0
QSO: 14202 PH 2026-03-07 0135 ED8W 59 1000 W2ZQ 59 NJ 1
QSO: 14202 PH 2026-03-07 0135 ED8W 59 1000 K0JJR 59 MN 1
QSO: 14202 PH 2026-03-07 0135 ED8W 59 1000 WR2G 59 NJ 1
QSO: 7182 PH 2026-03-07 0135 ED8W 59 1000 WA2WGF 59 NY 0
QSO: 14202 PH 2026-03-07 0135 ED8W 59 1000 KC1RFK 59 TN 1
QSO: 14202 PH 2026-03-07 0135 ED8W 59 1000 W3FR 59 MD 1
QSO: 14202 PH 2026-03-07 0136 ED8W 59 1000 K1PNQ 59 MA 1
QSO: 14202 PH 2026-03-07 0136 ED8W 59 1000 VE3WMI 59 ON 1
QSO: 14202 PH 2026-03-07 0137 ED8W 59 1000 VE7CV 59 BC 1
QSO: 7182 PH 2026-03-07 0137 ED8W 59 1000 KA4ENO 59 VA 0
QSO: 14202 PH 2026-03-07 0137 ED8W 59 1000 AA3HD 59 ME 1
QSO: 7182 PH 2026-03-07 0137 ED8W 59 1000 K4AB 59 AL 0
QSO: 14202 PH 2026-03-07 0137 ED8W 59 1000 KD9MS 59 IL 1
QSO: 7182 PH 2026-03-07 0137 ED8W 59 1000 KQ3F 59 PA 0
QSO: 14202 PH 2026-03-07 0138 ED8W 59 1000 N4KCD 59 MI 1
QSO: 14202 PH 2026-03-07 0138 ED8W 59 1000 KV9F 59 IL 1
QSO: 7182 PH 2026-03-07 0138 ED8W 59 1000 NO5G 59 LA 0
QSO: 7182 PH 2026-03-07 0138 ED8W 59 1000 W3MF 59 PA 0
QSO: 14202 PH 2026-03-07 0138 ED8W 59 1000 VA3CWT 59 ON 1
QSO: 7182 PH 2026-03-07 0138 ED8W 59 1000 AB1MM 59 TX 0
QSO: 14202 PH 2026-03-07 0139 ED8W 59 1000 WE9R 59 WI 1
QSO: 7182 PH 2026-03-07 0139 ED8W 59 1000 N1RP 59 NH 0
QSO: 14202 PH 2026-03-07 0139 ED8W 59 1000 AB2TC 59 NY 1
QSO: 7182 PH 2026-03-07 0139 ED8W 59 1000 NW3Y 59 DE 0
QSO: 14202 PH 2026-03-07 0139 ED8W 59 1000 K2ANZ 59 NY 1
QSO: 14202 PH 2026-03-07 0139 ED8W 59 1000 W4FSO 59 VA 1
QSO: 14202 PH 2026-03-07 0139 ED8W 59 1000 N4CW 59 NC 1
QSO: 14202 PH 2026-03-07 0139 ED8W 59 1000 KA0WWT 59 NV 1
QSO: 14202 PH 2026-03-07 0140 ED8W 59 1000 KE0OC 59 CO 1
QSO: 7182 PH 2026-03-07 0140 ED8W 59 1000 KR4EVE 59 FL 0
QSO: 14202 PH 2026-03-07 0140 ED8W 59 1000 W8LYO 59 OH 1
QSO: 14202 PH 2026-03-07 0140 ED8W 59 1000 AA1K 59 DE 1
QSO: 14202 PH 2026-03-07 0140 ED8W 59 1000 K3RC 59 CA 1
QSO: 14202 PH 2026-03-07 0141 ED8W 59 1000 KC7TY 59 WY 1
QSO: 14202 PH 2026-03-07 0141 ED8W 59 1000 W8BI 59 OH 1
QSO: 7182 PH 2026-03-07 0141 ED8W 59 1000 K3TS 59 PA 0
QSO: 14202 PH 2026-03-07 0141 ED8W 59 1000 KA1CPR 59 MA 1
QSO: 7182 PH 2026-03-07 0141 ED8W 59 1000 N2MF 59 NY 0
QSO: 14202 PH 2026-03-07 0141 ED8W 59 1000 WA7TOY 59 WA 1
QSO: 14202 PH 2026-03-07 0142 ED8W 59 1000 NW6U 59 AR 1
QSO: 7182 PH 2026-03-07 0142 ED8W 59 1000 N1FR 59 CT 0
QSO: 7182 PH 2026-03-07 0143 ED8W 59 1000 NF3R 59 PA 0
QSO: 14202 PH 2026-03-07 0143 ED8W 59 1000 W2RDB 59 NY 1
QSO: 14202 PH 2026-03-07 0143 ED8W 59 1000 WB6AQP 59 CA 1
QSO: 14202 PH 2026-03-07 0143 ED8W 59 1000 K2MV 59 NY 1
QSO: 7182 PH 2026-03-07 0144 ED8W 59 1000 K8DDV 59 MI 0
QSO: 7182 PH 2026-03-07 0144 ED8W 59 1000 N3RJ 59 PA 0
QSO: 7182 PH 2026-03-07 0144 ED8W 59 1000 N5GI 59 FL 0
QSO: 14202 PH 2026-03-07 0145 ED8W 59 1000 N1IPB 59 NH 1
QSO: 7182 PH 2026-03-07 0145 ED8W 59 1000 KI4PHE 59 AL 0
QSO: 14202 PH 2026-03-07 0145 ED8W 59 1000 N7LAX 59 GA 1
QSO: 7182 PH 2026-03-07 0145 ED8W 59 1000 KM2O 59 NY 0
QSO: 14202 PH 2026-03-07 0145 ED8W 59 1000 K3WSP 59 DE 1
QSO: 14202 PH 2026-03-07 0145 ED8W 59 1000 NR0T 59 MN 1
QSO: 7182 PH 2026-03-07 0146 ED8W 59 1000 WB8BZK 59 IL 0
QSO: 14202 PH 2026-03-07 0146 ED8W 59 1000 W9AHW 59 IN 1
QSO: 14202 PH 2026-03-07 0146 ED8W 59 1000 AA8OY 59 OH 1
QSO: 14202 PH 2026-03-07 0147 ED8W 59 1000 W2NDG 59 NY 1
QSO: 7182 PH 2026-03-07 0147 ED8W 59 1000 KC3HXF 59 PA 0
QSO: 14202 PH 2026-03-07 0147 ED8W 59 1000 KC1DF 59 MA 1
QSO: 14202 PH 2026-03-07 0147 ED8W 59 1000 KE8MOI 59 MI 1
QSO: 7182 PH 2026-03-07 0147 ED8W 59 1000 N8BV 59 OH 0
QSO: 14202 PH 2026-03-07 0147 ED8W 59 1000 N0MQ 59 MN 1
QSO: 7182 PH 2026-03-07 0147 ED8W 59 1000 VY2TT 59 PE 0
QSO: 14202 PH 2026-03-07 0148 ED8W 59 1000 N9SVG 59 TN 1
QSO: 14202 PH 2026-03-07 0148 ED8W 59 1000 K2XA 59 NY 1
QSO: 14202 PH 2026-03-07 0148 ED8W 59 1000 K5BI 59 AR 1
QSO: 14202 PH 2026-03-07 0149 ED8W 59 1000 W4MLB 59 FL 1
QSO: 14202 PH 2026-03-07 0149 ED8W 59 1000 K2QO 59 NY 1
QSO: 7182 PH 2026-03-07 0149 ED8W 59 1000 WA2DNI 59 NY 0
QSO: 14202 PH 2026-03-07 0150 ED8W 59 1000 W7JXY 59 ID 1
QSO: 14202 PH 2026-03-07 0150 ED8W 59 1000 KE5AZ 59 TX 1
QSO: 14202 PH 2026-03-07 0150 ED8W 59 1000 K2YG 59 NJ 1
QSO: 14202 PH 2026-03-07 0150 ED8W 59 1000 W9KEY 59 WI 1
QSO: 14202 PH 2026-03-07 0150 ED8W 59 1000 KB4OK 59 FL 1
QSO: 14202 PH 2026-03-07 0150 ED8W 59 1000 N2TK 59 NY 1
QSO: 7182 PH 2026-03-07 0150 ED8W 59 1000 WK2W 59 NJ 0
QSO: 14202 PH 2026-03-07 0150 ED8W 59 1000 KD8ZBS 59 OH 1
QSO: 7182 PH 2026-03-07 0151 ED8W 59 1000 N1UR 59 VT 0
QSO: 14202 PH 2026-03-07 0151 ED8W 59 1000 NW5Q 59 TX 1
QSO: 7182 PH 2026-03-07 0151 ED8W 59 1000 WJ1U 59 NH 0
QSO: 14202 PH 2026-03-07 0151 ED8W 59 1000 VA1EET 59 NS 1
QSO: 14202 PH 2026-03-07 0151 ED8W 59 1000 N6JW 59 CA 1
QSO: 7182 PH 2026-03-07 0151 ED8W 59 1000 N4WAY 59 FL 0
QSO: 7182 PH 2026-03-07 0151 ED8W 59 1000 W5MX 59 KY 0
QSO: 7182 PH 2026-03-07 0151 ED8W 59 1000 KD2I 59 NJ 0
QSO: 14202 PH 2026-03-07 0152 ED8W 59 1000 K7GDR 59 OR 1
QSO: 14202 PH 2026-03-07 0152 ED8W 59 1000 ND9M 59 FL 1
QSO: 14202 PH 2026-03-07 0152 ED8W 59 1000 K8AO 59 MI 1
QSO: 7182 PH 2026-03-07 0152 ED8W 59 1000 N3AAA 59 PA 0
QSO: 14202 PH 2026-03-07 0152 ED8W 59 1000 K2EJ 59 MD 1
QSO: 14202 PH 2026-03-07 0152 ED8W 59 1000 N6OKU 59 CA 1
QSO: 7182 PH 2026-03-07 0152 ED8W 59 1000 K1BX 59 NH 0
QSO: 14202 PH 2026-03-07 0152 ED8W 59 1000 N4CF 59 VA 1
QSO: 14202 PH 2026-03-07 0153 ED8W 59 1000 KM4DWY 59 NC 1
QSO: 14202 PH 2026-03-07 0153 ED8W 59 1000 KG4R 59 FL 1
QSO: 14202 PH 2026-03-07 0153 ED8W 59 1000 N3BMX 59 PA 1
QSO: 7182 PH 2026-03-07 0153 ED8W 59 1000 K4WWA 59 VA 0
QSO: 7182 PH 2026-03-07 0153 ED8W 59 1000 N3RD 59 PA 0
QSO: 14202 PH 2026-03-07 0153 ED8W 59 1000 N8ET 59 OH 1
QSO: 7182 PH 2026-03-07 0154 ED8W 59 1000 NW6P 59 CA 0
QSO: 14202 PH 2026-03-07 0154 ED8W 59 1000 W0DAS 59 CO 1
QSO: 14202 PH 2026-03-07 0154 ED8W 59 1000 NW8U 59 WV 1
QSO: 14202 PH 2026-03-07 0154 ED8W 59 1000 W4IDX 59 AZ 1
QSO: 14202 PH 2026-03-07 0154 ED8W 59 1000 VE3SIQ 59 ON 1
QSO: 14202 PH 2026-03-07 0154 ED8W 59 1000 N4ZZ 59 TN 1
QSO: 7182 PH 2026-03-07 0154 ED8W 59 1000 K1RV 59 MA 0
QSO: 14202 PH 2026-03-07 0155 ED8W 59 1000 KA3ZLS 59 DE 1
QSO: 14202 PH 2026-03-07 0155 ED8W 59 1000 N2NKX 59 NY 1
QSO: 14202 PH 2026-03-07 0155 ED8W 59 1000 K3FF 59 PA 1
QSO: 14202 PH 2026-03-07 0155 ED8W 59 1000 VE3VEU 59 ON 1
QSO: 14202 PH 2026-03-07 0156 ED8W 59 1000 WA1ZYX 59 NH 1
QSO: 14202 PH 2026-03-07 0156 ED8W 59 1000 K9IO 59 WI 1
QSO: 14202 PH 2026-03-07 0156 ED8W 59 1000 KV0I 59 NE 1
QSO: 14202 PH 2026-03-07 0156 ED8W 59 1000 WA3DB 59 PA 1
QSO: 7182 PH 2026-03-07 0156 ED8W 59 1000 KJ5AZE 59 TX 0
QSO: 14202 PH 2026-03-07 0157 ED8W 59 1000 VE3TWP 59 ON 1
QSO: 7182 PH 2026-03-07 0157 ED8W 59 1000 NB2P 59 NJ 0
QSO: 14202 PH 2026-03-07 0157 ED8W 59 1000 VE9CF 59 NB 1
QSO: 7182 PH 2026-03-07 0157 ED8W 59 1000 NS0R 59 KS 0
QSO: 14202 PH 2026-03-07 0157 ED8W 59 1000 VA3MZD 59 ON 1
QSO: 14202 PH 2026-03-07 0157 ED8W 59 1000 KB2GD 59 NY 1
QSO: 14202 PH 2026-03-07 0157 ED8W 59 1000 N6ZBC 59 CA 1
QSO: 7182 PH 2026-03-07 0157 ED8W 59 1000 W2XX 59 NY 0
QSO: 7182 PH 2026-03-07 0157 ED8W 59 1000 K5TR 59 TX 0
QSO: 14202 PH 2026-03-07 0157 ED8W 59 1000 W3MLK 59 DE 1
QSO: 7182 PH 2026-03-07 0158 ED8W 59 1000 W0CGC 59 TN 0
QSO: 7182 PH 2026-03-07 0158 ED8W 59 1000 W3RRM 59 MD 0
QSO: 14202 PH 2026-03-07 0158 ED8W 59 1000 NN4NT 59 AL 1
QSO: 14202 PH 2026-03-07 0158 ED8W 59 1000 WD9CIR 59 IL 1
QSO: 14202 PH 2026-03-07 0159 ED8W 59 1000 N1SFE 59 CT 1
QSO: 14202 PH 2026-03-07 0159 ED8W 59 1000 VE6LQ 59 AB 1
QSO: 7182 PH 2026-03-07 0159 ED8W 59 1000 WB6DXR 59 CA 0
QSO: 14202 PH 2026-03-07 0159 ED8W 59 1000 VE3MHA 59 ON 1
QSO: 7182 PH 2026-03-07 0159 ED8W 59 1000 K1RX 59 NH 0
QSO: 7182 PH 2026-03-07 0159 ED8W 59 1000 W8TB 59 OH 0
QSO: 14202 PH 2026-03-07 0159 ED8W 59 1000 W6AJR 59 CA 1
QSO: 7182 PH 2026-03-07 0200 ED8W 59 1000 N2IDA 59 AZ 0
QSO: 14202 PH 2026-03-07 0200 ED8W 59 1000 N4CRB 59 SC 1
QSO: 7182 PH 2026-03-07 0200 ED8W 59 1000 K9PW 59 IL 0
QSO: 14202 PH 2026-03-07 0200 ED8W 59 1000 KS0FD 59 KS 1
QSO: 14202 PH 2026-03-07 0200 ED8W 59 1000 KD8FS 59 MI 1
QSO: 14202 PH 2026-03-07 0200 ED8W 59 1000 K3ND 59 PA 1
QSO: 7182 PH 2026-03-07 0201 ED8W 59 1000 NT5V 59 TX 0
QSO: 14202 PH 2026-03-07 0201 ED8W 59 1000 NB1N 59 MA 1
QSO: 14202 PH 2026-03-07 0201 ED8W 59 1000 KN6IQ 59 CA 1
QSO: 7182 PH 2026-03-07 0202 ED8W 59 1000 KE2ELI 59 NY 0
QSO: 14202 PH 2026-03-07 0202 ED8W 59 1000 AA7V 59 AZ 1
QSO: 14202 PH 2026-03-07 0202 ED8W 59 1000 W3RJ 59 PA 1
QSO: 7182 PH 2026-03-07 0202 ED8W 59 1000 VE9XX 59 NB 0
QSO: 7182 PH 2026-03-07 0202 ED8W 59 1000 K1KI 59 CT 0
QSO: 7182 PH 2026-03-07 0202 ED8W 59 1000 AB4ES 59 FL 0
QSO: 14202 PH 2026-03-07 0203 ED8W 59 1000 WF9T 59 FL 1
QSO: 14202 PH 2026-03-07 0203 ED8W 59 1000 N2WLY 59 NJ 1
QSO: 7182 PH 2026-03-07 0203 ED8W 59 1000 K1BDC 59 FL 0
QSO: 14202 PH 2026-03-07 0203 ED8W 59 1000 WB5N 59 TX 1
QSO: 7182 PH 2026-03-07 0203 ED8W 59 1000 WA2JQK 59 NY 0
QSO: 14202 PH 2026-03-07 0203 ED8W 59 1000 AE7PV 59 AZ 1
QSO: 14202 PH 2026-03-07 0203 ED8W 59 1000 W7MJM 59 OR 1
QSO: 7182 PH 2026-03-07 0203 ED8W 59 1000 VE3LRL 59 ON 0
QSO: 14202 PH 2026-03-07 0204 ED8W 59 1000 KI9A 59 IL 1
QSO: 7182 PH 2026-03-07 0204 ED8W 59 1000 K2WB 59 NJ 0
QSO: 14202 PH 2026-03-07 0204 ED8W 59 1000 VE3YZ 59 ON 1
QSO: 14202 PH 2026-03-07 0204 ED8W 59 1000 NR0Q 59 OK 1
QSO: 7182 PH 2026-03-07 0204 ED8W 59 1000 K2SPL 59 NJ 0
QSO: 14202 PH 2026-03-07 0204 ED8W 59 1000 K4MWJ 59 TN 1
QSO: 14202 PH 2026-03-07 0204 ED8W 59 1000 K9PW 59 IL 1
QSO: 7182 PH 2026-03-07 0204 ED8W 59 1000 KX4MT 59 SC 0
QSO: 14202 PH 2026-03-07 0205 ED8W 59 1000 K6DAV 59 CA 1
QSO: 7182 PH 2026-03-07 0205 ED8W 59 1000 KA3S 59 PA 0
QSO: 14202 PH 2026-03-07 0205 ED8W 59 1000 AC2ZZ 59 NJ 1
QSO: 14202 PH 2026-03-07 0205 ED8W 59 1000 VA3JBS 59 ON 1
QSO: 7182 PH 2026-03-07 0205 ED8W 59 1000 K3YQA 59 PA 0
QSO: 14202 PH 2026-03-07 0205 ED8W 59 1000 KB2HSP 59 NJ 1
QSO: 14202 PH 2026-03-07 0206 ED8W 59 1000 KN2M 59 NY 1
QSO: 14202 PH 2026-03-07 0206 ED8W 59 1000 AA4NC 59 NC 1
QSO: 14202 PH 2026-03-07 0206 ED8W 59 1000 K6LL 59 AZ 1
QSO: 7182 PH 2026-03-07 0206 ED8W 59 1000 AA4CS 59 TN 0
QSO: 14202 PH 2026-03-07 0206 ED8W 59 1000 N3ZA 59 PA 1
QSO: 14202 PH 2026-03-07 0206 ED8W 59 1000 N0EO 59 MN 1
QSO: 7182 PH 2026-03-07 0207 ED8W 59 1000 KI5GTR 59 AR 0
QSO: 14202 PH 2026-03-07 0207 ED8W 59 1000 K6RO 59 ME 1
QSO: 7182 PH 2026-03-07 0207 ED8W 59 1000 K0PG 59 IL 0
QSO: 14202 PH 2026-03-07 0207 ED8W 59 1000 W0PR 59 MN 1
QSO: 14202 PH 2026-03-07 0207 ED8W 59 1000 NG3Q 59 OH 1
QSO: 7182 PH 2026-03-07 0207 ED8W 59 1000 NK2Y 59 NY 0
QSO: 14202 PH 2026-03-07 0207 ED8W 59 1000 WB8MIW 59 MI 1
QSO: 14202 PH 2026-03-07 0207 ED8W 59 1000 W2CG 59 NJ 1
QSO: 14202 PH 2026-03-07 0208 ED8W 59 1000 KS2G 59 NY 1
QSO: 7182 PH 2026-03-07 0208 ED8W 59 1000 N7RK 59 AZ 0
QSO: 14202 PH 2026-03-07 0208 ED8W 59 1000 K7WXB 59 UT 1
QSO: 14202 PH 2026-03-07 0208 ED8W 59 1000 N4CWZ 59 NC 1
QSO: 14202 PH 2026-03-07 0208 ED8W 59 1000 N1JW 59 CT 1
QSO: 7182 PH 2026-03-07 0209 ED8W 59 1000 KE8MOI 59 MI 0
QSO: 7182 PH 2026-03-07 0209 ED8W 59 1000 W9QL 59 IL 0
QSO: 7182 PH 2026-03-07 0209 ED8W 59 1000 K2UU 59 NY 0
QSO: 14202 PH 2026-03-07 0209 ED8W 59 1000 K0BF 59 CO 1
QSO: 14202 PH 2026-03-07 0209 ED8W 59 1000 N9ESR 59 IL 1
QSO: 14202 PH 2026-03-07 0209 ED8W 59 1000 W4TG 59 VA 1
QSO: 14202 PH 2026-03-07 0210 ED8W 59 1000 KD3RCT 59 PA 1
QSO: 14202 PH 2026-03-07 0210 ED8W 59 1000 N8YDM 59 OH 1
QSO: 14202 PH 2026-03-07 0211 ED8W 59 1000 KQ4HXS 59 SC 1
QSO: 7182 PH 2026-03-07 0211 ED8W 59 1000 K3ATO 59 PA 0
QSO: 14202 PH 2026-03-07 0211 ED8W 59 1000 K3SNO 59 PA 1
QSO: 14202 PH 2026-03-07 0211 ED8W 59 1000 W6DVS 59 NC 1
QSO: 7182 PH 2026-03-07 0211 ED8W 59 1000 N8YXR 59 MI 0
QSO: 14202 PH 2026-03-07 0211 ED8W 59 1000 KG4STL 59 TN 1
QSO: 7182 PH 2026-03-07 0212 ED8W 59 1000 N0HJZ 59 MN 0
QSO: 14202 PH 2026-03-07 0212 ED8W 59 1000 WA2MCR 59 NY 1
QSO: 7182 PH 2026-03-07 0212 ED8W 59 1000 W1CTN 59 NC 0
QSO: 14202 PH 2026-03-07 0212 ED8W 59 1000 WD4XA 59 AL 1
QSO: 14202 PH 2026-03-07 0212 ED8W 59 1000 N0KK 59 MN 1
QSO: 7182 PH 2026-03-07 0212 ED8W 59 1000 N4ZZ 59 TN 0
QSO: 14202 PH 2026-03-07 0212 ED8W 59 1000 WT1A 59 ME 1
QSO: 7182 PH 2026-03-07 0212 ED8W 59 1000 NI3C 59 MD 0
QSO: 14202 PH 2026-03-07 0212 ED8W 59 1000 W7BKS 59 WA 1
QSO: 14202 PH 2026-03-07 0213 ED8W 59 1000 K0YR 59 MN 1
QSO: 7182 PH 2026-03-07 0213 ED8W 59 1000 KF8AHK 59 OH 0
QSO: 14202 PH 2026-03-07 0213 ED8W 59 1000 N5RZ 59 TX 1
QSO: 14202 PH 2026-03-07 0213 ED8W 59 1000 W3DRW 59 PA 1
QSO: 14202 PH 2026-03-07 0213 ED8W 59 1000 VE3TCS 59 ON 1
QSO: 14202 PH 2026-03-07 0213 ED8W 59 1000 KD3HN 59 PA 1
QSO: 7182 PH 2026-03-07 0213 ED8W 59 1000 N3MED 59 PA 0
QSO: 7182 PH 2026-03-07 0213 ED8W 59 1000 N3RM 59 PA 0
QSO: 14202 PH 2026-03-07 0213 ED8W 59 1000 W7BAZ 59 MI 1
QSO: 14202 PH 2026-03-07 0214 ED8W 59 1000 W7EVE 59 AZ 1
QSO: 7182 PH 2026-03-07 0214 ED8W 59 1000 KD2TT 59 NY 0
QSO: 7182 PH 2026-03-07 0214 ED8W 59 1000 N2TK 59 NY 0
QSO: 14202 PH 2026-03-07 0214 ED8W 59 1000 WJ5S 59 AR 1
QSO: 14202 PH 2026-03-07 0214 ED8W 59 1000 NW4TF 59 GA 1
QSO: 7182 PH 2026-03-07 0214 ED8W 59 1000 VA2EBI 59 QC 0
QSO: 14202 PH 2026-03-07 0215 ED8W 59 1000 WA4WR 59 NC 1
QSO: 14202 PH 2026-03-07 0215 ED8W 59 1000 AC9S 59 IL 1
QSO: 7182 PH 2026-03-07 0215 ED8W 59 1000 N6YMM 59 SC 0
QSO: 14202 PH 2026-03-07 0215 ED8W 59 1000 NO6M 59 CA 1
QSO: 7182 PH 2026-03-07 0215 ED8W 59 1000 ND1M 59 CT 0
QSO: 14202 PH 2026-03-07 0215 ED8W 59 1000 K7JQ 59 AZ 1
QSO: 7182 PH 2026-03-07 0215 ED8W 59 1000 VE3EN 59 ON 0
QSO: 14202 PH 2026-03-07 0215 ED8W 59 1000 NB2A 59 FL 1
QSO: 14202 PH 2026-03-07 0216 ED8W 59 1000 WA8RCN 59 OH 1
QSO: 7182 PH 2026-03-07 0216 ED8W 59 1000 VE3UZX 59 ON 0
QSO: 14202 PH 2026-03-07 0216 ED8W 59 1000 W9ZR 59 OH 1
QSO: 14202 PH 2026-03-07 0216 ED8W 59 1000 W2TV 59 NJ 1
QSO: 14202 PH 2026-03-07 0216 ED8W 59 1000 N1ZYZ 59 NH 1
QSO: 14202 PH 2026-03-07 0216 ED8W 59 1000 AD2LL 59 NY 1
QSO: 7182 PH 2026-03-07 0216 ED8W 59 1000 AF0F 59 KS 0
QSO: 14202 PH 2026-03-07 0217 ED8W 59 1000 K6PUD 59 CA 1
QSO: 7182 PH 2026-03-07 0217 ED8W 59 1000 VA3CRL 59 ON 0
QSO: 14202 PH 2026-03-07 0217 ED8W 59 1000 N4NTY 59 FL 1
QSO: 7182 PH 2026-03-07 0217 ED8W 59 1000 AA3K 59 PA 0
QSO: 14202 PH 2026-03-07 0217 ED8W 59 1000 N8CWU 59 OH 1
QSO: 7182 PH 2026-03-07 0217 ED8W 59 1000 WA4AH 59 FL 0
QSO: 7182 PH 2026-03-07 0217 ED8W 59 1000 N3BMX 59 PA 0
QSO: 14202 PH 2026-03-07 0217 ED8W 59 1000 KC0MYY 59 MN 1
QSO: 14202 PH 2026-03-07 0218 ED8W 59 1000 AB5GU 59 TX 1
QSO: 7182 PH 2026-03-07 0218 ED8W 59 1000 N1EK 59 MD 0
QSO: 14202 PH 2026-03-07 0218 ED8W 59 1000 KK4NAW 59 WY 1
QSO: 7182 PH 2026-03-07 0218 ED8W 59 1000 WE9R 59 WI 0
QSO: 14202 PH 2026-03-07 0218 ED8W 59 1000 W0MGR 59 MN 1
QSO: 7182 PH 2026-03-07 0218 ED8W 59 1000 K2XA 59 NY 0
QSO: 14202 PH 2026-03-07 0218 ED8W 59 1000 KO6BKA 59 CA 1
QSO: 14202 PH 2026-03-07 0218 ED8W 59 1000 WA7TT 59 ID 1
QSO: 7182 PH 2026-03-07 0218 ED8W 59 1000 AE5T 59 LA 0
QSO: 14202 PH 2026-03-07 0219 ED8W 59 1000 W9USO 59 WI 1
QSO: 14202 PH 2026-03-07 0219 ED8W 59 1000 K9RQ 59 FL 1
QSO: 7182 PH 2026-03-07 0219 ED8W 59 1000 KF8ECF 59 OH 0
QSO: 7182 PH 2026-03-07 0219 ED8W 59 1000 WR2G 59 NJ 0
QSO: 14202 PH 2026-03-07 0219 ED8W 59 1000 W1MPC 59 FL 1
QSO: 7182 PH 2026-03-07 0219 ED8W 59 1000 KA3WAL 59 PA 0
QSO: 14202 PH 2026-03-07 0219 ED8W 59 1000 WB2KLD 59 NY 1
QSO: 7182 PH 2026-03-07 0219 ED8W 59 1000 WB2FKO 59 FL 0
QSO: 7182 PH 2026-03-07 0220 ED8W 59 1000 WD0T 59 SD 0
QSO: 7182 PH 2026-03-07 0220 ED8W 59 1000 VE2NWB 59 QC 0
QSO: 14202 PH 2026-03-07 0220 ED8W 59 1000 K4DXV 59 TN 1
QSO: 7182 PH 2026-03-07 0220 ED8W 59 1000 KC2QVD 59 NC 0
QSO: 14202 PH 2026-03-07 0220 ED8W 59 1000 W9MR 59 IL 1
QSO: 14202 PH 2026-03-07 0221 ED8W 59 1000 W7XE 59 OR 1
QSO: 14202 PH 2026-03-07 0221 ED8W 59 1000 W3TE 59 PA 1
QSO: 7182 PH 2026-03-07 0221 ED8W 59 1000 N9HO 59 AL 0
QSO: 14202 PH 2026-03-07 0221 ED8W 59 1000 AD0L 59 CA 1
QSO: 7182 PH 2026-03-07 0221 ED8W 59 1000 K0JJR 59 MN 0
QSO: 14202 PH 2026-03-07 0221 ED8W 59 1000 KF8FNO 59 OH 1
QSO: 7182 PH 2026-03-07 0221 ED8W 59 1000 K4RUM 59 NY 0
QSO: 7182 PH 2026-03-07 0222 ED8W 59 1000 K4RT 59 VA 0
QSO: 7182 PH 2026-03-07 0222 ED8W 59 1000 K2RB 59 CT 0
QSO: 14202 PH 2026-03-07 0222 ED8W 59 1000 KE9ZO 59 IL 1
QSO: 7182 PH 2026-03-07 0222 ED8W 59 1000 W1JIM 59 MA 0
QSO: 7182 PH 2026-03-07 0223 ED8W 59 1000 WA3AER 59 MD 0
QSO: 14202 PH 2026-03-07 0223 ED8W 59 1000 NQ1C 59 MA 1
QSO: 7182 PH 2026-03-07 0223 ED8W 59 1000 N2ASU 59 NJ 0
QSO: 14202 PH 2026-03-07 0223 ED8W 59 1000 AK0M 59 IA 1
QSO: 14202 PH 2026-03-07 0223 ED8W 59 1000 KS4RF 59 GA 1
QSO: 7182 PH 2026-03-07 0223 ED8W 59 1000 N9DEK 59 IN 0
QSO: 7182 PH 2026-03-07 0223 ED8W 59 1000 W9DWR 59 IL 0
QSO: 7182 PH 2026-03-07 0224 ED8W 59 1000 KM4IYW 59 TN 0
QSO: 7182 PH 2026-03-07 0224 ED8W 59 1000 AA4NC 59 NC 0
QSO: 7182 PH 2026-03-07 0224 ED8W 59 1000 WA1ZYX 59 NH 0
QSO: 14202 PH 2026-03-07 0226 ED8W 59 1000 AK4SE 59 GA 1
QSO: 14202 PH 2026-03-07 0226 ED8W 59 1000 AI6O 59 MO 1
QSO: 14202 PH 2026-03-07 0226 ED8W 59 1000 N1DD 59 MA 1
QSO: 14202 PH 2026-03-07 0226 ED8W 59 1000 NO9E 59 GA 1
QSO: 7182 PH 2026-03-07 0226 ED8W 59 1000 VE3UIQ 59 ON 0
QSO: 14202 PH 2026-03-07 0226 ED8W 59 1000 K7RI 59 WA 1
QSO: 14202 PH 2026-03-07 0226 ED8W 59 1000 K0JJM 59 KS 1
QSO: 7182 PH 2026-03-07 0227 ED8W 59 1000 K9LOF/5 59 TX 0
QSO: 14202 PH 2026-03-07 0227 ED8W 59 1000 KE8NZY 59 OH 1
QSO: 14202 PH 2026-03-07 0227 ED8W 59 1000 K0EJ 59 TN 1
QSO: 7182 PH 2026-03-07 0227 ED8W 59 1000 KE2DPK 59 NY 0
QSO: 7182 PH 2026-03-07 0227 ED8W 59 1000 K4CGY 59 VA 0
QSO: 14202 PH 2026-03-07 0227 ED8W 59 1000 N8VQG 59 KY 1
QSO: 14202 PH 2026-03-07 0227 ED8W 59 1000 VA3ZNQ 59 ON 1
QSO: 7182 PH 2026-03-07 0227 ED8W 59 1000 WB8BON 59 VA 0
QSO: 7182 PH 2026-03-07 0228 ED8W 59 1000 KF8N 59 VA 0
QSO: 7182 PH 2026-03-07 0228 ED8W 59 1000 W2ZQ 59 NJ 0
QSO: 7182 PH 2026-03-07 0228 ED8W 59 1000 WC8VOA 59 OH 0
QSO: 7182 PH 2026-03-07 0228 ED8W 59 1000 KB0EO 59 MN 0
QSO: 14202 PH 2026-03-07 0229 ED8W 59 1000 VE1FZ 59 NS 1
QSO: 7182 PH 2026-03-07 0229 ED8W 59 1000 KF2Z 59 NJ 0
QSO: 14202 PH 2026-03-07 0230 ED8W 59 1000 K0VG 59 MN 1
QSO: 14202 PH 2026-03-07 0231 ED8W 59 1000 VY2TT 59 PE 1
QSO: 14202 PH 2026-03-07 0231 ED8W 59 1000 K0ITC 59 NE 1
QSO: 7182 PH 2026-03-07 0231 ED8W 59 1000 KI4BXU 59 VA 0
QSO: 14202 PH 2026-03-07 0231 ED8W 59 1000 N9DJ 59 IL 1
QSO: 14202 PH 2026-03-07 0232 ED8W 59 1000 K6NO 59 CA 1
QSO: 7182 PH 2026-03-07 0232 ED8W 59 1000 N7US 59 IL 0
QSO: 7182 PH 2026-03-07 0232 ED8W 59 1000 KV8O 59 MI 0
QSO: 14202 PH 2026-03-07 0233 ED8W 59 1000 W0IVJ 59 CO 1
QSO: 14202 PH 2026-03-07 0233 ED8W 59 1000 VE4GV 59 MB 1
QSO: 7182 PH 2026-03-07 0233 ED8W 59 1000 KD7ND 59 AZ 0
QSO: 14202 PH 2026-03-07 0233 ED8W 59 1000 KA8SMA 59 MI 1
QSO: 7182 PH 2026-03-07 0233 ED8W 59 1000 KQ4GEW 59 FL 0
QSO: 14202 PH 2026-03-07 0233 ED8W 59 1000 W0ZB 59 MO 1
QSO: 7182 PH 2026-03-07 0234 ED8W 59 1000 K4VTM 59 GA 0
QSO: 14202 PH 2026-03-07 0234 ED8W 59 1000 KE0YI 59 IL 1
QSO: 14202 PH 2026-03-07 0234 ED8W 59 1000 W3AAN 59 PA 1
QSO: 14202 PH 2026-03-07 0234 ED8W 59 1000 VE6PR 59 AB 1
QSO: 7182 PH 2026-03-07 0234 ED8W 59 1000 W3KN 59 MD 0
QSO: 14202 PH 2026-03-07 0235 ED8W 59 1000 WD8DSV 59 FL 1
QSO: 14202 PH 2026-03-07 0235 ED8W 59 1000 WA1S 59 FL 1
QSO: 14202 PH 2026-03-07 0235 ED8W 59 1000 AD8MP 59 MS 1
QSO: 14202 PH 2026-03-07 0235 ED8W 59 1000 KX1X 59 MA 1
QSO: 7182 PH 2026-03-07 0235 ED8W 59 1000 KF8EYE 59 WV 0
QSO: 14202 PH 2026-03-07 0235 ED8W 59 1000 KX7P 59 AZ 1
QSO: 7182 PH 2026-03-07 0235 ED8W 59 1000 NO9E 59 GA 0
QSO: 14202 PH 2026-03-07 0235 ED8W 59 1000 N1WEN 59 MA 1
QSO: 14202 PH 2026-03-07 0236 ED8W 59 1000 W4GB 59 TN 1
QSO: 14202 PH 2026-03-07 0236 ED8W 59 1000 N9GB 59 KS 1
QSO: 14202 PH 2026-03-07 0236 ED8W 59 1000 AA9GC 59 MO 1
QSO: 14202 PH 2026-03-07 0236 ED8W 59 1000 KD3M 59 VA 1
QSO: 7182 PH 2026-03-07 0236 ED8W 59 1000 WV4AM 59 NC 0
QSO: 14202 PH 2026-03-07 0237 ED8W 59 1000 K8DP 59 MI 1
QSO: 7182 PH 2026-03-07 0237 ED8W 59 1000 KU2C 59 PA 0
QSO: 14202 PH 2026-03-07 0237 ED8W 59 1000 W4KW 59 TN 1
QSO: 14202 PH 2026-03-07 0237 ED8W 59 1000 AG3I 59 PA 1
QSO: 7182 PH 2026-03-07 0237 ED8W 59 1000 K1BZM 59 MA 0
QSO: 14202 PH 2026-03-07 0237 ED8W 59 1000 K8LEF 59 NY 1
QSO: 14202 PH 2026-03-07 0238 ED8W 59 1000 K5TD 59 LA 1
QSO: 7182 PH 2026-03-07 0238 ED8W 59 1000 KQ4UUR 59 KY 0
QSO: 14202 PH 2026-03-07 0238 ED8W 59 1000 KB0CFD 59 IA 1
QSO: 14202 PH 2026-03-07 0239 ED8W 59 1000 WN3DX 59 FL 1
QSO: 14202 PH 2026-03-07 0239 ED8W 59 1000 AG2K 59 CT 1
QSO: 7182 PH 2026-03-07 0239 ED8W 59 1000 WX3SVR 59 NC 0
QSO: 7182 PH 2026-03-07 0239 ED8W 59 1000 K8LY 59 OH 0
QSO: 14202 PH 2026-03-07 0239 ED8W 59 1000 AJ8B 59 OH 1
QSO: 14202 PH 2026-03-07 0239 ED8W 59 1000 AA4CF 59 GA 1
QSO: 7182 PH 2026-03-07 0239 ED8W 59 1000 WB2ZAB 59 MD 0
QSO: 14202 PH 2026-03-07 0240 ED8W 59 1000 K4YFR 59 VA 1
QSO: 14202 PH 2026-03-07 0240 ED8W 59 1000 W2TMR 59 NY 1
QSO: 14202 PH 2026-03-07 0240 ED8W 59 1000 N4VDX 59 NC 1
QSO: 14202 PH 2026-03-07 0241 ED8W 59 1000 K3EU 59 DC 1
QSO: 14202 PH 2026-03-07 0241 ED8W 59 1000 N2DVQ 59 NY 1
QSO: 14202 PH 2026-03-07 0241 ED8W 59 1000 NY7N 59 AZ 1
QSO: 7182 PH 2026-03-07 0241 ED8W 59 1000 KA3ZLS 59 DE 0
QSO: 14202 PH 2026-03-07 0241 ED8W 59 1000 N5OHL 59 OK 1
QSO: 14202 PH 2026-03-07 0241 ED8W 59 1000 VA7XB 59 BC 1
QSO: 14202 PH 2026-03-07 0242 ED8W 59 1000 W4EE 59 FL 1
QSO: 14202 PH 2026-03-07 0242 ED8W 59 1000 W6MVT 59 CA 1
QSO: 14202 PH 2026-03-07 0242 ED8W 59 1000 K2SO 59 NY 1
QSO: 7182 PH 2026-03-07 0243 ED8W 59 1000 KE9ANZ 59 IN 0
QSO: 14202 PH 2026-03-07 0243 ED8W 59 1000 K0ATY 59 SD 1
QSO: 7182 PH 2026-03-07 0243 ED8W 59 1000 W2LC 59 NY 0
QSO: 7182 PH 2026-03-07 0243 ED8W 59 1000 WB8JUI 59 OH 0
QSO: 14202 PH 2026-03-07 0243 ED8W 59 1000 AA1N 59 MA 1
QSO: 14202 PH 2026-03-07 0244 ED8W 59 1000 KC4TEO 59 AL 1
QSO: 7182 PH 2026-03-07 0244 ED8W 59 1000 VA3CWT 59 ON 0
QSO: 14202 PH 2026-03-07 0244 ED8W 59 1000 VA2CZ 59 QC 1
QSO: 14202 PH 2026-03-07 0244 ED8W 59 1000 KI5RK 59 TX 1
QSO: 14202 PH 2026-03-07 0244 ED8W 59 1000 WE8RV 59 AZ 1
QSO: 7182 PH 2026-03-07 0245 ED8W 59 1000 KC1DBR 59 NH 0
QSO: 7182 PH 2026-03-07 0245 ED8W 59 1000 VE3YAA 59 ON 0
QSO: 14202 PH 2026-03-07 0245 ED8W 59 1000 WY9N 59 TN 1
QSO: 7182 PH 2026-03-07 0245 ED8W 59 1000 K4ZYZ 59 VA 0
QSO: 14202 PH 2026-03-07 0245 ED8W 59 1000 W5PTX 59 TX 1
QSO: 14202 PH 2026-03-07 0245 ED8W 59 1000 KT3X 59 TX 1
QSO: 7182 PH 2026-03-07 0245 ED8W 59 1000 NW8U 59 WV 0
QSO: 14202 PH 2026-03-07 0245 ED8W 59 1000 N4SS 59 KY 1
QSO: 7182 PH 2026-03-07 0246 ED8W 59 1000 WA3AAN 59 PA 0
QSO: 14202 PH 2026-03-07 0246 ED8W 59 1000 NV3K 59 PA 1
QSO: 7182 PH 2026-03-07 0246 ED8W 59 1000 W3MLK 59 DE 0
QSO: 14202 PH 2026-03-07 0246 ED8W 59 1000 W5ABA 59 NM 1
QSO: 7182 PH 2026-03-07 0246 ED8W 59 1000 W3KB 59 PA 0
QSO: 14202 PH 2026-03-07 0247 ED8W 59 1000 KA3FZN 59 PA 1
QSO: 7182 PH 2026-03-07 0247 ED8W 59 1000 N1IPB 59 NH 0
QSO: 7182 PH 2026-03-07 0247 ED8W 59 1000 N5RZ 59 TX 0
QSO: 14202 PH 2026-03-07 0247 ED8W 59 1000 W5FYX 59 TX 1
QSO: 7182 PH 2026-03-07 0247 ED8W 59 1000 K8AZ 59 OH 0
QSO: 7182 PH 2026-03-07 0247 ED8W 59 1000 N4CF 59 VA 0
QSO: 14202 PH 2026-03-07 0247 ED8W 59 1000 KD7VIK 59 OR 1
QSO: 7182 PH 2026-03-07 0248 ED8W 59 1000 W2TV 59 NJ 0
QSO: 14202 PH 2026-03-07 0248 ED8W 59 1000 KC2G 59 NJ 1
QSO: 14202 PH 2026-03-07 0248 ED8W 59 1000 VE9CZ 59 NB 1
QSO: 7182 PH 2026-03-07 0248 ED8W 59 1000 WB5SKM 59 MS 0
QSO: 14202 PH 2026-03-07 0248 ED8W 59 1000 WV4AM 59 NC 1
QSO: 14202 PH 2026-03-07 0249 ED8W 59 1000 AA0F 59 TX 1
QSO: 14202 PH 2026-03-07 0249 ED8W 59 1000 WA7G 59 CA 1
QSO: 7182 PH 2026-03-07 0249 ED8W 59 1000 N2LDV 59 NY 0
QSO: 14202 PH 2026-03-07 0249 ED8W 59 1000 N9RV 59 MT 1
QSO: 7182 PH 2026-03-07 0249 ED8W 59 1000 W4TG 59 VA 0
QSO: 14202 PH 2026-03-07 0250 ED8W 59 1000 KI5WRQ 59 TX 1
QSO: 14202 PH 2026-03-07 0250 ED8W 59 1000 KK7MBX 59 AZ 1
QSO: 7182 PH 2026-03-07 0250 ED8W 59 1000 W4MLB 59 FL 0
QSO: 14202 PH 2026-03-07 0250 ED8W 59 1000 VE3GJP 59 ON 1
QSO: 14202 PH 2026-03-07 0250 ED8W 59 1000 KJ6TQ 59 MO 1
QSO: 7182 PH 2026-03-07 0250 ED8W 59 1000 K0YR 59 MN 0
QSO: 14202 PH 2026-03-07 0251 ED8W 59 1000 AA6NP 59 OR 1
QSO: 7182 PH 2026-03-07 0251 ED8W 59 1000 KC3C 59 PA 0
QSO: 14202 PH 2026-03-07 0251 ED8W 59 1000 WZ2N 59 VA 1
QSO: 7182 PH 2026-03-07 0251 ED8W 59 1000 AB2TC 59 NY 0
QSO: 7182 PH 2026-03-07 0251 ED8W 59 1000 N3RD 59 PA 0
QSO: 14202 PH 2026-03-07 0251 ED8W 59 1000 AC2OC 59 NY 1
QSO: 7182 PH 2026-03-07 0251 ED8W 59 1000 KB0V 59 IL 0
QSO: 14202 PH 2026-03-07 0252 ED8W 59 1000 N6AMB 59 CA 1
QSO: 7182 PH 2026-03-07 0252 ED8W 59 1000 VA3WW 59 ON 0
QSO: 14202 PH 2026-03-07 0252 ED8W 59 1000 AI5SF 59 OK 1
QSO: 7182 PH 2026-03-07 0252 ED8W 59 1000 K5LJ 59 TX 0
QSO: 14202 PH 2026-03-07 0252 ED8W 59 1000 VE3HIA 59 ON 1
QSO: 14202 PH 2026-03-07 0252 ED8W 59 1000 K7GK 59 CA 1
QSO: 7182 PH 2026-03-07 0253 ED8W 59 1000 W8BI 59 OH 0
QSO: 14202 PH 2026-03-07 0253 ED8W 59 1000 NV4T 59 SC 1
QSO: 7182 PH 2026-03-07 0253 ED8W 59 1000 WN3DX 59 FL 0
QSO: 14202 PH 2026-03-07 0253 ED8W 59 1000 W0MKT 59 WI 1
QSO: 7182 PH 2026-03-07 0254 ED8W 59 1000 N4UU 59 FL 0
QSO: 14202 PH 2026-03-07 0254 ED8W 59 1000 K4ZWW 59 GA 1
QSO: 14202 PH 2026-03-07 0254 ED8W 59 1000 N1JWB 59 MN 1
QSO: 7182 PH 2026-03-07 0254 ED8W 59 1000 K2AD 59 CO 0
QSO: 14202 PH 2026-03-07 0255 ED8W 59 1000 VA3TTJ 59 ON 1
QSO: 7182 PH 2026-03-07 0255 ED8W 59 1000 KS2G 59 NY 0
QSO: 7182 PH 2026-03-07 0255 ED8W 59 1000 K3ZA 59 PA 0
QSO: 14202 PH 2026-03-07 0255 ED8W 59 1000 K0SJ 59 IA 1
QSO: 7182 PH 2026-03-07 0255 ED8W 59 1000 AA4CF 59 GA 0
QSO: 7182 PH 2026-03-07 0255 ED8W 59 1000 K0VG 59 MN 0
QSO: 14202 PH 2026-03-07 0256 ED8W 59 1000 KK4ZUH 59 GA 1
QSO: 7182 PH 2026-03-07 0256 ED8W 59 1000 NB6O 59 KY 0
QSO: 14202 PH 2026-03-07 0256 ED8W 59 1000 KW4OV 59 AL 1
QSO: 7182 PH 2026-03-07 0257 ED8W 59 1000 KX1X 59 MA 0
QSO: 7182 PH 2026-03-07 0257 ED8W 59 1000 KC1GN 59 NC 0
QSO: 14202 PH 2026-03-07 0257 ED8W 59 1000 KD2RPD 59 NJ 1
QSO: 14202 PH 2026-03-07 0257 ED8W 59 1000 K8DX 59 MI 1
QSO: 7182 PH 2026-03-07 0257 ED8W 59 1000 WR2G 59 NJ 0
QSO: 14202 PH 2026-03-07 0258 ED8W 59 1000 WZ8T 59 WA 1
QSO: 14202 PH 2026-03-07 0258 ED8W 59 1000 WB0ULX 59 SD 1
QSO: 14202 PH 2026-03-07 0258 ED8W 59 1000 K5RKW 59 TX 1
QSO: 14202 PH 2026-03-07 0258 ED8W 59 1000 N2JIE 59 NJ 1
QSO: 7182 PH 2026-03-07 0259 ED8W 59 1000 W4YST 59 FL 0
QSO: 14202 PH 2026-03-07 0259 ED8W 59 1000 KA3WZY 59 SC 1
QSO: 14202 PH 2026-03-07 0259 ED8W 59 1000 KG9G 59 IL 1
QSO: 7182 PH 2026-03-07 0259 ED8W 59 1000 K7ZSD 59 OR 0
QSO: 14202 PH 2026-03-07 0259 ED8W 59 1000 AB0RX 59 MO 1
QSO: 7182 PH 2026-03-07 0259 ED8W 59 1000 W3DRW 59 PA 0
QSO: 14202 PH 2026-03-07 0259 ED8W 59 1000 K9OM 59 FL 1
QSO: 14202 PH 2026-03-07 0259 ED8W 59 1000 WI5D 59 MO 1
QSO: 14202 PH 2026-03-07 0300 ED8W 59 1000 KC2KZJ 59 NJ 1
QSO: 14202 PH 2026-03-07 0300 ED8W 59 1000 K6YK 59 CA 1
QSO: 14202 PH 2026-03-07 0300 ED8W 59 1000 K4KGT 59 SC 1
QSO: 7182 PH 2026-03-07 0300 ED8W 59 1000 W4KP 59 KY 0
QSO: 14202 PH 2026-03-07 0301 ED8W 59 1000 KN7K 59 OR 1
QSO: 7182 PH 2026-03-07 0301 ED8W 59 1000 K2AX 59 NJ 0
QSO: 14202 PH 2026-03-07 0301 ED8W 59 1000 N5AW 59 TX 1
QSO: 7182 PH 2026-03-07 0301 ED8W 59 1000 WD8KLL 59 MI 0
QSO: 7182 PH 2026-03-07 0301 ED8W 59 1000 W0ZB 59 MO 0
QSO: 7182 PH 2026-03-07 0302 ED8W 59 1000 KG1E 59 MA 0
QSO: 14202 PH 2026-03-07 0302 ED8W 59 1000 W8LJZ/M 59 MI 1
QSO: 14202 PH 2026-03-07 0302 ED8W 59 1000 K8ZM 59 OH 1
QSO: 14202 PH 2026-03-07 0302 ED8W 59 1000 KG9X 59 IL 1
QSO: 14202 PH 2026-03-07 0302 ED8W 59 1000 KC0V 59 CO 1
QSO: 14202 PH 2026-03-07 0302 ED8W 59 1000 W0MB 59 MO 1
QSO: 14202 PH 2026-03-07 0303 ED8W 59 1000 N7YDH 59 WY 1
QSO: 7182 PH 2026-03-07 0303 ED8W 59 1000 KB2SIF 59 PA 0
QSO: 14202 PH 2026-03-07 0304 ED8W 59 1000 WD0BGZ 59 NE 1
QSO: 7182 PH 2026-03-07 0304 ED8W 59 1000 N2NKX 59 NY 0
QSO: 7182 PH 2026-03-07 0304 ED8W 59 1000 KC7V 59 AZ 0
QSO: 7182 PH 2026-03-07 0305 ED8W 59 1000 W9MR 59 IL 0
QSO: 7182 PH 2026-03-07 0305 ED8W 59 1000 NV3K 59 PA 0
QSO: 7182 PH 2026-03-07 0305 ED8W 59 1000 N5OHL 59 OK 0
QSO: 14202 PH 2026-03-07 0305 ED8W 59 1000 VE3QZ/K4 59 FL 1
QSO: 14202 PH 2026-03-07 0305 ED8W 59 1000 K4BBH 59 GA 1
QSO: 14202 PH 2026-03-07 0306 ED8W 59 1000 N6CW 59 CA 1
QSO: 7182 PH 2026-03-07 0306 ED8W 59 1000 WB5N 59 TX 0
QSO: 14202 PH 2026-03-07 0306 ED8W 59 1000 N7XCZ 59 NV 1
QSO: 14202 PH 2026-03-07 0306 ED8W 59 1000 KA2YEG 59 NY 1
QSO: 14202 PH 2026-03-07 0307 ED8W 59 1000 VE3BFU 59 ON 1
QSO: 14202 PH 2026-03-07 0307 ED8W 59 1000 W9YG 59 IN 1
QSO: 7182 PH 2026-03-07 0307 ED8W 59 1000 K3FMQ 59 PA 0
QSO: 14202 PH 2026-03-07 0307 ED8W 59 1000 W6PH 59 CA 1
QSO: 14202 PH 2026-03-07 0307 ED8W 59 1000 N0HKA 59 MN 1
QSO: 14202 PH 2026-03-07 0307 ED8W 59 1000 N2IC 59 NM 1
QSO: 14202 PH 2026-03-07 0307 ED8W 59 1000 N2EZY 59 NY 1
QSO: 14202 PH 2026-03-07 0308 ED8W 59 1000 K5AM 59 NM 1
QSO: 7182 PH 2026-03-07 0308 ED8W 59 1000 K8AO 59 MI 0
QSO: 14202 PH 2026-03-07 0308 ED8W 59 1000 N6RV 59 CA 1
QSO: 14202 PH 2026-03-07 0308 ED8W 59 1000 KT7P 59 AZ 1
QSO: 14202 PH 2026-03-07 0308 ED8W 59 1000 WB4CS 59 AL 1
QSO: 14202 PH 2026-03-07 0309 ED8W 59 1000 K5KJ 59 TX 1
QSO: 14202 PH 2026-03-07 0309 ED8W 59 1000 AK7MG 59 NV 1
QSO: 7182 PH 2026-03-07 0309 ED8W 59 1000 KE2GOG 59 NY 0
QSO: 14202 PH 2026-03-07 0309 ED8W 59 1000 WX8S 59 OH 1
QSO: 14202 PH 2026-03-07 0309 ED8W 59 1000 N0DL 59 SD 1
QSO: 7182 PH 2026-03-07 0309 ED8W 59 1000 W5MWS 59 TX 0
QSO: 14202 PH 2026-03-07 0310 ED8W 59 1000 AK9PL 59 IL 1
QSO: 14202 PH 2026-03-07 0310 ED8W 59 1000 NO5Z 59 NM 1
QSO: 14202 PH 2026-03-07 0310 ED8W 59 1000 W0BZ 59 CO 1
QSO: 7182 PH 2026-03-07 0310 ED8W 59 1000 WD9CIR 59 IL 0
QSO: 14202 PH 2026-03-07 0310 ED8W 59 1000 VE3EPS 59 ON 1
QSO: 7182 PH 2026-03-07 0311 ED8W 59 1000 VE3KP 59 ON 0
QSO: 14202 PH 2026-03-07 0311 ED8W 59 1000 K5DA 59 NV 1
QSO: 14202 PH 2026-03-07 0311 ED8W 59 1000 KC8ODP 59 MI 1
QSO: 7182 PH 2026-03-07 0311 ED8W 59 1000 KD4K 59 SC 0
QSO: 7182 PH 2026-03-07 0311 ED8W 59 1000 W9RE 59 IN 0
QSO: 14202 PH 2026-03-07 0311 ED8W 59 1000 NI3C 59 MD 1
QSO: 7182 PH 2026-03-07 0311 ED8W 59 1000 N1SFE 59 CT 0
QSO: 7182 PH 2026-03-07 0312 ED8W 59 1000 W2VTB 59 NJ 0
QSO: 7182 PH 2026-03-07 0312 ED8W 59 1000 KX7P 59 AZ 0
QSO: 14202 PH 2026-03-07 0312 ED8W 59 1000 AK6FK 59 CA 1
QSO: 14202 PH 2026-03-07 0312 ED8W 59 1000 KD5FVZ 59 TX 1
QSO: 14202 PH 2026-03-07 0312 ED8W 59 1000 WA1W 59 NY 1
QSO: 14202 PH 2026-03-07 0313 ED8W 59 1000 N0GN 59 NE 1
QSO: 7182 PH 2026-03-07 0313 ED8W 59 1000 KF0LDG 59 MO 0
QSO: 14202 PH 2026-03-07 0313 ED8W 59 1000 WA3IHV 59 CA 1
QSO: 7182 PH 2026-03-07 0313 ED8W 59 1000 NU1D 59 ME 0
QSO: 14202 PH 2026-03-07 0313 ED8W 59 1000 K1BZM 59 MA 1
QSO: 14202 PH 2026-03-07 0313 ED8W 59 1000 WZ8DX 59 OH 1
QSO: 7182 PH 2026-03-07 0313 ED8W 59 1000 NQ1C 59 MA 0
QSO: 14202 PH 2026-03-07 0314 ED8W 59 1000 N2JF 59 TN 1
QSO: 14202 PH 2026-03-07 0314 ED8W 59 1000 VA3CRL 59 ON 1
QSO: 7182 PH 2026-03-07 0314 ED8W 59 1000 KG4WDX 59 NC 0
QSO: 14202 PH 2026-03-07 0314 ED8W 59 1000 N2NT 59 NJ 1
QSO: 7182 PH 2026-03-07 0315 ED8W 59 1000 KJ5IEL 59 TX 0
QSO: 14202 PH 2026-03-07 0315 ED8W 59 1000 KC9OP 59 IN 1
QSO: 7182 PH 2026-03-07 0315 ED8W 59 1000 WT3T 59 FL 0
QSO: 14202 PH 2026-03-07 0316 ED8W 59 1000 W6WB 59 CA 1
QSO: 7182 PH 2026-03-07 0316 ED8W 59 1000 K8DX 59 MI 0
QSO: 14202 PH 2026-03-07 0316 ED8W 59 1000 KC2TFX 59 NY 1
QSO: 7182 PH 2026-03-07 0316 ED8W 59 1000 WA4WR 59 NC 0
QSO: 14202 PH 2026-03-07 0316 ED8W 59 1000 KS5V 59 TX 1
QSO: 14202 PH 2026-03-07 0317 ED8W 59 1000 AA0Q 59 CO 1
QSO: 14202 PH 2026-03-07 0317 ED8W 59 1000 W9AHW 59 IN 1
QSO: 7182 PH 2026-03-07 0317 ED8W 59 1000 WX2WX 59 NJ 0
QSO: 14202 PH 2026-03-07 0317 ED8W 59 1000 K8PK 59 OH 1
QSO: 7182 PH 2026-03-07 0317 ED8W 59 1000 N9RV 59 MT 0
QSO: 14202 PH 2026-03-07 0317 ED8W 59 1000 K9KP 59 TN 1
QSO: 7182 PH 2026-03-07 0318 ED8W 59 1000 WT1A 59 ME 0
QSO: 14202 PH 2026-03-07 0318 ED8W 59 1000 KB6A 59 CA 1
QSO: 14202 PH 2026-03-07 0318 ED8W 59 1000 N5JJ 59 TX 1
QSO: 14202 PH 2026-03-07 0318 ED8W 59 1000 AD0CH 59 KS 1
QSO: 14202 PH 2026-03-07 0318 ED8W 59 1000 N4ICF 59 FL 1
QSO: 7182 PH 2026-03-07 0319 ED8W 59 1000 W1JCW 59 TX 0
QSO: 14202 PH 2026-03-07 0319 ED8W 59 1000 K1UTI 59 FL 1
QSO: 14202 PH 2026-03-07 0319 ED8W 59 1000 W9OS 59 FL 1
QSO: 7182 PH 2026-03-07 0319 ED8W 59 1000 K3WGR 59 PA 0
QSO: 14202 PH 2026-03-07 0320 ED8W 59 1000 N1QN 59 MA 1
QSO: 7182 PH 2026-03-07 0320 ED8W 59 1000 NV4TY 59 SC 0
QSO: 7182 PH 2026-03-07 0320 ED8W 59 1000 K7LY 59 NV 0
QSO: 14202 PH 2026-03-07 0320 ED8W 59 1000 KI7V 59 AZ 1
QSO: 14202 PH 2026-03-07 0321 ED8W 59 1000 KK4SQU 59 TN 1
QSO: 7182 PH 2026-03-07 0321 ED8W 59 1000 N4XGP 59 FL 0
QSO: 14202 PH 2026-03-07 0321 ED8W 59 1000 KD6AF 59 TX 1
QSO: 7182 PH 2026-03-07 0321 ED8W 59 1000 W3URL 59 MD 0
QSO: 14202 PH 2026-03-07 0321 ED8W 59 1000 K4PEI 59 FL 1
QSO: 7182 PH 2026-03-07 0322 ED8W 59 1000 AB7Q 59 AZ 0
QSO: 7182 PH 2026-03-07 0322 ED8W 59 1000 K0EJ 59 TN 0
QSO: 14202 PH 2026-03-07 0322 ED8W 59 1000 W4WTS 59 TN 1
QSO: 7182 PH 2026-03-07 0322 ED8W 59 1000 VE3YZ 59 ON 0
QSO: 14202 PH 2026-03-07 0322 ED8W 59 1000 N2NFG 59 NY 1
QSO: 7182 PH 2026-03-07 0322 ED8W 59 1000 N9GB 59 KS 0
QSO: 14202 PH 2026-03-07 0322 ED8W 59 1000 AB5GU 59 TX 1
QSO: 14202 PH 2026-03-07 0323 ED8W 59 1000 VA3PMH 59 ON 1
QSO: 7182 PH 2026-03-07 0323 ED8W 59 1000 W7LG 59 PA 0
QSO: 14202 PH 2026-03-07 0323 ED8W 59 1000 KD7ND 59 AZ 1
QSO: 7182 PH 2026-03-07 0323 ED8W 59 1000 WX4DAT 59 NC 0
QSO: 14202 PH 2026-03-07 0323 ED8W 59 1000 K3TCE 59 MD 1
QSO: 14202 PH 2026-03-07 0324 ED8W 59 1000 W3URL 59 MD 1
QSO: 7182 PH 2026-03-07 0324 ED8W 59 1000 WA5TAQ 59 LA 0
QSO: 14202 PH 2026-03-07 0324 ED8W 59 1000 AB5KM 59 TX 1
QSO: 7182 PH 2026-03-07 0324 ED8W 59 1000 NQ9N 59 WI 0
QSO: 14202 PH 2026-03-07 0324 ED8W 59 1000 N0VRM 59 MN 1
QSO: 7182 PH 2026-03-07 0324 ED8W 59 1000 KE9CPW 59 IL 0
QSO: 14202 PH 2026-03-07 0325 ED8W 59 1000 WB7AKE 59 WA 1
QSO: 14202 PH 2026-03-07 0325 ED8W 59 1000 K0BOW 59 CO 1
QSO: 7182 PH 2026-03-07 0325 ED8W 59 1000 W9YG 59 IN 0
QSO: 14202 PH 2026-03-07 0325 ED8W 59 1000 N3TU 59 DE 1
QSO: 14202 PH 2026-03-07 0325 ED8W 59 1000 K0AP 59 KS 1
QSO: 7182 PH 2026-03-07 0325 ED8W 59 1000 N3OAW 59 PA 0
QSO: 14202 PH 2026-03-07 0325 ED8W 59 1000 K4VV 59 FL 1
QSO: 14202 PH 2026-03-07 0326 ED8W 59 1000 AD2LL 59 NY 1
QSO: 7182 PH 2026-03-07 0326 ED8W 59 1000 VE3KMQ 59 ON 0
QSO: 14202 PH 2026-03-07 0326 ED8W 59 1000 WX2N 59 NY 1
QSO: 14202 PH 2026-03-07 0326 ED8W 59 1000 KA3SDL 59 MD 1
QSO: 14202 PH 2026-03-07 0327 ED8W 59 1000 WT8E 59 OH 1
QSO: 7182 PH 2026-03-07 0327 ED8W 59 1000 KE9ZZ 59 IL 0
QSO: 7182 PH 2026-03-07 0327 ED8W 59 1000 NN1SS 59 NH 0
QSO: 7182 PH 2026-03-07 0328 ED8W 59 1000 KQ4VNJ 59 AL 0
QSO: 7182 PH 2026-03-07 0328 ED8W 59 1000 K3ND 59 PA 0
QSO: 7182 PH 2026-03-07 0329 ED8W 59 1000 N6RV 59 CA 0
QSO: 7182 PH 2026-03-07 0329 ED8W 59 1000 KB3RCT 59 PA 0
QSO: 7182 PH 2026-03-07 0330 ED8W 59 1000 AA2MU 59 NY 0
QSO: 7182 PH 2026-03-07 0330 ED8W 59 1000 K3RWN 59 PA 0
QSO: 7182 PH 2026-03-07 0331 ED8W 59 1000 K5VIP 59 VA 0
QSO: 7182 PH 2026-03-07 0331 ED8W 59 1000 VE3FCP 59 ON 0
QSO: 7182 PH 2026-03-07 0332 ED8W 59 1000 KS5Z 59 TX 0
QSO: 7182 PH 2026-03-07 0332 ED8W 59 1000 N3AM 59 MD 0
QSO: 7182 PH 2026-03-07 0333 ED8W 59 1000 KB4OK 59 FL 0
QSO: 7182 PH 2026-03-07 0333 ED8W 59 1000 KF8IY 59 OH 0
QSO: 7182 PH 2026-03-07 0334 ED8W 59 1000 KB4OK 59 FL 0
QSO: 7182 PH 2026-03-07 0334 ED8W 59 1000 K2HMM 59 NJ 0
QSO: 7182 PH 2026-03-07 0334 ED8W 59 1000 AI0M 59 MN 0
QSO: 7182 PH 2026-03-07 0335 ED8W 59 1000 N3VLF 59 AL 0
QSO: 7182 PH 2026-03-07 0335 ED8W 59 1000 K2ANZ 59 NY 0
QSO: 7182 PH 2026-03-07 0335 ED8W 59 1000 N8CWU 59 OH 0
QSO: 7182 PH 2026-03-07 0336 ED8W 59 1000 K9OM 59 FL 0
QSO: 7182 PH 2026-03-07 0336 ED8W 59 1000 VE2ACP 59 QC 0
QSO: 7182 PH 2026-03-07 0337 ED8W 59 1000 W4KW 59 TN 0
QSO: 7182 PH 2026-03-07 0337 ED8W 59 1000 N5AW 59 TX 0
QSO: 7182 PH 2026-03-07 0337 ED8W 59 1000 N0GN 59 NE 0
QSO: 7182 PH 2026-03-07 0337 ED8W 59 1000 KF8I 59 OH 0
QSO: 7182 PH 2026-03-07 0337 ED8W 59 1000 N5SIC 59 AR 0
QSO: 7182 PH 2026-03-07 0338 ED8W 59 1000 N4DFW 59 NC 0
QSO: 7182 PH 2026-03-07 0338 ED8W 59 1000 WB4BMQ 59 AL 0
QSO: 7182 PH 2026-03-07 0338 ED8W 59 1000 N3ZA 59 PA 0
QSO: 7182 PH 2026-03-07 0339 ED8W 59 1000 WT3Q 59 PA 0
QSO: 7182 PH 2026-03-07 0339 ED8W 59 1000 W7EVE 59 AZ 0
QSO: 7182 PH 2026-03-07 0339 ED8W 59 1000 K7JH 59 UT 0
QSO: 7182 PH 2026-03-07 0340 ED8W 59 1000 N1WMN 59 CT 0
QSO: 7182 PH 2026-03-07 0340 ED8W 59 1000 K0BRI 59 MN 0
QSO: 7182 PH 2026-03-07 0341 ED8W 59 1000 K6XX 59 CA 0
QSO: 7182 PH 2026-03-07 0341 ED8W 59 1000 KD8FS 59 MI 0
QSO: 7182 PH 2026-03-07 0342 ED8W 59 1000 N3MAV 59 FL 0
QSO: 7182 PH 2026-03-07 0343 ED8W 59 1000 WZ8DX 59 OH 0
QSO: 7182 PH 2026-03-07 0343 ED8W 59 1000 KY0Q 59 IL 0
QSO: 7182 PH 2026-03-07 0343 ED8W 59 1000 N2YG 59 NY 0
QSO: 7182 PH 2026-03-07 0344 ED8W 59 1000 NN9DD 59 GA 0
QSO: 7182 PH 2026-03-07 0344 ED8W 59 1000 K6ERT 59 CA 0
QSO: 7182 PH 2026-03-07 0345 ED8W 59 1000 K0AP 59 KS 0
QSO: 7182 PH 2026-03-07 0346 ED8W 59 1000 KC2G 59 NJ 0
QSO: 7182 PH 2026-03-07 0346 ED8W 59 1000 KN2M 59 NY 0
QSO: 7182 PH 2026-03-07 0346 ED8W 59 1000 WM7A 59 OR 0
QSO: 7182 PH 2026-03-07 0347 ED8W 59 1000 N7NWR 59 AZ 0
QSO: 7182 PH 2026-03-07 0348 ED8W 59 1000 WA6KHK 59 CA 0
QSO: 7182 PH 2026-03-07 0349 ED8W 59 1000 K6UIP 59 CA 0
QSO: 7182 PH 2026-03-07 0350 ED8W 59 1000 KE9EEN 59 IL 0
QSO: 7182 PH 2026-03-07 0350 ED8W 59 1000 N1PJR 59 TN 0
QSO: 7182 PH 2026-03-07 0351 ED8W 59 1000 W2FDJ 59 NJ 0
QSO: 7182 PH 2026-03-07 0354 ED8W 59 1000 KD1I 59 GA 0
QSO: 7182 PH 2026-03-07 0354 ED8W 59 1000 KG9X 59 IL 0
QSO: 7182 PH 2026-03-07 0355 ED8W 59 1000 K6UIP 59 CA 0
QSO: 3500 PH 2026-03-07 0355 ED8W 59 1000 CF3A 59 ON 1
QSO: 7182 PH 2026-03-07 0356 ED8W 59 1000 KK5JJ 59 TX 0
QSO: 7182 PH 2026-03-07 0357 ED8W 59 1000 KA3FZN 59 PA 0
QSO: 7182 PH 2026-03-07 0358 ED8W 59 1000 N4VDX 59 NC 0
QSO: 7182 PH 2026-03-07 0359 ED8W 59 1000 WA7SNW 59 OR 0
QSO: 7182 PH 2026-03-07 0359 ED8W 59 1000 KG8YA 59 OH 0
QSO: 7182 PH 2026-03-07 0359 ED8W 59 1000 W7RM 59 OR 0
QSO: 7182 PH 2026-03-07 0400 ED8W 59 1000 AB0RX 59 MO 0
QSO: 3500 PH 2026-03-07 0400 ED8W 59 1000 KQ3F 59 PA 1
QSO: 3500 PH 2026-03-07 0401 ED8W 59 1000 K1XM 59 MA 1
QSO: 3500 PH 2026-03-07 0401 ED8W 59 1000 K4NDX 59 SC 1
QSO: 7182 PH 2026-03-07 0401 ED8W 59 1000 KE4EA 59 SC 0
QSO: 3500 PH 2026-03-07 0401 ED8W 59 1000 K3ZU 59 MD 1
QSO: 3500 PH 2026-03-07 0402 ED8W 59 1000 K3LR 59 PA 1
QSO: 7182 PH 2026-03-07 0402 ED8W 59 1000 WA8RCN 59 OH 0
QSO: 3500 PH 2026-03-07 0402 ED8W 59 1000 WX3B 59 MD 1
QSO: 7182 PH 2026-03-07 0402 ED8W 59 1000 VE3WMI 59 ON 0
QSO: 3500 PH 2026-03-07 0402 ED8W 59 1000 W2GYJ 59 NY 1
QSO: 3500 PH 2026-03-07 0402 ED8W 59 1000 K3OO 59 PA 1
QSO: 3500 PH 2026-03-07 0402 ED8W 59 1000 N2SR 59 NJ 1
QSO: 3500 PH 2026-03-07 0403 ED8W 59 1000 N3FCP 59 PA 1
QSO: 7182 PH 2026-03-07 0403 ED8W 59 1000 WX8S 59 OH 0
QSO: 3500 PH 2026-03-07 0403 ED8W 59 1000 N3RS 59 PA 1
QSO: 3500 PH 2026-03-07 0403 ED8W 59 1000 W2PV 59 VT 1
QSO: 7182 PH 2026-03-07 0404 ED8W 59 1000 AA9D 59 IL 0
QSO: 3500 PH 2026-03-07 0404 ED8W 59 1000 N6AR 59 FL 1
QSO: 3500 PH 2026-03-07 0404 ED8W 59 1000 K1LZ 59 ME 1
QSO: 7182 PH 2026-03-07 0404 ED8W 59 1000 N5RKK 59 LA 0
QSO: 7182 PH 2026-03-07 0404 ED8W 59 1000 KE7LBB 59 WY 0
QSO: 3500 PH 2026-03-07 0405 ED8W 59 1000 W3LPL 59 MD 1
QSO: 3500 PH 2026-03-07 0405 ED8W 59 1000 VO2AC 59 LB 1
QSO: 3500 PH 2026-03-07 0405 ED8W 59 1000 W4NF 59 VA 1
QSO: 7182 PH 2026-03-07 0405 ED8W 59 1000 KG4R 59 FL 0
QSO: 3500 PH 2026-03-07 0405 ED8W 59 1000 N2HMM 59 NJ 1
QSO: 7182 PH 2026-03-07 0406 ED8W 59 1000 WQ5L 59 MS 0
QSO: 3500 PH 2026-03-07 0406 ED8W 59 1000 W2XX 59 NY 1
QSO: 7182 PH 2026-03-07 0406 ED8W 59 1000 W7EW 59 OR 0
QSO: 3500 PH 2026-03-07 0406 ED8W 59 1000 W3MLK 59 DE 1
QSO: 3500 PH 2026-03-07 0406 ED8W 59 1000 W8MJ 59 MI 1
QSO: 3500 PH 2026-03-07 0407 ED8W 59 1000 W1HI 59 RI 1
QSO: 7182 PH 2026-03-07 0407 ED8W 59 1000 VE9DXX 59 NB 0
QSO: 3500 PH 2026-03-07 0407 ED8W 59 1000 W4RM 59 NC 1
QSO: 3500 PH 2026-03-07 0407 ED8W 59 1000 K9RS 59 DE 1
QSO: 7182 PH 2026-03-07 0407 ED8W 59 1000 N7GP 59 AZ 0
QSO: 3500 PH 2026-03-07 0408 ED8W 59 1000 KC2G 59 NJ 1
QSO: 3500 PH 2026-03-07 0408 ED8W 59 1000 WT1A 59 ME 1
QSO: 7182 PH 2026-03-07 0408 ED8W 59 1000 WC5B 59 OK 0
QSO: 3500 PH 2026-03-07 0408 ED8W 59 1000 K3WJV 59 PA 1
QSO: 7182 PH 2026-03-07 0408 ED8W 59 1000 KK1L 59 VT 0
QSO: 3500 PH 2026-03-07 0408 ED8W 59 1000 K2XA 59 NY 1
QSO: 3500 PH 2026-03-07 0409 ED8W 59 1000 K1KI 59 CT 1
QSO: 3500 PH 2026-03-07 0409 ED8W 59 1000 NF3R 59 PA 1
QSO: 7182 PH 2026-03-07 0409 ED8W 59 1000 K3SNO 59 PA 0
QSO: 3500 PH 2026-03-07 0409 ED8W 59 1000 N1RM 59 VA 1
QSO: 3500 PH 2026-03-07 0409 ED8W 59 1000 K8AZ 59 OH 1
QSO: 7182 PH 2026-03-07 0409 ED8W 59 1000 K0BF 59 CO 0
QSO: 3500 PH 2026-03-07 0409 ED8W 59 1000 K1TTT 59 MA 1
QSO: 3500 PH 2026-03-07 0409 ED8W 59 1000 N2RC 59 NY 1
QSO: 3500 PH 2026-03-07 0410 ED8W 59 1000 N3AD 59 PA 1
QSO: 7182 PH 2026-03-07 0410 ED8W 59 1000 N8GIE 59 OH 0
QSO: 3500 PH 2026-03-07 0410 ED8W 59 1000 W3MF 59 PA 1
QSO: 3500 PH 2026-03-07 0410 ED8W 59 1000 K3ND 59 PA 1
QSO: 7182 PH 2026-03-07 0410 ED8W 59 1000 KK2TTT 59 FL 0
QSO: 3500 PH 2026-03-07 0410 ED8W 59 1000 K2AX 59 NJ 1
QSO: 3500 PH 2026-03-07 0411 ED8W 59 1000 N2ZX 59 NY 1
QSO: 3500 PH 2026-03-07 0411 ED8W 59 1000 K3ZA 59 PA 1
QSO: 7182 PH 2026-03-07 0411 ED8W 59 1000 K5FNE 59 TX 0
QSO: 3500 PH 2026-03-07 0411 ED8W 59 1000 KX1X 59 MA 1
QSO: 7182 PH 2026-03-07 0411 ED8W 59 1000 N2JF 59 TN 0
QSO: 7182 PH 2026-03-07 0412 ED8W 59 1000 K5WDW 59 TX 0
QSO: 3500 PH 2026-03-07 0412 ED8W 59 1000 KN2M 59 NY 1
QSO: 3500 PH 2026-03-07 0412 ED8W 59 1000 WA2CP 59 NY 1
QSO: 3500 PH 2026-03-07 0412 ED8W 59 1000 N4BQQ 59 SC 1
QSO: 3500 PH 2026-03-07 0412 ED8W 59 1000 AD3V 59 DE 1
QSO: 3500 PH 2026-03-07 0413 ED8W 59 1000 N1IPB 59 NH 1
QSO: 3500 PH 2026-03-07 0413 ED8W 59 1000 KT4Q 59 NC 1
QSO: 3500 PH 2026-03-07 0414 ED8W 59 1000 WB3X 59 SC 1
QSO: 3500 PH 2026-03-07 0414 ED8W 59 1000 AK1MD 59 MA 1
QSO: 3500 PH 2026-03-07 0414 ED8W 59 1000 N1JP 59 NY 1
QSO: 7182 PH 2026-03-07 0414 ED8W 59 1000 W9JAB 59 AR 0
QSO: 3500 PH 2026-03-07 0415 ED8W 59 1000 KI1P 59 VT 1
QSO: 3500 PH 2026-03-07 0415 ED8W 59 1000 AA3B 59 PA 1
QSO: 3500 PH 2026-03-07 0415 ED8W 59 1000 KG4WDX 59 NC 1
QSO: 3500 PH 2026-03-07 0416 ED8W 59 1000 KB1W 59 MA 1
QSO: 3500 PH 2026-03-07 0417 ED8W 59 1000 K1RX 59 NH 1
QSO: 3500 PH 2026-03-07 0417 ED8W 59 1000 WJ1U 59 NH 1
QSO: 7182 PH 2026-03-07 0417 ED8W 59 1000 KA5PXE 59 AL 0
QSO: 3500 PH 2026-03-07 0417 ED8W 59 1000 W3KB 59 PA 1
QSO: 3500 PH 2026-03-07 0418 ED8W 59 1000 KW4KW 59 AL 1
QSO: 7182 PH 2026-03-07 0418 ED8W 59 1000 N9TF 59 TN 0
QSO: 3500 PH 2026-03-07 0418 ED8W 59 1000 N4CF 59 VA 1
QSO: 7182 PH 2026-03-07 0419 ED8W 59 1000 NO6MM 59 CA 0
QSO: 3500 PH 2026-03-07 0419 ED8W 59 1000 KR4OW 59 FL 1
QSO: 3500 PH 2026-03-07 0419 ED8W 59 1000 K1BX 59 NH 1
QSO: 7182 PH 2026-03-07 0419 ED8W 59 1000 W4FNZ 59 GA 0
QSO: 3500 PH 2026-03-07 0419 ED8W 59 1000 VY2TT 59 PE 1
QSO: 3500 PH 2026-03-07 0420 ED8W 59 1000 AA4CF 59 GA 1
QSO: 7182 PH 2026-03-07 0420 ED8W 59 1000 KT7E 59 OR 0
QSO: 3500 PH 2026-03-07 0420 ED8W 59 1000 KU2C 59 PA 1
QSO: 3500 PH 2026-03-07 0420 ED8W 59 1000 W4MKB 59 FL 1
QSO: 3500 PH 2026-03-07 0421 ED8W 59 1000 N4LS 59 KY 1
QSO: 7182 PH 2026-03-07 0421 ED8W 59 1000 N1IXF 59 CT 0
QSO: 7182 PH 2026-03-07 0422 ED8W 59 1000 AA4DD 59 TN 0
QSO: 3500 PH 2026-03-07 0422 ED8W 59 1000 KU2C 59 PA 1
QSO: 3500 PH 2026-03-07 0422 ED8W 59 1000 WY3A 59 PA 1
QSO: 7182 PH 2026-03-07 0422 ED8W 59 1000 N2ISM 59 NC 0
QSO: 7182 PH 2026-03-07 0423 ED8W 59 1000 KA3SDL 59 MD 0
QSO: 3500 PH 2026-03-07 0424 ED8W 59 1000 K0EJ 59 TN 1
QSO: 7182 PH 2026-03-07 0426 ED8W 59 1000 KA1TBJ 59 RI 0
QSO: 3500 PH 2026-03-07 0426 ED8W 59 1000 N3ZA 59 PA 1
QSO: 7182 PH 2026-03-07 0427 ED8W 59 1000 KC3UDO 59 MD 0
QSO: 3500 PH 2026-03-07 0427 ED8W 59 1000 NK2Y 59 NY 1
QSO: 3500 PH 2026-03-07 0428 ED8W 59 1000 NS3T 59 MD 1
QSO: 7182 PH 2026-03-07 0428 ED8W 59 1000 NR8Z 59 VA 0
QSO: 3500 PH 2026-03-07 0428 ED8W 59 1000 KK1L 59 VT 1
QSO: 7182 PH 2026-03-07 0428 ED8W 59 1000 K3ZR 59 PA 0
QSO: 3500 PH 2026-03-07 0430 ED8W 59 1000 VO1GO 59 NF 1
QSO: 7182 PH 2026-03-07 0430 ED8W 59 1000 K8GL 59 MI 0
QSO: 3500 PH 2026-03-07 0430 ED8W 59 1000 NW8U 59 WV 1
QSO: 7182 PH 2026-03-07 0430 ED8W 59 1000 N6LL 59 CA 0
QSO: 3500 PH 2026-03-07 0430 ED8W 59 1000 WT3Q 59 PA 1
QSO: 3500 PH 2026-03-07 0431 ED8W 59 1000 W8TB 59 OH 1
QSO: 7182 PH 2026-03-07 0431 ED8W 59 1000 WD5F 59 LA 0
QSO: 3500 PH 2026-03-07 0431 ED8W 59 1000 K2AR 59 MD 1
QSO: 3500 PH 2026-03-07 0431 ED8W 59 1000 NR8Z 59 VA 1
QSO: 3500 PH 2026-03-07 0432 ED8W 59 1000 K2BX 59 NY 1
QSO: 7182 PH 2026-03-07 0433 ED8W 59 1000 KQ4HAC 59 FL 0
QSO: 3500 PH 2026-03-07 0434 ED8W 59 1000 WE9R 59 WI 1
QSO: 7182 PH 2026-03-07 0434 ED8W 59 1000 N5KPK 59 TX 0
QSO: 7182 PH 2026-03-07 0434 ED8W 59 1000 WT8E 59 OH 0
QSO: 3500 PH 2026-03-07 0435 ED8W 59 1000 W3KN 59 MD 1
QSO: 3500 PH 2026-03-07 0435 ED8W 59 1000 WB2FKO 59 FL 1
QSO: 7182 PH 2026-03-07 0435 ED8W 59 1000 N3RC 59 CA 0
QSO: 3500 PH 2026-03-07 0435 ED8W 59 1000 N2NT 59 NJ 1
QSO: 7182 PH 2026-03-07 0436 ED8W 59 1000 W6DVS 59 NC 0
QSO: 3500 PH 2026-03-07 0436 ED8W 59 1000 WG3J 59 MD 1
QSO: 3500 PH 2026-03-07 0436 ED8W 59 1000 N4RA 59 WV 1
QSO: 3500 PH 2026-03-07 0436 ED8W 59 1000 K4AB 59 AL 1
QSO: 3500 PH 2026-03-07 0437 ED8W 59 1000 W8BI 59 OH 1
QSO: 3500 PH 2026-03-07 0438 ED8W 59 1000 KA3S 59 PA 1
QSO: 7182 PH 2026-03-07 0438 ED8W 59 1000 AD7OV 59 UT 0
QSO: 7182 PH 2026-03-07 0438 ED8W 59 1000 NO5Z 59 NM 0
QSO: 3500 PH 2026-03-07 0438 ED8W 59 1000 K4CGY 59 VA 1
QSO: 3500 PH 2026-03-07 0439 ED8W 59 1000 N9GB 59 KS 1
QSO: 7182 PH 2026-03-07 0440 ED8W 59 1000 VE2VWY 59 QC 0
QSO: 7182 PH 2026-03-07 0442 ED8W 59 1000 KQ4BPZ 59 FL 0
QSO: 7182 PH 2026-03-07 0442 ED8W 59 1000 KV1J 59 ME 0
QSO: 7182 PH 2026-03-07 0442 ED8W 59 1000 WB3X 59 SC 0
QSO: 7182 PH 2026-03-07 0443 ED8W 59 1000 W0EWD 59 IA 0
QSO: 3500 PH 2026-03-07 0444 ED8W 59 1000 AB3CX 59 NY 1
QSO: 7182 PH 2026-03-07 0444 ED8W 59 1000 KB6QPI 59 FL 0
QSO: 3500 PH 2026-03-07 0444 ED8W 59 1000 NX3A 59 VA 1
QSO: 3500 PH 2026-03-07 0445 ED8W 59 1000 K5VIP 59 VA 1
QSO: 3500 PH 2026-03-07 0445 ED8W 59 1000 K3ZR 59 PA 1
QSO: 3500 PH 2026-03-07 0445 ED8W 59 1000 N3RD 59 PA 1
QSO: 3500 PH 2026-03-07 0446 ED8W 59 1000 NX2X 59 NY 1
QSO: 7182 PH 2026-03-07 0446 ED8W 59 1000 KO4MVV 59 NC 0
QSO: 3500 PH 2026-03-07 0446 ED8W 59 1000 NV3K 59 PA 1
QSO: 7182 PH 2026-03-07 0446 ED8W 59 1000 K7RI 59 WA 0
QSO: 3500 PH 2026-03-07 0446 ED8W 59 1000 WV4P 59 TN 1
QSO: 3500 PH 2026-03-07 0446 ED8W 59 1000 K5TR 59 TX 1
QSO: 3500 PH 2026-03-07 0447 ED8W 59 1000 W3ZGD 59 PA 1
QSO: 7182 PH 2026-03-07 0447 ED8W 59 1000 K0TRL 59 KS 0
QSO: 3500 PH 2026-03-07 0447 ED8W 59 1000 W1VT 59 CT 1
QSO: 7182 PH 2026-03-07 0447 ED8W 59 1000 KB9RKK 59 TN 0
QSO: 3500 PH 2026-03-07 0447 ED8W 59 1000 VA2GK 59 QC 1
QSO: 7182 PH 2026-03-07 0447 ED8W 59 1000 K6NA 59 CA 0
QSO: 3500 PH 2026-03-07 0447 ED8W 59 1000 K9OM 59 FL 1
QSO: 3500 PH 2026-03-07 0448 ED8W 59 1000 K8LY 59 OH 1
QSO: 7182 PH 2026-03-07 0448 ED8W 59 1000 VA3IDD 59 ON 0
QSO: 3500 PH 2026-03-07 0449 ED8W 59 1000 W8FJ 59 PA 1
QSO: 7182 PH 2026-03-07 0449 ED8W 59 1000 KG6YVD 59 CA 0
QSO: 7182 PH 2026-03-07 0450 ED8W 59 1000 NY6G 59 CA 0
QSO: 7182 PH 2026-03-07 0451 ED8W 59 1000 WB5DW 59 TX 0
QSO: 3500 PH 2026-03-07 0452 ED8W 59 1000 N2SQW 59 NY 1
QSO: 7182 PH 2026-03-07 0452 ED8W 59 1000 KQ4RXX 59 GA 0
QSO: 7182 PH 2026-03-07 0453 ED8W 59 1000 K1CRS 59 FL 0
QSO: 3500 PH 2026-03-07 0453 ED8W 59 1000 NU1D 59 ME 1
QSO: 3500 PH 2026-03-07 0453 ED8W 59 1000 K2ON 59 NJ 1
QSO: 3500 PH 2026-03-07 0454 ED8W 59 1000 N0YY 59 VA 1
QSO: 7182 PH 2026-03-07 0454 ED8W 59 1000 N1DRS 59 MA 0
QSO: 7182 PH 2026-03-07 0455 ED8W 59 1000 WB4CS 59 AL 0
QSO: 3500 PH 2026-03-07 0455 ED8W 59 1000 WA4WR 59 NC 1
QSO: 7182 PH 2026-03-07 0456 ED8W 59 1000 W6PH 59 CA 0
QSO: 3500 PH 2026-03-07 0456 ED8W 59 1000 KB3RCT 59 PA 1
QSO: 7182 PH 2026-03-07 0456 ED8W 59 1000 AK9PL 59 IL 0
QSO: 3500 PH 2026-03-07 0457 ED8W 59 1000 K1KA 59 NH 1
QSO: 7182 PH 2026-03-07 0459 ED8W 59 1000 WA6LDI 59 CA 0
QSO: 7182 PH 2026-03-07 0459 ED8W 59 1000 W9HT 59 IN 0
QSO: 7182 PH 2026-03-07 0459 ED8W 59 1000 AJ6V 59 CA 0
QSO: 7182 PH 2026-03-07 0500 ED8W 59 1000 KR4OW 59 FL 0
QSO: 7182 PH 2026-03-07 0500 ED8W 59 1000 AC9S 59 IL 0
QSO: 7182 PH 2026-03-07 0500 ED8W 59 1000 WA5JMZ 59 TX 0
QSO: 7182 PH 2026-03-07 0502 ED8W 59 1000 VE3AC 59 ON 0
QSO: 7182 PH 2026-03-07 0503 ED8W 59 1000 WE2A 59 NY 0
QSO: 7182 PH 2026-03-07 0504 ED8W 59 1000 N8UKD 59 MI 0
QSO: 7182 PH 2026-03-07 0505 ED8W 59 1000 KC1HGZ 59 MA 0
QSO: 7182 PH 2026-03-07 0506 ED8W 59 1000 NW0X 59 ND 0
QSO: 7182 PH 2026-03-07 0506 ED8W 59 1000 W0LV 59 NV 0
QSO: 7182 PH 2026-03-07 0507 ED8W 59 1000 AG9A 59 IL 0
QSO: 7182 PH 2026-03-07 0507 ED8W 59 1000 K0BFT 59 MN 0
QSO: 7182 PH 2026-03-07 0507 ED8W 59 1000 KA4JRY 59 GA 0
QSO: 7182 PH 2026-03-07 0508 ED8W 59 1000 K0BOW 59 CO 0
QSO: 7182 PH 2026-03-07 0508 ED8W 59 1000 K2MTG 59 NJ 0
QSO: 7182 PH 2026-03-07 0508 ED8W 59 1000 KC8YVP 59 OH 0
QSO: 7182 PH 2026-03-07 0509 ED8W 59 1000 WB9FBO 59 IL 0
QSO: 7182 PH 2026-03-07 0509 ED8W 59 1000 W2TMR 59 NY 0
QSO: 7182 PH 2026-03-07 0510 ED8W 59 1000 W9PKL 59 WI 0
QSO: 7182 PH 2026-03-07 0510 ED8W 59 1000 WV4P 59 TN 0
QSO: 7182 PH 2026-03-07 0510 ED8W 59 1000 AA0F 59 TX 0
QSO: 7182 PH 2026-03-07 0510 ED8W 59 1000 W4OX 59 FL 0
QSO: 7182 PH 2026-03-07 0511 ED8W 59 1000 VE3TMT 59 ON 0
QSO: 7182 PH 2026-03-07 0512 ED8W 59 1000 AA3OO 59 MO 0
QSO: 7182 PH 2026-03-07 0514 ED8W 59 1000 K6WDE 59 CA 0
QSO: 7182 PH 2026-03-07 0515 ED8W 59 1000 K5ROG 59 TX 0
QSO: 7182 PH 2026-03-07 0516 ED8W 59 1000 KD5UVV 59 MS 0
QSO: 7182 PH 2026-03-07 0517 ED8W 59 1000 W5CUB 59 TX 0
QSO: 7182 PH 2026-03-07 0517 ED8W 59 1000 WA7NB 59 AZ 0
QSO: 7182 PH 2026-03-07 0517 ED8W 59 1000 K6DW 59 CA 0
QSO: 7182 PH 2026-03-07 0518 ED8W 59 1000 VE7ZO 59 BC 0
QSO: 7182 PH 2026-03-07 0519 ED8W 59 1000 W6WZZ 59 CA 0
QSO: 7182 PH 2026-03-07 0519 ED8W 59 1000 KN6MS 59 CA 0
QSO: 7182 PH 2026-03-07 0520 ED8W 59 1000 K7PN 59 OR 0
QSO: 7182 PH 2026-03-07 0521 ED8W 59 1000 WW6JR 59 CA 0
QSO: 7182 PH 2026-03-07 0521 ED8W 59 1000 KG5RPZ 59 LA 0
QSO: 7182 PH 2026-03-07 0522 ED8W 59 1000 KQ4YYM 59 SC 0
QSO: 7182 PH 2026-03-07 0522 ED8W 59 1000 W1FM 59 MA 0
QSO: 7182 PH 2026-03-07 0523 ED8W 59 1000 AC1MT 59 MA 0
QSO: 1849 PH 2026-03-07 0523 ED8W 59 1000 K1LZ 59 ME 1
QSO: 7182 PH 2026-03-07 0523 ED8W 59 1000 KW4OV 59 AL 0
QSO: 7182 PH 2026-03-07 0524 ED8W 59 1000 KC2MBV 59 NY 0
QSO: 7182 PH 2026-03-07 0525 ED8W 59 1000 KF7IO 59 OR 0
QSO: 7182 PH 2026-03-07 0526 ED8W 59 1000 K8DP 59 MI 0
QSO: 7182 PH 2026-03-07 0527 ED8W 59 1000 KE5MUK 59 TX 0
QSO: 7182 PH 2026-03-07 0529 ED8W 59 1000 N7COT 59 UT 0
QSO: 7182 PH 2026-03-07 0530 ED8W 59 1000 W7MBR 59 WA 0
QSO: 7182 PH 2026-03-07 0531 ED8W 59 1000 K8ZM 59 OH 0
QSO: 7182 PH 2026-03-07 0531 ED8W 59 1000 KC9EOQ 59 IL 0
QSO: 7182 PH 2026-03-07 0533 ED8W 59 1000 K0SIX 59 MN 0
QSO: 7182 PH 2026-03-07 0533 ED8W 59 1000 CF3A 59 ON 0
QSO: 7182 PH 2026-03-07 0534 ED8W 59 1000 K6UN 59 CA 0
QSO: 7182 PH 2026-03-07 0535 ED8W 59 1000 AC2OC 59 NY 0
QSO: 7182 PH 2026-03-07 0535 ED8W 59 1000 W6BT 59 CA 0
QSO: 7182 PH 2026-03-07 0536 ED8W 59 1000 N1NQD 59 NY 0
QSO: 7182 PH 2026-03-07 0536 ED8W 59 1000 KA0PQW 59 MN 0
QSO: 7182 PH 2026-03-07 0536 ED8W 59 1000 KX2T 59 FL 0
QSO: 7182 PH 2026-03-07 0537 ED8W 59 1000 K6GBA 59 CA 0
QSO: 7182 PH 2026-03-07 0537 ED8W 59 1000 WA8PAG 59 FL 0
QSO: 7182 PH 2026-03-07 0538 ED8W 59 1000 KG7FWF 59 WA 0
QSO: 7182 PH 2026-03-07 0538 ED8W 59 1000 K5KU 59 LA 0
QSO: 7182 PH 2026-03-07 0538 ED8W 59 1000 KB1DK 59 CT 0
QSO: 7182 PH 2026-03-07 0540 ED8W 59 1000 KI7V 59 AZ 0
QSO: 7182 PH 2026-03-07 0540 ED8W 59 1000 N6JW 59 CA 0
QSO: 7182 PH 2026-03-07 0542 ED8W 59 1000 N3DEB 59 CA 0
QSO: 7182 PH 2026-03-07 0542 ED8W 59 1000 KK4GEP 59 FL 0
QSO: 7182 PH 2026-03-07 0542 ED8W 59 1000 N6HEW 59 NM 0
QSO: 7182 PH 2026-03-07 0544 ED8W 59 1000 W6MX 59 CA 0
QSO: 7182 PH 2026-03-07 0545 ED8W 59 1000 VE3RVZ 59 ON 0
QSO: 3789 PH 2026-03-07 0545 ED8W 59 1000 VE3NE 59 ON 1
QSO: 3789 PH 2026-03-07 0546 ED8W 59 1000 W2FDJ 59 NJ 1
QSO: 7182 PH 2026-03-07 0546 ED8W 59 1000 KC9ZMA 59 IN 0
QSO: 3789 PH 2026-03-07 0546 ED8W 59 1000 KX2T 59 FL 1
QSO: 3789 PH 2026-03-07 0546 ED8W 59 1000 K2UU 59 NY 1
QSO: 3789 PH 2026-03-07 0546 ED8W 59 1000 N2AA 59 NJ 1
QSO: 3789 PH 2026-03-07 0546 ED8W 59 1000 KE4EB 59 VA 1
QSO: 7182 PH 2026-03-07 0547 ED8W 59 1000 WB6CIA 59 CA 0
QSO: 3789 PH 2026-03-07 0547 ED8W 59 1000 AK9PL 59 IL 1
QSO: 7182 PH 2026-03-07 0547 ED8W 59 1000 K1ZZ 59 CT 0
QSO: 3789 PH 2026-03-07 0547 ED8W 59 1000 W2TMR 59 NY 1
QSO: 3789 PH 2026-03-07 0547 ED8W 59 1000 K1KP 59 MA 1
QSO: 3789 PH 2026-03-07 0547 ED8W 59 1000 AB5VJ 59 PA 1
QSO: 7182 PH 2026-03-07 0548 ED8W 59 1000 K7GK 59 CA 0
QSO: 3789 PH 2026-03-07 0548 ED8W 59 1000 W2QF 59 ME 1
QSO: 7182 PH 2026-03-07 0548 ED8W 59 1000 KE0UI 59 CO 0
QSO: 7182 PH 2026-03-07 0549 ED8W 59 1000 N6AA 59 CA 0
QSO: 3789 PH 2026-03-07 0549 ED8W 59 1000 W5IO 59 TX 1
QSO: 7182 PH 2026-03-07 0549 ED8W 59 1000 W2ZJ 59 NY 0
QSO: 3789 PH 2026-03-07 0550 ED8W 59 1000 VE3EVZ 59 ON 1
QSO: 3789 PH 2026-03-07 0550 ED8W 59 1000 K1BJC 59 MN 1
QSO: 7182 PH 2026-03-07 0550 ED8W 59 1000 VE4SG 59 MB 0
QSO: 7182 PH 2026-03-07 0551 ED8W 59 1000 KB1CU 59 PA 0
QSO: 3789 PH 2026-03-07 0552 ED8W 59 1000 K1ZZ 59 CT 1
QSO: 3789 PH 2026-03-07 0552 ED8W 59 1000 N1UR 59 VT 1
QSO: 3789 PH 2026-03-07 0553 ED8W 59 1000 W6PH 59 CA 1
QSO: 7182 PH 2026-03-07 0553 ED8W 59 1000 KM7AHE 59 UT 0
QSO: 3789 PH 2026-03-07 0553 ED8W 59 1000 W9RE 59 IN 1
QSO: 7182 PH 2026-03-07 0553 ED8W 59 1000 KB9FPY 59 IL 0
QSO: 7182 PH 2026-03-07 0554 ED8W 59 1000 KA1DCB 59 NH 0
QSO: 3789 PH 2026-03-07 0554 ED8W 59 1000 KC2MBV 59 NY 1
QSO: 7182 PH 2026-03-07 0554 ED8W 59 1000 K6RAD 59 CA 0
QSO: 7182 PH 2026-03-07 0554 ED8W 59 1000 K6RIM 59 CA 0
QSO: 3789 PH 2026-03-07 0554 ED8W 59 1000 W3FR 59 MD 1
QSO: 7182 PH 2026-03-07 0555 ED8W 59 1000 VE7BC 59 BC 0
QSO: 3789 PH 2026-03-07 0555 ED8W 59 1000 N8GB 59 WV 1
QSO: 7182 PH 2026-03-07 0555 ED8W 59 1000 W4LFD 59 FL 0
QSO: 7182 PH 2026-03-07 0555 ED8W 59 1000 KB2GD 59 NY 0
QSO: 7182 PH 2026-03-07 0555 ED8W 59 1000 KN6Z 59 CA 0
QSO: 3789 PH 2026-03-07 0556 ED8W 59 1000 VE3YZ 59 ON 1
QSO: 7182 PH 2026-03-07 0556 ED8W 59 1000 KC6UFE 59 CA 0
QSO: 7182 PH 2026-03-07 0556 ED8W 59 1000 K9VIT 59 UT 0
QSO: 7182 PH 2026-03-07 0557 ED8W 59 1000 KB5KKL 59 LA 0
QSO: 3789 PH 2026-03-07 0557 ED8W 59 1000 KB4OK 59 FL 1
QSO: 7182 PH 2026-03-07 0557 ED8W 59 1000 KF2FK 59 NY 0
QSO: 7182 PH 2026-03-07 0558 ED8W 59 1000 K0BZ 59 WI 0
QSO: 7182 PH 2026-03-07 0558 ED8W 59 1000 KD9YPG 59 IN 0
QSO: 7182 PH 2026-03-07 0559 ED8W 59 1000 VA7RR 59 BC 0
QSO: 7182 PH 2026-03-07 0559 ED8W 59 1000 NC3Y 59 MD 0
QSO: 7182 PH 2026-03-07 0559 ED8W 59 1000 W7KDL 59 AZ 0
QSO: 3789 PH 2026-03-07 0559 ED8W 59 1000 N4QS 59 KY 1
QSO: 7182 PH 2026-03-07 0559 ED8W 59 1000 VE3SST 59 ON 0
QSO: 3789 PH 2026-03-07 0559 ED8W 59 1000 AC1MT 59 MA 1
QSO: 7182 PH 2026-03-07 0600 ED8W 59 1000 W8SGK 59 CA 0
QSO: 7182 PH 2026-03-07 0600 ED8W 59 1000 K5WVF 59 MS 0
QSO: 7182 PH 2026-03-07 0601 ED8W 59 1000 KK7QQO 59 UT 0
QSO: 7182 PH 2026-03-07 0601 ED8W 59 1000 K6DX 59 AZ 0
QSO: 7182 PH 2026-03-07 0602 ED8W 59 1000 K4BTR 59 KY 0
QSO: 7182 PH 2026-03-07 0602 ED8W 59 1000 W7XE 59 OR 0
QSO: 7182 PH 2026-03-07 0602 ED8W 59 1000 KD4RVB 59 FL 0
QSO: 3789 PH 2026-03-07 0604 ED8W 59 1000 K2ANZ 59 NY 1
QSO: 7182 PH 2026-03-07 0604 ED8W 59 1000 W4KRN 59 VA 0
QSO: 3789 PH 2026-03-07 0604 ED8W 59 1000 VA1EET 59 NS 1
QSO: 7182 PH 2026-03-07 0605 ED8W 59 1000 WR1B 59 PA 0
QSO: 7182 PH 2026-03-07 0606 ED8W 59 1000 W9DH 59 IL 0
QSO: 3789 PH 2026-03-07 0606 ED8W 59 1000 K0SIX 59 MN 1
QSO: 3789 PH 2026-03-07 0606 ED8W 59 1000 KN4BIT 59 NC 1
QSO: 7182 PH 2026-03-07 0607 ED8W 59 1000 KR4IJT 59 NC 0
QSO: 3789 PH 2026-03-07 0607 ED8W 59 1000 VA2EBI 59 QC 1
QSO: 7182 PH 2026-03-07 0607 ED8W 59 1000 KC1VHP 59 CT 0
QSO: 7182 PH 2026-03-07 0607 ED8W 59 1000 N6TQ 59 CA 0
QSO: 7182 PH 2026-03-07 0608 ED8W 59 1000 K4OLW 59 FL 0
QSO: 7182 PH 2026-03-07 0608 ED8W 59 1000 N3FES 59 WV 0
QSO: 7182 PH 2026-03-07 0609 ED8W 59 1000 K5FNE 59 TX 0
QSO: 3789 PH 2026-03-07 0609 ED8W 59 1000 W1FM 59 MA 1
QSO: 7182 PH 2026-03-07 0609 ED8W 59 1000 W7RMX 59 ID 0
QSO: 7182 PH 2026-03-07 0609 ED8W 59 1000 W5IO 59 TX 0
QSO: 7182 PH 2026-03-07 0610 ED8W 59 1000 KK7RHF 59 NV 0
QSO: 7182 PH 2026-03-07 0610 ED8W 59 1000 W7DK 59 WA 0
QSO: 7182 PH 2026-03-07 0611 ED8W 59 1000 N6TC 59 CA 0
QSO: 7182 PH 2026-03-07 0611 ED8W 59 1000 W0XW 59 MN 0
QSO: 7182 PH 2026-03-07 0611 ED8W 59 1000 WA7TT 59 ID 0
QSO: 7182 PH 2026-03-07 0612 ED8W 59 1000 WV7MS 59 WV 0
QSO: 7182 PH 2026-03-07 0614 ED8W 59 1000 W9SLH 59 CA 0
QSO: 7182 PH 2026-03-07 0615 ED8W 59 1000 N9SB 59 IL 0
QSO: 7182 PH 2026-03-07 0615 ED8W 59 1000 W8FJ 59 PA 0
QSO: 7182 PH 2026-03-07 0615 ED8W 59 1000 AF7NX 59 OR 0
QSO: 7182 PH 2026-03-07 0616 ED8W 59 1000 WN4HOG 59 OR 0
QSO: 1844 PH 2026-03-07 0618 ED8W 59 1000 K1ZM 59 MD 1
QSO: 7182 PH 2026-03-07 0618 ED8W 59 1000 W6QA 59 CA 0
QSO: 7182 PH 2026-03-07 0618 ED8W 59 1000 W0IRS 59 CO 0
QSO: 7182 PH 2026-03-07 0619 ED8W 59 1000 K6WWL 59 CA 0
QSO: 7182 PH 2026-03-07 0619 ED8W 59 1000 N4QS 59 KY 0
QSO: 7182 PH 2026-03-07 0619 ED8W 59 1000 KE8MAL 59 MI 0
QSO: 7182 PH 2026-03-07 0621 ED8W 59 1000 WP4NIB/4 59 FL 0
QSO: 7182 PH 2026-03-07 0622 ED8W 59 1000 W4EK 59 GA 0
QSO: 7182 PH 2026-03-07 0622 ED8W 59 1000 WA2CNV 59 NY 0
QSO: 7182 PH 2026-03-07 0623 ED8W 59 1000 W0AJO 59 CO 0
QSO: 7182 PH 2026-03-07 0623 ED8W 59 1000 WN0G 59 IA 0
QSO: 7182 PH 2026-03-07 0624 ED8W 59 1000 KJ7NE 59 WA 0
QSO: 7182 PH 2026-03-07 0625 ED8W 59 1000 KA3MTT 59 KY 0
QSO: 7182 PH 2026-03-07 0626 ED8W 59 1000 K6GHA 59 CA 0
QSO: 7182 PH 2026-03-07 0627 ED8W 59 1000 NI6J 59 AZ 0
QSO: 7182 PH 2026-03-07 0628 ED8W 59 1000 KC9GNK 59 WI 0
QSO: 7182 PH 2026-03-07 0629 ED8W 59 1000 N6DXX 59 CA 0
QSO: 1853 PH 2026-03-07 0630 ED8W 59 1000 VE3PN 59 ON 1
QSO: 1853 PH 2026-03-07 0631 ED8W 59 1000 N6MJ 59 NY 1
QSO: 1853 PH 2026-03-07 0631 ED8W 59 1000 K3LR 59 PA 1
QSO: 7182 PH 2026-03-07 0632 ED8W 59 1000 K7QA 59 MT 0
QSO: 7182 PH 2026-03-07 0632 ED8W 59 1000 K3RL 59 PA 0
QSO: 7182 PH 2026-03-07 0633 ED8W 59 1000 NJ8J 59 GA 0
QSO: 1853 PH 2026-03-07 0636 ED8W 59 1000 W2XX 59 NY 1
QSO: 7182 PH 2026-03-07 0637 ED8W 59 1000 K5BHD 59 TX 0
QSO: 7182 PH 2026-03-07 0637 ED8W 59 1000 N8YDM 59 OH 0
QSO: 7182 PH 2026-03-07 0639 ED8W 59 1000 N3DNO 59 NY 0
QSO: 7182 PH 2026-03-07 0639 ED8W 59 1000 KR4DEA 59 FL 0
QSO: 7182 PH 2026-03-07 0641 ED8W 59 1000 K9PAP 59 CA 0
QSO: 7182 PH 2026-03-07 0642 ED8W 59 1000 KM4IAJ 59 VA 0
QSO: 7182 PH 2026-03-07 0642 ED8W 59 1000 N5USK 59 CA 0
QSO: 7182 PH 2026-03-07 0643 ED8W 59 1000 N1ZYZ 59 NH 0
QSO: 7182 PH 2026-03-07 0643 ED8W 59 1000 W6KH 59 CA 0
QSO: 7182 PH 2026-03-07 0643 ED8W 59 1000 WB6JJJ 59 OR 0
QSO: 7182 PH 2026-03-07 0643 ED8W 59 1000 KA1DCB 59 NH 0
QSO: 7182 PH 2026-03-07 0646 ED8W 59 1000 WA4IDS 59 VA 0
QSO: 1853 PH 2026-03-07 0646 ED8W 59 1000 VA1EET 59 NS 1
QSO: 7182 PH 2026-03-07 0646 ED8W 59 1000 AD0CH 59 KS 0
QSO: 7182 PH 2026-03-07 0646 ED8W 59 1000 N3MA 59 VA 0
QSO: 7182 PH 2026-03-07 0650 ED8W 59 1000 KI6HQT 59 TX 0
QSO: 1853 PH 2026-03-07 0651 ED8W 59 1000 W3LPL 59 MD 1
QSO: 7182 PH 2026-03-07 0651 ED8W 59 1000 K2LOR 59 NY 0
QSO: 7182 PH 2026-03-07 0651 ED8W 59 1000 W6FB 59 LA 0
QSO: 7182 PH 2026-03-07 0653 ED8W 59 1000 VE7MHC 59 BC 0
QSO: 7182 PH 2026-03-07 0654 ED8W 59 1000 KI6HQI 59 CA 0
QSO: 7182 PH 2026-03-07 0655 ED8W 59 1000 KT4LST 59 FL 0
QSO: 7182 PH 2026-03-07 0655 ED8W 59 1000 VE7IZ 59 BC 0
QSO: 7182 PH 2026-03-07 0657 ED8W 59 1000 W6TR 59 NM 0
QSO: 7182 PH 2026-03-07 0657 ED8W 59 1000 VE6PR 59 AB 0
QSO: 7182 PH 2026-03-07 0657 ED8W 59 1000 K4KNO 59 FL 0
QSO: 3784 PH 2026-03-07 0658 ED8W 59 1000 N5RZ 59 TX 1
QSO: 3784 PH 2026-03-07 0659 ED8W 59 1000 K9WO 59 WI 1
QSO: 7182 PH 2026-03-07 0659 ED8W 59 1000 KM6KFW 59 CA 0
QSO: 3784 PH 2026-03-07 0700 ED8W 59 1000 N6RV 59 CA 1
QSO: 3784 PH 2026-03-07 0700 ED8W 59 1000 W4LEW 59 VA 1
QSO: 7182 PH 2026-03-07 0702 ED8W 59 1000 W7FTT 59 OR 0
QSO: 3784 PH 2026-03-07 0702 ED8W 59 1000 K6GHA 59 CA 1
QSO: 3784 PH 2026-03-07 0703 ED8W 59 1000 N1ZYZ 59 NH 1
QSO: 7182 PH 2026-03-07 0703 ED8W 59 1000 WW7GBA 59 UT 0
QSO: 7182 PH 2026-03-07 0703 ED8W 59 1000 AI6O 59 MO 0
QSO: 3784 PH 2026-03-07 0703 ED8W 59 1000 K7RI 59 WA 1
QSO: 7182 PH 2026-03-07 0704 ED8W 59 1000 N5WBF 59 NM 0
QSO: 3784 PH 2026-03-07 0704 ED8W 59 1000 KE9ZZ 59 IL 1
QSO: 7182 PH 2026-03-07 0704 ED8W 59 1000 N7IR 59 AZ 0
QSO: 7182 PH 2026-03-07 0704 ED8W 59 1000 KB0NES 59 MN 0
QSO: 3784 PH 2026-03-07 0705 ED8W 59 1000 KT6TT/7 59 ID 1
QSO: 7182 PH 2026-03-07 0705 ED8W 59 1000 KS7T 59 MT 0
QSO: 7182 PH 2026-03-07 0705 ED8W 59 1000 W6SC 59 CA 0
QSO: 3784 PH 2026-03-07 0705 ED8W 59 1000 N6MJ 59 NY 1
QSO: 7182 PH 2026-03-07 0705 ED8W 59 1000 KN6ZHJ 59 CA 0
QSO: 7182 PH 2026-03-07 0706 ED8W 59 1000 KN7K 59 OR 0
QSO: 3784 PH 2026-03-07 0707 ED8W 59 1000 K6NA 59 CA 1
QSO: 7182 PH 2026-03-07 0707 ED8W 59 1000 NG7X 59 AZ 0
QSO: 7182 PH 2026-03-07 0707 ED8W 59 1000 W9DH 59 IL 0
QSO: 7182 PH 2026-03-07 0707 ED8W 59 1000 VE3FCP 59 ON 0
QSO: 7182 PH 2026-03-07 0708 ED8W 59 1000 W4LEW 59 VA 0
QSO: 7182 PH 2026-03-07 0708 ED8W 59 1000 K5TD 59 LA 0
QSO: 7182 PH 2026-03-07 0709 ED8W 59 1000 N3DNO 59 NY 0
QSO: 7182 PH 2026-03-07 0709 ED8W 59 1000 N6YG 59 CA 0
QSO: 7182 PH 2026-03-07 0710 ED8W 59 1000 WZ6ZZ 59 CA 0
QSO: 7182 PH 2026-03-07 0710 ED8W 59 1000 W2DON 59 CA 0
QSO: 7182 PH 2026-03-07 0711 ED8W 59 1000 KB3KTV 59 PA 0
QSO: 7182 PH 2026-03-07 0712 ED8W 59 1000 KC7H 59 WA 0
QSO: 7182 PH 2026-03-07 0713 ED8W 59 1000 KB6NTW 59 CA 0
QSO: 7182 PH 2026-03-07 0714 ED8W 59 1000 K9KDE 59 IL 0
QSO: 7182 PH 2026-03-07 0714 ED8W 59 1000 WB5SHV 59 TX 0
QSO: 7182 PH 2026-03-07 0715 ED8W 59 1000 W5VLC 59 OK 0
QSO: 7182 PH 2026-03-07 0715 ED8W 59 1000 K7MJF 59 UT 0
QSO: 3784 PH 2026-03-07 0716 ED8W 59 1000 WS9M 59 NY 1
QSO: 3784 PH 2026-03-07 0716 ED8W 59 1000 K8ZM 59 OH 1
QSO: 7182 PH 2026-03-07 0716 ED8W 59 1000 W5DBJ 59 NM 0
QSO: 7182 PH 2026-03-07 0717 ED8W 59 1000 W0MB 59 MO 0
QSO: 7182 PH 2026-03-07 0717 ED8W 59 1000 N7KA 59 NM 0
QSO: 3784 PH 2026-03-07 0718 ED8W 59 1000 VE7ZO 59 BC 1
QSO: 3784 PH 2026-03-07 0719 ED8W 59 1000 K7QA 59 MT 1
QSO: 7182 PH 2026-03-07 0719 ED8W 59 1000 VA7LEC 59 BC 0
QSO: 3784 PH 2026-03-07 0719 ED8W 59 1000 WB6JJJ 59 OR 1
QSO: 7182 PH 2026-03-07 0719 ED8W 59 1000 KE8NBC 59 OH 0
QSO: 3784 PH 2026-03-07 0720 ED8W 59 1000 N1DE 59 ME 1
QSO: 3784 PH 2026-03-07 0720 ED8W 59 1000 AA9D 59 IL 1
QSO: 7182 PH 2026-03-07 0720 ED8W 59 1000 N1XTT 59 MA 0
QSO: 3784 PH 2026-03-07 0720 ED8W 59 1000 N6AA 59 CA 1
QSO: 7182 PH 2026-03-07 0720 ED8W 59 1000 N1DE 59 ME 0
QSO: 7182 PH 2026-03-07 0721 ED8W 59 1000 VA1EET 59 NS 0
QSO: 3784 PH 2026-03-07 0721 ED8W 59 1000 W7EVE 59 AZ 1
QSO: 7182 PH 2026-03-07 0721 ED8W 59 1000 N3DNO 59 NY 0
QSO: 3784 PH 2026-03-07 0722 ED8W 59 1000 AB2WL 59 AL 1
QSO: 7182 PH 2026-03-07 0722 ED8W 59 1000 W6KC 59 CA 0
QSO: 3784 PH 2026-03-07 0723 ED8W 59 1000 K6JL 59 CA 1
QSO: 3784 PH 2026-03-07 0723 ED8W 59 1000 K5XI 59 AZ 1
QSO: 7182 PH 2026-03-07 0724 ED8W 59 1000 W7RCS 59 WA 0
QSO: 7182 PH 2026-03-07 0724 ED8W 59 1000 W5MWS 59 TX 0
QSO: 7182 PH 2026-03-07 0726 ED8W 59 1000 KB7VPG 59 MO 0
QSO: 7182 PH 2026-03-07 0726 ED8W 59 1000 KD2KEH 59 NY 0
QSO: 3784 PH 2026-03-07 0726 ED8W 59 1000 AA3B 59 PA 1
QSO: 7182 PH 2026-03-07 0727 ED8W 59 1000 K4PZZ 59 VA 0
QSO: 3784 PH 2026-03-07 0727 ED8W 59 1000 K5NU 59 NM 1
QSO: 7182 PH 2026-03-07 0728 ED8W 59 1000 WW3G 59 VA 0
QSO: 3784 PH 2026-03-07 0730 ED8W 59 1000 K5PAR 59 TX 1
QSO: 3784 PH 2026-03-07 0730 ED8W 59 1000 N3EXA 59 PA 1
QSO: 3784 PH 2026-03-07 0731 ED8W 59 1000 K4ISU 59 NC 1
QSO: 7185 PH 2026-03-07 0732 ED8W 59 1000 AI7GA 59 AZ 0
QSO: 3784 PH 2026-03-07 0733 ED8W 59 1000 K5TD 59 LA 1
QSO: 3784 PH 2026-03-07 0734 ED8W 59 1000 KA2KQP 59 NY 1
QSO: 3784 PH 2026-03-07 0734 ED8W 59 1000 WA2JQK 59 NY 1
QSO: 3784 PH 2026-03-07 0735 ED8W 59 1000 KM6UH 59 NY 1
QSO: 7185 PH 2026-03-07 0736 ED8W 59 1000 KN6CSB 59 CA 0
QSO: 7185 PH 2026-03-07 0736 ED8W 59 1000 N3TU 59 DE 0
QSO: 7185 PH 2026-03-07 0737 ED8W 59 1000 VA3ONO 59 ON 0
QSO: 7185 PH 2026-03-07 0738 ED8W 59 1000 K6KTS 59 CA 0
QSO: 7185 PH 2026-03-07 0738 ED8W 59 1000 WS9M 59 NY 0
QSO: 7185 PH 2026-03-07 0740 ED8W 59 1000 N5MRG 59 TX 0
QSO: 7185 PH 2026-03-07 0740 ED8W 59 1000 N3AMP 59 PA 0
QSO: 7185 PH 2026-03-07 0743 ED8W 59 1000 KE6GFI 59 AZ 0
QSO: 7185 PH 2026-03-07 0743 ED8W 59 1000 W6TVQ 59 CA 0
QSO: 7185 PH 2026-03-07 0744 ED8W 59 1000 KN4RTO 59 GA 0
QSO: 3785 PH 2026-03-07 0749 ED8W 59 1000 KE8MOI 59 MI 1
QSO: 7183 PH 2026-03-07 0749 ED8W 59 1000 K7NI 59 OR 0
QSO: 7183 PH 2026-03-07 0749 ED8W 59 1000 K0JU 59 CO 0
QSO: 7183 PH 2026-03-07 0750 ED8W 59 1000 W6JBR 59 CA 0
QSO: 7183 PH 2026-03-07 0750 ED8W 59 1000 WB7AKE 59 WA 0
QSO: 3785 PH 2026-03-07 0754 ED8W 59 1000 K1YWW 59 MA 1
QSO: 3785 PH 2026-03-07 0754 ED8W 59 1000 KM2O 59 NY 1
QSO: 3785 PH 2026-03-07 0755 ED8W 59 1000 W0EWD 59 IA 1
QSO: 7183 PH 2026-03-07 0755 ED8W 59 1000 W7ZB 59 OR 0
QSO: 3785 PH 2026-03-07 0756 ED8W 59 1000 W6DVS 59 NC 1
QSO: 7183 PH 2026-03-07 0756 ED8W 59 1000 W9TCV 59 FL 0
QSO: 7183 PH 2026-03-07 0758 ED8W 59 1000 K6FED 59 CA 0
QSO: 21198 PH 2026-03-07 1130 ED8W 59 1000 VY2TT 59 PE 0
QSO: 21195 PH 2026-03-07 1131 ED8W 59 1000 VE3EJ 59 ON 0
QSO: 21203 PH 2026-03-07 1131 ED8W 59 1000 W3LPL 59 MD 0
QSO: 21205 PH 2026-03-07 1131 ED8W 59 1000 WX3B 59 MD 0
QSO: 21208 PH 2026-03-07 1132 ED8W 59 1000 K1LZ 59 ME 0
QSO: 21219 PH 2026-03-07 1133 ED8W 59 1000 N2SR 59 NJ 0
QSO: 21297 PH 2026-03-07 1133 ED8W 59 1000 KG1E 59 MA 0
QSO: 21277 PH 2026-03-07 1133 ED8W 59 1000 K1TTT 59 MA 0
QSO: 21363 PH 2026-03-07 1134 ED8W 59 1000 VA1EET 59 NS 0
QSO: 21269 PH 2026-03-07 1134 ED8W 59 1000 N1UR 59 VT 0
QSO: 21290 PH 2026-03-07 1134 ED8W 59 1000 K1KP 59 MA 0
QSO: 21206 PH 2026-03-07 1135 ED8W 59 1000 N6MJ 59 NY 0
QSO: 21248 PH 2026-03-07 1136 ED8W 59 1000 K0EJ 59 TN 0
QSO: 21251 PH 2026-03-07 1137 ED8W 59 1000 WT1A 59 ME 0
QSO: 21269 PH 2026-03-07 1137 ED8W 59 1000 NM4AA 59 FL 0
QSO: 21322 PH 2026-03-07 1138 ED8W 59 1000 AG3I 59 PA 0
QSO: 21359 PH 2026-03-07 1139 ED8W 59 1000 K1BX 59 NH 0
QSO: 21306 PH 2026-03-07 1143 ED8W 59 1000 K3LR 59 PA 0
QSO: 21306 PH 2026-03-07 1144 ED8W 59 1000 AB1F 59 MD 0
QSO: 21306 PH 2026-03-07 1144 ED8W 59 1000 VE9CZ 59 NB 0
QSO: 21306 PH 2026-03-07 1145 ED8W 59 1000 WD4OAY 59 FL 0
QSO: 21306 PH 2026-03-07 1145 ED8W 59 1000 W5RCG 59 AL 0
QSO: 21306 PH 2026-03-07 1146 ED8W 59 1000 W2PV 59 VT 0
QSO: 14253 PH 2026-03-07 1147 ED8W 59 1000 N3AAA 59 PA 0
QSO: 21306 PH 2026-03-07 1148 ED8W 59 1000 NQ4I 59 GA 0
QSO: 21306 PH 2026-03-07 1148 ED8W 59 1000 K1BDC 59 FL 0
QSO: 14253 PH 2026-03-07 1148 ED8W 59 1000 KR4HFE 59 SC 0
QSO: 21306 PH 2026-03-07 1148 ED8W 59 1000 KU2M 59 NJ 0
QSO: 21306 PH 2026-03-07 1148 ED8W 59 1000 N4SS 59 KY 0
QSO: 21306 PH 2026-03-07 1149 ED8W 59 1000 VO1AW 59 NF 0
QSO: 21306 PH 2026-03-07 1150 ED8W 59 1000 KC1FOZ 59 NH 0
QSO: 21306 PH 2026-03-07 1150 ED8W 59 1000 KQ4NDN 59 FL 0
QSO: 14253 PH 2026-03-07 1150 ED8W 59 1000 K3QP 59 PA 1
QSO: 21306 PH 2026-03-07 1151 ED8W 59 1000 VO1GO 59 NF 0
QSO: 21306 PH 2026-03-07 1152 ED8W 59 1000 WA8PAG 59 FL 0
QSO: 21306 PH 2026-03-07 1152 ED8W 59 1000 N6AR 59 FL 0
QSO: 21306 PH 2026-03-07 1152 ED8W 59 1000 KD2TT 59 NY 0
QSO: 14253 PH 2026-03-07 1152 ED8W 59 1000 W6JBR 59 CA 1
QSO: 14253 PH 2026-03-07 1152 ED8W 59 1000 NN1SS 59 NH 1
QSO: 21306 PH 2026-03-07 1152 ED8W 59 1000 K6RO 59 ME 0
QSO: 14253 PH 2026-03-07 1153 ED8W 59 1000 N3AM 59 MD 1
QSO: 21227 PH 2026-03-07 1154 ED8W 59 1000 K9RS 59 DE 0
QSO: 21350 PH 2026-03-07 1154 ED8W 59 1000 K4NDX 59 SC 0
QSO: 14253 PH 2026-03-07 1154 ED8W 59 1000 N3FJP 59 MD 1
QSO: 21306 PH 2026-03-07 1154 ED8W 59 1000 W9RE 59 IN 0
QSO: 21306 PH 2026-03-07 1155 ED8W 59 1000 WT3Q 59 PA 0
QSO: 21220 PH 2026-03-07 1155 ED8W 59 1000 K1XM 59 MA 0
QSO: 14253 PH 2026-03-07 1155 ED8W 59 1000 KM4UIC 59 FL 1
QSO: 21340 PH 2026-03-07 1156 ED8W 59 1000 N4UU 59 FL 0
QSO: 14253 PH 2026-03-07 1156 ED8W 59 1000 W3HKK 59 OH 1
QSO: 21306 PH 2026-03-07 1156 ED8W 59 1000 AA3HD 59 ME 0
QSO: 21420 PH 2026-03-07 1157 ED8W 59 1000 AA4NC 59 NC 0
QSO: 21306 PH 2026-03-07 1159 ED8W 59 1000 N3AAA 59 PA 0
QSO: 14253 PH 2026-03-07 1159 ED8W 59 1000 W4RN 59 VA 1
QSO: 21306 PH 2026-03-07 1200 ED8W 59 1000 NK2Y 59 NY 0
QSO: 21306 PH 2026-03-07 1201 ED8W 59 1000 W2ZJ 59 NY 0
QSO: 21238 PH 2026-03-07 1202 ED8W 59 1000 W4NF 59 VA 0
QSO: 14253 PH 2026-03-07 1202 ED8W 59 1000 N4JIV 59 FL 1
QSO: 14253 PH 2026-03-07 1203 ED8W 59 1000 K1KA 59 NH 1
QSO: 21306 PH 2026-03-07 1203 ED8W 59 1000 K4QQG 59 SC 0
QSO: 21306 PH 2026-03-07 1204 ED8W 59 1000 WA3A 59 PA 0
QSO: 21306 PH 2026-03-07 1204 ED8W 59 1000 K1JB 59 ME 0
QSO: 21306 PH 2026-03-07 1204 ED8W 59 1000 W4RM 59 NC 0
QSO: 21306 PH 2026-03-07 1205 ED8W 59 1000 WA4AH 59 FL 0
QSO: 21306 PH 2026-03-07 1205 ED8W 59 1000 NX3A 59 VA 0
QSO: 21306 PH 2026-03-07 1205 ED8W 59 1000 KO4ENO 59 VA 0
QSO: 14253 PH 2026-03-07 1205 ED8W 59 1000 AF4CM 59 NC 1
QSO: 21306 PH 2026-03-07 1205 ED8W 59 1000 W4MLB 59 FL 0
QSO: 14253 PH 2026-03-07 1206 ED8W 59 1000 N7GP 59 AZ 1
QSO: 14253 PH 2026-03-07 1206 ED8W 59 1000 W8FJ 59 PA 1
QSO: 21306 PH 2026-03-07 1206 ED8W 59 1000 W4EK 59 GA 0
QSO: 14253 PH 2026-03-07 1207 ED8W 59 1000 W8TMB 59 MI 1
QSO: 14253 PH 2026-03-07 1207 ED8W 59 1000 KF8AHK 59 OH 1
QSO: 21306 PH 2026-03-07 1207 ED8W 59 1000 AK1MD 59 MA 0
QSO: 14253 PH 2026-03-07 1207 ED8W 59 1000 K3KWB 59 MD 1
QSO: 21306 PH 2026-03-07 1208 ED8W 59 1000 CF3A 59 ON 0
QSO: 21306 PH 2026-03-07 1208 ED8W 59 1000 WA2CP 59 NY 0
QSO: 21306 PH 2026-03-07 1209 ED8W 59 1000 KX2T 59 FL 0
QSO: 21306 PH 2026-03-07 1209 ED8W 59 1000 K1GTS 59 NH 0
QSO: 21306 PH 2026-03-07 1209 ED8W 59 1000 WS7X 59 FL 0
QSO: 21291 PH 2026-03-07 1210 ED8W 59 1000 AB3CX 59 NY 0
QSO: 14253 PH 2026-03-07 1210 ED8W 59 1000 W4PAF 59 SC 1
QSO: 21360 PH 2026-03-07 1210 ED8W 59 1000 N2NT 59 NJ 0
QSO: 21281 PH 2026-03-07 1210 ED8W 59 1000 N3RS 59 PA 0
QSO: 21402 PH 2026-03-07 1211 ED8W 59 1000 W3MF 59 PA 0
QSO: 14253 PH 2026-03-07 1212 ED8W 59 1000 KB2URI 59 NY 1
QSO: 21306 PH 2026-03-07 1212 ED8W 59 1000 N2RC 59 NY 0
QSO: 14253 PH 2026-03-07 1212 ED8W 59 1000 KC9EOQ 59 IL 1
QSO: 21306 PH 2026-03-07 1212 ED8W 59 1000 W2XX 59 NY 0
QSO: 21306 PH 2026-03-07 1212 ED8W 59 1000 NN1SS 59 NH 0
QSO: 21306 PH 2026-03-07 1213 ED8W 59 1000 K3TS 59 PA 0
QSO: 14253 PH 2026-03-07 1213 ED8W 59 1000 N1IBM 59 VT 1
QSO: 21306 PH 2026-03-07 1213 ED8W 59 1000 K3FF 59 PA 0
QSO: 21306 PH 2026-03-07 1213 ED8W 59 1000 K3FMQ 59 PA 0
QSO: 21306 PH 2026-03-07 1213 ED8W 59 1000 N3RD 59 PA 0
QSO: 21306 PH 2026-03-07 1213 ED8W 59 1000 K3ZA 59 PA 0
QSO: 21306 PH 2026-03-07 1214 ED8W 59 1000 W9ZR 59 OH 0
QSO: 21306 PH 2026-03-07 1214 ED8W 59 1000 K2BX 59 NY 0
QSO: 14253 PH 2026-03-07 1214 ED8W 59 1000 N3RM 59 PA 1
QSO: 21306 PH 2026-03-07 1214 ED8W 59 1000 WA2DNI 59 NY 0
QSO: 21306 PH 2026-03-07 1215 ED8W 59 1000 KU2C 59 PA 0
QSO: 21306 PH 2026-03-07 1215 ED8W 59 1000 N1IPB 59 NH 0
QSO: 21306 PH 2026-03-07 1215 ED8W 59 1000 K5ZD 59 OH 0
QSO: 21306 PH 2026-03-07 1216 ED8W 59 1000 KE3X 59 DC 0
QSO: 21306 PH 2026-03-07 1216 ED8W 59 1000 K1ZZ 59 CT 0
QSO: 21306 PH 2026-03-07 1216 ED8W 59 1000 N1IBM 59 VT 0
QSO: 21306 PH 2026-03-07 1216 ED8W 59 1000 N2AA 59 NJ 0
QSO: 21306 PH 2026-03-07 1217 ED8W 59 1000 KI5GTR 59 AR 0
QSO: 21306 PH 2026-03-07 1217 ED8W 59 1000 W1GD 59 MA 0
QSO: 14253 PH 2026-03-07 1218 ED8W 59 1000 KR4AGS 59 VA 1
QSO: 21306 PH 2026-03-07 1218 ED8W 59 1000 N2PP 59 NY 0
QSO: 14253 PH 2026-03-07 1219 ED8W 59 1000 W2CDO 59 MD 1
QSO: 14253 PH 2026-03-07 1219 ED8W 59 1000 KA5GSS 59 TX 1
QSO: 21306 PH 2026-03-07 1220 ED8W 59 1000 AK4SE 59 GA 0
QSO: 21306 PH 2026-03-07 1220 ED8W 59 1000 N3AD 59 PA 0
QSO: 14253 PH 2026-03-07 1220 ED8W 59 1000 KF8AVC 59 OH 1
QSO: 21306 PH 2026-03-07 1220 ED8W 59 1000 K9WFX 59 TX 0
QSO: 14253 PH 2026-03-07 1221 ED8W 59 1000 WA4HMR 59 NC 1
QSO: 21306 PH 2026-03-07 1221 ED8W 59 1000 N3ALN 59 MD 0
QSO: 21306 PH 2026-03-07 1221 ED8W 59 1000 N0YY 59 VA 0
QSO: 14253 PH 2026-03-07 1221 ED8W 59 1000 NJ3K 59 PA 1
QSO: 21306 PH 2026-03-07 1221 ED8W 59 1000 KQ4HAC 59 FL 0
QSO: 21306 PH 2026-03-07 1222 ED8W 59 1000 N4DN 59 VA 0
QSO: 21306 PH 2026-03-07 1222 ED8W 59 1000 W8FJ 59 PA 0
QSO: 21219 PH 2026-03-07 1223 ED8W 59 1000 KQ3F 59 PA 0
QSO: 14253 PH 2026-03-07 1223 ED8W 59 1000 KD2VBH 59 NJ 1
QSO: 21223 PH 2026-03-07 1223 ED8W 59 1000 K1KI 59 CT 0
QSO: 21400 PH 2026-03-07 1223 ED8W 59 1000 AA3B 59 PA 0
QSO: 21306 PH 2026-03-07 1224 ED8W 59 1000 K1RX 59 NH 0
QSO: 14253 PH 2026-03-07 1225 ED8W 59 1000 W4LEW 59 VA 1
QSO: 21306 PH 2026-03-07 1225 ED8W 59 1000 NS3T 59 MD 0
QSO: 21306 PH 2026-03-07 1226 ED8W 59 1000 AD4ES 59 FL 0
QSO: 21306 PH 2026-03-07 1226 ED8W 59 1000 K5HX 59 TX 0
QSO: 14253 PH 2026-03-07 1227 ED8W 59 1000 WA3KCP 59 PA 1
QSO: 21306 PH 2026-03-07 1227 ED8W 59 1000 W2GDJ 59 NY 0
QSO: 21306 PH 2026-03-07 1227 ED8W 59 1000 W5LA 59 LA 0
QSO: 21306 PH 2026-03-07 1227 ED8W 59 1000 WD5F 59 LA 0
QSO: 21306 PH 2026-03-07 1228 ED8W 59 1000 N5GI 59 FL 0
QSO: 21306 PH 2026-03-07 1229 ED8W 59 1000 W2RD 59 NJ 0
QSO: 21306 PH 2026-03-07 1230 ED8W 59 1000 KA2G 59 SC 0
QSO: 21306 PH 2026-03-07 1230 ED8W 59 1000 KB0V 59 IL 0
QSO: 21306 PH 2026-03-07 1230 ED8W 59 1000 KD3AGS 59 MD 0
QSO: 21306 PH 2026-03-07 1231 ED8W 59 1000 N4ZZ 59 TN 0
QSO: 21306 PH 2026-03-07 1231 ED8W 59 1000 WB4CW 59 NC 0
QSO: 21306 PH 2026-03-07 1231 ED8W 59 1000 WW4LL 59 GA 0
QSO: 21306 PH 2026-03-07 1231 ED8W 59 1000 N2JF 59 TN 0
QSO: 28353 PH 2026-03-07 1231 ED8W 59 1000 NN3W 59 VA 1
QSO: 21306 PH 2026-03-07 1231 ED8W 59 1000 K4AB 59 AL 0
QSO: 28353 PH 2026-03-07 1231 ED8W 59 1000 W3LPL 59 MD 1
QSO: 28353 PH 2026-03-07 1232 ED8W 59 1000 K3LR 59 PA 1
QSO: 21306 PH 2026-03-07 1232 ED8W 59 1000 WA3KCP 59 PA 0
QSO: 21306 PH 2026-03-07 1232 ED8W 59 1000 W4LEW 59 VA 0
QSO: 28353 PH 2026-03-07 1233 ED8W 59 1000 SB1F 59 MD 1
QSO: 21306 PH 2026-03-07 1233 ED8W 59 1000 N4DJ 59 VA 0
QSO: 28353 PH 2026-03-07 1233 ED8W 59 1000 N4SS 59 KY 1
QSO: 21306 PH 2026-03-07 1233 ED8W 59 1000 AD3V 59 DE 0
QSO: 21306 PH 2026-03-07 1234 ED8W 59 1000 KG2RA 59 NY 0
QSO: 21306 PH 2026-03-07 1234 ED8W 59 1000 K3WJV 59 PA 0
QSO: 21306 PH 2026-03-07 1234 ED8W 59 1000 WA3AAN 59 PA 0
QSO: 28353 PH 2026-03-07 1234 ED8W 59 1000 W4RN 59 VA 1
QSO: 21306 PH 2026-03-07 1234 ED8W 59 1000 K2DD 59 NJ 0
QSO: 28353 PH 2026-03-07 1235 ED8W 59 1000 K9RS 59 DE 1
QSO: 28353 PH 2026-03-07 1235 ED8W 59 1000 W3KB 59 PA 1
QSO: 21306 PH 2026-03-07 1236 ED8W 59 1000 N3RM 59 PA 0
QSO: 28353 PH 2026-03-07 1236 ED8W 59 1000 KO4ENO 59 VA 1
QSO: 28353 PH 2026-03-07 1237 ED8W 59 1000 N1ROZ 59 MA 1
QSO: 21306 PH 2026-03-07 1237 ED8W 59 1000 W4KRC 59 AL 0
QSO: 21306 PH 2026-03-07 1237 ED8W 59 1000 K8AZ 59 OH 0
QSO: 28353 PH 2026-03-07 1237 ED8W 59 1000 N2MM 59 NJ 1
QSO: 28353 PH 2026-03-07 1238 ED8W 59 1000 VE9XX 59 NB 1
QSO: 28353 PH 2026-03-07 1238 ED8W 59 1000 K1CRS 59 FL 1
QSO: 21306 PH 2026-03-07 1238 ED8W 59 1000 KN4ARI 59 KY 0
QSO: 28353 PH 2026-03-07 1239 ED8W 59 1000 WX3B 59 MD 1
QSO: 28353 PH 2026-03-07 1239 ED8W 59 1000 N5GI 59 FL 1
QSO: 21306 PH 2026-03-07 1239 ED8W 59 1000 K5TR 59 TX 0
QSO: 21306 PH 2026-03-07 1239 ED8W 59 1000 NW8U 59 WV 0
QSO: 28353 PH 2026-03-07 1239 ED8W 59 1000 N1IBM 59 VT 1
QSO: 28353 PH 2026-03-07 1240 ED8W 59 1000 WA4AH 59 FL 1
QSO: 28353 PH 2026-03-07 1240 ED8W 59 1000 K3ZA 59 PA 1
QSO: 21306 PH 2026-03-07 1240 ED8W 59 1000 KJ5XX 59 TX 0
QSO: 28353 PH 2026-03-07 1240 ED8W 59 1000 KX2T 59 FL 1
QSO: 21306 PH 2026-03-07 1241 ED8W 59 1000 K4MOD 59 FL 0
QSO: 28353 PH 2026-03-07 1241 ED8W 59 1000 KN4UQM 59 NC 1
QSO: 21306 PH 2026-03-07 1241 ED8W 59 1000 WD8DSV 59 FL 0
QSO: 21306 PH 2026-03-07 1241 ED8W 59 1000 NC2W 59 MA 0
QSO: 28353 PH 2026-03-07 1241 ED8W 59 1000 W4NFL 59 FL 1
QSO: 21306 PH 2026-03-07 1242 ED8W 59 1000 W2ZQ 59 NJ 0
QSO: 28353 PH 2026-03-07 1242 ED8W 59 1000 K2BX 59 NY 1
QSO: 28353 PH 2026-03-07 1242 ED8W 59 1000 W4MLB 59 FL 1
QSO: 28353 PH 2026-03-07 1242 ED8W 59 1000 N3AD 59 PA 1
QSO: 28353 PH 2026-03-07 1243 ED8W 59 1000 N1RM 59 VA 1
QSO: 28353 PH 2026-03-07 1243 ED8W 59 1000 KA2G 59 SC 1
QSO: 28353 PH 2026-03-07 1243 ED8W 59 1000 K3FF 59 PA 1
QSO: 21306 PH 2026-03-07 1243 ED8W 59 1000 K3QP 59 PA 0
QSO: 28353 PH 2026-03-07 1243 ED8W 59 1000 K0EJ 59 TN 1
QSO: 21306 PH 2026-03-07 1243 ED8W 59 1000 K3COV 59 DE 0
QSO: 28353 PH 2026-03-07 1244 ED8W 59 1000 WG3J 59 MD 1
QSO: 28353 PH 2026-03-07 1245 ED8W 59 1000 KD2VBH 59 NJ 1
QSO: 21306 PH 2026-03-07 1245 ED8W 59 1000 K5NZ 59 TX 0
QSO: 21306 PH 2026-03-07 1245 ED8W 59 1000 N4CW 59 NC 0
QSO: 28353 PH 2026-03-07 1245 ED8W 59 1000 N3FJP 59 MD 1
QSO: 21306 PH 2026-03-07 1245 ED8W 59 1000 KC3C 59 PA 0
QSO: 21306 PH 2026-03-07 1246 ED8W 59 1000 VA3UX 59 ON 0
QSO: 21306 PH 2026-03-07 1246 ED8W 59 1000 N4VDX 59 NC 0
QSO: 28353 PH 2026-03-07 1247 ED8W 59 1000 W4LEW 59 VA 1
QSO: 28353 PH 2026-03-07 1247 ED8W 59 1000 W8FJ 59 PA 1
QSO: 28353 PH 2026-03-07 1247 ED8W 59 1000 KF5VDX 59 TX 1
QSO: 21306 PH 2026-03-07 1247 ED8W 59 1000 KC3I 59 PA 0
QSO: 21306 PH 2026-03-07 1247 ED8W 59 1000 NA8V 59 MI 0
QSO: 28353 PH 2026-03-07 1247 ED8W 59 1000 N2RC 59 NY 1
QSO: 28353 PH 2026-03-07 1248 ED8W 59 1000 K1BDC 59 FL 1
QSO: 21306 PH 2026-03-07 1248 ED8W 59 1000 KA3JNN 59 MD 0
QSO: 28353 PH 2026-03-07 1248 ED8W 59 1000 N2SR 59 NJ 1
QSO: 28353 PH 2026-03-07 1248 ED8W 59 1000 W2FU 59 NY 1
QSO: 28353 PH 2026-03-07 1248 ED8W 59 1000 W4NEM 59 FL 1
QSO: 21306 PH 2026-03-07 1248 ED8W 59 1000 VE3KMQ 59 ON 0
QSO: 28353 PH 2026-03-07 1248 ED8W 59 1000 N3RD 59 PA 1
QSO: 21306 PH 2026-03-07 1249 ED8W 59 1000 WA4WR 59 NC 0
QSO: 28353 PH 2026-03-07 1249 ED8W 59 1000 K3SNO 59 PA 1
QSO: 21306 PH 2026-03-07 1249 ED8W 59 1000 WE9R 59 WI 0
QSO: 28353 PH 2026-03-07 1250 ED8W 59 1000 NS3T 59 MD 1
QSO: 21306 PH 2026-03-07 1250 ED8W 59 1000 AB1MM 59 TX 0
QSO: 28353 PH 2026-03-07 1250 ED8W 59 1000 N4UU 59 FL 1
QSO: 21306 PH 2026-03-07 1250 ED8W 59 1000 VE9XX 59 NB 0
QSO: 28353 PH 2026-03-07 1251 ED8W 59 1000 KQ4UGD 59 VA 1
QSO: 28353 PH 2026-03-07 1251 ED8W 59 1000 K1BX 59 NH 1
QSO: 21306 PH 2026-03-07 1252 ED8W 59 1000 K0AP 59 KS 0
QSO: 28353 PH 2026-03-07 1252 ED8W 59 1000 NQ4I 59 GA 1
QSO: 28353 PH 2026-03-07 1252 ED8W 59 1000 W4PAF 59 SC 1
QSO: 28353 PH 2026-03-07 1253 ED8W 59 1000 N4DN 59 VA 1
QSO: 28353 PH 2026-03-07 1253 ED8W 59 1000 VE9CF 59 NB 1
QSO: 28353 PH 2026-03-07 1253 ED8W 59 1000 KQ4AMK 59 SC 1
QSO: 21305 PH 2026-03-07 1253 ED8W 59 1000 KD9MS 59 IL 0
QSO: 28353 PH 2026-03-07 1254 ED8W 59 1000 N1PGA 59 MA 1
QSO: 21305 PH 2026-03-07 1254 ED8W 59 1000 N2ZN 59 NY 0
QSO: 28353 PH 2026-03-07 1254 ED8W 59 1000 K1ZZ 59 CT 1
QSO: 28353 PH 2026-03-07 1254 ED8W 59 1000 N3NGE 59 PA 1
QSO: 28353 PH 2026-03-07 1255 ED8W 59 1000 KZ4MKJ 59 FL 1
QSO: 21305 PH 2026-03-07 1255 ED8W 59 1000 KD2VSD 59 NY 0
QSO: 21305 PH 2026-03-07 1255 ED8W 59 1000 KB1DK 59 CT 0
QSO: 21305 PH 2026-03-07 1256 ED8W 59 1000 KB0CFD 59 IA 0
QSO: 28353 PH 2026-03-07 1256 ED8W 59 1000 KC9GLR 59 IN 1
QSO: 28353 PH 2026-03-07 1256 ED8W 59 1000 W2CDO 59 MD 1
QSO: 21305 PH 2026-03-07 1256 ED8W 59 1000 N2IC 59 NM 0
QSO: 28353 PH 2026-03-07 1256 ED8W 59 1000 K3TS 59 PA 1
QSO: 28353 PH 2026-03-07 1256 ED8W 59 1000 WY3A 59 PA 1
QSO: 28353 PH 2026-03-07 1257 ED8W 59 1000 N5AW 59 TX 1
QSO: 21305 PH 2026-03-07 1257 ED8W 59 1000 K5RX 59 TX 0
QSO: 28353 PH 2026-03-07 1257 ED8W 59 1000 KB2OYI 59 VA 1
QSO: 28353 PH 2026-03-07 1257 ED8W 59 1000 W4NEM 59 FL 1
QSO: 28353 PH 2026-03-07 1258 ED8W 59 1000 AD4ES 59 FL 1
QSO: 21305 PH 2026-03-07 1258 ED8W 59 1000 KA2KQP 59 NY 0
QSO: 28353 PH 2026-03-07 1258 ED8W 59 1000 N4CW 59 NC 1
QSO: 28353 PH 2026-03-07 1258 ED8W 59 1000 K2DEL 59 VA 1
QSO: 28353 PH 2026-03-07 1258 ED8W 59 1000 K4TMC 59 NC 1
QSO: 21305 PH 2026-03-07 1259 ED8W 59 1000 KB4CG 59 VA 0
QSO: 28353 PH 2026-03-07 1259 ED8W 59 1000 N2NT 59 NJ 1
QSO: 21305 PH 2026-03-07 1259 ED8W 59 1000 W2LCQ 59 NY 0
QSO: 28353 PH 2026-03-07 1300 ED8W 59 1000 K8AZ 59 OH 1
QSO: 21305 PH 2026-03-07 1300 ED8W 59 1000 K2AX 59 NJ 0
QSO: 21305 PH 2026-03-07 1300 ED8W 59 1000 VA2CZ 59 QC 0
QSO: 21305 PH 2026-03-07 1300 ED8W 59 1000 W3KB 59 PA 0
QSO: 21305 PH 2026-03-07 1301 ED8W 59 1000 N5AW 59 TX 0
QSO: 28353 PH 2026-03-07 1301 ED8W 59 1000 K3YQA 59 PA 1
QSO: 21305 PH 2026-03-07 1301 ED8W 59 1000 N3FCP 59 PA 0
QSO: 21305 PH 2026-03-07 1301 ED8W 59 1000 KI1P 59 VT 0
QSO: 28353 PH 2026-03-07 1301 ED8W 59 1000 K5LLM 59 TX 1
QSO: 21305 PH 2026-03-07 1301 ED8W 59 1000 NJ3K 59 PA 0
QSO: 21305 PH 2026-03-07 1302 ED8W 59 1000 N3RJ 59 PA 0
QSO: 21305 PH 2026-03-07 1302 ED8W 59 1000 WG3J 59 MD 0
QSO: 28353 PH 2026-03-07 1302 ED8W 59 1000 KB1EFS 59 MA 1
QSO: 21305 PH 2026-03-07 1302 ED8W 59 1000 AI5QK 59 TX 0
QSO: 28353 PH 2026-03-07 1302 ED8W 59 1000 KD9MS 59 IL 1
QSO: 21305 PH 2026-03-07 1302 ED8W 59 1000 N8CWU 59 OH 0
QSO: 21305 PH 2026-03-07 1302 ED8W 59 1000 NF3R 59 PA 0
QSO: 28353 PH 2026-03-07 1303 ED8W 59 1000 NK2Y 59 NY 1
QSO: 28353 PH 2026-03-07 1303 ED8W 59 1000 K1RX 59 NH 1
QSO: 21305 PH 2026-03-07 1303 ED8W 59 1000 VE3IC 59 ON 0
QSO: 21305 PH 2026-03-07 1303 ED8W 59 1000 K1CRS 59 FL 0
QSO: 28353 PH 2026-03-07 1304 ED8W 59 1000 W8RKW 59 WV 1
QSO: 28353 PH 2026-03-07 1304 ED8W 59 1000 KM4VK 59 FL 1
QSO: 21305 PH 2026-03-07 1304 ED8W 59 1000 KE2DPK 59 NY 0
QSO: 21305 PH 2026-03-07 1304 ED8W 59 1000 N2LBR 59 NY 0
QSO: 28353 PH 2026-03-07 1305 ED8W 59 1000 W4OX 59 FL 1
QSO: 21305 PH 2026-03-07 1305 ED8W 59 1000 NW3Y 59 DE 0
QSO: 28353 PH 2026-03-07 1305 ED8W 59 1000 N1A 59 ME 1
QSO: 28353 PH 2026-03-07 1305 ED8W 59 1000 W6ADE 59 TX 1
QSO: 28353 PH 2026-03-07 1306 ED8W 59 1000 CF3A 59 ON 1
QSO: 21305 PH 2026-03-07 1306 ED8W 59 1000 K0YR 59 MN 0
QSO: 28353 PH 2026-03-07 1306 ED8W 59 1000 K2SSS 59 NY 1
QSO: 21305 PH 2026-03-07 1306 ED8W 59 1000 N9TGR 59 IL 0
QSO: 28353 PH 2026-03-07 1306 ED8W 59 1000 N1IPB 59 NH 1
QSO: 21305 PH 2026-03-07 1306 ED8W 59 1000 VA3ZZS 59 ON 0
QSO: 21305 PH 2026-03-07 1307 ED8W 59 1000 N1NQ 59 NY 0
QSO: 28353 PH 2026-03-07 1307 ED8W 59 1000 K3IGA 59 TX 1
QSO: 21305 PH 2026-03-07 1307 ED8W 59 1000 KB9RKK 59 TN 0
QSO: 28353 PH 2026-03-07 1307 ED8W 59 1000 AE2JL 59 NJ 1
QSO: 28353 PH 2026-03-07 1308 ED8W 59 1000 KC3AA 59 PA 1
QSO: 21305 PH 2026-03-07 1308 ED8W 59 1000 W1EYZ 59 MA 0
QSO: 21305 PH 2026-03-07 1308 ED8W 59 1000 KA5USN 59 FL 0
QSO: 21305 PH 2026-03-07 1308 ED8W 59 1000 VA1XH 59 NS 0
QSO: 21305 PH 2026-03-07 1308 ED8W 59 1000 VA2SJ 59 QC 0
QSO: 28353 PH 2026-03-07 1308 ED8W 59 1000 KA2OUS 59 DC 1
QSO: 21305 PH 2026-03-07 1308 ED8W 59 1000 K8LF 59 VA 0
QSO: 28353 PH 2026-03-07 1308 ED8W 59 1000 K4QQG 59 SC 1
QSO: 28353 PH 2026-03-07 1309 ED8W 59 1000 KD3BAA 59 PA 1
QSO: 21305 PH 2026-03-07 1309 ED8W 59 1000 VE3VN 59 ON 0
QSO: 21305 PH 2026-03-07 1309 ED8W 59 1000 K4AMA 59 SC 0
QSO: 21305 PH 2026-03-07 1309 ED8W 59 1000 N4CWZ 59 NC 0
QSO: 28353 PH 2026-03-07 1309 ED8W 59 1000 WD8DSV 59 FL 1
QSO: 21305 PH 2026-03-07 1310 ED8W 59 1000 N3JVR 59 PA 0
QSO: 28353 PH 2026-03-07 1310 ED8W 59 1000 KI5GTR 59 AR 1
QSO: 28353 PH 2026-03-07 1310 ED8W 59 1000 NO5V 59 TX 1
QSO: 21305 PH 2026-03-07 1310 ED8W 59 1000 NI4TG 59 NC 0
QSO: 28353 PH 2026-03-07 1311 ED8W 59 1000 W2TV 59 NJ 1
QSO: 21305 PH 2026-03-07 1311 ED8W 59 1000 N4NNN 59 VA 0
QSO: 21305 PH 2026-03-07 1311 ED8W 59 1000 KC3RRF 59 PA 0
QSO: 28353 PH 2026-03-07 1312 ED8W 59 1000 N3ZA 59 PA 1
QSO: 28353 PH 2026-03-07 1312 ED8W 59 1000 W4ITN 59 TN 1
QSO: 21305 PH 2026-03-07 1313 ED8W 59 1000 VA3ZNQ 59 ON 0
QSO: 28353 PH 2026-03-07 1313 ED8W 59 1000 W4FNZ 59 GA 1
QSO: 28353 PH 2026-03-07 1313 ED8W 59 1000 N8II 59 WV 1
QSO: 21305 PH 2026-03-07 1313 ED8W 59 1000 VA3CRL 59 ON 0
QSO: 28353 PH 2026-03-07 1313 ED8W 59 1000 N3LRP 59 MD 1
QSO: 21305 PH 2026-03-07 1313 ED8W 59 1000 K8MR 59 FL 0
QSO: 21305 PH 2026-03-07 1314 ED8W 59 1000 K9PW 59 IL 0
QSO: 28353 PH 2026-03-07 1314 ED8W 59 1000 KB2NCI 59 NY 1
QSO: 28353 PH 2026-03-07 1314 ED8W 59 1000 WA1EJK 59 CT 1
QSO: 28353 PH 2026-03-07 1315 ED8W 59 1000 K1XM 59 MA 1
QSO: 21305 PH 2026-03-07 1315 ED8W 59 1000 K3HV 59 FL 0
QSO: 21305 PH 2026-03-07 1315 ED8W 59 1000 KG4JYB 59 GA 0
QSO: 28353 PH 2026-03-07 1315 ED8W 59 1000 K3QP 59 PA 1
QSO: 21305 PH 2026-03-07 1315 ED8W 59 1000 KD3RF 59 PA 0
QSO: 28353 PH 2026-03-07 1315 ED8W 59 1000 K3FMQ 59 PA 1
QSO: 21305 PH 2026-03-07 1315 ED8W 59 1000 AA3K 59 PA 0
QSO: 28353 PH 2026-03-07 1316 ED8W 59 1000 WA2QAU 59 NY 1
QSO: 21305 PH 2026-03-07 1316 ED8W 59 1000 N3FMC 59 PA 0
QSO: 21305 PH 2026-03-07 1316 ED8W 59 1000 KM4ZDM 59 FL 0
QSO: 28353 PH 2026-03-07 1316 ED8W 59 1000 K4EA 59 GA 1
QSO: 21305 PH 2026-03-07 1316 ED8W 59 1000 N1JP 59 NY 0
QSO: 28353 PH 2026-03-07 1316 ED8W 59 1000 W2RD 59 NJ 1
QSO: 21305 PH 2026-03-07 1316 ED8W 59 1000 W8MJ 59 MI 0
QSO: 28353 PH 2026-03-07 1316 ED8W 59 1000 K2AX 59 NJ 1
QSO: 21305 PH 2026-03-07 1316 ED8W 59 1000 K2ANZ 59 NY 0
QSO: 21305 PH 2026-03-07 1316 ED8W 59 1000 K4XL 59 VA 0
QSO: 28353 PH 2026-03-07 1316 ED8W 59 1000 KP4VET 59 PR 1
QSO: 21305 PH 2026-03-07 1316 ED8W 59 1000 N3JT 59 VA 0
QSO: 28353 PH 2026-03-07 1317 ED8W 59 1000 N3RN 59 FL 1
QSO: 21305 PH 2026-03-07 1317 ED8W 59 1000 AC2PT 59 NJ 0
QSO: 28353 PH 2026-03-07 1317 ED8W 59 1000 AK1MD 59 MA 1
QSO: 21305 PH 2026-03-07 1317 ED8W 59 1000 N4WRO 59 SC 0
QSO: 21305 PH 2026-03-07 1317 ED8W 59 1000 VE3YAA 59 ON 0
QSO: 28353 PH 2026-03-07 1318 ED8W 59 1000 AB3CX 59 NY 1
QSO: 28353 PH 2026-03-07 1318 ED8W 59 1000 AA3B 59 PA 1
QSO: 28353 PH 2026-03-07 1318 ED8W 59 1000 WA4WR 59 NC 1
QSO: 21305 PH 2026-03-07 1318 ED8W 59 1000 AC9S 59 IL 0
QSO: 21305 PH 2026-03-07 1319 ED8W 59 1000 W2TMR 59 NY 0
QSO: 21305 PH 2026-03-07 1319 ED8W 59 1000 NO5V 59 TX 0
QSO: 28353 PH 2026-03-07 1319 ED8W 59 1000 K3ATO 59 PA 1
QSO: 28353 PH 2026-03-07 1319 ED8W 59 1000 W3MF 59 PA 1
QSO: 21305 PH 2026-03-07 1319 ED8W 59 1000 KB7PF 59 KY 0
QSO: 21305 PH 2026-03-07 1319 ED8W 59 1000 WB5N 59 TX 0
QSO: 28353 PH 2026-03-07 1319 ED8W 59 1000 N8YDM 59 OH 1
QSO: 28353 PH 2026-03-07 1320 ED8W 59 1000 N2AA 59 NJ 1
QSO: 28353 PH 2026-03-07 1320 ED8W 59 1000 K5TR 59 TX 1
QSO: 21305 PH 2026-03-07 1321 ED8W 59 1000 KD3AOO 59 PA 0
QSO: 28353 PH 2026-03-07 1321 ED8W 59 1000 K1IEB 59 TX 1
QSO: 28353 PH 2026-03-07 1321 ED8W 59 1000 N0YY 59 VA 1
QSO: 21305 PH 2026-03-07 1321 ED8W 59 1000 K2HT 59 MO 0
QSO: 21305 PH 2026-03-07 1321 ED8W 59 1000 KE8JVX 59 OH 0
QSO: 28353 PH 2026-03-07 1321 ED8W 59 1000 KY4FM 59 VA 1
QSO: 21305 PH 2026-03-07 1321 ED8W 59 1000 KV8O 59 MI 0
QSO: 28353 PH 2026-03-07 1321 ED8W 59 1000 WA2CP 59 NY 1
QSO: 28353 PH 2026-03-07 1322 ED8W 59 1000 K1KI 59 CT 1
QSO: 21305 PH 2026-03-07 1322 ED8W 59 1000 KO4BSH 59 AL 0
QSO: 28353 PH 2026-03-07 1322 ED8W 59 1000 NF3R 59 PA 1
QSO: 21305 PH 2026-03-07 1322 ED8W 59 1000 N4NTY 59 FL 0
QSO: 28353 PH 2026-03-07 1322 ED8W 59 1000 WA2DNI 59 NY 1
QSO: 28353 PH 2026-03-07 1323 ED8W 59 1000 N5HME 59 TX 1
QSO: 21305 PH 2026-03-07 1323 ED8W 59 1000 KG9R 59 IL 0
QSO: 28353 PH 2026-03-07 1323 ED8W 59 1000 AG3I 59 PA 1
QSO: 21305 PH 2026-03-07 1323 ED8W 59 1000 KC1WCM 59 NH 0
QSO: 21305 PH 2026-03-07 1323 ED8W 59 1000 K3RWN 59 PA 0
QSO: 28353 PH 2026-03-07 1323 ED8W 59 1000 AA3K 59 PA 1
QSO: 21305 PH 2026-03-07 1323 ED8W 59 1000 WR2G 59 NJ 0
QSO: 28353 PH 2026-03-07 1323 ED8W 59 1000 N2TK 59 NY 1
QSO: 21305 PH 2026-03-07 1324 ED8W 59 1000 KB1W 59 MA 0
QSO: 21305 PH 2026-03-07 1324 ED8W 59 1000 K3TN 59 MD 0
QSO: 28353 PH 2026-03-07 1324 ED8W 59 1000 WA3AAN 59 PA 1
QSO: 28353 PH 2026-03-07 1324 ED8W 59 1000 K4NDX 59 SC 1
QSO: 21305 PH 2026-03-07 1324 ED8W 59 1000 N3RM 59 PA 0
QSO: 28353 PH 2026-03-07 1325 ED8W 59 1000 W4NF 59 VA 1
QSO: 21305 PH 2026-03-07 1325 ED8W 59 1000 KA3YJM 59 MD 0
QSO: 28353 PH 2026-03-07 1325 ED8W 59 1000 K2WB 59 NJ 1
QSO: 21305 PH 2026-03-07 1325 ED8W 59 1000 KD8QDQ 59 OH 0
QSO: 21305 PH 2026-03-07 1325 ED8W 59 1000 W3SQ 59 PA 0
QSO: 28353 PH 2026-03-07 1325 ED8W 59 1000 N2SQW 59 NY 1
QSO: 21305 PH 2026-03-07 1325 ED8W 59 1000 WN4AT 59 AL 0
QSO: 28353 PH 2026-03-07 1326 ED8W 59 1000 KD3AVV 59 MD 1
QSO: 21305 PH 2026-03-07 1326 ED8W 59 1000 KB1W 59 MA 0
QSO: 21305 PH 2026-03-07 1326 ED8W 59 1000 WI5D 59 MO 0
QSO: 28353 PH 2026-03-07 1326 ED8W 59 1000 WA3KCP 59 PA 1
QSO: 21305 PH 2026-03-07 1326 ED8W 59 1000 W1EQ 59 CT 0
QSO: 28353 PH 2026-03-07 1326 ED8W 59 1000 N3GEC 59 PA 1
QSO: 28353 PH 2026-03-07 1327 ED8W 59 1000 N5IT 59 TX 1
QSO: 21305 PH 2026-03-07 1327 ED8W 59 1000 KC9SBC 59 IL 0
QSO: 28353 PH 2026-03-07 1327 ED8W 59 1000 K5FK 59 TX 1
QSO: 21305 PH 2026-03-07 1327 ED8W 59 1000 KC8ZMN 59 MI 0
QSO: 28353 PH 2026-03-07 1327 ED8W 59 1000 K2EJ 59 MD 1
QSO: 28353 PH 2026-03-07 1328 ED8W 59 1000 K6RO 59 ME 1
QSO: 21305 PH 2026-03-07 1328 ED8W 59 1000 VE2IAA 59 QC 0
QSO: 21305 PH 2026-03-07 1328 ED8W 59 1000 N1RM 59 VA 0
QSO: 28353 PH 2026-03-07 1328 ED8W 59 1000 W1AJT 59 NC 1
QSO: 28353 PH 2026-03-07 1328 ED8W 59 1000 W1GD 59 MA 1
QSO: 21305 PH 2026-03-07 1329 ED8W 59 1000 N4JIV 59 FL 0
QSO: 28353 PH 2026-03-07 1329 ED8W 59 1000 N3FCP 59 PA 1
QSO: 28353 PH 2026-03-07 1329 ED8W 59 1000 NX3A 59 VA 1
QSO: 21305 PH 2026-03-07 1329 ED8W 59 1000 W2ZDP 59 NC 0
QSO: 21305 PH 2026-03-07 1329 ED8W 59 1000 WB3IWC 59 PA 0
QSO: 28353 PH 2026-03-07 1329 ED8W 59 1000 KC3RRF 59 PA 1
QSO: 21305 PH 2026-03-07 1329 ED8W 59 1000 KC9EOQ 59 IL 0
QSO: 28353 PH 2026-03-07 1330 ED8W 59 1000 K1VR 59 MA 1
QSO: 21305 PH 2026-03-07 1330 ED8W 59 1000 AG5LC 59 TX 0
QSO: 28353 PH 2026-03-07 1330 ED8W 59 1000 KD2TT 59 NY 1
QSO: 21305 PH 2026-03-07 1330 ED8W 59 1000 W4SEK 59 NJ 0
QSO: 28353 PH 2026-03-07 1330 ED8W 59 1000 W3DR 59 DE 1
QSO: 21305 PH 2026-03-07 1330 ED8W 59 1000 KI5QED 59 TX 0
QSO: 21305 PH 2026-03-07 1330 ED8W 59 1000 W8GX 59 MI 0
QSO: 21305 PH 2026-03-07 1331 ED8W 59 1000 NB1N 59 MA 0
QSO: 28353 PH 2026-03-07 1331 ED8W 59 1000 VA3OKG 59 ON 1
QSO: 21305 PH 2026-03-07 1331 ED8W 59 1000 VA2UR 59 QC 0
QSO: 28353 PH 2026-03-07 1331 ED8W 59 1000 K2RB 59 CT 1
QSO: 21305 PH 2026-03-07 1331 ED8W 59 1000 N2ZX 59 NY 0
QSO: 21305 PH 2026-03-07 1331 ED8W 59 1000 KE4EA 59 SC 0
QSO: 21305 PH 2026-03-07 1332 ED8W 59 1000 VA3MZD 59 ON 0
QSO: 21305 PH 2026-03-07 1332 ED8W 59 1000 N2TK 59 NY 0
QSO: 21305 PH 2026-03-07 1332 ED8W 59 1000 WA2MCR 59 NY 0
QSO: 21305 PH 2026-03-07 1332 ED8W 59 1000 W8TB 59 OH 0
QSO: 21305 PH 2026-03-07 1333 ED8W 59 1000 N3BMX 59 PA 0
QSO: 21305 PH 2026-03-07 1333 ED8W 59 1000 W2SDE 59 IA 0
QSO: 28353 PH 2026-03-07 1333 ED8W 59 1000 NN1SS 59 NH 1
QSO: 28353 PH 2026-03-07 1333 ED8W 59 1000 WA1Z 59 NH 1
QSO: 21305 PH 2026-03-07 1333 ED8W 59 1000 N5CO 59 OK 0
QSO: 28353 PH 2026-03-07 1333 ED8W 59 1000 KM2O 59 NY 1
QSO: 21305 PH 2026-03-07 1333 ED8W 59 1000 KC5AAV 59 KY 0
QSO: 21305 PH 2026-03-07 1333 ED8W 59 1000 WZ8DX 59 OH 0
QSO: 28353 PH 2026-03-07 1333 ED8W 59 1000 KC1VGE 59 NH 1
QSO: 21305 PH 2026-03-07 1333 ED8W 59 1000 W5BB 59 OK 0
QSO: 21305 PH 2026-03-07 1334 ED8W 59 1000 KV0I 59 NE 0
QSO: 28353 PH 2026-03-07 1334 ED8W 59 1000 N5TJ 59 TX 1
QSO: 28353 PH 2026-03-07 1334 ED8W 59 1000 K1LZ 59 ME 1
QSO: 21305 PH 2026-03-07 1334 ED8W 59 1000 N3NR 59 PA 0
QSO: 28353 PH 2026-03-07 1335 ED8W 59 1000 NB1N 59 MA 1
QSO: 21305 PH 2026-03-07 1335 ED8W 59 1000 K0ESU 59 KS 0
QSO: 28353 PH 2026-03-07 1335 ED8W 59 1000 W2ZQ 59 NJ 1
QSO: 28353 PH 2026-03-07 1335 ED8W 59 1000 N2ZX 59 NY 1
QSO: 28353 PH 2026-03-07 1336 ED8W 59 1000 KM4IAJ 59 VA 1
QSO: 21305 PH 2026-03-07 1336 ED8W 59 1000 WY3A 59 PA 0
QSO: 21305 PH 2026-03-07 1336 ED8W 59 1000 KT4Q 59 NC 0
QSO: 28353 PH 2026-03-07 1336 ED8W 59 1000 VE3SST 59 ON 1
QSO: 21305 PH 2026-03-07 1336 ED8W 59 1000 NR0T 59 MN 0
QSO: 28353 PH 2026-03-07 1336 ED8W 59 1000 WB2TQE 59 FL 1
QSO: 21305 PH 2026-03-07 1337 ED8W 59 1000 KC1VXF 59 NH 0
QSO: 28353 PH 2026-03-07 1337 ED8W 59 1000 VA3ZNQ 59 ON 1
QSO: 21305 PH 2026-03-07 1337 ED8W 59 1000 N9DJ 59 IL 0
QSO: 28353 PH 2026-03-07 1337 ED8W 59 1000 N8MVU 59 MI 1
QSO: 28353 PH 2026-03-07 1338 ED8W 59 1000 W1WQG 59 CT 1
QSO: 28353 PH 2026-03-07 1338 ED8W 59 1000 KF2B 59 NY 1
QSO: 28353 PH 2026-03-07 1338 ED8W 59 1000 W1ATV 59 CT 1
QSO: 28353 PH 2026-03-07 1339 ED8W 59 1000 N1NQ 59 NY 1
QSO: 28353 PH 2026-03-07 1339 ED8W 59 1000 VA3CRL 59 ON 1
QSO: 21306 PH 2026-03-07 1339 ED8W 59 1000 KA4LTC 59 GA 0
QSO: 28353 PH 2026-03-07 1339 ED8W 59 1000 NF4A 59 FL 1
QSO: 21306 PH 2026-03-07 1339 ED8W 59 1000 N7IR 59 AZ 0
QSO: 28353 PH 2026-03-07 1340 ED8W 59 1000 KB1SEC 59 CT 1
QSO: 21306 PH 2026-03-07 1340 ED8W 59 1000 W4CRV 59 TN 0
QSO: 28353 PH 2026-03-07 1340 ED8W 59 1000 K5ZD 59 OH 1
QSO: 21306 PH 2026-03-07 1340 ED8W 59 1000 WA8RCN 59 OH 0
QSO: 21306 PH 2026-03-07 1340 ED8W 59 1000 WW3S 59 PA 0
QSO: 28353 PH 2026-03-07 1340 ED8W 59 1000 K1KP 59 MA 1
QSO: 28353 PH 2026-03-07 1340 ED8W 59 1000 WB5N 59 TX 1
QSO: 21306 PH 2026-03-07 1341 ED8W 59 1000 N2SQW 59 NY 0
QSO: 21306 PH 2026-03-07 1341 ED8W 59 1000 K5TD 59 LA 0
QSO: 21306 PH 2026-03-07 1341 ED8W 59 1000 W2TV 59 NJ 0
QSO: 21306 PH 2026-03-07 1341 ED8W 59 1000 K0AD 59 MN 0
QSO: 28353 PH 2026-03-07 1341 ED8W 59 1000 W2LCQ 59 NY 1
QSO: 21306 PH 2026-03-07 1341 ED8W 59 1000 W9AV 59 WI 0
QSO: 28353 PH 2026-03-07 1342 ED8W 59 1000 WA3TTN 59 PA 1
QSO: 21306 PH 2026-03-07 1342 ED8W 59 1000 KC8BQP 59 OH 0
QSO: 28353 PH 2026-03-07 1342 ED8W 59 1000 K8MR 59 FL 1
QSO: 28353 PH 2026-03-07 1342 ED8W 59 1000 K3WJV 59 PA 1
QSO: 28353 PH 2026-03-07 1342 ED8W 59 1000 N3RJ 59 PA 1
QSO: 21306 PH 2026-03-07 1343 ED8W 59 1000 K2WB 59 NJ 0
QSO: 28353 PH 2026-03-07 1343 ED8W 59 1000 KB1W 59 MA 1
QSO: 28353 PH 2026-03-07 1343 ED8W 59 1000 K4VV 59 FL 1
QSO: 21306 PH 2026-03-07 1343 ED8W 59 1000 WB2PJH 59 NJ 0
QSO: 28353 PH 2026-03-07 1343 ED8W 59 1000 KC3C 59 PA 1
QSO: 21306 PH 2026-03-07 1344 ED8W 59 1000 AK3B 59 MD 0
QSO: 21306 PH 2026-03-07 1344 ED8W 59 1000 KB5IRL 59 OK 0
QSO: 21306 PH 2026-03-07 1344 ED8W 59 1000 K3KWB 59 MD 0
QSO: 28353 PH 2026-03-07 1344 ED8W 59 1000 N2YHA 59 NY 1
QSO: 21306 PH 2026-03-07 1344 ED8W 59 1000 KC3UDO 59 MD 0
QSO: 28353 PH 2026-03-07 1344 ED8W 59 1000 WB2LBQ 59 NY 1
QSO: 28353 PH 2026-03-07 1345 ED8W 59 1000 K3VA 59 PA 1
QSO: 21306 PH 2026-03-07 1345 ED8W 59 1000 KS5Z 59 TX 0
QSO: 28353 PH 2026-03-07 1345 ED8W 59 1000 K2CAF 59 FL 1
QSO: 21306 PH 2026-03-07 1345 ED8W 59 1000 KA1DCB 59 NH 0
QSO: 28353 PH 2026-03-07 1345 ED8W 59 1000 W8TB 59 OH 1
QSO: 21306 PH 2026-03-07 1346 ED8W 59 1000 WA1ZYX 59 NH 0
QSO: 21306 PH 2026-03-07 1346 ED8W 59 1000 K2PTC 59 NY 0
QSO: 28353 PH 2026-03-07 1346 ED8W 59 1000 VE2IAA 59 QC 1
QSO: 28353 PH 2026-03-07 1346 ED8W 59 1000 W4RM 59 NC 1
QSO: 21306 PH 2026-03-07 1347 ED8W 59 1000 VA3IDD 59 ON 0
QSO: 28353 PH 2026-03-07 1347 ED8W 59 1000 W3UL 59 PA 1
QSO: 28353 PH 2026-03-07 1347 ED8W 59 1000 N6AR 59 FL 1
QSO: 28353 PH 2026-03-07 1348 ED8W 59 1000 W3AVP 59 PA 1
QSO: 28353 PH 2026-03-07 1349 ED8W 59 1000 KI5KMC 59 LA 1
QSO: 21306 PH 2026-03-07 1350 ED8W 59 1000 KE8VSG 59 MI 0
QSO: 21306 PH 2026-03-07 1350 ED8W 59 1000 K3ATO 59 PA 0
QSO: 28353 PH 2026-03-07 1350 ED8W 59 1000 WW3S 59 PA 1
QSO: 21306 PH 2026-03-07 1350 ED8W 59 1000 KC2PMM 59 NY 0
QSO: 21306 PH 2026-03-07 1351 ED8W 59 1000 N3AM 59 MD 0
QSO: 28353 PH 2026-03-07 1351 ED8W 59 1000 N2LBR 59 NY 1
QSO: 28353 PH 2026-03-07 1352 ED8W 59 1000 K4RUM 59 NY 1
QSO: 21306 PH 2026-03-07 1352 ED8W 59 1000 K3ATR 59 VA 0
QSO: 28353 PH 2026-03-07 1352 ED8W 59 1000 N1EK 59 MD 1
QSO: 28353 PH 2026-03-07 1352 ED8W 59 1000 KC2PMM 59 NY 1
QSO: 28353 PH 2026-03-07 1353 ED8W 59 1000 W0EWD 59 IA 1
QSO: 28353 PH 2026-03-07 1354 ED8W 59 1000 WA2VYA 59 TX 1
QSO: 28353 PH 2026-03-07 1354 ED8W 59 1000 KD3RF 59 PA 1
QSO: 28353 PH 2026-03-07 1354 ED8W 59 1000 K2XA 59 NY 1
QSO: 28353 PH 2026-03-07 1354 ED8W 59 1000 W1EQ 59 CT 1
QSO: 28353 PH 2026-03-07 1355 ED8W 59 1000 W1XX 59 RI 1
QSO: 28353 PH 2026-03-07 1355 ED8W 59 1000 KN4BIT 59 NC 1
QSO: 28353 PH 2026-03-07 1355 ED8W 59 1000 KW7MM 59 AZ 1
QSO: 28353 PH 2026-03-07 1356 ED8W 59 1000 KE1DPK 59 NJ 1
QSO: 28353 PH 2026-03-07 1356 ED8W 59 1000 KB3CYP 59 PA 1
QSO: 21306 PH 2026-03-07 1356 ED8W 59 1000 NS3L 59 PA 0
QSO: 21306 PH 2026-03-07 1356 ED8W 59 1000 K0EA 59 MN 0
QSO: 21306 PH 2026-03-07 1357 ED8W 59 1000 K7JQ 59 AZ 0
QSO: 21306 PH 2026-03-07 1357 ED8W 59 1000 VE3NFN 59 ON 0
QSO: 28353 PH 2026-03-07 1357 ED8W 59 1000 AI4WW 59 FL 1
QSO: 21306 PH 2026-03-07 1357 ED8W 59 1000 WA1Z 59 NH 0
QSO: 28353 PH 2026-03-07 1357 ED8W 59 1000 N4CRX 59 FL 1
QSO: 21306 PH 2026-03-07 1358 ED8W 59 1000 NA2SW 59 NJ 0
QSO: 28353 PH 2026-03-07 1358 ED8W 59 1000 W1VSX 59 FL 1
QSO: 28353 PH 2026-03-07 1358 ED8W 59 1000 W3FR 59 MD 1
QSO: 28353 PH 2026-03-07 1358 ED8W 59 1000 N3RS 59 PA 1
QSO: 21306 PH 2026-03-07 1358 ED8W 59 1000 W9MR 59 IL 0
QSO: 28353 PH 2026-03-07 1359 ED8W 59 1000 N1DD 59 MA 1
QSO: 28353 PH 2026-03-07 1359 ED8W 59 1000 KQ3F 59 PA 1
QSO: 28353 PH 2026-03-07 1359 ED8W 59 1000 WR2G 59 NJ 1
QSO: 21306 PH 2026-03-07 1359 ED8W 59 1000 KE2ELI 59 NY 0
QSO: 21306 PH 2026-03-07 1400 ED8W 59 1000 KC9K 59 IL 0
QSO: 28353 PH 2026-03-07 1400 ED8W 59 1000 W3MPG 59 PA 1
QSO: 21306 PH 2026-03-07 1400 ED8W 59 1000 W4TG 59 VA 0
QSO: 28353 PH 2026-03-07 1400 ED8W 59 1000 AA4NC 59 NC 1
QSO: 21306 PH 2026-03-07 1400 ED8W 59 1000 K1CPT 59 IA 0
QSO: 28353 PH 2026-03-07 1400 ED8W 59 1000 VA1GRH 59 NS 1
QSO: 28353 PH 2026-03-07 1401 ED8W 59 1000 WJ1U 59 NH 1
QSO: 28353 PH 2026-03-07 1401 ED8W 59 1000 W9RE 59 IN 1
QSO: 28353 PH 2026-03-07 1402 ED8W 59 1000 W2XX 59 NY 1
QSO: 28353 PH 2026-03-07 1402 ED8W 59 1000 W3ZGD 59 PA 1
QSO: 21306 PH 2026-03-07 1402 ED8W 59 1000 WB7FDQ 59 AZ 0
QSO: 21306 PH 2026-03-07 1402 ED8W 59 1000 K4ZYZ 59 VA 0
QSO: 28353 PH 2026-03-07 1402 ED8W 59 1000 W3ZGD 59 PA 1
QSO: 21306 PH 2026-03-07 1402 ED8W 59 1000 W9YUM 59 IL 0
QSO: 21306 PH 2026-03-07 1403 ED8W 59 1000 W4GB 59 TN 0
QSO: 28353 PH 2026-03-07 1403 ED8W 59 1000 VA3UG 59 ON 1
QSO: 21306 PH 2026-03-07 1403 ED8W 59 1000 VE3GYL 59 ON 0
QSO: 28353 PH 2026-03-07 1403 ED8W 59 1000 N1UR 59 VT 1
QSO: 21306 PH 2026-03-07 1403 ED8W 59 1000 W0ZB 59 MO 0
QSO: 28353 PH 2026-03-07 1403 ED8W 59 1000 AC9S 59 IL 1
QSO: 28353 PH 2026-03-07 1404 ED8W 59 1000 W5LA 59 LA 1
QSO: 21306 PH 2026-03-07 1404 ED8W 59 1000 WA3AQS 59 NY 0
QSO: 28353 PH 2026-03-07 1404 ED8W 59 1000 K3EST 59 CA 1
QSO: 28353 PH 2026-03-07 1404 ED8W 59 1000 KV1J 59 ME 1
QSO: 28353 PH 2026-03-07 1405 ED8W 59 1000 N4RA 59 WV 1
QSO: 21306 PH 2026-03-07 1405 ED8W 59 1000 K8BZ 59 MI 0
QSO: 28353 PH 2026-03-07 1405 ED8W 59 1000 N3AM 59 MD 1
QSO: 21306 PH 2026-03-07 1406 ED8W 59 1000 N9UA 59 WI 0
QSO: 28353 PH 2026-03-07 1406 ED8W 59 1000 KK5TY 59 TX 1
QSO: 21306 PH 2026-03-07 1406 ED8W 59 1000 K0CN 59 MN 0
QSO: 21306 PH 2026-03-07 1406 ED8W 59 1000 W6PH 59 CA 0
QSO: 28353 PH 2026-03-07 1406 ED8W 59 1000 WA3A 59 PA 1
QSO: 21306 PH 2026-03-07 1406 ED8W 59 1000 VE1RSM 59 NS 0
QSO: 21306 PH 2026-03-07 1407 ED8W 59 1000 N4RAT 59 FL 0
QSO: 21306 PH 2026-03-07 1408 ED8W 59 1000 KI4BXU 59 VA 0
QSO: 28353 PH 2026-03-07 1408 ED8W 59 1000 AG2K 59 CT 1
QSO: 21306 PH 2026-03-07 1408 ED8W 59 1000 W6DVS 59 NC 0
QSO: 28353 PH 2026-03-07 1408 ED8W 59 1000 N4CPR 59 FL 1
QSO: 21306 PH 2026-03-07 1408 ED8W 59 1000 K8GL 59 MI 0
QSO: 21306 PH 2026-03-07 1409 ED8W 59 1000 WX8S 59 OH 0
QSO: 21306 PH 2026-03-07 1409 ED8W 59 1000 N1GTY 59 ME 0
QSO: 21306 PH 2026-03-07 1410 ED8W 59 1000 VA1MM 59 NS 0
QSO: 28353 PH 2026-03-07 1410 ED8W 59 1000 WD4AGF 59 FL 1
QSO: 28353 PH 2026-03-07 1410 ED8W 59 1000 N3AAA 59 PA 1
QSO: 28353 PH 2026-03-07 1411 ED8W 59 1000 K3WGR 59 PA 1
QSO: 28353 PH 2026-03-07 1411 ED8W 59 1000 KC3VTF 59 PA 1
QSO: 28353 PH 2026-03-07 1411 ED8W 59 1000 VA2FR 59 QC 1
QSO: 28353 PH 2026-03-07 1412 ED8W 59 1000 VA3IDD 59 ON 1
QSO: 21306 PH 2026-03-07 1412 ED8W 59 1000 W1VBX 59 ME 0
QSO: 28353 PH 2026-03-07 1412 ED8W 59 1000 K3OO 59 PA 1
QSO: 28353 PH 2026-03-07 1413 ED8W 59 1000 KE2DC 59 NY 1
QSO: 28353 PH 2026-03-07 1413 ED8W 59 1000 WT3Q 59 PA 1
QSO: 21306 PH 2026-03-07 1413 ED8W 59 1000 W7EVE 59 AZ 0
QSO: 28353 PH 2026-03-07 1414 ED8W 59 1000 KC3UDO 59 MD 1
QSO: 21306 PH 2026-03-07 1414 ED8W 59 1000 W0MES 59 FL 0
QSO: 28353 PH 2026-03-07 1414 ED8W 59 1000 K2MTG 59 NJ 1
QSO: 21306 PH 2026-03-07 1414 ED8W 59 1000 K6LL 59 AZ 0
QSO: 28353 PH 2026-03-07 1414 ED8W 59 1000 K0AP 59 KS 1
QSO: 28353 PH 2026-03-07 1415 ED8W 59 1000 N3NR 59 PA 1
QSO: 21306 PH 2026-03-07 1415 ED8W 59 1000 KB8ZYE 59 OH 0
QSO: 28353 PH 2026-03-07 1415 ED8W 59 1000 KE4OK 59 FL 1
QSO: 21306 PH 2026-03-07 1415 ED8W 59 1000 WB2TQE 59 FL 0
QSO: 28353 PH 2026-03-07 1415 ED8W 59 1000 WD5F 59 LA 1
QSO: 28353 PH 2026-03-07 1415 ED8W 59 1000 W2PV 59 VT 1
QSO: 21306 PH 2026-03-07 1415 ED8W 59 1000 VE3RVZ 59 ON 0
QSO: 21306 PH 2026-03-07 1416 ED8W 59 1000 KE9ALB 59 WI 0
QSO: 28353 PH 2026-03-07 1416 ED8W 59 1000 NW3Y 59 DE 1
QSO: 21306 PH 2026-03-07 1416 ED8W 59 1000 K0BL 59 IA 0
QSO: 21306 PH 2026-03-07 1416 ED8W 59 1000 WK4NMR 59 FL 0
QSO: 21306 PH 2026-03-07 1416 ED8W 59 1000 W4MTL 59 FL 0
QSO: 21306 PH 2026-03-07 1417 ED8W 59 1000 K0BBB 59 MN 0
QSO: 28353 PH 2026-03-07 1417 ED8W 59 1000 N4ZZ 59 TN 1
QSO: 21306 PH 2026-03-07 1417 ED8W 59 1000 K1KA 59 NH 0
QSO: 28353 PH 2026-03-07 1417 ED8W 59 1000 KD3ATH 59 PA 1
QSO: 21306 PH 2026-03-07 1417 ED8W 59 1000 AA4R 59 NC 0
QSO: 28353 PH 2026-03-07 1417 ED8W 59 1000 N5KRC 59 AR 1
QSO: 28353 PH 2026-03-07 1417 ED8W 59 1000 N1ETN 59 NH 1
QSO: 21306 PH 2026-03-07 1417 ED8W 59 1000 N1SFE 59 CT 0
QSO: 21306 PH 2026-03-07 1418 ED8W 59 1000 W0EWD 59 IA 0
QSO: 28353 PH 2026-03-07 1418 ED8W 59 1000 K5TD 59 LA 1
QSO: 21306 PH 2026-03-07 1418 ED8W 59 1000 WB8MIW 59 MI 0
QSO: 21306 PH 2026-03-07 1419 ED8W 59 1000 W7GES 59 AZ 0
QSO: 28353 PH 2026-03-07 1419 ED8W 59 1000 KV0Q 59 CO 1
QSO: 28353 PH 2026-03-07 1419 ED8W 59 1000 W4PF 59 KY 1
QSO: 28353 PH 2026-03-07 1419 ED8W 59 1000 N9TF 59 TN 1
QSO: 21306 PH 2026-03-07 1420 ED8W 59 1000 N2WLY 59 NJ 0
QSO: 28353 PH 2026-03-07 1420 ED8W 59 1000 KQ4ZIO 59 FL 1
QSO: 21306 PH 2026-03-07 1420 ED8W 59 1000 W4KWS 59 FL 0
QSO: 28353 PH 2026-03-07 1421 ED8W 59 1000 K2MV 59 NY 1
QSO: 21306 PH 2026-03-07 1421 ED8W 59 1000 WQ5L 59 MS 0
QSO: 28353 PH 2026-03-07 1421 ED8W 59 1000 KG5VLT 59 LA 1
QSO: 21306 PH 2026-03-07 1421 ED8W 59 1000 W3AVP 59 PA 0
QSO: 21306 PH 2026-03-07 1422 ED8W 59 1000 NF4A 59 FL 0
QSO: 28353 PH 2026-03-07 1422 ED8W 59 1000 VE1ME 59 NS 1
QSO: 28353 PH 2026-03-07 1422 ED8W 59 1000 AC2ZZ 59 NJ 1
QSO: 21306 PH 2026-03-07 1422 ED8W 59 1000 KK9MM 59 WI 0
QSO: 21306 PH 2026-03-07 1422 ED8W 59 1000 K2RB 59 CT 0
QSO: 28353 PH 2026-03-07 1423 ED8W 59 1000 K4CLK 59 FL 1
QSO: 28353 PH 2026-03-07 1423 ED8W 59 1000 W2CG 59 NJ 1
QSO: 21306 PH 2026-03-07 1423 ED8W 59 1000 K2HVE 59 NJ 0
QSO: 21306 PH 2026-03-07 1423 ED8W 59 1000 N1RPS 59 NH 0
QSO: 28353 PH 2026-03-07 1423 ED8W 59 1000 K2ANZ 59 NY 1
QSO: 21306 PH 2026-03-07 1423 ED8W 59 1000 W3OU 59 MD 0
QSO: 28353 PH 2026-03-07 1424 ED8W 59 1000 W1FJ 59 MA 1
QSO: 28353 PH 2026-03-07 1424 ED8W 59 1000 K4WI 59 AL 1
QSO: 28353 PH 2026-03-07 1424 ED8W 59 1000 K1TTW 59 VT 1
QSO: 21306 PH 2026-03-07 1424 ED8W 59 1000 N2IMM 59 NJ 0
QSO: 21306 PH 2026-03-07 1424 ED8W 59 1000 KU8L 59 MI 0
QSO: 28353 PH 2026-03-07 1424 ED8W 59 1000 KR4AFM 59 AL 1
QSO: 21306 PH 2026-03-07 1425 ED8W 59 1000 KI4RKM 59 TN 0
QSO: 28353 PH 2026-03-07 1425 ED8W 59 1000 WB2NJN 59 NY 1
QSO: 21306 PH 2026-03-07 1425 ED8W 59 1000 VA3LR 59 ON 0
QSO: 21306 PH 2026-03-07 1425 ED8W 59 1000 N4IW 59 VA 0
QSO: 21306 PH 2026-03-07 1425 ED8W 59 1000 NQ9N 59 WI 0
QSO: 21306 PH 2026-03-07 1426 ED8W 59 1000 K9MWD 59 TX 0
QSO: 28353 PH 2026-03-07 1426 ED8W 59 1000 KR4DSH 59 NC 1
QSO: 28353 PH 2026-03-07 1426 ED8W 59 1000 KN2M 59 NY 1
QSO: 28353 PH 2026-03-07 1426 ED8W 59 1000 WB3KLE 59 PA 1
QSO: 28353 PH 2026-03-07 1426 ED8W 59 1000 K9KP 59 TN 1
QSO: 28353 PH 2026-03-07 1427 ED8W 59 1000 KE8JVX 59 OH 1
QSO: 28353 PH 2026-03-07 1427 ED8W 59 1000 AB1F 59 MD 1
QSO: 21306 PH 2026-03-07 1427 ED8W 59 1000 N1MOM 59 TX 0
QSO: 21306 PH 2026-03-07 1427 ED8W 59 1000 KF8N 59 VA 0
QSO: 28353 PH 2026-03-07 1428 ED8W 59 1000 VE1RSM 59 NS 1
QSO: 21306 PH 2026-03-07 1428 ED8W 59 1000 K4CGY 59 VA 0
QSO: 28353 PH 2026-03-07 1428 ED8W 59 1000 K8LY 59 OH 1
QSO: 28353 PH 2026-03-07 1428 ED8W 59 1000 KV8O 59 MI 1
QSO: 28353 PH 2026-03-07 1428 ED8W 59 1000 WC5B 59 OK 1
QSO: 28353 PH 2026-03-07 1428 ED8W 59 1000 W9WEI 59 FL 1
QSO: 28353 PH 2026-03-07 1429 ED8W 59 1000 N8CWU 59 OH 1
QSO: 28353 PH 2026-03-07 1429 ED8W 59 1000 K8GL 59 MI 1
QSO: 21306 PH 2026-03-07 1429 ED8W 59 1000 WI9H 59 WI 0
QSO: 28353 PH 2026-03-07 1429 ED8W 59 1000 KB9QDI 59 OH 1
QSO: 21306 PH 2026-03-07 1429 ED8W 59 1000 W3UL 59 PA 0
QSO: 28353 PH 2026-03-07 1430 ED8W 59 1000 WE2A 59 NY 1
QSO: 21306 PH 2026-03-07 1430 ED8W 59 1000 N1ZYZ 59 NH 0
QSO: 28353 PH 2026-03-07 1430 ED8W 59 1000 KA2OFM 59 NY 1
QSO: 21306 PH 2026-03-07 1430 ED8W 59 1000 KB0VKL 59 IA 0
QSO: 28353 PH 2026-03-07 1430 ED8W 59 1000 W5HL 59 NM 1
QSO: 28353 PH 2026-03-07 1431 ED8W 59 1000 KD5UVV 59 MS 1
QSO: 28353 PH 2026-03-07 1431 ED8W 59 1000 N8YXR 59 MI 1
QSO: 21306 PH 2026-03-07 1431 ED8W 59 1000 KN6EVQ 59 CA 0
QSO: 28353 PH 2026-03-07 1431 ED8W 59 1000 K5VPC 59 TX 1
QSO: 21306 PH 2026-03-07 1432 ED8W 59 1000 K4PZZ 59 VA 0
QSO: 28353 PH 2026-03-07 1432 ED8W 59 1000 K2ZR/4 59 FL 1
QSO: 21306 PH 2026-03-07 1432 ED8W 59 1000 VA1GRH 59 NS 0
QSO: 21306 PH 2026-03-07 1432 ED8W 59 1000 KC9JML 59 IN 0
QSO: 28353 PH 2026-03-07 1432 ED8W 59 1000 VE3KMQ 59 ON 1
QSO: 21306 PH 2026-03-07 1432 ED8W 59 1000 W8NI 59 OH 0
QSO: 28353 PH 2026-03-07 1433 ED8W 59 1000 KC5RFU 59 FL 1
QSO: 21306 PH 2026-03-07 1433 ED8W 59 1000 N3FJP 59 MD 0
QSO: 28353 PH 2026-03-07 1433 ED8W 59 1000 W7USA 59 AZ 1
QSO: 21306 PH 2026-03-07 1433 ED8W 59 1000 W1WQG 59 CT 0
QSO: 28353 PH 2026-03-07 1433 ED8W 59 1000 KE2AUS 59 NY 1
QSO: 21306 PH 2026-03-07 1433 ED8W 59 1000 KF8I 59 OH 0
QSO: 28353 PH 2026-03-07 1434 ED8W 59 1000 W4YVA 59 VA 1
QSO: 21306 PH 2026-03-07 1434 ED8W 59 1000 VA3UG 59 ON 0
QSO: 28353 PH 2026-03-07 1434 ED8W 59 1000 W7GES 59 AZ 1
QSO: 21306 PH 2026-03-07 1434 ED8W 59 1000 N1EK 59 MD 0
QSO: 28353 PH 2026-03-07 1435 ED8W 59 1000 KC3BOB 59 PA 1
QSO: 21306 PH 2026-03-07 1435 ED8W 59 1000 NY3C 59 DE 0
QSO: 21306 PH 2026-03-07 1435 ED8W 59 1000 W9HT 59 IN 0
QSO: 21306 PH 2026-03-07 1435 ED8W 59 1000 WA2AEY 59 NY 0
QSO: 28353 PH 2026-03-07 1435 ED8W 59 1000 KU4FX 59 FL 1
QSO: 28353 PH 2026-03-07 1435 ED8W 59 1000 VE3UZX 59 ON 1
QSO: 21306 PH 2026-03-07 1435 ED8W 59 1000 WW2P 59 NY 0
QSO: 28353 PH 2026-03-07 1436 ED8W 59 1000 W5OCH 59 TX 1
QSO: 28353 PH 2026-03-07 1436 ED8W 59 1000 KG4USN 59 MD 1
QSO: 21306 PH 2026-03-07 1436 ED8W 59 1000 N1TQ 59 MA 0
QSO: 28353 PH 2026-03-07 1437 ED8W 59 1000 AF4LL 59 KY 1
QSO: 28353 PH 2026-03-07 1437 ED8W 59 1000 W3HQ 59 PA 1
QSO: 28353 PH 2026-03-07 1437 ED8W 59 1000 W4NZ 59 TN 1
QSO: 21306 PH 2026-03-07 1437 ED8W 59 1000 K8AO 59 MI 0
QSO: 21306 PH 2026-03-07 1437 ED8W 59 1000 N9CIQ 59 WI 0
QSO: 28353 PH 2026-03-07 1437 ED8W 59 1000 VA3XL 59 ON 1
QSO: 28353 PH 2026-03-07 1437 ED8W 59 1000 WA2JQK 59 NY 1
QSO: 21306 PH 2026-03-07 1437 ED8W 59 1000 KW6S 59 CA 0
QSO: 21306 PH 2026-03-07 1438 ED8W 59 1000 NV3K 59 PA 0
QSO: 28353 PH 2026-03-07 1438 ED8W 59 1000 N4SAX 59 FL 1
QSO: 21306 PH 2026-03-07 1438 ED8W 59 1000 KK7WYG 59 AZ 0
QSO: 28353 PH 2026-03-07 1438 ED8W 59 1000 KF4MK 59 GA 1
QSO: 21306 PH 2026-03-07 1438 ED8W 59 1000 AJ4HP 59 FL 0
QSO: 28353 PH 2026-03-07 1438 ED8W 59 1000 KT4Q 59 NC 1
QSO: 28353 PH 2026-03-07 1439 ED8W 59 1000 K3RWN 59 PA 1
QSO: 28353 PH 2026-03-07 1439 ED8W 59 1000 WA8CLT 59 OH 1
QSO: 28353 PH 2026-03-07 1439 ED8W 59 1000 NW8U 59 WV 1
QSO: 28353 PH 2026-03-07 1439 ED8W 59 1000 KC4SR 59 GA 1
QSO: 28353 PH 2026-03-07 1439 ED8W 59 1000 W7EVE 59 AZ 1
QSO: 21306 PH 2026-03-07 1439 ED8W 59 1000 N6RV 59 CA 0
QSO: 28353 PH 2026-03-07 1440 ED8W 59 1000 K3TM 59 MD 1
QSO: 21306 PH 2026-03-07 1440 ED8W 59 1000 KE8ZOB 59 MI 0
QSO: 28353 PH 2026-03-07 1440 ED8W 59 1000 W8RMB 59 SC 1
QSO: 28353 PH 2026-03-07 1441 ED8W 59 1000 KQ4ZCQ 59 FL 1
QSO: 21306 PH 2026-03-07 1441 ED8W 59 1000 W3UL 59 PA 0
QSO: 28353 PH 2026-03-07 1441 ED8W 59 1000 KG4BTA 59 FL 1
QSO: 28353 PH 2026-03-07 1441 ED8W 59 1000 VE2ZDR 59 QC 1
QSO: 21306 PH 2026-03-07 1441 ED8W 59 1000 KI5RK 59 TX 0
QSO: 21306 PH 2026-03-07 1442 ED8W 59 1000 N1ALO 59 MA 0
QSO: 28353 PH 2026-03-07 1442 ED8W 59 1000 NR5T 59 MS 1
QSO: 28353 PH 2026-03-07 1442 ED8W 59 1000 K1AOT 59 MA 1
QSO: 28353 PH 2026-03-07 1442 ED8W 59 1000 W3SQ 59 PA 1
QSO: 28353 PH 2026-03-07 1442 ED8W 59 1000 K7JQ 59 AZ 1
QSO: 21306 PH 2026-03-07 1442 ED8W 59 1000 VE3YZ 59 ON 0
QSO: 28353 PH 2026-03-07 1443 ED8W 59 1000 KD7ND 59 AZ 1
QSO: 28353 PH 2026-03-07 1443 ED8W 59 1000 W2ZJ 59 NY 1
QSO: 21306 PH 2026-03-07 1443 ED8W 59 1000 AG8U 59 FL 0
QSO: 21306 PH 2026-03-07 1444 ED8W 59 1000 KQ4RWN 59 AL 0
QSO: 21306 PH 2026-03-07 1444 ED8W 59 1000 K1TKT 59 NH 0
QSO: 21306 PH 2026-03-07 1445 ED8W 59 1000 W4KW 59 TN 0
QSO: 21306 PH 2026-03-07 1445 ED8W 59 1000 N1NN 59 MA 0
QSO: 21306 PH 2026-03-07 1445 ED8W 59 1000 KD8KZG 59 OH 0
QSO: 21306 PH 2026-03-07 1446 ED8W 59 1000 N9ESR 59 IL 0
QSO: 28624 PH 2026-03-07 1446 ED8W 59 1000 AC2ZZ 59 NJ 1
QSO: 21306 PH 2026-03-07 1446 ED8W 59 1000 AD1C 59 CO 0
QSO: 28624 PH 2026-03-07 1446 ED8W 59 1000 VE3IC 59 ON 1
QSO: 21306 PH 2026-03-07 1446 ED8W 59 1000 K6YK 59 CA 0
QSO: 28624 PH 2026-03-07 1447 ED8W 59 1000 VE3WMI 59 ON 1
QSO: 21306 PH 2026-03-07 1447 ED8W 59 1000 N0HJZ 59 MN 0
QSO: 21306 PH 2026-03-07 1447 ED8W 59 1000 K6XX 59 CA 0
QSO: 28624 PH 2026-03-07 1447 ED8W 59 1000 WB3DBL 59 MD 1
QSO: 28624 PH 2026-03-07 1447 ED8W 59 1000 KB5VBQ 59 AZ 1
QSO: 21306 PH 2026-03-07 1447 ED8W 59 1000 K9LOF/5 59 TX 0
QSO: 28624 PH 2026-03-07 1447 ED8W 59 1000 N5OHL 59 OK 1
QSO: 28624 PH 2026-03-07 1448 ED8W 59 1000 KC1DF 59 MA 1
QSO: 28624 PH 2026-03-07 1448 ED8W 59 1000 N2LK 59 DE 1
QSO: 21306 PH 2026-03-07 1448 ED8W 59 1000 WB0VZK 59 IA 0
QSO: 21306 PH 2026-03-07 1448 ED8W 59 1000 VE3AC 59 ON 0
QSO: 28624 PH 2026-03-07 1449 ED8W 59 1000 NJ1H 59 NH 1
QSO: 28624 PH 2026-03-07 1449 ED8W 59 1000 WA2AEY 59 NY 1
QSO: 28624 PH 2026-03-07 1449 ED8W 59 1000 N1JP 59 NY 1
QSO: 21306 PH 2026-03-07 1450 ED8W 59 1000 W9MVA 59 WI 0
QSO: 21306 PH 2026-03-07 1450 ED8W 59 1000 W0BM 59 MN 0
QSO: 28624 PH 2026-03-07 1450 ED8W 59 1000 WA3DPV 59 SC 1
QSO: 28624 PH 2026-03-07 1450 ED8W 59 1000 K4CAB 59 VA 1
QSO: 21306 PH 2026-03-07 1450 ED8W 59 1000 K2XA 59 NY 0
QSO: 21306 PH 2026-03-07 1450 ED8W 59 1000 N0JN 59 MO 0
QSO: 28624 PH 2026-03-07 1450 ED8W 59 1000 KD2EWT 59 NY 1
QSO: 21306 PH 2026-03-07 1450 ED8W 59 1000 KC8QDQ 59 OH 0
QSO: 28624 PH 2026-03-07 1451 ED8W 59 1000 KA3JNN 59 MD 1
QSO: 28624 PH 2026-03-07 1451 ED8W 59 1000 K4SHC 59 CT 1
QSO: 21306 PH 2026-03-07 1451 ED8W 59 1000 KA0WWT 59 NV 0
QSO: 28624 PH 2026-03-07 1451 ED8W 59 1000 W1DLC 59 ME 1
QSO: 28624 PH 2026-03-07 1452 ED8W 59 1000 VE2NDB 59 QC 1
QSO: 21306 PH 2026-03-07 1452 ED8W 59 1000 KB3Z 59 PA 0
QSO: 21306 PH 2026-03-07 1452 ED8W 59 1000 K9ABR 59 IL 0
QSO: 21306 PH 2026-03-07 1453 ED8W 59 1000 KA1OEM 59 NH 0
QSO: 28624 PH 2026-03-07 1454 ED8W 59 1000 KC2QJB 59 NJ 1
QSO: 28624 PH 2026-03-07 1454 ED8W 59 1000 N1WRK 59 MA 1
QSO: 28624 PH 2026-03-07 1455 ED8W 59 1000 K5FNE 59 TX 1
QSO: 21306 PH 2026-03-07 1455 ED8W 59 1000 N1FFR 59 CT 0
QSO: 21306 PH 2026-03-07 1455 ED8W 59 1000 AD4EB 59 TN 0
QSO: 28624 PH 2026-03-07 1456 ED8W 59 1000 WD4PTJ 59 TN 1
QSO: 21306 PH 2026-03-07 1456 ED8W 59 1000 WA1VIL 59 MA 0
QSO: 28624 PH 2026-03-07 1456 ED8W 59 1000 VE3HIA 59 ON 1
QSO: 28624 PH 2026-03-07 1456 ED8W 59 1000 K3ISH 59 PA 1
QSO: 28624 PH 2026-03-07 1457 ED8W 59 1000 VA1EET 59 NS 1
QSO: 28624 PH 2026-03-07 1457 ED8W 59 1000 AA4CF 59 GA 1
QSO: 21306 PH 2026-03-07 1457 ED8W 59 1000 KI6QDH 59 WY 0
QSO: 21306 PH 2026-03-07 1458 ED8W 59 1000 KC7V 59 AZ 0
QSO: 21306 PH 2026-03-07 1459 ED8W 59 1000 KC8YVP 59 OH 0
QSO: 21306 PH 2026-03-07 1459 ED8W 59 1000 N8MPF 59 OH 0
QSO: 21306 PH 2026-03-07 1459 ED8W 59 1000 KI9A 59 IL 0
QSO: 21306 PH 2026-03-07 1459 ED8W 59 1000 K6NO 59 CA 0
QSO: 21306 PH 2026-03-07 1500 ED8W 59 1000 W2VTB 59 NJ 0
QSO: 21306 PH 2026-03-07 1500 ED8W 59 1000 AG2K 59 CT 0
QSO: 28624 PH 2026-03-07 1500 ED8W 59 1000 N1DRS 59 MA 1
QSO: 21306 PH 2026-03-07 1500 ED8W 59 1000 K4BTR 59 KY 0
QSO: 28624 PH 2026-03-07 1500 ED8W 59 1000 WI5D 59 MO 1
QSO: 21306 PH 2026-03-07 1500 ED8W 59 1000 WV4AM 59 NC 0
QSO: 28624 PH 2026-03-07 1500 ED8W 59 1000 W4JJF 59 NC 1
QSO: 21306 PH 2026-03-07 1501 ED8W 59 1000 KG4USN 59 MD 0
QSO: 21306 PH 2026-03-07 1501 ED8W 59 1000 W6SX 59 CA 0
QSO: 21306 PH 2026-03-07 1502 ED8W 59 1000 AC2ZZ 59 NJ 0
QSO: 28624 PH 2026-03-07 1502 ED8W 59 1000 KF2TI 59 NJ 1
QSO: 21306 PH 2026-03-07 1502 ED8W 59 1000 VE3UZX 59 ON 0
QSO: 28624 PH 2026-03-07 1503 ED8W 59 1000 K4EES 59 AL 1
QSO: 21306 PH 2026-03-07 1503 ED8W 59 1000 WD4PTJ 59 TN 0
QSO: 28624 PH 2026-03-07 1503 ED8W 59 1000 W3URL 59 MD 1
QSO: 21306 PH 2026-03-07 1503 ED8W 59 1000 W4SCV 59 GA 0
QSO: 28624 PH 2026-03-07 1503 ED8W 59 1000 W8MJ 59 MI 1
QSO: 28624 PH 2026-03-07 1504 ED8W 59 1000 KN4WHI 59 FL 1
QSO: 28624 PH 2026-03-07 1504 ED8W 59 1000 N1DE 59 ME 1
QSO: 21306 PH 2026-03-07 1504 ED8W 59 1000 N9GB 59 KS 0
QSO: 21306 PH 2026-03-07 1505 ED8W 59 1000 W1FJ 59 MA 0
QSO: 28624 PH 2026-03-07 1505 ED8W 59 1000 VE9CJ 59 NB 1
QSO: 21306 PH 2026-03-07 1505 ED8W 59 1000 N1EGX 59 GA 0
QSO: 21306 PH 2026-03-07 1505 ED8W 59 1000 VE3BFU 59 ON 0
QSO: 28624 PH 2026-03-07 1506 ED8W 59 1000 KC3II 59 PA 1
QSO: 21306 PH 2026-03-07 1506 ED8W 59 1000 AD6WL 59 CA 0
QSO: 21306 PH 2026-03-07 1506 ED8W 59 1000 W4NZ 59 TN 0
QSO: 21306 PH 2026-03-07 1507 ED8W 59 1000 W9QL 59 IL 0
QSO: 28624 PH 2026-03-07 1507 ED8W 59 1000 K4GSO 59 FL 1
QSO: 21306 PH 2026-03-07 1507 ED8W 59 1000 WD6T 59 CA 0
QSO: 28624 PH 2026-03-07 1507 ED8W 59 1000 N5RKK 59 LA 1
QSO: 28624 PH 2026-03-07 1507 ED8W 59 1000 N4IW 59 VA 1
QSO: 21306 PH 2026-03-07 1507 ED8W 59 1000 AD4GG 59 TN 0
QSO: 28624 PH 2026-03-07 1508 ED8W 59 1000 N2HMM 59 NJ 1
QSO: 28624 PH 2026-03-07 1509 ED8W 59 1000 W2KV 59 NJ 1
QSO: 21306 PH 2026-03-07 1509 ED8W 59 1000 AA7V 59 AZ 0
QSO: 21306 PH 2026-03-07 1510 ED8W 59 1000 KD7ND 59 AZ 0
QSO: 28624 PH 2026-03-07 1510 ED8W 59 1000 W9MR 59 IL 1
QSO: 28624 PH 2026-03-07 1511 ED8W 59 1000 W3EGW 59 PA 1
QSO: 21306 PH 2026-03-07 1511 ED8W 59 1000 AK0BC 59 CO 0
QSO: 28624 PH 2026-03-07 1511 ED8W 59 1000 K4AB 59 AL 1
QSO: 21306 PH 2026-03-07 1512 ED8W 59 1000 W3ZGD 59 PA 0
QSO: 28624 PH 2026-03-07 1512 ED8W 59 1000 KA3YJM 59 MD 1
QSO: 28624 PH 2026-03-07 1512 ED8W 59 1000 K4JKB 59 VA 1
QSO: 28624 PH 2026-03-07 1512 ED8W 59 1000 KN4CED 59 VA 1
QSO: 28624 PH 2026-03-07 1513 ED8W 59 1000 KD5FVZ 59 TX 1
QSO: 21306 PH 2026-03-07 1513 ED8W 59 1000 KX7P 59 AZ 0
QSO: 28624 PH 2026-03-07 1513 ED8W 59 1000 AD4EB 59 TN 1
QSO: 28624 PH 2026-03-07 1513 ED8W 59 1000 KF8N 59 VA 1
QSO: 21306 PH 2026-03-07 1513 ED8W 59 1000 N4RA 59 WV 0
QSO: 21306 PH 2026-03-07 1513 ED8W 59 1000 NT5V 59 TX 0
QSO: 28624 PH 2026-03-07 1514 ED8W 59 1000 NK2R 59 NY 1
QSO: 28624 PH 2026-03-07 1514 ED8W 59 1000 VA2MP 59 QC 1
QSO: 21306 PH 2026-03-07 1514 ED8W 59 1000 KI0MZ 59 CO 0
QSO: 28624 PH 2026-03-07 1514 ED8W 59 1000 NS1T 59 CT 1
QSO: 21306 PH 2026-03-07 1516 ED8W 59 1000 WB9HFK 59 IL 0
QSO: 28624 PH 2026-03-07 1516 ED8W 59 1000 WB4EM 59 FL 1
QSO: 28624 PH 2026-03-07 1516 ED8W 59 1000 K1TH 59 MA 1
QSO: 28624 PH 2026-03-07 1516 ED8W 59 1000 K5VIP 59 VA 1
QSO: 21306 PH 2026-03-07 1516 ED8W 59 1000 WB2FKO 59 FL 0
QSO: 28624 PH 2026-03-07 1516 ED8W 59 1000 KI1P 59 VT 1
QSO: 28624 PH 2026-03-07 1517 ED8W 59 1000 KC9EE 59 IL 1
QSO: 21306 PH 2026-03-07 1517 ED8W 59 1000 W3URL 59 MD 0
QSO: 28624 PH 2026-03-07 1517 ED8W 59 1000 K4BTR 59 KY 1
QSO: 21306 PH 2026-03-07 1517 ED8W 59 1000 ND0C 59 MN 0
QSO: 28624 PH 2026-03-07 1518 ED8W 59 1000 K2WK 59 VA 1
QSO: 21306 PH 2026-03-07 1518 ED8W 59 1000 W0PI 59 MN 0
QSO: 28624 PH 2026-03-07 1518 ED8W 59 1000 KB1ZAC 59 CT 1
QSO: 28624 PH 2026-03-07 1519 ED8W 59 1000 N1JTK 59 CT 1
QSO: 28624 PH 2026-03-07 1519 ED8W 59 1000 KC9K 59 IL 1
QSO: 28624 PH 2026-03-07 1519 ED8W 59 1000 AA7V 59 AZ 1
QSO: 28624 PH 2026-03-07 1519 ED8W 59 1000 KG4WDX 59 NC 1
QSO: 28624 PH 2026-03-07 1519 ED8W 59 1000 NW0M 59 MO 1
QSO: 21306 PH 2026-03-07 1519 ED8W 59 1000 K8DP 59 MI 0
QSO: 28624 PH 2026-03-07 1520 ED8W 59 1000 K2NV 59 NY 1
QSO: 21306 PH 2026-03-07 1520 ED8W 59 1000 W4CRV 59 TN 0
QSO: 21306 PH 2026-03-07 1520 ED8W 59 1000 KD9GY 59 IL 0
QSO: 28624 PH 2026-03-07 1520 ED8W 59 1000 KD9ZUN 59 IL 1
QSO: 21306 PH 2026-03-07 1521 ED8W 59 1000 N9TF 59 TN 0
QSO: 28624 PH 2026-03-07 1521 ED8W 59 1000 KB3WA 59 PA 1
QSO: 21306 PH 2026-03-07 1521 ED8W 59 1000 N0UR 59 MN 0
QSO: 28624 PH 2026-03-07 1521 ED8W 59 1000 W3JJL 59 PA 1
QSO: 28624 PH 2026-03-07 1521 ED8W 59 1000 K8MDT 59 MI 1
QSO: 21306 PH 2026-03-07 1522 ED8W 59 1000 N9VAO 59 WI 0
QSO: 28624 PH 2026-03-07 1522 ED8W 59 1000 NG2X 59 NY 1
QSO: 21306 PH 2026-03-07 1523 ED8W 59 1000 AA6MU 59 CA 0
QSO: 21306 PH 2026-03-07 1523 ED8W 59 1000 N8XPQ 59 MI 0
QSO: 28624 PH 2026-03-07 1523 ED8W 59 1000 W3ICM 59 MD 1
QSO: 28624 PH 2026-03-07 1523 ED8W 59 1000 KB1JBY 59 CT 1
QSO: 28624 PH 2026-03-07 1524 ED8W 59 1000 KR4CKC 59 FL 1
QSO: 28624 PH 2026-03-07 1524 ED8W 59 1000 KC7V 59 AZ 1
QSO: 21306 PH 2026-03-07 1524 ED8W 59 1000 K5AWJ 59 TX 0
QSO: 28624 PH 2026-03-07 1524 ED8W 59 1000 N6KI 59 CA 1
QSO: 21306 PH 2026-03-07 1525 ED8W 59 1000 KE9ANJ 59 IN 0
QSO: 21306 PH 2026-03-07 1525 ED8W 59 1000 W3EL 59 PA 0
QSO: 28624 PH 2026-03-07 1525 ED8W 59 1000 W6LFB 59 TX 1
QSO: 21306 PH 2026-03-07 1525 ED8W 59 1000 NS1T 59 CT 0
QSO: 21306 PH 2026-03-07 1525 ED8W 59 1000 VE2NDB 59 QC 0
QSO: 28624 PH 2026-03-07 1526 ED8W 59 1000 KQ4JJM 59 VA 1
QSO: 21306 PH 2026-03-07 1526 ED8W 59 1000 KO4EAC 59 GA 0
QSO: 21306 PH 2026-03-07 1526 ED8W 59 1000 WA0MHJ 59 MN 0
QSO: 28624 PH 2026-03-07 1526 ED8W 59 1000 K4NAG 59 VA 1
QSO: 28624 PH 2026-03-07 1526 ED8W 59 1000 K6LL 59 AZ 1
QSO: 21306 PH 2026-03-07 1526 ED8W 59 1000 WD0T 59 SD 0
QSO: 28624 PH 2026-03-07 1527 ED8W 59 1000 W1WRA 59 NH 1
QSO: 28624 PH 2026-03-07 1527 ED8W 59 1000 KF8I 59 OH 1
QSO: 28624 PH 2026-03-07 1527 ED8W 59 1000 W3MLK 59 DE 1
QSO: 21306 PH 2026-03-07 1527 ED8W 59 1000 W1WRA 59 NH 0
QSO: 21306 PH 2026-03-07 1528 ED8W 59 1000 AB7Q 59 AZ 0
QSO: 28624 PH 2026-03-07 1528 ED8W 59 1000 N1FTP 59 MA 1
QSO: 28624 PH 2026-03-07 1528 ED8W 59 1000 K6XX 59 CA 1
QSO: 21306 PH 2026-03-07 1528 ED8W 59 1000 N7GP 59 AZ 0
QSO: 28624 PH 2026-03-07 1528 ED8W 59 1000 WB2JTE 59 NJ 1
QSO: 28624 PH 2026-03-07 1529 ED8W 59 1000 KS2G 59 NY 1
QSO: 21306 PH 2026-03-07 1529 ED8W 59 1000 W5DP 59 TX 0
QSO: 28624 PH 2026-03-07 1529 ED8W 59 1000 NS0R 59 KS 1
QSO: 28624 PH 2026-03-07 1529 ED8W 59 1000 K3TC 59 MD 1
QSO: 21306 PH 2026-03-07 1530 ED8W 59 1000 KC3PKV 59 PA 0
QSO: 28624 PH 2026-03-07 1530 ED8W 59 1000 KN4OIK 59 FL 1
QSO: 21306 PH 2026-03-07 1530 ED8W 59 1000 N1DD 59 MA 0
QSO: 28624 PH 2026-03-07 1530 ED8W 59 1000 KR5LS 59 TX 1
QSO: 28624 PH 2026-03-07 1530 ED8W 59 1000 K2QO 59 NY 1
QSO: 28624 PH 2026-03-07 1531 ED8W 59 1000 N8PCN 59 OH 1
QSO: 21306 PH 2026-03-07 1531 ED8W 59 1000 AC8HZ 59 MI 0
QSO: 28624 PH 2026-03-07 1531 ED8W 59 1000 WV4AM 59 NC 1
QSO: 28624 PH 2026-03-07 1532 ED8W 59 1000 KX1X 59 MA 1
QSO: 28624 PH 2026-03-07 1532 ED8W 59 1000 W1VBX 59 ME 1
QSO: 28624 PH 2026-03-07 1532 ED8W 59 1000 K2EP 59 NY 1
QSO: 28624 PH 2026-03-07 1532 ED8W 59 1000 WA6KHK 59 CA 1
QSO: 21306 PH 2026-03-07 1532 ED8W 59 1000 W4FNZ 59 GA 0
QSO: 21306 PH 2026-03-07 1533 ED8W 59 1000 AD7OV 59 UT 0
QSO: 21306 PH 2026-03-07 1533 ED8W 59 1000 KC2LXD 59 SC 0
QSO: 21306 PH 2026-03-07 1534 ED8W 59 1000 VA3EXG 59 ON 0
QSO: 28624 PH 2026-03-07 1534 ED8W 59 1000 KC9JML 59 IN 1
QSO: 21306 PH 2026-03-07 1534 ED8W 59 1000 W0IVJ 59 CO 0
QSO: 21306 PH 2026-03-07 1534 ED8W 59 1000 KF2TI 59 NJ 0
QSO: 21306 PH 2026-03-07 1534 ED8W 59 1000 KB7QHT 59 AZ 0
QSO: 28624 PH 2026-03-07 1534 ED8W 59 1000 KI5LS 59 TX 1
QSO: 21306 PH 2026-03-07 1535 ED8W 59 1000 WW1H 59 NC 0
QSO: 28624 PH 2026-03-07 1535 ED8W 59 1000 N9DJ 59 IL 1
QSO: 28624 PH 2026-03-07 1535 ED8W 59 1000 N6RV 59 CA 1
QSO: 21306 PH 2026-03-07 1535 ED8W 59 1000 N8DWB 59 WV 0
QSO: 28624 PH 2026-03-07 1535 ED8W 59 1000 KC4TEO 59 AL 1
QSO: 28624 PH 2026-03-07 1535 ED8W 59 1000 AJ4HP 59 FL 1
QSO: 21306 PH 2026-03-07 1535 ED8W 59 1000 KE2CWJ 59 NY 0
QSO: 28624 PH 2026-03-07 1535 ED8W 59 1000 W2VQ 59 NJ 1
QSO: 21306 PH 2026-03-07 1535 ED8W 59 1000 KM4RKH 59 NC 0
QSO: 28624 PH 2026-03-07 1536 ED8W 59 1000 KE9CPO 59 IN 1
QSO: 28624 PH 2026-03-07 1536 ED8W 59 1000 WD4AB 59 FL 1
QSO: 28624 PH 2026-03-07 1536 ED8W 59 1000 KS5Z 59 TX 1
QSO: 28624 PH 2026-03-07 1536 ED8W 59 1000 WI3W 59 PA 1
QSO: 28624 PH 2026-03-07 1536 ED8W 59 1000 W5KBW 59 OH 1
QSO: 28624 PH 2026-03-07 1537 ED8W 59 1000 KI1G 59 RI 1
QSO: 21306 PH 2026-03-07 1537 ED8W 59 1000 K3VA 59 PA 0
QSO: 28624 PH 2026-03-07 1537 ED8W 59 1000 W0RXC 59 MS 1
QSO: 21306 PH 2026-03-07 1538 ED8W 59 1000 AA8GK 59 MI 0
QSO: 28624 PH 2026-03-07 1538 ED8W 59 1000 W6PH 59 CA 1
QSO: 21306 PH 2026-03-07 1538 ED8W 59 1000 W8BCM 59 MI 0
QSO: 21306 PH 2026-03-07 1538 ED8W 59 1000 K0DG 59 NE 0
QSO: 28624 PH 2026-03-07 1538 ED8W 59 1000 W0BM 59 MN 1
QSO: 21306 PH 2026-03-07 1538 ED8W 59 1000 KG4W 59 VA 0
QSO: 21306 PH 2026-03-07 1539 ED8W 59 1000 K3SNO 59 PA 0
QSO: 28624 PH 2026-03-07 1539 ED8W 59 1000 WA8RCN 59 OH 1
QSO: 28624 PH 2026-03-07 1539 ED8W 59 1000 K5XU 59 MS 1
QSO: 21306 PH 2026-03-07 1539 ED8W 59 1000 KC3LMZ 59 PA 0
QSO: 21306 PH 2026-03-07 1540 ED8W 59 1000 KI1G 59 RI 0
QSO: 28624 PH 2026-03-07 1540 ED8W 59 1000 K2AF 59 NJ 1
QSO: 28624 PH 2026-03-07 1540 ED8W 59 1000 W9XT 59 WI 1
QSO: 21306 PH 2026-03-07 1540 ED8W 59 1000 KJ5GCH 59 TX 0
QSO: 28624 PH 2026-03-07 1540 ED8W 59 1000 WB4CW 59 NC 1
QSO: 28624 PH 2026-03-07 1540 ED8W 59 1000 KC2WUF 59 NJ 1
QSO: 21306 PH 2026-03-07 1540 ED8W 59 1000 N9NUQ 59 IL 0
QSO: 28624 PH 2026-03-07 1541 ED8W 59 1000 WE9R 59 WI 1
QSO: 21306 PH 2026-03-07 1541 ED8W 59 1000 NE1F 59 NH 0
QSO: 21306 PH 2026-03-07 1541 ED8W 59 1000 NF1O 59 NH 0
QSO: 28624 PH 2026-03-07 1541 ED8W 59 1000 WB3IWC 59 PA 1
QSO: 21306 PH 2026-03-07 1541 ED8W 59 1000 KE8MOI 59 MI 0
QSO: 28624 PH 2026-03-07 1541 ED8W 59 1000 AB1MM 59 TX 1
QSO: 21317 PH 2026-03-07 1542 ED8W 59 1000 N9RV 59 MT 0
QSO: 28624 PH 2026-03-07 1542 ED8W 59 1000 W5CPB 59 LA 1
QSO: 28624 PH 2026-03-07 1542 ED8W 59 1000 K3ZV 59 FL 1
QSO: 28624 PH 2026-03-07 1543 ED8W 59 1000 K0NG 59 TN 1
QSO: 28624 PH 2026-03-07 1543 ED8W 59 1000 W5EPL 59 MS 1
QSO: 21306 PH 2026-03-07 1544 ED8W 59 1000 K5MPD 59 OK 0
QSO: 21306 PH 2026-03-07 1544 ED8W 59 1000 K2WK 59 VA 0
QSO: 28624 PH 2026-03-07 1544 ED8W 59 1000 AA4R 59 NC 1
QSO: 21306 PH 2026-03-07 1544 ED8W 59 1000 WC5B 59 OK 0
QSO: 21306 PH 2026-03-07 1544 ED8W 59 1000 KA5CJJ 59 TX 0
QSO: 21306 PH 2026-03-07 1544 ED8W 59 1000 AF0F 59 KS 0
QSO: 28624 PH 2026-03-07 1545 ED8W 59 1000 W2GDJ 59 NY 1
QSO: 21306 PH 2026-03-07 1545 ED8W 59 1000 WB8EVI 59 SC 0
QSO: 21306 PH 2026-03-07 1545 ED8W 59 1000 N5PD 59 MS 0
QSO: 28624 PH 2026-03-07 1546 ED8W 59 1000 W4NZY 59 FL 1
QSO: 28624 PH 2026-03-07 1546 ED8W 59 1000 KD4POP 59 FL 1
QSO: 21306 PH 2026-03-07 1546 ED8W 59 1000 K7WXB 59 UT 0
QSO: 28624 PH 2026-03-07 1547 ED8W 59 1000 NT5V 59 TX 1
QSO: 21306 PH 2026-03-07 1547 ED8W 59 1000 WA4HMR 59 NC 0
QSO: 21306 PH 2026-03-07 1547 ED8W 59 1000 K2NV 59 NY 0
QSO: 28624 PH 2026-03-07 1548 ED8W 59 1000 NV3K 59 PA 1
QSO: 21306 PH 2026-03-07 1548 ED8W 59 1000 KD5UVV 59 MS 0
QSO: 21306 PH 2026-03-07 1548 ED8W 59 1000 KE0Z 59 SD 0
QSO: 21306 PH 2026-03-07 1548 ED8W 59 1000 K0LTL 59 MN 0
QSO: 21306 PH 2026-03-07 1548 ED8W 59 1000 NS0R 59 KS 0
QSO: 21306 PH 2026-03-07 1549 ED8W 59 1000 W2WB 59 NY 0
QSO: 28624 PH 2026-03-07 1549 ED8W 59 1000 K6ES 59 NC 1
QSO: 28624 PH 2026-03-07 1550 ED8W 59 1000 K5KMB 59 CA 1
QSO: 28624 PH 2026-03-07 1550 ED8W 59 1000 WI9H 59 WI 1
QSO: 21306 PH 2026-03-07 1550 ED8W 59 1000 K4DSB 59 FL 0
QSO: 21306 PH 2026-03-07 1550 ED8W 59 1000 N0TTZ 59 WY 0
QSO: 28624 PH 2026-03-07 1550 ED8W 59 1000 KD3ATI 59 PA 1
QSO: 28624 PH 2026-03-07 1551 ED8W 59 1000 WS7X 59 FL 1
QSO: 28624 PH 2026-03-07 1551 ED8W 59 1000 KI5BOM 59 MS 1
QSO: 28624 PH 2026-03-07 1551 ED8W 59 1000 NX2X 59 NY 1
QSO: 21306 PH 2026-03-07 1551 ED8W 59 1000 W8RLW 59 OH 0
QSO: 28624 PH 2026-03-07 1551 ED8W 59 1000 AB2TC 59 NY 1
QSO: 28624 PH 2026-03-07 1552 ED8W 59 1000 N7TJB 59 KY 1
QSO: 28624 PH 2026-03-07 1552 ED8W 59 1000 K2CJ 59 NJ 1
QSO: 28624 PH 2026-03-07 1552 ED8W 59 1000 N5SOL 59 NM 1
QSO: 28624 PH 2026-03-07 1552 ED8W 59 1000 W9KEY 59 WI 1
QSO: 21306 PH 2026-03-07 1553 ED8W 59 1000 K2ZI/4 59 FL 0
QSO: 28624 PH 2026-03-07 1553 ED8W 59 1000 K4CGY 59 VA 1
QSO: 21306 PH 2026-03-07 1553 ED8W 59 1000 KA3HED 59 DE 0
QSO: 28624 PH 2026-03-07 1553 ED8W 59 1000 KD8HE 59 WV 1
QSO: 28624 PH 2026-03-07 1554 ED8W 59 1000 K9XN 59 IN 1
QSO: 28624 PH 2026-03-07 1554 ED8W 59 1000 W6MX 59 CA 1
QSO: 21306 PH 2026-03-07 1554 ED8W 59 1000 KM4PIH 59 FL 0
QSO: 28624 PH 2026-03-07 1554 ED8W 59 1000 W5KWB 59 TX 1
QSO: 28624 PH 2026-03-07 1555 ED8W 59 1000 W9MWI 59 WI 1
QSO: 21306 PH 2026-03-07 1555 ED8W 59 1000 KC9EE 59 IL 0
QSO: 21306 PH 2026-03-07 1555 ED8W 59 1000 K0PG 59 IL 0
QSO: 21306 PH 2026-03-07 1556 ED8W 59 1000 W4IDX 59 AZ 0
QSO: 28624 PH 2026-03-07 1556 ED8W 59 1000 VE3LRL 59 ON 1
QSO: 21306 PH 2026-03-07 1556 ED8W 59 1000 N4WXY 59 FL 0
QSO: 28624 PH 2026-03-07 1556 ED8W 59 1000 WB6EGI 59 CA 1
QSO: 21306 PH 2026-03-07 1557 ED8W 59 1000 N4QI 59 SC 0
QSO: 21306 PH 2026-03-07 1557 ED8W 59 1000 N1RP 59 NH 0
QSO: 28624 PH 2026-03-07 1557 ED8W 59 1000 KE4EA 59 SC 1
QSO: 21306 PH 2026-03-07 1557 ED8W 59 1000 K2MCI 59 NJ 0
QSO: 21189 PH 2026-03-07 1558 ED8W 59 1000 VO2AC 59 LB 0
QSO: 28624 PH 2026-03-07 1558 ED8W 59 1000 N4ILE 59 FL 1
QSO: 28624 PH 2026-03-07 1558 ED8W 59 1000 WB8BZK 59 IL 1
QSO: 21306 PH 2026-03-07 1558 ED8W 59 1000 KA8HDE 59 MN 0
QSO: 21306 PH 2026-03-07 1559 ED8W 59 1000 WA3IHV 59 CA 0
QSO: 28624 PH 2026-03-07 1559 ED8W 59 1000 K7WP 59 AZ 1
QSO: 28624 PH 2026-03-07 1600 ED8W 59 1000 KE2ELI 59 NY 1
QSO: 21306 PH 2026-03-07 1600 ED8W 59 1000 KV1J 59 ME 0
QSO: 28624 PH 2026-03-07 1600 ED8W 59 1000 W2GS 59 MS 1
QSO: 28624 PH 2026-03-07 1600 ED8W 59 1000 N4WXY 59 FL 1
QSO: 21306 PH 2026-03-07 1600 ED8W 59 1000 WA2QAU 59 NY 0
QSO: 28624 PH 2026-03-07 1600 ED8W 59 1000 W6UL 59 CA 1
QSO: 28624 PH 2026-03-07 1601 ED8W 59 1000 K6ACW 59 CA 1
QSO: 28624 PH 2026-03-07 1602 ED8W 59 1000 KC2VPE 59 NJ 1
QSO: 28624 PH 2026-03-07 1602 ED8W 59 1000 VE3NFN 59 ON 1
QSO: 21306 PH 2026-03-07 1602 ED8W 59 1000 KY0Q 59 IL 0
QSO: 21306 PH 2026-03-07 1602 ED8W 59 1000 W1WH 59 MA 0
QSO: 28624 PH 2026-03-07 1602 ED8W 59 1000 VE3YAA 59 ON 1
QSO: 28624 PH 2026-03-07 1603 ED8W 59 1000 AE9L 59 IL 1
QSO: 21306 PH 2026-03-07 1603 ED8W 59 1000 N2MEE 59 NY 0
QSO: 28624 PH 2026-03-07 1603 ED8W 59 1000 WN8Y 59 TN 1
QSO: 28624 PH 2026-03-07 1603 ED8W 59 1000 K9WO 59 WI 1
QSO: 28624 PH 2026-03-07 1603 ED8W 59 1000 KR4EJY 59 FL 1
QSO: 28624 PH 2026-03-07 1604 ED8W 59 1000 K9BN 59 IL 1
QSO: 21306 PH 2026-03-07 1604 ED8W 59 1000 K0SIX 59 MN 0
QSO: 28624 PH 2026-03-07 1604 ED8W 59 1000 ND1X 59 CT 1
QSO: 21306 PH 2026-03-07 1604 ED8W 59 1000 K6XX 59 CA 0
QSO: 21306 PH 2026-03-07 1604 ED8W 59 1000 K1XHX 59 RI 0
QSO: 21306 PH 2026-03-07 1604 ED8W 59 1000 K6ACW 59 CA 0
QSO: 28624 PH 2026-03-07 1604 ED8W 59 1000 K9PW 59 IL 1
QSO: 21306 PH 2026-03-07 1605 ED8W 59 1000 WT9U 59 IN 0
QSO: 28624 PH 2026-03-07 1605 ED8W 59 1000 KG5RJ 59 TX 1
QSO: 28624 PH 2026-03-07 1605 ED8W 59 1000 KA2KON 59 NH 1
QSO: 21306 PH 2026-03-07 1605 ED8W 59 1000 N6YMM 59 SC 0
QSO: 28624 PH 2026-03-07 1605 ED8W 59 1000 W4ZY 59 FL 1
QSO: 21306 PH 2026-03-07 1605 ED8W 59 1000 W8RID 59 OH 0
QSO: 28624 PH 2026-03-07 1606 ED8W 59 1000 KF4PPI 59 FL 1
QSO: 21306 PH 2026-03-07 1606 ED8W 59 1000 VE5MX 59 SK 0
QSO: 28624 PH 2026-03-07 1606 ED8W 59 1000 AG4Q 59 MD 1
QSO: 21306 PH 2026-03-07 1606 ED8W 59 1000 K4NH 59 AL 0
QSO: 28624 PH 2026-03-07 1606 ED8W 59 1000 AD6WL 59 CA 1
QSO: 28624 PH 2026-03-07 1607 ED8W 59 1000 W5ORC 59 MS 1
QSO: 28624 PH 2026-03-07 1607 ED8W 59 1000 AC2PT 59 NJ 1
QSO: 21306 PH 2026-03-07 1607 ED8W 59 1000 KN4CED 59 VA 0
QSO: 28624 PH 2026-03-07 1607 ED8W 59 1000 W9JAB 59 AR 1
QSO: 28624 PH 2026-03-07 1608 ED8W 59 1000 KJ4UGO 59 AL 1
QSO: 21306 PH 2026-03-07 1608 ED8W 59 1000 KE8NSI 59 OH 0
QSO: 28624 PH 2026-03-07 1608 ED8W 59 1000 KC3HXF 59 PA 1
QSO: 28624 PH 2026-03-07 1608 ED8W 59 1000 VA3OOL 59 ON 1
QSO: 21306 PH 2026-03-07 1609 ED8W 59 1000 WQ6L 59 CA 0
QSO: 28624 PH 2026-03-07 1609 ED8W 59 1000 KD2EFR 59 NY 1
QSO: 21306 PH 2026-03-07 1609 ED8W 59 1000 NW6P 59 CA 0
QSO: 28624 PH 2026-03-07 1609 ED8W 59 1000 N1MHV 59 GA 1
QSO: 21306 PH 2026-03-07 1609 ED8W 59 1000 KC9BPE 59 IN 0
QSO: 21306 PH 2026-03-07 1610 ED8W 59 1000 W0YK 59 CA 0
QSO: 21306 PH 2026-03-07 1610 ED8W 59 1000 K4BDX 59 NC 0
QSO: 21306 PH 2026-03-07 1610 ED8W 59 1000 K2EP 59 NY 0
QSO: 21306 PH 2026-03-07 1610 ED8W 59 1000 WK2H 59 NY 0
QSO: 28624 PH 2026-03-07 1611 ED8W 59 1000 WB2AMU 59 NY 1
QSO: 21306 PH 2026-03-07 1611 ED8W 59 1000 W5ABA 59 NM 0
QSO: 21306 PH 2026-03-07 1611 ED8W 59 1000 W8LLC 59 MI 0
QSO: 28624 PH 2026-03-07 1611 ED8W 59 1000 KB6QPI/W4 59 FL 1
QSO: 28624 PH 2026-03-07 1611 ED8W 59 1000 WA2AAW 59 NY 1
QSO: 28624 PH 2026-03-07 1611 ED8W 59 1000 KC2G 59 NJ 1
QSO: 28624 PH 2026-03-07 1611 ED8W 59 1000 KA1DCB 59 NH 1
QSO: 28624 PH 2026-03-07 1612 ED8W 59 1000 N8YBA 59 MI 1
QSO: 28624 PH 2026-03-07 1612 ED8W 59 1000 K3WA 59 NC 1
QSO: 28624 PH 2026-03-07 1612 ED8W 59 1000 AA2NJ 59 NY 1
QSO: 21306 PH 2026-03-07 1612 ED8W 59 1000 K1EAR 59 SD 0
QSO: 28624 PH 2026-03-07 1612 ED8W 59 1000 W9AV 59 WI 1
QSO: 28624 PH 2026-03-07 1612 ED8W 59 1000 W2VTB 59 NJ 1
QSO: 21306 PH 2026-03-07 1613 ED8W 59 1000 N6AA 59 CA 0
QSO: 21306 PH 2026-03-07 1613 ED8W 59 1000 N9LQ 59 IL 0
QSO: 28624 PH 2026-03-07 1614 ED8W 59 1000 K6HLC 59 VA 1
QSO: 28624 PH 2026-03-07 1614 ED8W 59 1000 WB3X 59 SC 1
QSO: 21306 PH 2026-03-07 1614 ED8W 59 1000 N6JW 59 CA 0
QSO: 28624 PH 2026-03-07 1615 ED8W 59 1000 KC2QVD 59 NC 1
QSO: 21306 PH 2026-03-07 1615 ED8W 59 1000 VE5ZX 59 SK 0
QSO: 28624 PH 2026-03-07 1615 ED8W 59 1000 N9GH 59 WI 1
QSO: 21306 PH 2026-03-07 1615 ED8W 59 1000 K1BIF 59 VT 0
QSO: 21306 PH 2026-03-07 1615 ED8W 59 1000 KB9JCZ 59 IL 0
QSO: 28624 PH 2026-03-07 1616 ED8W 59 1000 NQ1C 59 MA 1
QSO: 28624 PH 2026-03-07 1616 ED8W 59 1000 N3ATQ 59 PA 1
QSO: 21306 PH 2026-03-07 1617 ED8W 59 1000 K9WO 59 WI 0
QSO: 28624 PH 2026-03-07 1617 ED8W 59 1000 W6QU 59 CA 1
QSO: 28624 PH 2026-03-07 1617 ED8W 59 1000 AB1JV 59 RI 1
QSO: 28624 PH 2026-03-07 1618 ED8W 59 1000 NO5Z 59 NM 1
QSO: 21306 PH 2026-03-07 1618 ED8W 59 1000 N3HRO 59 PA 0
QSO: 28624 PH 2026-03-07 1618 ED8W 59 1000 AE4CL 59 NC 1
QSO: 28624 PH 2026-03-07 1618 ED8W 59 1000 N1RP 59 NH 1
QSO: 21306 PH 2026-03-07 1619 ED8W 59 1000 VE2HTC 59 QC 0
QSO: 28624 PH 2026-03-07 1619 ED8W 59 1000 N9ITB 59 IN 1
QSO: 28624 PH 2026-03-07 1619 ED8W 59 1000 W0ZB 59 MO 1
QSO: 28624 PH 2026-03-07 1620 ED8W 59 1000 KI4DT 59 FL 1
QSO: 21306 PH 2026-03-07 1620 ED8W 59 1000 W9KEY 59 WI 0
QSO: 28624 PH 2026-03-07 1620 ED8W 59 1000 K2LIO 59 FL 1
QSO: 21306 PH 2026-03-07 1620 ED8W 59 1000 W2CN 59 NJ 0
QSO: 28624 PH 2026-03-07 1621 ED8W 59 1000 KK7MBX 59 AZ 1
QSO: 21306 PH 2026-03-07 1621 ED8W 59 1000 K7QA 59 MT 0
QSO: 28624 PH 2026-03-07 1621 ED8W 59 1000 W4SEK 59 NJ 1
QSO: 28624 PH 2026-03-07 1621 ED8W 59 1000 W4HRL 59 VA 1
QSO: 28624 PH 2026-03-07 1622 ED8W 59 1000 K6KM 59 CA 1
QSO: 28624 PH 2026-03-07 1622 ED8W 59 1000 N2DGT 59 NY 1
QSO: 21306 PH 2026-03-07 1622 ED8W 59 1000 N3UA 59 VA 0
QSO: 21306 PH 2026-03-07 1622 ED8W 59 1000 K3AU 59 MD 0
QSO: 21306 PH 2026-03-07 1622 ED8W 59 1000 VE6PR 59 AB 0
QSO: 28624 PH 2026-03-07 1622 ED8W 59 1000 N1WEN 59 MA 1
QSO: 28624 PH 2026-03-07 1623 ED8W 59 1000 KE9BBQ 59 IN 1
QSO: 21306 PH 2026-03-07 1623 ED8W 59 1000 W1FM 59 MA 0
QSO: 28624 PH 2026-03-07 1623 ED8W 59 1000 K8VC 59 MI 1
QSO: 21306 PH 2026-03-07 1623 ED8W 59 1000 KB8PKC 59 WV 0
QSO: 28624 PH 2026-03-07 1623 ED8W 59 1000 W3OU 59 MD 1
QSO: 28624 PH 2026-03-07 1624 ED8W 59 1000 KB0V 59 IL 1
QSO: 28624 PH 2026-03-07 1624 ED8W 59 1000 W2ZDP 59 NC 1
QSO: 21306 PH 2026-03-07 1624 ED8W 59 1000 KC2NGH 59 NJ 0
QSO: 21306 PH 2026-03-07 1625 ED8W 59 1000 KA1VF 59 MA 0
QSO: 21306 PH 2026-03-07 1625 ED8W 59 1000 KC2DPF 59 VA 0
QSO: 28624 PH 2026-03-07 1625 ED8W 59 1000 AD2HK 59 NJ 1
QSO: 21306 PH 2026-03-07 1626 ED8W 59 1000 W9ODE 59 IL 0
QSO: 28624 PH 2026-03-07 1626 ED8W 59 1000 N2YG 59 NY 1
QSO: 21306 PH 2026-03-07 1626 ED8W 59 1000 AA2MU 59 NY 0
QSO: 28624 PH 2026-03-07 1626 ED8W 59 1000 WW2P 59 NY 1
QSO: 28624 PH 2026-03-07 1626 ED8W 59 1000 W6KH 59 CA 1
QSO: 28624 PH 2026-03-07 1627 ED8W 59 1000 VE3YZ 59 ON 1
QSO: 21306 PH 2026-03-07 1627 ED8W 59 1000 W5MWS 59 TX 0
QSO: 21306 PH 2026-03-07 1628 ED8W 59 1000 WB4CS 59 AL 0
QSO: 28624 PH 2026-03-07 1628 ED8W 59 1000 W6YA 59 CA 1
QSO: 28624 PH 2026-03-07 1628 ED8W 59 1000 WS9M 59 NY 1
QSO: 21306 PH 2026-03-07 1628 ED8W 59 1000 W3JJL 59 PA 0
QSO: 28624 PH 2026-03-07 1628 ED8W 59 1000 N2JJ 59 NY 1
QSO: 21306 PH 2026-03-07 1628 ED8W 59 1000 VA3WU 59 ON 0
QSO: 28624 PH 2026-03-07 1629 ED8W 59 1000 KB2HSP 59 NJ 1
QSO: 21306 PH 2026-03-07 1629 ED8W 59 1000 KD2RPX 59 CO 0
QSO: 28624 PH 2026-03-07 1629 ED8W 59 1000 W4DUK 59 VA 1
QSO: 28624 PH 2026-03-07 1630 ED8W 59 1000 WB8JUI 59 OH 1
QSO: 21306 PH 2026-03-07 1630 ED8W 59 1000 W1KOM 59 TN 0
QSO: 28624 PH 2026-03-07 1630 ED8W 59 1000 VE3UTA 59 ON 1
QSO: 21306 PH 2026-03-07 1631 ED8W 59 1000 K2CJ 59 NJ 0
QSO: 28624 PH 2026-03-07 1631 ED8W 59 1000 K6MUQ 59 TN 1
QSO: 28624 PH 2026-03-07 1632 ED8W 59 1000 WT9U 59 IN 1
QSO: 21306 PH 2026-03-07 1632 ED8W 59 1000 K0LTL 59 MN 0
QSO: 21306 PH 2026-03-07 1632 ED8W 59 1000 K1BJC 59 MN 0
QSO: 21306 PH 2026-03-07 1632 ED8W 59 1000 K0JJR 59 MN 0
QSO: 28624 PH 2026-03-07 1633 ED8W 59 1000 N4CF 59 VA 1
QSO: 21306 PH 2026-03-07 1633 ED8W 59 1000 KK5TY 59 TX 0
QSO: 21306 PH 2026-03-07 1633 ED8W 59 1000 KC3JNW 59 PA 0
QSO: 28624 PH 2026-03-07 1633 ED8W 59 1000 K1PJ 59 FL 1
QSO: 28624 PH 2026-03-07 1634 ED8W 59 1000 N4ALN 59 FL 1
QSO: 28624 PH 2026-03-07 1634 ED8W 59 1000 KG5RPZ 59 LA 1
QSO: 21306 PH 2026-03-07 1634 ED8W 59 1000 W6WZZ 59 CA 0
QSO: 28624 PH 2026-03-07 1635 ED8W 59 1000 W1NT 59 NH 1
QSO: 28624 PH 2026-03-07 1635 ED8W 59 1000 W6DVS 59 NC 1
QSO: 28624 PH 2026-03-07 1635 ED8W 59 1000 N0MDH 59 NJ 1
QSO: 28624 PH 2026-03-07 1635 ED8W 59 1000 WB3EFP 59 PA 1
QSO: 21428 PH 2026-03-07 1636 ED8W 59 1000 W7RM 59 OR 0
QSO: 21306 PH 2026-03-07 1636 ED8W 59 1000 KC0V 59 CO 0
QSO: 28624 PH 2026-03-07 1637 ED8W 59 1000 KB3Z 59 PA 1
QSO: 28624 PH 2026-03-07 1637 ED8W 59 1000 KR4HVV 59 VA 1
QSO: 28624 PH 2026-03-07 1637 ED8W 59 1000 AA3C 59 TX 1
QSO: 21306 PH 2026-03-07 1637 ED8W 59 1000 N7GFB 59 NC 0
QSO: 21306 PH 2026-03-07 1638 ED8W 59 1000 K8GB 59 MI 0
QSO: 21306 PH 2026-03-07 1638 ED8W 59 1000 K2EJ 59 MD 0
QSO: 28624 PH 2026-03-07 1639 ED8W 59 1000 KQ4SXW 59 FL 1
QSO: 28624 PH 2026-03-07 1639 ED8W 59 1000 W4NZ 59 TN 1
QSO: 28624 PH 2026-03-07 1639 ED8W 59 1000 WD8KLL 59 MI 1
QSO: 28624 PH 2026-03-07 1639 ED8W 59 1000 N9LQ 59 IL 1
QSO: 21306 PH 2026-03-07 1639 ED8W 59 1000 K3BFQ 59 PA 0
QSO: 28624 PH 2026-03-07 1639 ED8W 59 1000 KE5CV 59 TX 1
QSO: 28624 PH 2026-03-07 1640 ED8W 59 1000 KB5TEA 59 TX 1
QSO: 28624 PH 2026-03-07 1640 ED8W 59 1000 W2GJF 59 NY 1
QSO: 28624 PH 2026-03-07 1640 ED8W 59 1000 N9RP 59 WI 1
QSO: 21306 PH 2026-03-07 1640 ED8W 59 1000 KR4HNX 59 NC 0
QSO: 28624 PH 2026-03-07 1640 ED8W 59 1000 NE5L 59 MS 1
QSO: 21306 PH 2026-03-07 1640 ED8W 59 1000 N5DIT 59 TX 0
QSO: 28624 PH 2026-03-07 1640 ED8W 59 1000 KA2YEG 59 NY 1
QSO: 28624 PH 2026-03-07 1641 ED8W 59 1000 W1JIM 59 MA 1
QSO: 28624 PH 2026-03-07 1641 ED8W 59 1000 KX1W 59 NJ 1
QSO: 21306 PH 2026-03-07 1642 ED8W 59 1000 W4LFD 59 FL 0
QSO: 21306 PH 2026-03-07 1642 ED8W 59 1000 NU1D 59 ME 0
QSO: 28624 PH 2026-03-07 1643 ED8W 59 1000 KM4MDR 59 NC 1
QSO: 21306 PH 2026-03-07 1643 ED8W 59 1000 AF7NX 59 OR 0
QSO: 28624 PH 2026-03-07 1643 ED8W 59 1000 W1FM 59 MA 1
QSO: 21306 PH 2026-03-07 1643 ED8W 59 1000 W4JJF 59 NC 0
QSO: 21306 PH 2026-03-07 1644 ED8W 59 1000 W9ILY 59 IL 0
QSO: 21306 PH 2026-03-07 1644 ED8W 59 1000 K1WAS 59 CT 0
QSO: 21306 PH 2026-03-07 1644 ED8W 59 1000 WX7Z 59 ID 0
QSO: 28624 PH 2026-03-07 1644 ED8W 59 1000 K4PZZ 59 VA 1
QSO: 21306 PH 2026-03-07 1645 ED8W 59 1000 K4RUM 59 NY 0
QSO: 28624 PH 2026-03-07 1645 ED8W 59 1000 KM4C 59 NC 1
QSO: 21306 PH 2026-03-07 1645 ED8W 59 1000 W7PEB 59 OR 0
QSO: 21306 PH 2026-03-07 1645 ED8W 59 1000 N7DX 59 WA 0
QSO: 28624 PH 2026-03-07 1645 ED8W 59 1000 K8DP 59 MI 1
QSO: 21306 PH 2026-03-07 1645 ED8W 59 1000 N2HMM 59 NJ 0
QSO: 28624 PH 2026-03-07 1645 ED8W 59 1000 KG9X 59 IL 1
QSO: 21306 PH 2026-03-07 1646 ED8W 59 1000 K0OP 59 ND 0
QSO: 28624 PH 2026-03-07 1646 ED8W 59 1000 KE3X 59 DC 1
QSO: 21306 PH 2026-03-07 1646 ED8W 59 1000 WA7TT 59 ID 0
QSO: 28624 PH 2026-03-07 1646 ED8W 59 1000 N3OXP 59 DE 1
QSO: 21306 PH 2026-03-07 1646 ED8W 59 1000 VA3OOL 59 ON 0
QSO: 21306 PH 2026-03-07 1646 ED8W 59 1000 N7WY 59 MO 0
QSO: 28624 PH 2026-03-07 1647 ED8W 59 1000 N1EP 59 ME 1
QSO: 21306 PH 2026-03-07 1647 ED8W 59 1000 K7RI 59 WA 0
QSO: 28624 PH 2026-03-07 1647 ED8W 59 1000 NZ8V 59 MI 1
QSO: 21306 PH 2026-03-07 1647 ED8W 59 1000 N3MON 59 PA 0
QSO: 28624 PH 2026-03-07 1647 ED8W 59 1000 KK7PZE 59 AZ 1
QSO: 21306 PH 2026-03-07 1647 ED8W 59 1000 NR5T 59 MS 0
QSO: 21306 PH 2026-03-07 1648 ED8W 59 1000 W4OT 59 FL 0
QSO: 28624 PH 2026-03-07 1648 ED8W 59 1000 KR4CSE 59 FL 1
QSO: 28624 PH 2026-03-07 1648 ED8W 59 1000 WA8YVF 59 NC 1
QSO: 28624 PH 2026-03-07 1648 ED8W 59 1000 KA3FZN 59 PA 1
QSO: 28624 PH 2026-03-07 1648 ED8W 59 1000 N3UUS 59 MI 1
QSO: 28624 PH 2026-03-07 1649 ED8W 59 1000 KB3RN 59 PA 1
QSO: 28624 PH 2026-03-07 1649 ED8W 59 1000 WB0AAQ 59 FL 1
QSO: 28624 PH 2026-03-07 1649 ED8W 59 1000 N4QI 59 SC 1
QSO: 21306 PH 2026-03-07 1650 ED8W 59 1000 N7JI 59 OR 0
QSO: 21306 PH 2026-03-07 1650 ED8W 59 1000 VE4SG 59 MB 0
QSO: 28624 PH 2026-03-07 1650 ED8W 59 1000 KQ4ONV 59 SC 1
QSO: 28624 PH 2026-03-07 1651 ED8W 59 1000 K4XL 59 VA 1
QSO: 21306 PH 2026-03-07 1651 ED8W 59 1000 K4VV 59 FL 0
QSO: 28624 PH 2026-03-07 1651 ED8W 59 1000 N0KWA 59 LA 1
QSO: 21306 PH 2026-03-07 1651 ED8W 59 1000 W5ORC 59 MS 0
QSO: 28624 PH 2026-03-07 1651 ED8W 59 1000 KB2YEW 59 NC 1
QSO: 28624 PH 2026-03-07 1651 ED8W 59 1000 KS3F 59 PA 1
QSO: 28624 PH 2026-03-07 1651 ED8W 59 1000 KB9OZI 59 IN 1
QSO: 21306 PH 2026-03-07 1651 ED8W 59 1000 KG4WDX 59 NC 0
QSO: 21306 PH 2026-03-07 1652 ED8W 59 1000 KA0PQW 59 MN 0
QSO: 28624 PH 2026-03-07 1652 ED8W 59 1000 KO5V 59 NM 1
QSO: 21306 PH 2026-03-07 1652 ED8W 59 1000 KC5RFU 59 FL 0
QSO: 28624 PH 2026-03-07 1652 ED8W 59 1000 KC9EOQ 59 IL 1
QSO: 28624 PH 2026-03-07 1653 ED8W 59 1000 WA1S 59 FL 1
QSO: 21306 PH 2026-03-07 1653 ED8W 59 1000 VE7ZO 59 BC 0
QSO: 21306 PH 2026-03-07 1653 ED8W 59 1000 KC2QVD 59 NC 0
QSO: 28624 PH 2026-03-07 1653 ED8W 59 1000 WA3IHV 59 CA 1
QSO: 28624 PH 2026-03-07 1654 ED8W 59 1000 W7RM 59 OR 1
QSO: 28624 PH 2026-03-07 1654 ED8W 59 1000 W8GX 59 MI 1
QSO: 28624 PH 2026-03-07 1654 ED8W 59 1000 K3ND 59 PA 1
QSO: 28624 PH 2026-03-07 1654 ED8W 59 1000 N8WXQ 59 PA 1
QSO: 21306 PH 2026-03-07 1654 ED8W 59 1000 N1DRS 59 MA 0
QSO: 21306 PH 2026-03-07 1655 ED8W 59 1000 K2QB 59 NY 0
QSO: 21306 PH 2026-03-07 1655 ED8W 59 1000 K0XF 59 CO 0
QSO: 21306 PH 2026-03-07 1655 ED8W 59 1000 VA3PMH 59 ON 0
QSO: 28624 PH 2026-03-07 1656 ED8W 59 1000 VA2SJ 59 QC 1
QSO: 28624 PH 2026-03-07 1656 ED8W 59 1000 KE4HVR 59 VA 1
QSO: 28624 PH 2026-03-07 1657 ED8W 59 1000 K4NH 59 AL 1
QSO: 21306 PH 2026-03-07 1657 ED8W 59 1000 KJ5JYJ 59 TX 0
QSO: 28624 PH 2026-03-07 1657 ED8W 59 1000 KA2MPC 59 NJ 1
QSO: 28624 PH 2026-03-07 1657 ED8W 59 1000 N3RC 59 CA 1
QSO: 28624 PH 2026-03-07 1658 ED8W 59 1000 N3RM 59 PA 1
QSO: 21306 PH 2026-03-07 1658 ED8W 59 1000 K7DHX 59 NV 0
QSO: 28624 PH 2026-03-07 1658 ED8W 59 1000 K3TN 59 MD 1
QSO: 21306 PH 2026-03-07 1658 ED8W 59 1000 W2DON 59 CA 0
QSO: 21306 PH 2026-03-07 1658 ED8W 59 1000 AI5SF 59 OK 0
QSO: 28624 PH 2026-03-07 1658 ED8W 59 1000 KT4LST 59 FL 1
QSO: 28624 PH 2026-03-07 1658 ED8W 59 1000 K7UWR 59 GA 1
QSO: 21306 PH 2026-03-07 1659 ED8W 59 1000 W9USO 59 WI 0
QSO: 28624 PH 2026-03-07 1659 ED8W 59 1000 WC8VOA 59 OH 1
QSO: 28624 PH 2026-03-07 1659 ED8W 59 1000 KO9Y 59 IL 1
QSO: 21306 PH 2026-03-07 1659 ED8W 59 1000 K1TH 59 MA 0
QSO: 28624 PH 2026-03-07 1659 ED8W 59 1000 K0YR 59 MN 1
QSO: 28624 PH 2026-03-07 1700 ED8W 59 1000 W2TLI 59 FL 1
QSO: 28624 PH 2026-03-07 1700 ED8W 59 1000 AA4E 59 SC 1
QSO: 21306 PH 2026-03-07 1700 ED8W 59 1000 K2OQA 59 NJ 0
QSO: 21306 PH 2026-03-07 1701 ED8W 59 1000 WA1S 59 FL 0
QSO: 28624 PH 2026-03-07 1701 ED8W 59 1000 W0YK 59 CA 1
QSO: 28624 PH 2026-03-07 1702 ED8W 59 1000 N2WF 59 GA 1
QSO: 28624 PH 2026-03-07 1702 ED8W 59 1000 KF8CTG 59 OH 1
QSO: 21306 PH 2026-03-07 1702 ED8W 59 1000 W7YAQ 59 OR 0
QSO: 28624 PH 2026-03-07 1703 ED8W 59 1000 W7LG 59 PA 1
QSO: 28624 PH 2026-03-07 1703 ED8W 59 1000 KS4RF 59 GA 1
QSO: 28624 PH 2026-03-07 1703 ED8W 59 1000 K3LT 59 DE 1
QSO: 28624 PH 2026-03-07 1703 ED8W 59 1000 KB0CFD 59 IA 1
QSO: 21306 PH 2026-03-07 1703 ED8W 59 1000 K0AOZ 59 MN 0
QSO: 28624 PH 2026-03-07 1704 ED8W 59 1000 K5SST 59 TX 1
QSO: 28624 PH 2026-03-07 1704 ED8W 59 1000 W3MAX 59 DE 1
QSO: 21306 PH 2026-03-07 1704 ED8W 59 1000 WW3HAM 59 PA 0
QSO: 28624 PH 2026-03-07 1705 ED8W 59 1000 K1LHO 59 CT 1
QSO: 28624 PH 2026-03-07 1705 ED8W 59 1000 VA3WU 59 ON 1
QSO: 21306 PH 2026-03-07 1705 ED8W 59 1000 K7VJ 59 UT 0
QSO: 28624 PH 2026-03-07 1705 ED8W 59 1000 N0VRM 59 MN 1
QSO: 21306 PH 2026-03-07 1705 ED8W 59 1000 KX1X 59 MA 0
QSO: 21306 PH 2026-03-07 1706 ED8W 59 1000 KD8FS 59 MI 0
QSO: 28624 PH 2026-03-07 1706 ED8W 59 1000 W3JJ 59 NY 1
QSO: 28624 PH 2026-03-07 1706 ED8W 59 1000 N3HRO 59 PA 1
QSO: 21306 PH 2026-03-07 1706 ED8W 59 1000 W8LYO 59 OH 0
QSO: 28624 PH 2026-03-07 1706 ED8W 59 1000 W8EH 59 OH 1
QSO: 21306 PH 2026-03-07 1706 ED8W 59 1000 N1FTP 59 MA 0
QSO: 28624 PH 2026-03-07 1706 ED8W 59 1000 KG5JCK 59 TX 1
QSO: 21306 PH 2026-03-07 1707 ED8W 59 1000 KD6HOF 59 CA 0
QSO: 21306 PH 2026-03-07 1707 ED8W 59 1000 K4WRW 59 SC 0
QSO: 21306 PH 2026-03-07 1707 ED8W 59 1000 N5VHT 59 LA 0
QSO: 28624 PH 2026-03-07 1708 ED8W 59 1000 NA8V 59 MI 1
QSO: 21306 PH 2026-03-07 1708 ED8W 59 1000 AA2CN 59 NJ 0
QSO: 28624 PH 2026-03-07 1708 ED8W 59 1000 N4IJ 59 NC 1
QSO: 21306 PH 2026-03-07 1708 ED8W 59 1000 N4ALN 59 FL 0
QSO: 28624 PH 2026-03-07 1709 ED8W 59 1000 N0UR 59 MN 1
QSO: 28624 PH 2026-03-07 1710 ED8W 59 1000 KE2CWJ 59 NY 1
QSO: 21306 PH 2026-03-07 1710 ED8W 59 1000 W8NFM 59 OH 0
QSO: 28626 PH 2026-03-07 1711 ED8W 59 1000 KA1ZE 59 FL 1
QSO: 28626 PH 2026-03-07 1711 ED8W 59 1000 NQ9N 59 WI 1
QSO: 28626 PH 2026-03-07 1711 ED8W 59 1000 N9GXA 59 IN 1
QSO: 21306 PH 2026-03-07 1711 ED8W 59 1000 K3ND 59 PA 0
QSO: 28626 PH 2026-03-07 1712 ED8W 59 1000 K0AD 59 MN 1
QSO: 21306 PH 2026-03-07 1712 ED8W 59 1000 VE6RST 59 AB 0
QSO: 28626 PH 2026-03-07 1712 ED8W 59 1000 KA0WWT 59 NV 1
QSO: 28626 PH 2026-03-07 1712 ED8W 59 1000 N3GB 59 FL 1
QSO: 28626 PH 2026-03-07 1712 ED8W 59 1000 AE5T 59 LA 1
QSO: 21306 PH 2026-03-07 1713 ED8W 59 1000 K4ZGV 59 SC 0
QSO: 28626 PH 2026-03-07 1713 ED8W 59 1000 W6LFB 59 TX 1
QSO: 28626 PH 2026-03-07 1713 ED8W 59 1000 K8LF 59 VA 1
QSO: 21306 PH 2026-03-07 1713 ED8W 59 1000 K7WAX 59 AR 0
QSO: 28626 PH 2026-03-07 1713 ED8W 59 1000 N4BWW 59 GA 1
QSO: 21306 PH 2026-03-07 1713 ED8W 59 1000 W4OX 59 FL 0
QSO: 28626 PH 2026-03-07 1714 ED8W 59 1000 KE9ANJ 59 IN 1
QSO: 28626 PH 2026-03-07 1714 ED8W 59 1000 KC3II 59 PA 1
QSO: 28626 PH 2026-03-07 1714 ED8W 59 1000 KM7SAD 59 PA 1
QSO: 28626 PH 2026-03-07 1714 ED8W 59 1000 KD4ULW 59 IN 1
QSO: 21306 PH 2026-03-07 1714 ED8W 59 1000 KN2D 59 FL 0
QSO: 28626 PH 2026-03-07 1715 ED8W 59 1000 WA2MZX 59 FL 1
QSO: 28626 PH 2026-03-07 1715 ED8W 59 1000 K7XE 59 CA 1
QSO: 21306 PH 2026-03-07 1715 ED8W 59 1000 W0ZQ 59 MN 0
QSO: 28626 PH 2026-03-07 1715 ED8W 59 1000 N8EWB 59 WV 1
QSO: 21306 PH 2026-03-07 1716 ED8W 59 1000 N8UKD 59 MI 0
QSO: 28626 PH 2026-03-07 1716 ED8W 59 1000 KI5TEB 59 TX 1
QSO: 28626 PH 2026-03-07 1716 ED8W 59 1000 WB8THH 59 MI 1
QSO: 21306 PH 2026-03-07 1716 ED8W 59 1000 W5GAD 59 LA 0
QSO: 21306 PH 2026-03-07 1716 ED8W 59 1000 W7EF 59 AZ 0
QSO: 28626 PH 2026-03-07 1716 ED8W 59 1000 KF4UFO 59 NC 1
QSO: 21306 PH 2026-03-07 1717 ED8W 59 1000 K0NG 59 TN 0
QSO: 28626 PH 2026-03-07 1717 ED8W 59 1000 K8ZM 59 OH 1
QSO: 28626 PH 2026-03-07 1717 ED8W 59 1000 W6JWP 59 CA 1
QSO: 21306 PH 2026-03-07 1717 ED8W 59 1000 K9OM 59 FL 0
QSO: 28626 PH 2026-03-07 1717 ED8W 59 1000 N4OX 59 FL 1
QSO: 28626 PH 2026-03-07 1717 ED8W 59 1000 VA3PMH 59 ON 1
QSO: 21306 PH 2026-03-07 1717 ED8W 59 1000 N6SWI 59 AZ 0
QSO: 21306 PH 2026-03-07 1718 ED8W 59 1000 W3MLK 59 DE 0
QSO: 28626 PH 2026-03-07 1718 ED8W 59 1000 N3FMC 59 PA 1
QSO: 21306 PH 2026-03-07 1719 ED8W 59 1000 KW6SA 59 CA 0
QSO: 21306 PH 2026-03-07 1719 ED8W 59 1000 K4GSO 59 FL 0
QSO: 28626 PH 2026-03-07 1719 ED8W 59 1000 W2FDJ 59 NJ 1
QSO: 21306 PH 2026-03-07 1719 ED8W 59 1000 NI3C 59 MD 0
QSO: 28626 PH 2026-03-07 1719 ED8W 59 1000 KM6UH 59 NY 1
QSO: 21306 PH 2026-03-07 1720 ED8W 59 1000 N9RP 59 WI 0
QSO: 28626 PH 2026-03-07 1720 ED8W 59 1000 KK1L 59 VT 1
QSO: 28626 PH 2026-03-07 1720 ED8W 59 1000 K3EWZ 59 PA 1
QSO: 28626 PH 2026-03-07 1720 ED8W 59 1000 W4AJJ 59 FL 1
QSO: 28626 PH 2026-03-07 1720 ED8W 59 1000 KJ6UD 59 CA 1
QSO: 28626 PH 2026-03-07 1721 ED8W 59 1000 AI7GA 59 AZ 1
QSO: 28626 PH 2026-03-07 1722 ED8W 59 1000 W1RCR 59 FL 1
QSO: 28626 PH 2026-03-07 1722 ED8W 59 1000 W4EK 59 GA 1
QSO: 21306 PH 2026-03-07 1722 ED8W 59 1000 KM7AXG 59 AZ 0
QSO: 28626 PH 2026-03-07 1722 ED8W 59 1000 K0RC 59 MN 1
QSO: 28626 PH 2026-03-07 1722 ED8W 59 1000 KA3SDL 59 MD 1
QSO: 28626 PH 2026-03-07 1723 ED8W 59 1000 W2FU 59 NY 1
QSO: 28626 PH 2026-03-07 1723 ED8W 59 1000 W1ATV 59 CT 1
QSO: 28626 PH 2026-03-07 1723 ED8W 59 1000 N8GIE 59 OH 1
QSO: 28626 PH 2026-03-07 1723 ED8W 59 1000 K0CN 59 MN 1
QSO: 28626 PH 2026-03-07 1723 ED8W 59 1000 K4WES 59 NC 1
QSO: 21306 PH 2026-03-07 1723 ED8W 59 1000 KC2TFX 59 NY 0
QSO: 28626 PH 2026-03-07 1723 ED8W 59 1000 N4QNT 59 NC 1
QSO: 28626 PH 2026-03-07 1723 ED8W 59 1000 N5PD 59 MS 1
QSO: 28626 PH 2026-03-07 1724 ED8W 59 1000 WB4KFO 59 VA 1
QSO: 28626 PH 2026-03-07 1724 ED8W 59 1000 WO2E 59 PA 1
QSO: 28626 PH 2026-03-07 1724 ED8W 59 1000 VA3KRJ 59 ON 1
QSO: 28626 PH 2026-03-07 1724 ED8W 59 1000 W8CRR 59 OH 1
QSO: 21306 PH 2026-03-07 1724 ED8W 59 1000 N4EK 59 FL 0
QSO: 28626 PH 2026-03-07 1724 ED8W 59 1000 AK6HU 59 CA 1
QSO: 21306 PH 2026-03-07 1725 ED8W 59 1000 KB8OEJ 59 MI 0
QSO: 28626 PH 2026-03-07 1725 ED8W 59 1000 K8UG 59 OH 1
QSO: 21306 PH 2026-03-07 1725 ED8W 59 1000 NW0X 59 ND 0
QSO: 28626 PH 2026-03-07 1725 ED8W 59 1000 WA1EEJ 59 FL 1
QSO: 28626 PH 2026-03-07 1725 ED8W 59 1000 W9VQ 59 IL 1
QSO: 21306 PH 2026-03-07 1725 ED8W 59 1000 W1DKC 59 PA 0
QSO: 28626 PH 2026-03-07 1725 ED8W 59 1000 W6WB 59 CA 1
QSO: 28626 PH 2026-03-07 1726 ED8W 59 1000 KU8V 59 VA 1
QSO: 21306 PH 2026-03-07 1726 ED8W 59 1000 AE5JE 59 TX 0
QSO: 28626 PH 2026-03-07 1726 ED8W 59 1000 KM4NAP 59 SC 1
QSO: 28626 PH 2026-03-07 1726 ED8W 59 1000 KG4R 59 FL 1
QSO: 21306 PH 2026-03-07 1727 ED8W 59 1000 VA3JBS 59 ON 0
QSO: 28626 PH 2026-03-07 1727 ED8W 59 1000 WA3AER 59 MD 1
QSO: 21306 PH 2026-03-07 1727 ED8W 59 1000 N2JF 59 TN 0
QSO: 28626 PH 2026-03-07 1727 ED8W 59 1000 W3LL 59 MD 1
QSO: 28626 PH 2026-03-07 1728 ED8W 59 1000 KD3AFF 59 DE 1
QSO: 21306 PH 2026-03-07 1728 ED8W 59 1000 N0GES 59 IA 0
QSO: 28626 PH 2026-03-07 1728 ED8W 59 1000 AA4DD 59 TN 1
QSO: 21306 PH 2026-03-07 1728 ED8W 59 1000 WG3C 59 MD 0
QSO: 28626 PH 2026-03-07 1728 ED8W 59 1000 KW6S 59 CA 1
QSO: 28626 PH 2026-03-07 1728 ED8W 59 1000 K0RC 59 MN 1
QSO: 21306 PH 2026-03-07 1728 ED8W 59 1000 K3BAL 59 DE 0
QSO: 28626 PH 2026-03-07 1728 ED8W 59 1000 KK4GEP 59 FL 1
QSO: 21306 PH 2026-03-07 1728 ED8W 59 1000 N4KCD 59 MI 0
QSO: 28626 PH 2026-03-07 1728 ED8W 59 1000 N9GB 59 KS 1
QSO: 28626 PH 2026-03-07 1729 ED8W 59 1000 W0AMP 59 MN 1
QSO: 21306 PH 2026-03-07 1729 ED8W 59 1000 N9DEK 59 IN 0
QSO: 28626 PH 2026-03-07 1729 ED8W 59 1000 KD2KEH 59 NY 1
QSO: 28626 PH 2026-03-07 1729 ED8W 59 1000 K4FQL 59 VA 1
QSO: 28626 PH 2026-03-07 1729 ED8W 59 1000 VA2CZ 59 QC 1
QSO: 21306 PH 2026-03-07 1729 ED8W 59 1000 KE0ITC 59 IA 0
QSO: 28626 PH 2026-03-07 1729 ED8W 59 1000 KF4THL 59 SC 1
QSO: 28626 PH 2026-03-07 1730 ED8W 59 1000 N7IR 59 AZ 1
QSO: 21306 PH 2026-03-07 1730 ED8W 59 1000 N3ZA 59 PA 0
QSO: 21306 PH 2026-03-07 1731 ED8W 59 1000 WB8BZK 59 IL 0
QSO: 28626 PH 2026-03-07 1731 ED8W 59 1000 AB4LD 59 AL 1
QSO: 28626 PH 2026-03-07 1731 ED8W 59 1000 NR0T 59 MN 1
QSO: 21306 PH 2026-03-07 1731 ED8W 59 1000 N9GXA 59 IN 0
QSO: 28626 PH 2026-03-07 1731 ED8W 59 1000 KB9OWD 59 WI 1
QSO: 21306 PH 2026-03-07 1732 ED8W 59 1000 KT4LST 59 FL 0
QSO: 28626 PH 2026-03-07 1732 ED8W 59 1000 WB6RCK 59 CA 1
QSO: 28626 PH 2026-03-07 1732 ED8W 59 1000 KI4BXU 59 VA 1
QSO: 28626 PH 2026-03-07 1732 ED8W 59 1000 KL7YK 59 TX 1
QSO: 28626 PH 2026-03-07 1733 ED8W 59 1000 N4HNX 59 NC 1
QSO: 28626 PH 2026-03-07 1733 ED8W 59 1000 KB1NCR 59 MA 1
QSO: 28626 PH 2026-03-07 1734 ED8W 59 1000 N9UA 59 WI 1
QSO: 28626 PH 2026-03-07 1734 ED8W 59 1000 K0SIX 59 MN 1
QSO: 28626 PH 2026-03-07 1734 ED8W 59 1000 N5CDL 59 TX 1
QSO: 28626 PH 2026-03-07 1734 ED8W 59 1000 K7AP 59 FL 1
QSO: 28626 PH 2026-03-07 1734 ED8W 59 1000 N1TO 59 FL 1
QSO: 28626 PH 2026-03-07 1735 ED8W 59 1000 W1FWS 59 ME 1
QSO: 28626 PH 2026-03-07 1735 ED8W 59 1000 KE9CDM 59 IL 1
QSO: 21281 PH 2026-03-07 1735 ED8W 59 1000 WB3X 59 SC 0
QSO: 28626 PH 2026-03-07 1735 ED8W 59 1000 K0MPH 59 MN 1
QSO: 21281 PH 2026-03-07 1735 ED8W 59 1000 WF4TA 59 GA 0
QSO: 28626 PH 2026-03-07 1736 ED8W 59 1000 AA2CQ 59 PA 1
QSO: 21281 PH 2026-03-07 1736 ED8W 59 1000 N6OKU 59 CA 0
QSO: 28626 PH 2026-03-07 1736 ED8W 59 1000 W1TO 59 MA 1
QSO: 21281 PH 2026-03-07 1736 ED8W 59 1000 K0ARA 59 MO 0
QSO: 28626 PH 2026-03-07 1736 ED8W 59 1000 KC1VZH 59 MA 1
QSO: 28626 PH 2026-03-07 1736 ED8W 59 1000 N8LV 59 OH 1
QSO: 21281 PH 2026-03-07 1736 ED8W 59 1000 K2MTG 59 NJ 0
QSO: 28626 PH 2026-03-07 1736 ED8W 59 1000 W8RMB 59 SC 1
QSO: 21281 PH 2026-03-07 1737 ED8W 59 1000 VE5SF 59 SK 0
QSO: 28626 PH 2026-03-07 1737 ED8W 59 1000 WA4WZQ 59 NC 1
QSO: 21281 PH 2026-03-07 1737 ED8W 59 1000 WA7BNM 59 CA 0
QSO: 28626 PH 2026-03-07 1737 ED8W 59 1000 NQ8C 59 WV 1
QSO: 21281 PH 2026-03-07 1737 ED8W 59 1000 KA3FZN 59 PA 0
QSO: 21281 PH 2026-03-07 1737 ED8W 59 1000 VA3KRJ 59 ON 0
QSO: 28626 PH 2026-03-07 1737 ED8W 59 1000 N5MT 59 LA 1
QSO: 28626 PH 2026-03-07 1738 ED8W 59 1000 KM4P 59 FL 1
QSO: 21281 PH 2026-03-07 1738 ED8W 59 1000 N2YBB 59 NY 0
QSO: 21281 PH 2026-03-07 1738 ED8W 59 1000 WA1EEJ 59 FL 0
QSO: 21281 PH 2026-03-07 1739 ED8W 59 1000 WW7DX 59 AZ 0
QSO: 21281 PH 2026-03-07 1739 ED8W 59 1000 KD4ULW 59 IN 0
QSO: 21281 PH 2026-03-07 1739 ED8W 59 1000 N6TQ 59 CA 0
QSO: 28626 PH 2026-03-07 1740 ED8W 59 1000 KE9WPC 59 IN 1
QSO: 28626 PH 2026-03-07 1740 ED8W 59 1000 W2CN 59 NJ 1
QSO: 21281 PH 2026-03-07 1740 ED8W 59 1000 AA2G 59 NJ 0
QSO: 28626 PH 2026-03-07 1740 ED8W 59 1000 K6NA 59 CA 1
QSO: 28626 PH 2026-03-07 1740 ED8W 59 1000 KB6B 59 CO 1
QSO: 28626 PH 2026-03-07 1741 ED8W 59 1000 K0JJR 59 MN 1
QSO: 28626 PH 2026-03-07 1741 ED8W 59 1000 N1NPQ 59 FL 1
QSO: 28626 PH 2026-03-07 1741 ED8W 59 1000 VE3ZZX 59 ON 1
QSO: 21281 PH 2026-03-07 1741 ED8W 59 1000 K7SS 59 WA 0
QSO: 21281 PH 2026-03-07 1741 ED8W 59 1000 K2UU 59 NY 0
QSO: 28626 PH 2026-03-07 1741 ED8W 59 1000 N8ERL 59 MI 1
QSO: 28626 PH 2026-03-07 1742 ED8W 59 1000 KD3BDI 59 PA 1
QSO: 28626 PH 2026-03-07 1742 ED8W 59 1000 W2NPT 59 NJ 1
QSO: 28626 PH 2026-03-07 1742 ED8W 59 1000 KY0Q 59 IL 1
QSO: 28626 PH 2026-03-07 1742 ED8W 59 1000 N6SWI 59 AZ 1
QSO: 28626 PH 2026-03-07 1743 ED8W 59 1000 WC4E 59 FL 1
QSO: 21281 PH 2026-03-07 1743 ED8W 59 1000 K4BDD 59 VA 0
QSO: 28626 PH 2026-03-07 1743 ED8W 59 1000 W3IKC 59 MD 1
QSO: 28626 PH 2026-03-07 1743 ED8W 59 1000 KD9GY 59 IL 1
QSO: 21281 PH 2026-03-07 1743 ED8W 59 1000 K3KO 59 IL 0
QSO: 28626 PH 2026-03-07 1743 ED8W 59 1000 N2MLB 59 NY 1
QSO: 28626 PH 2026-03-07 1743 ED8W 59 1000 KF8AHK 59 OH 1
QSO: 28626 PH 2026-03-07 1744 ED8W 59 1000 KQ4TJB 59 AL 1
QSO: 28626 PH 2026-03-07 1744 ED8W 59 1000 W4BRU 59 VA 1
QSO: 28626 PH 2026-03-07 1744 ED8W 59 1000 KO6JVD 59 CA 1
QSO: 21281 PH 2026-03-07 1745 ED8W 59 1000 NO5Z 59 NM 0
QSO: 21281 PH 2026-03-07 1745 ED8W 59 1000 W1CRB 59 MA 0
QSO: 21281 PH 2026-03-07 1745 ED8W 59 1000 WU7W 59 NV 0
QSO: 28626 PH 2026-03-07 1745 ED8W 59 1000 AA5DF 59 TX 1
QSO: 21281 PH 2026-03-07 1746 ED8W 59 1000 NS9DX 59 IL 0
QSO: 28626 PH 2026-03-07 1747 ED8W 59 1000 N8DAV 59 AZ 1
QSO: 21281 PH 2026-03-07 1747 ED8W 59 1000 W3FF 59 CA 0
QSO: 28626 PH 2026-03-07 1747 ED8W 59 1000 N2YF 59 FL 1
QSO: 28626 PH 2026-03-07 1747 ED8W 59 1000 KM4IYW 59 TN 1
QSO: 21281 PH 2026-03-07 1747 ED8W 59 1000 K1DW 59 LA 0
QSO: 21281 PH 2026-03-07 1747 ED8W 59 1000 K2MV 59 NY 0
QSO: 21281 PH 2026-03-07 1748 ED8W 59 1000 AB1JV 59 RI 0
QSO: 28626 PH 2026-03-07 1748 ED8W 59 1000 K5MV 59 TX 1
QSO: 21281 PH 2026-03-07 1748 ED8W 59 1000 KS2G 59 NY 0
QSO: 28626 PH 2026-03-07 1748 ED8W 59 1000 N6OKU 59 CA 1
QSO: 21281 PH 2026-03-07 1748 ED8W 59 1000 W7EW 59 OR 0
QSO: 28626 PH 2026-03-07 1748 ED8W 59 1000 K4QPL 59 NC 1
QSO: 28626 PH 2026-03-07 1748 ED8W 59 1000 WO1N 59 MA 1
QSO: 28626 PH 2026-03-07 1748 ED8W 59 1000 KQ4NSR 59 VA 1
QSO: 21281 PH 2026-03-07 1748 ED8W 59 1000 WB2CM 59 VA 0
QSO: 21281 PH 2026-03-07 1749 ED8W 59 1000 VE6LQ 59 AB 0
QSO: 28626 PH 2026-03-07 1749 ED8W 59 1000 VY2WJ 59 PE 1
QSO: 21281 PH 2026-03-07 1749 ED8W 59 1000 W3ATV 59 PA 0
QSO: 28626 PH 2026-03-07 1749 ED8W 59 1000 KM6TFY 59 CA 1
QSO: 28626 PH 2026-03-07 1749 ED8W 59 1000 AE3HD 59 GA 1
QSO: 21281 PH 2026-03-07 1749 ED8W 59 1000 KD2EWT 59 NY 0
QSO: 21281 PH 2026-03-07 1750 ED8W 59 1000 WI3W 59 PA 0
QSO: 21281 PH 2026-03-07 1750 ED8W 59 1000 WC8VOA 59 OH 0
QSO: 28626 PH 2026-03-07 1750 ED8W 59 1000 AC1W 59 MI 1
QSO: 21281 PH 2026-03-07 1750 ED8W 59 1000 KC3HXF 59 PA 0
QSO: 21281 PH 2026-03-07 1751 ED8W 59 1000 N8VNU 59 FL 0
QSO: 21281 PH 2026-03-07 1751 ED8W 59 1000 WC4E 59 FL 0
QSO: 21281 PH 2026-03-07 1751 ED8W 59 1000 AI0M 59 MN 0
QSO: 28626 PH 2026-03-07 1752 ED8W 59 1000 W6KC 59 CA 1
QSO: 21281 PH 2026-03-07 1752 ED8W 59 1000 KN2M 59 NY 0
QSO: 21281 PH 2026-03-07 1752 ED8W 59 1000 NU5DE 59 TX 0
QSO: 21281 PH 2026-03-07 1753 ED8W 59 1000 W5HI 59 TX 0
QSO: 21281 PH 2026-03-07 1753 ED8W 59 1000 KQ4FIP 59 TN 0
QSO: 21281 PH 2026-03-07 1753 ED8W 59 1000 KC9HQV 59 WI 0
QSO: 28626 PH 2026-03-07 1753 ED8W 59 1000 K1TTT 59 MA 1
QSO: 21281 PH 2026-03-07 1753 ED8W 59 1000 WA7G 59 CA 0
QSO: 28626 PH 2026-03-07 1754 ED8W 59 1000 AD0L 59 CA 1
QSO: 28626 PH 2026-03-07 1754 ED8W 59 1000 K4CUB 59 KY 1
QSO: 28626 PH 2026-03-07 1754 ED8W 59 1000 W4SSF 59 TN 1
QSO: 21281 PH 2026-03-07 1754 ED8W 59 1000 KA9OMY 59 WI 0
QSO: 21281 PH 2026-03-07 1755 ED8W 59 1000 K4ISU 59 NC 0
QSO: 28626 PH 2026-03-07 1755 ED8W 59 1000 WA5VBP 59 TX 1
QSO: 21281 PH 2026-03-07 1755 ED8W 59 1000 AA0F 59 TX 0
QSO: 21281 PH 2026-03-07 1755 ED8W 59 1000 N2WF 59 GA 0
QSO: 21281 PH 2026-03-07 1755 ED8W 59 1000 VE2ZDR 59 QC 0
QSO: 28626 PH 2026-03-07 1755 ED8W 59 1000 KN6UNL 59 CA 1
QSO: 21281 PH 2026-03-07 1756 ED8W 59 1000 WA7SNW 59 OR 0
QSO: 28626 PH 2026-03-07 1756 ED8W 59 1000 W3ALG 59 PA 1
QSO: 28626 PH 2026-03-07 1756 ED8W 59 1000 KC3N 59 MD 1
QSO: 21281 PH 2026-03-07 1756 ED8W 59 1000 AI6O 59 MO 0
QSO: 28626 PH 2026-03-07 1757 ED8W 59 1000 WB4WHH 59 VA 1
QSO: 21281 PH 2026-03-07 1757 ED8W 59 1000 WB8YQJ 59 CA 0
QSO: 28626 PH 2026-03-07 1757 ED8W 59 1000 N5RZ 59 TX 1
QSO: 28626 PH 2026-03-07 1757 ED8W 59 1000 W4EK 59 GA 1
QSO: 21281 PH 2026-03-07 1757 ED8W 59 1000 KC2KZJ 59 NJ 0
QSO: 28626 PH 2026-03-07 1757 ED8W 59 1000 N7GP 59 AZ 1
QSO: 28626 PH 2026-03-07 1758 ED8W 59 1000 W2MRD 59 NY 1
QSO: 21281 PH 2026-03-07 1758 ED8W 59 1000 KC2SPZ 59 NY 0
QSO: 28626 PH 2026-03-07 1758 ED8W 59 1000 K5YVF 59 MS 1
QSO: 21281 PH 2026-03-07 1758 ED8W 59 1000 K9VIT 59 UT 0
QSO: 28626 PH 2026-03-07 1759 ED8W 59 1000 AI6OZ 59 CA 1
QSO: 28626 PH 2026-03-07 1759 ED8W 59 1000 K6TQ 59 CA 1
QSO: 21281 PH 2026-03-07 1759 ED8W 59 1000 N2NKX 59 NY 0
QSO: 28626 PH 2026-03-07 1759 ED8W 59 1000 WA5VBP 59 TX 1
QSO: 21281 PH 2026-03-07 1800 ED8W 59 1000 W4SSF 59 TN 0
QSO: 28626 PH 2026-03-07 1800 ED8W 59 1000 KB9CS 59 MO 1
QSO: 21281 PH 2026-03-07 1800 ED8W 59 1000 WA3AER 59 MD 0
QSO: 28626 PH 2026-03-07 1800 ED8W 59 1000 N9HDE 59 IA 1
QSO: 21281 PH 2026-03-07 1800 ED8W 59 1000 KF0CZD 59 SD 0
QSO: 28626 PH 2026-03-07 1800 ED8W 59 1000 N3TU 59 DE 1
QSO: 21281 PH 2026-03-07 1800 ED8W 59 1000 NG7X 59 AZ 0
QSO: 28626 PH 2026-03-07 1801 ED8W 59 1000 WA0MHJ 59 MN 1
QSO: 21281 PH 2026-03-07 1801 ED8W 59 1000 KG9X 59 IL 0
QSO: 28626 PH 2026-03-07 1801 ED8W 59 1000 KQ4SNC 59 FL 1
QSO: 28626 PH 2026-03-07 1801 ED8W 59 1000 K7WXB 59 UT 1
QSO: 28626 PH 2026-03-07 1801 ED8W 59 1000 KO6MLD 59 CA 1
QSO: 28626 PH 2026-03-07 1801 ED8W 59 1000 AL1VE 59 WA 1
QSO: 21281 PH 2026-03-07 1801 ED8W 59 1000 N0EO 59 MN 0
QSO: 21281 PH 2026-03-07 1802 ED8W 59 1000 K8WU 59 MI 0
QSO: 28626 PH 2026-03-07 1802 ED8W 59 1000 WV8TG 59 GA 1
QSO: 28626 PH 2026-03-07 1802 ED8W 59 1000 AA2CN 59 NJ 1
QSO: 21281 PH 2026-03-07 1803 ED8W 59 1000 K7CO 59 UT 0
QSO: 21281 PH 2026-03-07 1803 ED8W 59 1000 AD7N 59 UT 0
QSO: 28626 PH 2026-03-07 1803 ED8W 59 1000 KD2RPX 59 CO 1
QSO: 21281 PH 2026-03-07 1803 ED8W 59 1000 WS9M 59 NY 0
QSO: 28626 PH 2026-03-07 1803 ED8W 59 1000 W4TAD 59 VA 1
QSO: 21281 PH 2026-03-07 1803 ED8W 59 1000 N3GB 59 FL 0
QSO: 21281 PH 2026-03-07 1803 ED8W 59 1000 N5CDL 59 TX 0
QSO: 21281 PH 2026-03-07 1804 ED8W 59 1000 W1JIM 59 MA 0
QSO: 28626 PH 2026-03-07 1804 ED8W 59 1000 W5FYX 59 TX 1
QSO: 28626 PH 2026-03-07 1804 ED8W 59 1000 AB7Q 59 AZ 1
QSO: 21281 PH 2026-03-07 1804 ED8W 59 1000 K7LY 59 NV 0
QSO: 21281 PH 2026-03-07 1804 ED8W 59 1000 K3YQA 59 PA 0
QSO: 28626 PH 2026-03-07 1804 ED8W 59 1000 WQ6L 59 CA 1
QSO: 28626 PH 2026-03-07 1805 ED8W 59 1000 NR8Z 59 VA 1
QSO: 21281 PH 2026-03-07 1805 ED8W 59 1000 N5MU 59 TX 0
QSO: 21281 PH 2026-03-07 1805 ED8W 59 1000 KF8FNO 59 OH 0
QSO: 28626 PH 2026-03-07 1806 ED8W 59 1000 W4FSO 59 VA 1
QSO: 21281 PH 2026-03-07 1806 ED8W 59 1000 K5FNE 59 TX 0
QSO: 21281 PH 2026-03-07 1806 ED8W 59 1000 W9YK 59 IL 0
QSO: 28626 PH 2026-03-07 1806 ED8W 59 1000 KC3YQJ 59 PA 1
QSO: 21281 PH 2026-03-07 1806 ED8W 59 1000 KN4FTT 59 VA 0
QSO: 28626 PH 2026-03-07 1806 ED8W 59 1000 WF9T 59 FL 1
QSO: 28626 PH 2026-03-07 1807 ED8W 59 1000 N8TW 59 MI 1
QSO: 28626 PH 2026-03-07 1807 ED8W 59 1000 N8VQG 59 KY 1
QSO: 21281 PH 2026-03-07 1807 ED8W 59 1000 KC4TEO 59 AL 0
QSO: 28626 PH 2026-03-07 1807 ED8W 59 1000 KR4IS 59 VA 1
QSO: 28626 PH 2026-03-07 1807 ED8W 59 1000 W0ZQ 59 MN 1
QSO: 28626 PH 2026-03-07 1807 ED8W 59 1000 WA4JA 59 TN 1
QSO: 21281 PH 2026-03-07 1807 ED8W 59 1000 W7SY 59 OR 0
QSO: 21281 PH 2026-03-07 1808 ED8W 59 1000 KR4EWZ 59 GA 0
QSO: 21281 PH 2026-03-07 1808 ED8W 59 1000 KB8OEJ 59 MI 0
QSO: 28626 PH 2026-03-07 1808 ED8W 59 1000 N6MU 59 CA 1
QSO: 28626 PH 2026-03-07 1808 ED8W 59 1000 KE8MOI 59 MI 1
QSO: 21281 PH 2026-03-07 1808 ED8W 59 1000 AA5DF 59 TX 0
QSO: 28626 PH 2026-03-07 1808 ED8W 59 1000 K4FTO 59 VA 1
QSO: 28626 PH 2026-03-07 1809 ED8W 59 1000 WQ5L 59 MS 1
QSO: 21281 PH 2026-03-07 1809 ED8W 59 1000 KE7LBB 59 WY 0
QSO: 21281 PH 2026-03-07 1810 ED8W 59 1000 KC5RPF 59 TX 0
QSO: 28626 PH 2026-03-07 1810 ED8W 59 1000 W7KEY 59 AZ 1
QSO: 28626 PH 2026-03-07 1810 ED8W 59 1000 KO4LEG 59 GA 1
QSO: 21281 PH 2026-03-07 1811 ED8W 59 1000 KN7TAZ 59 OR 0
QSO: 28626 PH 2026-03-07 1811 ED8W 59 1000 WA0ALH 59 IA 1
QSO: 21281 PH 2026-03-07 1811 ED8W 59 1000 WB8PIY 59 OH 0
QSO: 28626 PH 2026-03-07 1811 ED8W 59 1000 WA4UKX 59 SC 1
QSO: 28626 PH 2026-03-07 1812 ED8W 59 1000 KE9CBZ 59 IN 1
QSO: 21281 PH 2026-03-07 1812 ED8W 59 1000 KN4YGE 59 FL 0
QSO: 28626 PH 2026-03-07 1812 ED8W 59 1000 W5KJD 59 MS 1
QSO: 21281 PH 2026-03-07 1812 ED8W 59 1000 N2JJ 59 NY 0
QSO: 28626 PH 2026-03-07 1813 ED8W 59 1000 KN4KSW 59 FL 1
QSO: 21281 PH 2026-03-07 1814 ED8W 59 1000 KI5WWT 59 TX 0
QSO: 21281 PH 2026-03-07 1814 ED8W 59 1000 N7MZW 59 WY 0
QSO: 21281 PH 2026-03-07 1814 ED8W 59 1000 KC4SR 59 GA 0
QSO: 28626 PH 2026-03-07 1814 ED8W 59 1000 AA2AS 59 NJ 1
QSO: 21281 PH 2026-03-07 1815 ED8W 59 1000 WB9VGO 59 IL 0
QSO: 21281 PH 2026-03-07 1815 ED8W 59 1000 N3FW 59 PA 0
QSO: 21281 PH 2026-03-07 1815 ED8W 59 1000 KC7MDT 59 AR 0
QSO: 28626 PH 2026-03-07 1815 ED8W 59 1000 WA8YUZ 59 MI 1
QSO: 21281 PH 2026-03-07 1815 ED8W 59 1000 K1PNQ 59 MA 0
QSO: 21281 PH 2026-03-07 1815 ED8W 59 1000 WE2A 59 NY 0
QSO: 21281 PH 2026-03-07 1816 ED8W 59 1000 W3ALG 59 PA 0
QSO: 21281 PH 2026-03-07 1816 ED8W 59 1000 K7GK 59 CA 0
QSO: 28626 PH 2026-03-07 1816 ED8W 59 1000 W4HRL 59 VA 1
QSO: 28626 PH 2026-03-07 1817 ED8W 59 1000 KQ4GIK 59 NC 1
QSO: 21281 PH 2026-03-07 1817 ED8W 59 1000 KB6SSN 59 CA 0
QSO: 28626 PH 2026-03-07 1817 ED8W 59 1000 AC1W 59 MI 1
QSO: 28626 PH 2026-03-07 1817 ED8W 59 1000 K7UWR 59 GA 1
QSO: 28626 PH 2026-03-07 1817 ED8W 59 1000 N4RLF 59 SC 1
QSO: 21281 PH 2026-03-07 1817 ED8W 59 1000 N3ATQ 59 PA 0
QSO: 28626 PH 2026-03-07 1817 ED8W 59 1000 W3RE 59 PA 1
QSO: 21281 PH 2026-03-07 1818 ED8W 59 1000 W4JLP 59 SC 0
QSO: 28626 PH 2026-03-07 1818 ED8W 59 1000 W4GB 59 TN 1
QSO: 21281 PH 2026-03-07 1818 ED8W 59 1000 N2LDV 59 NY 0
QSO: 28626 PH 2026-03-07 1818 ED8W 59 1000 WB9CJC 59 IL 1
QSO: 28626 PH 2026-03-07 1818 ED8W 59 1000 K1DW 59 LA 1
QSO: 28626 PH 2026-03-07 1818 ED8W 59 1000 WS5ADV 59 OK 1
QSO: 28626 PH 2026-03-07 1819 ED8W 59 1000 N6HPO 59 CA 1
QSO: 21281 PH 2026-03-07 1819 ED8W 59 1000 WA4GNL 59 AL 0
QSO: 28626 PH 2026-03-07 1819 ED8W 59 1000 K8MUD 59 MI 1
QSO: 28626 PH 2026-03-07 1819 ED8W 59 1000 N8DT 59 MI 1
QSO: 28626 PH 2026-03-07 1820 ED8W 59 1000 KG5DOS 59 TX 1
QSO: 21281 PH 2026-03-07 1820 ED8W 59 1000 VE3JJT 59 ON 0
QSO: 28626 PH 2026-03-07 1820 ED8W 59 1000 W5RCG 59 AL 1
QSO: 28626 PH 2026-03-07 1820 ED8W 59 1000 W5JCC 59 TX 1
QSO: 28626 PH 2026-03-07 1821 ED8W 59 1000 K0VG 59 MN 1
QSO: 21281 PH 2026-03-07 1821 ED8W 59 1000 KQ4BAP 59 AL 0
QSO: 28626 PH 2026-03-07 1821 ED8W 59 1000 N4EDW 59 NC 1
QSO: 21281 PH 2026-03-07 1822 ED8W 59 1000 K3SDL 59 MD 0
QSO: 28626 PH 2026-03-07 1822 ED8W 59 1000 KA1AQ 59 FL 1
QSO: 21281 PH 2026-03-07 1822 ED8W 59 1000 KN4WOJ 59 VA 0
QSO: 28626 PH 2026-03-07 1822 ED8W 59 1000 K4JFN 59 FL 1
QSO: 21281 PH 2026-03-07 1823 ED8W 59 1000 N6PGQ 59 CA 0
QSO: 21281 PH 2026-03-07 1823 ED8W 59 1000 KY4RQ 59 VA 0
QSO: 28626 PH 2026-03-07 1824 ED8W 59 1000 W5VLC 59 OK 1
QSO: 21281 PH 2026-03-07 1824 ED8W 59 1000 K4ANC 59 NC 0
QSO: 28626 PH 2026-03-07 1824 ED8W 59 1000 KK4OW 59 VA 1
QSO: 21281 PH 2026-03-07 1824 ED8W 59 1000 VE7ACN 59 BC 0
QSO: 28626 PH 2026-03-07 1824 ED8W 59 1000 VE6BBP 59 AB 1
QSO: 21281 PH 2026-03-07 1824 ED8W 59 1000 KC9GLR 59 IN 0
QSO: 28626 PH 2026-03-07 1824 ED8W 59 1000 KK4TTL 59 NC 1
QSO: 21281 PH 2026-03-07 1825 ED8W 59 1000 KJ5FKT 59 OK 0
QSO: 21281 PH 2026-03-07 1825 ED8W 59 1000 AJ6V 59 CA 0
QSO: 28626 PH 2026-03-07 1825 ED8W 59 1000 WQ0X 59 SC 1
QSO: 21281 PH 2026-03-07 1826 ED8W 59 1000 4U1WB 59 DC 0
QSO: 28626 PH 2026-03-07 1826 ED8W 59 1000 AF7Z 59 UT 1
QSO: 21281 PH 2026-03-07 1827 ED8W 59 1000 W6WTF 59 CA 0
QSO: 21281 PH 2026-03-07 1827 ED8W 59 1000 WX0JLM 59 CO 0
QSO: 21281 PH 2026-03-07 1828 ED8W 59 1000 AA6IO 59 CA 0
QSO: 21281 PH 2026-03-07 1828 ED8W 59 1000 K6UN 59 CA 0
QSO: 21281 PH 2026-03-07 1829 ED8W 59 1000 KA3JUT 59 PA 0
QSO: 21281 PH 2026-03-07 1829 ED8W 59 1000 AA7RH 59 ID 0
QSO: 21281 PH 2026-03-07 1830 ED8W 59 1000 KL7HQR 59 CA 0
QSO: 14222 PH 2026-03-07 1830 ED8W 59 1000 WS7X 59 FL 1
QSO: 21281 PH 2026-03-07 1830 ED8W 59 1000 N7XCZ 59 NV 0
QSO: 21281 PH 2026-03-07 1830 ED8W 59 1000 WD9CIR 59 IL 0
QSO: 21281 PH 2026-03-07 1831 ED8W 59 1000 WA7WS 59 ID 0
QSO: 14222 PH 2026-03-07 1831 ED8W 59 1000 K4PZZ 59 VA 1
QSO: 21281 PH 2026-03-07 1831 ED8W 59 1000 KX4MT 59 SC 0
QSO: 21281 PH 2026-03-07 1831 ED8W 59 1000 W3MAX 59 DE 0
QSO: 21281 PH 2026-03-07 1831 ED8W 59 1000 N8VQG 59 KY 0
QSO: 21281 PH 2026-03-07 1832 ED8W 59 1000 AA4E 59 SC 0
QSO: 21281 PH 2026-03-07 1832 ED8W 59 1000 KJ4MES 59 MI 0
QSO: 21281 PH 2026-03-07 1832 ED8W 59 1000 WA8PAG 59 FL 0
QSO: 21281 PH 2026-03-07 1832 ED8W 59 1000 K0ESU 59 KS 0
QSO: 21281 PH 2026-03-07 1833 ED8W 59 1000 N2BJ 59 IL 0
QSO: 21281 PH 2026-03-07 1833 ED8W 59 1000 N5RZ 59 TX 0
QSO: 14222 PH 2026-03-07 1833 ED8W 59 1000 K9RP 59 WI 1
QSO: 21281 PH 2026-03-07 1833 ED8W 59 1000 K4QPL 59 NC 0
QSO: 21281 PH 2026-03-07 1833 ED8W 59 1000 KD2EFR 59 NY 0
QSO: 14222 PH 2026-03-07 1833 ED8W 59 1000 AJ4LN 59 VA 1
QSO: 14222 PH 2026-03-07 1834 ED8W 59 1000 KA2KON 59 NH 1
QSO: 21281 PH 2026-03-07 1834 ED8W 59 1000 W0PMO 59 MN 0
QSO: 14222 PH 2026-03-07 1834 ED8W 59 1000 K0CLI 59 VA 1
QSO: 21281 PH 2026-03-07 1834 ED8W 59 1000 N8PCN 59 OH 0
QSO: 14222 PH 2026-03-07 1834 ED8W 59 1000 KE4EA 59 SC 1
QSO: 21281 PH 2026-03-07 1834 ED8W 59 1000 N1EP 59 ME 0
QSO: 14222 PH 2026-03-07 1835 ED8W 59 1000 W2BRM 59 NY 1
QSO: 21281 PH 2026-03-07 1835 ED8W 59 1000 W0MGR 59 MN 0
QSO: 14222 PH 2026-03-07 1835 ED8W 59 1000 W5ORC 59 MS 1
QSO: 21281 PH 2026-03-07 1835 ED8W 59 1000 NX8T 59 OH 0
QSO: 21281 PH 2026-03-07 1835 ED8W 59 1000 VE3ZZX 59 ON 0
QSO: 14222 PH 2026-03-07 1835 ED8W 59 1000 KA3YJM 59 MD 1
QSO: 21281 PH 2026-03-07 1835 ED8W 59 1000 N6CW 59 CA 0
QSO: 14222 PH 2026-03-07 1835 ED8W 59 1000 K0DG 59 NE 1
QSO: 21281 PH 2026-03-07 1835 ED8W 59 1000 W4CWO 59 NC 0
QSO: 14222 PH 2026-03-07 1835 ED8W 59 1000 WT9U 59 IN 1
QSO: 21281 PH 2026-03-07 1835 ED8W 59 1000 WC3N 59 MD 0
QSO: 21281 PH 2026-03-07 1836 ED8W 59 1000 WB4HRL 59 SC 0
QSO: 21281 PH 2026-03-07 1836 ED8W 59 1000 K8ZM 59 OH 0
QSO: 14222 PH 2026-03-07 1836 ED8W 59 1000 WA0MHJ 59 MN 1
QSO: 14222 PH 2026-03-07 1837 ED8W 59 1000 N2MEE 59 NY 1
QSO: 21281 PH 2026-03-07 1837 ED8W 59 1000 KD5AJC 59 AZ 0
QSO: 14222 PH 2026-03-07 1837 ED8W 59 1000 N3NR 59 PA 1
QSO: 14222 PH 2026-03-07 1837 ED8W 59 1000 WA1T 59 NH 1
QSO: 21281 PH 2026-03-07 1837 ED8W 59 1000 K4DXV 59 TN 0
QSO: 14222 PH 2026-03-07 1838 ED8W 59 1000 K4EA 59 GA 1
QSO: 14222 PH 2026-03-07 1838 ED8W 59 1000 W1TB 59 MA 1
QSO: 21281 PH 2026-03-07 1838 ED8W 59 1000 W2FDJ 59 NJ 0
QSO: 21281 PH 2026-03-07 1838 ED8W 59 1000 W3KYM 59 NY 0
QSO: 21281 PH 2026-03-07 1838 ED8W 59 1000 W3RE 59 PA 0
QSO: 14222 PH 2026-03-07 1839 ED8W 59 1000 KD9GY 59 IL 1
QSO: 21281 PH 2026-03-07 1839 ED8W 59 1000 KQ4AMK 59 SC 0
QSO: 21281 PH 2026-03-07 1839 ED8W 59 1000 KK7JYU 59 OR 0
QSO: 21281 PH 2026-03-07 1839 ED8W 59 1000 N0XXL 59 WI 0
QSO: 14222 PH 2026-03-07 1840 ED8W 59 1000 VE3SST 59 ON 1
QSO: 21281 PH 2026-03-07 1840 ED8W 59 1000 KN7K 59 OR 0
QSO: 21281 PH 2026-03-07 1841 ED8W 59 1000 W5LSL 59 TX 0
QSO: 14222 PH 2026-03-07 1841 ED8W 59 1000 N1ECT 59 RI 1
QSO: 14222 PH 2026-03-07 1841 ED8W 59 1000 K6HLC 59 VA 1
QSO: 21281 PH 2026-03-07 1841 ED8W 59 1000 NG9M 59 IL 0
QSO: 14222 PH 2026-03-07 1841 ED8W 59 1000 WK2H 59 NY 1
QSO: 21281 PH 2026-03-07 1841 ED8W 59 1000 KB3RCT 59 PA 0
QSO: 21281 PH 2026-03-07 1842 ED8W 59 1000 W8EH 59 OH 0
QSO: 21281 PH 2026-03-07 1842 ED8W 59 1000 KD9VGL 59 WI 0
QSO: 14222 PH 2026-03-07 1842 ED8W 59 1000 W1FJ 59 MA 1
QSO: 14222 PH 2026-03-07 1843 ED8W 59 1000 K3VA 59 PA 1
QSO: 21281 PH 2026-03-07 1843 ED8W 59 1000 N2NNF 59 NY 0
QSO: 14222 PH 2026-03-07 1843 ED8W 59 1000 W1SCD 59 VT 1
QSO: 21281 PH 2026-03-07 1843 ED8W 59 1000 WB9CTP 59 IL 0
QSO: 21281 PH 2026-03-07 1844 ED8W 59 1000 KC3OQ 59 MD 0
QSO: 21281 PH 2026-03-07 1844 ED8W 59 1000 AA1K 59 DE 0
QSO: 14222 PH 2026-03-07 1844 ED8W 59 1000 NE1F 59 NH 1
QSO: 14222 PH 2026-03-07 1844 ED8W 59 1000 NF1O 59 NH 1
QSO: 21281 PH 2026-03-07 1844 ED8W 59 1000 WI7N 59 OR 0
QSO: 21281 PH 2026-03-07 1844 ED8W 59 1000 K3TC 59 MD 0
QSO: 21281 PH 2026-03-07 1845 ED8W 59 1000 NV4T 59 SC 0
QSO: 21281 PH 2026-03-07 1845 ED8W 59 1000 K0MPH 59 MN 0
QSO: 21281 PH 2026-03-07 1845 ED8W 59 1000 N3YHM 59 PA 0
QSO: 21281 PH 2026-03-07 1845 ED8W 59 1000 KF6D 59 SC 0
QSO: 21281 PH 2026-03-07 1846 ED8W 59 1000 W3LL 59 MD 0
QSO: 21281 PH 2026-03-07 1847 ED8W 59 1000 KO4LEG 59 GA 0
QSO: 21281 PH 2026-03-07 1847 ED8W 59 1000 W8FT 59 OH 0
QSO: 21281 PH 2026-03-07 1847 ED8W 59 1000 N2YG 59 NY 0
QSO: 21281 PH 2026-03-07 1848 ED8W 59 1000 N5DTT 59 TX 0
QSO: 21281 PH 2026-03-07 1849 ED8W 59 1000 KT3T 59 FL 0
QSO: 28522 PH 2026-03-07 1849 ED8W 59 1000 K1VX 59 TN 1
QSO: 21281 PH 2026-03-07 1850 ED8W 59 1000 K3BHX 59 PA 0
QSO: 28522 PH 2026-03-07 1850 ED8W 59 1000 N6MJ 59 NY 1
QSO: 21281 PH 2026-03-07 1850 ED8W 59 1000 W6MX 59 CA 0
QSO: 21281 PH 2026-03-07 1850 ED8W 59 1000 KD2DMR 59 IL 0
QSO: 28522 PH 2026-03-07 1850 ED8W 59 1000 K4TOO 59 NC 1
QSO: 21281 PH 2026-03-07 1850 ED8W 59 1000 K4DR 59 TN 0
QSO: 21281 PH 2026-03-07 1851 ED8W 59 1000 K6TQ 59 CA 0
QSO: 28522 PH 2026-03-07 1851 ED8W 59 1000 K9QEW 59 IL 1
QSO: 28522 PH 2026-03-07 1852 ED8W 59 1000 VE2MFD 59 QC 1
QSO: 28522 PH 2026-03-07 1852 ED8W 59 1000 WA3AFS 59 NY 1
QSO: 21281 PH 2026-03-07 1852 ED8W 59 1000 KB2URI 59 NY 0
QSO: 28522 PH 2026-03-07 1852 ED8W 59 1000 WX8Q 59 OH 1
QSO: 21281 PH 2026-03-07 1852 ED8W 59 1000 KG0GY 59 NE 0
QSO: 21281 PH 2026-03-07 1853 ED8W 59 1000 W4HRL 59 VA 0
QSO: 21281 PH 2026-03-07 1853 ED8W 59 1000 N1TO 59 FL 0
QSO: 28455 PH 2026-03-07 1854 ED8W 59 1000 N9RV 59 MT 1
QSO: 21281 PH 2026-03-07 1854 ED8W 59 1000 W2WCM 59 VA 0
QSO: 28522 PH 2026-03-07 1855 ED8W 59 1000 KD8FS 59 MI 1
QSO: 21281 PH 2026-03-07 1855 ED8W 59 1000 WB8JUI 59 OH 0
QSO: 28522 PH 2026-03-07 1855 ED8W 59 1000 N3DRA 59 MD 1
QSO: 28522 PH 2026-03-07 1856 ED8W 59 1000 K4KNO 59 FL 1
QSO: 28522 PH 2026-03-07 1856 ED8W 59 1000 NY3C 59 DE 1
QSO: 28522 PH 2026-03-07 1856 ED8W 59 1000 KJ5GIH 59 LA 1
QSO: 21281 PH 2026-03-07 1856 ED8W 59 1000 KD2YUY 59 NY 0
QSO: 28522 PH 2026-03-07 1856 ED8W 59 1000 WY8O 59 FL 1
QSO: 28522 PH 2026-03-07 1857 ED8W 59 1000 K3VYJ 59 PA 1
QSO: 21281 PH 2026-03-07 1857 ED8W 59 1000 AC2XG 59 NJ 0
QSO: 28522 PH 2026-03-07 1857 ED8W 59 1000 N8RY 59 MI 1
QSO: 21281 PH 2026-03-07 1858 ED8W 59 1000 KE9WPC 59 IN 0
QSO: 28522 PH 2026-03-07 1858 ED8W 59 1000 KQ4GEV 59 MS 1
QSO: 21281 PH 2026-03-07 1858 ED8W 59 1000 K2EU 59 NY 0
QSO: 28522 PH 2026-03-07 1858 ED8W 59 1000 KI5OVT 59 TX 1
QSO: 28522 PH 2026-03-07 1859 ED8W 59 1000 WA3TOY 59 MD 1
QSO: 28522 PH 2026-03-07 1859 ED8W 59 1000 W5JZ 59 TX 1
QSO: 21281 PH 2026-03-07 1900 ED8W 59 1000 W0AMP 59 MN 0
QSO: 21281 PH 2026-03-07 1900 ED8W 59 1000 N5PV 59 TX 0
QSO: 21281 PH 2026-03-07 1900 ED8W 59 1000 K3LT 59 DE 0
QSO: 28522 PH 2026-03-07 1901 ED8W 59 1000 K9HQ 59 TX 1
QSO: 21281 PH 2026-03-07 1901 ED8W 59 1000 WJ1U 59 NH 0
QSO: 21281 PH 2026-03-07 1901 ED8W 59 1000 WA7NB 59 AZ 0
QSO: 21281 PH 2026-03-07 1902 ED8W 59 1000 KW4EE 59 NC 0
QSO: 21281 PH 2026-03-07 1902 ED8W 59 1000 WA1T 59 NH 0
QSO: 21281 PH 2026-03-07 1902 ED8W 59 1000 W9AVM 59 WI 0
QSO: 21281 PH 2026-03-07 1902 ED8W 59 1000 KD7MSC 59 OR 0
QSO: 21281 PH 2026-03-07 1903 ED8W 59 1000 N0DL 59 SD 0
QSO: 28522 PH 2026-03-07 1903 ED8W 59 1000 KI4DNY 59 NC 1
QSO: 21281 PH 2026-03-07 1904 ED8W 59 1000 KB9OZI 59 IN 0
QSO: 21281 PH 2026-03-07 1904 ED8W 59 1000 W3HQ 59 PA 0
QSO: 21281 PH 2026-03-07 1905 ED8W 59 1000 KN4KSW 59 FL 0
QSO: 21281 PH 2026-03-07 1905 ED8W 59 1000 VA3AA 59 ON 0
QSO: 28522 PH 2026-03-07 1905 ED8W 59 1000 KA2FIR 59 NJ 1
QSO: 28522 PH 2026-03-07 1905 ED8W 59 1000 KQ4SMI 59 TN 1
QSO: 21281 PH 2026-03-07 1905 ED8W 59 1000 KC1OXM 59 NH 0
QSO: 28522 PH 2026-03-07 1905 ED8W 59 1000 W4EE 59 FL 1
QSO: 28522 PH 2026-03-07 1906 ED8W 59 1000 N5WGA 59 OK 1
QSO: 21281 PH 2026-03-07 1906 ED8W 59 1000 WK1O 59 MA 0
QSO: 28522 PH 2026-03-07 1906 ED8W 59 1000 W9DWR 59 IL 1
QSO: 21281 PH 2026-03-07 1906 ED8W 59 1000 K6NA 59 CA 0
QSO: 21281 PH 2026-03-07 1906 ED8W 59 1000 K3SV 59 FL 0
QSO: 28522 PH 2026-03-07 1906 ED8W 59 1000 VA3WB 59 ON 1
QSO: 28522 PH 2026-03-07 1906 ED8W 59 1000 K5LJ 59 TX 1
QSO: 21281 PH 2026-03-07 1907 ED8W 59 1000 W6KGP 59 WY 0
QSO: 28522 PH 2026-03-07 1907 ED8W 59 1000 W0XM 59 KS 1
QSO: 28522 PH 2026-03-07 1907 ED8W 59 1000 K0DG 59 NE 1
QSO: 28522 PH 2026-03-07 1907 ED8W 59 1000 N5BWS 59 OK 1
QSO: 28522 PH 2026-03-07 1908 ED8W 59 1000 W1VCM 59 CT 1
QSO: 28522 PH 2026-03-07 1908 ED8W 59 1000 KV0I 59 NE 1
QSO: 21281 PH 2026-03-07 1908 ED8W 59 1000 KB0QHS 59 MN 0
QSO: 21281 PH 2026-03-07 1908 ED8W 59 1000 VE1BLL 59 NS 0
QSO: 28522 PH 2026-03-07 1909 ED8W 59 1000 W9YK 59 IL 1
QSO: 21281 PH 2026-03-07 1909 ED8W 59 1000 KN6CSB 59 CA 0
QSO: 28522 PH 2026-03-07 1909 ED8W 59 1000 K3SV 59 FL 1
QSO: 28522 PH 2026-03-07 1909 ED8W 59 1000 W5ART 59 TX 1
QSO: 21281 PH 2026-03-07 1909 ED8W 59 1000 W0EAR 59 WI 0
QSO: 28522 PH 2026-03-07 1910 ED8W 59 1000 WA8ZBT 59 TX 1
QSO: 28522 PH 2026-03-07 1910 ED8W 59 1000 AI0M 59 MN 1
QSO: 21281 PH 2026-03-07 1910 ED8W 59 1000 AK7RS 59 ID 0
QSO: 28522 PH 2026-03-07 1911 ED8W 59 1000 KB2DX 59 NY 1
QSO: 28522 PH 2026-03-07 1911 ED8W 59 1000 KI5MM 59 AR 1
QSO: 21281 PH 2026-03-07 1911 ED8W 59 1000 KN7K 59 OR 0
QSO: 28522 PH 2026-03-07 1911 ED8W 59 1000 K0XF 59 CO 1
QSO: 28522 PH 2026-03-07 1911 ED8W 59 1000 N3KN 59 VA 1
QSO: 21281 PH 2026-03-07 1911 ED8W 59 1000 K8BYP 59 TN 0
QSO: 28522 PH 2026-03-07 1911 ED8W 59 1000 AK0M 59 IA 1
QSO: 28522 PH 2026-03-07 1912 ED8W 59 1000 K9BGL 59 IL 1
QSO: 28522 PH 2026-03-07 1912 ED8W 59 1000 KI5KLM 59 OK 1
QSO: 28522 PH 2026-03-07 1912 ED8W 59 1000 KW5LC 59 LA 1
QSO: 28522 PH 2026-03-07 1912 ED8W 59 1000 N2BJ 59 IL 1
QSO: 28522 PH 2026-03-07 1912 ED8W 59 1000 AA0F 59 TX 1
QSO: 28522 PH 2026-03-07 1913 ED8W 59 1000 KK4BZ 59 VA 1
QSO: 21281 PH 2026-03-07 1913 ED8W 59 1000 K6KTS 59 CA 0
QSO: 28522 PH 2026-03-07 1913 ED8W 59 1000 VE3NGW/W4 59 FL 1
QSO: 21281 PH 2026-03-07 1914 ED8W 59 1000 AD4DQ 59 KY 0
QSO: 28522 PH 2026-03-07 1914 ED8W 59 1000 KD2YTU 59 NJ 1
QSO: 28522 PH 2026-03-07 1914 ED8W 59 1000 W4VG 59 VA 1
QSO: 28522 PH 2026-03-07 1914 ED8W 59 1000 WA2EDJ 59 AZ 1
QSO: 28522 PH 2026-03-07 1915 ED8W 59 1000 WA4WDV 59 FL 1
QSO: 21281 PH 2026-03-07 1915 ED8W 59 1000 K9XB 59 WI 0
QSO: 28522 PH 2026-03-07 1915 ED8W 59 1000 K1VO 59 NH 1
QSO: 21281 PH 2026-03-07 1915 ED8W 59 1000 NW0M 59 MO 0
QSO: 21281 PH 2026-03-07 1915 ED8W 59 1000 N5MAR 59 TX 0
QSO: 28522 PH 2026-03-07 1916 ED8W 59 1000 NT0Z 59 MN 1
QSO: 21281 PH 2026-03-07 1916 ED8W 59 1000 K7HV 59 WA 0
QSO: 28522 PH 2026-03-07 1916 ED8W 59 1000 N9CIQ 59 WI 1
QSO: 21281 PH 2026-03-07 1916 ED8W 59 1000 KR8L 59 ID 0
QSO: 28522 PH 2026-03-07 1916 ED8W 59 1000 N5DIT 59 TX 1
QSO: 21281 PH 2026-03-07 1916 ED8W 59 1000 WA7F 59 WA 0
QSO: 28522 PH 2026-03-07 1916 ED8W 59 1000 K4YDE 59 FL 1
QSO: 28522 PH 2026-03-07 1917 ED8W 59 1000 W5BB 59 OK 1
QSO: 21281 PH 2026-03-07 1917 ED8W 59 1000 VO1TH 59 NF 0
QSO: 28522 PH 2026-03-07 1917 ED8W 59 1000 KG9R 59 IL 1
QSO: 21281 PH 2026-03-07 1917 ED8W 59 1000 K7YYG 59 AZ 0
QSO: 28522 PH 2026-03-07 1917 ED8W 59 1000 AK7RM 59 AZ 1
QSO: 28522 PH 2026-03-07 1918 ED8W 59 1000 KF5TL 59 AR 1
QSO: 28522 PH 2026-03-07 1918 ED8W 59 1000 K5ZBG 59 TX 1
QSO: 21281 PH 2026-03-07 1918 ED8W 59 1000 K5KMB 59 CA 0
QSO: 28522 PH 2026-03-07 1918 ED8W 59 1000 W6FB 59 LA 1
QSO: 21281 PH 2026-03-07 1918 ED8W 59 1000 N9LYE 59 IL 0
QSO: 28522 PH 2026-03-07 1918 ED8W 59 1000 VA2BS 59 QC 1
QSO: 28522 PH 2026-03-07 1919 ED8W 59 1000 K7NDS 59 AZ 1
QSO: 28522 PH 2026-03-07 1919 ED8W 59 1000 K9LZJ 59 IN 1
QSO: 28522 PH 2026-03-07 1920 ED8W 59 1000 WA2LMC 59 NC 1
QSO: 21281 PH 2026-03-07 1920 ED8W 59 1000 W4BR 59 FL 0
QSO: 28522 PH 2026-03-07 1920 ED8W 59 1000 K6GHA 59 CA 1
QSO: 21281 PH 2026-03-07 1920 ED8W 59 1000 W7KPL 59 AZ 0
QSO: 21281 PH 2026-03-07 1920 ED8W 59 1000 VO1AAK 59 NF 0
QSO: 28522 PH 2026-03-07 1921 ED8W 59 1000 KD2I 59 NJ 1
QSO: 28522 PH 2026-03-07 1921 ED8W 59 1000 N2RM 59 FL 1
QSO: 28522 PH 2026-03-07 1921 ED8W 59 1000 KB2TDT 59 NY 1
QSO: 21281 PH 2026-03-07 1921 ED8W 59 1000 K8ZRY 59 MI 0
QSO: 28522 PH 2026-03-07 1922 ED8W 59 1000 W6CPL 59 CA 1
QSO: 28522 PH 2026-03-07 1922 ED8W 59 1000 K8PK 59 OH 1
QSO: 21281 PH 2026-03-07 1922 ED8W 59 1000 AD3Y 59 NJ 0
QSO: 28522 PH 2026-03-07 1922 ED8W 59 1000 KB9FAY 59 IL 1
QSO: 21281 PH 2026-03-07 1923 ED8W 59 1000 K4BHX 59 PA 0
QSO: 28522 PH 2026-03-07 1923 ED8W 59 1000 N9BD 59 CA 1
QSO: 28522 PH 2026-03-07 1923 ED8W 59 1000 VA3CWT 59 ON 1
QSO: 28522 PH 2026-03-07 1923 ED8W 59 1000 VE3TUC 59 ON 1
QSO: 28522 PH 2026-03-07 1924 ED8W 59 1000 W4MTL 59 FL 1
QSO: 21281 PH 2026-03-07 1924 ED8W 59 1000 W2EUA 59 FL 0
QSO: 28522 PH 2026-03-07 1924 ED8W 59 1000 KL7HQR 59 CA 1
QSO: 21281 PH 2026-03-07 1924 ED8W 59 1000 KC4LNX 59 GA 0
QSO: 28522 PH 2026-03-07 1925 ED8W 59 1000 K8LMH 59 OH 1
QSO: 21281 PH 2026-03-07 1925 ED8W 59 1000 K8SUG 59 MI 0
QSO: 28522 PH 2026-03-07 1925 ED8W 59 1000 KD2MLV 59 NJ 1
QSO: 21281 PH 2026-03-07 1925 ED8W 59 1000 VE3DM 59 ON 0
QSO: 21281 PH 2026-03-07 1926 ED8W 59 1000 KM4IAJ 59 VA 0
QSO: 28522 PH 2026-03-07 1926 ED8W 59 1000 VA3AR 59 ON 1
QSO: 21281 PH 2026-03-07 1926 ED8W 59 1000 N0SD 59 SD 0
QSO: 28522 PH 2026-03-07 1926 ED8W 59 1000 K3GWK 59 GA 1
QSO: 28522 PH 2026-03-07 1926 ED8W 59 1000 VE3TM 59 ON 1
QSO: 21281 PH 2026-03-07 1926 ED8W 59 1000 VE3QK 59 ON 0
QSO: 21281 PH 2026-03-07 1927 ED8W 59 1000 N6NT 59 NC 0
QSO: 28522 PH 2026-03-07 1927 ED8W 59 1000 N2YBB 59 NY 1
QSO: 21281 PH 2026-03-07 1927 ED8W 59 1000 K2LNS 59 PA 0
QSO: 21281 PH 2026-03-07 1927 ED8W 59 1000 N9SB 59 IL 0
QSO: 28522 PH 2026-03-07 1927 ED8W 59 1000 K9TV 59 WI 1
QSO: 21281 PH 2026-03-07 1927 ED8W 59 1000 N3KN 59 VA 0
QSO: 28522 PH 2026-03-07 1927 ED8W 59 1000 KB3PC 59 PA 1
QSO: 28522 PH 2026-03-07 1928 ED8W 59 1000 N4TL 59 NC 1
QSO: 21281 PH 2026-03-07 1928 ED8W 59 1000 W0KWB 59 IA 0
QSO: 28522 PH 2026-03-07 1928 ED8W 59 1000 KF0SES 59 CO 1
QSO: 21281 PH 2026-03-07 1928 ED8W 59 1000 K5CAT 59 TX 0
QSO: 28522 PH 2026-03-07 1928 ED8W 59 1000 WN0G 59 IA 1
QSO: 21281 PH 2026-03-07 1929 ED8W 59 1000 KK4BZ 59 VA 0
QSO: 21281 PH 2026-03-07 1929 ED8W 59 1000 KB6QPI/W4 59 FL 0
QSO: 28522 PH 2026-03-07 1929 ED8W 59 1000 K0BOW 59 CO 1
QSO: 21281 PH 2026-03-07 1930 ED8W 59 1000 K4VBL 59 VA 0
QSO: 28522 PH 2026-03-07 1930 ED8W 59 1000 NX8T 59 OH 1
QSO: 21281 PH 2026-03-07 1930 ED8W 59 1000 N1TVL 59 CT 0
QSO: 28522 PH 2026-03-07 1930 ED8W 59 1000 WB2IDV 59 NJ 1
QSO: 21281 PH 2026-03-07 1930 ED8W 59 1000 WB2ITX 59 MA 0
QSO: 28522 PH 2026-03-07 1930 ED8W 59 1000 KE0KKD 59 IA 1
QSO: 21281 PH 2026-03-07 1930 ED8W 59 1000 N2NRV 59 NY 0
QSO: 28522 PH 2026-03-07 1931 ED8W 59 1000 KC2DPF 59 VA 1
QSO: 28522 PH 2026-03-07 1931 ED8W 59 1000 K4PPK 59 FL 1
QSO: 28522 PH 2026-03-07 1931 ED8W 59 1000 KC2BPP 59 NY 1
QSO: 28522 PH 2026-03-07 1931 ED8W 59 1000 VA3HWF 59 ON 1
QSO: 21281 PH 2026-03-07 1931 ED8W 59 1000 KA4FIX 59 VA 0
QSO: 28522 PH 2026-03-07 1932 ED8W 59 1000 WX3F 59 MD 1
QSO: 21281 PH 2026-03-07 1932 ED8W 59 1000 W9IZ 59 IN 0
QSO: 28522 PH 2026-03-07 1932 ED8W 59 1000 AC5XV 59 AR 1
QSO: 21281 PH 2026-03-07 1932 ED8W 59 1000 VE3KP 59 ON 0
QSO: 21281 PH 2026-03-07 1933 ED8W 59 1000 N8JE 59 OH 0
QSO: 21281 PH 2026-03-07 1933 ED8W 59 1000 N3TU 59 DE 0
QSO: 28522 PH 2026-03-07 1933 ED8W 59 1000 KD2QMJ 59 NJ 1
QSO: 28522 PH 2026-03-07 1933 ED8W 59 1000 N9KIW 59 PA 1
QSO: 21281 PH 2026-03-07 1933 ED8W 59 1000 KM6UH 59 NY 0
QSO: 21281 PH 2026-03-07 1934 ED8W 59 1000 K9GMC 59 IL 0
QSO: 28522 PH 2026-03-07 1934 ED8W 59 1000 W1OM 59 NY 1
QSO: 21281 PH 2026-03-07 1934 ED8W 59 1000 KJ0I 59 CO 0
QSO: 28522 PH 2026-03-07 1934 ED8W 59 1000 N4VDX 59 NC 1
QSO: 28522 PH 2026-03-07 1934 ED8W 59 1000 NG0C 59 MN 1
QSO: 28522 PH 2026-03-07 1934 ED8W 59 1000 K6NO 59 CA 1
QSO: 21281 PH 2026-03-07 1934 ED8W 59 1000 VE7SAR 59 BC 0
QSO: 28522 PH 2026-03-07 1935 ED8W 59 1000 KC2FHY 59 NY 1
QSO: 21281 PH 2026-03-07 1935 ED8W 59 1000 NZ8C 59 OH 0
QSO: 21281 PH 2026-03-07 1935 ED8W 59 1000 KO5V 59 NM 0
QSO: 28522 PH 2026-03-07 1935 ED8W 59 1000 K4FWD 59 VA 1
QSO: 21281 PH 2026-03-07 1936 ED8W 59 1000 KQ5DHR 59 TX 0
QSO: 28522 PH 2026-03-07 1936 ED8W 59 1000 KT3X 59 TX 1
QSO: 21281 PH 2026-03-07 1936 ED8W 59 1000 NY6G 59 CA 0
QSO: 28522 PH 2026-03-07 1936 ED8W 59 1000 AA3HD 59 ME 1
QSO: 21281 PH 2026-03-07 1936 ED8W 59 1000 W6JWP 59 CA 0
QSO: 28522 PH 2026-03-07 1937 ED8W 59 1000 NI3C 59 MD 1
QSO: 21281 PH 2026-03-07 1937 ED8W 59 1000 VE4SI 59 MB 0
QSO: 28522 PH 2026-03-07 1937 ED8W 59 1000 K5RKW 59 TX 1
QSO: 21281 PH 2026-03-07 1937 ED8W 59 1000 KF8DEI 59 OH 0
QSO: 28522 PH 2026-03-07 1937 ED8W 59 1000 K4RES 59 FL 1
QSO: 21281 PH 2026-03-07 1938 ED8W 59 1000 W2VM 59 NY 0
QSO: 28522 PH 2026-03-07 1938 ED8W 59 1000 K2SE 59 NJ 1
QSO: 21281 PH 2026-03-07 1938 ED8W 59 1000 K8PK 59 OH 0
QSO: 28522 PH 2026-03-07 1938 ED8W 59 1000 W1RM 59 CT 1
QSO: 21281 PH 2026-03-07 1938 ED8W 59 1000 KE0WPA 59 MN 0
QSO: 21281 PH 2026-03-07 1938 ED8W 59 1000 K0MD 59 MN 0
QSO: 21281 PH 2026-03-07 1939 ED8W 59 1000 N5SRC 59 AR 0
QSO: 21281 PH 2026-03-07 1939 ED8W 59 1000 WM9A 59 OR 0
QSO: 21281 PH 2026-03-07 1939 ED8W 59 1000 VE2YJ 59 QC 0
QSO: 28522 PH 2026-03-07 1939 ED8W 59 1000 K6FA 59 CA 1
QSO: 21281 PH 2026-03-07 1939 ED8W 59 1000 KX2P 59 CO 0
QSO: 28522 PH 2026-03-07 1939 ED8W 59 1000 KM7AQE 59 UT 1
QSO: 21281 PH 2026-03-07 1939 ED8W 59 1000 W6FB 59 LA 0
QSO: 28522 PH 2026-03-07 1940 ED8W 59 1000 W7AVE 59 UT 1
QSO: 28522 PH 2026-03-07 1940 ED8W 59 1000 AK9PL 59 IL 1
QSO: 28522 PH 2026-03-07 1940 ED8W 59 1000 K2SQS 59 NJ 1
QSO: 21281 PH 2026-03-07 1940 ED8W 59 1000 KA1IDZ 59 CT 0
QSO: 21281 PH 2026-03-07 1941 ED8W 59 1000 WA0CIE 59 DE 0
QSO: 28522 PH 2026-03-07 1941 ED8W 59 1000 K0MAN 59 MN 1
QSO: 28522 PH 2026-03-07 1941 ED8W 59 1000 KG5KRZ 59 LA 1
QSO: 21281 PH 2026-03-07 1941 ED8W 59 1000 WA2CNV 59 NY 0
QSO: 28522 PH 2026-03-07 1941 ED8W 59 1000 WD2E 59 FL 1
QSO: 21281 PH 2026-03-07 1941 ED8W 59 1000 K0VG 59 MN 0
QSO: 21281 PH 2026-03-07 1942 ED8W 59 1000 W7VJ 59 WA 0
QSO: 21281 PH 2026-03-07 1942 ED8W 59 1000 W4ADQ 59 GA 0
QSO: 21281 PH 2026-03-07 1942 ED8W 59 1000 K9JFL 59 WI 0
QSO: 28522 PH 2026-03-07 1942 ED8W 59 1000 WA2MCR 59 NY 1
QSO: 28522 PH 2026-03-07 1942 ED8W 59 1000 WA4WDV 59 FL 1
QSO: 21281 PH 2026-03-07 1942 ED8W 59 1000 WA8OLN 59 MI 0
QSO: 28522 PH 2026-03-07 1943 ED8W 59 1000 KI0EB 59 KY 1
QSO: 21281 PH 2026-03-07 1943 ED8W 59 1000 KD2I 59 NJ 0
QSO: 28522 PH 2026-03-07 1943 ED8W 59 1000 NL7FU 59 CO 1
QSO: 21281 PH 2026-03-07 1943 ED8W 59 1000 W4EKY 59 NJ 0
QSO: 21281 PH 2026-03-07 1943 ED8W 59 1000 WK2W 59 NJ 0
QSO: 21281 PH 2026-03-07 1943 ED8W 59 1000 KE8RU 59 OH 0
QSO: 28522 PH 2026-03-07 1943 ED8W 59 1000 NW4TF 59 GA 1
QSO: 28522 PH 2026-03-07 1944 ED8W 59 1000 W1GRM 59 NY 1
QSO: 28522 PH 2026-03-07 1944 ED8W 59 1000 K2AS 59 NY 1
QSO: 28522 PH 2026-03-07 1944 ED8W 59 1000 W1JQ 59 CT 1
QSO: 21281 PH 2026-03-07 1944 ED8W 59 1000 VE7XF 59 BC 0
QSO: 21281 PH 2026-03-07 1944 ED8W 59 1000 N9JFF 59 IL 0
QSO: 28522 PH 2026-03-07 1944 ED8W 59 1000 K6FA 59 CA 1
QSO: 21281 PH 2026-03-07 1945 ED8W 59 1000 N5RKK 59 LA 0
QSO: 21281 PH 2026-03-07 1945 ED8W 59 1000 KS7T 59 MT 0
QSO: 21281 PH 2026-03-07 1945 ED8W 59 1000 W3EK 59 DE 0
QSO: 21281 PH 2026-03-07 1945 ED8W 59 1000 WO9G 59 IN 0
QSO: 28522 PH 2026-03-07 1945 ED8W 59 1000 N2PC 59 CO 1
QSO: 21281 PH 2026-03-07 1946 ED8W 59 1000 WB9TFH 59 WI 0
QSO: 28522 PH 2026-03-07 1946 ED8W 59 1000 N5BDT 59 TX 1
QSO: 21281 PH 2026-03-07 1946 ED8W 59 1000 KC1DF 59 MA 0
QSO: 21281 PH 2026-03-07 1946 ED8W 59 1000 KT7E 59 OR 0
QSO: 28522 PH 2026-03-07 1946 ED8W 59 1000 KR4FGX 59 AL 1
QSO: 21281 PH 2026-03-07 1946 ED8W 59 1000 WA2OMT 59 VA 0
QSO: 28522 PH 2026-03-07 1946 ED8W 59 1000 WA7G 59 CA 1
QSO: 21281 PH 2026-03-07 1947 ED8W 59 1000 WA2LMC 59 NC 0
QSO: 28522 PH 2026-03-07 1947 ED8W 59 1000 WX0Z 59 MN 1
QSO: 21281 PH 2026-03-07 1947 ED8W 59 1000 NG0C 59 MN 0
QSO: 28522 PH 2026-03-07 1947 ED8W 59 1000 KJ5BNI 59 TX 1
QSO: 21281 PH 2026-03-07 1947 ED8W 59 1000 N0KWA 59 LA 0
QSO: 21281 PH 2026-03-07 1947 ED8W 59 1000 W0IZ 59 CO 0
QSO: 28522 PH 2026-03-07 1948 ED8W 59 1000 KR4GVG 59 FL 1
QSO: 28522 PH 2026-03-07 1948 ED8W 59 1000 N6JW 59 CA 1
QSO: 21281 PH 2026-03-07 1949 ED8W 59 1000 NN4P 59 KY 0
QSO: 28522 PH 2026-03-07 1949 ED8W 59 1000 VE3JM 59 ON 1
QSO: 21281 PH 2026-03-07 1949 ED8W 59 1000 KC3FEK 59 PA 0
QSO: 28522 PH 2026-03-07 1949 ED8W 59 1000 KG5AXZ 59 TX 1
QSO: 28522 PH 2026-03-07 1949 ED8W 59 1000 K5BI 59 AR 1
QSO: 21281 PH 2026-03-07 1949 ED8W 59 1000 NT0Z 59 MN 0
QSO: 21281 PH 2026-03-07 1949 ED8W 59 1000 VE7CV 59 BC 0
QSO: 28522 PH 2026-03-07 1950 ED8W 59 1000 WA1T 59 NH 1
QSO: 28522 PH 2026-03-07 1950 ED8W 59 1000 N3CI 59 OK 1
QSO: 28522 PH 2026-03-07 1950 ED8W 59 1000 W0MB 59 MO 1
QSO: 28522 PH 2026-03-07 1950 ED8W 59 1000 W6ZBA 59 CA 1
QSO: 28522 PH 2026-03-07 1950 ED8W 59 1000 K0RAR 59 KS 1
QSO: 21281 PH 2026-03-07 1951 ED8W 59 1000 KC5EVU 59 TX 0
QSO: 28522 PH 2026-03-07 1951 ED8W 59 1000 K6KTS 59 CA 1
QSO: 21281 PH 2026-03-07 1951 ED8W 59 1000 KE0KOT 59 MN 0
QSO: 28522 PH 2026-03-07 1951 ED8W 59 1000 KE3LA 59 PA 1
QSO: 21281 PH 2026-03-07 1951 ED8W 59 1000 AB0RX 59 MO 0
QSO: 28522 PH 2026-03-07 1951 ED8W 59 1000 NF2Q 59 NY 1
QSO: 21281 PH 2026-03-07 1951 ED8W 59 1000 VA7OM 59 BC 0
QSO: 21281 PH 2026-03-07 1951 ED8W 59 1000 W4EE 59 FL 0
QSO: 28522 PH 2026-03-07 1952 ED8W 59 1000 WB2KLD 59 NY 1
QSO: 21281 PH 2026-03-07 1952 ED8W 59 1000 KA9OZP 59 IA 0
QSO: 21281 PH 2026-03-07 1952 ED8W 59 1000 AK9PL 59 IL 0
QSO: 21281 PH 2026-03-07 1952 ED8W 59 1000 W1VCM 59 CT 0
QSO: 21281 PH 2026-03-07 1952 ED8W 59 1000 N8RY 59 MI 0
QSO: 21281 PH 2026-03-07 1953 ED8W 59 1000 K9PG 59 IL 0
QSO: 28522 PH 2026-03-07 1953 ED8W 59 1000 K5MEA 59 TX 1
QSO: 21281 PH 2026-03-07 1953 ED8W 59 1000 VE3FH 59 ON 0
QSO: 28522 PH 2026-03-07 1953 ED8W 59 1000 NU1D 59 ME 1
QSO: 28522 PH 2026-03-07 1953 ED8W 59 1000 N6YMM 59 SC 1
QSO: 28522 PH 2026-03-07 1953 ED8W 59 1000 WW3G 59 VA 1
QSO: 28522 PH 2026-03-07 1954 ED8W 59 1000 K6TRK 59 CA 1
QSO: 28522 PH 2026-03-07 1955 ED8W 59 1000 K6DW 59 CA 1
QSO: 28522 PH 2026-03-07 1955 ED8W 59 1000 KB5SAV 59 LA 1
QSO: 21281 PH 2026-03-07 1955 ED8W 59 1000 N2UHI 59 NC 0
QSO: 28522 PH 2026-03-07 1955 ED8W 59 1000 AA5XD 59 OK 1
QSO: 21281 PH 2026-03-07 1955 ED8W 59 1000 WO2Y 59 NJ 0
QSO: 21281 PH 2026-03-07 1956 ED8W 59 1000 AF5CC 59 OK 0
QSO: 28522 PH 2026-03-07 1956 ED8W 59 1000 AC2N 59 FL 1
QSO: 21281 PH 2026-03-07 1956 ED8W 59 1000 AI4WW 59 FL 0
QSO: 28522 PH 2026-03-07 1956 ED8W 59 1000 VE2IAG 59 QC 1
QSO: 28522 PH 2026-03-07 1956 ED8W 59 1000 NX9T 59 NC 1
QSO: 28522 PH 2026-03-07 1956 ED8W 59 1000 N4JAP 59 GA 1
QSO: 21281 PH 2026-03-07 1957 ED8W 59 1000 W6CPL 59 CA 0
QSO: 28522 PH 2026-03-07 1957 ED8W 59 1000 VE3PVH 59 ON 1
QSO: 21281 PH 2026-03-07 1957 ED8W 59 1000 K9QC 59 WI 0
QSO: 21281 PH 2026-03-07 1957 ED8W 59 1000 K9MMS 59 IL 0
QSO: 21281 PH 2026-03-07 1957 ED8W 59 1000 N3CMI 59 WY 0
QSO: 28522 PH 2026-03-07 1957 ED8W 59 1000 N3KF 59 PA 1
QSO: 21281 PH 2026-03-07 1957 ED8W 59 1000 K3ZR 59 PA 0
QSO: 21281 PH 2026-03-07 1958 ED8W 59 1000 KD9NCI 59 WI 0
QSO: 28522 PH 2026-03-07 1958 ED8W 59 1000 VE9EZ/P 59 NS 1
QSO: 21281 PH 2026-03-07 1958 ED8W 59 1000 NL7FU 59 CO 0
QSO: 28522 PH 2026-03-07 1958 ED8W 59 1000 WD0GTY 59 OK 1
QSO: 28522 PH 2026-03-07 1959 ED8W 59 1000 WB2NVR 59 NY 1
QSO: 21281 PH 2026-03-07 1959 ED8W 59 1000 AB1PA 59 MA 0
QSO: 21281 PH 2026-03-07 1959 ED8W 59 1000 KN4ULD 59 FL 0
QSO: 21281 PH 2026-03-07 2000 ED8W 59 1000 WA6LDI 59 CA 0
QSO: 21281 PH 2026-03-07 2000 ED8W 59 1000 W3USR 59 PA 0
QSO: 21281 PH 2026-03-07 2000 ED8W 59 1000 K3TW 59 FL 0
QSO: 28522 PH 2026-03-07 2001 ED8W 59 1000 K0WES 59 CO 1
QSO: 21281 PH 2026-03-07 2001 ED8W 59 1000 WR1B 59 PA 0
QSO: 21281 PH 2026-03-07 2001 ED8W 59 1000 K8EEN 59 OH 0
QSO: 21281 PH 2026-03-07 2001 ED8W 59 1000 W6QU 59 CA 0
QSO: 21281 PH 2026-03-07 2001 ED8W 59 1000 KK2W 59 NY 0
QSO: 28522 PH 2026-03-07 2002 ED8W 59 1000 W1AMJ 59 CT 1
QSO: 21281 PH 2026-03-07 2002 ED8W 59 1000 N9GUN 59 IL 0
QSO: 21281 PH 2026-03-07 2002 ED8W 59 1000 WA8ZBT 59 TX 0
QSO: 21281 PH 2026-03-07 2002 ED8W 59 1000 AA1N 59 MA 0
QSO: 28522 PH 2026-03-07 2003 ED8W 59 1000 VE1BLL 59 NS 1
QSO: 21281 PH 2026-03-07 2003 ED8W 59 1000 N1GCN 59 CT 0
QSO: 28522 PH 2026-03-07 2003 ED8W 59 1000 W5RCD 59 TX 1
QSO: 21281 PH 2026-03-07 2003 ED8W 59 1000 KB3PC 59 PA 0
QSO: 28522 PH 2026-03-07 2003 ED8W 59 1000 W4FNP 59 FL 1
QSO: 28522 PH 2026-03-07 2003 ED8W 59 1000 N7MZW 59 WY 1
QSO: 21281 PH 2026-03-07 2003 ED8W 59 1000 KQ4GDB 59 GA 0
QSO: 21281 PH 2026-03-07 2004 ED8W 59 1000 WA2LQR 59 NY 0
QSO: 28522 PH 2026-03-07 2004 ED8W 59 1000 N0TTZ 59 WY 1
QSO: 21281 PH 2026-03-07 2004 ED8W 59 1000 W9ZMK 59 IN 0
QSO: 28522 PH 2026-03-07 2004 ED8W 59 1000 K4DR 59 TN 1
QSO: 28522 PH 2026-03-07 2004 ED8W 59 1000 VE2YJ 59 QC 1
QSO: 21281 PH 2026-03-07 2004 ED8W 59 1000 KC5DI 59 LA 0
QSO: 28522 PH 2026-03-07 2005 ED8W 59 1000 KR4HVV 59 VA 1
QSO: 21281 PH 2026-03-07 2005 ED8W 59 1000 AG7KO 59 WA 0
QSO: 28522 PH 2026-03-07 2005 ED8W 59 1000 AA4KH 59 FL 1
QSO: 21281 PH 2026-03-07 2005 ED8W 59 1000 K0TG 59 MN 0
QSO: 21281 PH 2026-03-07 2005 ED8W 59 1000 VA2GK 59 QC 0
QSO: 28522 PH 2026-03-07 2005 ED8W 59 1000 KC0PUN 59 MO 1
QSO: 28522 PH 2026-03-07 2005 ED8W 59 1000 KA2WIK 59 NY 1
QSO: 21281 PH 2026-03-07 2005 ED8W 59 1000 N0ZWP 59 NE 0
QSO: 21281 PH 2026-03-07 2006 ED8W 59 1000 K6GHA 59 CA 0
QSO: 21281 PH 2026-03-07 2006 ED8W 59 1000 KC2G 59 NJ 0
QSO: 28522 PH 2026-03-07 2006 ED8W 59 1000 N6MEJ/M 59 AL 1
QSO: 21281 PH 2026-03-07 2006 ED8W 59 1000 K3YDX 59 NC 0
QSO: 21281 PH 2026-03-07 2006 ED8W 59 1000 W0UC 59 MN 0
QSO: 28522 PH 2026-03-07 2006 ED8W 59 1000 4U1WB 59 DC 1
QSO: 21281 PH 2026-03-07 2007 ED8W 59 1000 WA0WWW 59 WA 0
QSO: 21281 PH 2026-03-07 2007 ED8W 59 1000 KG5JCK 59 TX 0
QSO: 28522 PH 2026-03-07 2007 ED8W 59 1000 KX4TT 59 FL 1
QSO: 28522 PH 2026-03-07 2007 ED8W 59 1000 VE3GYL 59 ON 1
QSO: 21281 PH 2026-03-07 2007 ED8W 59 1000 NX5DX 59 VA 0
QSO: 21281 PH 2026-03-07 2008 ED8W 59 1000 AK0M 59 IA 0
QSO: 28522 PH 2026-03-07 2008 ED8W 59 1000 K7SWS 59 MT 1
QSO: 28522 PH 2026-03-07 2008 ED8W 59 1000 K1RV 59 MA 1
QSO: 21281 PH 2026-03-07 2008 ED8W 59 1000 VE3JM 59 ON 0
QSO: 21281 PH 2026-03-07 2009 ED8W 59 1000 VE7SCC 59 BC 0
QSO: 28522 PH 2026-03-07 2009 ED8W 59 1000 VE7ZO 59 BC 1
QSO: 21281 PH 2026-03-07 2009 ED8W 59 1000 KA8SMA 59 MI 0
QSO: 28522 PH 2026-03-07 2009 ED8W 59 1000 AD7OV 59 UT 1
QSO: 21281 PH 2026-03-07 2009 ED8W 59 1000 KA3MTT 59 KY 0
QSO: 28522 PH 2026-03-07 2009 ED8W 59 1000 K4RFK 59 GA 1
QSO: 28522 PH 2026-03-07 2010 ED8W 59 1000 KQ4EHF 59 GA 1
QSO: 28522 PH 2026-03-07 2010 ED8W 59 1000 K4ZGV 59 SC 1
QSO: 21281 PH 2026-03-07 2010 ED8W 59 1000 KJ6TQ 59 MO 0
QSO: 21281 PH 2026-03-07 2010 ED8W 59 1000 N6DW 59 VA 0
QSO: 28522 PH 2026-03-07 2010 ED8W 59 1000 WD0FHK 59 KS 1
QSO: 21281 PH 2026-03-07 2010 ED8W 59 1000 W6ZBA 59 CA 0
QSO: 28522 PH 2026-03-07 2010 ED8W 59 1000 KW5HP 59 AR 1
QSO: 28522 PH 2026-03-07 2010 ED8W 59 1000 N4DMX 59 GA 1
QSO: 21281 PH 2026-03-07 2010 ED8W 59 1000 N8WCP 59 OH 0
QSO: 21281 PH 2026-03-07 2011 ED8W 59 1000 KA4OTB 59 AR 0
QSO: 28522 PH 2026-03-07 2011 ED8W 59 1000 NU6S 59 CA 1
QSO: 21281 PH 2026-03-07 2011 ED8W 59 1000 KI8AN 59 MI 0
QSO: 28522 PH 2026-03-07 2011 ED8W 59 1000 WB2ZAB 59 MD 1
QSO: 21281 PH 2026-03-07 2011 ED8W 59 1000 KE2YG 59 DE 0
QSO: 28522 PH 2026-03-07 2011 ED8W 59 1000 KA0OSN 59 KS 1
QSO: 21281 PH 2026-03-07 2011 ED8W 59 1000 W3HKK 59 OH 0
QSO: 28522 PH 2026-03-07 2012 ED8W 59 1000 WB2UDC 59 NJ 1
QSO: 21281 PH 2026-03-07 2012 ED8W 59 1000 W0DAS 59 CO 0
QSO: 21281 PH 2026-03-07 2012 ED8W 59 1000 KE9RMW 59 IN 0
QSO: 28522 PH 2026-03-07 2013 ED8W 59 1000 W9ARO 59 FL 1
QSO: 21281 PH 2026-03-07 2013 ED8W 59 1000 W8TJM 59 WA 0
QSO: 21281 PH 2026-03-07 2013 ED8W 59 1000 K1TDM 59 NC 0
QSO: 21281 PH 2026-03-07 2013 ED8W 59 1000 WV8TG 59 GA 0
QSO: 21281 PH 2026-03-07 2013 ED8W 59 1000 KA2WIK 59 NY 0
QSO: 21281 PH 2026-03-07 2014 ED8W 59 1000 KG5RPZ 59 LA 0
QSO: 28522 PH 2026-03-07 2014 ED8W 59 1000 NU4R 59 FL 1
QSO: 28522 PH 2026-03-07 2014 ED8W 59 1000 N6AA 59 CA 1
QSO: 21281 PH 2026-03-07 2014 ED8W 59 1000 VE7NE 59 BC 0
QSO: 28522 PH 2026-03-07 2014 ED8W 59 1000 AA1TS 59 MA 1
QSO: 28522 PH 2026-03-07 2015 ED8W 59 1000 K4OJM 59 GA 1
QSO: 21281 PH 2026-03-07 2015 ED8W 59 1000 N4TFE 59 GA 0
QSO: 28522 PH 2026-03-07 2015 ED8W 59 1000 N3DXD 59 GA 1
QSO: 28522 PH 2026-03-07 2015 ED8W 59 1000 N3MED 59 PA 1
QSO: 28522 PH 2026-03-07 2015 ED8W 59 1000 W4LLJ 59 GA 1
QSO: 21281 PH 2026-03-07 2015 ED8W 59 1000 KC2KZJ 59 NJ 0
QSO: 28522 PH 2026-03-07 2015 ED8W 59 1000 K0MD 59 MN 1
QSO: 21281 PH 2026-03-07 2016 ED8W 59 1000 AB1ED 59 CT 0
QSO: 28522 PH 2026-03-07 2016 ED8W 59 1000 N3CMZ 59 MD 1
QSO: 21281 PH 2026-03-07 2016 ED8W 59 1000 N5RP 59 IL 0
QSO: 28522 PH 2026-03-07 2016 ED8W 59 1000 N3PPE 59 PA 1
QSO: 28522 PH 2026-03-07 2016 ED8W 59 1000 VY2DS 59 PE 1
QSO: 21281 PH 2026-03-07 2016 ED8W 59 1000 K2GAV 59 NC 0
QSO: 21281 PH 2026-03-07 2016 ED8W 59 1000 AE0DX 59 IA 0
QSO: 28522 PH 2026-03-07 2017 ED8W 59 1000 N1VSX 59 RI 1
QSO: 28522 PH 2026-03-07 2017 ED8W 59 1000 VE9WH 59 NB 1
QSO: 21281 PH 2026-03-07 2017 ED8W 59 1000 KA2FIR 59 NJ 0
QSO: 21281 PH 2026-03-07 2017 ED8W 59 1000 KX4TT 59 FL 0
QSO: 21281 PH 2026-03-07 2017 ED8W 59 1000 K3WGR 59 PA 0
QSO: 28522 PH 2026-03-07 2017 ED8W 59 1000 WB6SWI 59 CA 1
QSO: 21281 PH 2026-03-07 2017 ED8W 59 1000 N8BV 59 OH 0
QSO: 28522 PH 2026-03-07 2018 ED8W 59 1000 K8BYP 59 TN 1
QSO: 28522 PH 2026-03-07 2018 ED8W 59 1000 W2GI 59 FL 1
QSO: 21281 PH 2026-03-07 2018 ED8W 59 1000 N0TXW 59 MN 0
QSO: 21281 PH 2026-03-07 2018 ED8W 59 1000 KC5TM 59 OK 0
QSO: 21281 PH 2026-03-07 2018 ED8W 59 1000 WB2NVR 59 NY 0
QSO: 28522 PH 2026-03-07 2018 ED8W 59 1000 N4BQQ 59 SC 1
QSO: 21281 PH 2026-03-07 2018 ED8W 59 1000 KA8WUW 59 OH 0
QSO: 28522 PH 2026-03-07 2019 ED8W 59 1000 K1NR 59 MA 1
QSO: 21281 PH 2026-03-07 2019 ED8W 59 1000 N3NGE 59 PA 0
QSO: 28522 PH 2026-03-07 2019 ED8W 59 1000 KR4HFD 59 GA 1
QSO: 21281 PH 2026-03-07 2019 ED8W 59 1000 N5HME 59 TX 0
QSO: 21281 PH 2026-03-07 2019 ED8W 59 1000 KD0KIB 59 MO 0
QSO: 28522 PH 2026-03-07 2020 ED8W 59 1000 KE4YZT 59 AL 1
QSO: 21281 PH 2026-03-07 2020 ED8W 59 1000 K3DQB 59 PA 0
QSO: 28522 PH 2026-03-07 2020 ED8W 59 1000 NA2SW 59 NJ 1
QSO: 21281 PH 2026-03-07 2021 ED8W 59 1000 W3RRM 59 MD 0
QSO: 28522 PH 2026-03-07 2021 ED8W 59 1000 W5MWS 59 TX 1
QSO: 21281 PH 2026-03-07 2021 ED8W 59 1000 N2YIE 59 NJ 0
QSO: 21281 PH 2026-03-07 2021 ED8W 59 1000 KA3KHZ 59 DE 0
QSO: 21281 PH 2026-03-07 2021 ED8W 59 1000 K9TV 59 WI 0
QSO: 28522 PH 2026-03-07 2021 ED8W 59 1000 KJ5BUE 59 TX 1
QSO: 21281 PH 2026-03-07 2022 ED8W 59 1000 NU4R 59 FL 0
QSO: 28522 PH 2026-03-07 2022 ED8W 59 1000 KB2URI 59 NY 1
QSO: 21281 PH 2026-03-07 2022 ED8W 59 1000 AB9YC 59 IL 0
QSO: 28522 PH 2026-03-07 2022 ED8W 59 1000 KQ4LTY 59 FL 1
QSO: 21281 PH 2026-03-07 2022 ED8W 59 1000 K4KNO 59 FL 0
QSO: 28522 PH 2026-03-07 2022 ED8W 59 1000 KC3WWP 59 MD 1
QSO: 28522 PH 2026-03-07 2022 ED8W 59 1000 AA1N 59 MA 1
QSO: 21281 PH 2026-03-07 2022 ED8W 59 1000 N8YDM 59 OH 0
QSO: 28522 PH 2026-03-07 2023 ED8W 59 1000 KC1VXF 59 NH 1
QSO: 21281 PH 2026-03-07 2023 ED8W 59 1000 KC3UNI 59 PA 0
QSO: 28522 PH 2026-03-07 2023 ED8W 59 1000 N9CWB 59 NY 1
QSO: 28522 PH 2026-03-07 2023 ED8W 59 1000 N3MON 59 PA 1
QSO: 28522 PH 2026-03-07 2024 ED8W 59 1000 N5HVD 59 OK 1
QSO: 21281 PH 2026-03-07 2024 ED8W 59 1000 K9JF/7 59 WA 0
QSO: 28522 PH 2026-03-07 2025 ED8W 59 1000 K7RJ 59 AZ 1
QSO: 21281 PH 2026-03-07 2025 ED8W 59 1000 W8CRR 59 OH 0
QSO: 21281 PH 2026-03-07 2025 ED8W 59 1000 KD2REH 59 NY 0
QSO: 28522 PH 2026-03-07 2025 ED8W 59 1000 KJ5JKQ 59 OK 1
QSO: 21281 PH 2026-03-07 2025 ED8W 59 1000 VE9WH 59 NB 0
QSO: 28522 PH 2026-03-07 2025 ED8W 59 1000 W4NT 59 GA 1
QSO: 21281 PH 2026-03-07 2025 ED8W 59 1000 KS3F 59 PA 0
QSO: 28522 PH 2026-03-07 2026 ED8W 59 1000 KG9D 59 AL 1
QSO: 28522 PH 2026-03-07 2026 ED8W 59 1000 W9YUM 59 IL 1
QSO: 21281 PH 2026-03-07 2026 ED8W 59 1000 W7CEJ 59 UT 0
QSO: 21281 PH 2026-03-07 2026 ED8W 59 1000 KB4MUO 59 GA 0
QSO: 28522 PH 2026-03-07 2027 ED8W 59 1000 KK6ZTP 59 CA 1
QSO: 28522 PH 2026-03-07 2027 ED8W 59 1000 KQ4GDB 59 GA 1
QSO: 21281 PH 2026-03-07 2027 ED8W 59 1000 KA1ZE 59 FL 0
QSO: 28522 PH 2026-03-07 2027 ED8W 59 1000 N5ZKF 59 TX 1
QSO: 28522 PH 2026-03-07 2027 ED8W 59 1000 W5KKA 59 TX 1
QSO: 28522 PH 2026-03-07 2028 ED8W 59 1000 W9CPL 59 IL 1
QSO: 28522 PH 2026-03-07 2028 ED8W 59 1000 KC3ZWZ 59 PA 1
QSO: 21281 PH 2026-03-07 2028 ED8W 59 1000 AA5AH 59 TX 0
QSO: 28522 PH 2026-03-07 2028 ED8W 59 1000 AC5XK 59 MA 1
QSO: 21281 PH 2026-03-07 2028 ED8W 59 1000 NX1K 59 MA 0
QSO: 28522 PH 2026-03-07 2029 ED8W 59 1000 WA2LOT 59 NJ 1
QSO: 21281 PH 2026-03-07 2029 ED8W 59 1000 K1NR 59 MA 0
QSO: 28522 PH 2026-03-07 2029 ED8W 59 1000 KJ4CGU 59 FL 1
QSO: 21281 PH 2026-03-07 2029 ED8W 59 1000 KB4OK 59 FL 0
QSO: 28522 PH 2026-03-07 2029 ED8W 59 1000 KB4MUO 59 GA 1
QSO: 21281 PH 2026-03-07 2029 ED8W 59 1000 N9NQA 59 IL 0
QSO: 28522 PH 2026-03-07 2029 ED8W 59 1000 WY1H 59 NY 1
QSO: 28522 PH 2026-03-07 2029 ED8W 59 1000 AD4GG 59 TN 1
QSO: 21281 PH 2026-03-07 2030 ED8W 59 1000 N6RND 59 CA 0
QSO: 28522 PH 2026-03-07 2030 ED8W 59 1000 KB4MG 59 GA 1
QSO: 21281 PH 2026-03-07 2030 ED8W 59 1000 W2ECK 59 GA 0
QSO: 28522 PH 2026-03-07 2030 ED8W 59 1000 WW7DX 59 AZ 1
QSO: 28522 PH 2026-03-07 2030 ED8W 59 1000 KW6SA 59 CA 1
QSO: 21281 PH 2026-03-07 2030 ED8W 59 1000 VE1JS 59 NS 0
QSO: 28522 PH 2026-03-07 2031 ED8W 59 1000 AF0F 59 KS 1
QSO: 28522 PH 2026-03-07 2031 ED8W 59 1000 AD1C 59 CO 1
QSO: 21281 PH 2026-03-07 2031 ED8W 59 1000 KQ4HAC 59 FL 0
QSO: 28522 PH 2026-03-07 2031 ED8W 59 1000 VA3AAA 59 ON 1
QSO: 21281 PH 2026-03-07 2031 ED8W 59 1000 W3ACR 59 IL 0
QSO: 28522 PH 2026-03-07 2031 ED8W 59 1000 N4CRP 59 GA 1
QSO: 21281 PH 2026-03-07 2031 ED8W 59 1000 KT7P 59 AZ 0
QSO: 28522 PH 2026-03-07 2032 ED8W 59 1000 KC7EVA 59 MD 1
QSO: 21281 PH 2026-03-07 2032 ED8W 59 1000 WB7AKE 59 WA 0
QSO: 28522 PH 2026-03-07 2032 ED8W 59 1000 AK4D 59 NC 1
QSO: 28522 PH 2026-03-07 2032 ED8W 59 1000 N1MUK 59 MA 1
QSO: 28522 PH 2026-03-07 2033 ED8W 59 1000 VA6MA 59 AB 1
QSO: 21281 PH 2026-03-07 2033 ED8W 59 1000 AG7CC 59 WA 0
QSO: 28522 PH 2026-03-07 2033 ED8W 59 1000 W1SZ 59 NH 1
QSO: 21281 PH 2026-03-07 2033 ED8W 59 1000 KC9UDL 59 IL 0
QSO: 28522 PH 2026-03-07 2033 ED8W 59 1000 KR4EVE 59 FL 1
QSO: 28522 PH 2026-03-07 2034 ED8W 59 1000 KC1VXV 59 MA 1
QSO: 21281 PH 2026-03-07 2034 ED8W 59 1000 K2WW 59 NY 0
QSO: 21281 PH 2026-03-07 2034 ED8W 59 1000 VE3RIA 59 ON 0
QSO: 21281 PH 2026-03-07 2034 ED8W 59 1000 K1BZM 59 MA 0
QSO: 28522 PH 2026-03-07 2034 ED8W 59 1000 WA3EEC 59 MA 1
QSO: 21281 PH 2026-03-07 2034 ED8W 59 1000 W0MB 59 MO 0
QSO: 28522 PH 2026-03-07 2035 ED8W 59 1000 NJ5X 59 CA 1
QSO: 21281 PH 2026-03-07 2035 ED8W 59 1000 VE3WMI 59 ON 0
QSO: 28522 PH 2026-03-07 2035 ED8W 59 1000 W8WJG 59 MI 1
QSO: 21281 PH 2026-03-07 2035 ED8W 59 1000 WB2KUT 59 NY 0
QSO: 28522 PH 2026-03-07 2035 ED8W 59 1000 N2KHH 59 NY 1
QSO: 21281 PH 2026-03-07 2036 ED8W 59 1000 K1RV 59 MA 0
QSO: 21281 PH 2026-03-07 2036 ED8W 59 1000 KK1L 59 VT 0
QSO: 28522 PH 2026-03-07 2036 ED8W 59 1000 KU4OJ 59 GA 1
QSO: 21281 PH 2026-03-07 2036 ED8W 59 1000 WE0Q 59 MN 0
QSO: 21281 PH 2026-03-07 2037 ED8W 59 1000 VE7IEF 59 BC 0
QSO: 28522 PH 2026-03-07 2037 ED8W 59 1000 VE3UIQ 59 ON 1
QSO: 21281 PH 2026-03-07 2037 ED8W 59 1000 KC7DB 59 AZ 0
QSO: 28522 PH 2026-03-07 2037 ED8W 59 1000 W3HKK 59 OH 1
QSO: 21281 PH 2026-03-07 2038 ED8W 59 1000 VA3WW 59 ON 0
QSO: 28522 PH 2026-03-07 2038 ED8W 59 1000 KE0KOT 59 MN 1
QSO: 21281 PH 2026-03-07 2038 ED8W 59 1000 N8ERL 59 MI 0
QSO: 28522 PH 2026-03-07 2038 ED8W 59 1000 KD4RAF 59 KY 1
QSO: 21281 PH 2026-03-07 2038 ED8W 59 1000 K2AS 59 NY 0
QSO: 21281 PH 2026-03-07 2038 ED8W 59 1000 W7DK 59 WA 0
QSO: 28522 PH 2026-03-07 2038 ED8W 59 1000 AG4DW 59 GA 1
QSO: 28522 PH 2026-03-07 2038 ED8W 59 1000 KD2MND 59 NY 1
QSO: 21281 PH 2026-03-07 2039 ED8W 59 1000 W7JHR 59 OR 0
QSO: 28522 PH 2026-03-07 2039 ED8W 59 1000 KE4D 59 FL 1
QSO: 28522 PH 2026-03-07 2039 ED8W 59 1000 WA7TT 59 ID 1
QSO: 21281 PH 2026-03-07 2039 ED8W 59 1000 K0HT 59 GA 0
QSO: 28522 PH 2026-03-07 2039 ED8W 59 1000 KZ4ZD 59 GA 1
QSO: 21281 PH 2026-03-07 2040 ED8W 59 1000 AC7MX 59 WA 0
QSO: 28522 PH 2026-03-07 2040 ED8W 59 1000 N1CEO 59 MA 1
QSO: 28522 PH 2026-03-07 2040 ED8W 59 1000 WK2W 59 NJ 1
QSO: 28522 PH 2026-03-07 2040 ED8W 59 1000 K3YDX 59 NC 1
QSO: 21281 PH 2026-03-07 2041 ED8W 59 1000 KK4ENI 59 FL 0
QSO: 28522 PH 2026-03-07 2041 ED8W 59 1000 KQ4VUT 59 GA 1
QSO: 21281 PH 2026-03-07 2041 ED8W 59 1000 K7FX 59 AZ 0
QSO: 21281 PH 2026-03-07 2042 ED8W 59 1000 KO2OK 59 NJ 0
QSO: 21281 PH 2026-03-07 2042 ED8W 59 1000 K4CPO 59 TN 0
QSO: 21281 PH 2026-03-07 2042 ED8W 59 1000 NW4TF 59 GA 0
QSO: 28522 PH 2026-03-07 2042 ED8W 59 1000 KT7E 59 OR 1
QSO: 21281 PH 2026-03-07 2043 ED8W 59 1000 N3PPE 59 PA 0
QSO: 28522 PH 2026-03-07 2043 ED8W 59 1000 W3FOX 59 MD 1
QSO: 21281 PH 2026-03-07 2044 ED8W 59 1000 KF0LVZ 59 KS 0
QSO: 28522 PH 2026-03-07 2044 ED8W 59 1000 KJ6TQ 59 MO 1
QSO: 21281 PH 2026-03-07 2044 ED8W 59 1000 WB5SHV 59 TX 0
QSO: 28522 PH 2026-03-07 2044 ED8W 59 1000 WM7C 59 CA 1
QSO: 21281 PH 2026-03-07 2044 ED8W 59 1000 NE2V 59 NJ 0
QSO: 21281 PH 2026-03-07 2044 ED8W 59 1000 W2GS 59 MS 0
QSO: 21281 PH 2026-03-07 2045 ED8W 59 1000 K2YY 59 NJ 0
QSO: 21281 PH 2026-03-07 2045 ED8W 59 1000 W7TMT 59 WA 0
QSO: 28522 PH 2026-03-07 2045 ED8W 59 1000 KY0L 59 NE 1
QSO: 21281 PH 2026-03-07 2045 ED8W 59 1000 KO4FAW 59 NC 0
QSO: 21281 PH 2026-03-07 2046 ED8W 59 1000 VE3CW 59 ON 0
QSO: 28522 PH 2026-03-07 2046 ED8W 59 1000 NY1E 59 ME 1
QSO: 28522 PH 2026-03-07 2046 ED8W 59 1000 KR4GXJ 59 AL 1
QSO: 21281 PH 2026-03-07 2046 ED8W 59 1000 N6LCT 59 CA 0
QSO: 28522 PH 2026-03-07 2046 ED8W 59 1000 N0DL 59 SD 1
QSO: 21281 PH 2026-03-07 2046 ED8W 59 1000 AE4GW 59 TN 0
QSO: 21281 PH 2026-03-07 2046 ED8W 59 1000 VE9CF 59 NB 0
QSO: 28522 PH 2026-03-07 2047 ED8W 59 1000 N5VHT 59 LA 1
QSO: 21281 PH 2026-03-07 2047 ED8W 59 1000 AE0MO 59 KS 0
QSO: 28522 PH 2026-03-07 2047 ED8W 59 1000 K2MWC 59 NJ 1
QSO: 21281 PH 2026-03-07 2047 ED8W 59 1000 AK4D 59 NC 0
QSO: 28522 PH 2026-03-07 2047 ED8W 59 1000 N1ULU 59 ME 1
QSO: 21281 PH 2026-03-07 2047 ED8W 59 1000 N4SAX 59 FL 0
QSO: 21281 PH 2026-03-07 2047 ED8W 59 1000 KI5RK 59 TX 0
QSO: 28522 PH 2026-03-07 2048 ED8W 59 1000 WR9AN 59 IN 1
QSO: 21281 PH 2026-03-07 2048 ED8W 59 1000 W1SZ 59 NH 0
QSO: 21281 PH 2026-03-07 2048 ED8W 59 1000 N3UUS 59 MI 0
QSO: 28522 PH 2026-03-07 2048 ED8W 59 1000 KK5FOX 59 TX 1
QSO: 21281 PH 2026-03-07 2048 ED8W 59 1000 AA4PZ 59 AL 0
QSO: 28522 PH 2026-03-07 2048 ED8W 59 1000 N1IG 59 NC 1
QSO: 21281 PH 2026-03-07 2048 ED8W 59 1000 N6GWH 59 CA 0
QSO: 28522 PH 2026-03-07 2049 ED8W 59 1000 KB7ZZ 59 NC 1
QSO: 28522 PH 2026-03-07 2049 ED8W 59 1000 KB0KSA 59 MO 1
QSO: 21281 PH 2026-03-07 2049 ED8W 59 1000 N2MLB 59 NY 0
QSO: 28522 PH 2026-03-07 2049 ED8W 59 1000 W6BT 59 CA 1
QSO: 21281 PH 2026-03-07 2049 ED8W 59 1000 K5GAT 59 TX 0
QSO: 28522 PH 2026-03-07 2049 ED8W 59 1000 KQ4TNF 59 NC 1
QSO: 21281 PH 2026-03-07 2049 ED8W 59 1000 WX0Z 59 MN 0
QSO: 28522 PH 2026-03-07 2050 ED8W 59 1000 VA3CBU 59 ON 1
QSO: 21281 PH 2026-03-07 2050 ED8W 59 1000 WY1H 59 NY 0
QSO: 21281 PH 2026-03-07 2050 ED8W 59 1000 W2PI 59 NY 0
QSO: 28522 PH 2026-03-07 2050 ED8W 59 1000 N5PV 59 TX 1
QSO: 28522 PH 2026-03-07 2050 ED8W 59 1000 K1BZ 59 ME 1
QSO: 28522 PH 2026-03-07 2050 ED8W 59 1000 KK4SQU 59 TN 1
QSO: 28522 PH 2026-03-07 2051 ED8W 59 1000 K4VBS 59 NC 1
QSO: 28522 PH 2026-03-07 2051 ED8W 59 1000 W7RMX 59 ID 1
QSO: 21281 PH 2026-03-07 2051 ED8W 59 1000 K4FTO 59 VA 0
QSO: 28522 PH 2026-03-07 2051 ED8W 59 1000 K3DQB 59 PA 1
QSO: 21281 PH 2026-03-07 2051 ED8W 59 1000 WY9M 59 IL 0
QSO: 21281 PH 2026-03-07 2051 ED8W 59 1000 WA1YGT 59 ME 0
QSO: 28522 PH 2026-03-07 2052 ED8W 59 1000 KG5ZQ 59 OK 1
QSO: 21281 PH 2026-03-07 2052 ED8W 59 1000 N8HKU 59 MI 0
QSO: 28522 PH 2026-03-07 2052 ED8W 59 1000 W4UYE 59 GA 1
QSO: 21281 PH 2026-03-07 2052 ED8W 59 1000 WA2DHG 59 OH 0
QSO: 21281 PH 2026-03-07 2053 ED8W 59 1000 N0TDJ 59 IA 0
QSO: 21281 PH 2026-03-07 2053 ED8W 59 1000 W3RJ 59 PA 0
QSO: 28522 PH 2026-03-07 2053 ED8W 59 1000 W4NDY 59 GA 1
QSO: 28522 PH 2026-03-07 2053 ED8W 59 1000 W7EW 59 OR 1
QSO: 21281 PH 2026-03-07 2053 ED8W 59 1000 K0JJM 59 KS 0
QSO: 21281 PH 2026-03-07 2053 ED8W 59 1000 N8STY 59 MI 0
QSO: 28522 PH 2026-03-07 2054 ED8W 59 1000 AE0MO 59 KS 1
QSO: 21281 PH 2026-03-07 2054 ED8W 59 1000 KU4OJ 59 GA 0
QSO: 21281 PH 2026-03-07 2054 ED8W 59 1000 W7PV 59 AZ 0
QSO: 28522 PH 2026-03-07 2054 ED8W 59 1000 WY9N 59 TN 1
QSO: 21281 PH 2026-03-07 2055 ED8W 59 1000 W6ECK 59 CA 0
QSO: 21281 PH 2026-03-07 2055 ED8W 59 1000 WT0N 59 CO 0
QSO: 21281 PH 2026-03-07 2056 ED8W 59 1000 KT5W 59 TX 0
QSO: 28522 PH 2026-03-07 2056 ED8W 59 1000 VA3DFB 59 ON 1
QSO: 28522 PH 2026-03-07 2056 ED8W 59 1000 AA1K 59 DE 1
QSO: 21281 PH 2026-03-07 2056 ED8W 59 1000 KR4OW 59 FL 0
QSO: 28522 PH 2026-03-07 2056 ED8W 59 1000 KJ5GCH 59 TX 1
QSO: 21281 PH 2026-03-07 2057 ED8W 59 1000 KB7RUQ 59 UT 0
QSO: 28522 PH 2026-03-07 2057 ED8W 59 1000 VA2GK 59 QC 1
QSO: 28522 PH 2026-03-07 2057 ED8W 59 1000 W3WWP 59 PA 1
QSO: 21281 PH 2026-03-07 2057 ED8W 59 1000 KD8ZBS 59 OH 0
QSO: 28522 PH 2026-03-07 2057 ED8W 59 1000 AC1SQ 59 CT 1
QSO: 21281 PH 2026-03-07 2057 ED8W 59 1000 N0FUK 59 IA 0
QSO: 21281 PH 2026-03-07 2057 ED8W 59 1000 K4SUE 59 SC 0
QSO: 28522 PH 2026-03-07 2058 ED8W 59 1000 KE8SSU 59 MI 1
QSO: 21281 PH 2026-03-07 2058 ED8W 59 1000 KQ4OXK 59 SC 0
QSO: 28522 PH 2026-03-07 2058 ED8W 59 1000 WX4RH 59 TN 1
QSO: 28522 PH 2026-03-07 2058 ED8W 59 1000 K0VBU 59 KS 1
QSO: 21281 PH 2026-03-07 2058 ED8W 59 1000 KJ7DWX 59 MT 0
QSO: 21281 PH 2026-03-07 2058 ED8W 59 1000 AC2N 59 FL 0
QSO: 28522 PH 2026-03-07 2058 ED8W 59 1000 AB9YC 59 IL 1
QSO: 21281 PH 2026-03-07 2059 ED8W 59 1000 K6ZT 59 CA 0
QSO: 28522 PH 2026-03-07 2059 ED8W 59 1000 N1WC 59 CA 1
QSO: 28522 PH 2026-03-07 2100 ED8W 59 1000 KQ4HAC 59 FL 1
QSO: 21281 PH 2026-03-07 2100 ED8W 59 1000 NR0Q 59 OK 0
QSO: 21281 PH 2026-03-07 2100 ED8W 59 1000 K5VIP 59 VA 0
QSO: 21281 PH 2026-03-07 2100 ED8W 59 1000 WA8CLT 59 OH 0
QSO: 21281 PH 2026-03-07 2100 ED8W 59 1000 VA2CZ 59 QC 0
QSO: 28522 PH 2026-03-07 2100 ED8W 59 1000 WB0CWB 59 CO 1
QSO: 28522 PH 2026-03-07 2101 ED8W 59 1000 N4MCN 59 VA 1
QSO: 21281 PH 2026-03-07 2101 ED8W 59 1000 KC0KLV 59 MO 0
QSO: 28522 PH 2026-03-07 2101 ED8W 59 1000 KC1IIO 59 MA 1
QSO: 21281 PH 2026-03-07 2101 ED8W 59 1000 K3LR 59 PA 0
QSO: 28522 PH 2026-03-07 2101 ED8W 59 1000 WD4NYL 59 AL 1
QSO: 21281 PH 2026-03-07 2101 ED8W 59 1000 W0LV 59 NV 0
QSO: 28522 PH 2026-03-07 2102 ED8W 59 1000 WX5SKY 59 OK 1
QSO: 21281 PH 2026-03-07 2102 ED8W 59 1000 K1BZ 59 ME 0
QSO: 21281 PH 2026-03-07 2102 ED8W 59 1000 NQ0R 59 MO 0
QSO: 28522 PH 2026-03-07 2102 ED8W 59 1000 KA3SVQ 59 PA 1
QSO: 21281 PH 2026-03-07 2102 ED8W 59 1000 AA3TZ 59 PA 0
QSO: 28522 PH 2026-03-07 2103 ED8W 59 1000 KN4WPR 59 AL 1
QSO: 21281 PH 2026-03-07 2103 ED8W 59 1000 KR4EVE 59 FL 0
QSO: 21281 PH 2026-03-07 2103 ED8W 59 1000 W7AVE 59 UT 0
QSO: 28522 PH 2026-03-07 2103 ED8W 59 1000 KC1WES 59 NH 1
QSO: 21281 PH 2026-03-07 2103 ED8W 59 1000 NZ8V 59 MI 0
QSO: 28522 PH 2026-03-07 2103 ED8W 59 1000 KD2VSD 59 NY 1
QSO: 21281 PH 2026-03-07 2104 ED8W 59 1000 W7CT 59 UT 0
QSO: 21281 PH 2026-03-07 2104 ED8W 59 1000 WM7A 59 OR 0
QSO: 21281 PH 2026-03-07 2104 ED8W 59 1000 N1MP 59 NH 0
QSO: 28522 PH 2026-03-07 2104 ED8W 59 1000 KK2B 59 NY 1
QSO: 21281 PH 2026-03-07 2105 ED8W 59 1000 KD3RF 59 PA 0
QSO: 28522 PH 2026-03-07 2105 ED8W 59 1000 KW6X 59 CA 1
QSO: 28522 PH 2026-03-07 2105 ED8W 59 1000 K2KT 59 VA 1
QSO: 21281 PH 2026-03-07 2105 ED8W 59 1000 W2IWM 59 NJ 0
QSO: 28522 PH 2026-03-07 2105 ED8W 59 1000 W4BQK 59 MA 1
QSO: 28522 PH 2026-03-07 2106 ED8W 59 1000 KC9IPL 59 IN 1
QSO: 21281 PH 2026-03-07 2106 ED8W 59 1000 VE7IZ 59 BC 0
QSO: 21281 PH 2026-03-07 2106 ED8W 59 1000 N6AB 59 WA 0
QSO: 21281 PH 2026-03-07 2106 ED8W 59 1000 K6NR 59 CA 0
QSO: 28522 PH 2026-03-07 2107 ED8W 59 1000 AE0VG 59 MN 1
QSO: 21281 PH 2026-03-07 2107 ED8W 59 1000 WB5WAH 59 OH 0
QSO: 21281 PH 2026-03-07 2107 ED8W 59 1000 ND4Y 59 KY 0
QSO: 28522 PH 2026-03-07 2107 ED8W 59 1000 WO9G 59 IN 1
QSO: 28522 PH 2026-03-07 2107 ED8W 59 1000 N4FZ 59 KY 1
QSO: 21281 PH 2026-03-07 2107 ED8W 59 1000 K4MMG 59 KY 0
QSO: 21281 PH 2026-03-07 2108 ED8W 59 1000 W3WHK 59 PA 0
QSO: 28522 PH 2026-03-07 2108 ED8W 59 1000 N8MPF 59 OH 1
QSO: 28522 PH 2026-03-07 2108 ED8W 59 1000 W9QL 59 IL 1
QSO: 21281 PH 2026-03-07 2108 ED8W 59 1000 K8FFF 59 MI 0
QSO: 21281 PH 2026-03-07 2109 ED8W 59 1000 W3HZU 59 PA 0
QSO: 28522 PH 2026-03-07 2109 ED8W 59 1000 N5NAW 59 SC 1
QSO: 21281 PH 2026-03-07 2109 ED8W 59 1000 AG4DW 59 GA 0
QSO: 28522 PH 2026-03-07 2109 ED8W 59 1000 ND0L 59 WI 1
QSO: 21281 PH 2026-03-07 2109 ED8W 59 1000 VE3TM 59 ON 0
QSO: 28522 PH 2026-03-07 2109 ED8W 59 1000 KD6HOF 59 CA 1
QSO: 21281 PH 2026-03-07 2110 ED8W 59 1000 KO4BWN 59 GA 0
QSO: 28522 PH 2026-03-07 2110 ED8W 59 1000 NG7X 59 AZ 1
QSO: 21281 PH 2026-03-07 2110 ED8W 59 1000 KK6RQI 59 TX 0
QSO: 28522 PH 2026-03-07 2110 ED8W 59 1000 K4DBO 59 FL 1
QSO: 28522 PH 2026-03-07 2110 ED8W 59 1000 KG4WQZ 59 GA 1
QSO: 28522 PH 2026-03-07 2111 ED8W 59 1000 K9OM 59 FL 1
QSO: 28522 PH 2026-03-07 2111 ED8W 59 1000 KE8SSU 59 MI 1
QSO: 21281 PH 2026-03-07 2111 ED8W 59 1000 KE8QHQ 59 MI 0
QSO: 21281 PH 2026-03-07 2111 ED8W 59 1000 KC9IMA 59 IL 0
QSO: 28522 PH 2026-03-07 2112 ED8W 59 1000 WV7MS 59 WV 1
QSO: 21281 PH 2026-03-07 2112 ED8W 59 1000 W8APS 59 MI 0
QSO: 28522 PH 2026-03-07 2112 ED8W 59 1000 KV4A 59 KY 1
QSO: 28522 PH 2026-03-07 2112 ED8W 59 1000 WY9M 59 IL 1
QSO: 21281 PH 2026-03-07 2112 ED8W 59 1000 KE4D 59 FL 0
QSO: 21281 PH 2026-03-07 2112 ED8W 59 1000 WX0JLM 59 CO 0
QSO: 28522 PH 2026-03-07 2112 ED8W 59 1000 WB6JJJ 59 OR 1
QSO: 21281 PH 2026-03-07 2113 ED8W 59 1000 KC4LNX 59 GA 0
QSO: 28522 PH 2026-03-07 2113 ED8W 59 1000 KJ5IUW 59 OK 1
QSO: 28522 PH 2026-03-07 2113 ED8W 59 1000 W4VFW 59 TN 1
QSO: 21281 PH 2026-03-07 2113 ED8W 59 1000 KA2QWC 59 NJ 0
QSO: 28522 PH 2026-03-07 2113 ED8W 59 1000 K0EA 59 MN 1
QSO: 21281 PH 2026-03-07 2114 ED8W 59 1000 K4YUC 59 AL 0
QSO: 28522 PH 2026-03-07 2114 ED8W 59 1000 W9ATU 59 WI 1
QSO: 21281 PH 2026-03-07 2114 ED8W 59 1000 KE9ZZ 59 IL 0
QSO: 28522 PH 2026-03-07 2114 ED8W 59 1000 VE3FZ 59 ON 1
QSO: 21281 PH 2026-03-07 2115 ED8W 59 1000 KR4FZG 59 AL 0
QSO: 21281 PH 2026-03-07 2115 ED8W 59 1000 AA4CF 59 GA 0
QSO: 21281 PH 2026-03-07 2116 ED8W 59 1000 VA3OKG 59 ON 0
QSO: 28522 PH 2026-03-07 2116 ED8W 59 1000 N5RET 59 OK 1
QSO: 21281 PH 2026-03-07 2116 ED8W 59 1000 N1OS 59 MA 0
QSO: 28522 PH 2026-03-07 2116 ED8W 59 1000 W6WTS 59 CA 1
QSO: 28522 PH 2026-03-07 2116 ED8W 59 1000 WB2ZUB 59 NJ 1
QSO: 28522 PH 2026-03-07 2117 ED8W 59 1000 N6CW 59 CA 1
QSO: 21281 PH 2026-03-07 2117 ED8W 59 1000 N9GH 59 WI 0
QSO: 28522 PH 2026-03-07 2117 ED8W 59 1000 KD9YVW 59 IL 1
QSO: 21281 PH 2026-03-07 2117 ED8W 59 1000 KA0DOS 59 IA 0
QSO: 28522 PH 2026-03-07 2117 ED8W 59 1000 K7QA 59 MT 1
QSO: 28522 PH 2026-03-07 2118 ED8W 59 1000 KA5USN 59 FL 1
QSO: 28522 PH 2026-03-07 2118 ED8W 59 1000 KI6HQT 59 TX 1
QSO: 21281 PH 2026-03-07 2118 ED8W 59 1000 WB0RUR 59 AR 0
QSO: 28522 PH 2026-03-07 2119 ED8W 59 1000 AI6O 59 MO 1
QSO: 21281 PH 2026-03-07 2119 ED8W 59 1000 WA8CLT 59 OH 0
QSO: 21281 PH 2026-03-07 2119 ED8W 59 1000 WQ6X 59 CA 0
QSO: 21281 PH 2026-03-07 2119 ED8W 59 1000 KQ4JJM 59 VA 0
QSO: 28522 PH 2026-03-07 2120 ED8W 59 1000 W2QFV 59 MD 1
QSO: 28522 PH 2026-03-07 2120 ED8W 59 1000 WB5SKM 59 MS 1
QSO: 21281 PH 2026-03-07 2120 ED8W 59 1000 WA6KHK 59 CA 0
QSO: 28522 PH 2026-03-07 2120 ED8W 59 1000 W4IDX 59 AZ 1
QSO: 21281 PH 2026-03-07 2120 ED8W 59 1000 W3FR 59 MD 0
QSO: 28522 PH 2026-03-07 2121 ED8W 59 1000 K6DX 59 AZ 1
QSO: 21281 PH 2026-03-07 2121 ED8W 59 1000 WA6HNG 59 PA 0
QSO: 21281 PH 2026-03-07 2121 ED8W 59 1000 K5DXX 59 NM 0
QSO: 21281 PH 2026-03-07 2122 ED8W 59 1000 KC0JRW 59 NE 0
QSO: 28522 PH 2026-03-07 2122 ED8W 59 1000 KC9ZMA 59 IN 1
QSO: 21281 PH 2026-03-07 2122 ED8W 59 1000 K5RHZ 59 TX 0
QSO: 28522 PH 2026-03-07 2122 ED8W 59 1000 W6EH 59 CA 1
QSO: 21281 PH 2026-03-07 2122 ED8W 59 1000 N3WUB 59 PA 0
QSO: 28522 PH 2026-03-07 2122 ED8W 59 1000 W4LDS 59 FL 1
QSO: 21281 PH 2026-03-07 2123 ED8W 59 1000 KI5OEX 59 TX 0
QSO: 28522 PH 2026-03-07 2123 ED8W 59 1000 KI4QVX 59 GA 1
QSO: 21281 PH 2026-03-07 2123 ED8W 59 1000 WA0O 59 MO 0
QSO: 28522 PH 2026-03-07 2124 ED8W 59 1000 KJ7GD 59 AZ 1
QSO: 21281 PH 2026-03-07 2124 ED8W 59 1000 W0MOT 59 AZ 0
QSO: 28522 PH 2026-03-07 2124 ED8W 59 1000 WA2CZR 59 FL 1
QSO: 21281 PH 2026-03-07 2125 ED8W 59 1000 WA1EJK 59 CT 0
QSO: 28522 PH 2026-03-07 2125 ED8W 59 1000 WA4IQE 59 NC 1
QSO: 28522 PH 2026-03-07 2125 ED8W 59 1000 KE9V 59 IN 1
QSO: 21281 PH 2026-03-07 2125 ED8W 59 1000 AG4Q 59 MD 0
QSO: 21281 PH 2026-03-07 2126 ED8W 59 1000 KK9MM 59 WI 0
QSO: 21281 PH 2026-03-07 2126 ED8W 59 1000 AC9EZ 59 IN 0
QSO: 21281 PH 2026-03-07 2126 ED8W 59 1000 KQ4WDF 59 SC 0
QSO: 21281 PH 2026-03-07 2127 ED8W 59 1000 KR4NC 59 NC 0
QSO: 21281 PH 2026-03-07 2127 ED8W 59 1000 K3DMM 59 PA 0
QSO: 28522 PH 2026-03-07 2128 ED8W 59 1000 KB9ELS 59 AR 1
QSO: 21281 PH 2026-03-07 2129 ED8W 59 1000 KQ4TNF 59 NC 0
QSO: 21281 PH 2026-03-07 2129 ED8W 59 1000 N7RDJ 59 AZ 0
QSO: 28522 PH 2026-03-07 2129 ED8W 59 1000 W9ABK 59 IL 1
QSO: 28522 PH 2026-03-07 2129 ED8W 59 1000 KK5LO 59 TX 1
QSO: 28522 PH 2026-03-07 2130 ED8W 59 1000 KB8UFP 59 FL 1
QSO: 21281 PH 2026-03-07 2130 ED8W 59 1000 K2IRK 59 NY 0
QSO: 28327 PH 2026-03-07 2130 ED8W 59 1000 VE4SG 59 MB 1
QSO: 21281 PH 2026-03-07 2131 ED8W 59 1000 KE0EHD 59 MO 0
QSO: 21264 PH 2026-03-07 2132 ED8W 59 1000 KC3SWL 59 MD 0
QSO: 21264 PH 2026-03-07 2133 ED8W 59 1000 KB9DFE 59 WI 0
QSO: 21264 PH 2026-03-07 2134 ED8W 59 1000 NQ0R 59 MO 0
QSO: 28522 PH 2026-03-07 2134 ED8W 59 1000 NR0Q 59 OK 1
QSO: 28522 PH 2026-03-07 2135 ED8W 59 1000 K9IU 59 IN 1
QSO: 28522 PH 2026-03-07 2135 ED8W 59 1000 N4EK 59 FL 1
QSO: 28522 PH 2026-03-07 2136 ED8W 59 1000 W8APS 59 MI 1
QSO: 21264 PH 2026-03-07 2136 ED8W 59 1000 KE6GG 59 CA 0
QSO: 28522 PH 2026-03-07 2136 ED8W 59 1000 K8AO 59 MI 1
QSO: 21264 PH 2026-03-07 2136 ED8W 59 1000 WB6JJJ 59 OR 0
QSO: 28522 PH 2026-03-07 2136 ED8W 59 1000 AA4PZ 59 AL 1
QSO: 21264 PH 2026-03-07 2136 ED8W 59 1000 N9BD 59 CA 0
QSO: 21264 PH 2026-03-07 2137 ED8W 59 1000 WA9YZB 59 MI 0
QSO: 21264 PH 2026-03-07 2137 ED8W 59 1000 WX5SKY 59 OK 0
QSO: 21264 PH 2026-03-07 2137 ED8W 59 1000 W4BRU 59 VA 0
QSO: 21264 PH 2026-03-07 2137 ED8W 59 1000 KN4WPR 59 AL 0
QSO: 28522 PH 2026-03-07 2137 ED8W 59 1000 W2ECK 59 GA 1
QSO: 28522 PH 2026-03-07 2138 ED8W 59 1000 AB0RX 59 MO 1
QSO: 21264 PH 2026-03-07 2138 ED8W 59 1000 WY0Q 59 MO 0
QSO: 21264 PH 2026-03-07 2138 ED8W 59 1000 KC9IPL 59 IN 0
QSO: 28522 PH 2026-03-07 2138 ED8W 59 1000 N9ZM 59 WI 1
QSO: 21264 PH 2026-03-07 2138 ED8W 59 1000 N4LS 59 KY 0
QSO: 21264 PH 2026-03-07 2138 ED8W 59 1000 KG9D 59 AL 0
QSO: 28522 PH 2026-03-07 2139 ED8W 59 1000 KE9CPW 59 IL 1
QSO: 21264 PH 2026-03-07 2139 ED8W 59 1000 KJ5BYZ 59 LA 0
QSO: 21264 PH 2026-03-07 2139 ED8W 59 1000 NX2X 59 NY 0
QSO: 21264 PH 2026-03-07 2139 ED8W 59 1000 WO1N 59 MA 0
QSO: 28522 PH 2026-03-07 2139 ED8W 59 1000 AD0YL 59 MO 1
QSO: 21264 PH 2026-03-07 2140 ED8W 59 1000 KK7A 59 ID 0
QSO: 21264 PH 2026-03-07 2140 ED8W 59 1000 KK5FOX 59 TX 0
QSO: 21264 PH 2026-03-07 2140 ED8W 59 1000 KA8WUW 59 OH 0
QSO: 21264 PH 2026-03-07 2140 ED8W 59 1000 WN0G 59 IA 0
QSO: 28522 PH 2026-03-07 2141 ED8W 59 1000 K6NR 59 CA 1
QSO: 21264 PH 2026-03-07 2141 ED8W 59 1000 KE0MS 59 IA 0
QSO: 21264 PH 2026-03-07 2141 ED8W 59 1000 KD2KEH 59 NY 0
QSO: 21264 PH 2026-03-07 2142 ED8W 59 1000 K2ORC 59 CO 0
QSO: 21264 PH 2026-03-07 2142 ED8W 59 1000 N9ZM 59 WI 0
QSO: 21264 PH 2026-03-07 2142 ED8W 59 1000 K6RC 59 CA 0
QSO: 21264 PH 2026-03-07 2143 ED8W 59 1000 K3ZM 59 VA 0
QSO: 14137 PH 2026-03-07 2144 ED8W 59 1000 VY0ERC 59 NU 1
QSO: 21264 PH 2026-03-07 2144 ED8W 59 1000 VA3CWT 59 ON 0
QSO: 21264 PH 2026-03-07 2144 ED8W 59 1000 W4NYK 59 SC 0
QSO: 21264 PH 2026-03-07 2145 ED8W 59 1000 WU0M 59 KS 0
QSO: 21264 PH 2026-03-07 2145 ED8W 59 1000 K5EWS 59 TX 0
QSO: 14287 PH 2026-03-07 2146 ED8W 59 1000 WA3JWP 59 PA 1
QSO: 21264 PH 2026-03-07 2146 ED8W 59 1000 AA1CT 59 CT 0
QSO: 21264 PH 2026-03-07 2146 ED8W 59 1000 KE4WVK 59 AL 0
QSO: 14287 PH 2026-03-07 2146 ED8W 59 1000 W9AHW 59 IN 1
QSO: 14287 PH 2026-03-07 2147 ED8W 59 1000 KK9MM 59 WI 1
QSO: 14287 PH 2026-03-07 2147 ED8W 59 1000 KO4ZYT/M 59 VA 1
QSO: 21264 PH 2026-03-07 2147 ED8W 59 1000 KU4RP 59 FL 0
QSO: 14287 PH 2026-03-07 2147 ED8W 59 1000 WB2JTE 59 NJ 1
QSO: 14287 PH 2026-03-07 2148 ED8W 59 1000 W0ZQ 59 MN 1
QSO: 14287 PH 2026-03-07 2148 ED8W 59 1000 KC3PKV 59 PA 1
QSO: 14287 PH 2026-03-07 2148 ED8W 59 1000 ND1X 59 CT 1
QSO: 14287 PH 2026-03-07 2148 ED8W 59 1000 KR4BSY 59 VA 1
QSO: 14287 PH 2026-03-07 2148 ED8W 59 1000 N1TO 59 FL 1
QSO: 14287 PH 2026-03-07 2149 ED8W 59 1000 N3PPE 59 PA 1
QSO: 21264 PH 2026-03-07 2149 ED8W 59 1000 AD0YL 59 MO 0
QSO: 21264 PH 2026-03-07 2149 ED8W 59 1000 NT0Z 59 MN 0
QSO: 14287 PH 2026-03-07 2149 ED8W 59 1000 KQ4TFJ 59 FL 1
QSO: 21264 PH 2026-03-07 2149 ED8W 59 1000 W6UL 59 CA 0
QSO: 14287 PH 2026-03-07 2149 ED8W 59 1000 K2NV 59 NY 1
QSO: 14287 PH 2026-03-07 2149 ED8W 59 1000 K8LF 59 VA 1
QSO: 14287 PH 2026-03-07 2150 ED8W 59 1000 VO1GO 59 NF 1
QSO: 21264 PH 2026-03-07 2150 ED8W 59 1000 N2IRY 59 RI 0
QSO: 21264 PH 2026-03-07 2151 ED8W 59 1000 K3RSJ 59 MD 0
QSO: 14287 PH 2026-03-07 2151 ED8W 59 1000 K2JTC 59 NY 1
QSO: 14287 PH 2026-03-07 2151 ED8W 59 1000 N5SRC 59 AR 1
QSO: 14287 PH 2026-03-07 2151 ED8W 59 1000 N2LDV 59 NY 1
QSO: 21264 PH 2026-03-07 2151 ED8W 59 1000 K0VBU 59 KS 0
QSO: 14287 PH 2026-03-07 2151 ED8W 59 1000 KA5USN 59 FL 1
QSO: 21264 PH 2026-03-07 2152 ED8W 59 1000 KG5KRZ 59 LA 0
QSO: 14287 PH 2026-03-07 2152 ED8W 59 1000 KD0KIB 59 MO 1
QSO: 14287 PH 2026-03-07 2152 ED8W 59 1000 KI1G 59 RI 1
QSO: 14287 PH 2026-03-07 2152 ED8W 59 1000 N5WYA 59 OK 1
QSO: 14287 PH 2026-03-07 2152 ED8W 59 1000 W3FOX 59 MD 1
QSO: 14287 PH 2026-03-07 2153 ED8W 59 1000 K3VED 59 PA 1
QSO: 21264 PH 2026-03-07 2153 ED8W 59 1000 KG5HBL 59 AZ 0
QSO: 14287 PH 2026-03-07 2153 ED8W 59 1000 K7QA 59 MT 1
QSO: 14287 PH 2026-03-07 2153 ED8W 59 1000 N0LAF 59 NC 1
QSO: 21264 PH 2026-03-07 2153 ED8W 59 1000 N3DUE 59 MD 0
QSO: 14287 PH 2026-03-07 2154 ED8W 59 1000 W1AJT 59 NC 1
QSO: 14287 PH 2026-03-07 2154 ED8W 59 1000 W3WKX 59 PA 1
QSO: 14287 PH 2026-03-07 2154 ED8W 59 1000 KU4CG 59 MD 1
QSO: 21264 PH 2026-03-07 2155 ED8W 59 1000 N5MU 59 TX 0
QSO: 14287 PH 2026-03-07 2155 ED8W 59 1000 W0EBN 59 KY 1
QSO: 14287 PH 2026-03-07 2155 ED8W 59 1000 N8SNW 59 WV 1
QSO: 21264 PH 2026-03-07 2155 ED8W 59 1000 K7RST 59 AZ 0
QSO: 14287 PH 2026-03-07 2155 ED8W 59 1000 WB8PIY 59 OH 1
QSO: 21264 PH 2026-03-07 2156 ED8W 59 1000 K8EG 59 OH 0
QSO: 14287 PH 2026-03-07 2156 ED8W 59 1000 KC2NMK 59 ME 1
QSO: 21264 PH 2026-03-07 2156 ED8W 59 1000 VE3LRL 59 ON 0
QSO: 14287 PH 2026-03-07 2157 ED8W 59 1000 W8GX 59 MI 1
QSO: 21264 PH 2026-03-07 2157 ED8W 59 1000 KE5RS 59 TX 0
QSO: 14287 PH 2026-03-07 2157 ED8W 59 1000 W8EH 59 OH 1
QSO: 14287 PH 2026-03-07 2157 ED8W 59 1000 N2WF 59 GA 1
QSO: 21264 PH 2026-03-07 2157 ED8W 59 1000 K9KE 59 IL 0
QSO: 14287 PH 2026-03-07 2157 ED8W 59 1000 K2CJ 59 NJ 1
QSO: 21264 PH 2026-03-07 2157 ED8W 59 1000 N1ZN 59 CT 0
QSO: 14287 PH 2026-03-07 2158 ED8W 59 1000 W1KRS 59 MA 1
QSO: 21264 PH 2026-03-07 2158 ED8W 59 1000 K4RXH 59 SC 0
QSO: 14287 PH 2026-03-07 2158 ED8W 59 1000 VE3OLP 59 ON 1
QSO: 21264 PH 2026-03-07 2158 ED8W 59 1000 KI5VNB 59 OH 0
QSO: 14287 PH 2026-03-07 2158 ED8W 59 1000 N4ZUA 59 SC 1
QSO: 14287 PH 2026-03-07 2158 ED8W 59 1000 N1JTK 59 CT 1
QSO: 14287 PH 2026-03-07 2159 ED8W 59 1000 NL7FU 59 CO 1
QSO: 14287 PH 2026-03-07 2159 ED8W 59 1000 KF4RAL 59 VA 1
QSO: 14287 PH 2026-03-07 2159 ED8W 59 1000 K4MWH 59 KY 1
QSO: 21264 PH 2026-03-07 2159 ED8W 59 1000 AG2V 59 VT 0
QSO: 14287 PH 2026-03-07 2159 ED8W 59 1000 N0TTZ 59 WY 1
QSO: 14287 PH 2026-03-07 2200 ED8W 59 1000 W5BB 59 OK 1
QSO: 21264 PH 2026-03-07 2200 ED8W 59 1000 N1EXI 59 NJ 0
QSO: 14287 PH 2026-03-07 2200 ED8W 59 1000 KB4ABM 59 GA 1
QSO: 14287 PH 2026-03-07 2200 ED8W 59 1000 KB0KSA 59 MO 1
QSO: 14287 PH 2026-03-07 2200 ED8W 59 1000 K0VBU 59 KS 1
QSO: 14287 PH 2026-03-07 2201 ED8W 59 1000 K8MR 59 FL 1
QSO: 14287 PH 2026-03-07 2201 ED8W 59 1000 KQ4SMT 59 FL 1
QSO: 21264 PH 2026-03-07 2201 ED8W 59 1000 W0RXC 59 MS 0
QSO: 14287 PH 2026-03-07 2201 ED8W 59 1000 KE3M 59 PA 1
QSO: 21264 PH 2026-03-07 2201 ED8W 59 1000 KB5MD 59 AR 0
QSO: 21264 PH 2026-03-07 2201 ED8W 59 1000 W2MYA 59 NJ 0
QSO: 14287 PH 2026-03-07 2202 ED8W 59 1000 N0HJZ 59 MN 1
QSO: 14287 PH 2026-03-07 2202 ED8W 59 1000 N1OS 59 MA 1
QSO: 21264 PH 2026-03-07 2202 ED8W 59 1000 NK8D 59 OH 0
QSO: 14287 PH 2026-03-07 2202 ED8W 59 1000 KD2TC 59 DE 1
QSO: 14287 PH 2026-03-07 2203 ED8W 59 1000 W0KWB 59 IA 1
QSO: 14287 PH 2026-03-07 2203 ED8W 59 1000 N5SPC 59 OK 1
QSO: 21264 PH 2026-03-07 2204 ED8W 59 1000 KD7QAS 59 KS 0
QSO: 14287 PH 2026-03-07 2204 ED8W 59 1000 AD2HL 59 NY 1
QSO: 14287 PH 2026-03-07 2204 ED8W 59 1000 K5VAB 59 VA 1
QSO: 21264 PH 2026-03-07 2204 ED8W 59 1000 KS0CLY 59 KS 0
QSO: 14287 PH 2026-03-07 2204 ED8W 59 1000 WA2LMC 59 NC 1
QSO: 21264 PH 2026-03-07 2204 ED8W 59 1000 N2UL 59 NJ 0
QSO: 14287 PH 2026-03-07 2204 ED8W 59 1000 NG7X 59 AZ 1
QSO: 21264 PH 2026-03-07 2204 ED8W 59 1000 WA2CZR 59 FL 0
QSO: 14287 PH 2026-03-07 2204 ED8W 59 1000 VA3AA 59 ON 1
QSO: 14287 PH 2026-03-07 2204 ED8W 59 1000 KV4CQ 59 NC 1
QSO: 21264 PH 2026-03-07 2204 ED8W 59 1000 NJ7G 59 AZ 0
QSO: 21264 PH 2026-03-07 2205 ED8W 59 1000 WA2JQK 59 NY 0
QSO: 14287 PH 2026-03-07 2205 ED8W 59 1000 N4LS 59 KY 1
QSO: 14287 PH 2026-03-07 2205 ED8W 59 1000 KD0BSY 59 CO 1
QSO: 21264 PH 2026-03-07 2205 ED8W 59 1000 N2FRB 59 NY 0
QSO: 14287 PH 2026-03-07 2206 ED8W 59 1000 N0FTZ 59 IA 1
QSO: 14287 PH 2026-03-07 2206 ED8W 59 1000 N8HKU 59 MI 1
QSO: 21264 PH 2026-03-07 2206 ED8W 59 1000 N8NBE 59 FL 0
QSO: 14287 PH 2026-03-07 2206 ED8W 59 1000 AG4Q 59 MD 1
QSO: 14287 PH 2026-03-07 2206 ED8W 59 1000 W2QFV 59 MD 1
QSO: 14287 PH 2026-03-07 2206 ED8W 59 1000 WO2Y 59 NJ 1
QSO: 14287 PH 2026-03-07 2207 ED8W 59 1000 K6RC 59 CA 1
QSO: 14287 PH 2026-03-07 2207 ED8W 59 1000 K4WRW 59 SC 1
QSO: 14287 PH 2026-03-07 2208 ED8W 59 1000 W3HZU 59 PA 1
QSO: 14287 PH 2026-03-07 2210 ED8W 59 1000 N6DW 59 VA 1
QSO: 14287 PH 2026-03-07 2210 ED8W 59 1000 K3HW 59 PA 1
QSO: 14287 PH 2026-03-07 2210 ED8W 59 1000 N3OXP 59 DE 1
QSO: 14287 PH 2026-03-07 2210 ED8W 59 1000 AC3MB 59 PA 1
QSO: 14287 PH 2026-03-07 2211 ED8W 59 1000 NS3L 59 PA 1
QSO: 21264 PH 2026-03-07 2211 ED8W 59 1000 KJ5JVS 59 OK 0
QSO: 14287 PH 2026-03-07 2211 ED8W 59 1000 KD0QCT 59 MO 1
QSO: 21332 PH 2026-03-07 2211 ED8W 59 1000 N1DE 59 ME 0
QSO: 14287 PH 2026-03-07 2211 ED8W 59 1000 KC9JML 59 IN 1
QSO: 14287 PH 2026-03-07 2212 ED8W 59 1000 KJ4KBC 59 SC 1
QSO: 21264 PH 2026-03-07 2212 ED8W 59 1000 KD6AF 59 TX 0
QSO: 14287 PH 2026-03-07 2212 ED8W 59 1000 KR4CCY 59 NC 1
QSO: 21264 PH 2026-03-07 2212 ED8W 59 1000 VE3TCS 59 ON 0
QSO: 14287 PH 2026-03-07 2212 ED8W 59 1000 N2BJ 59 IL 1
QSO: 14287 PH 2026-03-07 2212 ED8W 59 1000 WG4MC 59 SC 1
QSO: 14287 PH 2026-03-07 2212 ED8W 59 1000 N7AGN 59 ID 1
QSO: 14287 PH 2026-03-07 2213 ED8W 59 1000 KV2X 59 NY 1
QSO: 14287 PH 2026-03-07 2213 ED8W 59 1000 WA2DHG 59 OH 1
QSO: 21264 PH 2026-03-07 2213 ED8W 59 1000 K4PQL 59 VA 0
QSO: 21264 PH 2026-03-07 2213 ED8W 59 1000 AG4Q 59 MD 0
QSO: 14287 PH 2026-03-07 2213 ED8W 59 1000 N3DUE 59 MD 1
QSO: 21264 PH 2026-03-07 2213 ED8W 59 1000 WB0OCK 59 KS 0
QSO: 14287 PH 2026-03-07 2213 ED8W 59 1000 N0UR 59 MN 1
QSO: 21264 PH 2026-03-07 2213 ED8W 59 1000 WX3F 59 MD 0
QSO: 21264 PH 2026-03-07 2214 ED8W 59 1000 KG4STL 59 TN 0
QSO: 14287 PH 2026-03-07 2214 ED8W 59 1000 KB4CG 59 VA 1
QSO: 21264 PH 2026-03-07 2214 ED8W 59 1000 KB2TDT 59 NY 0
QSO: 14287 PH 2026-03-07 2214 ED8W 59 1000 W2VTB 59 NJ 1
QSO: 14287 PH 2026-03-07 2214 ED8W 59 1000 WB3IWC 59 PA 1
QSO: 21264 PH 2026-03-07 2215 ED8W 59 1000 N5NN 59 OK 0
QSO: 14287 PH 2026-03-07 2215 ED8W 59 1000 KC5RFU 59 FL 1
QSO: 21264 PH 2026-03-07 2215 ED8W 59 1000 KW0V 59 OH 0
QSO: 14287 PH 2026-03-07 2215 ED8W 59 1000 KF0ORR 59 CO 1
QSO: 21264 PH 2026-03-07 2215 ED8W 59 1000 W2CLA 59 NJ 0
QSO: 14287 PH 2026-03-07 2215 ED8W 59 1000 KC0TEF 59 IA 1
QSO: 21264 PH 2026-03-07 2215 ED8W 59 1000 W2ENY 59 NY 0
QSO: 14287 PH 2026-03-07 2216 ED8W 59 1000 VA7RR 59 BC 1
QSO: 14287 PH 2026-03-07 2216 ED8W 59 1000 W7CMA 59 AZ 1
QSO: 21264 PH 2026-03-07 2216 ED8W 59 1000 W0XM 59 KS 0
QSO: 14287 PH 2026-03-07 2216 ED8W 59 1000 K2QB 59 NY 1
QSO: 14287 PH 2026-03-07 2216 ED8W 59 1000 K9XK 59 IL 1
QSO: 21264 PH 2026-03-07 2217 ED8W 59 1000 KO4JRJ 59 TN 0
QSO: 14287 PH 2026-03-07 2217 ED8W 59 1000 K9EE 59 FL 1
QSO: 14287 PH 2026-03-07 2217 ED8W 59 1000 K1ZZ 59 CT 1
QSO: 14287 PH 2026-03-07 2217 ED8W 59 1000 KV4ZY 59 VA 1
QSO: 21264 PH 2026-03-07 2217 ED8W 59 1000 W8LHP 59 MI 0
QSO: 14287 PH 2026-03-07 2217 ED8W 59 1000 K4GSO 59 FL 1
QSO: 14287 PH 2026-03-07 2218 ED8W 59 1000 K3RSJ 59 MD 1
QSO: 21264 PH 2026-03-07 2218 ED8W 59 1000 N4CF 59 VA 0
QSO: 14287 PH 2026-03-07 2218 ED8W 59 1000 W0KVA 59 CO 1
QSO: 14287 PH 2026-03-07 2218 ED8W 59 1000 N5RET/M 59 OK 1
QSO: 21264 PH 2026-03-07 2218 ED8W 59 1000 W5DNL 59 TX 0
QSO: 21264 PH 2026-03-07 2218 ED8W 59 1000 N2LK 59 DE 0
QSO: 14287 PH 2026-03-07 2218 ED8W 59 1000 NT0Z 59 MN 1
QSO: 21264 PH 2026-03-07 2219 ED8W 59 1000 KF0SES 59 CO 0
QSO: 14287 PH 2026-03-07 2219 ED8W 59 1000 KC0COR 59 MN 1
QSO: 21264 PH 2026-03-07 2219 ED8W 59 1000 N3WUB 59 PA 0
QSO: 14287 PH 2026-03-07 2219 ED8W 59 1000 N5LUC 59 TX 1
QSO: 21264 PH 2026-03-07 2220 ED8W 59 1000 KV2X 59 NY 0
QSO: 14287 PH 2026-03-07 2220 ED8W 59 1000 KC2FYZ 59 NY 1
QSO: 14287 PH 2026-03-07 2220 ED8W 59 1000 W1XX 59 RI 1
QSO: 14287 PH 2026-03-07 2220 ED8W 59 1000 N8LLP 59 MI 1
QSO: 14287 PH 2026-03-07 2220 ED8W 59 1000 KC1WDY 59 CT 1
QSO: 21264 PH 2026-03-07 2220 ED8W 59 1000 WB2KUT 59 NY 0
QSO: 14287 PH 2026-03-07 2221 ED8W 59 1000 KD4AW 59 SC 1
QSO: 14287 PH 2026-03-07 2221 ED8W 59 1000 KE8JVX 59 OH 1
QSO: 21264 PH 2026-03-07 2221 ED8W 59 1000 K9TN 59 FL 0
QSO: 14287 PH 2026-03-07 2221 ED8W 59 1000 WA1JSE 59 MA 1
QSO: 14287 PH 2026-03-07 2221 ED8W 59 1000 W0PRN 59 KS 1
QSO: 14287 PH 2026-03-07 2222 ED8W 59 1000 K1JTF 59 MA 1
QSO: 14287 PH 2026-03-07 2222 ED8W 59 1000 WA9YKR 59 IN 1
QSO: 14287 PH 2026-03-07 2222 ED8W 59 1000 WA2CZR 59 FL 1
QSO: 21264 PH 2026-03-07 2222 ED8W 59 1000 NK9G 59 WI 0
QSO: 14287 PH 2026-03-07 2222 ED8W 59 1000 K0KG 59 MN 1
QSO: 21264 PH 2026-03-07 2222 ED8W 59 1000 VE6FI 59 AB 0
QSO: 14287 PH 2026-03-07 2223 ED8W 59 1000 KX2T 59 FL 1
QSO: 14287 PH 2026-03-07 2223 ED8W 59 1000 K4FTO 59 VA 1
QSO: 21264 PH 2026-03-07 2223 ED8W 59 1000 NR0Q 59 OK 0
QSO: 14287 PH 2026-03-07 2223 ED8W 59 1000 WA2AEY 59 NY 1
QSO: 21264 PH 2026-03-07 2223 ED8W 59 1000 N3FTO 59 NJ 0
QSO: 14287 PH 2026-03-07 2223 ED8W 59 1000 K4FTO 59 VA 1
QSO: 21264 PH 2026-03-07 2224 ED8W 59 1000 WW3G 59 VA 0
QSO: 14287 PH 2026-03-07 2224 ED8W 59 1000 VO2AC 59 LB 1
QSO: 21264 PH 2026-03-07 2224 ED8W 59 1000 KB6LFM 59 CA 0
QSO: 14287 PH 2026-03-07 2225 ED8W 59 1000 KN4ADM 59 GA 1
QSO: 14287 PH 2026-03-07 2225 ED8W 59 1000 KD8NX 59 MI 1
QSO: 14287 PH 2026-03-07 2225 ED8W 59 1000 K3YD 59 PA 1
QSO: 14287 PH 2026-03-07 2225 ED8W 59 1000 W4LT 59 FL 1
QSO: 14287 PH 2026-03-07 2225 ED8W 59 1000 N1MP 59 NH 1
QSO: 14287 PH 2026-03-07 2226 ED8W 59 1000 WB0VPA 59 MN 1
QSO: 21264 PH 2026-03-07 2226 ED8W 59 1000 WB3KLE 59 PA 0
QSO: 14287 PH 2026-03-07 2227 ED8W 59 1000 KC9GNK 59 WI 1
QSO: 14287 PH 2026-03-07 2227 ED8W 59 1000 K8ERS 59 MI 1
QSO: 14287 PH 2026-03-07 2227 ED8W 59 1000 KV4CQ 59 NC 1
QSO: 14287 PH 2026-03-07 2227 ED8W 59 1000 KE9ANJ 59 IN 1
QSO: 14287 PH 2026-03-07 2227 ED8W 59 1000 W9TJI 59 IN 1
QSO: 14287 PH 2026-03-07 2227 ED8W 59 1000 VA2AGW 59 QC 1
QSO: 21264 PH 2026-03-07 2228 ED8W 59 1000 KB6QPI/W4 59 FL 0
QSO: 14287 PH 2026-03-07 2228 ED8W 59 1000 WA3TVZ 59 DE 1
QSO: 14287 PH 2026-03-07 2228 ED8W 59 1000 KA4SEF 59 NC 1
QSO: 14287 PH 2026-03-07 2229 ED8W 59 1000 KE7A 59 TX 1
QSO: 14287 PH 2026-03-07 2229 ED8W 59 1000 WB2WFJ 59 VT 1
QSO: 21264 PH 2026-03-07 2229 ED8W 59 1000 KB7BIB 59 AZ 0
QSO: 14287 PH 2026-03-07 2229 ED8W 59 1000 K6AJA 59 CA 1
QSO: 14287 PH 2026-03-07 2230 ED8W 59 1000 KD3ATM 59 PA 1
QSO: 14287 PH 2026-03-07 2230 ED8W 59 1000 VE2KG 59 QC 1
QSO: 14287 PH 2026-03-07 2230 ED8W 59 1000 KR4CDK 59 GA 1
QSO: 21417 PH 2026-03-07 2230 ED8W 59 1000 K3OO 59 PA 0
QSO: 14287 PH 2026-03-07 2230 ED8W 59 1000 W1TKT 59 MA 1
QSO: 21264 PH 2026-03-07 2232 ED8W 59 1000 K4ZWW 59 GA 0
QSO: 14287 PH 2026-03-07 2232 ED8W 59 1000 KO6BTX 59 CA 1
QSO: 14287 PH 2026-03-07 2232 ED8W 59 1000 KC5UFR 59 TX 1
QSO: 14287 PH 2026-03-07 2233 ED8W 59 1000 N9MS 59 NC 1
QSO: 21264 PH 2026-03-07 2233 ED8W 59 1000 W3FOX 59 MD 0
QSO: 14287 PH 2026-03-07 2233 ED8W 59 1000 KA0PQW 59 MN 1
QSO: 14287 PH 2026-03-07 2233 ED8W 59 1000 WQ5L 59 MS 1
QSO: 14287 PH 2026-03-07 2234 ED8W 59 1000 AC0DX 59 MO 1
QSO: 14287 PH 2026-03-07 2234 ED8W 59 1000 WE4CAT 59 GA 1
QSO: 14287 PH 2026-03-07 2235 ED8W 59 1000 N1LVE 59 NH 1
QSO: 21264 PH 2026-03-07 2235 ED8W 59 1000 KJ4HI 59 FL 0
QSO: 14287 PH 2026-03-07 2235 ED8W 59 1000 W1AMN 59 MA 1
QSO: 14287 PH 2026-03-07 2236 ED8W 59 1000 KD9PLL 59 WI 1
QSO: 14287 PH 2026-03-07 2236 ED8W 59 1000 N0XXL 59 WI 1
QSO: 14287 PH 2026-03-07 2236 ED8W 59 1000 W1JGM 59 CT 1
QSO: 14287 PH 2026-03-07 2237 ED8W 59 1000 W2RBC 59 NY 1
QSO: 14287 PH 2026-03-07 2237 ED8W 59 1000 WB9VGO 59 IL 1
QSO: 14287 PH 2026-03-07 2238 ED8W 59 1000 KE8ONJ 59 OH 1
QSO: 14287 PH 2026-03-07 2238 ED8W 59 1000 KE8YFD 59 MI 1
QSO: 14287 PH 2026-03-07 2238 ED8W 59 1000 W3WHK 59 PA 1
QSO: 14287 PH 2026-03-07 2239 ED8W 59 1000 K1PSC 59 MN 1
QSO: 14287 PH 2026-03-07 2239 ED8W 59 1000 K4LEL 59 NY 1
QSO: 21264 PH 2026-03-07 2239 ED8W 59 1000 N4CRE 59 FL 0
QSO: 14287 PH 2026-03-07 2240 ED8W 59 1000 W2GGI 59 FL 1
QSO: 14287 PH 2026-03-07 2240 ED8W 59 1000 AE1P 59 NH 1
QSO: 14287 PH 2026-03-07 2240 ED8W 59 1000 W9RF 59 IL 1
QSO: 21264 PH 2026-03-07 2240 ED8W 59 1000 KB5SAV 59 LA 0
QSO: 14287 PH 2026-03-07 2240 ED8W 59 1000 N8BI 59 OH 1
QSO: 14287 PH 2026-03-07 2240 ED8W 59 1000 KC3ZZI 59 PA 1
QSO: 14287 PH 2026-03-07 2240 ED8W 59 1000 N8HWV 59 WI 1
QSO: 21264 PH 2026-03-07 2241 ED8W 59 1000 N5ZKF 59 TX 0
QSO: 14287 PH 2026-03-07 2241 ED8W 59 1000 K1WGO 59 NH 1
QSO: 21264 PH 2026-03-07 2241 ED8W 59 1000 W5PTX 59 TX 0
QSO: 14287 PH 2026-03-07 2241 ED8W 59 1000 N6NT 59 NC 1
QSO: 14287 PH 2026-03-07 2241 ED8W 59 1000 VE3ICV 59 ON 1
QSO: 14287 PH 2026-03-07 2241 ED8W 59 1000 W5PKK 59 TX 1
QSO: 14287 PH 2026-03-07 2242 ED8W 59 1000 K9HCW 59 WI 1
QSO: 14287 PH 2026-03-07 2242 ED8W 59 1000 K5VIP 59 VA 1
QSO: 21264 PH 2026-03-07 2242 ED8W 59 1000 KA5NDH 59 TN 0
QSO: 14287 PH 2026-03-07 2242 ED8W 59 1000 KE8WXX 59 OH 1
QSO: 21264 PH 2026-03-07 2242 ED8W 59 1000 WY8O 59 FL 0
QSO: 14287 PH 2026-03-07 2242 ED8W 59 1000 N1RWJ 59 RI 1
QSO: 14287 PH 2026-03-07 2243 ED8W 59 1000 KQ4JEP 59 FL 1
QSO: 14287 PH 2026-03-07 2243 ED8W 59 1000 K1YE 59 OH 1
QSO: 14287 PH 2026-03-07 2243 ED8W 59 1000 KK7RRW 59 UT 1
QSO: 14287 PH 2026-03-07 2244 ED8W 59 1000 KC1VZH 59 MA 1
QSO: 21264 PH 2026-03-07 2245 ED8W 59 1000 K4BAI 59 GA 0
QSO: 14287 PH 2026-03-07 2245 ED8W 59 1000 N4DJ 59 VA 1
QSO: 14287 PH 2026-03-07 2245 ED8W 59 1000 NX1K 59 MA 1
QSO: 14287 PH 2026-03-07 2246 ED8W 59 1000 WB6JJJ 59 OR 1
QSO: 21264 PH 2026-03-07 2246 ED8W 59 1000 W6TK 59 OR 0
QSO: 14287 PH 2026-03-07 2246 ED8W 59 1000 KI5DAY 59 OK 1
QSO: 14287 PH 2026-03-07 2247 ED8W 59 1000 K2ON 59 NJ 1
QSO: 14287 PH 2026-03-07 2247 ED8W 59 1000 WC3N 59 MD 1
QSO: 21264 PH 2026-03-07 2247 ED8W 59 1000 WE4AUB 59 GA 0
QSO: 14287 PH 2026-03-07 2247 ED8W 59 1000 K4OXG 59 WV 1
QSO: 21264 PH 2026-03-07 2247 ED8W 59 1000 KD5DBP 59 OK 0
QSO: 14287 PH 2026-03-07 2247 ED8W 59 1000 N9FOH 59 IN 1
QSO: 21264 PH 2026-03-07 2247 ED8W 59 1000 N8KR 59 FL 0
QSO: 14287 PH 2026-03-07 2247 ED8W 59 1000 K0SIX 59 MN 1
QSO: 14287 PH 2026-03-07 2248 ED8W 59 1000 N8JS 59 MI 1
QSO: 21264 PH 2026-03-07 2248 ED8W 59 1000 W8KMF 59 GA 0
QSO: 14287 PH 2026-03-07 2248 ED8W 59 1000 KC3CNX 59 MD 1
QSO: 21264 PH 2026-03-07 2249 ED8W 59 1000 K1GDM 59 MA 0
QSO: 21264 PH 2026-03-07 2249 ED8W 59 1000 AB5KM 59 TX 0
QSO: 14287 PH 2026-03-07 2249 ED8W 59 1000 KC2WLR 59 NY 1
QSO: 14287 PH 2026-03-07 2249 ED8W 59 1000 W5BDX 59 LA 1
QSO: 14287 PH 2026-03-07 2250 ED8W 59 1000 W3OU 59 MD 1
QSO: 21264 PH 2026-03-07 2250 ED8W 59 1000 KB2AT 59 NJ 0
QSO: 14287 PH 2026-03-07 2250 ED8W 59 1000 KO4NJQ 59 KY 1
QSO: 21264 PH 2026-03-07 2250 ED8W 59 1000 N4WMB 59 SC 0
QSO: 14287 PH 2026-03-07 2251 ED8W 59 1000 KC2SPZ 59 NY 1
QSO: 21264 PH 2026-03-07 2251 ED8W 59 1000 K7SWS 59 MT 0
QSO: 21264 PH 2026-03-07 2251 ED8W 59 1000 W1JCW 59 TX 0
QSO: 14287 PH 2026-03-07 2252 ED8W 59 1000 KF2B 59 NY 1
QSO: 14287 PH 2026-03-07 2252 ED8W 59 1000 W4MTL 59 FL 1
QSO: 14287 PH 2026-03-07 2253 ED8W 59 1000 N1GCN 59 CT 1
QSO: 14287 PH 2026-03-07 2253 ED8W 59 1000 N3FMC 59 PA 1
QSO: 14287 PH 2026-03-07 2254 ED8W 59 1000 W8DBG 59 OH 1
QSO: 21264 PH 2026-03-07 2254 ED8W 59 1000 N1KWG 59 NH 0
QSO: 14287 PH 2026-03-07 2254 ED8W 59 1000 N8KR 59 FL 1
QSO: 14287 PH 2026-03-07 2255 ED8W 59 1000 KA6AZ 59 VA 1
QSO: 14287 PH 2026-03-07 2255 ED8W 59 1000 KB0NES 59 MN 1
QSO: 14287 PH 2026-03-07 2256 ED8W 59 1000 K9NET 59 WI 1
QSO: 21264 PH 2026-03-07 2256 ED8W 59 1000 KA5OWI 59 OK 0
QSO: 14287 PH 2026-03-07 2256 ED8W 59 1000 KC8YFO 59 OH 1
QSO: 14287 PH 2026-03-07 2256 ED8W 59 1000 NQ4I 59 GA 1
QSO: 14287 PH 2026-03-07 2257 ED8W 59 1000 N3RTW 59 VA 1
QSO: 21264 PH 2026-03-07 2257 ED8W 59 1000 ND1X 59 CT 0
QSO: 14287 PH 2026-03-07 2257 ED8W 59 1000 VE3JM 59 ON 1
QSO: 21264 PH 2026-03-07 2257 ED8W 59 1000 W1NT 59 NH 0
QSO: 14287 PH 2026-03-07 2257 ED8W 59 1000 KC2AUP 59 NJ 1
QSO: 21264 PH 2026-03-07 2257 ED8W 59 1000 W9TCV 59 FL 0
QSO: 14287 PH 2026-03-07 2258 ED8W 59 1000 KB9KZR 59 IL 1
QSO: 21264 PH 2026-03-07 2258 ED8W 59 1000 N9NE 59 WI 0
QSO: 14287 PH 2026-03-07 2258 ED8W 59 1000 KC3VQZ 59 MD 1
QSO: 14287 PH 2026-03-07 2258 ED8W 59 1000 KD8KZG 59 OH 1
QSO: 21264 PH 2026-03-07 2259 ED8W 59 1000 N4CPT 59 FL 0
QSO: 21264 PH 2026-03-07 2300 ED8W 59 1000 KZ4QJ 59 GA 0
QSO: 14287 PH 2026-03-07 2301 ED8W 59 1000 KD2SHA 59 NY 1
QSO: 14287 PH 2026-03-07 2301 ED8W 59 1000 W2LCQ 59 NY 1
QSO: 21264 PH 2026-03-07 2301 ED8W 59 1000 AB7LW 59 AZ 0
QSO: 14287 PH 2026-03-07 2301 ED8W 59 1000 KA8NAB 59 OH 1
QSO: 14287 PH 2026-03-07 2301 ED8W 59 1000 KK2B 59 NY 1
QSO: 14287 PH 2026-03-07 2302 ED8W 59 1000 KA3D 59 PA 1
QSO: 21264 PH 2026-03-07 2302 ED8W 59 1000 KJ4CEG 59 SC 0
QSO: 14287 PH 2026-03-07 2302 ED8W 59 1000 WB8WUA 59 OH 1
QSO: 14287 PH 2026-03-07 2303 ED8W 59 1000 KE7LBB 59 WY 1
QSO: 14287 PH 2026-03-07 2303 ED8W 59 1000 W2WCM 59 VA 1
QSO: 14287 PH 2026-03-07 2304 ED8W 59 1000 KR4CCY 59 NC 1
QSO: 14287 PH 2026-03-07 2305 ED8W 59 1000 K4XL 59 VA 1
QSO: 14287 PH 2026-03-07 2305 ED8W 59 1000 KF8EUR 59 OH 1
QSO: 21264 PH 2026-03-07 2305 ED8W 59 1000 VE9MY 59 NB 0
QSO: 14287 PH 2026-03-07 2305 ED8W 59 1000 W6US 59 NV 1
QSO: 14287 PH 2026-03-07 2305 ED8W 59 1000 K4PQL 59 VA 1
QSO: 21264 PH 2026-03-07 2306 ED8W 59 1000 KC0INP/4 59 FL 0
QSO: 14287 PH 2026-03-07 2306 ED8W 59 1000 KI6BWO 59 CA 1
QSO: 14287 PH 2026-03-07 2306 ED8W 59 1000 K0MD 59 MN 1
QSO: 14287 PH 2026-03-07 2306 ED8W 59 1000 N3UA 59 VA 1
QSO: 21264 PH 2026-03-07 2306 ED8W 59 1000 AB8YZ 59 TX 0
QSO: 14287 PH 2026-03-07 2307 ED8W 59 1000 WE4AUB 59 GA 1
QSO: 14287 PH 2026-03-07 2307 ED8W 59 1000 N9WLS 59 IL 1
QSO: 21257 PH 2026-03-07 2307 ED8W 59 1000 K0EU 59 CO 0
QSO: 14287 PH 2026-03-07 2307 ED8W 59 1000 K4RUM 59 NY 1
QSO: 14287 PH 2026-03-07 2308 ED8W 59 1000 KF2TI 59 NJ 1
QSO: 14287 PH 2026-03-07 2308 ED8W 59 1000 KN4OIK 59 FL 1
QSO: 14287 PH 2026-03-07 2308 ED8W 59 1000 KT7E 59 OR 1
QSO: 21264 PH 2026-03-07 2308 ED8W 59 1000 N4UYK 59 NC 0
QSO: 21264 PH 2026-03-07 2309 ED8W 59 1000 N4BWW 59 GA 0
QSO: 14287 PH 2026-03-07 2309 ED8W 59 1000 KC1FOZ 59 NH 1
QSO: 21264 PH 2026-03-07 2309 ED8W 59 1000 KX3Y 59 AL 0
QSO: 14287 PH 2026-03-07 2309 ED8W 59 1000 K4CVD 59 TN 1
QSO: 21264 PH 2026-03-07 2309 ED8W 59 1000 N3VLF 59 AL 0
QSO: 14287 PH 2026-03-07 2309 ED8W 59 1000 KO4VOZ 59 FL 1
QSO: 14287 PH 2026-03-07 2310 ED8W 59 1000 W4YST 59 FL 1
QSO: 14287 PH 2026-03-07 2310 ED8W 59 1000 NX7W 59 MT 1
QSO: 21264 PH 2026-03-07 2310 ED8W 59 1000 N5OF 59 TX 0
QSO: 14287 PH 2026-03-07 2311 ED8W 59 1000 KC1IIO 59 MA 1
QSO: 14287 PH 2026-03-07 2311 ED8W 59 1000 AA2MU 59 NY 1
QSO: 14287 PH 2026-03-07 2311 ED8W 59 1000 AD4EB 59 TN 1
QSO: 14287 PH 2026-03-07 2311 ED8W 59 1000 NK9G 59 WI 1
QSO: 14287 PH 2026-03-07 2312 ED8W 59 1000 KQ4OPY 59 VA 1
QSO: 14287 PH 2026-03-07 2312 ED8W 59 1000 NC4DJ 59 NC 1
QSO: 14287 PH 2026-03-07 2312 ED8W 59 1000 N3CGK 59 PA 1
QSO: 14287 PH 2026-03-07 2313 ED8W 59 1000 W0WC 59 MO 1
QSO: 21264 PH 2026-03-07 2313 ED8W 59 1000 K5KJF 59 TX 0
QSO: 14287 PH 2026-03-07 2313 ED8W 59 1000 KC3UDO 59 MD 1
QSO: 14287 PH 2026-03-07 2313 ED8W 59 1000 WI9Z 59 IL 1
QSO: 21264 PH 2026-03-07 2313 ED8W 59 1000 WX5M 59 LA 0
QSO: 14287 PH 2026-03-07 2314 ED8W 59 1000 K2UU 59 NY 1
QSO: 14287 PH 2026-03-07 2314 ED8W 59 1000 W0PY 59 NE 1
QSO: 14287 PH 2026-03-07 2314 ED8W 59 1000 AB1F 59 MD 1
QSO: 14287 PH 2026-03-07 2315 ED8W 59 1000 KF4YPT 59 AL 1
QSO: 14287 PH 2026-03-07 2315 ED8W 59 1000 W4HIJ 59 GA 1
QSO: 14287 PH 2026-03-07 2315 ED8W 59 1000 K0EA 59 MN 1
QSO: 14287 PH 2026-03-07 2315 ED8W 59 1000 KA2FIR 59 NJ 1
QSO: 14287 PH 2026-03-07 2315 ED8W 59 1000 W1FM 59 MA 1
QSO: 14287 PH 2026-03-07 2316 ED8W 59 1000 N1JP 59 NY 1
QSO: 14287 PH 2026-03-07 2316 ED8W 59 1000 VA3TAL 59 ON 1
QSO: 21264 PH 2026-03-07 2316 ED8W 59 1000 WV7MS 59 WV 0
QSO: 21264 PH 2026-03-07 2317 ED8W 59 1000 KZ4UU 59 FL 0
QSO: 21264 PH 2026-03-07 2317 ED8W 59 1000 W1VSX 59 FL 0
QSO: 14287 PH 2026-03-07 2317 ED8W 59 1000 KD5QWL 59 TX 1
QSO: 21264 PH 2026-03-07 2317 ED8W 59 1000 K8ZBY 59 OH 0
QSO: 14287 PH 2026-03-07 2318 ED8W 59 1000 ND4Y 59 KY 1
QSO: 14287 PH 2026-03-07 2318 ED8W 59 1000 W3JJL 59 PA 1
QSO: 14287 PH 2026-03-07 2318 ED8W 59 1000 KJ4LEN 59 FL 1
QSO: 14287 PH 2026-03-07 2318 ED8W 59 1000 WB9TYJ 59 IN 1
QSO: 21264 PH 2026-03-07 2318 ED8W 59 1000 K0ESU 59 KS 0
QSO: 14287 PH 2026-03-07 2318 ED8W 59 1000 KT3L 59 PA 1
QSO: 14287 PH 2026-03-07 2318 ED8W 59 1000 K2ZVL 59 NJ 1
QSO: 14287 PH 2026-03-07 2321 ED8W 59 1000 KC0CT 59 CO 1
QSO: 14287 PH 2026-03-07 2321 ED8W 59 1000 VE7SAR 59 BC 1
QSO: 14287 PH 2026-03-07 2323 ED8W 59 1000 VE9MY 59 NB 1
QSO: 14287 PH 2026-03-07 2324 ED8W 59 1000 KA3JPE 59 DC 1
QSO: 14287 PH 2026-03-07 2325 ED8W 59 1000 N9GUN 59 IL 1
QSO: 14287 PH 2026-03-07 2325 ED8W 59 1000 K9KE 59 IL 1
QSO: 1845 PH 2026-03-07 2325 ED8W 59 1000 K1TTT 59 MA 0
QSO: 14287 PH 2026-03-07 2326 ED8W 59 1000 KE0EPY 59 SD 1
QSO: 14287 PH 2026-03-07 2326 ED8W 59 1000 VE3EDE 59 ON 1
QSO: 14287 PH 2026-03-07 2327 ED8W 59 1000 VE3ZZ 59 ON 1
QSO: 14287 PH 2026-03-07 2327 ED8W 59 1000 W7RM 59 OR 1
QSO: 14287 PH 2026-03-07 2327 ED8W 59 1000 KC8YVF 59 MI 1
QSO: 14287 PH 2026-03-07 2328 ED8W 59 1000 VE4RY 59 MB 1
QSO: 14287 PH 2026-03-07 2328 ED8W 59 1000 WA5DTK 59 TX 1
QSO: 7158 PH 2026-03-07 2328 ED8W 59 1000 AA1K 59 DE 0
QSO: 14287 PH 2026-03-07 2328 ED8W 59 1000 WZ4T 59 NC 1
QSO: 14287 PH 2026-03-07 2329 ED8W 59 1000 KO4ZYT/M 59 VA 1
QSO: 14287 PH 2026-03-07 2329 ED8W 59 1000 K6DW 59 CA 1
QSO: 14287 PH 2026-03-07 2329 ED8W 59 1000 KI6WJ 59 NV 1
QSO: 14287 PH 2026-03-07 2330 ED8W 59 1000 NR5T 59 MS 1
QSO: 14287 PH 2026-03-07 2330 ED8W 59 1000 N9NE 59 WI 1
QSO: 14287 PH 2026-03-07 2330 ED8W 59 1000 W9AVM 59 WI 1
QSO: 14287 PH 2026-03-07 2330 ED8W 59 1000 N5PD 59 MS 1
QSO: 7184 PH 2026-03-07 2330 ED8W 59 1000 KQ4TNF 59 NC 0
QSO: 14287 PH 2026-03-07 2332 ED8W 59 1000 KC3WRH 59 MD 1
QSO: 14287 PH 2026-03-07 2332 ED8W 59 1000 WE8TG 59 GA 1
QSO: 14287 PH 2026-03-07 2332 ED8W 59 1000 WV8TG 59 GA 1
QSO: 14287 PH 2026-03-07 2332 ED8W 59 1000 WO1N 59 MA 1
QSO: 14287 PH 2026-03-07 2333 ED8W 59 1000 KD6HOF 59 CA 1
QSO: 14287 PH 2026-03-07 2333 ED8W 59 1000 WB3KLE 59 PA 1
QSO: 14287 PH 2026-03-07 2333 ED8W 59 1000 KE8RAS 59 WV 1
QSO: 14287 PH 2026-03-07 2334 ED8W 59 1000 KR4EIB 59 FL 1
QSO: 14287 PH 2026-03-07 2334 ED8W 59 1000 W0DY 59 OK 1
QSO: 14287 PH 2026-03-07 2334 ED8W 59 1000 KA3WAL 59 PA 1
QSO: 14287 PH 2026-03-07 2334 ED8W 59 1000 KG4JSK 59 FL 1
QSO: 3756 PH 2026-03-07 2335 ED8W 59 1000 KC2PC 59 NJ 0
QSO: 14287 PH 2026-03-07 2335 ED8W 59 1000 WK1O 59 MA 1
QSO: 14287 PH 2026-03-07 2335 ED8W 59 1000 KB5KKL 59 LA 1
QSO: 3756 PH 2026-03-07 2336 ED8W 59 1000 ND4Y 59 KY 0
QSO: 3756 PH 2026-03-07 2336 ED8W 59 1000 K5ZD 59 OH 0
QSO: 14287 PH 2026-03-07 2336 ED8W 59 1000 KG5EIU 59 TX 1
QSO: 14287 PH 2026-03-07 2337 ED8W 59 1000 N2YDD 59 NJ 1
QSO: 3756 PH 2026-03-07 2337 ED8W 59 1000 AC4WW 59 SC 0
QSO: 14287 PH 2026-03-07 2337 ED8W 59 1000 KN6MGZ 59 ID 1
QSO: 3756 PH 2026-03-07 2337 ED8W 59 1000 WK2W 59 NJ 0
QSO: 14287 PH 2026-03-07 2337 ED8W 59 1000 VE6IVN 59 AB 1
QSO: 3756 PH 2026-03-07 2337 ED8W 59 1000 K3WGR 59 PA 0
QSO: 14287 PH 2026-03-07 2338 ED8W 59 1000 AA3NM 59 MD 1
QSO: 3756 PH 2026-03-07 2338 ED8W 59 1000 WA3A 59 PA 0
QSO: 14287 PH 2026-03-07 2338 ED8W 59 1000 N5ZKF 59 TX 1
QSO: 14287 PH 2026-03-07 2338 ED8W 59 1000 KI6WJ 59 NV 1
QSO: 14287 PH 2026-03-07 2339 ED8W 59 1000 K5LJ 59 TX 1
QSO: 14287 PH 2026-03-07 2339 ED8W 59 1000 N1ULU 59 ME 1
QSO: 14287 PH 2026-03-07 2339 ED8W 59 1000 KK4ZTT 59 FL 1
QSO: 14287 PH 2026-03-07 2339 ED8W 59 1000 W2VQ 59 NJ 1
QSO: 14287 PH 2026-03-07 2340 ED8W 59 1000 N7DDM 59 FL 1
QSO: 14287 PH 2026-03-07 2340 ED8W 59 1000 VA2GK 59 QC 1
QSO: 14287 PH 2026-03-07 2340 ED8W 59 1000 W6QA 59 CA 1
QSO: 14287 PH 2026-03-07 2341 ED8W 59 1000 KM8R 59 MI 1
QSO: 14287 PH 2026-03-07 2341 ED8W 59 1000 N4BQQ 59 SC 1
QSO: 14287 PH 2026-03-07 2341 ED8W 59 1000 KD9ZDA 59 IN 1
QSO: 14287 PH 2026-03-07 2342 ED8W 59 1000 KE8WYY 59 MI 1
QSO: 14287 PH 2026-03-07 2342 ED8W 59 1000 K9ZIP 59 WI 1
QSO: 14287 PH 2026-03-07 2342 ED8W 59 1000 WA7PVE 59 WA 1
QSO: 14287 PH 2026-03-07 2343 ED8W 59 1000 AB4UL 59 NC 1
QSO: 14287 PH 2026-03-07 2343 ED8W 59 1000 K3GWK 59 GA 1
QSO: 14287 PH 2026-03-07 2343 ED8W 59 1000 K9TOM 59 IL 1
QSO: 14287 PH 2026-03-07 2344 ED8W 59 1000 K3SMZ 59 MD 1
QSO: 14287 PH 2026-03-07 2344 ED8W 59 1000 KD1BA 59 MA 1
QSO: 7183 PH 2026-03-07 2344 ED8W 59 1000 N3ALN 59 MD 0
QSO: 14287 PH 2026-03-07 2344 ED8W 59 1000 KD9ZCX 59 WI 1
QSO: 7183 PH 2026-03-07 2345 ED8W 59 1000 K3MD 59 PA 0
QSO: 14287 PH 2026-03-07 2345 ED8W 59 1000 AA3TZ 59 PA 1
QSO: 7183 PH 2026-03-07 2345 ED8W 59 1000 K4EA 59 GA 0
QSO: 7183 PH 2026-03-07 2345 ED8W 59 1000 K4HWS 59 TN 0
QSO: 7183 PH 2026-03-07 2345 ED8W 59 1000 KC3WRH 59 MD 0
QSO: 7183 PH 2026-03-07 2346 ED8W 59 1000 N1TQ 59 MA 0
QSO: 14287 PH 2026-03-07 2346 ED8W 59 1000 W0LMN 59 MN 1
QSO: 14287 PH 2026-03-07 2346 ED8W 59 1000 KI4IVT 59 SC 1
QSO: 14287 PH 2026-03-07 2346 ED8W 59 1000 NG0C 59 MN 1
QSO: 14287 PH 2026-03-07 2346 ED8W 59 1000 KF8FDW 59 OH 1
QSO: 14287 PH 2026-03-07 2347 ED8W 59 1000 W4KLL 59 GA 1
QSO: 7183 PH 2026-03-07 2347 ED8W 59 1000 KY3ABC 59 KY 0
QSO: 14287 PH 2026-03-07 2347 ED8W 59 1000 N8TW 59 MI 1
QSO: 7183 PH 2026-03-07 2347 ED8W 59 1000 WA0O 59 MO 0
QSO: 7183 PH 2026-03-07 2347 ED8W 59 1000 KF2TI 59 NJ 0
QSO: 14287 PH 2026-03-07 2347 ED8W 59 1000 K6GHA 59 CA 1
QSO: 7183 PH 2026-03-07 2347 ED8W 59 1000 ND1X 59 CT 0
QSO: 14287 PH 2026-03-07 2347 ED8W 59 1000 K9XW 59 IL 1
QSO: 14287 PH 2026-03-07 2348 ED8W 59 1000 K7SWS 59 MT 1
QSO: 7183 PH 2026-03-07 2348 ED8W 59 1000 K1LNF 59 SC 0
QSO: 7183 PH 2026-03-07 2348 ED8W 59 1000 W3HZU 59 PA 0
QSO: 14287 PH 2026-03-07 2348 ED8W 59 1000 K5RRG 59 TX 1
QSO: 14287 PH 2026-03-07 2349 ED8W 59 1000 W4SEK 59 NJ 1
QSO: 7183 PH 2026-03-07 2349 ED8W 59 1000 N4BQQ 59 SC 0
QSO: 7183 PH 2026-03-07 2349 ED8W 59 1000 N3RCW 59 MD 0
QSO: 14287 PH 2026-03-07 2349 ED8W 59 1000 KC8QQO 59 MI 1
QSO: 7183 PH 2026-03-07 2349 ED8W 59 1000 VA3OOL 59 ON 0
QSO: 14287 PH 2026-03-07 2349 ED8W 59 1000 KF0VR 59 CO 1
QSO: 7183 PH 2026-03-07 2349 ED8W 59 1000 K5IU 59 TX 0
QSO: 14287 PH 2026-03-07 2349 ED8W 59 1000 W6JWP 59 CA 1
QSO: 7183 PH 2026-03-07 2350 ED8W 59 1000 K0DG 59 NE 0
QSO: 14287 PH 2026-03-07 2350 ED8W 59 1000 KQ4TNF 59 NC 1
QSO: 7183 PH 2026-03-07 2350 ED8W 59 1000 VO1GO 59 NF 0
QSO: 14287 PH 2026-03-07 2350 ED8W 59 1000 W9DWR 59 IL 1
QSO: 14287 PH 2026-03-07 2350 ED8W 59 1000 VE6FI 59 AB 1
QSO: 7183 PH 2026-03-07 2351 ED8W 59 1000 K2MV 59 NY 0
QSO: 14287 PH 2026-03-07 2351 ED8W 59 1000 AE5T 59 LA 1
QSO: 7183 PH 2026-03-07 2351 ED8W 59 1000 W3USR 59 PA 0
QSO: 14287 PH 2026-03-07 2351 ED8W 59 1000 KF8ERZ 59 WV 1
QSO: 7183 PH 2026-03-07 2351 ED8W 59 1000 KC9JML 59 IN 0
QSO: 14287 PH 2026-03-07 2351 ED8W 59 1000 K4NWX 59 SC 1
QSO: 14287 PH 2026-03-07 2351 ED8W 59 1000 KR4EEE 59 NC 1
QSO: 14287 PH 2026-03-07 2352 ED8W 59 1000 KK4HQT 59 AL 1
QSO: 7183 PH 2026-03-07 2352 ED8W 59 1000 KC1OXM 59 NH 0
QSO: 14287 PH 2026-03-07 2352 ED8W 59 1000 N5YYF 59 NM 1
QSO: 7183 PH 2026-03-07 2352 ED8W 59 1000 WA2NEW 59 NJ 0
QSO: 14287 PH 2026-03-07 2352 ED8W 59 1000 WD9VYT 59 IL 1
QSO: 14287 PH 2026-03-07 2352 ED8W 59 1000 N3ALN 59 MD 1
QSO: 7183 PH 2026-03-07 2352 ED8W 59 1000 WI9Z 59 IL 0
QSO: 14287 PH 2026-03-07 2352 ED8W 59 1000 KD2RV 59 NJ 1
QSO: 14287 PH 2026-03-07 2353 ED8W 59 1000 W4AA 59 KY 1
QSO: 7183 PH 2026-03-07 2353 ED8W 59 1000 KN2D 59 FL 0
QSO: 14287 PH 2026-03-07 2353 ED8W 59 1000 K3MD 59 PA 1
QSO: 14287 PH 2026-03-07 2353 ED8W 59 1000 W2DON 59 CA 1
QSO: 14287 PH 2026-03-07 2354 ED8W 59 1000 W1RM 59 CT 1
QSO: 14287 PH 2026-03-07 2354 ED8W 59 1000 K1PSC 59 MN 1
QSO: 14287 PH 2026-03-07 2354 ED8W 59 1000 W6QU 59 CA 1
QSO: 7183 PH 2026-03-07 2354 ED8W 59 1000 N1DGK 59 RI 0
QSO: 7183 PH 2026-03-07 2354 ED8W 59 1000 VA3AA 59 ON 0
QSO: 14287 PH 2026-03-07 2354 ED8W 59 1000 AE5JE 59 TX 1
QSO: 14287 PH 2026-03-07 2355 ED8W 59 1000 N1SEB 59 IN 1
QSO: 14287 PH 2026-03-07 2355 ED8W 59 1000 W7DGR 59 WY 1
QSO: 7183 PH 2026-03-07 2355 ED8W 59 1000 W8HB 59 OH 0
QSO: 14287 PH 2026-03-07 2355 ED8W 59 1000 N7JI 59 OR 1
QSO: 7183 PH 2026-03-07 2355 ED8W 59 1000 N2JJ 59 NY 0
QSO: 14287 PH 2026-03-07 2356 ED8W 59 1000 KJ5EJV 59 TX 1
QSO: 7183 PH 2026-03-07 2356 ED8W 59 1000 W1JGM 59 CT 0
QSO: 14287 PH 2026-03-07 2356 ED8W 59 1000 AA7TS 59 AZ 1
QSO: 7183 PH 2026-03-07 2356 ED8W 59 1000 W5ORC 59 MS 0
QSO: 14287 PH 2026-03-07 2357 ED8W 59 1000 WB2TVE 59 NY 1
QSO: 14287 PH 2026-03-07 2357 ED8W 59 1000 N9GXA 59 IN 1
QSO: 14287 PH 2026-03-07 2357 ED8W 59 1000 W2ZO 59 NY 1
QSO: 14287 PH 2026-03-07 2358 ED8W 59 1000 KJ5JYJ 59 TX 1
QSO: 7183 PH 2026-03-07 2358 ED8W 59 1000 WB2FQL 59 NY 0
QSO: 14287 PH 2026-03-07 2358 ED8W 59 1000 WB8JUI 59 OH 1
QSO: 7183 PH 2026-03-07 2358 ED8W 59 1000 KN4CED 59 VA 0
QSO: 14287 PH 2026-03-07 2358 ED8W 59 1000 KC3ZTR 59 PA 1
QSO: 7183 PH 2026-03-07 2358 ED8W 59 1000 AI4WW 59 FL 0
QSO: 14287 PH 2026-03-07 2358 ED8W 59 1000 W9ARO 59 FL 1
QSO: 14287 PH 2026-03-07 2359 ED8W 59 1000 KE8YZP 59 OH 1
QSO: 14287 PH 2026-03-07 2359 ED8W 59 1000 KL7HQR 59 CA 1
QSO: 7183 PH 2026-03-07 2359 ED8W 59 1000 WK2H 59 NY 0
QSO: 7183 PH 2026-03-07 2359 ED8W 59 1000 KF8EYE 59 WV 0
QSO: 7183 PH 2026-03-08 0000 ED8W 59 1000 NX8T 59 OH 0
QSO: 14287 PH 2026-03-08 0000 ED8W 59 1000 KI9BRM 59 WI 1
QSO: 7183 PH 2026-03-08 0000 ED8W 59 1000 KE2CWJ 59 NY 0
QSO: 14287 PH 2026-03-08 0001 ED8W 59 1000 KX4MT 59 SC 1
QSO: 7183 PH 2026-03-08 0001 ED8W 59 1000 KN4ADM 59 GA 0
QSO: 14287 PH 2026-03-08 0001 ED8W 59 1000 KU4YW 59 VA 1
QSO: 7183 PH 2026-03-08 0001 ED8W 59 1000 AD4DQ 59 KY 0
QSO: 14287 PH 2026-03-08 0001 ED8W 59 1000 AI5IN 59 TX 1
QSO: 7183 PH 2026-03-08 0001 ED8W 59 1000 WA2LMC 59 NC 0
QSO: 14287 PH 2026-03-08 0001 ED8W 59 1000 WA8ZBT 59 TX 1
QSO: 14287 PH 2026-03-08 0002 ED8W 59 1000 KA1DCB 59 NH 1
QSO: 14287 PH 2026-03-08 0002 ED8W 59 1000 N6GEO 59 CA 1
QSO: 7183 PH 2026-03-08 0002 ED8W 59 1000 KE4AFZ 59 NY 0
QSO: 7183 PH 2026-03-08 0003 ED8W 59 1000 W8GX 59 MI 0
QSO: 7183 PH 2026-03-08 0004 ED8W 59 1000 N5PD 59 MS 0
QSO: 14287 PH 2026-03-08 0004 ED8W 59 1000 KM4RKH 59 NC 1
QSO: 14287 PH 2026-03-08 0004 ED8W 59 1000 KM4ZHZ 59 GA 1
QSO: 7183 PH 2026-03-08 0004 ED8W 59 1000 VE3GYL 59 ON 0
QSO: 14287 PH 2026-03-08 0005 ED8W 59 1000 WC4E 59 FL 1
QSO: 7183 PH 2026-03-08 0005 ED8W 59 1000 WA3KCP 59 PA 0
QSO: 14287 PH 2026-03-08 0005 ED8W 59 1000 N6AA 59 CA 1
QSO: 14287 PH 2026-03-08 0006 ED8W 59 1000 N0MDH 59 NJ 1
QSO: 14287 PH 2026-03-08 0006 ED8W 59 1000 WE7CB 59 UT 1
QSO: 7183 PH 2026-03-08 0006 ED8W 59 1000 WO2X 59 NJ 0
QSO: 14287 PH 2026-03-08 0006 ED8W 59 1000 WZ8P 59 OH 1
QSO: 14287 PH 2026-03-08 0007 ED8W 59 1000 KE9CJP 59 WI 1
QSO: 14287 PH 2026-03-08 0007 ED8W 59 1000 K1TH 59 MA 1
QSO: 14287 PH 2026-03-08 0007 ED8W 59 1000 K1CRS 59 FL 1
QSO: 14287 PH 2026-03-08 0008 ED8W 59 1000 KG5KRZ 59 LA 1
QSO: 14287 PH 2026-03-08 0008 ED8W 59 1000 KA6Y 59 NC 1
QSO: 14287 PH 2026-03-08 0008 ED8W 59 1000 W9HP 59 IN 1
QSO: 14287 PH 2026-03-08 0009 ED8W 59 1000 K2WK 59 VA 1
QSO: 14287 PH 2026-03-08 0009 ED8W 59 1000 KG4CRJ 59 NC 1
QSO: 14287 PH 2026-03-08 0010 ED8W 59 1000 K0TG 59 MN 1
QSO: 14287 PH 2026-03-08 0011 ED8W 59 1000 N5DIT 59 TX 1
QSO: 14287 PH 2026-03-08 0011 ED8W 59 1000 WF3H 59 TX 1
QSO: 14287 PH 2026-03-08 0011 ED8W 59 1000 K4YUC 59 AL 1
QSO: 14287 PH 2026-03-08 0011 ED8W 59 1000 W5HI 59 TX 1
QSO: 14287 PH 2026-03-08 0012 ED8W 59 1000 K5FRJ 59 CA 1
QSO: 14287 PH 2026-03-08 0012 ED8W 59 1000 K4UTV 59 TN 1
QSO: 14287 PH 2026-03-08 0013 ED8W 59 1000 KA9FON 59 MI 1
QSO: 14287 PH 2026-03-08 0013 ED8W 59 1000 W3WN 59 PA 1
QSO: 14287 PH 2026-03-08 0013 ED8W 59 1000 N1WRK 59 MA 1
QSO: 14287 PH 2026-03-08 0014 ED8W 59 1000 N3FES 59 WV 1
QSO: 14287 PH 2026-03-08 0014 ED8W 59 1000 KC0IUY 59 KS 1
QSO: 14287 PH 2026-03-08 0015 ED8W 59 1000 KE0MS 59 IA 1
QSO: 14287 PH 2026-03-08 0015 ED8W 59 1000 W9YUM 59 IL 1
QSO: 14287 PH 2026-03-08 0016 ED8W 59 1000 WB8YQJ 59 CA 1
QSO: 14287 PH 2026-03-08 0016 ED8W 59 1000 KG5UN 59 MS 1
QSO: 14287 PH 2026-03-08 0017 ED8W 59 1000 N4BOS 59 TX 1
QSO: 14287 PH 2026-03-08 0017 ED8W 59 1000 K9DX 59 IL 1
QSO: 14287 PH 2026-03-08 0017 ED8W 59 1000 W6MX 59 CA 1
QSO: 14287 PH 2026-03-08 0018 ED8W 59 1000 W4BQK 59 MA 1
QSO: 14287 PH 2026-03-08 0018 ED8W 59 1000 KK4R 59 VA 1
QSO: 14287 PH 2026-03-08 0018 ED8W 59 1000 VA3AVP 59 ON 1
QSO: 14287 PH 2026-03-08 0018 ED8W 59 1000 WA2QAU 59 NY 1
QSO: 14287 PH 2026-03-08 0021 ED8W 59 1000 K4GCD 59 SC 1
QSO: 14287 PH 2026-03-08 0021 ED8W 59 1000 KN6JIB 59 CA 1
QSO: 14287 PH 2026-03-08 0022 ED8W 59 1000 WX7MB 59 SC 1
QSO: 14287 PH 2026-03-08 0022 ED8W 59 1000 W3AVP 59 PA 1
QSO: 14287 PH 2026-03-08 0022 ED8W 59 1000 KE7RTB 59 TX 1
QSO: 14287 PH 2026-03-08 0023 ED8W 59 1000 KC0VDY 59 CO 1
QSO: 14287 PH 2026-03-08 0023 ED8W 59 1000 KJ0I 59 CO 1
QSO: 14287 PH 2026-03-08 0024 ED8W 59 1000 N4JED 59 VA 1
QSO: 14287 PH 2026-03-08 0024 ED8W 59 1000 K8BER 59 TX 1
QSO: 14287 PH 2026-03-08 0025 ED8W 59 1000 KB8USO 59 OH 1
QSO: 14287 PH 2026-03-08 0025 ED8W 59 1000 N3LVG 59 PA 1
QSO: 14287 PH 2026-03-08 0026 ED8W 59 1000 VA3CDV 59 ON 1
QSO: 14287 PH 2026-03-08 0026 ED8W 59 1000 N1NRW 59 FL 1
QSO: 14287 PH 2026-03-08 0027 ED8W 59 1000 N7WY 59 MO 1
QSO: 14287 PH 2026-03-08 0027 ED8W 59 1000 N0KAF 59 CO 1
QSO: 14287 PH 2026-03-08 0027 ED8W 59 1000 NY3C 59 DE 1
QSO: 14287 PH 2026-03-08 0027 ED8W 59 1000 W9RE 59 IN 1
QSO: 14287 PH 2026-03-08 0028 ED8W 59 1000 N1EP 59 ME 1
QSO: 14287 PH 2026-03-08 0028 ED8W 59 1000 N9LUC 59 TX 1
QSO: 7184 PH 2026-03-08 0028 ED8W 59 1000 KB3LTT 59 PA 0
QSO: 7184 PH 2026-03-08 0029 ED8W 59 1000 KC2PJH 59 NY 0
QSO: 7184 PH 2026-03-08 0030 ED8W 59 1000 K1BIF 59 VT 0
QSO: 14287 PH 2026-03-08 0030 ED8W 59 1000 N5KPK 59 TX 1
QSO: 7184 PH 2026-03-08 0030 ED8W 59 1000 KB1NG 59 MA 0
QSO: 14287 PH 2026-03-08 0031 ED8W 59 1000 W4ITN 59 TN 1
QSO: 7184 PH 2026-03-08 0032 ED8W 59 1000 AA8GK 59 MI 0
QSO: 14287 PH 2026-03-08 0032 ED8W 59 1000 KE0VYD 59 IL 1
QSO: 14287 PH 2026-03-08 0032 ED8W 59 1000 K7US 59 NV 1
QSO: 7184 PH 2026-03-08 0032 ED8W 59 1000 KF4O 59 VA 0
QSO: 7184 PH 2026-03-08 0032 ED8W 59 1000 W3FOX 59 MD 0
QSO: 7184 PH 2026-03-08 0033 ED8W 59 1000 VE3JM 59 ON 0
QSO: 14287 PH 2026-03-08 0033 ED8W 59 1000 N0JN 59 MO 1
QSO: 7184 PH 2026-03-08 0033 ED8W 59 1000 K7UWR 59 GA 0
QSO: 14287 PH 2026-03-08 0033 ED8W 59 1000 KE0EHD 59 MO 1
QSO: 7184 PH 2026-03-08 0033 ED8W 59 1000 W1EQ 59 CT 0
QSO: 7184 PH 2026-03-08 0033 ED8W 59 1000 N3JT 59 VA 0
QSO: 14287 PH 2026-03-08 0034 ED8W 59 1000 N6TQ 59 CA 1
QSO: 7184 PH 2026-03-08 0034 ED8W 59 1000 KI1G 59 RI 0
QSO: 14287 PH 2026-03-08 0034 ED8W 59 1000 K9MMS 59 IL 1
QSO: 14287 PH 2026-03-08 0034 ED8W 59 1000 KA3KHZ 59 DE 1
QSO: 14287 PH 2026-03-08 0035 ED8W 59 1000 W3MAX 59 DE 1
QSO: 7184 PH 2026-03-08 0035 ED8W 59 1000 N9PWM 59 IN 0
QSO: 14287 PH 2026-03-08 0035 ED8W 59 1000 VE1BLL 59 NS 1
QSO: 14287 PH 2026-03-08 0035 ED8W 59 1000 WB2BEW 59 NJ 1
QSO: 7184 PH 2026-03-08 0035 ED8W 59 1000 K4CVD 59 TN 0
QSO: 14287 PH 2026-03-08 0036 ED8W 59 1000 KC2KZJ 59 NJ 1
QSO: 14287 PH 2026-03-08 0037 ED8W 59 1000 KC2PJH 59 NY 1
QSO: 14287 PH 2026-03-08 0037 ED8W 59 1000 K5OGR 59 AR 1
QSO: 7184 PH 2026-03-08 0037 ED8W 59 1000 K4BQK 59 MA 0
QSO: 7184 PH 2026-03-08 0037 ED8W 59 1000 N1IBM 59 VT 0
QSO: 14287 PH 2026-03-08 0037 ED8W 59 1000 K0OP 59 ND 1
QSO: 7184 PH 2026-03-08 0037 ED8W 59 1000 K0NG 59 TN 0
QSO: 7184 PH 2026-03-08 0038 ED8W 59 1000 K4MI 59 VA 0
QSO: 7184 PH 2026-03-08 0038 ED8W 59 1000 N1ECT 59 RI 0
QSO: 7184 PH 2026-03-08 0039 ED8W 59 1000 KO4BWN 59 GA 0
QSO: 7184 PH 2026-03-08 0039 ED8W 59 1000 AC4XF 59 NC 0
QSO: 7184 PH 2026-03-08 0039 ED8W 59 1000 K2RSB 59 NY 0
QSO: 14287 PH 2026-03-08 0039 ED8W 59 1000 WB6CIA 59 CA 1
QSO: 14287 PH 2026-03-08 0040 ED8W 59 1000 KI5ZNS 59 TX 1
QSO: 7184 PH 2026-03-08 0040 ED8W 59 1000 N2NNF 59 NY 0
QSO: 7184 PH 2026-03-08 0041 ED8W 59 1000 WA4WZQ 59 NC 0
QSO: 7184 PH 2026-03-08 0041 ED8W 59 1000 N8VQG 59 KY 0
QSO: 14287 PH 2026-03-08 0041 ED8W 59 1000 K4DR 59 TN 1
QSO: 7184 PH 2026-03-08 0041 ED8W 59 1000 AA3OO 59 MO 0
QSO: 7184 PH 2026-03-08 0042 ED8W 59 1000 W3OU 59 MD 0
QSO: 14287 PH 2026-03-08 0042 ED8W 59 1000 W4ZBR 59 SC 1
QSO: 7184 PH 2026-03-08 0042 ED8W 59 1000 AE0DX 59 IA 0
QSO: 14287 PH 2026-03-08 0042 ED8W 59 1000 W2QAJN 59 NY 1
QSO: 7184 PH 2026-03-08 0042 ED8W 59 1000 K2AV 59 NC 0
QSO: 7184 PH 2026-03-08 0043 ED8W 59 1000 W3WNK 59 PA 0
QSO: 14287 PH 2026-03-08 0043 ED8W 59 1000 W8SGK 59 CA 1
QSO: 7184 PH 2026-03-08 0043 ED8W 59 1000 KG4SRK 59 KY 0
QSO: 7184 PH 2026-03-08 0043 ED8W 59 1000 WB8MIW 59 MI 0
QSO: 14287 PH 2026-03-08 0043 ED8W 59 1000 WA8OLN 59 MI 1
QSO: 14287 PH 2026-03-08 0044 ED8W 59 1000 WA1VIL 59 MA 1
QSO: 7184 PH 2026-03-08 0044 ED8W 59 1000 WB2JTE 59 NJ 0
QSO: 7184 PH 2026-03-08 0044 ED8W 59 1000 KA2WIK 59 NY 0
QSO: 14287 PH 2026-03-08 0044 ED8W 59 1000 KF2RT 59 SC 1
QSO: 7184 PH 2026-03-08 0044 ED8W 59 1000 AE0MO 59 KS 0
QSO: 7184 PH 2026-03-08 0045 ED8W 59 1000 N3UUS 59 MI 0
QSO: 14287 PH 2026-03-08 0045 ED8W 59 1000 WB0JZG 59 FL 1
QSO: 14287 PH 2026-03-08 0045 ED8W 59 1000 KK4FTC 59 VA 1
QSO: 7184 PH 2026-03-08 0046 ED8W 59 1000 N4HOS 59 VA 0
QSO: 14287 PH 2026-03-08 0046 ED8W 59 1000 KB6QPI 59 FL 1
QSO: 7184 PH 2026-03-08 0047 ED8W 59 1000 N3PVZ 59 PA 0
QSO: 14287 PH 2026-03-08 0047 ED8W 59 1000 WA7F 59 WA 1
QSO: 7184 PH 2026-03-08 0047 ED8W 59 1000 KB4ABM 59 GA 0
QSO: 14287 PH 2026-03-08 0047 ED8W 59 1000 WD4OAY 59 FL 1
QSO: 14287 PH 2026-03-08 0048 ED8W 59 1000 KA3LKM 59 PA 1
QSO: 14287 PH 2026-03-08 0048 ED8W 59 1000 N6GRM 59 CA 1
QSO: 14287 PH 2026-03-08 0049 ED8W 59 1000 AD9BK 59 IL 1
QSO: 7184 PH 2026-03-08 0049 ED8W 59 1000 N3UA 59 VA 0
QSO: 14287 PH 2026-03-08 0049 ED8W 59 1000 KC4TEO 59 AL 1
QSO: 14287 PH 2026-03-08 0049 ED8W 59 1000 KN4IRM 59 KY 1
QSO: 7184 PH 2026-03-08 0049 ED8W 59 1000 K3DQB 59 PA 0
QSO: 14287 PH 2026-03-08 0049 ED8W 59 1000 W7KEY 59 AZ 1
QSO: 7184 PH 2026-03-08 0050 ED8W 59 1000 WD4PTJ 59 TN 0
QSO: 14287 PH 2026-03-08 0051 ED8W 59 1000 KC9BPE 59 IN 1
QSO: 14287 PH 2026-03-08 0051 ED8W 59 1000 N7DEY 59 NV 1
QSO: 14287 PH 2026-03-08 0051 ED8W 59 1000 W5ASS 59 TX 1
QSO: 7184 PH 2026-03-08 0051 ED8W 59 1000 N1RPS 59 NH 0
QSO: 7184 PH 2026-03-08 0052 ED8W 59 1000 NY3C 59 DE 0
QSO: 7184 PH 2026-03-08 0052 ED8W 59 1000 WC3N 59 MD 0
QSO: 14287 PH 2026-03-08 0052 ED8W 59 1000 WV7MS 59 WV 1
QSO: 14287 PH 2026-03-08 0052 ED8W 59 1000 K1LZ 59 ME 1
QSO: 14287 PH 2026-03-08 0053 ED8W 59 1000 N8XPQ 59 MI 1
QSO: 14287 PH 2026-03-08 0053 ED8W 59 1000 K3TC 59 MD 1
QSO: 7184 PH 2026-03-08 0053 ED8W 59 1000 WB4KFO 59 VA 0
QSO: 14287 PH 2026-03-08 0054 ED8W 59 1000 W7TOW 59 MA 1
QSO: 14287 PH 2026-03-08 0054 ED8W 59 1000 N5KO 59 CA 1
QSO: 7184 PH 2026-03-08 0054 ED8W 59 1000 AD7JL 59 GA 0
QSO: 14287 PH 2026-03-08 0054 ED8W 59 1000 KO4BWN 59 GA 1
QSO: 14287 PH 2026-03-08 0055 ED8W 59 1000 K4NMR 59 FL 1
QSO: 14287 PH 2026-03-08 0055 ED8W 59 1000 K1BZ 59 ME 1
QSO: 14287 PH 2026-03-08 0055 ED8W 59 1000 WW2P 59 NY 1
QSO: 14287 PH 2026-03-08 0056 ED8W 59 1000 W1CTN 59 NC 1
QSO: 14287 PH 2026-03-08 0056 ED8W 59 1000 AD3V 59 DE 1
QSO: 14287 PH 2026-03-08 0056 ED8W 59 1000 K6CSL 59 CA 1
QSO: 14287 PH 2026-03-08 0056 ED8W 59 1000 VE7AX 59 BC 1
QSO: 14287 PH 2026-03-08 0057 ED8W 59 1000 K1MWH 59 TN 1
QSO: 14287 PH 2026-03-08 0057 ED8W 59 1000 KD9CQB 59 IN 1
QSO: 14287 PH 2026-03-08 0057 ED8W 59 1000 N6WMD 59 AZ 1
QSO: 14287 PH 2026-03-08 0057 ED8W 59 1000 W8RID 59 OH 1
QSO: 14287 PH 2026-03-08 0057 ED8W 59 1000 W6SX 59 CA 1
QSO: 14287 PH 2026-03-08 0058 ED8W 59 1000 WB7FDQ 59 AZ 1
QSO: 14287 PH 2026-03-08 0058 ED8W 59 1000 KC8YFO 59 OH 1
QSO: 14287 PH 2026-03-08 0058 ED8W 59 1000 KC3ZFR 59 PA 1
QSO: 14287 PH 2026-03-08 0058 ED8W 59 1000 K1HG 59 FL 1
QSO: 14287 PH 2026-03-08 0059 ED8W 59 1000 KG7COA 59 AZ 1
QSO: 14287 PH 2026-03-08 0059 ED8W 59 1000 K7OED 59 AZ 1
QSO: 14287 PH 2026-03-08 0059 ED8W 59 1000 KD4NEM 59 VA 1
QSO: 14287 PH 2026-03-08 0100 ED8W 59 1000 KB8IOK 59 FL 1
QSO: 14287 PH 2026-03-08 0100 ED8W 59 1000 W7PV 59 AZ 1
QSO: 14287 PH 2026-03-08 0101 ED8W 59 1000 NT0Z 59 MN 1
QSO: 14287 PH 2026-03-08 0101 ED8W 59 1000 KM7SAD 59 PA 1
QSO: 14287 PH 2026-03-08 0101 ED8W 59 1000 KF0SYY 59 CO 1
QSO: 14287 PH 2026-03-08 0102 ED8W 59 1000 NC1A 59 NJ 1
QSO: 14287 PH 2026-03-08 0102 ED8W 59 1000 WY8O 59 FL 1
QSO: 14287 PH 2026-03-08 0102 ED8W 59 1000 W7LCB 59 AZ 1
QSO: 14287 PH 2026-03-08 0102 ED8W 59 1000 KE2DC 59 NY 1
QSO: 14287 PH 2026-03-08 0102 ED8W 59 1000 N3JT 59 VA 1
QSO: 14287 PH 2026-03-08 0103 ED8W 59 1000 VE2PCF 59 QC 1
QSO: 14287 PH 2026-03-08 0104 ED8W 59 1000 N1KJS 59 MA 1
QSO: 14287 PH 2026-03-08 0104 ED8W 59 1000 W9CP 59 IL 1
QSO: 7184 PH 2026-03-08 0104 ED8W 59 1000 N4CW 59 NC 0
QSO: 7184 PH 2026-03-08 0104 ED8W 59 1000 KD3HN 59 PA 0
QSO: 14287 PH 2026-03-08 0104 ED8W 59 1000 KQ4MWL 59 TN 1
QSO: 14287 PH 2026-03-08 0104 ED8W 59 1000 KX2D 59 IL 1
QSO: 14287 PH 2026-03-08 0104 ED8W 59 1000 N6PF 59 CA 1
QSO: 14287 PH 2026-03-08 0105 ED8W 59 1000 KW4XT 59 TX 1
QSO: 14287 PH 2026-03-08 0105 ED8W 59 1000 WS3C 59 PA 1
QSO: 7184 PH 2026-03-08 0105 ED8W 59 1000 KQ3F 59 PA 0
QSO: 14287 PH 2026-03-08 0105 ED8W 59 1000 N2IVN 59 NJ 1
QSO: 7184 PH 2026-03-08 0105 ED8W 59 1000 KS3F 59 PA 0
QSO: 7184 PH 2026-03-08 0106 ED8W 59 1000 N1TO 59 FL 0
QSO: 14287 PH 2026-03-08 0106 ED8W 59 1000 K2SE 59 NJ 1
QSO: 7184 PH 2026-03-08 0106 ED8W 59 1000 KA2FIR 59 NJ 0
QSO: 7184 PH 2026-03-08 0106 ED8W 59 1000 KA3KHZ 59 DE 0
QSO: 14287 PH 2026-03-08 0106 ED8W 59 1000 K4VTE 59 GA 1
QSO: 14287 PH 2026-03-08 0106 ED8W 59 1000 WD4KTF 59 KY 1
QSO: 14287 PH 2026-03-08 0107 ED8W 59 1000 KQ4ELN 59 SC 1
QSO: 7184 PH 2026-03-08 0107 ED8W 59 1000 W2JBO 59 LA 0
QSO: 14287 PH 2026-03-08 0107 ED8W 59 1000 N1XXU 59 CT 1
QSO: 7184 PH 2026-03-08 0107 ED8W 59 1000 N5GD 59 MS 0
QSO: 14287 PH 2026-03-08 0107 ED8W 59 1000 W7DBA 59 UT 1
QSO: 7184 PH 2026-03-08 0108 ED8W 59 1000 N2BZD 59 NJ 0
QSO: 7184 PH 2026-03-08 0108 ED8W 59 1000 WB2KLD 59 NY 0
QSO: 14287 PH 2026-03-08 0108 ED8W 59 1000 KC2RIV 59 NY 1
QSO: 14287 PH 2026-03-08 0108 ED8W 59 1000 K6ES 59 NC 1
QSO: 7184 PH 2026-03-08 0108 ED8W 59 1000 N4JOW 59 VA 0
QSO: 14287 PH 2026-03-08 0109 ED8W 59 1000 N7MYA 59 AZ 1
QSO: 7184 PH 2026-03-08 0109 ED8W 59 1000 K9JAI 59 WI 0
QSO: 14287 PH 2026-03-08 0109 ED8W 59 1000 KK7WYG 59 AZ 1
QSO: 7184 PH 2026-03-08 0110 ED8W 59 1000 KF8AVC 59 OH 0
QSO: 14287 PH 2026-03-08 0110 ED8W 59 1000 K6GII 59 AZ 1
QSO: 7184 PH 2026-03-08 0111 ED8W 59 1000 WK1O 59 MA 0
QSO: 14287 PH 2026-03-08 0111 ED8W 59 1000 KR4HFE 59 SC 1
QSO: 7184 PH 2026-03-08 0111 ED8W 59 1000 K4DR 59 TN 0
QSO: 7184 PH 2026-03-08 0111 ED8W 59 1000 K5RKW 59 TX 0
QSO: 14287 PH 2026-03-08 0112 ED8W 59 1000 KR4CYG 59 AL 1
QSO: 7184 PH 2026-03-08 0112 ED8W 59 1000 N7WY 59 MO 0
QSO: 14287 PH 2026-03-08 0112 ED8W 59 1000 KQ4WAY 59 AL 1
QSO: 14287 PH 2026-03-08 0113 ED8W 59 1000 WK1W 59 CT 1
QSO: 14287 PH 2026-03-08 0113 ED8W 59 1000 N4TL 59 NC 1
QSO: 7184 PH 2026-03-08 0113 ED8W 59 1000 NU4E 59 SC 0
QSO: 14287 PH 2026-03-08 0113 ED8W 59 1000 KE2EKU 59 NY 1
QSO: 14287 PH 2026-03-08 0113 ED8W 59 1000 W9ZH 59 IL 1
QSO: 7184 PH 2026-03-08 0113 ED8W 59 1000 KC1RFK 59 TN 0
QSO: 14287 PH 2026-03-08 0114 ED8W 59 1000 K4FIL 59 FL 1
QSO: 7184 PH 2026-03-08 0114 ED8W 59 1000 W3US 59 FL 0
QSO: 14287 PH 2026-03-08 0114 ED8W 59 1000 AA4DD 59 TN 1
QSO: 7184 PH 2026-03-08 0114 ED8W 59 1000 VA3ZNQ 59 ON 0
QSO: 14287 PH 2026-03-08 0114 ED8W 59 1000 N4DN 59 VA 1
QSO: 7184 PH 2026-03-08 0114 ED8W 59 1000 AC2N 59 FL 0
QSO: 14287 PH 2026-03-08 0114 ED8W 59 1000 NN5T 59 TX 1
QSO: 7184 PH 2026-03-08 0115 ED8W 59 1000 N1DD 59 MA 0
QSO: 7184 PH 2026-03-08 0115 ED8W 59 1000 K1KL 59 NH 0
QSO: 14287 PH 2026-03-08 0115 ED8W 59 1000 KB8YYE 59 MI 1
QSO: 7184 PH 2026-03-08 0115 ED8W 59 1000 W3HKK 59 OH 0
QSO: 14287 PH 2026-03-08 0116 ED8W 59 1000 KB9LGS 59 IN 1
QSO: 7184 PH 2026-03-08 0116 ED8W 59 1000 KC2QJB 59 NJ 0
QSO: 7184 PH 2026-03-08 0116 ED8W 59 1000 KC1DBR 59 NH 0
QSO: 14287 PH 2026-03-08 0117 ED8W 59 1000 VE6TWN 59 AB 1
QSO: 7184 PH 2026-03-08 0117 ED8W 59 1000 WB2JIV 59 NY 0
QSO: 14287 PH 2026-03-08 0117 ED8W 59 1000 K4CAB 59 VA 1
QSO: 14287 PH 2026-03-08 0117 ED8W 59 1000 W9IZ 59 IN 1
QSO: 14287 PH 2026-03-08 0117 ED8W 59 1000 N6KI 59 CA 1
QSO: 7184 PH 2026-03-08 0118 ED8W 59 1000 N0VRM 59 MN 0
QSO: 14287 PH 2026-03-08 0118 ED8W 59 1000 AC1UD 59 NH 1
QSO: 14287 PH 2026-03-08 0118 ED8W 59 1000 K7WAX 59 AR 1
QSO: 7184 PH 2026-03-08 0118 ED8W 59 1000 W2CQ 59 NY 0
QSO: 14287 PH 2026-03-08 0118 ED8W 59 1000 W3MDR 59 MD 1
QSO: 14287 PH 2026-03-08 0118 ED8W 59 1000 K5VAR 59 SC 1
QSO: 14287 PH 2026-03-08 0119 ED8W 59 1000 KF5KWO 59 TX 1
QSO: 7184 PH 2026-03-08 0119 ED8W 59 1000 K3QP 59 PA 0
QSO: 7184 PH 2026-03-08 0119 ED8W 59 1000 VY2OM 59 PE 0
QSO: 14287 PH 2026-03-08 0119 ED8W 59 1000 KD4RAF 59 KY 1
QSO: 7184 PH 2026-03-08 0119 ED8W 59 1000 AE1MV 59 NY 0
QSO: 7184 PH 2026-03-08 0120 ED8W 59 1000 WI5D 59 MO 0
QSO: 7184 PH 2026-03-08 0120 ED8W 59 1000 K1TTW 59 VT 0
QSO: 14287 PH 2026-03-08 0120 ED8W 59 1000 KB1WAM 59 MA 1
QSO: 7184 PH 2026-03-08 0120 ED8W 59 1000 N0MNY 59 MD 0
QSO: 14287 PH 2026-03-08 0120 ED8W 59 1000 KC8GTX 59 MI 1
QSO: 7184 PH 2026-03-08 0121 ED8W 59 1000 AA4R 59 NC 0
QSO: 14287 PH 2026-03-08 0121 ED8W 59 1000 KO0Z 59 MO 1
QSO: 14287 PH 2026-03-08 0121 ED8W 59 1000 N4CVT 59 NC 1
QSO: 14287 PH 2026-03-08 0121 ED8W 59 1000 KC2EBA 59 NY 1
QSO: 7184 PH 2026-03-08 0121 ED8W 59 1000 K3DDF 59 PA 0
QSO: 14287 PH 2026-03-08 0122 ED8W 59 1000 KT4LST 59 FL 1
QSO: 14287 PH 2026-03-08 0122 ED8W 59 1000 KB1ZAC 59 CT 1
QSO: 14287 PH 2026-03-08 0122 ED8W 59 1000 W1VBX 59 ME 1
QSO: 14287 PH 2026-03-08 0122 ED8W 59 1000 K4SJR 59 GA 1
QSO: 14287 PH 2026-03-08 0123 ED8W 59 1000 WA0ALH 59 IA 1
QSO: 7184 PH 2026-03-08 0123 ED8W 59 1000 KK4FTC 59 VA 0
QSO: 7184 PH 2026-03-08 0123 ED8W 59 1000 K7DHX 59 NV 0
QSO: 14287 PH 2026-03-08 0123 ED8W 59 1000 WB9CMD 59 IL 1
QSO: 14287 PH 2026-03-08 0124 ED8W 59 1000 KK5TU 59 TX 1
QSO: 14287 PH 2026-03-08 0124 ED8W 59 1000 WT8Z 59 OH 1
QSO: 7184 PH 2026-03-08 0124 ED8W 59 1000 N8XPQ 59 MI 0
QSO: 14287 PH 2026-03-08 0124 ED8W 59 1000 WT0N 59 CO 1
QSO: 7184 PH 2026-03-08 0125 ED8W 59 1000 VO1MAX 59 NF 0
QSO: 14287 PH 2026-03-08 0125 ED8W 59 1000 VE3ZR 59 ON 1
QSO: 14287 PH 2026-03-08 0125 ED8W 59 1000 KA9CCN 59 IN 1
QSO: 7184 PH 2026-03-08 0125 ED8W 59 1000 K2CJ 59 NJ 0
QSO: 14287 PH 2026-03-08 0125 ED8W 59 1000 WA8CLT 59 OH 1
QSO: 14287 PH 2026-03-08 0126 ED8W 59 1000 KR4EVE 59 FL 1
QSO: 14287 PH 2026-03-08 0126 ED8W 59 1000 VA3MVW 59 ON 1
QSO: 7184 PH 2026-03-08 0126 ED8W 59 1000 W8MCV 59 MI 0
QSO: 7184 PH 2026-03-08 0127 ED8W 59 1000 N7DDM 59 FL 0
QSO: 14287 PH 2026-03-08 0127 ED8W 59 1000 KD9NHZ 59 IL 1
QSO: 7184 PH 2026-03-08 0127 ED8W 59 1000 VA2MP 59 QC 0
QSO: 14287 PH 2026-03-08 0127 ED8W 59 1000 K2RSB 59 NY 1
QSO: 14287 PH 2026-03-08 0127 ED8W 59 1000 WB4DPM 59 GA 1
QSO: 14287 PH 2026-03-08 0128 ED8W 59 1000 KC9ZMA 59 IN 1
QSO: 14287 PH 2026-03-08 0129 ED8W 59 1000 W2ECK 59 GA 1
QSO: 7184 PH 2026-03-08 0129 ED8W 59 1000 N4TL 59 NC 0
QSO: 7184 PH 2026-03-08 0129 ED8W 59 1000 NX2X 59 NY 0
QSO: 14287 PH 2026-03-08 0129 ED8W 59 1000 WA2LOT 59 NJ 1
QSO: 7184 PH 2026-03-08 0130 ED8W 59 1000 KO4EAC 59 GA 0
QSO: 7184 PH 2026-03-08 0130 ED8W 59 1000 VO1TH 59 NF 0
QSO: 7184 PH 2026-03-08 0130 ED8W 59 1000 N1EP 59 ME 0
QSO: 14287 PH 2026-03-08 0131 ED8W 59 1000 AC8HZ 59 MI 1
QSO: 7184 PH 2026-03-08 0132 ED8W 59 1000 KB3PC 59 PA 0
QSO: 14287 PH 2026-03-08 0132 ED8W 59 1000 N0MKB 59 MO 1
QSO: 7184 PH 2026-03-08 0132 ED8W 59 1000 ND4Y 59 KY 0
QSO: 7184 PH 2026-03-08 0133 ED8W 59 1000 AD4EB 59 TN 0
QSO: 14287 PH 2026-03-08 0133 ED8W 59 1000 KC1URY 59 CT 1
QSO: 7184 PH 2026-03-08 0133 ED8W 59 1000 KB2URI 59 NY 0
QSO: 7184 PH 2026-03-08 0134 ED8W 59 1000 AF7WH 59 ID 0
QSO: 7184 PH 2026-03-08 0134 ED8W 59 1000 W0MGR 59 MN 0
QSO: 14287 PH 2026-03-08 0134 ED8W 59 1000 K8GL 59 MI 1
QSO: 7184 PH 2026-03-08 0134 ED8W 59 1000 WB0RUR 59 AR 0
QSO: 14287 PH 2026-03-08 0134 ED8W 59 1000 KE9EEN 59 IL 1
QSO: 7184 PH 2026-03-08 0134 ED8W 59 1000 W9CG 59 IL 0
QSO: 14287 PH 2026-03-08 0135 ED8W 59 1000 K5XU 59 MS 1
QSO: 7184 PH 2026-03-08 0135 ED8W 59 1000 KD0KIB 59 MO 0
QSO: 14287 PH 2026-03-08 0135 ED8W 59 1000 KB2ZPB 59 NY 1
QSO: 7184 PH 2026-03-08 0135 ED8W 59 1000 N3DRA 59 MD 0
QSO: 14287 PH 2026-03-08 0135 ED8W 59 1000 N1FFR 59 CT 1
QSO: 14287 PH 2026-03-08 0135 ED8W 59 1000 N5VHT 59 LA 1
QSO: 7184 PH 2026-03-08 0135 ED8W 59 1000 N8JE 59 OH 0
QSO: 7184 PH 2026-03-08 0135 ED8W 59 1000 K8DE 59 MI 0
QSO: 14287 PH 2026-03-08 0136 ED8W 59 1000 AF7NX 59 OR 1
QSO: 7184 PH 2026-03-08 0136 ED8W 59 1000 N5DIT 59 TX 0
QSO: 7184 PH 2026-03-08 0137 ED8W 59 1000 AD2JZ 59 NY 0
QSO: 7184 PH 2026-03-08 0137 ED8W 59 1000 K2NV 59 NY 0
QSO: 14287 PH 2026-03-08 0137 ED8W 59 1000 VE7IEF 59 BC 1
QSO: 14287 PH 2026-03-08 0137 ED8W 59 1000 K9MA 59 WI 1
QSO: 7184 PH 2026-03-08 0137 ED8W 59 1000 N0KWA 59 LA 0
QSO: 7184 PH 2026-03-08 0137 ED8W 59 1000 K2QB 59 NY 0
QSO: 14287 PH 2026-03-08 0138 ED8W 59 1000 KI8H 59 NJ 1
QSO: 7184 PH 2026-03-08 0138 ED8W 59 1000 W2PI 59 NY 0
QSO: 7184 PH 2026-03-08 0138 ED8W 59 1000 WK5ODV 59 OK 0
QSO: 14287 PH 2026-03-08 0138 ED8W 59 1000 K3LT 59 DE 1
QSO: 14287 PH 2026-03-08 0139 ED8W 59 1000 N3GB 59 FL 1
QSO: 14287 PH 2026-03-08 0139 ED8W 59 1000 N9RLI 59 IL 1
QSO: 7184 PH 2026-03-08 0139 ED8W 59 1000 VE5TV 59 SK 0
QSO: 14287 PH 2026-03-08 0140 ED8W 59 1000 KQ4OXK 59 SC 1
QSO: 7184 PH 2026-03-08 0140 ED8W 59 1000 K3SV 59 FL 0
QSO: 14287 PH 2026-03-08 0140 ED8W 59 1000 KJ5HUI 59 LA 1
QSO: 7184 PH 2026-03-08 0140 ED8W 59 1000 K7SWS 59 MT 0
QSO: 14287 PH 2026-03-08 0141 ED8W 59 1000 KY4DMD 59 KY 1
QSO: 14287 PH 2026-03-08 0141 ED8W 59 1000 N3ZT 59 PA 1
QSO: 7184 PH 2026-03-08 0141 ED8W 59 1000 WA3QWA 59 VA 0
QSO: 7184 PH 2026-03-08 0142 ED8W 59 1000 N7DR 59 CO 0
QSO: 14287 PH 2026-03-08 0142 ED8W 59 1000 N0TDJ 59 IA 1
QSO: 7184 PH 2026-03-08 0142 ED8W 59 1000 VE6LQ 59 AB 0
QSO: 14287 PH 2026-03-08 0142 ED8W 59 1000 KF0PDQ 59 NE 1
QSO: 7184 PH 2026-03-08 0143 ED8W 59 1000 W2EHH 59 NY 0
QSO: 14287 PH 2026-03-08 0143 ED8W 59 1000 K6XX 59 CA 1
QSO: 7184 PH 2026-03-08 0143 ED8W 59 1000 N9DJ 59 IL 0
QSO: 14287 PH 2026-03-08 0143 ED8W 59 1000 WO9G 59 IN 1
QSO: 7184 PH 2026-03-08 0143 ED8W 59 1000 VA2GK 59 QC 0
QSO: 7184 PH 2026-03-08 0144 ED8W 59 1000 K3TED 59 PA 0
QSO: 7184 PH 2026-03-08 0144 ED8W 59 1000 NC1A 59 NJ 0
QSO: 7184 PH 2026-03-08 0144 ED8W 59 1000 WX7MB 59 SC 0
QSO: 14287 PH 2026-03-08 0144 ED8W 59 1000 K6RJ 59 CA 1
QSO: 7184 PH 2026-03-08 0144 ED8W 59 1000 WS3C 59 PA 0
QSO: 14287 PH 2026-03-08 0144 ED8W 59 1000 KF0HCN 59 MO 1
QSO: 7184 PH 2026-03-08 0145 ED8W 59 1000 W7AVE 59 UT 0
QSO: 14287 PH 2026-03-08 0145 ED8W 59 1000 AF7Z 59 UT 1
QSO: 7184 PH 2026-03-08 0145 ED8W 59 1000 W4LT 59 FL 0
QSO: 7184 PH 2026-03-08 0145 ED8W 59 1000 WA1MAD 59 MA 0
QSO: 7184 PH 2026-03-08 0145 ED8W 59 1000 K4VTE 59 GA 0
QSO: 14287 PH 2026-03-08 0145 ED8W 59 1000 KE2EHC 59 NJ 1
QSO: 7184 PH 2026-03-08 0146 ED8W 59 1000 VA3OKG 59 ON 0
QSO: 7184 PH 2026-03-08 0146 ED8W 59 1000 KK4BZ 59 VA 0
QSO: 7184 PH 2026-03-08 0146 ED8W 59 1000 NE2V 59 NJ 0
QSO: 14287 PH 2026-03-08 0146 ED8W 59 1000 N0SSZ 59 CO 1
QSO: 7184 PH 2026-03-08 0146 ED8W 59 1000 WO2Y 59 NJ 0
QSO: 14287 PH 2026-03-08 0147 ED8W 59 1000 K8MDT 59 MI 1
QSO: 7184 PH 2026-03-08 0147 ED8W 59 1000 K3GWK 59 GA 0
QSO: 14287 PH 2026-03-08 0147 ED8W 59 1000 KI5HVD 59 MS 1
QSO: 7184 PH 2026-03-08 0148 ED8W 59 1000 K2EJ 59 MD 0
QSO: 7184 PH 2026-03-08 0148 ED8W 59 1000 WU2G 59 NC 0
QSO: 14287 PH 2026-03-08 0148 ED8W 59 1000 KM4ZHZ 59 GA 1
QSO: 14287 PH 2026-03-08 0148 ED8W 59 1000 W2ZJ 59 NY 1
QSO: 7184 PH 2026-03-08 0148 ED8W 59 1000 WA1VIL 59 MA 0
QSO: 7184 PH 2026-03-08 0149 ED8W 59 1000 N2BJ 59 IL 0
QSO: 14287 PH 2026-03-08 0149 ED8W 59 1000 W4VIC 59 VA 1
QSO: 7184 PH 2026-03-08 0149 ED8W 59 1000 N4WMB 59 SC 0
QSO: 14287 PH 2026-03-08 0149 ED8W 59 1000 KD4AH 59 GA 1
QSO: 7184 PH 2026-03-08 0149 ED8W 59 1000 N4UF 59 FL 0
QSO: 14287 PH 2026-03-08 0149 ED8W 59 1000 N1NQD 59 NY 1
QSO: 7184 PH 2026-03-08 0150 ED8W 59 1000 W0MKT 59 WI 0
QSO: 14287 PH 2026-03-08 0150 ED8W 59 1000 N9TQR 59 IN 1
QSO: 14287 PH 2026-03-08 0150 ED8W 59 1000 W4LDS 59 FL 1
QSO: 7184 PH 2026-03-08 0150 ED8W 59 1000 W9NYU 59 WI 0
QSO: 7184 PH 2026-03-08 0150 ED8W 59 1000 K4PPK 59 FL 0
QSO: 14287 PH 2026-03-08 0151 ED8W 59 1000 KC3ZPY 59 PA 1
QSO: 7184 PH 2026-03-08 0151 ED8W 59 1000 KI4EMA 59 TN 0
QSO: 14287 PH 2026-03-08 0151 ED8W 59 1000 N5OT 59 OK 1
QSO: 14287 PH 2026-03-08 0152 ED8W 59 1000 KC9GLR 59 IN 1
QSO: 7184 PH 2026-03-08 0152 ED8W 59 1000 WB2ITX 59 MA 0
QSO: 14287 PH 2026-03-08 0152 ED8W 59 1000 WN4W 59 FL 1
QSO: 7184 PH 2026-03-08 0152 ED8W 59 1000 WB0X 59 FL 0
QSO: 14287 PH 2026-03-08 0153 ED8W 59 1000 N1TOR 59 MA 1
QSO: 7184 PH 2026-03-08 0153 ED8W 59 1000 K4LE 59 FL 0
QSO: 7184 PH 2026-03-08 0153 ED8W 59 1000 KE9DBC 59 LA 0
QSO: 7184 PH 2026-03-08 0153 ED8W 59 1000 W4CNA 59 NC 0
QSO: 7184 PH 2026-03-08 0154 ED8W 59 1000 N3NR 59 PA 0
QSO: 14287 PH 2026-03-08 0154 ED8W 59 1000 N4BWW 59 GA 1
QSO: 14287 PH 2026-03-08 0155 ED8W 59 1000 KD0XL 59 MO 1
QSO: 14287 PH 2026-03-08 0155 ED8W 59 1000 K7UWR 59 GA 1
QSO: 7184 PH 2026-03-08 0155 ED8W 59 1000 K0MPH 59 MN 0
QSO: 14287 PH 2026-03-08 0155 ED8W 59 1000 KJ4BIX 59 TN 1
QSO: 7184 PH 2026-03-08 0156 ED8W 59 1000 KC5RPF 59 TX 0
QSO: 14287 PH 2026-03-08 0156 ED8W 59 1000 N8ERL 59 MI 1
QSO: 7184 PH 2026-03-08 0156 ED8W 59 1000 K1NF 59 ME 0
QSO: 14287 PH 2026-03-08 0156 ED8W 59 1000 WD4PTJ 59 TN 1
QSO: 7184 PH 2026-03-08 0156 ED8W 59 1000 K9PSN 59 IL 0
QSO: 14287 PH 2026-03-08 0156 ED8W 59 1000 KF8N 59 VA 1
QSO: 7184 PH 2026-03-08 0157 ED8W 59 1000 K2WK 59 VA 0
QSO: 14287 PH 2026-03-08 0157 ED8W 59 1000 W4LFD 59 FL 1
QSO: 7184 PH 2026-03-08 0157 ED8W 59 1000 N8DWB 59 WV 0
QSO: 14287 PH 2026-03-08 0157 ED8W 59 1000 KE8VAM 59 OH 1
QSO: 7184 PH 2026-03-08 0157 ED8W 59 1000 K8LF 59 VA 0
QSO: 7184 PH 2026-03-08 0158 ED8W 59 1000 N9GXA 59 IN 0
QSO: 7184 PH 2026-03-08 0158 ED8W 59 1000 WA9FZQ 59 WI 0
QSO: 14287 PH 2026-03-08 0158 ED8W 59 1000 W9HT 59 IN 1
QSO: 14287 PH 2026-03-08 0158 ED8W 59 1000 WA4OPY 59 GA 1
QSO: 7184 PH 2026-03-08 0158 ED8W 59 1000 W2VQ 59 NJ 0
QSO: 14287 PH 2026-03-08 0158 ED8W 59 1000 W7II 59 IA 1
QSO: 7184 PH 2026-03-08 0158 ED8W 59 1000 W1VBX 59 ME 0
QSO: 14287 PH 2026-03-08 0159 ED8W 59 1000 WA8KAN 59 WV 1
QSO: 7184 PH 2026-03-08 0159 ED8W 59 1000 N0EO 59 MN 0
QSO: 7184 PH 2026-03-08 0159 ED8W 59 1000 ND0C 59 MN 0
QSO: 14287 PH 2026-03-08 0159 ED8W 59 1000 N5TJ 59 TX 1
QSO: 14287 PH 2026-03-08 0159 ED8W 59 1000 AB9YC 59 IL 1
QSO: 7184 PH 2026-03-08 0159 ED8W 59 1000 KR4HFE 59 SC 0
QSO: 14287 PH 2026-03-08 0200 ED8W 59 1000 AI5G 59 MO 1
QSO: 7184 PH 2026-03-08 0200 ED8W 59 1000 W2CN 59 NJ 0
QSO: 14287 PH 2026-03-08 0200 ED8W 59 1000 KA5OWI 59 OK 1
QSO: 7184 PH 2026-03-08 0200 ED8W 59 1000 AA2CN 59 NJ 0
QSO: 7184 PH 2026-03-08 0201 ED8W 59 1000 KB6QPI/W4 59 FL 0
QSO: 7184 PH 2026-03-08 0201 ED8W 59 1000 AE5JE 59 TX 0
QSO: 14287 PH 2026-03-08 0201 ED8W 59 1000 WB9RCE 59 IL 1
QSO: 7184 PH 2026-03-08 0201 ED8W 59 1000 K4QPL 59 NC 0
QSO: 14287 PH 2026-03-08 0201 ED8W 59 1000 WC2Y 59 NY 1
QSO: 7184 PH 2026-03-08 0201 ED8W 59 1000 K6DAV 59 CA 0
QSO: 14287 PH 2026-03-08 0202 ED8W 59 1000 W3US 59 FL 1
QSO: 14287 PH 2026-03-08 0202 ED8W 59 1000 N1DPK 59 NH 1
QSO: 14287 PH 2026-03-08 0202 ED8W 59 1000 KG4SRK 59 KY 1
QSO: 14287 PH 2026-03-08 0203 ED8W 59 1000 W9TCV 59 FL 1
QSO: 7184 PH 2026-03-08 0203 ED8W 59 1000 W2NC 59 AZ 0
QSO: 14287 PH 2026-03-08 0203 ED8W 59 1000 N8ZXB 59 OH 1
QSO: 7184 PH 2026-03-08 0203 ED8W 59 1000 AG4Q 59 MD 0
QSO: 14287 PH 2026-03-08 0203 ED8W 59 1000 KD8ALM 59 OH 1
QSO: 14287 PH 2026-03-08 0203 ED8W 59 1000 K0MPH 59 MN 1
QSO: 14287 PH 2026-03-08 0204 ED8W 59 1000 NE3R 59 MD 1
QSO: 7184 PH 2026-03-08 0204 ED8W 59 1000 N5IIT 59 MD 0
QSO: 7184 PH 2026-03-08 0205 ED8W 59 1000 W5HI 59 TX 0
QSO: 14287 PH 2026-03-08 0205 ED8W 59 1000 KQ4LTY 59 FL 1
QSO: 7184 PH 2026-03-08 0205 ED8W 59 1000 N9ESR 59 IL 0
QSO: 14287 PH 2026-03-08 0206 ED8W 59 1000 K1WJL 59 CT 1
QSO: 7184 PH 2026-03-08 0206 ED8W 59 1000 K3TC 59 MD 0
QSO: 14287 PH 2026-03-08 0206 ED8W 59 1000 KI5PJE 59 AR 1
QSO: 7184 PH 2026-03-08 0206 ED8W 59 1000 K3GS 59 FL 0
QSO: 14287 PH 2026-03-08 0206 ED8W 59 1000 KQ4LTH 59 VA 1
QSO: 7184 PH 2026-03-08 0207 ED8W 59 1000 KW5HP 59 AR 0
QSO: 14287 PH 2026-03-08 0207 ED8W 59 1000 AD2LY 59 NJ 1
QSO: 7184 PH 2026-03-08 0207 ED8W 59 1000 AA7V 59 AZ 0
QSO: 7184 PH 2026-03-08 0207 ED8W 59 1000 WX3F 59 MD 0
QSO: 14287 PH 2026-03-08 0207 ED8W 59 1000 N8BZN 59 MI 1
QSO: 7184 PH 2026-03-08 0207 ED8W 59 1000 AD0WW 59 ND 0
QSO: 7184 PH 2026-03-08 0208 ED8W 59 1000 KE2EKU 59 NY 0
QSO: 7184 PH 2026-03-08 0208 ED8W 59 1000 AC1UD 59 NH 0
QSO: 7184 PH 2026-03-08 0208 ED8W 59 1000 KE4CUR 59 NY 0
QSO: 14287 PH 2026-03-08 0208 ED8W 59 1000 K1HL 59 CT 1
QSO: 7184 PH 2026-03-08 0208 ED8W 59 1000 WK1W 59 CT 0
QSO: 14287 PH 2026-03-08 0209 ED8W 59 1000 K3KR 59 PA 1
QSO: 7184 PH 2026-03-08 0209 ED8W 59 1000 W8EH 59 OH 0
QSO: 7184 PH 2026-03-08 0209 ED8W 59 1000 KE4EB 59 VA 0
QSO: 7184 PH 2026-03-08 0209 ED8W 59 1000 K0MD 59 MN 0
QSO: 14287 PH 2026-03-08 0209 ED8W 59 1000 WB9BWP 59 WI 1
QSO: 14287 PH 2026-03-08 0209 ED8W 59 1000 KA3JNN 59 MD 1
QSO: 14287 PH 2026-03-08 0211 ED8W 59 1000 KG6J 59 CA 1
QSO: 14287 PH 2026-03-08 0211 ED8W 59 1000 W5CUB 59 TX 1
QSO: 7184 PH 2026-03-08 0211 ED8W 59 1000 W4LDS 59 FL 0
QSO: 14287 PH 2026-03-08 0211 ED8W 59 1000 K8OPA 59 MI 1
QSO: 7184 PH 2026-03-08 0212 ED8W 59 1000 W4MTL 59 FL 0
QSO: 7184 PH 2026-03-08 0212 ED8W 59 1000 KC9BPE 59 IN 0
QSO: 14287 PH 2026-03-08 0212 ED8W 59 1000 W9GTZ 59 WI 1
QSO: 14287 PH 2026-03-08 0213 ED8W 59 1000 W2FDC 59 NJ 1
QSO: 7184 PH 2026-03-08 0213 ED8W 59 1000 KE2EHC 59 NJ 0
QSO: 14287 PH 2026-03-08 0213 ED8W 59 1000 K5GAT 59 TX 1
QSO: 14287 PH 2026-03-08 0213 ED8W 59 1000 N0KQ 59 CO 1
QSO: 14287 PH 2026-03-08 0214 ED8W 59 1000 N2KHH 59 NY 1
QSO: 14287 PH 2026-03-08 0214 ED8W 59 1000 KO5V 59 NM 1
QSO: 7184 PH 2026-03-08 0214 ED8W 59 1000 KJ5JSB 59 AR 0
QSO: 14287 PH 2026-03-08 0214 ED8W 59 1000 KE0YDN 59 KS 1
QSO: 7184 PH 2026-03-08 0214 ED8W 59 1000 KD2EFR 59 NY 0
QSO: 14287 PH 2026-03-08 0215 ED8W 59 1000 WD5BPC 59 TX 1
QSO: 7184 PH 2026-03-08 0215 ED8W 59 1000 VA3CBU 59 ON 0
QSO: 7184 PH 2026-03-08 0216 ED8W 59 1000 WB0VPA 59 MN 0
QSO: 7184 PH 2026-03-08 0216 ED8W 59 1000 W3LH 59 DE 0
QSO: 7184 PH 2026-03-08 0216 ED8W 59 1000 KD6AF 59 TX 0
QSO: 14287 PH 2026-03-08 0216 ED8W 59 1000 K2AS 59 NY 1
QSO: 14287 PH 2026-03-08 0217 ED8W 59 1000 W0HXL 59 IA 1
QSO: 7184 PH 2026-03-08 0217 ED8W 59 1000 WB0MNW 59 NE 0
QSO: 14287 PH 2026-03-08 0217 ED8W 59 1000 W2DB 59 TX 1
QSO: 7184 PH 2026-03-08 0217 ED8W 59 1000 K4DXV 59 TN 0
QSO: 7184 PH 2026-03-08 0217 ED8W 59 1000 W6TK 59 OR 0
QSO: 14287 PH 2026-03-08 0217 ED8W 59 1000 N5NYT 59 OK 1
QSO: 7184 PH 2026-03-08 0218 ED8W 59 1000 VE6BBP 59 AB 0
QSO: 14287 PH 2026-03-08 0218 ED8W 59 1000 KB8ERA 59 WV 1
QSO: 7184 PH 2026-03-08 0218 ED8W 59 1000 N9CIQ 59 WI 0
QSO: 14287 PH 2026-03-08 0218 ED8W 59 1000 KC2RJC 59 NJ 1
QSO: 7184 PH 2026-03-08 0218 ED8W 59 1000 KK2B 59 NY 0
QSO: 7184 PH 2026-03-08 0219 ED8W 59 1000 W4PAF 59 SC 0
QSO: 14287 PH 2026-03-08 0219 ED8W 59 1000 WA5JMZ 59 TX 1
QSO: 7184 PH 2026-03-08 0219 ED8W 59 1000 K3YDX 59 NC 0
QSO: 7184 PH 2026-03-08 0219 ED8W 59 1000 AA1N 59 MA 0
QSO: 7184 PH 2026-03-08 0219 ED8W 59 1000 AB9YC 59 IL 0
QSO: 14287 PH 2026-03-08 0219 ED8W 59 1000 KE5MDP 59 MO 1
QSO: 7184 PH 2026-03-08 0219 ED8W 59 1000 W5PTX 59 TX 0
QSO: 7184 PH 2026-03-08 0219 ED8W 59 1000 KD2VRL 59 NJ 0
QSO: 7184 PH 2026-03-08 0220 ED8W 59 1000 N2SIQ 59 FL 0
QSO: 14287 PH 2026-03-08 0220 ED8W 59 1000 N3TJB 59 DE 1
QSO: 7184 PH 2026-03-08 0220 ED8W 59 1000 VE2FXL 59 QC 0
QSO: 7184 PH 2026-03-08 0221 ED8W 59 1000 KK4R 59 VA 0
QSO: 14287 PH 2026-03-08 0221 ED8W 59 1000 N4JOW 59 VA 1
QSO: 14287 PH 2026-03-08 0221 ED8W 59 1000 N2OO 59 NJ 1
QSO: 7184 PH 2026-03-08 0221 ED8W 59 1000 KB9ORA 59 IL 0
QSO: 14287 PH 2026-03-08 0221 ED8W 59 1000 K9WDW 59 MO 1
QSO: 7184 PH 2026-03-08 0221 ED8W 59 1000 K1GMS 59 NH 0
QSO: 14287 PH 2026-03-08 0221 ED8W 59 1000 WW1TOM 59 CT 1
QSO: 7184 PH 2026-03-08 0222 ED8W 59 1000 KC1TUF 59 MA 0
QSO: 14287 PH 2026-03-08 0222 ED8W 59 1000 VA7OM 59 BC 1
QSO: 7184 PH 2026-03-08 0222 ED8W 59 1000 N9JFF 59 IL 0
QSO: 7184 PH 2026-03-08 0222 ED8W 59 1000 W7TOW 59 MA 0
QSO: 7184 PH 2026-03-08 0223 ED8W 59 1000 W2ECK 59 GA 0
QSO: 14287 PH 2026-03-08 0223 ED8W 59 1000 KC9NEA 59 IL 1
QSO: 14287 PH 2026-03-08 0223 ED8W 59 1000 AA5R 59 TX 1
QSO: 7184 PH 2026-03-08 0223 ED8W 59 1000 K6LL 59 AZ 0
QSO: 14287 PH 2026-03-08 0223 ED8W 59 1000 NW4TF 59 GA 1
QSO: 14287 PH 2026-03-08 0224 ED8W 59 1000 KC9BG 59 IL 1
QSO: 7184 PH 2026-03-08 0224 ED8W 59 1000 W2LL 59 NY 0
QSO: 14287 PH 2026-03-08 0224 ED8W 59 1000 KE2GIX 59 NJ 1
QSO: 14287 PH 2026-03-08 0224 ED8W 59 1000 WB3M 59 PA 1
QSO: 7184 PH 2026-03-08 0224 ED8W 59 1000 N3NGE 59 PA 0
QSO: 14287 PH 2026-03-08 0225 ED8W 59 1000 KA3IVN 59 NJ 1
QSO: 7184 PH 2026-03-08 0225 ED8W 59 1000 KE1IH 59 NY 0
QSO: 14287 PH 2026-03-08 0225 ED8W 59 1000 K0STX 59 KS 1
QSO: 7184 PH 2026-03-08 0225 ED8W 59 1000 W0EBN 59 KY 0
QSO: 14287 PH 2026-03-08 0225 ED8W 59 1000 KD3BDI 59 PA 1
QSO: 7184 PH 2026-03-08 0226 ED8W 59 1000 W4IDX 59 AZ 0
QSO: 14287 PH 2026-03-08 0226 ED8W 59 1000 WJ9E 59 IN 1
QSO: 14287 PH 2026-03-08 0226 ED8W 59 1000 KD2MRR 59 NY 1
QSO: 7184 PH 2026-03-08 0226 ED8W 59 1000 KD8HE 59 WV 0
QSO: 14287 PH 2026-03-08 0226 ED8W 59 1000 K7RLW 59 AZ 1
QSO: 7184 PH 2026-03-08 0226 ED8W 59 1000 KT3L 59 PA 0
QSO: 7184 PH 2026-03-08 0227 ED8W 59 1000 W2DB 59 TX 0
QSO: 14287 PH 2026-03-08 0227 ED8W 59 1000 AA5AH 59 TX 1
QSO: 7184 PH 2026-03-08 0227 ED8W 59 1000 NQ0R 59 MO 0
QSO: 14287 PH 2026-03-08 0227 ED8W 59 1000 W7EW 59 OR 1
QSO: 7184 PH 2026-03-08 0227 ED8W 59 1000 W8GXR 59 OH 0
QSO: 7184 PH 2026-03-08 0227 ED8W 59 1000 N3HRO 59 PA 0
QSO: 7184 PH 2026-03-08 0228 ED8W 59 1000 WB4Y 59 NC 0
QSO: 7184 PH 2026-03-08 0228 ED8W 59 1000 K2ZVL 59 NJ 0
QSO: 7184 PH 2026-03-08 0228 ED8W 59 1000 K2SE 59 NJ 0
QSO: 14287 PH 2026-03-08 0229 ED8W 59 1000 K0GEA 59 NE 1
QSO: 14287 PH 2026-03-08 0229 ED8W 59 1000 W8AB 59 MI 1
QSO: 14287 PH 2026-03-08 0229 ED8W 59 1000 N9YZA 59 IL 1
QSO: 14287 PH 2026-03-08 0229 ED8W 59 1000 WB2NVR 59 NY 1
QSO: 14287 PH 2026-03-08 0230 ED8W 59 1000 N6EK 59 CA 1
QSO: 7184 PH 2026-03-08 0230 ED8W 59 1000 N4KWX 59 AL 0
QSO: 14287 PH 2026-03-08 0230 ED8W 59 1000 W1SRD 59 CA 1
QSO: 7184 PH 2026-03-08 0230 ED8W 59 1000 KA1ZE 59 FL 0
QSO: 14287 PH 2026-03-08 0231 ED8W 59 1000 WB4TVE 59 NY 1
QSO: 14287 PH 2026-03-08 0231 ED8W 59 1000 WB2OHB 59 OK 1
QSO: 14287 PH 2026-03-08 0231 ED8W 59 1000 KX4XU 59 VA 1
QSO: 7184 PH 2026-03-08 0231 ED8W 59 1000 KG5KRZ 59 LA 0
QSO: 14287 PH 2026-03-08 0231 ED8W 59 1000 KB2DX 59 NY 1
QSO: 14287 PH 2026-03-08 0231 ED8W 59 1000 KQ4YDI 59 SC 1
QSO: 7184 PH 2026-03-08 0231 ED8W 59 1000 K9WDW 59 MO 0
QSO: 14287 PH 2026-03-08 0232 ED8W 59 1000 WS9M 59 NY 1
QSO: 14287 PH 2026-03-08 0232 ED8W 59 1000 KC1MMC 59 VT 1
QSO: 14287 PH 2026-03-08 0232 ED8W 59 1000 KD2KW 59 TX 1
QSO: 7184 PH 2026-03-08 0233 ED8W 59 1000 KF5KWO 59 TX 0
QSO: 7184 PH 2026-03-08 0233 ED8W 59 1000 KD9MS 59 IL 0
QSO: 7184 PH 2026-03-08 0233 ED8W 59 1000 N3GB 59 FL 0
QSO: 7184 PH 2026-03-08 0233 ED8W 59 1000 N5ZKF 59 TX 0
QSO: 7184 PH 2026-03-08 0233 ED8W 59 1000 WA8CLT 59 OH 0
QSO: 14287 PH 2026-03-08 0234 ED8W 59 1000 KE8UWV 59 OH 1
QSO: 7184 PH 2026-03-08 0234 ED8W 59 1000 K8ERS 59 MI 0
QSO: 14287 PH 2026-03-08 0234 ED8W 59 1000 N9UKX 59 IL 1
QSO: 14287 PH 2026-03-08 0234 ED8W 59 1000 WA7NB 59 AZ 1
QSO: 7184 PH 2026-03-08 0234 ED8W 59 1000 N4RMF 59 NC 0
QSO: 14287 PH 2026-03-08 0234 ED8W 59 1000 KK5IUW 59 OK 1
QSO: 14287 PH 2026-03-08 0234 ED8W 59 1000 WB5SKM 59 MS 1
QSO: 7184 PH 2026-03-08 0235 ED8W 59 1000 KJ4BIX 59 TN 0
QSO: 7184 PH 2026-03-08 0235 ED8W 59 1000 K5XU 59 MS 0
QSO: 14287 PH 2026-03-08 0235 ED8W 59 1000 KA4QVZ 59 VA 1
QSO: 7184 PH 2026-03-08 0235 ED8W 59 1000 KE4XT 59 TX 0
QSO: 14287 PH 2026-03-08 0236 ED8W 59 1000 KE8UU 59 MI 1
QSO: 14287 PH 2026-03-08 0236 ED8W 59 1000 VE3YOA 59 ON 1
QSO: 7184 PH 2026-03-08 0236 ED8W 59 1000 KD9KEQ 59 WI 0
QSO: 14287 PH 2026-03-08 0236 ED8W 59 1000 KM4UBJ 59 AL 1
QSO: 14287 PH 2026-03-08 0236 ED8W 59 1000 KE8NQK 59 OH 1
QSO: 14287 PH 2026-03-08 0237 ED8W 59 1000 KO9Y 59 IL 1
QSO: 7184 PH 2026-03-08 0237 ED8W 59 1000 VO1SW 59 NF 0
QSO: 14287 PH 2026-03-08 0237 ED8W 59 1000 K8MST 59 MI 1
QSO: 14287 PH 2026-03-08 0237 ED8W 59 1000 N7LAX 59 GA 1
QSO: 14287 PH 2026-03-08 0238 ED8W 59 1000 KL1OQ 59 AK 1
QSO: 7184 PH 2026-03-08 0238 ED8W 59 1000 K2KT 59 VA 0
QSO: 7184 PH 2026-03-08 0238 ED8W 59 1000 K8GB 59 MI 0
QSO: 14287 PH 2026-03-08 0238 ED8W 59 1000 KB0DKJ 59 KS 1
QSO: 7184 PH 2026-03-08 0238 ED8W 59 1000 W8EDE 59 MI 0
QSO: 14287 PH 2026-03-08 0238 ED8W 59 1000 W8NFM 59 OH 1
QSO: 14287 PH 2026-03-08 0239 ED8W 59 1000 KQ4QEC 59 AL 1
QSO: 7184 PH 2026-03-08 0239 ED8W 59 1000 KD2MRU 59 NY 0
QSO: 14287 PH 2026-03-08 0239 ED8W 59 1000 WA2QJQ 59 NY 1
QSO: 14287 PH 2026-03-08 0240 ED8W 59 1000 K0CBV 59 MO 1
QSO: 7184 PH 2026-03-08 0240 ED8W 59 1000 KS4PUF 59 GA 0
QSO: 14287 PH 2026-03-08 0240 ED8W 59 1000 N7NWL 59 AZ 1
QSO: 7184 PH 2026-03-08 0240 ED8W 59 1000 N9EP 59 IL 0
QSO: 14287 PH 2026-03-08 0240 ED8W 59 1000 KQ4LAY 59 FL 1
QSO: 7184 PH 2026-03-08 0241 ED8W 59 1000 AD2LY 59 NJ 0
QSO: 7184 PH 2026-03-08 0241 ED8W 59 1000 N7GFB 59 NC 0
QSO: 1864 PH 2026-03-08 0242 ED8W 59 1000 VO2AC 59 LB 1
QSO: 7184 PH 2026-03-08 0242 ED8W 59 1000 K5DA 59 NV 0
QSO: 7184 PH 2026-03-08 0245 ED8W 59 1000 KO0Z 59 MO 0
QSO: 7184 PH 2026-03-08 0245 ED8W 59 1000 WR3R 59 MD 0
QSO: 1875 PH 2026-03-08 0245 ED8W 59 1000 K2AR 59 MD 1
QSO: 7184 PH 2026-03-08 0247 ED8W 59 1000 N1LZF 59 MA 0
QSO: 7184 PH 2026-03-08 0247 ED8W 59 1000 WA1LAD 59 RI 0
QSO: 7184 PH 2026-03-08 0248 ED8W 59 1000 VY2DS 59 PE 0
QSO: 7184 PH 2026-03-08 0248 ED8W 59 1000 KQ4LTY 59 FL 0
QSO: 7184 PH 2026-03-08 0248 ED8W 59 1000 WZ2N 59 VA 0
QSO: 7184 PH 2026-03-08 0249 ED8W 59 1000 WA1LBS 59 ME 0
QSO: 7184 PH 2026-03-08 0249 ED8W 59 1000 W5NQH 59 TX 0
QSO: 7184 PH 2026-03-08 0250 ED8W 59 1000 W8NFM 59 OH 0
QSO: 1875 PH 2026-03-08 0250 ED8W 59 1000 VA2UR 59 QC 1
QSO: 7184 PH 2026-03-08 0250 ED8W 59 1000 K5CBL 59 OK 0
QSO: 7184 PH 2026-03-08 0251 ED8W 59 1000 KA5OWI 59 OK 0
QSO: 1875 PH 2026-03-08 0251 ED8W 59 1000 NA8V 59 MI 1
QSO: 7184 PH 2026-03-08 0251 ED8W 59 1000 KG4CRJ 59 NC 0
QSO: 1875 PH 2026-03-08 0251 ED8W 59 1000 W3URL 59 MD 1
QSO: 7184 PH 2026-03-08 0252 ED8W 59 1000 N2AXX 59 NJ 0
QSO: 7184 PH 2026-03-08 0252 ED8W 59 1000 W8GF 59 MI 0
QSO: 1875 PH 2026-03-08 0253 ED8W 59 1000 N2NT 59 NJ 1
QSO: 7184 PH 2026-03-08 0253 ED8W 59 1000 W9USO 59 WI 0
QSO: 1875 PH 2026-03-08 0253 ED8W 59 1000 W8FJ 59 PA 1
QSO: 7184 PH 2026-03-08 0253 ED8W 59 1000 KA3BDI 59 PA 0
QSO: 1875 PH 2026-03-08 0254 ED8W 59 1000 K1KI 59 CT 1
QSO: 1875 PH 2026-03-08 0254 ED8W 59 1000 K9RS 59 DE 1
QSO: 7184 PH 2026-03-08 0254 ED8W 59 1000 AA0Q 59 CO 0
QSO: 1875 PH 2026-03-08 0255 ED8W 59 1000 K4AB 59 AL 1
QSO: 1875 PH 2026-03-08 0256 ED8W 59 1000 KN2M 59 NY 1
QSO: 7184 PH 2026-03-08 0257 ED8W 59 1000 W9BLB 59 IN 0
QSO: 7184 PH 2026-03-08 0257 ED8W 59 1000 KC8BQP 59 OH 0
QSO: 7184 PH 2026-03-08 0258 ED8W 59 1000 KC1TEC 59 CT 0
QSO: 7184 PH 2026-03-08 0258 ED8W 59 1000 NW5Q 59 TX 0
QSO: 7184 PH 2026-03-08 0258 ED8W 59 1000 W9BOL 59 FL 0
QSO: 7184 PH 2026-03-08 0300 ED8W 59 1000 KG2ZQB 59 PA 0
QSO: 7184 PH 2026-03-08 0300 ED8W 59 1000 K5PAR 59 TX 0
QSO: 7184 PH 2026-03-08 0300 ED8W 59 1000 N4CWJ 59 VA 0
QSO: 7184 PH 2026-03-08 0300 ED8W 59 1000 WC2Y 59 NY 0
QSO: 7184 PH 2026-03-08 0301 ED8W 59 1000 N0UY 59 MN 0
QSO: 7184 PH 2026-03-08 0301 ED8W 59 1000 WB8EVI 59 SC 0
QSO: 7184 PH 2026-03-08 0301 ED8W 59 1000 W1SRD 59 CA 0
QSO: 7184 PH 2026-03-08 0302 ED8W 59 1000 KD4ULW 59 IN 0
QSO: 1875 PH 2026-03-08 0303 ED8W 59 1000 K3OO 59 PA 1
QSO: 7184 PH 2026-03-08 0303 ED8W 59 1000 KD5YIL 59 CA 0
QSO: 7184 PH 2026-03-08 0303 ED8W 59 1000 AG2K 59 CT 0
QSO: 7184 PH 2026-03-08 0303 ED8W 59 1000 KC2RIV 59 NY 0
QSO: 7184 PH 2026-03-08 0304 ED8W 59 1000 KC2EPU 59 NY 0
QSO: 1875 PH 2026-03-08 0304 ED8W 59 1000 W8ALP 59 MI 1
QSO: 7184 PH 2026-03-08 0304 ED8W 59 1000 W5RAW 59 TX 0
QSO: 7184 PH 2026-03-08 0305 ED8W 59 1000 NF2Q 59 NY 0
QSO: 7184 PH 2026-03-08 0305 ED8W 59 1000 K8MDG 59 MI 0
QSO: 7184 PH 2026-03-08 0306 ED8W 59 1000 W0DAS 59 CO 0
QSO: 7184 PH 2026-03-08 0308 ED8W 59 1000 KJ5FAF 59 TX 0
QSO: 1875 PH 2026-03-08 0308 ED8W 59 1000 K2AX 59 NJ 1
QSO: 7184 PH 2026-03-08 0309 ED8W 59 1000 N5ZAZ 59 LA 0
QSO: 7184 PH 2026-03-08 0309 ED8W 59 1000 N5KBX 59 TX 0
QSO: 7184 PH 2026-03-08 0309 ED8W 59 1000 KF8ARN 59 WV 0
QSO: 7184 PH 2026-03-08 0310 ED8W 59 1000 KX4XU 59 VA 0
QSO: 7184 PH 2026-03-08 0310 ED8W 59 1000 K7RAN 59 UT 0
QSO: 7184 PH 2026-03-08 0311 ED8W 59 1000 AG5WY 59 MS 0
QSO: 7184 PH 2026-03-08 0311 ED8W 59 1000 W0UC 59 MN 0
QSO: 7184 PH 2026-03-08 0311 ED8W 59 1000 VE2OV 59 QC 0
QSO: 7184 PH 2026-03-08 0312 ED8W 59 1000 VE2VWY 59 QC 0
QSO: 7184 PH 2026-03-08 0312 ED8W 59 1000 KC3ZXR 59 PA 0
QSO: 3785 PH 2026-03-08 0312 ED8W 59 1000 W8TMB 59 MI 1
QSO: 7184 PH 2026-03-08 0312 ED8W 59 1000 W5GCX 59 TX 0
QSO: 7184 PH 2026-03-08 0313 ED8W 59 1000 N1YY 59 FL 0
QSO: 7184 PH 2026-03-08 0313 ED8W 59 1000 K9CI 59 IL 0
QSO: 3785 PH 2026-03-08 0313 ED8W 59 1000 N2TK 59 NY 1
QSO: 7184 PH 2026-03-08 0313 ED8W 59 1000 NV4C 59 GA 0
QSO: 7184 PH 2026-03-08 0314 ED8W 59 1000 WA4ROB 59 TN 0
QSO: 3785 PH 2026-03-08 0314 ED8W 59 1000 VE3JM 59 ON 1
QSO: 3785 PH 2026-03-08 0314 ED8W 59 1000 N6RO 59 CA 1
QSO: 3785 PH 2026-03-08 0314 ED8W 59 1000 NN1SS 59 NH 1
QSO: 7184 PH 2026-03-08 0315 ED8W 59 1000 N0FUK 59 IA 0
QSO: 7184 PH 2026-03-08 0315 ED8W 59 1000 N5VHT 59 LA 0
QSO: 3785 PH 2026-03-08 0316 ED8W 59 1000 W9HT 59 IN 1
QSO: 7184 PH 2026-03-08 0316 ED8W 59 1000 KM8AM 59 OH 0
QSO: 7184 PH 2026-03-08 0316 ED8W 59 1000 KQ4YEX 59 AL 0
QSO: 7184 PH 2026-03-08 0316 ED8W 59 1000 K8PEP 59 FL 0
QSO: 7184 PH 2026-03-08 0317 ED8W 59 1000 KA8SMA 59 MI 0
QSO: 3785 PH 2026-03-08 0317 ED8W 59 1000 KD8OTT 59 MI 1
QSO: 3785 PH 2026-03-08 0317 ED8W 59 1000 K4DXV 59 TN 1
QSO: 3785 PH 2026-03-08 0318 ED8W 59 1000 KA2FIR 59 NJ 1
QSO: 3785 PH 2026-03-08 0318 ED8W 59 1000 KE1IH 59 NY 1
QSO: 3785 PH 2026-03-08 0318 ED8W 59 1000 W1CTN 59 NC 1
QSO: 3785 PH 2026-03-08 0318 ED8W 59 1000 AG3I 59 PA 1
QSO: 7184 PH 2026-03-08 0319 ED8W 59 1000 N8BE 59 OH 0
QSO: 3785 PH 2026-03-08 0319 ED8W 59 1000 N9RV 59 MT 1
QSO: 3785 PH 2026-03-08 0319 ED8W 59 1000 W1GD 59 MA 1
QSO: 7184 PH 2026-03-08 0319 ED8W 59 1000 KM4LCM 59 FL 0
QSO: 3785 PH 2026-03-08 0319 ED8W 59 1000 AD4ES 59 FL 1
QSO: 7184 PH 2026-03-08 0319 ED8W 59 1000 KA3JNN 59 MD 0
QSO: 3785 PH 2026-03-08 0320 ED8W 59 1000 W0ZB 59 MO 1
QSO: 7184 PH 2026-03-08 0320 ED8W 59 1000 KT4TL 59 ME 0
QSO: 3785 PH 2026-03-08 0320 ED8W 59 1000 VA3IDD 59 ON 1
QSO: 7184 PH 2026-03-08 0320 ED8W 59 1000 K6MYC 59 CA 0
QSO: 3785 PH 2026-03-08 0320 ED8W 59 1000 KD4ULW 59 IN 1
QSO: 3785 PH 2026-03-08 0320 ED8W 59 1000 K4RUM 59 NY 1
QSO: 7184 PH 2026-03-08 0321 ED8W 59 1000 KB1ZAC 59 CT 0
QSO: 3785 PH 2026-03-08 0321 ED8W 59 1000 W1WEF 59 CT 1
QSO: 3785 PH 2026-03-08 0321 ED8W 59 1000 NF2Q 59 NY 1
QSO: 7184 PH 2026-03-08 0321 ED8W 59 1000 W3AWG 59 PA 0
QSO: 3785 PH 2026-03-08 0321 ED8W 59 1000 N7US 59 IL 1
QSO: 7184 PH 2026-03-08 0321 ED8W 59 1000 KC4HNS 59 SC 0
QSO: 3785 PH 2026-03-08 0322 ED8W 59 1000 W5WSS 59 OK 1
QSO: 7184 PH 2026-03-08 0322 ED8W 59 1000 WQ6X 59 CA 0
QSO: 3785 PH 2026-03-08 0322 ED8W 59 1000 VE2FXL 59 QC 1
QSO: 7184 PH 2026-03-08 0322 ED8W 59 1000 WO9G 59 IN 0
QSO: 3785 PH 2026-03-08 0322 ED8W 59 1000 N2NRV 59 NY 1
QSO: 3785 PH 2026-03-08 0323 ED8W 59 1000 WA8OLN 59 MI 1
QSO: 7184 PH 2026-03-08 0323 ED8W 59 1000 W3HQ 59 PA 0
QSO: 3785 PH 2026-03-08 0323 ED8W 59 1000 N2HMM 59 NJ 1
QSO: 3785 PH 2026-03-08 0323 ED8W 59 1000 VA3AA 59 ON 1
QSO: 3785 PH 2026-03-08 0324 ED8W 59 1000 N4UU 59 FL 1
QSO: 3785 PH 2026-03-08 0324 ED8W 59 1000 AA1N 59 MA 1
QSO: 7184 PH 2026-03-08 0325 ED8W 59 1000 KJ4UGO 59 AL 0
QSO: 7184 PH 2026-03-08 0325 ED8W 59 1000 AE9L 59 IL 0
QSO: 3785 PH 2026-03-08 0325 ED8W 59 1000 WC2Y 59 NY 1
QSO: 3785 PH 2026-03-08 0326 ED8W 59 1000 K6RO 59 ME 1
QSO: 3785 PH 2026-03-08 0326 ED8W 59 1000 W2ECK 59 GA 1
QSO: 7184 PH 2026-03-08 0327 ED8W 59 1000 WB9IYJ 59 IL 0
QSO: 3785 PH 2026-03-08 0327 ED8W 59 1000 WA8RCN 59 OH 1
QSO: 3785 PH 2026-03-08 0327 ED8W 59 1000 W2CG 59 NJ 1
QSO: 3785 PH 2026-03-08 0327 ED8W 59 1000 WA1T 59 NH 1
QSO: 3785 PH 2026-03-08 0327 ED8W 59 1000 N9CIQ 59 WI 1
QSO: 7184 PH 2026-03-08 0327 ED8W 59 1000 K0IP 59 ID 0
QSO: 3785 PH 2026-03-08 0327 ED8W 59 1000 K8LT 59 NH 1
QSO: 3785 PH 2026-03-08 0328 ED8W 59 1000 NX1K 59 MA 1
QSO: 7184 PH 2026-03-08 0328 ED8W 59 1000 VE4GV 59 MB 0
QSO: 3785 PH 2026-03-08 0328 ED8W 59 1000 N5GI 59 FL 1
QSO: 7184 PH 2026-03-08 0329 ED8W 59 1000 WB4ABY 59 GA 0
QSO: 3785 PH 2026-03-08 0329 ED8W 59 1000 WK1O 59 MA 1
QSO: 7184 PH 2026-03-08 0330 ED8W 59 1000 KI5KGT 59 TX 0
QSO: 3785 PH 2026-03-08 0330 ED8W 59 1000 K0DD 59 MN 1
QSO: 7184 PH 2026-03-08 0330 ED8W 59 1000 N6AMB 59 CA 0
QSO: 3785 PH 2026-03-08 0331 ED8W 59 1000 WA1LAD 59 RI 1
QSO: 3785 PH 2026-03-08 0331 ED8W 59 1000 N3NGE 59 PA 1
QSO: 7184 PH 2026-03-08 0331 ED8W 59 1000 KF2B 59 NY 0
QSO: 3785 PH 2026-03-08 0331 ED8W 59 1000 KF8N 59 VA 1
QSO: 3785 PH 2026-03-08 0331 ED8W 59 1000 K3TS 59 PA 1
QSO: 3785 PH 2026-03-08 0331 ED8W 59 1000 W9YK 59 IL 1
QSO: 7184 PH 2026-03-08 0332 ED8W 59 1000 W0HXL 59 IA 0
QSO: 3785 PH 2026-03-08 0332 ED8W 59 1000 VE3IC 59 ON 1
QSO: 3785 PH 2026-03-08 0332 ED8W 59 1000 KJ4BIX 59 TN 1
QSO: 3785 PH 2026-03-08 0332 ED8W 59 1000 K3AU 59 MD 1
QSO: 3785 PH 2026-03-08 0333 ED8W 59 1000 AI0M 59 MN 1
QSO: 3785 PH 2026-03-08 0333 ED8W 59 1000 KB0V 59 IL 1
QSO: 7184 PH 2026-03-08 0333 ED8W 59 1000 VA3PMH 59 ON 0
QSO: 7184 PH 2026-03-08 0333 ED8W 59 1000 W7II 59 IA 0
QSO: 3785 PH 2026-03-08 0333 ED8W 59 1000 K3TC 59 MD 1
QSO: 3785 PH 2026-03-08 0333 ED8W 59 1000 N3UA 59 VA 1
QSO: 3785 PH 2026-03-08 0333 ED8W 59 1000 K8GL 59 MI 1
QSO: 3785 PH 2026-03-08 0334 ED8W 59 1000 K4RT 59 VA 1
QSO: 3785 PH 2026-03-08 0334 ED8W 59 1000 K3RWN 59 PA 1
QSO: 7184 PH 2026-03-08 0334 ED8W 59 1000 WD0FHK 59 KS 0
QSO: 3785 PH 2026-03-08 0334 ED8W 59 1000 KG4USN 59 MD 1
QSO: 7184 PH 2026-03-08 0336 ED8W 59 1000 K3LT 59 DE 0
QSO: 3785 PH 2026-03-08 0336 ED8W 59 1000 KO4DN 59 FL 1
QSO: 7184 PH 2026-03-08 0336 ED8W 59 1000 N8ES 59 MI 0
QSO: 7184 PH 2026-03-08 0336 ED8W 59 1000 W4NZ 59 TN 0
QSO: 3785 PH 2026-03-08 0337 ED8W 59 1000 N4VDX 59 NC 1
QSO: 3785 PH 2026-03-08 0337 ED8W 59 1000 W7II 59 IA 1
QSO: 3785 PH 2026-03-08 0338 ED8W 59 1000 K5LJ 59 TX 1
QSO: 3785 PH 2026-03-08 0338 ED8W 59 1000 N2JJ 59 NY 1
QSO: 7184 PH 2026-03-08 0338 ED8W 59 1000 VE2ASY 59 QC 0
QSO: 3785 PH 2026-03-08 0339 ED8W 59 1000 KK4BZ 59 VA 1
QSO: 7184 PH 2026-03-08 0339 ED8W 59 1000 WA4IGL 59 FL 0
QSO: 7184 PH 2026-03-08 0339 ED8W 59 1000 N9GH 59 WI 0
QSO: 7184 PH 2026-03-08 0340 ED8W 59 1000 N8LLP 59 MI 0
QSO: 7184 PH 2026-03-08 0341 ED8W 59 1000 N4HHD 59 NC 0
QSO: 1876 PH 2026-03-08 0342 ED8W 59 1000 VY2TT 59 PE 1
QSO: 7184 PH 2026-03-08 0343 ED8W 59 1000 WX3M 59 PA 0
QSO: 7184 PH 2026-03-08 0344 ED8W 59 1000 VE3EQM 59 ON 0
QSO: 7184 PH 2026-03-08 0345 ED8W 59 1000 KB6A 59 CA 0
QSO: 7184 PH 2026-03-08 0345 ED8W 59 1000 KG5EO 59 MN 0
QSO: 7184 PH 2026-03-08 0346 ED8W 59 1000 KO8MLD 59 CA 0
QSO: 7184 PH 2026-03-08 0348 ED8W 59 1000 K4CKY 59 KY 0
QSO: 7184 PH 2026-03-08 0349 ED8W 59 1000 VE2HTC 59 QC 0
QSO: 7184 PH 2026-03-08 0349 ED8W 59 1000 W1SZ 59 NH 0
QSO: 7184 PH 2026-03-08 0350 ED8W 59 1000 NS4X 59 TN 0
QSO: 7184 PH 2026-03-08 0350 ED8W 59 1000 KC0VDY 59 CO 0
QSO: 14260 PH 2026-03-08 0351 ED8W 59 1000 KG5RPZ 59 LA 1
QSO: 14260 PH 2026-03-08 0351 ED8W 59 1000 KG5KPU 59 TX 1
QSO: 7184 PH 2026-03-08 0351 ED8W 59 1000 WE0Q 59 MN 0
QSO: 14260 PH 2026-03-08 0351 ED8W 59 1000 N6TAN 59 CA 1
QSO: 14260 PH 2026-03-08 0352 ED8W 59 1000 K0ZN 59 KS 1
QSO: 7184 PH 2026-03-08 0352 ED8W 59 1000 W4ASU 59 NC 0
QSO: 14260 PH 2026-03-08 0353 ED8W 59 1000 KR4JPS 59 NC 1
QSO: 14260 PH 2026-03-08 0353 ED8W 59 1000 KD5MZV 59 OK 1
QSO: 7184 PH 2026-03-08 0353 ED8W 59 1000 W5ABA 59 NM 0
QSO: 14260 PH 2026-03-08 0354 ED8W 59 1000 W5DS 59 TX 1
QSO: 14260 PH 2026-03-08 0354 ED8W 59 1000 K4EGL 59 VA 1
QSO: 7184 PH 2026-03-08 0354 ED8W 59 1000 KN4FTT 59 VA 0
QSO: 7184 PH 2026-03-08 0354 ED8W 59 1000 K4PQL 59 VA 0
QSO: 14260 PH 2026-03-08 0354 ED8W 59 1000 N5COP 59 TX 1
QSO: 14260 PH 2026-03-08 0355 ED8W 59 1000 W5VLC 59 OK 1
QSO: 14260 PH 2026-03-08 0355 ED8W 59 1000 N5SKT 59 TX 1
QSO: 7184 PH 2026-03-08 0355 ED8W 59 1000 KG5UFR 59 TX 0
QSO: 14260 PH 2026-03-08 0355 ED8W 59 1000 WA3JWP 59 PA 1
QSO: 14260 PH 2026-03-08 0356 ED8W 59 1000 N1ROE 59 CA 1
QSO: 14260 PH 2026-03-08 0356 ED8W 59 1000 KR4DSL 59 AL 1
QSO: 7184 PH 2026-03-08 0356 ED8W 59 1000 WQ6L 59 CA 0
QSO: 7184 PH 2026-03-08 0357 ED8W 59 1000 KT7P 59 AZ 0
QSO: 14260 PH 2026-03-08 0357 ED8W 59 1000 K6JL 59 CA 1
QSO: 7184 PH 2026-03-08 0358 ED8W 59 1000 W6HB 59 CA 0
QSO: 14260 PH 2026-03-08 0358 ED8W 59 1000 KQ4RLN 59 AL 1
QSO: 14260 PH 2026-03-08 0358 ED8W 59 1000 KJ5DVQ 59 TX 1
QSO: 14260 PH 2026-03-08 0358 ED8W 59 1000 NN6DX 59 CA 1
QSO: 14260 PH 2026-03-08 0359 ED8W 59 1000 W7VJ 59 WA 1
QSO: 7184 PH 2026-03-08 0359 ED8W 59 1000 N0OZG 59 IA 0
QSO: 7184 PH 2026-03-08 0400 ED8W 59 1000 N0BDS 59 MO 0
QSO: 14260 PH 2026-03-08 0400 ED8W 59 1000 N4EDW 59 NC 1
QSO: 14260 PH 2026-03-08 0400 ED8W 59 1000 N4EDW 59 NC 1
QSO: 7184 PH 2026-03-08 0400 ED8W 59 1000 N8HO 59 OH 0
QSO: 7184 PH 2026-03-08 0400 ED8W 59 1000 N8ET 59 OH 0
QSO: 14260 PH 2026-03-08 0401 ED8W 59 1000 KK4BZ 59 VA 1
QSO: 14260 PH 2026-03-08 0401 ED8W 59 1000 KC2ZYL 59 NY 1
QSO: 7184 PH 2026-03-08 0401 ED8W 59 1000 WB2NJN 59 NY 0
QSO: 14260 PH 2026-03-08 0401 ED8W 59 1000 NB4Y 59 FL 1
QSO: 7184 PH 2026-03-08 0401 ED8W 59 1000 W4BQK 59 MA 0
QSO: 7184 PH 2026-03-08 0402 ED8W 59 1000 KC9IMA 59 IL 0
QSO: 14260 PH 2026-03-08 0402 ED8W 59 1000 KM4DQM 59 FL 1
QSO: 14260 PH 2026-03-08 0402 ED8W 59 1000 KQ4IJI 59 VA 1
QSO: 7184 PH 2026-03-08 0403 ED8W 59 1000 K6WWL 59 CA 0
QSO: 7184 PH 2026-03-08 0403 ED8W 59 1000 WB9TFH 59 WI 0
QSO: 14260 PH 2026-03-08 0403 ED8W 59 1000 KE8XR 59 GA 1
QSO: 14260 PH 2026-03-08 0404 ED8W 59 1000 K0IP 59 ID 1
QSO: 7184 PH 2026-03-08 0404 ED8W 59 1000 KB6B 59 CO 0
QSO: 14260 PH 2026-03-08 0405 ED8W 59 1000 W2DIY 59 NY 1
QSO: 7184 PH 2026-03-08 0405 ED8W 59 1000 W7VJ 59 WA 0
QSO: 14260 PH 2026-03-08 0406 ED8W 59 1000 K2GLS 59 NY 1
QSO: 7184 PH 2026-03-08 0406 ED8W 59 1000 WA4IDS 59 VA 0
QSO: 14260 PH 2026-03-08 0406 ED8W 59 1000 W4WB 59 AL 1
QSO: 14260 PH 2026-03-08 0406 ED8W 59 1000 WC9I 59 AZ 1
QSO: 7184 PH 2026-03-08 0406 ED8W 59 1000 N0SSZ 59 CO 0
QSO: 14260 PH 2026-03-08 0407 ED8W 59 1000 KB0ARZ 59 NE 1
QSO: 14260 PH 2026-03-08 0407 ED8W 59 1000 WX4RH 59 TN 1
QSO: 7184 PH 2026-03-08 0407 ED8W 59 1000 KB7LMT 59 WI 0
QSO: 14260 PH 2026-03-08 0408 ED8W 59 1000 AA4G 59 FL 1
QSO: 7184 PH 2026-03-08 0408 ED8W 59 1000 AA5R 59 TX 0
QSO: 14260 PH 2026-03-08 0409 ED8W 59 1000 NS4X 59 TN 1
QSO: 14260 PH 2026-03-08 0409 ED8W 59 1000 W0IZ 59 CO 1
QSO: 7184 PH 2026-03-08 0409 ED8W 59 1000 N6ZO 59 CA 0
QSO: 14260 PH 2026-03-08 0409 ED8W 59 1000 WW3G 59 VA 1
QSO: 7184 PH 2026-03-08 0409 ED8W 59 1000 N3OJU 59 PA 0
QSO: 14260 PH 2026-03-08 0410 ED8W 59 1000 NN5MB 59 TX 1
QSO: 14260 PH 2026-03-08 0410 ED8W 59 1000 AF5RP 59 AR 1
QSO: 14260 PH 2026-03-08 0410 ED8W 59 1000 VA3ONO 59 ON 1
QSO: 14260 PH 2026-03-08 0412 ED8W 59 1000 WA5LFD 59 TX 1
QSO: 14260 PH 2026-03-08 0413 ED8W 59 1000 KR4HGB 59 FL 1
QSO: 14260 PH 2026-03-08 0413 ED8W 59 1000 AA4BC 59 SC 1
QSO: 14260 PH 2026-03-08 0413 ED8W 59 1000 KC1VHP 59 CT 1
QSO: 14260 PH 2026-03-08 0413 ED8W 59 1000 AE4GW 59 TN 1
QSO: 7184 PH 2026-03-08 0413 ED8W 59 1000 W4XTT 59 AL 0
QSO: 7184 PH 2026-03-08 0414 ED8W 59 1000 KE2D 59 NJ 0
QSO: 14260 PH 2026-03-08 0414 ED8W 59 1000 KD8VKY 59 OH 1
QSO: 7184 PH 2026-03-08 0414 ED8W 59 1000 KV2X 59 NY 0
QSO: 14260 PH 2026-03-08 0414 ED8W 59 1000 KQ4CCO 59 SC 1
QSO: 7184 PH 2026-03-08 0414 ED8W 59 1000 W4KWS 59 FL 0
QSO: 14260 PH 2026-03-08 0414 ED8W 59 1000 W4EK 59 GA 1
QSO: 7184 PH 2026-03-08 0414 ED8W 59 1000 KJ0I 59 CO 0
QSO: 7184 PH 2026-03-08 0415 ED8W 59 1000 KC2FHY 59 NY 0
QSO: 7184 PH 2026-03-08 0415 ED8W 59 1000 KD2DMR 59 IL 0
QSO: 7184 PH 2026-03-08 0415 ED8W 59 1000 KO4DN 59 FL 0
QSO: 7184 PH 2026-03-08 0416 ED8W 59 1000 N0IOF 59 CO 0
QSO: 7184 PH 2026-03-08 0416 ED8W 59 1000 W2FDC 59 NJ 0
QSO: 7184 PH 2026-03-08 0416 ED8W 59 1000 KO0Z 59 MO 0
QSO: 7184 PH 2026-03-08 0418 ED8W 59 1000 WB6MAX 59 CA 0
QSO: 7184 PH 2026-03-08 0419 ED8W 59 1000 K4ITA 59 FL 0
QSO: 7184 PH 2026-03-08 0419 ED8W 59 1000 W9IZ 59 IN 0
QSO: 7184 PH 2026-03-08 0420 ED8W 59 1000 NY1E 59 ME 0
QSO: 3735 PH 2026-03-08 0420 ED8W 59 1000 KG5RPZ 59 LA 1
QSO: 3735 PH 2026-03-08 0420 ED8W 59 1000 KG4W 59 VA 1
QSO: 3735 PH 2026-03-08 0420 ED8W 59 1000 WS3C 59 PA 1
QSO: 7184 PH 2026-03-08 0420 ED8W 59 1000 N2LFD 59 NJ 0
QSO: 7184 PH 2026-03-08 0420 ED8W 59 1000 N0SD 59 SD 0
QSO: 7184 PH 2026-03-08 0421 ED8W 59 1000 VE3TTP 59 ON 0
QSO: 7184 PH 2026-03-08 0422 ED8W 59 1000 WA7F 59 WA 0
QSO: 7184 PH 2026-03-08 0422 ED8W 59 1000 N7JI 59 OR 0
QSO: 7184 PH 2026-03-08 0423 ED8W 59 1000 WX7Z 59 ID 0
QSO: 7184 PH 2026-03-08 0427 ED8W 59 1000 K9YC 59 CA 0
QSO: 7184 PH 2026-03-08 0427 ED8W 59 1000 NN6DX 59 CA 0
QSO: 7184 PH 2026-03-08 0428 ED8W 59 1000 AF0DA 59 MO 0
QSO: 7184 PH 2026-03-08 0428 ED8W 59 1000 KQ4BPZ 59 FL 0
QSO: 7184 PH 2026-03-08 0429 ED8W 59 1000 KU4CG 59 MD 0
QSO: 7184 PH 2026-03-08 0429 ED8W 59 1000 W1ER 59 MA 0
QSO: 7184 PH 2026-03-08 0430 ED8W 59 1000 VO1TX 59 NF 0
QSO: 14260 PH 2026-03-08 0430 ED8W 59 1000 KR4HVV 59 VA 1
QSO: 14260 PH 2026-03-08 0431 ED8W 59 1000 N7IR 59 AZ 1
QSO: 7184 PH 2026-03-08 0431 ED8W 59 1000 N2YBB 59 NY 0
QSO: 7184 PH 2026-03-08 0431 ED8W 59 1000 KC2TFX 59 NY 0
QSO: 7184 PH 2026-03-08 0432 ED8W 59 1000 KX1W 59 NJ 0
QSO: 14260 PH 2026-03-08 0432 ED8W 59 1000 NC4MD 59 NC 1
QSO: 14260 PH 2026-03-08 0432 ED8W 59 1000 WB2IDV 59 NJ 1
QSO: 14260 PH 2026-03-08 0433 ED8W 59 1000 N4KAA 59 VA 1
QSO: 7184 PH 2026-03-08 0433 ED8W 59 1000 WI7N 59 OR 0
QSO: 7184 PH 2026-03-08 0433 ED8W 59 1000 KD6HOF 59 CA 0
QSO: 7184 PH 2026-03-08 0434 ED8W 59 1000 W5LSL 59 TX 0
QSO: 14260 PH 2026-03-08 0434 ED8W 59 1000 KE5GL 59 TX 1
QSO: 7184 PH 2026-03-08 0434 ED8W 59 1000 KB9SI 59 AZ 0
QSO: 7184 PH 2026-03-08 0435 ED8W 59 1000 AD7N 59 UT 0
QSO: 7184 PH 2026-03-08 0435 ED8W 59 1000 KB0ARZ 59 NE 0
QSO: 14260 PH 2026-03-08 0435 ED8W 59 1000 K5AWJ 59 TX 1
QSO: 14260 PH 2026-03-08 0436 ED8W 59 1000 W1DRS 59 TN 1
QSO: 14260 PH 2026-03-08 0436 ED8W 59 1000 KG4W 59 VA 1
QSO: 14260 PH 2026-03-08 0436 ED8W 59 1000 N4WXY 59 FL 1
QSO: 14260 PH 2026-03-08 0436 ED8W 59 1000 KO4KJD 59 FL 1
QSO: 14260 PH 2026-03-08 0437 ED8W 59 1000 N2EWM 59 NY 1
QSO: 7184 PH 2026-03-08 0437 ED8W 59 1000 KB7FGN 59 WY 0
QSO: 14260 PH 2026-03-08 0437 ED8W 59 1000 N4EDV 59 VA 1
QSO: 7184 PH 2026-03-08 0437 ED8W 59 1000 KE9COB 59 IL 0
QSO: 7184 PH 2026-03-08 0437 ED8W 59 1000 KG5EIU 59 TX 0
QSO: 14260 PH 2026-03-08 0437 ED8W 59 1000 KB2SIF 59 PA 1
QSO: 14260 PH 2026-03-08 0437 ED8W 59 1000 KD5DGN 59 TX 1
QSO: 14260 PH 2026-03-08 0438 ED8W 59 1000 KP4JLD/W1 59 MA 1
QSO: 14260 PH 2026-03-08 0438 ED8W 59 1000 AG5HW 59 NM 1
QSO: 7184 PH 2026-03-08 0438 ED8W 59 1000 KM6KFW 59 CA 0
QSO: 14260 PH 2026-03-08 0439 ED8W 59 1000 N3HKX 59 PA 1
QSO: 7184 PH 2026-03-08 0439 ED8W 59 1000 NN7V 59 MO 0
QSO: 14260 PH 2026-03-08 0439 ED8W 59 1000 AI1G 59 MA 1
QSO: 14260 PH 2026-03-08 0440 ED8W 59 1000 KC3FEK 59 PA 1
QSO: 7184 PH 2026-03-08 0440 ED8W 59 1000 KM6UH 59 NY 0
QSO: 7184 PH 2026-03-08 0440 ED8W 59 1000 K8PK 59 OH 0
QSO: 14260 PH 2026-03-08 0441 ED8W 59 1000 KQ4BPZ 59 FL 1
QSO: 7184 PH 2026-03-08 0441 ED8W 59 1000 VE7SAR 59 BC 0
QSO: 7184 PH 2026-03-08 0441 ED8W 59 1000 KB8YVC 59 OH 0
QSO: 14260 PH 2026-03-08 0442 ED8W 59 1000 KK4PEZ 59 FL 1
QSO: 7184 PH 2026-03-08 0442 ED8W 59 1000 WY0Q 59 MO 0
QSO: 7184 PH 2026-03-08 0442 ED8W 59 1000 KW7EET 59 MT 0
QSO: 7184 PH 2026-03-08 0443 ED8W 59 1000 KG5KPU 59 TX 0
QSO: 14260 PH 2026-03-08 0443 ED8W 59 1000 W4RC 59 GA 1
QSO: 14260 PH 2026-03-08 0444 ED8W 59 1000 W1DRS 59 TN 1
QSO: 7184 PH 2026-03-08 0444 ED8W 59 1000 W1FJ 59 MA 0
QSO: 14260 PH 2026-03-08 0444 ED8W 59 1000 K0CLW 59 KS 1
QSO: 14260 PH 2026-03-08 0445 ED8W 59 1000 KF5UP 59 TX 1
QSO: 14260 PH 2026-03-08 0445 ED8W 59 1000 KC4ZMB 59 AL 1
QSO: 14260 PH 2026-03-08 0446 ED8W 59 1000 W4MWA 59 TN 1
QSO: 7184 PH 2026-03-08 0446 ED8W 59 1000 AG8M 59 AR 0
QSO: 14260 PH 2026-03-08 0446 ED8W 59 1000 K6RSP 59 TX 1
QSO: 7184 PH 2026-03-08 0446 ED8W 59 1000 KQ4YHI 59 TN 0
QSO: 14260 PH 2026-03-08 0446 ED8W 59 1000 KC5IIX 59 LA 1
QSO: 7184 PH 2026-03-08 0446 ED8W 59 1000 W7DZ 59 WA 0
QSO: 7184 PH 2026-03-08 0447 ED8W 59 1000 W9HI 59 IL 0
QSO: 14260 PH 2026-03-08 0447 ED8W 59 1000 KJ5FLY 59 AR 1
QSO: 14260 PH 2026-03-08 0447 ED8W 59 1000 N5IH 59 OK 1
QSO: 7184 PH 2026-03-08 0448 ED8W 59 1000 KE4ZY 59 VA 0
QSO: 7184 PH 2026-03-08 0448 ED8W 59 1000 KO4KJD 59 FL 0
QSO: 14260 PH 2026-03-08 0449 ED8W 59 1000 K4PV 59 FL 1
QSO: 14260 PH 2026-03-08 0449 ED8W 59 1000 KQ4GSX 59 AL 1
QSO: 7184 PH 2026-03-08 0449 ED8W 59 1000 K6KTS 59 CA 0
QSO: 14260 PH 2026-03-08 0449 ED8W 59 1000 KI4DNO 59 FL 1
QSO: 7184 PH 2026-03-08 0449 ED8W 59 1000 KW6S 59 CA 0
QSO: 14260 PH 2026-03-08 0449 ED8W 59 1000 NT4K 59 FL 1
QSO: 7184 PH 2026-03-08 0450 ED8W 59 1000 K4MWJ 59 TN 0
QSO: 7184 PH 2026-03-08 0450 ED8W 59 1000 AC9TO 59 WI 0
QSO: 14260 PH 2026-03-08 0450 ED8W 59 1000 KI5DHX 59 TX 1
QSO: 7184 PH 2026-03-08 0450 ED8W 59 1000 K8NW 59 OH 0
QSO: 14260 PH 2026-03-08 0451 ED8W 59 1000 K0BOG 59 KS 1
QSO: 7184 PH 2026-03-08 0452 ED8W 59 1000 W7DGR 59 WY 0
QSO: 14260 PH 2026-03-08 0452 ED8W 59 1000 WG3U 59 MD 1
QSO: 14260 PH 2026-03-08 0452 ED8W 59 1000 WB5SHV 59 TX 1
QSO: 7184 PH 2026-03-08 0452 ED8W 59 1000 WB9RCE 59 IL 0
QSO: 7184 PH 2026-03-08 0453 ED8W 59 1000 NV7JB 59 NV 0
QSO: 7184 PH 2026-03-08 0453 ED8W 59 1000 WA8PAG 59 FL 0
QSO: 7184 PH 2026-03-08 0454 ED8W 59 1000 W5BB 59 OK 0
QSO: 14260 PH 2026-03-08 0454 ED8W 59 1000 N6HEW 59 NM 1
QSO: 7184 PH 2026-03-08 0454 ED8W 59 1000 WW7GBA 59 UT 0
QSO: 7184 PH 2026-03-08 0455 ED8W 59 1000 KE2AFZ 59 NY 0
QSO: 7184 PH 2026-03-08 0455 ED8W 59 1000 N6TAN 59 CA 0
QSO: 14260 PH 2026-03-08 0455 ED8W 59 1000 WD4OAY 59 FL 1
QSO: 7184 PH 2026-03-08 0455 ED8W 59 1000 N2EWM 59 NY 0
QSO: 7184 PH 2026-03-08 0456 ED8W 59 1000 WA5LFD 59 TX 0
QSO: 7184 PH 2026-03-08 0456 ED8W 59 1000 KQ3E 59 PA 0
QSO: 14260 PH 2026-03-08 0456 ED8W 59 1000 K9VIT 59 UT 1
QSO: 14260 PH 2026-03-08 0457 ED8W 59 1000 KE8NSW 59 OH 1
QSO: 7184 PH 2026-03-08 0458 ED8W 59 1000 KD9YQA 59 IN 0
QSO: 7184 PH 2026-03-08 0458 ED8W 59 1000 KE7ZAC 59 WA 0
QSO: 7184 PH 2026-03-08 0459 ED8W 59 1000 W4GGJ 59 FL 0
QSO: 14260 PH 2026-03-08 0459 ED8W 59 1000 KI4SNW 59 GA 1
QSO: 7184 PH 2026-03-08 0459 ED8W 59 1000 W6MVT 59 CA 0
QSO: 7184 PH 2026-03-08 0459 ED8W 59 1000 KT4EMT 59 TX 0
QSO: 14260 PH 2026-03-08 0459 ED8W 59 1000 AK4FX 59 TX 1
QSO: 14260 PH 2026-03-08 0502 ED8W 59 1000 WB9TFH 59 WI 1
QSO: 7184 PH 2026-03-08 0503 ED8W 59 1000 W3WN 59 PA 0
QSO: 14260 PH 2026-03-08 0503 ED8W 59 1000 KD5UVV 59 MS 1
QSO: 7184 PH 2026-03-08 0504 ED8W 59 1000 N8ERL 59 MI 0
QSO: 7184 PH 2026-03-08 0504 ED8W 59 1000 KC2QYM 59 NJ 0
QSO: 7184 PH 2026-03-08 0505 ED8W 59 1000 W0PMO 59 MN 0
QSO: 7184 PH 2026-03-08 0505 ED8W 59 1000 N2JIE 59 NJ 0
QSO: 14260 PH 2026-03-08 0505 ED8W 59 1000 WD5FCA 59 AL 1
QSO: 7184 PH 2026-03-08 0506 ED8W 59 1000 AB6DM 59 CA 0
QSO: 7184 PH 2026-03-08 0506 ED8W 59 1000 KE8PX 59 GA 0
QSO: 7184 PH 2026-03-08 0506 ED8W 59 1000 N4TPD 59 NC 0
QSO: 7184 PH 2026-03-08 0507 ED8W 59 1000 VA2RB 59 QC 0
QSO: 14260 PH 2026-03-08 0507 ED8W 59 1000 KK4CDK 59 FL 1
QSO: 14260 PH 2026-03-08 0509 ED8W 59 1000 KB9ECQ 59 IN 1
QSO: 14260 PH 2026-03-08 0509 ED8W 59 1000 W3DF 59 MD 1
QSO: 7184 PH 2026-03-08 0509 ED8W 59 1000 N6BLU 59 OR 0
QSO: 7184 PH 2026-03-08 0513 ED8W 59 1000 W0KHZ 59 MN 0
QSO: 3756 PH 2026-03-08 0513 ED8W 59 1000 N8BV 59 OH 1
QSO: 7184 PH 2026-03-08 0514 ED8W 59 1000 K4ISU 59 NC 0
QSO: 3756 PH 2026-03-08 0514 ED8W 59 1000 WA2LMC 59 NC 1
QSO: 3756 PH 2026-03-08 0515 ED8W 59 1000 K8MTG 59 MI 1
QSO: 3756 PH 2026-03-08 0516 ED8W 59 1000 WD9CIR 59 IL 1
QSO: 3756 PH 2026-03-08 0517 ED8W 59 1000 NN9DD 59 GA 1
QSO: 3756 PH 2026-03-08 0518 ED8W 59 1000 KA2YEG 59 NY 1
QSO: 7183 PH 2026-03-08 0518 ED8W 59 1000 AD7CL 59 CO 0
QSO: 3756 PH 2026-03-08 0518 ED8W 59 1000 KF0HCW 59 MO 1
QSO: 7183 PH 2026-03-08 0518 ED8W 59 1000 NT6S 59 CA 0
QSO: 3756 PH 2026-03-08 0518 ED8W 59 1000 N1TQ 59 MA 1
QSO: 7183 PH 2026-03-08 0519 ED8W 59 1000 N6BIZ 59 CA 0
QSO: 7183 PH 2026-03-08 0520 ED8W 59 1000 WA6JRF 59 CA 0
QSO: 7183 PH 2026-03-08 0522 ED8W 59 1000 KF0SKU 59 NE 0
QSO: 3693 PH 2026-03-08 0522 ED8W 59 1000 AA1K 59 DE 1
QSO: 7183 PH 2026-03-08 0522 ED8W 59 1000 N0NFJ 59 MO 0
QSO: 7183 PH 2026-03-08 0523 ED8W 59 1000 N5YYF 59 NM 0
QSO: 7183 PH 2026-03-08 0525 ED8W 59 1000 KC5MJV 59 TX 0
QSO: 3781 PH 2026-03-08 0526 ED8W 59 1000 KU7I 59 NM 1
QSO: 3781 PH 2026-03-08 0527 ED8W 59 1000 KV1J 59 ME 1
QSO: 7183 PH 2026-03-08 0527 ED8W 59 1000 W0IVJ 59 CO 0
QSO: 3780 PH 2026-03-08 0528 ED8W 59 1000 K9YC 59 CA 1
QSO: 3781 PH 2026-03-08 0528 ED8W 59 1000 KC1IIO 59 MA 1
QSO: 3781 PH 2026-03-08 0530 ED8W 59 1000 WX8S 59 OH 1
QSO: 7184 PH 2026-03-08 0530 ED8W 59 1000 N0OZG 59 IA 0
QSO: 3781 PH 2026-03-08 0530 ED8W 59 1000 KV4ZY 59 VA 1
QSO: 3781 PH 2026-03-08 0531 ED8W 59 1000 KG4STL 59 TN 1
QSO: 7184 PH 2026-03-08 0531 ED8W 59 1000 NX3L 59 PA 0
QSO: 3781 PH 2026-03-08 0532 ED8W 59 1000 W3FOX 59 MD 1
QSO: 7184 PH 2026-03-08 0534 ED8W 59 1000 KI5ONT 59 LA 0
QSO: 3781 PH 2026-03-08 0534 ED8W 59 1000 KE8PX 59 GA 1
QSO: 7184 PH 2026-03-08 0534 ED8W 59 1000 VE3BZ 59 ON 0
QSO: 3781 PH 2026-03-08 0535 ED8W 59 1000 KE8GX 59 GA 1
QSO: 7184 PH 2026-03-08 0535 ED8W 59 1000 KC3BXN 59 MD 0
QSO: 3781 PH 2026-03-08 0535 ED8W 59 1000 N1NQ 59 NY 1
QSO: 7184 PH 2026-03-08 0535 ED8W 59 1000 WA6LDI 59 CA 0
QSO: 3781 PH 2026-03-08 0536 ED8W 59 1000 K2MTG 59 NJ 1
QSO: 7184 PH 2026-03-08 0536 ED8W 59 1000 KB6LFM 59 CA 0
QSO: 7184 PH 2026-03-08 0537 ED8W 59 1000 KD0AZG 59 KS 0
QSO: 7184 PH 2026-03-08 0540 ED8W 59 1000 N4PD 59 VA 0
QSO: 3781 PH 2026-03-08 0541 ED8W 59 1000 N9NE 59 WI 1
QSO: 7184 PH 2026-03-08 0542 ED8W 59 1000 WB3BHT 59 NH 0
QSO: 7184 PH 2026-03-08 0542 ED8W 59 1000 W4EF 59 CA 0
QSO: 7184 PH 2026-03-08 0543 ED8W 59 1000 WA8ZBT 59 TX 0
QSO: 7184 PH 2026-03-08 0543 ED8W 59 1000 KA3IVN 59 NJ 0
QSO: 7184 PH 2026-03-08 0543 ED8W 59 1000 K6NO 59 CA 0
QSO: 7184 PH 2026-03-08 0544 ED8W 59 1000 K0CLW 59 KS 0
QSO: 7184 PH 2026-03-08 0546 ED8W 59 1000 KE9DHP 59 IL 0
QSO: 7184 PH 2026-03-08 0547 ED8W 59 1000 N7AUE 59 NV 0
QSO: 7184 PH 2026-03-08 0550 ED8W 59 1000 KO0Z 59 MO 0
QSO: 7184 PH 2026-03-08 0552 ED8W 59 1000 K8IBX 59 MI 0
QSO: 7184 PH 2026-03-08 0553 ED8W 59 1000 WD5FCA 59 AL 0
QSO: 7184 PH 2026-03-08 0553 ED8W 59 1000 N6KI 59 CA 0
QSO: 7184 PH 2026-03-08 0553 ED8W 59 1000 KW9A 59 IL 0
QSO: 3789 PH 2026-03-08 0554 ED8W 59 1000 K1BDC 59 FL 1
QSO: 7184 PH 2026-03-08 0554 ED8W 59 1000 KL7HQR 59 CA 0
QSO: 7184 PH 2026-03-08 0555 ED8W 59 1000 WD5ACR 59 CO 0
QSO: 3789 PH 2026-03-08 0556 ED8W 59 1000 KB0CFD 59 IA 1
QSO: 7184 PH 2026-03-08 0557 ED8W 59 1000 K5DJN 59 TX 0
QSO: 7184 PH 2026-03-08 0557 ED8W 59 1000 AC7UD 59 AZ 0
QSO: 7184 PH 2026-03-08 0558 ED8W 59 1000 W7YTF 59 ID 0
QSO: 7184 PH 2026-03-08 0558 ED8W 59 1000 KC3FEK 59 PA 0
QSO: 7184 PH 2026-03-08 0558 ED8W 59 1000 K0ZN 59 KS 0
QSO: 7184 PH 2026-03-08 0559 ED8W 59 1000 KD9YQA 59 IN 0
QSO: 3789 PH 2026-03-08 0600 ED8W 59 1000 AA5R 59 TX 1
QSO: 3789 PH 2026-03-08 0601 ED8W 59 1000 K4PZZ 59 VA 1
QSO: 7184 PH 2026-03-08 0603 ED8W 59 1000 K7WAX 59 AR 0
QSO: 3789 PH 2026-03-08 0603 ED8W 59 1000 W2DB 59 TX 1
QSO: 7184 PH 2026-03-08 0605 ED8W 59 1000 W3PGA 59 MD 0
QSO: 7184 PH 2026-03-08 0605 ED8W 59 1000 KJ4MES 59 MI 0
QSO: 7184 PH 2026-03-08 0606 ED8W 59 1000 KU8E 59 GA 0
QSO: 3789 PH 2026-03-08 0606 ED8W 59 1000 K2RET 59 NJ 1
QSO: 7184 PH 2026-03-08 0606 ED8W 59 1000 N1MHV 59 GA 0
QSO: 3789 PH 2026-03-08 0607 ED8W 59 1000 NQ9N 59 WI 1
QSO: 7184 PH 2026-03-08 0608 ED8W 59 1000 NQ5U 59 AR 0
QSO: 3789 PH 2026-03-08 0608 ED8W 59 1000 W7RM 59 OR 1
QSO: 7184 PH 2026-03-08 0609 ED8W 59 1000 N7DEY 59 NV 0
QSO: 3789 PH 2026-03-08 0609 ED8W 59 1000 W3URL 59 MD 1
QSO: 7184 PH 2026-03-08 0609 ED8W 59 1000 N1NQ 59 NY 0
QSO: 7184 PH 2026-03-08 0610 ED8W 59 1000 KJ6TQ 59 MO 0
QSO: 7184 PH 2026-03-08 0610 ED8W 59 1000 W6WB 59 CA 0
QSO: 3789 PH 2026-03-08 0611 ED8W 59 1000 N6JW 59 CA 1
QSO: 7184 PH 2026-03-08 0611 ED8W 59 1000 N6MU 59 CA 0
QSO: 7184 PH 2026-03-08 0611 ED8W 59 1000 K3TCO 59 DE 0
QSO: 7184 PH 2026-03-08 0611 ED8W 59 1000 N4DMX 59 GA 0
QSO: 7184 PH 2026-03-08 0612 ED8W 59 1000 K9RJ 59 UT 0
QSO: 7184 PH 2026-03-08 0614 ED8W 59 1000 VE7TT 59 BC 0
QSO: 7184 PH 2026-03-08 0614 ED8W 59 1000 W7KEJ 59 AZ 0
QSO: 3789 PH 2026-03-08 0614 ED8W 59 1000 N6KI 59 CA 1
QSO: 3789 PH 2026-03-08 0615 ED8W 59 1000 NA8V 59 MI 1
QSO: 3789 PH 2026-03-08 0617 ED8W 59 1000 KA2JEM 59 NY 1
QSO: 7184 PH 2026-03-08 0617 ED8W 59 1000 W7MBR 59 WA 0
QSO: 7184 PH 2026-03-08 0618 ED8W 59 1000 KC3LVG 59 PA 0
QSO: 7184 PH 2026-03-08 0618 ED8W 59 1000 KF0UWE 59 NE 0
QSO: 7184 PH 2026-03-08 0618 ED8W 59 1000 K7RJ 59 AZ 0
QSO: 7184 PH 2026-03-08 0619 ED8W 59 1000 AF7Z 59 UT 0
QSO: 3789 PH 2026-03-08 0619 ED8W 59 1000 K3RL 59 PA 1
QSO: 7184 PH 2026-03-08 0624 ED8W 59 1000 K9KJD 59 IN 0
QSO: 7184 PH 2026-03-08 0625 ED8W 59 1000 AA7SQ 59 OR 0
QSO: 7184 PH 2026-03-08 0627 ED8W 59 1000 KA3JPE 59 DC 0
QSO: 7184 PH 2026-03-08 0628 ED8W 59 1000 WI6R 59 AZ 0
QSO: 7184 PH 2026-03-08 0629 ED8W 59 1000 KK7MBX 59 AZ 0
QSO: 3783 PH 2026-03-08 0629 ED8W 59 1000 N7NWL 59 AZ 1
QSO: 7184 PH 2026-03-08 0629 ED8W 59 1000 KB9LLV 59 WI 0
QSO: 7184 PH 2026-03-08 0630 ED8W 59 1000 KW6X 59 CA 0
QSO: 3783 PH 2026-03-08 0630 ED8W 59 1000 K6ERT 59 CA 1
QSO: 3783 PH 2026-03-08 0630 ED8W 59 1000 W7EW 59 OR 1
QSO: 7184 PH 2026-03-08 0630 ED8W 59 1000 K7BWC 59 UT 0
QSO: 7184 PH 2026-03-08 0631 ED8W 59 1000 KF0HYZ 59 NE 0
QSO: 7184 PH 2026-03-08 0632 ED8W 59 1000 KK7JXG 59 AZ 0
QSO: 3783 PH 2026-03-08 0633 ED8W 59 1000 VE3RVZ 59 ON 1
QSO: 7184 PH 2026-03-08 0634 ED8W 59 1000 W6RKC 59 CA 0
QSO: 3783 PH 2026-03-08 0634 ED8W 59 1000 N5RDO 59 TX 1
QSO: 7184 PH 2026-03-08 0634 ED8W 59 1000 KE2GLS 59 NY 0
QSO: 7184 PH 2026-03-08 0635 ED8W 59 1000 N6RND 59 CA 0
QSO: 3783 PH 2026-03-08 0635 ED8W 59 1000 KJ7BS 59 AZ 1
QSO: 3783 PH 2026-03-08 0635 ED8W 59 1000 VE7TT 59 BC 1
QSO: 3783 PH 2026-03-08 0635 ED8W 59 1000 K9XW 59 IL 1
QSO: 7184 PH 2026-03-08 0636 ED8W 59 1000 KF2JLD 59 KY 0
QSO: 7184 PH 2026-03-08 0637 ED8W 59 1000 KB0CFD 59 IA 0
QSO: 3783 PH 2026-03-08 0638 ED8W 59 1000 K0CLW 59 KS 1
QSO: 7184 PH 2026-03-08 0638 ED8W 59 1000 W6GAE 59 CA 0
QSO: 7184 PH 2026-03-08 0639 ED8W 59 1000 N7FHX 59 AZ 0
QSO: 3783 PH 2026-03-08 0639 ED8W 59 1000 K1DT 59 RI 1
QSO: 7184 PH 2026-03-08 0639 ED8W 59 1000 AA9GC 59 MO 0
QSO: 7184 PH 2026-03-08 0640 ED8W 59 1000 N9ERJ 59 IL 0
QSO: 7184 PH 2026-03-08 0640 ED8W 59 1000 N7XCZ 59 NV 0
QSO: 7184 PH 2026-03-08 0640 ED8W 59 1000 N7RAF 59 UT 0
QSO: 7184 PH 2026-03-08 0641 ED8W 59 1000 K7LI 59 UT 0
QSO: 3783 PH 2026-03-08 0641 ED8W 59 1000 N0SSZ 59 CO 1
QSO: 7184 PH 2026-03-08 0642 ED8W 59 1000 KA9EOK 59 WI 0
QSO: 7184 PH 2026-03-08 0643 ED8W 59 1000 K6GRD 59 UT 0
QSO: 7184 PH 2026-03-08 0643 ED8W 59 1000 KF7EFI 59 CA 0
QSO: 7184 PH 2026-03-08 0643 ED8W 59 1000 WC6H 59 CA 0
QSO: 7184 PH 2026-03-08 0644 ED8W 59 1000 WB4FAW 59 CO 0
QSO: 7184 PH 2026-03-08 0644 ED8W 59 1000 W6TCP 59 CA 0
QSO: 3783 PH 2026-03-08 0644 ED8W 59 1000 AE9L 59 IL 1
QSO: 7184 PH 2026-03-08 0644 ED8W 59 1000 K6DWD 59 CA 0
QSO: 3783 PH 2026-03-08 0644 ED8W 59 1000 KA9EOK 59 WI 1
QSO: 7184 PH 2026-03-08 0645 ED8W 59 1000 KC8UMB 59 MI 0
QSO: 7184 PH 2026-03-08 0645 ED8W 59 1000 NZ8V 59 MI 0
QSO: 7184 PH 2026-03-08 0646 ED8W 59 1000 KC0AAB 59 MN 0
QSO: 3783 PH 2026-03-08 0647 ED8W 59 1000 W9TCV 59 FL 1
QSO: 7184 PH 2026-03-08 0647 ED8W 59 1000 K2RFO 59 NY 0
QSO: 3783 PH 2026-03-08 0648 ED8W 59 1000 K0EA 59 MN 1
QSO: 3783 PH 2026-03-08 0650 ED8W 59 1000 K7IU 59 WA 1
QSO: 7184 PH 2026-03-08 0651 ED8W 59 1000 N6CW 59 CA 0
QSO: 7184 PH 2026-03-08 0652 ED8W 59 1000 WB0ICT 59 KS 0
QSO: 7184 PH 2026-03-08 0653 ED8W 59 1000 NG4DX 59 GA 0
QSO: 3783 PH 2026-03-08 0653 ED8W 59 1000 N6YG 59 CA 1
QSO: 3783 PH 2026-03-08 0653 ED8W 59 1000 KC8RMR 59 MI 1
QSO: 3783 PH 2026-03-08 0654 ED8W 59 1000 NX3L 59 PA 1
QSO: 7184 PH 2026-03-08 0655 ED8W 59 1000 W5VAN 59 AR 0
QSO: 7195 PH 2026-03-08 0709 ED8W 59 1000 KB2SIF 59 PA 0
QSO: 3783 PH 2026-03-08 0710 ED8W 59 1000 WQ6X 59 CA 1
QSO: 7195 PH 2026-03-08 0711 ED8W 59 1000 N9NE 59 WI 0
QSO: 7196 PH 2026-03-08 0900 ED8W 59 1000 AI7GA 59 AZ 0
QSO: 7196 PH 2026-03-08 0901 ED8W 59 1000 KC8GTX 59 MI 0
QSO: 7196 PH 2026-03-08 0901 ED8W 59 1000 KW4AK 59 GA 0
QSO: 7196 PH 2026-03-08 0902 ED8W 59 1000 WJ9X 59 WI 0
QSO: 7196 PH 2026-03-08 0904 ED8W 59 1000 K9EE 59 FL 0
QSO: 7196 PH 2026-03-08 0904 ED8W 59 1000 W2LGB 59 NY 0
QSO: 7196 PH 2026-03-08 0905 ED8W 59 1000 KA2G 59 SC 0
QSO: 7196 PH 2026-03-08 0907 ED8W 59 1000 W8CS 59 SC 0
QSO: 7196 PH 2026-03-08 0908 ED8W 59 1000 WA3TVZ 59 DE 0
QSO: 7196 PH 2026-03-08 0909 ED8W 59 1000 W9AM 59 IN 0
QSO: 7196 PH 2026-03-08 0909 ED8W 59 1000 KM4G 59 VA 0
QSO: 7196 PH 2026-03-08 0909 ED8W 59 1000 KC2YME 59 NY 0
QSO: 7196 PH 2026-03-08 0910 ED8W 59 1000 KT6TT/7 59 ID 0
QSO: 7196 PH 2026-03-08 0911 ED8W 59 1000 K6YPK 59 CA 0
QSO: 7196 PH 2026-03-08 0911 ED8W 59 1000 N2NRV 59 NY 0
QSO: 7196 PH 2026-03-08 0913 ED8W 59 1000 KB0KSA 59 MO 0
QSO: 7196 PH 2026-03-08 0915 ED8W 59 1000 W9ARO 59 FL 0
QSO: 7196 PH 2026-03-08 0916 ED8W 59 1000 KD4AH 59 GA 0
QSO: 7196 PH 2026-03-08 0917 ED8W 59 1000 KB2FUM 59 NJ 0
QSO: 14303 PH 2026-03-08 0932 ED8W 59 1000 K5KBK 59 AR 0
QSO: 14289 PH 2026-03-08 1102 ED8W 59 1000 W3RRM 59 MD 0
QSO: 14289 PH 2026-03-08 1102 ED8W 59 1000 AG2LM 59 NY 0
QSO: 21446 PH 2026-03-08 1204 ED8W 59 1000 W1CTN 59 NC 1
QSO: 14288 PH 2026-03-08 1204 ED8W 59 1000 K4JC 59 FL 0
QSO: 14288 PH 2026-03-08 1205 ED8W 59 1000 K1BIF 59 VT 0
QSO: 21307 PH 2026-03-08 1208 ED8W 59 1000 KE8ZZH 59 WV 1
QSO: 14205 PH 2026-03-08 1208 ED8W 59 1000 N2MF 59 NY 0
QSO: 21307 PH 2026-03-08 1209 ED8W 59 1000 K1TDM 59 NC 1
QSO: 21307 PH 2026-03-08 1210 ED8W 59 1000 W9AM 59 IN 1
QSO: 21307 PH 2026-03-08 1210 ED8W 59 1000 KM4VK 59 FL 1
QSO: 21307 PH 2026-03-08 1213 ED8W 59 1000 W5DOC 59 TX 1
QSO: 21307 PH 2026-03-08 1213 ED8W 59 1000 N1ASC 59 CT 1
QSO: 21307 PH 2026-03-08 1217 ED8W 59 1000 WA1W 59 NY 1
QSO: 21307 PH 2026-03-08 1218 ED8W 59 1000 AA1NK 59 MA 1
QSO: 28469 PH 2026-03-08 1222 ED8W 59 1000 WB0X 59 FL 0
QSO: 28469 PH 2026-03-08 1224 ED8W 59 1000 WB4HAM 59 NC 0
QSO: 21307 PH 2026-03-08 1224 ED8W 59 1000 KQ4HAC 59 FL 1
QSO: 21307 PH 2026-03-08 1226 ED8W 59 1000 N5AU 59 TX 1
QSO: 28469 PH 2026-03-08 1226 ED8W 59 1000 WW8F 59 WV 0
QSO: 21307 PH 2026-03-08 1227 ED8W 59 1000 N2QVY 59 NJ 1
QSO: 28469 PH 2026-03-08 1227 ED8W 59 1000 AC4TO 59 FL 0
QSO: 28469 PH 2026-03-08 1229 ED8W 59 1000 K1JBP 59 KY 0
QSO: 28469 PH 2026-03-08 1229 ED8W 59 1000 KR4HFE 59 SC 0
QSO: 21397 PH 2026-03-08 1230 ED8W 59 1000 KM2O 59 NY 1
QSO: 28469 PH 2026-03-08 1231 ED8W 59 1000 KM8AM 59 OH 0
QSO: 21307 PH 2026-03-08 1232 ED8W 59 1000 AA2GC 59 NY 1
QSO: 28469 PH 2026-03-08 1233 ED8W 59 1000 AB4I 59 VA 0
QSO: 28469 PH 2026-03-08 1234 ED8W 59 1000 KC4WW 59 NC 0
QSO: 28469 PH 2026-03-08 1235 ED8W 59 1000 K4GNM 59 FL 0
QSO: 21000 PH 2026-03-08 1235 ED8W 59 1000 W2CG 59 NJ 1
QSO: 28469 PH 2026-03-08 1235 ED8W 59 1000 K4VTE 59 GA 0
QSO: 28469 PH 2026-03-08 1235 ED8W 59 1000 KD4AH 59 GA 0
QSO: 28469 PH 2026-03-08 1235 ED8W 59 1000 W4FK 59 NC 0
QSO: 28469 PH 2026-03-08 1236 ED8W 59 1000 KK4ANE 59 FL 0
QSO: 21307 PH 2026-03-08 1236 ED8W 59 1000 AC1W 59 MI 1
QSO: 21307 PH 2026-03-08 1238 ED8W 59 1000 VE3HIA 59 ON 1
QSO: 21307 PH 2026-03-08 1238 ED8W 59 1000 KE2EHC 59 NJ 1
QSO: 21307 PH 2026-03-08 1239 ED8W 59 1000 W4BHJ 59 NC 1
QSO: 21307 PH 2026-03-08 1240 ED8W 59 1000 VA2MP 59 QC 1
QSO: 28469 PH 2026-03-08 1240 ED8W 59 1000 AF4SH 59 GA 0
QSO: 21307 PH 2026-03-08 1242 ED8W 59 1000 K4VTE 59 GA 1
QSO: 28469 PH 2026-03-08 1242 ED8W 59 1000 K3COV 59 DE 0
QSO: 28469 PH 2026-03-08 1243 ED8W 59 1000 K3ZM 59 VA 0
QSO: 21307 PH 2026-03-08 1243 ED8W 59 1000 WA3TVZ 59 DE 1
QSO: 28469 PH 2026-03-08 1243 ED8W 59 1000 N3JT 59 VA 0
QSO: 28469 PH 2026-03-08 1243 ED8W 59 1000 WG3C 59 MD 0
QSO: 21307 PH 2026-03-08 1243 ED8W 59 1000 KR4AFM 59 AL 1
QSO: 21307 PH 2026-03-08 1245 ED8W 59 1000 K9KP 59 TN 1
QSO: 28469 PH 2026-03-08 1245 ED8W 59 1000 KE5CV 59 TX 0
QSO: 28469 PH 2026-03-08 1246 ED8W 59 1000 K6LS 59 FL 0
QSO: 21307 PH 2026-03-08 1246 ED8W 59 1000 N2KHH 59 NY 1
QSO: 21307 PH 2026-03-08 1246 ED8W 59 1000 KC2BPP 59 NY 1
QSO: 21307 PH 2026-03-08 1248 ED8W 59 1000 WD4NC 59 NC 1
QSO: 21307 PH 2026-03-08 1248 ED8W 59 1000 KM8AM 59 OH 1
QSO: 21307 PH 2026-03-08 1250 ED8W 59 1000 W4CI 59 FL 1
QSO: 21307 PH 2026-03-08 1250 ED8W 59 1000 K4JKB 59 VA 1
QSO: 21307 PH 2026-03-08 1250 ED8W 59 1000 KE8VAM 59 OH 1
QSO: 21307 PH 2026-03-08 1251 ED8W 59 1000 N9EP 59 IL 1
QSO: 21376 PH 2026-03-08 1252 ED8W 59 1000 WB2ZAB 59 MD 1
QSO: 28469 PH 2026-03-08 1253 ED8W 59 1000 KG9G 59 IL 0
QSO: 21307 PH 2026-03-08 1254 ED8W 59 1000 K9DBE 59 IL 1
QSO: 28469 PH 2026-03-08 1254 ED8W 59 1000 N4BVH 59 FL 0
QSO: 21219 PH 2026-03-08 1256 ED8W 59 1000 N2MF 59 NY 1
QSO: 28469 PH 2026-03-08 1259 ED8W 59 1000 N4GU 59 NC 0
QSO: 21307 PH 2026-03-08 1302 ED8W 59 1000 KE2BHP 59 NY 1
QSO: 21307 PH 2026-03-08 1305 ED8W 59 1000 K8ASX 59 OH 1
QSO: 28469 PH 2026-03-08 1305 ED8W 59 1000 W1CTN 59 NC 0
QSO: 21307 PH 2026-03-08 1306 ED8W 59 1000 WB2KLD 59 NY 1
QSO: 21307 PH 2026-03-08 1306 ED8W 59 1000 W4DUK 59 VA 1
QSO: 21307 PH 2026-03-08 1306 ED8W 59 1000 KF5KWO 59 TX 1
QSO: 21307 PH 2026-03-08 1308 ED8W 59 1000 W6ADE 59 TX 1
QSO: 21307 PH 2026-03-08 1309 ED8W 59 1000 K0HUU 59 MO 1
QSO: 21307 PH 2026-03-08 1309 ED8W 59 1000 N1DM 59 MA 1
QSO: 28469 PH 2026-03-08 1310 ED8W 59 1000 KQ4HNN 59 KY 0
QSO: 21307 PH 2026-03-08 1310 ED8W 59 1000 KG5UN 59 MS 1
QSO: 28469 PH 2026-03-08 1310 ED8W 59 1000 N4GPR 59 FL 0
QSO: 21307 PH 2026-03-08 1310 ED8W 59 1000 K4CVD 59 TN 1
QSO: 21307 PH 2026-03-08 1312 ED8W 59 1000 AC3LW 59 PA 1
QSO: 21307 PH 2026-03-08 1312 ED8W 59 1000 W3DON 59 PA 1
QSO: 21307 PH 2026-03-08 1314 ED8W 59 1000 N5TJ 59 TX 1
QSO: 21307 PH 2026-03-08 1316 ED8W 59 1000 WD4KTF 59 KY 1
QSO: 21307 PH 2026-03-08 1318 ED8W 59 1000 N4JOW 59 VA 1
QSO: 21307 PH 2026-03-08 1318 ED8W 59 1000 W9CP 59 IL 1
QSO: 21307 PH 2026-03-08 1318 ED8W 59 1000 W2VQ 59 NJ 1
QSO: 21307 PH 2026-03-08 1319 ED8W 59 1000 KE1IH 59 NY 1
QSO: 21307 PH 2026-03-08 1320 ED8W 59 1000 AJ6TE 59 VA 1
QSO: 21307 PH 2026-03-08 1325 ED8W 59 1000 W1CHL 59 OH 1
QSO: 21307 PH 2026-03-08 1326 ED8W 59 1000 N5SOL 59 NM 1
QSO: 28469 PH 2026-03-08 1326 ED8W 59 1000 N4TAP 59 FL 0
QSO: 21307 PH 2026-03-08 1326 ED8W 59 1000 N0SSZ 59 CO 1
QSO: 28469 PH 2026-03-08 1327 ED8W 59 1000 WD4TMF 59 KY 0
QSO: 21307 PH 2026-03-08 1331 ED8W 59 1000 VE1KEO 59 NS 1
QSO: 28469 PH 2026-03-08 1332 ED8W 59 1000 N5AU 59 TX 0
QSO: 21307 PH 2026-03-08 1332 ED8W 59 1000 VY2WJ 59 PE 1
QSO: 21307 PH 2026-03-08 1333 ED8W 59 1000 WN4AT 59 AL 1
QSO: 21307 PH 2026-03-08 1333 ED8W 59 1000 KA3LKM 59 PA 1
QSO: 28469 PH 2026-03-08 1334 ED8W 59 1000 KM4RKH 59 NC 0
QSO: 21307 PH 2026-03-08 1334 ED8W 59 1000 VE9WT 59 NB 1
QSO: 28469 PH 2026-03-08 1334 ED8W 59 1000 W9HT 59 IN 0
QSO: 21307 PH 2026-03-08 1335 ED8W 59 1000 W4CZU 59 NC 1
QSO: 21307 PH 2026-03-08 1338 ED8W 59 1000 KW4GF 59 VA 1
QSO: 21307 PH 2026-03-08 1338 ED8W 59 1000 WN8Y 59 TN 1
QSO: 21307 PH 2026-03-08 1339 ED8W 59 1000 N8SIM 59 OH 1
QSO: 28469 PH 2026-03-08 1340 ED8W 59 1000 WD4AGZ 59 FL 0
QSO: 21307 PH 2026-03-08 1340 ED8W 59 1000 WB9IKG 59 IL 1
QSO: 21307 PH 2026-03-08 1341 ED8W 59 1000 W2NPT 59 NJ 1
QSO: 21307 PH 2026-03-08 1342 ED8W 59 1000 W6LFB 59 TX 1
QSO: 21307 PH 2026-03-08 1343 ED8W 59 1000 W3IJZ 59 VA 1
QSO: 21307 PH 2026-03-08 1348 ED8W 59 1000 K9WX 59 IN 1
QSO: 28469 PH 2026-03-08 1348 ED8W 59 1000 KQ4WST 59 NC 0
QSO: 28469 PH 2026-03-08 1349 ED8W 59 1000 K4CPO 59 TN 0
QSO: 28469 PH 2026-03-08 1350 ED8W 59 1000 W9ZNK 59 IN 0
QSO: 21307 PH 2026-03-08 1350 ED8W 59 1000 N0MDH 59 NJ 1
QSO: 28469 PH 2026-03-08 1350 ED8W 59 1000 KR4OW 59 FL 0
QSO: 21307 PH 2026-03-08 1351 ED8W 59 1000 KD9CAF 59 IL 1
QSO: 21307 PH 2026-03-08 1351 ED8W 59 1000 KC1WAT 59 ME 1
QSO: 21307 PH 2026-03-08 1352 ED8W 59 1000 KJ4ND 59 KY 1
QSO: 21307 PH 2026-03-08 1353 ED8W 59 1000 K1HG 59 FL 1
QSO: 28469 PH 2026-03-08 1353 ED8W 59 1000 N4AZB 59 NC 0
QSO: 21307 PH 2026-03-08 1353 ED8W 59 1000 N1MP 59 NH 1
QSO: 21307 PH 2026-03-08 1354 ED8W 59 1000 WB2NJN 59 NY 1
QSO: 28469 PH 2026-03-08 1356 ED8W 59 1000 KR4EQW 59 NC 0
QSO: 21307 PH 2026-03-08 1357 ED8W 59 1000 K1NF 59 ME 1
QSO: 28469 PH 2026-03-08 1357 ED8W 59 1000 NE2V 59 NJ 0
QSO: 28469 PH 2026-03-08 1357 ED8W 59 1000 N8KR 59 FL 0
QSO: 21307 PH 2026-03-08 1357 ED8W 59 1000 K3XYJ 59 PA 1
QSO: 21307 PH 2026-03-08 1358 ED8W 59 1000 KE2ANN 59 NY 1
QSO: 28469 PH 2026-03-08 1359 ED8W 59 1000 W3BAY 59 FL 0
QSO: 28469 PH 2026-03-08 1359 ED8W 59 1000 WB9HFK 59 IL 0
QSO: 28469 PH 2026-03-08 1400 ED8W 59 1000 N3CW 59 VA 0
QSO: 21307 PH 2026-03-08 1400 ED8W 59 1000 N7IDX 59 AZ 1
QSO: 28469 PH 2026-03-08 1400 ED8W 59 1000 K2GSJ 59 FL 0
QSO: 21307 PH 2026-03-08 1400 ED8W 59 1000 KD2FQQ 59 NJ 1
QSO: 21307 PH 2026-03-08 1400 ED8W 59 1000 N7NWL 59 AZ 1
QSO: 21307 PH 2026-03-08 1401 ED8W 59 1000 KD4FV 59 NC 1
QSO: 28469 PH 2026-03-08 1401 ED8W 59 1000 WA4VSL 59 NC 0
QSO: 21307 PH 2026-03-08 1401 ED8W 59 1000 KC3ZXR 59 PA 1
QSO: 28469 PH 2026-03-08 1401 ED8W 59 1000 W4MSN 59 FL 0
QSO: 28469 PH 2026-03-08 1402 ED8W 59 1000 KD9PQI 59 TN 0
QSO: 21307 PH 2026-03-08 1402 ED8W 59 1000 AC1RH 59 NH 1
QSO: 21307 PH 2026-03-08 1403 ED8W 59 1000 K3DCA 59 DC 1
QSO: 21307 PH 2026-03-08 1404 ED8W 59 1000 KI5SVL 59 TX 1
QSO: 21307 PH 2026-03-08 1404 ED8W 59 1000 KM7CGI 59 AZ 1
QSO: 21307 PH 2026-03-08 1405 ED8W 59 1000 KJ4OOR 59 TN 1
QSO: 21307 PH 2026-03-08 1405 ED8W 59 1000 KQ4WKP 59 NC 1
QSO: 21307 PH 2026-03-08 1406 ED8W 59 1000 KG4BTA 59 FL 1
QSO: 21307 PH 2026-03-08 1406 ED8W 59 1000 KC9DD 59 IN 1
QSO: 21307 PH 2026-03-08 1408 ED8W 59 1000 KD7O 59 MI 1
QSO: 21307 PH 2026-03-08 1408 ED8W 59 1000 VE2AHD 59 QC 1
QSO: 21307 PH 2026-03-08 1410 ED8W 59 1000 W2OCM 59 OK 1
QSO: 28469 PH 2026-03-08 1410 ED8W 59 1000 KA3KHZ 59 DE 0
QSO: 21307 PH 2026-03-08 1410 ED8W 59 1000 AD9DU 59 IL 1
QSO: 28469 PH 2026-03-08 1411 ED8W 59 1000 KC4BB 59 AL 0
QSO: 28469 PH 2026-03-08 1411 ED8W 59 1000 KA8SMA 59 MI 0
QSO: 28469 PH 2026-03-08 1412 ED8W 59 1000 KJ5NZT 59 TX 0
QSO: 21307 PH 2026-03-08 1412 ED8W 59 1000 N4CRE 59 FL 1
QSO: 21307 PH 2026-03-08 1413 ED8W 59 1000 K3QIA 59 PA 1
QSO: 28469 PH 2026-03-08 1413 ED8W 59 1000 W1KRS 59 MA 0
QSO: 28469 PH 2026-03-08 1414 ED8W 59 1000 WA4BRX 59 MD 0
QSO: 21307 PH 2026-03-08 1415 ED8W 59 1000 KE9DLP 59 IL 1
QSO: 28469 PH 2026-03-08 1415 ED8W 59 1000 KA4WEW 59 AL 0
QSO: 21307 PH 2026-03-08 1415 ED8W 59 1000 KQ4TFJ 59 FL 1
QSO: 28469 PH 2026-03-08 1416 ED8W 59 1000 KQ4SMI 59 TN 0
QSO: 21307 PH 2026-03-08 1417 ED8W 59 1000 KE8WYY 59 MI 1
QSO: 28469 PH 2026-03-08 1417 ED8W 59 1000 WK2H 59 NY 0
QSO: 21307 PH 2026-03-08 1418 ED8W 59 1000 K2SE 59 NJ 1
QSO: 28469 PH 2026-03-08 1418 ED8W 59 1000 AC3LW 59 PA 0
QSO: 28469 PH 2026-03-08 1418 ED8W 59 1000 WA2DHG 59 OH 0
QSO: 21307 PH 2026-03-08 1418 ED8W 59 1000 KM3T 59 NH 1
QSO: 21307 PH 2026-03-08 1419 ED8W 59 1000 KE4LCF 59 NC 1
QSO: 28469 PH 2026-03-08 1419 ED8W 59 1000 KE8ZZH 59 WV 0
QSO: 21307 PH 2026-03-08 1419 ED8W 59 1000 KA8VOC 59 OH 1
QSO: 21307 PH 2026-03-08 1420 ED8W 59 1000 WA3JWP 59 PA 1
QSO: 28469 PH 2026-03-08 1420 ED8W 59 1000 KN4FTT 59 VA 0
QSO: 21307 PH 2026-03-08 1421 ED8W 59 1000 W9SUN 59 IN 1
QSO: 21307 PH 2026-03-08 1421 ED8W 59 1000 WA5SOG 59 AR 1
QSO: 28469 PH 2026-03-08 1422 ED8W 59 1000 KR4HJL 59 NC 0
QSO: 28469 PH 2026-03-08 1422 ED8W 59 1000 KE5CVM 59 TX 0
QSO: 21307 PH 2026-03-08 1422 ED8W 59 1000 KM7SAD 59 PA 1
QSO: 21307 PH 2026-03-08 1423 ED8W 59 1000 KR4HWR 59 TN 1
QSO: 21307 PH 2026-03-08 1424 ED8W 59 1000 AC3MH 59 MD 1
QSO: 28469 PH 2026-03-08 1424 ED8W 59 1000 KR4CHN 59 VA 0
QSO: 28469 PH 2026-03-08 1426 ED8W 59 1000 N5SOL 59 NM 0
QSO: 28469 PH 2026-03-08 1426 ED8W 59 1000 W9IZ 59 IN 0
QSO: 28469 PH 2026-03-08 1426 ED8W 59 1000 W5PKK 59 TX 0
QSO: 21307 PH 2026-03-08 1426 ED8W 59 1000 KK4ZTT 59 FL 1
QSO: 28469 PH 2026-03-08 1426 ED8W 59 1000 KE2EHC 59 NJ 0
QSO: 28469 PH 2026-03-08 1427 ED8W 59 1000 KD5RTR 59 AR 0
QSO: 21307 PH 2026-03-08 1427 ED8W 59 1000 KE4CMP 59 GA 1
QSO: 21307 PH 2026-03-08 1427 ED8W 59 1000 N4TL 59 NC 1
QSO: 21307 PH 2026-03-08 1427 ED8W 59 1000 NV4T 59 SC 1
QSO: 21307 PH 2026-03-08 1428 ED8W 59 1000 KD5FVZ 59 TX 1
QSO: 28469 PH 2026-03-08 1428 ED8W 59 1000 WA4GQJ 59 FL 0
QSO: 28469 PH 2026-03-08 1429 ED8W 59 1000 K8UKY 59 OH 0
QSO: 21307 PH 2026-03-08 1429 ED8W 59 1000 W4UYE 59 GA 1
QSO: 21307 PH 2026-03-08 1430 ED8W 59 1000 WB3EML 59 PA 1
QSO: 28469 PH 2026-03-08 1430 ED8W 59 1000 K2TRM 59 NJ 0
QSO: 28469 PH 2026-03-08 1430 ED8W 59 1000 N0EO 59 MN 0
QSO: 28469 PH 2026-03-08 1430 ED8W 59 1000 AD5QU 59 TX 0
QSO: 28469 PH 2026-03-08 1431 ED8W 59 1000 KB7MLK 59 TX 0
QSO: 21307 PH 2026-03-08 1431 ED8W 59 1000 WB6JUI 59 CA 1
QSO: 28469 PH 2026-03-08 1431 ED8W 59 1000 K4HUD 59 VA 0
QSO: 28469 PH 2026-03-08 1431 ED8W 59 1000 AA8WQ 59 OH 0
QSO: 21307 PH 2026-03-08 1432 ED8W 59 1000 K4RFK 59 GA 1
QSO: 28469 PH 2026-03-08 1432 ED8W 59 1000 NS4X 59 TN 0
QSO: 21307 PH 2026-03-08 1433 ED8W 59 1000 KI5KLM 59 OK 1
QSO: 21307 PH 2026-03-08 1433 ED8W 59 1000 KM4GX 59 FL 1
QSO: 28469 PH 2026-03-08 1433 ED8W 59 1000 KB4CAU 59 VA 0
QSO: 28469 PH 2026-03-08 1434 ED8W 59 1000 K3BHX 59 PA 0
QSO: 21307 PH 2026-03-08 1434 ED8W 59 1000 KD8NKY 59 OH 1
QSO: 21307 PH 2026-03-08 1434 ED8W 59 1000 W8DLW 59 MI 1
QSO: 21307 PH 2026-03-08 1436 ED8W 59 1000 KD4YHE 59 KY 1
QSO: 28469 PH 2026-03-08 1436 ED8W 59 1000 WX8S 59 OH 0
QSO: 21307 PH 2026-03-08 1436 ED8W 59 1000 KC4WW 59 NC 1
QSO: 21307 PH 2026-03-08 1436 ED8W 59 1000 K2PS 59 FL 1
QSO: 28469 PH 2026-03-08 1437 ED8W 59 1000 KE8QMX 59 OH 0
QSO: 28469 PH 2026-03-08 1438 ED8W 59 1000 K5TDV 59 TX 0
QSO: 21307 PH 2026-03-08 1438 ED8W 59 1000 W3ALG 59 PA 1
QSO: 21307 PH 2026-03-08 1439 ED8W 59 1000 KL7YK 59 TX 1
QSO: 28469 PH 2026-03-08 1439 ED8W 59 1000 AI5SM 59 NC 0
QSO: 28469 PH 2026-03-08 1439 ED8W 59 1000 KE8DEW 59 WV 0
QSO: 21307 PH 2026-03-08 1440 ED8W 59 1000 KY4FM 59 VA 1
QSO: 28469 PH 2026-03-08 1440 ED8W 59 1000 W5KWB 59 TX 0
QSO: 21307 PH 2026-03-08 1440 ED8W 59 1000 W8EDE 59 MI 1
QSO: 28469 PH 2026-03-08 1440 ED8W 59 1000 KY4RQ 59 VA 0
QSO: 21307 PH 2026-03-08 1441 ED8W 59 1000 VE3EQM 59 ON 1
QSO: 28469 PH 2026-03-08 1441 ED8W 59 1000 K2FOX 59 NJ 0
QSO: 21307 PH 2026-03-08 1441 ED8W 59 1000 N0UU 59 KS 1
QSO: 28469 PH 2026-03-08 1441 ED8W 59 1000 W8OB 59 IL 0
QSO: 28469 PH 2026-03-08 1441 ED8W 59 1000 WM5M 59 TX 0
QSO: 28469 PH 2026-03-08 1442 ED8W 59 1000 W3KN 59 MD 0
QSO: 28469 PH 2026-03-08 1442 ED8W 59 1000 W3RJ 59 PA 0
QSO: 28469 PH 2026-03-08 1442 ED8W 59 1000 KD8WCJ 59 OH 0
QSO: 28469 PH 2026-03-08 1442 ED8W 59 1000 W8WJG 59 MI 0
QSO: 21305 PH 2026-03-08 1443 ED8W 59 1000 K4RU 59 FL 1
QSO: 28469 PH 2026-03-08 1443 ED8W 59 1000 KD2FBA 59 NY 0
QSO: 28469 PH 2026-03-08 1443 ED8W 59 1000 K9RCZ 59 IL 0
QSO: 28469 PH 2026-03-08 1443 ED8W 59 1000 KA5CJJ 59 TX 0
QSO: 21305 PH 2026-03-08 1444 ED8W 59 1000 K2MYQ 59 FL 1
QSO: 21305 PH 2026-03-08 1444 ED8W 59 1000 KJ3I 59 PA 1
QSO: 28469 PH 2026-03-08 1445 ED8W 59 1000 K4MI 59 VA 0
QSO: 28469 PH 2026-03-08 1446 ED8W 59 1000 W3LZ 59 WI 0
QSO: 28469 PH 2026-03-08 1446 ED8W 59 1000 KE1IH 59 NY 0
QSO: 28469 PH 2026-03-08 1448 ED8W 59 1000 K4BTR 59 KY 0
QSO: 28469 PH 2026-03-08 1448 ED8W 59 1000 WB8TDG 59 OH 0
QSO: 28469 PH 2026-03-08 1448 ED8W 59 1000 WD9CIR 59 IL 0
QSO: 28469 PH 2026-03-08 1450 ED8W 59 1000 K2UU 59 NY 0
QSO: 21305 PH 2026-03-08 1450 ED8W 59 1000 N6MU 59 CA 1
QSO: 28469 PH 2026-03-08 1450 ED8W 59 1000 KN4KG 59 FL 0
QSO: 21305 PH 2026-03-08 1450 ED8W 59 1000 KA9CKI 59 KY 1
QSO: 28469 PH 2026-03-08 1451 ED8W 59 1000 AA5AH 59 TX 0
QSO: 28469 PH 2026-03-08 1451 ED8W 59 1000 KI5TEB 59 TX 0
QSO: 21305 PH 2026-03-08 1451 ED8W 59 1000 KS4X 59 TN 1
QSO: 21305 PH 2026-03-08 1453 ED8W 59 1000 KE8WA 59 OH 1
QSO: 28469 PH 2026-03-08 1453 ED8W 59 1000 WA7NB 59 AZ 0
QSO: 21305 PH 2026-03-08 1453 ED8W 59 1000 N2AXX 59 NJ 1
QSO: 28469 PH 2026-03-08 1454 ED8W 59 1000 ND4Y 59 KY 0
QSO: 28469 PH 2026-03-08 1454 ED8W 59 1000 K5NB 59 TX 0
QSO: 28469 PH 2026-03-08 1454 ED8W 59 1000 NW5Q 59 TX 0
QSO: 21305 PH 2026-03-08 1455 ED8W 59 1000 K0LU 59 ND 1
QSO: 21305 PH 2026-03-08 1455 ED8W 59 1000 VY2MG 59 PE 1
QSO: 28469 PH 2026-03-08 1456 ED8W 59 1000 K7WAX 59 AR 0
QSO: 28469 PH 2026-03-08 1456 ED8W 59 1000 K2RET 59 NJ 0
QSO: 21305 PH 2026-03-08 1456 ED8W 59 1000 K8DX 59 MI 1
QSO: 28469 PH 2026-03-08 1457 ED8W 59 1000 W9MDH 59 TN 0
QSO: 28469 PH 2026-03-08 1457 ED8W 59 1000 N9EP 59 IL 0
QSO: 28469 PH 2026-03-08 1458 ED8W 59 1000 KG4W 59 VA 0
QSO: 21305 PH 2026-03-08 1458 ED8W 59 1000 W4NZY 59 FL 1
QSO: 28469 PH 2026-03-08 1459 ED8W 59 1000 KK4PJ 59 FL 0
QSO: 28469 PH 2026-03-08 1459 ED8W 59 1000 W2AIV 59 FL 0
QSO: 28469 PH 2026-03-08 1459 ED8W 59 1000 N8JE 59 OH 0
QSO: 28469 PH 2026-03-08 1500 ED8W 59 1000 KF8ESW 59 OH 0
QSO: 21305 PH 2026-03-08 1500 ED8W 59 1000 KE2DVU 59 FL 1
QSO: 28469 PH 2026-03-08 1500 ED8W 59 1000 K2PS 59 FL 0
QSO: 21305 PH 2026-03-08 1501 ED8W 59 1000 VA3TMG 59 ON 1
QSO: 21305 PH 2026-03-08 1501 ED8W 59 1000 K8AZ 59 OH 1
QSO: 21305 PH 2026-03-08 1502 ED8W 59 1000 KN4YCK 59 NC 1
QSO: 21305 PH 2026-03-08 1502 ED8W 59 1000 K3WU 59 PA 1
QSO: 28469 PH 2026-03-08 1502 ED8W 59 1000 WW4DUB 59 NC 0
QSO: 21305 PH 2026-03-08 1502 ED8W 59 1000 W9VPR 59 SC 1
QSO: 28469 PH 2026-03-08 1504 ED8W 59 1000 KJ5IDQ 59 LA 0
QSO: 21305 PH 2026-03-08 1504 ED8W 59 1000 W9ARO 59 FL 1
QSO: 21305 PH 2026-03-08 1504 ED8W 59 1000 W1AJT 59 NC 1
QSO: 28469 PH 2026-03-08 1505 ED8W 59 1000 K4RLX 59 FL 0
QSO: 21305 PH 2026-03-08 1505 ED8W 59 1000 AI5SM 59 NC 1
QSO: 21305 PH 2026-03-08 1505 ED8W 59 1000 W3OA 59 NC 1
QSO: 21305 PH 2026-03-08 1505 ED8W 59 1000 K3EWZ 59 PA 1
QSO: 28469 PH 2026-03-08 1505 ED8W 59 1000 KQ4MTF 59 FL 0
QSO: 21305 PH 2026-03-08 1506 ED8W 59 1000 W4SDX 59 TN 1
QSO: 28469 PH 2026-03-08 1506 ED8W 59 1000 NN9DD 59 GA 0
QSO: 28469 PH 2026-03-08 1506 ED8W 59 1000 KF5KWO 59 TX 0
QSO: 28469 PH 2026-03-08 1508 ED8W 59 1000 KR4AFM 59 AL 0
QSO: 28469 PH 2026-03-08 1508 ED8W 59 1000 KJ5GCH 59 TX 0
QSO: 28469 PH 2026-03-08 1510 ED8W 59 1000 KQ4MOS 59 TN 0
QSO: 21305 PH 2026-03-08 1510 ED8W 59 1000 N4GU 59 NC 1
QSO: 28469 PH 2026-03-08 1511 ED8W 59 1000 WB9VGO 59 IL 0
QSO: 28469 PH 2026-03-08 1511 ED8W 59 1000 KA8RAB 59 WV 0
QSO: 21305 PH 2026-03-08 1512 ED8W 59 1000 W7RMX 59 ID 1
QSO: 28469 PH 2026-03-08 1512 ED8W 59 1000 KG5VLT 59 LA 0
QSO: 28469 PH 2026-03-08 1513 ED8W 59 1000 KE9CDM 59 IL 0
QSO: 28469 PH 2026-03-08 1513 ED8W 59 1000 N4AQ 59 SC 0
QSO: 28469 PH 2026-03-08 1514 ED8W 59 1000 NE5IL 59 TX 0
QSO: 21305 PH 2026-03-08 1514 ED8W 59 1000 W9YKR 59 WI 1
QSO: 28469 PH 2026-03-08 1514 ED8W 59 1000 N8XGS 59 MI 0
QSO: 28469 PH 2026-03-08 1514 ED8W 59 1000 KR4CCY 59 NC 0
QSO: 28469 PH 2026-03-08 1514 ED8W 59 1000 AC8HZ 59 MI 0
QSO: 21305 PH 2026-03-08 1514 ED8W 59 1000 N8TW 59 MI 1
QSO: 28469 PH 2026-03-08 1514 ED8W 59 1000 K4MOD 59 FL 0
QSO: 28469 PH 2026-03-08 1515 ED8W 59 1000 W9DH 59 IL 0
QSO: 21305 PH 2026-03-08 1515 ED8W 59 1000 N3AEG 59 MD 1
QSO: 28469 PH 2026-03-08 1515 ED8W 59 1000 KN4UTJ 59 GA 0
QSO: 28469 PH 2026-03-08 1516 ED8W 59 1000 KB5UTS 59 TX 0
QSO: 21305 PH 2026-03-08 1516 ED8W 59 1000 ND1M 59 CT 1
QSO: 21305 PH 2026-03-08 1518 ED8W 59 1000 KO4KJD 59 FL 1
QSO: 21305 PH 2026-03-08 1518 ED8W 59 1000 N3TCR 59 MD 1
QSO: 28469 PH 2026-03-08 1518 ED8W 59 1000 W2DB 59 TX 0
QSO: 28469 PH 2026-03-08 1519 ED8W 59 1000 KG5YEL 59 TX 0
QSO: 21305 PH 2026-03-08 1519 ED8W 59 1000 W2QFV 59 MD 1
QSO: 28469 PH 2026-03-08 1520 ED8W 59 1000 W8WA 59 MI 0
QSO: 21305 PH 2026-03-08 1520 ED8W 59 1000 KA4ACE 59 SC 1
QSO: 28469 PH 2026-03-08 1520 ED8W 59 1000 NK9G 59 WI 0
QSO: 21305 PH 2026-03-08 1520 ED8W 59 1000 KC8UHS 59 MI 1
QSO: 21305 PH 2026-03-08 1521 ED8W 59 1000 AI0Y 59 ND 1
QSO: 28469 PH 2026-03-08 1521 ED8W 59 1000 W9SUN 59 IN 0
QSO: 28469 PH 2026-03-08 1522 ED8W 59 1000 KQ4VFM 59 NC 0
QSO: 28469 PH 2026-03-08 1522 ED8W 59 1000 N7WY 59 MO 0
QSO: 28469 PH 2026-03-08 1522 ED8W 59 1000 KE9ZZ 59 IL 0
QSO: 21305 PH 2026-03-08 1522 ED8W 59 1000 W8JDP 59 OH 1
QSO: 28469 PH 2026-03-08 1522 ED8W 59 1000 N1ZN 59 CT 0
QSO: 28469 PH 2026-03-08 1523 ED8W 59 1000 WA2PYX 59 FL 0
QSO: 28469 PH 2026-03-08 1523 ED8W 59 1000 KE9DZY 59 IL 0
QSO: 28469 PH 2026-03-08 1524 ED8W 59 1000 KQ4RWN 59 AL 0
QSO: 28469 PH 2026-03-08 1524 ED8W 59 1000 K4IRI 59 WV 0
QSO: 28469 PH 2026-03-08 1524 ED8W 59 1000 W9GOL 59 FL 0
QSO: 28469 PH 2026-03-08 1524 ED8W 59 1000 VA3EE 59 ON 0
QSO: 21305 PH 2026-03-08 1524 ED8W 59 1000 N9EP 59 IL 1
QSO: 28469 PH 2026-03-08 1525 ED8W 59 1000 NY8K 59 KY 0
QSO: 28469 PH 2026-03-08 1528 ED8W 59 1000 W0PI 59 MN 0
QSO: 28469 PH 2026-03-08 1528 ED8W 59 1000 KF8FNO 59 OH 0
QSO: 28469 PH 2026-03-08 1529 ED8W 59 1000 KR4HAC 59 TN 0
QSO: 28469 PH 2026-03-08 1529 ED8W 59 1000 KF5UP 59 TX 0
QSO: 28469 PH 2026-03-08 1530 ED8W 59 1000 N4RAT 59 FL 0
QSO: 14302 PH 2026-03-08 1530 ED8W 59 1000 EA7LL 59 11 1
QSO: 28469 PH 2026-03-08 1531 ED8W 59 1000 KN4PYF 59 NC 0
QSO: 28469 PH 2026-03-08 1532 ED8W 59 1000 N9ARX 59 NE 0
QSO: 28469 PH 2026-03-08 1532 ED8W 59 1000 KR4HJT 59 FL 0
QSO: 28469 PH 2026-03-08 1533 ED8W 59 1000 K4BDX 59 NC 0
QSO: 21262 PH 2026-03-08 1533 ED8W 59 1000 AB1XQ 59 VT 1
QSO: 28469 PH 2026-03-08 1533 ED8W 59 1000 W9JAB 59 AR 0
QSO: 21262 PH 2026-03-08 1534 ED8W 59 1000 WB4MSN 59 TN 1
QSO: 21262 PH 2026-03-08 1534 ED8W 59 1000 VY2DS 59 PE 1
QSO: 28469 PH 2026-03-08 1534 ED8W 59 1000 KE4WVK 59 AL 0
QSO: 28469 PH 2026-03-08 1534 ED8W 59 1000 N8PEP 59 FL 0
QSO: 21262 PH 2026-03-08 1535 ED8W 59 1000 WB0YXH 59 NE 1
QSO: 21262 PH 2026-03-08 1535 ED8W 59 1000 KB4CAU 59 VA 1
QSO: 21262 PH 2026-03-08 1535 ED8W 59 1000 K2SD 59 NC 1
QSO: 28469 PH 2026-03-08 1535 ED8W 59 1000 W5ZR 59 LA 0
QSO: 28469 PH 2026-03-08 1536 ED8W 59 1000 KR4KHV 59 FL 0
QSO: 21262 PH 2026-03-08 1538 ED8W 59 1000 N5IIT 59 MD 1
QSO: 28469 PH 2026-03-08 1539 ED8W 59 1000 KZ2I 59 NJ 0
QSO: 21262 PH 2026-03-08 1539 ED8W 59 1000 KE6HXF 59 CA 1
QSO: 28469 PH 2026-03-08 1539 ED8W 59 1000 K5ADR 59 FL 0
QSO: 21262 PH 2026-03-08 1539 ED8W 59 1000 KB5VBQ 59 AZ 1
QSO: 21262 PH 2026-03-08 1540 ED8W 59 1000 WA8YVF 59 NC 1
QSO: 21262 PH 2026-03-08 1541 ED8W 59 1000 WA0SHK 59 IA 1
QSO: 28469 PH 2026-03-08 1542 ED8W 59 1000 KG6TAD 59 CA 0
QSO: 21262 PH 2026-03-08 1542 ED8W 59 1000 WB8TDG 59 OH 1
QSO: 28469 PH 2026-03-08 1543 ED8W 59 1000 NR4O 59 NC 0
QSO: 21262 PH 2026-03-08 1543 ED8W 59 1000 K9QEW 59 IL 1
QSO: 28469 PH 2026-03-08 1543 ED8W 59 1000 KQ4WKP 59 NC 0
QSO: 21262 PH 2026-03-08 1543 ED8W 59 1000 W2TMO 59 NY 1
QSO: 21262 PH 2026-03-08 1544 ED8W 59 1000 AI1G 59 MA 1
QSO: 21262 PH 2026-03-08 1544 ED8W 59 1000 N8GFD 59 OH 1
QSO: 28469 PH 2026-03-08 1544 ED8W 59 1000 W4DQ 59 FL 0
QSO: 21262 PH 2026-03-08 1544 ED8W 59 1000 K7MJF 59 UT 1
QSO: 28469 PH 2026-03-08 1545 ED8W 59 1000 N6NT 59 NC 0
QSO: 28469 PH 2026-03-08 1545 ED8W 59 1000 W4LT 59 FL 0
QSO: 21262 PH 2026-03-08 1546 ED8W 59 1000 VE3UIQ 59 ON 1
QSO: 28469 PH 2026-03-08 1546 ED8W 59 1000 VE5MX 59 SK 0
QSO: 28469 PH 2026-03-08 1547 ED8W 59 1000 K3RL 59 PA 0
QSO: 21262 PH 2026-03-08 1547 ED8W 59 1000 KC1VZH 59 MA 1
QSO: 28469 PH 2026-03-08 1547 ED8W 59 1000 N0HJZ 59 MN 0
QSO: 28469 PH 2026-03-08 1548 ED8W 59 1000 KB2QCJ 59 NJ 0
QSO: 28469 PH 2026-03-08 1548 ED8W 59 1000 K3AU 59 MD 0
QSO: 28469 PH 2026-03-08 1549 ED8W 59 1000 AD5CA 59 TX 0
QSO: 28469 PH 2026-03-08 1549 ED8W 59 1000 K5KU 59 LA 0
QSO: 21262 PH 2026-03-08 1549 ED8W 59 1000 W0PZ 59 CA 1
QSO: 28469 PH 2026-03-08 1551 ED8W 59 1000 KC9MOL 59 IL 0
QSO: 28469 PH 2026-03-08 1551 ED8W 59 1000 W2ACY 59 TX 0
QSO: 28469 PH 2026-03-08 1551 ED8W 59 1000 AD9BK 59 IL 0
QSO: 28469 PH 2026-03-08 1552 ED8W 59 1000 VO1TH 59 NF 0
QSO: 28469 PH 2026-03-08 1552 ED8W 59 1000 K0GWW 59 CA 0
QSO: 21262 PH 2026-03-08 1553 ED8W 59 1000 KC2QJB 59 NJ 1
QSO: 21262 PH 2026-03-08 1553 ED8W 59 1000 VE1AFY 59 NB 1
QSO: 28469 PH 2026-03-08 1554 ED8W 59 1000 N6DW 59 VA 0
QSO: 28469 PH 2026-03-08 1554 ED8W 59 1000 KC8CTA 59 OH 0
QSO: 28469 PH 2026-03-08 1555 ED8W 59 1000 K0SV 59 MS 0
QSO: 21262 PH 2026-03-08 1555 ED8W 59 1000 N6REK 59 CA 1
QSO: 28469 PH 2026-03-08 1555 ED8W 59 1000 KE8PYE 59 OH 0
QSO: 28469 PH 2026-03-08 1556 ED8W 59 1000 KD5CT 59 TX 0
QSO: 21262 PH 2026-03-08 1556 ED8W 59 1000 KJ5ISB 59 AR 1
QSO: 28469 PH 2026-03-08 1556 ED8W 59 1000 N5IH 59 OK 0
QSO: 28469 PH 2026-03-08 1556 ED8W 59 1000 KE8WA 59 OH 0
QSO: 21262 PH 2026-03-08 1556 ED8W 59 1000 N7LD 59 NV 1
QSO: 28469 PH 2026-03-08 1556 ED8W 59 1000 K7FWP 59 AZ 0
QSO: 21262 PH 2026-03-08 1557 ED8W 59 1000 KA6JAR 59 CA 1
QSO: 28469 PH 2026-03-08 1557 ED8W 59 1000 KJ5CQC 59 TX 0
QSO: 21262 PH 2026-03-08 1557 ED8W 59 1000 K9MA 59 WI 1
QSO: 21262 PH 2026-03-08 1557 ED8W 59 1000 KK4PJ 59 FL 1
QSO: 28469 PH 2026-03-08 1557 ED8W 59 1000 K3LKS 59 TX 0
QSO: 21262 PH 2026-03-08 1557 ED8W 59 1000 VE6BBP 59 AB 1
QSO: 28469 PH 2026-03-08 1557 ED8W 59 1000 N4BOS 59 TX 0
QSO: 21262 PH 2026-03-08 1558 ED8W 59 1000 W7GSD 59 AZ 1
QSO: 21262 PH 2026-03-08 1558 ED8W 59 1000 KA5PNX 59 NE 1
QSO: 28469 PH 2026-03-08 1558 ED8W 59 1000 K1BZM 59 MA 0
QSO: 21262 PH 2026-03-08 1559 ED8W 59 1000 WD0FHK 59 KS 1
QSO: 21262 PH 2026-03-08 1559 ED8W 59 1000 WB0X 59 FL 1
QSO: 28469 PH 2026-03-08 1559 ED8W 59 1000 KK3XX 59 MD 0
QSO: 28469 PH 2026-03-08 1559 ED8W 59 1000 KU8V 59 VA 0
QSO: 21262 PH 2026-03-08 1559 ED8W 59 1000 KA9W 59 IL 1
QSO: 28469 PH 2026-03-08 1600 ED8W 59 1000 WB9TFR 59 TN 0
QSO: 21262 PH 2026-03-08 1600 ED8W 59 1000 KS9Q 59 WI 1
QSO: 21262 PH 2026-03-08 1600 ED8W 59 1000 VA3TAL 59 ON 1
QSO: 28469 PH 2026-03-08 1600 ED8W 59 1000 N4TNA 59 KY 0
QSO: 28469 PH 2026-03-08 1602 ED8W 59 1000 KJ5OER 59 TX 0
QSO: 28469 PH 2026-03-08 1602 ED8W 59 1000 W4CRV 59 TN 0
QSO: 28469 PH 2026-03-08 1602 ED8W 59 1000 NW8Y 59 MI 0
QSO: 28469 PH 2026-03-08 1602 ED8W 59 1000 KC8UHS 59 MI 0
QSO: 21262 PH 2026-03-08 1604 ED8W 59 1000 WA2RF 59 NY 1
QSO: 21262 PH 2026-03-08 1604 ED8W 59 1000 WW4LL 59 GA 1
QSO: 28469 PH 2026-03-08 1604 ED8W 59 1000 KR4APU 59 NC 0
QSO: 28469 PH 2026-03-08 1605 ED8W 59 1000 ND1M 59 CT 0
QSO: 28469 PH 2026-03-08 1605 ED8W 59 1000 N3IXC 59 PA 0
QSO: 21262 PH 2026-03-08 1605 ED8W 59 1000 WA0SHK 59 IA 1
QSO: 28469 PH 2026-03-08 1606 ED8W 59 1000 KR4IWB 59 GA 0
QSO: 28469 PH 2026-03-08 1606 ED8W 59 1000 N8BZN 59 MI 0
QSO: 28469 PH 2026-03-08 1606 ED8W 59 1000 KC9HYY 59 WI 0
QSO: 21262 PH 2026-03-08 1606 ED8W 59 1000 W4VIC 59 VA 1
QSO: 21262 PH 2026-03-08 1607 ED8W 59 1000 K9MA 59 WI 1
QSO: 21262 PH 2026-03-08 1607 ED8W 59 1000 WE8RV 59 AZ 1
QSO: 21262 PH 2026-03-08 1608 ED8W 59 1000 W7YTF 59 ID 1
QSO: 21262 PH 2026-03-08 1608 ED8W 59 1000 K3NRX 59 PA 1
QSO: 21262 PH 2026-03-08 1608 ED8W 59 1000 K8YJ 59 OH 1
QSO: 28469 PH 2026-03-08 1610 ED8W 59 1000 N7UKD 59 AZ 0
QSO: 21262 PH 2026-03-08 1610 ED8W 59 1000 W3DF 59 MD 1
QSO: 28469 PH 2026-03-08 1610 ED8W 59 1000 KF8BTH 59 OH 0
QSO: 28469 PH 2026-03-08 1610 ED8W 59 1000 W8MAF 59 MI 0
QSO: 28469 PH 2026-03-08 1611 ED8W 59 1000 KI8AN 59 MI 0
QSO: 21262 PH 2026-03-08 1611 ED8W 59 1000 WZ8T 59 WA 1
QSO: 28469 PH 2026-03-08 1612 ED8W 59 1000 NU0L 59 AZ 0
QSO: 28469 PH 2026-03-08 1613 ED8W 59 1000 WB9RVI 59 IL 0
QSO: 21262 PH 2026-03-08 1613 ED8W 59 1000 AD5CA 59 TX 1
QSO: 21262 PH 2026-03-08 1613 ED8W 59 1000 WA9FZQ 59 WI 1
QSO: 28469 PH 2026-03-08 1614 ED8W 59 1000 WB6ARO 59 TN 0
QSO: 21262 PH 2026-03-08 1614 ED8W 59 1000 K9ELF 59 IN 1
QSO: 28469 PH 2026-03-08 1615 ED8W 59 1000 KC8YJB 59 OH 0
QSO: 21262 PH 2026-03-08 1616 ED8W 59 1000 K7FWP 59 AZ 1
QSO: 28469 PH 2026-03-08 1616 ED8W 59 1000 W1JGM 59 CT 0
QSO: 28469 PH 2026-03-08 1616 ED8W 59 1000 W3OA 59 NC 0
QSO: 28469 PH 2026-03-08 1616 ED8W 59 1000 K5WZS 59 TX 0
QSO: 28469 PH 2026-03-08 1617 ED8W 59 1000 W7PV 59 AZ 0
QSO: 21262 PH 2026-03-08 1617 ED8W 59 1000 K6US 59 CA 1
QSO: 28469 PH 2026-03-08 1617 ED8W 59 1000 K5TXJ 59 TX 0
QSO: 28469 PH 2026-03-08 1617 ED8W 59 1000 KW4GF 59 VA 0
QSO: 28469 PH 2026-03-08 1617 ED8W 59 1000 KS4X 59 TN 0
QSO: 28469 PH 2026-03-08 1618 ED8W 59 1000 K4UBT 59 FL 0
QSO: 28469 PH 2026-03-08 1619 ED8W 59 1000 W8ALP 59 MI 0
QSO: 21262 PH 2026-03-08 1619 ED8W 59 1000 AF2SC 59 NY 1
QSO: 21262 PH 2026-03-08 1619 ED8W 59 1000 KM4SK 59 VA 1
QSO: 21262 PH 2026-03-08 1620 ED8W 59 1000 VE3MYO 59 ON 1
QSO: 28469 PH 2026-03-08 1620 ED8W 59 1000 N1FFR 59 CT 0
QSO: 28469 PH 2026-03-08 1620 ED8W 59 1000 KD3CGE 59 PA 0
QSO: 28469 PH 2026-03-08 1620 ED8W 59 1000 VA3UX 59 ON 0
QSO: 28469 PH 2026-03-08 1620 ED8W 59 1000 KF3EB 59 PA 0
QSO: 28469 PH 2026-03-08 1621 ED8W 59 1000 N1ECT 59 RI 0
QSO: 28469 PH 2026-03-08 1621 ED8W 59 1000 W1EYZ 59 MA 0
QSO: 28469 PH 2026-03-08 1621 ED8W 59 1000 W0BF 59 AZ 0
QSO: 28469 PH 2026-03-08 1621 ED8W 59 1000 W3ZZE 59 PA 0
QSO: 21262 PH 2026-03-08 1622 ED8W 59 1000 N7AUE 59 NV 1
QSO: 28469 PH 2026-03-08 1622 ED8W 59 1000 WB4CS 59 AL 0
QSO: 21262 PH 2026-03-08 1622 ED8W 59 1000 N2OO 59 NJ 1
QSO: 28469 PH 2026-03-08 1622 ED8W 59 1000 N9NE 59 WI 0
QSO: 28469 PH 2026-03-08 1623 ED8W 59 1000 AE4JC 59 AL 0
QSO: 21262 PH 2026-03-08 1623 ED8W 59 1000 WV1DX 59 VT 1
QSO: 28469 PH 2026-03-08 1623 ED8W 59 1000 W2RAF 59 NJ 0
QSO: 21262 PH 2026-03-08 1623 ED8W 59 1000 N1WR 59 VA 1
QSO: 28469 PH 2026-03-08 1624 ED8W 59 1000 KD2VRZ 59 NY 0
QSO: 28469 PH 2026-03-08 1624 ED8W 59 1000 W3WTW 59 PA 0
QSO: 28469 PH 2026-03-08 1624 ED8W 59 1000 KO4BWN 59 GA 0
QSO: 21262 PH 2026-03-08 1625 ED8W 59 1000 N2EZY 59 NY 1
QSO: 28469 PH 2026-03-08 1625 ED8W 59 1000 W7CEJ 59 UT 0
QSO: 28469 PH 2026-03-08 1625 ED8W 59 1000 VE3JZT 59 ON 0
QSO: 28469 PH 2026-03-08 1625 ED8W 59 1000 KB5WSJ 59 TX 0
QSO: 28469 PH 2026-03-08 1625 ED8W 59 1000 W9KSB 59 OH 0
QSO: 21262 PH 2026-03-08 1626 ED8W 59 1000 KB3RN 59 PA 1
QSO: 28469 PH 2026-03-08 1626 ED8W 59 1000 KD8TO 59 OH 0
QSO: 28469 PH 2026-03-08 1626 ED8W 59 1000 VA3LR 59 ON 0
QSO: 28469 PH 2026-03-08 1626 ED8W 59 1000 AE4GW 59 TN 0
QSO: 21262 PH 2026-03-08 1626 ED8W 59 1000 VE7TT 59 BC 1
QSO: 28469 PH 2026-03-08 1626 ED8W 59 1000 W3EGW 59 PA 0
QSO: 21262 PH 2026-03-08 1627 ED8W 59 1000 KK4R 59 VA 1
QSO: 28469 PH 2026-03-08 1627 ED8W 59 1000 K1GMS 59 NH 0
QSO: 28469 PH 2026-03-08 1627 ED8W 59 1000 K0CLW 59 KS 0
QSO: 28469 PH 2026-03-08 1628 ED8W 59 1000 WA0CIE 59 DE 0
QSO: 21262 PH 2026-03-08 1628 ED8W 59 1000 KO4FX 59 TN 1
QSO: 28469 PH 2026-03-08 1628 ED8W 59 1000 WK5F 59 OK 0
QSO: 21262 PH 2026-03-08 1628 ED8W 59 1000 VO1GU 59 NF 1
QSO: 21262 PH 2026-03-08 1628 ED8W 59 1000 N3TU 59 DE 1
QSO: 28469 PH 2026-03-08 1629 ED8W 59 1000 N4JOW 59 VA 0
QSO: 28469 PH 2026-03-08 1629 ED8W 59 1000 N5SMO 59 TX 0
QSO: 28469 PH 2026-03-08 1629 ED8W 59 1000 W8STU 59 OH 0
QSO: 21262 PH 2026-03-08 1629 ED8W 59 1000 N0QLT 59 MO 1
QSO: 28469 PH 2026-03-08 1630 ED8W 59 1000 KB3CYP 59 PA 0
QSO: 28469 PH 2026-03-08 1630 ED8W 59 1000 WD8KLL 59 MI 0
QSO: 21262 PH 2026-03-08 1630 ED8W 59 1000 VE4DL 59 MB 1
QSO: 21262 PH 2026-03-08 1631 ED8W 59 1000 N3GTG 59 VA 1
QSO: 28469 PH 2026-03-08 1631 ED8W 59 1000 WB2PJH 59 NJ 0
QSO: 21262 PH 2026-03-08 1631 ED8W 59 1000 K5TXJ 59 TX 1
QSO: 21262 PH 2026-03-08 1631 ED8W 59 1000 KN4FKS 59 GA 1
QSO: 21262 PH 2026-03-08 1631 ED8W 59 1000 W1RM 59 CT 1
QSO: 28469 PH 2026-03-08 1632 ED8W 59 1000 W2TMO 59 NY 0
QSO: 21262 PH 2026-03-08 1632 ED8W 59 1000 N2GC 59 NY 1
QSO: 28469 PH 2026-03-08 1632 ED8W 59 1000 KE2FLO 59 NY 0
QSO: 28469 PH 2026-03-08 1633 ED8W 59 1000 K2CSX 59 NY 0
QSO: 21262 PH 2026-03-08 1633 ED8W 59 1000 KB4LCT 59 NC 1
QSO: 28469 PH 2026-03-08 1633 ED8W 59 1000 KR4DSL 59 AL 0
QSO: 28469 PH 2026-03-08 1634 ED8W 59 1000 K4XXX 59 VA 0
QSO: 28469 PH 2026-03-08 1634 ED8W 59 1000 KQ4YEX 59 AL 0
QSO: 21262 PH 2026-03-08 1634 ED8W 59 1000 W0IKW 59 SD 1
QSO: 28469 PH 2026-03-08 1634 ED8W 59 1000 KD3CGE 59 PA 0
QSO: 21262 PH 2026-03-08 1634 ED8W 59 1000 KW2R 59 NJ 1
QSO: 21262 PH 2026-03-08 1635 ED8W 59 1000 W2CDO 59 MD 1
QSO: 21262 PH 2026-03-08 1635 ED8W 59 1000 W2ECK 59 GA 1
QSO: 28469 PH 2026-03-08 1635 ED8W 59 1000 W4VIC 59 VA 0
QSO: 28469 PH 2026-03-08 1636 ED8W 59 1000 W4/WH6GPU 59 AL 0
QSO: 21262 PH 2026-03-08 1636 ED8W 59 1000 W1JS 59 NH 1
QSO: 28469 PH 2026-03-08 1637 ED8W 59 1000 KB8YYE 59 MI 0
QSO: 28469 PH 2026-03-08 1639 ED8W 59 1000 KD1GMV 59 ME 0
QSO: 28469 PH 2026-03-08 1639 ED8W 59 1000 K2TJP 59 NY 0
QSO: 21262 PH 2026-03-08 1639 ED8W 59 1000 W1AST 59 MA 1
QSO: 28469 PH 2026-03-08 1639 ED8W 59 1000 W5HOU 59 TX 0
QSO: 21262 PH 2026-03-08 1640 ED8W 59 1000 W1RAN 59 CT 1
QSO: 28469 PH 2026-03-08 1640 ED8W 59 1000 N3UA 59 VA 0
QSO: 21262 PH 2026-03-08 1640 ED8W 59 1000 KO0Z 59 MO 1
QSO: 28469 PH 2026-03-08 1640 ED8W 59 1000 WB2AMN 59 FL 0
QSO: 28469 PH 2026-03-08 1640 ED8W 59 1000 WA1LAD 59 RI 0
QSO: 21262 PH 2026-03-08 1641 ED8W 59 1000 K5LJ 59 TX 1
QSO: 28469 PH 2026-03-08 1641 ED8W 59 1000 K3VYJ 59 PA 0
QSO: 21262 PH 2026-03-08 1641 ED8W 59 1000 WB4Y 59 NC 1
QSO: 21262 PH 2026-03-08 1641 ED8W 59 1000 VE2FXL 59 QC 1
QSO: 28469 PH 2026-03-08 1642 ED8W 59 1000 K6PUD 59 CA 0
QSO: 28469 PH 2026-03-08 1642 ED8W 59 1000 K8AM 59 OH 0
QSO: 28469 PH 2026-03-08 1643 ED8W 59 1000 KE9CNH 59 IN 0
QSO: 21262 PH 2026-03-08 1644 ED8W 59 1000 N9ARX 59 NE 1
QSO: 21262 PH 2026-03-08 1644 ED8W 59 1000 KF3EB 59 PA 1
QSO: 28469 PH 2026-03-08 1644 ED8W 59 1000 N1XXU 59 CT 0
QSO: 21262 PH 2026-03-08 1645 ED8W 59 1000 NF2Q 59 NY 1
QSO: 28469 PH 2026-03-08 1645 ED8W 59 1000 KE8NBC 59 OH 0
QSO: 28469 PH 2026-03-08 1645 ED8W 59 1000 N1MUK 59 MA 0
QSO: 21262 PH 2026-03-08 1645 ED8W 59 1000 VE7SAR 59 BC 1
QSO: 28469 PH 2026-03-08 1645 ED8W 59 1000 N1MM 59 CT 0
QSO: 28469 PH 2026-03-08 1646 ED8W 59 1000 KD8PQQ 59 OH 0
QSO: 28469 PH 2026-03-08 1646 ED8W 59 1000 N8UKD 59 MI 0
QSO: 28469 PH 2026-03-08 1646 ED8W 59 1000 WG7B 59 AZ 0
QSO: 28469 PH 2026-03-08 1647 ED8W 59 1000 WJ8Y 59 OH 0
QSO: 21262 PH 2026-03-08 1648 ED8W 59 1000 K7RI 59 WA 1
QSO: 21262 PH 2026-03-08 1648 ED8W 59 1000 W6KH 59 CA 1
QSO: 28469 PH 2026-03-08 1648 ED8W 59 1000 K2SHN 59 AR 0
QSO: 21262 PH 2026-03-08 1649 ED8W 59 1000 K2SO 59 NY 1
QSO: 28469 PH 2026-03-08 1649 ED8W 59 1000 N5DTT 59 TX 0
QSO: 28469 PH 2026-03-08 1649 ED8W 59 1000 KB1EYU 59 CT 0
QSO: 21262 PH 2026-03-08 1649 ED8W 59 1000 W3ZZE 59 PA 1
QSO: 21262 PH 2026-03-08 1650 ED8W 59 1000 KD2RPX 59 CO 1
QSO: 28469 PH 2026-03-08 1650 ED8W 59 1000 KE2BQR 59 NJ 0
QSO: 28469 PH 2026-03-08 1651 ED8W 59 1000 KJ5JXS 59 OK 0
QSO: 28469 PH 2026-03-08 1652 ED8W 59 1000 AB2JL 59 NY 0
QSO: 21262 PH 2026-03-08 1652 ED8W 59 1000 WB5SKM 59 MS 1
QSO: 21262 PH 2026-03-08 1653 ED8W 59 1000 NR4O 59 NC 1
QSO: 28469 PH 2026-03-08 1653 ED8W 59 1000 K9KE 59 IL 0
QSO: 21262 PH 2026-03-08 1653 ED8W 59 1000 AD1L 59 MA 1
QSO: 28469 PH 2026-03-08 1653 ED8W 59 1000 WA3RGH 59 VA 0
QSO: 28469 PH 2026-03-08 1653 ED8W 59 1000 KM4JB 59 NC 0
QSO: 21262 PH 2026-03-08 1654 ED8W 59 1000 AA3NM 59 MD 1
QSO: 28469 PH 2026-03-08 1654 ED8W 59 1000 WB0RUR 59 AR 0
QSO: 28469 PH 2026-03-08 1655 ED8W 59 1000 W4TG 59 VA 0
QSO: 21262 PH 2026-03-08 1655 ED8W 59 1000 KE4HX 59 SC 1
QSO: 28469 PH 2026-03-08 1655 ED8W 59 1000 VE3ZR 59 ON 0
QSO: 21262 PH 2026-03-08 1655 ED8W 59 1000 KM2G 59 FL 1
QSO: 21262 PH 2026-03-08 1656 ED8W 59 1000 VA3CJZ 59 ON 1
QSO: 28469 PH 2026-03-08 1656 ED8W 59 1000 KQ4ZCQ 59 FL 0
QSO: 21262 PH 2026-03-08 1656 ED8W 59 1000 K3TEJ 59 PA 1
QSO: 21262 PH 2026-03-08 1657 ED8W 59 1000 K0SV 59 MS 1
QSO: 28469 PH 2026-03-08 1657 ED8W 59 1000 WA2SCB 59 FL 0
QSO: 28469 PH 2026-03-08 1657 ED8W 59 1000 KF0BFU 59 KS 0
QSO: 21262 PH 2026-03-08 1658 ED8W 59 1000 KB0ARZ 59 NE 1
QSO: 28469 PH 2026-03-08 1659 ED8W 59 1000 K2PTC 59 NY 0
QSO: 28469 PH 2026-03-08 1659 ED8W 59 1000 KD0OYC 59 CO 0
QSO: 28469 PH 2026-03-08 1659 ED8W 59 1000 N1WR 59 VA 0
QSO: 28469 PH 2026-03-08 1700 ED8W 59 1000 N9VPV 59 IL 0
QSO: 21262 PH 2026-03-08 1700 ED8W 59 1000 WO2X 59 NJ 1
QSO: 28469 PH 2026-03-08 1700 ED8W 59 1000 AA3NM 59 MD 0
QSO: 21262 PH 2026-03-08 1700 ED8W 59 1000 VE3IC 59 ON 1
QSO: 28469 PH 2026-03-08 1701 ED8W 59 1000 WM3O 59 PA 0
QSO: 21262 PH 2026-03-08 1701 ED8W 59 1000 K9HQ 59 TX 1
QSO: 28469 PH 2026-03-08 1701 ED8W 59 1000 W0LV 59 NV 0
QSO: 28469 PH 2026-03-08 1702 ED8W 59 1000 KC8WUE 59 OH 0
QSO: 21262 PH 2026-03-08 1702 ED8W 59 1000 W7KK 59 MT 1
QSO: 28469 PH 2026-03-08 1702 ED8W 59 1000 KQ4HAC 59 FL 0
QSO: 28469 PH 2026-03-08 1702 ED8W 59 1000 KK4R 59 VA 0
QSO: 28469 PH 2026-03-08 1703 ED8W 59 1000 WA9BZW 59 WI 0
QSO: 28469 PH 2026-03-08 1704 ED8W 59 1000 KA1WER 59 CT 0
QSO: 28469 PH 2026-03-08 1704 ED8W 59 1000 ND0C 59 MN 0
QSO: 28469 PH 2026-03-08 1705 ED8W 59 1000 W5RKW 59 TX 0
QSO: 21262 PH 2026-03-08 1705 ED8W 59 1000 WW4DUB 59 NC 1
QSO: 28469 PH 2026-03-08 1705 ED8W 59 1000 KA9OZP 59 IA 0
QSO: 28469 PH 2026-03-08 1705 ED8W 59 1000 N9SB 59 IL 0
QSO: 28469 PH 2026-03-08 1706 ED8W 59 1000 KC5LCA 59 TX 0
QSO: 21262 PH 2026-03-08 1706 ED8W 59 1000 KB7HDX 59 WA 1
QSO: 28469 PH 2026-03-08 1707 ED8W 59 1000 AI5QK 59 TX 0
QSO: 28469 PH 2026-03-08 1708 ED8W 59 1000 KJ5GQT 59 TX 0
QSO: 28469 PH 2026-03-08 1709 ED8W 59 1000 VE3SST 59 ON 0
QSO: 21262 PH 2026-03-08 1709 ED8W 59 1000 W5PKK 59 TX 1
QSO: 21262 PH 2026-03-08 1710 ED8W 59 1000 K1AUS 59 MT 1
QSO: 28469 PH 2026-03-08 1710 ED8W 59 1000 KR4HQE 59 NC 0
QSO: 21262 PH 2026-03-08 1710 ED8W 59 1000 WA3RGH 59 VA 1
QSO: 28469 PH 2026-03-08 1710 ED8W 59 1000 W6RO 59 CA 0
QSO: 21262 PH 2026-03-08 1710 ED8W 59 1000 KD3M 59 VA 1
QSO: 21262 PH 2026-03-08 1710 ED8W 59 1000 W1TO 59 MA 1
QSO: 28469 PH 2026-03-08 1711 ED8W 59 1000 W6WZZ 59 CA 0
QSO: 28469 PH 2026-03-08 1711 ED8W 59 1000 K8GB 59 MI 0
QSO: 28469 PH 2026-03-08 1712 ED8W 59 1000 KQ4UIH 59 VA 0
QSO: 28469 PH 2026-03-08 1712 ED8W 59 1000 N6PGQ 59 CA 0
QSO: 21262 PH 2026-03-08 1712 ED8W 59 1000 K1LK 59 MA 1
QSO: 28469 PH 2026-03-08 1713 ED8W 59 1000 W9TCV 59 FL 0
QSO: 28469 PH 2026-03-08 1713 ED8W 59 1000 W2ZJ 59 NY 0
QSO: 28469 PH 2026-03-08 1714 ED8W 59 1000 KG6BOU 59 CA 0
QSO: 28469 PH 2026-03-08 1715 ED8W 59 1000 KE2GOF 59 NY 0
QSO: 28469 PH 2026-03-08 1716 ED8W 59 1000 KZ3P 59 SC 0
QSO: 28469 PH 2026-03-08 1716 ED8W 59 1000 KQ4MNZ 59 VA 0
QSO: 28469 PH 2026-03-08 1717 ED8W 59 1000 N5CCW 59 TX 0
QSO: 28469 PH 2026-03-08 1717 ED8W 59 1000 AK4SE 59 GA 0
QSO: 28469 PH 2026-03-08 1718 ED8W 59 1000 AJ6V 59 CA 0
QSO: 28469 PH 2026-03-08 1718 ED8W 59 1000 KR4HQE 59 NC 0
QSO: 28469 PH 2026-03-08 1718 ED8W 59 1000 AD7CL 59 CO 0
QSO: 21262 PH 2026-03-08 1718 ED8W 59 1000 KB4OLY 59 FL 1
QSO: 28469 PH 2026-03-08 1720 ED8W 59 1000 K3SNO 59 PA 0
QSO: 21262 PH 2026-03-08 1720 ED8W 59 1000 WF9Y 59 IL 1
QSO: 28469 PH 2026-03-08 1720 ED8W 59 1000 KV4ZY 59 VA 0
QSO: 28469 PH 2026-03-08 1720 ED8W 59 1000 N3MWS 59 PA 0
QSO: 21262 PH 2026-03-08 1720 ED8W 59 1000 K4FYI 59 KY 1
QSO: 28469 PH 2026-03-08 1721 ED8W 59 1000 N8UOA 59 WV 0
QSO: 28469 PH 2026-03-08 1721 ED8W 59 1000 KN2D 59 FL 0
QSO: 28469 PH 2026-03-08 1721 ED8W 59 1000 K4WRW 59 SC 0
QSO: 21262 PH 2026-03-08 1721 ED8W 59 1000 AA4OO 59 NC 1
QSO: 28469 PH 2026-03-08 1722 ED8W 59 1000 WO2Y 59 NJ 0
QSO: 28469 PH 2026-03-08 1722 ED8W 59 1000 KQ4HAC 59 FL 0
QSO: 21262 PH 2026-03-08 1722 ED8W 59 1000 W6BS 59 CA 1
QSO: 28469 PH 2026-03-08 1723 ED8W 59 1000 KC1NUV 59 CT 0
QSO: 21262 PH 2026-03-08 1723 ED8W 59 1000 KE8TQR 59 OH 1
QSO: 28469 PH 2026-03-08 1723 ED8W 59 1000 KC0CT 59 CO 0
QSO: 28469 PH 2026-03-08 1724 ED8W 59 1000 KI5RK 59 TX 0
QSO: 21262 PH 2026-03-08 1724 ED8W 59 1000 VE7BC 59 BC 1
QSO: 21262 PH 2026-03-08 1725 ED8W 59 1000 W9DH 59 IL 1
QSO: 28469 PH 2026-03-08 1725 ED8W 59 1000 KR4CAX 59 FL 0
QSO: 28469 PH 2026-03-08 1726 ED8W 59 1000 K5XOM 59 TX 0
QSO: 21262 PH 2026-03-08 1726 ED8W 59 1000 WR7T 59 OR 1
QSO: 28469 PH 2026-03-08 1726 ED8W 59 1000 KD3ALA 59 PA 0
QSO: 21262 PH 2026-03-08 1726 ED8W 59 1000 N0VMI 59 CO 1
QSO: 28469 PH 2026-03-08 1727 ED8W 59 1000 KF8AVC 59 OH 0
QSO: 28469 PH 2026-03-08 1727 ED8W 59 1000 N3SKI 59 DE 0
QSO: 28469 PH 2026-03-08 1727 ED8W 59 1000 N2EC 59 VA 0
QSO: 21262 PH 2026-03-08 1728 ED8W 59 1000 N6TC 59 CA 1
QSO: 28469 PH 2026-03-08 1728 ED8W 59 1000 KJ4DMC 59 OK 0
QSO: 28469 PH 2026-03-08 1729 ED8W 59 1000 KI5RXG 59 TX 0
QSO: 28469 PH 2026-03-08 1729 ED8W 59 1000 W7YAQ 59 OR 0
QSO: 28469 PH 2026-03-08 1730 ED8W 59 1000 KC9DK 59 IN 0
QSO: 28469 PH 2026-03-08 1730 ED8W 59 1000 W4SPF 59 FL 0
QSO: 21262 PH 2026-03-08 1730 ED8W 59 1000 KF0UWE 59 NE 1
QSO: 21262 PH 2026-03-08 1731 ED8W 59 1000 K8AM 59 OH 1
QSO: 28469 PH 2026-03-08 1732 ED8W 59 1000 WA4MOK 59 NC 0
QSO: 28469 PH 2026-03-08 1732 ED8W 59 1000 KC3FEK 59 PA 0
QSO: 28469 PH 2026-03-08 1732 ED8W 59 1000 KA3IVN 59 NJ 0
QSO: 28469 PH 2026-03-08 1732 ED8W 59 1000 W4MGZ 59 FL 0
QSO: 28469 PH 2026-03-08 1733 ED8W 59 1000 KR4HQE 59 NC 0
QSO: 21262 PH 2026-03-08 1733 ED8W 59 1000 W0IZ 59 CO 1
QSO: 21262 PH 2026-03-08 1733 ED8W 59 1000 WB4FAW 59 CO 1
QSO: 21262 PH 2026-03-08 1734 ED8W 59 1000 W4ZY 59 FL 1
QSO: 28469 PH 2026-03-08 1734 ED8W 59 1000 KC2OUV 59 NJ 0
QSO: 28469 PH 2026-03-08 1735 ED8W 59 1000 N3KK 59 SC 0
QSO: 21262 PH 2026-03-08 1736 ED8W 59 1000 N0KKJ 59 MS 1
QSO: 21262 PH 2026-03-08 1737 ED8W 59 1000 WY8D 59 MI 1
QSO: 28469 PH 2026-03-08 1737 ED8W 59 1000 KM3T 59 NH 0
QSO: 28469 PH 2026-03-08 1738 ED8W 59 1000 WA1OK 59 ME 0
QSO: 28469 PH 2026-03-08 1738 ED8W 59 1000 N1HOB 59 OK 0
QSO: 21262 PH 2026-03-08 1739 ED8W 59 1000 NC4ZW 59 NC 1
QSO: 28469 PH 2026-03-08 1739 ED8W 59 1000 K0VD 59 GA 0
QSO: 21262 PH 2026-03-08 1739 ED8W 59 1000 KQ0J 59 FL 1
QSO: 28469 PH 2026-03-08 1740 ED8W 59 1000 WD4DB 59 FL 0
QSO: 28469 PH 2026-03-08 1741 ED8W 59 1000 K2CMT 59 FL 0
QSO: 21262 PH 2026-03-08 1741 ED8W 59 1000 WB0QLU 59 MO 1
QSO: 28469 PH 2026-03-08 1742 ED8W 59 1000 W9KAY 59 TX 0
QSO: 28469 PH 2026-03-08 1742 ED8W 59 1000 N3FE 59 PA 0
QSO: 21262 PH 2026-03-08 1742 ED8W 59 1000 W7FD 59 NV 1
QSO: 28469 PH 2026-03-08 1742 ED8W 59 1000 N2YUO 59 PA 0
QSO: 21262 PH 2026-03-08 1742 ED8W 59 1000 NO2D 59 CO 1
QSO: 28469 PH 2026-03-08 1742 ED8W 59 1000 KC2MBV 59 NY 0
QSO: 21262 PH 2026-03-08 1743 ED8W 59 1000 N6HPO 59 CA 1
QSO: 21262 PH 2026-03-08 1743 ED8W 59 1000 KF0SES 59 CO 1
QSO: 28469 PH 2026-03-08 1743 ED8W 59 1000 K1HTJ 59 VT 0
QSO: 28469 PH 2026-03-08 1743 ED8W 59 1000 NN6DX 59 CA 0
QSO: 28469 PH 2026-03-08 1744 ED8W 59 1000 K0ARA 59 MO 0
QSO: 28469 PH 2026-03-08 1744 ED8W 59 1000 WE4BY 59 CA 0
QSO: 28469 PH 2026-03-08 1744 ED8W 59 1000 KR4FHO 59 GA 0
QSO: 28469 PH 2026-03-08 1745 ED8W 59 1000 KI5KMC 59 LA 0
QSO: 28469 PH 2026-03-08 1745 ED8W 59 1000 AC5CM 59 TX 0
QSO: 28469 PH 2026-03-08 1745 ED8W 59 1000 N5MPQ 59 OK 0
QSO: 28469 PH 2026-03-08 1746 ED8W 59 1000 N6SWI 59 AZ 0
QSO: 28469 PH 2026-03-08 1746 ED8W 59 1000 K5JZZ 59 OK 0
QSO: 28469 PH 2026-03-08 1747 ED8W 59 1000 K3MD 59 PA 0
QSO: 28469 PH 2026-03-08 1748 ED8W 59 1000 N3TCR 59 MD 0
QSO: 28469 PH 2026-03-08 1748 ED8W 59 1000 K0STX 59 KS 0
QSO: 28469 PH 2026-03-08 1748 ED8W 59 1000 K2QB 59 NY 0
QSO: 28469 PH 2026-03-08 1749 ED8W 59 1000 KO4CRU 59 GA 0
QSO: 28469 PH 2026-03-08 1749 ED8W 59 1000 N0SSZ 59 CO 0
QSO: 28469 PH 2026-03-08 1749 ED8W 59 1000 N0VRM 59 MN 0
QSO: 28469 PH 2026-03-08 1750 ED8W 59 1000 K4FBK 59 TN 0
QSO: 28469 PH 2026-03-08 1750 ED8W 59 1000 W7YBY 59 AZ 0
QSO: 28469 PH 2026-03-08 1751 ED8W 59 1000 W3RSS 59 PA 0
QSO: 28469 PH 2026-03-08 1751 ED8W 59 1000 K6ICS 59 CA 0
QSO: 28469 PH 2026-03-08 1752 ED8W 59 1000 AD3Y 59 NJ 0
QSO: 28469 PH 2026-03-08 1752 ED8W 59 1000 W2CSI 59 NC 0
QSO: 28469 PH 2026-03-08 1753 ED8W 59 1000 N7WLC 59 CA 0
QSO: 28469 PH 2026-03-08 1753 ED8W 59 1000 W9LEN 59 MO 0
QSO: 28469 PH 2026-03-08 1753 ED8W 59 1000 W3HP 59 PA 0
QSO: 28469 PH 2026-03-08 1754 ED8W 59 1000 K4PZE 59 AL 0
QSO: 28469 PH 2026-03-08 1754 ED8W 59 1000 K6MAA 59 CA 0
QSO: 28469 PH 2026-03-08 1754 ED8W 59 1000 K1ILT 59 IN 0
QSO: 28469 PH 2026-03-08 1754 ED8W 59 1000 K7ALW 59 AZ 0
QSO: 28469 PH 2026-03-08 1754 ED8W 59 1000 KX7P 59 AZ 0
QSO: 28469 PH 2026-03-08 1754 ED8W 59 1000 NY0J 59 MO 0
QSO: 28469 PH 2026-03-08 1755 ED8W 59 1000 KA9P 59 CA 0
QSO: 28469 PH 2026-03-08 1755 ED8W 59 1000 W0EAR 59 WI 0
QSO: 28469 PH 2026-03-08 1755 ED8W 59 1000 KF0BFU 59 KS 0
QSO: 28469 PH 2026-03-08 1755 ED8W 59 1000 N4CGR 59 FL 0
QSO: 28469 PH 2026-03-08 1756 ED8W 59 1000 AA1NK 59 MA 0
QSO: 28469 PH 2026-03-08 1756 ED8W 59 1000 N3ALN 59 MD 0
QSO: 28469 PH 2026-03-08 1756 ED8W 59 1000 N1VSX 59 RI 0
QSO: 28469 PH 2026-03-08 1756 ED8W 59 1000 K8RRG 59 CA 0
QSO: 21343 PH 2026-03-08 1757 ED8W 59 1000 AC2OC 59 NY 1
QSO: 28469 PH 2026-03-08 1757 ED8W 59 1000 WA5SOG 59 AR 0
QSO: 21343 PH 2026-03-08 1757 ED8W 59 1000 N4JED 59 VA 1
QSO: 28469 PH 2026-03-08 1757 ED8W 59 1000 K5RIC 59 NM 0
QSO: 21343 PH 2026-03-08 1757 ED8W 59 1000 KD9VAN 59 IL 1
QSO: 28469 PH 2026-03-08 1757 ED8W 59 1000 K4OJM 59 GA 0
QSO: 28469 PH 2026-03-08 1758 ED8W 59 1000 W5MEF 59 TX 0
QSO: 21343 PH 2026-03-08 1758 ED8W 59 1000 KD8PNT 59 OH 1
QSO: 28469 PH 2026-03-08 1758 ED8W 59 1000 W1NLF 59 CT 0
QSO: 21343 PH 2026-03-08 1758 ED8W 59 1000 N5DIM 59 CA 1
QSO: 28469 PH 2026-03-08 1758 ED8W 59 1000 KF6PJW 59 CA 0
QSO: 28469 PH 2026-03-08 1759 ED8W 59 1000 N2DAN 59 SC 0
QSO: 28469 PH 2026-03-08 1759 ED8W 59 1000 KO0Z 59 MO 0
QSO: 28469 PH 2026-03-08 1759 ED8W 59 1000 N0UI 59 MO 0
QSO: 28469 PH 2026-03-08 1759 ED8W 59 1000 KE0ITC 59 IA 0
QSO: 28469 PH 2026-03-08 1800 ED8W 59 1000 KI5JNX 59 AR 0
QSO: 28469 PH 2026-03-08 1800 ED8W 59 1000 KF0ONK 59 MN 0
QSO: 28469 PH 2026-03-08 1800 ED8W 59 1000 K7VF 59 TX 0
QSO: 28469 PH 2026-03-08 1800 ED8W 59 1000 KQ1A 59 ME 0
QSO: 28469 PH 2026-03-08 1800 ED8W 59 1000 KR4CWB 59 GA 0
QSO: 21343 PH 2026-03-08 1800 ED8W 59 1000 K6WK 59 CA 1
QSO: 28469 PH 2026-03-08 1801 ED8W 59 1000 N7MYA 59 AZ 0
QSO: 28469 PH 2026-03-08 1801 ED8W 59 1000 N1GCN 59 CT 0
QSO: 28469 PH 2026-03-08 1801 ED8W 59 1000 W0MOT 59 AZ 0
QSO: 28469 PH 2026-03-08 1801 ED8W 59 1000 W0JPO 59 KS 0
QSO: 28469 PH 2026-03-08 1801 ED8W 59 1000 WA2WGF 59 NY 0
QSO: 21343 PH 2026-03-08 1802 ED8W 59 1000 KD9ADR 59 IN 1
QSO: 28469 PH 2026-03-08 1802 ED8W 59 1000 KR4HHT 59 GA 0
QSO: 21343 PH 2026-03-08 1802 ED8W 59 1000 WD4OOO 59 GA 1
QSO: 28469 PH 2026-03-08 1802 ED8W 59 1000 KU4CG 59 MD 0
QSO: 28469 PH 2026-03-08 1802 ED8W 59 1000 K3KWB 59 MD 0
QSO: 28469 PH 2026-03-08 1802 ED8W 59 1000 W5RGO 59 TX 0
QSO: 28469 PH 2026-03-08 1803 ED8W 59 1000 K6UN 59 CA 0
QSO: 28469 PH 2026-03-08 1803 ED8W 59 1000 KC3WWP 59 MD 0
QSO: 28469 PH 2026-03-08 1803 ED8W 59 1000 KB0ROT 59 SD 0
QSO: 28469 PH 2026-03-08 1803 ED8W 59 1000 KF0CZD 59 SD 0
QSO: 21343 PH 2026-03-08 1804 ED8W 59 1000 KC1DBR 59 NH 1
QSO: 28469 PH 2026-03-08 1804 ED8W 59 1000 KC1QYY 59 ME 0
QSO: 21343 PH 2026-03-08 1804 ED8W 59 1000 KM5WX 59 MS 1
QSO: 28469 PH 2026-03-08 1804 ED8W 59 1000 N0QQD 59 ME 0
QSO: 28469 PH 2026-03-08 1805 ED8W 59 1000 KV6ENB 59 CA 0
QSO: 21343 PH 2026-03-08 1805 ED8W 59 1000 KG9EE 59 WI 1
QSO: 28469 PH 2026-03-08 1805 ED8W 59 1000 KG1HAM 59 RI 0
QSO: 28469 PH 2026-03-08 1806 ED8W 59 1000 KO6GII 59 CA 0
QSO: 21343 PH 2026-03-08 1806 ED8W 59 1000 KF0VR 59 CO 1
QSO: 28469 PH 2026-03-08 1806 ED8W 59 1000 KD3BMM 59 PA 0
QSO: 28469 PH 2026-03-08 1807 ED8W 59 1000 KR4HNX 59 NC 0
QSO: 28469 PH 2026-03-08 1807 ED8W 59 1000 N0JNM 59 MN 0
QSO: 21343 PH 2026-03-08 1807 ED8W 59 1000 KF0SKU 59 NE 1
QSO: 28469 PH 2026-03-08 1807 ED8W 59 1000 W8EDE 59 MI 0
QSO: 28469 PH 2026-03-08 1807 ED8W 59 1000 N5YS 59 LA 0
QSO: 28469 PH 2026-03-08 1808 ED8W 59 1000 N6RND 59 CA 0
QSO: 21343 PH 2026-03-08 1808 ED8W 59 1000 W5KBW 59 OH 1
QSO: 28469 PH 2026-03-08 1808 ED8W 59 1000 AD1L 59 MA 0
QSO: 21343 PH 2026-03-08 1808 ED8W 59 1000 N6KI 59 CA 1
QSO: 28469 PH 2026-03-08 1808 ED8W 59 1000 KR4HPQ 59 KY 0
QSO: 21343 PH 2026-03-08 1808 ED8W 59 1000 VY2OM 59 PE 1
QSO: 28469 PH 2026-03-08 1808 ED8W 59 1000 K8RRG 59 CA 0
QSO: 28469 PH 2026-03-08 1808 ED8W 59 1000 K7TD 59 CO 0
QSO: 21343 PH 2026-03-08 1809 ED8W 59 1000 W3DLD 59 PA 1
QSO: 28469 PH 2026-03-08 1809 ED8W 59 1000 KB4ABM 59 GA 0
QSO: 21343 PH 2026-03-08 1809 ED8W 59 1000 KA3WAL 59 PA 1
QSO: 28469 PH 2026-03-08 1809 ED8W 59 1000 KJ5NGO 59 TX 0
QSO: 28469 PH 2026-03-08 1809 ED8W 59 1000 WK1O 59 MA 0
QSO: 28469 PH 2026-03-08 1809 ED8W 59 1000 AB1PA 59 MA 0
QSO: 21343 PH 2026-03-08 1810 ED8W 59 1000 N2OWR 59 NY 1
QSO: 28469 PH 2026-03-08 1810 ED8W 59 1000 WA4TKG 59 FL 0
QSO: 28469 PH 2026-03-08 1810 ED8W 59 1000 W3WN 59 PA 0
QSO: 28469 PH 2026-03-08 1810 ED8W 59 1000 KE2ECQ 59 NJ 0
QSO: 28469 PH 2026-03-08 1810 ED8W 59 1000 KG4ZOI 59 NC 0
QSO: 21343 PH 2026-03-08 1810 ED8W 59 1000 W0CKI 59 CO 1
QSO: 28469 PH 2026-03-08 1810 ED8W 59 1000 KN7K 59 OR 0
QSO: 28469 PH 2026-03-08 1811 ED8W 59 1000 KK7HGW 59 NV 0
QSO: 28469 PH 2026-03-08 1811 ED8W 59 1000 KE2EKM 59 NJ 0
QSO: 28469 PH 2026-03-08 1811 ED8W 59 1000 N3RTW 59 VA 0
QSO: 28469 PH 2026-03-08 1811 ED8W 59 1000 K4HOO 59 FL 0
QSO: 28469 PH 2026-03-08 1812 ED8W 59 1000 WA4PIM 59 TN 0
QSO: 21343 PH 2026-03-08 1812 ED8W 59 1000 KC2NME 59 ME 1
QSO: 28469 PH 2026-03-08 1812 ED8W 59 1000 W9SRW 59 WI 0
QSO: 28469 PH 2026-03-08 1812 ED8W 59 1000 W3AWG 59 PA 0
QSO: 28469 PH 2026-03-08 1812 ED8W 59 1000 N9ESR 59 IL 0
QSO: 21343 PH 2026-03-08 1812 ED8W 59 1000 W5NX 59 AR 1
QSO: 28469 PH 2026-03-08 1813 ED8W 59 1000 KB9DFE 59 WI 0
QSO: 28469 PH 2026-03-08 1813 ED8W 59 1000 N2NKX 59 NY 0
QSO: 28469 PH 2026-03-08 1813 ED8W 59 1000 KA4OTB 59 AR 0
QSO: 21343 PH 2026-03-08 1813 ED8W 59 1000 WG9X 59 FL 1
QSO: 28469 PH 2026-03-08 1813 ED8W 59 1000 W1WCM 59 MA 0
QSO: 28469 PH 2026-03-08 1813 ED8W 59 1000 W5KKA 59 TX 0
QSO: 28469 PH 2026-03-08 1813 ED8W 59 1000 KJ4ND 59 KY 0
QSO: 28469 PH 2026-03-08 1814 ED8W 59 1000 KE0UI 59 CO 0
QSO: 28469 PH 2026-03-08 1814 ED8W 59 1000 KC9BG 59 IL 0
QSO: 28469 PH 2026-03-08 1814 ED8W 59 1000 K8JYG 59 OH 0
QSO: 28469 PH 2026-03-08 1814 ED8W 59 1000 KR4BDR 59 GA 0
QSO: 28469 PH 2026-03-08 1814 ED8W 59 1000 N9VMH 59 IN 0
QSO: 28469 PH 2026-03-08 1815 ED8W 59 1000 N8CHS 59 OH 0
QSO: 28469 PH 2026-03-08 1815 ED8W 59 1000 KO4RMV 59 VA 0
QSO: 28469 PH 2026-03-08 1815 ED8W 59 1000 N7NSX 59 IN 0
QSO: 28469 PH 2026-03-08 1816 ED8W 59 1000 N9RLI 59 IL 0
QSO: 21343 PH 2026-03-08 1816 ED8W 59 1000 KG4BOJ 59 FL 1
QSO: 28469 PH 2026-03-08 1816 ED8W 59 1000 K1ZTE 59 CT 0
QSO: 28469 PH 2026-03-08 1816 ED8W 59 1000 AI0M 59 MN 0
QSO: 28469 PH 2026-03-08 1816 ED8W 59 1000 WA1SOV 59 CT 0
QSO: 28469 PH 2026-03-08 1817 ED8W 59 1000 AD9DU 59 IL 0
QSO: 28469 PH 2026-03-08 1817 ED8W 59 1000 K1TDM 59 NC 0
QSO: 28469 PH 2026-03-08 1817 ED8W 59 1000 K6HTD 59 CA 0
QSO: 28469 PH 2026-03-08 1817 ED8W 59 1000 N6TC 59 CA 0
QSO: 28469 PH 2026-03-08 1817 ED8W 59 1000 W4DAN 59 TN 0
QSO: 28469 PH 2026-03-08 1817 ED8W 59 1000 W1RH 59 CA 0
QSO: 28469 PH 2026-03-08 1818 ED8W 59 1000 N4DJ 59 VA 0
QSO: 28469 PH 2026-03-08 1818 ED8W 59 1000 KE2DPQ 59 NJ 0
QSO: 28469 PH 2026-03-08 1818 ED8W 59 1000 KR4DFU 59 TN 0
QSO: 28469 PH 2026-03-08 1818 ED8W 59 1000 AA6MU 59 CA 0
QSO: 28469 PH 2026-03-08 1819 ED8W 59 1000 K3WU 59 PA 0
QSO: 28469 PH 2026-03-08 1819 ED8W 59 1000 W4TM 59 GA 0
QSO: 21343 PH 2026-03-08 1819 ED8W 59 1000 KC5NOA 59 TX 1
QSO: 28469 PH 2026-03-08 1820 ED8W 59 1000 KR4GOW 59 GA 0
QSO: 28469 PH 2026-03-08 1820 ED8W 59 1000 N9MSG 59 IL 0
QSO: 21343 PH 2026-03-08 1820 ED8W 59 1000 KD2VRL 59 NJ 1
QSO: 28469 PH 2026-03-08 1820 ED8W 59 1000 W2WFJ 59 NY 0
QSO: 28469 PH 2026-03-08 1820 ED8W 59 1000 K3BAL 59 DE 0
QSO: 28469 PH 2026-03-08 1820 ED8W 59 1000 KD3CNZ 59 DE 0
QSO: 21343 PH 2026-03-08 1820 ED8W 59 1000 KE8NBC 59 OH 1
QSO: 28469 PH 2026-03-08 1820 ED8W 59 1000 AA1AC 59 RI 0
QSO: 28469 PH 2026-03-08 1820 ED8W 59 1000 W9WJM 59 WI 0
QSO: 28469 PH 2026-03-08 1821 ED8W 59 1000 KC1YRZ 59 MA 0
QSO: 28469 PH 2026-03-08 1821 ED8W 59 1000 KF0VSP 59 IA 0
QSO: 21343 PH 2026-03-08 1821 ED8W 59 1000 K7SV 59 VA 1
QSO: 28469 PH 2026-03-08 1822 ED8W 59 1000 KK7CMV 59 NV 0
QSO: 28469 PH 2026-03-08 1822 ED8W 59 1000 N4GAS 59 NC 0
QSO: 21343 PH 2026-03-08 1822 ED8W 59 1000 AD0H 59 IA 1
QSO: 28469 PH 2026-03-08 1822 ED8W 59 1000 W7JHR 59 OR 0
QSO: 28469 PH 2026-03-08 1822 ED8W 59 1000 K6FFY 59 WA 0
QSO: 28469 PH 2026-03-08 1823 ED8W 59 1000 KB1TZ 59 MA 0
QSO: 28469 PH 2026-03-08 1823 ED8W 59 1000 KN6WGK 59 CA 0
QSO: 28469 PH 2026-03-08 1823 ED8W 59 1000 KA3JUT 59 PA 0
QSO: 21343 PH 2026-03-08 1823 ED8W 59 1000 K1KDG 59 MA 1
QSO: 28469 PH 2026-03-08 1823 ED8W 59 1000 KU9Z 59 IL 0
QSO: 21343 PH 2026-03-08 1823 ED8W 59 1000 KC2MBV 59 NY 1
QSO: 28469 PH 2026-03-08 1824 ED8W 59 1000 W4CWO 59 NC 0
QSO: 28469 PH 2026-03-08 1824 ED8W 59 1000 WA9WUD 59 MI 0
QSO: 28469 PH 2026-03-08 1825 ED8W 59 1000 W2TMR 59 NY 0
QSO: 28469 PH 2026-03-08 1825 ED8W 59 1000 KE9CDJ 59 IL 0
QSO: 21343 PH 2026-03-08 1825 ED8W 59 1000 VA3MHT 59 ON 1
QSO: 28469 PH 2026-03-08 1825 ED8W 59 1000 K5WZS 59 TX 0
QSO: 21343 PH 2026-03-08 1826 ED8W 59 1000 K4PPK 59 FL 1
QSO: 28469 PH 2026-03-08 1826 ED8W 59 1000 K6AKO 59 CA 0
QSO: 28469 PH 2026-03-08 1827 ED8W 59 1000 KG6WSW 59 CA 0
QSO: 28469 PH 2026-03-08 1827 ED8W 59 1000 KE9BZI 59 FL 0
QSO: 21343 PH 2026-03-08 1827 ED8W 59 1000 KE7ZAC 59 WA 1
QSO: 28469 PH 2026-03-08 1828 ED8W 59 1000 K6RAD 59 CA 0
QSO: 28469 PH 2026-03-08 1828 ED8W 59 1000 W6US 59 NV 0
QSO: 21343 PH 2026-03-08 1828 ED8W 59 1000 KF8EXX 59 WV 1
QSO: 28469 PH 2026-03-08 1829 ED8W 59 1000 W5IOH 59 TX 0
QSO: 28469 PH 2026-03-08 1829 ED8W 59 1000 K8UGG 59 GA 0
QSO: 28469 PH 2026-03-08 1830 ED8W 59 1000 KD2I 59 NJ 0
QSO: 28469 PH 2026-03-08 1830 ED8W 59 1000 K5FNE 59 TX 0
QSO: 21343 PH 2026-03-08 1830 ED8W 59 1000 KI5KMW 59 NM 1
QSO: 28469 PH 2026-03-08 1830 ED8W 59 1000 NW0X 59 ND 0
QSO: 28469 PH 2026-03-08 1830 ED8W 59 1000 N9KR 59 IN 0
QSO: 28469 PH 2026-03-08 1830 ED8W 59 1000 W9DKR 59 VA 0
QSO: 28469 PH 2026-03-08 1831 ED8W 59 1000 K4AII 59 TN 0
QSO: 28469 PH 2026-03-08 1831 ED8W 59 1000 KF4JEY 59 GA 0
QSO: 28469 PH 2026-03-08 1831 ED8W 59 1000 K1ATY 59 MA 0
QSO: 21343 PH 2026-03-08 1831 ED8W 59 1000 N0BDS 59 MO 1
QSO: 28469 PH 2026-03-08 1832 ED8W 59 1000 W0YKS 59 MT 0
QSO: 21343 PH 2026-03-08 1832 ED8W 59 1000 N0ENO 59 KS 1
QSO: 21343 PH 2026-03-08 1832 ED8W 59 1000 K9WD 59 WI 1
QSO: 28469 PH 2026-03-08 1832 ED8W 59 1000 KA8HDE 59 MN 0
QSO: 21343 PH 2026-03-08 1833 ED8W 59 1000 KA7MDM 59 WA 1
QSO: 28469 PH 2026-03-08 1833 ED8W 59 1000 N8BMF 59 AZ 0
QSO: 21343 PH 2026-03-08 1833 ED8W 59 1000 AD5QU 59 TX 1
QSO: 21343 PH 2026-03-08 1833 ED8W 59 1000 AA9D 59 IL 1
QSO: 21343 PH 2026-03-08 1834 ED8W 59 1000 KC7TY 59 WY 1
QSO: 28469 PH 2026-03-08 1834 ED8W 59 1000 K9EX 59 AZ 0
QSO: 28469 PH 2026-03-08 1834 ED8W 59 1000 KJ5IEL 59 TX 0
QSO: 28469 PH 2026-03-08 1835 ED8W 59 1000 K5UTM 59 AR 0
QSO: 21343 PH 2026-03-08 1835 ED8W 59 1000 W9KAY/4 59 TX 1
QSO: 28469 PH 2026-03-08 1835 ED8W 59 1000 KQ4WDF 59 SC 0
QSO: 28469 PH 2026-03-08 1836 ED8W 59 1000 KI4AAU 59 TN 0
QSO: 21343 PH 2026-03-08 1836 ED8W 59 1000 AE6C 59 CA 1
QSO: 28469 PH 2026-03-08 1836 ED8W 59 1000 W9CHE 59 IL 0
QSO: 28469 PH 2026-03-08 1837 ED8W 59 1000 W5DRT 59 TX 0
QSO: 21343 PH 2026-03-08 1837 ED8W 59 1000 W1TB 59 MA 1
QSO: 21343 PH 2026-03-08 1837 ED8W 59 1000 KB1EYU 59 CT 1
QSO: 28469 PH 2026-03-08 1837 ED8W 59 1000 AA5DK 59 FL 0
QSO: 21343 PH 2026-03-08 1838 ED8W 59 1000 W9KAY/5 59 TX 1
QSO: 28469 PH 2026-03-08 1838 ED8W 59 1000 KN6DRN 59 CA 0
QSO: 21343 PH 2026-03-08 1838 ED8W 59 1000 NS4X 59 TN 1
QSO: 28469 PH 2026-03-08 1838 ED8W 59 1000 W4DBT 59 FL 0
QSO: 28469 PH 2026-03-08 1839 ED8W 59 1000 K7KF 59 UT 0
QSO: 21343 PH 2026-03-08 1839 ED8W 59 1000 N4TGM 59 GA 1
QSO: 28469 PH 2026-03-08 1839 ED8W 59 1000 KN6STX 59 CA 0
QSO: 28469 PH 2026-03-08 1839 ED8W 59 1000 KQ4PYF 59 NC 0
QSO: 21343 PH 2026-03-08 1839 ED8W 59 1000 KZ3P 59 SC 1
QSO: 28469 PH 2026-03-08 1839 ED8W 59 1000 KJ4BIX 59 TN 0
QSO: 28469 PH 2026-03-08 1839 ED8W 59 1000 NR7Z 59 CA 0
QSO: 21343 PH 2026-03-08 1841 ED8W 59 1000 WD5FCA 59 AL 1
QSO: 28469 PH 2026-03-08 1841 ED8W 59 1000 N8TW 59 MI 0
QSO: 21343 PH 2026-03-08 1841 ED8W 59 1000 K7NI 59 OR 1
QSO: 28469 PH 2026-03-08 1841 ED8W 59 1000 WB1EZL 59 NH 0
QSO: 21343 PH 2026-03-08 1842 ED8W 59 1000 WB5DX 59 TX 1
QSO: 28469 PH 2026-03-08 1842 ED8W 59 1000 W9CLI 59 IL 0
QSO: 21343 PH 2026-03-08 1842 ED8W 59 1000 AK7MG 59 NV 1
QSO: 28469 PH 2026-03-08 1842 ED8W 59 1000 KE2HKK 59 NY 0
QSO: 21343 PH 2026-03-08 1842 ED8W 59 1000 KC3TJX 59 PA 1
QSO: 21343 PH 2026-03-08 1843 ED8W 59 1000 N3ZT 59 PA 1
QSO: 28469 PH 2026-03-08 1843 ED8W 59 1000 KQ4SMI 59 TN 0
QSO: 28469 PH 2026-03-08 1843 ED8W 59 1000 KJ4UVS 59 MO 0
QSO: 21343 PH 2026-03-08 1844 ED8W 59 1000 KY3P 59 NY 1
QSO: 28469 PH 2026-03-08 1844 ED8W 59 1000 WB8YQJ 59 CA 0
QSO: 28469 PH 2026-03-08 1844 ED8W 59 1000 K2UV 59 NY 0
QSO: 21343 PH 2026-03-08 1844 ED8W 59 1000 WA8YZB 59 MI 1
QSO: 28469 PH 2026-03-08 1844 ED8W 59 1000 KI5JRP 59 TX 0
QSO: 28469 PH 2026-03-08 1845 ED8W 59 1000 VA1XH 59 NS 0
QSO: 21343 PH 2026-03-08 1845 ED8W 59 1000 WV4P 59 TN 1
QSO: 28469 PH 2026-03-08 1845 ED8W 59 1000 KF0IR 59 IA 0
QSO: 28469 PH 2026-03-08 1845 ED8W 59 1000 K0BF 59 CO 0
QSO: 21343 PH 2026-03-08 1845 ED8W 59 1000 N0MKB 59 MO 1
QSO: 28469 PH 2026-03-08 1845 ED8W 59 1000 N0UY 59 MN 0
QSO: 28469 PH 2026-03-08 1845 ED8W 59 1000 N9DEK 59 IN 0
QSO: 28469 PH 2026-03-08 1845 ED8W 59 1000 W6JGR 59 CA 0
QSO: 21343 PH 2026-03-08 1845 ED8W 59 1000 W4TM 59 GA 1
QSO: 28469 PH 2026-03-08 1846 ED8W 59 1000 W1NV 59 CO 0
QSO: 28469 PH 2026-03-08 1846 ED8W 59 1000 WA5AZQ 59 TX 0
QSO: 21343 PH 2026-03-08 1846 ED8W 59 1000 KU9Z 59 IL 1
QSO: 28469 PH 2026-03-08 1846 ED8W 59 1000 KF8CHH 59 OH 0
QSO: 28469 PH 2026-03-08 1847 ED8W 59 1000 KB7BIB 59 AZ 0
QSO: 28469 PH 2026-03-08 1847 ED8W 59 1000 W4RHS 59 TN 0
QSO: 28469 PH 2026-03-08 1847 ED8W 59 1000 K1NF 59 ME 0
QSO: 28469 PH 2026-03-08 1847 ED8W 59 1000 N0TDJ 59 IA 0
QSO: 28469 PH 2026-03-08 1847 ED8W 59 1000 W7KEY 59 AZ 0
QSO: 28469 PH 2026-03-08 1847 ED8W 59 1000 KC9DD 59 IN 0
QSO: 21343 PH 2026-03-08 1847 ED8W 59 1000 WA6PWP 59 CA 1
QSO: 28469 PH 2026-03-08 1848 ED8W 59 1000 KF0VGS 59 MN 0
QSO: 28469 PH 2026-03-08 1848 ED8W 59 1000 W5RAW 59 TX 0
QSO: 21343 PH 2026-03-08 1848 ED8W 59 1000 WT8E 59 OH 1
QSO: 28469 PH 2026-03-08 1848 ED8W 59 1000 AI9K 59 IL 0
QSO: 21343 PH 2026-03-08 1848 ED8W 59 1000 K3CXG 59 ME 1
QSO: 28469 PH 2026-03-08 1848 ED8W 59 1000 W7DZ 59 WA 0
QSO: 28469 PH 2026-03-08 1848 ED8W 59 1000 W7OKM 59 OR 0
QSO: 21343 PH 2026-03-08 1849 ED8W 59 1000 W5MEF 59 TX 1
QSO: 28469 PH 2026-03-08 1849 ED8W 59 1000 KC9BPE 59 IN 0
QSO: 28469 PH 2026-03-08 1849 ED8W 59 1000 AJ1G 59 CT 0
QSO: 28469 PH 2026-03-08 1849 ED8W 59 1000 N6TAN 59 CA 0
QSO: 28469 PH 2026-03-08 1849 ED8W 59 1000 KE9BOH 59 IL 0
QSO: 28469 PH 2026-03-08 1850 ED8W 59 1000 VE6FI 59 AB 0
QSO: 28469 PH 2026-03-08 1850 ED8W 59 1000 KC3VRW 59 PA 0
QSO: 28469 PH 2026-03-08 1850 ED8W 59 1000 KF5GWO 59 TX 0
QSO: 28469 PH 2026-03-08 1851 ED8W 59 1000 KQ4FIP 59 TN 0
QSO: 28469 PH 2026-03-08 1851 ED8W 59 1000 KF6ESD 59 NV 0
QSO: 28469 PH 2026-03-08 1852 ED8W 59 1000 K7RNS 59 MT 0
QSO: 21343 PH 2026-03-08 1852 ED8W 59 1000 VA6SZ 59 AB 1
QSO: 28469 PH 2026-03-08 1852 ED8W 59 1000 WD9IRS 59 IL 0
QSO: 21343 PH 2026-03-08 1852 ED8W 59 1000 KK9MM 59 WI 1
QSO: 21343 PH 2026-03-08 1853 ED8W 59 1000 VE3FZ 59 ON 1
QSO: 28469 PH 2026-03-08 1853 ED8W 59 1000 VO2AC 59 LB 0
QSO: 21343 PH 2026-03-08 1853 ED8W 59 1000 K5KU 59 LA 1
QSO: 28469 PH 2026-03-08 1853 ED8W 59 1000 KB4VYC 59 AL 0
QSO: 28469 PH 2026-03-08 1853 ED8W 59 1000 W4LFD 59 FL 0
QSO: 28469 PH 2026-03-08 1853 ED8W 59 1000 KD8PMK 59 MN 0
QSO: 28469 PH 2026-03-08 1853 ED8W 59 1000 AA9D 59 IL 0
QSO: 28469 PH 2026-03-08 1854 ED8W 59 1000 KC1FTJ 59 MA 0
QSO: 28469 PH 2026-03-08 1854 ED8W 59 1000 K2UA 59 NY 0
QSO: 28469 PH 2026-03-08 1854 ED8W 59 1000 KB1YJ 59 NH 0
QSO: 28469 PH 2026-03-08 1855 ED8W 59 1000 KC1ZAE 59 MA 0
QSO: 28469 PH 2026-03-08 1855 ED8W 59 1000 KI5VPF 59 TX 0
QSO: 28469 PH 2026-03-08 1855 ED8W 59 1000 KR4FJO 59 NC 0
QSO: 28469 PH 2026-03-08 1855 ED8W 59 1000 WJ5S 59 AR 0
QSO: 28469 PH 2026-03-08 1855 ED8W 59 1000 WB0QWZ 59 MO 0
QSO: 28469 PH 2026-03-08 1856 ED8W 59 1000 KN6HNS 59 CA 0
QSO: 21343 PH 2026-03-08 1856 ED8W 59 1000 K9DXM 59 FL 1
QSO: 28469 PH 2026-03-08 1856 ED8W 59 1000 KF0RUM 59 ND 0
QSO: 21343 PH 2026-03-08 1856 ED8W 59 1000 K8LY 59 OH 1
QSO: 28469 PH 2026-03-08 1856 ED8W 59 1000 KE9RMW 59 IN 0
QSO: 21343 PH 2026-03-08 1857 ED8W 59 1000 KR4CKC 59 FL 1
QSO: 28469 PH 2026-03-08 1857 ED8W 59 1000 VE4GV 59 MB 0
QSO: 28469 PH 2026-03-08 1857 ED8W 59 1000 W4QF 59 NC 0
QSO: 21271 PH 2026-03-08 1857 ED8W 59 1000 K1RM 59 CT 1
QSO: 28469 PH 2026-03-08 1857 ED8W 59 1000 VE2MFD 59 QC 0
QSO: 28469 PH 2026-03-08 1857 ED8W 59 1000 W6FB 59 LA 0
QSO: 21343 PH 2026-03-08 1858 ED8W 59 1000 NX7W 59 MT 1
QSO: 28469 PH 2026-03-08 1858 ED8W 59 1000 W1RPQ 59 CT 0
QSO: 28469 PH 2026-03-08 1858 ED8W 59 1000 W2FMB 59 NJ 0
QSO: 21343 PH 2026-03-08 1858 ED8W 59 1000 NR7L 59 CA 1
QSO: 28469 PH 2026-03-08 1859 ED8W 59 1000 KZ4CE 59 GA 0
QSO: 21343 PH 2026-03-08 1859 ED8W 59 1000 KQ4OMK 59 SC 1
QSO: 28469 PH 2026-03-08 1859 ED8W 59 1000 W2ZF 59 NY 0
QSO: 21343 PH 2026-03-08 1859 ED8W 59 1000 KR4HNX 59 NC 1
QSO: 21343 PH 2026-03-08 1859 ED8W 59 1000 N9XIM 59 WI 1
QSO: 21343 PH 2026-03-08 1900 ED8W 59 1000 W7DZ 59 WA 1
QSO: 28469 PH 2026-03-08 1900 ED8W 59 1000 W4USS 59 NC 0
QSO: 21343 PH 2026-03-08 1900 ED8W 59 1000 KB3LTT 59 PA 1
QSO: 28469 PH 2026-03-08 1900 ED8W 59 1000 W2SWR 59 SC 0
QSO: 21343 PH 2026-03-08 1900 ED8W 59 1000 KA8TOA 59 OH 1
QSO: 21343 PH 2026-03-08 1900 ED8W 59 1000 WA4GGK 59 AL 1
QSO: 28469 PH 2026-03-08 1900 ED8W 59 1000 KD0HOT 59 MO 0
QSO: 28469 PH 2026-03-08 1900 ED8W 59 1000 KA0PQW 59 MN 0
QSO: 21343 PH 2026-03-08 1901 ED8W 59 1000 K0RC 59 MN 1
QSO: 28469 PH 2026-03-08 1901 ED8W 59 1000 WB8VLC 59 OR 0
QSO: 28469 PH 2026-03-08 1901 ED8W 59 1000 WD8QGE 59 OH 0
QSO: 28469 PH 2026-03-08 1902 ED8W 59 1000 K1MJC 59 MA 0
QSO: 28469 PH 2026-03-08 1902 ED8W 59 1000 W0IZ 59 CO 0
QSO: 28469 PH 2026-03-08 1903 ED8W 59 1000 WV4P 59 TN 0
QSO: 28469 PH 2026-03-08 1903 ED8W 59 1000 K4FJW 59 VA 0
QSO: 28469 PH 2026-03-08 1903 ED8W 59 1000 KJ4OOR 59 TN 0
QSO: 21343 PH 2026-03-08 1903 ED8W 59 1000 K3MD 59 PA 1
QSO: 28469 PH 2026-03-08 1903 ED8W 59 1000 NX1K 59 MA 0
QSO: 28469 PH 2026-03-08 1903 ED8W 59 1000 KB9RKK 59 TN 0
QSO: 28469 PH 2026-03-08 1904 ED8W 59 1000 N1NN 59 MA 0
QSO: 28469 PH 2026-03-08 1904 ED8W 59 1000 K6BXR 59 CA 0
QSO: 28469 PH 2026-03-08 1904 ED8W 59 1000 KC1DBR 59 NH 0
QSO: 21343 PH 2026-03-08 1904 ED8W 59 1000 K2TAC 59 NJ 1
QSO: 21343 PH 2026-03-08 1904 ED8W 59 1000 N7US 59 IL 1
QSO: 21343 PH 2026-03-08 1904 ED8W 59 1000 NW5Q 59 TX 1
QSO: 28469 PH 2026-03-08 1905 ED8W 59 1000 KD9VSU 59 IN 0
QSO: 28469 PH 2026-03-08 1905 ED8W 59 1000 KU8E 59 GA 0
QSO: 28469 PH 2026-03-08 1906 ED8W 59 1000 W1JS 59 NH 0
QSO: 28469 PH 2026-03-08 1906 ED8W 59 1000 AD0CH 59 KS 0
QSO: 28469 PH 2026-03-08 1906 ED8W 59 1000 AD4DQ 59 KY 0
QSO: 28469 PH 2026-03-08 1907 ED8W 59 1000 KB0ARZ 59 NE 0
QSO: 28469 PH 2026-03-08 1907 ED8W 59 1000 N9LYE 59 IL 0
QSO: 21343 PH 2026-03-08 1907 ED8W 59 1000 N8JEE 59 OH 1
QSO: 21343 PH 2026-03-08 1907 ED8W 59 1000 W4FNP 59 FL 1
QSO: 28469 PH 2026-03-08 1908 ED8W 59 1000 W5CUB 59 TX 0
QSO: 28469 PH 2026-03-08 1908 ED8W 59 1000 W4EOS 59 TN 0
QSO: 28469 PH 2026-03-08 1908 ED8W 59 1000 N6LL 59 CA 0
QSO: 28469 PH 2026-03-08 1908 ED8W 59 1000 AJ9C 59 IN 0
QSO: 21343 PH 2026-03-08 1909 ED8W 59 1000 N1SD 59 ME 1
QSO: 28469 PH 2026-03-08 1909 ED8W 59 1000 N9EVP 59 NE 0
QSO: 21343 PH 2026-03-08 1909 ED8W 59 1000 ND3R 59 PA 1
QSO: 28469 PH 2026-03-08 1909 ED8W 59 1000 AD3V 59 DE 0
QSO: 21343 PH 2026-03-08 1909 ED8W 59 1000 KD5EWK 59 MS 1
QSO: 28469 PH 2026-03-08 1909 ED8W 59 1000 W6OGX 59 CA 0
QSO: 28469 PH 2026-03-08 1909 ED8W 59 1000 AG5YL 59 TX 0
QSO: 28469 PH 2026-03-08 1910 ED8W 59 1000 KD4NEM 59 VA 0
QSO: 21343 PH 2026-03-08 1910 ED8W 59 1000 NV4C 59 GA 1
QSO: 21343 PH 2026-03-08 1910 ED8W 59 1000 KN6Y 59 CA 1
QSO: 28469 PH 2026-03-08 1910 ED8W 59 1000 W7CT 59 UT 0
QSO: 28469 PH 2026-03-08 1910 ED8W 59 1000 VE2HTC 59 QC 0
QSO: 21343 PH 2026-03-08 1910 ED8W 59 1000 KU8E 59 GA 1
QSO: 28469 PH 2026-03-08 1911 ED8W 59 1000 K6EB 59 CA 0
QSO: 28469 PH 2026-03-08 1911 ED8W 59 1000 KO4TUP 59 SC 0
QSO: 21343 PH 2026-03-08 1912 ED8W 59 1000 KA8VOC 59 OH 1
QSO: 28469 PH 2026-03-08 1912 ED8W 59 1000 KN4YCK 59 NC 0
QSO: 28469 PH 2026-03-08 1912 ED8W 59 1000 W2OAB 59 NJ 0
QSO: 28469 PH 2026-03-08 1912 ED8W 59 1000 KB9DFE 59 WI 0
QSO: 28469 PH 2026-03-08 1913 ED8W 59 1000 KF0VRP 59 NE 0
QSO: 21343 PH 2026-03-08 1913 ED8W 59 1000 N9KR 59 IN 1
QSO: 28469 PH 2026-03-08 1913 ED8W 59 1000 KO4FXA 59 SC 0
QSO: 28469 PH 2026-03-08 1914 ED8W 59 1000 W0OLF 59 MN 0
QSO: 28469 PH 2026-03-08 1914 ED8W 59 1000 KQ0J 59 FL 0
QSO: 28469 PH 2026-03-08 1914 ED8W 59 1000 N7US 59 IL 0
QSO: 21343 PH 2026-03-08 1914 ED8W 59 1000 W1ATV 59 CT 1
QSO: 28469 PH 2026-03-08 1914 ED8W 59 1000 KC0MYY 59 MN 0
QSO: 28469 PH 2026-03-08 1914 ED8W 59 1000 W1ALV 59 CT 0
QSO: 28469 PH 2026-03-08 1915 ED8W 59 1000 VA3UP 59 ON 0
QSO: 21343 PH 2026-03-08 1915 ED8W 59 1000 K4BBH 59 GA 1
QSO: 28469 PH 2026-03-08 1915 ED8W 59 1000 WA6JRF 59 CA 0
QSO: 21343 PH 2026-03-08 1915 ED8W 59 1000 VE3NMI 59 ON 1
QSO: 28469 PH 2026-03-08 1915 ED8W 59 1000 N2AXX 59 NJ 0
QSO: 21343 PH 2026-03-08 1916 ED8W 59 1000 VE4GV 59 MB 1
QSO: 28469 PH 2026-03-08 1916 ED8W 59 1000 K9TVG 59 WI 0
QSO: 28469 PH 2026-03-08 1916 ED8W 59 1000 W2PI 59 NY 0
QSO: 21343 PH 2026-03-08 1916 ED8W 59 1000 K5WVF 59 MS 1
QSO: 28469 PH 2026-03-08 1916 ED8W 59 1000 K7RST 59 AZ 0
QSO: 21343 PH 2026-03-08 1917 ED8W 59 1000 W5RAW 59 TX 1
QSO: 28469 PH 2026-03-08 1917 ED8W 59 1000 KD0QIX 59 FL 0
QSO: 28469 PH 2026-03-08 1917 ED8W 59 1000 WB2DNG 59 NY 0
QSO: 28469 PH 2026-03-08 1917 ED8W 59 1000 WM7A 59 OR 0
QSO: 28469 PH 2026-03-08 1918 ED8W 59 1000 KO4BEG 59 NC 0
QSO: 28469 PH 2026-03-08 1918 ED8W 59 1000 W6RKC 59 CA 0
QSO: 28469 PH 2026-03-08 1918 ED8W 59 1000 VE1CX 59 NB 0
QSO: 28469 PH 2026-03-08 1918 ED8W 59 1000 KC1RAD 59 MA 0
QSO: 28469 PH 2026-03-08 1919 ED8W 59 1000 K1EAR 59 SD 0
QSO: 21343 PH 2026-03-08 1919 ED8W 59 1000 W9DWR 59 IL 1
QSO: 28469 PH 2026-03-08 1919 ED8W 59 1000 K1WAS 59 CT 0
QSO: 21343 PH 2026-03-08 1919 ED8W 59 1000 K9XN 59 IN 1
QSO: 28469 PH 2026-03-08 1919 ED8W 59 1000 KQ4VVW 59 GA 0
QSO: 21343 PH 2026-03-08 1919 ED8W 59 1000 KB4ABM 59 GA 1
QSO: 28469 PH 2026-03-08 1919 ED8W 59 1000 W6WWW 59 FL 0
QSO: 21343 PH 2026-03-08 1920 ED8W 59 1000 K4AUX 59 FL 1
QSO: 28469 PH 2026-03-08 1920 ED8W 59 1000 KC7DB 59 AZ 0
QSO: 21343 PH 2026-03-08 1920 ED8W 59 1000 N3KK 59 SC 1
QSO: 28469 PH 2026-03-08 1920 ED8W 59 1000 KR4IQX 59 VA 0
QSO: 28469 PH 2026-03-08 1920 ED8W 59 1000 N5AF 59 TX 0
QSO: 21343 PH 2026-03-08 1921 ED8W 59 1000 K3MOT 59 DE 1
QSO: 28469 PH 2026-03-08 1921 ED8W 59 1000 KB5ZZM 59 AR 0
QSO: 21343 PH 2026-03-08 1921 ED8W 59 1000 WA2WGF 59 NY 1
QSO: 28469 PH 2026-03-08 1921 ED8W 59 1000 KB0DUR 59 KS 0
QSO: 21343 PH 2026-03-08 1921 ED8W 59 1000 KW9A 59 IL 1
QSO: 28469 PH 2026-03-08 1921 ED8W 59 1000 K4AAG 59 VA 0
QSO: 21343 PH 2026-03-08 1922 ED8W 59 1000 K0TRL 59 KS 1
QSO: 28469 PH 2026-03-08 1922 ED8W 59 1000 W7BTM 59 OR 0
QSO: 28469 PH 2026-03-08 1922 ED8W 59 1000 K5PAR 59 TX 0
QSO: 28469 PH 2026-03-08 1922 ED8W 59 1000 KC2SPZ 59 NY 0
QSO: 28469 PH 2026-03-08 1923 ED8W 59 1000 K2RSB 59 NY 0
QSO: 28469 PH 2026-03-08 1923 ED8W 59 1000 WF6Q 59 CA 0
QSO: 28469 PH 2026-03-08 1923 ED8W 59 1000 K9HR 59 IL 0
QSO: 28469 PH 2026-03-08 1923 ED8W 59 1000 KC9ZMA 59 IN 0
QSO: 28469 PH 2026-03-08 1924 ED8W 59 1000 KE4IK 59 FL 0
QSO: 21343 PH 2026-03-08 1924 ED8W 59 1000 W1JGM 59 CT 1
QSO: 28469 PH 2026-03-08 1924 ED8W 59 1000 K5DF 59 TX 0
QSO: 28469 PH 2026-03-08 1924 ED8W 59 1000 KR4IQX 59 VA 0
QSO: 28469 PH 2026-03-08 1924 ED8W 59 1000 KC1ZAR 59 NH 0
QSO: 28469 PH 2026-03-08 1925 ED8W 59 1000 KR4DUF 59 TN 0
QSO: 28469 PH 2026-03-08 1925 ED8W 59 1000 KC1YER 59 NH 0
QSO: 28469 PH 2026-03-08 1925 ED8W 59 1000 WA1LBS 59 ME 0
QSO: 28469 PH 2026-03-08 1926 ED8W 59 1000 K0BRI/M 59 MN 0
QSO: 28469 PH 2026-03-08 1926 ED8W 59 1000 NW6P 59 CA 0
QSO: 28469 PH 2026-03-08 1926 ED8W 59 1000 KG4CGR 59 VA 0
QSO: 21343 PH 2026-03-08 1926 ED8W 59 1000 N9FDE 59 WI 1
QSO: 28469 PH 2026-03-08 1926 ED8W 59 1000 KM7AXG 59 AZ 0
QSO: 28469 PH 2026-03-08 1926 ED8W 59 1000 W6SX 59 CA 0
QSO: 28469 PH 2026-03-08 1927 ED8W 59 1000 KD2DMR 59 IL 0
QSO: 28469 PH 2026-03-08 1927 ED8W 59 1000 KD4ZW 59 KY 0
QSO: 28469 PH 2026-03-08 1927 ED8W 59 1000 KC0AAB 59 MN 0
QSO: 28469 PH 2026-03-08 1927 ED8W 59 1000 N4BFR 59 FL 0
QSO: 21343 PH 2026-03-08 1928 ED8W 59 1000 KQ4SMI 59 TN 1
QSO: 28469 PH 2026-03-08 1928 ED8W 59 1000 KE9U 59 IN 0
QSO: 28469 PH 2026-03-08 1928 ED8W 59 1000 W8JLB 59 WV 0
QSO: 28469 PH 2026-03-08 1929 ED8W 59 1000 NY6G 59 CA 0
QSO: 21343 PH 2026-03-08 1929 ED8W 59 1000 W9SRW 59 WI 1
QSO: 28469 PH 2026-03-08 1929 ED8W 59 1000 K7KEG 59 AZ 0
QSO: 21343 PH 2026-03-08 1929 ED8W 59 1000 NA7SS 59 WA 1
QSO: 28469 PH 2026-03-08 1929 ED8W 59 1000 N4JED 59 VA 0
QSO: 28469 PH 2026-03-08 1929 ED8W 59 1000 KD5ITM 59 TX 0
QSO: 28469 PH 2026-03-08 1930 ED8W 59 1000 K2KDX 59 NY 0
QSO: 28469 PH 2026-03-08 1930 ED8W 59 1000 VE1FX 59 NS 0
QSO: 21343 PH 2026-03-08 1930 ED8W 59 1000 W7II 59 IA 1
QSO: 28469 PH 2026-03-08 1930 ED8W 59 1000 W5DNL 59 TX 0
QSO: 21343 PH 2026-03-08 1930 ED8W 59 1000 W3ZX 59 PA 1
QSO: 28469 PH 2026-03-08 1930 ED8W 59 1000 N4RMI 59 NC 0
QSO: 21343 PH 2026-03-08 1931 ED8W 59 1000 WA2CWX 59 NJ 1
QSO: 28469 PH 2026-03-08 1931 ED8W 59 1000 WA1TAC 59 MA 0
QSO: 28469 PH 2026-03-08 1931 ED8W 59 1000 N0NFJ 59 MO 0
QSO: 28469 PH 2026-03-08 1931 ED8W 59 1000 AA2MU 59 NY 0
QSO: 28469 PH 2026-03-08 1931 ED8W 59 1000 K2IRK 59 NY 0
QSO: 21343 PH 2026-03-08 1931 ED8W 59 1000 W8QEZ 59 OH 1
QSO: 21343 PH 2026-03-08 1932 ED8W 59 1000 KE9CNH 59 IN 1
QSO: 21343 PH 2026-03-08 1932 ED8W 59 1000 K9GKZ 59 FL 1
QSO: 28469 PH 2026-03-08 1932 ED8W 59 1000 N7JI 59 OR 0
QSO: 28469 PH 2026-03-08 1932 ED8W 59 1000 KF4KBQ 59 NC 0
QSO: 21343 PH 2026-03-08 1932 ED8W 59 1000 NN7V 59 MO 1
QSO: 28469 PH 2026-03-08 1932 ED8W 59 1000 NX9T 59 NC 0
QSO: 21343 PH 2026-03-08 1933 ED8W 59 1000 KD2RD 59 NY 1
QSO: 28469 PH 2026-03-08 1933 ED8W 59 1000 KE9EUC 59 IL 0
QSO: 28469 PH 2026-03-08 1933 ED8W 59 1000 K0OP 59 ND 0
QSO: 28469 PH 2026-03-08 1933 ED8W 59 1000 K9ARN 59 IL 0
QSO: 28469 PH 2026-03-08 1933 ED8W 59 1000 WA9SZM 59 IL 0
QSO: 28469 PH 2026-03-08 1933 ED8W 59 1000 NC4SW 59 NC 0
QSO: 28469 PH 2026-03-08 1933 ED8W 59 1000 K5CM 59 OK 0
QSO: 28469 PH 2026-03-08 1934 ED8W 59 1000 K6DAV 59 CA 0
QSO: 21343 PH 2026-03-08 1934 ED8W 59 1000 N4GAS 59 NC 1
QSO: 28469 PH 2026-03-08 1934 ED8W 59 1000 KG4STL 59 TN 0
QSO: 21343 PH 2026-03-08 1934 ED8W 59 1000 K1VR 59 MA 1
QSO: 28469 PH 2026-03-08 1934 ED8W 59 1000 K4ZWW 59 GA 0
QSO: 28469 PH 2026-03-08 1935 ED8W 59 1000 W4USS 59 NC 0
QSO: 28469 PH 2026-03-08 1935 ED8W 59 1000 W2EHH 59 NY 0
QSO: 21343 PH 2026-03-08 1935 ED8W 59 1000 K2RET 59 NJ 1
QSO: 28469 PH 2026-03-08 1935 ED8W 59 1000 K1SP 59 TX 0
QSO: 28469 PH 2026-03-08 1935 ED8W 59 1000 K3LKS 59 TX 0
QSO: 21343 PH 2026-03-08 1935 ED8W 59 1000 KC4BB 59 AL 1
QSO: 28469 PH 2026-03-08 1936 ED8W 59 1000 K0JJM 59 KS 0
QSO: 21343 PH 2026-03-08 1936 ED8W 59 1000 KE4MAC 59 NC 1
QSO: 28469 PH 2026-03-08 1936 ED8W 59 1000 W6RKC 59 CA 0
QSO: 21343 PH 2026-03-08 1936 ED8W 59 1000 N9CKL 59 IL 1
QSO: 28469 PH 2026-03-08 1937 ED8W 59 1000 N5KO 59 CA 0
QSO: 21343 PH 2026-03-08 1937 ED8W 59 1000 W4ZDP 59 GA 1
QSO: 28469 PH 2026-03-08 1937 ED8W 59 1000 KB6LFM 59 CA 0
QSO: 28469 PH 2026-03-08 1937 ED8W 59 1000 WE4CAT 59 GA 0
QSO: 28469 PH 2026-03-08 1937 ED8W 59 1000 KX3Y 59 AL 0
QSO: 28469 PH 2026-03-08 1938 ED8W 59 1000 KD2UZU 59 NY 0
QSO: 21343 PH 2026-03-08 1938 ED8W 59 1000 AC1J 59 NH 1
QSO: 28469 PH 2026-03-08 1938 ED8W 59 1000 KJ4BOB 59 NC 0
QSO: 28469 PH 2026-03-08 1938 ED8W 59 1000 KF0OUH 59 MN 0
QSO: 21343 PH 2026-03-08 1938 ED8W 59 1000 N2YF 59 FL 1
QSO: 28469 PH 2026-03-08 1939 ED8W 59 1000 KY4FV 59 GA 0
QSO: 28469 PH 2026-03-08 1939 ED8W 59 1000 KE6GFI 59 AZ 0
QSO: 28469 PH 2026-03-08 1939 ED8W 59 1000 WB4YCA 59 VA 0
QSO: 28469 PH 2026-03-08 1939 ED8W 59 1000 WE8RV 59 AZ 0
QSO: 21343 PH 2026-03-08 1939 ED8W 59 1000 W0ENX 59 IA 1
QSO: 28469 PH 2026-03-08 1940 ED8W 59 1000 N6YG 59 CA 0
QSO: 28469 PH 2026-03-08 1940 ED8W 59 1000 K4BBH 59 GA 0
QSO: 21343 PH 2026-03-08 1940 ED8W 59 1000 N0ZHE 59 KS 1
QSO: 28469 PH 2026-03-08 1941 ED8W 59 1000 W2DON 59 CA 0
QSO: 28469 PH 2026-03-08 1941 ED8W 59 1000 KC1RXN 59 ME 0
QSO: 21343 PH 2026-03-08 1941 ED8W 59 1000 VE3UTA 59 ON 1
QSO: 28469 PH 2026-03-08 1941 ED8W 59 1000 WB4JIM 59 CT 0
QSO: 28469 PH 2026-03-08 1941 ED8W 59 1000 KD9ADR 59 IN 0
QSO: 28469 PH 2026-03-08 1941 ED8W 59 1000 KF0MKP 59 IA 0
QSO: 21343 PH 2026-03-08 1941 ED8W 59 1000 W6WWW 59 FL 1
QSO: 28469 PH 2026-03-08 1942 ED8W 59 1000 W9SN 59 TN 0
QSO: 28469 PH 2026-03-08 1942 ED8W 59 1000 WA8KAN 59 WV 0
QSO: 21447 PH 2026-03-08 1942 ED8W 59 1000 W1XX 59 RI 1
QSO: 28469 PH 2026-03-08 1943 ED8W 59 1000 KK7GPR 59 AZ 0
QSO: 21343 PH 2026-03-08 1943 ED8W 59 1000 KR4DEA 59 FL 1
QSO: 28469 PH 2026-03-08 1943 ED8W 59 1000 K6RIM 59 CA 0
QSO: 28469 PH 2026-03-08 1943 ED8W 59 1000 K4TG 59 KY 0
QSO: 28469 PH 2026-03-08 1944 ED8W 59 1000 W4FCL 59 KY 0
QSO: 21343 PH 2026-03-08 1944 ED8W 59 1000 KC9YIJ 59 IL 1
QSO: 28469 PH 2026-03-08 1944 ED8W 59 1000 KN4QVC 59 NC 0
QSO: 28469 PH 2026-03-08 1944 ED8W 59 1000 KE9EBO 59 IN 0
QSO: 28469 PH 2026-03-08 1944 ED8W 59 1000 N4OO 59 GA 0
QSO: 21343 PH 2026-03-08 1945 ED8W 59 1000 AA9GC 59 MO 1
QSO: 28469 PH 2026-03-08 1945 ED8W 59 1000 W5VYC 59 NM 0
QSO: 28469 PH 2026-03-08 1945 ED8W 59 1000 N5WAX 59 TX 0
QSO: 28469 PH 2026-03-08 1945 ED8W 59 1000 KF0SJS 59 CO 0
QSO: 28469 PH 2026-03-08 1945 ED8W 59 1000 WE4CAT 59 GA 0
QSO: 21343 PH 2026-03-08 1946 ED8W 59 1000 AI7SE 59 AZ 1
QSO: 28469 PH 2026-03-08 1946 ED8W 59 1000 KF8EJP 59 OH 0
QSO: 21343 PH 2026-03-08 1946 ED8W 59 1000 KD3BEL 59 DE 1
QSO: 28469 PH 2026-03-08 1946 ED8W 59 1000 KO4MB 59 AL 0
QSO: 28469 PH 2026-03-08 1946 ED8W 59 1000 KR4CGD 59 TN 0
QSO: 21343 PH 2026-03-08 1946 ED8W 59 1000 W8CBG 59 OH 1
QSO: 28469 PH 2026-03-08 1947 ED8W 59 1000 KB9LGS 59 IN 0
QSO: 21343 PH 2026-03-08 1947 ED8W 59 1000 W6KGP 59 WY 1
QSO: 21343 PH 2026-03-08 1947 ED8W 59 1000 N8XGS 59 MI 1
QSO: 28469 PH 2026-03-08 1947 ED8W 59 1000 KG6MAY 59 CA 0
QSO: 28469 PH 2026-03-08 1947 ED8W 59 1000 VE9EZ/P 59 NS 0
QSO: 28469 PH 2026-03-08 1948 ED8W 59 1000 KC1SSY 59 ME 0
QSO: 28469 PH 2026-03-08 1948 ED8W 59 1000 KF0QPD 59 MN 0
QSO: 21343 PH 2026-03-08 1948 ED8W 59 1000 WA5AZQ 59 TX 1
QSO: 21343 PH 2026-03-08 1949 ED8W 59 1000 KB7CDA 59 OR 1
QSO: 28469 PH 2026-03-08 1949 ED8W 59 1000 W3WHK 59 PA 0
QSO: 21343 PH 2026-03-08 1949 ED8W 59 1000 KE7MJR 59 OR 1
QSO: 28469 PH 2026-03-08 1949 ED8W 59 1000 KJ5OJE 59 AR 0
QSO: 21343 PH 2026-03-08 1950 ED8W 59 1000 VE3SMA 59 ON 1
QSO: 28469 PH 2026-03-08 1950 ED8W 59 1000 KC1VCN 59 MA 0
QSO: 28469 PH 2026-03-08 1950 ED8W 59 1000 KC1MMC 59 VT 0
QSO: 28469 PH 2026-03-08 1951 ED8W 59 1000 AB8F 59 WV 0
QSO: 28469 PH 2026-03-08 1951 ED8W 59 1000 VY2LI 59 PE 0
QSO: 21343 PH 2026-03-08 1952 ED8W 59 1000 K7JDT 59 WA 1
QSO: 28469 PH 2026-03-08 1952 ED8W 59 1000 KN6KMJ 59 CA 0
QSO: 28469 PH 2026-03-08 1952 ED8W 59 1000 N0JK 59 KS 0
QSO: 28469 PH 2026-03-08 1952 ED8W 59 1000 KO6LBD 59 CA 0
QSO: 28469 PH 2026-03-08 1953 ED8W 59 1000 KN6KBK 59 CA 0
QSO: 21343 PH 2026-03-08 1953 ED8W 59 1000 KE5MDP 59 MO 1
QSO: 28469 PH 2026-03-08 1953 ED8W 59 1000 KN6KMJ 59 CA 0
QSO: 28469 PH 2026-03-08 1953 ED8W 59 1000 AE6YB 59 CA 0
QSO: 28469 PH 2026-03-08 1953 ED8W 59 1000 KD9RDU 59 IL 0
QSO: 28469 PH 2026-03-08 1953 ED8W 59 1000 W9ODO 59 IL 0
QSO: 21343 PH 2026-03-08 1954 ED8W 59 1000 W3WN 59 PA 1
QSO: 28469 PH 2026-03-08 1954 ED8W 59 1000 KE4ZWI 59 TN 0
QSO: 21343 PH 2026-03-08 1954 ED8W 59 1000 K7AP 59 FL 1
QSO: 28469 PH 2026-03-08 1955 ED8W 59 1000 WA2QWP 59 AZ 0
QSO: 28469 PH 2026-03-08 1955 ED8W 59 1000 W2YPP 59 SC 0
QSO: 28469 PH 2026-03-08 1955 ED8W 59 1000 WA0SHK 59 IA 0
QSO: 28469 PH 2026-03-08 1955 ED8W 59 1000 KK6BXR 59 CA 0
QSO: 28469 PH 2026-03-08 1955 ED8W 59 1000 KM6QDQ 59 GA 0
QSO: 21343 PH 2026-03-08 1956 ED8W 59 1000 W4FCL 59 KY 1
QSO: 28469 PH 2026-03-08 1956 ED8W 59 1000 KJ5KGO 59 GA 0
QSO: 28469 PH 2026-03-08 1956 ED8W 59 1000 K9YC 59 CA 0
QSO: 28469 PH 2026-03-08 1956 ED8W 59 1000 WQ6X 59 CA 0
QSO: 28469 PH 2026-03-08 1957 ED8W 59 1000 W7CXX 59 UT 0
QSO: 21343 PH 2026-03-08 1957 ED8W 59 1000 KZ4HI 59 AL 1
QSO: 28469 PH 2026-03-08 1957 ED8W 59 1000 K6REA 59 CA 0
QSO: 28469 PH 2026-03-08 1957 ED8W 59 1000 KI4QVX 59 GA 0
QSO: 21343 PH 2026-03-08 1957 ED8W 59 1000 W3SJT 59 DE 1
QSO: 21343 PH 2026-03-08 1958 ED8W 59 1000 KD7VIK 59 OR 1
QSO: 21343 PH 2026-03-08 1958 ED8W 59 1000 AA3LX 59 PA 1
QSO: 28469 PH 2026-03-08 1958 ED8W 59 1000 K5XTT 59 TX 0
QSO: 21343 PH 2026-03-08 1958 ED8W 59 1000 K5SAT 59 TX 1
QSO: 28469 PH 2026-03-08 1958 ED8W 59 1000 KC1VIO 59 MA 0
QSO: 28469 PH 2026-03-08 1958 ED8W 59 1000 K4DXV 59 TN 0
QSO: 28469 PH 2026-03-08 1959 ED8W 59 1000 WG2B 59 NY 0
QSO: 28469 PH 2026-03-08 1959 ED8W 59 1000 VY2GF 59 PE 0
QSO: 28469 PH 2026-03-08 1959 ED8W 59 1000 WN5TL 59 TX 0
QSO: 21343 PH 2026-03-08 1959 ED8W 59 1000 WD4AB 59 FL 1
QSO: 28469 PH 2026-03-08 2000 ED8W 59 1000 K6VVK 59 CA 0
QSO: 21343 PH 2026-03-08 2000 ED8W 59 1000 KE0ME 59 CO 1
QSO: 28469 PH 2026-03-08 2000 ED8W 59 1000 WB0ICT 59 KS 0
QSO: 28469 PH 2026-03-08 2000 ED8W 59 1000 KF4LQT 59 NC 0
QSO: 28469 PH 2026-03-08 2000 ED8W 59 1000 WA6JRF 59 CA 0
QSO: 21343 PH 2026-03-08 2000 ED8W 59 1000 K0BFT 59 MN 1
QSO: 21343 PH 2026-03-08 2001 ED8W 59 1000 K2KT 59 VA 1
QSO: 28469 PH 2026-03-08 2001 ED8W 59 1000 VE2BVV 59 QC 0
QSO: 28469 PH 2026-03-08 2001 ED8W 59 1000 K4AZE 59 TN 0
QSO: 28469 PH 2026-03-08 2001 ED8W 59 1000 KO4QEX 59 GA 0
QSO: 28469 PH 2026-03-08 2001 ED8W 59 1000 N4RMF 59 NC 0
QSO: 21343 PH 2026-03-08 2002 ED8W 59 1000 KE4RUN 59 NC 1
QSO: 28469 PH 2026-03-08 2002 ED8W 59 1000 K9NV 59 AZ 0
QSO: 21343 PH 2026-03-08 2002 ED8W 59 1000 W7XE 59 OR 1
QSO: 28469 PH 2026-03-08 2002 ED8W 59 1000 AK7MG 59 NV 0
QSO: 21343 PH 2026-03-08 2002 ED8W 59 1000 AI9S 59 IL 1
QSO: 28469 PH 2026-03-08 2002 ED8W 59 1000 N0JN 59 MO 0
QSO: 21343 PH 2026-03-08 2002 ED8W 59 1000 W4LDS 59 FL 1
QSO: 28469 PH 2026-03-08 2002 ED8W 59 1000 KG4CUT 59 GA 0
QSO: 21343 PH 2026-03-08 2003 ED8W 59 1000 WB9TFF 59 WI 1
QSO: 28469 PH 2026-03-08 2003 ED8W 59 1000 KG5JKC 59 TX 0
QSO: 21343 PH 2026-03-08 2003 ED8W 59 1000 W7FAT 59 CA 1
QSO: 28469 PH 2026-03-08 2003 ED8W 59 1000 KC4QJA 59 AL 0
QSO: 21343 PH 2026-03-08 2003 ED8W 59 1000 N8FM 59 MI 1
QSO: 21343 PH 2026-03-08 2004 ED8W 59 1000 KJ4CGU 59 FL 1
QSO: 28469 PH 2026-03-08 2004 ED8W 59 1000 KB5DRG 59 MS 0
QSO: 21343 PH 2026-03-08 2004 ED8W 59 1000 K4HOA 59 FL 1
QSO: 21343 PH 2026-03-08 2004 ED8W 59 1000 N5LPT 59 TX 1
QSO: 28469 PH 2026-03-08 2004 ED8W 59 1000 W4FCL 59 KY 0
QSO: 28469 PH 2026-03-08 2004 ED8W 59 1000 AC1GF 59 NH 0
QSO: 21343 PH 2026-03-08 2005 ED8W 59 1000 WS5BSA 59 OK 1
QSO: 28469 PH 2026-03-08 2005 ED8W 59 1000 KD2RD 59 NY 0
QSO: 21343 PH 2026-03-08 2005 ED8W 59 1000 W6KC 59 CA 1
QSO: 21343 PH 2026-03-08 2005 ED8W 59 1000 AJ9C 59 IN 1
QSO: 28469 PH 2026-03-08 2005 ED8W 59 1000 KA4FXA 59 SC 0
QSO: 28469 PH 2026-03-08 2005 ED8W 59 1000 KD2ZJK 59 NJ 0
QSO: 21343 PH 2026-03-08 2005 ED8W 59 1000 KD2TC 59 DE 1
QSO: 28469 PH 2026-03-08 2006 ED8W 59 1000 WC4Z 59 NC 0
QSO: 28469 PH 2026-03-08 2006 ED8W 59 1000 KB0NES 59 MN 0
QSO: 28469 PH 2026-03-08 2006 ED8W 59 1000 KT3M 59 CO 0
QSO: 28469 PH 2026-03-08 2007 ED8W 59 1000 K6HAR 59 CA 0
QSO: 21343 PH 2026-03-08 2007 ED8W 59 1000 KB5IAV 59 LA 1
QSO: 28469 PH 2026-03-08 2007 ED8W 59 1000 NV4DX 59 FL 0
QSO: 28469 PH 2026-03-08 2007 ED8W 59 1000 N0SD 59 SD 0
QSO: 21343 PH 2026-03-08 2008 ED8W 59 1000 WA9SZM 59 IL 1
QSO: 28469 PH 2026-03-08 2008 ED8W 59 1000 W2EB 59 NY 0
QSO: 28469 PH 2026-03-08 2009 ED8W 59 1000 N3DEB 59 CA 0
QSO: 28469 PH 2026-03-08 2009 ED8W 59 1000 N0TJG 59 MO 0
QSO: 21343 PH 2026-03-08 2009 ED8W 59 1000 KB7BIB 59 AZ 1
QSO: 21343 PH 2026-03-08 2009 ED8W 59 1000 K3GWK 59 GA 1
QSO: 28469 PH 2026-03-08 2010 ED8W 59 1000 K3VW/M 59 TX 0
QSO: 21343 PH 2026-03-08 2011 ED8W 59 1000 KB2HSP 59 NJ 1
QSO: 28469 PH 2026-03-08 2011 ED8W 59 1000 VA3YA 59 ON 0
QSO: 28469 PH 2026-03-08 2011 ED8W 59 1000 KC1WCM 59 NH 0
QSO: 28469 PH 2026-03-08 2011 ED8W 59 1000 K9NO 59 IL 0
QSO: 28469 PH 2026-03-08 2012 ED8W 59 1000 K4CLK 59 FL 0
QSO: 28469 PH 2026-03-08 2013 ED8W 59 1000 K7WDA 59 AZ 0
QSO: 28469 PH 2026-03-08 2013 ED8W 59 1000 KQ4SNE 59 FL 0
QSO: 28469 PH 2026-03-08 2013 ED8W 59 1000 K4NWX 59 SC 0
QSO: 28469 PH 2026-03-08 2014 ED8W 59 1000 KK4CID 59 FL 0
QSO: 28469 PH 2026-03-08 2014 ED8W 59 1000 K1NGZ 59 AZ 0
QSO: 28469 PH 2026-03-08 2014 ED8W 59 1000 KC3PKV 59 PA 0
QSO: 21344 PH 2026-03-08 2015 ED8W 59 1000 KG4CRJ 59 NC 1
QSO: 28469 PH 2026-03-08 2015 ED8W 59 1000 KC1SZP 59 MA 0
QSO: 28469 PH 2026-03-08 2015 ED8W 59 1000 KC4STR 59 SC 0
QSO: 21344 PH 2026-03-08 2015 ED8W 59 1000 WB0ICT 59 KS 1
QSO: 28469 PH 2026-03-08 2015 ED8W 59 1000 WA5LFD 59 TX 0
QSO: 28469 PH 2026-03-08 2016 ED8W 59 1000 KO4FXA 59 SC 0
QSO: 28469 PH 2026-03-08 2017 ED8W 59 1000 KC0JRW 59 NE 0
QSO: 28469 PH 2026-03-08 2017 ED8W 59 1000 N0VUQ 59 FL 0
QSO: 21344 PH 2026-03-08 2017 ED8W 59 1000 KA3IVN 59 NJ 1
QSO: 21344 PH 2026-03-08 2018 ED8W 59 1000 K2CAF 59 FL 1
QSO: 28469 PH 2026-03-08 2018 ED8W 59 1000 NN5T 59 TX 0
QSO: 28469 PH 2026-03-08 2018 ED8W 59 1000 W0RJE 59 IA 0
QSO: 21344 PH 2026-03-08 2019 ED8W 59 1000 KE8PX 59 GA 1
QSO: 28469 PH 2026-03-08 2019 ED8W 59 1000 WA1MAD 59 MA 0
QSO: 21344 PH 2026-03-08 2019 ED8W 59 1000 N5PP 59 OK 1
QSO: 28469 PH 2026-03-08 2020 ED8W 59 1000 KJ5KGK 59 AL 0
QSO: 28469 PH 2026-03-08 2020 ED8W 59 1000 KC6SLA 59 AL 0
QSO: 21344 PH 2026-03-08 2020 ED8W 59 1000 AK5CT 59 MS 1
QSO: 28469 PH 2026-03-08 2020 ED8W 59 1000 KO6CKO 59 CA 0
QSO: 28469 PH 2026-03-08 2021 ED8W 59 1000 KC3WRH 59 MD 0
QSO: 28469 PH 2026-03-08 2021 ED8W 59 1000 KA4ZZZ 59 GA 0
QSO: 21344 PH 2026-03-08 2021 ED8W 59 1000 KE8ORF 59 MI 1
QSO: 21344 PH 2026-03-08 2022 ED8W 59 1000 K5CAT 59 TX 1
QSO: 21344 PH 2026-03-08 2022 ED8W 59 1000 VE3ZZ 59 ON 1
QSO: 28469 PH 2026-03-08 2022 ED8W 59 1000 K1NGZ 59 AZ 0
QSO: 21344 PH 2026-03-08 2022 ED8W 59 1000 KT3M 59 CO 1
QSO: 21344 PH 2026-03-08 2022 ED8W 59 1000 N2LFD 59 NJ 1
QSO: 21344 PH 2026-03-08 2023 ED8W 59 1000 WG9I 59 WI 1
QSO: 21344 PH 2026-03-08 2023 ED8W 59 1000 W1DRV 59 MA 1
QSO: 28469 PH 2026-03-08 2023 ED8W 59 1000 N2RM 59 FL 0
QSO: 28469 PH 2026-03-08 2024 ED8W 59 1000 KK4CS 59 GA 0
QSO: 21344 PH 2026-03-08 2024 ED8W 59 1000 N9SJH 59 NC 1
QSO: 21344 PH 2026-03-08 2024 ED8W 59 1000 KD9ZGB 59 IN 1
QSO: 28469 PH 2026-03-08 2024 ED8W 59 1000 VA3MHT 59 ON 0
QSO: 21344 PH 2026-03-08 2025 ED8W 59 1000 N5WAX 59 TX 1
QSO: 28469 PH 2026-03-08 2025 ED8W 59 1000 W4DOC 59 GA 0
QSO: 21344 PH 2026-03-08 2025 ED8W 59 1000 K1CAL 59 GA 1
QSO: 28469 PH 2026-03-08 2025 ED8W 59 1000 KB2YCF 59 NJ 0
QSO: 21344 PH 2026-03-08 2025 ED8W 59 1000 W4ERX 59 SC 1
QSO: 21344 PH 2026-03-08 2025 ED8W 59 1000 AI5G 59 MO 1
QSO: 28469 PH 2026-03-08 2026 ED8W 59 1000 N5EKC 59 LA 0
QSO: 21344 PH 2026-03-08 2026 ED8W 59 1000 K5VAR 59 SC 1
QSO: 28469 PH 2026-03-08 2026 ED8W 59 1000 KB1DMX 59 CT 0
QSO: 28469 PH 2026-03-08 2026 ED8W 59 1000 WZ8T 59 WA 0
QSO: 21344 PH 2026-03-08 2026 ED8W 59 1000 KO6CCU 59 CA 1
QSO: 21344 PH 2026-03-08 2026 ED8W 59 1000 WB0ULX 59 SD 1
QSO: 28469 PH 2026-03-08 2026 ED8W 59 1000 KN4TUM 59 FL 0
QSO: 28469 PH 2026-03-08 2027 ED8W 59 1000 VE3KP 59 ON 0
QSO: 21344 PH 2026-03-08 2027 ED8W 59 1000 KD2DMR 59 IL 1
QSO: 28469 PH 2026-03-08 2027 ED8W 59 1000 KJ5LZR 59 TX 0
QSO: 21344 PH 2026-03-08 2028 ED8W 59 1000 KC1MMC 59 VT 1
QSO: 21344 PH 2026-03-08 2028 ED8W 59 1000 WB3FBL 59 PA 1
QSO: 28469 PH 2026-03-08 2028 ED8W 59 1000 KG5YPO 59 OK 0
QSO: 21344 PH 2026-03-08 2028 ED8W 59 1000 W1BRU 59 RI 1
QSO: 28469 PH 2026-03-08 2028 ED8W 59 1000 WA0LEK 59 CO 0
QSO: 28469 PH 2026-03-08 2029 ED8W 59 1000 N4ICF 59 FL 0
QSO: 21344 PH 2026-03-08 2029 ED8W 59 1000 KE7CR 59 ID 1
QSO: 28469 PH 2026-03-08 2029 ED8W 59 1000 K4HOA 59 FL 0
QSO: 28469 PH 2026-03-08 2029 ED8W 59 1000 WX5M 59 LA 0
QSO: 21344 PH 2026-03-08 2029 ED8W 59 1000 KB1GTG 59 MA 1
QSO: 28469 PH 2026-03-08 2029 ED8W 59 1000 K1TKT 59 NH 0
QSO: 21344 PH 2026-03-08 2029 ED8W 59 1000 KG5HBL 59 AZ 1
QSO: 21344 PH 2026-03-08 2030 ED8W 59 1000 W7BTM 59 OR 1
QSO: 21344 PH 2026-03-08 2030 ED8W 59 1000 WA4JA 59 TN 1
QSO: 28469 PH 2026-03-08 2030 ED8W 59 1000 KI5OMH/M 59 TX 0
QSO: 28469 PH 2026-03-08 2031 ED8W 59 1000 VA7KK 59 BC 0
QSO: 21344 PH 2026-03-08 2031 ED8W 59 1000 KB8FCG 59 MI 1
QSO: 21344 PH 2026-03-08 2031 ED8W 59 1000 KC1TLY 59 NH 1
QSO: 21344 PH 2026-03-08 2031 ED8W 59 1000 KN4XW 59 VA 1
QSO: 28469 PH 2026-03-08 2032 ED8W 59 1000 K3OIL 59 NC 0
QSO: 21344 PH 2026-03-08 2032 ED8W 59 1000 K8MDG 59 MI 1
QSO: 28469 PH 2026-03-08 2032 ED8W 59 1000 KA5IFX 59 AR 0
QSO: 21344 PH 2026-03-08 2032 ED8W 59 1000 W2YOM 59 NJ 1
QSO: 28469 PH 2026-03-08 2032 ED8W 59 1000 KJ4LEN 59 FL 0
QSO: 21344 PH 2026-03-08 2032 ED8W 59 1000 KQ4WKP 59 NC 1
QSO: 28469 PH 2026-03-08 2032 ED8W 59 1000 WA2CNV 59 NY 0
QSO: 21344 PH 2026-03-08 2033 ED8W 59 1000 K6HLC 59 VA 1
QSO: 21344 PH 2026-03-08 2033 ED8W 59 1000 N3DEB 59 CA 1
QSO: 28469 PH 2026-03-08 2033 ED8W 59 1000 K1AYZ 59 FL 0
QSO: 21344 PH 2026-03-08 2033 ED8W 59 1000 KJ5KTN 59 NM 1
QSO: 28469 PH 2026-03-08 2034 ED8W 59 1000 W5MOT 59 TX 0
QSO: 21344 PH 2026-03-08 2034 ED8W 59 1000 K4NWX 59 SC 1
QSO: 28469 PH 2026-03-08 2034 ED8W 59 1000 W4NDY 59 GA 0
QSO: 28469 PH 2026-03-08 2034 ED8W 59 1000 WB4HRL 59 SC 0
QSO: 21354 PH 2026-03-08 2034 ED8W 59 1000 K4IEY 59 NC 1
QSO: 21344 PH 2026-03-08 2034 ED8W 59 1000 KF0VR 59 CO 1
QSO: 21344 PH 2026-03-08 2035 ED8W 59 1000 KC6SAL 59 AL 1
QSO: 21344 PH 2026-03-08 2035 ED8W 59 1000 KC8ODP 59 MI 1
QSO: 21344 PH 2026-03-08 2035 ED8W 59 1000 KB4OI 59 NC 1
QSO: 21344 PH 2026-03-08 2036 ED8W 59 1000 WI2A 59 NY 1
QSO: 21344 PH 2026-03-08 2036 ED8W 59 1000 W7XDX 59 UT 1
QSO: 14148 PH 2026-03-08 2036 ED8W 59 1000 VE5MX 59 SK 0
QSO: 21344 PH 2026-03-08 2036 ED8W 59 1000 W2BZ 59 NY 1
QSO: 21344 PH 2026-03-08 2037 ED8W 59 1000 WB9BWP 59 WI 1
QSO: 21344 PH 2026-03-08 2038 ED8W 59 1000 WB5PGX 59 TX 1
QSO: 21344 PH 2026-03-08 2038 ED8W 59 1000 W9BYA 59 IN 1
QSO: 21344 PH 2026-03-08 2038 ED8W 59 1000 K2QO 59 NY 1
QSO: 21344 PH 2026-03-08 2039 ED8W 59 1000 KR4DYT 59 GA 1
QSO: 21344 PH 2026-03-08 2039 ED8W 59 1000 K2RSB 59 NY 1
QSO: 21344 PH 2026-03-08 2039 ED8W 59 1000 K3WSP 59 DE 1
QSO: 21344 PH 2026-03-08 2041 ED8W 59 1000 KA5SDS 59 NM 1
QSO: 21344 PH 2026-03-08 2041 ED8W 59 1000 W5WWD 59 AR 1
QSO: 21344 PH 2026-03-08 2041 ED8W 59 1000 K7AR 59 WA 1
QSO: 21344 PH 2026-03-08 2041 ED8W 59 1000 W9TEF 59 IL 1
QSO: 21344 PH 2026-03-08 2042 ED8W 59 1000 KK4CS 59 GA 1
QSO: 21344 PH 2026-03-08 2042 ED8W 59 1000 KB8USO 59 OH 1
QSO: 28469 PH 2026-03-08 2042 ED8W 59 1000 KB1TIM 59 CT 0
QSO: 21344 PH 2026-03-08 2042 ED8W 59 1000 N0VQE 59 SC 1
QSO: 21344 PH 2026-03-08 2043 ED8W 59 1000 KA7UAW 59 WA 1
QSO: 21344 PH 2026-03-08 2043 ED8W 59 1000 WA4UVH 59 NC 1
QSO: 28469 PH 2026-03-08 2043 ED8W 59 1000 KJ4IR 59 FL 0
QSO: 21344 PH 2026-03-08 2043 ED8W 59 1000 KN6STX 59 CA 1
QSO: 28469 PH 2026-03-08 2043 ED8W 59 1000 KE2HRW 59 NY 0
QSO: 21344 PH 2026-03-08 2043 ED8W 59 1000 KI5YTJ 59 TX 1
QSO: 28469 PH 2026-03-08 2043 ED8W 59 1000 WA2OZG 59 NJ 0
QSO: 28469 PH 2026-03-08 2044 ED8W 59 1000 N3BMX 59 PA 0
QSO: 28469 PH 2026-03-08 2044 ED8W 59 1000 N9NUN 59 WI 0
QSO: 28469 PH 2026-03-08 2044 ED8W 59 1000 WA8YZB 59 MI 0
QSO: 21344 PH 2026-03-08 2044 ED8W 59 1000 WA2CJI 59 NJ 1
QSO: 28469 PH 2026-03-08 2045 ED8W 59 1000 WU2G 59 NC 0
QSO: 21344 PH 2026-03-08 2045 ED8W 59 1000 WB6JUI 59 CA 1
QSO: 21344 PH 2026-03-08 2045 ED8W 59 1000 KE8EAN 59 OH 1
QSO: 28469 PH 2026-03-08 2045 ED8W 59 1000 W8JJ 59 MI 0
QSO: 28469 PH 2026-03-08 2046 ED8W 59 1000 W6SID 59 NC 0
QSO: 21344 PH 2026-03-08 2046 ED8W 59 1000 KI6PHB 59 MN 1
QSO: 21344 PH 2026-03-08 2046 ED8W 59 1000 WA2KM 59 NJ 1
QSO: 28469 PH 2026-03-08 2047 ED8W 59 1000 KD3AOO 59 PA 0
QSO: 28469 PH 2026-03-08 2047 ED8W 59 1000 WB4JIM 59 CT 0
QSO: 21344 PH 2026-03-08 2047 ED8W 59 1000 N2BZD 59 NJ 1
QSO: 28469 PH 2026-03-08 2048 ED8W 59 1000 W1AMN 59 MA 0
QSO: 28469 PH 2026-03-08 2048 ED8W 59 1000 KO4DUX 59 VA 0
QSO: 21344 PH 2026-03-08 2049 ED8W 59 1000 WB4SZS 59 FL 1
QSO: 28469 PH 2026-03-08 2049 ED8W 59 1000 K9ZZK 59 TX 0
QSO: 21344 PH 2026-03-08 2049 ED8W 59 1000 KM4RNS 59 FL 1
QSO: 28469 PH 2026-03-08 2049 ED8W 59 1000 WB2UUD 59 FL 0
QSO: 21344 PH 2026-03-08 2049 ED8W 59 1000 WA7RJ 59 WA 1
QSO: 21344 PH 2026-03-08 2050 ED8W 59 1000 K4DSB 59 FL 1
QSO: 28469 PH 2026-03-08 2050 ED8W 59 1000 N5BMD 59 LA 0
QSO: 21344 PH 2026-03-08 2050 ED8W 59 1000 N6ZBC 59 CA 1
QSO: 28469 PH 2026-03-08 2050 ED8W 59 1000 N2XPM 59 NY 0
QSO: 21344 PH 2026-03-08 2050 ED8W 59 1000 KG7GYO 59 WA 1
QSO: 28469 PH 2026-03-08 2051 ED8W 59 1000 KI4JLT 59 AL 0
QSO: 21344 PH 2026-03-08 2051 ED8W 59 1000 KM4QPB 59 GA 1
QSO: 28469 PH 2026-03-08 2051 ED8W 59 1000 W2ENY 59 NY 0
QSO: 21344 PH 2026-03-08 2051 ED8W 59 1000 KA2ENE 59 NY 1
QSO: 28469 PH 2026-03-08 2051 ED8W 59 1000 W7DBA 59 UT 0
QSO: 21308 PH 2026-03-08 2052 ED8W 59 1000 W1JQ 59 CT 1
QSO: 28469 PH 2026-03-08 2052 ED8W 59 1000 VA3LKJ 59 ON 0
QSO: 28469 PH 2026-03-08 2052 ED8W 59 1000 WS5BSA 59 OK 0
QSO: 21344 PH 2026-03-08 2052 ED8W 59 1000 VA1BOB 59 NS 1
QSO: 21344 PH 2026-03-08 2052 ED8W 59 1000 N2RM 59 FL 1
QSO: 21344 PH 2026-03-08 2053 ED8W 59 1000 WB4HYY 59 NC 1
QSO: 21344 PH 2026-03-08 2053 ED8W 59 1000 K0SN 59 MT 1
QSO: 28469 PH 2026-03-08 2053 ED8W 59 1000 N9XY 59 SC 0
QSO: 28469 PH 2026-03-08 2053 ED8W 59 1000 K3DXR 59 MD 0
QSO: 21344 PH 2026-03-08 2053 ED8W 59 1000 K2PB 59 FL 1
QSO: 21344 PH 2026-03-08 2054 ED8W 59 1000 KA0IKD 59 OK 1
QSO: 21344 PH 2026-03-08 2054 ED8W 59 1000 KD2DMR 59 IL 1
QSO: 21344 PH 2026-03-08 2054 ED8W 59 1000 W3TE 59 PA 1
QSO: 28469 PH 2026-03-08 2054 ED8W 59 1000 KJ5NXN 59 OK 0
QSO: 21344 PH 2026-03-08 2055 ED8W 59 1000 NU0L 59 AZ 1
QSO: 28469 PH 2026-03-08 2055 ED8W 59 1000 NE1F 59 NH 0
QSO: 21344 PH 2026-03-08 2055 ED8W 59 1000 K6NHL 59 TX 1
QSO: 21344 PH 2026-03-08 2055 ED8W 59 1000 K1VX 59 TN 1
QSO: 21344 PH 2026-03-08 2055 ED8W 59 1000 W4NYY 59 VA 1
QSO: 21344 PH 2026-03-08 2056 ED8W 59 1000 K2BKT 59 NY 1
QSO: 21344 PH 2026-03-08 2056 ED8W 59 1000 WA8KAN 59 WV 1
QSO: 21344 PH 2026-03-08 2056 ED8W 59 1000 K1KL 59 NH 1
QSO: 21344 PH 2026-03-08 2056 ED8W 59 1000 K9YC 59 CA 1
QSO: 21344 PH 2026-03-08 2057 ED8W 59 1000 N1ECT 59 RI 1
QSO: 21344 PH 2026-03-08 2057 ED8W 59 1000 W5DRT 59 TX 1
QSO: 21344 PH 2026-03-08 2058 ED8W 59 1000 N4PD 59 VA 1
QSO: 21344 PH 2026-03-08 2058 ED8W 59 1000 KE2HGH 59 NY 1
QSO: 21344 PH 2026-03-08 2058 ED8W 59 1000 N4BQQ 59 SC 1
QSO: 21344 PH 2026-03-08 2059 ED8W 59 1000 KI4RBI 59 NC 1
QSO: 21344 PH 2026-03-08 2059 ED8W 59 1000 WB2JTE 59 NJ 1
QSO: 21344 PH 2026-03-08 2059 ED8W 59 1000 KU4CG 59 MD 1
QSO: 21344 PH 2026-03-08 2100 ED8W 59 1000 AD0CH 59 KS 1
QSO: 21344 PH 2026-03-08 2100 ED8W 59 1000 KD9ZGA 59 IN 1
QSO: 21344 PH 2026-03-08 2100 ED8W 59 1000 KC9DK 59 IN 1
QSO: 21344 PH 2026-03-08 2100 ED8W 59 1000 W6DL 59 CA 1
QSO: 21344 PH 2026-03-08 2100 ED8W 59 1000 N3ZP 59 PA 1
QSO: 21344 PH 2026-03-08 2101 ED8W 59 1000 K6DX 59 AZ 1
QSO: 21344 PH 2026-03-08 2101 ED8W 59 1000 K1SM 59 MA 1
QSO: 21344 PH 2026-03-08 2101 ED8W 59 1000 WA2S 59 NY 1
QSO: 21344 PH 2026-03-08 2101 ED8W 59 1000 WF3H 59 TX 1
QSO: 21344 PH 2026-03-08 2102 ED8W 59 1000 K7WWR 59 FL 1
QSO: 21344 PH 2026-03-08 2102 ED8W 59 1000 K0WES 59 CO 1
QSO: 21344 PH 2026-03-08 2103 ED8W 59 1000 W9SN 59 TN 1
QSO: 21344 PH 2026-03-08 2103 ED8W 59 1000 N7CRD 59 WA 1
QSO: 21344 PH 2026-03-08 2103 ED8W 59 1000 AF7Z 59 UT 1
QSO: 21344 PH 2026-03-08 2104 ED8W 59 1000 K0AMY 59 NV 1
QSO: 21344 PH 2026-03-08 2104 ED8W 59 1000 W4RG 59 TN 1
QSO: 21344 PH 2026-03-08 2104 ED8W 59 1000 N6RND 59 CA 1
QSO: 28474 PH 2026-03-08 2104 ED8W 59 1000 WB4HDT 59 IL 0
QSO: 21344 PH 2026-03-08 2105 ED8W 59 1000 W6WTS 59 CA 1
QSO: 21344 PH 2026-03-08 2105 ED8W 59 1000 AD8IO 59 OH 1
QSO: 21344 PH 2026-03-08 2105 ED8W 59 1000 KB2GD 59 NY 1
QSO: 28474 PH 2026-03-08 2105 ED8W 59 1000 KC5KAW 59 TX 0
QSO: 28474 PH 2026-03-08 2105 ED8W 59 1000 K8SMD 59 OH 0
QSO: 21344 PH 2026-03-08 2106 ED8W 59 1000 N0MIC 59 MO 1
QSO: 28474 PH 2026-03-08 2106 ED8W 59 1000 N8FRJ 59 OH 0
QSO: 21344 PH 2026-03-08 2106 ED8W 59 1000 WB0GTY 59 OK 1
QSO: 28474 PH 2026-03-08 2106 ED8W 59 1000 NA8D 59 MI 0
QSO: 21344 PH 2026-03-08 2106 ED8W 59 1000 KD0VE 59 TX 1
QSO: 28474 PH 2026-03-08 2107 ED8W 59 1000 W8YFL 59 MI 0
QSO: 28474 PH 2026-03-08 2107 ED8W 59 1000 KD3CCN 59 PA 0
QSO: 21344 PH 2026-03-08 2107 ED8W 59 1000 K0MEZ 59 MO 1
QSO: 21344 PH 2026-03-08 2107 ED8W 59 1000 K2AN 59 NJ 1
QSO: 28474 PH 2026-03-08 2107 ED8W 59 1000 W4PUD 59 TN 0
QSO: 21344 PH 2026-03-08 2107 ED8W 59 1000 K1AV 59 RI 1
QSO: 28474 PH 2026-03-08 2108 ED8W 59 1000 KR4DSP 59 VA 0
QSO: 28474 PH 2026-03-08 2108 ED8W 59 1000 VE3TCS 59 ON 0
QSO: 28474 PH 2026-03-08 2109 ED8W 59 1000 KF8DCQ 59 MI 0
QSO: 21344 PH 2026-03-08 2109 ED8W 59 1000 VE4JCJ 59 MB 1
QSO: 28474 PH 2026-03-08 2109 ED8W 59 1000 KF8DXX 59 OH 0
QSO: 28474 PH 2026-03-08 2109 ED8W 59 1000 KU4YW 59 VA 0
QSO: 28474 PH 2026-03-08 2110 ED8W 59 1000 KJ5GLC 59 TX 0
QSO: 21344 PH 2026-03-08 2110 ED8W 59 1000 N6HEW 59 NM 1
QSO: 28474 PH 2026-03-08 2111 ED8W 59 1000 W8MWS 59 OH 0
QSO: 28474 PH 2026-03-08 2111 ED8W 59 1000 W9CG 59 IL 0
QSO: 28474 PH 2026-03-08 2111 ED8W 59 1000 WQ0P 59 KS 0
QSO: 21344 PH 2026-03-08 2112 ED8W 59 1000 WA2NNZ 59 NY 1
QSO: 28474 PH 2026-03-08 2112 ED8W 59 1000 KS0FD 59 KS 0
QSO: 21344 PH 2026-03-08 2112 ED8W 59 1000 K5XU 59 MS 1
QSO: 28474 PH 2026-03-08 2112 ED8W 59 1000 W5UHQ 59 OH 0
QSO: 21344 PH 2026-03-08 2113 ED8W 59 1000 W7LDT 59 AZ 1
QSO: 21344 PH 2026-03-08 2114 ED8W 59 1000 K3RW 59 PA 1
QSO: 28474 PH 2026-03-08 2114 ED8W 59 1000 KR4BUF 59 TN 0
QSO: 21344 PH 2026-03-08 2114 ED8W 59 1000 K4MI 59 VA 1
QSO: 28474 PH 2026-03-08 2114 ED8W 59 1000 N4JN 59 AL 0
QSO: 21344 PH 2026-03-08 2114 ED8W 59 1000 W7LG 59 PA 1
QSO: 21344 PH 2026-03-08 2114 ED8W 59 1000 K3TW 59 FL 1
QSO: 28474 PH 2026-03-08 2114 ED8W 59 1000 KF6MGH 59 TN 0
QSO: 21344 PH 2026-03-08 2116 ED8W 59 1000 W4DSG 59 NC 1
QSO: 21344 PH 2026-03-08 2117 ED8W 59 1000 N5RET 59 OK 1
QSO: 21344 PH 2026-03-08 2117 ED8W 59 1000 N1GUB 59 FL 1
QSO: 21344 PH 2026-03-08 2117 ED8W 59 1000 K4ZOG 59 MS 1
QSO: 21344 PH 2026-03-08 2118 ED8W 59 1000 WA5LFD 59 TX 1
QSO: 21344 PH 2026-03-08 2118 ED8W 59 1000 K5VDW 59 TX 1
QSO: 21344 PH 2026-03-08 2119 ED8W 59 1000 K9NO 59 IL 1
QSO: 21344 PH 2026-03-08 2119 ED8W 59 1000 WA2DLN 59 TN 1
QSO: 21344 PH 2026-03-08 2120 ED8W 59 1000 W5CUB 59 TX 1
QSO: 21344 PH 2026-03-08 2120 ED8W 59 1000 KN4AGJ 59 SC 1
QSO: 14239 PH 2026-03-08 2120 ED8W 59 1000 KB2HSP 59 NJ 0
QSO: 14239 PH 2026-03-08 2120 ED8W 59 1000 AJ9C 59 IN 0
QSO: 21344 PH 2026-03-08 2120 ED8W 59 1000 N4RMF 59 NC 1
QSO: 14239 PH 2026-03-08 2121 ED8W 59 1000 KQ4NEU 59 TN 0
QSO: 21344 PH 2026-03-08 2121 ED8W 59 1000 KD9MLG 59 WI 1
QSO: 21344 PH 2026-03-08 2121 ED8W 59 1000 N1JW 59 CT 1
QSO: 21344 PH 2026-03-08 2121 ED8W 59 1000 W1FWS 59 ME 1
QSO: 14239 PH 2026-03-08 2122 ED8W 59 1000 KE2DPK 59 NY 0
QSO: 21344 PH 2026-03-08 2122 ED8W 59 1000 KN6KBK 59 CA 1
QSO: 14239 PH 2026-03-08 2122 ED8W 59 1000 N5FF 59 TX 0
QSO: 14239 PH 2026-03-08 2123 ED8W 59 1000 KQ0J 59 FL 0
QSO: 21344 PH 2026-03-08 2123 ED8W 59 1000 KA0WKG 59 CO 1
QSO: 14239 PH 2026-03-08 2123 ED8W 59 1000 N9UA 59 WI 0
QSO: 21344 PH 2026-03-08 2123 ED8W 59 1000 KI9DX 59 IL 1
QSO: 14239 PH 2026-03-08 2123 ED8W 59 1000 W3FIZ 59 PA 0
QSO: 14239 PH 2026-03-08 2123 ED8W 59 1000 VA3WU 59 ON 0
QSO: 21344 PH 2026-03-08 2123 ED8W 59 1000 W4PUD 59 TN 1
QSO: 14239 PH 2026-03-08 2124 ED8W 59 1000 VE2BVV 59 QC 0
QSO: 21344 PH 2026-03-08 2124 ED8W 59 1000 KC6SLA 59 AL 1
QSO: 14239 PH 2026-03-08 2125 ED8W 59 1000 KR4J 59 NC 0
QSO: 14239 PH 2026-03-08 2125 ED8W 59 1000 WA2VFM 59 NY 0
QSO: 21344 PH 2026-03-08 2125 ED8W 59 1000 N8FRJ 59 OH 1
QSO: 21344 PH 2026-03-08 2126 ED8W 59 1000 KA1AQ 59 FL 1
QSO: 14239 PH 2026-03-08 2127 ED8W 59 1000 KM4ZDM 59 FL 0
QSO: 14239 PH 2026-03-08 2128 ED8W 59 1000 VE3TM 59 ON 0
QSO: 21344 PH 2026-03-08 2128 ED8W 59 1000 N7GFB 59 NC 1
QSO: 21344 PH 2026-03-08 2129 ED8W 59 1000 KM4CTD 59 FL 1
QSO: 21344 PH 2026-03-08 2133 ED8W 59 1000 KD6MCX 59 GA 1
QSO: 21344 PH 2026-03-08 2133 ED8W 59 1000 AA6DQ 59 FL 1
QSO: 21344 PH 2026-03-08 2133 ED8W 59 1000 N9MSG 59 IL 1
QSO: 21344 PH 2026-03-08 2134 ED8W 59 1000 AA4CS 59 TN 1
QSO: 21344 PH 2026-03-08 2134 ED8W 59 1000 KQ4ZIO 59 FL 1
QSO: 21344 PH 2026-03-08 2135 ED8W 59 1000 KR4JLD 59 FL 1
QSO: 21344 PH 2026-03-08 2135 ED8W 59 1000 KC1VIO 59 MA 1
QSO: 21344 PH 2026-03-08 2135 ED8W 59 1000 KA5PTG 59 NM 1
QSO: 21344 PH 2026-03-08 2136 ED8W 59 1000 W1GBH 59 MA 1
QSO: 21344 PH 2026-03-08 2136 ED8W 59 1000 KJ5OHN 59 TX 1
QSO: 21344 PH 2026-03-08 2137 ED8W 59 1000 W4RHS 59 TN 1
QSO: 21344 PH 2026-03-08 2137 ED8W 59 1000 N5YS 59 LA 1
QSO: 21344 PH 2026-03-08 2137 ED8W 59 1000 KJ5JKQ 59 OK 1
QSO: 21344 PH 2026-03-08 2138 ED8W 59 1000 KR4FUN 59 GA 1
QSO: 21344 PH 2026-03-08 2138 ED8W 59 1000 KM4AEU 59 GA 1
QSO: 21344 PH 2026-03-08 2138 ED8W 59 1000 KA4JFZ 59 FL 1
QSO: 21344 PH 2026-03-08 2139 ED8W 59 1000 AA5R 59 TX 1
QSO: 14239 PH 2026-03-08 2139 ED8W 59 1000 N5HME 59 TX 0
QSO: 21344 PH 2026-03-08 2139 ED8W 59 1000 KJ5CI 59 CO 1
QSO: 14239 PH 2026-03-08 2139 ED8W 59 1000 VE3SMA 59 ON 0
QSO: 14239 PH 2026-03-08 2139 ED8W 59 1000 K4MJ 59 VA 0
QSO: 21344 PH 2026-03-08 2139 ED8W 59 1000 K5PAR 59 TX 1
QSO: 21344 PH 2026-03-08 2140 ED8W 59 1000 K3WAN 59 IL 1
QSO: 21344 PH 2026-03-08 2140 ED8W 59 1000 N1MM 59 CT 1
QSO: 21344 PH 2026-03-08 2140 ED8W 59 1000 N0VRM 59 MN 1
QSO: 14239 PH 2026-03-08 2140 ED8W 59 1000 K8WU 59 MI 0
QSO: 14239 PH 2026-03-08 2141 ED8W 59 1000 W1AST 59 MA 0
QSO: 14239 PH 2026-03-08 2141 ED8W 59 1000 N8RY 59 MI 0
QSO: 14239 PH 2026-03-08 2142 ED8W 59 1000 KE8QHQ 59 MI 0
QSO: 21344 PH 2026-03-08 2142 ED8W 59 1000 K5WSN 59 TX 1
QSO: 14239 PH 2026-03-08 2142 ED8W 59 1000 K5WVF 59 MS 0
QSO: 21344 PH 2026-03-08 2143 ED8W 59 1000 N4JN 59 AL 1
QSO: 21344 PH 2026-03-08 2145 ED8W 59 1000 W1NR 59 MA 1
QSO: 14239 PH 2026-03-08 2146 ED8W 59 1000 KW0X 59 AL 0
QSO: 14239 PH 2026-03-08 2147 ED8W 59 1000 WR1B 59 PA 0
QSO: 21344 PH 2026-03-08 2148 ED8W 59 1000 KC2UWS 59 NY 1
QSO: 21344 PH 2026-03-08 2150 ED8W 59 1000 AG4CR 59 FL 1
QSO: 14239 PH 2026-03-08 2151 ED8W 59 1000 KQ4ZIO 59 FL 0
QSO: 14239 PH 2026-03-08 2152 ED8W 59 1000 WB4HRL 59 SC 0
QSO: 14231 PH 2026-03-08 2204 ED8W 59 1000 N1AM 59 MA 1
QSO: 14231 PH 2026-03-08 2204 ED8W 59 1000 AA1NK 59 MA 1
QSO: 14231 PH 2026-03-08 2204 ED8W 59 1000 W1WR 59 VA 1
QSO: 7154 PH 2026-03-08 2205 ED8W 59 1000 NX1K 59 MA 0
QSO: 14231 PH 2026-03-08 2205 ED8W 59 1000 W7GES 59 AZ 1
QSO: 14231 PH 2026-03-08 2205 ED8W 59 1000 W0CGC 59 TN 1
QSO: 14231 PH 2026-03-08 2205 ED8W 59 1000 WA4WDV 59 FL 1
QSO: 14231 PH 2026-03-08 2205 ED8W 59 1000 K4TTP 59 VA 1
QSO: 14231 PH 2026-03-08 2205 ED8W 59 1000 N7NSX 59 IN 1
QSO: 7154 PH 2026-03-08 2205 ED8W 59 1000 KC2PC 59 NJ 0
QSO: 14231 PH 2026-03-08 2206 ED8W 59 1000 NZ8C 59 OH 1
QSO: 14231 PH 2026-03-08 2206 ED8W 59 1000 VA3HUH 59 ON 1
QSO: 14231 PH 2026-03-08 2206 ED8W 59 1000 KR4JKH 59 VA 1
QSO: 14231 PH 2026-03-08 2206 ED8W 59 1000 N5CDL 59 TX 1
QSO: 14231 PH 2026-03-08 2207 ED8W 59 1000 N1CEO 59 MA 1
QSO: 14231 PH 2026-03-08 2207 ED8W 59 1000 K2RUS 59 NY 1
QSO: 14231 PH 2026-03-08 2208 ED8W 59 1000 KF4PPM 59 KY 1
QSO: 14231 PH 2026-03-08 2208 ED8W 59 1000 W7AVE 59 UT 1
QSO: 14231 PH 2026-03-08 2208 ED8W 59 1000 KI5UXN 59 MS 1
QSO: 14231 PH 2026-03-08 2208 ED8W 59 1000 KR4BEL 59 KY 1
QSO: 7154 PH 2026-03-08 2209 ED8W 59 1000 W8PIX 59 MI 0
QSO: 14231 PH 2026-03-08 2209 ED8W 59 1000 KE8KCM 59 MI 1
QSO: 14231 PH 2026-03-08 2209 ED8W 59 1000 KE2BHP 59 NY 1
QSO: 7154 PH 2026-03-08 2209 ED8W 59 1000 AA1KN 59 ME 0
QSO: 14231 PH 2026-03-08 2210 ED8W 59 1000 VE9EZ 59 NS 1
QSO: 14231 PH 2026-03-08 2210 ED8W 59 1000 KA2MPC 59 NJ 1
QSO: 14231 PH 2026-03-08 2210 ED8W 59 1000 KB9FPY 59 IL 1
QSO: 14231 PH 2026-03-08 2211 ED8W 59 1000 KB1WAM 59 MA 1
QSO: 7154 PH 2026-03-08 2211 ED8W 59 1000 AD3Y 59 NJ 0
QSO: 14231 PH 2026-03-08 2212 ED8W 59 1000 KJ4CTZ 59 NC 1
QSO: 14231 PH 2026-03-08 2212 ED8W 59 1000 KE4QCM 59 GA 1
QSO: 14231 PH 2026-03-08 2213 ED8W 59 1000 N4TLM 59 TN 1
QSO: 14231 PH 2026-03-08 2213 ED8W 59 1000 N3CI 59 OK 1
QSO: 14231 PH 2026-03-08 2214 ED8W 59 1000 KC3TIG 59 PA 1
QSO: 14231 PH 2026-03-08 2214 ED8W 59 1000 VE2QCY 59 QC 1
QSO: 14231 PH 2026-03-08 2214 ED8W 59 1000 KJ5BUE 59 TX 1
QSO: 14231 PH 2026-03-08 2215 ED8W 59 1000 KC3ZFR 59 PA 1
QSO: 14231 PH 2026-03-08 2215 ED8W 59 1000 N9MSG 59 IL 1
QSO: 14231 PH 2026-03-08 2215 ED8W 59 1000 KE8LXM 59 WV 1
QSO: 14231 PH 2026-03-08 2216 ED8W 59 1000 N4XGP 59 FL 1
QSO: 14231 PH 2026-03-08 2216 ED8W 59 1000 WB2ITX 59 MA 1
QSO: 7154 PH 2026-03-08 2216 ED8W 59 1000 NA4L 59 VA 0
QSO: 14231 PH 2026-03-08 2217 ED8W 59 1000 AI5AT 59 TX 1
QSO: 7154 PH 2026-03-08 2217 ED8W 59 1000 N1NN 59 MA 0
QSO: 14231 PH 2026-03-08 2217 ED8W 59 1000 WE7OMG 59 UT 1
QSO: 14231 PH 2026-03-08 2217 ED8W 59 1000 KC4AC 59 TN 1
QSO: 14231 PH 2026-03-08 2217 ED8W 59 1000 K5KSU 59 TX 1
QSO: 14231 PH 2026-03-08 2218 ED8W 59 1000 W1NR 59 MA 1
QSO: 14231 PH 2026-03-08 2218 ED8W 59 1000 KB1TCD 59 ME 1
QSO: 7154 PH 2026-03-08 2218 ED8W 59 1000 AB1XQ 59 VT 0
QSO: 14231 PH 2026-03-08 2218 ED8W 59 1000 VE7XF 59 BC 1
QSO: 7154 PH 2026-03-08 2219 ED8W 59 1000 W1DXH 59 MA 0
QSO: 14231 PH 2026-03-08 2219 ED8W 59 1000 KA0IKD 59 OK 1
QSO: 14231 PH 2026-03-08 2219 ED8W 59 1000 KC4AC 59 TN 1
QSO: 14231 PH 2026-03-08 2220 ED8W 59 1000 KA0IKD 59 OK 1
QSO: 14231 PH 2026-03-08 2220 ED8W 59 1000 KD2TT 59 NY 1
QSO: 7154 PH 2026-03-08 2220 ED8W 59 1000 W2ENY 59 NY 0
QSO: 14231 PH 2026-03-08 2220 ED8W 59 1000 VA3ZZK 59 ON 1
QSO: 14231 PH 2026-03-08 2220 ED8W 59 1000 KO4MIM 59 FL 1
QSO: 14231 PH 2026-03-08 2221 ED8W 59 1000 AF5CC 59 OK 1
QSO: 14231 PH 2026-03-08 2221 ED8W 59 1000 K8MDG 59 MI 1
QSO: 14231 PH 2026-03-08 2221 ED8W 59 1000 KF4NFQ 59 FL 1
QSO: 14231 PH 2026-03-08 2222 ED8W 59 1000 K4VBL 59 VA 1
QSO: 14231 PH 2026-03-08 2222 ED8W 59 1000 N4QNT 59 NC 1
QSO: 14231 PH 2026-03-08 2223 ED8W 59 1000 WB0RUR 59 AR 1
QSO: 14231 PH 2026-03-08 2223 ED8W 59 1000 VE9RLW 59 NB 1
QSO: 14231 PH 2026-03-08 2223 ED8W 59 1000 W1IE 59 VA 1
QSO: 14231 PH 2026-03-08 2223 ED8W 59 1000 K7RST 59 AZ 1
QSO: 7154 PH 2026-03-08 2224 ED8W 59 1000 N6NT 59 NC 0
QSO: 14231 PH 2026-03-08 2224 ED8W 59 1000 KJ5HZL 59 MS 1
QSO: 7154 PH 2026-03-08 2224 ED8W 59 1000 N1WR 59 VA 0
QSO: 14231 PH 2026-03-08 2224 ED8W 59 1000 N4YSA 59 VA 1
QSO: 14231 PH 2026-03-08 2224 ED8W 59 1000 AI4WW 59 FL 1
QSO: 14231 PH 2026-03-08 2224 ED8W 59 1000 WI9H 59 WI 1
QSO: 14231 PH 2026-03-08 2225 ED8W 59 1000 WB4ABY 59 GA 1
QSO: 14231 PH 2026-03-08 2225 ED8W 59 1000 KJ4IR 59 FL 1
QSO: 14231 PH 2026-03-08 2226 ED8W 59 1000 W6TK 59 OR 1
QSO: 7154 PH 2026-03-08 2226 ED8W 59 1000 VA3ZZS 59 ON 0
QSO: 14231 PH 2026-03-08 2226 ED8W 59 1000 ND0C 59 MN 1
QSO: 7154 PH 2026-03-08 2227 ED8W 59 1000 AE4GW 59 TN 0
QSO: 14231 PH 2026-03-08 2227 ED8W 59 1000 KE2DPQ 59 NJ 1
QSO: 14231 PH 2026-03-08 2227 ED8W 59 1000 KD3AAC 59 PA 1
QSO: 14231 PH 2026-03-08 2227 ED8W 59 1000 KQ4SQR 59 FL 1
QSO: 14231 PH 2026-03-08 2227 ED8W 59 1000 K3NRX 59 PA 1
QSO: 14231 PH 2026-03-08 2228 ED8W 59 1000 N7AGP 59 MT 1
QSO: 7154 PH 2026-03-08 2228 ED8W 59 1000 KB9LGS 59 IN 0
QSO: 7154 PH 2026-03-08 2228 ED8W 59 1000 KC1VIO 59 MA 0
QSO: 14231 PH 2026-03-08 2228 ED8W 59 1000 KR4BEW 59 NC 1
QSO: 14231 PH 2026-03-08 2228 ED8W 59 1000 AA9D 59 IL 1
QSO: 7154 PH 2026-03-08 2228 ED8W 59 1000 WB2YHK 59 NY 0
QSO: 14231 PH 2026-03-08 2229 ED8W 59 1000 KR4FES 59 FL 1
QSO: 7154 PH 2026-03-08 2229 ED8W 59 1000 N1GCN 59 CT 0
QSO: 14231 PH 2026-03-08 2229 ED8W 59 1000 KK4PJ 59 FL 1
QSO: 14231 PH 2026-03-08 2230 ED8W 59 1000 N4BVH 59 FL 1
QSO: 14231 PH 2026-03-08 2230 ED8W 59 1000 W3EH 59 NJ 1
QSO: 7154 PH 2026-03-08 2231 ED8W 59 1000 N1ZN 59 CT 0
QSO: 14231 PH 2026-03-08 2231 ED8W 59 1000 WB8RMC 59 OH 1
QSO: 14231 PH 2026-03-08 2231 ED8W 59 1000 KD6AKC 59 VA 1
QSO: 14231 PH 2026-03-08 2231 ED8W 59 1000 KE0YDN 59 KS 1
QSO: 14231 PH 2026-03-08 2232 ED8W 59 1000 KE6VRL 59 TN 1
QSO: 14231 PH 2026-03-08 2232 ED8W 59 1000 KO4ZYT 59 VA 1
QSO: 14231 PH 2026-03-08 2233 ED8W 59 1000 N5ZAZ 59 LA 1
QSO: 14231 PH 2026-03-08 2233 ED8W 59 1000 N5IIT 59 MD 1
QSO: 14231 PH 2026-03-08 2234 ED8W 59 1000 N3ZP 59 PA 1
QSO: 7154 PH 2026-03-08 2234 ED8W 59 1000 VE3XP 59 ON 0
QSO: 14231 PH 2026-03-08 2234 ED8W 59 1000 N4JN 59 AL 1
QSO: 14231 PH 2026-03-08 2234 ED8W 59 1000 K5WA 59 TX 1
QSO: 14231 PH 2026-03-08 2234 ED8W 59 1000 VA3CBU 59 ON 1
QSO: 7154 PH 2026-03-08 2235 ED8W 59 1000 AC2ZZ 59 NJ 0
QSO: 14231 PH 2026-03-08 2235 ED8W 59 1000 W3ZF 59 CO 1
QSO: 7154 PH 2026-03-08 2236 ED8W 59 1000 WS2U 59 PA 0
QSO: 14231 PH 2026-03-08 2236 ED8W 59 1000 KA9W 59 IL 1
QSO: 14231 PH 2026-03-08 2236 ED8W 59 1000 AA4R 59 NC 1
QSO: 14231 PH 2026-03-08 2236 ED8W 59 1000 KA3HED 59 DE 1
QSO: 14231 PH 2026-03-08 2236 ED8W 59 1000 KD9HFW 59 WI 1
QSO: 14231 PH 2026-03-08 2237 ED8W 59 1000 K9WD 59 WI 1
QSO: 7154 PH 2026-03-08 2237 ED8W 59 1000 N2WF 59 GA 0
QSO: 14231 PH 2026-03-08 2237 ED8W 59 1000 K0EZE 59 CO 1
QSO: 14231 PH 2026-03-08 2237 ED8W 59 1000 AG7KO 59 WA 1
QSO: 7154 PH 2026-03-08 2237 ED8W 59 1000 K6HLC 59 VA 0
QSO: 14231 PH 2026-03-08 2238 ED8W 59 1000 N3KK 59 SC 1
QSO: 14231 PH 2026-03-08 2238 ED8W 59 1000 KT4R 59 NC 1
QSO: 14231 PH 2026-03-08 2238 ED8W 59 1000 KE2CWJ 59 NY 1
QSO: 14231 PH 2026-03-08 2240 ED8W 59 1000 KC5KAW 59 TX 1
QSO: 7154 PH 2026-03-08 2240 ED8W 59 1000 VA3TAL 59 ON 0
QSO: 14231 PH 2026-03-08 2240 ED8W 59 1000 KC4SR 59 GA 1
QSO: 14231 PH 2026-03-08 2240 ED8W 59 1000 W4BWG 59 KY 1
QSO: 7154 PH 2026-03-08 2241 ED8W 59 1000 WW3S 59 PA 0
QSO: 14231 PH 2026-03-08 2241 ED8W 59 1000 KE1IH 59 NY 1
QSO: 14231 PH 2026-03-08 2241 ED8W 59 1000 KD0XL 59 MO 1
QSO: 14231 PH 2026-03-08 2242 ED8W 59 1000 N5VJX 59 AL 1
QSO: 14231 PH 2026-03-08 2242 ED8W 59 1000 KE8RYH 59 WV 1
QSO: 7154 PH 2026-03-08 2242 ED8W 59 1000 KK4PJ 59 FL 0
QSO: 14231 PH 2026-03-08 2242 ED8W 59 1000 KC8YFO 59 OH 1
QSO: 7154 PH 2026-03-08 2242 ED8W 59 1000 N2YDD 59 NJ 0
QSO: 14231 PH 2026-03-08 2242 ED8W 59 1000 W5LA 59 LA 1
QSO: 14231 PH 2026-03-08 2242 ED8W 59 1000 KC9BPE 59 IN 1
QSO: 14231 PH 2026-03-08 2243 ED8W 59 1000 AD2LL 59 NY 1
QSO: 14231 PH 2026-03-08 2243 ED8W 59 1000 WB2ELD 59 NJ 1
QSO: 14231 PH 2026-03-08 2243 ED8W 59 1000 K1VR 59 MA 1
QSO: 14231 PH 2026-03-08 2244 ED8W 59 1000 W4JHV 59 AL 1
QSO: 14231 PH 2026-03-08 2244 ED8W 59 1000 K9MOZ 59 WI 1
QSO: 14231 PH 2026-03-08 2245 ED8W 59 1000 KE8YQA 59 WV 1
QSO: 7154 PH 2026-03-08 2245 ED8W 59 1000 W3FIZ 59 PA 0
QSO: 14231 PH 2026-03-08 2245 ED8W 59 1000 KM3T 59 NH 1
QSO: 14231 PH 2026-03-08 2246 ED8W 59 1000 KF4OKU 59 AL 1
QSO: 7154 PH 2026-03-08 2249 ED8W 59 1000 KC4SR 59 GA 0
QSO: 14231 PH 2026-03-08 2250 ED8W 59 1000 WB2UDC 59 NJ 1
QSO: 14231 PH 2026-03-08 2250 ED8W 59 1000 K7AP 59 FL 1
QSO: 7154 PH 2026-03-08 2250 ED8W 59 1000 KB3RM 59 FL 0
QSO: 14231 PH 2026-03-08 2250 ED8W 59 1000 KC3ZXR 59 PA 1
QSO: 14231 PH 2026-03-08 2251 ED8W 59 1000 AJ6V 59 CA 1
QSO: 14231 PH 2026-03-08 2251 ED8W 59 1000 KJ5RPM 59 LA 1
QSO: 14231 PH 2026-03-08 2251 ED8W 59 1000 NX8T 59 OH 1
QSO: 14231 PH 2026-03-08 2251 ED8W 59 1000 KC8EHR 59 MI 1
QSO: 14231 PH 2026-03-08 2252 ED8W 59 1000 KX4LEO 59 FL 1
QSO: 7154 PH 2026-03-08 2252 ED8W 59 1000 KG0YJ 59 MO 0
QSO: 14231 PH 2026-03-08 2252 ED8W 59 1000 WB2SIH 59 NY 1
QSO: 14231 PH 2026-03-08 2252 ED8W 59 1000 VE3WG 59 ON 1
QSO: 14231 PH 2026-03-08 2253 ED8W 59 1000 K3CWP 59 PA 1
QSO: 14231 PH 2026-03-08 2253 ED8W 59 1000 K6ACW 59 CA 1
QSO: 14231 PH 2026-03-08 2253 ED8W 59 1000 K7AR 59 WA 1
QSO: 14231 PH 2026-03-08 2253 ED8W 59 1000 WW3HAM 59 PA 1
QSO: 14231 PH 2026-03-08 2254 ED8W 59 1000 K9TPT 59 FL 1
QSO: 7154 PH 2026-03-08 2254 ED8W 59 1000 VE2IAG 59 QC 0
QSO: 14231 PH 2026-03-08 2254 ED8W 59 1000 KB3UUL 59 MD 1
QSO: 14231 PH 2026-03-08 2254 ED8W 59 1000 W4HRL 59 VA 1
QSO: 14231 PH 2026-03-08 2255 ED8W 59 1000 NW0X 59 ND 1
QSO: 7154 PH 2026-03-08 2255 ED8W 59 1000 KS4TY 59 GA 0
QSO: 14231 PH 2026-03-08 2255 ED8W 59 1000 VO1SW 59 NF 1
QSO: 14231 PH 2026-03-08 2256 ED8W 59 1000 AG4CL 59 SC 1
QSO: 14231 PH 2026-03-08 2256 ED8W 59 1000 W3WTW 59 PA 1
QSO: 7154 PH 2026-03-08 2256 ED8W 59 1000 KZ2O 59 NY 0
QSO: 7154 PH 2026-03-08 2256 ED8W 59 1000 N8HWV 59 WI 0
QSO: 14231 PH 2026-03-08 2256 ED8W 59 1000 W9ROH/M 59 IN 1
QSO: 14231 PH 2026-03-08 2257 ED8W 59 1000 WA4GGK 59 AL 1
QSO: 14231 PH 2026-03-08 2257 ED8W 59 1000 K6PSR 59 AZ 1
QSO: 14231 PH 2026-03-08 2258 ED8W 59 1000 K2HCW 59 NJ 1
QSO: 7154 PH 2026-03-08 2258 ED8W 59 1000 WA2MZX 59 FL 0
QSO: 14231 PH 2026-03-08 2258 ED8W 59 1000 KF8EYE 59 WV 1
QSO: 7154 PH 2026-03-08 2259 ED8W 59 1000 KA3KSP 59 PA 0
QSO: 7154 PH 2026-03-08 2259 ED8W 59 1000 W3WTW 59 PA 0
QSO: 14231 PH 2026-03-08 2259 ED8W 59 1000 VA2MP 59 QC 1
QSO: 14231 PH 2026-03-08 2300 ED8W 59 1000 KK4CS 59 GA 1
QSO: 7154 PH 2026-03-08 2300 ED8W 59 1000 KD3CMX 59 MD 0
QSO: 7154 PH 2026-03-08 2301 ED8W 59 1000 AJ9C 59 IN 0
QSO: 14231 PH 2026-03-08 2302 ED8W 59 1000 KJ4TLQ 59 AL 1
QSO: 14231 PH 2026-03-08 2302 ED8W 59 1000 N2QVY 59 NJ 1
QSO: 7154 PH 2026-03-08 2303 ED8W 59 1000 W3JJL 59 PA 0
QSO: 7154 PH 2026-03-08 2303 ED8W 59 1000 K1WAS 59 CT 0
QSO: 14231 PH 2026-03-08 2303 ED8W 59 1000 W1II 59 FL 1
QSO: 14231 PH 2026-03-08 2303 ED8W 59 1000 KC8BQP 59 OH 1
QSO: 14231 PH 2026-03-08 2304 ED8W 59 1000 W7CKW 59 AZ 1
QSO: 7154 PH 2026-03-08 2304 ED8W 59 1000 VE2YJ 59 QC 0
QSO: 14231 PH 2026-03-08 2304 ED8W 59 1000 KF6D 59 SC 1
QSO: 14231 PH 2026-03-08 2305 ED8W 59 1000 ND3R 59 PA 1
QSO: 7154 PH 2026-03-08 2305 ED8W 59 1000 N3CMI 59 WY 0
QSO: 14231 PH 2026-03-08 2306 ED8W 59 1000 WA1LBS 59 ME 1
QSO: 14231 PH 2026-03-08 2306 ED8W 59 1000 W9DH 59 IL 1
QSO: 14231 PH 2026-03-08 2306 ED8W 59 1000 W7YTF 59 ID 1
QSO: 7154 PH 2026-03-08 2307 ED8W 59 1000 KM3T 59 NH 0
QSO: 7154 PH 2026-03-08 2307 ED8W 59 1000 KB9IPF 59 NC 0
QSO: 14231 PH 2026-03-08 2308 ED8W 59 1000 VE2FXL 59 QC 1
QSO: 7154 PH 2026-03-08 2308 ED8W 59 1000 N8TW 59 MI 0
QSO: 14231 PH 2026-03-08 2308 ED8W 59 1000 KK1L 59 VT 1
QSO: 14231 PH 2026-03-08 2309 ED8W 59 1000 W8DOW 59 MI 1
QSO: 14231 PH 2026-03-08 2313 ED8W 59 1000 KR4CKT 59 FL 1
QSO: 14231 PH 2026-03-08 2314 ED8W 59 1000 K3RL 59 PA 1
QSO: 7154 PH 2026-03-08 2314 ED8W 59 1000 W5DP 59 TX 0
QSO: 7154 PH 2026-03-08 2314 ED8W 59 1000 N8KR 59 FL 0
QSO: 7154 PH 2026-03-08 2314 ED8W 59 1000 KO4ENU 59 VA 0
QSO: 14231 PH 2026-03-08 2315 ED8W 59 1000 WA1SYH 59 MA 1
QSO: 7154 PH 2026-03-08 2315 ED8W 59 1000 W8KZW 59 MI 0
QSO: 14231 PH 2026-03-08 2316 ED8W 59 1000 N2ZBM 59 NY 1
QSO: 14231 PH 2026-03-08 2316 ED8W 59 1000 KE9RMW 59 IN 1
QSO: 14231 PH 2026-03-08 2317 ED8W 59 1000 N3HRO 59 PA 1
QSO: 7154 PH 2026-03-08 2317 ED8W 59 1000 KC4TEO 59 AL 0
QSO: 14231 PH 2026-03-08 2318 ED8W 59 1000 KQ4QZS 59 FL 1
QSO: 14231 PH 2026-03-08 2319 ED8W 59 1000 K2AD 59 CO 1
QSO: 14231 PH 2026-03-08 2319 ED8W 59 1000 K4FJW 59 VA 1
QSO: 7154 PH 2026-03-08 2319 ED8W 59 1000 KC4NJX 59 TN 0
QSO: 7154 PH 2026-03-08 2319 ED8W 59 1000 N1DM 59 MA 0
QSO: 7154 PH 2026-03-08 2320 ED8W 59 1000 AA3HD 59 ME 0
QSO: 14231 PH 2026-03-08 2321 ED8W 59 1000 KC8GW 59 OH 1
QSO: 14231 PH 2026-03-08 2321 ED8W 59 1000 W1RH 59 CA 1
QSO: 14231 PH 2026-03-08 2321 ED8W 59 1000 N2LK 59 DE 1
QSO: 14231 PH 2026-03-08 2321 ED8W 59 1000 WX0Z 59 MN 1
QSO: 14231 PH 2026-03-08 2322 ED8W 59 1000 W3LH 59 DE 1
QSO: 7154 PH 2026-03-08 2322 ED8W 59 1000 NC4SW 59 NC 0
QSO: 14231 PH 2026-03-08 2322 ED8W 59 1000 N5LPT 59 TX 1
QSO: 14231 PH 2026-03-08 2322 ED8W 59 1000 N2YBB 59 NY 1
QSO: 14231 PH 2026-03-08 2323 ED8W 59 1000 W4RHS 59 TN 1
QSO: 14231 PH 2026-03-08 2323 ED8W 59 1000 N2FSM 59 IN 1
QSO: 14231 PH 2026-03-08 2323 ED8W 59 1000 N4BEW 59 GA 1
QSO: 14231 PH 2026-03-08 2324 ED8W 59 1000 WA6ARA 59 CA 1
QSO: 7154 PH 2026-03-08 2324 ED8W 59 1000 AA1NK 59 MA 0
QSO: 7154 PH 2026-03-08 2325 ED8W 59 1000 K5KG 59 FL 0
QSO: 14231 PH 2026-03-08 2325 ED8W 59 1000 KR4JFT 59 FL 1
QSO: 14231 PH 2026-03-08 2325 ED8W 59 1000 VE1ZZ 59 NS 1
QSO: 14231 PH 2026-03-08 2326 ED8W 59 1000 AI9K 59 IL 1
QSO: 7154 PH 2026-03-08 2327 ED8W 59 1000 WG4MC 59 SC 0
QSO: 14231 PH 2026-03-08 2327 ED8W 59 1000 N1DLH 59 FL 1
QSO: 14231 PH 2026-03-08 2327 ED8W 59 1000 W1EYZ 59 MA 1
QSO: 7154 PH 2026-03-08 2327 ED8W 59 1000 KT4TL 59 ME 0
QSO: 14231 PH 2026-03-08 2327 ED8W 59 1000 VE4DL 59 MB 1
QSO: 14231 PH 2026-03-08 2328 ED8W 59 1000 KB3JOG 59 MD 1
QSO: 14231 PH 2026-03-08 2329 ED8W 59 1000 N2NNF 59 NY 1
QSO: 14231 PH 2026-03-08 2329 ED8W 59 1000 K1TKT 59 NH 1
QSO: 14231 PH 2026-03-08 2329 ED8W 59 1000 N7EPD 59 WA 1
QSO: 14231 PH 2026-03-08 2329 ED8W 59 1000 NQ8C 59 WV 1
QSO: 14231 PH 2026-03-08 2330 ED8W 59 1000 KD9WTG 59 IN 1
QSO: 14231 PH 2026-03-08 2330 ED8W 59 1000 K6NHL 59 TX 1
QSO: 14231 PH 2026-03-08 2334 ED8W 59 1000 KA9ZPA 59 IN 1
QSO: 14231 PH 2026-03-08 2334 ED8W 59 1000 W2MYA 59 NJ 1
QSO: 7192 PH 2026-03-08 2334 ED8W 59 1000 N3KK 59 SC 0
QSO: 14231 PH 2026-03-08 2334 ED8W 59 1000 N1CFY 59 RI 1
QSO: 14231 PH 2026-03-08 2334 ED8W 59 1000 N6JRL 59 OH 1
QSO: 14231 PH 2026-03-08 2335 ED8W 59 1000 W5IOH 59 TX 1
QSO: 14231 PH 2026-03-08 2335 ED8W 59 1000 W1RAN 59 CT 1
QSO: 7177 PH 2026-03-08 2337 ED8W 59 1000 K3SNO 59 PA 0
QSO: 14231 PH 2026-03-08 2337 ED8W 59 1000 N8PCN 59 OH 1
QSO: 7177 PH 2026-03-08 2337 ED8W 59 1000 KE6VRL 59 TN 0
QSO: 14231 PH 2026-03-08 2337 ED8W 59 1000 VE4SG 59 MB 1
QSO: 7177 PH 2026-03-08 2337 ED8W 59 1000 W4BHJ 59 NC 0
QSO: 7176 PH 2026-03-08 2338 ED8W 59 1000 WO1N 59 MA 0
QSO: 14231 PH 2026-03-08 2338 ED8W 59 1000 NC4SW 59 NC 1
QSO: 7176 PH 2026-03-08 2339 ED8W 59 1000 K1TKT 59 NH 0
QSO: 14231 PH 2026-03-08 2339 ED8W 59 1000 WB2ZAB 59 MD 1
QSO: 7176 PH 2026-03-08 2339 ED8W 59 1000 AA3NM 59 MD 0
QSO: 7176 PH 2026-03-08 2339 ED8W 59 1000 N2QVY 59 NJ 0
QSO: 7176 PH 2026-03-08 2339 ED8W 59 1000 KA3D 59 PA 0
QSO: 14231 PH 2026-03-08 2339 ED8W 59 1000 KU8E 59 GA 1
QSO: 7176 PH 2026-03-08 2340 ED8W 59 1000 VE3FZ 59 ON 0
QSO: 7176 PH 2026-03-08 2340 ED8W 59 1000 N2XP 59 NJ 0
QSO: 7176 PH 2026-03-08 2341 ED8W 59 1000 N1IEO 59 MA 0
QSO: 7176 PH 2026-03-08 2341 ED8W 59 1000 N1IPB 59 NH 0
QSO: 7176 PH 2026-03-08 2342 ED8W 59 1000 VA3CJZ 59 ON 0
QSO: 14231 PH 2026-03-08 2342 ED8W 59 1000 KF0EZ 59 KS 1
QSO: 14231 PH 2026-03-08 2342 ED8W 59 1000 W3RE 59 PA 1
QSO: 7176 PH 2026-03-08 2343 ED8W 59 1000 K8WU 59 MI 0
QSO: 14231 PH 2026-03-08 2343 ED8W 59 1000 WA2CLX 59 NY 1
QSO: 14231 PH 2026-03-08 2343 ED8W 59 1000 N9SNU 59 IL 1
QSO: 7176 PH 2026-03-08 2344 ED8W 59 1000 VE3WG 59 ON 0
QSO: 14231 PH 2026-03-08 2344 ED8W 59 1000 WB7SDX 59 WA 1
QSO: 7176 PH 2026-03-08 2344 ED8W 59 1000 ND3R 59 PA 0
QSO: 14231 PH 2026-03-08 2345 ED8W 59 1000 KE2GOF 59 NY 1
QSO: 14231 PH 2026-03-08 2345 ED8W 59 1000 VE3JZT 59 ON 1
QSO: 14231 PH 2026-03-08 2346 ED8W 59 1000 K4DZC 59 AL 1
QSO: 14231 PH 2026-03-08 2346 ED8W 59 1000 K7BE 59 MT 1
QSO: 7176 PH 2026-03-08 2347 ED8W 59 1000 KR1A 59 MA 0
QSO: 14231 PH 2026-03-08 2349 ED8W 59 1000 KE8NBC 59 OH 1
QSO: 14231 PH 2026-03-08 2349 ED8W 59 1000 VE2YJ 59 QC 1
QSO: 14231 PH 2026-03-08 2349 ED8W 59 1000 KD8MGN 59 MI 1
QSO: 14231 PH 2026-03-08 2349 ED8W 59 1000 KB7HDX 59 WA 1
QSO: 14231 PH 2026-03-08 2350 ED8W 59 1000 KE9WPC 59 IN 1
QSO: 14231 PH 2026-03-08 2350 ED8W 59 1000 N7VS 59 OR 1
QSO: 14231 PH 2026-03-08 2350 ED8W 59 1000 VA3BAH 59 ON 1
QSO: 7176 PH 2026-03-08 2351 ED8W 59 1000 VE3DZ 59 ON 0
QSO: 14231 PH 2026-03-08 2352 ED8W 59 1000 W7KK 59 MT 1
QSO: 14231 PH 2026-03-08 2352 ED8W 59 1000 K1NF 59 ME 1
QSO: 14231 PH 2026-03-08 2352 ED8W 59 1000 N7JHK 59 NC 1
QSO: 7176 PH 2026-03-08 2352 ED8W 59 1000 KE3LA 59 PA 0
QSO: 14231 PH 2026-03-08 2353 ED8W 59 1000 NR4L 59 TN 1
QSO: 14231 PH 2026-03-08 2353 ED8W 59 1000 N4DW 59 TN 1
QSO: 7176 PH 2026-03-08 2353 ED8W 59 1000 AA2CN 59 NJ 0
QSO: 14231 PH 2026-03-08 2353 ED8W 59 1000 KC2EBA 59 NY 1
QSO: 14231 PH 2026-03-08 2353 ED8W 59 1000 K6UN 59 CA 1
QSO: 14231 PH 2026-03-08 2354 ED8W 59 1000 KM4IYW 59 TN 1
QSO: 7176 PH 2026-03-08 2354 ED8W 59 1000 N2DGT 59 NY 0
QSO: 14231 PH 2026-03-08 2354 ED8W 59 1000 K6VVP 59 CA 1
QSO: 14231 PH 2026-03-08 2354 ED8W 59 1000 KC2SER 59 NY 1
QSO: 7176 PH 2026-03-08 2355 ED8W 59 1000 K5BI 59 AR 0
QSO: 14231 PH 2026-03-08 2355 ED8W 59 1000 VA1BOB 59 NS 1
QSO: 14231 PH 2026-03-08 2355 ED8W 59 1000 K7MJF 59 UT 1
QSO: 14231 PH 2026-03-08 2356 ED8W 59 1000 WD0FHK 59 KS 1
QSO: 14231 PH 2026-03-08 2356 ED8W 59 1000 N9DJD 59 IL 1
QSO: 14231 PH 2026-03-08 2356 ED8W 59 1000 KF8CTD 59 OH 1
QSO: 7176 PH 2026-03-08 2356 ED8W 59 1000 W4JJF 59 NC 0
QSO: 14231 PH 2026-03-08 2357 ED8W 59 1000 AB1XQ 59 VT 1
QSO: 14231 PH 2026-03-08 2357 ED8W 59 1000 K8GB 59 MI 1
QSO: 7176 PH 2026-03-08 2357 ED8W 59 1000 N8UOA 59 WV 0
QSO: 14231 PH 2026-03-08 2357 ED8W 59 1000 KC2SGV 59 NJ 1
QSO: 7176 PH 2026-03-08 2358 ED8W 59 1000 N0RC 59 MN 0
QSO: 7176 PH 2026-03-08 2358 ED8W 59 1000 VE3JZT 59 ON 0
QSO: 7176 PH 2026-03-08 2358 ED8W 59 1000 N3FMC 59 PA 0
QSO: 14231 PH 2026-03-08 2358 ED8W 59 1000 KC1BWK 59 CT 1
QSO: 14231 PH 2026-03-08 2359 ED8W 59 1000 KA3JUT 59 PA 1
QSO: 7176 PH 2026-03-08 2359 ED8W 59 1000 AC3LW 59 PA 0
QSO: 7176 PH 2026-03-08 2359 ED8W 59 1000 WB2NVR 59 NY 0
QSO: 14231 PH 2026-03-08 2359 ED8W 59 1000 WB9HUC 59 WI 1
END-OF-LOG: