START-OF-LOG: 3.0
CONTEST: CQ-WPX-RTTY
CALLSIGN: DR1X
LOCATION: DX
CATEGORY-OPERATOR: SINGLE-OP
CATEGORY-ASSISTED: ASSISTED
CATEGORY-BAND: ALL
CATEGORY-POWER: HIGH
CATEGORY-MODE: RTTY
CATEGORY-TRANSMITTER: ONE
CATEGORY-STATION: FIXED
CATEGORY-OVERLAY:
GRID-LOCATOR: JO41FT
CLAIMED-SCORE: 1945328
NAME: Burkhard Berenbrink
OPERATORS: DF8XC
CLUB: RHEIN RUHR DX ASSOCIATION
CREATED-BY: Win-Test 4.58.0
QSO:    7041 RY 2026-02-14 0923 DR1X             599 0001  HG1G             599  327      
QSO:    7040 RY 2026-02-14 0926 DR1X             599 0002  PD0MHZ           599  083      
QSO:    7041 RY 2026-02-14 0927 DR1X             599 0003  M9B              599  118      
QSO:    7044 RY 2026-02-14 0932 DR1X             599 0004  DR3W             599  097      
QSO:    7047 RY 2026-02-14 0938 DR1X             599 0005  DL7AUO           599  167      
QSO:    7047 RY 2026-02-14 0939 DR1X             599 0006  TM3Z             599  805      
QSO:    7047 RY 2026-02-14 0940 DR1X             599 0007  DL5YAS           599  011      
QSO:    7047 RY 2026-02-14 0940 DR1X             599 0008  DQ1P             599  056      
QSO:    7047 RY 2026-02-14 0941 DR1X             599 0009  IO6T             599  514      
QSO:    7047 RY 2026-02-14 0941 DR1X             599 0010  DL9NO            599  104      
QSO:    7047 RY 2026-02-14 0943 DR1X             599 0011  UZ1WW            599  225      
QSO:    7047 RY 2026-02-14 0944 DR1X             599 0012  SP8R             599  536      
QSO:    7049 RY 2026-02-14 0957 DR1X             599 0013  G0LFT            599  004      
QSO:    7049 RY 2026-02-14 0958 DR1X             599 0014  SN5Z             599  050      
QSO:    7049 RY 2026-02-14 0959 DR1X             599 0015  I2OGV            599  029      
QSO:    7049 RY 2026-02-14 0959 DR1X             599 0016  DG6TOM           599  010      
QSO:    7049 RY 2026-02-14 1000 DR1X             599 0017  F5LMJ            599  047      
QSO:    7049 RY 2026-02-14 1000 DR1X             599 0018  DP7D             599  516      
QSO:    7049 RY 2026-02-14 1002 DR1X             599 0019  DL4HCF           599  078      
QSO:    7049 RY 2026-02-14 1007 DR1X             599 0020  IV3WMS           599  220      
QSO:    7049 RY 2026-02-14 1008 DR1X             599 0021  IZ1NGT           599  004      
QSO:    7049 RY 2026-02-14 1009 DR1X             599 0022  SM6MVE           599  043      
QSO:    7049 RY 2026-02-14 1009 DR1X             599 0023  OZ4GM            599  103      
QSO:    7049 RY 2026-02-14 1010 DR1X             599 0024  PA2VS            599  078      
QSO:    7049 RY 2026-02-14 1010 DR1X             599 0025  PH3BDJ           599  092      
QSO:    7049 RY 2026-02-14 1012 DR1X             599 0026  DL6RDR           599  128      
QSO:    7049 RY 2026-02-14 1013 DR1X             599 0027  II1R             599  182      
QSO:    7049 RY 2026-02-14 1014 DR1X             599 0028  DC2VE            599  011      
QSO:    7049 RY 2026-02-14 1014 DR1X             599 0029  DL1ZBO           599  083      
QSO:    7049 RY 2026-02-14 1015 DR1X             599 0030  DL3YCW           599  019      
QSO:    7049 RY 2026-02-14 1016 DR1X             599 0031  G4SJX            599  087      
QSO:    7049 RY 2026-02-14 1016 DR1X             599 0032  SP4BPH           599  079      
QSO:    7049 RY 2026-02-14 1017 DR1X             599 0033  G4M              599  196      
QSO:    7049 RY 2026-02-14 1018 DR1X             599 0034  SM5FUG           599  075      
QSO:    7048 RY 2026-02-14 1020 DR1X             599 0035  IU3GJL           599  001      
QSO:    7048 RY 2026-02-14 1020 DR1X             599 0036  DA0BCC           599  455      
QSO:    7048 RY 2026-02-14 1021 DR1X             599 0037  F1FCA            599  064      
QSO:    7048 RY 2026-02-14 1021 DR1X             599 0038  IW1RLC           599  183      
QSO:    7048 RY 2026-02-14 1022 DR1X             599 0039  G3CWA            599  004      
QSO:    7048 RY 2026-02-14 1022 DR1X             599 0040  DK2LO            599  055      
QSO:    7048 RY 2026-02-14 1023 DR1X             599 0041  DL4LT            599  032      
QSO:    7048 RY 2026-02-14 1023 DR1X             599 0042  DL7JOM           599  006      
QSO:    7048 RY 2026-02-14 1024 DR1X             599 0043  2E0CVN           599  060      
QSO:    7048 RY 2026-02-14 1024 DR1X             599 0044  DF0KU            599  225      
QSO:    7048 RY 2026-02-14 1024 DR1X             599 0045  IZ2ZQP           599  045      
QSO:    7048 RY 2026-02-14 1026 DR1X             599 0046  DL4VK            599  064      
QSO:    7048 RY 2026-02-14 1026 DR1X             599 0047  DK2VM            599  031      
QSO:    7048 RY 2026-02-14 1027 DR1X             599 0048  DC2CB            599  008      
QSO:    7048 RY 2026-02-14 1028 DR1X             599 0049  DK2VM            599  032      
QSO:    7048 RY 2026-02-14 1028 DR1X             599 0050  PE3T             599  014      
QSO:    7048 RY 2026-02-14 1029 DR1X             599 0051  IZ3ZOO           599  001      
QSO:    7048 RY 2026-02-14 1029 DR1X             599 0052  IK0ALH           599  114      
QSO:    7048 RY 2026-02-14 1030 DR1X             599 0053  IP3F             599  086      
QSO:    7048 RY 2026-02-14 1031 DR1X             599 0054  DF4ZL            599  180      
QSO:    7048 RY 2026-02-14 1032 DR1X             599 0055  DG0KS            599  044      
QSO:    7048 RY 2026-02-14 1032 DR1X             599 0056  DA2026SKI        599  079      
QSO:    7048 RY 2026-02-14 1033 DR1X             599 0057  OK6K             599  071      
QSO:    7048 RY 2026-02-14 1035 DR1X             599 0058  IK2MXM           599  026      
QSO:    7048 RY 2026-02-14 1036 DR1X             599 0059  SP8CGU           599  190      
QSO:    7048 RY 2026-02-14 1038 DR1X             599 0060  G4BHT            599  032      
QSO:    7048 RY 2026-02-14 1039 DR1X             599 0061  9A1A             599  562      
QSO:   14086 RY 2026-02-14 1045 DR1X             599 0062  IZ1PKV           599  245      
QSO:   14083 RY 2026-02-14 1046 DR1X             599 0063  EW6DM            599  063      
QSO:   14083 RY 2026-02-14 1048 DR1X             599 0064  ER3KAZ           599  011      
QSO:   14085 RY 2026-02-14 1050 DR1X             599 0065  GM5G             599  375      
QSO:   14090 RY 2026-02-14 1052 DR1X             599 0066  RM5F             599  586      
QSO:   14090 RY 2026-02-14 1053 DR1X             599 0067  LY4BF            599  045      
QSO:   14090 RY 2026-02-14 1053 DR1X             599 0068  9A5Y             599  342      
QSO:   14090 RY 2026-02-14 1054 DR1X             599 0069  EE4Y             599  629      
QSO:   14090 RY 2026-02-14 1054 DR1X             599 0070  EA1VEP           599  050      
QSO:   14090 RY 2026-02-14 1056 DR1X             599 0071  ED8MXM           599  1349     
QSO:   14090 RY 2026-02-14 1057 DR1X             599 0072  IO1T             599  366      
QSO:   14090 RY 2026-02-14 1058 DR1X             599 0073  RA1M             599  201      
QSO:   14090 RY 2026-02-14 1058 DR1X             599 0074  SN2M             599  353      
QSO:   14090 RY 2026-02-14 1059 DR1X             599 0075  VK4S             599  459      
QSO:   14090 RY 2026-02-14 1100 DR1X             599 0076  OK1KKI           599  513      
QSO:   14090 RY 2026-02-14 1101 DR1X             599 0077  9A925T           599  365      
QSO:   14090 RY 2026-02-14 1102 DR1X             599 0078  SQ9DXT           599  014      
QSO:   14090 RY 2026-02-14 1102 DR1X             599 0079  9A1A             599  287      
QSO:   14090 RY 2026-02-14 1103 DR1X             599 0080  JI4WHS           599  129      
QSO:   21091 RY 2026-02-14 1110 DR1X             599 0081  RN1AO            599  059      
QSO:   21091 RY 2026-02-14 1111 DR1X             599 0082  LB1UK            599  105      
QSO:   21091 RY 2026-02-14 1112 DR1X             599 0083  BI8CZM           599  223      
QSO:   21091 RY 2026-02-14 1113 DR1X             599 0084  RW0UM            599  119      
QSO:   21091 RY 2026-02-14 1114 DR1X             599 0085  RK9AY            599  042      
QSO:   21091 RY 2026-02-14 1114 DR1X             599 0086  OG2P             599  310      
QSO:   21091 RY 2026-02-14 1115 DR1X             599 0087  EA1ACP           599  170      
QSO:   21091 RY 2026-02-14 1115 DR1X             599 0088  UN6G             599  052      
QSO:   21091 RY 2026-02-14 1115 DR1X             599 0089  ED7O             599  205      
QSO:   21091 RY 2026-02-14 1117 DR1X             599 0090  SN5X             599  234      
QSO:   21091 RY 2026-02-14 1118 DR1X             599 0091  EC7YY            599  373      
QSO:   21091 RY 2026-02-14 1118 DR1X             599 0092  RM5F             599  642      
QSO:   21091 RY 2026-02-14 1120 DR1X             599 0093  YQ6A             599  506      
QSO:   21091 RY 2026-02-14 1121 DR1X             599 0094  OK3FP            599  098      
QSO:   21091 RY 2026-02-14 1123 DR1X             599 0095  RY3PAE           599  135      
QSO:   21091 RY 2026-02-14 1123 DR1X             599 0096  US3EW            599  061      
QSO:   21091 RY 2026-02-14 1125 DR1X             599 0097  UA3NFI           599  097      
QSO:   21091 RY 2026-02-14 1125 DR1X             599 0098  RU4SS            599  242      
QSO:   21091 RY 2026-02-14 1126 DR1X             599 0099  UA0OK            599  312      
QSO:   21091 RY 2026-02-14 1127 DR1X             599 0100  RA5BF            599  073      
QSO:   21091 RY 2026-02-14 1127 DR1X             599 0101  UT8EL            599  081      
QSO:   21091 RY 2026-02-14 1128 DR1X             599 0102  US1VM            599  080      
QSO:   21091 RY 2026-02-14 1128 DR1X             599 0103  IU8RQW           599  024      
QSO:   21091 RY 2026-02-14 1129 DR1X             599 0104  R6SH             599  040      
QSO:   21091 RY 2026-02-14 1131 DR1X             599 0105  OR3A             599  057      
QSO:   21091 RY 2026-02-14 1131 DR1X             599 0106  UR5LY            599  123      
QSO:   21091 RY 2026-02-14 1132 DR1X             599 0107  LO7H             599  044      
QSO:   21091 RY 2026-02-14 1133 DR1X             599 0108  EA4FME           599  143      
QSO:   21091 RY 2026-02-14 1134 DR1X             599 0109  RD0A             599  295      
QSO:   21091 RY 2026-02-14 1134 DR1X             599 0110  LZ4AE            599  303      
QSO:   21091 RY 2026-02-14 1134 DR1X             599 0111  R0UBH            599  229      
QSO:   21091 RY 2026-02-14 1135 DR1X             599 0112  EF1Z             599  232      
QSO:   21091 RY 2026-02-14 1136 DR1X             599 0113  ED8M             599  1435     
QSO:   21091 RY 2026-02-14 1142 DR1X             599 0114  VJ5W             599  235      
QSO:   21091 RY 2026-02-14 1144 DR1X             599 0115  UF5A             599  182      
QSO:   21091 RY 2026-02-14 1145 DR1X             599 0116  US4UU            599  034      
QSO:   21091 RY 2026-02-14 1145 DR1X             599 0117  OH1FFN           599  079      
QSO:   21091 RY 2026-02-14 1146 DR1X             599 0118  UZ0A             599  143      
QSO:   21091 RY 2026-02-14 1147 DR1X             599 0119  RA0R             599  428      
QSO:   21091 RY 2026-02-14 1149 DR1X             599 0120  UC6N             599  239      
QSO:   21091 RY 2026-02-14 1149 DR1X             599 0121  RU3OZ            599  051      
QSO:   21091 RY 2026-02-14 1150 DR1X             599 0122  RA9AU            599  303      
QSO:   21091 RY 2026-02-14 1151 DR1X             599 0123  R2LM             599  086      
QSO:   21091 RY 2026-02-14 1152 DR1X             599 0124  DL1YFS           599  105      
QSO:   21091 RY 2026-02-14 1152 DR1X             599 0125  R0OO             599  060      
QSO:   21091 RY 2026-02-14 1153 DR1X             599 0126  VK4ZP            599  091      
QSO:   21091 RY 2026-02-14 1154 DR1X             599 0127  RL4R             599  160      
QSO:   21091 RY 2026-02-14 1154 DR1X             599 0128  OK2CMW           599  177      
QSO:   21091 RY 2026-02-14 1157 DR1X             599 0129  DV1IIW           599  043      
QSO:   21091 RY 2026-02-14 1159 DR1X             599 0130  JA5ENO           599  028      
QSO:   21091 RY 2026-02-14 1202 DR1X             599 0131  R0UT             599  168      
QSO:   21091 RY 2026-02-14 1203 DR1X             599 0132  UZ2HZ            599  262      
QSO:   21091 RY 2026-02-14 1209 DR1X             599 0133  VK3LF            599  111      
QSO:   21091 RY 2026-02-14 1212 DR1X             599 0134  DL3BQA           599  283      
QSO:   21097 RY 2026-02-14 1219 DR1X             599 0135  OH3OJ            599  399      
QSO:   21100 RY 2026-02-14 1220 DR1X             599 0136  SV3SKM           599  122      
QSO:   21100 RY 2026-02-14 1223 DR1X             599 0137  YO3RU            599  209      
QSO:   21100 RY 2026-02-14 1224 DR1X             599 0138  DU7/VK4CCV       599  042      
QSO:   21100 RY 2026-02-14 1224 DR1X             599 0139  RA0AB            599  171      
QSO:   21100 RY 2026-02-14 1225 DR1X             599 0140  YO9BCM           599  272      
QSO:   21100 RY 2026-02-14 1225 DR1X             599 0141  EA5BH            599  059      
QSO:   21100 RY 2026-02-14 1226 DR1X             599 0142  DA2026SKI        599  114      
QSO:   21100 RY 2026-02-14 1229 DR1X             599 0143  EA2AZ            599  228      
QSO:   21100 RY 2026-02-14 1229 DR1X             599 0144  RV3DBK           599  118      
QSO:   21100 RY 2026-02-14 1230 DR1X             599 0145  UT0CK            599  084      
QSO:   21099 RY 2026-02-14 1234 DR1X             599 0146  RV3ZN            599  288      
QSO:   21103 RY 2026-02-14 1235 DR1X             599 0147  YO4NF            599  476      
QSO:   21103 RY 2026-02-14 1235 DR1X             599 0148  YO9HP            599  665      
QSO:   21103 RY 2026-02-14 1237 DR1X             599 0149  UT5EPP           599  458      
QSO:   21103 RY 2026-02-14 1238 DR1X             599 0150  RZ3AV            599  107      
QSO:   21103 RY 2026-02-14 1240 DR1X             599 0151  YF3ARV           599  012      
QSO:   21103 RY 2026-02-14 1241 DR1X             599 0152  SX1H             599  111      
QSO:   21103 RY 2026-02-14 1241 DR1X             599 0153  VK3SIM           599  025      
QSO:   21103 RY 2026-02-14 1242 DR1X             599 0154  4Z4DX            599  124      
QSO:   21103 RY 2026-02-14 1243 DR1X             599 0155  RY3ABK           599  135      
QSO:   21103 RY 2026-02-14 1243 DR1X             599 0156  VJ3A             599  242      
QSO:   21103 RY 2026-02-14 1244 DR1X             599 0157  SV1EKV           599  003      
QSO:   21103 RY 2026-02-14 1244 DR1X             599 0158  VU2DED           599  109      
QSO:   21103 RY 2026-02-14 1246 DR1X             599 0159  RG2Y             599  455      
QSO:   21103 RY 2026-02-14 1248 DR1X             599 0160  RN4HAB           599  222      
QSO:   21103 RY 2026-02-14 1249 DR1X             599 0161  VL2Y             599  005      
QSO:   21103 RY 2026-02-14 1250 DR1X             599 0162  RU5X             599  149      
QSO:   21103 RY 2026-02-14 1251 DR1X             599 0163  BD4QXR           599  049      
QSO:   21103 RY 2026-02-14 1252 DR1X             599 0164  MC2I             599  462      
QSO:   21103 RY 2026-02-14 1253 DR1X             599 0165  HG60IPA          599  132      
QSO:   21103 RY 2026-02-14 1255 DR1X             599 0166  OH5BP            599  293      
QSO:   21103 RY 2026-02-14 1256 DR1X             599 0167  R3AQ             599  437      
QSO:   21118 RY 2026-02-14 1309 DR1X             599 0168  J35X             599  022      
QSO:   21088 RY 2026-02-14 1311 DR1X             599 0169  LZ5K             599  344      
QSO:   21099 RY 2026-02-14 1312 DR1X             599 0170  ED8L             599  087      
QSO:   21099 RY 2026-02-14 1313 DR1X             599 0171  W1AW/1           599  033      
QSO:   21099 RY 2026-02-14 1313 DR1X             599 0172  K9CT             599  094      
QSO:   21099 RY 2026-02-14 1314 DR1X             599 0173  RA3TT            599  152      
QSO:   21095 RY 2026-02-14 1409 DR1X             599 0174  K9UC             599  221      
QSO:   21095 RY 2026-02-14 1410 DR1X             599 0175  N2RC             599  112      
QSO:   21095 RY 2026-02-14 1410 DR1X             599 0176  N2KI             599  314      
QSO:   21095 RY 2026-02-14 1410 DR1X             599 0177  WV4P             599  249      
QSO:   21095 RY 2026-02-14 1411 DR1X             599 0178  Z35U             599  026      
QSO:   21095 RY 2026-02-14 1412 DR1X             599 0179  N3CKI            599  080      
QSO:   21095 RY 2026-02-14 1413 DR1X             599 0180  DJ8EW            599  226      
QSO:   21095 RY 2026-02-14 1413 DR1X             599 0181  KG9X             599  073      
QSO:   21095 RY 2026-02-14 1414 DR1X             599 0182  KP4JFR           599  022      
QSO:   21095 RY 2026-02-14 1414 DR1X             599 0183  K9PW             599  121      
QSO:   21095 RY 2026-02-14 1415 DR1X             599 0184  N9TK             599  049      
QSO:   21095 RY 2026-02-14 1415 DR1X             599 0185  KC9K             599  105      
QSO:   21095 RY 2026-02-14 1416 DR1X             599 0186  NG1R             599  052      
QSO:   21095 RY 2026-02-14 1417 DR1X             599 0187  IK5QPS           599  069      
QSO:   21095 RY 2026-02-14 1418 DR1X             599 0188  K3WHD            599  046      
QSO:   21095 RY 2026-02-14 1419 DR1X             599 0189  AD4EB            599  710      
QSO:   21095 RY 2026-02-14 1420 DR1X             599 0190  WP3C             599  814      
QSO:   21095 RY 2026-02-14 1421 DR1X             599 0191  DL6RY            599  759      
QSO:   21095 RY 2026-02-14 1422 DR1X             599 0192  KZ7X             599  509      
QSO:   21095 RY 2026-02-14 1422 DR1X             599 0193  VE3NFN           599  070      
QSO:   21095 RY 2026-02-14 1422 DR1X             599 0194  W2CDO            599  185      
QSO:   21095 RY 2026-02-14 1423 DR1X             599 0195  N9TF             599  232      
QSO:   21095 RY 2026-02-14 1424 DR1X             599 0196  NS4X             599  205      
QSO:   21095 RY 2026-02-14 1424 DR1X             599 0197  K2MK             599  048      
QSO:   21095 RY 2026-02-14 1425 DR1X             599 0198  K0MPH            599  029      
QSO:   21095 RY 2026-02-14 1425 DR1X             599 0199  K0CN             599  181      
QSO:   21095 RY 2026-02-14 1426 DR1X             599 0200  KA3GIK           599  116      
QSO:   21095 RY 2026-02-14 1427 DR1X             599 0201  WB0POH           599  002      
QSO:   21095 RY 2026-02-14 1427 DR1X             599 0202  SV1QEZ           599  044      
QSO:   21095 RY 2026-02-14 1428 DR1X             599 0203  KC2GOW           599  283      
QSO:   21095 RY 2026-02-14 1428 DR1X             599 0204  W2NO             599  102      
QSO:   21095 RY 2026-02-14 1432 DR1X             599 0205  W1AJT            599  088      
QSO:   21095 RY 2026-02-14 1433 DR1X             599 0206  VE3JZT           599  003      
QSO:   21095 RY 2026-02-14 1435 DR1X             599 0207  KB8DX            599  023      
QSO:   21095 RY 2026-02-14 1436 DR1X             599 0208  WJ4DX            599  281      
QSO:   21095 RY 2026-02-14 1437 DR1X             599 0209  W4ZGR            599  009      
QSO:   21095 RY 2026-02-14 1437 DR1X             599 0210  K3WJV            599  289      
QSO:   21095 RY 2026-02-14 1438 DR1X             599 0211  VE4VT            599  054      
QSO:   21095 RY 2026-02-14 1439 DR1X             599 0212  NX8G             599  066      
QSO:   21095 RY 2026-02-14 1439 DR1X             599 0213  K2MV             599  074      
QSO:   21095 RY 2026-02-14 1441 DR1X             599 0214  N0OK             599  135      
QSO:   21095 RY 2026-02-14 1441 DR1X             599 0215  W7GES            599  041      
QSO:   21095 RY 2026-02-14 1442 DR1X             599 0216  N8TCP            599  025      
QSO:   21095 RY 2026-02-14 1442 DR1X             599 0217  K7JQ             599  218      
QSO:   21095 RY 2026-02-14 1443 DR1X             599 0218  AJ4CG            599  114      
QSO:   21095 RY 2026-02-14 1444 DR1X             599 0219  NC4S             599  166      
QSO:   21095 RY 2026-02-14 1445 DR1X             599 0220  IQ3PN            599  048      
QSO:   21095 RY 2026-02-14 1445 DR1X             599 0221  WO2T             599  017      
QSO:   21095 RY 2026-02-14 1446 DR1X             599 0222  S53K             599  166      
QSO:   21095 RY 2026-02-14 1447 DR1X             599 0223  KW3A             599  081      
QSO:   21095 RY 2026-02-14 1448 DR1X             599 0224  NR4M             599  509      
QSO:   21095 RY 2026-02-14 1450 DR1X             599 0225  CO2AJ            599  054      
QSO:   21095 RY 2026-02-14 1450 DR1X             599 0226  K9WO             599  223      
QSO:   21095 RY 2026-02-14 1451 DR1X             599 0227  K8PK             599  088      
QSO:   28094 RY 2026-02-14 1454 DR1X             599 0228  W0PI             599  108      
QSO:   28094 RY 2026-02-14 1455 DR1X             599 0229  VA1XH            599  222      
QSO:   28094 RY 2026-02-14 1456 DR1X             599 0230  K4XL             599  230      
QSO:   28094 RY 2026-02-14 1457 DR1X             599 0231  ZF2SS            599  685      
QSO:   28094 RY 2026-02-14 1457 DR1X             599 0232  KA3GIK           599  070      
QSO:   28123 RY 2026-02-14 1459 DR1X             599 0233  WV4P             599  192      
QSO:   28100 RY 2026-02-14 1500 DR1X             599 0234  N6AR             599  487      
QSO:   28122 RY 2026-02-14 1501 DR1X             599 0235  HK1T             599  339      
QSO:   28109 RY 2026-02-14 1502 DR1X             599 0236  AA3B             599  1049     
QSO:   28093 RY 2026-02-14 1502 DR1X             599 0237  K2UA             599  055      
QSO:   28078 RY 2026-02-14 1503 DR1X             599 0238  KB3Z             599  305      
QSO:   28114 RY 2026-02-14 1504 DR1X             599 0239  NY6DX            599  040      
QSO:   28103 RY 2026-02-14 1504 DR1X             599 0240  K4WI             599  140      
QSO:   28112 RY 2026-02-14 1505 DR1X             599 0241  KA2MGE           599  088      
QSO:   28114 RY 2026-02-14 1506 DR1X             599 0242  AE1P             599  177      
QSO:   28108 RY 2026-02-14 1507 DR1X             599 0243  KB1EFS/2         599  259      
QSO:   28108 RY 2026-02-14 1508 DR1X             599 0244  DL1A             599  154      
QSO:   28108 RY 2026-02-14 1508 DR1X             599 0245  K5VIP            599  095      
QSO:   28108 RY 2026-02-14 1509 DR1X             599 0246  S53X             599  552      
QSO:   28108 RY 2026-02-14 1509 DR1X             599 0247  WA1ONB           599  239      
QSO:   28108 RY 2026-02-14 1511 DR1X             599 0248  PY4KU            599  025      
QSO:   28108 RY 2026-02-14 1512 DR1X             599 0249  W8TOM            599  036      
QSO:   28108 RY 2026-02-14 1512 DR1X             599 0250  IB9T             599  285      
QSO:   28108 RY 2026-02-14 1513 DR1X             599 0251  N3FCP            599  212      
QSO:   28108 RY 2026-02-14 1514 DR1X             599 0252  WB5JJJ           599  093      
QSO:   28108 RY 2026-02-14 1516 DR1X             599 0253  IO2Z             599  136      
QSO:   28108 RY 2026-02-14 1516 DR1X             599 0254  KS4ZX            599  074      
QSO:   28108 RY 2026-02-14 1517 DR1X             599 0255  KC9TZO           599  153      
QSO:   28108 RY 2026-02-14 1518 DR1X             599 0256  YB9ELS           599  350      
QSO:   28108 RY 2026-02-14 1518 DR1X             599 0257  W1ARY            599  137      
QSO:   28108 RY 2026-02-14 1519 DR1X             599 0258  VA3LR            599  357      
QSO:   28108 RY 2026-02-14 1519 DR1X             599 0259  N3VLF            599  004      
QSO:   28108 RY 2026-02-14 1519 DR1X             599 0260  AC3U             599  162      
QSO:   28108 RY 2026-02-14 1520 DR1X             599 0261  K2MK             599  065      
QSO:   28108 RY 2026-02-14 1521 DR1X             599 0262  KD9NHZ           599  109      
QSO:   28108 RY 2026-02-14 1521 DR1X             599 0263  AH2O             599  299      
QSO:   28108 RY 2026-02-14 1522 DR1X             599 0264  WB8TDG           599  098      
QSO:   28108 RY 2026-02-14 1522 DR1X             599 0265  FY5KE            599  387      
QSO:   28108 RY 2026-02-14 1524 DR1X             599 0266  ON6AT            599  064      
QSO:   28108 RY 2026-02-14 1526 DR1X             599 0267  K5KLA            599  088      
QSO:   28108 RY 2026-02-14 1526 DR1X             599 0268  WJ1U             599  334      
QSO:   28122 RY 2026-02-14 1532 DR1X             599 0269  XE2X             599  132      
QSO:   28133 RY 2026-02-14 1533 DR1X             599 0270  IQ3ME            599  151      
QSO:   28098 RY 2026-02-14 1536 DR1X             599 0271  KC3ECO           599  073      
QSO:   28098 RY 2026-02-14 1537 DR1X             599 0272  KB9LEB           599  005      
QSO:   28098 RY 2026-02-14 1538 DR1X             599 0273  AC9S             599  364      
QSO:   28098 RY 2026-02-14 1539 DR1X             599 0274  N9TF             599  283      
QSO:   28098 RY 2026-02-14 1539 DR1X             599 0275  K3TN             599  077      
QSO:   28098 RY 2026-02-14 1541 DR1X             599 0276  WD0BGZ           599  024      
QSO:   28098 RY 2026-02-14 1542 DR1X             599 0277  AC0C             599  504      
QSO:   28098 RY 2026-02-14 1543 DR1X             599 0278  NT5V             599  025      
QSO:   28098 RY 2026-02-14 1543 DR1X             599 0279  VA3WB            599  123      
QSO:   28098 RY 2026-02-14 1544 DR1X             599 0280  WW4R             599  390      
QSO:   28098 RY 2026-02-14 1544 DR1X             599 0281  DF8QB            599  268      
QSO:   28098 RY 2026-02-14 1545 DR1X             599 0282  K3WJV            599  352      
QSO:   28098 RY 2026-02-14 1546 DR1X             599 0283  VE3BEE           599  013      
QSO:   28098 RY 2026-02-14 1547 DR1X             599 0284  M2E              599  183      
QSO:   28098 RY 2026-02-14 1548 DR1X             599 0285  KW4J             599  017      
QSO:   28098 RY 2026-02-14 1548 DR1X             599 0286  KV2U             599  078      
QSO:   28098 RY 2026-02-14 1549 DR1X             599 0287  ON4CT            599  160      
QSO:   28098 RY 2026-02-14 1550 DR1X             599 0288  KI1G             599  387      
QSO:   28098 RY 2026-02-14 1552 DR1X             599 0289  W2VT             599  072      
QSO:   28098 RY 2026-02-14 1553 DR1X             599 0290  WB0WIV           599  060      
QSO:   28098 RY 2026-02-14 1554 DR1X             599 0291  OZ4GM            599  037      
QSO:   28098 RY 2026-02-14 1555 DR1X             599 0292  N4TL             599  044      
QSO:   28098 RY 2026-02-14 1556 DR1X             599 0293  W3DQS            599  153      
QSO:   28098 RY 2026-02-14 1557 DR1X             599 0294  DK9IP            599  054      
QSO:   28098 RY 2026-02-14 1559 DR1X             599 0295  K9WO             599  291      
QSO:   28098 RY 2026-02-14 1600 DR1X             599 0296  DM3W             599  181      
QSO:   28098 RY 2026-02-14 1601 DR1X             599 0297  WA2DHS           599  007      
QSO:   28098 RY 2026-02-14 1601 DR1X             599 0298  NT9E             599  063      
QSO:   28098 RY 2026-02-14 1602 DR1X             599 0299  N9CIQ            599  643      
QSO:   28098 RY 2026-02-14 1603 DR1X             599 0300  N8HRZ            599  270      
QSO:   28098 RY 2026-02-14 1604 DR1X             599 0301  G2E              599  050      
QSO:   28098 RY 2026-02-14 1605 DR1X             599 0302  XM2X             599  082      
QSO:   28098 RY 2026-02-14 1605 DR1X             599 0303  VA3FF            599  073      
QSO:   28098 RY 2026-02-14 1606 DR1X             599 0304  K0AP             599  089      
QSO:   28098 RY 2026-02-14 1606 DR1X             599 0305  N4IQ             599  279      
QSO:   28098 RY 2026-02-14 1607 DR1X             599 0306  LO7H             599  176      
QSO:   28098 RY 2026-02-14 1608 DR1X             599 0307  VE1RSM           599  034      
QSO:   28098 RY 2026-02-14 1609 DR1X             599 0308  DK5QN            599  034      
QSO:   28098 RY 2026-02-14 1609 DR1X             599 0309  KI9A             599  089      
QSO:   28081 RY 2026-02-14 1612 DR1X             599 0310  PZ5RA            599  289      
QSO:   28089 RY 2026-02-14 1613 DR1X             599 0311  P49X             599  1350     
QSO:   28136 RY 2026-02-14 1614 DR1X             599 0312  VP9I             599  410      
QSO:   28095 RY 2026-02-14 1615 DR1X             599 0313  AZ1D             599  437      
QSO:   28103 RY 2026-02-14 1617 DR1X             599 0314  VY2LI            599  076      
QSO:   28084 RY 2026-02-14 1618 DR1X             599 0315  KW7MM            599  208      
QSO:   28136 RY 2026-02-14 1619 DR1X             599 0316  CX6TU            599  130      
QSO:   28126 RY 2026-02-14 1620 DR1X             599 0317  PJ2T             599  594      
QSO:   28123 RY 2026-02-14 1622 DR1X             599 0318  WK1Q             599  645      
QSO:   28141 RY 2026-02-14 1623 DR1X             599 0319  AA0F             599  141      
QSO:   28090 RY 2026-02-14 1625 DR1X             599 0320  K2NV             599  066      
QSO:   28092 RY 2026-02-14 1627 DR1X             599 0321  NW3L             599  366      
QSO:   28083 RY 2026-02-14 1628 DR1X             599 0322  KF0JBL           599  441      
QSO:   28118 RY 2026-02-14 1629 DR1X             599 0323  4M5A             599  097      
QSO:   28109 RY 2026-02-14 1630 DR1X             599 0324  IK8NSR           599  081      
QSO:   28125 RY 2026-02-14 1632 DR1X             599 0325  3V8LL            599  663      
QSO:   28123 RY 2026-02-14 1634 DR1X             599 0326  LU1EHX           599  408      
QSO:   28091 RY 2026-02-14 1634 DR1X             599 0327  CB8E             599  127      
QSO:   28107 RY 2026-02-14 1635 DR1X             599 0328  WP3C             599  971      
QSO:   28119 RY 2026-02-14 1636 DR1X             599 0329  K5ZD             599  1106     
QSO:   28103 RY 2026-02-14 1636 DR1X             599 0330  L33M             599  029      
QSO:   28105 RY 2026-02-14 1637 DR1X             599 0331  ON5GQ            599  530      
QSO:   28102 RY 2026-02-14 1722 DR1X             599 0332  NC0DX            599  817      
QSO:   28131 RY 2026-02-14 1723 DR1X             599 0333  KA4RRU           599  577      
QSO:   28105 RY 2026-02-14 1724 DR1X             599 0334  KC7V             599  913      
QSO:   28106 RY 2026-02-14 1727 DR1X             599 0335  TI2OY            599  266      
QSO:   28086 RY 2026-02-14 1728 DR1X             599 0336  F1RHS            599  032      
QSO:   28103 RY 2026-02-14 1730 DR1X             599 0337  CR3W             599  1092     
QSO:   21095 RY 2026-02-14 1825 DR1X             599 0338  P49X             599  1705     
QSO:   21093 RY 2026-02-14 1827 DR1X             599 0339  4U1UN            599  180      
QSO:   21087 RY 2026-02-14 1828 DR1X             599 0340  KD7ND            599  694      
QSO:   14085 RY 2026-02-14 1832 DR1X             599 0341  NO2N             599  158      
QSO:   14085 RY 2026-02-14 1834 DR1X             599 0342  WD5DBV           599  019      
QSO:   14085 RY 2026-02-14 1834 DR1X             599 0343  ME6W             599  503      
QSO:   14085 RY 2026-02-14 1835 DR1X             599 0344  KZ7X             599  761      
QSO:   14085 RY 2026-02-14 1835 DR1X             599 0345  EA3CI            599  092      
QSO:   14085 RY 2026-02-14 1836 DR1X             599 0346  AB3GY            599  101      
QSO:   14085 RY 2026-02-14 1837 DR1X             599 0347  WB2COY           599  008      
QSO:   14085 RY 2026-02-14 1837 DR1X             599 0348  K3WJV            599  461      
QSO:   14085 RY 2026-02-14 1838 DR1X             599 0349  XE2W             599  046      
QSO:   14085 RY 2026-02-14 1838 DR1X             599 0350  K0SR             599  014      
QSO:   14085 RY 2026-02-14 1839 DR1X             599 0351  KC9K             599  258      
QSO:   14085 RY 2026-02-14 1839 DR1X             599 0352  DK4DJ            599  072      
QSO:   14085 RY 2026-02-14 1841 DR1X             599 0353  N2HMM            599  501      
QSO:   14085 RY 2026-02-14 1842 DR1X             599 0354  KA6BIM           599  623      
QSO:   14085 RY 2026-02-14 1843 DR1X             599 0355  WD4GBW           599  125      
QSO:   14085 RY 2026-02-14 1846 DR1X             599 0356  N3QE             599  802      
QSO:   14085 RY 2026-02-14 1846 DR1X             599 0357  VE3TW            599  135      
QSO:   14085 RY 2026-02-14 1847 DR1X             599 0358  KA3MTT           599  016      
QSO:   14085 RY 2026-02-14 1848 DR1X             599 0359  WB8JAY           599  034      
QSO:   14085 RY 2026-02-14 1848 DR1X             599 0360  WA1ONB           599  297      
QSO:   14085 RY 2026-02-14 1850 DR1X             599 0361  KQ4TNF           599  037      
QSO:   14085 RY 2026-02-14 1851 DR1X             599 0362  EA7RCS           599  040      
QSO:   14085 RY 2026-02-14 1851 DR1X             599 0363  I2DJX            599  239      
QSO:   14085 RY 2026-02-14 1852 DR1X             599 0364  VE2BVV           599  364      
QSO:   14085 RY 2026-02-14 1854 DR1X             599 0365  KD5MZV           599  017      
QSO:   14085 RY 2026-02-14 1855 DR1X             599 0366  S53P             599  025      
QSO:   14085 RY 2026-02-14 1856 DR1X             599 0367  LY5W             599  528      
QSO:   14085 RY 2026-02-14 1857 DR1X             599 0368  CT1FOQ           599  127      
QSO:   14085 RY 2026-02-14 1857 DR1X             599 0369  AC3KT            599  061      
QSO:   14085 RY 2026-02-14 1858 DR1X             599 0370  WM8C             599  051      
QSO:   14085 RY 2026-02-14 1859 DR1X             599 0371  K3AU             599  087      
QSO:   14085 RY 2026-02-14 1859 DR1X             599 0372  IP3W             599  355      
QSO:   14085 RY 2026-02-14 1900 DR1X             599 0373  MW8K             599  682      
QSO:   14085 RY 2026-02-14 1901 DR1X             599 0374  LN1K             599  398      
QSO:   14085 RY 2026-02-14 1902 DR1X             599 0375  PD2GSP           599  203      
QSO:   14085 RY 2026-02-14 1902 DR1X             599 0376  XM2X             599  229      
QSO:   14085 RY 2026-02-14 1903 DR1X             599 0377  OH1NOA           599  377      
QSO:   14085 RY 2026-02-14 1903 DR1X             599 0378  EI7M             599  450      
QSO:   14085 RY 2026-02-14 1904 DR1X             599 0379  AD7JP            599  694      
QSO:   14085 RY 2026-02-14 1905 DR1X             599 0380  KD2EFR           599  045      
QSO:   14085 RY 2026-02-14 1905 DR1X             599 0381  N1RM             599  557      
QSO:   14085 RY 2026-02-14 1905 DR1X             599 0382  K8RGI            599  047      
QSO:   14085 RY 2026-02-14 1906 DR1X             599 0383  DC2VE            599  049      
QSO:   14085 RY 2026-02-14 1907 DR1X             599 0384  KZ6F             599  613      
QSO:   14085 RY 2026-02-14 1907 DR1X             599 0385  KS4YX            599  147      
QSO:   14085 RY 2026-02-14 1907 DR1X             599 0386  KB0V             599  468      
QSO:   14085 RY 2026-02-14 1908 DR1X             599 0387  K9PW             599  281      
QSO:   14085 RY 2026-02-14 1909 DR1X             599 0388  WK0B             599  007      
QSO:   14085 RY 2026-02-14 1910 DR1X             599 0389  VE2EZD           599  125      
QSO:   14085 RY 2026-02-14 1910 DR1X             599 0390  K0TNT            599  116      
QSO:   14085 RY 2026-02-14 1910 DR1X             599 0391  VA7RY            599  217      
QSO:   14085 RY 2026-02-14 1912 DR1X             599 0392  KO0Z             599  057      
QSO:   14085 RY 2026-02-14 1914 DR1X             599 0393  DK9DA            599  187      
QSO:   14085 RY 2026-02-14 1914 DR1X             599 0394  HB9KG            599  401      
QSO:   14085 RY 2026-02-14 1915 DR1X             599 0395  OE9NRH           599  214      
QSO:   14085 RY 2026-02-14 1916 DR1X             599 0396  K8DU             599  049      
QSO:   14085 RY 2026-02-14 1917 DR1X             599 0397  AA3B             599  1497     
QSO:   14085 RY 2026-02-14 1917 DR1X             599 0398  KA3KHZ           599  121      
QSO:   14085 RY 2026-02-14 1918 DR1X             599 0399  NT9E             599  119      
QSO:   14085 RY 2026-02-14 1919 DR1X             599 0400  WK2W             599  001      
QSO:   14085 RY 2026-02-14 1919 DR1X             599 0401  WV4AM            599  292      
QSO:   14085 RY 2026-02-14 1920 DR1X             599 0402  WB8BZK           599  347      
QSO:   14085 RY 2026-02-14 1920 DR1X             599 0403  K3LT             599  078      
QSO:   14085 RY 2026-02-14 1921 DR1X             599 0404  N1NN             599  087      
QSO:   14085 RY 2026-02-14 1921 DR1X             599 0405  VA3WB            599  214      
QSO:   14085 RY 2026-02-14 1922 DR1X             599 0406  N9TF             599  352      
QSO:   14085 RY 2026-02-14 1923 DR1X             599 0407  NY1V             599  083      
QSO:   14085 RY 2026-02-14 1923 DR1X             599 0408  K2MV             599  097      
QSO:   14085 RY 2026-02-14 1926 DR1X             599 0409  K9WO             599  503      
QSO:   14085 RY 2026-02-14 1928 DR1X             599 0410  DR3K             599  395      
QSO:   14085 RY 2026-02-14 1929 DR1X             599 0411  K9CT             599  282      
QSO:   14085 RY 2026-02-14 1930 DR1X             599 0412  W3GH             599  279      
QSO:   14085 RY 2026-02-14 1931 DR1X             599 0413  N4LJT            599  252      
QSO:   14085 RY 2026-02-14 1933 DR1X             599 0414  N0MGK            599  012      
QSO:   14085 RY 2026-02-14 1934 DR1X             599 0415  W1ARY            599  210      
QSO:   14085 RY 2026-02-14 1934 DR1X             599 0416  KB0V             599  485      
QSO:   14085 RY 2026-02-14 1935 DR1X             599 0417  N0YY             599  249      
QSO:   14085 RY 2026-02-14 1935 DR1X             599 0418  W1GD             599  439      
QSO:   14085 RY 2026-02-14 1936 DR1X             599 0419  W4TTY            599  397      
QSO:   14085 RY 2026-02-14 1936 DR1X             599 0420  WW4LL            599  385      
QSO:   14085 RY 2026-02-14 1939 DR1X             599 0421  K2MV             599  116      
QSO:   14085 RY 2026-02-14 1940 DR1X             599 0422  G3B              599  149      
QSO:   14085 RY 2026-02-14 1942 DR1X             599 0423  WT9U             599  575      
QSO:   14085 RY 2026-02-14 1943 DR1X             599 0424  DK4VW            599  327      
QSO:   14085 RY 2026-02-14 1943 DR1X             599 0425  KA2KON           599  297      
QSO:   14085 RY 2026-02-14 1944 DR1X             599 0426  K1NY             599  040      
QSO:   14085 RY 2026-02-14 1944 DR1X             599 0427  K1DC             599  374      
QSO:   14085 RY 2026-02-14 1944 DR1X             599 0428  W1DYJ            599  122      
QSO:   14085 RY 2026-02-14 1945 DR1X             599 0429  N4QWF            599  106      
QSO:   14085 RY 2026-02-14 1946 DR1X             599 0430  WB2PJH           599  321      
QSO:   14085 RY 2026-02-14 1947 DR1X             599 0431  WV4P             599  327      
QSO:   14085 RY 2026-02-14 1948 DR1X             599 0432  SN3O             599  597      
QSO:   14085 RY 2026-02-14 1949 DR1X             599 0433  WA8MCD           599  315      
QSO:   14085 RY 2026-02-14 1949 DR1X             599 0434  ND3D             599  901      
QSO:   14085 RY 2026-02-14 1950 DR1X             599 0435  VE3NFN           599  146      
QSO:   14085 RY 2026-02-14 1951 DR1X             599 0436  DL0HMK           599  541      
QSO:   14085 RY 2026-02-14 1951 DR1X             599 0437  K7QA             599  528      
QSO:   14085 RY 2026-02-14 1951 DR1X             599 0438  K0JJR            599  208      
QSO:   14085 RY 2026-02-14 1952 DR1X             599 0439  WT2J             599  300      
QSO:   14085 RY 2026-02-14 1954 DR1X             599 0440  IW3IFJ           599  379      
QSO:   14085 RY 2026-02-14 1956 DR1X             599 0441  K2LS             599  028      
QSO:   14085 RY 2026-02-14 1956 DR1X             599 0442  W4AM             599  316      
QSO:   14085 RY 2026-02-14 1957 DR1X             599 0443  AA3R             599  411      
QSO:   14085 RY 2026-02-14 1957 DR1X             599 0444  N6AR             599  763      
QSO:   14085 RY 2026-02-14 1958 DR1X             599 0445  ZV2SP            599  292      
QSO:   14085 RY 2026-02-14 1959 DR1X             599 0446  KC3JNW           599  023      
QSO:   14085 RY 2026-02-14 2001 DR1X             599 0447  WC3N             599  331      
QSO:   14083 RY 2026-02-14 2005 DR1X             599 0448  K0ZR             599  646      
QSO:   14083 RY 2026-02-14 2005 DR1X             599 0449  WW3G             599  078      
QSO:   14083 RY 2026-02-14 2006 DR1X             599 0450  K8GNG            599  038      
QSO:   14083 RY 2026-02-14 2007 DR1X             599 0451  KG4USN           599  105      
QSO:   14083 RY 2026-02-14 2008 DR1X             599 0452  K0MPH            599  149      
QSO:   14083 RY 2026-02-14 2009 DR1X             599 0453  IK5FKF           599  193      
QSO:   14087 RY 2026-02-14 2010 DR1X             599 0454  HI3K             599  171      
QSO:   14088 RY 2026-02-14 2010 DR1X             599 0455  HK3YL            599  257      
QSO:   14094 RY 2026-02-14 2014 DR1X             599 0456  AC3U             599  354      
QSO:    3596 RY 2026-02-14 2018 DR1X             599 0457  LN1K             599  107      
QSO:    3604 RY 2026-02-14 2019 DR1X             599 0458  SN1M             599  377      
QSO:    3604 RY 2026-02-14 2019 DR1X             599 0459  OE5TXF           599  249      
QSO:    3604 RY 2026-02-14 2020 DR1X             599 0460  IK2YCW           599  573      
QSO:    3604 RY 2026-02-14 2020 DR1X             599 0461  DA0BCC           599  355      
QSO:    3604 RY 2026-02-14 2020 DR1X             599 0462  HA1TJ            599  412      
QSO:    3604 RY 2026-02-14 2021 DR1X             599 0463  DL8ULF           599  500      
QSO:    3604 RY 2026-02-14 2021 DR1X             599 0464  DK0KG            599  432      
QSO:    3604 RY 2026-02-14 2022 DR1X             599 0465  ED8M             599  2416     
QSO:    3604 RY 2026-02-14 2022 DR1X             599 0466  9A1A             599  545      
QSO:    3604 RY 2026-02-14 2023 DR1X             599 0467  DL8TG            599  571      
QSO:    3604 RY 2026-02-14 2023 DR1X             599 0468  SP7K             599  239      
QSO:    3604 RY 2026-02-14 2024 DR1X             599 0469  TM3Z             599  1404     
QSO:    3604 RY 2026-02-14 2024 DR1X             599 0470  HA8WY            599  199      
QSO:    3604 RY 2026-02-14 2025 DR1X             599 0471  SP1TJ            599  196      
QSO:    3604 RY 2026-02-14 2025 DR1X             599 0472  DL4ME            599  361      
QSO:    3604 RY 2026-02-14 2026 DR1X             599 0473  I0GIA            599  148      
QSO:    3604 RY 2026-02-14 2027 DR1X             599 0474  DL3LBP           599  139      
QSO:    3604 RY 2026-02-14 2027 DR1X             599 0475  OK2WY            599  699      
QSO:    3604 RY 2026-02-14 2028 DR1X             599 0476  OM5ZW            599  1322     
QSO:    3604 RY 2026-02-14 2028 DR1X             599 0477  IW1RLC           599  333      
QSO:    3604 RY 2026-02-14 2029 DR1X             599 0478  UY5HF            599  320      
QSO:    3604 RY 2026-02-14 2030 DR1X             599 0479  YU3A             599  712      
QSO:    3604 RY 2026-02-14 2030 DR1X             599 0480  S53F             599  798      
QSO:    3604 RY 2026-02-14 2032 DR1X             599 0481  DJ5AS            599  260      
QSO:    3604 RY 2026-02-14 2032 DR1X             599 0482  SZ1A             599  273      
QSO:    3604 RY 2026-02-14 2033 DR1X             599 0483  ON8GA            599  245      
QSO:    3604 RY 2026-02-14 2033 DR1X             599 0484  DG5E             599  035      
QSO:    3604 RY 2026-02-14 2034 DR1X             599 0485  LA0GE            599  086      
QSO:    3604 RY 2026-02-14 2034 DR1X             599 0486  ME6W             599  560      
QSO:    3604 RY 2026-02-14 2035 DR1X             599 0487  PH3BDJ           599  337      
QSO:    3604 RY 2026-02-14 2036 DR1X             599 0488  S54L             599  811      
QSO:    3604 RY 2026-02-14 2036 DR1X             599 0489  IO6T             599  390      
QSO:    3604 RY 2026-02-14 2037 DR1X             599 0490  YO3GNF           599  244      
QSO:    3604 RY 2026-02-14 2038 DR1X             599 0491  DK2OY            599  379      
QSO:    3604 RY 2026-02-14 2039 DR1X             599 0492  OK2EA            599  249      
QSO:    3604 RY 2026-02-14 2039 DR1X             599 0493  YO3RU            599  538      
QSO:    3604 RY 2026-02-14 2039 DR1X             599 0494  YU3A             599  716      
QSO:    3604 RY 2026-02-14 2040 DR1X             599 0495  SP5IVC           599  157      
QSO:    3604 RY 2026-02-14 2041 DR1X             599 0496  OR7G             599  500      
QSO:    3604 RY 2026-02-14 2041 DR1X             599 0497  HA7MB            599  364      
QSO:    3604 RY 2026-02-14 2042 DR1X             599 0498  EW7B             599  501      
QSO:    3604 RY 2026-02-14 2042 DR1X             599 0499  PE1T             599  159      
QSO:    3604 RY 2026-02-14 2042 DR1X             599 0500  YO9HP            599  1064     
QSO:    3604 RY 2026-02-14 2044 DR1X             599 0501  SK7K             599  205      
QSO:    3604 RY 2026-02-14 2044 DR1X             599 0502  YT2A             599  266      
QSO:    3604 RY 2026-02-14 2045 DR1X             599 0503  UT7NI            599  153      
QSO:    3604 RY 2026-02-14 2045 DR1X             599 0504  SN9A             599  273      
QSO:    3604 RY 2026-02-14 2046 DR1X             599 0505  OK1HEH           599  301      
QSO:    3604 RY 2026-02-14 2047 DR1X             599 0506  DR3K             599  443      
QSO:    3604 RY 2026-02-14 2047 DR1X             599 0507  DL6RY            599  1267     
QSO:    3604 RY 2026-02-14 2048 DR1X             599 0508  YL9T             599  562      
QSO:    3604 RY 2026-02-14 2048 DR1X             599 0509  LZ7X             599  214      
QSO:    3604 RY 2026-02-14 2049 DR1X             599 0510  IN3OWY           599  266      
QSO:    3604 RY 2026-02-14 2049 DR1X             599 0511  TM4E             599  387      
QSO:    3604 RY 2026-02-14 2049 DR1X             599 0512  DL3SYA           599  142      
QSO:    3604 RY 2026-02-14 2050 DR1X             599 0513  II1R             599  383      
QSO:    3604 RY 2026-02-14 2050 DR1X             599 0514  DJ5FS            599  131      
QSO:    3604 RY 2026-02-14 2051 DR1X             599 0515  SF5X             599  888      
QSO:    3604 RY 2026-02-14 2052 DR1X             599 0516  F5BEG            599  240      
QSO:    3604 RY 2026-02-14 2052 DR1X             599 0517  S51A             599  872      
QSO:    3604 RY 2026-02-14 2053 DR1X             599 0518  YU1KT            599  154      
QSO:    3604 RY 2026-02-14 2054 DR1X             599 0519  DR4A             599  430      
QSO:    3604 RY 2026-02-14 2055 DR1X             599 0520  LZ3AW            599  020      
QSO:    3604 RY 2026-02-14 2056 DR1X             599 0521  SP4TKR           599  369      
QSO:    3604 RY 2026-02-14 2057 DR1X             599 0522  SM6MVE           599  176      
QSO:    3604 RY 2026-02-14 2057 DR1X             599 0523  MI0H             599  022      
QSO:    3603 RY 2026-02-14 2100 DR1X             599 0524  DL6RDR           599  436      
QSO:    3603 RY 2026-02-14 2101 DR1X             599 0525  RA3V             599  111      
QSO:    3603 RY 2026-02-14 2102 DR1X             599 0526  DL4LT            599  089      
QSO:    3603 RY 2026-02-14 2103 DR1X             599 0527  SA6U             599  252      
QSO:    3603 RY 2026-02-14 2104 DR1X             599 0528  S58M             599  835      
QSO:    3603 RY 2026-02-14 2106 DR1X             599 0529  G6ELF            599  053      
QSO:    3603 RY 2026-02-14 2107 DR1X             599 0530  DH8BQA           599  735      
QSO:    3603 RY 2026-02-14 2107 DR1X             599 0531  G1SCT            599  165      
QSO:    3603 RY 2026-02-14 2108 DR1X             599 0532  C31CT            599  035      
QSO:    3603 RY 2026-02-14 2109 DR1X             599 0533  LZ5R             599  131      
QSO:    3603 RY 2026-02-14 2110 DR1X             599 0534  DP6K             599  817      
QSO:    3603 RY 2026-02-14 2111 DR1X             599 0535  DL1BUG           599  138      
QSO:    3603 RY 2026-02-14 2111 DR1X             599 0536  MM9I             599  774      
QSO:    3603 RY 2026-02-14 2112 DR1X             599 0537  DM4X             599  990      
QSO:    3603 RY 2026-02-14 2112 DR1X             599 0538  SX1H             599  250      
QSO:    3603 RY 2026-02-14 2113 DR1X             599 0539  IO0A             599  175      
QSO:    3603 RY 2026-02-14 2115 DR1X             599 0540  ES7GM            599  142      
QSO:    3603 RY 2026-02-14 2115 DR1X             599 0541  DL4YDR           599  050      
QSO:    3603 RY 2026-02-14 2116 DR1X             599 0542  DP6A             599  896      
QSO:    3603 RY 2026-02-14 2117 DR1X             599 0543  SP0I             599  200      
QSO:    3603 RY 2026-02-14 2117 DR1X             599 0544  DG8MW            599  601      
QSO:    3603 RY 2026-02-14 2118 DR1X             599 0545  SP6JZP           599  254      
QSO:    3603 RY 2026-02-14 2119 DR1X             599 0546  YT2U             599  088      
QSO:    3599 RY 2026-02-14 2122 DR1X             599 0547  OL6N             599  539      
QSO:    3599 RY 2026-02-14 2122 DR1X             599 0548  OK1PI            599  352      
QSO:    3599 RY 2026-02-14 2123 DR1X             599 0549  SN5WD            599  201      
QSO:    3599 RY 2026-02-14 2124 DR1X             599 0550  SQ6PLE           599  220      
QSO:    3589 RY 2026-02-14 2127 DR1X             599 0551  DK8MM            599  369      
QSO:    3594 RY 2026-02-14 2130 DR1X             599 0552  OK2ZAW           599  008      
QSO:    3598 RY 2026-02-14 2131 DR1X             599 0553  OM8ADU           599  156      
QSO:    3598 RY 2026-02-14 2132 DR1X             599 0554  DA1A             599  436      
QSO:    3598 RY 2026-02-14 2133 DR1X             599 0555  IK3SSJ           599  061      
QSO:    3598 RY 2026-02-14 2136 DR1X             599 0556  OK1PMA           599  377      
QSO:    3588 RY 2026-02-14 2138 DR1X             599 0557  9A4XX            599  439      
QSO:    3590 RY 2026-02-14 2138 DR1X             599 0558  I5MXX            599  408      
QSO:    3592 RY 2026-02-14 2139 DR1X             599 0559  HG3T             599  347      
QSO:    3580 RY 2026-02-15 0345 DR1X             599 0560  OM2ADM           599  189      
QSO:    3589 RY 2026-02-15 0347 DR1X             599 0561  UT7EZ            599  212      
QSO:    3594 RY 2026-02-15 0350 DR1X             599 0562  W3GH             599  165      
QSO:    3583 RY 2026-02-15 0351 DR1X             599 0563  AG4TT            599  300      
QSO:    3596 RY 2026-02-15 0352 DR1X             599 0564  K4MI             599  359      
QSO:    3587 RY 2026-02-15 0354 DR1X             599 0565  NY6DX            599  182      
QSO:    3584 RY 2026-02-15 0357 DR1X             599 0566  K9CT             599  398      
QSO:    3593 RY 2026-02-15 0358 DR1X             599 0567  EM0F             599  375      
QSO:    7047 RY 2026-02-15 0402 DR1X             599 0568  P49X             599  2349     
QSO:    7044 RY 2026-02-15 0408 DR1X             599 0569  DF0DX            599  001      
QSO:    3585 RY 2026-02-15 0414 DR1X             599 0570  AE1P             599  833      
QSO:    3581 RY 2026-02-15 0415 DR1X             599 0571  LX7I             599  1213     
QSO:    3591 RY 2026-02-15 0418 DR1X             599 0572  WO1N             599  250      
QSO:    3592 RY 2026-02-15 0421 DR1X             599 0573  R7MM             599  666      
QSO:    3598 RY 2026-02-15 0423 DR1X             599 0574  N3PE             599  1324     
QSO:    3591 RY 2026-02-15 0428 DR1X             599 0575  CN3A             599  2065     
QSO:    3595 RY 2026-02-15 0429 DR1X             599 0576  IQ9RG            599  1482     
QSO:    3591 RY 2026-02-15 0431 DR1X             599 0577  DM3W             599  416      
QSO:    3591 RY 2026-02-15 0431 DR1X             599 0578  DM7XX            599  1282     
QSO:    3591 RY 2026-02-15 0432 DR1X             599 0579  S53X             599  1184     
QSO:    3591 RY 2026-02-15 0432 DR1X             599 0580  DL5DTG           599  370      
QSO:    3591 RY 2026-02-15 0433 DR1X             599 0581  SN7Q             599  1459     
QSO:    3591 RY 2026-02-15 0434 DR1X             599 0582  RM5F             599  1595     
QSO:    3591 RY 2026-02-15 0436 DR1X             599 0583  HG5D             599  777      
QSO:    3591 RY 2026-02-15 0436 DR1X             599 0584  WV4P             599  435      
QSO:    3591 RY 2026-02-15 0437 DR1X             599 0585  EW8DX            599  699      
QSO:    3591 RY 2026-02-15 0438 DR1X             599 0586  OM5JA            599  297      
QSO:    3591 RY 2026-02-15 0438 DR1X             599 0587  3Z9W             599  287      
QSO:    3591 RY 2026-02-15 0439 DR1X             599 0588  SP9TDA           599  107      
QSO:    3591 RY 2026-02-15 0440 DR1X             599 0589  MW4R             599  1443     
QSO:    3591 RY 2026-02-15 0440 DR1X             599 0590  EU8U             599  876      
QSO:    3591 RY 2026-02-15 0442 DR1X             599 0591  OM7AG            599  201      
QSO:    3591 RY 2026-02-15 0442 DR1X             599 0592  OK1KKI           599  1087     
QSO:    3591 RY 2026-02-15 0442 DR1X             599 0593  SN3G             599  727      
QSO:    3591 RY 2026-02-15 0443 DR1X             599 0594  HB9DVZ           599  034      
QSO:    3591 RY 2026-02-15 0444 DR1X             599 0595  EU4E             599  737      
QSO:    3591 RY 2026-02-15 0445 DR1X             599 0596  PA69MB           599  908      
QSO:    3591 RY 2026-02-15 0446 DR1X             599 0597  C4E              599  1632     
QSO:    3591 RY 2026-02-15 0446 DR1X             599 0598  DL1ZBO           599  276      
QSO:    3591 RY 2026-02-15 0450 DR1X             599 0599  IQ3ME            599  232      
QSO:    3591 RY 2026-02-15 0452 DR1X             599 0600  OK4GP            599  359      
QSO:    3591 RY 2026-02-15 0453 DR1X             599 0601  DL1ASA           599  440      
QSO:    3591 RY 2026-02-15 0454 DR1X             599 0602  KE2D             599  235      
QSO:    3591 RY 2026-02-15 0454 DR1X             599 0603  DP7D             599  1502     
QSO:    3591 RY 2026-02-15 0455 DR1X             599 0604  OM9KM            599  327      
QSO:    3591 RY 2026-02-15 0455 DR1X             599 0605  DK0AM            599  456      
QSO:    3591 RY 2026-02-15 0456 DR1X             599 0606  IP5A             599  568      
QSO:    3591 RY 2026-02-15 0457 DR1X             599 0607  DK1X             599  038      
QSO:    3591 RY 2026-02-15 0458 DR1X             599 0608  N4QS             599  665      
QSO:    3591 RY 2026-02-15 0458 DR1X             599 0609  OG1F             599  1487     
QSO:    3591 RY 2026-02-15 0459 DR1X             599 0610  DJ8EW            599  484      
QSO:    3591 RY 2026-02-15 0500 DR1X             599 0611  DJ4WM            599  280      
QSO:    3591 RY 2026-02-15 0500 DR1X             599 0612  OK1EP            599  185      
QSO:    3591 RY 2026-02-15 0501 DR1X             599 0613  OR7G             599  668      
QSO:    3591 RY 2026-02-15 0506 DR1X             599 0614  EA5IL            599  209      
QSO:    3591 RY 2026-02-15 0507 DR1X             599 0615  DN0UKW           599  134      
QSO:    3591 RY 2026-02-15 0508 DR1X             599 0616  DL5ARM           599  090      
QSO:    3591 RY 2026-02-15 0509 DR1X             599 0617  SP9FOW           599  091      
QSO:    3591 RY 2026-02-15 0509 DR1X             599 0618  F8CRS            599  354      
QSO:    3591 RY 2026-02-15 0510 DR1X             599 0619  WK1Q             599  917      
QSO:    3591 RY 2026-02-15 0512 DR1X             599 0620  DK8ZZ            599  767      
QSO:    3591 RY 2026-02-15 0513 DR1X             599 0621  DL7URH           599  104      
QSO:    3591 RY 2026-02-15 0514 DR1X             599 0622  YL2NK            599  326      
QSO:    7050 RY 2026-02-15 0519 DR1X             599 0623  R7MM             599  693      
QSO:    3585 RY 2026-02-15 0523 DR1X             599 0624  N3QE             599  1371     
QSO:    3596 RY 2026-02-15 0525 DR1X             599 0625  YP2R             599  438      
QSO:   14090 RY 2026-02-15 0533 DR1X             599 0626  R9MA             599  434      
QSO:   14094 RY 2026-02-15 0535 DR1X             599 0627  JT5DX            599  1175     
QSO:   14092 RY 2026-02-15 0537 DR1X             599 0628  R7CD             599  510      
QSO:   14092 RY 2026-02-15 0538 DR1X             599 0629  IO6T             599  403      
QSO:   14083 RY 2026-02-15 0949 DR1X             599 0630  SN7Q             599  738      
QSO:   14083 RY 2026-02-15 0950 DR1X             599 0631  LZ66E            599  698      
QSO:   14083 RY 2026-02-15 0950 DR1X             599 0632  RU0LL            599  446      
QSO:   14083 RY 2026-02-15 0951 DR1X             599 0633  RA0WHE           599  334      
QSO:   14083 RY 2026-02-15 0952 DR1X             599 0634  JE1LFX           599  745      
QSO:   14083 RY 2026-02-15 0953 DR1X             599 0635  UN2UQC           599  452      
QSO:   14083 RY 2026-02-15 0954 DR1X             599 0636  JO7KMB           599  229      
QSO:   14083 RY 2026-02-15 0955 DR1X             599 0637  SE4E             599  666      
QSO:   14083 RY 2026-02-15 0955 DR1X             599 0638  EV1R             599  864      
QSO:   14083 RY 2026-02-15 0956 DR1X             599 0639  YU3A             599  1036     
QSO:   14083 RY 2026-02-15 0957 DR1X             599 0640  F1TEM            599  064      
QSO:   14083 RY 2026-02-15 0958 DR1X             599 0641  GE4E             599  074      
QSO:   14083 RY 2026-02-15 0959 DR1X             599 0642  OM8JP            599  184      
QSO:   14083 RY 2026-02-15 0959 DR1X             599 0643  JA1MZM           599  388      
QSO:   14083 RY 2026-02-15 1000 DR1X             599 0644  RA0AB            599  309      
QSO:   14083 RY 2026-02-15 1000 DR1X             599 0645  IZ2QKG           599  002      
QSO:   14083 RY 2026-02-15 1001 DR1X             599 0646  UT4LW            599  395      
QSO:   14083 RY 2026-02-15 1001 DR1X             599 0647  JA1CSN           599  950      
QSO:   14083 RY 2026-02-15 1002 DR1X             599 0648  IK4GRF           599  179      
QSO:   14083 RY 2026-02-15 1002 DR1X             599 0649  IU1DOF           599  290      
QSO:   14083 RY 2026-02-15 1003 DR1X             599 0650  RG9A             599  1283     
QSO:   14083 RY 2026-02-15 1004 DR1X             599 0651  IZ3CAR           599  101      
QSO:   14083 RY 2026-02-15 1008 DR1X             599 0652  HA5GF            599  357      
QSO:   14083 RY 2026-02-15 1008 DR1X             599 0653  G4ZOB            599  122      
QSO:   14083 RY 2026-02-15 1009 DR1X             599 0654  IP9R             599  535      
QSO:   14083 RY 2026-02-15 1010 DR1X             599 0655  TA7I             599  515      
QSO:   14083 RY 2026-02-15 1011 DR1X             599 0656  LY5DX            599  120      
QSO:   14083 RY 2026-02-15 1012 DR1X             599 0657  IK2UEX           599  236      
QSO:   14083 RY 2026-02-15 1013 DR1X             599 0658  JA1OVD           599  701      
QSO:   14083 RY 2026-02-15 1013 DR1X             599 0659  UT8W             599  187      
QSO:   14083 RY 2026-02-15 1014 DR1X             599 0660  JG1LFR           599  574      
QSO:   14083 RY 2026-02-15 1014 DR1X             599 0661  JH4NJQ           599  102      
QSO:   14083 RY 2026-02-15 1015 DR1X             599 0662  F6IFY            599  243      
QSO:   14083 RY 2026-02-15 1016 DR1X             599 0663  DL2NBU           599  166      
QSO:   14083 RY 2026-02-15 1017 DR1X             599 0664  LZ2MP            599  330      
QSO:   14083 RY 2026-02-15 1018 DR1X             599 0665  DP6K             599  1174     
QSO:   14085 RY 2026-02-15 1020 DR1X             599 0666  G7SLP            599  724      
QSO:   14083 RY 2026-02-15 1021 DR1X             599 0667  R3AQ             599  845      
QSO:   14083 RY 2026-02-15 1022 DR1X             599 0668  SP6JZP           599  381      
QSO:   14083 RY 2026-02-15 1023 DR1X             599 0669  RU4PH            599  127      
QSO:   14083 RY 2026-02-15 1024 DR1X             599 0670  JA2AXB           599  286      
QSO:   14083 RY 2026-02-15 1026 DR1X             599 0671  F1MKC            599  057      
QSO:   14083 RY 2026-02-15 1027 DR1X             599 0672  JH6QIL           599  189      
QSO:   14083 RY 2026-02-15 1027 DR1X             599 0673  RZ3Z             599  203      
QSO:   14083 RY 2026-02-15 1028 DR1X             599 0674  YO9VA            599  078      
QSO:   14083 RY 2026-02-15 1029 DR1X             599 0675  IK2OWX           599  529      
QSO:   14083 RY 2026-02-15 1029 DR1X             599 0676  HA7MB            599  499      
QSO:   14083 RY 2026-02-15 1030 DR1X             599 0677  RJ3F             599  228      
QSO:   14083 RY 2026-02-15 1032 DR1X             599 0678  SN5WD            599  275      
QSO:   14083 RY 2026-02-15 1032 DR1X             599 0679  JA1OVD           599  708      
QSO:   14083 RY 2026-02-15 1033 DR1X             599 0680  JA9CWJ           599  342      
QSO:   14083 RY 2026-02-15 1034 DR1X             599 0681  IK2CYC           599  033      
QSO:   14083 RY 2026-02-15 1034 DR1X             599 0682  HA5LV            599  151      
QSO:   14083 RY 2026-02-15 1035 DR1X             599 0683  IK3TCK           599  061      
QSO:   14083 RY 2026-02-15 1035 DR1X             599 0684  LA6IHA           599  098      
QSO:   14083 RY 2026-02-15 1036 DR1X             599 0685  LY5T             599  332      
QSO:   14083 RY 2026-02-15 1037 DR1X             599 0686  SP3QDX           599  157      
QSO:   14083 RY 2026-02-15 1037 DR1X             599 0687  LY5G             599  164      
QSO:   14083 RY 2026-02-15 1038 DR1X             599 0688  EA3EBN           599  007      
QSO:   14083 RY 2026-02-15 1040 DR1X             599 0689  F4EQN            599  847      
QSO:   14083 RY 2026-02-15 1041 DR1X             599 0690  DL4ABR           599  076      
QSO:   14083 RY 2026-02-15 1041 DR1X             599 0691  M0RYB            599  044      
QSO:   14083 RY 2026-02-15 1043 DR1X             599 0692  JR1NHD           599  321      
QSO:   14083 RY 2026-02-15 1043 DR1X             599 0693  JA3VLD           599  047      
QSO:   14083 RY 2026-02-15 1044 DR1X             599 0694  HA5GF            599  562      
QSO:   14083 RY 2026-02-15 1044 DR1X             599 0695  IT9GHW           599  103      
QSO:   21113 RY 2026-02-15 1049 DR1X             599 0696  JT5DX            599  1422     
QSO:   21099 RY 2026-02-15 1051 DR1X             599 0697  UC0A             599  482      
QSO:    7051 RY 2026-02-15 1055 DR1X             599 0698  DD1MAT           599  083      
QSO:    7051 RY 2026-02-15 1056 DR1X             599 0699  DL4KW            599  061      
QSO:    7051 RY 2026-02-15 1056 DR1X             599 0700  DL4YDR           599  064      
QSO:    7051 RY 2026-02-15 1057 DR1X             599 0701  HA1TIB           599  206      
QSO:    7051 RY 2026-02-15 1058 DR1X             599 0702  DG1NPM           599  053      
QSO:    7051 RY 2026-02-15 1100 DR1X             599 0703  G3ZBU            599  009      
QSO:    7044 RY 2026-02-15 1101 DR1X             599 0704  OZ59A            599  405      
QSO:    7044 RY 2026-02-15 1102 DR1X             599 0705  S51CK            599  702      
QSO:   14088 RY 2026-02-15 1107 DR1X             599 0706  SC6O             599  104      
QSO:   14092 RY 2026-02-15 1109 DR1X             599 0707  OZ1ADL           599  181      
QSO:   14100 RY 2026-02-15 1110 DR1X             599 0708  RN4HAB           599  462      
QSO:   14078 RY 2026-02-15 1111 DR1X             599 0709  SQ8W             599  115      
QSO:   14084 RY 2026-02-15 1112 DR1X             599 0710  UX9ZA            599  372      
QSO:   14079 RY 2026-02-15 1112 DR1X             599 0711  YU5B             599  106      
QSO:   14099 RY 2026-02-15 1115 DR1X             599 0712  LX5M             599  482      
QSO:   14096 RY 2026-02-15 1116 DR1X             599 0713  PI4CG            599  624      
QSO:   14087 RY 2026-02-15 1118 DR1X             599 0714  SO4R             599  366      
QSO:   14085 RY 2026-02-15 1119 DR1X             599 0715  Z36N             599  483      
QSO:   14094 RY 2026-02-15 1121 DR1X             599 0716  SV2AOB           599  607      
QSO:   14084 RY 2026-02-15 1122 DR1X             599 0717  UC8U             599  655      
QSO:   14092 RY 2026-02-15 1124 DR1X             599 0718  SN6T             599  302      
QSO:   14094 RY 2026-02-15 1124 DR1X             599 0719  IK7NXU           599  289      
QSO:   14092 RY 2026-02-15 1125 DR1X             599 0720  UA3XO            599  018      
QSO:   14089 RY 2026-02-15 1127 DR1X             599 0721  I7CSB            599  194      
QSO:   21095 RY 2026-02-15 1130 DR1X             599 0722  YO8DHA           599  179      
QSO:   21093 RY 2026-02-15 1134 DR1X             599 0723  IS0AFM           599  552      
QSO:   21079 RY 2026-02-15 1136 DR1X             599 0724  4O3A             599  728      
QSO:   21116 RY 2026-02-15 1137 DR1X             599 0725  RV1CC            599  087      
QSO:   21108 RY 2026-02-15 1138 DR1X             599 0726  LN8W             599  1149     
QSO:   21095 RY 2026-02-15 1140 DR1X             599 0727  ON9TT            599  118      
QSO:   21086 RY 2026-02-15 1141 DR1X             599 0728  OZ11A            599  945      
QSO:   21097 RY 2026-02-15 1142 DR1X             599 0729  SE5T             599  280      
QSO:   21101 RY 2026-02-15 1144 DR1X             599 0730  DH6BH            599  575      
QSO:   28131 RY 2026-02-15 1148 DR1X             599 0731  EA7RCS           599  125      
QSO:   28119 RY 2026-02-15 1150 DR1X             599 0732  ZD7BG            599  255      
QSO:   28103 RY 2026-02-15 1151 DR1X             599 0733  ZV1RJ            599  1192     
QSO:   28127 RY 2026-02-15 1153 DR1X             599 0734  YT1X             599  695      
QSO:   28127 RY 2026-02-15 1154 DR1X             599 0735  YT3X             599  707      
QSO:   28127 RY 2026-02-15 1155 DR1X             599 0736  DK1FW            599  465      
QSO:   28127 RY 2026-02-15 1156 DR1X             599 0737  DL3SYA           599  313      
QSO:   28115 RY 2026-02-15 1200 DR1X             599 0738  9J2FI            599  058      
QSO:   28118 RY 2026-02-15 1203 DR1X             599 0739  CE7VP            599  307      
QSO:   28126 RY 2026-02-15 1205 DR1X             599 0740  PY2XC            599  162      
QSO:   28114 RY 2026-02-15 1209 DR1X             599 0741  DA0BCC           599  372      
QSO:   28110 RY 2026-02-15 1211 DR1X             599 0742  HA4HA            599  428      
QSO:   28110 RY 2026-02-15 1212 DR1X             599 0743  R6DM             599  290      
QSO:   28110 RY 2026-02-15 1212 DR1X             599 0744  DK4HG            599  001      
QSO:   28110 RY 2026-02-15 1215 DR1X             599 0745  R6DM             599  292      
QSO:   28110 RY 2026-02-15 1216 DR1X             599 0746  I1UGX            599  282      
QSO:   28110 RY 2026-02-15 1217 DR1X             599 0747  EA8AQV           599  347      
QSO:   28101 RY 2026-02-15 1221 DR1X             599 0748  LT6T             599  287      
QSO:   28129 RY 2026-02-15 1222 DR1X             599 0749  ZX2B             599  730      
QSO:   28082 RY 2026-02-15 1224 DR1X             599 0750  PU2USK           599  142      
QSO:   28090 RY 2026-02-15 1224 DR1X             599 0751  LU6ETB           599  563      
QSO:   21089 RY 2026-02-15 1227 DR1X             599 0752  NM4AA            599  322      
QSO:   21105 RY 2026-02-15 1228 DR1X             599 0753  IW9HHT           599  027      
QSO:   21105 RY 2026-02-15 1229 DR1X             599 0754  DA6A             599  298      
QSO:   21105 RY 2026-02-15 1231 DR1X             599 0755  TI1E             599  501      
QSO:   21105 RY 2026-02-15 1232 DR1X             599 0756  HG3DX            599  341      
QSO:   21105 RY 2026-02-15 1234 DR1X             599 0757  PP5FZ            599  037      
QSO:   21105 RY 2026-02-15 1237 DR1X             599 0758  UT4LW            599  440      
QSO:   21105 RY 2026-02-15 1238 DR1X             599 0759  IQ9RG            599  1919     
QSO:   21096 RY 2026-02-15 1340 DR1X             599 0760  SV2SIF           599  145      
QSO:   21096 RY 2026-02-15 1341 DR1X             599 0761  EA4URE           599  316      
QSO:   21096 RY 2026-02-15 1342 DR1X             599 0762  R6KX             599  207      
QSO:   21096 RY 2026-02-15 1344 DR1X             599 0763  G6ELF            599  133      
QSO:   21096 RY 2026-02-15 1344 DR1X             599 0764  EE7I             599  234      
QSO:   21096 RY 2026-02-15 1345 DR1X             599 0765  G4OZG            599  305      
QSO:   21096 RY 2026-02-15 1350 DR1X             599 0766  EA5MR            599  157      
QSO:   21096 RY 2026-02-15 1354 DR1X             599 0767  EA5IL            599  320      
QSO:   21096 RY 2026-02-15 1354 DR1X             599 0768  K3NC             599  077      
QSO:   21096 RY 2026-02-15 1356 DR1X             599 0769  PA4GDR           599  101      
QSO:   21096 RY 2026-02-15 1357 DR1X             599 0770  IP9A             599  646      
QSO:   21096 RY 2026-02-15 1357 DR1X             599 0771  RW8T/1           599  120      
QSO:   21117 RY 2026-02-15 1401 DR1X             599 0772  V55Y             599  741      
QSO:   21080 RY 2026-02-15 1403 DR1X             599 0773  4T4O             599  775      
QSO:   21103 RY 2026-02-15 1404 DR1X             599 0774  EC1DBO           599  996      
QSO:   21111 RY 2026-02-15 1404 DR1X             599 0775  CT7BJG           599  903      
QSO:   21102 RY 2026-02-15 1405 DR1X             599 0776  EF7W             599  280      
QSO:   21112 RY 2026-02-15 1407 DR1X             599 0777  HA3NU            599  049      
QSO:   21093 RY 2026-02-15 1408 DR1X             599 0778  LZ6K             599  758      
QSO:   21107 RY 2026-02-15 1409 DR1X             599 0779  RT2H             599  599      
QSO:   21090 RY 2026-02-15 1411 DR1X             599 0780  II2C             599  193      
QSO:   21106 RY 2026-02-15 1412 DR1X             599 0781  EX9A             599  1767     
QSO:   21098 RY 2026-02-15 1414 DR1X             599 0782  IR7R             599  330      
QSO:   21105 RY 2026-02-15 1415 DR1X             599 0783  IK8IOO           599  370      
QSO:   21082 RY 2026-02-15 1416 DR1X             599 0784  G8X              599  891      
QSO:   21086 RY 2026-02-15 1417 DR1X             599 0785  9A925T           599  972      
QSO:   21095 RY 2026-02-15 1418 DR1X             599 0786  IO7A             599  199      
QSO:   21087 RY 2026-02-15 1420 DR1X             599 0787  AA5AU            599  133      
QSO:   21099 RY 2026-02-15 1421 DR1X             599 0788  WC3N             595  085      
QSO:   21092 RY 2026-02-15 1421 DR1X             599 0789  AB5SE            599  473      
QSO:   21093 RY 2026-02-15 1423 DR1X             599 0790  W9IL             599  370      
QSO:   21093 RY 2026-02-15 1426 DR1X             599 0791  F4FDR            599  428      
QSO:   21093 RY 2026-02-15 1427 DR1X             599 0792  WW4R             599  1246     
QSO:   21093 RY 2026-02-15 1428 DR1X             599 0793  AI4WW            599  309      
QSO:   21093 RY 2026-02-15 1428 DR1X             599 0794  K5KLA            599  188      
QSO:   21093 RY 2026-02-15 1431 DR1X             599 0795  AA4NC            599  215      
QSO:   21093 RY 2026-02-15 1432 DR1X             599 0796  S51A             599  1460     
QSO:   21093 RY 2026-02-15 1433 DR1X             599 0797  ED7K             599  1388     
QSO:   21093 RY 2026-02-15 1434 DR1X             599 0798  AG4TT            599  500      
QSO:   21093 RY 2026-02-15 1435 DR1X             599 0799  AC8Y             599  1403     
QSO:   21093 RY 2026-02-15 1437 DR1X             599 0800  DK5QN            599  083      
QSO:   21093 RY 2026-02-15 1437 DR1X             599 0801  EA8AQV           599  371      
QSO:   21081 RY 2026-02-15 1441 DR1X             599 0802  K4RO             599  190      
QSO:   21095 RY 2026-02-15 1442 DR1X             599 0803  MM2N             599  1012     
QSO:    7049 RY 2026-02-15 1447 DR1X             599 0804  DL5RMH           599  424      
QSO:    7049 RY 2026-02-15 1448 DR1X             599 0805  IP2A             599  891      
QSO:    7049 RY 2026-02-15 1449 DR1X             599 0806  F5MOO            599  155      
QSO:    7049 RY 2026-02-15 1450 DR1X             599 0807  DA3T             599  501      
QSO:    7049 RY 2026-02-15 1451 DR1X             599 0808  ON9TT            599  271      
QSO:    7049 RY 2026-02-15 1451 DR1X             599 0809  GE2W             599  449      
QSO:    7049 RY 2026-02-15 1452 DR1X             599 0810  9A1A             599  1221     
QSO:    7049 RY 2026-02-15 1452 DR1X             599 0811  LY6A             599  135      
QSO:    7049 RY 2026-02-15 1454 DR1X             599 0812  GW4W             599  170      
QSO:    7049 RY 2026-02-15 1454 DR1X             599 0813  IK5QPS           599  198      
QSO:    7049 RY 2026-02-15 1455 DR1X             599 0814  DL1NEO           599  535      
QSO:    7049 RY 2026-02-15 1456 DR1X             599 0815  DN4TG            599  180      
QSO:    7049 RY 2026-02-15 1456 DR1X             599 0816  IK0REP           599  492      
QSO:    7049 RY 2026-02-15 1457 DR1X             599 0817  US7KC            599  356      
QSO:    7049 RY 2026-02-15 1457 DR1X             599 0818  DL2XU            599  066      
QSO:    7049 RY 2026-02-15 1458 DR1X             599 0819  ME6W             599  853      
QSO:    7049 RY 2026-02-15 1458 DR1X             599 0820  GX3BOY           599  109      
QSO:    7049 RY 2026-02-15 1459 DR1X             599 0821  DK2OY            599  638      
QSO:    7049 RY 2026-02-15 1459 DR1X             599 0822  IN3OWY           599  401      
QSO:    7049 RY 2026-02-15 1500 DR1X             599 0823  IU7CUE           599  170      
QSO:    7049 RY 2026-02-15 1501 DR1X             599 0824  US7UK            599  102      
QSO:    7049 RY 2026-02-15 1503 DR1X             599 0825  UR1HR            599  178      
QSO:    7049 RY 2026-02-15 1504 DR1X             599 0826  M2E              599  427      
QSO:    7049 RY 2026-02-15 1504 DR1X             599 0827  F5TLF            599  494      
QSO:    7049 RY 2026-02-15 1506 DR1X             599 0828  YT9VM            599  502      
QSO:    7049 RY 2026-02-15 1507 DR1X             599 0829  7S5S             599  416      
QSO:    7049 RY 2026-02-15 1508 DR1X             599 0830  DL5MHX           599  333      
QSO:    7049 RY 2026-02-15 1509 DR1X             599 0831  OM5ZW            599  1943     
QSO:    7049 RY 2026-02-15 1510 DR1X             599 0832  DL1ASA           599  584      
QSO:    7049 RY 2026-02-15 1511 DR1X             599 0833  M8EVM            599  085      
QSO:   21104 RY 2026-02-15 1518 DR1X             599 0834  DM7XX            599  1798     
QSO:   21103 RY 2026-02-15 1519 DR1X             599 0835  AK3B             599  198      
QSO:   21107 RY 2026-02-15 1521 DR1X             599 0836  DL3KVR           599  231      
QSO:   21107 RY 2026-02-15 1521 DR1X             599 0837  EA4U             599  126      
QSO:   21107 RY 2026-02-15 1522 DR1X             599 0838  R6OF             599  356      
QSO:   21107 RY 2026-02-15 1525 DR1X             599 0839  AA4DD            599  632      
QSO:   21107 RY 2026-02-15 1527 DR1X             599 0840  KE9TP            599  202      
QSO:   21107 RY 2026-02-15 1528 DR1X             599 0841  OE3DXA           599  267      
QSO:   21107 RY 2026-02-15 1528 DR1X             599 0842  HI6M             599  075      
QSO:   21107 RY 2026-02-15 1529 DR1X             599 0843  WB5BHS           599  497      
QSO:   21107 RY 2026-02-15 1530 DR1X             599 0844  PA2JCB           599  053      
QSO:   21107 RY 2026-02-15 1531 DR1X             599 0845  WW3S             599  325      
QSO:   21107 RY 2026-02-15 1531 DR1X             599 0846  WJ2D             599  368      
QSO:   21107 RY 2026-02-15 1533 DR1X             599 0847  CE1PTT           599  145      
QSO:   21107 RY 2026-02-15 1533 DR1X             599 0848  K3ANI            599  462      
QSO:   21107 RY 2026-02-15 1534 DR1X             599 0849  VY2LI            599  323      
QSO:   21107 RY 2026-02-15 1534 DR1X             599 0850  UA6Y             599  593      
QSO:   21107 RY 2026-02-15 1536 DR1X             599 0851  S51DD            599  409      
QSO:   21107 RY 2026-02-15 1537 DR1X             599 0852  AA0AW            599  515      
QSO:   21107 RY 2026-02-15 1538 DR1X             599 0853  K8PO             599  094      
QSO:   21094 RY 2026-02-15 1542 DR1X             599 0854  KA0WWT           599  250      
QSO:   21094 RY 2026-02-15 1542 DR1X             599 0855  N2HMM            599  889      
QSO:   21094 RY 2026-02-15 1543 DR1X             599 0856  WD4GBW           599  204      
QSO:   21094 RY 2026-02-15 1543 DR1X             599 0857  OE9HGV           599  167      
QSO:   21094 RY 2026-02-15 1545 DR1X             599 0858  N3FJP            599  691      
QSO:   21094 RY 2026-02-15 1547 DR1X             599 0859  K4RUM            599  717      
QSO:   21094 RY 2026-02-15 1548 DR1X             599 0860  W4FMM            599  057      
QSO:   21094 RY 2026-02-15 1548 DR1X             599 0861  KE1IH            599  618      
QSO:   21094 RY 2026-02-15 1549 DR1X             599 0862  XM2X             599  449      
QSO:   21094 RY 2026-02-15 1549 DR1X             599 0863  OK2SG            599  103      
QSO:   21094 RY 2026-02-15 1550 DR1X             599 0864  OK2LC            599  338      
QSO:   21094 RY 2026-02-15 1552 DR1X             599 0865  AC9S             599  915      
QSO:   21094 RY 2026-02-15 1554 DR1X             599 0866  N4CF             599  207      
QSO:   21094 RY 2026-02-15 1554 DR1X             599 0867  ND3D             599  1618     
QSO:   21094 RY 2026-02-15 1555 DR1X             599 0868  ON4APU           599  065      
QSO:   21094 RY 2026-02-15 1555 DR1X             599 0869  W1BOY            599  319      
QSO:   21094 RY 2026-02-15 1557 DR1X             599 0870  WA3KCP           599  373      
QSO:   21094 RY 2026-02-15 1557 DR1X             599 0871  WS9M             599  375      
QSO:   21094 RY 2026-02-15 1558 DR1X             599 0872  HK6RF            599  143      
QSO:   21094 RY 2026-02-15 1559 DR1X             599 0873  K0AP             599  526      
QSO:   21094 RY 2026-02-15 1600 DR1X             599 0874  OG2P             599  222      
QSO:   21094 RY 2026-02-15 1601 DR1X             599 0875  W3GH             599  223      
QSO:   21094 RY 2026-02-15 1602 DR1X             599 0876  EA4FJX           599  176      
QSO:   21094 RY 2026-02-15 1603 DR1X             599 0877  WB4HRL           599  190      
QSO:   21094 RY 2026-02-15 1603 DR1X             599 0878  K3CCR            599  257      
QSO:   21094 RY 2026-02-15 1606 DR1X             599 0879  NB2P             599  215      
QSO:   21094 RY 2026-02-15 1606 DR1X             599 0880  NW0M             599  092      
QSO:   21094 RY 2026-02-15 1607 DR1X             599 0881  AB8RL            599  009      
QSO:   21094 RY 2026-02-15 1607 DR1X             599 0882  K5ZD             599  2091     
QSO:   21094 RY 2026-02-15 1608 DR1X             599 0883  M9G              599  316      
QSO:   21094 RY 2026-02-15 1610 DR1X             599 0884  SP4AAZ           599  102      
QSO:   21094 RY 2026-02-15 1611 DR1X             599 0885  SV1AAK           599  205      
QSO:   21094 RY 2026-02-15 1611 DR1X             599 0886  KX1X             599  372      
QSO:   21094 RY 2026-02-15 1612 DR1X             599 0887  VE2IAA           599  056      
QSO:   21094 RY 2026-02-15 1613 DR1X             599 0888  CO2KY            599  025      
QSO:   21094 RY 2026-02-15 1614 DR1X             599 0889  DP4M             599  737      
QSO:   21094 RY 2026-02-15 1615 DR1X             599 0890  K0TC             599  442      
QSO:   21094 RY 2026-02-15 1615 DR1X             599 0891  K0HB             599  621      
QSO:   21094 RY 2026-02-15 1616 DR1X             599 0892  K2QB             599  384      
QSO:   21094 RY 2026-02-15 1616 DR1X             599 0893  N3AM             599  289      
QSO:   21094 RY 2026-02-15 1617 DR1X             599 0894  VE3KTB           599  509      
QSO:   21094 RY 2026-02-15 1617 DR1X             599 0895  N3MN             599  025      
QSO:   21094 RY 2026-02-15 1618 DR1X             599 0896  OP0P             599  040      
QSO:   21094 RY 2026-02-15 1619 DR1X             599 0897  WB0N             599  256      
QSO:   21094 RY 2026-02-15 1620 DR1X             599 0898  W7KPL            599  071      
QSO:   21094 RY 2026-02-15 1621 DR1X             599 0899  LU9VV            599  369      
QSO:   21094 RY 2026-02-15 1621 DR1X             599 0900  EE4Y             599  1795     
QSO:   21094 RY 2026-02-15 1622 DR1X             599 0901  DL1ZBO           599  431      
QSO:   21094 RY 2026-02-15 1623 DR1X             599 0902  VE3DZ            599  470      
QSO:   21094 RY 2026-02-15 1623 DR1X             599 0903  W6EU             599  885      
QSO:   21094 RY 2026-02-15 1624 DR1X             599 0904  AE1P             599  1109     
QSO:   21094 RY 2026-02-15 1625 DR1X             599 0905  EA5DO            599  192      
QSO:   21094 RY 2026-02-15 1627 DR1X             599 0906  I4JED            599  1033     
QSO:   21094 RY 2026-02-15 1627 DR1X             599 0907  WS6X             599  760      
QSO:   21094 RY 2026-02-15 1628 DR1X             599 0908  N4QWF            599  298      
QSO:   21094 RY 2026-02-15 1629 DR1X             599 0909  DL1DTL           599  320      
QSO:   21094 RY 2026-02-15 1630 DR1X             599 0910  G7D              599  286      
QSO:   21094 RY 2026-02-15 1631 DR1X             599 0911  EA5OG            599  136      
QSO:   21094 RY 2026-02-15 1633 DR1X             599 0912  DA6KK            599  273      
QSO:   21094 RY 2026-02-15 1635 DR1X             599 0913  N9SB             599  284      
QSO:   21094 RY 2026-02-15 1636 DR1X             599 0914  RN3QQT           599  626      
QSO:   21094 RY 2026-02-15 1637 DR1X             599 0915  AA6AA            599  294      
QSO:   21094 RY 2026-02-15 1637 DR1X             599 0916  WA1HXH           599  178      
QSO:   21094 RY 2026-02-15 1638 DR1X             599 0917  AH2O             599  932      
QSO:   21094 RY 2026-02-15 1639 DR1X             599 0918  AG2AA            599  392      
QSO:   21094 RY 2026-02-15 1640 DR1X             599 0919  PY2ANH           599  142      
QSO:   21094 RY 2026-02-15 1641 DR1X             599 0920  AA3B             599  2219     
QSO:   21099 RY 2026-02-15 1643 DR1X             599 0921  KU2M             599  526      
QSO:   21081 RY 2026-02-15 1645 DR1X             599 0922  WJ0B             599  230      
QSO:   21100 RY 2026-02-15 1646 DR1X             599 0923  AK9D             599  736      
QSO:   21096 RY 2026-02-15 1647 DR1X             599 0924  KN7NV            599  540      
QSO:   21091 RY 2026-02-15 1651 DR1X             599 0925  WV6I             599  1112     
QSO:   21081 RY 2026-02-15 1652 DR1X             599 0926  IZ8XXE           599  244      
QSO:   21083 RY 2026-02-15 1654 DR1X             599 0927  IK1RGK           599  606      
QSO:   21081 RY 2026-02-15 1654 DR1X             599 0928  AI0Y             599  160      
QSO:   21119 RY 2026-02-15 1656 DR1X             599 0929  WD6T             599  1450     
QSO:   21116 RY 2026-02-15 1656 DR1X             599 0930  ON3UN            599  746      
QSO:   21111 RY 2026-02-15 1706 DR1X             599 0931  TM5T             599  653      
QSO:   21101 RY 2026-02-15 1708 DR1X             599 0932  P40MC            599  259      
QSO:   14094 RY 2026-02-15 1843 DR1X             599 0933  KS0AA            599  553      
QSO:   14085 RY 2026-02-15 1844 DR1X             599 0934  ND4Y             599  122      
QSO:   14093 RY 2026-02-15 1848 DR1X             599 0935  N1WR             599  594      
QSO:   14093 RY 2026-02-15 1848 DR1X             599 0936  YT8A             599  869      
QSO:   14093 RY 2026-02-15 1849 DR1X             599 0937  KE1IH            599  684      
QSO:   14093 RY 2026-02-15 1850 DR1X             599 0938  EA1GT/QRP        599  259      
QSO:   14093 RY 2026-02-15 1851 DR1X             599 0939  K1NF             599  100      
QSO:   14096 RY 2026-02-15 1856 DR1X             599 0940  EA4FME           599  831      
QSO:   14096 RY 2026-02-15 1856 DR1X             599 0941  VA1XH            599  693      
QSO:   14096 RY 2026-02-15 1857 DR1X             599 0942  TM3Z             599  2097     
QSO:   14096 RY 2026-02-15 1858 DR1X             599 0943  WO2Y             599  138      
QSO:   14096 RY 2026-02-15 1859 DR1X             599 0944  K3CCR            599  261      
QSO:   14096 RY 2026-02-15 1900 DR1X             599 0945  KE8RU            599  042      
QSO:   14096 RY 2026-02-15 1901 DR1X             599 0946  EA1FXG           599  060      
QSO:   14096 RY 2026-02-15 1901 DR1X             599 0947  YO9HP            599  1708     
QSO:   14096 RY 2026-02-15 1902 DR1X             599 0948  KI8N             599  163      
QSO:   14096 RY 2026-02-15 1902 DR1X             599 0949  M2AWB            599  723      
QSO:   14096 RY 2026-02-15 1903 DR1X             599 0950  WA2MCR           599  076      
QSO:   14096 RY 2026-02-15 1903 DR1X             599 0951  AA1SU            599  463      
QSO:   14096 RY 2026-02-15 1904 DR1X             599 0952  AC9S             599  996      
QSO:   14096 RY 2026-02-15 1904 DR1X             599 0953  EA1X             599  133      
QSO:   14096 RY 2026-02-15 1905 DR1X             599 0954  WJ1U             599  998      
QSO:   14096 RY 2026-02-15 1906 DR1X             599 0955  PY2LPM           599  152      
QSO:   14096 RY 2026-02-15 1906 DR1X             599 0956  K9QJS            599  103      
QSO:   14096 RY 2026-02-15 1907 DR1X             599 0957  NN4NT            599  163      
QSO:   14096 RY 2026-02-15 1907 DR1X             599 0958  WA1ZYX           599  208      
QSO:   14096 RY 2026-02-15 1908 DR1X             599 0959  ON4FFK           599  670      
QSO:   14096 RY 2026-02-15 1909 DR1X             599 0960  K2QB             599  422      
QSO:   14096 RY 2026-02-15 1910 DR1X             599 0961  KT4Q             599  493      
QSO:   14096 RY 2026-02-15 1914 DR1X             599 0962  KC7V             599  1957     
QSO:   14096 RY 2026-02-15 1915 DR1X             599 0963  KT7E             599  1377     
QSO:   14096 RY 2026-02-15 1915 DR1X             599 0964  PP5FZ            599  177      
QSO:   14096 RY 2026-02-15 1916 DR1X             599 0965  DF6QV            599  577      
QSO:   14096 RY 2026-02-15 1916 DR1X             599 0966  WD6T             599  1637     
QSO:   14096 RY 2026-02-15 1918 DR1X             599 0967  WA8RR            599  001      
QSO:   14096 RY 2026-02-15 1918 DR1X             599 0968  K5KLA            599  201      
QSO:   14096 RY 2026-02-15 1919 DR1X             599 0969  F4HRM            599  651      
QSO:   14096 RY 2026-02-15 1920 DR1X             599 0970  YU5R             599  1045     
QSO:   14096 RY 2026-02-15 1921 DR1X             599 0971  EA7AKE           599  319      
QSO:   14096 RY 2026-02-15 1923 DR1X             599 0972  CT7AUP           599  073      
QSO:   14096 RY 2026-02-15 1923 DR1X             599 0973  AA4DD            599  738      
QSO:   14096 RY 2026-02-15 1923 DR1X             599 0974  VA3LR            599  1078     
QSO:   14096 RY 2026-02-15 1924 DR1X             599 0975  N2YBB            599  031      
QSO:   14096 RY 2026-02-15 1926 DR1X             599 0976  HB9G             599  590      
QSO:   14096 RY 2026-02-15 1926 DR1X             599 0977  K2UA             599  194      
QSO:   14096 RY 2026-02-15 1927 DR1X             599 0978  KD2KEH           599  087      
QSO:   14096 RY 2026-02-15 1928 DR1X             599 0979  KD3EE            599  022      
QSO:   14096 RY 2026-02-15 1929 DR1X             599 0980  KD2DVW           599  127      
QSO:   14096 RY 2026-02-15 1930 DR1X             599 0981  OZ/UT0NT         599  750      
QSO:   14096 RY 2026-02-15 1930 DR1X             599 0982  WB2WPM           599  350      
QSO:   14096 RY 2026-02-15 1933 DR1X             599 0983  K5VIP            599  427      
QSO:   14096 RY 2026-02-15 1934 DR1X             599 0984  VE3KTB           599  568      
QSO:   14096 RY 2026-02-15 1936 DR1X             599 0985  W9ZV             599  068      
QSO:   14096 RY 2026-02-15 1937 DR1X             599 0986  W1BOY            599  397      
QSO:   14096 RY 2026-02-15 1937 DR1X             599 0987  WB5SKM           599  199      
QSO:   14096 RY 2026-02-15 1938 DR1X             599 0988  W4YVA            599  308      
QSO:   14096 RY 2026-02-15 1940 DR1X             599 0989  K1ROY            599  599      
QSO:   14096 RY 2026-02-15 1942 DR1X             599 0990  KD2KEH           599  092      
QSO:   14096 RY 2026-02-15 1943 DR1X             599 0991  AA1BS            599  083      
QSO:   14096 RY 2026-02-15 1943 DR1X             599 0992  WB9TFF           599  010      
QSO:   14096 RY 2026-02-15 1944 DR1X             599 0993  DM3W             599  559      
QSO:   14096 RY 2026-02-15 1945 DR1X             599 0994  WJ2D             599  466      
QSO:   14096 RY 2026-02-15 1945 DR1X             599 0995  NT5V             599  767      
QSO:   14096 RY 2026-02-15 1946 DR1X             599 0996  PY2YYZ           599  008      
QSO:   14096 RY 2026-02-15 1947 DR1X             599 0997  AC7GL            599  350      
QSO:   14096 RY 2026-02-15 1948 DR1X             599 0998  WB2NFL           599  216      
QSO:   14092 RY 2026-02-15 1951 DR1X             599 0999  N3FJP            599  797      
QSO:   14096 RY 2026-02-15 1954 DR1X             599 1000  K4PUF            599  033      
QSO:   14096 RY 2026-02-15 1955 DR1X             599 1001  KP4JFR           599  097      
QSO:   14096 RY 2026-02-15 1958 DR1X             599 1002  W4FMM            599  097      
QSO:   14096 RY 2026-02-15 1958 DR1X             599 1003  W4GHV            599  131      
QSO:   14096 RY 2026-02-15 1959 DR1X             599 1004  WA1LAD           599  033      
QSO:   14085 RY 2026-02-15 2002 DR1X             599 1005  KI6DZ            599  351      
QSO:   14086 RY 2026-02-15 2002 DR1X             599 1006  AI0Y             599  344      
QSO:   14084 RY 2026-02-15 2004 DR1X             599 1007  VA4HZ            599  538      
QSO:    7040 RY 2026-02-15 2007 DR1X             599 1008  RM5F             599  2251     
QSO:    7040 RY 2026-02-15 2008 DR1X             599 1009  EA2KV            599  505      
QSO:    7040 RY 2026-02-15 2009 DR1X             599 1010  EB5R             599  073      
QSO:    7040 RY 2026-02-15 2009 DR1X             599 1011  IT9YMM           599  698      
QSO:    7066 RY 2026-02-15 2016 DR1X             599 1012  EA4BAS           599  789      
QSO:    7066 RY 2026-02-15 2017 DR1X             599 1013  I8UZA            599  480      
QSO:    7066 RY 2026-02-15 2017 DR1X             599 1014  EE4Y             599  2041     
QSO:    7066 RY 2026-02-15 2018 DR1X             599 1015  JM1XCW           599  005      
QSO:    7066 RY 2026-02-15 2019 DR1X             599 1016  YO6BGT           599  135      
QSO:    7066 RY 2026-02-15 2019 DR1X             599 1017  CT3KU            599  384      
QSO:    7066 RY 2026-02-15 2020 DR1X             599 1018  YO6LM            599  699      
QSO:    7066 RY 2026-02-15 2021 DR1X             599 1019  JH3FUK           599  098      
QSO:    7066 RY 2026-02-15 2022 DR1X             599 1020  R6KX             599  240      
QSO:    7066 RY 2026-02-15 2022 DR1X             599 1021  EA4BAS           599  796      
QSO:    7066 RY 2026-02-15 2024 DR1X             599 1022  7S9A             599  865      
QSO:    7066 RY 2026-02-15 2026 DR1X             599 1023  YO9BCM           599  561      
QSO:    7066 RY 2026-02-15 2027 DR1X             599 1024  S53K             599  740      
QSO:    7066 RY 2026-02-15 2028 DR1X             599 1025  IQ9RG            599  2305     
QSO:    7066 RY 2026-02-15 2029 DR1X             599 1026  IO0A             599  663      
QSO:    7066 RY 2026-02-15 2031 DR1X             599 1027  YO4NT            599  272      
QSO:    7066 RY 2026-02-15 2032 DR1X             599 1028  EI7M             599  730      
QSO:    7066 RY 2026-02-15 2033 DR1X             599 1029  R6NA             599  243      
QSO:    7066 RY 2026-02-15 2034 DR1X             599 1030  EA1FXG           599  094      
QSO:    7066 RY 2026-02-15 2036 DR1X             599 1031  S54L             599  656      
QSO:    7066 RY 2026-02-15 2037 DR1X             599 1032  4L/S53EL         599  1190     
QSO:    7066 RY 2026-02-15 2037 DR1X             599 1033  IO8O             599  641      
QSO:    7066 RY 2026-02-15 2038 DR1X             599 1034  OK1KKI           599  1686     
QSO:    7066 RY 2026-02-15 2038 DR1X             599 1035  ER3UA            599  216      
QSO:    7066 RY 2026-02-15 2039 DR1X             599 1036  IZ8JFL           599  307      
QSO:    7066 RY 2026-02-15 2040 DR1X             599 1037  II9I             599  1181     
QSO:    3608 RY 2026-02-15 2043 DR1X             599 1038  DR8M             599  315      
QSO:    3604 RY 2026-02-15 2044 DR1X             599 1039  SM2M             599  663      
QSO:    3597 RY 2026-02-15 2046 DR1X             599 1040  DL4APJ           599  086      
QSO:    3597 RY 2026-02-15 2046 DR1X             599 1041  SN9S             599  262      
QSO:    3597 RY 2026-02-15 2047 DR1X             599 1042  DL5MHX           599  432      
QSO:    3597 RY 2026-02-15 2047 DR1X             599 1043  EX9A             599  1960     
QSO:    3597 RY 2026-02-15 2048 DR1X             599 1044  ER3KAZ           599  478      
QSO:    3597 RY 2026-02-15 2049 DR1X             599 1045  ON4APU           599  151      
QSO:    3597 RY 2026-02-15 2051 DR1X             599 1046  DA3T             599  592      
QSO:    3597 RY 2026-02-15 2054 DR1X             599 1047  SP8CG            599  642      
QSO:    3597 RY 2026-02-15 2054 DR1X             599 1048  DD1LD            599  264      
QSO:    3597 RY 2026-02-15 2056 DR1X             599 1049  OV9R             599  1031     
QSO:    3597 RY 2026-02-15 2057 DR1X             599 1050  YU0X             599  647      
QSO:    3597 RY 2026-02-15 2057 DR1X             599 1051  YL2KO            599  789      
QSO:    3597 RY 2026-02-15 2058 DR1X             599 1052  IU3QNS           599  019      
QSO:    3597 RY 2026-02-15 2059 DR1X             599 1053  EE4Y             599  209      
QSO:    3597 RY 2026-02-15 2100 DR1X             599 1054  F5TFW            599  425      
QSO:    3597 RY 2026-02-15 2101 DR1X             599 1055  S55VM            599  036      
QSO:    3597 RY 2026-02-15 2102 DR1X             599 1056  OL7K             599  1283     
QSO:    3597 RY 2026-02-15 2103 DR1X             599 1057  RG2Y             599  1056     
QSO:    3586 RY 2026-02-15 2105 DR1X             599 1058  GW5L             599  554      
QSO:    3605 RY 2026-02-15 2106 DR1X             599 1059  OK7R             599  167      
QSO:    3584 RY 2026-02-15 2108 DR1X             599 1060  SN8A             599  182      
QSO:    3591 RY 2026-02-15 2109 DR1X             599 1061  S57AJ            599  127      
QSO:    3604 RY 2026-02-15 2111 DR1X             599 1062  IP3W             599  403      
QSO:    3604 RY 2026-02-15 2112 DR1X             599 1063  DD7KT            599  144      
QSO:    3604 RY 2026-02-15 2114 DR1X             599 1064  R9FE             599  319      
QSO:    3594 RY 2026-02-15 2116 DR1X             599 1065  YU9A             599  1484     
QSO:    3615 RY 2026-02-15 2117 DR1X             599 1066  E78T             599  283      
QSO:    3603 RY 2026-02-15 2121 DR1X             599 1067  DJ1OJ            599  398      
QSO:    3590 RY 2026-02-15 2122 DR1X             599 1068  DB5SM            599  277      
QSO:    3616 RY 2026-02-15 2123 DR1X             599 1069  DD2D             599  580      
QSO:    3583 RY 2026-02-15 2123 DR1X             599 1070  S52OT            599  793      
QSO:    3592 RY 2026-02-15 2128 DR1X             599 1071  IP4R             599  730      
QSO:    3592 RY 2026-02-15 2128 DR1X             599 1072  LA3BPA           599  394      
QSO:    3592 RY 2026-02-15 2129 DR1X             599 1073  DK7HA            599  873      
QSO:    3592 RY 2026-02-15 2132 DR1X             599 1074  E72U             599  517      
QSO:    3591 RY 2026-02-15 2133 DR1X             599 1075  OZ9GA            599  987      
QSO:    3583 RY 2026-02-15 2134 DR1X             599 1076  DM2HEY           599  132      
QSO:    3587 RY 2026-02-15 2134 DR1X             599 1077  LA9RY            599  298      
QSO:    3592 RY 2026-02-15 2136 DR1X             599 1078  US4UU            599  416      
QSO:    3592 RY 2026-02-15 2139 DR1X             599 1079  DL5NEN           599  077      
QSO:    3580 RY 2026-02-15 2141 DR1X             599 1080  IK0CHU           599  143      
QSO:    3590 RY 2026-02-15 2142 DR1X             599 1081  S5702DX          599  405      
QSO:    3591 RY 2026-02-15 2146 DR1X             599 1082  ER4A             599  296      
QSO:    3589 RY 2026-02-15 2154 DR1X             599 1083  IK0ALT           599  186      
QSO:    3589 RY 2026-02-15 2154 DR1X             599 1084  DK1KC            599  321      
QSO:    3589 RY 2026-02-15 2155 DR1X             599 1085  GX3BOY           599  205      
QSO:    3589 RY 2026-02-15 2157 DR1X             599 1086  SV1DPP           599  038      
QSO:    3589 RY 2026-02-15 2159 DR1X             599 1087  F4EQN            599  1175     
QSO:    3589 RY 2026-02-15 2159 DR1X             599 1088  G8VPE            599  046      
QSO:    3589 RY 2026-02-15 2200 DR1X             599 1089  DF3VM            599  837      
QSO:    3589 RY 2026-02-15 2201 DR1X             599 1090  DJ2KP            599  003      
QSO:    3589 RY 2026-02-15 2204 DR1X             599 1091  IK2AUK           599  248      
QSO:    3591 RY 2026-02-15 2208 DR1X             599 1092  IK1YDB           599  086      
QSO:    3595 RY 2026-02-15 2209 DR1X             599 1093  4L2M             599  298      
QSO:    3594 RY 2026-02-15 2211 DR1X             599 1094  DJ9MH            599  342      
QSO:    3594 RY 2026-02-15 2212 DR1X             599 1095  DL5JS            599  1066     
QSO:    3594 RY 2026-02-15 2213 DR1X             599 1096  SP8R             599  2330     
QSO:    3594 RY 2026-02-15 2213 DR1X             599 1097  SP2MKI           599  238      
QSO:    3594 RY 2026-02-15 2215 DR1X             599 1098  SV1QN            599  128      
QSO:    3596 RY 2026-02-15 2218 DR1X             599 1099  MM2N             599  1315     
QSO:    3598 RY 2026-02-15 2220 DR1X             599 1100  I4JED            599  1261     
END-OF-LOG:
