START-OF-LOG: 3.0
CONTEST: CQ-WPX-RTTY
CALLSIGN: IQ9RG
LOCATION: DX
CATEGORY-OPERATOR: MULTI-OP
CATEGORY-ASSISTED: ASSISTED
CATEGORY-BAND: ALL
CATEGORY-POWER: HIGH
CATEGORY-MODE: RTTY
CATEGORY-TRANSMITTER: ONE
CATEGORY-STATION: FIXED
CATEGORY-OVERLAY:
GRID-LOCATOR: JM76GV
CLAIMED-SCORE: 8505978
NAME: Antonio D'Asta
OPERATORS: IZ8JAI IT9IUP IT9EQO IT9KXQ IT9LIZ IT9JWH
CLUB: ITALIAN CONTEST CLUB
CREATED-BY: DXLog.net v2.6.24
QSO:    7061 RY 2026-02-14 0000 IQ9RG            599 001   UT4LW            599  001     0
QSO:    7061 RY 2026-02-14 0001 IQ9RG            599 002   ME6W             599  002     0
QSO:    7061 RY 2026-02-14 0002 IQ9RG            599 003   DH8BQA           599  001     0
QSO:    7061 RY 2026-02-14 0003 IQ9RG            599 004   G4SJX            599  001     0
QSO:    7061 RY 2026-02-14 0004 IQ9RG            599 005   S54L             599  003     0
QSO:    7061 RY 2026-02-14 0006 IQ9RG            599 006   RG2Y             599  001     0
QSO:    7061 RY 2026-02-14 0006 IQ9RG            599 007   WD4GBW           599  006     0
QSO:    7061 RY 2026-02-14 0009 IQ9RG            599 008   N3QE             599  011     0
QSO:    7061 RY 2026-02-14 0009 IQ9RG            599 009   EA3HCJ           599  003     0
QSO:    7061 RY 2026-02-14 0010 IQ9RG            599 010   DF3QL            599  001     0
QSO:    7061 RY 2026-02-14 0012 IQ9RG            599 011   WB2COY           599  010     0
QSO:    7061 RY 2026-02-14 0012 IQ9RG            599 012   SN1O             599  004     0
QSO:    7061 RY 2026-02-14 0013 IQ9RG            599 013   ED7K             599  004     0
QSO:    7061 RY 2026-02-14 0014 IQ9RG            599 014   G3Z              599  001     0
QSO:    7061 RY 2026-02-14 0016 IQ9RG            599 015   PE3T             599  004     0
QSO:    7061 RY 2026-02-14 0017 IQ9RG            599 016   IZ2JPN           599  001     0
QSO:    7061 RY 2026-02-14 0020 IQ9RG            599 017   W9AKS            599  007     0
QSO:    7061 RY 2026-02-14 0021 IQ9RG            599 018   K3WJV            599  019     0
QSO:    7061 RY 2026-02-14 0021 IQ9RG            599 019   WB2PJH           599  016     0
QSO:    7061 RY 2026-02-14 0022 IQ9RG            599 020   PC2F             599  007     0
QSO:    7061 RY 2026-02-14 0022 IQ9RG            599 021   W3GH             599  018     0
QSO:    7061 RY 2026-02-14 0023 IQ9RG            599 022   F4BPO            599  014     0
QSO:    7061 RY 2026-02-14 0024 IQ9RG            599 023   EA4FME           599  009     0
QSO:    7061 RY 2026-02-14 0025 IQ9RG            599 024   AC5XK            599  029     0
QSO:    7061 RY 2026-02-14 0025 IQ9RG            599 025   DK7HA            599  013     0
QSO:    7061 RY 2026-02-14 0026 IQ9RG            599 026   EA1DA            599  008     0
QSO:    7061 RY 2026-02-14 0027 IQ9RG            599 027   PI4CG            599  014     0
QSO:    7061 RY 2026-02-14 0028 IQ9RG            599 028   KP4JFR           599  007     0
QSO:    7061 RY 2026-02-14 0028 IQ9RG            599 029   W8TB             599  013     0
QSO:    7061 RY 2026-02-14 0029 IQ9RG            599 030   WB0WIV           599  007     0
QSO:    7061 RY 2026-02-14 0030 IQ9RG            599 031   SE4E             599  016     0
QSO:    7061 RY 2026-02-14 0031 IQ9RG            599 032   K8BZ             599  016     0
QSO:    7061 RY 2026-02-14 0032 IQ9RG            599 033   DB2KT            599  012     0
QSO:    7061 RY 2026-02-14 0033 IQ9RG            599 034   G4U              599  023     0
QSO:    7061 RY 2026-02-14 0034 IQ9RG            599 035   DL1ABR           599  003     0
QSO:    7061 RY 2026-02-14 0035 IQ9RG            599 036   HI3K             599  023     0
QSO:    7061 RY 2026-02-14 0037 IQ9RG            599 037   W4TTY            599  043     0
QSO:    7061 RY 2026-02-14 0037 IQ9RG            599 038   G0GFQ            599  009     0
QSO:    7061 RY 2026-02-14 0039 IQ9RG            599 039   G4N              599  023     0
QSO:    7061 RY 2026-02-14 0039 IQ9RG            599 040   A65D             599  009     0
QSO:    7061 RY 2026-02-14 0040 IQ9RG            599 041   NY1V             599  017     0
QSO:    7061 RY 2026-02-14 0042 IQ9RG            599 042   NC9I             599  016     0
QSO:    7061 RY 2026-02-14 0042 IQ9RG            599 043   ED2V             599  017     0
QSO:    7061 RY 2026-02-14 0043 IQ9RG            599 045   WB8BZK           599  039     0
QSO:    7061 RY 2026-02-14 0044 IQ9RG            599 046   YU7BW            599  019     0
QSO:    7061 RY 2026-02-14 0044 IQ9RG            599 047   IO6T             599  045     0
QSO:    7061 RY 2026-02-14 0045 IQ9RG            599 049   IK0REP           599  018     0
QSO:    7061 RY 2026-02-14 0046 IQ9RG            599 050   IO2Q             599  006     0
QSO:    7061 RY 2026-02-14 0046 IQ9RG            599 051   KA3GIK           599  033     0
QSO:    7057 RY 2026-02-14 0047 IQ9RG            599 048   JT5DX            599  033     0
QSO:    7061 RY 2026-02-14 0048 IQ9RG            599 052   DL0HMK           599  022     0
QSO:    7061 RY 2026-02-14 0048 IQ9RG            599 054   G3B              599  022     0
QSO:    7061 RY 2026-02-14 0049 IQ9RG            599 055   EA7AKE           599  016     0
QSO:    7061 RY 2026-02-14 0049 IQ9RG            599 056   DM5GG            599  019     0
QSO:    7061 RY 2026-02-14 0050 IQ9RG            599 057   PD1RP            599  004     0
QSO:    7084 RY 2026-02-14 0051 IQ9RG            599 053   KQ3F             599  020     0
QSO:    7061 RY 2026-02-14 0051 IQ9RG            599 058   N3AM             599  053     0
QSO:    7061 RY 2026-02-14 0052 IQ9RG            599 059   IW3IFJ           599  038     0
QSO:    7061 RY 2026-02-14 0052 IQ9RG            599 061   NK2Y             599  043     0
QSO:    7061 RY 2026-02-14 0053 IQ9RG            599 062   S51I             599  005     0
QSO:    7061 RY 2026-02-14 0054 IQ9RG            599 063   VA3LR            599  044     0
QSO:    7061 RY 2026-02-14 0055 IQ9RG            599 064   DP6A             599  033     0
QSO:    7061 RY 2026-02-14 0055 IQ9RG            599 065   EI8LC            599  010     0
QSO:    7061 RY 2026-02-14 0056 IQ9RG            599 066   IO2Z             599  019     0
QSO:    7061 RY 2026-02-14 0057 IQ9RG            599 067   EV81OB           599  012     0
QSO:    7061 RY 2026-02-14 0058 IQ9RG            599 068   SP8CGU           599  027     0
QSO:    7061 RY 2026-02-14 0058 IQ9RG            599 069   G0MBA            599  007     0
QSO:    7061 RY 2026-02-14 0059 IQ9RG            599 070   W4GHV            599  029     0
QSO:    7061 RY 2026-02-14 0100 IQ9RG            599 071   K9UC             599  039     0
QSO:    7061 RY 2026-02-14 0101 IQ9RG            599 072   IO0A             599  035     0
QSO:    7041 RY 2026-02-14 0102 IQ9RG            599 060   KB3Z             599  071     0
QSO:    7061 RY 2026-02-14 0102 IQ9RG            599 073   DL5CV            599  014     0
QSO:    7080 RY 2026-02-14 0103 IQ9RG            599 074   ND3D             599  080     0
QSO:    7061 RY 2026-02-14 0105 IQ9RG            599 076   AK3B             599  015     0
QSO:    7093 RY 2026-02-14 0108 IQ9RG            599 075   I4AVG            599  061     0
QSO:    7061 RY 2026-02-14 0110 IQ9RG            599 077   N8WXQ            599  038     0
QSO:    7061 RY 2026-02-14 0111 IQ9RG            599 079   W1GD             599  049     0
QSO:    7061 RY 2026-02-14 0112 IQ9RG            599 080   N1WR             599  040     0
QSO:    7061 RY 2026-02-14 0112 IQ9RG            599 081   W1ARY            599  024     0
QSO:    7094 RY 2026-02-14 0113 IQ9RG            599 078   KF0JBL           599  039     0
QSO:    7061 RY 2026-02-14 0113 IQ9RG            599 082   KC2GOW           599  061     0
QSO:    7061 RY 2026-02-14 0114 IQ9RG            599 084   S53X             599  132     0
QSO:    7091 RY 2026-02-14 0116 IQ9RG            599 083   WP3C             599  082     0
QSO:    7061 RY 2026-02-14 0116 IQ9RG            599 085   W0PI             599  014     0
QSO:    7061 RY 2026-02-14 0118 IQ9RG            599 086   LN1K             599  014     0
QSO:    7091 RY 2026-02-14 0118 IQ9RG            599 087   WA0O             599  041     0
QSO:    7095 RY 2026-02-14 0119 IQ9RG            599 088   AA1SU            599  068     0
QSO:    7061 RY 2026-02-14 0119 IQ9RG            599 089   K1BZ             599  038     0
QSO:    7096 RY 2026-02-14 0120 IQ9RG            599 090   K5ZD             599  118     0
QSO:    7061 RY 2026-02-14 0120 IQ9RG            599 091   UT3SO            599  030     0
QSO:    7061 RY 2026-02-14 0120 IQ9RG            599 093   M9B              599  003     0
QSO:    7061 RY 2026-02-14 0121 IQ9RG            599 094   AH2O             599  060     0
QSO:    7061 RY 2026-02-14 0122 IQ9RG            599 095   N9SM             599  083     0
QSO:    7061 RY 2026-02-14 0122 IQ9RG            599 096   DA3T             599  033     0
QSO:    7061 RY 2026-02-14 0123 IQ9RG            599 097   UT5EPP           599  004     0
QSO:    7061 RY 2026-02-14 0124 IQ9RG            599 098   WV4P             599  020     0
QSO:    7102 RY 2026-02-14 0125 IQ9RG            599 092   W7II             599  059     0
QSO:    7061 RY 2026-02-14 0125 IQ9RG            599 099   KC9EE            599  015     0
QSO:    7061 RY 2026-02-14 0126 IQ9RG            599 101   YO8RFS           599  014     0
QSO:    7061 RY 2026-02-14 0127 IQ9RG            599 102   N3ZV             599  024     0
QSO:    7061 RY 2026-02-14 0127 IQ9RG            599 103   K3WA             599  049     0
QSO:    7061 RY 2026-02-14 0128 IQ9RG            599 104   EA4BAS           599  012     0
QSO:    7046 RY 2026-02-14 0129 IQ9RG            599 100   PJ2T             599  110     0
QSO:    7040 RY 2026-02-14 0131 IQ9RG            599 105   NR4M             599  108     0
QSO:    7061 RY 2026-02-14 0131 IQ9RG            599 106   R2FK             599  054     0
QSO:    7061 RY 2026-02-14 0134 IQ9RG            599 108   WT9U             599  094     0
QSO:    7061 RY 2026-02-14 0136 IQ9RG            599 109   VE3CW            599  002     0
QSO:    7061 RY 2026-02-14 0137 IQ9RG            599 110   N5XE             599  014     0
QSO:    7042 RY 2026-02-14 0138 IQ9RG            599 107   KI9A             599  018     0
QSO:    7061 RY 2026-02-14 0138 IQ9RG            599 111   VE3DZ            599  020     0
QSO:    7061 RY 2026-02-14 0138 IQ9RG            599 112   WA2QAU           599  046     0
QSO:    7061 RY 2026-02-14 0139 IQ9RG            599 113   VE2BVV           599  041     0
QSO:    7061 RY 2026-02-14 0140 IQ9RG            599 115   KC4IR            599  014     0
QSO:    7061 RY 2026-02-14 0140 IQ9RG            599 116   K9CT             599  111     0
QSO:    7061 RY 2026-02-14 0142 IQ9RG            599 117   MM2N             599  079     0
QSO:    7061 RY 2026-02-14 0142 IQ9RG            599 118   UR1HR            599  010     0
QSO:    7061 RY 2026-02-14 0143 IQ9RG            599 119   KF2OG            599  027     0
QSO:    7061 RY 2026-02-14 0145 IQ9RG            599 120   N2HMM            599  010     0
QSO:    7061 RY 2026-02-14 0145 IQ9RG            599 121   KC9TZO           599  056     0
QSO:    7061 RY 2026-02-14 0146 IQ9RG            599 122   K1DC             599  047     0
QSO:    7061 RY 2026-02-14 0146 IQ9RG            599 123   K9WO             599  039     0
QSO:    7061 RY 2026-02-14 0147 IQ9RG            599 124   N8HRZ            599  093     0
QSO:    7061 RY 2026-02-14 0148 IQ9RG            599 125   IW1RLC           599  057     0
QSO:    7061 RY 2026-02-14 0148 IQ9RG            599 126   GE2W             599  047     0
QSO:    7061 RY 2026-02-14 0150 IQ9RG            599 127   WA8CLT           599  011     0
QSO:    7061 RY 2026-02-14 0151 IQ9RG            599 128   SP5XOV           599  004     0
QSO:    7061 RY 2026-02-14 0153 IQ9RG            599 129   KD7ND            599  106     0
QSO:    7061 RY 2026-02-14 0153 IQ9RG            599 130   KS3H             599  075     0
QSO:    7061 RY 2026-02-14 0154 IQ9RG            599 131   HF3A             599  007     0
QSO:    7061 RY 2026-02-14 0154 IQ9RG            599 132   N5VU             599  054     0
QSO:    7061 RY 2026-02-14 0155 IQ9RG            599 133   KZ7X             599  144     0
QSO:    7061 RY 2026-02-14 0156 IQ9RG            599 134   WA3AFS           599  008     0
QSO:    7061 RY 2026-02-14 0157 IQ9RG            599 135   KA4RRU           599  128     0
QSO:    7061 RY 2026-02-14 0158 IQ9RG            599 136   DA2E             599  003     0
QSO:    7061 RY 2026-02-14 0159 IQ9RG            599 137   W3DQS            599  035     0
QSO:    7061 RY 2026-02-14 0200 IQ9RG            599 139   AC0C             599  243     0
QSO:    7061 RY 2026-02-14 0201 IQ9RG            599 140   KC2WUF           599  053     0
QSO:    7061 RY 2026-02-14 0201 IQ9RG            599 141   EW8DX            599  075     0
QSO:    7061 RY 2026-02-14 0202 IQ9RG            599 142   NN5T             599  054     0
QSO:    7061 RY 2026-02-14 0203 IQ9RG            599 143   WB5JJJ           599  049     0
QSO:    7061 RY 2026-02-14 0204 IQ9RG            599 144   KO9V             599  078     0
QSO:    7061 RY 2026-02-14 0205 IQ9RG            599 145   NI1Q             599  007     0
QSO:    7061 RY 2026-02-14 0205 IQ9RG            599 146   I1WQR            599  004     0
QSO:    7061 RY 2026-02-14 0206 IQ9RG            599 147   AD4EB            599  187     0
QSO:    7061 RY 2026-02-14 0209 IQ9RG            599 148   TM3Z             599  148     0
QSO:    7061 RY 2026-02-14 0212 IQ9RG            599 150   W9QL             599  018     0
QSO:    7061 RY 2026-02-14 0212 IQ9RG            599 151   W1DYJ            599  035     0
QSO:    7061 RY 2026-02-14 0217 IQ9RG            599 152   N8HHG            599  055     0
QSO:    7061 RY 2026-02-14 0217 IQ9RG            599 153   IU5TRX           599  003     0
QSO:    7061 RY 2026-02-14 0218 IQ9RG            599 154   K8GB             599  012     0
QSO:    7061 RY 2026-02-14 0219 IQ9RG            599 155   W4PJW            599  046     0
QSO:    7061 RY 2026-02-14 0219 IQ9RG            599 156   DH1ME            599  037     0
QSO:    7061 RY 2026-02-14 0221 IQ9RG            599 157   AA0FO            599  082     0
QSO:    7061 RY 2026-02-14 0223 IQ9RG            599 158   N1RM             599  142     0
QSO:    7061 RY 2026-02-14 0224 IQ9RG            599 159   EE7I             599  026     0
QSO:    7061 RY 2026-02-14 0225 IQ9RG            599 160   EA3IAZ           599  010     0
QSO:    7061 RY 2026-02-14 0225 IQ9RG            599 161   K2MV             599  058     0
QSO:    7061 RY 2026-02-14 0226 IQ9RG            599 162   KX1X             599  100     0
QSO:    7061 RY 2026-02-14 0227 IQ9RG            599 163   DM7XX            599  196     0
QSO:    7061 RY 2026-02-14 0227 IQ9RG            599 164   WJ2D             599  057     0
QSO:    7061 RY 2026-02-14 0228 IQ9RG            599 165   K5IB             599  017     0
QSO:    7061 RY 2026-02-14 0230 IQ9RG            599 166   WT9P             599  058     0
QSO:    7061 RY 2026-02-14 0230 IQ9RG            599 167   W4WWQ            599  017     0
QSO:    7061 RY 2026-02-14 0231 IQ9RG            599 168   WA1ONB           599  045     0
QSO:    7061 RY 2026-02-14 0232 IQ9RG            599 169   W9LN             599  037     0
QSO:    7061 RY 2026-02-14 0233 IQ9RG            599 170   KG9X             599  089     0
QSO:    7061 RY 2026-02-14 0236 IQ9RG            599 171   RT6N             599  017     0
QSO:    7061 RY 2026-02-14 0237 IQ9RG            599 172   HB2T             599  148     0
QSO:    7061 RY 2026-02-14 0239 IQ9RG            599 173   KF7U             599  065     0
QSO:    3596 RY 2026-02-14 0240 IQ9RG            599 149   IP3W             599  133     0
QSO:    7061 RY 2026-02-14 0240 IQ9RG            599 174   SP9RQH           599  035     0
QSO:    7061 RY 2026-02-14 0241 IQ9RG            599 175   W7PP             599  103     0
QSO:    7061 RY 2026-02-14 0242 IQ9RG            599 176   AG2AA            599  113     0
QSO:    7061 RY 2026-02-14 0243 IQ9RG            599 177   K0ZR             599  103     0
QSO:    7061 RY 2026-02-14 0243 IQ9RG            599 178   DL9WJM           599  039     0
QSO:    7061 RY 2026-02-14 0244 IQ9RG            599 179   WB2WPM           599  037     0
QSO:    7061 RY 2026-02-14 0245 IQ9RG            599 180   F1DHX            599  057     0
QSO:    7061 RY 2026-02-14 0247 IQ9RG            599 181   R3AQ             599  026     0
QSO:    7061 RY 2026-02-14 0247 IQ9RG            599 182   HA6NL            599  076     0
QSO:    7061 RY 2026-02-14 0248 IQ9RG            599 183   KS0AA            599  051     0
QSO:    7061 RY 2026-02-14 0248 IQ9RG            599 184   AF0G             599  019     0
QSO:    7061 RY 2026-02-14 0249 IQ9RG            599 185   OH1NOA           599  109     0
QSO:    7061 RY 2026-02-14 0249 IQ9RG            599 186   R7MM             599  071     0
QSO:    7061 RY 2026-02-14 0250 IQ9RG            599 187   AC9S             599  116     0
QSO:    7061 RY 2026-02-14 0250 IQ9RG            599 188   MM9I             599  160     0
QSO:    7061 RY 2026-02-14 0251 IQ9RG            599 189   OK4GP            599  046     0
QSO:    7061 RY 2026-02-14 0252 IQ9RG            599 191   KD2KW            599  013     0
QSO:    7061 RY 2026-02-14 0252 IQ9RG            599 192   WA8MCD           599  068     0
QSO:    7061 RY 2026-02-14 0253 IQ9RG            599 193   KO4Z             599  023     0
QSO:    7061 RY 2026-02-14 0254 IQ9RG            599 194   VE3NFN           599  030     0
QSO:    7061 RY 2026-02-14 0255 IQ9RG            599 195   M2X              599  127     0
QSO:    7061 RY 2026-02-14 0255 IQ9RG            599 196   YO9BCM           599  087     0
QSO:    7061 RY 2026-02-14 0257 IQ9RG            599 197   SN7Q             599  239     0
QSO:    7061 RY 2026-02-14 0258 IQ9RG            599 198   OM5KM            599  097     0
QSO:    7061 RY 2026-02-14 0258 IQ9RG            599 199   NN4RB            599  019     0
QSO:    7061 RY 2026-02-14 0258 IQ9RG            599 200   CR3W             599  179     0
QSO:    7061 RY 2026-02-14 0259 IQ9RG            599 201   ZF2SS            599  208     0
QSO:    7061 RY 2026-02-14 0300 IQ9RG            599 202   KD8FS            599  125     0
QSO:    7061 RY 2026-02-14 0300 IQ9RG            599 203   W9FY             599  115     0
QSO:    7061 RY 2026-02-14 0301 IQ9RG            599 204   DF6QV            599  070     0
QSO:    7061 RY 2026-02-14 0301 IQ9RG            599 205   K0JJR            599  073     0
QSO:    7061 RY 2026-02-14 0302 IQ9RG            599 206   AA3B             599  296     0
QSO:    7061 RY 2026-02-14 0302 IQ9RG            599 207   W0RX             599  014     0
QSO:    7061 RY 2026-02-14 0303 IQ9RG            599 208   S53EL            599  056     0
QSO:    7061 RY 2026-02-14 0304 IQ9RG            599 209   NW3L             599  110     0
QSO:    7061 RY 2026-02-14 0304 IQ9RG            599 210   ED8M             599  520     0
QSO:    7061 RY 2026-02-14 0305 IQ9RG            599 211   N4NT             599  211     0
QSO:    7061 RY 2026-02-14 0306 IQ9RG            599 212   KA1C             599  091     0
QSO:    7061 RY 2026-02-14 0307 IQ9RG            599 213   PD0WVB           599  011     0
QSO:    7061 RY 2026-02-14 0307 IQ9RG            599 214   KS9J             599  065     0
QSO:    7061 RY 2026-02-14 0308 IQ9RG            599 215   VA1XH            599  106     0
QSO:    7061 RY 2026-02-14 0310 IQ9RG            599 216   VE3WA            599  039     0
QSO:    7061 RY 2026-02-14 0313 IQ9RG            599 217   DF0KU            599  015     0
QSO:    7061 RY 2026-02-14 0313 IQ9RG            599 218   LX5M             599  106     0
QSO:    7061 RY 2026-02-14 0314 IQ9RG            599 219   OG2P             599  117     0
QSO:    7061 RY 2026-02-14 0316 IQ9RG            599 220   KJ4YLR           599  003     0
QSO:    7061 RY 2026-02-14 0317 IQ9RG            599 221   N3FR             599  119     0
QSO:    7061 RY 2026-02-14 0318 IQ9RG            599 222   KT4Q             599  074     0
QSO:    7061 RY 2026-02-14 0319 IQ9RG            599 223   K5TCJ            599  014     0
QSO:    7061 RY 2026-02-14 0320 IQ9RG            599 224   AI6O             599  088     0
QSO:    7061 RY 2026-02-14 0320 IQ9RG            599 225   WB0QLU           599  049     0
QSO:    7061 RY 2026-02-14 0321 IQ9RG            599 226   K3CCR            599  150     0
QSO:    7061 RY 2026-02-14 0322 IQ9RG            599 227   2E0CEY           599  060     0
QSO:    7061 RY 2026-02-14 0323 IQ9RG            599 228   G4BEW            599  011     0
QSO:    7061 RY 2026-02-14 0324 IQ9RG            599 229   N3FCP            599  040     0
QSO:    7061 RY 2026-02-14 0325 IQ9RG            599 230   N1SFE            599  023     0
QSO:    7061 RY 2026-02-14 0326 IQ9RG            599 231   IZ2WFL           599  006     0
QSO:    7061 RY 2026-02-14 0327 IQ9RG            599 232   AD5LU            599  109     0
QSO:    7061 RY 2026-02-14 0328 IQ9RG            599 233   G1N              599  132     0
QSO:    7061 RY 2026-02-14 0329 IQ9RG            599 234   K0TC             599  062     0
QSO:    7061 RY 2026-02-14 0333 IQ9RG            599 236   DL6RY            599  275     0
QSO:    7061 RY 2026-02-14 0335 IQ9RG            599 237   VE3KTB           599  096     0
QSO:    7061 RY 2026-02-14 0335 IQ9RG            599 238   SP9FOW           599  013     0
QSO:    7061 RY 2026-02-14 0336 IQ9RG            599 239   KB3VQC           599  042     0
QSO:    7061 RY 2026-02-14 0337 IQ9RG            599 240   WI5D             599  016     0
QSO:    7061 RY 2026-02-14 0337 IQ9RG            599 241   K5VIP            599  060     0
QSO:    7061 RY 2026-02-14 0338 IQ9RG            599 242   OV9R             599  139     0
QSO:    7061 RY 2026-02-14 0339 IQ9RG            599 243   NF0N             599  023     0
QSO:    7061 RY 2026-02-14 0339 IQ9RG            599 244   OL7K             599  155     0
QSO:    7061 RY 2026-02-14 0340 IQ9RG            599 245   AA4HG            599  017     0
QSO:    7061 RY 2026-02-14 0343 IQ9RG            599 246   EC7YY            599  166     0
QSO:    7061 RY 2026-02-14 0343 IQ9RG            599 247   DK5MB            599  049     0
QSO:    7061 RY 2026-02-14 0344 IQ9RG            599 248   DK8ZZ            599  082     0
QSO:    7061 RY 2026-02-14 0345 IQ9RG            599 249   K9CW             599  025     0
QSO:    7061 RY 2026-02-14 0346 IQ9RG            599 250   DJ4WM            599  033     0
QSO:    7061 RY 2026-02-14 0347 IQ9RG            599 251   DJ9DZ            599  149     0
QSO:    7061 RY 2026-02-14 0347 IQ9RG            599 252   W0ZQ             599  129     0
QSO:    7061 RY 2026-02-14 0348 IQ9RG            599 253   KI6DZ            599  215     0
QSO:    7061 RY 2026-02-14 0349 IQ9RG            599 254   KC9EOQ           599  041     0
QSO:    7061 RY 2026-02-14 0350 IQ9RG            599 255   CT3KU            599  045     0
QSO:    7061 RY 2026-02-14 0350 IQ9RG            599 256   K0CN             599  140     0
QSO:    7061 RY 2026-02-14 0351 IQ9RG            599 257   DL7YS            599  015     0
QSO:    7061 RY 2026-02-14 0352 IQ9RG            599 258   VE3NE            599  108     0
QSO:    7061 RY 2026-02-14 0353 IQ9RG            599 259   K6KM             599  284     0
QSO:    7061 RY 2026-02-14 0355 IQ9RG            599 260   IK5FKF           599  004     0
QSO:    7061 RY 2026-02-14 0356 IQ9RG            599 261   HG1G             599  119     0
QSO:    7061 RY 2026-02-14 0356 IQ9RG            599 262   VE3BR            599  071     0
QSO:    7061 RY 2026-02-14 0357 IQ9RG            599 263   YO6BGT           599  027     0
QSO:    7061 RY 2026-02-14 0358 IQ9RG            599 264   W9OOO            599  025     0
QSO:    7061 RY 2026-02-14 0359 IQ9RG            599 265   NJ4F             599  056     0
QSO:    7061 RY 2026-02-14 0400 IQ9RG            599 266   VA3WB            599  083     0
QSO:    7061 RY 2026-02-14 0400 IQ9RG            599 267   W3USR            599  105     0
QSO:    7061 RY 2026-02-14 0401 IQ9RG            599 268   VP9I             599  125     0
QSO:    7061 RY 2026-02-14 0402 IQ9RG            599 269   OK2FD            599  037     0
QSO:    7061 RY 2026-02-14 0403 IQ9RG            599 270   WA3AAN           599  176     0
QSO:    7061 RY 2026-02-14 0404 IQ9RG            599 271   S51A             599  103     0
QSO:    7061 RY 2026-02-14 0404 IQ9RG            599 272   AA4DD            599  107     0
QSO:    7061 RY 2026-02-14 0407 IQ9RG            599 273   K7QA             599  191     0
QSO:    7061 RY 2026-02-14 0408 IQ9RG            599 274   SP3LGF           599  007     0
QSO:    7061 RY 2026-02-14 0408 IQ9RG            599 275   AD5XD            599  195     0
QSO:    7061 RY 2026-02-14 0410 IQ9RG            599 276   K2AL             599  032     0
QSO:    7061 RY 2026-02-14 0410 IQ9RG            599 277   OL6N             599  169     0
QSO:    7061 RY 2026-02-14 0411 IQ9RG            599 278   DG8M             599  076     0
QSO:    7061 RY 2026-02-14 0411 IQ9RG            599 279   S51J             599  035     0
QSO:    7061 RY 2026-02-14 0412 IQ9RG            599 280   WB5BHS           599  111     0
QSO:    7061 RY 2026-02-14 0412 IQ9RG            599 281   RU4SS            599  001     0
QSO:    7061 RY 2026-02-14 0413 IQ9RG            599 282   K0IL             599  085     0
QSO:    7061 RY 2026-02-14 0414 IQ9RG            599 283   KA4JRY           599  067     0
QSO:    7061 RY 2026-02-14 0415 IQ9RG            599 284   WB8SKP           599  073     0
QSO:    7061 RY 2026-02-14 0415 IQ9RG            599 285   LZ1YQ            599  026     0
QSO:    7061 RY 2026-02-14 0416 IQ9RG            599 286   OE1CIW           599  042     0
QSO:    7061 RY 2026-02-14 0417 IQ9RG            599 287   K5RZA            599  253     0
QSO:    7061 RY 2026-02-14 0418 IQ9RG            599 288   NN3RP            599  098     0
QSO:    7061 RY 2026-02-14 0418 IQ9RG            599 289   WA3JAT           599  023     0
QSO:    7061 RY 2026-02-14 0422 IQ9RG            599 290   KD7PCE           599  064     0
QSO:    7061 RY 2026-02-14 0422 IQ9RG            599 291   NB3C             599  016     0
QSO:    7061 RY 2026-02-14 0426 IQ9RG            599 292   KW4CW            599  079     0
QSO:    7061 RY 2026-02-14 0426 IQ9RG            599 293   KE3LA            599  040     0
QSO:    7061 RY 2026-02-14 0428 IQ9RG            599 294   EI7M             599  281     0
QSO:    7061 RY 2026-02-14 0429 IQ9RG            599 295   RQ4F             599  011     0
QSO:    7061 RY 2026-02-14 0431 IQ9RG            599 296   WA5LXS           599  034     0
QSO:    7061 RY 2026-02-14 0431 IQ9RG            599 297   N7US             599  049     0
QSO:    7061 RY 2026-02-14 0431 IQ9RG            599 298   SK7K             599  298     0
QSO:    7061 RY 2026-02-14 0432 IQ9RG            599 299   7S9A             599  143     0
QSO:    7061 RY 2026-02-14 0435 IQ9RG            599 300   SQ4HKU           599  300     0
QSO:    7061 RY 2026-02-14 0437 IQ9RG            599 301   EA5IL            599  008     0
QSO:    7061 RY 2026-02-14 0438 IQ9RG            599 302   N9CIQ            599  027     0
QSO:    7061 RY 2026-02-14 0439 IQ9RG            599 303   DL4VK            599  054     0
QSO:    7061 RY 2026-02-14 0439 IQ9RG            599 304   ON3UN            599  191     0
QSO:    7061 RY 2026-02-14 0440 IQ9RG            599 305   K9OM             599  332     0
QSO:    7061 RY 2026-02-14 0440 IQ9RG            599 306   PA4G             599  050     0
QSO:    7061 RY 2026-02-14 0441 IQ9RG            599 307   NC0DX            599  304     0
QSO:    7061 RY 2026-02-14 0445 IQ9RG            599 309   W2CDO            599  079     0
QSO:    7061 RY 2026-02-14 0447 IQ9RG            599 310   F4BKT            599  009     0
QSO:    7061 RY 2026-02-14 0447 IQ9RG            599 311   DK2OY            599  113     0
QSO:    7061 RY 2026-02-14 0449 IQ9RG            599 312   AG4TT            599  285     0
QSO:    7061 RY 2026-02-14 0450 IQ9RG            599 313   WB8IZM           599  016     0
QSO:    7061 RY 2026-02-14 0451 IQ9RG            599 314   YP2R             599  059     0
QSO:    7061 RY 2026-02-14 0452 IQ9RG            599 315   EE4Y             599  270     0
QSO:    7061 RY 2026-02-14 0453 IQ9RG            599 316   WJ1U             599  212     0
QSO:    7061 RY 2026-02-14 0453 IQ9RG            599 317   OK4HM            599  005     0
QSO:    7061 RY 2026-02-14 0456 IQ9RG            599 318   KA1ERL           599  007     0
QSO:    7061 RY 2026-02-14 0457 IQ9RG            599 319   SZ1A             599  139     0
QSO:    7061 RY 2026-02-14 0500 IQ9RG            599 320   YV4ABR           599  102     0
QSO:    7061 RY 2026-02-14 0500 IQ9RG            599 321   DL1QW            599  009     0
QSO:    7061 RY 2026-02-14 0501 IQ9RG            599 322   WS3C             599  038     0
QSO:    7061 RY 2026-02-14 0502 IQ9RG            599 323   KG4IGC           599  089     0
QSO:    7061 RY 2026-02-14 0502 IQ9RG            599 324   F5OIH            599  012     0
QSO:    7061 RY 2026-02-14 0504 IQ9RG            599 325   WB6JJJ           599  034     0
QSO:    7061 RY 2026-02-14 0504 IQ9RG            599 326   ES8GP            599  004     0
QSO:    7061 RY 2026-02-14 0505 IQ9RG            599 327   RU5X             599  013     0
QSO:    7061 RY 2026-02-14 0507 IQ9RG            599 328   SN3G             599  115     0
QSO:    7061 RY 2026-02-14 0508 IQ9RG            599 329   KE4IHI           599  021     0
QSO:    7061 RY 2026-02-14 0509 IQ9RG            599 330   KF5KWO           599  093     0
QSO:    7061 RY 2026-02-14 0510 IQ9RG            599 331   KE0UI            599  017     0
QSO:    7061 RY 2026-02-14 0510 IQ9RG            599 332   K9PW             599  082     0
QSO:    7061 RY 2026-02-14 0513 IQ9RG            599 333   AB3GY            599  029     0
QSO:    7061 RY 2026-02-14 0514 IQ9RG            599 334   KB0V             599  158     0
QSO:    7061 RY 2026-02-14 0514 IQ9RG            599 335   KA6T             599  267     0
QSO:    7061 RY 2026-02-14 0515 IQ9RG            599 336   KA6BIM           599  267     0
QSO:    7061 RY 2026-02-14 0516 IQ9RG            599 337   WJ4DX            599  187     0
QSO:    7061 RY 2026-02-14 0517 IQ9RG            599 338   DL6DH            599  019     0
QSO:    7061 RY 2026-02-14 0518 IQ9RG            599 339   DL8TG            599  061     0
QSO:    7061 RY 2026-02-14 0518 IQ9RG            599 340   KT3Q             599  078     0
QSO:    7061 RY 2026-02-14 0519 IQ9RG            599 341   DF3VM            599  017     0
QSO:    7061 RY 2026-02-14 0519 IQ9RG            599 342   DL8ULF           599  143     0
QSO:    7061 RY 2026-02-14 0521 IQ9RG            599 343   G1SCT            599  036     0
QSO:    7061 RY 2026-02-14 0522 IQ9RG            599 344   VE3EID           599  105     0
QSO:    7061 RY 2026-02-14 0523 IQ9RG            599 345   AJ6V             599  249     0
QSO:    7061 RY 2026-02-14 0524 IQ9RG            599 346   KE1B             599  170     0
QSO:    7061 RY 2026-02-14 0524 IQ9RG            599 347   WA7LNW           599  202     0
QSO:    7061 RY 2026-02-14 0526 IQ9RG            599 348   AD2BO            599  069     0
QSO:    7061 RY 2026-02-14 0527 IQ9RG            599 349   EU4E             599  188     0
QSO:    7061 RY 2026-02-14 0529 IQ9RG            599 351   DF4ZL            599  026     0
QSO:    7061 RY 2026-02-14 0530 IQ9RG            599 352   K8PK             599  060     0
QSO:    7061 RY 2026-02-14 0530 IQ9RG            599 353   YT9VM            599  106     0
QSO:    7061 RY 2026-02-14 0531 IQ9RG            599 354   KE3ZT            599  022     0
QSO:    7061 RY 2026-02-14 0531 IQ9RG            599 355   WD6T             599  517     0
QSO:    7061 RY 2026-02-14 0534 IQ9RG            599 356   AB7R             599  179     0
QSO:    7061 RY 2026-02-14 0535 IQ9RG            599 357   WB9TFF           599  064     0
QSO:    7061 RY 2026-02-14 0537 IQ9RG            599 358   N6XI             599  076     0
QSO:    7061 RY 2026-02-14 0537 IQ9RG            599 359   YU0X             599  029     0
QSO:    7061 RY 2026-02-14 0538 IQ9RG            599 360   DL7LX            599  005     0
QSO:    7061 RY 2026-02-14 0539 IQ9RG            599 361   SP9LDE           599  001     0
QSO:    7061 RY 2026-02-14 0540 IQ9RG            599 362   DG2BWG           599  038     0
QSO:    7061 RY 2026-02-14 0542 IQ9RG            599 363   YO9SW            599  003     0
QSO:    7061 RY 2026-02-14 0543 IQ9RG            599 364   DL5DTG           599  050     0
QSO:    7061 RY 2026-02-14 0544 IQ9RG            599 365   N7UVH            599  081     0
QSO:    7061 RY 2026-02-14 0545 IQ9RG            599 366   AB2E             599  101     0
QSO:    7061 RY 2026-02-14 0546 IQ9RG            599 367   NJ8JVK           599  034     0
QSO:    7061 RY 2026-02-14 0546 IQ9RG            599 368   XE1SVT           599  064     0
QSO:    7061 RY 2026-02-14 0547 IQ9RG            599 369   UT5EL            599  055     0
QSO:    7061 RY 2026-02-14 0547 IQ9RG            599 370   DM7W             599  089     0
QSO:    7061 RY 2026-02-14 0548 IQ9RG            599 371   DL4ME            599  097     0
QSO:    7061 RY 2026-02-14 0548 IQ9RG            599 372   WA8ZBT           599  120     0
QSO:    7061 RY 2026-02-14 0549 IQ9RG            599 373   DG1YBN           599  002     0
QSO:    3576 RY 2026-02-14 0550 IQ9RG            599 374   OM2VL            599  325     0
QSO:    3604 RY 2026-02-14 0551 IQ9RG            599 375   DD5M             599  090     0
QSO:    3583 RY 2026-02-14 0553 IQ9RG            599 376   HA1TJ            599  300     0
QSO:    3584 RY 2026-02-14 0555 IQ9RG            599 377   OK1PI            599  102     0
QSO:    3584 RY 2026-02-14 0556 IQ9RG            599 378   S53X             599  442     0
QSO:    3584 RY 2026-02-14 0556 IQ9RG            599 379   KI6DY            599  171     0
QSO:    3584 RY 2026-02-14 0557 IQ9RG            599 380   OL7K             599  213     0
QSO:    3584 RY 2026-02-14 0557 IQ9RG            599 381   WV4P             599  227     0
QSO:    3584 RY 2026-02-14 0559 IQ9RG            599 382   DM3W             599  217     0
QSO:    3584 RY 2026-02-14 0600 IQ9RG            599 383   DP7D             599  296     0
QSO:    3584 RY 2026-02-14 0600 IQ9RG            599 384   DP6K             599  247     0
QSO:    3584 RY 2026-02-14 0601 IQ9RG            599 385   9A1A             599  353     0
QSO:    3584 RY 2026-02-14 0602 IQ9RG            599 386   KB0V             599  180     0
QSO:    3584 RY 2026-02-14 0602 IQ9RG            599 387   LZ7X             599  176     0
QSO:    3584 RY 2026-02-14 0604 IQ9RG            599 388   YU0X             599  043     0
QSO:    7061 RY 2026-02-14 0606 IQ9RG            599 389   F4HRM            599  093     0
QSO:    7061 RY 2026-02-14 0606 IQ9RG            599 390   PD2GSP           599  012     0
QSO:    7061 RY 2026-02-14 0607 IQ9RG            599 391   DF8QB            599  018     0
QSO:    7061 RY 2026-02-14 0607 IQ9RG            599 392   E72U             599  030     0
QSO:    7061 RY 2026-02-14 0608 IQ9RG            599 393   N9SB             599  014     0
QSO:    7061 RY 2026-02-14 0610 IQ9RG            599 394   I0GIA            599  013     0
QSO:    7061 RY 2026-02-14 0610 IQ9RG            599 395   DA0BCC           599  240     0
QSO:    7061 RY 2026-02-14 0611 IQ9RG            599 396   KT6D             599  005     0
QSO:    7061 RY 2026-02-14 0612 IQ9RG            599 397   N9TF             599  175     0
QSO:    7061 RY 2026-02-14 0613 IQ9RG            599 398   N6VH             599  018     0
QSO:    7061 RY 2026-02-14 0615 IQ9RG            599 399   S57SWR           599  116     0
QSO:    7061 RY 2026-02-14 0617 IQ9RG            599 400   OK1EP            599  034     0
QSO:    7061 RY 2026-02-14 0618 IQ9RG            599 401   UZ1WW            599  065     0
QSO:    7061 RY 2026-02-14 0620 IQ9RG            599 402   YO3JW            599  037     0
QSO:    7061 RY 2026-02-14 0621 IQ9RG            599 403   KU6W             599  261     0
QSO:    7061 RY 2026-02-14 0622 IQ9RG            599 404   OK6AB            599  012     0
QSO:    7061 RY 2026-02-14 0623 IQ9RG            599 405   WQ5L             599  092     0
QSO:    7061 RY 2026-02-14 0628 IQ9RG            599 406   AI5G             599  041     0
QSO:   14092 RY 2026-02-14 0639 IQ9RG            599 407   R3AQ             599  116     0
QSO:   14092 RY 2026-02-14 0642 IQ9RG            599 408   UR2Y             599  041     0
QSO:   14092 RY 2026-02-14 0643 IQ9RG            599 409   LZ2MP            599  042     0
QSO:   14092 RY 2026-02-14 0643 IQ9RG            599 410   YO4UQ            599  012     0
QSO:   14092 RY 2026-02-14 0647 IQ9RG            599 411   IK2OWX           599  033     0
QSO:   14092 RY 2026-02-14 0648 IQ9RG            599 412   SV2AOB           599  074     0
QSO:   14092 RY 2026-02-14 0650 IQ9RG            599 413   EW8G             599  031     0
QSO:   14092 RY 2026-02-14 0651 IQ9RG            599 414   EU1DX            599  019     0
QSO:   14092 RY 2026-02-14 0654 IQ9RG            599 415   YO6LM            599  109     0
QSO:   14092 RY 2026-02-14 0654 IQ9RG            599 416   G7SLP            599  011     0
QSO:   14092 RY 2026-02-14 0655 IQ9RG            599 417   OL7K             599  247     0
QSO:   14092 RY 2026-02-14 0656 IQ9RG            599 418   LZ66E            599  075     0
QSO:   14092 RY 2026-02-14 0656 IQ9RG            599 419   RV6FT            599  069     0
QSO:   14092 RY 2026-02-14 0657 IQ9RG            599 420   DL8UV            599  015     0
QSO:   14092 RY 2026-02-14 0658 IQ9RG            599 421   OK1MDK           599  101     0
QSO:   14097 RY 2026-02-14 0659 IQ9RG            599 422   LY5G             599  008     0
QSO:   14097 RY 2026-02-14 0700 IQ9RG            599 423   ON7HB            599  002     0
QSO:   14097 RY 2026-02-14 0701 IQ9RG            599 424   LZ2B             599  021     0
QSO:   14097 RY 2026-02-14 0702 IQ9RG            599 425   F4GYM            599  038     0
QSO:   14097 RY 2026-02-14 0703 IQ9RG            599 426   HB9GKW           599  011     0
QSO:   14097 RY 2026-02-14 0704 IQ9RG            599 427   RM5F             599  183     0
QSO:   14097 RY 2026-02-14 0706 IQ9RG            599 428   HA3PP            599  032     0
QSO:   14097 RY 2026-02-14 0707 IQ9RG            599 429   RA0AB            599  070     0
QSO:   14097 RY 2026-02-14 0708 IQ9RG            599 430   YU0X             599  078     0
QSO:   14097 RY 2026-02-14 0709 IQ9RG            599 431   R9MA             599  116     0
QSO:   14097 RY 2026-02-14 0712 IQ9RG            599 433   IV3ZNK           599  034     0
QSO:   14097 RY 2026-02-14 0714 IQ9RG            599 434   HG1DBQ           599  002     0
QSO:   14097 RY 2026-02-14 0715 IQ9RG            599 435   RA3TT            599  015     0
QSO:   14097 RY 2026-02-14 0715 IQ9RG            599 436   UP7L             599  265     0
QSO:   14097 RY 2026-02-14 0716 IQ9RG            599 437   IZ3ZPO           599  035     0
QSO:   14097 RY 2026-02-14 0717 IQ9RG            599 438   OK2WY            599  015     0
QSO:   14097 RY 2026-02-14 0720 IQ9RG            599 439   EA5FI            599  014     0
QSO:   14097 RY 2026-02-14 0721 IQ9RG            599 440   SV9COL           599  049     0
QSO:   14096 RY 2026-02-14 0723 IQ9RG            599 441   YT8A             599  057     0
QSO:   14096 RY 2026-02-14 0723 IQ9RG            599 442   SQ100D           599  043     0
QSO:   14096 RY 2026-02-14 0724 IQ9RG            599 443   IZ2WFL           599  054     0
QSO:   14096 RY 2026-02-14 0725 IQ9RG            599 444   9A5Y             599  117     0
QSO:   14096 RY 2026-02-14 0726 IQ9RG            599 445   DG2BWG           599  061     0
QSO:   14096 RY 2026-02-14 0727 IQ9RG            599 446   DK0AM            599  074     0
QSO:   14096 RY 2026-02-14 0728 IQ9RG            599 447   3Z9W             599  090     0
QSO:   14096 RY 2026-02-14 0728 IQ9RG            599 448   RG9A             599  373     0
QSO:   14096 RY 2026-02-14 0729 IQ9RG            599 449   R4MA             599  017     0
QSO:   14096 RY 2026-02-14 0729 IQ9RG            599 450   UT4LW            599  059     0
QSO:   14096 RY 2026-02-14 0730 IQ9RG            599 451   SN2M             599  112     0
QSO:   14096 RY 2026-02-14 0730 IQ9RG            599 452   IO1T             599  135     0
QSO:   14096 RY 2026-02-14 0732 IQ9RG            599 453   SP5TZP           599  048     0
QSO:   14096 RY 2026-02-14 0733 IQ9RG            599 454   VK4ZP            599  060     0
QSO:   14096 RY 2026-02-14 0734 IQ9RG            599 455   SP9RQH           599  056     0
QSO:   14096 RY 2026-02-14 0734 IQ9RG            599 456   SO9I             599  080     0
QSO:   14096 RY 2026-02-14 0736 IQ9RG            599 457   OK3KW            599  049     0
QSO:   14096 RY 2026-02-14 0737 IQ9RG            599 458   DK4HO            599  003     0
QSO:   14096 RY 2026-02-14 0739 IQ9RG            599 459   OK6GM            599  003     0
QSO:   14096 RY 2026-02-14 0742 IQ9RG            599 460   IV3ZXF           599  003     0
QSO:   14096 RY 2026-02-14 0742 IQ9RG            599 461   DL1SUZ           599  002     0
QSO:   14096 RY 2026-02-14 0744 IQ9RG            599 462   RT2H             599  085     0
QSO:   21095 RY 2026-02-14 0746 IQ9RG            599 463   DS5DNO           599  009     0
QSO:   21095 RY 2026-02-14 0747 IQ9RG            599 464   JA1CSN           599  300     0
QSO:   21095 RY 2026-02-14 0748 IQ9RG            599 465   OM2DX            599  029     0
QSO:   21095 RY 2026-02-14 0749 IQ9RG            599 466   BG2KAJ           599  141     0
QSO:   14096 RY 2026-02-14 0753 IQ9RG            599 469   HG3T             599  094     0
QSO:   14096 RY 2026-02-14 0754 IQ9RG            599 470   S53F             599  088     0
QSO:   14096 RY 2026-02-14 0755 IQ9RG            599 471   SM6LPG           599  011     0
QSO:   14096 RY 2026-02-14 0756 IQ9RG            599 472   RX6ACJ           599  058     0
QSO:   14096 RY 2026-02-14 0756 IQ9RG            599 473   HA5GF            599  079     0
QSO:   14096 RY 2026-02-14 0758 IQ9RG            599 474   DL0HMK           599  288     0
QSO:   14096 RY 2026-02-14 0800 IQ9RG            599 475   Z36N             599  076     0
QSO:   14096 RY 2026-02-14 0800 IQ9RG            599 476   IW1PNJ           599  061     0
QSO:   14096 RY 2026-02-14 0802 IQ9RG            599 477   SE6K             599  009     0
QSO:   14096 RY 2026-02-14 0805 IQ9RG            599 478   HB9KG            599  077     0
QSO:   14096 RY 2026-02-14 0806 IQ9RG            599 479   G4RQI            599  016     0
QSO:   21091 RY 2026-02-14 0807 IQ9RG            599 480   BI8CZM           599  172     0
QSO:   21091 RY 2026-02-14 0808 IQ9RG            599 481   JA2AXB           599  071     0
QSO:   21091 RY 2026-02-14 0810 IQ9RG            599 482   VU2YAP           599  014     0
QSO:   21091 RY 2026-02-14 0810 IQ9RG            599 483   JA1BJI           599  254     0
QSO:   21091 RY 2026-02-14 0811 IQ9RG            599 484   SN3A             599  169     0
QSO:   21091 RY 2026-02-14 0812 IQ9RG            599 485   SF5X             599  285     0
QSO:   21091 RY 2026-02-14 0812 IQ9RG            599 486   JI3CWI           599  002     0
QSO:   21091 RY 2026-02-14 0813 IQ9RG            599 487   DO2SBS           599  002     0
QSO:   21091 RY 2026-02-14 0814 IQ9RG            599 488   JH1KYA           599  069     0
QSO:   21091 RY 2026-02-14 0815 IQ9RG            599 489   RZ3AV            599  030     0
QSO:   21091 RY 2026-02-14 0816 IQ9RG            599 490   JA9LX            599  106     0
QSO:   21091 RY 2026-02-14 0816 IQ9RG            599 491   TA2EHI           599  014     0
QSO:   21091 RY 2026-02-14 0817 IQ9RG            599 492   JG1IEF           599  091     0
QSO:   21091 RY 2026-02-14 0818 IQ9RG            599 493   UT4LW            599  129     0
QSO:   21098 RY 2026-02-14 0819 IQ9RG            599 494   RA3FD            599  025     0
QSO:   21098 RY 2026-02-14 0820 IQ9RG            599 495   UA9OEX           599  092     0
QSO:   21098 RY 2026-02-14 0821 IQ9RG            599 496   RG9A             599  436     0
QSO:   21098 RY 2026-02-14 0821 IQ9RG            599 497   RA0R             599  237     0
QSO:   21098 RY 2026-02-14 0822 IQ9RG            599 498   EV1R             599  080     0
QSO:   21098 RY 2026-02-14 0822 IQ9RG            599 499   JF1LMB           599  120     0
QSO:   21098 RY 2026-02-14 0823 IQ9RG            599 500   UC6N             599  103     0
QSO:   21098 RY 2026-02-14 0824 IQ9RG            599 501   SP4LO            599  025     0
QSO:   21098 RY 2026-02-14 0825 IQ9RG            599 502   OK3FP            599  025     0
QSO:   21098 RY 2026-02-14 0826 IQ9RG            599 503   OG2P             599  141     0
QSO:   21099 RY 2026-02-14 0828 IQ9RG            599 504   OK1MGW           599  012     0
QSO:   21099 RY 2026-02-14 0829 IQ9RG            599 505   SD1A             599  008     0
QSO:   21099 RY 2026-02-14 0831 IQ9RG            599 506   OK2VIR           599  039     0
QSO:   21099 RY 2026-02-14 0832 IQ9RG            599 507   UC0A             599  162     0
QSO:   21099 RY 2026-02-14 0833 IQ9RG            599 508   UF5A             599  071     0
QSO:   21099 RY 2026-02-14 0833 IQ9RG            599 509   UA0OK            599  227     0
QSO:   21099 RY 2026-02-14 0835 IQ9RG            599 510   SN1O             599  133     0
QSO:   21099 RY 2026-02-14 0836 IQ9RG            599 511   R6NA             599  099     0
QSO:   21099 RY 2026-02-14 0837 IQ9RG            599 512   YL3NU            599  063     0
QSO:   21099 RY 2026-02-14 0838 IQ9RG            599 513   RN9U             599  084     0
QSO:   21099 RY 2026-02-14 0839 IQ9RG            599 514   TA2E             599  021     0
QSO:   21099 RY 2026-02-14 0840 IQ9RG            599 515   UA4FX            599  053     0
QSO:   21099 RY 2026-02-14 0840 IQ9RG            599 516   JG1XIO           599  173     0
QSO:   21099 RY 2026-02-14 0841 IQ9RG            599 517   JR3NZC           599  137     0
QSO:   21099 RY 2026-02-14 0842 IQ9RG            599 518   YL3PO            599  079     0
QSO:   21099 RY 2026-02-14 0844 IQ9RG            599 519   UZ0A             599  053     0
QSO:   21099 RY 2026-02-14 0844 IQ9RG            599 520   UA6Y             599  095     0
QSO:   21099 RY 2026-02-14 0845 IQ9RG            599 521   JN1THL           599  142     0
QSO:   21099 RY 2026-02-14 0845 IQ9RG            599 522   RM5F             599  347     0
QSO:   21099 RY 2026-02-14 0846 IQ9RG            599 523   SP2FNC           599  025     0
QSO:   21099 RY 2026-02-14 0847 IQ9RG            599 524   DA6A             599  074     0
QSO:   21099 RY 2026-02-14 0848 IQ9RG            599 525   UA3PI            599  054     0
QSO:   21099 RY 2026-02-14 0848 IQ9RG            599 526   JR4OZR           599  367     0
QSO:   21099 RY 2026-02-14 0849 IQ9RG            599 527   RL4R             599  058     0
QSO:   21099 RY 2026-02-14 0849 IQ9RG            599 528   DL5ST            599  014     0
QSO:   21099 RY 2026-02-14 0850 IQ9RG            599 529   RA5BF            599  043     0
QSO:   21099 RY 2026-02-14 0851 IQ9RG            599 530   HG5D             599  068     0
QSO:   21099 RY 2026-02-14 0852 IQ9RG            599 531   M0UNI            599  041     0
QSO:   21099 RY 2026-02-14 0853 IQ9RG            599 532   JG1LFR           599  214     0
QSO:   21099 RY 2026-02-14 0854 IQ9RG            599 533   OH1FFN           599  029     0
QSO:   21099 RY 2026-02-14 0855 IQ9RG            599 534   JA4DLF           599  096     0
QSO:   21099 RY 2026-02-14 0856 IQ9RG            599 535   DJ4WM            599  156     0
QSO:   21099 RY 2026-02-14 0858 IQ9RG            599 536   R3AQ             599  254     0
QSO:   21099 RY 2026-02-14 0858 IQ9RG            599 537   SN3G             599  280     0
QSO:   21099 RY 2026-02-14 0859 IQ9RG            599 538   EF7W             599  006     0
QSO:   21099 RY 2026-02-14 0900 IQ9RG            599 539   LY2SA            599  105     0
QSO:   21099 RY 2026-02-14 0900 IQ9RG            599 540   UT7EZ            599  065     0
QSO:   21099 RY 2026-02-14 0901 IQ9RG            599 541   DK5OPA           599  031     0
QSO:   21099 RY 2026-02-14 0901 IQ9RG            599 542   UA3NFI           599  048     0
QSO:   21099 RY 2026-02-14 0903 IQ9RG            599 543   JA8IDS           599  115     0
QSO:   21099 RY 2026-02-14 0904 IQ9RG            599 544   OK1PMA           599  017     0
QSO:   21099 RY 2026-02-14 0905 IQ9RG            599 545   JR3RIY           599  137     0
QSO:   21099 RY 2026-02-14 0906 IQ9RG            599 546   BA4TB            599  097     0
QSO:   21099 RY 2026-02-14 0906 IQ9RG            599 547   UY5TE            599  008     0
QSO:   21099 RY 2026-02-14 0907 IQ9RG            599 548   JH8DBJ           599  021     0
QSO:   21099 RY 2026-02-14 0909 IQ9RG            599 549   JG8JBX           599  093     0
QSO:   21099 RY 2026-02-14 0909 IQ9RG            599 550   JF3IYW           599  125     0
QSO:   21099 RY 2026-02-14 0910 IQ9RG            599 551   OZ4GM            599  015     0
QSO:   21099 RY 2026-02-14 0911 IQ9RG            599 552   UT5EPP           599  295     0
QSO:   21099 RY 2026-02-14 0911 IQ9RG            599 553   R8UT             599  041     0
QSO:   21099 RY 2026-02-14 0912 IQ9RG            599 554   JF2AIJ           599  034     0
QSO:   21099 RY 2026-02-14 0913 IQ9RG            599 555   SP3OTZ           599  048     0
QSO:   21099 RY 2026-02-14 0915 IQ9RG            599 556   JR3BOT           599  057     0
QSO:   21099 RY 2026-02-14 0915 IQ9RG            599 557   JA2GHP           599  094     0
QSO:   21099 RY 2026-02-14 0916 IQ9RG            599 558   BH2RO            599  252     0
QSO:   21099 RY 2026-02-14 0917 IQ9RG            599 559   RY2A             599  032     0
QSO:   21099 RY 2026-02-14 0918 IQ9RG            599 560   DL7AUO           599  143     0
QSO:   21099 RY 2026-02-14 0919 IQ9RG            599 561   DJ9KH            599  011     0
QSO:   21099 RY 2026-02-14 0920 IQ9RG            599 562   SN9A             599  028     0
QSO:   21099 RY 2026-02-14 0921 IQ9RG            599 563   BG4SE            599  108     0
QSO:   21099 RY 2026-02-14 0922 IQ9RG            599 564   RC9T             599  139     0
QSO:   21099 RY 2026-02-14 0922 IQ9RG            599 565   SP4BPH           599  057     0
QSO:   21099 RY 2026-02-14 0923 IQ9RG            599 566   R2LM             599  043     0
QSO:   21099 RY 2026-02-14 0925 IQ9RG            599 567   LY3CY            599  055     0
QSO:   21099 RY 2026-02-14 0926 IQ9RG            599 568   SP9RQH           599  083     0
QSO:   21099 RY 2026-02-14 0926 IQ9RG            599 569   ED8M             599  1117    0
QSO:   21099 RY 2026-02-14 0927 IQ9RG            599 570   OK2CMW           599  078     0
QSO:   21099 RY 2026-02-14 0928 IQ9RG            599 571   LY2MM            599  043     0
QSO:   21099 RY 2026-02-14 0929 IQ9RG            599 572   RQ9O             599  249     0
QSO:   21099 RY 2026-02-14 0929 IQ9RG            599 573   JA9CWJ           599  169     0
QSO:   21099 RY 2026-02-14 0931 IQ9RG            599 574   VJ5W             599  162     0
QSO:   21099 RY 2026-02-14 0933 IQ9RG            599 575   OK2PGJ           599  116     0
QSO:   21099 RY 2026-02-14 0934 IQ9RG            599 576   RM6OB            599  066     0
QSO:   21099 RY 2026-02-14 0934 IQ9RG            599 577   3Z9W             599  138     0
QSO:   21099 RY 2026-02-14 0935 IQ9RG            599 578   4Z1TL            599  031     0
QSO:   21099 RY 2026-02-14 0936 IQ9RG            599 579   SP8CGU           599  162     0
QSO:   21099 RY 2026-02-14 0937 IQ9RG            599 580   JA1OVD           599  278     0
QSO:   21099 RY 2026-02-14 0938 IQ9RG            599 581   OK6GM            599  039     0
QSO:   21099 RY 2026-02-14 0939 IQ9RG            599 582   YO8RFS           599  122     0
QSO:   21099 RY 2026-02-14 0940 IQ9RG            599 583   SO4R             599  006     0
QSO:   21099 RY 2026-02-14 0941 IQ9RG            599 584   YO6LM            599  188     0
QSO:   21099 RY 2026-02-14 0942 IQ9RG            599 585   UA0SR            599  192     0
QSO:   21099 RY 2026-02-14 0945 IQ9RG            599 586   BH8FSI           599  035     0
QSO:   21099 RY 2026-02-14 0945 IQ9RG            599 587   M2E              599  056     0
QSO:   14086 RY 2026-02-14 0953 IQ9RG            599 588   DL9NO            599  114     0
QSO:   14086 RY 2026-02-14 0954 IQ9RG            599 589   Z33B             599  092     0
QSO:   14086 RY 2026-02-14 0956 IQ9RG            599 590   S50B             599  002     0
QSO:   14086 RY 2026-02-14 0957 IQ9RG            599 591   IZ3KUY           599  034     0
QSO:   14086 RY 2026-02-14 0959 IQ9RG            599 592   IK1GVQ           599  022     0
QSO:   21091 RY 2026-02-14 1002 IQ9RG            599 593   JA0GCY           599  045     0
QSO:   21091 RY 2026-02-14 1003 IQ9RG            599 594   JA1MZM           599  128     0
QSO:   21091 RY 2026-02-14 1004 IQ9RG            599 595   UR6QS            599  041     0
QSO:   21091 RY 2026-02-14 1005 IQ9RG            599 596   EA4FJX           599  013     0
QSO:   21091 RY 2026-02-14 1007 IQ9RG            599 597   BA4SQI           599  012     0
QSO:   21091 RY 2026-02-14 1008 IQ9RG            599 598   YE3FZR           599  017     0
QSO:   21091 RY 2026-02-14 1009 IQ9RG            599 599   DA2E             599  178     0
QSO:   21090 RY 2026-02-14 1011 IQ9RG            599 600   G4BHT            599  018     0
QSO:   21090 RY 2026-02-14 1011 IQ9RG            599 601   EA1ACP           599  128     0
QSO:   21090 RY 2026-02-14 1012 IQ9RG            599 602   DL6FCK           599  011     0
QSO:   21090 RY 2026-02-14 1012 IQ9RG            599 603   4Z5FI            599  146     0
QSO:   21090 RY 2026-02-14 1014 IQ9RG            599 604   SN5X             599  197     0
QSO:   21090 RY 2026-02-14 1015 IQ9RG            599 605   RA0AB            599  139     0
QSO:   21083 RY 2026-02-14 1017 IQ9RG            599 606   IQ3ME            599  085     0
QSO:   21083 RY 2026-02-14 1018 IQ9RG            599 607   SP1JQJ           599  068     0
QSO:   21083 RY 2026-02-14 1018 IQ9RG            599 608   MM2N             599  154     0
QSO:   21083 RY 2026-02-14 1019 IQ9RG            599 609   BH3BBJ           599  051     0
QSO:   21083 RY 2026-02-14 1019 IQ9RG            599 610   F4HRM            599  244     0
QSO:   21083 RY 2026-02-14 1020 IQ9RG            599 611   UT3SO            599  198     0
QSO:   21083 RY 2026-02-14 1021 IQ9RG            599 612   DO9ST            599  003     0
QSO:   21083 RY 2026-02-14 1022 IQ9RG            599 613   UA0A             599  082     0
QSO:   21083 RY 2026-02-14 1023 IQ9RG            599 615   DA1TT            599  217     0
QSO:   21083 RY 2026-02-14 1023 IQ9RG            599 616   JK4JMO           599  070     0
QSO:   21083 RY 2026-02-14 1025 IQ9RG            599 617   YB3BLJ           599  041     0
QSO:   21083 RY 2026-02-14 1027 IQ9RG            599 618   DK4VW            599  121     0
QSO:   21083 RY 2026-02-14 1028 IQ9RG            599 619   EA7AKE           599  045     0
QSO:   21083 RY 2026-02-14 1029 IQ9RG            599 620   IK7NXU           599  010     0
QSO:   21083 RY 2026-02-14 1030 IQ9RG            599 621   IK4RVY           599  145     0
QSO:   21083 RY 2026-02-14 1030 IQ9RG            599 622   ON5GQ            599  299     0
QSO:   21083 RY 2026-02-14 1031 IQ9RG            599 623   GI7NKK           599  009     0
QSO:   21083 RY 2026-02-14 1031 IQ9RG            599 624   HG0NPJ           599  175     0
QSO:   21083 RY 2026-02-14 1032 IQ9RG            599 625   DL1DTL           599  056     0
QSO:   21083 RY 2026-02-14 1033 IQ9RG            599 626   IV3WMS           599  236     0
QSO:   21083 RY 2026-02-14 1033 IQ9RG            599 627   OH2HOD           599  085     0
QSO:   21083 RY 2026-02-14 1034 IQ9RG            599 628   RX3VF            599  108     0
QSO:   21083 RY 2026-02-14 1035 IQ9RG            599 629   G5V              599  003     0
QSO:   21083 RY 2026-02-14 1036 IQ9RG            599 630   OH3FM            599  308     0
QSO:   21083 RY 2026-02-14 1036 IQ9RG            599 631   DF1DT            599  031     0
QSO:   21083 RY 2026-02-14 1037 IQ9RG            599 632   DF5TV            599  039     0
QSO:   21083 RY 2026-02-14 1038 IQ9RG            599 633   RA9AU            599  224     0
QSO:   21083 RY 2026-02-14 1038 IQ9RG            599 634   R6OF             599  082     0
QSO:   21083 RY 2026-02-14 1039 IQ9RG            599 635   OK2WY            599  222     0
QSO:   21083 RY 2026-02-14 1040 IQ9RG            599 636   DL1EJD           599  044     0
QSO:   21083 RY 2026-02-14 1041 IQ9RG            599 637   DF3TZ            599  006     0
QSO:   21083 RY 2026-02-14 1041 IQ9RG            599 638   DJ3DQ            599  015     0
QSO:   21083 RY 2026-02-14 1042 IQ9RG            599 639   SI3A             599  079     0
QSO:   21083 RY 2026-02-14 1043 IQ9RG            599 640   YO6HSU           599  102     0
QSO:   21083 RY 2026-02-14 1045 IQ9RG            599 641   LM2G             599  050     0
QSO:   21083 RY 2026-02-14 1046 IQ9RG            599 642   LC6A             599  011     0
QSO:   21083 RY 2026-02-14 1047 IQ9RG            599 643   EA2ESU           599  059     0
QSO:   21083 RY 2026-02-14 1048 IQ9RG            599 644   DK1X             599  174     0
QSO:   21083 RY 2026-02-14 1049 IQ9RG            599 645   DL7VX            599  044     0
QSO:   21083 RY 2026-02-14 1050 IQ9RG            599 646   G3Z              599  088     0
QSO:   21083 RY 2026-02-14 1052 IQ9RG            599 647   US3EW            599  039     0
QSO:   21083 RY 2026-02-14 1053 IQ9RG            599 648   PE1T             599  009     0
QSO:   21083 RY 2026-02-14 1053 IQ9RG            599 649   DL5YM            599  126     0
QSO:   21083 RY 2026-02-14 1054 IQ9RG            599 650   GW0RAD           599  010     0
QSO:   21083 RY 2026-02-14 1056 IQ9RG            599 651   YO3DAC           599  058     0
QSO:   21083 RY 2026-02-14 1057 IQ9RG            599 652   DM3W             599  016     0
QSO:   21083 RY 2026-02-14 1057 IQ9RG            599 653   DL5YAS           599  039     0
QSO:   21083 RY 2026-02-14 1058 IQ9RG            599 654   F4GYM            599  654     0
QSO:   21083 RY 2026-02-14 1058 IQ9RG            599 655   2E0CVN           599  078     0
QSO:   21083 RY 2026-02-14 1059 IQ9RG            599 656   DQ1P             599  101     0
QSO:   21083 RY 2026-02-14 1101 IQ9RG            599 658   UZ2HZ            599  207     0
QSO:   14124 RY 2026-02-14 1103 IQ9RG            599 657   LY5W             599  210     0
QSO:   21083 RY 2026-02-14 1103 IQ9RG            599 659   DA1A             599  246     0
QSO:   21083 RY 2026-02-14 1104 IQ9RG            599 660   RZ4AZ            599  064     0
QSO:   21083 RY 2026-02-14 1105 IQ9RG            599 661   OM5CD            599  125     0
QSO:   21083 RY 2026-02-14 1106 IQ9RG            599 662   GE7RTI           599  055     0
QSO:   21083 RY 2026-02-14 1106 IQ9RG            599 663   GW5P             599  002     0
QSO:   21083 RY 2026-02-14 1108 IQ9RG            599 664   DJ1OJ            599  107     0
QSO:   21083 RY 2026-02-14 1108 IQ9RG            599 665   EA4FME           599  115     0
QSO:   21083 RY 2026-02-14 1109 IQ9RG            599 666   DK5QN            599  012     0
QSO:   21083 RY 2026-02-14 1111 IQ9RG            599 667   YO5YM            599  091     0
QSO:   21085 RY 2026-02-14 1113 IQ9RG            599 668   SP9DWV           599  016     0
QSO:   21094 RY 2026-02-14 1116 IQ9RG            599 669   HF3A             599  017     0
QSO:   21094 RY 2026-02-14 1117 IQ9RG            599 670   R6KX             599  047     0
QSO:   21094 RY 2026-02-14 1118 IQ9RG            599 671   RW8T/1           599  029     0
QSO:   21094 RY 2026-02-14 1118 IQ9RG            599 672   DJ9KM            599  062     0
QSO:   21094 RY 2026-02-14 1119 IQ9RG            599 673   DL2VER           599  055     0
QSO:   21094 RY 2026-02-14 1119 IQ9RG            599 674   RY3PAE           599  133     0
QSO:   21094 RY 2026-02-14 1120 IQ9RG            599 675   ON3NYL           599  084     0
QSO:   21094 RY 2026-02-14 1121 IQ9RG            599 676   DK2VM            599  050     0
QSO:   21094 RY 2026-02-14 1122 IQ9RG            599 677   G4ZFE            599  108     0
QSO:   21094 RY 2026-02-14 1123 IQ9RG            599 678   YL2NK            599  233     0
QSO:   21094 RY 2026-02-14 1124 IQ9RG            599 679   OK2HFC           599  122     0
QSO:   21094 RY 2026-02-14 1124 IQ9RG            599 680   PA6AA            599  101     0
QSO:   21094 RY 2026-02-14 1125 IQ9RG            599 681   HB3YLB           599  032     0
QSO:   21094 RY 2026-02-14 1126 IQ9RG            599 682   G4CXQ            599  025     0
QSO:   21094 RY 2026-02-14 1128 IQ9RG            599 683   R0UBH            599  225     0
QSO:   21094 RY 2026-02-14 1128 IQ9RG            599 684   G0C              599  005     0
QSO:   21094 RY 2026-02-14 1129 IQ9RG            599 685   G0FGI            599  140     0
QSO:   21094 RY 2026-02-14 1132 IQ9RG            599 686   US1VM            599  083     0
QSO:   21094 RY 2026-02-14 1132 IQ9RG            599 687   ON9TT            599  055     0
QSO:   21094 RY 2026-02-14 1133 IQ9RG            599 688   OK1FFA           599  003     0
QSO:   21094 RY 2026-02-14 1134 IQ9RG            599 689   EF1Z             599  227     0
QSO:   21094 RY 2026-02-14 1134 IQ9RG            599 690   F6AUS            599  014     0
QSO:   21094 RY 2026-02-14 1135 IQ9RG            599 691   SN6U             599  053     0
QSO:   21094 RY 2026-02-14 1136 IQ9RG            599 692   DA6KK            599  103     0
QSO:   21094 RY 2026-02-14 1137 IQ9RG            599 693   GE1P             599  172     0
QSO:   21094 RY 2026-02-14 1139 IQ9RG            599 694   US4UU            599  029     0
QSO:   21094 RY 2026-02-14 1140 IQ9RG            599 695   OM5KM            599  173     0
QSO:   21094 RY 2026-02-14 1141 IQ9RG            599 696   JJ1VEZ           599  036     0
QSO:   21094 RY 2026-02-14 1142 IQ9RG            599 697   RD0A             599  300     0
QSO:   21097 RY 2026-02-14 1147 IQ9RG            599 698   OK1AUO           599  013     0
QSO:   21097 RY 2026-02-14 1148 IQ9RG            599 699   SN5WD            599  064     0
QSO:   21097 RY 2026-02-14 1149 IQ9RG            599 700   TA3CKY           599  035     0
QSO:   21097 RY 2026-02-14 1150 IQ9RG            599 701   JH2MYN           599  018     0
QSO:   21097 RY 2026-02-14 1150 IQ9RG            599 702   DL6DH            599  194     0
QSO:   21097 RY 2026-02-14 1151 IQ9RG            599 703   OK1MDK           599  158     0
QSO:   21097 RY 2026-02-14 1153 IQ9RG            599 704   SP3JIA           599  028     0
QSO:   21097 RY 2026-02-14 1154 IQ9RG            599 705   DL0CW            599  013     0
QSO:   21097 RY 2026-02-14 1156 IQ9RG            599 706   F5TLF            599  121     0
QSO:   21088 RY 2026-02-14 1158 IQ9RG            599 707   9A1A             599  303     0
QSO:   21100 RY 2026-02-14 1159 IQ9RG            599 708   4O3A             599  247     0
QSO:   21082 RY 2026-02-14 1201 IQ9RG            599 709   EC1DBO           599  309     0
QSO:   21107 RY 2026-02-14 1203 IQ9RG            599 710   OM3CW            599  116     0
QSO:   21122 RY 2026-02-14 1205 IQ9RG            599 711   YL2KO            599  136     0
QSO:   21086 RY 2026-02-14 1205 IQ9RG            599 712   S58M             599  134     0
QSO:   21103 RY 2026-02-14 1206 IQ9RG            599 713   SP0I             599  064     0
QSO:   21113 RY 2026-02-14 1207 IQ9RG            599 714   II9I             599  202     0
QSO:   21091 RY 2026-02-14 1208 IQ9RG            599 715   IU4CHE           599  138     0
QSO:   21093 RY 2026-02-14 1212 IQ9RG            599 716   DL6EZ            599  069     0
QSO:   21093 RY 2026-02-14 1213 IQ9RG            599 717   DK0HB            599  007     0
QSO:   21093 RY 2026-02-14 1213 IQ9RG            599 718   G6D              599  048     0
QSO:   21093 RY 2026-02-14 1215 IQ9RG            599 719   RU3XW            599  103     0
QSO:   21093 RY 2026-02-14 1216 IQ9RG            599 720   G0GFQ            599  050     0
QSO:   21093 RY 2026-02-14 1217 IQ9RG            599 721   M2E              599  029     0
QSO:   21093 RY 2026-02-14 1217 IQ9RG            599 722   YO3RU            599  204     0
QSO:   21093 RY 2026-02-14 1218 IQ9RG            599 723   IZ3NVR           599  086     0
QSO:   21093 RY 2026-02-14 1218 IQ9RG            599 724   R0OO             599  065     0
QSO:   21093 RY 2026-02-14 1219 IQ9RG            599 725   LY7W             599  247     0
QSO:   21093 RY 2026-02-14 1220 IQ9RG            599 726   UT0CK            599  079     0
QSO:   21104 RY 2026-02-14 1221 IQ9RG            599 727   IQ0TE            599  266     0
QSO:   21103 RY 2026-02-14 1225 IQ9RG            599 728   R6SH             599  068     0
QSO:   21102 RY 2026-02-14 1229 IQ9RG            599 729   KD9MS            599  002     0
QSO:   21102 RY 2026-02-14 1229 IQ9RG            599 730   SM5DXR           599  730     0
QSO:   21102 RY 2026-02-14 1230 IQ9RG            599 731   SN5Z             599  068     0
QSO:   21102 RY 2026-02-14 1231 IQ9RG            599 732   LY5DX            599  042     0
QSO:   21102 RY 2026-02-14 1236 IQ9RG            599 733   DP6A             599  483     0
QSO:   21102 RY 2026-02-14 1237 IQ9RG            599 734   SE6K             599  185     0
QSO:   21102 RY 2026-02-14 1238 IQ9RG            599 735   ZV2SP            599  140     0
QSO:   21102 RY 2026-02-14 1238 IQ9RG            599 736   VE2EZD           599  091     0
QSO:   21102 RY 2026-02-14 1240 IQ9RG            599 737   RY3ABK           599  133     0
QSO:   21102 RY 2026-02-14 1241 IQ9RG            599 738   DM4X             599  662     0
QSO:   21102 RY 2026-02-14 1244 IQ9RG            599 739   W1AW/1           599  019     0
QSO:   21102 RY 2026-02-14 1244 IQ9RG            599 740   PF88ANT          599  063     0
QSO:   21102 RY 2026-02-14 1245 IQ9RG            599 741   M8JLZ            599  008     0
QSO:   21102 RY 2026-02-14 1245 IQ9RG            599 742   K9CT             599  062     0
QSO:   21102 RY 2026-02-14 1247 IQ9RG            599 743   WM9G             599  035     0
QSO:   21102 RY 2026-02-14 1247 IQ9RG            599 744   PH3WQK           599  167     0
QSO:   21102 RY 2026-02-14 1248 IQ9RG            599 745   PH3BDJ           599  167     0
QSO:   21102 RY 2026-02-14 1248 IQ9RG            599 746   AC5XK            599  153     0
QSO:   21102 RY 2026-02-14 1249 IQ9RG            599 747   RU5X             599  148     0
QSO:   21102 RY 2026-02-14 1251 IQ9RG            599 748   OK2EA            599  096     0
QSO:   21102 RY 2026-02-14 1252 IQ9RG            599 749   AC9S             599  269     0
QSO:   21102 RY 2026-02-14 1253 IQ9RG            599 750   SP2FOV           599  005     0
QSO:   21102 RY 2026-02-14 1254 IQ9RG            599 751   DK0GYB           599  003     0
QSO:   21102 RY 2026-02-14 1257 IQ9RG            599 752   HG60IPA          599  014     0
QSO:   21102 RY 2026-02-14 1258 IQ9RG            599 753   RV3ZN            599  298     0
QSO:   21102 RY 2026-02-14 1258 IQ9RG            599 754   OH2HAN           599  258     0
QSO:   21102 RY 2026-02-14 1259 IQ9RG            599 755   DK2AT            599  112     0
QSO:   21102 RY 2026-02-14 1259 IQ9RG            599 756   GW5L             599  166     0
QSO:   21102 RY 2026-02-14 1300 IQ9RG            599 757   N9LYE            599  038     0
QSO:   21102 RY 2026-02-14 1302 IQ9RG            599 758   SQ8YHF           599  223     0
QSO:   21102 RY 2026-02-14 1303 IQ9RG            599 759   DJ9DZ            599  538     0
QSO:   21102 RY 2026-02-14 1304 IQ9RG            599 760   ES5JR            599  016     0
QSO:   21102 RY 2026-02-14 1305 IQ9RG            599 761   F6CAX            599  008     0
QSO:   21102 RY 2026-02-14 1306 IQ9RG            599 762   ON8NT            599  026     0
QSO:   21102 RY 2026-02-14 1307 IQ9RG            599 763   WA1ONB           599  163     0
QSO:   21102 RY 2026-02-14 1308 IQ9RG            599 764   OK6CX            599  079     0
QSO:   21102 RY 2026-02-14 1310 IQ9RG            599 765   DG2BWG           599  091     0
QSO:   21102 RY 2026-02-14 1310 IQ9RG            599 766   OK2WMC           599  130     0
QSO:   21102 RY 2026-02-14 1312 IQ9RG            599 767   DF8JK            599  102     0
QSO:   21102 RY 2026-02-14 1312 IQ9RG            599 768   DO8XC            599  023     0
QSO:   21102 RY 2026-02-14 1313 IQ9RG            599 769   N1NN             599  033     0
QSO:   21102 RY 2026-02-14 1314 IQ9RG            599 770   AK3B             599  049     0
QSO:   21102 RY 2026-02-14 1315 IQ9RG            599 771   DL5ARM           599  053     0
QSO:   21102 RY 2026-02-14 1316 IQ9RG            599 772   SE4E             599  401     0
QSO:   21102 RY 2026-02-14 1316 IQ9RG            599 773   G4JBA            599  029     0
QSO:   21102 RY 2026-02-14 1317 IQ9RG            599 774   LA2XNA           599  021     0
QSO:   21102 RY 2026-02-14 1317 IQ9RG            599 775   DK9DA            599  037     0
QSO:   21102 RY 2026-02-14 1318 IQ9RG            599 776   DL2YA            599  041     0
QSO:   21102 RY 2026-02-14 1319 IQ9RG            599 777   YC2KDU           599  026     0
QSO:   21102 RY 2026-02-14 1320 IQ9RG            599 778   W1ARY            599  075     0
QSO:   21102 RY 2026-02-14 1320 IQ9RG            599 780   AA3R             599  179     0
QSO:   21112 RY 2026-02-14 1321 IQ9RG            599 779   EX9A             599  789     0
QSO:   21102 RY 2026-02-14 1321 IQ9RG            599 781   K0YR             599  207     0
QSO:   21102 RY 2026-02-14 1321 IQ9RG            599 782   K2QB             599  078     0
QSO:   21102 RY 2026-02-14 1322 IQ9RG            599 783   KB0V             599  274     0
QSO:   21119 RY 2026-02-14 1322 IQ9RG            599 784   4L/S53EL         599  458     0
QSO:   21080 RY 2026-02-14 1323 IQ9RG            599 786   C4E              599  852     0
QSO:   21102 RY 2026-02-14 1324 IQ9RG            599 785   DG1LJP           599  044     0
QSO:   21102 RY 2026-02-14 1324 IQ9RG            599 787   SM6LPG           599  090     0
QSO:   21102 RY 2026-02-14 1326 IQ9RG            599 788   W1AJT            599  074     0
QSO:   21102 RY 2026-02-14 1327 IQ9RG            599 790   K9UC             599  202     0
QSO:   21105 RY 2026-02-14 1328 IQ9RG            599 789   OL0W             599  163     0
QSO:   21103 RY 2026-02-14 1329 IQ9RG            599 792   OH8RA            599  087     0
QSO:   21085 RY 2026-02-14 1331 IQ9RG            599 793   OH7L             599  138     0
QSO:   21102 RY 2026-02-14 1332 IQ9RG            599 791   DF4ZL            599  283     0
QSO:   21102 RY 2026-02-14 1333 IQ9RG            599 795   SP2HHX           599  113     0
QSO:   21087 RY 2026-02-14 1334 IQ9RG            599 794   YU9A             599  320     0
QSO:   21102 RY 2026-02-14 1335 IQ9RG            599 796   DO1SKO           599  001     0
QSO:   21102 RY 2026-02-14 1335 IQ9RG            599 797   AA4R             599  224     0
QSO:   21092 RY 2026-02-14 1336 IQ9RG            599 798   ER4A             599  168     0
QSO:   21102 RY 2026-02-14 1337 IQ9RG            599 799   DL8TG            599  395     0
QSO:   21081 RY 2026-02-14 1337 IQ9RG            599 800   RC5Z             599  314     0
QSO:   21102 RY 2026-02-14 1337 IQ9RG            599 801   LA6IHA           599  009     0
QSO:   21102 RY 2026-02-14 1338 IQ9RG            599 802   WW4R             599  328     0
QSO:   21102 RY 2026-02-14 1341 IQ9RG            599 803   F6CDX            599  035     0
QSO:   21133 RY 2026-02-14 1342 IQ9RG            599 804   IT9STX           599  135     0
QSO:   21120 RY 2026-02-14 1344 IQ9RG            599 805   G8X              599  343     0
QSO:   21102 RY 2026-02-14 1345 IQ9RG            599 806   AC8Y             599  426     0
QSO:   21125 RY 2026-02-14 1346 IQ9RG            599 807   GM4FDM           599  138     0
QSO:   21102 RY 2026-02-14 1346 IQ9RG            599 808   DD1LD            599  023     0
QSO:   21102 RY 2026-02-14 1347 IQ9RG            599 809   KC3ECO           599  050     0
QSO:   21102 RY 2026-02-14 1348 IQ9RG            599 811   F4IZC            599  018     0
QSO:   21125 RY 2026-02-14 1348 IQ9RG            599 812   DR800WE          599  159     0
QSO:   21102 RY 2026-02-14 1349 IQ9RG            599 813   SA6U             599  101     0
QSO:   21136 RY 2026-02-14 1349 IQ9RG            599 814   TF3AO            599  110     0
QSO:   21102 RY 2026-02-14 1349 IQ9RG            599 815   W1BOY            599  084     0
QSO:   21102 RY 2026-02-14 1350 IQ9RG            599 816   DJ5FS            599  011     0
QSO:   21102 RY 2026-02-14 1351 IQ9RG            599 817   LA9TY            599  024     0
QSO:   21102 RY 2026-02-14 1353 IQ9RG            599 818   WA1HXH           599  027     0
QSO:   21102 RY 2026-02-14 1353 IQ9RG            599 819   DR3K             599  223     0
QSO:   21102 RY 2026-02-14 1354 IQ9RG            599 820   TI1E             599  164     0
QSO:   21102 RY 2026-02-14 1357 IQ9RG            599 821   KB1EFS/2         599  227     0
QSO:   21102 RY 2026-02-14 1358 IQ9RG            599 824   EA4BAS           599  248     0
QSO:   21100 RY 2026-02-14 1359 IQ9RG            599 825   OU2X             599  209     0
QSO:   21102 RY 2026-02-14 1400 IQ9RG            599 826   YQ6A             599  670     0
QSO:   21113 RY 2026-02-14 1400 IQ9RG            599 827   LN8W             599  425     0
QSO:   21102 RY 2026-02-14 1401 IQ9RG            599 828   OE5TXF           599  104     0
QSO:   21122 RY 2026-02-14 1402 IQ9RG            599 829   DN0UKW           599  084     0
QSO:   21079 RY 2026-02-14 1403 IQ9RG            599 830   DL3BQA           599  363     0
QSO:   21102 RY 2026-02-14 1403 IQ9RG            599 831   DH6BH            599  200     0
QSO:   21138 RY 2026-02-14 1404 IQ9RG            599 832   OR7G             599  259     0
QSO:   21102 RY 2026-02-14 1405 IQ9RG            599 833   DL5DTG           599  225     0
QSO:   21102 RY 2026-02-14 1406 IQ9RG            599 834   WV4P             599  242     0
QSO:   21091 RY 2026-02-14 1407 IQ9RG            599 835   NG1R             599  045     0
QSO:   21102 RY 2026-02-14 1409 IQ9RG            599 837   YB8EAR           599  174     0
QSO:   21102 RY 2026-02-14 1410 IQ9RG            599 838   WB2PJH           599  188     0
QSO:   21102 RY 2026-02-14 1411 IQ9RG            599 839   YO9HP            599  797     0
QSO:   21102 RY 2026-02-14 1411 IQ9RG            599 840   N5SMQ            599  213     0
QSO:   21102 RY 2026-02-14 1412 IQ9RG            599 841   KA2KON           599  088     0
QSO:   21102 RY 2026-02-14 1414 IQ9RG            599 842   N9TF             599  227     0
QSO:   21102 RY 2026-02-14 1414 IQ9RG            599 843   UT5CL            599  050     0
QSO:   21102 RY 2026-02-14 1415 IQ9RG            599 844   WW3S             599  154     0
QSO:   21102 RY 2026-02-14 1416 IQ9RG            599 845   DL8LR            599  024     0
QSO:   21102 RY 2026-02-14 1417 IQ9RG            599 846   DB5FW            599  013     0
QSO:   21102 RY 2026-02-14 1417 IQ9RG            599 847   DJ3GE            599  011     0
QSO:   21102 RY 2026-02-14 1418 IQ9RG            599 848   IK2AHB           599  010     0
QSO:   21102 RY 2026-02-14 1419 IQ9RG            599 849   IU8RQW           599  083     0
QSO:   21102 RY 2026-02-14 1420 IQ9RG            599 850   WJ2D             599  182     0
QSO:   21102 RY 2026-02-14 1420 IQ9RG            599 851   RV3DBK           599  119     0
QSO:   21102 RY 2026-02-14 1421 IQ9RG            599 852   DG0KS            599  077     0
QSO:   21102 RY 2026-02-14 1422 IQ9RG            599 853   F4IRV            599  041     0
QSO:   21102 RY 2026-02-14 1422 IQ9RG            599 854   RA3TT            599  191     0
QSO:   21102 RY 2026-02-14 1423 IQ9RG            599 855   N2KI             599  326     0
QSO:   21102 RY 2026-02-14 1424 IQ9RG            599 856   DF1VB            599  009     0
QSO:   21102 RY 2026-02-14 1424 IQ9RG            599 857   SM5MX            599  088     0
QSO:   21102 RY 2026-02-14 1425 IQ9RG            599 858   K3WJV            599  277     0
QSO:   21102 RY 2026-02-14 1426 IQ9RG            599 859   W2NO             599  100     0
QSO:   21102 RY 2026-02-14 1426 IQ9RG            599 860   KC9K             599  114     0
QSO:   21102 RY 2026-02-14 1428 IQ9RG            599 861   DJ4WT            599  157     0
QSO:   21102 RY 2026-02-14 1429 IQ9RG            599 862   AA9L             599  041     0
QSO:   21102 RY 2026-02-14 1430 IQ9RG            599 863   KZ7X             599  520     0
QSO:   21102 RY 2026-02-14 1434 IQ9RG            599 864   K0MPH            599  035     0
QSO:   21102 RY 2026-02-14 1435 IQ9RG            599 865   G4SGI            599  129     0
QSO:   21102 RY 2026-02-14 1436 IQ9RG            599 866   N2RC             599  112     0
QSO:   21102 RY 2026-02-14 1437 IQ9RG            599 867   K7JQ             599  216     0
QSO:   21102 RY 2026-02-14 1438 IQ9RG            599 868   S51A             599  530     0
QSO:   21102 RY 2026-02-14 1439 IQ9RG            599 869   NR4M             599  499     0
QSO:   21102 RY 2026-02-14 1439 IQ9RG            599 870   OK1HEH           599  229     0
QSO:   21102 RY 2026-02-14 1440 IQ9RG            599 871   G3B              599  023     0
QSO:   21102 RY 2026-02-14 1441 IQ9RG            599 872   DA2026SKI        599  178     0
QSO:   21102 RY 2026-02-14 1441 IQ9RG            599 873   M9B              599  061     0
QSO:   21102 RY 2026-02-14 1443 IQ9RG            599 874   UA9XL            599  165     0
QSO:   21102 RY 2026-02-14 1444 IQ9RG            599 875   DL5CV            599  105     0
QSO:   21102 RY 2026-02-14 1445 IQ9RG            599 876   DK2LO            599  170     0
QSO:   21102 RY 2026-02-14 1446 IQ9RG            599 877   IW3IFJ           599  299     0
QSO:   21102 RY 2026-02-14 1448 IQ9RG            599 878   N0OK             599  141     0
QSO:   21102 RY 2026-02-14 1449 IQ9RG            599 879   SP3QDX           599  049     0
QSO:   21102 RY 2026-02-14 1450 IQ9RG            599 880   SM6MVE           599  084     0
QSO:   21102 RY 2026-02-14 1451 IQ9RG            599 881   UR5LY            599  190     0
QSO:   21102 RY 2026-02-14 1452 IQ9RG            599 882   G4DDL            599  120     0
QSO:   21102 RY 2026-02-14 1452 IQ9RG            599 883   DL1YFS           599  164     0
QSO:   21102 RY 2026-02-14 1454 IQ9RG            599 884   RA3V             599  053     0
QSO:   21102 RY 2026-02-14 1500 IQ9RG            599 886   F5TYY            599  015     0
QSO:   28085 RY 2026-02-14 1501 IQ9RG            599 885   ZV5PR            599  234     0
QSO:   28092 RY 2026-02-14 1506 IQ9RG            599 887   IK8NSR           599  051     0
QSO:   28125 RY 2026-02-14 1510 IQ9RG            599 888   II2S             599  220     0
QSO:   28128 RY 2026-02-14 1512 IQ9RG            599 890   MM0AMW           599  036     0
QSO:   28123 RY 2026-02-14 1514 IQ9RG            599 889   HK1T             599  357     0
QSO:   28084 RY 2026-02-14 1514 IQ9RG            599 891   KW7MM            599  128     0
QSO:   28090 RY 2026-02-14 1516 IQ9RG            599 892   P49X             599  1215    0
QSO:   28116 RY 2026-02-14 1517 IQ9RG            599 893   W7II             599  325     0
QSO:   28115 RY 2026-02-14 1518 IQ9RG            599 894   NY6DX            599  062     0
QSO:   28123 RY 2026-02-14 1518 IQ9RG            599 895   XE2X             599  112     0
QSO:   28118 RY 2026-02-14 1520 IQ9RG            599 896   K4RUM            599  298     0
QSO:   28096 RY 2026-02-14 1521 IQ9RG            599 897   AZ1D             599  378     0
QSO:   28103 RY 2026-02-14 1522 IQ9RG            599 898   K4WI             599  165     0
QSO:   28102 RY 2026-02-14 1523 IQ9RG            599 900   V31MA            599  250     0
QSO:   28083 RY 2026-02-14 1525 IQ9RG            599 899   XM2X             599  059     0
QSO:   28122 RY 2026-02-14 1526 IQ9RG            599 901   4T4O             599  387     0
QSO:   28144 RY 2026-02-14 1528 IQ9RG            599 902   OX3LX            599  087     0
QSO:   28108 RY 2026-02-14 1530 IQ9RG            599 903   FY5KE            599  394     0
QSO:   28109 RY 2026-02-14 1531 IQ9RG            599 904   DR1X             599  190     0
QSO:   28119 RY 2026-02-14 1532 IQ9RG            599 905   ZV1RJ            599  557     0
QSO:   28093 RY 2026-02-14 1532 IQ9RG            599 906   PY3TD            599  123     0
QSO:   28121 RY 2026-02-14 1533 IQ9RG            599 907   WC3N             599  013     0
QSO:   28135 RY 2026-02-14 1533 IQ9RG            599 908   CA6SNT           599  071     0
QSO:   28138 RY 2026-02-14 1537 IQ9RG            599 910   ZX2B             599  290     0
QSO:   28113 RY 2026-02-14 1539 IQ9RG            599 909   KI1G             599  130     0
QSO:   28082 RY 2026-02-14 1539 IQ9RG            599 911   PZ5RA            599  262     0
QSO:   28109 RY 2026-02-14 1541 IQ9RG            599 912   VE3DZ            599  202     0
QSO:   28096 RY 2026-02-14 1542 IQ9RG            599 913   K3CCR            599  036     0
QSO:   28097 RY 2026-02-14 1543 IQ9RG            599 914   K0ZR             599  531     0
QSO:   28114 RY 2026-02-14 1544 IQ9RG            599 916   AE1P             599  226     0
QSO:   28126 RY 2026-02-14 1545 IQ9RG            599 917   KS2G             599  013     0
QSO:   28117 RY 2026-02-14 1551 IQ9RG            599 915   EA8DED           599  492     0
QSO:   28101 RY 2026-02-14 1553 IQ9RG            599 919   NM4AA            599  095     0
QSO:   28097 RY 2026-02-14 1554 IQ9RG            599 918   LC5W             599  087     0
QSO:   28093 RY 2026-02-14 1555 IQ9RG            599 920   NW3L             599  032     0
QSO:   28124 RY 2026-02-14 1556 IQ9RG            599 921   WK1Q             599  613     0
QSO:   28113 RY 2026-02-14 1557 IQ9RG            599 922   KB1W             599  102     0
QSO:   28097 RY 2026-02-14 1557 IQ9RG            599 923   NT5V             599  045     0
QSO:   28138 RY 2026-02-14 1559 IQ9RG            599 924   AI9T             599  294     0
QSO:   28104 RY 2026-02-14 1600 IQ9RG            599 925   AB0CD            599  269     0
QSO:   28102 RY 2026-02-14 1602 IQ9RG            599 926   VA3FF            599  070     0
QSO:   28102 RY 2026-02-14 1603 IQ9RG            599 927   AA7V             599  156     0
QSO:   28102 RY 2026-02-14 1603 IQ9RG            599 928   W3DQS            599  157     0
QSO:   28102 RY 2026-02-14 1604 IQ9RG            599 929   LU1EHX           599  384     0
QSO:   28102 RY 2026-02-14 1605 IQ9RG            599 930   NY1V             599  050     0
QSO:   28102 RY 2026-02-14 1605 IQ9RG            599 931   WW4R             599  415     0
QSO:   28102 RY 2026-02-14 1606 IQ9RG            599 932   KA3KHZ           599  083     0
QSO:   28102 RY 2026-02-14 1607 IQ9RG            599 933   ND2T             599  163     0
QSO:   28102 RY 2026-02-14 1608 IQ9RG            599 934   WB0N             599  076     0
QSO:   28102 RY 2026-02-14 1608 IQ9RG            599 935   KA2D             599  004     0
QSO:   28102 RY 2026-02-14 1609 IQ9RG            599 936   K7WP             599  196     0
QSO:   28102 RY 2026-02-14 1609 IQ9RG            599 937   K0AE             599  041     0
QSO:   28102 RY 2026-02-14 1611 IQ9RG            599 938   NT9E             599  068     0
QSO:   28102 RY 2026-02-14 1611 IQ9RG            599 939   KI9A             599  092     0
QSO:   28102 RY 2026-02-14 1612 IQ9RG            599 940   IO6T             599  236     0
QSO:   28102 RY 2026-02-14 1613 IQ9RG            599 941   VE3KTB           599  207     0
QSO:   28102 RY 2026-02-14 1614 IQ9RG            599 942   WA2HYO           599  007     0
QSO:   28102 RY 2026-02-14 1614 IQ9RG            599 943   W9ZV             599  020     0
QSO:   28102 RY 2026-02-14 1618 IQ9RG            599 944   DL6EL            599  014     0
QSO:   28102 RY 2026-02-14 1619 IQ9RG            599 945   W8JGU            599  032     0
QSO:   28102 RY 2026-02-14 1619 IQ9RG            599 946   AA4DD            599  245     0
QSO:   28102 RY 2026-02-14 1620 IQ9RG            599 947   NW0M             599  036     0
QSO:   28102 RY 2026-02-14 1621 IQ9RG            599 948   N5VU             599  194     0
QSO:   28102 RY 2026-02-14 1622 IQ9RG            599 949   K0MPH            599  076     0
QSO:   28102 RY 2026-02-14 1622 IQ9RG            599 950   AD8B             599  143     0
QSO:   28102 RY 2026-02-14 1623 IQ9RG            599 951   N9SB             599  062     0
QSO:   28102 RY 2026-02-14 1624 IQ9RG            599 952   K9PW             599  193     0
QSO:   28102 RY 2026-02-14 1626 IQ9RG            599 953   ZV2SP            599  232     0
QSO:   28102 RY 2026-02-14 1626 IQ9RG            599 954   WA4GUD           599  077     0
QSO:   28102 RY 2026-02-14 1628 IQ9RG            599 955   KB3VQC           599  064     0
QSO:   28102 RY 2026-02-14 1628 IQ9RG            599 956   W9FY             599  169     0
QSO:   28102 RY 2026-02-14 1629 IQ9RG            599 957   N0AJN            599  037     0
QSO:   28102 RY 2026-02-14 1629 IQ9RG            599 958   K9CW             599  117     0
QSO:   28102 RY 2026-02-14 1630 IQ9RG            599 959   NF0N             599  127     0
QSO:   28102 RY 2026-02-14 1630 IQ9RG            599 960   N4IQ             599  305     0
QSO:   28102 RY 2026-02-14 1631 IQ9RG            599 961   KZ7X             599  652     0
QSO:   28102 RY 2026-02-14 1631 IQ9RG            599 962   K9CT             599  962     0
QSO:   28094 RY 2026-02-14 1633 IQ9RG            599 963   WV6I             599  544     0
QSO:   28104 RY 2026-02-14 1635 IQ9RG            599 964   VY2LI            599  103     0
QSO:   28131 RY 2026-02-14 1639 IQ9RG            599 965   K0AP             599  107     0
QSO:   28089 RY 2026-02-14 1641 IQ9RG            599 966   5K3W             599  166     0
QSO:   28118 RY 2026-02-14 1643 IQ9RG            599 968   4M5A             599  113     0
QSO:   28100 RY 2026-02-14 1646 IQ9RG            599 967   IB9X             599  342     0
QSO:   28103 RY 2026-02-14 1646 IQ9RG            599 969   L33M             599  040     0
QSO:   28099 RY 2026-02-14 1649 IQ9RG            599 971   AD5XD            599  502     0
QSO:   28099 RY 2026-02-14 1649 IQ9RG            599 972   AA3B             599  1254    0
QSO:   28099 RY 2026-02-14 1650 IQ9RG            599 973   K3YDX            599  010     0
QSO:   28099 RY 2026-02-14 1651 IQ9RG            599 974   TI2OY            599  237     0
QSO:   28099 RY 2026-02-14 1652 IQ9RG            599 975   K3WJV            599  398     0
QSO:   28099 RY 2026-02-14 1652 IQ9RG            599 976   WB0QLU           599  099     0
QSO:   28099 RY 2026-02-14 1653 IQ9RG            599 978   WB2NFL           599  005     0
QSO:   21098 RY 2026-02-14 1654 IQ9RG            599 977   K6RIM            599  102     0
QSO:   28099 RY 2026-02-14 1654 IQ9RG            599 979   AD2BO            599  112     0
QSO:   28099 RY 2026-02-14 1655 IQ9RG            599 980   N3VLF            599  057     0
QSO:   21098 RY 2026-02-14 1655 IQ9RG            599 981   N2HMM            599  468     0
QSO:   21098 RY 2026-02-14 1656 IQ9RG            599 983   K3ANI            599  059     0
QSO:   21101 RY 2026-02-14 1659 IQ9RG            599 984   AD7JP            599  603     0
QSO:   21105 RY 2026-02-14 1700 IQ9RG            599 836   IZ8XXE           599  100     0
QSO:   21101 RY 2026-02-14 1701 IQ9RG            599 985   VE3UZX           599  093     0
QSO:   21101 RY 2026-02-14 1701 IQ9RG            599 986   VE6LQ            599  030     0
QSO:   21101 RY 2026-02-14 1702 IQ9RG            599 987   KS4YX            599  105     0
QSO:   21101 RY 2026-02-14 1703 IQ9RG            599 988   AA0FO            599  408     0
QSO:   21101 RY 2026-02-14 1704 IQ9RG            599 990   KA3DCO           599  019     0
QSO:   21101 RY 2026-02-14 1704 IQ9RG            599 991   WM7A             599  172     0
QSO:   21101 RY 2026-02-14 1705 IQ9RG            599 992   WB8SKP           599  163     0
QSO:   21101 RY 2026-02-14 1706 IQ9RG            599 993   N8CC             599  071     0
QSO:   21101 RY 2026-02-14 1707 IQ9RG            599 995   K0TC             599  165     0
QSO:   21101 RY 2026-02-14 1707 IQ9RG            599 996   WA0WWW           599  126     0
QSO:   21101 RY 2026-02-14 1708 IQ9RG            599 997   CO2AJ            599  088     0
QSO:   21101 RY 2026-02-14 1708 IQ9RG            599 998   KC9TZO           599  186     0
QSO:   21101 RY 2026-02-14 1709 IQ9RG            599 999   WB9VGO           599  050     0
QSO:   21101 RY 2026-02-14 1710 IQ9RG            599 1000  CR3W             599  1079    0
QSO:   21101 RY 2026-02-14 1711 IQ9RG            599 1001  AI9T             599  341     0
QSO:   21093 RY 2026-02-14 1713 IQ9RG            599 1002  AB3GY            599  058     0
QSO:   21093 RY 2026-02-14 1713 IQ9RG            599 1003  WB5JJJ           599  132     0
QSO:   21093 RY 2026-02-14 1714 IQ9RG            599 1004  N1RM             599  483     0
QSO:   21093 RY 2026-02-14 1716 IQ9RG            599 1005  S53K             599  239     0
QSO:   21093 RY 2026-02-14 1717 IQ9RG            599 1006  N7VGO            599  094     0
QSO:   21093 RY 2026-02-14 1719 IQ9RG            599 1007  N3QE             599  731     0
QSO:   21094 RY 2026-02-14 1722 IQ9RG            599 1008  VE6BMX           599  008     0
QSO:   21094 RY 2026-02-14 1725 IQ9RG            599 1009  NN5T             599  272     0
QSO:   21094 RY 2026-02-14 1725 IQ9RG            599 1010  N1WR             599  159     0
QSO:   21094 RY 2026-02-14 1726 IQ9RG            599 1011  NG6O             599  095     0
QSO:   21094 RY 2026-02-14 1729 IQ9RG            599 1013  AC3U             599  265     0
QSO:   21094 RY 2026-02-14 1730 IQ9RG            599 1014  SP6JZP           599  204     0
QSO:   21094 RY 2026-02-14 1733 IQ9RG            599 1015  KB9DVC           599  122     0
QSO:   21094 RY 2026-02-14 1733 IQ9RG            599 1016  W4TM             599  021     0
QSO:   21094 RY 2026-02-14 1734 IQ9RG            599 1017  KD2DVW           599  041     0
QSO:   21094 RY 2026-02-14 1734 IQ9RG            599 1018  N4IJ             599  024     0
QSO:   21094 RY 2026-02-14 1735 IQ9RG            599 1020  NT9E             599  092     0
QSO:   21094 RY 2026-02-14 1736 IQ9RG            599 1021  N5XE             599  036     0
QSO:   21094 RY 2026-02-14 1737 IQ9RG            599 1022  N9TK             599  064     0
QSO:   21094 RY 2026-02-14 1739 IQ9RG            599 1023  VE3NFN           599  128     0
QSO:   21094 RY 2026-02-14 1739 IQ9RG            599 1024  W9FY             599  211     0
QSO:   21094 RY 2026-02-14 1740 IQ9RG            599 1025  W7FN             599  032     0
QSO:   21094 RY 2026-02-14 1741 IQ9RG            599 1026  WB0KGN           599  045     0
QSO:   21094 RY 2026-02-14 1743 IQ9RG            599 1027  W9ILY            599  186     0
QSO:   21094 RY 2026-02-14 1744 IQ9RG            599 1028  AD5LU            599  222     0
QSO:   21094 RY 2026-02-14 1745 IQ9RG            599 1029  VE7LGP           599  109     0
QSO:   21094 RY 2026-02-14 1746 IQ9RG            599 1030  WO9B             599  042     0
QSO:   21094 RY 2026-02-14 1746 IQ9RG            599 1031  N3AM             599  168     0
QSO:   21094 RY 2026-02-14 1748 IQ9RG            599 1032  W7GES            599  135     0
QSO:   21094 RY 2026-02-14 1749 IQ9RG            599 1033  VE6RST           599  128     0
QSO:   21094 RY 2026-02-14 1754 IQ9RG            599 1034  K8RGI            599  026     0
QSO:   21094 RY 2026-02-14 1758 IQ9RG            599 1035  W6EU             599  417     0
QSO:   21094 RY 2026-02-14 1759 IQ9RG            599 1036  KE4KY            599  084     0
QSO:   21094 RY 2026-02-14 1759 IQ9RG            599 1037  ED8L             599  152     0
QSO:   21094 RY 2026-02-14 1802 IQ9RG            599 1038  AA3B             599  1381    0
QSO:   21094 RY 2026-02-14 1803 IQ9RG            599 1039  TY5GG            599  100     0
QSO:   21094 RY 2026-02-14 1806 IQ9RG            599 1040  W8CAR            599  072     0
QSO:   21094 RY 2026-02-14 1808 IQ9RG            599 1041  AA4DD            599  315     0
QSO:   21094 RY 2026-02-14 1811 IQ9RG            599 1042  KG9X             599  350     0
QSO:   21087 RY 2026-02-14 1822 IQ9RG            599 1043  KD7ND            599  684     0
QSO:    7068 RY 2026-02-14 1828 IQ9RG            599 1044  IU0TID           599  074     0
QSO:    7068 RY 2026-02-14 1829 IQ9RG            599 1045  OK1KKI           599  780     0
QSO:    7068 RY 2026-02-14 1829 IQ9RG            599 1046  DC1AVL           599  058     0
QSO:    7068 RY 2026-02-14 1830 IQ9RG            599 1047  DL1MBG           599  058     0
QSO:    7068 RY 2026-02-14 1830 IQ9RG            599 1048  DL5JS            599  496     0
QSO:    7068 RY 2026-02-14 1830 IQ9RG            599 1049  HA7MB            599  284     0
QSO:    7068 RY 2026-02-14 1831 IQ9RG            599 1050  S54Z             599  043     0
QSO:    7068 RY 2026-02-14 1832 IQ9RG            599 1051  SN5WD            599  169     0
QSO:    7068 RY 2026-02-14 1832 IQ9RG            599 1052  ON3NYL           599  173     0
QSO:    7068 RY 2026-02-14 1833 IQ9RG            599 1053  IZ5BSA           599  202     0
QSO:    7068 RY 2026-02-14 1834 IQ9RG            599 1054  HG1DBQ           599  048     0
QSO:    7068 RY 2026-02-14 1835 IQ9RG            599 1055  DA1EX            599  042     0
QSO:    7068 RY 2026-02-14 1836 IQ9RG            599 1056  DK4VW            599  286     0
QSO:    7068 RY 2026-02-14 1836 IQ9RG            599 1057  US7KC            599  237     0
QSO:    7068 RY 2026-02-14 1837 IQ9RG            599 1058  E28AM            599  303     0
QSO:    7068 RY 2026-02-14 1837 IQ9RG            599 1059  OE7XKJ           599  117     0
QSO:    7068 RY 2026-02-14 1838 IQ9RG            599 1060  LY7W             599  363     0
QSO:    7068 RY 2026-02-14 1840 IQ9RG            599 1061  JA1CSN           599  538     0
QSO:    7068 RY 2026-02-14 1841 IQ9RG            599 1062  EV1R             599  576     0
QSO:    7068 RY 2026-02-14 1842 IQ9RG            599 1063  IZ4JMA           599  286     0
QSO:    7068 RY 2026-02-14 1842 IQ9RG            599 1064  JA1BJI           599  417     0
QSO:    7068 RY 2026-02-14 1844 IQ9RG            599 1065  DL7AUO           599  263     0
QSO:    7068 RY 2026-02-14 1845 IQ9RG            599 1066  IK1BPL           599  143     0
QSO:    7068 RY 2026-02-14 1846 IQ9RG            599 1067  IV3TRK           599  009     0
QSO:    7068 RY 2026-02-14 1847 IQ9RG            599 1068  SQ3OOK           599  076     0
QSO:    7068 RY 2026-02-14 1847 IQ9RG            599 1069  9A7B             599  166     0
QSO:    7068 RY 2026-02-14 1849 IQ9RG            599 1070  OM3CFR           599  121     0
QSO:    7068 RY 2026-02-14 1850 IQ9RG            599 1071  IK4XQT           599  144     0
QSO:    7068 RY 2026-02-14 1851 IQ9RG            599 1072  SX1H             599  229     0
QSO:    7068 RY 2026-02-14 1852 IQ9RG            599 1073  EW7B             599  424     0
QSO:    7068 RY 2026-02-14 1852 IQ9RG            599 1074  Z35U             599  073     0
QSO:    7068 RY 2026-02-14 1854 IQ9RG            599 1075  SV2AOB           599  336     0
QSO:    7068 RY 2026-02-14 1855 IQ9RG            599 1076  UY5HF            599  259     0
QSO:    7068 RY 2026-02-14 1856 IQ9RG            599 1077  IP4R             599  413     0
QSO:    7068 RY 2026-02-14 1856 IQ9RG            599 1078  LZ1MC            599  026     0
QSO:    7068 RY 2026-02-14 1857 IQ9RG            599 1079  Z33B             599  294     0
QSO:    7081 RY 2026-02-14 1900 IQ9RG            599 1080  DL3DRN           599  230     0
QSO:    7081 RY 2026-02-14 1900 IQ9RG            599 1081  SP5TZP           599  125     0
QSO:    7081 RY 2026-02-14 1901 IQ9RG            599 1082  RU3XW            599  137     0
QSO:    7081 RY 2026-02-14 1901 IQ9RG            599 1083  HA1TIB           599  139     0
QSO:    7081 RY 2026-02-14 1902 IQ9RG            599 1084  YU3A             599  664     0
QSO:    7081 RY 2026-02-14 1902 IQ9RG            599 1085  LZ7K             599  046     0
QSO:    7081 RY 2026-02-14 1904 IQ9RG            599 1086  SP100RADIO       599  040     0
QSO:    7081 RY 2026-02-14 1905 IQ9RG            599 1087  DL6SFR           599  028     0
QSO:    7081 RY 2026-02-14 1905 IQ9RG            599 1088  OM3NI            599  026     0
QSO:    7081 RY 2026-02-14 1907 IQ9RG            599 1089  SV1TMM           599  018     0
QSO:    7081 RY 2026-02-14 1908 IQ9RG            599 1090  LY2PAD           599  107     0
QSO:    7081 RY 2026-02-14 1909 IQ9RG            599 1091  RJ7K             599  042     0
QSO:    7081 RY 2026-02-14 1911 IQ9RG            599 1092  DM4YWL           599  051     0
QSO:    7081 RY 2026-02-14 1911 IQ9RG            599 1093  DH6BH            599  345     0
QSO:    7081 RY 2026-02-14 1912 IQ9RG            599 1094  DF2RG            599  201     0
QSO:    7081 RY 2026-02-14 1912 IQ9RG            599 1095  OZ6TL            599  155     0
QSO:    7081 RY 2026-02-14 1914 IQ9RG            599 1096  PA0HKX           599  008     0
QSO:    7081 RY 2026-02-14 1914 IQ9RG            599 1097  E77EA            599  414     0
QSO:    7081 RY 2026-02-14 1915 IQ9RG            599 1098  PH3BDJ           599  304     0
QSO:    7081 RY 2026-02-14 1915 IQ9RG            599 1099  PA9M             599  041     0
QSO:    7081 RY 2026-02-14 1917 IQ9RG            599 1100  EA2KV            599  148     0
QSO:    7081 RY 2026-02-14 1918 IQ9RG            599 1101  DL1NEO           599  275     0
QSO:    7061 RY 2026-02-14 1920 IQ9RG            599 1102  IV3KNT           599  098     0
QSO:    7061 RY 2026-02-14 1921 IQ9RG            599 1103  IZ3XEF           599  103     0
QSO:    7061 RY 2026-02-14 1922 IQ9RG            599 1104  F5MOO            599  067     0
QSO:    7061 RY 2026-02-14 1923 IQ9RG            599 1105  G4ZFJ            599  009     0
QSO:    7061 RY 2026-02-14 1924 IQ9RG            599 1106  DG9RE            599  069     0
QSO:    7061 RY 2026-02-14 1924 IQ9RG            599 1107  RA0R             599  499     0
QSO:    7061 RY 2026-02-14 1925 IQ9RG            599 1108  DL1ASA           599  297     0
QSO:    7061 RY 2026-02-14 1927 IQ9RG            599 1109  IZ5ILK           599  036     0
QSO:    7061 RY 2026-02-14 1928 IQ9RG            599 1110  YO4CVV           599  157     0
QSO:    7061 RY 2026-02-14 1928 IQ9RG            599 1111  DJ8EW            599  381     0
QSO:    7061 RY 2026-02-14 1929 IQ9RG            599 1112  UX0LL            599  057     0
QSO:    7056 RY 2026-02-14 1933 IQ9RG            599 1113  IZ1AOD           599  047     0
QSO:    7056 RY 2026-02-14 1933 IQ9RG            599 1114  DL6RDR           599  395     0
QSO:    7056 RY 2026-02-14 1934 IQ9RG            599 1115  M0ZWW            599  078     0
QSO:    7056 RY 2026-02-14 1935 IQ9RG            599 1116  UT8W             599  125     0
QSO:    7056 RY 2026-02-14 1937 IQ9RG            599 1117  IK2JBY           599  234     0
QSO:    7056 RY 2026-02-14 1937 IQ9RG            599 1118  I2OGV            599  142     0
QSO:    7056 RY 2026-02-14 1938 IQ9RG            599 1119  LZ1ZJ            599  287     0
QSO:    7056 RY 2026-02-14 1938 IQ9RG            599 1120  JR4OZR           599  652     0
QSO:    7056 RY 2026-02-14 1939 IQ9RG            599 1121  LZ1DJZ           599  069     0
QSO:    7056 RY 2026-02-14 1939 IQ9RG            599 1122  YT2U             599  048     0
QSO:    7056 RY 2026-02-14 1940 IQ9RG            599 1123  HB9BGF           599  057     0
QSO:    7056 RY 2026-02-14 1940 IQ9RG            599 1124  DF5RA            599  001     0
QSO:    7055 RY 2026-02-14 1942 IQ9RG            599 1125  YU1KT            599  090     0
QSO:    7055 RY 2026-02-14 1942 IQ9RG            599 1126  CT1FOQ           599  146     0
QSO:    7055 RY 2026-02-14 1943 IQ9RG            599 1127  BI6AN            599  012     0
QSO:    7055 RY 2026-02-14 1943 IQ9RG            599 1128  DJ2FR            599  016     0
QSO:    7055 RY 2026-02-14 1944 IQ9RG            599 1129  JF1LMB           599  145     0
QSO:    7055 RY 2026-02-14 1944 IQ9RG            599 1130  OZ4GM            599  194     0
QSO:    7055 RY 2026-02-14 1945 IQ9RG            599 1131  OK2WY            599  669     0
QSO:    7055 RY 2026-02-14 1946 IQ9RG            599 1132  YT5DEY           599  051     0
QSO:    7055 RY 2026-02-14 1947 IQ9RG            599 1133  G6ELF            599  011     0
QSO:    7055 RY 2026-02-14 1947 IQ9RG            599 1134  II1R             599  350     0
QSO:    7055 RY 2026-02-14 1949 IQ9RG            599 1135  SF5X             599  852     0
QSO:    7055 RY 2026-02-14 1949 IQ9RG            599 1136  DR4A             599  393     0
QSO:    7055 RY 2026-02-14 1951 IQ9RG            599 1137  EA1GT/QRP        599  099     0
QSO:    7055 RY 2026-02-14 1951 IQ9RG            599 1138  OK2PGJ           599  279     0
QSO:    7055 RY 2026-02-14 1953 IQ9RG            599 1139  I3PXN            599  407     0
QSO:    7055 RY 2026-02-14 1954 IQ9RG            599 1140  DL1LSL           599  023     0
QSO:    7055 RY 2026-02-14 1954 IQ9RG            599 1141  OG1F             599  1390    0
QSO:    7055 RY 2026-02-14 1955 IQ9RG            599 1142  SP2HHX           599  166     0
QSO:    7055 RY 2026-02-14 1956 IQ9RG            599 1143  DK7SS            599  061     0
QSO:    7055 RY 2026-02-14 1957 IQ9RG            599 1144  IW2OGY           599  042     0
QSO:    7055 RY 2026-02-14 1957 IQ9RG            599 1145  RU8W             599  114     0
QSO:    7055 RY 2026-02-14 1958 IQ9RG            599 1146  LY5T             599  180     0
QSO:    7055 RY 2026-02-14 1959 IQ9RG            599 1147  EB5R             599  025     0
QSO:    7055 RY 2026-02-14 1959 IQ9RG            599 1148  G0FGI            599  282     0
QSO:    7055 RY 2026-02-14 2001 IQ9RG            599 1149  JH1CTV           599  131     0
QSO:    7055 RY 2026-02-14 2001 IQ9RG            599 1150  JM1XCW           599  262     0
QSO:    7055 RY 2026-02-14 2002 IQ9RG            599 1151  SA6U             599  210     0
QSO:    7055 RY 2026-02-14 2003 IQ9RG            599 1152  SP1TJ            599  184     0
QSO:    7055 RY 2026-02-14 2003 IQ9RG            599 1153  TA7I             599  402     0
QSO:    7055 RY 2026-02-14 2004 IQ9RG            599 1154  JS2KWL           599  036     0
QSO:    7055 RY 2026-02-14 2005 IQ9RG            599 1155  BH2RO            599  338     0
QSO:    7055 RY 2026-02-14 2007 IQ9RG            599 1156  JA1OVD           599  380     0
QSO:    7055 RY 2026-02-14 2008 IQ9RG            599 1157  RN1AO            599  161     0
QSO:    7055 RY 2026-02-14 2009 IQ9RG            599 1158  LN1K             599  296     0
QSO:    7055 RY 2026-02-14 2009 IQ9RG            599 1159  YL3NU            599  221     0
QSO:    7055 RY 2026-02-14 2010 IQ9RG            599 1160  JE1LFX           599  370     0
QSO:    7055 RY 2026-02-14 2012 IQ9RG            599 1161  JA7ACM           599  158     0
QSO:    7055 RY 2026-02-14 2013 IQ9RG            599 1163  OK1MSL           599  158     0
QSO:    7055 RY 2026-02-14 2013 IQ9RG            599 1164  RK9UM            599  156     0
QSO:    7055 RY 2026-02-14 2015 IQ9RG            599 1165  UN7EG            599  009     0
QSO:    7055 RY 2026-02-14 2015 IQ9RG            599 1166  DL5BCF           599  133     0
QSO:    7055 RY 2026-02-14 2016 IQ9RG            599 1167  TM4E             599  369     0
QSO:    7055 RY 2026-02-14 2017 IQ9RG            599 1168  YO3GNF           599  235     0
QSO:    7055 RY 2026-02-14 2018 IQ9RG            599 1169  HF3A             599  032     0
QSO:    7055 RY 2026-02-14 2019 IQ9RG            599 1170  SN6T             599  206     0
QSO:    7055 RY 2026-02-14 2020 IQ9RG            599 1171  DL9NDV           599  010     0
QSO:    7055 RY 2026-02-14 2022 IQ9RG            599 1172  JQ1CIV           599  057     0
QSO:    7055 RY 2026-02-14 2023 IQ9RG            599 1173  9A1DR            599  056     0
QSO:    7055 RY 2026-02-14 2025 IQ9RG            599 1174  HA3FUP           599  074     0
QSO:    7055 RY 2026-02-14 2027 IQ9RG            599 1175  OK1PMA           599  339     0
QSO:    7055 RY 2026-02-14 2027 IQ9RG            599 1176  F4ACR            599  001     0
QSO:    7055 RY 2026-02-14 2028 IQ9RG            599 1177  IK3BVD           599  056     0
QSO:    7055 RY 2026-02-14 2028 IQ9RG            599 1178  OP5T             599  128     0
QSO:    7055 RY 2026-02-14 2029 IQ9RG            599 1179  OH3FM            599  668     0
QSO:    7055 RY 2026-02-14 2032 IQ9RG            599 1180  JR1EMO           599  068     0
QSO:    7055 RY 2026-02-14 2033 IQ9RG            599 1181  RC7KH            599  088     0
QSO:    3590 RY 2026-02-14 2036 IQ9RG            599 1182  MI0H             599  011     0
QSO:    3590 RY 2026-02-14 2039 IQ9RG            599 1183  SA6U             599  234     0
QSO:    3590 RY 2026-02-14 2039 IQ9RG            599 1184  OK2HFC           599  298     0
QSO:    3590 RY 2026-02-14 2040 IQ9RG            599 1185  DJ5FS            599  124     0
QSO:    3590 RY 2026-02-14 2042 IQ9RG            599 1186  SV3AQO           599  173     0
QSO:    3590 RY 2026-02-14 2043 IQ9RG            599 1187  S51A             599  859     0
QSO:    3590 RY 2026-02-14 2044 IQ9RG            599 1188  IZ6BXQ           599  325     0
QSO:    3590 RY 2026-02-14 2045 IQ9RG            599 1189  DJ5AS            599  271     0
QSO:    3590 RY 2026-02-14 2045 IQ9RG            599 1190  HA8WY            599  210     0
QSO:    3590 RY 2026-02-14 2046 IQ9RG            599 1191  DA0BCC           599  366     0
QSO:    3590 RY 2026-02-14 2046 IQ9RG            599 1192  OM5ZW            599  1340    0
QSO:    3590 RY 2026-02-14 2047 IQ9RG            599 1193  IW5EIJ           599  132     0
QSO:    3590 RY 2026-02-14 2048 IQ9RG            599 1194  IU0ITX           599  073     0
QSO:    3590 RY 2026-02-14 2048 IQ9RG            599 1195  G8GNI            599  248     0
QSO:    3590 RY 2026-02-14 2049 IQ9RG            599 1196  I2OGV            599  170     0
QSO:    3590 RY 2026-02-14 2050 IQ9RG            599 1197  IU0TID           599  098     0
QSO:    3590 RY 2026-02-14 2051 IQ9RG            599 1198  DL6RDR           599  432     0
QSO:    3590 RY 2026-02-14 2051 IQ9RG            599 1199  YO3GNF           599  251     0
QSO:    3590 RY 2026-02-14 2052 IQ9RG            599 1200  OK7SE            599  011     0
QSO:    3590 RY 2026-02-14 2053 IQ9RG            599 1201  TM3Z             599  1445    0
QSO:    3590 RY 2026-02-14 2055 IQ9RG            599 1202  SQ6PLE           599  208     0
QSO:    3590 RY 2026-02-14 2055 IQ9RG            599 1203  DL4APJ           599  016     0
QSO:    3590 RY 2026-02-14 2056 IQ9RG            599 1204  S57SWR           599  329     0
QSO:    3590 RY 2026-02-14 2056 IQ9RG            599 1205  DL4ME            599  386     0
QSO:    3590 RY 2026-02-14 2057 IQ9RG            599 1206  HA7MB            599  374     0
QSO:    3590 RY 2026-02-14 2057 IQ9RG            599 1207  SP5IVC           599  162     0
QSO:    3590 RY 2026-02-14 2058 IQ9RG            599 1208  S560DAP          599  274     0
QSO:    3590 RY 2026-02-14 2059 IQ9RG            599 1209  SP8K             599  253     0
QSO:    3590 RY 2026-02-14 2100 IQ9RG            599 1210  SQ8YHF           599  037     0
QSO:    3590 RY 2026-02-14 2100 IQ9RG            599 1211  IQ3PN            599  044     0
QSO:    3590 RY 2026-02-14 2102 IQ9RG            599 1212  SP3PDO           599  118     0
QSO:    3590 RY 2026-02-14 2102 IQ9RG            599 1213  I5MXX            599  386     0
QSO:    3590 RY 2026-02-14 2103 IQ9RG            599 1214  LZ7K             599  065     0
QSO:    3590 RY 2026-02-14 2104 IQ9RG            599 1215  UT7NI            599  165     0
QSO:    3590 RY 2026-02-14 2105 IQ9RG            599 1216  PE1T             599  178     0
QSO:    3590 RY 2026-02-14 2106 IQ9RG            599 1217  YO3RU            599  554     0
QSO:    3590 RY 2026-02-14 2107 IQ9RG            599 1218  LZ5R             599  1315    0
QSO:    3590 RY 2026-02-14 2107 IQ9RG            599 1219  S58M             599  843     0
QSO:    3590 RY 2026-02-14 2109 IQ9RG            599 1220  UY5HF            599  337     0
QSO:    3590 RY 2026-02-14 2110 IQ9RG            599 1221  UT3SO            599  387     0
QSO:    3590 RY 2026-02-14 2110 IQ9RG            599 1222  YU3A             599  728     0
QSO:    3590 RY 2026-02-14 2111 IQ9RG            599 1223  SV2AOB           599  398     0
QSO:    3590 RY 2026-02-14 2112 IQ9RG            599 1224  SN9A             599  287     0
QSO:    3590 RY 2026-02-14 2113 IQ9RG            599 1225  DL8ULF           599  526     0
QSO:    3590 RY 2026-02-14 2114 IQ9RG            599 1226  OZ9GA            599  516     0
QSO:    3590 RY 2026-02-14 2114 IQ9RG            599 1227  DH8BQA           599  742     0
QSO:    3590 RY 2026-02-14 2115 IQ9RG            599 1228  SP9TDA           599  105     0
QSO:    3590 RY 2026-02-14 2115 IQ9RG            599 1229  UT5UGR           599  055     0
QSO:    3590 RY 2026-02-14 2118 IQ9RG            599 1230  SP9DWV           599  091     0
QSO:    3590 RY 2026-02-14 2119 IQ9RG            599 1231  IW1RLC           599  366     0
QSO:    3590 RY 2026-02-14 2120 IQ9RG            599 1232  HA0RZK           599  040     0
QSO:    3590 RY 2026-02-14 2120 IQ9RG            599 1233  DJ1TU            599  183     0
QSO:    3590 RY 2026-02-14 2121 IQ9RG            599 1234  EU1ST            599  020     0
QSO:    3590 RY 2026-02-14 2121 IQ9RG            599 1235  HA3PP            599  225     0
QSO:    3590 RY 2026-02-14 2122 IQ9RG            599 1236  OK1PMA           599  364     0
QSO:    3590 RY 2026-02-14 2122 IQ9RG            599 1237  3Z9W             599  279     0
QSO:    3590 RY 2026-02-14 2123 IQ9RG            599 1239  DB4SCW           599  169     0
QSO:    3590 RY 2026-02-14 2124 IQ9RG            599 1240  G4DDL            599  211     0
QSO:    3590 RY 2026-02-14 2125 IQ9RG            599 1241  OK2WMC           599  242     0
QSO:    3590 RY 2026-02-14 2126 IQ9RG            599 1242  OK1KKI           599  920     0
QSO:    3590 RY 2026-02-14 2126 IQ9RG            599 1243  OE5CYL           599  157     0
QSO:    3590 RY 2026-02-14 2127 IQ9RG            599 1244  IK2YCW           599  625     0
QSO:    3590 RY 2026-02-14 2127 IQ9RG            599 1245  IN3EJM           599  064     0
QSO:    3590 RY 2026-02-14 2129 IQ9RG            599 1246  SO4R             599  213     0
QSO:    3590 RY 2026-02-14 2129 IQ9RG            599 1247  OK1HEH           599  318     0
QSO:    3590 RY 2026-02-14 2130 IQ9RG            599 1248  HB9IIH           599  018     0
QSO:    3590 RY 2026-02-14 2131 IQ9RG            599 1249  IZ2ZQP           599  206     0
QSO:    3590 RY 2026-02-14 2132 IQ9RG            599 1250  DK8ZZ            599  729     0
QSO:    3590 RY 2026-02-14 2132 IQ9RG            599 1251  LB1R             599  157     0
QSO:    3590 RY 2026-02-14 2133 IQ9RG            599 1252  RM5F             599  1380    0
QSO:    3590 RY 2026-02-14 2134 IQ9RG            599 1253  SQ3OOK           599  147     0
QSO:    3590 RY 2026-02-14 2135 IQ9RG            599 1254  DL1ZBO           599  237     0
QSO:    3590 RY 2026-02-14 2136 IQ9RG            599 1255  RK9UM            599  171     0
QSO:    3590 RY 2026-02-14 2137 IQ9RG            599 1256  IW2OGY           599  050     0
QSO:    3590 RY 2026-02-14 2137 IQ9RG            599 1257  G2U              599  260     0
QSO:    7063 RY 2026-02-14 2143 IQ9RG            599 1258  DP6K             599  840     0
QSO:    7063 RY 2026-02-14 2144 IQ9RG            599 1259  YO4GO            599  032     0
QSO:    7063 RY 2026-02-14 2144 IQ9RG            599 1260  ME5W             599  400     0
QSO:    7063 RY 2026-02-14 2145 IQ9RG            599 1261  DG6ME            599  084     0
QSO:    7063 RY 2026-02-14 2146 IQ9RG            599 1262  M0XAC            599  087     0
QSO:    7063 RY 2026-02-14 2146 IQ9RG            599 1263  K0SM             599  209     0
QSO:    7063 RY 2026-02-14 2148 IQ9RG            599 1264  F1FCA            599  003     0
QSO:    7063 RY 2026-02-14 2149 IQ9RG            599 1265  DK9DA            599  253     0
QSO:    7063 RY 2026-02-14 2150 IQ9RG            599 1266  IQ3ME            599  075     0
QSO:    7063 RY 2026-02-14 2151 IQ9RG            599 1267  ON7KEC           599  111     0
QSO:    7063 RY 2026-02-14 2154 IQ9RG            599 1268  DB2LS            599  005     0
QSO:    7063 RY 2026-02-14 2155 IQ9RG            599 1269  DK1X             599  301     0
QSO:    7063 RY 2026-02-14 2156 IQ9RG            599 1270  GI7NKK           599  053     0
QSO:    7059 RY 2026-02-14 2200 IQ9RG            599 1271  DF4PD            599  012     0
QSO:    7059 RY 2026-02-14 2202 IQ9RG            599 1272  DB5SM            599  099     0
QSO:    7059 RY 2026-02-14 2202 IQ9RG            599 1273  DF2LH            599  044     0
QSO:    7059 RY 2026-02-14 2203 IQ9RG            599 1274  OK7SE            599  027     0
QSO:    7059 RY 2026-02-14 2203 IQ9RG            599 1275  GE7RTI           599  088     0
QSO:    7059 RY 2026-02-14 2205 IQ9RG            599 1276  DL1EHG           599  076     0
QSO:    7059 RY 2026-02-14 2206 IQ9RG            599 1277  G4JBA            599  090     0
QSO:    7045 RY 2026-02-14 2209 IQ9RG            599 1278  S59A             599  000     0
QSO:    7071 RY 2026-02-14 2210 IQ9RG            599 1280  OZ59A            599  000     0
QSO:    7063 RY 2026-02-14 2212 IQ9RG            599 1279  UT0CK            599  192     0
QSO:    7063 RY 2026-02-14 2212 IQ9RG            599 1282  DK4HO            599  059     0
QSO:    7063 RY 2026-02-14 2213 IQ9RG            599 1283  EA4URA           599  001     0
QSO:    7063 RY 2026-02-14 2215 IQ9RG            599 1284  N4CWZ            599  050     0
QSO:    7063 RY 2026-02-14 2216 IQ9RG            599 1285  DM2DLG           599  092     0
QSO:    7062 RY 2026-02-14 2218 IQ9RG            599 1287  PE1T             599  297     0
QSO:    7062 RY 2026-02-14 2218 IQ9RG            599 1288  SQ2TOM           599  103     0
QSO:    7062 RY 2026-02-14 2219 IQ9RG            599 1289  ON8NT            599  079     0
QSO:    7062 RY 2026-02-14 2219 IQ9RG            599 1290  G3ESE            599  098     0
QSO:    7062 RY 2026-02-14 2220 IQ9RG            599 1291  DL7UKT           599  084     0
QSO:    7062 RY 2026-02-14 2221 IQ9RG            599 1292  RK6OQ            599  037     0
QSO:    7062 RY 2026-02-14 2221 IQ9RG            599 1293  PA3EAQ           599  113     0
QSO:    7062 RY 2026-02-14 2222 IQ9RG            599 1294  DL4BE            599  013     0
QSO:    7062 RY 2026-02-14 2222 IQ9RG            599 1295  2E0CVN           599  135     0
QSO:    7062 RY 2026-02-14 2224 IQ9RG            599 1296  N1NN             599  115     0
QSO:    7062 RY 2026-02-14 2225 IQ9RG            599 1297  K3AU             599  241     0
QSO:    7062 RY 2026-02-14 2226 IQ9RG            599 1298  DM3W             599  395     0
QSO:    7062 RY 2026-02-14 2234 IQ9RG            599 1299  G0ATR            599  001     0
QSO:    7062 RY 2026-02-14 2237 IQ9RG            599 1300  N2DA             599  123     0
QSO:    7062 RY 2026-02-14 2238 IQ9RG            599 1301  OH8KA            599  046     0
QSO:    7062 RY 2026-02-14 2238 IQ9RG            599 1302  DK3PM            599  018     0
QSO:    7062 RY 2026-02-14 2240 IQ9RG            599 1303  EI3CTB           599  076     0
QSO:    7062 RY 2026-02-14 2241 IQ9RG            599 1304  SQ6PLE           599  254     0
QSO:    7062 RY 2026-02-14 2242 IQ9RG            599 1305  N8TCP            599  063     0
QSO:    7062 RY 2026-02-14 2242 IQ9RG            599 1306  AA1BS            599  040     0
QSO:    7062 RY 2026-02-14 2243 IQ9RG            599 1307  VE2EZD           599  200     0
QSO:    7062 RY 2026-02-14 2244 IQ9RG            599 1308  RO1M             599  001     0
QSO:    7065 RY 2026-02-14 2249 IQ9RG            599 1309  N2RY             599  003     0
QSO:    7065 RY 2026-02-14 2250 IQ9RG            599 1310  K4FTO            599  074     0
QSO:    7065 RY 2026-02-14 2252 IQ9RG            599 1311  KF2TI            599  083     0
QSO:    7065 RY 2026-02-14 2253 IQ9RG            599 1312  M8JLZ            599  072     0
QSO:    7065 RY 2026-02-14 2253 IQ9RG            599 1313  KN4BIT           599  040     0
QSO:    7065 RY 2026-02-14 2254 IQ9RG            599 1314  K3ANI            599  202     0
QSO:    7065 RY 2026-02-14 2255 IQ9RG            599 1315  OZ4VW            599  118     0
QSO:    7065 RY 2026-02-14 2257 IQ9RG            599 1316  SM5DXR           599  145     0
QSO:    7053 RY 2026-02-14 2258 IQ9RG            599 1286  RW7K             599  333     0
QSO:    7082 RY 2026-02-14 2259 IQ9RG            599 1317  EX9A             599  1185    0
QSO:    7056 RY 2026-02-14 2303 IQ9RG            599 1318  RV1CC            599  045     0
QSO:    7096 RY 2026-02-14 2308 IQ9RG            599 1319  WD9CIR           599  380     0
QSO:    7084 RY 2026-02-14 2312 IQ9RG            599 1321  KE1IH            599  440     0
QSO:    7085 RY 2026-02-14 2314 IQ9RG            599 1320  4U1UN            599  321     0
QSO:    7071 RY 2026-02-14 2316 IQ9RG            599 1322  CN3A             599  1840    0
QSO:    7087 RY 2026-02-14 2317 IQ9RG            599 1323  M5P              599  003     0
QSO:    7060 RY 2026-02-14 2319 IQ9RG            599 1324  W4TM             599  186     0
QSO:    3602 RY 2026-02-14 2319 IQ9RG            599 1325  S5702DX          599  274     0
QSO:    3604 RY 2026-02-14 2320 IQ9RG            599 1327  DJ6VX            599  444     0
QSO:    7060 RY 2026-02-14 2320 IQ9RG            599 1327  RG9A             599  1010    0
QSO:    7060 RY 2026-02-14 2322 IQ9RG            599 1328  PD0R             599  079     0
QSO:    3589 RY 2026-02-14 2322 IQ9RG            599 1329  IZ0PAU           599  030     0
QSO:    3577 RY 2026-02-14 2324 IQ9RG            599 1330  ON/PC5A          599  101     0
QSO:    3579 RY 2026-02-14 2324 IQ9RG            599 1332  LZ3AW            599  058     0
QSO:    3609 RY 2026-02-14 2326 IQ9RG            599 1333  E74C             599  127     0
QSO:    3611 RY 2026-02-14 2329 IQ9RG            599 1334  9A925T           599  707     0
QSO:    7051 RY 2026-02-14 2335 IQ9RG            599 1326  ED1R             599  786     0
QSO:    7054 RY 2026-02-14 2336 IQ9RG            599 1335  WT2J             599  359     0
QSO:    7100 RY 2026-02-14 2338 IQ9RG            599 1336  NX8G             599  275     0
QSO:    7089 RY 2026-02-14 2339 IQ9RG            599 1337  AC2FA            599  188     0
QSO:    7081 RY 2026-02-14 2352 IQ9RG            599 1338  GM0DYU           599  037     0
QSO:    7081 RY 2026-02-14 2353 IQ9RG            599 1340  VE3GYL           599  278     0
QSO:    7081 RY 2026-02-14 2354 IQ9RG            599 1341  N6AR             599  910     0
QSO:    7081 RY 2026-02-14 2355 IQ9RG            599 1342  KE8RV            599  008     0
QSO:    7081 RY 2026-02-14 2357 IQ9RG            599 1343  K0ACP            599  057     0
QSO:    7081 RY 2026-02-14 2359 IQ9RG            599 1344  KP4AF            599  075     0
QSO:    3602 RY 2026-02-15 0000 IQ9RG            599 2464  OL0W             599  850     0
QSO:    7081 RY 2026-02-15 0001 IQ9RG            599 1345  LA9RY            599  147     0
QSO:    7081 RY 2026-02-15 0001 IQ9RG            599 1346  UA3RT            599  035     0
QSO:    7081 RY 2026-02-15 0002 IQ9RG            599 1347  KN8L             599  067     0
QSO:    7081 RY 2026-02-15 0005 IQ9RG            599 1348  VE1RSM           599  079     0
QSO:    7081 RY 2026-02-15 0007 IQ9RG            599 1349  N0YY             599  316     0
QSO:    7081 RY 2026-02-15 0008 IQ9RG            599 1350  UR7EC            599  152     0
QSO:    7081 RY 2026-02-15 0011 IQ9RG            599 1351  KI8N             599  100     0
QSO:    7081 RY 2026-02-15 0012 IQ9RG            599 1352  WB0N             599  202     0
QSO:    7081 RY 2026-02-15 0015 IQ9RG            599 1353  HK6P             599  210     0
QSO:    7081 RY 2026-02-15 0015 IQ9RG            599 1354  W1BOY            599  237     0
QSO:    7090 RY 2026-02-15 0019 IQ9RG            599 1355  AK9D             599  557     0
QSO:    7099 RY 2026-02-15 0020 IQ9RG            599 1356  WT3K             599  019     0
QSO:    3589 RY 2026-02-15 0022 IQ9RG            599 1339  DQ7D             599  257     0
QSO:    3591 RY 2026-02-15 0023 IQ9RG            599 1358  SP9KAO           599  197     0
QSO:    7087 RY 2026-02-15 0027 IQ9RG            599 1357  PV2K             599  932     0
QSO:    7054 RY 2026-02-15 0028 IQ9RG            599 1360  AI4WW            599  198     0
QSO:    3606 RY 2026-02-15 0030 IQ9RG            599 1359  ER3KAZ           599  394     0
QSO:    7074 RY 2026-02-15 0032 IQ9RG            599 1361  KB8TL            599  055     0
QSO:    3604 RY 2026-02-15 0032 IQ9RG            599 1362  GW0A             599  738     0
QSO:    7086 RY 2026-02-15 0036 IQ9RG            599 1363  WO1N             599  128     0
QSO:    3605 RY 2026-02-15 0039 IQ9RG            599 1364  S52OT            599  426     0
QSO:    7098 RY 2026-02-15 0041 IQ9RG            599 1365  K5EK             599  152     0
QSO:    7082 RY 2026-02-15 0042 IQ9RG            599 1366  KE4KY            599  175     0
QSO:    7092 RY 2026-02-15 0043 IQ9RG            599 1367  AB9PM            599  154     0
QSO:    7074 RY 2026-02-15 0048 IQ9RG            599 1368  KE2D             599  111     0
QSO:    7052 RY 2026-02-15 0049 IQ9RG            599 1369  MW4R             599  135     0
QSO:    7056 RY 2026-02-15 0051 IQ9RG            599 1370  NS4X             599  463     0
QSO:    7098 RY 2026-02-15 0053 IQ9RG            599 1371  WS6X             599  494     0
QSO:    7079 RY 2026-02-15 0057 IQ9RG            599 1372  WB8TDG           599  214     0
QSO:    7079 RY 2026-02-15 0058 IQ9RG            599 1373  WO2Y             599  076     0
QSO:    7079 RY 2026-02-15 0059 IQ9RG            599 1374  VE3GTM           599  066     0
QSO:    7079 RY 2026-02-15 0102 IQ9RG            599 1375  KI1U             599  044     0
QSO:    7079 RY 2026-02-15 0103 IQ9RG            599 1376  K3YDX            599  089     0
QSO:    7065 RY 2026-02-15 0105 IQ9RG            599 1377  AE1P             599  615     0
QSO:    7068 RY 2026-02-15 0117 IQ9RG            599 1378  N2BJ             599  330     0
QSO:    7072 RY 2026-02-15 0119 IQ9RG            599 1379  NK2Y             599  101     0
QSO:    7057 RY 2026-02-15 0120 IQ9RG            599 1380  W3LL             599  562     0
QSO:    7101 RY 2026-02-15 0122 IQ9RG            599 1381  WA2MCR           599  067     0
QSO:    7102 RY 2026-02-15 0123 IQ9RG            599 1382  WU5K             599  257     0
QSO:    7086 RY 2026-02-15 0125 IQ9RG            599 1383  AB5SE            599  336     0
QSO:    7100 RY 2026-02-15 0128 IQ9RG            599 1384  AC3U             599  417     0
QSO:    7097 RY 2026-02-15 0130 IQ9RG            599 1385  K0TQ             599  159     0
QSO:    7061 RY 2026-02-15 0130 IQ9RG            599 1386  K4RUM            599  540     0
QSO:    7071 RY 2026-02-15 0131 IQ9RG            599 1387  KE0WPA           599  014     0
QSO:    7096 RY 2026-02-15 0133 IQ9RG            599 1388  K0YR             599  292     0
QSO:    7036 RY 2026-02-15 0134 IQ9RG            599 1389  KA2KON           599  419     0
QSO:    7088 RY 2026-02-15 0151 IQ9RG            599 1391  N1WR             599  487     0
QSO:    7088 RY 2026-02-15 0151 IQ9RG            599 1392  N8CC             599  138     0
QSO:    7088 RY 2026-02-15 0152 IQ9RG            599 1393  DP7D             599  1400    0
QSO:    7088 RY 2026-02-15 0153 IQ9RG            599 1394  RG8U             599  036     0
QSO:    7088 RY 2026-02-15 0154 IQ9RG            599 1395  W9POG            599  142     0
QSO:    7088 RY 2026-02-15 0157 IQ9RG            599 1396  PA69MB           599  865     0
QSO:    7088 RY 2026-02-15 0157 IQ9RG            599 1397  VE3TW            599  244     0
QSO:    7088 RY 2026-02-15 0158 IQ9RG            599 1398  W2DGU            599  010     0
QSO:    7088 RY 2026-02-15 0159 IQ9RG            599 1399  KQ4TNK           599  133     0
QSO:    7088 RY 2026-02-15 0200 IQ9RG            599 1400  KD9V             599  013     0
QSO:    7088 RY 2026-02-15 0201 IQ9RG            599 1401  KW3S             599  025     0
QSO:    7088 RY 2026-02-15 0202 IQ9RG            599 1402  WB0OQV           599  085     0
QSO:    7088 RY 2026-02-15 0203 IQ9RG            599 1403  EA1FXG           599  016     0
QSO:    7088 RY 2026-02-15 0204 IQ9RG            599 1404  2E0JID           599  008     0
QSO:    7088 RY 2026-02-15 0205 IQ9RG            599 1405  WO7U             599  209     0
QSO:    7088 RY 2026-02-15 0206 IQ9RG            599 1406  KE8UUO           599  135     0
QSO:    7088 RY 2026-02-15 0207 IQ9RG            599 1407  N0LLH            599  178     0
QSO:    7088 RY 2026-02-15 0209 IQ9RG            599 1408  VE3UZX           599  212     0
QSO:    7088 RY 2026-02-15 0209 IQ9RG            599 1409  AC8Y             599  1140    0
QSO:    7088 RY 2026-02-15 0210 IQ9RG            599 1410  N4IQ             599  714     0
QSO:    7088 RY 2026-02-15 0210 IQ9RG            599 1411  KE3OA            599  121     0
QSO:    7088 RY 2026-02-15 0212 IQ9RG            599 1412  K2FD             599  061     0
QSO:    7088 RY 2026-02-15 0212 IQ9RG            599 1413  F6IRF            599  371     0
QSO:    7088 RY 2026-02-15 0213 IQ9RG            599 1414  N4CW             599  142     0
QSO:    7088 RY 2026-02-15 0214 IQ9RG            599 1415  AF4PX            599  051     0
QSO:    7090 RY 2026-02-15 0219 IQ9RG            599 1416  KV0I             599  660     0
QSO:    7101 RY 2026-02-15 0221 IQ9RG            599 1417  WZ8P             599  125     0
QSO:    7092 RY 2026-02-15 0222 IQ9RG            599 1418  W5MX             599  068     0
QSO:    7092 RY 2026-02-15 0223 IQ9RG            599 1419  W5MX             599  068     0
QSO:    7088 RY 2026-02-15 0229 IQ9RG            599 1420  EA8AQD           599  024     0
QSO:    7088 RY 2026-02-15 0232 IQ9RG            599 1421  KC4WCY           599  012     0
QSO:    7088 RY 2026-02-15 0235 IQ9RG            599 1422  IC8SQS           599  525     0
QSO:    7088 RY 2026-02-15 0235 IQ9RG            599 1423  DA1DX            599  401     0
QSO:    7088 RY 2026-02-15 0237 IQ9RG            599 1424  R6OAF            599  194     0
QSO:    7088 RY 2026-02-15 0237 IQ9RG            599 1425  W4VIC            599  209     0
QSO:    7088 RY 2026-02-15 0238 IQ9RG            599 1426  AA9L             599  104     0
QSO:    7088 RY 2026-02-15 0239 IQ9RG            599 1427  WD4XE            599  077     0
QSO:    7088 RY 2026-02-15 0240 IQ9RG            599 1428  WV2M             599  014     0
QSO:    7088 RY 2026-02-15 0241 IQ9RG            599 1429  KC1ERO           599  106     0
QSO:    7088 RY 2026-02-15 0244 IQ9RG            599 1430  AD3Y             599  034     0
QSO:    7058 RY 2026-02-15 0249 IQ9RG            599 1431  HG5D             599  736     0
QSO:    7058 RY 2026-02-15 0250 IQ9RG            599 1432  9A1A             599  943     0
QSO:    7058 RY 2026-02-15 0250 IQ9RG            599 1433  DA2N             599  154     0
QSO:    7058 RY 2026-02-15 0252 IQ9RG            599 1434  DJ6VX            599  516     0
QSO:    7056 RY 2026-02-15 0256 IQ9RG            599 1435  LX7I             599  1158    0
QSO:    7070 RY 2026-02-15 0300 IQ9RG            599 1436  KC1QEM           599  105     0
QSO:    7070 RY 2026-02-15 0300 IQ9RG            599 1437  WB8JUI           599  097     0
QSO:    7070 RY 2026-02-15 0301 IQ9RG            599 1438  AC3KT            599  182     0
QSO:    3596 RY 2026-02-15 0308 IQ9RG            599 1439  SN8A             599  074     0
QSO:    3591 RY 2026-02-15 0310 IQ9RG            599 1440  YT2A             599  299     0
QSO:    3591 RY 2026-02-15 0311 IQ9RG            599 1441  SP8R             599  1277    0
QSO:    3591 RY 2026-02-15 0312 IQ9RG            599 1442  SP5ELA           599  065     0
QSO:    3591 RY 2026-02-15 0313 IQ9RG            599 1443  IO0A             599  273     0
QSO:    3591 RY 2026-02-15 0315 IQ9RG            599 1444  EI7M             599  427     0
QSO:    7088 RY 2026-02-15 0326 IQ9RG            599 1447  EU8U             599  872     0
QSO:    7088 RY 2026-02-15 0328 IQ9RG            599 1448  DL1SO            599  105     0
QSO:    7088 RY 2026-02-15 0332 IQ9RG            599 1449  EM0F             599  343     0
QSO:    7088 RY 2026-02-15 0334 IQ9RG            599 1450  W0MB             599  759     0
QSO:    7088 RY 2026-02-15 0334 IQ9RG            599 1451  WW4R             599  1019    0
QSO:    7088 RY 2026-02-15 0338 IQ9RG            599 1452  F4GYM            599  227     0
QSO:    7088 RY 2026-02-15 0341 IQ9RG            599 1453  NZ5X             599  076     0
QSO:    7088 RY 2026-02-15 0343 IQ9RG            599 1454  XE2N             599  075     0
QSO:    7088 RY 2026-02-15 0343 IQ9RG            599 1455  WB9DAR           599  046     0
QSO:    7088 RY 2026-02-15 0344 IQ9RG            599 1456  KZ3P             599  045     0
QSO:    7088 RY 2026-02-15 0345 IQ9RG            599 1457  WC0WB            599  039     0
QSO:    7088 RY 2026-02-15 0347 IQ9RG            599 1458  W4UEF            599  268     0
QSO:    7088 RY 2026-02-15 0348 IQ9RG            599 1459  W6EU             599  781     0
QSO:    7088 RY 2026-02-15 0349 IQ9RG            599 1460  ER3KAZ           599  326     0
QSO:    7070 RY 2026-02-15 0352 IQ9RG            599 1461  WT7TT            599  804     0
QSO:    7054 RY 2026-02-15 0354 IQ9RG            599 1462  KC7V             599  1537    0
QSO:    7088 RY 2026-02-15 0358 IQ9RG            599 1463  R6KX             599  129     0
QSO:    7088 RY 2026-02-15 0358 IQ9RG            599 1464  AI4DB            599  034     0
QSO:    7088 RY 2026-02-15 0401 IQ9RG            599 1465  KA4HIM           599  396     0
QSO:    7088 RY 2026-02-15 0404 IQ9RG            599 1466  KD4S             599  116     0
QSO:    7088 RY 2026-02-15 0405 IQ9RG            599 1467  K8GNG            599  064     0
QSO:    3595 RY 2026-02-15 0420 IQ9RG            599 1469  EW8DX            599  694     0
QSO:    3595 RY 2026-02-15 0421 IQ9RG            599 1470  SX1H             599  266     0
QSO:    3595 RY 2026-02-15 0421 IQ9RG            599 1471  K4SO             599  762     0
QSO:    3595 RY 2026-02-15 0423 IQ9RG            599 1472  EM0F             599  382     0
QSO:    3595 RY 2026-02-15 0424 IQ9RG            599 1473  DA2E             599  327     0
QSO:    3595 RY 2026-02-15 0424 IQ9RG            599 1474  N1RM             599  850     0
QSO:    3595 RY 2026-02-15 0425 IQ9RG            599 1475  DJ6VX            599  552     0
QSO:    3595 RY 2026-02-15 0425 IQ9RG            599 1476  SP5ELA           599  075     0
QSO:    3595 RY 2026-02-15 0426 IQ9RG            599 1477  DL7URH           599  076     0
QSO:    3595 RY 2026-02-15 0428 IQ9RG            599 1478  UR5FS            599  117     0
QSO:    3595 RY 2026-02-15 0428 IQ9RG            599 1479  DM7XX            599  1278    0
QSO:    3595 RY 2026-02-15 0428 IQ9RG            599 1480  RG2Y             599  645     0
QSO:    3595 RY 2026-02-15 0429 IQ9RG            599 1481  DL3LBP           599  192     0
QSO:    3595 RY 2026-02-15 0429 IQ9RG            599 1482  DR1X             599  576     0
QSO:    3595 RY 2026-02-15 0430 IQ9RG            599 1483  DL1ASA           599  428     0
QSO:    3595 RY 2026-02-15 0430 IQ9RG            599 1484  RK2M             599  024     0
QSO:    3595 RY 2026-02-15 0432 IQ9RG            599 1485  AA4DD            599  583     0
QSO:    3595 RY 2026-02-15 0433 IQ9RG            599 1486  S53F             599  989     0
QSO:    3595 RY 2026-02-15 0434 IQ9RG            599 1487  WW4R             599  1068    0
QSO:    3595 RY 2026-02-15 0434 IQ9RG            599 1488  YL9T             599  616     0
QSO:    3595 RY 2026-02-15 0435 IQ9RG            599 1489  SN7Q             599  1462    0
QSO:    3595 RY 2026-02-15 0435 IQ9RG            599 1490  UT7EZ            599  235     0
QSO:    3595 RY 2026-02-15 0436 IQ9RG            599 1491  DL5ARM           599  084     0
QSO:    3595 RY 2026-02-15 0437 IQ9RG            599 1492  OL6N             599  624     0
QSO:    3595 RY 2026-02-15 0438 IQ9RG            599 1493  ON8GA            599  301     0
QSO:    3595 RY 2026-02-15 0439 IQ9RG            599 1494  OM5JA            599  298     0
QSO:    3595 RY 2026-02-15 0440 IQ9RG            599 1495  RA3V             599  124     0
QSO:    3595 RY 2026-02-15 0440 IQ9RG            599 1496  IQ3ME            599  227     0
QSO:    3595 RY 2026-02-15 0441 IQ9RG            599 1497  EW8G             599  080     0
QSO:    3595 RY 2026-02-15 0442 IQ9RG            599 1498  N1ZYZ            599  045     0
QSO:    3595 RY 2026-02-15 0442 IQ9RG            599 1499  R7MM             599  677     0
QSO:    3595 RY 2026-02-15 0443 IQ9RG            599 1500  SF5X             599  1054    0
QSO:    3595 RY 2026-02-15 0444 IQ9RG            599 1501  EU8U             599  878     0
QSO:    3595 RY 2026-02-15 0445 IQ9RG            599 1502  DL6RY            599  1486    0
QSO:    3595 RY 2026-02-15 0446 IQ9RG            599 1503  EU4E             599  739     0
QSO:    3595 RY 2026-02-15 0447 IQ9RG            599 1504  R7CD             599  476     0
QSO:    3595 RY 2026-02-15 0448 IQ9RG            599 1505  YP2R             599  022     0
QSO:    3595 RY 2026-02-15 0448 IQ9RG            599 1506  HB9DVZ           599  037     0
QSO:    3595 RY 2026-02-15 0450 IQ9RG            599 1507  KC7V             599  1566    0
QSO:    3595 RY 2026-02-15 0451 IQ9RG            599 1508  UT5EL            599  409     0
QSO:    3595 RY 2026-02-15 0451 IQ9RG            599 1509  DK0AM            599  454     0
QSO:    3595 RY 2026-02-15 0452 IQ9RG            599 1510  9A170TESLA       599  163     0
QSO:    3595 RY 2026-02-15 0453 IQ9RG            599 1511  DG8M             599  662     0
QSO:    3595 RY 2026-02-15 0453 IQ9RG            599 1512  OK4GP            599  361     0
QSO:    3595 RY 2026-02-15 0455 IQ9RG            599 1513  DJ8EW            599  480     0
QSO:    3595 RY 2026-02-15 0456 IQ9RG            599 1514  VE3KTB           599  492     0
QSO:    3595 RY 2026-02-15 0456 IQ9RG            599 1515  K1DC             599  513     0
QSO:    3595 RY 2026-02-15 0457 IQ9RG            599 1516  DL8UV            599  148     0
QSO:    3595 RY 2026-02-15 0500 IQ9RG            599 1517  OM5KM            599  328     0
QSO:    3595 RY 2026-02-15 0501 IQ9RG            599 1518  DK1X             599  331     0
QSO:    3595 RY 2026-02-15 0501 IQ9RG            599 1519  OM7AG            599  215     0
QSO:    3595 RY 2026-02-15 0502 IQ9RG            599 1520  F5BEG            599  307     0
QSO:    3595 RY 2026-02-15 0502 IQ9RG            599 1521  DJ4WM            599  283     0
QSO:    3595 RY 2026-02-15 0503 IQ9RG            599 1522  AG4TT            599  343     0
QSO:    3595 RY 2026-02-15 0503 IQ9RG            599 1523  F8CRS            599  350     0
QSO:    3595 RY 2026-02-15 0504 IQ9RG            599 1524  EA5IL            599  208     0
QSO:    3595 RY 2026-02-15 0506 IQ9RG            599 1525  4L/S53EL         599  750     0
QSO:    3595 RY 2026-02-15 0507 IQ9RG            599 1526  DP6A             599  1080    0
QSO:    3595 RY 2026-02-15 0508 IQ9RG            599 1527  WK1Q             599  915     0
QSO:    3595 RY 2026-02-15 0508 IQ9RG            599 1528  MM9I             599  928     0
QSO:    3595 RY 2026-02-15 0511 IQ9RG            599 1529  AE1P             599  879     0
QSO:    3595 RY 2026-02-15 0512 IQ9RG            599 1530  OG2P             599  717     0
QSO:    3595 RY 2026-02-15 0514 IQ9RG            599 1531  N3QE             599  1362    0
QSO:    3595 RY 2026-02-15 0515 IQ9RG            599 1532  WO1N             599  021     0
QSO:    3595 RY 2026-02-15 0517 IQ9RG            599 1533  IK6EIW           599  080     0
QSO:    3595 RY 2026-02-15 0518 IQ9RG            599 1534  YL2NK            599  329     0
QSO:    3595 RY 2026-02-15 0519 IQ9RG            599 1535  DL7LAM           599  083     0
QSO:    3595 RY 2026-02-15 0521 IQ9RG            599 1536  K5ZD             599  1715    0
QSO:    3595 RY 2026-02-15 0522 IQ9RG            599 1537  ON4ACW           599  044     0
QSO:    3595 RY 2026-02-15 0523 IQ9RG            599 1538  S54L             599  1049    0
QSO:    3595 RY 2026-02-15 0524 IQ9RG            599 1539  DL8TG            599  678     0
QSO:    3595 RY 2026-02-15 0524 IQ9RG            599 1540  YQ6A             599  1007    0
QSO:    3595 RY 2026-02-15 0525 IQ9RG            599 1541  SP9FOW           599  097     0
QSO:    3595 RY 2026-02-15 0526 IQ9RG            599 1542  IK2AUK           599  162     0
QSO:    3595 RY 2026-02-15 0527 IQ9RG            599 1543  DN0UKW           599  142     0
QSO:    3595 RY 2026-02-15 0528 IQ9RG            599 1544  WJ1U             599  819     0
QSO:    3595 RY 2026-02-15 0529 IQ9RG            599 1545  K2AL             599  152     0
QSO:    3595 RY 2026-02-15 0531 IQ9RG            599 1546  I4JED            599  613     0
QSO:    3595 RY 2026-02-15 0531 IQ9RG            599 1547  AA3B             599  1941    0
QSO:    3595 RY 2026-02-15 0532 IQ9RG            599 1548  IK3ORD           599  273     0
QSO:    3595 RY 2026-02-15 0534 IQ9RG            599 1549  F4HRG            599  187     0
QSO:    3595 RY 2026-02-15 0534 IQ9RG            599 1550  DM4X             599  1167    0
QSO:    3595 RY 2026-02-15 0535 IQ9RG            599 1551  I2DJX            599  248     0
QSO:    3595 RY 2026-02-15 0536 IQ9RG            599 1552  ND3D             599  1385    0
QSO:    3595 RY 2026-02-15 0538 IQ9RG            599 1553  OH1NOA           599  805     0
QSO:    3595 RY 2026-02-15 0539 IQ9RG            599 1554  IV3KNT           599  111     0
QSO:    3595 RY 2026-02-15 0539 IQ9RG            599 1555  DK1KC            599  041     0
QSO:    3595 RY 2026-02-15 0540 IQ9RG            599 1556  US5CDH           599  097     0
QSO:    3595 RY 2026-02-15 0543 IQ9RG            599 1557  F6HBR            599  094     0
QSO:    3595 RY 2026-02-15 0545 IQ9RG            599 1558  EA4BAS           599  492     0
QSO:    3595 RY 2026-02-15 0546 IQ9RG            599 1559  K9CT             599  450     0
QSO:    3595 RY 2026-02-15 0549 IQ9RG            599 1560  VE3BR            599  308     0
QSO:    3595 RY 2026-02-15 0550 IQ9RG            599 1561  AA4CS            599  094     0
QSO:    3595 RY 2026-02-15 0551 IQ9RG            599 1562  AA6AA            599  244     0
QSO:    3595 RY 2026-02-15 0552 IQ9RG            599 1563  SE6K             599  289     0
QSO:    3595 RY 2026-02-15 0554 IQ9RG            599 1564  DR3K             599  541     0
QSO:    3595 RY 2026-02-15 0555 IQ9RG            599 1565  DK2OY            599  415     0
QSO:    3583 RY 2026-02-15 0558 IQ9RG            599 1566  II3O             599  241     0
QSO:    3598 RY 2026-02-15 0558 IQ9RG            599 1567  GM5G             599  1075    0
QSO:    3585 RY 2026-02-15 0559 IQ9RG            599 1568  IP5A             599  598     0
QSO:    3580 RY 2026-02-15 0600 IQ9RG            599 1569  IS0AFM           599  292     0
QSO:    3594 RY 2026-02-15 0606 IQ9RG            599 1570  IK0PEA           599  072     0
QSO:    3594 RY 2026-02-15 0607 IQ9RG            599 1571  ME6W             599  670     0
QSO:    7062 RY 2026-02-15 0613 IQ9RG            599 1468  Z3/SV1DAY        599  030     0
QSO:    7062 RY 2026-02-15 0614 IQ9RG            599 1572  IK4RVY           599  367     0
QSO:    7062 RY 2026-02-15 0615 IQ9RG            599 1573  IK2SAR           599  288     0
QSO:    7062 RY 2026-02-15 0616 IQ9RG            599 1574  HB9RB            599  060     0
QSO:    7062 RY 2026-02-15 0616 IQ9RG            599 1575  LC7X             599  213     0
QSO:    7062 RY 2026-02-15 0617 IQ9RG            599 1576  HB9DCM           599  119     0
QSO:    7062 RY 2026-02-15 0618 IQ9RG            599 1577  IU7XWD           599  057     0
QSO:    7062 RY 2026-02-15 0619 IQ9RG            599 1578  DL1GME           599  149     0
QSO:    7062 RY 2026-02-15 0620 IQ9RG            599 1579  AA6AA            599  251     0
QSO:    7062 RY 2026-02-15 0621 IQ9RG            599 1580  SM7CIL           599  079     0
QSO:    7062 RY 2026-02-15 0622 IQ9RG            599 1581  DJ1MM            599  233     0
QSO:    7062 RY 2026-02-15 0623 IQ9RG            599 1582  SP6MLX           599  080     0
QSO:    7062 RY 2026-02-15 0624 IQ9RG            599 1583  OR7G             599  698     0
QSO:    7062 RY 2026-02-15 0624 IQ9RG            599 1584  PG3N             599  070     0
QSO:    7062 RY 2026-02-15 0625 IQ9RG            599 1585  DL5MFF           599  021     0
QSO:    7062 RY 2026-02-15 0626 IQ9RG            599 1586  ES2MA            599  127     0
QSO:    7055 RY 2026-02-15 0627 IQ9RG            599 1587  OZ11A            599  760     0
QSO:    7058 RY 2026-02-15 0627 IQ9RG            599 1588  IO8O             599  354     0
QSO:    7057 RY 2026-02-15 0630 IQ9RG            599 1589  YO4NT            599  142     0
QSO:    7057 RY 2026-02-15 0630 IQ9RG            599 1590  DL1ZBO           599  312     0
QSO:    7057 RY 2026-02-15 0631 IQ9RG            599 1591  F8CRS            599  356     0
QSO:   21088 RY 2026-02-15 0643 IQ9RG            599 1592  UC5D             599  008     0
QSO:   21090 RY 2026-02-15 0648 IQ9RG            599 1593  JS1KKY           599  175     0
QSO:   21090 RY 2026-02-15 0649 IQ9RG            599 1594  UT8EL            599  111     0
QSO:   21090 RY 2026-02-15 0650 IQ9RG            599 1595  JA3HBF           599  207     0
QSO:   21090 RY 2026-02-15 0650 IQ9RG            599 1596  JA5ENO           599  077     0
QSO:   21090 RY 2026-02-15 0651 IQ9RG            599 1597  YB1UUN           599  155     0
QSO:   21090 RY 2026-02-15 0653 IQ9RG            599 1598  R6SH             599  093     0
QSO:   21090 RY 2026-02-15 0657 IQ9RG            599 1599  JM1XCW           599  486     0
QSO:   21090 RY 2026-02-15 0658 IQ9RG            599 1600  JR4FLW           599  205     0
QSO:   21090 RY 2026-02-15 0659 IQ9RG            599 1601  JE2PCY           599  032     0
QSO:   21090 RY 2026-02-15 0702 IQ9RG            599 1602  JA2HYD           599  211     0
QSO:   21090 RY 2026-02-15 0703 IQ9RG            599 1603  RC7KJ            599  056     0
QSO:   21090 RY 2026-02-15 0703 IQ9RG            599 1604  JE2UFF           599  376     0
QSO:   21090 RY 2026-02-15 0705 IQ9RG            599 1605  JA3GOJ           599  058     0
QSO:   21090 RY 2026-02-15 0705 IQ9RG            599 1606  RG8U             599  078     0
QSO:   21090 RY 2026-02-15 0708 IQ9RG            599 1607  UR4CU            599  119     0
QSO:   21090 RY 2026-02-15 0710 IQ9RG            599 1608  JH9CEN           599  182     0
QSO:   21090 RY 2026-02-15 0711 IQ9RG            599 1609  TA9M             599  005     0
QSO:   21090 RY 2026-02-15 0712 IQ9RG            599 1610  UT5EL            599  508     0
QSO:   21090 RY 2026-02-15 0715 IQ9RG            599 1611  7N2UQC           599  416     0
QSO:   21090 RY 2026-02-15 0716 IQ9RG            599 1612  4X1ST            599  189     0
QSO:   21090 RY 2026-02-15 0717 IQ9RG            599 1613  JA2VO            599  020     0
QSO:   21090 RY 2026-02-15 0719 IQ9RG            599 1615  UK7AL            599  076     0
QSO:   21090 RY 2026-02-15 0722 IQ9RG            599 1616  YB9ELS           599  500     0
QSO:   21090 RY 2026-02-15 0724 IQ9RG            599 1617  HL3ANF           599  045     0
QSO:   28084 RY 2026-02-15 0726 IQ9RG            599 1618  JH7QXJ           599  533     0
QSO:   21082 RY 2026-02-15 0727 IQ9RG            599 1619  JH6WHN           599  382     0
QSO:   28082 RY 2026-02-15 0728 IQ9RG            599 1620  JH3AIU           599  370     0
QSO:   21113 RY 2026-02-15 0732 IQ9RG            599 1622  JH4UTP           599  318     0
QSO:   28108 RY 2026-02-15 0733 IQ9RG            599 1621  JH4UTP           599  320     0
QSO:   21081 RY 2026-02-15 0733 IQ9RG            599 1623  RK8I             599  293     0
QSO:   21083 RY 2026-02-15 0734 IQ9RG            599 1624  UC8U             599  515     0
QSO:   21096 RY 2026-02-15 0736 IQ9RG            599 1625  YD1FRU           599  318     0
QSO:   28112 RY 2026-02-15 0736 IQ9RG            599 1626  JA6GCE           599  545     0
QSO:   28105 RY 2026-02-15 0737 IQ9RG            599 1627  VR2WNX           599  194     0
QSO:   28088 RY 2026-02-15 0739 IQ9RG            599 1628  UF8C             599  391     0
QSO:   28086 RY 2026-02-15 0740 IQ9RG            599 1629  TA7AO            599  175     0
QSO:   28082 RY 2026-02-15 0742 IQ9RG            599 1630  RX6ACJ           599  183     0
QSO:   28082 RY 2026-02-15 0742 IQ9RG            599 1631  RU5X             599  324     0
QSO:   28082 RY 2026-02-15 0743 IQ9RG            599 1632  R3AQ             599  722     0
QSO:   28082 RY 2026-02-15 0744 IQ9RG            599 1633  R6OQ             599  045     0
QSO:   28082 RY 2026-02-15 0744 IQ9RG            599 1634  JA1BJI           599  623     0
QSO:   28082 RY 2026-02-15 0746 IQ9RG            599 1635  JA1WSK           599  114     0
QSO:   28082 RY 2026-02-15 0747 IQ9RG            599 1636  RM5F             599  1693    0
QSO:   28082 RY 2026-02-15 0747 IQ9RG            599 1637  JH1TJH           599  079     0
QSO:   28082 RY 2026-02-15 0749 IQ9RG            599 1638  JH1CTV           599  210     0
QSO:   28082 RY 2026-02-15 0749 IQ9RG            599 1639  JI4WAO           599  086     0
QSO:   28082 RY 2026-02-15 0750 IQ9RG            599 1640  JF1TEU           599  121     0
QSO:   28082 RY 2026-02-15 0751 IQ9RG            599 1641  UR5LY            599  235     0
QSO:   28082 RY 2026-02-15 0751 IQ9RG            599 1642  R0UT             599  237     0
QSO:   28082 RY 2026-02-15 0752 IQ9RG            599 1643  JH7PIP           599  081     0
QSO:   28082 RY 2026-02-15 0753 IQ9RG            599 1644  RM6OB            599  149     0
QSO:   28082 RY 2026-02-15 0754 IQ9RG            599 1645  RA0R             599  733     0
QSO:   28082 RY 2026-02-15 0755 IQ9RG            599 1646  BG4IDK           599  239     0
QSO:   28082 RY 2026-02-15 0755 IQ9RG            599 1647  UT8EU            599  192     0
QSO:   28082 RY 2026-02-15 0756 IQ9RG            599 1648  JR1BFZ/2         599  063     0
QSO:   28082 RY 2026-02-15 0756 IQ9RG            599 1649  JA7MCB           599  193     0
QSO:   28082 RY 2026-02-15 0757 IQ9RG            599 1650  SP2ERZ           599  080     0
QSO:   28082 RY 2026-02-15 0758 IQ9RG            599 1651  SQ2PHC           599  052     0
QSO:   28082 RY 2026-02-15 0759 IQ9RG            599 1652  EI4HQ            599  009     0
QSO:   28082 RY 2026-02-15 0800 IQ9RG            599 1653  R6OF             599  225     0
QSO:   28082 RY 2026-02-15 0800 IQ9RG            599 1654  JE1LFX           599  685     0
QSO:   28082 RY 2026-02-15 0801 IQ9RG            599 1655  JH1RFM           599  063     0
QSO:   28082 RY 2026-02-15 0801 IQ9RG            599 1656  DL7YS            599  190     0
QSO:   28082 RY 2026-02-15 0802 IQ9RG            599 1657  JM1XCW           599  517     0
QSO:   28082 RY 2026-02-15 0803 IQ9RG            599 1658  DJ4WM            599  309     0
QSO:   28120 RY 2026-02-15 0804 IQ9RG            599 1659  JE5HTN           599  335     0
QSO:   28113 RY 2026-02-15 0804 IQ9RG            599 1660  RW0SR            599  207     0
QSO:   28096 RY 2026-02-15 0805 IQ9RG            599 1661  RM0W             599  442     0
QSO:   28093 RY 2026-02-15 0808 IQ9RG            599 1662  EE7R             599  410     0
QSO:   21085 RY 2026-02-15 0808 IQ9RG            599 1663  BA3AX            599  144     0
QSO:   21110 RY 2026-02-15 0810 IQ9RG            599 1664  YT0W             599  343     0
QSO:   28086 RY 2026-02-15 0810 IQ9RG            599 1665  OD5YA            599  082     0
QSO:   28092 RY 2026-02-15 0811 IQ9RG            599 1666  RU0LL            599  379     0
QSO:   28090 RY 2026-02-15 0814 IQ9RG            599 1668  JA2AXB           599  257     0
QSO:   28106 RY 2026-02-15 0817 IQ9RG            599 1670  SO6X             599  222     0
QSO:   28111 RY 2026-02-15 0817 IQ9RG            599 1671  HA4HA            599  386     0
QSO:   28105 RY 2026-02-15 0818 IQ9RG            599 1672  HS0ZET           599  251     0
QSO:   28096 RY 2026-02-15 0821 IQ9RG            599 1673  RA4L             599  200     0
QSO:   28117 RY 2026-02-15 0822 IQ9RG            599 1674  JF3LOP           599  179     0
QSO:   28080 RY 2026-02-15 0826 IQ9RG            599 1675  YT1X             599  578     0
QSO:   28094 RY 2026-02-15 0829 IQ9RG            599 1676  YT3X             599  591     0
QSO:   21093 RY 2026-02-15 0830 IQ9RG            599 1677  LZ4AE            599  645     0
QSO:   28087 RY 2026-02-15 0831 IQ9RG            599 1678  BG5BAA           599  044     0
QSO:   28097 RY 2026-02-15 0831 IQ9RG            599 1679  MC2I             599  977     0
QSO:   14124 RY 2026-02-15 0835 IQ9RG            599 1682  EB3TR            599  154     0
QSO:   28110 RY 2026-02-15 0842 IQ9RG            599 1683  DL7AU            599  329     0
QSO:   28110 RY 2026-02-15 0843 IQ9RG            599 1684  IV3CVN           599  077     0
QSO:   28110 RY 2026-02-15 0844 IQ9RG            599 1685  F8CRS            599  488     0
QSO:   28110 RY 2026-02-15 0845 IQ9RG            599 1686  3Z50JIU          599  605     0
QSO:   28110 RY 2026-02-15 0846 IQ9RG            599 1687  YL3NU            599  279     0
QSO:   28110 RY 2026-02-15 0846 IQ9RG            599 1688  DK4VW            599  453     0
QSO:   28110 RY 2026-02-15 0847 IQ9RG            599 1689  DA3T             599  419     0
QSO:   28110 RY 2026-02-15 0847 IQ9RG            599 1690  JA9LX            599  272     0
QSO:   28110 RY 2026-02-15 0848 IQ9RG            599 1691  M8L              599  074     0
QSO:   28110 RY 2026-02-15 0849 IQ9RG            599 1692  DL9PN            599  185     0
QSO:   28110 RY 2026-02-15 0850 IQ9RG            599 1693  RX3VF            599  218     0
QSO:   28110 RY 2026-02-15 0851 IQ9RG            599 1694  EA4URE           599  082     0
QSO:   28110 RY 2026-02-15 0852 IQ9RG            599 1695  JI1BBN           599  128     0
QSO:   28110 RY 2026-02-15 0853 IQ9RG            599 1696  OK2WY            599  868     0
QSO:   28110 RY 2026-02-15 0853 IQ9RG            599 1697  SI3A             599  280     0
QSO:   28110 RY 2026-02-15 0854 IQ9RG            599 1698  JA6JNF           599  135     0
QSO:   28110 RY 2026-02-15 0855 IQ9RG            599 1699  DJ3DQ            599  208     0
QSO:   28110 RY 2026-02-15 0856 IQ9RG            599 1700  HF160ID          599  048     0
QSO:   28110 RY 2026-02-15 0857 IQ9RG            599 1701  DL9FCS           599  041     0
QSO:   28110 RY 2026-02-15 0857 IQ9RG            599 1702  EC4DEP           599  065     0
QSO:   28110 RY 2026-02-15 0900 IQ9RG            599 1703  7N2UQC           599  442     0
QSO:   28110 RY 2026-02-15 0900 IQ9RG            599 1704  PA3DUU           599  473     0
QSO:   28110 RY 2026-02-15 0901 IQ9RG            599 1705  LZ3YY            599  286     0
QSO:   28110 RY 2026-02-15 0902 IQ9RG            599 1706  ON4LDP           599  090     0
QSO:   28110 RY 2026-02-15 0902 IQ9RG            599 1707  YO9BCM           599  451     0
QSO:   28110 RY 2026-02-15 0903 IQ9RG            599 1708  DL1A             599  351     0
QSO:   28110 RY 2026-02-15 0903 IQ9RG            599 1709  YO6CFB           599  044     0
QSO:   28110 RY 2026-02-15 0904 IQ9RG            599 1710  EW8DX            599  816     0
QSO:   28110 RY 2026-02-15 0906 IQ9RG            599 1711  UT3SO            599  501     0
QSO:   28110 RY 2026-02-15 0908 IQ9RG            599 1712  R4RB             599  126     0
QSO:   28110 RY 2026-02-15 0908 IQ9RG            599 1713  DJ9KH            599  075     0
QSO:   28110 RY 2026-02-15 0910 IQ9RG            599 1714  YO3AK            599  135     0
QSO:   28110 RY 2026-02-15 0910 IQ9RG            599 1715  RA3FD            599  156     0
QSO:   28110 RY 2026-02-15 0911 IQ9RG            599 1716  PF88ANT          599  143     0
QSO:   28110 RY 2026-02-15 0911 IQ9RG            599 1717  M2E              599  329     0
QSO:   28110 RY 2026-02-15 0913 IQ9RG            599 1718  JA6WFM           599  089     0
QSO:   28110 RY 2026-02-15 0915 IQ9RG            599 1719  JH2RIH           599  058     0
QSO:   28110 RY 2026-02-15 0916 IQ9RG            599 1720  SM3LBP           599  085     0
QSO:   28110 RY 2026-02-15 0916 IQ9RG            599 1721  OH2HOD           599  224     0
QSO:   28110 RY 2026-02-15 0917 IQ9RG            599 1722  RN4HAB           599  406     0
QSO:   28110 RY 2026-02-15 0918 IQ9RG            599 1723  JN1THL           599  404     0
QSO:   28110 RY 2026-02-15 0919 IQ9RG            599 1724  JA0DAI           599  019     0
QSO:   28110 RY 2026-02-15 0919 IQ9RG            599 1725  F4ISR            599  599     0
QSO:   28110 RY 2026-02-15 0920 IQ9RG            599 1726  UT4LW            599  350     0
QSO:   28110 RY 2026-02-15 0921 IQ9RG            599 1727  HA6NL            599  550     0
QSO:   28110 RY 2026-02-15 0921 IQ9RG            599 1728  OK6GM            599  242     0
QSO:   28110 RY 2026-02-15 0923 IQ9RG            599 1729  F4GYM            599  304     0
QSO:   28110 RY 2026-02-15 0923 IQ9RG            599 1730  CT1FOQ           599  204     0
QSO:   28110 RY 2026-02-15 0924 IQ9RG            599 1731  LA3BPA           599  125     0
QSO:   28110 RY 2026-02-15 0924 IQ9RG            599 1732  YO6LM            599  560     0
QSO:   28110 RY 2026-02-15 0925 IQ9RG            599 1733  DL1STG           599  141     0
QSO:   28110 RY 2026-02-15 0926 IQ9RG            599 1734  G0TZZ            599  185     0
QSO:   28110 RY 2026-02-15 0927 IQ9RG            599 1735  RQ9O             599  634     0
QSO:   28110 RY 2026-02-15 0928 IQ9RG            599 1736  JA9CWJ           599  323     0
QSO:   28110 RY 2026-02-15 0929 IQ9RG            599 1737  F1IWH            599  194     0
QSO:   28110 RY 2026-02-15 0930 IQ9RG            599 1738  R3QX             599  021     0
QSO:   21082 RY 2026-02-15 0930 IQ9RG            599 1740  V55Y             599  645     0
QSO:   28110 RY 2026-02-15 0931 IQ9RG            599 1739  RA5BF            599  159     0
QSO:   28110 RY 2026-02-15 0932 IQ9RG            599 1742  OE3DXA           599  152     0
QSO:   28110 RY 2026-02-15 0933 IQ9RG            599 1743  EA4TK            599  094     0
QSO:   21121 RY 2026-02-15 0934 IQ9RG            599 1741  ZD7BG            599  209     0
QSO:   21102 RY 2026-02-15 0935 IQ9RG            599 1745  LU6ETB           599  497     0
QSO:   28110 RY 2026-02-15 0937 IQ9RG            599 1744  G0MBA            599  106     0
QSO:   28110 RY 2026-02-15 0938 IQ9RG            599 1746  PA7BM            599  091     0
QSO:   28110 RY 2026-02-15 0939 IQ9RG            599 1748  ES2MA            599  176     0
QSO:   28110 RY 2026-02-15 0939 IQ9RG            599 1749  DJ3GE            599  058     0
QSO:   28110 RY 2026-02-15 0940 IQ9RG            599 1750  EA7HC            599  074     0
QSO:   28110 RY 2026-02-15 0941 IQ9RG            599 1751  DK2AT            599  271     0
QSO:   28110 RY 2026-02-15 0941 IQ9RG            599 1752  US1VM            599  286     0
QSO:   28110 RY 2026-02-15 0942 IQ9RG            599 1753  DF1DT            599  155     0
QSO:   28110 RY 2026-02-15 0942 IQ9RG            599 1754  MM2N             599  831     0
QSO:   21092 RY 2026-02-15 0943 IQ9RG            599 1747  ES1LL            599  010     0
QSO:   28110 RY 2026-02-15 0943 IQ9RG            599 1755  G4CUS            599  084     0
QSO:   28110 RY 2026-02-15 0944 IQ9RG            599 1757  SQ9ANS           599  078     0
QSO:   21099 RY 2026-02-15 0945 IQ9RG            599 1756  YU5R             599  694     0
QSO:   28110 RY 2026-02-15 0946 IQ9RG            599 1758  R6DM             599  205     0
QSO:   28110 RY 2026-02-15 0946 IQ9RG            599 1759  OZ9GA            599  621     0
QSO:   21130 RY 2026-02-15 0947 IQ9RG            599 1760  Z61DX            599  035     0
QSO:   28110 RY 2026-02-15 0947 IQ9RG            599 1761  LB1UK            599  274     0
QSO:   28110 RY 2026-02-15 0948 IQ9RG            599 1762  DL5ST            599  215     0
QSO:   28110 RY 2026-02-15 0949 IQ9RG            599 1763  SP3GAX           599  372     0
QSO:   28110 RY 2026-02-15 0949 IQ9RG            599 1764  GW0RAD           599  065     0
QSO:   28110 RY 2026-02-15 0950 IQ9RG            599 1765  8S7RTTY          599  079     0
QSO:   28110 RY 2026-02-15 0951 IQ9RG            599 1766  RZ9UO            599  086     0
QSO:   28110 RY 2026-02-15 0952 IQ9RG            599 1767  SP1TJ            599  387     0
QSO:   28110 RY 2026-02-15 0952 IQ9RG            599 1768  DL1QW            599  767     0
QSO:   28110 RY 2026-02-15 0953 IQ9RG            599 1769  DH8BQA           599  1020    0
QSO:   28110 RY 2026-02-15 0953 IQ9RG            599 1770  DA0BCC           599  328     0
QSO:   28110 RY 2026-02-15 0954 IQ9RG            599 1771  SN1O             599  440     0
QSO:   28110 RY 2026-02-15 0955 IQ9RG            599 1772  DK9BM            599  489     0
QSO:   28110 RY 2026-02-15 0955 IQ9RG            599 1773  LY2TS            599  158     0
QSO:   28110 RY 2026-02-15 0957 IQ9RG            599 1774  YB9ELS           599  536     0
QSO:   28110 RY 2026-02-15 0958 IQ9RG            599 1775  IB9T             599  458     0
QSO:   28110 RY 2026-02-15 0958 IQ9RG            599 1776  F5SDD            599  027     0
QSO:   28110 RY 2026-02-15 0959 IQ9RG            599 1777  UN7CN            599  150     0
QSO:   28110 RY 2026-02-15 0959 IQ9RG            599 1778  4Z4DX            599  271     0
QSO:   14117 RY 2026-02-15 1000 IQ9RG            599 1779  IW9FI            599  029     0
QSO:   28110 RY 2026-02-15 1001 IQ9RG            599 1780  DF8JK            599  189     0
QSO:   28110 RY 2026-02-15 1001 IQ9RG            599 1781  9A1A             599  408     0
QSO:   14099 RY 2026-02-15 1003 IQ9RG            599 1782  A71MM            599  166     0
QSO:   14100 RY 2026-02-15 1004 IQ9RG            599 1783  YT7E             599  357     0
QSO:   14118 RY 2026-02-15 1009 IQ9RG            599 1784  OG16M            599  310     0
QSO:   28110 RY 2026-02-15 1010 IQ9RG            599 1785  SQ3OOK           599  166     0
QSO:   14079 RY 2026-02-15 1010 IQ9RG            599 1786  R1CP             599  503     0
QSO:   28110 RY 2026-02-15 1010 IQ9RG            599 1787  US4UU            599  158     0
QSO:   14089 RY 2026-02-15 1011 IQ9RG            599 1788  F4CVO            599  221     0
QSO:   14102 RY 2026-02-15 1014 IQ9RG            599 1790  IP9R             599  539     0
QSO:   14106 RY 2026-02-15 1015 IQ9RG            599 1791  OT5Q             599  293     0
QSO:   14122 RY 2026-02-15 1016 IQ9RG            599 1792  EB1BCG           599  332     0
QSO:   14107 RY 2026-02-15 1018 IQ9RG            599 1793  DK6WL            599  216     0
QSO:   14109 RY 2026-02-15 1020 IQ9RG            599 1794  OZ/UT0NT         599  496     0
QSO:   14078 RY 2026-02-15 1021 IQ9RG            599 1795  IU1FQQ           599  142     0
QSO:   14096 RY 2026-02-15 1023 IQ9RG            599 1796  ED3D             599  646     0
QSO:   14094 RY 2026-02-15 1024 IQ9RG            599 1797  SF0A             599  392     0
QSO:   14124 RY 2026-02-15 1025 IQ9RG            599 1798  IP2T             599  191     0
QSO:   14110 RY 2026-02-15 1026 IQ9RG            599 1799  OZ7AM            599  099     0
QSO:   14085 RY 2026-02-15 1027 IQ9RG            599 1800  UX9ZA            599  332     0
QSO:   14089 RY 2026-02-15 1029 IQ9RG            599 1801  3Z100A           599  047     0
QSO:   14090 RY 2026-02-15 1030 IQ9RG            599 1802  OM8JP            599  193     0
QSO:   14072 RY 2026-02-15 1032 IQ9RG            599 1803  OH4JPV           599  003     0
QSO:   14121 RY 2026-02-15 1033 IQ9RG            599 1804  EF5Q             599  141     0
QSO:   14089 RY 2026-02-15 1033 IQ9RG            599 1805  SC6O             599  065     0
QSO:   14084 RY 2026-02-15 1034 IQ9RG            599 1806  RJ3F             599  231     0
QSO:   14107 RY 2026-02-15 1035 IQ9RG            599 1807  EW6DM            599  341     0
QSO:   14094 RY 2026-02-15 1037 IQ9RG            599 1808  PB1CNN           599  045     0
QSO:   28109 RY 2026-02-15 1038 IQ9RG            599 1789  DJ9DZ            599  966     0
QSO:   28109 RY 2026-02-15 1039 IQ9RG            599 1809  G0FGI            599  429     0
QSO:   28109 RY 2026-02-15 1039 IQ9RG            599 1810  UT0CK            599  236     0
QSO:   14124 RY 2026-02-15 1040 IQ9RG            599 1812  E78T             599  139     0
QSO:   28109 RY 2026-02-15 1041 IQ9RG            599 1811  F5TFW            599  255     0
QSO:   28109 RY 2026-02-15 1042 IQ9RG            599 1814  DK9DA            599  338     0
QSO:   28109 RY 2026-02-15 1044 IQ9RG            599 1815  DF1VB            599  115     0
QSO:   28109 RY 2026-02-15 1045 IQ9RG            599 1816  OO4M             599  016     0
QSO:   28109 RY 2026-02-15 1045 IQ9RG            599 1817  UR5FS            599  228     0
QSO:   28109 RY 2026-02-15 1046 IQ9RG            599 1818  DG9RE            599  079     0
QSO:   28109 RY 2026-02-15 1047 IQ9RG            599 1819  DN4TG            599  025     0
QSO:   28109 RY 2026-02-15 1048 IQ9RG            599 1820  YU0T             599  124     0
QSO:   28109 RY 2026-02-15 1049 IQ9RG            599 1821  DL6NAV           599  076     0
QSO:   28109 RY 2026-02-15 1050 IQ9RG            599 1822  DL6ZFG           599  061     0
QSO:   28109 RY 2026-02-15 1051 IQ9RG            599 1823  DC2VE            599  108     0
QSO:   28109 RY 2026-02-15 1054 IQ9RG            599 1824  R3BAV            599  101     0
QSO:   28109 RY 2026-02-15 1055 IQ9RG            599 1825  SP2DKI           599  039     0
QSO:   28109 RY 2026-02-15 1055 IQ9RG            599 1826  EA2KV            599  329     0
QSO:   28109 RY 2026-02-15 1056 IQ9RG            599 1827  RA3V             599  193     0
QSO:   28109 RY 2026-02-15 1057 IQ9RG            599 1828  DK7HA            599  689     0
QSO:   28109 RY 2026-02-15 1058 IQ9RG            599 1829  SQ8YHF           599  475     0
QSO:   28119 RY 2026-02-15 1059 IQ9RG            599 1830  OH5YL            599  648     0
QSO:   28109 RY 2026-02-15 1100 IQ9RG            599 1831  R7OV             599  291     0
QSO:   28109 RY 2026-02-15 1101 IQ9RG            599 1832  R6SA             599  024     0
QSO:   28109 RY 2026-02-15 1101 IQ9RG            599 1833  2E0CEY           599  249     0
QSO:   28109 RY 2026-02-15 1102 IQ9RG            599 1834  RG8U             599  121     0
QSO:   28109 RY 2026-02-15 1106 IQ9RG            599 1836  R3WA             599  219     0
QSO:   21105 RY 2026-02-15 1111 IQ9RG            599 1838  DF8QB            599  532     0
QSO:   21105 RY 2026-02-15 1111 IQ9RG            599 1839  DL3DRN           599  378     0
QSO:   21105 RY 2026-02-15 1112 IQ9RG            599 1840  OH3OJ            599  656     0
QSO:   28088 RY 2026-02-15 1113 IQ9RG            599 1837  HZ1TT            599  247     0
QSO:   21105 RY 2026-02-15 1113 IQ9RG            599 1841  DA1EX            599  104     0
QSO:   21105 RY 2026-02-15 1113 IQ9RG            599 1842  JE2BOM           599  568     0
QSO:   21105 RY 2026-02-15 1115 IQ9RG            599 1843  UW7Q             599  568     0
QSO:   21105 RY 2026-02-15 1115 IQ9RG            599 1844  SN7Q             599  174     0
QSO:   21105 RY 2026-02-15 1116 IQ9RG            599 1845  S51DD            599  294     0
QSO:   21105 RY 2026-02-15 1117 IQ9RG            599 1846  SP100RADIO       599  209     0
QSO:   21105 RY 2026-02-15 1118 IQ9RG            599 1847  JO1VRK           599  044     0
QSO:   21105 RY 2026-02-15 1119 IQ9RG            599 1848  VK3SIM           599  034     0
QSO:   21105 RY 2026-02-15 1121 IQ9RG            599 1849  G1SCT            599  232     0
QSO:   21105 RY 2026-02-15 1122 IQ9RG            599 1850  JS2NYJ           599  103     0
QSO:   21105 RY 2026-02-15 1123 IQ9RG            599 1851  DG6TOM           599  121     0
QSO:   21105 RY 2026-02-15 1124 IQ9RG            599 1852  G4AHN            599  157     0
QSO:   21105 RY 2026-02-15 1124 IQ9RG            599 1853  IZ6JPK           599  662     0
QSO:   21105 RY 2026-02-15 1125 IQ9RG            599 1854  DK4EF            599  020     0
QSO:   21105 RY 2026-02-15 1127 IQ9RG            599 1855  DJ1TU            599  232     0
QSO:   21105 RY 2026-02-15 1127 IQ9RG            599 1856  GW0A             599  984     0
QSO:   21105 RY 2026-02-15 1128 IQ9RG            599 1857  JR2IGV           599  065     0
QSO:   21105 RY 2026-02-15 1129 IQ9RG            599 1858  BU2GO            599  022     0
QSO:   21105 RY 2026-02-15 1130 IQ9RG            599 1859  DL1STV           599  033     0
QSO:   21105 RY 2026-02-15 1131 IQ9RG            599 1860  EA4KD            599  396     0
QSO:   21105 RY 2026-02-15 1132 IQ9RG            599 1861  DL5MHX           599  298     0
QSO:   21105 RY 2026-02-15 1132 IQ9RG            599 1863  DL8MBS           599  082     0
QSO:   21105 RY 2026-02-15 1133 IQ9RG            599 1864  DL5RMH           599  397     0
QSO:   21105 RY 2026-02-15 1134 IQ9RG            599 1865  SQ6ELV           599  043     0
QSO:   21105 RY 2026-02-15 1135 IQ9RG            599 1866  RL9L             599  025     0
QSO:   21105 RY 2026-02-15 1135 IQ9RG            599 1867  RK9AY            599  219     0
QSO:   21105 RY 2026-02-15 1136 IQ9RG            599 1868  ED7O             599  847     0
QSO:   21105 RY 2026-02-15 1138 IQ9RG            599 1869  DL4BE            599  038     0
QSO:   21120 RY 2026-02-15 1140 IQ9RG            599 1870  RN3QQT           599  474     0
QSO:   21094 RY 2026-02-15 1143 IQ9RG            599 1871  RG6ZF            599  232     0
QSO:   21135 RY 2026-02-15 1143 IQ9RG            599 1872  ZV8PA            599  072     0
QSO:   21100 RY 2026-02-15 1145 IQ9RG            599 1873  OR3A             599  191     0
QSO:   21123 RY 2026-02-15 1146 IQ9RG            599 1874  LU5VV            599  034     0
QSO:   21112 RY 2026-02-15 1146 IQ9RG            599 1875  MW0CRI           599  131     0
QSO:   21097 RY 2026-02-15 1148 IQ9RG            599 1876  SE5T             599  289     0
QSO:   21105 RY 2026-02-15 1150 IQ9RG            599 1877  TA7I             599  579     0
QSO:   21105 RY 2026-02-15 1151 IQ9RG            599 1878  JR8ORC           599  085     0
QSO:   21132 RY 2026-02-15 1151 IQ9RG            599 1879  SP9DTE           599  315     0
QSO:   21105 RY 2026-02-15 1152 IQ9RG            599 1880  SP3MZ            599  057     0
QSO:   21105 RY 2026-02-15 1152 IQ9RG            599 1881  DD7KT            599  032     0
QSO:   21105 RY 2026-02-15 1153 IQ9RG            599 1882  RK9UM            599  273     0
QSO:   21105 RY 2026-02-15 1154 IQ9RG            599 1883  DL0HMK           599  800     0
QSO:   21105 RY 2026-02-15 1155 IQ9RG            599 1884  OK6AB            599  323     0
QSO:   21105 RY 2026-02-15 1155 IQ9RG            599 1885  SQ9CXC           599  066     0
QSO:   21105 RY 2026-02-15 1156 IQ9RG            599 1886  DL3KVR           599  192     0
QSO:   21105 RY 2026-02-15 1157 IQ9RG            599 1887  EC7YY            599  998     0
QSO:   21105 RY 2026-02-15 1158 IQ9RG            599 1888  RG2Y             599  731     0
QSO:   21105 RY 2026-02-15 1158 IQ9RG            599 1889  RW0AJ            599  190     0
QSO:   28101 RY 2026-02-15 1200 IQ9RG            599 1862  8R1TM            599  237     0
QSO:   21105 RY 2026-02-15 1202 IQ9RG            599 1890  SP3PDO           599  179     0
QSO:   21105 RY 2026-02-15 1202 IQ9RG            599 1891  OK2LC            599  292     0
QSO:   21105 RY 2026-02-15 1203 IQ9RG            599 1892  OZ1QX            599  102     0
QSO:   28112 RY 2026-02-15 1204 IQ9RG            599 1893  3V8LL            599  1228    0
QSO:   28127 RY 2026-02-15 1205 IQ9RG            599 1894  PY2XC            599  163     0
QSO:   28119 RY 2026-02-15 1206 IQ9RG            599 1895  CE7VP            599  312     0
QSO:   28116 RY 2026-02-15 1210 IQ9RG            599 1896  9J2FI            599  074     0
QSO:   28134 RY 2026-02-15 1211 IQ9RG            599 1897  UN3M             599  256     0
QSO:   28108 RY 2026-02-15 1212 IQ9RG            599 1898  YL5T             599  112     0
QSO:   28114 RY 2026-02-15 1215 IQ9RG            599 1899  GU6EFB           599  064     0
QSO:   28089 RY 2026-02-15 1221 IQ9RG            599 1900  ED8M             599  3043    0
QSO:   28089 RY 2026-02-15 1222 IQ9RG            599 1901  UT5EL            599  579     0
QSO:   28089 RY 2026-02-15 1223 IQ9RG            599 1902  UK7AL            599  142     0
QSO:   28089 RY 2026-02-15 1223 IQ9RG            599 1903  G8S              599  115     0
QSO:   28089 RY 2026-02-15 1224 IQ9RG            599 1904  OZ7HB            599  290     0
QSO:   28089 RY 2026-02-15 1225 IQ9RG            599 1905  M1PTR            599  054     0
QSO:   21130 RY 2026-02-15 1225 IQ9RG            599 1906  9Y4M             599  257     0
QSO:   28089 RY 2026-02-15 1225 IQ9RG            599 1907  RT2H             599  520     0
QSO:   28089 RY 2026-02-15 1226 IQ9RG            599 1908  GW0RYT           599  043     0
QSO:   28089 RY 2026-02-15 1227 IQ9RG            599 1909  UW7Q             599  622     0
QSO:   21110 RY 2026-02-15 1227 IQ9RG            599 1910  CT7BJG           599  890     0
QSO:   21096 RY 2026-02-15 1229 IQ9RG            599 1911  IO7A             599  140     0
QSO:   21110 RY 2026-02-15 1230 IQ9RG            599 1913  OE2GEN           599  064     0
QSO:   28110 RY 2026-02-15 1231 IQ9RG            599 1912  CX6TU            599  331     0
QSO:   28082 RY 2026-02-15 1231 IQ9RG            599 1914  PU2USK           599  145     0
QSO:   28102 RY 2026-02-15 1232 IQ9RG            599 1915  LT6T             599  295     0
QSO:   28084 RY 2026-02-15 1233 IQ9RG            599 1916  R3LC             599  051     0
QSO:   28091 RY 2026-02-15 1234 IQ9RG            599 1917  OH3FM            599  985     0
QSO:   21105 RY 2026-02-15 1238 IQ9RG            599 1919  DR1X             599  759     0
QSO:   14083 RY 2026-02-15 1240 IQ9RG            599 1813  RA6LIS           599  260     0
QSO:   14124 RY 2026-02-15 1241 IQ9RG            599 1921  SV8IIR           599  291     0
QSO:   14129 RY 2026-02-15 1243 IQ9RG            599 1922  TA0S             599  145     0
QSO:   14105 RY 2026-02-15 1246 IQ9RG            599 1923  JA6GCE           599  726     0
QSO:   14094 RY 2026-02-15 1247 IQ9RG            599 1924  UX1VX            599  026     0
QSO:   14103 RY 2026-02-15 1249 IQ9RG            599 1925  DP4M             599  660     0
QSO:   14100 RY 2026-02-15 1251 IQ9RG            599 1926  LB6VI            599  422     0
QSO:   14105 RY 2026-02-15 1254 IQ9RG            599 1927  OQ0Q             599  275     0
QSO:   14105 RY 2026-02-15 1254 IQ9RG            599 1928  OQ0Q             599  505     0
QSO:   14095 RY 2026-02-15 1258 IQ9RG            599 1929  RN1AO            599  023     0
QSO:   14095 RY 2026-02-15 1258 IQ9RG            599 1930  DG9BFE           599  047     0
QSO:   14095 RY 2026-02-15 1259 IQ9RG            599 1931  HA3FUP           599  142     0
QSO:   14095 RY 2026-02-15 1300 IQ9RG            599 1932  IZ5MMT           599  045     0
QSO:   14095 RY 2026-02-15 1301 IQ9RG            599 1933  DL1ABR           599  434     0
QSO:   14095 RY 2026-02-15 1302 IQ9RG            599 1934  F1MKC            599  078     0
QSO:   14095 RY 2026-02-15 1302 IQ9RG            599 1935  M2E              599  352     0
QSO:   14095 RY 2026-02-15 1303 IQ9RG            599 1936  ON8NT            599  126     0
QSO:   14095 RY 2026-02-15 1304 IQ9RG            599 1937  SN5WD            599  318     0
QSO:   14095 RY 2026-02-15 1304 IQ9RG            599 1938  YO2LDU           599  092     0
QSO:   14095 RY 2026-02-15 1305 IQ9RG            599 1939  ON4DN            599  312     0
QSO:   14095 RY 2026-02-15 1305 IQ9RG            599 1940  IU3TAI           599  017     0
QSO:   14095 RY 2026-02-15 1306 IQ9RG            599 1941  OM2BK            599  275     0
QSO:   14094 RY 2026-02-15 1307 IQ9RG            599 1942  PA2IP            599  247     0
QSO:   21135 RY 2026-02-15 1309 IQ9RG            599 1920  RN2FQ            599  109     0
QSO:   14120 RY 2026-02-15 1309 IQ9RG            599 1943  EB7KA            599  184     0
QSO:   21100 RY 2026-02-15 1310 IQ9RG            599 1944  ON6WP            599  019     0
QSO:   14100 RY 2026-02-15 1313 IQ9RG            599 1946  EW6DM            599  919     0
QSO:   14100 RY 2026-02-15 1314 IQ9RG            599 1947  II9I             599  919     0
QSO:   14095 RY 2026-02-15 1318 IQ9RG            599 1948  RZ3Z             599  280     0
QSO:   14095 RY 2026-02-15 1319 IQ9RG            599 1949  DL1ZBO           599  376     0
QSO:   14095 RY 2026-02-15 1320 IQ9RG            599 1951  R6OAF            599  344     0
QSO:   14095 RY 2026-02-15 1321 IQ9RG            599 1952  YO9CWY           599  210     0
QSO:   14095 RY 2026-02-15 1321 IQ9RG            599 1953  IK5QPS           599  148     0
QSO:   14128 RY 2026-02-15 1322 IQ9RG            599 1950  TM5T             599  570     0
QSO:   14095 RY 2026-02-15 1322 IQ9RG            599 1954  RX3VF            599  263     0
QSO:   14095 RY 2026-02-15 1322 IQ9RG            599 1955  SI3A             599  368     0
QSO:   14095 RY 2026-02-15 1323 IQ9RG            599 1956  JH7RTQ           599  456     0
QSO:   14095 RY 2026-02-15 1324 IQ9RG            599 1957  F5GKW            599  615     0
QSO:   14095 RY 2026-02-15 1325 IQ9RG            599 1958  DL1NRC           599  039     0
QSO:   14095 RY 2026-02-15 1326 IQ9RG            599 1959  M0XXJ            599  010     0
QSO:   14096 RY 2026-02-15 1327 IQ9RG            599 1960  IK1RGK           599  524     0
QSO:   28086 RY 2026-02-15 1328 IQ9RG            599 1918  PP5FZ            599  054     0
QSO:   14096 RY 2026-02-15 1328 IQ9RG            599 1961  G6ELF            599  121     0
QSO:   14096 RY 2026-02-15 1330 IQ9RG            599 1963  F4EQN            599  905     0
QSO:   14096 RY 2026-02-15 1330 IQ9RG            599 1964  DK1FS            599  155     0
QSO:   28107 RY 2026-02-15 1331 IQ9RG            599 1962  XQ3SK            599  051     0
QSO:   28113 RY 2026-02-15 1333 IQ9RG            599 1965  PU1JSV           599  222     0
QSO:   14094 RY 2026-02-15 1333 IQ9RG            599 1966  US5CDH           599  190     0
QSO:   14094 RY 2026-02-15 1333 IQ9RG            599 1967  OE9NRH           599  316     0
QSO:   14094 RY 2026-02-15 1334 IQ9RG            599 1968  IU5SHF           599  142     0
QSO:   14094 RY 2026-02-15 1335 IQ9RG            599 1969  YU2LOM           599  151     0
QSO:   14094 RY 2026-02-15 1336 IQ9RG            599 1970  9A1A             599  948     0
QSO:   14094 RY 2026-02-15 1337 IQ9RG            599 1971  DL1EHG           599  142     0
QSO:   14094 RY 2026-02-15 1337 IQ9RG            599 1972  UT5EL            599  635     0
QSO:   14094 RY 2026-02-15 1338 IQ9RG            599 1973  HG0NPJ           599  467     0
QSO:   14094 RY 2026-02-15 1339 IQ9RG            599 1974  IK1BPL           599  297     0
QSO:   14094 RY 2026-02-15 1340 IQ9RG            599 1975  DJ5FS            599  249     0
QSO:   14117 RY 2026-02-15 1341 IQ9RG            599 1976  OG66X            599  388     0
QSO:   14094 RY 2026-02-15 1341 IQ9RG            599 1977  RA1M             599  638     0
QSO:   14094 RY 2026-02-15 1342 IQ9RG            599 1978  IW1CHX           599  415     0
QSO:   14112 RY 2026-02-15 1343 IQ9RG            599 1979  IR7R             599  307     0
QSO:   14094 RY 2026-02-15 1343 IQ9RG            599 1980  DG2RSF           599  038     0
QSO:   14094 RY 2026-02-15 1344 IQ9RG            599 1981  EA5IL            599  318     0
QSO:   14094 RY 2026-02-15 1344 IQ9RG            599 1982  IO6T             599  715     0
QSO:   14094 RY 2026-02-15 1345 IQ9RG            599 1983  RA0R             599  1000    0
QSO:   14120 RY 2026-02-15 1347 IQ9RG            599 1984  J41T             599  171     0
QSO:   14094 RY 2026-02-15 1348 IQ9RG            599 1985  DL3SYA           599  367     0
QSO:   14128 RY 2026-02-15 1348 IQ9RG            599 1986  LY6A             599  031     0
QSO:   14094 RY 2026-02-15 1350 IQ9RG            599 1987  YU3A             599  1165    0
QSO:   14094 RY 2026-02-15 1350 IQ9RG            599 1988  YO4CVV           599  275     0
QSO:   14094 RY 2026-02-15 1351 IQ9RG            599 1989  W9XY             599  033     0
QSO:   14094 RY 2026-02-15 1353 IQ9RG            599 1990  JF1LMB           599  290     0
QSO:   14139 RY 2026-02-15 1353 IQ9RG            599 1991  IO3A             599  351     0
QSO:   14117 RY 2026-02-15 1354 IQ9RG            599 1993  LY4K             599  092     0
QSO:   14094 RY 2026-02-15 1355 IQ9RG            599 1992  IW1RLC           599  622     0
QSO:   14094 RY 2026-02-15 1356 IQ9RG            599 1994  WB2PJH           599  513     0
QSO:   14103 RY 2026-02-15 1356 IQ9RG            599 1995  OK1KKI           599  1400    0
QSO:   14094 RY 2026-02-15 1358 IQ9RG            599 1996  G2U              599  365     0
QSO:   14094 RY 2026-02-15 1359 IQ9RG            599 1997  DK4VW            599  550     0
QSO:   14094 RY 2026-02-15 1400 IQ9RG            599 1998  PH3BDJ           599  539     0
QSO:   14094 RY 2026-02-15 1400 IQ9RG            599 1999  K9CT             599  635     0
QSO:   14094 RY 2026-02-15 1401 IQ9RG            599 2000  WA1HXH           599  128     0
QSO:   14094 RY 2026-02-15 1402 IQ9RG            599 2001  EA4FME           599  548     0
QSO:   14094 RY 2026-02-15 1402 IQ9RG            599 2002  XM2X             599  472     0
QSO:   14094 RY 2026-02-15 1403 IQ9RG            599 2003  DK9DA            599  406     0
QSO:   14094 RY 2026-02-15 1404 IQ9RG            599 2004  9A7B             599  327     0
QSO:   14094 RY 2026-02-15 1406 IQ9RG            599 2005  DK7HA            599  733     0
QSO:   14094 RY 2026-02-15 1408 IQ9RG            599 2006  DJ4WT            599  428     0
QSO:   14094 RY 2026-02-15 1409 IQ9RG            599 2007  KA2MGE           599  347     0
QSO:   14094 RY 2026-02-15 1411 IQ9RG            599 2008  DB6NL            599  021     0
QSO:   14094 RY 2026-02-15 1411 IQ9RG            599 2009  JH9CEN           599  258     0
QSO:   14094 RY 2026-02-15 1412 IQ9RG            599 2010  IZ2QKG           599  023     0
QSO:   14094 RY 2026-02-15 1413 IQ9RG            599 2011  DJ5AS            599  463     0
QSO:   14094 RY 2026-02-15 1413 IQ9RG            599 2012  DK2AT            599  328     0
QSO:   14094 RY 2026-02-15 1414 IQ9RG            599 2013  JA1BWA           599  145     0
QSO:   14094 RY 2026-02-15 1414 IQ9RG            599 2014  F4IRV            599  215     0
QSO:   14094 RY 2026-02-15 1415 IQ9RG            599 2015  G4PDF            599  200     0
QSO:   14094 RY 2026-02-15 1415 IQ9RG            599 2016  AA3B             599  2059    0
QSO:   14094 RY 2026-02-15 1416 IQ9RG            599 2017  IV3TRK           599  033     0
QSO:   14094 RY 2026-02-15 1416 IQ9RG            599 2018  OK1SI            599  118     0
QSO:   14094 RY 2026-02-15 1417 IQ9RG            599 2019  DJ2TG            599  080     0
QSO:   14094 RY 2026-02-15 1417 IQ9RG            599 2020  IV3UT            599  113     0
QSO:   14094 RY 2026-02-15 1418 IQ9RG            599 2021  SP4NKJ           599  290     0
QSO:   14094 RY 2026-02-15 1418 IQ9RG            599 2022  YO9HP            599  1525    0
QSO:   14094 RY 2026-02-15 1419 IQ9RG            599 2023  DF3TZ            599  112     0
QSO:   14094 RY 2026-02-15 1420 IQ9RG            599 2024  OK2WMC           599  310     0
QSO:   14094 RY 2026-02-15 1421 IQ9RG            599 2025  HB9BGF           599  077     0
QSO:   14094 RY 2026-02-15 1422 IQ9RG            599 2026  SP1JQJ           599  169     0
QSO:   21105 RY 2026-02-15 1426 IQ9RG            599 1945  DA7T             599  132     0
QSO:   21102 RY 2026-02-15 1428 IQ9RG            599 2028  ER3KAZ           599  291     0
QSO:   21102 RY 2026-02-15 1429 IQ9RG            599 2029  YC9BPW           599  093     0
QSO:   21102 RY 2026-02-15 1430 IQ9RG            599 2030  DO3PKE           599  040     0
QSO:   21102 RY 2026-02-15 1431 IQ9RG            599 2031  DL2RUG           599  146     0
QSO:   21097 RY 2026-02-15 1433 IQ9RG            599 2032  9A4XX            599  554     0
QSO:   21098 RY 2026-02-15 1435 IQ9RG            599 2033  OM7RU            599  048     0
QSO:   21098 RY 2026-02-15 1436 IQ9RG            599 2034  DR8M             599  245     0
QSO:   21098 RY 2026-02-15 1437 IQ9RG            599 2035  TM5T             599  621     0
QSO:   21098 RY 2026-02-15 1439 IQ9RG            599 2036  DG6ME            599  142     0
QSO:   21098 RY 2026-02-15 1439 IQ9RG            599 2037  Z35U             599  255     0
QSO:   21098 RY 2026-02-15 1441 IQ9RG            599 2039  DL1PLS           599  164     0
QSO:   21098 RY 2026-02-15 1441 IQ9RG            599 2040  DL3SYA           599  393     0
QSO:   21098 RY 2026-02-15 1442 IQ9RG            599 2041  DF6WE            599  119     0
QSO:   21098 RY 2026-02-15 1442 IQ9RG            599 2042  DL5BCF           599  222     0
QSO:   21098 RY 2026-02-15 1443 IQ9RG            599 2043  SC6O             599  170     0
QSO:   21086 RY 2026-02-15 1444 IQ9RG            599 2038  IO9J             599  118     0
QSO:   21098 RY 2026-02-15 1444 IQ9RG            599 2044  HA6NL            599  617     0
QSO:   21098 RY 2026-02-15 1445 IQ9RG            599 2045  DR6W             599  057     0
QSO:   21098 RY 2026-02-15 1446 IQ9RG            599 2046  DJ2AX            599  035     0
QSO:   21098 RY 2026-02-15 1446 IQ9RG            599 2047  DL9GCG           599  196     0
QSO:   21098 RY 2026-02-15 1447 IQ9RG            599 2048  GX3BOY           599  100     0
QSO:   21098 RY 2026-02-15 1447 IQ9RG            599 2049  DJ5PM            599  179     0
QSO:   21098 RY 2026-02-15 1448 IQ9RG            599 2051  DL4APJ           599  054     0
QSO:   21098 RY 2026-02-15 1448 IQ9RG            599 2052  ON1BEW           599  074     0
QSO:   21098 RY 2026-02-15 1449 IQ9RG            599 2053  IK3ORD           599  772     0
QSO:   21098 RY 2026-02-15 1450 IQ9RG            599 2054  WB4CW            599  199     0
QSO:   21098 RY 2026-02-15 1452 IQ9RG            599 2055  SQ2BXI           599  118     0
QSO:   21098 RY 2026-02-15 1454 IQ9RG            599 2056  YB4KAR           599  222     0
QSO:   21098 RY 2026-02-15 1455 IQ9RG            599 2057  SX1H             599  408     0
QSO:   21098 RY 2026-02-15 1455 IQ9RG            599 2058  DL1EHG           599  184     0
QSO:   21098 RY 2026-02-15 1458 IQ9RG            599 2059  SP4TKR           599  632     0
QSO:   14090 RY 2026-02-15 1459 IQ9RG            599 2027  9A3SMS           599  067     0
QSO:   21098 RY 2026-02-15 1459 IQ9RG            599 2060  PA8KW            599  038     0
QSO:   21098 RY 2026-02-15 1459 IQ9RG            599 2061  UY5HF            599  701     0
QSO:   21098 RY 2026-02-15 1500 IQ9RG            599 2062  DO1DW            599  079     0
QSO:   14108 RY 2026-02-15 1501 IQ9RG            599 2063  9A2X             599  008     0
QSO:   21098 RY 2026-02-15 1501 IQ9RG            599 2064  SM5FUG           599  652     0
QSO:   21098 RY 2026-02-15 1502 IQ9RG            599 2065  RU3OZ            599  184     0
QSO:   21098 RY 2026-02-15 1503 IQ9RG            599 2066  OH5YL            599  772     0
QSO:   21098 RY 2026-02-15 1504 IQ9RG            599 2067  DL1QW            599  885     0
QSO:   21098 RY 2026-02-15 1505 IQ9RG            599 2068  G3CWA            599  193     0
QSO:   21098 RY 2026-02-15 1506 IQ9RG            599 2069  DJ9MH            599  294     0
QSO:   21098 RY 2026-02-15 1507 IQ9RG            599 2070  WF8E             599  049     0
QSO:   21098 RY 2026-02-15 1507 IQ9RG            599 2071  G3RTU            599  020     0
QSO:   21098 RY 2026-02-15 1508 IQ9RG            599 2072  OK7N             599  008     0
QSO:   21137 RY 2026-02-15 1509 IQ9RG            599 2050  DD2D             599  397     0
QSO:   21098 RY 2026-02-15 1510 IQ9RG            599 2073  GE4E             599  183     0
QSO:   21098 RY 2026-02-15 1511 IQ9RG            599 2074  ER3UA            599  132     0
QSO:   21098 RY 2026-02-15 1512 IQ9RG            599 2075  GE8AOE           599  059     0
QSO:   21120 RY 2026-02-15 1513 IQ9RG            599 2077  J35X             599  310     0
QSO:   21098 RY 2026-02-15 1514 IQ9RG            599 2076  SP5XOV           599  202     0
QSO:   21098 RY 2026-02-15 1515 IQ9RG            599 2078  WB5BHS           599  495     0
QSO:   14089 RY 2026-02-15 1516 IQ9RG            599 2079  E70Y             599  180     0
QSO:   14109 RY 2026-02-15 1517 IQ9RG            599 2080  IB2C             599  323     0
QSO:   21098 RY 2026-02-15 1519 IQ9RG            599 2081  YO8DHA           599  253     0
QSO:   21098 RY 2026-02-15 1520 IQ9RG            599 2082  DL4LT            599  149     0
QSO:   21098 RY 2026-02-15 1520 IQ9RG            599 2083  DL4ABR           599  185     0
QSO:   21098 RY 2026-02-15 1521 IQ9RG            599 2084  R3WA             599  397     0
QSO:   21098 RY 2026-02-15 1521 IQ9RG            599 2085  EU1ST            599  077     0
QSO:   21098 RY 2026-02-15 1522 IQ9RG            599 2086  PA6ANT           599  060     0
QSO:   21098 RY 2026-02-15 1523 IQ9RG            599 2087  DL1SO            599  172     0
QSO:   28084 RY 2026-02-15 1525 IQ9RG            599 2088  CB8E             599  268     0
QSO:   21098 RY 2026-02-15 1527 IQ9RG            599 2089  DO3ME            599  117     0
QSO:   28098 RY 2026-02-15 1527 IQ9RG            599 2090  OA4DOS           599  273     0
QSO:   21098 RY 2026-02-15 1527 IQ9RG            599 2091  PE1CUP           599  090     0
QSO:   21098 RY 2026-02-15 1528 IQ9RG            599 2093  F6BLP            599  089     0
QSO:   28121 RY 2026-02-15 1529 IQ9RG            599 2092  HI8SDR           599  202     0
QSO:   21098 RY 2026-02-15 1529 IQ9RG            599 2094  F4MQS            599  028     0
QSO:   21098 RY 2026-02-15 1530 IQ9RG            599 2095  R7OV             599  343     0
QSO:   21098 RY 2026-02-15 1530 IQ9RG            599 2096  AB2E             599  438     0
QSO:   21098 RY 2026-02-15 1531 IQ9RG            599 2097  G2U              599  405     0
QSO:   21098 RY 2026-02-15 1532 IQ9RG            599 2098  YO4NF            599  1151    0
QSO:   21098 RY 2026-02-15 1533 IQ9RG            599 2099  DK2OY            599  651     0
QSO:   21098 RY 2026-02-15 1534 IQ9RG            599 2100  PC5D             599  060     0
QSO:   21098 RY 2026-02-15 1535 IQ9RG            599 2101  GU0UVH           599  020     0
QSO:   21098 RY 2026-02-15 1536 IQ9RG            599 2102  WA0EJX           599  025     0
QSO:   21098 RY 2026-02-15 1536 IQ9RG            599 2103  TM3Z             599  1950    0
QSO:   21098 RY 2026-02-15 1537 IQ9RG            599 2104  PE1FTV           599  098     0
QSO:   21098 RY 2026-02-15 1537 IQ9RG            599 2105  KU2M             599  452     0
QSO:   21098 RY 2026-02-15 1538 IQ9RG            599 2106  DK7TY            599  325     0
QSO:   21098 RY 2026-02-15 1540 IQ9RG            599 2107  F6BIP            599  009     0
QSO:   21098 RY 2026-02-15 1540 IQ9RG            599 2108  WS6X             599  731     0
QSO:   21098 RY 2026-02-15 1541 IQ9RG            599 2109  G7D              599  255     0
QSO:   21098 RY 2026-02-15 1542 IQ9RG            599 2110  DA3T             599  515     0
QSO:   21098 RY 2026-02-15 1547 IQ9RG            599 2111  S53FO            599  1570    0
QSO:   21098 RY 2026-02-15 1548 IQ9RG            599 2112  DM2DLG           599  158     0
QSO:   21098 RY 2026-02-15 1549 IQ9RG            599 2113  EA5DO            599  174     0
QSO:   21127 RY 2026-02-15 1550 IQ9RG            599 2114  OL1X             599  042     0
QSO:   21098 RY 2026-02-15 1551 IQ9RG            599 2115  DJ4IP            599  018     0
QSO:   21098 RY 2026-02-15 1551 IQ9RG            599 2116  W4FMM            599  060     0
QSO:   21098 RY 2026-02-15 1553 IQ9RG            599 2117  LB1UK            599  490     0
QSO:   21098 RY 2026-02-15 1554 IQ9RG            599 2118  LB1UK            599  490     0
QSO:   21098 RY 2026-02-15 1554 IQ9RG            599 2119  DM4YWL           599  073     0
QSO:   21098 RY 2026-02-15 1556 IQ9RG            599 2120  DL1ABR           599  522     0
QSO:   21097 RY 2026-02-15 1601 IQ9RG            599 2121  G3ZBU            599  048     0
QSO:   21098 RY 2026-02-15 1602 IQ9RG            599 2122  K0AP             599  529     0
QSO:   21098 RY 2026-02-15 1605 IQ9RG            599 2123  KN7NV            599  502     0
QSO:   21098 RY 2026-02-15 1606 IQ9RG            599 2124  OK4GP            599  603     0
QSO:   21098 RY 2026-02-15 1606 IQ9RG            599 2125  K9PW             599  461     0
QSO:   21098 RY 2026-02-15 1606 IQ9RG            599 2126  PE2K             599  178     0
QSO:   21098 RY 2026-02-15 1608 IQ9RG            599 2127  EE4Y             599  1763    0
QSO:   21098 RY 2026-02-15 1610 IQ9RG            599 2128  DG3IS            599  053     0
QSO:   21097 RY 2026-02-15 1610 IQ9RG            599 2129  CT7AIU           599  045     0
QSO:   21097 RY 2026-02-15 1611 IQ9RG            599 2130  K5ZD             599  2096    0
QSO:   21097 RY 2026-02-15 1612 IQ9RG            599 2131  W4NZ             599  343     0
QSO:   21097 RY 2026-02-15 1613 IQ9RG            599 2132  US7UK            599  133     0
QSO:   21097 RY 2026-02-15 1613 IQ9RG            599 2133  N3MN             599  021     0
QSO:   21098 RY 2026-02-15 1615 IQ9RG            599 2134  KS9W             599  513     0
QSO:   21098 RY 2026-02-15 1616 IQ9RG            599 2135  NW0M             599  100     0
QSO:   21098 RY 2026-02-15 1617 IQ9RG            599 2136  K0HB             599  623     0
QSO:   21098 RY 2026-02-15 1620 IQ9RG            599 2137  YO9SW            599  322     0
QSO:   21098 RY 2026-02-15 1621 IQ9RG            599 2138  VE3KTB           599  512     0
QSO:   21098 RY 2026-02-15 1623 IQ9RG            599 2139  OP0P             599  043     0
QSO:   21098 RY 2026-02-15 1625 IQ9RG            599 2141  AE1P             599  1110    0
QSO:   21098 RY 2026-02-15 1626 IQ9RG            599 2142  M0XXJ            599  038     0
QSO:   28088 RY 2026-02-15 1627 IQ9RG            599 2140  CW4C             599  055     0
QSO:   21098 RY 2026-02-15 1628 IQ9RG            599 2143  AD1C             599  514     0
QSO:   21098 RY 2026-02-15 1630 IQ9RG            599 2145  WO2T             599  214     0
QSO:   14105 RY 2026-02-15 1634 IQ9RG            599 2144  UW5EMC           599  062     0
QSO:   21098 RY 2026-02-15 1636 IQ9RG            599 2146  KZ6F             599  1074    0
QSO:   21098 RY 2026-02-15 1637 IQ9RG            599 2148  G6ELF            599  230     0
QSO:   21098 RY 2026-02-15 1638 IQ9RG            599 2149  WX6V             599  306     0
QSO:   21098 RY 2026-02-15 1640 IQ9RG            599 2150  NC9I             599  113     0
QSO:   21098 RY 2026-02-15 1642 IQ9RG            599 2151  K6YK             599  250     0
QSO:   21098 RY 2026-02-15 1644 IQ9RG            599 2152  N3DUE            599  101     0
QSO:   21098 RY 2026-02-15 1645 IQ9RG            599 2153  HA7MB            599  652     0
QSO:   21098 RY 2026-02-15 1646 IQ9RG            599 2154  N3FJP            599  725     0
QSO:   21098 RY 2026-02-15 1647 IQ9RG            599 2155  KS3H             599  466     0
QSO:   21098 RY 2026-02-15 1648 IQ9RG            599 2156  SM8M             599  105     0
QSO:   21098 RY 2026-02-15 1649 IQ9RG            599 2157  KE8RU            599  033     0
QSO:   21098 RY 2026-02-15 1650 IQ9RG            599 2158  WD0BGZ           599  111     0
QSO:   21098 RY 2026-02-15 1653 IQ9RG            599 2159  IT9MRM           599  178     0
QSO:   21098 RY 2026-02-15 1656 IQ9RG            599 2160  W6YA             599  164     0
QSO:   21098 RY 2026-02-15 1656 IQ9RG            599 2161  RT2H             599  660     0
QSO:   21098 RY 2026-02-15 1658 IQ9RG            599 2162  W0ZQ             599  574     0
QSO:   21098 RY 2026-02-15 1659 IQ9RG            599 2163  WO2Y             599  107     0
QSO:   21098 RY 2026-02-15 1701 IQ9RG            599 2164  EA5FID           599  402     0
QSO:   21098 RY 2026-02-15 1701 IQ9RG            599 2165  DM4KA            599  074     0
QSO:   21098 RY 2026-02-15 1704 IQ9RG            599 2166  VE2BVV           599  632     0
QSO:   21098 RY 2026-02-15 1704 IQ9RG            599 2167  NB2P             599  256     0
QSO:   21098 RY 2026-02-15 1705 IQ9RG            599 2168  WB2WPM           599  302     0
QSO:   14090 RY 2026-02-15 1705 IQ9RG            599 2169  DL4SVA           599  194     0
QSO:   14090 RY 2026-02-15 1706 IQ9RG            599 2171  DF1LON           599  176     0
QSO:   14090 RY 2026-02-15 1707 IQ9RG            599 2172  DG5NAB           599  022     0
QSO:   21081 RY 2026-02-15 1708 IQ9RG            599 2170  AI0Y             599  182     0
QSO:   14090 RY 2026-02-15 1708 IQ9RG            599 2173  N6MZ             599  058     0
QSO:   14090 RY 2026-02-15 1709 IQ9RG            599 2174  K0HB             599  649     0
QSO:   14090 RY 2026-02-15 1709 IQ9RG            599 2175  N8HHG            599  320     0
QSO:   14090 RY 2026-02-15 1711 IQ9RG            599 2177  KB9DVC           599  306     0
QSO:   14090 RY 2026-02-15 1712 IQ9RG            599 2178  DL4BE            599  058     0
QSO:   14090 RY 2026-02-15 1714 IQ9RG            599 2179  VE7LWW           599  833     0
QSO:   14090 RY 2026-02-15 1715 IQ9RG            599 2180  DL5CV            599  253     0
QSO:   14090 RY 2026-02-15 1716 IQ9RG            599 2181  SP9TDA           599  282     0
QSO:   14090 RY 2026-02-15 1718 IQ9RG            599 2182  EA5XA            599  328     0
QSO:    7060 RY 2026-02-15 1730 IQ9RG            599 2183  I2YSJ            599  029     0
QSO:    7060 RY 2026-02-15 1731 IQ9RG            599 2184  IW9HHT           599  056     0
QSO:    7060 RY 2026-02-15 1732 IQ9RG            599 2185  LZ2B             599  116     0
QSO:    7060 RY 2026-02-15 1733 IQ9RG            599 2186  HA1WD            599  134     0
QSO:    7060 RY 2026-02-15 1733 IQ9RG            599 2187  RN3QQT           599  663     0
QSO:    7060 RY 2026-02-15 1736 IQ9RG            599 2188  YO6LM            599  649     0
QSO:    7060 RY 2026-02-15 1737 IQ9RG            599 2189  S54MI            599  062     0
QSO:    7060 RY 2026-02-15 1738 IQ9RG            599 2190  I1DXD            599  189     0
QSO:    7060 RY 2026-02-15 1738 IQ9RG            599 2191  UT7NI            599  314     0
QSO:    7060 RY 2026-02-15 1739 IQ9RG            599 2192  SQ9CXC           599  163     0
QSO:    7060 RY 2026-02-15 1740 IQ9RG            599 2193  IZ2ZQP           599  349     0
QSO:    7060 RY 2026-02-15 1740 IQ9RG            599 2194  I8UZA            599  407     0
QSO:    7060 RY 2026-02-15 1741 IQ9RG            599 2195  S51CK            599  784     0
QSO:    7060 RY 2026-02-15 1741 IQ9RG            599 2196  DK1HJG           599  015     0
QSO:    7060 RY 2026-02-15 1743 IQ9RG            599 2197  4X1ST            599  301     0
QSO:    7060 RY 2026-02-15 1743 IQ9RG            599 2198  SM5FUG           599  786     0
QSO:    7060 RY 2026-02-15 1744 IQ9RG            599 2199  DJ3GE            599  072     0
QSO:    7060 RY 2026-02-15 1745 IQ9RG            599 2200  SO3O             599  331     0
QSO:    7060 RY 2026-02-15 1746 IQ9RG            599 2201  OE1EMU           599  055     0
QSO:    7060 RY 2026-02-15 1747 IQ9RG            599 2202  G8N              599  043     0
QSO:    7060 RY 2026-02-15 1749 IQ9RG            599 2203  SP5TBR           599  009     0
QSO:    7060 RY 2026-02-15 1749 IQ9RG            599 2204  DD5VL            599  244     0
QSO:    7060 RY 2026-02-15 1752 IQ9RG            599 2205  IP2A             599  971     0
QSO:    7060 RY 2026-02-15 1753 IQ9RG            599 2206  SP6AXW           599  140     0
QSO:    7060 RY 2026-02-15 1754 IQ9RG            599 2208  SN5Z             599  246     0
QSO:    7060 RY 2026-02-15 1755 IQ9RG            599 2209  IK5QPS           599  260     0
QSO:    7060 RY 2026-02-15 1756 IQ9RG            599 2210  F5GKW            599  752     0
QSO:    7060 RY 2026-02-15 1758 IQ9RG            599 2211  IN3OWY           599  439     0
QSO:    7060 RY 2026-02-15 1800 IQ9RG            599 2212  UK7AL            599  199     0
QSO:    7060 RY 2026-02-15 1801 IQ9RG            599 2213  SP9TDA           599  300     0
QSO:   28101 RY 2026-02-15 1802 IQ9RG            599 2207  XR3Y             599  091     0
QSO:    7060 RY 2026-02-15 1804 IQ9RG            599 2214  JH3FUK           599  070     0
QSO:    7060 RY 2026-02-15 1805 IQ9RG            599 2216  OE5CYL           599  298     0
QSO:    7060 RY 2026-02-15 1808 IQ9RG            599 2217  IK2EBP           599  128     0
QSO:    7060 RY 2026-02-15 1809 IQ9RG            599 2218  DJ1TU            599  280     0
QSO:    7060 RY 2026-02-15 1809 IQ9RG            599 2219  R6DX             599  783     0
QSO:   28112 RY 2026-02-15 1810 IQ9RG            599 2215  LT7L             599  527     0
QSO:    7060 RY 2026-02-15 1811 IQ9RG            599 2220  F1MKC            599  189     0
QSO:    7078 RY 2026-02-15 1815 IQ9RG            599 2221  SP7IIT           599  128     0
QSO:    7087 RY 2026-02-15 1816 IQ9RG            599 2222  SM2M             599  541     0
QSO:    7061 RY 2026-02-15 1821 IQ9RG            599 2223  ED3T             599  284     0
QSO:    7061 RY 2026-02-15 1822 IQ9RG            599 2224  LC6A             599  126     0
QSO:    7061 RY 2026-02-15 1822 IQ9RG            599 2225  IK5BDG           599  004     0
QSO:    7061 RY 2026-02-15 1823 IQ9RG            599 2226  LY3CY            599  232     0
QSO:    7061 RY 2026-02-15 1823 IQ9RG            599 2227  IK3MLF           599  179     0
QSO:    7061 RY 2026-02-15 1824 IQ9RG            599 2228  DL8UV            599  268     0
QSO:    7061 RY 2026-02-15 1825 IQ9RG            599 2229  LB6VI            599  515     0
QSO:   14117 RY 2026-02-15 1826 IQ9RG            599 2230  AI3Q             599  365     0
QSO:    7061 RY 2026-02-15 1827 IQ9RG            599 2231  DG1HP            599  042     0
QSO:    7061 RY 2026-02-15 1829 IQ9RG            599 2232  LY6A             599  438     0
QSO:    7057 RY 2026-02-15 1834 IQ9RG            599 2233  UA9CTT           599  647     0
QSO:    7057 RY 2026-02-15 1834 IQ9RG            599 2234  OZ1QX            599  136     0
QSO:    7057 RY 2026-02-15 1836 IQ9RG            599 2235  I2XLF            599  394     0
QSO:    7057 RY 2026-02-15 1836 IQ9RG            599 2236  G2U              599  496     0
QSO:    7057 RY 2026-02-15 1838 IQ9RG            599 2237  IT9YMM           599  655     0
QSO:   14094 RY 2026-02-15 1845 IQ9RG            599 2239  KS0AA            599  819     0
QSO:   14085 RY 2026-02-15 1847 IQ9RG            599 2240  WV4P             599  883     0
QSO:   14086 RY 2026-02-15 1848 IQ9RG            599 2241  ND4Y             599  130     0
QSO:   14127 RY 2026-02-15 1850 IQ9RG            599 2242  K1SM             599  185     0
QSO:   14099 RY 2026-02-15 1852 IQ9RG            599 2243  KC9K             599  499     0
QSO:   14136 RY 2026-02-15 1854 IQ9RG            599 2244  KI1G             599  502     0
QSO:   14130 RY 2026-02-15 1856 IQ9RG            599 2245  KQ3F             599  122     0
QSO:   14086 RY 2026-02-15 1858 IQ9RG            599 2246  K5ZD             599  2280    0
QSO:   14124 RY 2026-02-15 1859 IQ9RG            599 2247  WN7S             599  669     0
QSO:    3595 RY 2026-02-15 1900 IQ9RG            599 2248  LA0GE            599  163     0
QSO:   14096 RY 2026-02-15 1900 IQ9RG            599 2249  WS9M             599  492     0
QSO:    3606 RY 2026-02-15 1901 IQ9RG            599 2250  4L2M             599  262     0
QSO:    3588 RY 2026-02-15 1904 IQ9RG            599 2252  IK1UGX           599  421     0
QSO:    3584 RY 2026-02-15 1906 IQ9RG            599 2253  YO8WW            599  206     0
QSO:   14131 RY 2026-02-15 1907 IQ9RG            599 2251  M3AWD            599  110     0
QSO:   14104 RY 2026-02-15 1911 IQ9RG            599 2254  KY0Q             599  266     0
QSO:    7042 RY 2026-02-15 1911 IQ9RG            599 2255  TA2E             599  330     0
QSO:    7045 RY 2026-02-15 1912 IQ9RG            599 2256  YO3RU            599  1100    0
QSO:    7060 RY 2026-02-15 1914 IQ9RG            599 2238  E77D             599  174     0
QSO:    7093 RY 2026-02-15 1914 IQ9RG            599 2257  IZ8JFL           599  284     0
QSO:    7037 RY 2026-02-15 1916 IQ9RG            599 2258  DM4X             599  1587    0
QSO:    7041 RY 2026-02-15 1917 IQ9RG            599 2259  EA1X             599  153     0
QSO:    7046 RY 2026-02-15 1920 IQ9RG            599 2260  DM0E             599  169     0
QSO:    7089 RY 2026-02-15 1921 IQ9RG            599 2261  IZ3ZPO           599  249     0
QSO:    7089 RY 2026-02-15 1922 IQ9RG            599 2263  GW5L             599  524     0
QSO:    7070 RY 2026-02-15 1923 IQ9RG            599 2262  DH0GHU           599  213     0
QSO:    7044 RY 2026-02-15 1925 IQ9RG            599 2264  DJ5AS            599  483     0
QSO:    7087 RY 2026-02-15 1927 IQ9RG            599 2265  SO4R             599  205     0
QSO:    7081 RY 2026-02-15 1929 IQ9RG            599 2266  SP1ADT           599  322     0
QSO:    7047 RY 2026-02-15 1930 IQ9RG            599 2267  IK2YCW           599  1069    0
QSO:    7039 RY 2026-02-15 1932 IQ9RG            599 2268  JA6GCE           599  843     0
QSO:    7090 RY 2026-02-15 1933 IQ9RG            599 2269  OM2ADM           599  1117    0
QSO:    7053 RY 2026-02-15 1933 IQ9RG            599 2270  OM5ZW            599  2243    0
QSO:    7044 RY 2026-02-15 1934 IQ9RG            599 2271  LZ4A             599  444     0
QSO:    7071 RY 2026-02-15 1938 IQ9RG            599 2272  YO7EY            599  366     0
QSO:    7057 RY 2026-02-15 1938 IQ9RG            599 2273  SP8R             599  2208    0
QSO:    7088 RY 2026-02-15 1939 IQ9RG            599 2274  SV1DKR           599  293     0
QSO:    7051 RY 2026-02-15 1941 IQ9RG            599 2275  MC2I             599  1651    0
QSO:    7045 RY 2026-02-15 1945 IQ9RG            599 2277  DK8MM            599  727     0
QSO:    7048 RY 2026-02-15 1946 IQ9RG            599 2278  OE2GEN           599  712     0
QSO:    7051 RY 2026-02-15 1948 IQ9RG            599 2279  S58M             599  220     0
QSO:    3592 RY 2026-02-15 1951 IQ9RG            599 2280  YL6W             599  385     0
QSO:    3609 RY 2026-02-15 1953 IQ9RG            599 2281  UD2F             599  135     0
QSO:    3605 RY 2026-02-15 1954 IQ9RG            599 2282  4O4A             599  030     0
QSO:    3585 RY 2026-02-15 2001 IQ9RG            599 2283  S55OO            599  071     0
QSO:    7059 RY 2026-02-15 2002 IQ9RG            599 2284  JA8DNV           599  047     0
QSO:    3585 RY 2026-02-15 2002 IQ9RG            599 2285  IQ6AN            599  042     0
QSO:    7059 RY 2026-02-15 2002 IQ9RG            599 2286  JA6BZI           599  312     0
QSO:    7059 RY 2026-02-15 2004 IQ9RG            599 2287  JA5NSR           599  010     0
QSO:    7059 RY 2026-02-15 2005 IQ9RG            599 2288  ED3D             599  964     0
QSO:    7059 RY 2026-02-15 2005 IQ9RG            599 2289  TA7OYG           599  492     0
QSO:    7059 RY 2026-02-15 2006 IQ9RG            599 2290  ER3UA            599  206     0
QSO:    7059 RY 2026-02-15 2007 IQ9RG            599 2292  JH1PXH           599  082     0
QSO:   14084 RY 2026-02-15 2010 IQ9RG            599 2291  VA4HZ            599  547     0
QSO:    7058 RY 2026-02-15 2011 IQ9RG            599 2293  IK2AHB           599  268     0
QSO:   14113 RY 2026-02-15 2012 IQ9RG            599 2294  WD5DBV           599  234     0
QSO:   14111 RY 2026-02-15 2013 IQ9RG            599 2295  HK3YL            599  484     0
QSO:   14097 RY 2026-02-15 2014 IQ9RG            599 2297  WM8C             599  190     0
QSO:    7058 RY 2026-02-15 2015 IQ9RG            599 2296  SP4Z             599  025     0
QSO:    7058 RY 2026-02-15 2015 IQ9RG            599 2298  OM7RU            599  247     0
QSO:    7058 RY 2026-02-15 2017 IQ9RG            599 2299  BG4OXQ           599  055     0
QSO:    7058 RY 2026-02-15 2020 IQ9RG            599 2300  DK0AM            599  869     0
QSO:   14129 RY 2026-02-15 2020 IQ9RG            599 2301  WF4W             599  280     0
QSO:    7058 RY 2026-02-15 2022 IQ9RG            599 2302  DH2PL            599  004     0
QSO:    7058 RY 2026-02-15 2023 IQ9RG            599 2303  OK6GM            599  399     0
QSO:    7064 RY 2026-02-15 2024 IQ9RG            599 2276  EC6DX            599  187     0
QSO:    7058 RY 2026-02-15 2025 IQ9RG            599 2304  SM5ACQ           599  314     0
QSO:    7058 RY 2026-02-15 2025 IQ9RG            599 2306  SM5FQQ           599  095     0
QSO:    7058 RY 2026-02-15 2027 IQ9RG            599 2307  JR0BNXH          599  078     0
QSO:    7067 RY 2026-02-15 2028 IQ9RG            599 2305  DR1X             599  1025    0
QSO:    7058 RY 2026-02-15 2028 IQ9RG            599 2308  OK2HFC           599  524     0
QSO:    7058 RY 2026-02-15 2029 IQ9RG            599 2309  DR6W             599  098     0
QSO:    7058 RY 2026-02-15 2029 IQ9RG            599 2310  SN9A             599  517     0
QSO:    7058 RY 2026-02-15 2031 IQ9RG            599 2311  JG1XIO           599  416     0
QSO:    7058 RY 2026-02-15 2031 IQ9RG            599 2312  JO7KMB           599  258     0
QSO:    7058 RY 2026-02-15 2032 IQ9RG            599 2313  DD1MAT           599  113     0
QSO:    7058 RY 2026-02-15 2032 IQ9RG            599 2314  DL4YAO           599  124     0
QSO:    7058 RY 2026-02-15 2035 IQ9RG            599 2315  F4CVO            599  403     0
QSO:    7058 RY 2026-02-15 2035 IQ9RG            599 2316  DJ2TG            599  148     0
QSO:    7058 RY 2026-02-15 2036 IQ9RG            599 2317  MM0EAX           599  046     0
QSO:    7058 RY 2026-02-15 2037 IQ9RG            599 2318  SP4DDS           599  002     0
QSO:    7058 RY 2026-02-15 2038 IQ9RG            599 2319  YB9ELS           599  648     0
QSO:    7058 RY 2026-02-15 2039 IQ9RG            599 2320  F6FJE            599  379     0
QSO:    7058 RY 2026-02-15 2040 IQ9RG            599 2321  IK2SND           599  199     0
QSO:    7058 RY 2026-02-15 2041 IQ9RG            599 2322  OE9NRH           599  393     0
QSO:    7058 RY 2026-02-15 2042 IQ9RG            599 2323  YB1JBV           599  274     0
QSO:    7058 RY 2026-02-15 2044 IQ9RG            599 2324  S53K             599  761     0
QSO:    7058 RY 2026-02-15 2045 IQ9RG            599 2325  HB9G             599  627     0
QSO:    7058 RY 2026-02-15 2046 IQ9RG            599 2326  DR3W             599  656     0
QSO:    7058 RY 2026-02-15 2047 IQ9RG            599 2327  SQ9DEO           599  016     0
QSO:    7058 RY 2026-02-15 2047 IQ9RG            599 2328  RV3YR            599  224     0
QSO:    7058 RY 2026-02-15 2048 IQ9RG            599 2329  JH1RFM           599  002     0
QSO:    7058 RY 2026-02-15 2050 IQ9RG            599 2330  JH6DUL           599  116     0
QSO:    7058 RY 2026-02-15 2052 IQ9RG            599 2331  DF2UA            599  105     0
QSO:    7058 RY 2026-02-15 2056 IQ9RG            599 2332  JR3NZC           599  379     0
QSO:    7058 RY 2026-02-15 2057 IQ9RG            599 2333  EA4URE           599  184     0
QSO:    7058 RY 2026-02-15 2100 IQ9RG            599 2334  EA4HOT           599  190     0
QSO:    7058 RY 2026-02-15 2101 IQ9RG            599 2335  M2E              599  527     0
QSO:    7058 RY 2026-02-15 2104 IQ9RG            599 2336  EA5KE            599  139     0
QSO:    7058 RY 2026-02-15 2106 IQ9RG            599 2337  F1IKA            599  135     0
QSO:    7058 RY 2026-02-15 2107 IQ9RG            599 2338  DL5YAS           599  172     0
QSO:    7058 RY 2026-02-15 2108 IQ9RG            599 2339  LC6C             599  785     0
QSO:    3596 RY 2026-02-15 2110 IQ9RG            599 2340  S53R             599  1314    0
QSO:    7058 RY 2026-02-15 2112 IQ9RG            599 2341  OM5JA            599  713     0
QSO:    7058 RY 2026-02-15 2114 IQ9RG            599 2342  OM8HOP           599  081     0
QSO:    7058 RY 2026-02-15 2115 IQ9RG            599 2343  DL7LAM           599  198     0
QSO:    7058 RY 2026-02-15 2116 IQ9RG            599 2344  DL3BRE           599  219     0
QSO:    7058 RY 2026-02-15 2117 IQ9RG            599 2345  PE1DVW           599  006     0
QSO:    7058 RY 2026-02-15 2118 IQ9RG            599 2346  R6NA             599  285     0
QSO:    7058 RY 2026-02-15 2119 IQ9RG            599 2347  SP4DDS           599  009     0
QSO:    7058 RY 2026-02-15 2120 IQ9RG            599 2348  DA1A             599  904     0
QSO:    7058 RY 2026-02-15 2122 IQ9RG            599 2349  HB9IIH           599  183     0
QSO:    7058 RY 2026-02-15 2122 IQ9RG            599 2350  DH0GDS           599  108     0
QSO:    7058 RY 2026-02-15 2123 IQ9RG            599 2351  YT2A             599  534     0
QSO:    7058 RY 2026-02-15 2126 IQ9RG            599 2352  IK2AUK           599  245     0
QSO:    7058 RY 2026-02-15 2127 IQ9RG            599 2353  SQ100D           599  328     0
QSO:    7058 RY 2026-02-15 2128 IQ9RG            599 2354  R7OV             599  413     0
QSO:    7058 RY 2026-02-15 2129 IQ9RG            599 2355  R6OD             599  157     0
QSO:   14110 RY 2026-02-15 2134 IQ9RG            599 2356  KO0Z             599  262     0
QSO:   14092 RY 2026-02-15 2136 IQ9RG            599 2357  KF3P             599  3636    0
QSO:   14088 RY 2026-02-15 2139 IQ9RG            599 2358  WX2NJ            599  927     0
QSO:   14100 RY 2026-02-15 2139 IQ9RG            599 2359  VA2CST           599  259     0
QSO:   14113 RY 2026-02-15 2141 IQ9RG            599 2360  KK5OQ            599  258     0
QSO:   14126 RY 2026-02-15 2142 IQ9RG            599 2361  AA5AU            599  445     0
QSO:   14111 RY 2026-02-15 2143 IQ9RG            599 2362  AC7GL            599  393     0
QSO:   14115 RY 2026-02-15 2144 IQ9RG            599 2363  NS4X             599  637     0
QSO:    7053 RY 2026-02-15 2151 IQ9RG            599 2364  SP9GKJ           599  041     0
QSO:    7053 RY 2026-02-15 2151 IQ9RG            599 2365  YT1DDL           599  178     0
QSO:    3584 RY 2026-02-15 2154 IQ9RG            599 2366  IP4R             599  740     0
QSO:    3584 RY 2026-02-15 2154 IQ9RG            599 2367  F4EQN            599  1169    0
QSO:    3584 RY 2026-02-15 2155 IQ9RG            599 2368  SQ100D           599  347     0
QSO:    3584 RY 2026-02-15 2155 IQ9RG            599 2369  G8VPE            599  043     0
QSO:    3584 RY 2026-02-15 2156 IQ9RG            599 2370  SP4TKR           599  808     0
QSO:    3584 RY 2026-02-15 2158 IQ9RG            599 2371  DJ2TG            599  212     0
QSO:    3584 RY 2026-02-15 2159 IQ9RG            599 2372  DA3T             599  616     0
QSO:    3584 RY 2026-02-15 2202 IQ9RG            599 2374  DK9DA            599  637     0
QSO:    3584 RY 2026-02-15 2203 IQ9RG            599 2375  EA5KE            599  159     0
QSO:    3584 RY 2026-02-15 2204 IQ9RG            599 2376  MC2I             599  1783    0
QSO:    7036 RY 2026-02-15 2205 IQ9RG            599 2373  JK3HFN           599  061     0
QSO:    3584 RY 2026-02-15 2206 IQ9RG            599 2378  DP4M             599  898     0
QSO:    7088 RY 2026-02-15 2207 IQ9RG            599 2377  EF3G             599  064     0
QSO:    3584 RY 2026-02-15 2208 IQ9RG            599 2379  DL3SYA           599  599     0
QSO:    3584 RY 2026-02-15 2209 IQ9RG            599 2380  DH4BM            599  171     0
QSO:    3584 RY 2026-02-15 2209 IQ9RG            599 2381  OV9R             599  1052    0
QSO:    3584 RY 2026-02-15 2210 IQ9RG            599 2382  UT0CK            599  291     0
QSO:    3584 RY 2026-02-15 2210 IQ9RG            599 2383  LN1K             599  138     0
QSO:    3584 RY 2026-02-15 2212 IQ9RG            599 2384  DL2NBU           599  452     0
QSO:    3584 RY 2026-02-15 2212 IQ9RG            599 2385  R7OV             599  431     0
QSO:    3584 RY 2026-02-15 2213 IQ9RG            599 2386  HA5LV            599  227     0
QSO:    7079 RY 2026-02-15 2218 IQ9RG            599 2387  LA3BPA           599  422     0
QSO:    7079 RY 2026-02-15 2221 IQ9RG            599 2388  DL2RUG           599  213     0
QSO:    7079 RY 2026-02-15 2221 IQ9RG            599 2389  ON3AR            599  307     0
QSO:    7084 RY 2026-02-15 2227 IQ9RG            599 2390  DH4BM            599  179     0
QSO:   14100 RY 2026-02-15 2227 IQ9RG            599 2391  WW5L             599  406     0
QSO:    7084 RY 2026-02-15 2227 IQ9RG            599 2392  W1TO             599  234     0
QSO:    7084 RY 2026-02-15 2229 IQ9RG            599 2393  OL0W             599  764     0
QSO:    7084 RY 2026-02-15 2230 IQ9RG            599 2394  DL5LS            599  114     0
QSO:    7084 RY 2026-02-15 2231 IQ9RG            599 2395  WA3KCP           599  473     0
QSO:    7084 RY 2026-02-15 2231 IQ9RG            599 2396  UY5LW            599  753     0
QSO:    7084 RY 2026-02-15 2232 IQ9RG            599 2397  WA2DNI           599  075     0
QSO:    7084 RY 2026-02-15 2233 IQ9RG            599 2398  DC8SG            599  298     0
QSO:    7092 RY 2026-02-15 2239 IQ9RG            599 2399  IP3W             599  597     0
QSO:    7092 RY 2026-02-15 2239 IQ9RG            599 2400  VE2SG            599  057     0
QSO:    7059 RY 2026-02-15 2241 IQ9RG            599 2401  OR5T             599  878     0
QSO:    7095 RY 2026-02-15 2247 IQ9RG            599 2402  IK2OVT           599  228     0
QSO:    7095 RY 2026-02-15 2250 IQ9RG            599 2403  IK1YDB           599  134     0
QSO:    7095 RY 2026-02-15 2250 IQ9RG            599 2404  HA5LV            599  248     0
QSO:    7095 RY 2026-02-15 2251 IQ9RG            599 2405  W1WV             599  246     0
QSO:    7095 RY 2026-02-15 2252 IQ9RG            599 2406  W3ASW            599  043     0
QSO:    7095 RY 2026-02-15 2253 IQ9RG            599 2407  AD0CH            599  368     0
QSO:    7095 RY 2026-02-15 2255 IQ9RG            599 2408  AA4NC            599  375     0
QSO:    7095 RY 2026-02-15 2256 IQ9RG            599 2409  KY0Q             599  400     0
QSO:    7095 RY 2026-02-15 2258 IQ9RG            599 2410  N9OK             599  578     0
QSO:    7095 RY 2026-02-15 2259 IQ9RG            599 2411  WB4HRL           599  307     0
QSO:    7095 RY 2026-02-15 2259 IQ9RG            599 2412  AK4R             599  259     0
QSO:    7095 RY 2026-02-15 2300 IQ9RG            599 2413  K0VG             599  213     0
QSO:    7095 RY 2026-02-15 2301 IQ9RG            599 2414  KS4YX            599  399     0
QSO:    7095 RY 2026-02-15 2301 IQ9RG            599 2415  W4BBT            599  104     0
QSO:    7095 RY 2026-02-15 2301 IQ9RG            599 2416  K0RC             599  419     0
QSO:    7095 RY 2026-02-15 2302 IQ9RG            599 2417  OM1HG            599  206     0
QSO:    7095 RY 2026-02-15 2302 IQ9RG            599 2418  EA2CCG           599  390     0
QSO:    7095 RY 2026-02-15 2304 IQ9RG            599 2419  SQ6ELV           599  171     0
QSO:    7095 RY 2026-02-15 2304 IQ9RG            599 2420  ON1BEW           599  128     0
QSO:    7095 RY 2026-02-15 2305 IQ9RG            599 2421  TY5GG            599  250     0
QSO:    7095 RY 2026-02-15 2306 IQ9RG            599 2422  KE4JC            599  061     0
QSO:    7095 RY 2026-02-15 2308 IQ9RG            599 2423  VO1SW            599  042     0
QSO:    3595 RY 2026-02-15 2310 IQ9RG            599 2424  EA4FME           599  892     0
QSO:    3595 RY 2026-02-15 2312 IQ9RG            599 2425  IU7XWD           599  326     0
QSO:    3595 RY 2026-02-15 2313 IQ9RG            599 2426  K3CCR            599  132     0
QSO:    3595 RY 2026-02-15 2315 IQ9RG            599 2427  IO2Q             599  304     0
QSO:    3595 RY 2026-02-15 2317 IQ9RG            599 2428  G6ELF            599  497     0
QSO:    3587 RY 2026-02-15 2319 IQ9RG            599 2429  IO6T             599  704     0
QSO:    3595 RY 2026-02-15 2321 IQ9RG            599 2430  DR8M             599  381     0
QSO:    3595 RY 2026-02-15 2321 IQ9RG            599 2431  EA3CI            599  631     0
QSO:    3595 RY 2026-02-15 2322 IQ9RG            599 2432  OM1HG            599  213     0
QSO:    3595 RY 2026-02-15 2323 IQ9RG            599 2433  IU0EBV           599  140     0
QSO:    3595 RY 2026-02-15 2324 IQ9RG            599 2434  S53K             599  852     0
QSO:    3595 RY 2026-02-15 2325 IQ9RG            599 2435  EX9A             599  2026    0
QSO:    3595 RY 2026-02-15 2326 IQ9RG            599 2436  SP0I             599  412     0
QSO:    3595 RY 2026-02-15 2326 IQ9RG            599 2437  G3B              599  249     0
QSO:    3595 RY 2026-02-15 2327 IQ9RG            599 2438  LA3BPA           599  451     0
QSO:    3595 RY 2026-02-15 2328 IQ9RG            599 2439  OE1CIW           599  221     0
QSO:    3595 RY 2026-02-15 2329 IQ9RG            599 2440  NY6DX            599  254     0
QSO:    3595 RY 2026-02-15 2331 IQ9RG            599 2442  ON3AR            599  326     0
QSO:    3595 RY 2026-02-15 2331 IQ9RG            599 2443  SZ1A             599  476     0
QSO:    3595 RY 2026-02-15 2332 IQ9RG            599 2444  EA7AKE           599  380     0
QSO:    3595 RY 2026-02-15 2333 IQ9RG            599 2445  EA4URE           599  056     0
QSO:   14112 RY 2026-02-15 2334 IQ9RG            599 2441  NF6A             599  1112    0
QSO:   14111 RY 2026-02-15 2335 IQ9RG            599 2446  NY4I             599  035     0
QSO:    3580 RY 2026-02-15 2335 IQ9RG            599 2447  IK0CHU           599  198     0
QSO:   14096 RY 2026-02-15 2335 IQ9RG            599 2448  KT7E             599  1533    0
QSO:    3593 RY 2026-02-15 2336 IQ9RG            599 2449  PA69MB           599  1576    0
QSO:    3594 RY 2026-02-15 2337 IQ9RG            599 2450  2E0CEY           599  509     0
QSO:   14115 RY 2026-02-15 2338 IQ9RG            599 2451  NE9M             599  057     0
QSO:    3605 RY 2026-02-15 2338 IQ9RG            599 2452  IV3WMS           599  1095    0
QSO:    3594 RY 2026-02-15 2339 IQ9RG            599 2453  S51I             599  523     0
QSO:    3598 RY 2026-02-15 2340 IQ9RG            599 2454  DF8V             599  834     0
QSO:    3592 RY 2026-02-15 2342 IQ9RG            599 2455  DM5GG            599  944     0
QSO:    3586 RY 2026-02-15 2342 IQ9RG            599 2456  DA0BCC           599  721     0
QSO:    3588 RY 2026-02-15 2346 IQ9RG            599 2457  AA4R             599  680     0
QSO:    3588 RY 2026-02-15 2348 IQ9RG            599 2458  DH0GHU           599  396     0
QSO:    3591 RY 2026-02-15 2350 IQ9RG            599 2459  MW4R             599  2287    0
QSO:    3595 RY 2026-02-15 2352 IQ9RG            599 2460  M2E              599  604     0
QSO:    3597 RY 2026-02-15 2354 IQ9RG            599 2461  W4TM             599  458     0
QSO:    3603 RY 2026-02-15 2356 IQ9RG            599 2462  SM3MZ            599  503     0
QSO:    3598 RY 2026-02-15 2359 IQ9RG            599 2463  DL9NDV           599  190     0
END-OF-LOG:
