START-OF-LOG: 3.0
CREATED-BY: Win-Test 4.8.0
CONTEST: REF-CW
LOCATION: 56
CALLSIGN: TM5FFT
CATEGORY-OPERATOR: MULTI-OP
CATEGORY-TRANSMITTER: ONE
CATEGORY-ASSISTED: ASSISTED
CATEGORY-BAND: ALL
CATEGORY-POWER: LOW
CATEGORY-MODE: CW
CATEGORY-STATION: FIXED
CLAIMED-SCORE: 1619600
OPERATORS: F6KPQ
NAME: radio club
SOAPBOX: 
RIG: TRX: K3 100w
RIG: Dipoles 80 ; 40 @ 12m
RIG: GP 80 ; 40
RIG: Spiderbeam 20 ; 15 ; 10 @ 10m
QSO:  3521 CW 2012-01-28 0601 TM5FFT        599 56     F2IF          599 89    
QSO:  3521 CW 2012-01-28 0602 TM5FFT        599 56     F6IJU         599 71    
QSO:  3521 CW 2012-01-28 0603 TM5FFT        599 56     F5GFA         599 47    
QSO:  3521 CW 2012-01-28 0603 TM5FFT        599 56     F8BNV         599 35    
QSO:  3521 CW 2012-01-28 0603 TM5FFT        599 56     K3ZO          599 002   
QSO:  3521 CW 2012-01-28 0604 TM5FFT        599 56     F5OHM         599 36    
QSO:  3521 CW 2012-01-28 0605 TM5FFT        599 56     HG1G          599 003   
QSO:  3521 CW 2012-01-28 0605 TM5FFT        599 56     F5LUC         599 28    
QSO:  3521 CW 2012-01-28 0606 TM5FFT        599 56     F8DRE         599 28    
QSO:  3521 CW 2012-01-28 0607 TM5FFT        599 56     YO2KJI        599 001   
QSO:  3521 CW 2012-01-28 0607 TM5FFT        599 56     F5MDB         599 70    
QSO:  3521 CW 2012-01-28 0608 TM5FFT        599 56     F6HJO/P       599 21    
QSO:  3521 CW 2012-01-28 0609 TM5FFT        599 56     F5KLE         599 30    
QSO:  3521 CW 2012-01-28 0609 TM5FFT        599 56     F5VBT         599 38    
QSO:  3521 CW 2012-01-28 0610 TM5FFT        599 56     F5OEV         599 85    
QSO:  3521 CW 2012-01-28 0611 TM5FFT        599 56     F6FTI         599 80    
QSO:  3521 CW 2012-01-28 0611 TM5FFT        599 56     F9DK          599 78    
QSO:  3521 CW 2012-01-28 0612 TM5FFT        599 56     S52AU         599 008   
QSO:  3521 CW 2012-01-28 0613 TM5FFT        599 56     W0YR          599 006   
QSO:  3521 CW 2012-01-28 0614 TM5FFT        599 56     F9KP          599 56    
QSO:  3521 CW 2012-01-28 0614 TM5FFT        599 56     SV1BJW        599 009   
QSO:  3521 CW 2012-01-28 0615 TM5FFT        599 56     F5NTZ         599 77    
QSO:  3521 CW 2012-01-28 0615 TM5FFT        599 56     EW5W          599 003   
QSO:  3521 CW 2012-01-28 0615 TM5FFT        599 56     F2QH          599 95    
QSO:  3521 CW 2012-01-28 0616 TM5FFT        599 56     OM6FM         599 006   
QSO:  3521 CW 2012-01-28 0617 TM5FFT        599 56     F5NKX         599 50    
QSO:  3521 CW 2012-01-28 0618 TM5FFT        599 56     F4KIO         599 35    
QSO:  3521 CW 2012-01-28 0618 TM5FFT        599 56     F6FDR         599 84    
QSO:  3521 CW 2012-01-28 0619 TM5FFT        599 56     F6CEL         599 02    
QSO:  3521 CW 2012-01-28 0619 TM5FFT        599 56     F8KGH         599 83    
QSO:  3521 CW 2012-01-28 0620 TM5FFT        599 56     G3ZGC         599 005   
QSO:  3521 CW 2012-01-28 0620 TM5FFT        599 56     F8BDQ         599 18    
QSO:  3521 CW 2012-01-28 0620 TM5FFT        599 56     F6KUP         599 55    
QSO:  3521 CW 2012-01-28 0622 TM5FFT        599 56     F6BMU         599 27    
QSO:  3521 CW 2012-01-28 0622 TM5FFT        599 56     SM0A          599 005   
QSO:  3521 CW 2012-01-28 0623 TM5FFT        599 56     OM0DX         599 014   
QSO:  3521 CW 2012-01-28 0623 TM5FFT        599 56     F5PLC         599 90    
QSO:  3521 CW 2012-01-28 0623 TM5FFT        599 56     F6DEO         599 95    
QSO:  3521 CW 2012-01-28 0624 TM5FFT        599 56     DL4JYT        599 015   
QSO:  3521 CW 2012-01-28 0624 TM5FFT        599 56     F5JFU         599 58    
QSO:  3521 CW 2012-01-28 0625 TM5FFT        599 56     F6ABF         599 19    
QSO:  3521 CW 2012-01-28 0625 TM5FFT        599 56     F5OAM         599 47    
QSO:  3521 CW 2012-01-28 0625 TM5FFT        599 56     F5ICC         599 24    
QSO:  3521 CW 2012-01-28 0626 TM5FFT        599 56     F5ROB         599 87    
QSO:  3521 CW 2012-01-28 0626 TM5FFT        599 56     F5SZB         599 16    
QSO:  3521 CW 2012-01-28 0627 TM5FFT        599 56     F4FDR         599 47    
QSO:  3521 CW 2012-01-28 0628 TM5FFT        599 56     F2AI          599 77    
QSO:  3521 CW 2012-01-28 0628 TM5FFT        599 56     F5BBD         599 02    
QSO:  3521 CW 2012-01-28 0629 TM5FFT        599 56     F5PTI         599 16    
QSO:  3521 CW 2012-01-28 0630 TM5FFT        599 56     F6EVG         599 08    
QSO:  3521 CW 2012-01-28 0630 TM5FFT        599 56     F6KRK         599 78    
QSO:  3521 CW 2012-01-28 0630 TM5FFT        599 56     OH2LU         599 007   
QSO:  3521 CW 2012-01-28 0631 TM5FFT        599 56     F5UOW         599 14    
QSO:  3521 CW 2012-01-28 0632 TM5FFT        599 56     R1TEU         599 014   
QSO:  3521 CW 2012-01-28 0633 TM5FFT        599 56     F6HLE         599 31    
QSO:  3521 CW 2012-01-28 0633 TM5FFT        599 56     HB9DHG        599 002   
QSO:  3521 CW 2012-01-28 0634 TM5FFT        599 56     9A1AA         599 015   
QSO:  3521 CW 2012-01-28 0635 TM5FFT        599 56     F5OTZ         599 83    
QSO:  3521 CW 2012-01-28 0636 TM5FFT        599 56     DL1NKS        599 011   
QSO:  3521 CW 2012-01-28 0637 TM5FFT        599 56     F6BCW         599 71    
QSO:  3521 CW 2012-01-28 0638 TM5FFT        599 56     SA1A          599 013   
QSO:  3521 CW 2012-01-28 0638 TM5FFT        599 56     F5NSB         599 13    
QSO:  3521 CW 2012-01-28 0641 TM5FFT        599 56     F5MFI         599 45    
QSO:  3521 CW 2012-01-28 0642 TM5FFT        599 56     F5INJ         599 80    
QSO:  3521 CW 2012-01-28 0644 TM5FFT        599 56     F4EZC         599 44    
QSO:  3521 CW 2012-01-28 0645 TM5FFT        599 56     F6KTW         599 87    
QSO:  3521 CW 2012-01-28 0645 TM5FFT        599 56     F6CYT         599 44    
QSO:  3521 CW 2012-01-28 0646 TM5FFT        599 56     F6IOC         599 74    
QSO:  3521 CW 2012-01-28 0646 TM5FFT        599 56     OK1EV         599 017   
QSO:  3521 CW 2012-01-28 0648 TM5FFT        599 56     F9CI          599 22    
QSO:  3521 CW 2012-01-28 0649 TM5FFT        599 56     F5VHY         599 47    
QSO:  3521 CW 2012-01-28 0650 TM5FFT        599 56     M/SP3CW       599 028   
QSO:  3521 CW 2012-01-28 0650 TM5FFT        599 56     OZ4FF         599 012   
QSO:  3521 CW 2012-01-28 0651 TM5FFT        599 56     F5KEK         599 03    
QSO:  3521 CW 2012-01-28 0652 TM5FFT        599 56     F5IAE         599 18    
QSO:  3521 CW 2012-01-28 0652 TM5FFT        599 56     F5CT          599 61    
QSO:  3521 CW 2012-01-28 0654 TM5FFT        599 56     OH3GZ         599 005   
QSO:  3521 CW 2012-01-28 0655 TM5FFT        599 56     F5KKD         599 93    
QSO:  3521 CW 2012-01-28 0655 TM5FFT        599 56     F3JK          599 21    
QSO:  3521 CW 2012-01-28 0656 TM5FFT        599 56     F6KSO         599 49    
QSO:  3521 CW 2012-01-28 0657 TM5FFT        599 56     DL5YL         599 012   
QSO:  3521 CW 2012-01-28 0657 TM5FFT        599 56     F6BFQ         599 55    
QSO:  3521 CW 2012-01-28 0658 TM5FFT        599 56     G0ECJ         599 004   
QSO:  3521 CW 2012-01-28 0700 TM5FFT        599 56     F6EBA         599 48    
QSO:  3521 CW 2012-01-28 0700 TM5FFT        599 56     F5TFU         599 50    
QSO:  3521 CW 2012-01-28 0701 TM5FFT        599 56     DH2URF        599 016   
QSO:  3521 CW 2012-01-28 0703 TM5FFT        599 56     F6EWB         599 64    
QSO:  3521 CW 2012-01-28 0704 TM5FFT        599 56     F6AEW         599 53    
QSO:  3521 CW 2012-01-28 0707 TM5FFT        599 56     F8FKD         599 29    
QSO:  3521 CW 2012-01-28 0707 TM5FFT        599 56     PA3DBS        599 012   
QSO:  3521 CW 2012-01-28 0708 TM5FFT        599 56     SP3ZIR        599 010   
QSO:  3521 CW 2012-01-28 0709 TM5FFT        599 56     F5KCC         599 89    
QSO:  3521 CW 2012-01-28 0710 TM5FFT        599 56     F8FZC         599 17    
QSO:  3521 CW 2012-01-28 0711 TM5FFT        599 56     F5PGI         599 60    
QSO:  3521 CW 2012-01-28 0712 TM5FFT        599 56     F6KGI         599 11    
QSO:  3521 CW 2012-01-28 0713 TM5FFT        599 56     OK4DZ         599 012   
QSO:  3521 CW 2012-01-28 0713 TM5FFT        599 56     PA3EVY        599 004   
QSO:  3521 CW 2012-01-28 0715 TM5FFT        599 56     F6BGH         599 57    
QSO:  3521 CW 2012-01-28 0716 TM5FFT        599 56     F5IF          599 66    
QSO:  3521 CW 2012-01-28 0718 TM5FFT        599 56     DL5KUD        599 003   
QSO:  7010 CW 2012-01-28 0720 TM5FFT        599 56     F6DKY         599 13    
QSO:  7010 CW 2012-01-28 0721 TM5FFT        599 56     RW6HJV/3      599 025   
QSO:  7010 CW 2012-01-28 0723 TM5FFT        599 56     EA5FQ         599 010   
QSO:  7010 CW 2012-01-28 0723 TM5FFT        599 56     HA5BA         599 003   
QSO:  7010 CW 2012-01-28 0723 TM5FFT        599 56     YU1FG         599 014   
QSO:  7014 CW 2012-01-28 0728 TM5FFT        599 56     SM4DQE        599 004   
QSO:  7017 CW 2012-01-28 0731 TM5FFT        599 56     F6KKH         599 11    
QSO:  7017 CW 2012-01-28 0731 TM5FFT        599 56     F4KIO         599 35    
QSO:  7017 CW 2012-01-28 0732 TM5FFT        599 56     DL1CW         599 014   
QSO:  7017 CW 2012-01-28 0733 TM5FFT        599 56     LY5W          599 003   
QSO:  7017 CW 2012-01-28 0735 TM5FFT        599 56     YL2CV         599 018   
QSO:  7017 CW 2012-01-28 0735 TM5FFT        599 56     OK2KFK        599 005   
QSO:  7017 CW 2012-01-28 0742 TM5FFT        599 56     F8KGH         599 83    
QSO:  7017 CW 2012-01-28 0743 TM5FFT        599 56     LA2HFA        599 010   
QSO:  7017 CW 2012-01-28 0744 TM5FFT        599 56     GM0OAA        599 005   
QSO:  7017 CW 2012-01-28 0745 TM5FFT        599 56     F5VHY         599 47    
QSO:  7017 CW 2012-01-28 0746 TM5FFT        599 56     F5PAL         599 63    
QSO:  7017 CW 2012-01-28 0746 TM5FFT        599 56     SM6AHU        599 010   
QSO:  7017 CW 2012-01-28 0747 TM5FFT        599 56     HG1G          599 050   
QSO:  7017 CW 2012-01-28 0747 TM5FFT        599 56     F5OAM         599 47    
QSO:  7017 CW 2012-01-28 0748 TM5FFT        599 56     I2CZQ         599 017   
QSO:  7017 CW 2012-01-28 0748 TM5FFT        599 56     VE1ZA         599 004   
QSO:  7017 CW 2012-01-28 0752 TM5FFT        599 56     LA5SAA        599 001   
QSO:  7017 CW 2012-01-28 0752 TM5FFT        599 56     DL7UXG        599 003   
QSO:  7017 CW 2012-01-28 0754 TM5FFT        599 56     OK2BRS        599 006   
QSO:  7017 CW 2012-01-28 0754 TM5FFT        599 56     EV6Z          599 012   
QSO:  7017 CW 2012-01-28 0755 TM5FFT        599 56     SP8BWE        599 018   
QSO:  7017 CW 2012-01-28 0755 TM5FFT        599 56     OM5WW         599 027   
QSO:  7017 CW 2012-01-28 0756 TM5FFT        599 56     SP1DPA        599 007   
QSO:  7017 CW 2012-01-28 0756 TM5FFT        599 56     YL2QS         599 001   
QSO:  7017 CW 2012-01-28 0756 TM5FFT        599 56     YR5T          599 010   
QSO:  7017 CW 2012-01-28 0757 TM5FFT        599 56     SP1AEN        599 036   
QSO:  7017 CW 2012-01-28 0757 TM5FFT        599 56     G4SGI         599 011   
QSO:  7017 CW 2012-01-28 0758 TM5FFT        599 56     OK1FCA        599 017   
QSO:  7017 CW 2012-01-28 0800 TM5FFT        599 56     DL6FAX        599 010   
QSO:  7017 CW 2012-01-28 0802 TM5FFT        599 56     F5NTZ         599 77    
QSO:  7017 CW 2012-01-28 0803 TM5FFT        599 56     DL6UHA        599 005   
QSO:  7017 CW 2012-01-28 0804 TM5FFT        599 56     F8BBL         599 33    
QSO:  7017 CW 2012-01-28 0804 TM5FFT        599 56     F5AIB         599 54    
QSO:  7017 CW 2012-01-28 0805 TM5FFT        599 56     F6KMB         599 60    
QSO:  7017 CW 2012-01-28 0807 TM5FFT        599 56     PA3DBS        599 039   
QSO:  7017 CW 2012-01-28 0807 TM5FFT        599 56     EA7TG         599 006   
QSO:  7017 CW 2012-01-28 0808 TM5FFT        599 56     DL5OAB        599 004   
QSO:  7017 CW 2012-01-28 0809 TM5FFT        599 56     DJ4XD         599 039   
QSO:  7017 CW 2012-01-28 0810 TM5FFT        599 56     DC9ZP         599 016   
QSO:  7017 CW 2012-01-28 0810 TM5FFT        599 56     OM7SR         599 017   
QSO:  7017 CW 2012-01-28 0811 TM5FFT        599 56     SE5E          599 003   
QSO:  7017 CW 2012-01-28 0811 TM5FFT        599 56     DK2YI         599 002   
QSO:  7017 CW 2012-01-28 0812 TM5FFT        599 56     SM5CSS        599 025   
QSO:  7017 CW 2012-01-28 0813 TM5FFT        599 56     F9DK          599 78    
QSO:  7017 CW 2012-01-28 0813 TM5FFT        599 56     F8DZY         599 47    
QSO:  7017 CW 2012-01-28 0814 TM5FFT        599 56     F6BFQ         599 55    
QSO:  7017 CW 2012-01-28 0815 TM5FFT        599 56     OK2QX         599 022   
QSO:  7017 CW 2012-01-28 0816 TM5FFT        599 56     OK1EV         599 034   
QSO:  7017 CW 2012-01-28 0817 TM5FFT        599 56     DL5YL         599 036   
QSO:  7017 CW 2012-01-28 0817 TM5FFT        599 56     F6BCW         599 71    
QSO:  7017 CW 2012-01-28 0818 TM5FFT        599 56     9A1AA         599 049   
QSO:  7017 CW 2012-01-28 0819 TM5FFT        599 56     LY2PX         599 003   
QSO:  7017 CW 2012-01-28 0819 TM5FFT        599 56     F4EUN         599 83    
QSO:  7017 CW 2012-01-28 0819 TM5FFT        599 56     EV1R          599 004   
QSO:  7017 CW 2012-01-28 0820 TM5FFT        599 56     F8FKK         599 26    
QSO:  7017 CW 2012-01-28 0821 TM5FFT        599 56     F5CH          599 59    
QSO:  7017 CW 2012-01-28 0821 TM5FFT        599 56     DF2CH         599 013   
QSO:  7017 CW 2012-01-28 0822 TM5FFT        599 56     F5JFU         599 58    
QSO:  7017 CW 2012-01-28 0823 TM5FFT        599 56     DL5KUD        599 030   
QSO:  7017 CW 2012-01-28 0824 TM5FFT        599 56     F6KRK         599 78    
QSO:  7017 CW 2012-01-28 0826 TM5FFT        599 56     HB9DHG        599 044   
QSO:  7017 CW 2012-01-28 0827 TM5FFT        599 56     OK4DZ         599 026   
QSO:  7017 CW 2012-01-28 0827 TM5FFT        599 56     F6DYA         599 35    
QSO:  7017 CW 2012-01-28 0829 TM5FFT        599 56     DK3HA         599 002   
QSO:  7017 CW 2012-01-28 0830 TM5FFT        599 56     OK7FL         599 046   
QSO:  7017 CW 2012-01-28 0831 TM5FFT        599 56     F5OEV         599 85    
QSO:  7017 CW 2012-01-28 0833 TM5FFT        599 56     F5BBD         599 02    
QSO:  7017 CW 2012-01-28 0834 TM5FFT        599 56     DL3KWF        599 007   
QSO:  7017 CW 2012-01-28 0835 TM5FFT        599 56     F5IAE         599 18    
QSO:  7017 CW 2012-01-28 0836 TM5FFT        599 56     DH9SB         599 030   
QSO:  7017 CW 2012-01-28 0836 TM5FFT        599 56     DL1LQR        599 006   
QSO:  7017 CW 2012-01-28 0837 TM5FFT        599 56     LA1QDA        599 012   
QSO:  7017 CW 2012-01-28 0837 TM5FFT        599 56     G4ZIB         599 001   
QSO:  7017 CW 2012-01-28 0839 TM5FFT        599 56     F6KMX         599 94    
QSO:  7017 CW 2012-01-28 0839 TM5FFT        599 56     F5IEP         599 25    
QSO:  7017 CW 2012-01-28 0841 TM5FFT        599 56     DL9MDW        599 004   
QSO:  7017 CW 2012-01-28 0843 TM5FFT        599 56     F4FDA         599 29    
QSO:  7017 CW 2012-01-28 0844 TM5FFT        599 56     F5KKD         599 93    
QSO:  7017 CW 2012-01-28 0845 TM5FFT        599 56     F9CI          599 22    
QSO:  7017 CW 2012-01-28 0845 TM5FFT        599 56     F6BZQ         599 84    
QSO:  7017 CW 2012-01-28 0846 TM5FFT        599 56     F8APJ         599 13    
QSO:  7017 CW 2012-01-28 0846 TM5FFT        599 56     TM2OP         599 86    
QSO:  7017 CW 2012-01-28 0847 TM5FFT        599 56     DL1NKS        599 014   
QSO:  7017 CW 2012-01-28 0848 TM5FFT        599 56     FG8NY         599 FG    
QSO:  7017 CW 2012-01-28 0848 TM5FFT        599 56     F6KEX         599 38    
QSO:  7017 CW 2012-01-28 0849 TM5FFT        599 56     F5PYJ         599 44    
QSO:  7017 CW 2012-01-28 0850 TM5FFT        599 56     F5FDC         599 82    
QSO:  7017 CW 2012-01-28 0850 TM5FFT        599 56     F5UL          599 74    
QSO:  7017 CW 2012-01-28 0852 TM5FFT        599 56     OP4A          599 016   
QSO:  7017 CW 2012-01-28 0852 TM5FFT        599 56     F6KUP         599 55    
QSO:  7017 CW 2012-01-28 0852 TM5FFT        599 56     DF9TS         599 006   
QSO:  7017 CW 2012-01-28 0853 TM5FFT        599 56     OK1KTI        599 021   
QSO:  7017 CW 2012-01-28 0855 TM5FFT        599 56     PA2PCH        599 019   
QSO:  7017 CW 2012-01-28 0856 TM5FFT        599 56     DL1MDU        599 001   
QSO:  7017 CW 2012-01-28 0856 TM5FFT        599 56     F3JK          599 21    
QSO:  7017 CW 2012-01-28 0857 TM5FFT        599 56     YL2HK         599 034   
QSO:  7017 CW 2012-01-28 0900 TM5FFT        599 56     ON3ND         599 023   
QSO:  7017 CW 2012-01-28 0902 TM5FFT        599 56     OK1AY         599 004   
QSO:  7017 CW 2012-01-28 0902 TM5FFT        599 56     OM7AX         599 004   
QSO:  7017 CW 2012-01-28 0902 TM5FFT        599 56     DL9GS         599 010   
QSO:  7017 CW 2012-01-28 0903 TM5FFT        599 56     DL5KM         599 008   
QSO:  7017 CW 2012-01-28 0905 TM5FFT        599 56     OK2IU         599 018   
QSO:  7017 CW 2012-01-28 0906 TM5FFT        599 56     DJ5HB         599 009   
QSO:  7017 CW 2012-01-28 0906 TM5FFT        599 56     F6CXJ         599 47    
QSO:  7017 CW 2012-01-28 0907 TM5FFT        599 56     PA3EVY        599 059   
QSO:  7017 CW 2012-01-28 0908 TM5FFT        599 56     K9NW          599 001   
QSO:  7017 CW 2012-01-28 0908 TM5FFT        599 56     F2LG          599 59    
QSO:  7017 CW 2012-01-28 0910 TM5FFT        599 56     F9OB          599 59    
QSO:  7017 CW 2012-01-28 0910 TM5FFT        599 56     F6FDR         599 84    
QSO:  7017 CW 2012-01-28 0910 TM5FFT        599 56     OR7B          599 073   
QSO:  7017 CW 2012-01-28 0911 TM5FFT        599 56     DL4JYT        599 077   
QSO:  7017 CW 2012-01-28 0911 TM5FFT        599 56     F8BPN         599 19    
QSO:  7017 CW 2012-01-28 0912 TM5FFT        599 56     F5KHP         599 32    
QSO:  7017 CW 2012-01-28 0912 TM5FFT        599 56     SP3ZIR        599 026   
QSO:  7017 CW 2012-01-28 0913 TM5FFT        599 56     F6KNB         599 33    
QSO:  7017 CW 2012-01-28 0915 TM5FFT        599 56     ON6NW         599 020   
QSO:  7017 CW 2012-01-28 0915 TM5FFT        599 56     F2QH          599 95    
QSO:  7017 CW 2012-01-28 0916 TM5FFT        599 56     F5TFU         599 50    
QSO:  7017 CW 2012-01-28 0917 TM5FFT        599 56     F5SBS         599 64    
QSO:  7017 CW 2012-01-28 0918 TM5FFT        599 56     F6KDU         599 64    
QSO:  7017 CW 2012-01-28 0918 TM5FFT        599 56     F9OE          599 29    
QSO:  7017 CW 2012-01-28 0919 TM5FFT        599 56     F6KSO         599 49    
QSO:  7017 CW 2012-01-28 0919 TM5FFT        599 56     G3KYF         599 012   
QSO:  7017 CW 2012-01-28 0921 TM5FFT        599 56     F5INJ         599 80    
QSO:  7017 CW 2012-01-28 0921 TM5FFT        599 56     F5GFA         599 47    
QSO:  7017 CW 2012-01-28 0922 TM5FFT        599 56     F5PTI         599 16    
QSO:  7017 CW 2012-01-28 0923 TM5FFT        599 56     F5QF          599 77    
QSO:  7017 CW 2012-01-28 0924 TM5FFT        599 56     F8DRE         599 28    
QSO:  7017 CW 2012-01-28 0925 TM5FFT        599 56     F6GUF         599 69    
QSO:  7017 CW 2012-01-28 0925 TM5FFT        599 56     OZ4FF         599 018   
QSO:  7017 CW 2012-01-28 0929 TM5FFT        599 56     GI4HSW        599 002   
QSO:  7017 CW 2012-01-28 0930 TM5FFT        599 56     F5SZB         599 16    
QSO:  7017 CW 2012-01-28 0931 TM5FFT        599 56     F6CEL         599 02    
QSO:  7017 CW 2012-01-28 0931 TM5FFT        599 56     DK9MH         599 016   
QSO:  7017 CW 2012-01-28 0932 TM5FFT        599 56     F5OTZ         599 83    
QSO:  7017 CW 2012-01-28 0933 TM5FFT        599 56     OO9O          599 001   
QSO:  7017 CW 2012-01-28 0933 TM5FFT        599 56     F1ICS         599 33    
QSO:  7017 CW 2012-01-28 0936 TM5FFT        599 56     F5CQ          599 35    
QSO:  7017 CW 2012-01-28 0936 TM5FFT        599 56     ON5WL         599 019   
QSO:  7017 CW 2012-01-28 0937 TM5FFT        599 56     VE9DX         599 001   
QSO:  7017 CW 2012-01-28 0938 TM5FFT        599 56     F5OWL         599 83    
QSO:  7017 CW 2012-01-28 0939 TM5FFT        599 56     DL9MCO        599 008   
QSO:  7017 CW 2012-01-28 0939 TM5FFT        599 56     G3VQO         599 002   
QSO:  7017 CW 2012-01-28 0940 TM5FFT        599 56     F6AQI         599 44    
QSO:  7017 CW 2012-01-28 0946 TM5FFT        599 56     SM6NET        599 015   
QSO:  7017 CW 2012-01-28 0948 TM5FFT        599 56     F6BUL         599 74    
QSO:  7017 CW 2012-01-28 0949 TM5FFT        599 56     PA0ATG        599 035   
QSO:  7017 CW 2012-01-28 0950 TM5FFT        599 56     OK2QA         599 010   
QSO:  7017 CW 2012-01-28 0951 TM5FFT        599 56     OM3BA         599 002   
QSO:  7017 CW 2012-01-28 0951 TM5FFT        599 56     F6CFB         599 49    
QSO:  7017 CW 2012-01-28 0952 TM5FFT        599 56     F5ADH         599 60    
QSO:  7017 CW 2012-01-28 0954 TM5FFT        599 56     I6FDJ         599 033   
QSO:  7017 CW 2012-01-28 0954 TM5FFT        599 56     TM6D          599 38    
QSO:  7017 CW 2012-01-28 0955 TM5FFT        599 56     F5JU          599 35    
QSO:  7017 CW 2012-01-28 0955 TM5FFT        599 56     F8DYD         599 86    
QSO:  7017 CW 2012-01-28 0957 TM5FFT        599 56     F2FZ          599 47    
QSO:  7017 CW 2012-01-28 0958 TM5FFT        599 56     F6ABI         599 50    
QSO:  7017 CW 2012-01-28 0958 TM5FFT        599 56     M6ZSE         599 010   
QSO:  7017 CW 2012-01-28 0959 TM5FFT        599 56     F6AEW         599 53    
QSO: 14000 CW 2012-01-28 1006 TM5FFT        599 56     F6EZF         599 71    
QSO: 14028 CW 2012-01-28 1009 TM5FFT        599 56     PA3GVK        599 014   
QSO: 14028 CW 2012-01-28 1009 TM5FFT        599 56     YU1FG         599 059   
QSO: 14028 CW 2012-01-28 1010 TM5FFT        599 56     RG5A          599 024   
QSO: 14028 CW 2012-01-28 1010 TM5FFT        599 56     DL6KVA        599 004   
QSO: 14028 CW 2012-01-28 1011 TM5FFT        599 56     SP9DUX        599 007   
QSO: 14028 CW 2012-01-28 1011 TM5FFT        599 56     OM5WW         599 059   
QSO: 14028 CW 2012-01-28 1012 TM5FFT        599 56     RX9CC         599 005   
QSO: 14028 CW 2012-01-28 1012 TM5FFT        599 56     LY5W          599 018   
QSO: 14028 CW 2012-01-28 1013 TM5FFT        599 56     R9RT          599 009   
QSO: 14028 CW 2012-01-28 1013 TM5FFT        599 56     DL0SA         599 001   
QSO: 14028 CW 2012-01-28 1014 TM5FFT        599 56     UA1AJ         599 022   
QSO: 14028 CW 2012-01-28 1014 TM5FFT        599 56     UY2IG         599 038   
QSO: 14028 CW 2012-01-28 1014 TM5FFT        599 56     EA5FQ         599 065   
QSO: 14028 CW 2012-01-28 1015 TM5FFT        599 56     UA3QAM        599 037   
QSO: 14028 CW 2012-01-28 1016 TM5FFT        599 56     DL7VFM        599 011   
QSO: 14028 CW 2012-01-28 1016 TM5FFT        599 56     OK1HEH        599 004   
QSO: 14028 CW 2012-01-28 1017 TM5FFT        599 56     RD9FD         599 022   
QSO: 14028 CW 2012-01-28 1017 TM5FFT        599 56     UR3PGW        599 020   
QSO: 14028 CW 2012-01-28 1018 TM5FFT        599 56     SP8BWE        599 035   
QSO: 14028 CW 2012-01-28 1018 TM5FFT        599 56     OK4DZ         599 057   
QSO: 14028 CW 2012-01-28 1018 TM5FFT        599 56     PA3AQL        599 002   
QSO: 14028 CW 2012-01-28 1019 TM5FFT        599 56     RA3FF         599 006   
QSO: 14028 CW 2012-01-28 1019 TM5FFT        599 56     EV1R          599 023   
QSO: 14028 CW 2012-01-28 1020 TM5FFT        599 56     YL2CV         599 050   
QSO: 14028 CW 2012-01-28 1020 TM5FFT        599 56     F8CJS         599 13    
QSO: 14028 CW 2012-01-28 1021 TM5FFT        599 56     LA2HFA        599 044   
QSO: 14028 CW 2012-01-28 1021 TM5FFT        599 56     DL9MCO        599 023   
QSO: 14028 CW 2012-01-28 1022 TM5FFT        599 56     RN4CU         599 022   
QSO: 14028 CW 2012-01-28 1022 TM5FFT        599 56     HA6VH         599 014   
QSO: 14028 CW 2012-01-28 1022 TM5FFT        599 56     DL8ULF        599 018   
QSO: 14028 CW 2012-01-28 1023 TM5FFT        599 56     LY2PX         599 041   
QSO: 14028 CW 2012-01-28 1023 TM5FFT        599 56     DL5KUD        599 058   
QSO: 14028 CW 2012-01-28 1023 TM5FFT        599 56     HB9DHG        599 066   
QSO: 14028 CW 2012-01-28 1024 TM5FFT        599 56     RZ1OK         599 050   
QSO: 14028 CW 2012-01-28 1024 TM5FFT        599 56     RX6MR         599 003   
QSO: 14028 CW 2012-01-28 1025 TM5FFT        599 56     OK4RQ         599 004   
QSO: 14028 CW 2012-01-28 1025 TM5FFT        599 56     YO4DW         599 018   
QSO: 14028 CW 2012-01-28 1026 TM5FFT        599 56     F8BPN         599 19    
QSO: 14028 CW 2012-01-28 1026 TM5FFT        599 56     OH1B          599 008   
QSO: 14028 CW 2012-01-28 1027 TM5FFT        599 56     RN6MA         599 033   
QSO: 14028 CW 2012-01-28 1027 TM5FFT        599 56     DF2CH         599 065   
QSO: 14028 CW 2012-01-28 1028 TM5FFT        599 56     SP1AEN        599 078   
QSO: 14028 CW 2012-01-28 1028 TM5FFT        599 56     PD7BZ         599 006   
QSO: 14028 CW 2012-01-28 1029 TM5FFT        599 56     9A2KD         599 013   
QSO: 14028 CW 2012-01-28 1029 TM5FFT        599 56     YL3DX         599 015   
QSO: 14028 CW 2012-01-28 1030 TM5FFT        599 56     DL3KWR        599 009   
QSO: 14028 CW 2012-01-28 1030 TM5FFT        599 56     OM0DX         599 059   
QSO: 14028 CW 2012-01-28 1030 TM5FFT        599 56     UN9GD         599 021   
QSO: 14028 CW 2012-01-28 1031 TM5FFT        599 56     F5KBJ/P       599 83    
QSO: 14028 CW 2012-01-28 1031 TM5FFT        599 56     DF6RI         599 003   
QSO: 14028 CW 2012-01-28 1032 TM5FFT        599 56     DK4US         599 001   
QSO: 14028 CW 2012-01-28 1032 TM5FFT        599 56     HG1G          599 122   
QSO: 14028 CW 2012-01-28 1032 TM5FFT        599 56     HA5ARX        599 004   
QSO: 14028 CW 2012-01-28 1033 TM5FFT        599 56     SV1DOI        599 002   
QSO: 14028 CW 2012-01-28 1036 TM5FFT        599 56     LZ3FN         599 015   
QSO: 14028 CW 2012-01-28 1037 TM5FFT        599 56     I0KHY         599 014   
QSO: 14028 CW 2012-01-28 1038 TM5FFT        599 56     OK2KG         599 009   
QSO: 14028 CW 2012-01-28 1038 TM5FFT        599 56     DL5YL         599 091   
QSO: 14028 CW 2012-01-28 1039 TM5FFT        599 56     LZ1IKY        599 015   
QSO: 14028 CW 2012-01-28 1040 TM5FFT        599 56     F5CQ          599 35    
QSO: 14028 CW 2012-01-28 1040 TM5FFT        599 56     LA0FA         599 016   
QSO: 14028 CW 2012-01-28 1041 TM5FFT        599 56     S57AY         599 002   
QSO: 14028 CW 2012-01-28 1042 TM5FFT        599 56     SM6FKF        599 010   
QSO: 14028 CW 2012-01-28 1042 TM5FFT        599 56     DF5LW         599 004   
QSO: 14028 CW 2012-01-28 1043 TM5FFT        599 56     SP3ZIR        599 041   
QSO: 14028 CW 2012-01-28 1043 TM5FFT        599 56     F4FDA         599 29    
QSO: 14028 CW 2012-01-28 1043 TM5FFT        599 56     RW6HJV/3      599 071   
QSO: 14028 CW 2012-01-28 1044 TM5FFT        599 56     DG4FDQ        599 005   
QSO: 14028 CW 2012-01-28 1044 TM5FFT        599 56     RA3TT         599 009   
QSO: 14028 CW 2012-01-28 1045 TM5FFT        599 56     F5JFU         599 58    
QSO: 14028 CW 2012-01-28 1045 TM5FFT        599 56     HA5FA         599 001   
QSO: 14028 CW 2012-01-28 1046 TM5FFT        599 56     LA5LJA        599 015   
QSO: 14028 CW 2012-01-28 1046 TM5FFT        599 56     9A4U          599 019   
QSO: 14028 CW 2012-01-28 1047 TM5FFT        599 56     I1FLC         599 012   
QSO: 14028 CW 2012-01-28 1048 TM5FFT        599 56     PA2GRU        599 024   
QSO: 14028 CW 2012-01-28 1048 TM5FFT        599 56     UX4FC         599 022   
QSO: 14028 CW 2012-01-28 1049 TM5FFT        599 56     OK1BA         599 034   
QSO: 14028 CW 2012-01-28 1050 TM5FFT        599 56     PA2PCH        599 061   
QSO: 14028 CW 2012-01-28 1051 TM5FFT        599 56     F5JU          599 35    
QSO: 14028 CW 2012-01-28 1051 TM5FFT        599 56     F8GGV         599 93    
QSO: 14028 CW 2012-01-28 1051 TM5FFT        599 56     F5KKD         599 93    
QSO: 14028 CW 2012-01-28 1052 TM5FFT        599 56     OK5OK         599 006   
QSO: 14028 CW 2012-01-28 1052 TM5FFT        599 56     DL7UGO        599 006   
QSO: 14028 CW 2012-01-28 1053 TM5FFT        599 56     IN3BJJ        599 003   
QSO: 14028 CW 2012-01-28 1054 TM5FFT        599 56     PA3CUI        599 005   
QSO: 14028 CW 2012-01-28 1055 TM5FFT        599 56     F8DZY         599 47    
QSO: 14028 CW 2012-01-28 1055 TM5FFT        599 56     F6KNB         599 33    
QSO: 14028 CW 2012-01-28 1056 TM5FFT        599 56     OH2LNH        599 022   
QSO: 14028 CW 2012-01-28 1057 TM5FFT        599 56     SV1BJW        599 082   
QSO: 14028 CW 2012-01-28 1058 TM5FFT        599 56     DL1MDZ        599 005   
QSO: 14028 CW 2012-01-28 1058 TM5FFT        599 56     RA9UN         599 059   
QSO: 14028 CW 2012-01-28 1059 TM5FFT        599 56     RK9KWI        599 010   
QSO: 14028 CW 2012-01-28 1059 TM5FFT        599 56     R3QA          599 036   
QSO: 28028 CW 2012-01-28 1109 TM5FFT        599 56     R1TEU         599 058   
QSO: 28028 CW 2012-01-28 1111 TM5FFT        599 56     UX4FC         599 030   
QSO: 28028 CW 2012-01-28 1112 TM5FFT        599 56     F6KLO         599 19    
QSO: 28028 CW 2012-01-28 1113 TM5FFT        599 56     RA9UN         599 064   
QSO: 28028 CW 2012-01-28 1119 TM5FFT        599 56     F5UTN         599 27    
QSO: 28025 CW 2012-01-28 1129 TM5FFT        599 56     RL3DZ         599 011   
QSO: 28025 CW 2012-01-28 1130 TM5FFT        599 56     UA9MRX/3      599 050   
QSO: 28025 CW 2012-01-28 1131 TM5FFT        599 56     UA3PE         599 009   
QSO: 28025 CW 2012-01-28 1133 TM5FFT        599 56     UN9GD         599 058   
QSO: 28025 CW 2012-01-28 1134 TM5FFT        599 56     RW3TT         599 006   
QSO: 28025 CW 2012-01-28 1134 TM5FFT        599 56     RG5A          599 046   
QSO: 28025 CW 2012-01-28 1134 TM5FFT        599 56     OH7CW         599 003   
QSO: 28025 CW 2012-01-28 1137 TM5FFT        599 56     UA3IJC        599 041   
QSO: 28025 CW 2012-01-28 1138 TM5FFT        599 56     RA6AR         599 008   
QSO: 28025 CW 2012-01-28 1139 TM5FFT        599 56     UR5MM         599 047   
QSO: 28025 CW 2012-01-28 1140 TM5FFT        599 56     LZ1EP         599 016   
QSO: 28011 CW 2012-01-28 1153 TM5FFT        599 56     F8AKC         599 63    
QSO: 28056 CW 2012-01-28 1157 TM5FFT        599 56     RW6HJV/3      599 104   
QSO: 28056 CW 2012-01-28 1158 TM5FFT        599 56     RV3DBX        599 015   
QSO: 28056 CW 2012-01-28 1159 TM5FFT        599 56     UA1ZZ         599 036   
QSO: 28056 CW 2012-01-28 1201 TM5FFT        599 56     RZ1OK         599 007   
QSO: 28056 CW 2012-01-28 1212 TM5FFT        599 56     RY7G          599 040   
QSO: 28056 CW 2012-01-28 1215 TM5FFT        599 56     RA3XCZ        599 002   
QSO: 28056 CW 2012-01-28 1216 TM5FFT        599 56     UR7MZ         599 042   
QSO: 21011 CW 2012-01-28 1225 TM5FFT        599 56     RA7C          599 069   
QSO: 21011 CW 2012-01-28 1225 TM5FFT        599 56     VE3KZ         599 010   
QSO: 21011 CW 2012-01-28 1227 TM5FFT        599 56     PP8ZAC        599 006   
QSO: 21011 CW 2012-01-28 1227 TM5FFT        599 56     LY2BNL        599 003   
QSO: 21011 CW 2012-01-28 1228 TM5FFT        599 56     R1TEU         599 097   
QSO: 21011 CW 2012-01-28 1228 TM5FFT        599 56     LA2HFA        599 046   
QSO: 21011 CW 2012-01-28 1229 TM5FFT        599 56     RL3DZ         599 033   
QSO: 21011 CW 2012-01-28 1230 TM5FFT        599 56     LZ1YQ         599 003   
QSO: 21011 CW 2012-01-28 1231 TM5FFT        599 56     LZ4AE         599 028   
QSO: 21011 CW 2012-01-28 1232 TM5FFT        599 56     N1NN          599 004   
QSO: 21011 CW 2012-01-28 1232 TM5FFT        599 56     RG5A          599 064   
QSO: 21011 CW 2012-01-28 1233 TM5FFT        599 56     UA4FCO        599 047   
QSO: 21011 CW 2012-01-28 1235 TM5FFT        599 56     UY5ZI         599 032   
QSO: 21011 CW 2012-01-28 1236 TM5FFT        599 56     YU7KW         599 021   
QSO: 21011 CW 2012-01-28 1237 TM5FFT        599 56     R9AX          599 055   
QSO: 21011 CW 2012-01-28 1237 TM5FFT        599 56     LZ1BP         599 027   
QSO: 21011 CW 2012-01-28 1239 TM5FFT        599 56     DL6UHA        599 087   
QSO: 21011 CW 2012-01-28 1240 TM5FFT        599 56     RW4WN         599 066   
QSO: 21011 CW 2012-01-28 1241 TM5FFT        599 56     F4FDA         599 29    
QSO: 21011 CW 2012-01-28 1242 TM5FFT        599 56     RK9KWI        599 026   
QSO: 21011 CW 2012-01-28 1242 TM5FFT        599 56     UT3UY         599 016   
QSO: 21011 CW 2012-01-28 1243 TM5FFT        599 56     K3IPK         599 012   
QSO: 21011 CW 2012-01-28 1244 TM5FFT        599 56     UN9GD         599 077   
QSO: 21011 CW 2012-01-28 1244 TM5FFT        599 56     SN5J          599 047   
QSO: 21011 CW 2012-01-28 1245 TM5FFT        599 56     RN6MA         599 082   
QSO: 21011 CW 2012-01-28 1245 TM5FFT        599 56     UX4FC         599 056   
QSO: 21011 CW 2012-01-28 1246 TM5FFT        599 56     K1LOG         599 002   
QSO: 21011 CW 2012-01-28 1246 TM5FFT        599 56     UA9XW         599 044   
QSO: 21011 CW 2012-01-28 1247 TM5FFT        599 56     SV1BJW        599 116   
QSO: 21011 CW 2012-01-28 1247 TM5FFT        599 56     R7DX          599 010   
QSO: 21011 CW 2012-01-28 1248 TM5FFT        599 56     SP9LWD        599 001   
QSO: 21011 CW 2012-01-28 1248 TM5FFT        599 56     K4DY          599 001   
QSO: 21011 CW 2012-01-28 1248 TM5FFT        599 56     F5OEV         599 85    
QSO: 21011 CW 2012-01-28 1249 TM5FFT        599 56     HA8TP         599 012   
QSO: 21011 CW 2012-01-28 1250 TM5FFT        599 56     F6KNB         599 33    
QSO: 21011 CW 2012-01-28 1250 TM5FFT        599 56     RW7M          599 001   
QSO: 21011 CW 2012-01-28 1251 TM5FFT        599 56     LZ4GL         599 013   
QSO: 21011 CW 2012-01-28 1251 TM5FFT        599 56     YL2CV         599 098   
QSO: 21011 CW 2012-01-28 1252 TM5FFT        599 56     LN4CU         599 026   
QSO: 21011 CW 2012-01-28 1253 TM5FFT        599 56     UT2PL         599 017   
QSO: 21011 CW 2012-01-28 1253 TM5FFT        599 56     EV1R          599 057   
QSO: 21011 CW 2012-01-28 1254 TM5FFT        599 56     RY7G          599 060   
QSO: 21011 CW 2012-01-28 1255 TM5FFT        599 56     4Z4DX         599 007   
QSO: 21011 CW 2012-01-28 1258 TM5FFT        599 56     EA8BQM        599 020   
QSO: 21011 CW 2012-01-28 1258 TM5FFT        599 56     UA6YH         599 038   
QSO: 21011 CW 2012-01-28 1259 TM5FFT        599 56     UY2IG         599 100   
QSO: 21011 CW 2012-01-28 1300 TM5FFT        599 56     RZ6FA         599 027   
QSO: 21011 CW 2012-01-28 1300 TM5FFT        599 56     I5RFD         599 001   
QSO: 21011 CW 2012-01-28 1301 TM5FFT        599 56     R8MC          599 016   
QSO: 21011 CW 2012-01-28 1301 TM5FFT        599 56     SM5ACQ        599 023   
QSO: 21011 CW 2012-01-28 1302 TM5FFT        599 56     RM8W          599 002   
QSO: 21011 CW 2012-01-28 1303 TM5FFT        599 56     UU2J          599 050   
QSO: 21011 CW 2012-01-28 1304 TM5FFT        599 56     UA1AJ         599 063   
QSO: 21011 CW 2012-01-28 1304 TM5FFT        599 56     LZ1IKY        599 038   
QSO: 21011 CW 2012-01-28 1305 TM5FFT        599 56     F5JFV         599 58    
QSO: 21011 CW 2012-01-28 1305 TM5FFT        599 56     UU0J          599 013   
QSO: 21011 CW 2012-01-28 1306 TM5FFT        599 56     RV6LN         599 025   
QSO: 21011 CW 2012-01-28 1306 TM5FFT        599 56     UA9WOB        599 008   
QSO: 21011 CW 2012-01-28 1307 TM5FFT        599 56     RA3XCZ        599 020   
QSO: 21011 CW 2012-01-28 1307 TM5FFT        599 56     OH7FF         599 008   
QSO: 21011 CW 2012-01-28 1308 TM5FFT        599 56     OH2VZ         599 009   
QSO: 21011 CW 2012-01-28 1309 TM5FFT        599 56     TM7OTRS       599 63    
QSO: 21011 CW 2012-01-28 1309 TM5FFT        599 56     OM5WW         599 107   
QSO: 21011 CW 2012-01-28 1310 TM5FFT        599 56     Z35G          599 025   
QSO: 21011 CW 2012-01-28 1310 TM5FFT        599 56     RU9WZ         599 021   
QSO: 21011 CW 2012-01-28 1311 TM5FFT        599 56     RV6LCI        599 030   
QSO: 21011 CW 2012-01-28 1312 TM5FFT        599 56     UA1ZZ         599 050   
QSO: 21011 CW 2012-01-28 1313 TM5FFT        599 56     N8DE          599 018   
QSO: 21011 CW 2012-01-28 1313 TM5FFT        599 56     VE9DX         599 003   
QSO: 21011 CW 2012-01-28 1314 TM5FFT        599 56     EA8AVK        599 015   
QSO: 21011 CW 2012-01-28 1316 TM5FFT        599 56     4Z5TK         599 040   
QSO: 21011 CW 2012-01-28 1316 TM5FFT        599 56     LY2PX         599 086   
QSO: 21011 CW 2012-01-28 1317 TM5FFT        599 56     WB2KSP        599 001   
QSO: 21011 CW 2012-01-28 1318 TM5FFT        599 56     K3WI          599 039   
QSO: 21011 CW 2012-01-28 1319 TM5FFT        599 56     K0HUU         579 001   
QSO: 21011 CW 2012-01-28 1320 TM5FFT        599 56     F5VHY         599 47    
QSO: 21011 CW 2012-01-28 1320 TM5FFT        599 56     VE9HF         599 002   
QSO: 21011 CW 2012-01-28 1320 TM5FFT        599 56     TM2OP         599 86    
QSO: 21011 CW 2012-01-28 1321 TM5FFT        599 56     YO4SI         599 013   
QSO: 21011 CW 2012-01-28 1321 TM5FFT        599 56     OH7YN         599 011   
QSO: 21011 CW 2012-01-28 1323 TM5FFT        599 56     RK6HG         599 013   
QSO: 21011 CW 2012-01-28 1325 TM5FFT        599 56     UA9MRX/3      599 076   
QSO: 21011 CW 2012-01-28 1326 TM5FFT        599 56     OM7SR         599 061   
QSO: 21011 CW 2012-01-28 1326 TM5FFT        599 56     OZ4FF         599 056   
QSO: 21011 CW 2012-01-28 1328 TM5FFT        599 56     UA3PC         599 022   
QSO: 21011 CW 2012-01-28 1328 TM5FFT        599 56     F6CXJ         599 47    
QSO: 21011 CW 2012-01-28 1330 TM5FFT        599 56     RA3FF         599 014   
QSO: 21011 CW 2012-01-28 1332 TM5FFT        599 56     YO9HG         599 028   
QSO: 21048 CW 2012-01-28 1340 TM5FFT        599 56     FM/F6AUS      599 FM    
QSO: 21041 CW 2012-01-28 1343 TM5FFT        599 56     F5AIB         599 54    
QSO: 21038 CW 2012-01-28 1354 TM5FFT        599 56     F5UTN         599 27    
QSO: 21020 CW 2012-01-28 1402 TM5FFT        599 56     LA8HGA        599 006   
QSO: 21020 CW 2012-01-28 1403 TM5FFT        599 56     SQ7B          599 024   
QSO: 21015 CW 2012-01-28 1408 TM5FFT        599 56     TM2B          599 03    
QSO: 21011 CW 2012-01-28 1414 TM5FFT        599 56     F5QF          599 77    
QSO: 21009 CW 2012-01-28 1415 TM5FFT        599 56     TM6GGR        599 37    
QSO: 21007 CW 2012-01-28 1419 TM5FFT        599 56     F5POJ         599 02    
QSO: 21050 CW 2012-01-28 1423 TM5FFT        599 56     F6KDL         599 68    
QSO: 21043 CW 2012-01-28 1426 TM5FFT        599 56     F6GPT         599 33    
QSO: 21040 CW 2012-01-28 1430 TM5FFT        599 56     F8KCF         599 74    
QSO: 21039 CW 2012-01-28 1433 TM5FFT        599 56     F6KLO         599 19    
QSO: 21037 CW 2012-01-28 1436 TM5FFT        599 56     F6DYX         599 49    
QSO: 21035 CW 2012-01-28 1437 TM5FFT        599 56     F5OTZ         599 83    
QSO: 21034 CW 2012-01-28 1439 TM5FFT        599 56     F6FTB         599 21    
QSO: 21033 CW 2012-01-28 1440 TM5FFT        599 56     TM1T          599 44    
QSO: 21017 CW 2012-01-28 1445 TM5FFT        599 56     F8DGY         599 77    
QSO: 21051 CW 2012-01-28 1449 TM5FFT        599 56     F4EEI         599 52    
QSO: 21049 CW 2012-01-28 1450 TM5FFT        599 56     F5KDK/P       599 83    
QSO: 21047 CW 2012-01-28 1452 TM5FFT        599 56     K8WSN         599 006   
QSO: 21047 CW 2012-01-28 1454 TM5FFT        599 56     F8DZY         599 47    
QSO: 21047 CW 2012-01-28 1454 TM5FFT        599 56     LZ3V          599 026   
QSO: 21047 CW 2012-01-28 1457 TM5FFT        599 56     OH3GZ         599 053   
QSO: 21047 CW 2012-01-28 1459 TM5FFT        599 56     UT5UIA        599 034   
QSO: 21047 CW 2012-01-28 1500 TM5FFT        599 56     SP1AEN        599 162   
QSO: 21047 CW 2012-01-28 1501 TM5FFT        599 56     DL3GA         599 010   
QSO: 21047 CW 2012-01-28 1502 TM5FFT        599 56     K0DEQ         599 011   
QSO: 21047 CW 2012-01-28 1503 TM5FFT        599 56     K2UV          599 047   
QSO: 21047 CW 2012-01-28 1504 TM5FFT        599 56     F6IPQ         599 47    
QSO: 21047 CW 2012-01-28 1504 TM5FFT        599 56     VE3XN         599 001   
QSO: 21047 CW 2012-01-28 1506 TM5FFT        599 56     KF0AX         559 003   
QSO: 21047 CW 2012-01-28 1508 TM5FFT        599 56     YO2LAN        599 055   
QSO: 21047 CW 2012-01-28 1510 TM5FFT        599 56     F5OWL         599 83    
QSO: 21047 CW 2012-01-28 1511 TM5FFT        599 56     DL1MDZ        599 016   
QSO: 21047 CW 2012-01-28 1512 TM5FFT        599 56     RZ1OK         599 111   
QSO: 21047 CW 2012-01-28 1514 TM5FFT        599 56     F6GEU         599 49    
QSO: 21047 CW 2012-01-28 1515 TM5FFT        599 56     F1AKK         599 29    
QSO: 21047 CW 2012-01-28 1517 TM5FFT        599 56     F5NKX         599 50    
QSO: 21047 CW 2012-01-28 1518 TM5FFT        599 56     F6KTQ         599 33    
QSO: 21047 CW 2012-01-28 1520 TM5FFT        599 56     UA3AKI        599 009   
QSO: 21047 CW 2012-01-28 1524 TM5FFT        599 56     N4NO          599 031   
QSO: 21047 CW 2012-01-28 1526 TM5FFT        599 56     K0BLT         599 002   
QSO: 21047 CW 2012-01-28 1527 TM5FFT        599 56     EU1DZ         599 024   
QSO: 21047 CW 2012-01-28 1528 TM5FFT        599 56     EW6EW         599 054   
QSO: 21047 CW 2012-01-28 1529 TM5FFT        599 56     K8NYG         599 004   
QSO: 21047 CW 2012-01-28 1530 TM5FFT        599 56     FG1PP         599 FG    
QSO: 21047 CW 2012-01-28 1531 TM5FFT        599 56     AI4C          599 016   
QSO: 21047 CW 2012-01-28 1532 TM5FFT        599 56     N3KR          599 013   
QSO: 21047 CW 2012-01-28 1533 TM5FFT        599 56     W0DYD         599 004   
QSO: 21047 CW 2012-01-28 1534 TM5FFT        599 56     KB8NOD        599 066   
QSO: 21047 CW 2012-01-28 1536 TM5FFT        599 56     F8AAB         599 84    
QSO: 21047 CW 2012-01-28 1537 TM5FFT        599 56     K1BV          599 036   
QSO: 21047 CW 2012-01-28 1538 TM5FFT        599 56     W9OA          599 018   
QSO: 21047 CW 2012-01-28 1539 TM5FFT        599 56     NY4G          599 001   
QSO: 21047 CW 2012-01-28 1540 TM5FFT        599 56     RV3DBK        599 032   
QSO: 21047 CW 2012-01-28 1541 TM5FFT        599 56     LZ1FJ         599 036   
QSO: 21047 CW 2012-01-28 1542 TM5FFT        599 56     W0YZZ         599 046   
QSO: 21047 CW 2012-01-28 1544 TM5FFT        599 56     N6HI          599 002   
QSO: 21047 CW 2012-01-28 1544 TM5FFT        599 56     W2IFB         599 001   
QSO: 21047 CW 2012-01-28 1545 TM5FFT        599 56     S52AU         599 181   
QSO: 21047 CW 2012-01-28 1548 TM5FFT        599 56     K5FNQ         599 011   
QSO: 21047 CW 2012-01-28 1549 TM5FFT        599 56     W6LFB         599 003   
QSO: 21047 CW 2012-01-28 1550 TM5FFT        599 56     F5CT          599 61    
QSO: 21047 CW 2012-01-28 1553 TM5FFT        599 56     W2ZRA         599 002   
QSO: 21047 CW 2012-01-28 1553 TM5FFT        599 56     W9EWZ         599 029   
QSO: 21047 CW 2012-01-28 1554 TM5FFT        599 56     VE2AWR        599 012   
QSO: 21047 CW 2012-01-28 1556 TM5FFT        599 56     LU5FR         599 018   
QSO: 21047 CW 2012-01-28 1559 TM5FFT        599 56     F1DBE         599 95    
QSO: 14030 CW 2012-01-28 1606 TM5FFT        599 56     F5UTN         599 27    
QSO: 14040 CW 2012-01-28 1609 TM5FFT        599 56     FM/F6AUS      599 FM    
QSO: 14006 CW 2012-01-28 1630 TM5FFT        599 56     TM70TRS       599 63    
QSO: 14013 CW 2012-01-28 1634 TM5FFT        599 56     F6CXJ         599 47    
QSO: 14015 CW 2012-01-28 1634 TM5FFT        599 56     OK2QX         599 046   
QSO: 14023 CW 2012-01-28 1638 TM5FFT        599 56     F8KCF         599 74    
QSO: 14026 CW 2012-01-28 1641 TM5FFT        599 56     TM6D          599 38    
QSO: 14028 CW 2012-01-28 1642 TM5FFT        599 56     SF3A          599 026   
QSO: 14027 CW 2012-01-28 1644 TM5FFT        599 56     TM6GGR        599 37    
QSO: 14031 CW 2012-01-28 1647 TM5FFT        599 56     F5LCH         599 85    
QSO: 14034 CW 2012-01-28 1648 TM5FFT        599 56     SM5ACQ        599 087   
QSO: 14036 CW 2012-01-28 1650 TM5FFT        599 56     TM1T          599 44    
QSO: 14017 CW 2012-01-28 1656 TM5FFT        599 56     UA6HFI        599 027   
QSO: 14017 CW 2012-01-28 1656 TM5FFT        599 56     SM5IMO        599 037   
QSO: 14017 CW 2012-01-28 1657 TM5FFT        599 56     LZ2HR         599 022   
QSO:  7011 CW 2012-01-28 1659 TM5FFT        599 56     SM6FKF        599 116   
QSO:  7011 CW 2012-01-28 1700 TM5FFT        599 56     YO4SI         599 065   
QSO:  7011 CW 2012-01-28 1700 TM5FFT        599 56     F5VV          599 01    
QSO:  7011 CW 2012-01-28 1701 TM5FFT        599 56     SP6BAA        599 025   
QSO:  7011 CW 2012-01-28 1701 TM5FFT        599 56     OK1BB         599 078   
QSO:  7011 CW 2012-01-28 1701 TM5FFT        599 56     DL6KVA        599 092   
QSO:  7011 CW 2012-01-28 1702 TM5FFT        599 56     PA0FAW        599 018   
QSO:  7011 CW 2012-01-28 1703 TM5FFT        599 56     F8FSN         579 84    
QSO:  7011 CW 2012-01-28 1704 TM5FFT        599 56     DF2UD         599 031   
QSO:  7011 CW 2012-01-28 1705 TM5FFT        599 56     RN6AI         599 042   
QSO:  7011 CW 2012-01-28 1705 TM5FFT        599 56     DF3TE         599 037   
QSO:  7011 CW 2012-01-28 1705 TM5FFT        599 56     IZ2EJU        599 054   
QSO:  7011 CW 2012-01-28 1706 TM5FFT        599 56     9A5PV         599 034   
QSO:  7011 CW 2012-01-28 1706 TM5FFT        599 56     F1BZG         599 45    
QSO:  7011 CW 2012-01-28 1707 TM5FFT        599 56     OZ5RM         599 029   
QSO:  7011 CW 2012-01-28 1707 TM5FFT        599 56     RX6AKA        599 094   
QSO:  7011 CW 2012-01-28 1708 TM5FFT        599 56     G3ZGC         599 031   
QSO:  7011 CW 2012-01-28 1708 TM5FFT        599 56     PA0ABM        599 010   
QSO:  7011 CW 2012-01-28 1708 TM5FFT        599 56     F4EEI         599 52    
QSO:  7011 CW 2012-01-28 1709 TM5FFT        599 56     LZ2HR         599 028   
QSO:  7011 CW 2012-01-28 1710 TM5FFT        599 56     HB9EHV        599 069   
QSO:  7011 CW 2012-01-28 1710 TM5FFT        599 56     LZ1YQ         599 152   
QSO:  7011 CW 2012-01-28 1711 TM5FFT        599 56     RY7G          599 137   
QSO:  7011 CW 2012-01-28 1712 TM5FFT        599 56     DL6DSA        599 022   
QSO:  7011 CW 2012-01-28 1713 TM5FFT        599 56     GM3JKS        599 095   
QSO:  7011 CW 2012-01-28 1713 TM5FFT        599 56     F5UB          599 62    
QSO:  7011 CW 2012-01-28 1714 TM5FFT        599 56     DL4VQ         599 062   
QSO:  7011 CW 2012-01-28 1714 TM5FFT        599 56     F5PHV         599 19    
QSO:  7011 CW 2012-01-28 1715 TM5FFT        599 56     HA1TO         599 004   
QSO:  7011 CW 2012-01-28 1715 TM5FFT        599 56     DL8ULF        599 039   
QSO:  7011 CW 2012-01-28 1717 TM5FFT        599 56     F5LWF         599 51    
QSO:  7011 CW 2012-01-28 1718 TM5FFT        599 56     R1TEU         599 199   
QSO:  7011 CW 2012-01-28 1718 TM5FFT        599 56     DL2KUZ        599 006   
QSO:  7011 CW 2012-01-28 1719 TM5FFT        599 56     F6IQU         599 70    
QSO:  7011 CW 2012-01-28 1720 TM5FFT        599 56     DL1THB        599 049   
QSO:  7011 CW 2012-01-28 1721 TM5FFT        599 56     F8KCF         599 74    
QSO:  7011 CW 2012-01-28 1722 TM5FFT        599 56     RM3TO         599 047   
QSO:  7011 CW 2012-01-28 1724 TM5FFT        599 56     TM2B          599 03    
QSO:  7011 CW 2012-01-28 1724 TM5FFT        599 56     PA0JED        599 016   
QSO:  7011 CW 2012-01-28 1726 TM5FFT        599 56     PA2REH        599 071   
QSO:  7011 CW 2012-01-28 1726 TM5FFT        599 56     S52AU         599 212   
QSO:  7011 CW 2012-01-28 1727 TM5FFT        599 56     DF1SZ         599 069   
QSO:  7011 CW 2012-01-28 1728 TM5FFT        599 56     HB9CHY        599 043   
QSO:  7011 CW 2012-01-28 1728 TM5FFT        599 56     F8AAB         599 84    
QSO:  7011 CW 2012-01-28 1729 TM5FFT        599 56     EA7OR         599 012   
QSO:  7011 CW 2012-01-28 1730 TM5FFT        599 56     IV3DRP        599 061   
QSO:  7011 CW 2012-01-28 1731 TM5FFT        599 56     F6IHY         599 31    
QSO:  7011 CW 2012-01-28 1731 TM5FFT        599 56     RZ6AK         599 066   
QSO:  7011 CW 2012-01-28 1731 TM5FFT        599 56     F8DFT         599 68    
QSO:  7011 CW 2012-01-28 1732 TM5FFT        599 56     DL2BIS        599 021   
QSO:  7011 CW 2012-01-28 1734 TM5FFT        599 56     HA1WA         599 042   
QSO:  7011 CW 2012-01-28 1734 TM5FFT        599 56     UY5ME         599 015   
QSO:  7011 CW 2012-01-28 1734 TM5FFT        599 56     UY0CA         599 052   
QSO:  7011 CW 2012-01-28 1736 TM5FFT        599 56     UA1AJ         599 114   
QSO:  7011 CW 2012-01-28 1737 TM5FFT        599 56     F6BBV         599 84    
QSO:  7011 CW 2012-01-28 1738 TM5FFT        599 56     DJ3CQ         599 053   
QSO:  7011 CW 2012-01-28 1738 TM5FFT        599 56     SP8CGU        599 130   
QSO:  7011 CW 2012-01-28 1739 TM5FFT        599 56     SM0A          599 033   
QSO:  7011 CW 2012-01-28 1740 TM5FFT        599 56     RA6AN         599 082   
QSO:  7011 CW 2012-01-28 1742 TM5FFT        599 56     F5CT          599 61    
QSO:  7011 CW 2012-01-28 1743 TM5FFT        599 56     OK1DRQ        599 003   
QSO:  7011 CW 2012-01-28 1744 TM5FFT        599 56     R7AC          599 047   
QSO:  7011 CW 2012-01-28 1745 TM5FFT        599 56     F6DTZ         599 65    
QSO:  7011 CW 2012-01-28 1746 TM5FFT        599 56     RZ1OK         599 135   
QSO:  7011 CW 2012-01-28 1748 TM5FFT        599 56     UX6VA         599 026   
QSO:  7011 CW 2012-01-28 1749 TM5FFT        599 56     UB3DAO        599 044   
QSO:  7011 CW 2012-01-28 1750 TM5FFT        599 56     SN5J          599 123   
QSO:  7011 CW 2012-01-28 1750 TM5FFT        599 56     CT1ANO        599 052   
QSO:  7011 CW 2012-01-28 1751 TM5FFT        599 56     UT2PL         599 055   
QSO:  7011 CW 2012-01-28 1751 TM5FFT        599 56     UR5MM         599 168   
QSO:  7011 CW 2012-01-28 1752 TM5FFT        599 56     F5NQL         599 89    
QSO:  7011 CW 2012-01-28 1754 TM5FFT        599 56     EA6ZS         599 043   
QSO:  7011 CW 2012-01-28 1755 TM5FFT        599 56     DL7VFM        599 110   
QSO:  7011 CW 2012-01-28 1756 TM5FFT        599 56     F6GID         599 67    
QSO:  7011 CW 2012-01-28 1758 TM5FFT        599 56     F6FII         599 22    
QSO:  7011 CW 2012-01-28 1759 TM5FFT        599 56     DL5CL         599 020   
QSO:  7011 CW 2012-01-28 1801 TM5FFT        599 56     UT7MR         599 025   
QSO:  7011 CW 2012-01-28 1801 TM5FFT        599 56     UA6G          599 065   
QSO:  7011 CW 2012-01-28 1802 TM5FFT        599 56     UA6GF         599 068   
QSO:  7011 CW 2012-01-28 1803 TM5FFT        599 56     UA3DFM        599 053   
QSO:  7011 CW 2012-01-28 1803 TM5FFT        599 56     DL6NBS        599 025   
QSO:  7011 CW 2012-01-28 1804 TM5FFT        599 56     R5ZAA         599 092   
QSO:  7011 CW 2012-01-28 1805 TM5FFT        599 56     HA1SM         599 052   
QSO:  7011 CW 2012-01-28 1805 TM5FFT        599 56     F6AUQ         599 83    
QSO:  7011 CW 2012-01-28 1807 TM5FFT        599 56     EU6AA         599 029   
QSO:  7011 CW 2012-01-28 1807 TM5FFT        599 56     DL7ARV        599 060   
QSO:  7011 CW 2012-01-28 1809 TM5FFT        599 56     UA3AKI        599 015   
QSO:  7011 CW 2012-01-28 1810 TM5FFT        599 56     F5ROL         599 83    
QSO:  7011 CW 2012-01-28 1811 TM5FFT        599 56     DL3KWR        599 052   
QSO:  7011 CW 2012-01-28 1811 TM5FFT        599 56     DL2NBY        599 006   
QSO:  7011 CW 2012-01-28 1812 TM5FFT        599 56     SP9LJD        599 041   
QSO:  7011 CW 2012-01-28 1812 TM5FFT        599 56     HA8TP         599 054   
QSO:  7011 CW 2012-01-28 1813 TM5FFT        599 56     UA6AK         599 060   
QSO:  7011 CW 2012-01-28 1814 TM5FFT        599 56     IK2UJF        599 004   
QSO:  7011 CW 2012-01-28 1814 TM5FFT        599 56     LZ3V          599 032   
QSO:  7011 CW 2012-01-28 1815 TM5FFT        599 56     RA7C          599 166   
QSO:  7011 CW 2012-01-28 1816 TM5FFT        599 56     F6HZS         599 34    
QSO:  7011 CW 2012-01-28 1817 TM5FFT        599 56     RV6LCI        599 095   
QSO:  7011 CW 2012-01-28 1817 TM5FFT        599 56     UU7JD         599 033   
QSO:  7011 CW 2012-01-28 1817 TM5FFT        599 56     DL6UKL        599 028   
QSO:  7011 CW 2012-01-28 1818 TM5FFT        599 56     DF6RI         599 070   
QSO:  7011 CW 2012-01-28 1820 TM5FFT        599 56     CR7ACS        599 023   
QSO:  7011 CW 2012-01-28 1820 TM5FFT        599 56     EW8OF         599 044   
QSO:  7011 CW 2012-01-28 1822 TM5FFT        599 56     SP9MZH        599 008   
QSO:  7011 CW 2012-01-28 1823 TM5FFT        599 56     SP4GFG        599 019   
QSO:  7011 CW 2012-01-28 1825 TM5FFT        599 56     UR7QL         599 090   
QSO:  7011 CW 2012-01-28 1827 TM5FFT        599 56     UX4FC         599 135   
QSO:  7011 CW 2012-01-28 1830 TM5FFT        599 56     UA6YH         599 107   
QSO:  7011 CW 2012-01-28 1832 TM5FFT        599 56     OM3TBG        599 005   
QSO:  7011 CW 2012-01-28 1833 TM5FFT        599 56     UR8GX         599 028   
QSO:  7011 CW 2012-01-28 1836 TM5FFT        599 56     UU0J          599 073   
QSO:  7011 CW 2012-01-28 1837 TM5FFT        599 56     DJ1PQ         599 013   
QSO:  7011 CW 2012-01-28 1839 TM5FFT        599 56     LZ1BP         599 121   
QSO:  7011 CW 2012-01-28 1839 TM5FFT        599 56     YU3AA         599 001   
QSO:  7011 CW 2012-01-28 1844 TM5FFT        599 56     US7UU         599 030   
QSO:  7011 CW 2012-01-28 1844 TM5FFT        599 56     EA8OM         599 046   
QSO:  7011 CW 2012-01-28 1845 TM5FFT        599 56     UA4FCO        599 163   
QSO:  7018 CW 2012-01-28 1857 TM5FFT        599 56     TM12M         599 12    
QSO:  3521 CW 2012-01-28 1909 TM5FFT        599 56     F8EZX         599 31    
QSO:  3527 CW 2012-01-28 1919 TM5FFT        599 56     F1AKK         599 29    
QSO:  3545 CW 2012-01-28 1920 TM5FFT        599 56     F6KDL         599 68    
QSO:  3519 CW 2012-01-28 1922 TM5FFT        599 56     F6FTB         599 21    
QSO:  3525 CW 2012-01-28 1923 TM5FFT        599 56     F5UTN         599 27    
QSO:  3532 CW 2012-01-28 1926 TM5FFT        599 56     F8KCF         599 74    
QSO:  3532 CW 2012-01-28 1927 TM5FFT        599 56     F5NQL         599 89    
QSO:  3532 CW 2012-01-28 1927 TM5FFT        599 56     HA1WA         599 081   
QSO:  3532 CW 2012-01-28 1928 TM5FFT        599 56     PA0JED        599 042   
QSO:  3532 CW 2012-01-28 1928 TM5FFT        599 56     SN6A          599 062   
QSO:  3532 CW 2012-01-28 1929 TM5FFT        599 56     F6IJG         599 30    
QSO:  3532 CW 2012-01-28 1930 TM5FFT        599 56     F8AAB         599 84    
QSO:  3532 CW 2012-01-28 1930 TM5FFT        599 56     F1BZG         599 45    
QSO:  3532 CW 2012-01-28 1931 TM5FFT        599 56     F5JU          599 35    
QSO:  3532 CW 2012-01-28 1932 TM5FFT        599 56     F6KMX         599 94    
QSO:  3532 CW 2012-01-28 1932 TM5FFT        599 56     DK3HA         599 145   
QSO:  3532 CW 2012-01-28 1932 TM5FFT        599 56     TM2B          599 03    
QSO:  3532 CW 2012-01-28 1933 TM5FFT        599 56     HB9AII        599 041   
QSO:  3532 CW 2012-01-28 1934 TM5FFT        599 56     HA8TP         599 095   
QSO:  3532 CW 2012-01-28 1934 TM5FFT        599 56     OM6MS         599 013   
QSO:  3532 CW 2012-01-28 1935 TM5FFT        599 56     G0IBN         599 006   
QSO:  3532 CW 2012-01-28 1936 TM5FFT        599 56     DL6UKL        599 053   
QSO:  3532 CW 2012-01-28 1937 TM5FFT        599 56     IZ2IHO        599 001   
QSO:  3532 CW 2012-01-28 1938 TM5FFT        599 56     F9EW          599 77    
QSO:  3532 CW 2012-01-28 1938 TM5FFT        599 56     F6KNB         599 33    
QSO:  3532 CW 2012-01-28 1938 TM5FFT        599 56     SP9LJD        599 083   
QSO:  3532 CW 2012-01-28 1939 TM5FFT        599 56     PA0W          599 072   
QSO:  3532 CW 2012-01-28 1940 TM5FFT        599 56     DL6NBS        599 041   
QSO:  3532 CW 2012-01-28 1941 TM5FFT        599 56     F5PCV         599 62    
QSO:  3532 CW 2012-01-28 1942 TM5FFT        599 56     F8DZY         599 47    
QSO:  3532 CW 2012-01-28 1942 TM5FFT        599 56     LZ1YQ         599 180   
QSO:  3532 CW 2012-01-28 1943 TM5FFT        599 56     PA0M          599 025   
QSO:  3532 CW 2012-01-28 1944 TM5FFT        599 56     F5OZC/P       599 49    
QSO:  3532 CW 2012-01-28 1944 TM5FFT        599 56     EV1R          599 215   
QSO:  3532 CW 2012-01-28 1945 TM5FFT        599 56     DL9GS         599 079   
QSO:  3534 CW 2012-01-28 2006 TM5FFT        599 56     TM2T          599 69    
QSO:  3543 CW 2012-01-28 2008 TM5FFT        599 56     F6REF         599 00    
QSO:  3547 CW 2012-01-28 2010 TM5FFT        599 56     F5VV          599 01    
QSO:  3532 CW 2012-01-28 2011 TM5FFT        599 56     F6CXJ         599 47    
QSO:  3536 CW 2012-01-28 2017 TM5FFT        599 56     TM6GGR        599 37    
QSO:  3516 CW 2012-01-28 2018 TM5FFT        599 56     F6KJX         599 41    
QSO:  3545 CW 2012-01-28 2022 TM5FFT        599 56     F8FHI         599 71    
QSO:  3545 CW 2012-01-28 2023 TM5FFT        599 56     YT1FZ         599 041   
QSO:  3545 CW 2012-01-28 2024 TM5FFT        599 56     DL6KVA        599 159   
QSO:  3545 CW 2012-01-28 2024 TM5FFT        599 56     YU1FG         599 247   
QSO:  3545 CW 2012-01-28 2029 TM5FFT        599 56     F6HQY         599 87    
QSO:  3545 CW 2012-01-28 2030 TM5FFT        599 56     F8FLK         599 80    
QSO:  3545 CW 2012-01-28 2031 TM5FFT        599 56     F8ALX         599 36    
QSO:  3545 CW 2012-01-28 2032 TM5FFT        599 56     OL8M          599 027   
QSO:  3545 CW 2012-01-28 2034 TM5FFT        599 56     EA7AAW        599 036   
QSO:  3545 CW 2012-01-28 2034 TM5FFT        599 56     9A3R          599 072   
QSO:  3545 CW 2012-01-28 2035 TM5FFT        599 56     HA8DT         599 026   
QSO:  3545 CW 2012-01-28 2035 TM5FFT        599 56     YU5T          599 056   
QSO:  3545 CW 2012-01-28 2037 TM5FFT        599 56     I4VJC         599 007   
QSO:  3545 CW 2012-01-28 2037 TM5FFT        599 56     OK1BA         599 146   
QSO:  3545 CW 2012-01-28 2040 TM5FFT        599 56     DL2ZBO        599 031   
QSO:  3545 CW 2012-01-28 2042 TM5FFT        599 56     F6CNM         599 29    
QSO:  3545 CW 2012-01-28 2043 TM5FFT        599 56     F6KMB         599 60    
QSO:  3545 CW 2012-01-28 2043 TM5FFT        599 56     IK6BAK        599 018   
QSO:  3545 CW 2012-01-28 2044 TM5FFT        599 56     ON4KLG        599 007   
QSO:  3545 CW 2012-01-28 2045 TM5FFT        599 56     OM3TBG        599 125   
QSO:  3545 CW 2012-01-28 2046 TM5FFT        599 56     DK8FS         599 019   
QSO:  3545 CW 2012-01-28 2046 TM5FFT        599 56     F2NZ          599 44    
QSO:  3545 CW 2012-01-28 2047 TM5FFT        599 56     DL4VQ         599 089   
QSO:  3545 CW 2012-01-28 2048 TM5FFT        599 56     UR5MM         599 222   
QSO:  3545 CW 2012-01-28 2048 TM5FFT        599 56     F9OE          599 29    
QSO:  3545 CW 2012-01-28 2049 TM5FFT        599 56     OK2KFK        599 075   
QSO:  3545 CW 2012-01-28 2050 TM5FFT        599 56     F5VKT         599 47    
QSO:  3545 CW 2012-01-28 2050 TM5FFT        599 56     LA7SI         599 064   
QSO:  3545 CW 2012-01-28 2051 TM5FFT        599 56     F6ELU         599 37    
QSO:  3545 CW 2012-01-28 2053 TM5FFT        599 56     F6IHY         599 31    
QSO:  3545 CW 2012-01-28 2053 TM5FFT        599 56     PA5YL         599 036   
QSO:  3545 CW 2012-01-28 2054 TM5FFT        599 56     F5SGI/P       599 14    
QSO:  3545 CW 2012-01-28 2055 TM5FFT        599 56     F6KKH         599 11    
QSO:  3545 CW 2012-01-28 2055 TM5FFT        599 56     F8KGZ         599 54    
QSO:  3545 CW 2012-01-28 2056 TM5FFT        599 56     ON6WJ         599 110   
QSO:  3545 CW 2012-01-28 2057 TM5FFT        599 56     LA5SAA        599 055   
QSO:  3545 CW 2012-01-28 2058 TM5FFT        599 56     F4KIP         599 57    
QSO:  3545 CW 2012-01-28 2059 TM5FFT        599 56     F5OWL         599 83    
QSO:  3545 CW 2012-01-28 2100 TM5FFT        599 56     F6CLN         599 31    
QSO:  3545 CW 2012-01-28 2101 TM5FFT        599 56     F5PRU         599 35    
QSO:  3545 CW 2012-01-28 2101 TM5FFT        599 56     F6FLF         599 83    
QSO:  3545 CW 2012-01-28 2102 TM5FFT        599 56     G4DBW         599 013   
QSO:  3545 CW 2012-01-28 2103 TM5FFT        599 56     PA2PCH        599 142   
QSO:  3545 CW 2012-01-28 2103 TM5FFT        599 56     SP9MZH        599 065   
QSO:  3545 CW 2012-01-28 2104 TM5FFT        599 56     9A2EY         599 153   
QSO:  3545 CW 2012-01-28 2105 TM5FFT        599 56     CN8YR         599 030   
QSO:  3545 CW 2012-01-28 2106 TM5FFT        599 56     F9WP          599 91    
QSO:  3545 CW 2012-01-28 2107 TM5FFT        599 56     DL9CW         599 046   
QSO:  3545 CW 2012-01-28 2108 TM5FFT        599 56     TM12M         599 12    
QSO:  3545 CW 2012-01-28 2109 TM5FFT        599 56     DL4FDM        599 033   
QSO:  3545 CW 2012-01-28 2110 TM5FFT        599 56     OK2KG         599 098   
QSO:  3545 CW 2012-01-28 2111 TM5FFT        599 56     F5IL          599 62    
QSO:  3545 CW 2012-01-28 2112 TM5FFT        599 56     F5UB          599 62    
QSO:  3545 CW 2012-01-28 2115 TM5FFT        599 56     F5KDK/P       599 83    
QSO:  3545 CW 2012-01-28 2116 TM5FFT        599 56     I2CZQ         599 151   
QSO:  3545 CW 2012-01-28 2117 TM5FFT        599 56     F5KOU         599 80    
QSO:  3545 CW 2012-01-28 2118 TM5FFT        599 56     DF2IU         599 012   
QSO:  3545 CW 2012-01-28 2119 TM5FFT        599 56     ON6FC         599 068   
QSO:  3545 CW 2012-01-28 2119 TM5FFT        599 56     LZ1DNY        599 131   
QSO:  3545 CW 2012-01-28 2120 TM5FFT        599 56     G6CSY         599 011   
QSO:  3545 CW 2012-01-28 2122 TM5FFT        599 56     YL2CV         599 204   
QSO:  3545 CW 2012-01-28 2123 TM5FFT        599 56     PA3AQL        599 049   
QSO:  3545 CW 2012-01-28 2124 TM5FFT        599 56     YO4DW         599 154   
QSO:  3545 CW 2012-01-28 2125 TM5FFT        599 56     DL5CL         599 060   
QSO:  3545 CW 2012-01-28 2126 TM5FFT        599 56     F6BUL         599 74    
QSO:  3545 CW 2012-01-28 2129 TM5FFT        599 56     DL3RAD        599 038   
QSO:  3545 CW 2012-01-28 2130 TM5FFT        599 56     F5ADH         599 60    
QSO:  3545 CW 2012-01-28 2132 TM5FFT        599 56     F5JQG         599 24    
QSO:  3545 CW 2012-01-28 2133 TM5FFT        599 56     F6FII         599 22    
QSO:  3545 CW 2012-01-28 2134 TM5FFT        599 56     CR7ACS        599 045   
QSO:  3545 CW 2012-01-28 2135 TM5FFT        599 56     IZ3CAR        599 032   
QSO:  3545 CW 2012-01-28 2136 TM5FFT        599 56     OK1DRX        599 017   
QSO:  3545 CW 2012-01-28 2138 TM5FFT        599 56     F5MMB         599 40    
QSO:  3545 CW 2012-01-28 2140 TM5FFT        599 56     OK2BLD        599 099   
QSO:  3545 CW 2012-01-28 2141 TM5FFT        599 56     F5NWG         599 11    
QSO:  3545 CW 2012-01-28 2143 TM5FFT        599 56     IZ3KMY        599 066   
QSO:  3545 CW 2012-01-28 2144 TM5FFT        599 56     F5LHV         599 44    
QSO:  3545 CW 2012-01-28 2146 TM5FFT        599 56     DL5QS         599 098   
QSO:  3545 CW 2012-01-28 2147 TM5FFT        599 56     DL5KM         599 107   
QSO:  3545 CW 2012-01-28 2148 TM5FFT        599 56     F6GPT         599 33    
QSO:  3545 CW 2012-01-28 2150 TM5FFT        599 56     OK2CDR        599 076   
QSO:  3545 CW 2012-01-28 2151 TM5FFT        599 56     PA0HRM        599 006   
QSO:  3545 CW 2012-01-28 2151 TM5FFT        599 56     IZ2GRG        599 005   
QSO:  3545 CW 2012-01-28 2152 TM5FFT        599 56     DJ3CQ         599 089   
QSO:  3545 CW 2012-01-28 2154 TM5FFT        599 56     TM6D          599 38    
QSO:  3545 CW 2012-01-28 2157 TM5FFT        599 56     F1DBE         599 95    
QSO:  3545 CW 2012-01-28 2159 TM5FFT        599 56     F8FMN         599 66    
QSO:  3545 CW 2012-01-28 2203 TM5FFT        599 56     K3IPK         599 102   
QSO:  3545 CW 2012-01-28 2205 TM5FFT        599 56     F6HZS         599 34    
QSO:  3545 CW 2012-01-28 2209 TM5FFT        599 56     UX4FC         599 205   
QSO:  3545 CW 2012-01-28 2211 TM5FFT        599 56     F5LEN         599 54    
QSO:  3545 CW 2012-01-28 2212 TM5FFT        599 56     F5QF          599 77    
QSO:  3545 CW 2012-01-28 2214 TM5FFT        599 56     F6HDO         599 27    
QSO:  3545 CW 2012-01-28 2216 TM5FFT        599 56     F1GPH         599 27    
QSO:  3545 CW 2012-01-28 2219 TM5FFT        599 56     F4FDA         599 29    
QSO:  3545 CW 2012-01-28 2220 TM5FFT        599 56     HB9DAX        599 016   
QSO:  3545 CW 2012-01-28 2221 TM5FFT        599 56     SM5AOG        599 061   
QSO:  3545 CW 2012-01-28 2222 TM5FFT        599 56     DL8ULF        599 076   
QSO:  3545 CW 2012-01-28 2223 TM5FFT        599 56     F5LLN         599 59    
QSO:  3545 CW 2012-01-28 2223 TM5FFT        599 56     TM2OP         599 86    
QSO:  3545 CW 2012-01-28 2225 TM5FFT        599 56     OM5WW         599 226   
QSO:  3545 CW 2012-01-28 2225 TM5FFT        599 56     UY5BA         599 045   
QSO:  3545 CW 2012-01-28 2228 TM5FFT        599 56     EA3CHA        599 041   
QSO:  3545 CW 2012-01-28 2230 TM5FFT        599 56     DF5ZV         599 045   
QSO:  3545 CW 2012-01-28 2232 TM5FFT        599 56     F8KFU         599 91    
QSO:  3545 CW 2012-01-28 2233 TM5FFT        599 56     UA4FCO        599 191   
QSO:  3545 CW 2012-01-28 2237 TM5FFT        599 56     HA5CQZ        599 007   
QSO:  3545 CW 2012-01-28 2238 TM5FFT        599 56     IZ4AKO        599 015   
QSO:  3545 CW 2012-01-28 2239 TM5FFT        599 56     OR7B          599 184   
QSO:  3545 CW 2012-01-28 2240 TM5FFT        599 56     F4BDG         599 77    
QSO:  3545 CW 2012-01-28 2241 TM5FFT        599 56     F5VV          599 01    
QSO:  3545 CW 2012-01-28 2243 TM5FFT        599 56     F6DTZ         599 65    
QSO:  3545 CW 2012-01-28 2245 TM5FFT        599 56     F6EQO         599 44    
QSO:  3531 CW 2012-01-28 2245 TM5FFT        599 56     F8BPN         599 19    
QSO:  3545 CW 2012-01-28 2248 TM5FFT        599 56     DL7ARV        599 104   
QSO:  3545 CW 2012-01-28 2248 TM5FFT        599 56     HB9CPS        599 027   
QSO:  3545 CW 2012-01-28 2249 TM5FFT        599 56     F6BWO         599 52    
QSO:  3524 CW 2012-01-28 2250 TM5FFT        599 56     TM57M         599 57    
QSO:  3545 CW 2012-01-28 2251 TM5FFT        599 56     IN3NJB        599 002   
QSO:  3545 CW 2012-01-28 2254 TM5FFT        599 56     PA3HCC        599 064   
QSO:  3545 CW 2012-01-28 2254 TM5FFT        599 56     F5HDK         599 44    
QSO:  3533 CW 2012-01-28 2257 TM5FFT        599 56     F6IGS         599 33    
QSO:  3545 CW 2012-01-28 2259 TM5FFT        599 56     F6AUQ         599 83    
QSO:  3544 CW 2012-01-28 2302 TM5FFT        599 56     TM1T          599 44    
QSO:  3555 CW 2012-01-28 2306 TM5FFT        599 56     F5LPY         599 55    
QSO:  3519 CW 2012-01-28 2308 TM5FFT        599 56     F6KLO         599 19    
QSO:  3531 CW 2012-01-28 2311 TM5FFT        599 56     FM/F6AUS      599 FM    
QSO:  3549 CW 2012-01-28 2314 TM5FFT        599 56     I1NVU         599 019   
QSO:  3548 CW 2012-01-28 2319 TM5FFT        599 56     DL3KWR        599 094   
QSO:  3548 CW 2012-01-28 2320 TM5FFT        599 56     SM6FKF        599 205   
QSO:  3548 CW 2012-01-28 2321 TM5FFT        599 56     EA6ZS         599 116   
QSO:  3548 CW 2012-01-28 2328 TM5FFT        599 56     F1TRE         599 68    
QSO:  3548 CW 2012-01-28 2328 TM5FFT        599 56     SP6IHE        599 027   
QSO:  3548 CW 2012-01-28 2329 TM5FFT        599 56     PA0MIR        599 066   
QSO:  3548 CW 2012-01-28 2334 TM5FFT        599 56     DF2IY         599 027   
QSO:  3548 CW 2012-01-28 2334 TM5FFT        599 56     F6FNA         599 77    
QSO:  3548 CW 2012-01-28 2337 TM5FFT        599 56     F4EUG         599 22    
QSO:  3548 CW 2012-01-28 2338 TM5FFT        599 56     F4FSV         599 64    
QSO:  3548 CW 2012-01-28 2340 TM5FFT        599 56     4U1WRC        599 030   
QSO:  3548 CW 2012-01-28 2342 TM5FFT        599 56     OK2GU         599 040   
QSO:  3548 CW 2012-01-28 2344 TM5FFT        599 56     F6ECS         599 66    
QSO:  3548 CW 2012-01-28 2348 TM5FFT        599 56     F5LKK/P       599 59    
QSO:  3548 CW 2012-01-28 2351 TM5FFT        599 56     F8CZI         599 68    
QSO:  3548 CW 2012-01-28 2354 TM5FFT        599 56     F1DLZ         599 60    
QSO:  7026 CW 2012-01-29 0025 TM5FFT        599 56     TM1T          599 44    
QSO:  7020 CW 2012-01-29 0030 TM5FFT        599 56     LZ7H          599 109   
QSO:  7020 CW 2012-01-29 0031 TM5FFT        599 56     W2KQ          599 004   
QSO:  7023 CW 2012-01-29 0044 TM5FFT        599 56     CU8AT         599 001   
QSO:  7010 CW 2012-01-29 0045 TM5FFT        599 56     K4DY          599 022   
QSO:  7010 CW 2012-01-29 0050 TM5FFT        599 56     K2QBN         599 002   
QSO:  7010 CW 2012-01-29 0053 TM5FFT        599 56     RA3NC         599 017   
QSO:  7012 CW 2012-01-29 0105 TM5FFT        599 56     OK2EC         599 029   
QSO:  7012 CW 2012-01-29 0106 TM5FFT        599 56     SP1MVW        599 095   
QSO:  7012 CW 2012-01-29 0108 TM5FFT        599 56     FY5PO         599 FY    
QSO:  7012 CW 2012-01-29 0108 TM5FFT        599 56     LZ1FJ         599 049   
QSO:  7012 CW 2012-01-29 0111 TM5FFT        599 56     OK1DRX        599 055   
QSO:  7012 CW 2012-01-29 0112 TM5FFT        599 56     OK2MBP        599 015   
QSO:  7012 CW 2012-01-29 0116 TM5FFT        599 56     YU8AD         599 001   
QSO:  7012 CW 2012-01-29 0117 TM5FFT        599 56     TM70TRS       599 63    
QSO:  7012 CW 2012-01-29 0121 TM5FFT        599 56     SP9IGY        599 001   
QSO:  7012 CW 2012-01-29 0122 TM5FFT        599 56     YL2IU         599 011   
QSO:  7012 CW 2012-01-29 0123 TM5FFT        599 56     VE1WT         599 003   
QSO:  7012 CW 2012-01-29 0124 TM5FFT        599 56     OG2O          599 007   
QSO:  7012 CW 2012-01-29 0125 TM5FFT        599 56     YU2U          599 119   
QSO:  7012 CW 2012-01-29 0132 TM5FFT        599 56     FM5AN         599 FM    
QSO:  7012 CW 2012-01-29 0134 TM5FFT        599 56     SF3A          599 062   
QSO:  7012 CW 2012-01-29 0134 TM5FFT        599 56     FG1PP         599 FG    
QSO:  7012 CW 2012-01-29 0140 TM5FFT        599 56     N8DE          599 039   
QSO:  7012 CW 2012-01-29 0146 TM5FFT        599 56     K8WHA         539 001   
QSO:  7012 CW 2012-01-29 0150 TM5FFT        599 56     SA7AOI        599 003   
QSO:  7012 CW 2012-01-29 0157 TM5FFT        599 56     W4TED         599 056   
QSO:  7012 CW 2012-01-29 0158 TM5FFT        599 56     K2XU          599 001   
QSO:  7012 CW 2012-01-29 0205 TM5FFT        599 56     YT7EC         599 010   
QSO:  7012 CW 2012-01-29 0209 TM5FFT        599 56     N4GTJ         559 001   
QSO:  7012 CW 2012-01-29 0212 TM5FFT        599 56     RU6AN         599 053   
QSO:  7012 CW 2012-01-29 0217 TM5FFT        599 56     N3ZV          599 001   
QSO:  7012 CW 2012-01-29 0219 TM5FFT        599 56     PS7DX         599 024   
QSO:  7012 CW 2012-01-29 0220 TM5FFT        599 56     F5KDK/P       599 83    
QSO:  7012 CW 2012-01-29 0227 TM5FFT        599 56     W4II          599 003   
QSO:  7012 CW 2012-01-29 0228 TM5FFT        599 56     9A3WX         599 002   
QSO:  7012 CW 2012-01-29 0230 TM5FFT        599 56     TM6GGR        599 37    
QSO:  7012 CW 2012-01-29 0231 TM5FFT        599 56     VE2CQF        599 013   
QSO:  7012 CW 2012-01-29 0237 TM5FFT        599 56     W4AG          599 001   
QSO:  7012 CW 2012-01-29 0238 TM5FFT        599 56     N1TKS         599 001   
QSO:  7012 CW 2012-01-29 0239 TM5FFT        599 56     SM5IMO        599 070   
QSO:  7012 CW 2012-01-29 0245 TM5FFT        599 56     W4KNE         599 001   
QSO:  7014 CW 2012-01-29 0323 TM5FFT        599 56     F5KMB/P       599 60    
QSO:  7020 CW 2012-01-29 0326 TM5FFT        599 56     F6KLO         599 19    
QSO:  7024 CW 2012-01-29 0330 TM5FFT        599 56     VE3OU         579 003   
QSO:  7015 CW 2012-01-29 0334 TM5FFT        599 56     RK9JWV        599 007   
QSO:  7025 CW 2012-01-29 0335 TM5FFT        599 56     Z36T          599 001   
QSO:  7018 CW 2012-01-29 0340 TM5FFT        599 56     DL6RAW        599 008   
QSO:  7018 CW 2012-01-29 0342 TM5FFT        599 56     RA1QX         599 083   
QSO:  7018 CW 2012-01-29 0343 TM5FFT        599 56     AB1J          599 002   
QSO:  7018 CW 2012-01-29 0346 TM5FFT        599 56     RN6MA         599 179   
QSO:  7018 CW 2012-01-29 0351 TM5FFT        599 56     K4VV          599 156   
QSO:  7018 CW 2012-01-29 0353 TM5FFT        599 56     K2SE          599 016   
QSO:  7018 CW 2012-01-29 0400 TM5FFT        599 56     F1AKK         599 29    
QSO:  7018 CW 2012-01-29 0403 TM5FFT        599 56     RD3QA         599 054   
QSO:  7018 CW 2012-01-29 0404 TM5FFT        599 56     FO5RH         599 FO    
QSO:  7018 CW 2012-01-29 0408 TM5FFT        599 56     W8GOC         599 011   
QSO:  7018 CW 2012-01-29 0412 TM5FFT        599 56     UA1ZZ         599 105   
QSO:  7018 CW 2012-01-29 0413 TM5FFT        599 56     N1NN          599 045   
QSO:  7018 CW 2012-01-29 0415 TM5FFT        599 56     RX6FJ         599 022   
QSO:  7018 CW 2012-01-29 0420 TM5FFT        599 56     F5LZN         599 84    
QSO:  7018 CW 2012-01-29 0421 TM5FFT        599 56     OM8AA         599 001   
QSO:  7018 CW 2012-01-29 0421 TM5FFT        599 56     RL3T          599 055   
QSO:  7018 CW 2012-01-29 0427 TM5FFT        599 56     RK1AO         599 018   
QSO:  7018 CW 2012-01-29 0432 TM5FFT        599 56     SV1BJW        599 342   
QSO:  7018 CW 2012-01-29 0433 TM5FFT        599 56     RW4HFH        599 044   
QSO:  7018 CW 2012-01-29 0438 TM5FFT        599 56     UA7G          599 071   
QSO:  7018 CW 2012-01-29 0440 TM5FFT        599 56     UA3QAM        599 130   
QSO:  7018 CW 2012-01-29 0441 TM5FFT        599 56     UR4CU         599 010   
QSO:  7018 CW 2012-01-29 0442 TM5FFT        599 56     K4MTI         599 012   
QSO:  7018 CW 2012-01-29 0450 TM5FFT        599 56     AA1VA         599 005   
QSO:  3535 CW 2012-01-29 0454 TM5FFT        599 56     F6FSW         599 33    
QSO:  3535 CW 2012-01-29 0500 TM5FFT        599 56     HA1SM         599 140   
QSO:  3535 CW 2012-01-29 0502 TM5FFT        599 56     UT5UIA        599 076   
QSO:  3535 CW 2012-01-29 0503 TM5FFT        599 56     F6KQK         599 30    
QSO:  3535 CW 2012-01-29 0505 TM5FFT        599 56     F8DFT         599 68    
QSO:  3535 CW 2012-01-29 0506 TM5FFT        599 56     F5FDC         599 82    
QSO:  3536 CW 2012-01-29 0512 TM5FFT        599 56     SP1AEN        599 254   
QSO:  3536 CW 2012-01-29 0517 TM5FFT        599 56     YU1ED         599 100   
QSO:  3536 CW 2012-01-29 0519 TM5FFT        599 56     EW2EG         599 014   
QSO:  3536 CW 2012-01-29 0522 TM5FFT        599 56     OK2QX         599 057   
QSO:  3536 CW 2012-01-29 0524 TM5FFT        599 56     F5OZC/P       599 49    
QSO:  3536 CW 2012-01-29 0525 TM5FFT        599 56     F5KHG         599 47    
QSO:  3536 CW 2012-01-29 0526 TM5FFT        599 56     F8FSK         599 50    
QSO:  3511 CW 2012-01-29 0530 TM5FFT        599 56     F6EZF         599 71    
QSO:  3536 CW 2012-01-29 0531 TM5FFT        599 56     K3WI          599 176   
QSO:  3536 CW 2012-01-29 0532 TM5FFT        599 56     F6GUF         599 69    
QSO:  3536 CW 2012-01-29 0534 TM5FFT        599 56     F1IWH         599 33    
QSO:  3536 CW 2012-01-29 0537 TM5FFT        599 56     F5VBU         599 66    
QSO:  3557 CW 2012-01-29 0541 TM5FFT        599 56     F5UKL         599 64    
QSO:  3547 CW 2012-01-29 0544 TM5FFT        599 56     F2GL          599 89    
QSO:  3514 CW 2012-01-29 0546 TM5FFT        599 56     F5KMB/P       599 60    
QSO:  3536 CW 2012-01-29 0549 TM5FFT        599 56     DK4WF         599 016   
QSO:  3536 CW 2012-01-29 0549 TM5FFT        599 56     G3XTT         599 020   
QSO:  3536 CW 2012-01-29 0550 TM5FFT        599 56     F5NGB         599 73    
QSO:  3537 CW 2012-01-29 0552 TM5FFT        599 56     F5XX          599 81    
QSO:  3536 CW 2012-01-29 0552 TM5FFT        599 56     F8BUO         599 68    
QSO:  3536 CW 2012-01-29 0555 TM5FFT        599 56     K8KWT         599 022   
QSO:  3510 CW 2012-01-29 0558 TM5FFT        599 56     F5POJ         599 02    
QSO:  3536 CW 2012-01-29 0601 TM5FFT        599 56     F5VB          599 62    
QSO:  3536 CW 2012-01-29 0603 TM5FFT        599 56     K4YJ          599 025   
QSO:  3536 CW 2012-01-29 0610 TM5FFT        599 56     F5LZN         599 84    
QSO:  3536 CW 2012-01-29 0612 TM5FFT        599 56     F6BDM         599 59    
QSO:  3536 CW 2012-01-29 0614 TM5FFT        599 56     FG8NY         599 FG    
QSO:  3536 CW 2012-01-29 0616 TM5FFT        599 56     F6BGG         599 74    
QSO:  3536 CW 2012-01-29 0616 TM5FFT        599 56     UT2PL         599 103   
QSO:  3527 CW 2012-01-29 0621 TM5FFT        599 56     F6KEH         599 34    
QSO:  3524 CW 2012-01-29 0623 TM5FFT        599 56     TM70TRS       599 63    
QSO:  3524 CW 2012-01-29 0626 TM5FFT        599 56     F5LCH         599 85    
QSO:  3533 CW 2012-01-29 0636 TM5FFT        599 56     F5KED/P       599 36    
QSO:  3514 CW 2012-01-29 0639 TM5FFT        599 56     F8DGY         599 77    
QSO:  3536 CW 2012-01-29 0641 TM5FFT        599 56     F6DYX         599 49    
QSO:  3536 CW 2012-01-29 0642 TM5FFT        599 56     SM5SMO        599 088   
QSO:  3534 CW 2012-01-29 0642 TM5FFT        599 56     F6HKA         599 87    
QSO:  3551 CW 2012-01-29 0647 TM5FFT        599 56     F6KUU         599 26    
QSO:  3515 CW 2012-01-29 0652 TM5FFT        599 56     F5BLC         599 12    
QSO:  3521 CW 2012-01-29 0656 TM5FFT        599 56     F5KDC         599 63    
QSO:  3510 CW 2012-01-29 0659 TM5FFT        599 56     F8XX          599 30    
QSO:  3532 CW 2012-01-29 0701 TM5FFT        599 56     F8KHO         599 51    
QSO:  3539 CW 2012-01-29 0704 TM5FFT        599 56     F4EMK         599 64    
QSO:  3542 CW 2012-01-29 0709 TM5FFT        599 56     DL1AWC        599 080   
QSO:  3542 CW 2012-01-29 0710 TM5FFT        599 56     S58MU         599 009   
QSO:  3542 CW 2012-01-29 0712 TM5FFT        599 56     F5AIB         599 54    
QSO:  3542 CW 2012-01-29 0714 TM5FFT        599 56     F6EQZ         599 51    
QSO:  3533 CW 2012-01-29 0719 TM5FFT        599 56     F6CZQ         599 73    
QSO:  3537 CW 2012-01-29 0720 TM5FFT        599 56     F6BZQ         599 84    
QSO:  7010 CW 2012-01-29 0734 TM5FFT        599 56     F5KLE         599 30    
QSO:  7015 CW 2012-01-29 0738 TM5FFT        599 56     EW8EW         599 019   
QSO:  7015 CW 2012-01-29 0741 TM5FFT        599 56     OK2BWJ        599 042   
QSO:  7015 CW 2012-01-29 0742 TM5FFT        599 56     F5LGF         599 67    
QSO:  7015 CW 2012-01-29 0742 TM5FFT        599 56     PA0WLB        599 059   
QSO:  7015 CW 2012-01-29 0743 TM5FFT        599 56     F5EIH         599 57    
QSO:  7015 CW 2012-01-29 0745 TM5FFT        599 56     LZ1DNY        599 167   
QSO:  7015 CW 2012-01-29 0745 TM5FFT        599 56     S57KV         599 038   
QSO:  7015 CW 2012-01-29 0752 TM5FFT        599 56     IZ3KMY        599 087   
QSO:  7015 CW 2012-01-29 0753 TM5FFT        599 56     F6ABG/P       599 21    
QSO:  7015 CW 2012-01-29 0754 TM5FFT        599 56     F5UMF         599 76    
QSO:  7015 CW 2012-01-29 0755 TM5FFT        599 56     F5ROB         599 87    
QSO:  7015 CW 2012-01-29 0758 TM5FFT        599 56     F6HJO/P       599 21    
QSO:  7015 CW 2012-01-29 0759 TM5FFT        599 56     SM6X          599 020   
QSO:  7015 CW 2012-01-29 0800 TM5FFT        599 56     F5UTN         599 27    
QSO:  7015 CW 2012-01-29 0802 TM5FFT        599 56     YO2LAN        599 080   
QSO:  7015 CW 2012-01-29 0803 TM5FFT        599 56     F8OOI         599 82    
QSO:  7015 CW 2012-01-29 0804 TM5FFT        599 56     F5TRB         599 69    
QSO:  7015 CW 2012-01-29 0805 TM5FFT        599 56     F8AAN         599 33    
QSO:  7015 CW 2012-01-29 0806 TM5FFT        599 56     OK1KZ         599 048   
QSO:  7015 CW 2012-01-29 0806 TM5FFT        599 56     OM3CPF        599 020   
QSO:  7015 CW 2012-01-29 0808 TM5FFT        599 56     F5NWG         599 11    
QSO:  7015 CW 2012-01-29 0808 TM5FFT        599 56     DL8OK         599 053   
QSO:  7015 CW 2012-01-29 0809 TM5FFT        599 56     ON5JT         599 037   
QSO:  7015 CW 2012-01-29 0811 TM5FFT        599 56     HB9BQP        599 008   
QSO:  7015 CW 2012-01-29 0813 TM5FFT        599 56     DK4WF         599 028   
QSO:  7015 CW 2012-01-29 0814 TM5FFT        599 56     DK3KD         599 094   
QSO:  7015 CW 2012-01-29 0815 TM5FFT        599 56     PA3GEO        599 022   
QSO:  7015 CW 2012-01-29 0818 TM5FFT        599 56     DL7FER        599 072   
QSO:  7015 CW 2012-01-29 0818 TM5FFT        599 56     PA3CUI        599 031   
QSO:  7015 CW 2012-01-29 0819 TM5FFT        599 56     F6DYX         599 49    
QSO:  7015 CW 2012-01-29 0820 TM5FFT        599 56     DF1BN         599 006   
QSO:  7015 CW 2012-01-29 0821 TM5FFT        599 56     F6EQI         599 24    
QSO:  7015 CW 2012-01-29 0821 TM5FFT        599 56     F6IPQ         599 47    
QSO:  7015 CW 2012-01-29 0822 TM5FFT        599 56     I1ABT         599 032   
QSO:  7015 CW 2012-01-29 0822 TM5FFT        599 56     EA7AAW        599 084   
QSO:  7015 CW 2012-01-29 0823 TM5FFT        599 56     DM2RN         599 060   
QSO:  7015 CW 2012-01-29 0824 TM5FFT        599 56     F1IZC         599 19    
QSO:  7015 CW 2012-01-29 0827 TM5FFT        599 56     OH3GZ         599 102   
QSO:  7015 CW 2012-01-29 0828 TM5FFT        599 56     PE7T          599 001   
QSO:  7015 CW 2012-01-29 0831 TM5FFT        599 56     F8FHI         599 71    
QSO:  7015 CW 2012-01-29 0832 TM5FFT        599 56     F8IQS         599 14    
QSO:  7015 CW 2012-01-29 0833 TM5FFT        599 56     GM3JKS        599 146   
QSO:  7015 CW 2012-01-29 0834 TM5FFT        599 56     F2NY          599 13    
QSO:  7015 CW 2012-01-29 0834 TM5FFT        599 56     F6EZF         599 71    
QSO:  7009 CW 2012-01-29 0838 TM5FFT        599 56     F6KDL         599 68    
QSO:  7017 CW 2012-01-29 0839 TM5FFT        599 56     F5UFX         599 73    
QSO:  7024 CW 2012-01-29 0842 TM5FFT        599 56     F4KIU         599 67    
QSO:  7025 CW 2012-01-29 0843 TM5FFT        599 56     F4EMK         599 64    
QSO:  7029 CW 2012-01-29 0844 TM5FFT        599 56     F5KDC         599 63    
QSO:  7034 CW 2012-01-29 0845 TM5FFT        599 56     F8EMH         599 54    
QSO:  7035 CW 2012-01-29 0847 TM5FFT        599 56     DL2DXA        599 027   
QSO:  7035 CW 2012-01-29 0847 TM5FFT        599 56     F9EW          599 77    
QSO:  7035 CW 2012-01-29 0849 TM5FFT        599 56     F6EBA         599 48    
QSO:  7035 CW 2012-01-29 0851 TM5FFT        599 56     G3JKB         599 002   
QSO:  7035 CW 2012-01-29 0854 TM5FFT        599 56     F6ACU         599 88    
QSO:  7013 CW 2012-01-29 0902 TM5FFT        599 56     F6KJX         599 41    
QSO:  7019 CW 2012-01-29 0904 TM5FFT        599 56     F6FTB         599 21    
QSO:  7021 CW 2012-01-29 0906 TM5FFT        599 56     F5KED/P       599 36    
QSO: 14011 CW 2012-01-29 0910 TM5FFT        599 56     F8DGY         599 77    
QSO: 14014 CW 2012-01-29 0912 TM5FFT        599 56     UA1OIW        599 051   
QSO: 14014 CW 2012-01-29 0912 TM5FFT        599 56     SN6A          599 138   
QSO: 14014 CW 2012-01-29 0913 TM5FFT        599 56     DL5SVB        599 020   
QSO: 14014 CW 2012-01-29 0914 TM5FFT        599 56     IK8TEO        599 104   
QSO: 14014 CW 2012-01-29 0914 TM5FFT        599 56     OM4TC         599 053   
QSO: 14014 CW 2012-01-29 0915 TM5FFT        599 56     UA4NE         599 043   
QSO: 14014 CW 2012-01-29 0915 TM5FFT        599 56     DL4JYT        599 199   
QSO: 14014 CW 2012-01-29 0915 TM5FFT        599 56     EW8EW         599 060   
QSO: 14014 CW 2012-01-29 0916 TM5FFT        599 56     RL3DZ         599 152   
QSO: 14014 CW 2012-01-29 0916 TM5FFT        599 56     UR5MM         599 289   
QSO: 14014 CW 2012-01-29 0917 TM5FFT        599 56     F1AKK         599 29    
QSO: 14014 CW 2012-01-29 0918 TM5FFT        599 56     R1TEU         599 296   
QSO: 14014 CW 2012-01-29 0918 TM5FFT        599 56     OZ7RQ         599 012   
QSO: 14014 CW 2012-01-29 0918 TM5FFT        599 56     UU0J          599 115   
QSO: 14015 CW 2012-01-29 0921 TM5FFT        599 56     F5OHM         599 36    
QSO: 14019 CW 2012-01-29 0922 TM5FFT        599 56     F5KMB/P       599 60    
QSO: 14024 CW 2012-01-29 0926 TM5FFT        599 56     F6HJO/P       599 21    
QSO: 14026 CW 2012-01-29 0927 TM5FFT        599 56     S51DX         599 007   
QSO: 14032 CW 2012-01-29 0928 TM5FFT        599 56     F5XX          599 81    
QSO: 14013 CW 2012-01-29 0933 TM5FFT        599 56     UY5ME         599 101   
QSO: 14013 CW 2012-01-29 0934 TM5FFT        599 56     TK5XN         599 2A    
QSO: 14013 CW 2012-01-29 0934 TM5FFT        599 56     I2CZQ         599 184   
QSO: 14013 CW 2012-01-29 0935 TM5FFT        599 56     TM2B          599 03    
QSO: 14013 CW 2012-01-29 0935 TM5FFT        599 56     SM5D          599 018   
QSO: 14013 CW 2012-01-29 0935 TM5FFT        599 56     YU7KW         599 037   
QSO: 14013 CW 2012-01-29 0936 TM5FFT        599 56     YL2TB         599 129   
QSO: 14013 CW 2012-01-29 0936 TM5FFT        599 56     IV3DRP        599 113   
QSO: 14013 CW 2012-01-29 0937 TM5FFT        599 56     UA3DFM        599 086   
QSO: 14013 CW 2012-01-29 0939 TM5FFT        599 56     RL3T          599 089   
QSO: 14013 CW 2012-01-29 0939 TM5FFT        599 56     W0YR          599 064   
QSO: 14013 CW 2012-01-29 0940 TM5FFT        599 56     F5FDC         599 82    
QSO: 14013 CW 2012-01-29 0940 TM5FFT        599 56     Z35F          599 108   
QSO: 14013 CW 2012-01-29 0941 TM5FFT        599 56     F5CH          599 59    
QSO: 14013 CW 2012-01-29 0941 TM5FFT        599 56     DL5CD         599 047   
QSO: 14013 CW 2012-01-29 0942 TM5FFT        599 56     LZ1DNY        599 187   
QSO: 14013 CW 2012-01-29 0943 TM5FFT        599 56     UA4FCO        599 251   
QSO: 14013 CW 2012-01-29 0943 TM5FFT        599 56     DL1AWC        599 111   
QSO: 14013 CW 2012-01-29 0943 TM5FFT        599 56     OM3YAD        599 043   
QSO: 14013 CW 2012-01-29 0945 TM5FFT        599 56     VK6HG         599 005   
QSO: 14013 CW 2012-01-29 0945 TM5FFT        599 56     EA4BF         599 043   
QSO: 14013 CW 2012-01-29 0947 TM5FFT        599 56     LY7Z          599 095   
QSO: 14013 CW 2012-01-29 0949 TM5FFT        599 56     SM5VZY        599 029   
QSO: 14013 CW 2012-01-29 0949 TM5FFT        599 56     LZ2NG         599 116   
QSO: 14013 CW 2012-01-29 0950 TM5FFT        599 56     DL1MDU        599 007   
QSO: 14013 CW 2012-01-29 0950 TM5FFT        599 56     F4KIO         599 35    
QSO: 14013 CW 2012-01-29 0951 TM5FFT        599 56     OH2VZ         599 140   
QSO: 14013 CW 2012-01-29 0952 TM5FFT        599 56     EA6ZS         599 124   
QSO: 14013 CW 2012-01-29 0952 TM5FFT        599 56     S52AU         599 306   
QSO: 14013 CW 2012-01-29 0953 TM5FFT        599 56     UA2FL         599 082   
QSO: 14012 CW 2012-01-29 0954 TM5FFT        599 56     F8BUO         599 68    
QSO: 14015 CW 2012-01-29 0956 TM5FFT        599 56     F6KLO         599 19    
QSO: 14057 CW 2012-01-29 1004 TM5FFT        599 56     F5MPN         599 08    
QSO: 28028 CW 2012-01-29 1006 TM5FFT        599 56     F5KMB/P       599 60    
QSO: 28032 CW 2012-01-29 1009 TM5FFT        599 56     UR7QL         599 123   
QSO: 28032 CW 2012-01-29 1011 TM5FFT        599 56     UU4JDD        599 132   
QSO: 28032 CW 2012-01-29 1012 TM5FFT        599 56     RL3T          599 103   
QSO: 28032 CW 2012-01-29 1013 TM5FFT        599 56     F4FDA         599 29    
QSO: 28021 CW 2012-01-29 1019 TM5FFT        599 56     UA4CNJ        599 078   
QSO: 28022 CW 2012-01-29 1020 TM5FFT        599 56     RK9JWV        599 054   
QSO: 28031 CW 2012-01-29 1021 TM5FFT        599 56     UA6AK         599 123   
QSO: 21029 CW 2012-01-29 1027 TM5FFT        599 56     UA7G          599 104   
QSO: 21029 CW 2012-01-29 1029 TM5FFT        599 56     SM6FKF        599 267   
QSO: 21029 CW 2012-01-29 1030 TM5FFT        599 56     UA4QK         599 133   
QSO: 21029 CW 2012-01-29 1030 TM5FFT        599 56     SK3W          599 013   
QSO: 21029 CW 2012-01-29 1031 TM5FFT        599 56     DL1THB        599 112   
QSO: 21029 CW 2012-01-29 1032 TM5FFT        599 56     UA0WW         599 160   
QSO: 21029 CW 2012-01-29 1033 TM5FFT        599 56     LY7Z          599 113   
QSO: 21029 CW 2012-01-29 1034 TM5FFT        599 56     UY0CA         599 107   
QSO: 21029 CW 2012-01-29 1034 TM5FFT        599 56     SE2T          599 011   
QSO: 21029 CW 2012-01-29 1034 TM5FFT        599 56     IT9RZU        599 015   
QSO: 21029 CW 2012-01-29 1035 TM5FFT        599 56     SM5D          599 029   
QSO: 21029 CW 2012-01-29 1035 TM5FFT        599 56     UU7JN         599 035   
QSO: 21029 CW 2012-01-29 1036 TM5FFT        599 56     UA9AU         599 078   
QSO: 21029 CW 2012-01-29 1037 TM5FFT        599 56     UA3IJC        599 131   
QSO: 21029 CW 2012-01-29 1037 TM5FFT        599 56     SP9DUX        599 121   
QSO: 21029 CW 2012-01-29 1038 TM5FFT        599 56     UA4NBA        599 060   
QSO: 21029 CW 2012-01-29 1039 TM5FFT        599 56     YU1FG         599 341   
QSO: 21029 CW 2012-01-29 1039 TM5FFT        599 56     EA8OM         599 110   
QSO: 21029 CW 2012-01-29 1040 TM5FFT        599 56     F6KRK         599 78    
QSO: 21029 CW 2012-01-29 1040 TM5FFT        599 56     UU9JH         599 071   
QSO: 21029 CW 2012-01-29 1044 TM5FFT        599 56     F4KIO         599 35    
QSO: 21029 CW 2012-01-29 1045 TM5FFT        599 56     RZ6AK         599 109   
QSO: 21029 CW 2012-01-29 1047 TM5FFT        599 56     SM5IMO        599 147   
QSO: 21029 CW 2012-01-29 1048 TM5FFT        599 56     OM3TBG        599 199   
QSO: 21029 CW 2012-01-29 1049 TM5FFT        599 56     LA0FA         599 138   
QSO: 21029 CW 2012-01-29 1049 TM5FFT        599 56     OK2EC         599 055   
QSO: 21029 CW 2012-01-29 1050 TM5FFT        599 56     PY4ZO         599 028   
QSO: 21029 CW 2012-01-29 1051 TM5FFT        599 56     OK2BLD        599 120   
QSO: 21029 CW 2012-01-29 1052 TM5FFT        599 56     EW8EW         599 104   
QSO: 21029 CW 2012-01-29 1052 TM5FFT        599 56     YL2ON         599 055   
QSO: 21029 CW 2012-01-29 1053 TM5FFT        599 56     SP5BB         599 041   
QSO: 21029 CW 2012-01-29 1054 TM5FFT        599 56     SP3ZIR        599 059   
QSO: 21029 CW 2012-01-29 1054 TM5FFT        599 56     LZ1GE         599 124   
QSO: 21029 CW 2012-01-29 1055 TM5FFT        599 56     OH1B          599 047   
QSO: 21029 CW 2012-01-29 1056 TM5FFT        599 56     RA5FB         599 107   
QSO: 21029 CW 2012-01-29 1057 TM5FFT        599 56     EV6Z          599 145   
QSO: 21029 CW 2012-01-29 1058 TM5FFT        599 56     SP8CGU        599 178   
QSO: 21029 CW 2012-01-29 1058 TM5FFT        599 56     9A2WT         599 001   
QSO: 21029 CW 2012-01-29 1100 TM5FFT        599 56     RM5O          599 043   
QSO: 21029 CW 2012-01-29 1101 TM5FFT        599 56     YU2U          599 142   
QSO: 21029 CW 2012-01-29 1101 TM5FFT        599 56     UA6HFI        599 092   
QSO: 21029 CW 2012-01-29 1103 TM5FFT        599 56     YO4DW         599 216   
QSO: 21029 CW 2012-01-29 1103 TM5FFT        599 56     LZ3TL         599 041   
QSO: 21029 CW 2012-01-29 1104 TM5FFT        599 56     UA2FL         599 089   
QSO: 21029 CW 2012-01-29 1104 TM5FFT        599 56     Z32LO         599 029   
QSO: 21029 CW 2012-01-29 1105 TM5FFT        599 56     UY5ME         599 149   
QSO: 21029 CW 2012-01-29 1106 TM5FFT        599 56     SE6N          599 073   
QSO: 21029 CW 2012-01-29 1109 TM5FFT        599 56     RK4YJ         599 146   
QSO: 21029 CW 2012-01-29 1110 TM5FFT        599 56     RL3T          599 110   
QSO: 21029 CW 2012-01-29 1112 TM5FFT        599 56     UR7QL         599 138   
QSO: 21017 CW 2012-01-29 1115 TM5FFT        599 56     F6REF         599 00    
QSO: 21022 CW 2012-01-29 1121 TM5FFT        599 56     F6KJX         599 41    
QSO: 21028 CW 2012-01-29 1128 TM5FFT        599 56     TM2T          599 69    
QSO: 21028 CW 2012-01-29 1130 TM5FFT        599 56     LZ1EP         599 130   
QSO: 28016 CW 2012-01-29 1132 TM5FFT        599 56     TM2OP         599 86    
QSO: 28016 CW 2012-01-29 1132 TM5FFT        599 56     TM6GGR        599 37    
QSO: 28032 CW 2012-01-29 1136 TM5FFT        599 56     F6DYX         599 49    
QSO: 28008 CW 2012-01-29 1141 TM5FFT        599 56     F8EZX         599 31    
QSO: 28022 CW 2012-01-29 1146 TM5FFT        599 56     EV1R          599 342   
QSO: 28022 CW 2012-01-29 1146 TM5FFT        599 56     RK3BA         599 022   
QSO: 28022 CW 2012-01-29 1146 TM5FFT        599 56     UY2ZZ         599 049   
QSO: 28022 CW 2012-01-29 1148 TM5FFT        599 56     4Z4DX         599 094   
QSO: 28022 CW 2012-01-29 1149 TM5FFT        599 56     UU9JH         599 097   
QSO: 28022 CW 2012-01-29 1150 TM5FFT        599 56     F8DZY         599 47    
QSO: 28022 CW 2012-01-29 1151 TM5FFT        599 56     UN7EX         599 019   
QSO: 28022 CW 2012-01-29 1151 TM5FFT        599 56     RD3AEF        599 144   
QSO: 28022 CW 2012-01-29 1153 TM5FFT        599 56     EU1DZ         599 094   
QSO: 28022 CW 2012-01-29 1155 TM5FFT        599 56     UA3AKI        599 147   
QSO: 28022 CW 2012-01-29 1156 TM5FFT        599 56     EV6Z          599 172   
QSO: 28022 CW 2012-01-29 1157 TM5FFT        599 56     UR5EFL        599 098   
QSO: 28022 CW 2012-01-29 1158 TM5FFT        599 56     UR3LQ         599 114   
QSO: 28022 CW 2012-01-29 1200 TM5FFT        599 56     UY0CA         599 143   
QSO: 28022 CW 2012-01-29 1200 TM5FFT        599 56     LZ2NG         599 132   
QSO: 28022 CW 2012-01-29 1202 TM5FFT        599 56     RO5O          599 108   
QSO: 28022 CW 2012-01-29 1204 TM5FFT        599 56     RZ3BW         599 076   
QSO: 28022 CW 2012-01-29 1206 TM5FFT        599 56     R5ZAA         599 175   
QSO: 28026 CW 2012-01-29 1213 TM5FFT        599 56     F5JFU         599 58    
QSO: 28012 CW 2012-01-29 1215 TM5FFT        599 56     F5IN          599 45    
QSO: 28016 CW 2012-01-29 1216 TM5FFT        599 56     F8DGY         599 77    
QSO: 28019 CW 2012-01-29 1220 TM5FFT        599 56     RK1NA         599 025   
QSO: 28035 CW 2012-01-29 1225 TM5FFT        599 56     FM/F6AUS      599 FM    
QSO: 21010 CW 2012-01-29 1229 TM5FFT        599 56     F2GL          599 89    
QSO: 21014 CW 2012-01-29 1231 TM5FFT        599 56     KR2AA         599 061   
QSO: 21014 CW 2012-01-29 1231 TM5FFT        599 56     UF8T          599 036   
QSO: 21014 CW 2012-01-29 1232 TM5FFT        599 56     SP9MZH        599 102   
QSO: 21014 CW 2012-01-29 1233 TM5FFT        599 56     UR5MM         599 337   
QSO: 21014 CW 2012-01-29 1233 TM5FFT        599 56     UU4JDD        599 154   
QSO: 21014 CW 2012-01-29 1235 TM5FFT        599 56     R4II          599 040   
QSO: 21014 CW 2012-01-29 1235 TM5FFT        599 56     RO5O          599 122   
QSO: 21014 CW 2012-01-29 1236 TM5FFT        599 56     W1END         599 033   
QSO: 21014 CW 2012-01-29 1238 TM5FFT        599 56     RV3DBX        599 063   
QSO: 21014 CW 2012-01-29 1238 TM5FFT        599 56     YO9FYP        599 102   
QSO: 21014 CW 2012-01-29 1240 TM5FFT        599 56     WZ8P          599 001   
QSO: 21014 CW 2012-01-29 1241 TM5FFT        599 56     UA1AUW        599 104   
QSO: 21014 CW 2012-01-29 1242 TM5FFT        599 56     F5LPY         599 55    
QSO: 21014 CW 2012-01-29 1245 TM5FFT        599 56     F5KDK/P       599 83    
QSO: 21014 CW 2012-01-29 1245 TM5FFT        599 56     RK9JWV        599 085   
QSO: 21014 CW 2012-01-29 1246 TM5FFT        599 56     SE5E          599 060   
QSO: 14021 CW 2012-01-29 1302 TM5FFT        599 56     FG8NY         599 FG    
QSO: 14009 CW 2012-01-29 1304 TM5FFT        599 56     F5PCV         599 62    
QSO: 14042 CW 2012-01-29 1309 TM5FFT        599 56     F5KCC         599 89    
QSO: 14042 CW 2012-01-29 1310 TM5FFT        599 56     DL3BVA        599 027   
QSO: 14042 CW 2012-01-29 1312 TM5FFT        599 56     I2DZQ         599 019   
QSO: 14042 CW 2012-01-29 1313 TM5FFT        599 56     DL7ARV        599 142   
QSO: 14042 CW 2012-01-29 1314 TM5FFT        599 56     SM3KMB        599 057   
QSO: 14042 CW 2012-01-29 1314 TM5FFT        599 56     RK6HG         599 055   
QSO: 14042 CW 2012-01-29 1314 TM5FFT        599 56     UR7QL         599 156   
QSO: 14042 CW 2012-01-29 1315 TM5FFT        599 56     DL5ANE        599 056   
QSO: 14042 CW 2012-01-29 1316 TM5FFT        599 56     UA4QK         599 177   
QSO: 14042 CW 2012-01-29 1317 TM5FFT        599 56     DL7UXG        599 116   
QSO: 14042 CW 2012-01-29 1318 TM5FFT        599 56     DL5YM         599 015   
QSO: 14042 CW 2012-01-29 1318 TM5FFT        599 56     G4IUP         599 011   
QSO: 14042 CW 2012-01-29 1319 TM5FFT        599 56     OK2EC         599 102   
QSO: 14042 CW 2012-01-29 1319 TM5FFT        599 56     OK1PFM        599 036   
QSO: 14042 CW 2012-01-29 1321 TM5FFT        599 56     UA9AU         599 105   
QSO: 14042 CW 2012-01-29 1323 TM5FFT        599 56     RA1QX         599 164   
QSO: 14042 CW 2012-01-29 1324 TM5FFT        599 56     F5VV          599 01    
QSO: 14042 CW 2012-01-29 1326 TM5FFT        599 56     SP1AEN        599 352   
QSO: 14042 CW 2012-01-29 1326 TM5FFT        599 56     N4NO          599 072   
QSO: 14042 CW 2012-01-29 1327 TM5FFT        599 56     UA6G          599 189   
QSO: 14042 CW 2012-01-29 1327 TM5FFT        599 56     SP2FAV        599 065   
QSO: 14042 CW 2012-01-29 1328 TM5FFT        599 56     IZ3CAR        599 077   
QSO: 14042 CW 2012-01-29 1331 TM5FFT        599 56     RU3FB         599 075   
QSO: 14042 CW 2012-01-29 1331 TM5FFT        599 56     F6BCW         599 71    
QSO: 14042 CW 2012-01-29 1332 TM5FFT        599 56     SI5Y          599 050   
QSO: 14042 CW 2012-01-29 1332 TM5FFT        599 56     SN9K          599 011   
QSO: 14042 CW 2012-01-29 1333 TM5FFT        599 56     UX5VK         599 092   
QSO: 14042 CW 2012-01-29 1334 TM5FFT        599 56     DL3ZF         599 003   
QSO: 14042 CW 2012-01-29 1334 TM5FFT        599 56     SE6N          599 087   
QSO: 14042 CW 2012-01-29 1334 TM5FFT        599 56     RA3NC         599 065   
QSO: 14042 CW 2012-01-29 1335 TM5FFT        599 56     F6FDR         599 84    
QSO: 14042 CW 2012-01-29 1336 TM5FFT        599 56     LA5SAA        599 108   
QSO: 14042 CW 2012-01-29 1336 TM5FFT        599 56     CR7ACS        599 141   
QSO: 14042 CW 2012-01-29 1337 TM5FFT        599 56     FG1PP         599 FG    
QSO: 14042 CW 2012-01-29 1337 TM5FFT        599 56     MM0AMW        599 013   
QSO: 14042 CW 2012-01-29 1338 TM5FFT        599 56     S53EO         599 084   
QSO: 14042 CW 2012-01-29 1338 TM5FFT        599 56     RN4SC         599 066   
QSO: 14042 CW 2012-01-29 1339 TM5FFT        599 56     DL6UM         599 054   
QSO: 14042 CW 2012-01-29 1340 TM5FFT        599 56     OE3XAU        599 017   
QSO: 14042 CW 2012-01-29 1340 TM5FFT        599 56     TM2OP         599 86    
QSO: 14042 CW 2012-01-29 1341 TM5FFT        599 56     IK8UND        599 001   
QSO: 14042 CW 2012-01-29 1342 TM5FFT        599 56     EA7HGX        599 003   
QSO: 14042 CW 2012-01-29 1343 TM5FFT        599 56     F6KRK         599 78    
QSO: 14042 CW 2012-01-29 1343 TM5FFT        599 56     LZ1BP         599 225   
QSO: 14042 CW 2012-01-29 1344 TM5FFT        599 56     SP2BLC        599 049   
QSO: 14042 CW 2012-01-29 1345 TM5FFT        599 56     OK1KZ         599 069   
QSO: 14042 CW 2012-01-29 1345 TM5FFT        599 56     EU6AA         599 137   
QSO: 14042 CW 2012-01-29 1347 TM5FFT        599 56     IK0PAV        599 050   
QSO: 14042 CW 2012-01-29 1347 TM5FFT        599 56     F5VHY         599 47    
QSO: 14042 CW 2012-01-29 1348 TM5FFT        599 56     K3ZO          599 185   
QSO: 14042 CW 2012-01-29 1349 TM5FFT        599 56     VE2AWR        599 041   
QSO: 14042 CW 2012-01-29 1351 TM5FFT        599 56     SM4DQE        599 107   
QSO: 14042 CW 2012-01-29 1352 TM5FFT        599 56     DK3QQ         599 003   
QSO: 14042 CW 2012-01-29 1354 TM5FFT        599 56     K3IPK         599 151   
QSO: 14042 CW 2012-01-29 1355 TM5FFT        599 56     DF9TS         599 102   
QSO: 14042 CW 2012-01-29 1356 TM5FFT        599 56     EV6Z          599 192   
QSO: 14042 CW 2012-01-29 1357 TM5FFT        599 56     OE5GA         599 041   
QSO: 14042 CW 2012-01-29 1359 TM5FFT        599 56     RK4YJ         599 235   
QSO: 14042 CW 2012-01-29 1359 TM5FFT        599 56     OK1FCA        599 126   
QSO: 14042 CW 2012-01-29 1401 TM5FFT        599 56     F5GGL         599 33    
QSO: 14042 CW 2012-01-29 1403 TM5FFT        599 56     K3WI          599 216   
QSO: 14042 CW 2012-01-29 1405 TM5FFT        599 56     IK4ZHH        599 024   
QSO: 14042 CW 2012-01-29 1406 TM5FFT        599 56     DL7FER        599 088   
QSO: 14042 CW 2012-01-29 1411 TM5FFT        599 56     UA7G          599 170   
QSO: 14042 CW 2012-01-29 1412 TM5FFT        599 56     UA1ZZ         599 138   
QSO: 14042 CW 2012-01-29 1413 TM5FFT        599 56     UV1GW         599 022   
QSO: 14042 CW 2012-01-29 1413 TM5FFT        599 56     RM3TO         599 145   
QSO: 14042 CW 2012-01-29 1413 TM5FFT        599 56     DL8AWK        599 048   
QSO: 14042 CW 2012-01-29 1414 TM5FFT        599 56     RX6AKA        599 153   
QSO: 14042 CW 2012-01-29 1414 TM5FFT        599 56     SM5CSS        599 109   
QSO: 14042 CW 2012-01-29 1415 TM5FFT        599 56     IT9CHU        599 097   
QSO: 14042 CW 2012-01-29 1417 TM5FFT        599 56     OK2NO         599 142   
QSO: 14042 CW 2012-01-29 1419 TM5FFT        599 56     UA4NBA        599 138   
QSO: 14042 CW 2012-01-29 1419 TM5FFT        599 56     LY2LF         599 046   
QSO: 14042 CW 2012-01-29 1422 TM5FFT        599 56     F6EBA         599 48    
QSO: 14042 CW 2012-01-29 1423 TM5FFT        599 56     DL1VJL        599 004   
QSO: 14042 CW 2012-01-29 1424 TM5FFT        599 56     LY2F          599 002   
QSO: 14042 CW 2012-01-29 1424 TM5FFT        599 56     YO5OLD        599 014   
QSO: 14042 CW 2012-01-29 1425 TM5FFT        599 56     DL7RSM        599 006   
QSO: 14042 CW 2012-01-29 1427 TM5FFT        599 56     LY2TS         599 027   
QSO: 14042 CW 2012-01-29 1430 TM5FFT        599 56     DL3EBX        599 038   
QSO: 14042 CW 2012-01-29 1431 TM5FFT        599 56     SD6M          599 029   
QSO: 14042 CW 2012-01-29 1431 TM5FFT        599 56     RK3BA         599 092   
QSO: 14042 CW 2012-01-29 1432 TM5FFT        599 56     OZ1DGQ        599 041   
QSO: 14042 CW 2012-01-29 1433 TM5FFT        599 56     OM3TBG        599 207   
QSO: 14042 CW 2012-01-29 1434 TM5FFT        599 56     F5LHV         599 44    
QSO: 14042 CW 2012-01-29 1438 TM5FFT        599 56     R9AX          599 248   
QSO: 14042 CW 2012-01-29 1439 TM5FFT        599 56     RU6AN         599 080   
QSO: 14042 CW 2012-01-29 1440 TM5FFT        599 56     SP8CGU        599 205   
QSO: 14042 CW 2012-01-29 1440 TM5FFT        599 56     YO2CJX        599 020   
QSO: 14042 CW 2012-01-29 1442 TM5FFT        599 56     DL4FF         599 001   
QSO: 14042 CW 2012-01-29 1442 TM5FFT        599 56     EW8OM         599 066   
QSO: 14042 CW 2012-01-29 1443 TM5FFT        599 56     UT4UH         599 110   
QSO: 14042 CW 2012-01-29 1443 TM5FFT        599 56     DM3HZN        599 001   
QSO: 14042 CW 2012-01-29 1444 TM5FFT        599 56     OK2BWJ        599 063   
QSO: 14042 CW 2012-01-29 1446 TM5FFT        599 56     RZ6AK         599 117   
QSO: 14042 CW 2012-01-29 1447 TM5FFT        599 56     RD9CX         599 082   
QSO: 14011 CW 2012-01-29 1454 TM5FFT        599 56     F5POJ         599 02    
QSO: 14048 CW 2012-01-29 1458 TM5FFT        599 56     F5LEN         599 54    
QSO: 14034 CW 2012-01-29 1505 TM5FFT        599 56     F2GL          599 89    
QSO: 14026 CW 2012-01-29 1509 TM5FFT        599 56     F6DTZ         599 65    
QSO: 14026 CW 2012-01-29 1510 TM5FFT        599 56     F5LPY         599 55    
QSO: 21016 CW 2012-01-29 1522 TM5FFT        599 56     FY5PO         599 FY    
QSO: 21017 CW 2012-01-29 1526 TM5FFT        599 56     KA1R          599 003   
QSO: 21017 CW 2012-01-29 1526 TM5FFT        599 56     YO4AAC        599 073   
QSO: 21017 CW 2012-01-29 1527 TM5FFT        599 56     LY2N          599 103   
QSO: 21010 CW 2012-01-29 1531 TM5FFT        599 56     F5XX          599 81    
QSO: 21024 CW 2012-01-29 1534 TM5FFT        599 56     K1LZ          599 074   
QSO: 21026 CW 2012-01-29 1539 TM5FFT        599 56     F5BLC         599 12    
QSO: 21044 CW 2012-01-29 1543 TM5FFT        599 56     F5MFI         599 45    
QSO: 14035 CW 2012-01-29 1545 TM5FFT        599 56     TM2T          599 69    
QSO: 14014 CW 2012-01-29 1547 TM5FFT        599 56     FY5PO         599 FY    
QSO: 14013 CW 2012-01-29 1551 TM5FFT        599 56     F6KJX         599 41    
QSO: 14018 CW 2012-01-29 1555 TM5FFT        599 56     F5KDC         599 63    
QSO: 14018 CW 2012-01-29 1556 TM5FFT        599 56     FM5WD         599 FM    
QSO: 14057 CW 2012-01-29 1619 TM5FFT        599 56     F6KUU         599 26    
QSO: 14035 CW 2012-01-29 1621 TM5FFT        599 56     F8KHO         599 51    
QSO: 14013 CW 2012-01-29 1627 TM5FFT        599 56     K1LZ          599 107   
QSO: 14013 CW 2012-01-29 1628 TM5FFT        599 56     LZ1YQ         599 285   
QSO: 14013 CW 2012-01-29 1629 TM5FFT        599 56     EA8BQM        599 094   
QSO: 14013 CW 2012-01-29 1630 TM5FFT        599 56     W9OA          599 073   
QSO: 14013 CW 2012-01-29 1630 TM5FFT        599 56     UA6YH         599 230   
QSO: 14013 CW 2012-01-29 1630 TM5FFT        599 56     VE3CWU        599 010   
QSO: 14013 CW 2012-01-29 1631 TM5FFT        599 56     VE9HF         599 083   
QSO: 14013 CW 2012-01-29 1632 TM5FFT        599 56     UX6VA         599 087   
QSO: 14013 CW 2012-01-29 1632 TM5FFT        599 56     UA6GF         599 125   
QSO: 14013 CW 2012-01-29 1633 TM5FFT        599 56     F6FTB         599 21    
QSO: 14013 CW 2012-01-29 1634 TM5FFT        599 56     F5SEY         599 44    
QSO: 14013 CW 2012-01-29 1635 TM5FFT        599 56     DL6DVU        599 004   
QSO: 14013 CW 2012-01-29 1636 TM5FFT        599 56     IZ3KMY        599 114   
QSO: 14013 CW 2012-01-29 1637 TM5FFT        599 56     RL3KQ         599 032   
QSO: 14013 CW 2012-01-29 1638 TM5FFT        599 56     EA7AAW        599 141   
QSO: 14013 CW 2012-01-29 1638 TM5FFT        599 56     OZ4FF         599 225   
QSO: 14013 CW 2012-01-29 1639 TM5FFT        599 56     4K4K          599 167   
QSO: 14013 CW 2012-01-29 1640 TM5FFT        599 56     F6COW         599 44    
QSO: 14013 CW 2012-01-29 1640 TM5FFT        599 56     F5SQY         599 56    
QSO: 14013 CW 2012-01-29 1642 TM5FFT        599 56     F5SGI/P       599 14    
QSO: 14013 CW 2012-01-29 1643 TM5FFT        599 56     DK4WF         599 075   
QSO: 14013 CW 2012-01-29 1643 TM5FFT        599 56     SM3RL         599 098   
QSO: 14013 CW 2012-01-29 1643 TM5FFT        599 56     W5ZR          599 040   
QSO: 14013 CW 2012-01-29 1644 TM5FFT        599 56     F4EZC         599 44    
QSO: 14013 CW 2012-01-29 1645 TM5FFT        599 56     DL5ML         599 001   
QSO: 14013 CW 2012-01-29 1646 TM5FFT        599 56     DK3HA         599 279   
QSO: 14013 CW 2012-01-29 1646 TM5FFT        599 56     IZ0PSC        599 058   
QSO: 14013 CW 2012-01-29 1647 TM5FFT        599 56     N5AU          599 084   
QSO: 14013 CW 2012-01-29 1647 TM5FFT        599 56     I5GJK         599 003   
QSO: 14013 CW 2012-01-29 1649 TM5FFT        599 56     VA3RKM        599 004   
QSO: 14013 CW 2012-01-29 1650 TM5FFT        599 56     F5OTZ         599 83    
QSO: 14013 CW 2012-01-29 1650 TM5FFT        599 56     SM0A          599 149   
QSO: 14013 CW 2012-01-29 1651 TM5FFT        599 56     OM2TB         599 102   
QSO: 14013 CW 2012-01-29 1652 TM5FFT        599 56     W1END         599 072   
QSO: 14013 CW 2012-01-29 1654 TM5FFT        599 56     PS7DX         599 067   
QSO: 14013 CW 2012-01-29 1656 TM5FFT        599 56     F9OE          599 29    
QSO: 14025 CW 2012-01-29 1701 TM5FFT        599 56     F6KMX         599 94    
QSO: 14013 CW 2012-01-29 1703 TM5FFT        599 56     DL9GS         599 134   
QSO: 14013 CW 2012-01-29 1704 TM5FFT        599 56     SP5GDY        599 026   
QSO: 14013 CW 2012-01-29 1705 TM5FFT        599 56     F6CNM         599 29    
QSO: 14013 CW 2012-01-29 1705 TM5FFT        599 56     WB2JNA        599 006   
QSO: 14034 CW 2012-01-29 1711 TM5FFT        599 56     F6IPQ         599 47    
QSO: 14013 CW 2012-01-29 1713 TM5FFT        599 56     YL2IU         599 066   
QSO: 14013 CW 2012-01-29 1713 TM5FFT        599 56     AA3B          599 076   
QSO: 14013 CW 2012-01-29 1714 TM5FFT        599 56     Z35G          599 089   
QSO: 14013 CW 2012-01-29 1716 TM5FFT        599 56     K8RJW         599 002   
QSO: 14013 CW 2012-01-29 1717 TM5FFT        599 56     7X3WPL        599 001   
QSO: 14012 CW 2012-01-29 1720 TM5FFT        599 56     F6DYX         599 49    
QSO: 14012 CW 2012-01-29 1721 TM5FFT        599 56     YO4BEX        599 061   
QSO: 14012 CW 2012-01-29 1722 TM5FFT        599 56     RA7C          599 334   
QSO: 14012 CW 2012-01-29 1724 TM5FFT        599 56     SE2T          599 107   
QSO: 14012 CW 2012-01-29 1725 TM5FFT        599 56     EA8AVK        599 126   
QSO: 14012 CW 2012-01-29 1726 TM5FFT        599 56     DL1MDV        579 004   
QSO: 14024 CW 2012-01-29 1733 TM5FFT        599 56     F5DE/P        599 19    
QSO: 14013 CW 2012-01-29 1737 TM5FFT        599 56     F5NKX         599 50    
QSO: 14013 CW 2012-01-29 1742 TM5FFT        599 56     DL7UKA        599 007   
QSO: 14013 CW 2012-01-29 1746 TM5FFT        599 56     PY6JRP        599 001   
QSO: 14013 CW 2012-01-29 1750 TM5FFT        599 56     G3SEN         599 002   
QSO: 14013 CW 2012-01-29 1752 TM5FFT        599 56     F5TRB         599 69    
QSO: 14013 CW 2012-01-29 1755 TM5FFT        599 56     IK7TNI        599 004   
QSO: 14013 CW 2012-01-29 1757 TM5FFT        599 56     F6REF         599 00    
QSO: 14020 CW 2012-01-29 1758 TM5FFT        599 56     F6EPQ         599 70    
END-OF-LOG:

