START-OF-LOG: 3.0
CONTEST: CQ-WW-RTTY
CALLSIGN: DL1QW
LOCATION: DX
CATEGORY-OPERATOR: SINGLE-OP
CATEGORY-ASSISTED: ASSISTED
CATEGORY-BAND: ALL
CATEGORY-POWER: HIGH
CATEGORY-MODE: RTTY
CATEGORY-TRANSMITTER: ONE
CATEGORY-STATION: FIXED
CATEGORY-OVERLAY:
GRID-LOCATOR: JO31PN
CLAIMED-SCORE: 1417239
NAME: Thomas Lind
CLUB: RHEIN RUHR DX ASSOCIATION
CREATED-BY: Win-Test 4.57.0
QSO:    3589 RY 2025-09-27 0257 DL1QW            599 14  DX   K1SFA            599 05  MA     0
QSO:    3589 RY 2025-09-27 0257 DL1QW            599 14  DX   S54L             599 15  DX     0
QSO:    3589 RY 2025-09-27 0257 DL1QW            599 14  DX   DG2BWG           599 14  DX     0
QSO:    3589 RY 2025-09-27 0258 DL1QW            599 14  DX   YL73R            599 15  DX     0
QSO:    3589 RY 2025-09-27 0258 DL1QW            599 14  DX   UT5PY            599 16  DX     0
QSO:    3589 RY 2025-09-27 0259 DL1QW            599 14  DX   OK1SI            599 15  DX     0
QSO:    3589 RY 2025-09-27 0259 DL1QW            599 14  DX   S51A             599 15  DX     0
QSO:    3589 RY 2025-09-27 0300 DL1QW            599 14  DX   I3PXN            599 15  DX     0
QSO:    3589 RY 2025-09-27 0301 DL1QW            599 14  DX   DL5ARM           599 14  DX     0
QSO:    3589 RY 2025-09-27 0302 DL1QW            599 14  DX   IQ2ZY            599 15  DX     0
QSO:    3589 RY 2025-09-27 0302 DL1QW            599 14  DX   OM1FW            599 15  DX     0
QSO:    3589 RY 2025-09-27 0303 DL1QW            599 14  DX   G4CDN            599 14  DX     0
QSO:    3589 RY 2025-09-27 0304 DL1QW            599 14  DX   EA5LU            599 14  DX     0
QSO:    3589 RY 2025-09-27 0306 DL1QW            599 14  DX   UR7EC            599 16  DX     0
QSO:    3589 RY 2025-09-27 0308 DL1QW            599 14  DX   UT4LW            599 16  DX     0
QSO:    3589 RY 2025-09-27 0309 DL1QW            599 14  DX   DL7AUO           599 14  DX     0
QSO:    3585 RY 2025-09-27 0311 DL1QW            599 14  DX   SN7Q             599 15  DX     0
QSO:    7044 RY 2025-09-27 0312 DL1QW            599 14  DX   IW4EGX           599 15  DX     0
QSO:    7038 RY 2025-09-27 0313 DL1QW            599 14  DX   NJ4P             599 04  TN     0
QSO:    7042 RY 2025-09-27 0315 DL1QW            599 14  DX   IO0A             599 15  DX     0
QSO:    7045 RY 2025-09-27 0316 DL1QW            599 14  DX   LZ5R             599 20  DX     0
QSO:    7046 RY 2025-09-27 0318 DL1QW            599 14  DX   S51CK            599 15  DX     0
QSO:    7049 RY 2025-09-27 0319 DL1QW            599 14  DX   P3X              599 20  DX     0
QSO:    7052 RY 2025-09-27 0320 DL1QW            599 14  DX   IB9R             599 15  DX     0
QSO:    7054 RY 2025-09-27 0320 DL1QW            599 14  DX   YL2GD            599 15  DX     0
QSO:    7056 RY 2025-09-27 0322 DL1QW            599 14  DX   9A925T           599 15  DX     0
QSO:    7061 RY 2025-09-27 0324 DL1QW            599 14  DX   OH5YL            599 15  DX     0
QSO:    7061 RY 2025-09-27 0324 DL1QW            599 14  DX   UT4LW            599 16  DX     0
QSO:    7061 RY 2025-09-27 0325 DL1QW            599 14  DX   EA3IAZ           599 14  DX     0
QSO:    7061 RY 2025-09-27 0326 DL1QW            599 14  DX   KB1EFS           599 05  NY     0
QSO:    7061 RY 2025-09-27 0326 DL1QW            599 14  DX   YL73R            599 15  DX     0
QSO:    7061 RY 2025-09-27 0327 DL1QW            599 14  DX   K2YG             599 05  NJ     0
QSO:    7061 RY 2025-09-27 0328 DL1QW            599 14  DX   KC2WUF           599 05  NJ     0
QSO:    7061 RY 2025-09-27 0328 DL1QW            599 14  DX   K9YY             599 04  IL     0
QSO:    7061 RY 2025-09-27 0329 DL1QW            599 14  DX   I4AVG            599 15  DX     0
QSO:    7061 RY 2025-09-27 0329 DL1QW            599 14  DX   K4SBZ            599 05  FL     0
QSO:    7061 RY 2025-09-27 0330 DL1QW            599 14  DX   W3GH             599 05  PA     0
QSO:    7061 RY 2025-09-27 0331 DL1QW            599 14  DX   UT3SO            599 16  DX     0
QSO:    7061 RY 2025-09-27 0332 DL1QW            599 14  DX   N0GN             599 04  NE     0
QSO:    7061 RY 2025-09-27 0333 DL1QW            599 14  DX   W2CDO            599 05  MD     0
QSO:    7061 RY 2025-09-27 0333 DL1QW            599 14  DX   K0MPH            599 04  MN     0
QSO:    7061 RY 2025-09-27 0334 DL1QW            599 14  DX   WE2DX            599 04  MI     0
QSO:    7061 RY 2025-09-27 0335 DL1QW            599 14  DX   K0KX             599 04  SD     0
QSO:    7061 RY 2025-09-27 0337 DL1QW            599 14  DX   WA1FCN           599 04  AL     0
QSO:    7061 RY 2025-09-27 0339 DL1QW            599 14  DX   I5WNN            599 14  DX     0
QSO:    7061 RY 2025-09-27 0343 DL1QW            599 14  DX   IT9AQR           599 15  DX     0
QSO:    7061 RY 2025-09-27 0346 DL1QW            599 14  DX   KK4R             599 05  VA     0
QSO:    7062 RY 2025-09-27 0349 DL1QW            599 14  DX   K2RB             599 05  CT     0
QSO:    7061 RY 2025-09-27 0355 DL1QW            599 14  DX   WB9HFK           599 04  IL     0
QSO:    7061 RY 2025-09-27 0356 DL1QW            599 14  DX   KA8G             599 04  OH     0
QSO:    7061 RY 2025-09-27 0356 DL1QW            599 14  DX   N3RTW            599 05  VA     0
QSO:    7061 RY 2025-09-27 0357 DL1QW            599 14  DX   KI6DY            599 04  OH     0
QSO:    7046 RY 2025-09-27 0359 DL1QW            599 14  DX   C37N             599 14  DX     0
QSO:    7061 RY 2025-09-27 0402 DL1QW            599 14  DX   VE3UZX           599 04  ON     0
QSO:    7061 RY 2025-09-27 0402 DL1QW            599 14  DX   US6CQ            599 16  DX     0
QSO:    7061 RY 2025-09-27 0403 DL1QW            599 14  DX   N3CKI            599 05  NC     0
QSO:    7061 RY 2025-09-27 0403 DL1QW            599 14  DX   WB0N             599 04  MN     0
QSO:    7061 RY 2025-09-27 0406 DL1QW            599 14  DX   YO9BCM           599 20  DX     0
QSO:    7061 RY 2025-09-27 0407 DL1QW            599 14  DX   K8GB             599 04  MI     0
QSO:    7061 RY 2025-09-27 0408 DL1QW            599 14  DX   NT4J             599 04  TN     0
QSO:    7061 RY 2025-09-27 0410 DL1QW            599 14  DX   W7II             599 04  IA     0
QSO:    3591 RY 2025-09-27 0412 DL1QW            599 14  DX   CR3W             599 33  DX     0
QSO:    3598 RY 2025-09-27 0414 DL1QW            599 14  DX   OV9R             599 14  DX     0
QSO:    3598 RY 2025-09-27 0414 DL1QW            599 14  DX   DG8DBW           599 14  DX     0
QSO:    3598 RY 2025-09-27 0415 DL1QW            599 14  DX   DJ6OI            599 14  DX     0
QSO:    3598 RY 2025-09-27 0415 DL1QW            599 14  DX   F5BEG            599 14  DX     0
QSO:    3598 RY 2025-09-27 0416 DL1QW            599 14  DX   DL1ZBO           599 14  DX     0
QSO:    3598 RY 2025-09-27 0418 DL1QW            599 14  DX   UT7NI            599 16  DX     0
QSO:    3598 RY 2025-09-27 0418 DL1QW            599 14  DX   SN3C             599 15  DX     0
QSO:    3598 RY 2025-09-27 0419 DL1QW            599 14  DX   G1SCT            599 14  DX     0
QSO:    3599 RY 2025-09-27 0422 DL1QW            599 14  DX   LX5M             599 14  DX     0
QSO:    3595 RY 2025-09-27 0423 DL1QW            599 14  DX   LA1K             599 15  DX     0
QSO:    3595 RY 2025-09-27 0424 DL1QW            599 14  DX   IB9T             599 15  DX     0
QSO:    3600 RY 2025-09-27 0426 DL1QW            599 14  DX   HB9TZU           599 14  DX     0
QSO:    3600 RY 2025-09-27 0426 DL1QW            599 14  DX   ON3ONX           599 14  DX     0
QSO:    3600 RY 2025-09-27 0428 DL1QW            599 14  DX   DP6A             599 14  DX     0
QSO:    3604 RY 2025-09-27 0430 DL1QW            599 14  DX   EN60NK           599 16  DX     0
QSO:    3605 RY 2025-09-27 0431 DL1QW            599 14  DX   ON8GA            599 14  DX     0
QSO:    3586 RY 2025-09-27 0441 DL1QW            599 14  DX   OM5KM            591 05  DX     0
QSO:    3592 RY 2025-09-27 0509 DL1QW            599 14  DX   EE2A             599 14  DX     0
QSO:    3592 RY 2025-09-27 0510 DL1QW            599 14  DX   SO4M             599 15  DX     0
QSO:    3592 RY 2025-09-27 0510 DL1QW            599 14  DX   S53X             599 15  DX     0
QSO:    3592 RY 2025-09-27 0511 DL1QW            599 14  DX   OY1R             599 14  DX     0
QSO:    3592 RY 2025-09-27 0512 DL1QW            599 14  DX   DG1YBN           599 14  DX     0
QSO:    3592 RY 2025-09-27 0513 DL1QW            599 14  DX   LA5LJA           599 14  DX     0
QSO:    3592 RY 2025-09-27 0515 DL1QW            599 14  DX   IW3ICN           599 15  DX     0
QSO:    7042 RY 2025-09-27 0516 DL1QW            599 14  DX   EA3CFV           599 14  DX     0
QSO:    7042 RY 2025-09-27 0517 DL1QW            599 14  DX   AI6O             599 04  MO     0
QSO:    7042 RY 2025-09-27 0518 DL1QW            599 14  DX   SC6O             599 14  DX     0
QSO:    7042 RY 2025-09-27 0518 DL1QW            599 14  DX   KD9V             599 04  IN     0
QSO:    7042 RY 2025-09-27 0520 DL1QW            599 14  DX   AB4SF            599 05  VA     0
QSO:    7042 RY 2025-09-27 0520 DL1QW            599 14  DX   S51A             599 15  DX     0
QSO:    7042 RY 2025-09-27 0520 DL1QW            599 14  DX   EE4Y             599 14  DX     0
QSO:    7042 RY 2025-09-27 0521 DL1QW            599 14  DX   YT9VM            599 15  DX     0
QSO:    7042 RY 2025-09-27 0521 DL1QW            599 14  DX   LZ2K             599 20  DX     0
QSO:    7042 RY 2025-09-27 0522 DL1QW            599 14  DX   ED3Q             599 14  DX     0
QSO:    7042 RY 2025-09-27 0523 DL1QW            599 14  DX   AA5AU            599 04  LA     0
QSO:    7042 RY 2025-09-27 0524 DL1QW            599 14  DX   AC1PK            599 05  NH     0
QSO:    7042 RY 2025-09-27 0524 DL1QW            599 14  DX   K1WOR            599 05  MA     0
QSO:    7042 RY 2025-09-27 0525 DL1QW            599 14  DX   OZ6P             599 14  DX     0
QSO:    7042 RY 2025-09-27 0525 DL1QW            599 14  DX   IU1DOF           599 15  DX     0
QSO:    7042 RY 2025-09-27 0526 DL1QW            599 14  DX   I1JTQ            599 15  DX     0
QSO:    7042 RY 2025-09-27 0526 DL1QW            599 14  DX   IK4HVR           599 15  DX     0
QSO:    7042 RY 2025-09-27 0527 DL1QW            599 14  DX   UY5HF            599 16  DX     0
QSO:    7042 RY 2025-09-27 0528 DL1QW            599 14  DX   WA2CP            599 05  NY     0
QSO:    7042 RY 2025-09-27 0529 DL1QW            599 14  DX   DL1GME           599 14  DX     0
QSO:    7042 RY 2025-09-27 0529 DL1QW            599 14  DX   IW3ICN           599 15  DX     0
QSO:    7042 RY 2025-09-27 0530 DL1QW            599 14  DX   TA1CQ            599 20  DX     0
QSO:    7042 RY 2025-09-27 0531 DL1QW            599 14  DX   K1SFA            599 05  MA     0
QSO:    7042 RY 2025-09-27 0531 DL1QW            599 14  DX   UT7NI            599 16  DX     0
QSO:    7040 RY 2025-09-27 0605 DL1QW            599 14  DX   TM40KBG          599 14  DX     0
QSO:    7041 RY 2025-09-27 0606 DL1QW            599 14  DX   ON4CT            599 14  DX     0
QSO:    7042 RY 2025-09-27 0610 DL1QW            599 14  DX   IO6T             599 15  DX     0
QSO:    7042 RY 2025-09-27 0610 DL1QW            599 14  DX   DL1AIW           599 14  DX     0
QSO:    7042 RY 2025-09-27 0611 DL1QW            599 14  DX   AA4R             599 05  NC     0
QSO:    7042 RY 2025-09-27 0611 DL1QW            599 14  DX   9A1A             599 15  DX     0
QSO:    7042 RY 2025-09-27 0612 DL1QW            599 14  DX   G4N              599 14  DX     0
QSO:    7042 RY 2025-09-27 0613 DL1QW            599 14  DX   EA6ZS            599 14  DX     0
QSO:    7042 RY 2025-09-27 0614 DL1QW            599 14  DX   DL2025C          599 14  DX     0
QSO:   14095 RY 2025-09-27 0616 DL1QW            599 14  DX   VK2PN            599 30  DX     0
QSO:   14096 RY 2025-09-27 0618 DL1QW            599 14  DX   PV2K             599 11  DX     0
QSO:   14096 RY 2025-09-27 0619 DL1QW            599 14  DX   IK6XEJ           599 15  DX     0
QSO:   14096 RY 2025-09-27 0620 DL1QW            599 14  DX   CM8JFL           599 08  DX     0
QSO:   14096 RY 2025-09-27 0620 DL1QW            599 14  DX   N9TF             599 04  TN     0
QSO:   14096 RY 2025-09-27 0623 DL1QW            599 14  DX   RK9UE            599 18  DX     0
QSO:   14096 RY 2025-09-27 0624 DL1QW            599 14  DX   UT8W             599 16  DX     0
QSO:   14096 RY 2025-09-27 0625 DL1QW            599 14  DX   EX9A             599 17  DX     0
QSO:   14096 RY 2025-09-27 0627 DL1QW            599 14  DX   RA3V             599 16  DX     0
QSO:   14096 RY 2025-09-27 0627 DL1QW            599 14  DX   IK4HVR           599 15  DX     0
QSO:   14096 RY 2025-09-27 0628 DL1QW            599 14  DX   UT8EU            599 16  DX     0
QSO:   14096 RY 2025-09-27 0628 DL1QW            599 14  DX   SP8CGU           599 15  DX     0
QSO:   14096 RY 2025-09-27 0628 DL1QW            599 14  DX   UA6BJY           599 16  DX     0
QSO:   14097 RY 2025-09-27 0629 DL1QW            599 14  DX   TA4A             599 20  DX     0
QSO:   14096 RY 2025-09-27 0631 DL1QW            599 14  DX   R2HY             599 16  DX     0
QSO:   14096 RY 2025-09-27 0632 DL1QW            599 14  DX   HG7T             599 15  DX     0
QSO:   14096 RY 2025-09-27 0632 DL1QW            599 14  DX   RU5X             599 16  DX     0
QSO:   14096 RY 2025-09-27 0633 DL1QW            599 14  DX   A61QQ            599 21  DX     0
QSO:   14096 RY 2025-09-27 0635 DL1QW            599 14  DX   RA3XEV           599 16  DX     0
QSO:   14104 RY 2025-09-27 0637 DL1QW            599 14  DX   UT5EPP           599 16  DX     0
QSO:   14107 RY 2025-09-27 0638 DL1QW            599 14  DX   S53M             599 15  DX     0
QSO:   14108 RY 2025-09-27 0639 DL1QW            599 14  DX   W3GH             599 05  PA     0
QSO:   14096 RY 2025-09-27 0643 DL1QW            599 14  DX   UT4LW            599 16  DX     0
QSO:   14096 RY 2025-09-27 0644 DL1QW            599 14  DX   VK4ZP            599 30  DX     0
QSO:   14098 RY 2025-09-27 0647 DL1QW            599 14  DX   CN3A             599 33  DX     0
QSO:   14099 RY 2025-09-27 0649 DL1QW            599 14  DX   IO6T             599 15  DX     0
QSO:   14099 RY 2025-09-27 0649 DL1QW            599 14  DX   OZ6P             599 14  DX     0
QSO:   14099 RY 2025-09-27 0650 DL1QW            599 14  DX   OM7AG            599 15  DX     0
QSO:   14099 RY 2025-09-27 0650 DL1QW            599 14  DX   DL1GME           599 14  DX     0
QSO:   14099 RY 2025-09-27 0651 DL1QW            599 14  DX   XE2IF            599 06  DX     0
QSO:   14099 RY 2025-09-27 0653 DL1QW            599 14  DX   IZ7XNB           599 15  DX     0
QSO:   14099 RY 2025-09-27 0653 DL1QW            599 14  DX   EI6LG            599 14  DX     0
QSO:   14099 RY 2025-09-27 0656 DL1QW            599 14  DX   UT7NI            599 16  DX     0
QSO:   14099 RY 2025-09-27 0656 DL1QW            599 14  DX   EI7M             599 14  DX     0
QSO:   14099 RY 2025-09-27 0657 DL1QW            599 14  DX   YO3GNF           599 20  DX     0
QSO:   14099 RY 2025-09-27 0657 DL1QW            599 14  DX   DF5EN            599 14  DX     0
QSO:   14099 RY 2025-09-27 0657 DL1QW            599 14  DX   EB3TR            599 14  DX     0
QSO:   14099 RY 2025-09-27 0658 DL1QW            599 14  DX   RZ9A             599 17  DX     0
QSO:   14099 RY 2025-09-27 0658 DL1QW            599 14  DX   WQ5OO            599 04  LA     0
QSO:   14099 RY 2025-09-27 0659 DL1QW            599 14  DX   UT5UML           599 16  DX     0
QSO:   14099 RY 2025-09-27 0700 DL1QW            599 14  DX   DG1YBN           599 14  DX     0
QSO:   14099 RY 2025-09-27 0701 DL1QW            599 14  DX   EE8E             599 33  DX     0
QSO:   14099 RY 2025-09-27 0702 DL1QW            599 14  DX   IZ0EHL           599 15  DX     0
QSO:   14099 RY 2025-09-27 0703 DL1QW            599 14  DX   YL73R            599 15  DX     0
QSO:   14099 RY 2025-09-27 0703 DL1QW            599 14  DX   NJ4P             599 04  TN     0
QSO:   14099 RY 2025-09-27 0705 DL1QW            599 14  DX   LC2F             599 14  DX     0
QSO:   14099 RY 2025-09-27 0705 DL1QW            599 14  DX   OM3NI            599 15  DX     0
QSO:   14083 RY 2025-09-27 0708 DL1QW            599 14  DX   YU7ZZ            599 15  DX     0
QSO:   21086 RY 2025-09-27 0728 DL1QW            599 14  DX   A71AE            599 21  DX     0
QSO:   21097 RY 2025-09-27 0730 DL1QW            599 14  DX   OH8RA            599 15  DX     0
QSO:   21097 RY 2025-09-27 0730 DL1QW            599 14  DX   EW8DX            599 16  DX     0
QSO:   21114 RY 2025-09-27 0733 DL1QW            599 14  DX   UT4LW            599 16  DX     0
QSO:   21114 RY 2025-09-27 0733 DL1QW            599 14  DX   JA5AFW           599 25  DX     0
QSO:   21114 RY 2025-09-27 0734 DL1QW            599 14  DX   JH7RTQ           599 25  DX     0
QSO:   21114 RY 2025-09-27 0737 DL1QW            599 14  DX   YL2PJ            599 15  DX     0
QSO:   21114 RY 2025-09-27 0738 DL1QW            599 14  DX   UT7NI            599 16  DX     0
QSO:   21112 RY 2025-09-27 0741 DL1QW            599 14  DX   TA8AT            599 20  DX     0
QSO:   21110 RY 2025-09-27 0743 DL1QW            599 14  DX   IB9T             599 15  DX     0
QSO:   21103 RY 2025-09-27 0744 DL1QW            599 14  DX   CT7BJG           599 14  DX     0
QSO:   21101 RY 2025-09-27 0744 DL1QW            599 14  DX   RN3QQT           599 16  DX     0
QSO:   21099 RY 2025-09-27 0746 DL1QW            599 14  DX   SZ1A             599 20  DX     0
QSO:   21086 RY 2025-09-27 0749 DL1QW            599 14  DX   CN3A             599 33  DX     0
QSO:   21084 RY 2025-09-27 0750 DL1QW            599 14  DX   YT9A             599 15  DX     0
QSO:   21083 RY 2025-09-27 0750 DL1QW            599 14  DX   OH3OJ            599 15  DX     0
QSO:   21083 RY 2025-09-27 0751 DL1QW            599 14  DX   DL0HMK           599 14  DX     0
QSO:   21080 RY 2025-09-27 0752 DL1QW            599 14  DX   EE8E             599 33  DX     0
QSO:   21080 RY 2025-09-27 0754 DL1QW            599 14  DX   JM1XCW           599 25  DX     0
QSO:   21080 RY 2025-09-27 0755 DL1QW            599 14  DX   RU4SS            599 16  DX     0
QSO:   21080 RY 2025-09-27 0755 DL1QW            599 14  DX   IQ2ZY            599 15  DX     0
QSO:   21080 RY 2025-09-27 0756 DL1QW            599 14  DX   UC6N             599 16  DX     0
QSO:   21080 RY 2025-09-27 0757 DL1QW            599 14  DX   HB9AWS           599 14  DX     0
QSO:   21080 RY 2025-09-27 0757 DL1QW            599 14  DX   DH1DAC           599 14  DX     0
QSO:   21080 RY 2025-09-27 0758 DL1QW            599 14  DX   BI8CZM           599 24  DX     0
QSO:   21080 RY 2025-09-27 0758 DL1QW            599 14  DX   F4EQN            599 14  DX     0
QSO:   21080 RY 2025-09-27 0759 DL1QW            599 14  DX   LZ1QB            599 20  DX     0
QSO:   21080 RY 2025-09-27 0759 DL1QW            599 14  DX   EE4Y             599 14  DX     0
QSO:   21080 RY 2025-09-27 0801 DL1QW            599 14  DX   DL1DTL           599 14  DX     0
QSO:   21080 RY 2025-09-27 0802 DL1QW            599 14  DX   EA5HKZ           599 14  DX     0
QSO:   21080 RY 2025-09-27 0804 DL1QW            599 14  DX   JI1RXQ           599 25  DX     0
QSO:   21080 RY 2025-09-27 0805 DL1QW            599 14  DX   IW3ICN           599 15  DX     0
QSO:   21080 RY 2025-09-27 0805 DL1QW            599 14  DX   ON4APU           599 14  DX     0
QSO:   21080 RY 2025-09-27 0806 DL1QW            599 14  DX   IU7XWD           599 15  DX     0
QSO:   21080 RY 2025-09-27 0807 DL1QW            599 14  DX   JS1OYN           599 25  DX     0
QSO:   21080 RY 2025-09-27 0807 DL1QW            599 14  DX   RX6ACJ           599 16  DX     0
QSO:   21080 RY 2025-09-27 0810 DL1QW            599 14  DX   JH1FNU           599 25  DX     0
QSO:   21080 RY 2025-09-27 0812 DL1QW            599 14  DX   VK4ZP            599 30  DX     0
QSO:   21080 RY 2025-09-27 0812 DL1QW            599 14  DX   EA8AQV           599 33  DX     0
QSO:   21080 RY 2025-09-27 0813 DL1QW            599 14  DX   JF3IYW           599 25  DX     0
QSO:   21080 RY 2025-09-27 0814 DL1QW            599 14  DX   DJ6OI            599 14  DX     0
QSO:   21080 RY 2025-09-27 0814 DL1QW            599 14  DX   SV2SIF           599 20  DX     0
QSO:   21080 RY 2025-09-27 0816 DL1QW            599 14  DX   JK1NSR           599 25  DX     0
QSO:   21080 RY 2025-09-27 0817 DL1QW            599 14  DX   IO7A             599 15  DX     0
QSO:   21080 RY 2025-09-27 0817 DL1QW            599 14  DX   UA6BJY           599 16  DX     0
QSO:   21080 RY 2025-09-27 0818 DL1QW            599 14  DX   JA0GCY           599 25  DX     0
QSO:   21080 RY 2025-09-27 0819 DL1QW            599 14  DX   JA7MCB           599 25  DX     0
QSO:   21080 RY 2025-09-27 0819 DL1QW            599 14  DX   YO9SW            599 20  DX     0
QSO:   21080 RY 2025-09-27 0820 DL1QW            599 14  DX   RA3V             599 16  DX     0
QSO:   21080 RY 2025-09-27 0822 DL1QW            599 14  DX   DJ9DZ            599 14  DX     0
QSO:   21080 RY 2025-09-27 0823 DL1QW            599 14  DX   EA4IE            599 14  DX     0
QSO:   21080 RY 2025-09-27 0824 DL1QW            599 14  DX   9A5Y             599 15  DX     0
QSO:   21080 RY 2025-09-27 0824 DL1QW            599 14  DX   JE0HUR           599 25  DX     0
QSO:   21080 RY 2025-09-27 0825 DL1QW            599 14  DX   HA5GF            599 15  DX     0
QSO:   21080 RY 2025-09-27 0825 DL1QW            599 14  DX   JG1XIO           599 25  DX     0
QSO:   21080 RY 2025-09-27 0826 DL1QW            599 14  DX   UC0A             599 18  DX     0
QSO:   21080 RY 2025-09-27 0827 DL1QW            599 14  DX   R4FCJ/QRP        599 16  DX     0
QSO:   21080 RY 2025-09-27 0828 DL1QW            599 14  DX   IW8BCG           599 15  DX     0
QSO:   21080 RY 2025-09-27 0828 DL1QW            599 14  DX   OH4HK            599 15  DX     0
QSO:   21097 RY 2025-09-27 0831 DL1QW            599 14  DX   LY1R             599 15  DX     0
QSO:   21095 RY 2025-09-27 0832 DL1QW            599 14  DX   A61QQ            599 21  DX     0
QSO:   14083 RY 2025-09-27 0834 DL1QW            599 14  DX   IB9T             599 15  DX     0
QSO:   14093 RY 2025-09-27 0835 DL1QW            599 14  DX   ER3KAZ           599 16  DX     0
QSO:   14100 RY 2025-09-27 0836 DL1QW            599 14  DX   S50R             599 15  DX     0
QSO:   14092 RY 2025-09-27 0844 DL1QW            599 14  DX   OK2HBR           599 15  DX     0
QSO:   28120 RY 2025-09-27 0847 DL1QW            599 14  DX   AH2R             599 27  DX     0
QSO:   28085 RY 2025-09-27 0848 DL1QW            599 14  DX   CR3W             599 33  DX     0
QSO:   28129 RY 2025-09-27 0848 DL1QW            599 14  DX   VK9DX            599 32  DX     0
QSO:   28128 RY 2025-09-27 0849 DL1QW            599 14  DX   JH7QXJ           599 25  DX     0
QSO:   28118 RY 2025-09-27 0852 DL1QW            599 14  DX   DZ3B             599 27  DX     0
QSO:   28118 RY 2025-09-27 0853 DL1QW            599 14  DX   DF8QB            599 14  DX     0
QSO:   28118 RY 2025-09-27 0856 DL1QW            599 14  DX   EA8DED           599 33  DX     0
QSO:   28118 RY 2025-09-27 0857 DL1QW            599 14  DX   JA3IBU           599 25  DX     0
QSO:   28118 RY 2025-09-27 0858 DL1QW            599 14  DX   JF3LOP           599 25  DX     0
QSO:   28118 RY 2025-09-27 0859 DL1QW            599 14  DX   F5JNX            599 14  DX     0
QSO:   28118 RY 2025-09-27 0901 DL1QW            599 14  DX   BG8PM            599 24  DX     0
QSO:   28118 RY 2025-09-27 0901 DL1QW            599 14  DX   JH0RNN           599 25  DX     0
QSO:   28118 RY 2025-09-27 0903 DL1QW            599 14  DX   7N2UQC           599 25  DX     0
QSO:   28118 RY 2025-09-27 0904 DL1QW            599 14  DX   JA1WSK           599 25  DX     0
QSO:   28118 RY 2025-09-27 0904 DL1QW            599 14  DX   JR3BOT           599 25  DX     0
QSO:   28118 RY 2025-09-27 0905 DL1QW            599 14  DX   JE2UFF           599 25  DX     0
QSO:   28118 RY 2025-09-27 0906 DL1QW            599 14  DX   JI1RXQ           599 25  DX     0
QSO:   28118 RY 2025-09-27 0907 DL1QW            599 14  DX   JN1THL           599 25  DX     0
QSO:   28118 RY 2025-09-27 0911 DL1QW            599 14  DX   JA9LX            599 25  DX     0
QSO:   28080 RY 2025-09-27 0913 DL1QW            599 14  DX   P3X              599 20  DX     0
QSO:   28114 RY 2025-09-27 0914 DL1QW            599 14  DX   4X7M             599 20  DX     0
QSO:   28116 RY 2025-09-27 0917 DL1QW            599 14  DX   JA1QOW           599 25  DX     0
QSO:   28138 RY 2025-09-27 0920 DL1QW            599 14  DX   EX9A             599 17  DX     0
QSO:   28115 RY 2025-09-27 0921 DL1QW            599 14  DX   RL4R             599 16  DX     0
QSO:   28114 RY 2025-09-27 0927 DL1QW            599 14  DX   V55A             599 38  DX     0
QSO:   28119 RY 2025-09-27 0929 DL1QW            599 14  DX   VU2DED           599 22  DX     0
QSO:   28093 RY 2025-09-27 0937 DL1QW            599 14  DX   YB0NSI           599 28  DX     0
QSO:   28120 RY 2025-09-27 0938 DL1QW            599 14  DX   RU4SS            599 16  DX     0
QSO:   28120 RY 2025-09-27 0939 DL1QW            599 14  DX   4Z4DX            599 20  DX     0
QSO:   21098 RY 2025-09-27 0945 DL1QW            599 14  DX   JT7OB            599 23  DX     0
QSO:   21091 RY 2025-09-27 0946 DL1QW            599 14  DX   C37N             599 14  DX     0
QSO:   21121 RY 2025-09-27 0950 DL1QW            599 14  DX   JG1IEF           599 25  DX     0
QSO:   21121 RY 2025-09-27 0951 DL1QW            599 14  DX   LZ2K             599 20  DX     0
QSO:   21121 RY 2025-09-27 0951 DL1QW            599 14  DX   9A5D             599 15  DX     0
QSO:   21121 RY 2025-09-27 0952 DL1QW            599 14  DX   JA1IAZ           599 25  DX     0
QSO:   21121 RY 2025-09-27 0952 DL1QW            599 14  DX   JA1SCE           599 25  DX     0
QSO:   21121 RY 2025-09-27 0953 DL1QW            599 14  DX   IU8RQW           599 15  DX     0
QSO:   21127 RY 2025-09-27 0955 DL1QW            599 14  DX   DS5USH           599 25  DX     0
QSO:   21121 RY 2025-09-27 0957 DL1QW            599 14  DX   Z33F             599 15  DX     0
QSO:   28103 RY 2025-09-27 1002 DL1QW            599 14  DX   VU2ADV           599 22  DX     0
QSO:   28102 RY 2025-09-27 1005 DL1QW            599 14  DX   PV2K             599 11  DX     0
QSO:   14086 RY 2025-09-27 1007 DL1QW            599 14  DX   SP4TKR           599 15  DX     0
QSO:   14099 RY 2025-09-27 1009 DL1QW            599 14  DX   VA7KO            599 03  BC     0
QSO:   14099 RY 2025-09-27 1010 DL1QW            599 14  DX   SQ9CXC           599 15  DX     0
QSO:   14099 RY 2025-09-27 1011 DL1QW            599 14  DX   IB9Z             599 15  DX     0
QSO:   14099 RY 2025-09-27 1011 DL1QW            599 14  DX   KB1EFS           599 05  NY     0
QSO:   14099 RY 2025-09-27 1011 DL1QW            599 14  DX   IN3VVK           599 15  DX     0
QSO:   14099 RY 2025-09-27 1013 DL1QW            599 14  DX   IN3VVK           599 15  DX     0
QSO:   14099 RY 2025-09-27 1016 DL1QW            599 14  DX   IU7XWD           599 15  DX     0
QSO:   14099 RY 2025-09-27 1017 DL1QW            599 14  DX   UT2UB            599 16  DX     0
QSO:   14088 RY 2025-09-27 1019 DL1QW            599 14  DX   C37N             599 14  DX     0
QSO:   14099 RY 2025-09-27 1021 DL1QW            599 14  DX   EF3T             599 14  DX     0
QSO:   14096 RY 2025-09-27 1022 DL1QW            599 14  DX   MW7C             599 14  DX     0
QSO:   14089 RY 2025-09-27 1025 DL1QW            599 14  DX   P49X             599 09  DX     0
QSO:   14089 RY 2025-09-27 1030 DL1QW            599 14  DX   RA3Y             599 16  DX     0
QSO:   28084 RY 2025-09-27 1034 DL1QW            599 14  DX   9A1A             599 15  DX     0
QSO:   28106 RY 2025-09-27 1035 DL1QW            599 14  DX   FY5KE            599 09  DX     0
QSO:   28092 RY 2025-09-27 1041 DL1QW            599 14  DX   TA7LDU           599 20  DX     0
QSO:   28082 RY 2025-09-27 1042 DL1QW            599 14  DX   RC9T             599 16  DX     0
QSO:   28113 RY 2025-09-27 1045 DL1QW            599 14  DX   OD5KU            599 20  DX     0
QSO:   21108 RY 2025-09-27 1101 DL1QW            599 14  DX   P49X             599 09  DX     0
QSO:   21115 RY 2025-09-27 1103 DL1QW            599 14  DX   AA3B             599 05  PA     0
QSO:   21112 RY 2025-09-27 1106 DL1QW            599 14  DX   KG1V             599 05  NH     0
QSO:   28097 RY 2025-09-27 1111 DL1QW            599 14  DX   K1SFA            599 05  MA     0
QSO:   21112 RY 2025-09-27 1118 DL1QW            599 14  DX   YO9CWY           599 20  DX     0
QSO:   21112 RY 2025-09-27 1118 DL1QW            599 14  DX   KF2OG            599 05  NY     0
QSO:   21112 RY 2025-09-27 1121 DL1QW            599 14  DX   LZ7A             599 20  DX     0
QSO:   21112 RY 2025-09-27 1123 DL1QW            599 14  DX   EA5IL            599 14  DX     0
QSO:   21112 RY 2025-09-27 1123 DL1QW            599 14  DX   W1ARY            599 05  CT     0
QSO:   21112 RY 2025-09-27 1124 DL1QW            599 14  DX   WQ3O             599 05  PA     0
QSO:   21112 RY 2025-09-27 1125 DL1QW            599 14  DX   NF1G             599 05  MA     0
QSO:   21082 RY 2025-09-27 1130 DL1QW            599 14  DX   NJ4P             599 04  TN     0
QSO:   21112 RY 2025-09-27 1133 DL1QW            599 14  DX   VE3EID           599 04  ON     0
QSO:   21112 RY 2025-09-27 1135 DL1QW            599 14  DX   EA8DHH           599 33  DX     0
QSO:   21112 RY 2025-09-27 1135 DL1QW            599 14  DX   UT2EF            599 16  DX     0
QSO:   21092 RY 2025-09-27 1137 DL1QW            599 14  DX   Z33B             599 15  DX     0
QSO:   21112 RY 2025-09-27 1141 DL1QW            599 14  DX   PC0A             599 14  DX     0
QSO:   21112 RY 2025-09-27 1142 DL1QW            599 14  DX   UT0CK            599 16  DX     0
QSO:   28083 RY 2025-09-27 1148 DL1QW            599 14  DX   NP3YL            599 08  DX     0
QSO:   28095 RY 2025-09-27 1149 DL1QW            599 14  DX   A61QQ            599 21  DX     0
QSO:   28089 RY 2025-09-27 1152 DL1QW            599 14  DX   SZ1A             599 20  DX     0
QSO:   28131 RY 2025-09-27 1155 DL1QW            599 14  DX   V26OC            599 08  DX     0
QSO:   28106 RY 2025-09-27 1157 DL1QW            599 14  DX   9J2FI            599 36  DX     0
QSO:   28100 RY 2025-09-27 1158 DL1QW            599 14  DX   CN3A             599 33  DX     0
QSO:   28096 RY 2025-09-27 1159 DL1QW            599 14  DX   AZ1D             599 13  DX     0
QSO:   28118 RY 2025-09-27 1200 DL1QW            599 14  DX   LT6T             599 13  DX     0
QSO:   28089 RY 2025-09-27 1202 DL1QW            599 14  DX   HK1T             599 09  DX     0
QSO:   28124 RY 2025-09-27 1205 DL1QW            599 14  DX   LW5EAE/QRP       599 13  DX     0
QSO:   28092 RY 2025-09-27 1214 DL1QW            599 14  DX   KP2B             599 08  DX     0
QSO:   28112 RY 2025-09-27 1216 DL1QW            599 14  DX   EA5LU            599 14  DX     0
QSO:   28115 RY 2025-09-27 1220 DL1QW            599 14  DX   WP3C             599 08  DX     0
QSO:   28112 RY 2025-09-27 1225 DL1QW            599 14  DX   YB0ECT           599 28  DX     0
QSO:   28112 RY 2025-09-27 1227 DL1QW            599 14  DX   YE4IJ            599 28  DX     0
QSO:   28112 RY 2025-09-27 1228 DL1QW            599 14  DX   UA6AA            599 16  DX     0
QSO:   28112 RY 2025-09-27 1230 DL1QW            599 14  DX   PY2PLL           599 11  DX     0
QSO:   21117 RY 2025-09-27 1242 DL1QW            599 14  DX   W4RM             599 05  NC     0
QSO:   21121 RY 2025-09-27 1243 DL1QW            599 14  DX   W2MKM            599 05  NJ     0
QSO:   21117 RY 2025-09-27 1245 DL1QW            599 14  DX   AG4TT            599 05  NC     0
QSO:   21120 RY 2025-09-27 1248 DL1QW            599 14  DX   YF8CKM           599 28  DX     0
QSO:   21125 RY 2025-09-27 1249 DL1QW            599 14  DX   TF3W             599 40  DX     0
QSO:   21130 RY 2025-09-27 1250 DL1QW            599 14  DX   N3ALN            599 05  MD     0
QSO:   21130 RY 2025-09-27 1251 DL1QW            599 14  DX   YO9BCM           599 20  DX     0
QSO:   21130 RY 2025-09-27 1252 DL1QW            599 14  DX   K4WSB            599 05  FL     0
QSO:   21130 RY 2025-09-27 1252 DL1QW            599 14  DX   N2KI             599 05  NY     0
QSO:   21130 RY 2025-09-27 1253 DL1QW            599 14  DX   R4FED            599 16  DX     0
QSO:   21130 RY 2025-09-27 1256 DL1QW            599 14  DX   KC9EOQ           599 04  IL     0
QSO:   21130 RY 2025-09-27 1256 DL1QW            599 14  DX   N9TF             599 04  TN     0
QSO:   21108 RY 2025-09-27 1258 DL1QW            599 14  DX   SN7Q             599 15  DX     0
QSO:   21119 RY 2025-09-27 1302 DL1QW            599 14  DX   F4JTM            599 14  DX     0
QSO:   21130 RY 2025-09-27 1303 DL1QW            599 14  DX   YO3DAC           599 20  DX     0
QSO:   21130 RY 2025-09-27 1305 DL1QW            599 14  DX   CB3A             599 12  DX     0
QSO:   21130 RY 2025-09-27 1305 DL1QW            599 14  DX   AA4R             599 05  NC     0
QSO:   21130 RY 2025-09-27 1306 DL1QW            599 14  DX   KE0L             599 04  TN     0
QSO:   21130 RY 2025-09-27 1306 DL1QW            599 14  DX   WB0N             599 04  MN     0
QSO:   21130 RY 2025-09-27 1308 DL1QW            599 14  DX   KB9S             599 04  WI     0
QSO:   21107 RY 2025-09-27 1310 DL1QW            599 14  DX   4Z5LY            599 20  DX     0
QSO:   28143 RY 2025-09-27 1312 DL1QW            599 14  DX   CA6SNT           599 12  DX     0
QSO:   28093 RY 2025-09-27 1313 DL1QW            599 14  DX   WT2J             599 05  NY     0
QSO:   28096 RY 2025-09-27 1314 DL1QW            599 14  DX   AD4ES            599 05  FL     0
QSO:   28102 RY 2025-09-27 1316 DL1QW            599 14  DX   NY3B             599 05  PA     0
QSO:   28102 RY 2025-09-27 1317 DL1QW            599 14  DX   HI6M             599 08  DX     0
QSO:   28102 RY 2025-09-27 1318 DL1QW            599 14  DX   N2JF             599 05  TN     0
QSO:   28102 RY 2025-09-27 1319 DL1QW            599 14  DX   WA1ZYX           599 05  NH     0
QSO:   28084 RY 2025-09-27 1321 DL1QW            599 14  DX   PZ5RA            599 09  DX     0
QSO:   28083 RY 2025-09-27 1329 DL1QW            599 14  DX   OA4O             599 10  DX     0
QSO:   28103 RY 2025-09-27 1330 DL1QW            599 14  DX   YB1MIG           599 28  DX     0
QSO:   28109 RY 2025-09-27 1332 DL1QW            599 14  DX   CT3HF            599 33  DX     0
QSO:   28132 RY 2025-09-27 1340 DL1QW            599 14  DX   ZF2SS            599 08  DX     0
QSO:   28135 RY 2025-09-27 1340 DL1QW            599 14  DX   AB4SF            599 05  VA     0
QSO:   28135 RY 2025-09-27 1341 DL1QW            599 14  DX   N8WXQ            599 05  PA     0
QSO:   28135 RY 2025-09-27 1343 DL1QW            599 14  DX   N9EP             599 04  IL     0
QSO:   28135 RY 2025-09-27 1343 DL1QW            599 14  DX   K3ZV             599 05  FL     0
QSO:   28135 RY 2025-09-27 1347 DL1QW            599 14  DX   PY2XC            599 11  DX     0
QSO:   28135 RY 2025-09-27 1348 DL1QW            599 14  DX   EE8E             599 33  DX     0
QSO:   28088 RY 2025-09-27 1349 DL1QW            599 14  DX   HZ1TT            599 21  DX     0
QSO:   28107 RY 2025-09-27 1350 DL1QW            599 14  DX   W3MLJ            599 05  NY     0
QSO:   28094 RY 2025-09-27 1352 DL1QW            599 14  DX   PY5ZC            599 11  DX     0
QSO:   28138 RY 2025-09-27 1352 DL1QW            599 14  DX   VE3EID           599 04  ON     0
QSO:   28096 RY 2025-09-27 1355 DL1QW            599 14  DX   OU2X             599 14  DX     0
QSO:   28093 RY 2025-09-27 1357 DL1QW            599 14  DX   LX7I             599 14  DX     0
QSO:   28135 RY 2025-09-27 1358 DL1QW            599 14  DX   K0AP             599 04  KS     0
QSO:   28142 RY 2025-09-27 1403 DL1QW            599 14  DX   W0LSD            599 04  CO     0
QSO:   28135 RY 2025-09-27 1405 DL1QW            599 14  DX   K1AR             599 05  NH     0
QSO:   28134 RY 2025-09-27 1405 DL1QW            599 14  DX   RM3DA            599 16  DX     0
QSO:   28108 RY 2025-09-27 1407 DL1QW            599 14  DX   P49X             599 09  DX     0
QSO:   28118 RY 2025-09-27 1409 DL1QW            599 14  DX   N2HMM            599 05  NJ     0
QSO:   28122 RY 2025-09-27 1410 DL1QW            599 14  DX   K9CT             599 04  IL     0
QSO:   28124 RY 2025-09-27 1411 DL1QW            599 14  DX   M7T              599 14  DX     0
QSO:   28125 RY 2025-09-27 1412 DL1QW            599 14  DX   AA3B             599 05  PA     0
QSO:   28146 RY 2025-09-27 1414 DL1QW            599 14  DX   CX2AQ            599 13  DX     0
QSO:   28119 RY 2025-09-27 1415 DL1QW            599 14  DX   NJ4P             599 04  TN     0
QSO:   28119 RY 2025-09-27 1419 DL1QW            599 14  DX   KF2OG            599 05  NY     0
QSO:   14099 RY 2025-09-27 1424 DL1QW            599 14  DX   F4LTU            599 14  DX     0
QSO:   14099 RY 2025-09-27 1425 DL1QW            599 14  DX   IU0RAU           599 15  DX     0
QSO:   14101 RY 2025-09-27 1426 DL1QW            599 14  DX   9A1A             599 15  DX     0
QSO:   14105 RY 2025-09-27 1427 DL1QW            599 14  DX   YT8A             599 15  DX     0
QSO:   14110 RY 2025-09-27 1429 DL1QW            599 14  DX   VE2CQ            599 05  QC     0
QSO:   14110 RY 2025-09-27 1430 DL1QW            599 14  DX   OD5ZF            599 20  DX     0
QSO:   14110 RY 2025-09-27 1431 DL1QW            599 14  DX   YF3AQV           599 28  DX     0
QSO:   14110 RY 2025-09-27 1433 DL1QW            599 14  DX   TA2EHI           599 20  DX     0
QSO:   14110 RY 2025-09-27 1435 DL1QW            599 14  DX   IU1FQQ           599 15  DX     0
QSO:   14110 RY 2025-09-27 1437 DL1QW            599 14  DX   IU1DOF           599 15  DX     0
QSO:   14110 RY 2025-09-27 1437 DL1QW            599 14  DX   SP2TQQ           599 15  DX     0
QSO:   28092 RY 2025-09-27 1438 DL1QW            599 14  DX   IQ9RG            599 15  DX     0
QSO:   28146 RY 2025-09-27 1441 DL1QW            599 14  DX   PI4DX            599 14  DX     0
QSO:   28131 RY 2025-09-27 1441 DL1QW            599 14  DX   TI1K             599 07  DX     0
QSO:   28133 RY 2025-09-27 1445 DL1QW            599 14  DX   R2FK             599 15  DX     0
QSO:   28107 RY 2025-09-27 1447 DL1QW            599 14  DX   OZ6P             599 14  DX     0
QSO:   28110 RY 2025-09-27 1450 DL1QW            599 14  DX   K1LZ             599 05  ME     0
QSO:   28081 RY 2025-09-27 1450 DL1QW            599 14  DX   N4ZZ             599 04  TN     0
QSO:    7047 RY 2025-09-27 1454 DL1QW            599 14  DX   IC8SQS           599 15  DX     0
QSO:   14104 RY 2025-09-27 1502 DL1QW            599 14  DX   EW1E             599 16  DX     0
QSO:   14104 RY 2025-09-27 1504 DL1QW            599 14  DX   MI0H             599 14  DX     0
QSO:   28134 RY 2025-09-27 1508 DL1QW            599 14  DX   TR8CA            599 36  DX     0
QSO:   28109 RY 2025-09-27 1510 DL1QW            599 14  DX   XE2IF            599 06  DX     0
QSO:   28097 RY 2025-09-27 1523 DL1QW            599 14  DX   S53R             599 15  DX     0
QSO:   28135 RY 2025-09-27 1525 DL1QW            599 14  DX   KC1QEM           599 05  MA     0
QSO:   28135 RY 2025-09-27 1526 DL1QW            599 14  DX   ON4APU           599 14  DX     0
QSO:   28135 RY 2025-09-27 1527 DL1QW            599 14  DX   HK3VHZ           599 09  DX     0
QSO:   28135 RY 2025-09-27 1528 DL1QW            599 14  DX   WD5DBV           599 04  LA     0
QSO:   28135 RY 2025-09-27 1529 DL1QW            599 14  DX   WB8TDG           599 04  OH     0
QSO:   28135 RY 2025-09-27 1531 DL1QW            599 14  DX   PU1KPS           599 11  DX     0
QSO:   28135 RY 2025-09-27 1532 DL1QW            599 14  DX   W0SD             599 04  SD     0
QSO:   28133 RY 2025-09-27 1536 DL1QW            599 14  DX   VA7KO            599 03  BC     0
QSO:   28135 RY 2025-09-27 1538 DL1QW            599 14  DX   WS6X             599 05  VA     0
QSO:   28135 RY 2025-09-27 1539 DL1QW            599 14  DX   KY0Q             599 04  IL     0
QSO:   28135 RY 2025-09-27 1542 DL1QW            599 14  DX   KC9EOQ           599 04  IL     0
QSO:   28135 RY 2025-09-27 1543 DL1QW            599 14  DX   K0TC             599 04  MN     0
QSO:   28135 RY 2025-09-27 1545 DL1QW            599 14  DX   N3CHX            599 05  NC     0
QSO:   28135 RY 2025-09-27 1545 DL1QW            599 14  DX   K0KX             599 04  SD     0
QSO:   28135 RY 2025-09-27 1548 DL1QW            599 14  DX   K3QIA            599 05  PA     0
QSO:   28132 RY 2025-09-27 1550 DL1QW            599 14  DX   OH0Z             599 15  DX     0
QSO:   28102 RY 2025-09-27 1553 DL1QW            599 14  DX   IW3ICN           599 15  DX     0
QSO:   28135 RY 2025-09-27 1558 DL1QW            599 14  DX   WP3E             599 08  DX     0
QSO:   21093 RY 2025-09-27 1558 DL1QW            599 14  DX   AD4ES            599 05  FL     0
QSO:   21097 RY 2025-09-27 1559 DL1QW            599 14  DX   W3LL             599 05  MD     0
QSO:   21104 RY 2025-09-27 1600 DL1QW            599 14  DX   GW5NF            599 14  DX     0
QSO:   21100 RY 2025-09-27 1601 DL1QW            599 14  DX   W3GH             599 05  PA     0
QSO:   21115 RY 2025-09-27 1603 DL1QW            599 14  DX   N4QS             599 04  KY     0
QSO:   21116 RY 2025-09-27 1603 DL1QW            599 14  DX   ES2MC            599 15  DX     0
QSO:   21119 RY 2025-09-27 1605 DL1QW            599 14  DX   AH2O             599 05  NY     0
QSO:   21109 RY 2025-09-27 1607 DL1QW            599 14  DX   S53F             599 15  DX     0
QSO:   21120 RY 2025-09-27 1609 DL1QW            599 14  DX   ED7O             599 14  DX     0
QSO:   21120 RY 2025-09-27 1610 DL1QW            599 14  DX   W7VO             599 03  OR     0
QSO:   21120 RY 2025-09-27 1611 DL1QW            599 14  DX   AB4SF            599 05  VA     0
QSO:   21120 RY 2025-09-27 1611 DL1QW            599 14  DX   W6EU             599 03  CA     0
QSO:   21120 RY 2025-09-27 1613 DL1QW            599 14  DX   WA7YAZ           599 03  UT     0
QSO:   21120 RY 2025-09-27 1613 DL1QW            599 14  DX   VA1XH            599 05  NS     0
QSO:   21120 RY 2025-09-27 1614 DL1QW            599 14  DX   N3FCP            599 05  PA     0
QSO:   21120 RY 2025-09-27 1615 DL1QW            599 14  DX   VE7HS            599 03  BC     0
QSO:   21120 RY 2025-09-27 1616 DL1QW            599 14  DX   WZ6ZZ            599 03  CA     0
QSO:   21086 RY 2025-09-27 1624 DL1QW            599 14  DX   P3X              599 20  DX     0
QSO:   21102 RY 2025-09-27 1627 DL1QW            599 14  DX   V26OC            599 08  DX     0
QSO:   28140 RY 2025-09-27 1628 DL1QW            599 14  DX   OK5Z             599 15  DX     0
QSO:   28080 RY 2025-09-27 1629 DL1QW            599 14  DX   W0BM             599 04  MN     0
QSO:   28080 RY 2025-09-27 1630 DL1QW            599 14  DX   KT7E             599 03  OR     0
QSO:   28080 RY 2025-09-27 1631 DL1QW            599 14  DX   KC7V             599 03  AZ     0
QSO:   28080 RY 2025-09-27 1632 DL1QW            599 14  DX   KO0Z             599 04  MO     0
QSO:   28080 RY 2025-09-27 1633 DL1QW            599 14  DX   PD2GSP           599 14  DX     0
QSO:   28080 RY 2025-09-27 1634 DL1QW            599 14  DX   KD7ND            599 03  AZ     0
QSO:   28080 RY 2025-09-27 1636 DL1QW            599 14  DX   KW4J             599 04  AL     0
QSO:   28080 RY 2025-09-27 1637 DL1QW            599 14  DX   PU1JSV           599 11  DX     0
QSO:   28080 RY 2025-09-27 1638 DL1QW            599 14  DX   VE2CQ            599 05  QC     0
QSO:   28080 RY 2025-09-27 1638 DL1QW            599 14  DX   WD5FCA           599 04  AL     0
QSO:   28080 RY 2025-09-27 1639 DL1QW            599 14  DX   SV1EMY           599 20  DX     0
QSO:    3605 RY 2025-09-27 1912 DL1QW            599 14  DX   SB7A             599 14  DX     0
QSO:    3584 RY 2025-09-27 1914 DL1QW            599 14  DX   HA1TJ            599 14  DX     0
QSO:    3591 RY 2025-09-27 1916 DL1QW            599 14  DX   PI4CC            599 14  DX     0
QSO:    3593 RY 2025-09-27 1917 DL1QW            599 14  DX   OZ4GM            599 14  DX     0
QSO:    3587 RY 2025-09-27 1919 DL1QW            599 14  DX   OH3FM            599 15  DX     0
QSO:    3586 RY 2025-09-27 1919 DL1QW            599 14  DX   DM3W             599 14  DX     0
QSO:    3595 RY 2025-09-27 1922 DL1QW            599 14  DX   ON5GQ            599 14  DX     0
QSO:    3595 RY 2025-09-27 1922 DL1QW            599 14  DX   9A1A             599 15  DX     0
QSO:    3595 RY 2025-09-27 1923 DL1QW            599 14  DX   I5MXX            599 15  DX     0
QSO:    3595 RY 2025-09-27 1923 DL1QW            599 14  DX   F5TFW            599 14  DX     0
QSO:    3595 RY 2025-09-27 1924 DL1QW            599 14  DX   HB9HQX           599 14  DX     0
QSO:    3601 RY 2025-09-27 1926 DL1QW            599 14  DX   MI0H             599 14  DX     0
QSO:    3595 RY 2025-09-27 1926 DL1QW            599 14  DX   DO4OD            599 14  DX     0
QSO:   28131 RY 2025-09-27 1931 DL1QW            599 14  DX   N2ESP            599 05  FL     0
QSO:   28081 RY 2025-09-27 1933 DL1QW            599 14  DX   7S9A             599 14  DX     0
QSO:   28131 RY 2025-09-27 1935 DL1QW            599 14  DX   WS9M             599 05  NY     0
QSO:   28131 RY 2025-09-27 1935 DL1QW            599 14  DX   W0PI             599 04  MN     0
QSO:   28131 RY 2025-09-27 1936 DL1QW            599 14  DX   AA5UK            599 04  IL     0
QSO:   28110 RY 2025-09-27 1938 DL1QW            599 14  DX   K0OO             599 05  MD     0
QSO:   21082 RY 2025-09-27 1942 DL1QW            599 14  DX   KH6ZM            599 31  DX     0
QSO:   21121 RY 2025-09-27 1943 DL1QW            599 14  DX   KN2M             599 05  NY     0
QSO:   21155 RY 2025-09-27 1944 DL1QW            599 14  DX   W4IX             599 05  SC     0
QSO:   21154 RY 2025-09-27 1945 DL1QW            599 14  DX   N3MN             599 05  VA     0
QSO:   21153 RY 2025-09-27 1946 DL1QW            599 14  DX   PY2PLL           599 11  DX     0
QSO:   21150 RY 2025-09-27 1946 DL1QW            599 14  DX   N3QE             599 05  MD     0
QSO:   21148 RY 2025-09-27 1947 DL1QW            599 14  DX   W0ELT            599 04  WI     0
QSO:   21117 RY 2025-09-27 1949 DL1QW            599 14  DX   N4CW             599 05  NC     0
QSO:   21117 RY 2025-09-27 1950 DL1QW            599 14  DX   N2HC             599 03  CA     0
QSO:   21117 RY 2025-09-27 1951 DL1QW            599 14  DX   VE3KTB           599 04  ON     0
QSO:   21117 RY 2025-09-27 1951 DL1QW            599 14  DX   W6KGP            599 04  WY     0
QSO:   21117 RY 2025-09-27 1952 DL1QW            599 14  DX   HK3VHZ           599 09  DX     0
QSO:   21117 RY 2025-09-27 1952 DL1QW            599 14  DX   NX3Z             599 05  MD     0
QSO:   21117 RY 2025-09-27 1953 DL1QW            599 14  DX   KB1EFS           599 05  NY     0
QSO:   21117 RY 2025-09-27 1953 DL1QW            599 14  DX   N2BJ             599 04  IL     0
QSO:   21107 RY 2025-09-27 2006 DL1QW            599 14  DX   VA3FF            599 04  ON     0
QSO:   21101 RY 2025-09-27 2008 DL1QW            599 14  DX   K9CT             599 04  IL     0
QSO:   21101 RY 2025-09-27 2010 DL1QW            599 14  DX   WA3KCP           599 05  PA     0
QSO:   14098 RY 2025-09-27 2012 DL1QW            599 14  DX   P3X              599 20  DX     0
QSO:   14110 RY 2025-09-27 2016 DL1QW            599 14  DX   EA4FME           599 14  DX     0
QSO:   14089 RY 2025-09-27 2016 DL1QW            599 14  DX   LX7I             599 14  DX     0
QSO:   14110 RY 2025-09-27 2020 DL1QW            599 14  DX   WQ5OO            599 04  LA     0
QSO:   14110 RY 2025-09-27 2020 DL1QW            599 14  DX   K9CT             599 04  IL     0
QSO:    7038 RY 2025-09-27 2024 DL1QW            599 14  DX   AH2R             599 27  DX     0
QSO:    7045 RY 2025-09-27 2026 DL1QW            599 14  DX   R2FK             599 15  DX     0
QSO:    7055 RY 2025-09-27 2028 DL1QW            599 14  DX   S53K             599 15  DX     0
QSO:    7055 RY 2025-09-27 2028 DL1QW            599 14  DX   SP2HHX           599 15  DX     0
QSO:    7044 RY 2025-09-27 2031 DL1QW            599 14  DX   UN3M             599 17  DX     0
QSO:    7058 RY 2025-09-27 2033 DL1QW            599 14  DX   EW8G             599 16  DX     0
QSO:    7058 RY 2025-09-27 2034 DL1QW            599 14  DX   IO3A             599 15  DX     0
QSO:    7058 RY 2025-09-27 2034 DL1QW            599 14  DX   IK1BPL           599 15  DX     0
QSO:    7058 RY 2025-09-27 2035 DL1QW            599 14  DX   RM3DA            599 16  DX     0
QSO:    7058 RY 2025-09-27 2035 DL1QW            599 14  DX   S51J             599 15  DX     0
QSO:    7058 RY 2025-09-27 2037 DL1QW            599 14  DX   IK2XDE           599 15  DX     0
QSO:    7058 RY 2025-09-27 2038 DL1QW            599 14  DX   II1R             599 15  DX     0
QSO:    7058 RY 2025-09-27 2038 DL1QW            599 14  DX   SP5GW            599 15  DX     0
QSO:    7058 RY 2025-09-27 2038 DL1QW            599 14  DX   SP5GW            599 15  DX     0
QSO:    7058 RY 2025-09-27 2039 DL1QW            599 14  DX   IZ5BSA           599 15  DX     0
QSO:    7058 RY 2025-09-27 2040 DL1QW            599 14  DX   I2XLF            599 15  DX     0
QSO:    7058 RY 2025-09-27 2041 DL1QW            599 14  DX   9A2Z             599 15  DX     0
QSO:    7058 RY 2025-09-27 2041 DL1QW            599 14  DX   IP4R             599 15  DX     0
QSO:    7058 RY 2025-09-27 2041 DL1QW            599 14  DX   EX0M             599 17  DX     0
QSO:    7058 RY 2025-09-27 2042 DL1QW            599 14  DX   OK2WMC           599 15  DX     0
QSO:    7058 RY 2025-09-27 2043 DL1QW            599 14  DX   IU1LCU           599 15  DX     0
QSO:    7058 RY 2025-09-27 2044 DL1QW            599 14  DX   HA3PP            599 15  DX     0
QSO:    7058 RY 2025-09-27 2047 DL1QW            599 14  DX   IK5BDG           599 15  DX     0
QSO:    7058 RY 2025-09-27 2047 DL1QW            599 14  DX   2E0CVN           599 14  DX     0
QSO:    7058 RY 2025-09-27 2048 DL1QW            599 14  DX   OK2PGJ           599 15  DX     0
QSO:    3600 RY 2025-09-28 0420 DL1QW            599 14  DX   SP3PGX           599 15  DX     0
QSO:    3600 RY 2025-09-28 0420 DL1QW            599 14  DX   DL2OE            599 14  DX     0
QSO:    3599 RY 2025-09-28 0423 DL1QW            599 14  DX   C37N             599 14  DX     0
QSO:    3596 RY 2025-09-28 0424 DL1QW            599 14  DX   OE3DIA           599 15  DX     0
QSO:    3543 RY 2025-09-28 0427 DL1QW            599 14  DX   VY2/WE5DX        599 05  PEI    0
QSO:    3590 RY 2025-09-28 0430 DL1QW            599 14  DX   DL8TG            599 14  DX     0
QSO:    3590 RY 2025-09-28 0431 DL1QW            599 14  DX   DF5EN            599 14  DX     0
QSO:    3590 RY 2025-09-28 0431 DL1QW            599 14  DX   DK7TM            599 14  DX     0
QSO:    3590 RY 2025-09-28 0432 DL1QW            599 14  DX   OK1DX            599 15  DX     0
QSO:    3590 RY 2025-09-28 0433 DL1QW            599 14  DX   DP9A             599 14  DX     0
QSO:    3590 RY 2025-09-28 0433 DL1QW            599 14  DX   DF8XC            599 14  DX     0
QSO:    3590 RY 2025-09-28 0434 DL1QW            599 14  DX   LZ2K             599 20  DX     0
QSO:    3590 RY 2025-09-28 0434 DL1QW            599 14  DX   HG7T             599 15  DX     0
QSO:    3590 RY 2025-09-28 0437 DL1QW            599 14  DX   OL7K             599 15  DX     0
QSO:    3590 RY 2025-09-28 0437 DL1QW            599 14  DX   M7V              599 14  DX     0
QSO:    3590 RY 2025-09-28 0440 DL1QW            599 14  DX   DM7W             599 14  DX     0
QSO:    3590 RY 2025-09-28 0440 DL1QW            599 14  DX   MM9I             599 14  DX     0
QSO:    3590 RY 2025-09-28 0442 DL1QW            599 14  DX   OG5B             599 15  DX     0
QSO:    3590 RY 2025-09-28 0444 DL1QW            599 14  DX   LX7I             599 14  DX     0
QSO:    3583 RY 2025-09-28 0445 DL1QW            599 14  DX   SO9I             599 15  DX     0
QSO:   14086 RY 2025-09-28 0448 DL1QW            599 14  DX   CR3W             599 33  DX     0
QSO:   14084 RY 2025-09-28 0450 DL1QW            599 14  DX   CB3A             599 12  DX     0
QSO:   14080 RY 2025-09-28 0453 DL1QW            599 14  DX   ZL3IO            599 32  DX     0
QSO:    3580 RY 2025-09-28 0456 DL1QW            599 14  DX   E77EA            599 15  DX     0
QSO:    3579 RY 2025-09-28 0458 DL1QW            599 14  DX   HA3HK            599 15  DX     0
QSO:    3602 RY 2025-09-28 0501 DL1QW            599 14  DX   OR7G             599 14  DX     0
QSO:    3601 RY 2025-09-28 0502 DL1QW            599 14  DX   DJ4WM            599 14  DX     0
QSO:    3601 RY 2025-09-28 0502 DL1QW            599 14  DX   DF2RG            599 14  DX     0
QSO:    3601 RY 2025-09-28 0503 DL1QW            599 14  DX   PI4COM           599 14  DX     0
QSO:    3601 RY 2025-09-28 0503 DL1QW            599 14  DX   DH4BM            599 14  DX     0
QSO:    3601 RY 2025-09-28 0504 DL1QW            599 14  DX   DP6K             599 14  DX     0
QSO:    3601 RY 2025-09-28 0504 DL1QW            599 14  DX   OM3WFH           599 15  DX     0
QSO:    7058 RY 2025-09-28 0509 DL1QW            599 14  DX   AG4TT            599 05  NC     0
QSO:    7058 RY 2025-09-28 0510 DL1QW            599 14  DX   K9CT             599 04  IL     0
QSO:    7058 RY 2025-09-28 0513 DL1QW            599 14  DX   S54L             599 15  DX     0
QSO:    7058 RY 2025-09-28 0514 DL1QW            599 14  DX   WS9M             599 05  NY     0
QSO:    7058 RY 2025-09-28 0514 DL1QW            599 14  DX   K0KT             599 04  IA     0
QSO:    7058 RY 2025-09-28 0515 DL1QW            599 14  DX   SP2UUU           599 15  DX     0
QSO:    7058 RY 2025-09-28 0515 DL1QW            599 14  DX   WP3C             599 08  DX     0
QSO:    7058 RY 2025-09-28 0516 DL1QW            599 14  DX   IB9T             599 15  DX     0
QSO:    7058 RY 2025-09-28 0517 DL1QW            599 14  DX   W9FY             599 04  IL     0
QSO:    7052 RY 2025-09-28 0520 DL1QW            599 14  DX   AA3B             599 05  PA     0
QSO:    7051 RY 2025-09-28 0522 DL1QW            599 14  DX   K3MM             599 05  MD     0
QSO:    7059 RY 2025-09-28 0523 DL1QW            599 14  DX   EU4E             599 16  DX     0
QSO:    7060 RY 2025-09-28 0524 DL1QW            599 14  DX   LB8IB            599 14  DX     0
QSO:   14096 RY 2025-09-28 0533 DL1QW            599 14  DX   SZ1A             599 20  DX     0
QSO:   14095 RY 2025-09-28 0534 DL1QW            599 14  DX   IG9ITO           599 33  DX     0
QSO:   14097 RY 2025-09-28 0540 DL1QW            599 14  DX   LZ1DJZ           599 14  DX     0
QSO:   21104 RY 2025-09-28 0542 DL1QW            599 14  DX   VK9DX            599 32  DX     0
QSO:   21104 RY 2025-09-28 0543 DL1QW            599 14  DX   RL4R             599 16  DX     0
QSO:   21104 RY 2025-09-28 0544 DL1QW            599 14  DX   UA4WJ            599 16  DX     0
QSO:   21104 RY 2025-09-28 0545 DL1QW            599 14  DX   UA9XL            599 17  DX     0
QSO:   21104 RY 2025-09-28 0546 DL1QW            599 14  DX   JI5KGQ           599 25  DX     0
QSO:    3590 RY 2025-09-28 0548 DL1QW            599 14  DX   EI7M             599 14  DX     0
QSO:    3588 RY 2025-09-28 0549 DL1QW            599 14  DX   MW9W             599 14  DX     0
QSO:    3597 RY 2025-09-28 0550 DL1QW            599 14  DX   VE3DZ            599 04  ON     0
QSO:   14094 RY 2025-09-28 0555 DL1QW            599 14  DX   KL7SB            599 01  DX     0
QSO:   14111 RY 2025-09-28 0558 DL1QW            599 14  DX   PY5FO            599 11  DX     0
QSO:   14120 RY 2025-09-28 0559 DL1QW            599 14  DX   VK2RT            599 30  DX     0
QSO:   14119 RY 2025-09-28 0600 DL1QW            599 14  DX   ER3UA            599 16  DX     0
QSO:   14111 RY 2025-09-28 0602 DL1QW            599 14  DX   RO1M             599 16  DX     0
QSO:   14110 RY 2025-09-28 0603 DL1QW            599 14  DX   PI4COM           599 14  DX     0
QSO:   14109 RY 2025-09-28 0604 DL1QW            599 14  DX   UF8C             599 17  DX     0
QSO:    7039 RY 2025-09-28 0606 DL1QW            599 14  DX   P49X             599 09  DX     0
QSO:    7044 RY 2025-09-28 0608 DL1QW            599 14  DX   HB9TOC           599 14  DX     0
QSO:    7048 RY 2025-09-28 0609 DL1QW            599 14  DX   DL1MGB           599 14  DX     0
QSO:    7050 RY 2025-09-28 0610 DL1QW            599 14  DX   F4FFZ            599 14  DX     0
QSO:    7051 RY 2025-09-28 0611 DL1QW            599 14  DX   K1LZ             599 05  ME     0
QSO:    7055 RY 2025-09-28 0613 DL1QW            599 14  DX   PD1RP            599 14  DX     0
QSO:    7057 RY 2025-09-28 0615 DL1QW            599 14  DX   NN5T             599 04  TX     0
QSO:    7057 RY 2025-09-28 0616 DL1QW            599 14  DX   DL7AUO           599 14  DX     0
QSO:    7057 RY 2025-09-28 0617 DL1QW            599 14  DX   VA3LR            599 04  ON     0
QSO:    7057 RY 2025-09-28 0618 DL1QW            599 14  DX   DL4DRG           599 14  DX     0
QSO:    7057 RY 2025-09-28 0618 DL1QW            599 14  DX   ES3EA            599 15  DX     0
QSO:    7057 RY 2025-09-28 0619 DL1QW            599 14  DX   PA3EWG           599 14  DX     0
QSO:    7057 RY 2025-09-28 0619 DL1QW            599 14  DX   OZ/DF4ZL         599 14  DX     0
QSO:    7057 RY 2025-09-28 0620 DL1QW            599 14  DX   SM5CIL           599 14  DX     0
QSO:   14106 RY 2025-09-28 0624 DL1QW            599 14  DX   AG4TT            599 05  NC     0
QSO:   14106 RY 2025-09-28 0625 DL1QW            599 14  DX   DQ2A             599 14  DX     0
QSO:   14106 RY 2025-09-28 0625 DL1QW            599 14  DX   F8CRS            599 14  DX     0
QSO:   14106 RY 2025-09-28 0626 DL1QW            599 14  DX   IZ8CLM           599 15  DX     0
QSO:   14106 RY 2025-09-28 0626 DL1QW            599 14  DX   IW3ICN           599 15  DX     0
QSO:   14106 RY 2025-09-28 0626 DL1QW            599 14  DX   YO3RU            599 20  DX     0
QSO:   14106 RY 2025-09-28 0627 DL1QW            599 14  DX   K1SFA            599 05  MA     0
QSO:   14106 RY 2025-09-28 0643 DL1QW            599 14  DX   UP7L             599 17  DX     0
QSO:   14106 RY 2025-09-28 0644 DL1QW            599 14  DX   UT3SO            599 16  DX     0
QSO:   14106 RY 2025-09-28 0644 DL1QW            599 14  DX   UX0LL            599 16  DX     0
QSO:   14106 RY 2025-09-28 0645 DL1QW            599 14  DX   WP3C             599 08  DX     0
QSO:   14106 RY 2025-09-28 0646 DL1QW            599 14  DX   OH5UQ            599 15  DX     0
QSO:   14106 RY 2025-09-28 0647 DL1QW            599 14  DX   EW6DM            599 16  DX     0
QSO:   14106 RY 2025-09-28 0647 DL1QW            599 14  DX   R4WH             599 16  DX     0
QSO:   14088 RY 2025-09-28 0649 DL1QW            599 14  DX   OA4O             599 10  DX     0
QSO:   14106 RY 2025-09-28 0650 DL1QW            599 14  DX   VK2W             599 30  DX     0
QSO:   28102 RY 2025-09-28 0655 DL1QW            599 14  DX   VJ3A             599 30  DX     0
QSO:   28092 RY 2025-09-28 0656 DL1QW            599 14  DX   ZL3IO            599 32  DX     0
QSO:   28109 RY 2025-09-28 0700 DL1QW            599 14  DX   JG1XIO           599 25  DX     0
QSO:   28109 RY 2025-09-28 0701 DL1QW            599 14  DX   JA1SJV           599 25  DX     0
QSO:   28109 RY 2025-09-28 0701 DL1QW            599 14  DX   JH3FTZ           599 25  DX     0
QSO:   28109 RY 2025-09-28 0702 DL1QW            599 14  DX   JA3VQW           599 25  DX     0
QSO:   28108 RY 2025-09-28 0706 DL1QW            599 14  DX   DM0A             599 14  DX     0
QSO:   28107 RY 2025-09-28 0709 DL1QW            599 14  DX   SQ9V             599 15  DX     0
QSO:   28091 RY 2025-09-28 0719 DL1QW            599 14  DX   UP7L             599 15  DX     0
QSO:   28118 RY 2025-09-28 0737 DL1QW            599 14  DX   JE5HTN           599 25  DX     0
QSO:   28118 RY 2025-09-28 0741 DL1QW            599 14  DX   3D2AG            599 32  DX     0
QSO:   28121 RY 2025-09-28 0743 DL1QW            599 14  DX   JJ0NIP           599 25  DX     0
QSO:   28104 RY 2025-09-28 0744 DL1QW            599 14  DX   RA0R             599 18  DX     0
QSO:   28121 RY 2025-09-28 0746 DL1QW            599 14  DX   YB1UUN           599 28  DX     0
QSO:   28121 RY 2025-09-28 0746 DL1QW            599 14  DX   HG1G             599 15  DX     0
QSO:   28121 RY 2025-09-28 0747 DL1QW            599 14  DX   JE2FDH           599 25  DX     0
QSO:   28090 RY 2025-09-28 0748 DL1QW            599 14  DX   JH3AIU           599 25  DX     0
QSO:   28121 RY 2025-09-28 0749 DL1QW            599 14  DX   JF7PHE           599 25  DX     0
QSO:   28121 RY 2025-09-28 0749 DL1QW            599 14  DX   R6OF             599 16  DX     0
QSO:   28121 RY 2025-09-28 0750 DL1QW            599 14  DX   JA9EJG           599 25  DX     0
QSO:   28121 RY 2025-09-28 0750 DL1QW            599 14  DX   JM1NKT           599 25  DX     0
QSO:   21080 RY 2025-09-28 0753 DL1QW            599 14  DX   LX7I             599 14  DX     0
QSO:   21109 RY 2025-09-28 0754 DL1QW            599 14  DX   V6D              599 27  DX     0
QSO:   21110 RY 2025-09-28 0754 DL1QW            599 14  DX   IB9R             599 15  DX     0
QSO:   14082 RY 2025-09-28 0756 DL1QW            599 14  DX   R2FK             599 15  DX     0
QSO:   14113 RY 2025-09-28 0803 DL1QW            599 14  DX   EA8ARG           599 33  DX     0
QSO:   14113 RY 2025-09-28 0804 DL1QW            599 14  DX   DL3MXX           599 14  DX     0
QSO:   14113 RY 2025-09-28 0805 DL1QW            599 14  DX   UR5LY            599 16  DX     0
QSO:   14113 RY 2025-09-28 0805 DL1QW            599 14  DX   EA5OG            599 14  DX     0
QSO:   14113 RY 2025-09-28 0806 DL1QW            599 14  DX   RX3VF            599 16  DX     0
QSO:   14113 RY 2025-09-28 0806 DL1QW            599 14  DX   GW5L             599 14  DX     0
QSO:   14114 RY 2025-09-28 0815 DL1QW            599 14  DX   SO5E             599 15  DX     0
QSO:   14114 RY 2025-09-28 0815 DL1QW            599 14  DX   SN9S             599 15  DX     0
QSO:   14114 RY 2025-09-28 0816 DL1QW            599 14  DX   SE4E             599 14  DX     0
QSO:   14114 RY 2025-09-28 0816 DL1QW            599 14  DX   EA8DHH           599 33  DX     0
QSO:   14114 RY 2025-09-28 0817 DL1QW            599 14  DX   VK4AFU           599 30  DX     0
QSO:   14114 RY 2025-09-28 0818 DL1QW            599 14  DX   II1R             599 15  DX     0
QSO:   14114 RY 2025-09-28 0819 DL1QW            599 14  DX   OG3B             599 15  DX     0
QSO:   14114 RY 2025-09-28 0820 DL1QW            599 14  DX   OT5Q             599 14  DX     0
QSO:   14114 RY 2025-09-28 0822 DL1QW            599 14  DX   IK8SVQ           599 15  DX     0
QSO:   14114 RY 2025-09-28 0823 DL1QW            599 14  DX   YT3X             599 15  DX     0
QSO:   14114 RY 2025-09-28 0823 DL1QW            599 14  DX   RG2Y             599 16  DX     0
QSO:   14114 RY 2025-09-28 0823 DL1QW            599 14  DX   HG6C             599 15  DX     0
QSO:   14114 RY 2025-09-28 0824 DL1QW            599 14  DX   RX1AG            599 16  DX     0
QSO:   14114 RY 2025-09-28 0827 DL1QW            599 14  DX   IQ3PN            599 15  DX     0
QSO:   14114 RY 2025-09-28 0828 DL1QW            599 14  DX   LC8P             599 14  DX     0
QSO:   14114 RY 2025-09-28 0829 DL1QW            599 14  DX   PA0GJV           599 14  DX     0
QSO:   14114 RY 2025-09-28 0830 DL1QW            599 14  DX   IT9AQR           599 15  DX     0
QSO:   28113 RY 2025-09-28 0835 DL1QW            599 14  DX   UT4LW            599 16  DX     0
QSO:   28113 RY 2025-09-28 0836 DL1QW            599 14  DX   JH1RNI           599 25  DX     0
QSO:   28113 RY 2025-09-28 0836 DL1QW            599 14  DX   JR2PMT           599 25  DX     0
QSO:   28113 RY 2025-09-28 0837 DL1QW            599 14  DX   JA6WFM           599 25  DX     0
QSO:   28113 RY 2025-09-28 0838 DL1QW            599 14  DX   DP7D             599 14  DX     0
QSO:   28138 RY 2025-09-28 0839 DL1QW            599 14  DX   HL3ANF           599 25  DX     0
QSO:   28113 RY 2025-09-28 0841 DL1QW            599 14  DX   JA3EQC           599 25  DX     0
QSO:   28113 RY 2025-09-28 0841 DL1QW            599 14  DX   RK9UE            599 18  DX     0
QSO:   28113 RY 2025-09-28 0842 DL1QW            599 14  DX   JM2LHB           599 25  DX     0
QSO:   28113 RY 2025-09-28 0843 DL1QW            599 14  DX   JO7KMB           599 25  DX     0
QSO:   28113 RY 2025-09-28 0846 DL1QW            599 14  DX   IK3TPP           599 15  DX     0
QSO:   28113 RY 2025-09-28 0846 DL1QW            599 14  DX   R4FED            599 16  DX     0
QSO:   28113 RY 2025-09-28 0847 DL1QW            599 14  DX   DP6K             599 14  DX     0
QSO:   28113 RY 2025-09-28 0849 DL1QW            599 14  DX   UA4FX            599 16  DX     0
QSO:   28113 RY 2025-09-28 0852 DL1QW            599 14  DX   DL4YAY           599 14  DX     0
QSO:   14098 RY 2025-09-28 0855 DL1QW            599 14  DX   ED3D             599 14  DX     0
QSO:   14097 RY 2025-09-28 0856 DL1QW            599 14  DX   EA2ESU           599 14  DX     0
QSO:   14097 RY 2025-09-28 0857 DL1QW            599 14  DX   IK4HVR           599 15  DX     0
QSO:   14097 RY 2025-09-28 0857 DL1QW            599 14  DX   EA5XA            599 14  DX     0
QSO:   14097 RY 2025-09-28 0858 DL1QW            599 14  DX   EA6ZS            599 14  DX     0
QSO:   14097 RY 2025-09-28 0859 DL1QW            599 14  DX   TK/DL1RTL        599 15  DX     0
QSO:   14097 RY 2025-09-28 0900 DL1QW            599 14  DX   W2MKM            599 05  NJ     0
QSO:   14097 RY 2025-09-28 0903 DL1QW            599 14  DX   IT9MRM           599 15  DX     0
QSO:   14097 RY 2025-09-28 0903 DL1QW            599 14  DX   OK2WMC           599 15  DX     0
QSO:   14097 RY 2025-09-28 0905 DL1QW            599 14  DX   I0GIA            599 15  DX     0
QSO:   21106 RY 2025-09-28 0907 DL1QW            599 14  DX   ZL3IO            599 32  DX     0
QSO:   21114 RY 2025-09-28 0908 DL1QW            599 14  DX   EU8U             599 16  DX     0
QSO:   21116 RY 2025-09-28 0912 DL1QW            599 14  DX   IZ8CLM           599 15  DX     0
QSO:   21116 RY 2025-09-28 0913 DL1QW            599 14  DX   JH1RNI           599 25  DX     0
QSO:   21116 RY 2025-09-28 0914 DL1QW            599 14  DX   R0UT             599 18  DX     0
QSO:   21116 RY 2025-09-28 1006 DL1QW            599 14  DX   BH4TVU           599 24  DX     0
QSO:   28098 RY 2025-09-28 1007 DL1QW            599 14  DX   E2X              599 26  DX     0
QSO:   14108 RY 2025-09-28 1010 DL1QW            599 14  DX   EC5C             599 14  DX     0
QSO:   14112 RY 2025-09-28 1011 DL1QW            599 14  DX   LY5W             599 15  DX     0
QSO:   14114 RY 2025-09-28 1012 DL1QW            599 14  DX   LZ7A             599 20  DX     0
QSO:   14125 RY 2025-09-28 1016 DL1QW            599 14  DX   HB9KG            599 14  DX     0
QSO:   14125 RY 2025-09-28 1017 DL1QW            599 14  DX   SP9DTE           599 15  DX     0
QSO:   14125 RY 2025-09-28 1017 DL1QW            599 14  DX   HG6Z             599 15  DX     0
QSO:   14125 RY 2025-09-28 1018 DL1QW            599 14  DX   IB4B             599 15  DX     0
QSO:   14125 RY 2025-09-28 1019 DL1QW            599 14  DX   OK1PMA           599 15  DX     0
QSO:   21118 RY 2025-09-28 1022 DL1QW            599 14  DX   TK/DL1RTLU       599 15  DX     0
QSO:   21107 RY 2025-09-28 1023 DL1QW            599 14  DX   OZ11A            599 14  DX     0
QSO:   21108 RY 2025-09-28 1025 DL1QW            599 14  DX   JH9FCP           599 25  DX     0
QSO:   21108 RY 2025-09-28 1025 DL1QW            599 14  DX   IT9MRM           599 15  DX     0
QSO:   21108 RY 2025-09-28 1026 DL1QW            599 14  DX   JE5HTN           599 25  DX     0
QSO:   21108 RY 2025-09-28 1028 DL1QW            599 14  DX   LA5LJA           599 14  DX     0
QSO:   21108 RY 2025-09-28 1028 DL1QW            599 14  DX   IK1NEG           599 15  DX     0
QSO:   21108 RY 2025-09-28 1028 DL1QW            599 14  DX   IO6T             599 15  DX     0
QSO:   21108 RY 2025-09-28 1029 DL1QW            599 14  DX   RA0R             599 18  DX     0
QSO:   21108 RY 2025-09-28 1030 DL1QW            599 14  DX   HA8TKS           599 15  DX     0
QSO:   21108 RY 2025-09-28 1030 DL1QW            599 14  DX   7M3LDC           599 25  DX     0
QSO:   21108 RY 2025-09-28 1030 DL1QW            599 14  DX   JE1JAC           599 25  DX     0
QSO:   21108 RY 2025-09-28 1031 DL1QW            599 14  DX   US6CQ            599 16  DX     0
QSO:   21108 RY 2025-09-28 1033 DL1QW            599 14  DX   SM8M             599 14  DX     0
QSO:   21108 RY 2025-09-28 1034 DL1QW            599 14  DX   JH2LMH           599 25  DX     0
QSO:   21108 RY 2025-09-28 1035 DL1QW            599 14  DX   II9P             599 15  DX     0
QSO:   21108 RY 2025-09-28 1036 DL1QW            599 14  DX   BG2KAJ           599 24  DX     0
QSO:   21108 RY 2025-09-28 1037 DL1QW            599 14  DX   JF1LMB           599 25  DX     0
QSO:   21108 RY 2025-09-28 1038 DL1QW            599 14  DX   R6NA             599 16  DX     0
QSO:   21108 RY 2025-09-28 1039 DL1QW            599 14  DX   VK2NA            599 30  DX     0
QSO:   21108 RY 2025-09-28 1040 DL1QW            599 14  DX   RW0SR            599 18  DX     0
QSO:   21108 RY 2025-09-28 1040 DL1QW            599 14  DX   JS1EQF           599 25  DX     0
QSO:   21108 RY 2025-09-28 1041 DL1QW            599 14  DX   JA9LX            599 25  DX     0
QSO:   21108 RY 2025-09-28 1042 DL1QW            599 14  DX   VL2Y             599 30  DX     0
QSO:   21108 RY 2025-09-28 1043 DL1QW            599 14  DX   IH9/IP5A         599 33  DX     0
QSO:   21108 RY 2025-09-28 1044 DL1QW            599 14  DX   OL7K             599 15  DX     0
QSO:   21108 RY 2025-09-28 1044 DL1QW            599 14  DX   RA0FLP           599 19  DX     0
QSO:   21108 RY 2025-09-28 1044 DL1QW            599 14  DX   JA1EMQ           599 25  DX     0
QSO:   21108 RY 2025-09-28 1045 DL1QW            599 14  DX   UY5HF            599 16  DX     0
QSO:   21108 RY 2025-09-28 1046 DL1QW            599 14  DX   IO3W             599 15  DX     0
QSO:   21108 RY 2025-09-28 1046 DL1QW            599 14  DX   RD0A             599 18  DX     0
QSO:   21108 RY 2025-09-28 1047 DL1QW            599 14  DX   YB1RET           599 28  DX     0
QSO:   21108 RY 2025-09-28 1048 DL1QW            599 14  DX   RA3XEV           599 16  DX     0
QSO:   21108 RY 2025-09-28 1049 DL1QW            599 14  DX   UT5CL            599 16  DX     0
QSO:   21118 RY 2025-09-28 1051 DL1QW            599 14  DX   LT6T             599 13  DX     0
QSO:   28121 RY 2025-09-28 1057 DL1QW            599 14  DX   ER3KAZ           599 16  DX     0
QSO:   28094 RY 2025-09-28 1059 DL1QW            599 14  DX   YO3AK            599 20  DX     0
QSO:   28094 RY 2025-09-28 1100 DL1QW            599 14  DX   TA8AT            599 20  DX     0
QSO:   28094 RY 2025-09-28 1104 DL1QW            599 14  DX   RG5A             599 16  DX     0
QSO:   21085 RY 2025-09-28 1251 DL1QW            599 14  DX   UN3M             599 17  DX     0
QSO:   21118 RY 2025-09-28 1252 DL1QW            599 14  DX   K1LZ             599 05  ME     0
QSO:   21118 RY 2025-09-28 1254 DL1QW            599 14  DX   N1MGO            599 05  MA     0
QSO:   21118 RY 2025-09-28 1256 DL1QW            599 14  DX   K3ANI            599 05  MD     0
QSO:   21118 RY 2025-09-28 1256 DL1QW            599 14  DX   K9NW             599 04  IN     0
QSO:   21118 RY 2025-09-28 1257 DL1QW            599 14  DX   K5KLA            599 04  LA     0
QSO:   21118 RY 2025-09-28 1258 DL1QW            599 14  DX   N9XX             599 04  WI     0
QSO:   21118 RY 2025-09-28 1258 DL1QW            599 14  DX   UR5LY            599 16  DX     0
QSO:   21118 RY 2025-09-28 1300 DL1QW            599 14  DX   N9UA             599 04  WI     0
QSO:   21118 RY 2025-09-28 1301 DL1QW            599 14  DX   EA4BAS           599 14  DX     0
QSO:   21118 RY 2025-09-28 1305 DL1QW            599 14  DX   UP7L             599 17  DX     0
QSO:   21118 RY 2025-09-28 1306 DL1QW            599 14  DX   NY1V             599 04  IN     0
QSO:   21118 RY 2025-09-28 1307 DL1QW            599 14  DX   KI6DY            599 04  OH     0
QSO:   21118 RY 2025-09-28 1308 DL1QW            599 14  DX   Z36N             599 15  DX     0
QSO:   21118 RY 2025-09-28 1309 DL1QW            599 14  DX   UR6EA            599 16  DX     0
QSO:   21118 RY 2025-09-28 1311 DL1QW            599 14  DX   WB5JJJ           599 04  AR     0
QSO:   28086 RY 2025-09-28 1342 DL1QW            599 14  DX   YV4ABR           599 09  DX     0
QSO:   28088 RY 2025-09-28 1343 DL1QW            599 14  DX   LO7H             599 13  DX     0
QSO:   28118 RY 2025-09-28 1348 DL1QW            599 14  DX   RG2Y             599 16  DX     0
QSO:   21084 RY 2025-09-28 1351 DL1QW            599 14  DX   R2FK             599 15  DX     0
QSO:   21121 RY 2025-09-28 1352 DL1QW            599 14  DX   W0LSD            599 04  CO     0
QSO:   21123 RY 2025-09-28 1353 DL1QW            599 14  DX   AD5LU            599 04  TX     0
QSO:   21123 RY 2025-09-28 1357 DL1QW            599 14  DX   W9ILY            599 04  IL     0
QSO:   21123 RY 2025-09-28 1359 DL1QW            599 14  DX   KV0I             599 04  NE     0
QSO:   21123 RY 2025-09-28 1359 DL1QW            599 14  DX   K9OM             599 04  WI     0
QSO:   21123 RY 2025-09-28 1359 DL1QW            599 14  DX   SM2M             599 14  DX     0
QSO:   21123 RY 2025-09-28 1400 DL1QW            599 14  DX   UT8EL            599 16  DX     0
QSO:   21123 RY 2025-09-28 1401 DL1QW            599 14  DX   RK9UE            599 18  DX     0
QSO:   21123 RY 2025-09-28 1401 DL1QW            599 14  DX   W8BI             599 04  OH     0
QSO:   21123 RY 2025-09-28 1402 DL1QW            599 14  DX   EW1P             599 16  DX     0
QSO:   21123 RY 2025-09-28 1402 DL1QW            599 14  DX   UY5LW            599 16  DX     0
QSO:   21123 RY 2025-09-28 1404 DL1QW            599 14  DX   W7II             599 04  IA     0
QSO:   21123 RY 2025-09-28 1404 DL1QW            599 14  DX   VE1RSM           599 05  NS     0
QSO:   21118 RY 2025-09-28 1406 DL1QW            599 14  DX   AH2R             599 27  DX     0
QSO:   21118 RY 2025-09-28 1408 DL1QW            599 14  DX   XE2B             599 06  DX     0
QSO:   21118 RY 2025-09-28 1413 DL1QW            599 14  DX   K0OO             599 05  MD     0
QSO:   21118 RY 2025-09-28 1414 DL1QW            599 14  DX   WA3WHE           599 05  MD     0
QSO:   21118 RY 2025-09-28 1414 DL1QW            599 14  DX   AE1P             599 05  NH     0
QSO:   21118 RY 2025-09-28 1415 DL1QW            599 14  DX   AA9L             599 04  WI     0
QSO:   21118 RY 2025-09-28 1416 DL1QW            599 14  DX   US1VM            599 16  DX     0
QSO:   21118 RY 2025-09-28 1418 DL1QW            599 14  DX   UR6QS            599 16  DX     0
QSO:   21118 RY 2025-09-28 1419 DL1QW            599 14  DX   K3MD             599 05  PA     0
QSO:   21118 RY 2025-09-28 1419 DL1QW            599 14  DX   WB2COY           599 05  NY     0
QSO:   21118 RY 2025-09-28 1421 DL1QW            599 14  DX   W5MX             599 04  KY     0
QSO:   21096 RY 2025-09-28 1424 DL1QW            599 14  DX   VU2DED           599 22  DX     0
QSO:   21117 RY 2025-09-28 1425 DL1QW            599 14  DX   K2LNS            599 05  PA     0
QSO:   21117 RY 2025-09-28 1426 DL1QW            599 14  DX   R2AA             599 16  DX     0
QSO:   21117 RY 2025-09-28 1426 DL1QW            599 14  DX   WA9LEY           599 04  IL     0
QSO:   21117 RY 2025-09-28 1427 DL1QW            599 14  DX   N1NN             599 05  MA     0
QSO:   21088 RY 2025-09-28 1428 DL1QW            599 14  DX   TI1K             599 07  DX     0
QSO:   21117 RY 2025-09-28 1429 DL1QW            599 14  DX   WT5A             599 04  MS     0
QSO:   21117 RY 2025-09-28 1430 DL1QW            599 14  DX   K3QIA            599 05  PA     0
QSO:   21117 RY 2025-09-28 1431 DL1QW            599 14  DX   WJ1X             599 05  CT     0
QSO:   21117 RY 2025-09-28 1432 DL1QW            599 14  DX   K2YG             599 05  NJ     0
QSO:   21088 RY 2025-09-28 1434 DL1QW            599 14  DX   HZ1TT            599 21  DX     0
QSO:   21117 RY 2025-09-28 1435 DL1QW            599 14  DX   KG4USN           599 05  MD     0
QSO:   21117 RY 2025-09-28 1435 DL1QW            599 14  DX   KA4RRU           599 05  VA     0
QSO:   21107 RY 2025-09-28 1436 DL1QW            599 14  DX   TA1CQ            599 20  DX     0
QSO:   21117 RY 2025-09-28 1438 DL1QW            599 14  DX   K9UC             599 04  TN     0
QSO:   21117 RY 2025-09-28 1439 DL1QW            599 14  DX   N1NQD            599 05  NY     0
QSO:   21117 RY 2025-09-28 1439 DL1QW            599 14  DX   WB2NVR           599 05  NY     0
QSO:   21115 RY 2025-09-28 1441 DL1QW            599 14  DX   VP9I             599 05  DX     0
QSO:   21117 RY 2025-09-28 1443 DL1QW            599 14  DX   VE2CQ            599 05  QC     0
QSO:   21117 RY 2025-09-28 1444 DL1QW            599 14  DX   N8WXQ            599 05  PA     0
QSO:   21117 RY 2025-09-28 1444 DL1QW            599 14  DX   Z32U             599 15  DX     0
QSO:   21117 RY 2025-09-28 1444 DL1QW            599 14  DX   K9PW             599 04  IL     0
QSO:   21117 RY 2025-09-28 1445 DL1QW            599 14  DX   K3RWN            599 05  PA     0
QSO:   21117 RY 2025-09-28 1446 DL1QW            599 14  DX   R6OF             599 16  DX     0
QSO:   21117 RY 2025-09-28 1448 DL1QW            599 14  DX   N0AN             599 04  IA     0
QSO:   21108 RY 2025-09-28 1449 DL1QW            599 14  DX   K4EA             599 05  GA     0
QSO:   21110 RY 2025-09-28 1450 DL1QW            599 14  DX   K0HB             599 04  MN     0
QSO:   21085 RY 2025-09-28 1452 DL1QW            599 14  DX   KS0AA            599 04  KS     0
QSO:   28123 RY 2025-09-28 1456 DL1QW            599 14  DX   A71AE            599 21  DX     0
QSO:   28117 RY 2025-09-28 1458 DL1QW            599 14  DX   R4CI             599 16  DX     0
QSO:   28117 RY 2025-09-28 1502 DL1QW            599 14  DX   AB5SE            599 04  AR     0
QSO:   28117 RY 2025-09-28 1503 DL1QW            599 14  DX   W2VTV            599 05  NJ     0
QSO:   28117 RY 2025-09-28 1512 DL1QW            599 14  DX   YB1RET           599 28  DX     0
QSO:   28117 RY 2025-09-28 1514 DL1QW            599 14  DX   W4CQE            599 04  TN     0
QSO:   28117 RY 2025-09-28 1523 DL1QW            599 14  DX   K8YC             599 05  NC     0
QSO:   21116 RY 2025-09-28 1528 DL1QW            599 14  DX   MM1E             599 14  DX     0
QSO:   21097 RY 2025-09-28 1529 DL1QW            599 14  DX   W6SX             599 03  CA     0
QSO:   21085 RY 2025-09-28 1532 DL1QW            599 14  DX   CR3W             599 33  DX     0
QSO:   21118 RY 2025-09-28 1534 DL1QW            599 14  DX   K7QA             599 04  MT     0
QSO:   21119 RY 2025-09-28 1534 DL1QW            599 14  DX   N7AT             599 03  AZ     0
QSO:   21120 RY 2025-09-28 1535 DL1QW            599 14  DX   W1QK             599 05  CT     0
QSO:   21120 RY 2025-09-28 1535 DL1QW            599 14  DX   SN5X             599 15  DX     0
QSO:   21123 RY 2025-09-28 1537 DL1QW            599 14  DX   V55A             599 38  DX     0
QSO:   21125 RY 2025-09-28 1538 DL1QW            599 14  DX   UA4FX            599 16  DX     0
QSO:   21130 RY 2025-09-28 1539 DL1QW            599 14  DX   OH6CT            599 15  DX     0
QSO:   21130 RY 2025-09-28 1540 DL1QW            599 14  DX   KN7K             599 03  OR     0
QSO:   21133 RY 2025-09-28 1541 DL1QW            599 14  DX   VE7LWW           599 03  BC     0
QSO:   14096 RY 2025-09-28 1547 DL1QW            599 14  DX   E2X              599 26  DX     0
QSO:   14098 RY 2025-09-28 1549 DL1QW            599 14  DX   GM4HYG           599 14  DX     0
QSO:   14101 RY 2025-09-28 1551 DL1QW            599 14  DX   YU1LM/QRP        599 15  DX     0
QSO:   14101 RY 2025-09-28 1551 DL1QW            599 14  DX   IT9NOV           599 15  DX     0
QSO:   14101 RY 2025-09-28 1552 DL1QW            599 14  DX   VU2MB            599 22  DX     0
QSO:   14101 RY 2025-09-28 1552 DL1QW            599 14  DX   OZ7DK            599 14  DX     0
QSO:   14101 RY 2025-09-28 1553 DL1QW            599 14  DX   IV3DCZ           599 15  DX     0
QSO:   14101 RY 2025-09-28 1553 DL1QW            599 14  DX   UR5SD            599 16  DX     0
QSO:   14101 RY 2025-09-28 1554 DL1QW            599 14  DX   S52WD            599 15  DX     0
QSO:   14101 RY 2025-09-28 1554 DL1QW            599 14  DX   EI8LC            599 14  DX     0
QSO:   14101 RY 2025-09-28 1555 DL1QW            599 14  DX   YE4FNN           599 28  DX     0
QSO:   14101 RY 2025-09-28 1556 DL1QW            599 14  DX   YU1NR            599 15  DX     0
QSO:   14101 RY 2025-09-28 1558 DL1QW            599 14  DX   ES3EA            599 15  DX     0
QSO:   14101 RY 2025-09-28 1559 DL1QW            599 14  DX   JH9CEN           599 25  DX     0
QSO:   14101 RY 2025-09-28 1601 DL1QW            599 14  DX   UW5EQM           599 16  DX     0
QSO:   14101 RY 2025-09-28 1603 DL1QW            599 14  DX   RK4NB            599 16  DX     0
QSO:   14101 RY 2025-09-28 1604 DL1QW            599 14  DX   UX1CL            599 16  DX     0
QSO:   14101 RY 2025-09-28 1606 DL1QW            599 14  DX   EA7KY            599 14  DX     0
QSO:   14101 RY 2025-09-28 1607 DL1QW            599 14  DX   N0UR             599 04  MN     0
QSO:   14101 RY 2025-09-28 1607 DL1QW            599 14  DX   I5OVS            599 15  DX     0
QSO:   14101 RY 2025-09-28 1608 DL1QW            599 14  DX   N2CG             599 05  NJ     0
QSO:   14101 RY 2025-09-28 1609 DL1QW            599 14  DX   K3CCR            599 05  MD     0
QSO:   14101 RY 2025-09-28 1609 DL1QW            599 14  DX   LA3CLA           599 14  DX     0
QSO:   14101 RY 2025-09-28 1609 DL1QW            599 14  DX   SV3FUP           599 20  DX     0
QSO:   14101 RY 2025-09-28 1610 DL1QW            599 14  DX   N0AJN            599 04  CO     0
QSO:   14101 RY 2025-09-28 1610 DL1QW            599 14  DX   W3KB             599 05  PA     0
QSO:   14101 RY 2025-09-28 1611 DL1QW            599 14  DX   RG8U             599 18  DX     0
QSO:   14101 RY 2025-09-28 1613 DL1QW            599 14  DX   UX4CR            599 16  DX     0
QSO:   14101 RY 2025-09-28 1613 DL1QW            599 14  DX   KA2KON           599 05  NH     0
QSO:   14101 RY 2025-09-28 1614 DL1QW            599 14  DX   OH5YL            599 15  DX     0
QSO:   14101 RY 2025-09-28 1617 DL1QW            599 14  DX   W0PI             599 04  MN     0
QSO:   14101 RY 2025-09-28 1619 DL1QW            599 14  DX   K0VG             599 04  MN     0
QSO:   14101 RY 2025-09-28 1620 DL1QW            599 14  DX   NJ9R             599 04  IL     0
QSO:   14101 RY 2025-09-28 1621 DL1QW            599 14  DX   SP5GNI           599 15  DX     0
QSO:   14101 RY 2025-09-28 1622 DL1QW            599 14  DX   KB9DVC           599 04  IL     0
QSO:   14101 RY 2025-09-28 1622 DL1QW            599 14  DX   WB2NFL           599 05  NY     0
QSO:   14088 RY 2025-09-28 1623 DL1QW            599 14  DX   HZ1TT            599 21  DX     0
QSO:   14101 RY 2025-09-28 1625 DL1QW            599 14  DX   YC0SCL           599 28  DX     0
QSO:   14101 RY 2025-09-28 1626 DL1QW            599 14  DX   AA3B             599 05  PA     0
QSO:   14101 RY 2025-09-28 1627 DL1QW            599 14  DX   IK1UGX           599 15  DX     0
QSO:   14101 RY 2025-09-28 1627 DL1QW            599 14  DX   UR6EA            599 16  DX     0
QSO:   14101 RY 2025-09-28 1628 DL1QW            599 14  DX   IK5BDG           599 15  DX     0
QSO:   14101 RY 2025-09-28 1628 DL1QW            599 14  DX   SP9IVD           599 15  DX     0
QSO:   14101 RY 2025-09-28 1628 DL1QW            599 14  DX   K1ECU            599 05  CT     0
QSO:   14101 RY 2025-09-28 1629 DL1QW            599 14  DX   DL1QW            599 15  DX     0
QSO:   14101 RY 2025-09-28 1632 DL1QW            599 14  DX   VA7RY            599 03  BC     0
QSO:   14092 RY 2025-09-28 1634 DL1QW            599 14  DX   4Z5LY            599 20  DX     0
QSO:   14101 RY 2025-09-28 1635 DL1QW            599 14  DX   SN9A             599 15  DX     0
QSO:   14101 RY 2025-09-28 1636 DL1QW            599 14  DX   NY1V             599 04  IN     0
QSO:   14101 RY 2025-09-28 1638 DL1QW            599 14  DX   LA2XNA           599 14  DX     0
QSO:   14101 RY 2025-09-28 1638 DL1QW            599 14  DX   UT3UV            599 16  DX     0
QSO:   14101 RY 2025-09-28 1639 DL1QW            599 14  DX   DP7D             599 14  DX     0
QSO:    7045 RY 2025-09-28 1644 DL1QW            599 14  DX   ES5JR            599 15  DX     0
QSO:    7051 RY 2025-09-28 1647 DL1QW            599 14  DX   5P5W             599 14  DX     0
QSO:    7052 RY 2025-09-28 1648 DL1QW            599 14  DX   G4WGE            599 14  DX     0
QSO:    7052 RY 2025-09-28 1649 DL1QW            599 14  DX   ON2AD            599 14  DX     0
QSO:    7052 RY 2025-09-28 1650 DL1QW            599 14  DX   RU5X             599 16  DX     0
QSO:    7052 RY 2025-09-28 1650 DL1QW            599 14  DX   PH3BDJ           599 14  DX     0
QSO:    7052 RY 2025-09-28 1651 DL1QW            599 14  DX   YO6LM            599 20  DX     0
QSO:    7052 RY 2025-09-28 1652 DL1QW            599 14  DX   UZ1WW            599 16  DX     0
QSO:    7052 RY 2025-09-28 1652 DL1QW            599 14  DX   OK7V             599 15  DX     0
QSO:    7052 RY 2025-09-28 1653 DL1QW            599 14  DX   RA4L             599 16  DX     0
QSO:    7052 RY 2025-09-28 1655 DL1QW            599 14  DX   OH3EX            599 15  DX     0
QSO:   28144 RY 2025-09-28 1657 DL1QW            599 14  DX   PR1T             599 11  DX     0
QSO:   28141 RY 2025-09-28 1659 DL1QW            599 14  DX   WJ1X             599 05  CT     0
QSO:   28141 RY 2025-09-28 1659 DL1QW            599 14  DX   W3GH             599 05  PA     0
QSO:   28141 RY 2025-09-28 1659 DL1QW            599 14  DX   KW4YA            599 04  KY     0
QSO:   28141 RY 2025-09-28 1700 DL1QW            599 14  DX   AB4SF            599 05  VA     0
QSO:   28115 RY 2025-09-28 1703 DL1QW            599 14  DX   ZD7BG            599 36  DX     0
QSO:   28141 RY 2025-09-28 1704 DL1QW            599 14  DX   K3CCR            599 05  MD     0
QSO:   28141 RY 2025-09-28 1705 DL1QW            599 14  DX   AG4TT            599 05  NC     0
QSO:   28141 RY 2025-09-28 1706 DL1QW            599 14  DX   W6YA             599 03  CA     0
QSO:   28141 RY 2025-09-28 1708 DL1QW            599 14  DX   K1GG             599 05  VA     0
QSO:   28141 RY 2025-09-28 1709 DL1QW            599 14  DX   KB1EFS           599 05  MA     0
QSO:    7040 RY 2025-09-28 1711 DL1QW            599 14  DX   MM9I             599 14  DX     0
QSO:    7039 RY 2025-09-28 1712 DL1QW            599 14  DX   OM5TX            599 15  DX     0
QSO:   28092 RY 2025-09-28 1715 DL1QW            599 14  DX   W0MB             599 04  MO     0
QSO:   28141 RY 2025-09-28 1718 DL1QW            599 14  DX   W2MKM            599 05  NJ     0
QSO:   28141 RY 2025-09-28 1718 DL1QW            599 14  DX   SN3V             599 15  DX     0
QSO:   28141 RY 2025-09-28 1721 DL1QW            599 14  DX   K5CS             599 04  AR     0
QSO:   28141 RY 2025-09-28 1722 DL1QW            599 14  DX   WB5JJJ           599 04  AR     0
QSO:   28141 RY 2025-09-28 1722 DL1QW            599 14  DX   K6YK             599 03  CA     0
QSO:   28141 RY 2025-09-28 1724 DL1QW            599 14  DX   DH8BQA           599 14  DX     0
QSO:   28141 RY 2025-09-28 1725 DL1QW            599 14  DX   KM9R             599 03  NV     0
QSO:   28141 RY 2025-09-28 1725 DL1QW            599 14  DX   PY2EBD           599 11  DX     0
QSO:   28141 RY 2025-09-28 1727 DL1QW            599 14  DX   WA8LRW           599 04  OH     0
QSO:   28141 RY 2025-09-28 1729 DL1QW            599 14  DX   EE4Y             599 14  DX     0
QSO:   28097 RY 2025-09-28 1730 DL1QW            599 14  DX   AB0LR            599 04  CO     0
QSO:   28114 RY 2025-09-28 1730 DL1QW            599 14  DX   W7ZR             599 03  NV     0
QSO:   28118 RY 2025-09-28 1731 DL1QW            599 14  DX   W1RH             599 03  CA     0
QSO:   28108 RY 2025-09-28 1732 DL1QW            599 14  DX   N0YY             599 05  VA     0
QSO:   28092 RY 2025-09-28 1732 DL1QW            599 14  DX   K4WI             599 04  AL     0
QSO:   28089 RY 2025-09-28 1733 DL1QW            599 14  DX   W6EU             599 03  CA     0
QSO:   28123 RY 2025-09-28 1734 DL1QW            599 14  DX   WA1F             599 05  FL     0
QSO:   28110 RY 2025-09-28 1736 DL1QW            599 14  DX   CT1EAT           599 14  DX     0
QSO:   28106 RY 2025-09-28 1737 DL1QW            599 14  DX   PY2CX            599 11  DX     0
QSO:   28095 RY 2025-09-28 1738 DL1QW            599 14  DX   PY2EX            599 11  DX     0
QSO:   28081 RY 2025-09-28 1742 DL1QW            599 14  DX   VP9I             599 05  DX     0
QSO:   28102 RY 2025-09-28 1743 DL1QW            599 14  DX   PY5AMF           599 11  DX     0
QSO:   28118 RY 2025-09-28 1746 DL1QW            599 14  DX   N6MJ             599 03  CA     0
QSO:   28100 RY 2025-09-28 1752 DL1QW            599 14  DX   XE1YL            599 06  DX     0
QSO:   28100 RY 2025-09-28 1754 DL1QW            599 14  DX   LU1EHX           599 13  DX     0
QSO:   21108 RY 2025-09-28 1756 DL1QW            599 14  DX   N4ZZ             599 04  TN     0
QSO:   21109 RY 2025-09-28 1756 DL1QW            599 14  DX   N7US             599 04  IL     0
QSO:   21111 RY 2025-09-28 1758 DL1QW            599 14  DX   AC0C             599 04  KS     0
QSO:   21112 RY 2025-09-28 1759 DL1QW            599 14  DX   WW3S             599 05  PA     0
QSO:   21112 RY 2025-09-28 1800 DL1QW            599 14  DX   VE6WQ            599 04  AB     0
QSO:   21112 RY 2025-09-28 1801 DL1QW            599 14  DX   AA4DD            599 04  TN     0
QSO:   21112 RY 2025-09-28 1802 DL1QW            599 14  DX   K6LL             599 03  AZ     0
QSO:   21112 RY 2025-09-28 1803 DL1QW            599 14  DX   K8OS             599 04  MN     0
QSO:   21112 RY 2025-09-28 1803 DL1QW            599 14  DX   K8ARY            599 05  SC     0
QSO:   21112 RY 2025-09-28 1807 DL1QW            599 14  DX   EE4M             599 14  DX     0
QSO:   21112 RY 2025-09-28 1807 DL1QW            599 14  DX   KZ3P             599 05  SC     0
QSO:   21112 RY 2025-09-28 1808 DL1QW            599 14  DX   VE3UWA           599 04  ON     0
QSO:   21112 RY 2025-09-28 1808 DL1QW            599 14  DX   WM9G             599 04  WI     0
QSO:   21112 RY 2025-09-28 1809 DL1QW            599 14  DX   FM4TI            599 08  DX     0
QSO:   21112 RY 2025-09-28 1810 DL1QW            599 14  DX   W7FN             599 03  WA     0
QSO:   21112 RY 2025-09-28 1811 DL1QW            599 14  DX   KS3H             599 05  VA     0
QSO:   21112 RY 2025-09-28 1812 DL1QW            599 14  DX   N7GCO            599 03  WA     0
QSO:   21112 RY 2025-09-28 1812 DL1QW            599 14  DX   N9SJ             599 04  IL     0
QSO:   21112 RY 2025-09-28 1812 DL1QW            599 14  DX   PV2K             599 11  DX     0
QSO:   21112 RY 2025-09-28 1813 DL1QW            599 14  DX   KI1G             599 05  RI     0
QSO:   21090 RY 2025-09-28 1815 DL1QW            599 14  DX   TG9ANF           599 07  DX     0
QSO:   21112 RY 2025-09-28 1816 DL1QW            599 14  DX   AA1BS            599 05  ME     0
QSO:   21112 RY 2025-09-28 1818 DL1QW            599 14  DX   EA1GT/QRP        599 14  DX     0
QSO:   21112 RY 2025-09-28 1819 DL1QW            599 14  DX   W4YVA            599 05  VA     0
QSO:   21093 RY 2025-09-28 1820 DL1QW            599 14  DX   HI3K             599 08  DX     0
QSO:   21112 RY 2025-09-28 1823 DL1QW            599 14  DX   J43DX            599 20  DX     0
QSO:   21112 RY 2025-09-28 1824 DL1QW            599 14  DX   YL73R            599 15  DX     0
QSO:   21112 RY 2025-09-28 1824 DL1QW            599 14  DX   AC8Y             599 05  VA     0
QSO:   21112 RY 2025-09-28 1824 DL1QW            599 14  DX   N6WM             599 03  CA     0
QSO:   21112 RY 2025-09-28 1825 DL1QW            599 14  DX   W4VIC            599 05  VA     0
QSO:   21112 RY 2025-09-28 1826 DL1QW            599 14  DX   N3CKI            599 05  NC     0
QSO:   21112 RY 2025-09-28 1826 DL1QW            599 14  DX   SV1RK            599 20  DX     0
QSO:   21112 RY 2025-09-28 1827 DL1QW            599 14  DX   K6PO             599 03  CA     0
QSO:   21112 RY 2025-09-28 1828 DL1QW            599 14  DX   WA2OTC           599 05  MD     0
QSO:   21112 RY 2025-09-28 1832 DL1QW            599 14  DX   WS6X             599 05  VA     0
QSO:   21112 RY 2025-09-28 1833 DL1QW            599 14  DX   AA3LX            599 05  PA     0
QSO:   21112 RY 2025-09-28 1834 DL1QW            599 14  DX   WS9M             599 05  NY     0
QSO:   21112 RY 2025-09-28 1835 DL1QW            599 14  DX   W4NNF            599 04  AL     0
QSO:   21112 RY 2025-09-28 1838 DL1QW            599 14  DX   TA3CKY           599 20  DX     0
QSO:   21112 RY 2025-09-28 1839 DL1QW            599 14  DX   KC1QEM           599 05  MA     0
QSO:   21112 RY 2025-09-28 1842 DL1QW            599 14  DX   KE8UUO           599 04  OH     0
QSO:   21112 RY 2025-09-28 1843 DL1QW            599 14  DX   K7AKT            599 03  OR     0
QSO:   21112 RY 2025-09-28 1845 DL1QW            599 14  DX   W7VC             599 03  OR     0
QSO:   21112 RY 2025-09-28 1845 DL1QW            599 14  DX   W5AP             599 04  CO     0
QSO:   21112 RY 2025-09-28 1847 DL1QW            599 14  DX   WQ5L             599 04  MS     0
QSO:   21112 RY 2025-09-28 1850 DL1QW            599 14  DX   TA7I             599 20  DX     0
QSO:   21112 RY 2025-09-28 1850 DL1QW            599 14  DX   KC4WQ            599 04  KY     0
QSO:   21112 RY 2025-09-28 1851 DL1QW            599 14  DX   EA7AKE           599 14  DX     0
QSO:   21110 RY 2025-09-28 1852 DL1QW            599 14  DX   G9D              599 14  DX     0
QSO:   21096 RY 2025-09-28 1854 DL1QW            599 14  DX   K5EK             599 05  NC     0
QSO:   14084 RY 2025-09-28 1855 DL1QW            599 14  DX   V55A             599 38  DX     0
QSO:   14085 RY 2025-09-28 1856 DL1QW            599 14  DX   CO2KL            599 08  DX     0
QSO:   14085 RY 2025-09-28 1858 DL1QW            599 14  DX   OH1SIC           599 15  DX     0
QSO:   14085 RY 2025-09-28 1859 DL1QW            599 14  DX   EA3IPX           599 14  DX     0
QSO:   14085 RY 2025-09-28 1900 DL1QW            599 14  DX   RA1M             599 16  DX     0
QSO:   14085 RY 2025-09-28 1900 DL1QW            599 14  DX   KA2MGE           599 05  NY     0
QSO:   14085 RY 2025-09-28 1903 DL1QW            599 14  DX   W6EU             599 03  CA     0
QSO:   14085 RY 2025-09-28 1904 DL1QW            599 14  DX   N0OEP            599 05  VA     0
QSO:   14085 RY 2025-09-28 1907 DL1QW            599 14  DX   N6GP             599 03  CA     0
QSO:   14085 RY 2025-09-28 1907 DL1QW            599 14  DX   AI0Y             599 04  ND     0
QSO:   14085 RY 2025-09-28 1908 DL1QW            599 14  DX   EI2GLB           599 14  DX     0
QSO:   14085 RY 2025-09-28 1912 DL1QW            599 14  DX   AA1BS            599 05  ME     0
QSO:   14085 RY 2025-09-28 1913 DL1QW            599 14  DX   EA3CFV           599 14  DX     0
QSO:   14085 RY 2025-09-28 1913 DL1QW            599 14  DX   KB0NES           599 04  MN     0
QSO:   14085 RY 2025-09-28 1914 DL1QW            599 14  DX   SP1HN            599 15  DX     0
QSO:   14085 RY 2025-09-28 1915 DL1QW            599 14  DX   N1WR             599 05  VA     0
QSO:   14085 RY 2025-09-28 1931 DL1QW            599 14  DX   YQ6A             599 20  DX     0
QSO:   14086 RY 2025-09-28 1932 DL1QW            599 14  DX   EA8ZS            599 33  DX     0
QSO:   14086 RY 2025-09-28 1933 DL1QW            599 14  DX   K4ZW             599 05  VA     0
QSO:   14135 RY 2025-09-28 1934 DL1QW            599 14  DX   UB7K             599 16  DX     0
QSO:   14132 RY 2025-09-28 1936 DL1QW            599 14  DX   SN8A             599 15  DX     0
QSO:   14124 RY 2025-09-28 1938 DL1QW            599 14  DX   EW8DX            599 16  DX     0
QSO:   14124 RY 2025-09-28 1939 DL1QW            599 14  DX   N3FJP            599 05  MD     0
QSO:   14118 RY 2025-09-28 1940 DL1QW            599 14  DX   N6DW             599 05  VA     0
QSO:   14117 RY 2025-09-28 1940 DL1QW            599 14  DX   WA2CP            599 05  NY     0
QSO:   14116 RY 2025-09-28 1941 DL1QW            599 14  DX   N4TB             599 05  FL     0
QSO:   14116 RY 2025-09-28 1942 DL1QW            599 14  DX   OH1LA            599 15  DX     0
QSO:   14116 RY 2025-09-28 1943 DL1QW            599 14  DX   WB2NVR           599 05  NY     0
QSO:   14116 RY 2025-09-28 1945 DL1QW            599 14  DX   KI6DY            599 04  OH     0
QSO:   14116 RY 2025-09-28 1946 DL1QW            599 14  DX   YO9HP            599 20  DX     0
QSO:   21104 RY 2025-09-28 1950 DL1QW            599 14  DX   K0WA             599 04  KS     0
QSO:   21098 RY 2025-09-28 1952 DL1QW            599 14  DX   N8CWU            599 04  OH     0
QSO:   21097 RY 2025-09-28 1953 DL1QW            599 14  DX   VE3GE            599 04  ON     0
QSO:   21097 RY 2025-09-28 1953 DL1QW            599 14  DX   AD0CH            599 04  KS     0
QSO:   21097 RY 2025-09-28 1954 DL1QW            599 14  DX   N4IIT            599 05  GA     0
QSO:   21097 RY 2025-09-28 1955 DL1QW            599 14  DX   K5ZD             599 04  OH     0
QSO:   21097 RY 2025-09-28 1955 DL1QW            599 14  DX   VA3LR            599 04  ON     0
QSO:   21097 RY 2025-09-28 1956 DL1QW            599 14  DX   W8GF             599 04  MI     0
QSO:   21097 RY 2025-09-28 1957 DL1QW            599 14  DX   W2GS             599 04  MS     0
QSO:   21097 RY 2025-09-28 1957 DL1QW            599 14  DX   KW9U             599 04  IL     0
QSO:   21097 RY 2025-09-28 1958 DL1QW            599 14  DX   AI0Y             599 04  ND     0
QSO:   21097 RY 2025-09-28 1959 DL1QW            599 14  DX   KB9DVC           599 04  IL     0
QSO:    7052 RY 2025-09-28 2003 DL1QW            599 14  DX   OH73ELK          599 15  DX     0
QSO:    7052 RY 2025-09-28 2003 DL1QW            599 14  DX   E77EA            599 15  DX     0
QSO:    7055 RY 2025-09-28 2004 DL1QW            599 14  DX   OZ11A            599 14  DX     0
QSO:    7060 RY 2025-09-28 2006 DL1QW            599 14  DX   OL7K             599 15  DX     0
QSO:    7060 RY 2025-09-28 2007 DL1QW            599 14  DX   TA8AIR           599 20  DX     0
QSO:    7060 RY 2025-09-28 2008 DL1QW            599 14  DX   LA7NDA           599 14  DX     0
QSO:    7060 RY 2025-09-28 2009 DL1QW            599 14  DX   G4DBW            599 14  DX     0
QSO:    7060 RY 2025-09-28 2010 DL1QW            599 14  DX   9A1DR            599 15  DX     0
QSO:    7060 RY 2025-09-28 2011 DL1QW            599 14  DX   YU1LM/QRP        599 15  DX     0
QSO:    7060 RY 2025-09-28 2012 DL1QW            599 14  DX   G3SQU            599 14  DX     0
QSO:    7060 RY 2025-09-28 2014 DL1QW            599 14  DX   9A7B             599 15  DX     0
QSO:    7060 RY 2025-09-28 2014 DL1QW            599 14  DX   DL5ARM           599 14  DX     0
QSO:    7060 RY 2025-09-28 2015 DL1QW            599 14  DX   OZ7HB            599 14  DX     0
QSO:    7060 RY 2025-09-28 2018 DL1QW            599 14  DX   PC1PM            599 14  DX     0
QSO:    7060 RY 2025-09-28 2020 DL1QW            599 14  DX   RA0R             599 18  DX     0
QSO:    7060 RY 2025-09-28 2020 DL1QW            599 14  DX   YO4BEW           599 20  DX     0
QSO:    7060 RY 2025-09-28 2020 DL1QW            599 14  DX   G0FGI            599 14  DX     0
QSO:    7060 RY 2025-09-28 2021 DL1QW            599 14  DX   IZ4JMA           599 15  DX     0
QSO:    7060 RY 2025-09-28 2022 DL1QW            599 14  DX   SM6I             599 14  DX     0
QSO:    7060 RY 2025-09-28 2022 DL1QW            599 14  DX   DF1KA            599 14  DX     0
QSO:    7060 RY 2025-09-28 2024 DL1QW            599 14  DX   DL6ABB           599 14  DX     0
QSO:    7060 RY 2025-09-28 2024 DL1QW            599 14  DX   GI4H             599 14  DX     0
QSO:    7060 RY 2025-09-28 2026 DL1QW            599 14  DX   EE8E             599 33  DX     0
QSO:    7060 RY 2025-09-28 2026 DL1QW            599 14  DX   RV3DBK           599 16  DX     0
QSO:    7060 RY 2025-09-28 2027 DL1QW            599 14  DX   LB4YP            599 14  DX     0
QSO:    7060 RY 2025-09-28 2028 DL1QW            599 14  DX   TM3Z             599 14  DX     0
QSO:    7060 RY 2025-09-28 2029 DL1QW            599 14  DX   TM1X             599 14  DX     0
QSO:    7060 RY 2025-09-28 2029 DL1QW            599 14  DX   UR6EA            599 16  DX     0
QSO:    7060 RY 2025-09-28 2030 DL1QW            599 14  DX   JA6GCE           599 25  DX     0
QSO:    7060 RY 2025-09-28 2030 DL1QW            599 14  DX   UN7EG            599 17  DX     0
QSO:    7060 RY 2025-09-28 2031 DL1QW            599 14  DX   JH3FUK           599 25  DX     0
QSO:    7060 RY 2025-09-28 2032 DL1QW            599 14  DX   JH2FXK           599 25  DX     0
QSO:    7060 RY 2025-09-28 2033 DL1QW            599 14  DX   IW1ALW           599 15  DX     0
QSO:    7060 RY 2025-09-28 2033 DL1QW            599 14  DX   IU5ICR           599 15  DX     0
QSO:    7060 RY 2025-09-28 2035 DL1QW            599 14  DX   SQ1BVG           599 15  DX     0
QSO:    7060 RY 2025-09-28 2036 DL1QW            599 14  DX   DJ1YF            599 14  DX     0
QSO:    7060 RY 2025-09-28 2037 DL1QW            599 14  DX   TA3CKY           599 20  DX     0
QSO:    7060 RY 2025-09-28 2038 DL1QW            599 14  DX   DK9DA            599 14  DX     0
QSO:    7060 RY 2025-09-28 2039 DL1QW            599 14  DX   OZ1JVX           599 14  DX     0
QSO:    7060 RY 2025-09-28 2039 DL1QW            599 14  DX   HG6Z             599 15  DX     0
QSO:    7060 RY 2025-09-28 2040 DL1QW            599 14  DX   F1FCA            599 14  DX     0
QSO:    3600 RY 2025-09-28 2044 DL1QW            599 14  DX   DQ2A             599 14  DX     0
QSO:    3600 RY 2025-09-28 2045 DL1QW            599 14  DX   DL1ABR           599 14  DX     0
QSO:    3600 RY 2025-09-28 2045 DL1QW            599 14  DX   DL0HMK           599 14  DX     0
QSO:    3600 RY 2025-09-28 2046 DL1QW            599 14  DX   DO1MAW           599 14  DX     0
QSO:    3600 RY 2025-09-28 2048 DL1QW            599 14  DX   HB9CYT           599 14  DX     0
QSO:    3600 RY 2025-09-28 2049 DL1QW            599 14  DX   S56A             599 15  DX     0
QSO:    3600 RY 2025-09-28 2050 DL1QW            599 14  DX   OK2EA            599 15  DX     0
QSO:    3600 RY 2025-09-28 2050 DL1QW            599 14  DX   OZ6P             599 14  DX     0
QSO:    3600 RY 2025-09-28 2050 DL1QW            599 14  DX   DL7RAV           599 14  DX     0
QSO:    3600 RY 2025-09-28 2051 DL1QW            599 14  DX   OK1TRJ           599 15  DX     0
QSO:    3600 RY 2025-09-28 2052 DL1QW            599 14  DX   I2BZN            599 15  DX     0
QSO:    3600 RY 2025-09-28 2053 DL1QW            599 14  DX   DK3WN            599 14  DX     0
QSO:    3600 RY 2025-09-28 2053 DL1QW            599 14  DX   EU8U             599 16  DX     0
QSO:    3585 RY 2025-09-28 2057 DL1QW            599 14  DX   PA3GDD           599 14  DX     0
QSO:    3588 RY 2025-09-28 2058 DL1QW            599 14  DX   I1JTQ            599 15  DX     0
QSO:    3593 RY 2025-09-28 2058 DL1QW            599 14  DX   SP3MEO           599 15  DX     0
QSO:    7063 RY 2025-09-28 2101 DL1QW            599 14  DX   CR3W             599 33  DX     0
QSO:    7064 RY 2025-09-28 2103 DL1QW            599 14  DX   PY2NY            599 11  DX     0
QSO:    7065 RY 2025-09-28 2104 DL1QW            599 14  DX   OH7GGX           599 15  DX     0
QSO:    7043 RY 2025-09-28 2108 DL1QW            599 14  DX   Z33B             599 15  DX     0
QSO:    7065 RY 2025-09-28 2109 DL1QW            599 14  DX   IZ3IBL           599 15  DX     0
END-OF-LOG:
