START-OF-LOG: 3.0
CONTEST: CQ-WPX-CW
CALLSIGN: SP9GFI
LOCATION: DX
CATEGORY-OPERATOR: SINGLE-OP
CATEGORY-ASSISTED: ASSISTED
CATEGORY-BAND: ALL
CATEGORY-POWER: LOW
CATEGORY-MODE: CW
CATEGORY-TRANSMITTER: ONE
CATEGORY-STATION: FIXED
CATEGORY-OVERLAY: TB-WIRES
GRID-LOCATOR: JO90OG
CLAIMED-SCORE: 1694679
NAME:
OPERATORS: SP9GFI
CREATED-BY: N1MM Logger+ 1.0.11229.0
QSO:    3512 CW 2026-05-30 0250 SP9GFI           599 0001  LY5W             599  0264     
QSO:    3516 CW 2026-05-30 0252 SP9GFI           599 0002  LY7Z             599  0243     
QSO:    3516 CW 2026-05-30 0252 SP9GFI           599 0003  UX1UT            599  0110     
QSO:    3516 CW 2026-05-30 0253 SP9GFI           599 0004  SP7M             599  0068     
QSO:    3516 CW 2026-05-30 0254 SP9GFI           599 0005  YL3FT            599  0215     
QSO:    3516 CW 2026-05-30 0254 SP9GFI           599 0006  DR1A             599  0273     
QSO:    3516 CW 2026-05-30 0254 SP9GFI           599 0007  OM3CPF           599  0141     
QSO:    3516 CW 2026-05-30 0255 SP9GFI           599 0008  OL5J             599  0104     
QSO:    3516 CW 2026-05-30 0255 SP9GFI           599 0009  DP6A             599  0228     
QSO:    3516 CW 2026-05-30 0256 SP9GFI           599 0010  OL4W             599  0182     
QSO:    3516 CW 2026-05-30 0258 SP9GFI           599 0011  G6A              599  0142     
QSO:    3516 CW 2026-05-30 0300 SP9GFI           599 0012  OM4DU            599  0031     
QSO:    3516 CW 2026-05-30 0301 SP9GFI           599 0013  SP4G             599  0211     
QSO:    3517 CW 2026-05-30 0303 SP9GFI           599 0014  IZ3NYG           599  0148     
QSO:    3518 CW 2026-05-30 0305 SP9GFI           599 0015  OP0HQ            599  0153     
QSO:    3501 CW 2026-05-30 0307 SP9GFI           599 0016  YO5PW            599  0196     
QSO:    3502 CW 2026-05-30 0309 SP9GFI           599 0017  WU2K             599  0575     
QSO:    3503 CW 2026-05-30 0311 SP9GFI           599 0018  DR8C             599  0209     
QSO:    3516 CW 2026-05-30 0313 SP9GFI           599 0019  SN9S             599  0104     
QSO:    3516 CW 2026-05-30 0314 SP9GFI           599 0020  OK2KUB           599  0001     
QSO:    3516 CW 2026-05-30 0315 SP9GFI           599 0021  LY5G             599  0041     
QSO:    3516 CW 2026-05-30 0316 SP9GFI           599 0022  S58A             599  0548     
QSO:    3516 CW 2026-05-30 0317 SP9GFI           599 0023  HA7UI            599  0236     
QSO:    3516 CW 2026-05-30 0317 SP9GFI           599 0024  YO5AVN           599  0212     
QSO:    3519 CW 2026-05-30 0320 SP9GFI           599 0025  CN3A             599  0268     
QSO:    3523 CW 2026-05-30 0322 SP9GFI           599 0026  HG7T             599  0044     
QSO:    3525 CW 2026-05-30 0323 SP9GFI           599 0027  HA1TJ            599  0285     
QSO:    3526 CW 2026-05-30 0324 SP9GFI           599 0028  IO3F             599  0187     
QSO:    3527 CW 2026-05-30 0325 SP9GFI           599 0029  SE5T             599  0038     
QSO:    3529 CW 2026-05-30 0327 SP9GFI           599 0030  DP75HSC          599  0128     
QSO:    3530 CW 2026-05-30 0328 SP9GFI           599 0031  HA7I             599  0347     
QSO:    3537 CW 2026-05-30 0330 SP9GFI           599 0032  LY1DZ            599  0193     
QSO:    3539 CW 2026-05-30 0332 SP9GFI           599 0033  DD5M             599  0093     
QSO:    3540 CW 2026-05-30 0333 SP9GFI           599 0034  OK2QA            599  0053     
QSO:    3546 CW 2026-05-30 0336 SP9GFI           599 0035  HB50FX           599  0140     
QSO:    3548 CW 2026-05-30 0337 SP9GFI           599 0036  SZ40A            599  0145     
QSO:    3501 CW 2026-05-30 0340 SP9GFI           599 0037  OL9R             599  0305     
QSO:    3504 CW 2026-05-30 0341 SP9GFI           599 0038  S53MM            599  0410     
QSO:    3504 CW 2026-05-30 0342 SP9GFI           599 0039  LY4A             599  0320     
QSO:    3508 CW 2026-05-30 0344 SP9GFI           599 0040  E72T             599  0328     
QSO:    3510 CW 2026-05-30 0344 SP9GFI           599 0041  SN7Q             599  0457     
QSO:    3511 CW 2026-05-30 0345 SP9GFI           599 0042  9A5M             599  0311     
QSO:    3512 CW 2026-05-30 0348 SP9GFI           599 0043  DJ9DZ            599  0179     
QSO:    3515 CW 2026-05-30 0349 SP9GFI           599 0044  DA3T             599  0162     
QSO:    3515 CW 2026-05-30 0350 SP9GFI           599 0045  DL7JV            599  0124     
QSO:    3515 CW 2026-05-30 0350 SP9GFI           599 0046  DL8TG            599  0033     
QSO:    3513 CW 2026-05-30 0409 SP9GFI           599 0047  OK5OK            599  0108     
QSO:    7014 CW 2026-05-30 0411 SP9GFI           599 0048  DR1A             599  0459     
QSO:    7016 CW 2026-05-30 0412 SP9GFI           599 0049  WU2X             599  0727     
QSO:    7017 CW 2026-05-30 0413 SP9GFI           599 0050  SX9V             599  0767     
QSO:    7017 CW 2026-05-30 0414 SP9GFI           599 0051  HB9TOC           599  0156     
QSO:    7019 CW 2026-05-30 0415 SP9GFI           599 0052  ZA1EM            599  0090     
QSO:    7020 CW 2026-05-30 0415 SP9GFI           599 0053  YO4NF            599  0314     
QSO:    7024 CW 2026-05-30 0418 SP9GFI           599 0054  SM8T             599  0080     
QSO:    7025 CW 2026-05-30 0418 SP9GFI           599 0055  YO6KPT           599  0244     
QSO:    7027 CW 2026-05-30 0419 SP9GFI           599 0056  SC7DX            599  0272     
QSO:    7028 CW 2026-05-30 0420 SP9GFI           599 0057  IZ3NYG           599  0200     
QSO:    7030 CW 2026-05-30 0420 SP9GFI           599 0058  YT1A             599  0437     
QSO:    7032 CW 2026-05-30 0422 SP9GFI           599 0059  F5NIB            599  0140     
QSO:    7034 CW 2026-05-30 0422 SP9GFI           599 0060  9A1A             599  0468     
QSO:    7035 CW 2026-05-30 0423 SP9GFI           599 0061  OZ3SM            599  0219     
QSO:    7039 CW 2026-05-30 0425 SP9GFI           599 0062  ES9C             599  0504     
QSO:    7040 CW 2026-05-30 0426 SP9GFI           599 0063  IK3VUT           599  0125     
QSO:    7040 CW 2026-05-30 0426 SP9GFI           599 0064  EU4E             599  0299     
QSO:    7048 CW 2026-05-30 0427 SP9GFI           599 0065  SV8OVJ           599  0238     
QSO:    7051 CW 2026-05-30 0429 SP9GFI           599 0066  CN3A             599  0476     
QSO:    7053 CW 2026-05-30 0430 SP9GFI           599 0067  NG3R             599  0469     
QSO:    7055 CW 2026-05-30 0431 SP9GFI           599 0068  E7CW             599  0345     
QSO:    7061 CW 2026-05-30 0432 SP9GFI           599 0069  YU5A             599  0453     
QSO:    7063 CW 2026-05-30 0433 SP9GFI           599 0070  IT9RZU           599  0197     
QSO:    7065 CW 2026-05-30 0433 SP9GFI           599 0071  PR1T             599  0346     
QSO:    7072 CW 2026-05-30 0435 SP9GFI           599 0072  OI3V             599  0270     
QSO:    7079 CW 2026-05-30 0435 SP9GFI           599 0073  IZ3NVR           599  0191     
QSO:    7000 CW 2026-05-30 0436 SP9GFI           599 0074  E79Q             599  0338     
QSO:    7002 CW 2026-05-30 0437 SP9GFI           599 0075  LY4L             599  0154     
QSO:    7005 CW 2026-05-30 0438 SP9GFI           599 0076  OP0HQ            599  0383     
QSO:    7006 CW 2026-05-30 0439 SP9GFI           599 0077  E77EA            599  0539     
QSO:    7006 CW 2026-05-30 0440 SP9GFI           599 0078  YT4T             599  0456     
QSO:    7007 CW 2026-05-30 0440 SP9GFI           599 0079  LX7I             599  0775     
QSO:    7008 CW 2026-05-30 0441 SP9GFI           599 0080  LN8W             599  0457     
QSO:    7008 CW 2026-05-30 0443 SP9GFI           599 0081  NP3Y             599  0567     
QSO:    7009 CW 2026-05-30 0444 SP9GFI           599 0082  KP2M             599  0738     
QSO:    7010 CW 2026-05-30 0446 SP9GFI           599 0083  OG50YL           599  0228     
QSO:    7017 CW 2026-05-30 0449 SP9GFI           599 0084  UR4KWA           599  0113     
QSO:    7019 CW 2026-05-30 0451 SP9GFI           599 0085  DK5QN            599  0081     
QSO:    7019 CW 2026-05-30 0451 SP9GFI           599 0086  ED1D             599  0411     
QSO:    7021 CW 2026-05-30 0453 SP9GFI           599 0087  LZ5R             599  0643     
QSO:    7023 CW 2026-05-30 0453 SP9GFI           599 0088  DP7D             599  0553     
QSO:    7023 CW 2026-05-30 0454 SP9GFI           599 0089  DF6PB            599  0015     
QSO:    7024 CW 2026-05-30 0454 SP9GFI           599 0090  IO3T             599  0074     
QSO:    7026 CW 2026-05-30 0456 SP9GFI           599 0091  MI5I             599  0031     
QSO:    7029 CW 2026-05-30 0457 SP9GFI           599 0092  OG73X            599  0296     
QSO:    7031 CW 2026-05-30 0458 SP9GFI           599 0093  RL2A             599  0710     
QSO:   14004 CW 2026-05-30 0502 SP9GFI           599 0094  N6AA             599  0241     
QSO:   14008 CW 2026-05-30 0503 SP9GFI           599 0095  RU4PU            599  0021     
QSO:   14012 CW 2026-05-30 0504 SP9GFI           599 0096  OM8CW            599  0476     
QSO:   14013 CW 2026-05-30 0505 SP9GFI           599 0097  CR3DX            599  1127     
QSO:   14019 CW 2026-05-30 0506 SP9GFI           599 0098  RA6MQ            599  0198     
QSO:   14024 CW 2026-05-30 0507 SP9GFI           599 0099  RX6AM            599  0057     
QSO:   14026 CW 2026-05-30 0510 SP9GFI           599 0100  4L8A             599  0421     
QSO:   14044 CW 2026-05-30 0514 SP9GFI           599 0101  KM4FOC           599  0182     
QSO:   14046 CW 2026-05-30 0516 SP9GFI           599 0102  UP0L             599  0435     
QSO:    7038 CW 2026-05-30 0519 SP9GFI           599 0103  II2Q             599  0834     
QSO:    7042 CW 2026-05-30 0520 SP9GFI           599 0104  DL3ANK           599  0266     
QSO:    7043 CW 2026-05-30 0521 SP9GFI           599 0105  IB4O             599  0348     
QSO:    7045 CW 2026-05-30 0523 SP9GFI           599 0106  DL1NKS           599  0165     
QSO:    7047 CW 2026-05-30 0525 SP9GFI           599 0107  PD1RP            599  0086     
QSO:    7049 CW 2026-05-30 0526 SP9GFI           599 0108  YP5A             599  0134     
QSO:    7049 CW 2026-05-30 0526 SP9GFI           599 0109  OZ1AAR           599  0122     
QSO:    7053 CW 2026-05-30 0527 SP9GFI           599 0110  S57MZ            599  0129     
QSO:    7055 CW 2026-05-30 0528 SP9GFI           599 0111  9A60CBM          599  0196     
QSO:    7056 CW 2026-05-30 0529 SP9GFI           599 0112  EC5K             599  0103     
QSO:    7057 CW 2026-05-30 0530 SP9GFI           599 0113  9A3JH            599  0157     
QSO:    7059 CW 2026-05-30 0532 SP9GFI           599 0114  HB0DX            599  0463     
QSO:    7063 CW 2026-05-30 0534 SP9GFI           599 0115  LB1UK            599  0167     
QSO:    7067 CW 2026-05-30 0535 SP9GFI           599 0116  MM1E             599  0383     
QSO:    7070 CW 2026-05-30 0538 SP9GFI           599 0117  PA6AA            599  0088     
QSO:    7005 CW 2026-05-30 0538 SP9GFI           599 0118  4O3A             599  0611     
QSO:    7007 CW 2026-05-30 0539 SP9GFI           599 0119  LY7R             599  0327     
QSO:    7008 CW 2026-05-30 0541 SP9GFI           599 0120  SZ40A            599  0400     
QSO:    7009 CW 2026-05-30 0542 SP9GFI           599 0121  TM1A             599  0421     
QSO:    7011 CW 2026-05-30 0543 SP9GFI           599 0122  S52AW            599  0512     
QSO:    7013 CW 2026-05-30 0544 SP9GFI           599 0123  LY2J             599  0228     
QSO:    7014 CW 2026-05-30 0545 SP9GFI           599 0124  DD5M             599  0251     
QSO:    7014 CW 2026-05-30 0546 SP9GFI           599 0125  OH3OJ            599  0080     
QSO:   14003 CW 2026-05-30 0548 SP9GFI           599 0126  UP4L             599  0433     
QSO:    7002 CW 2026-05-30 0620 SP9GFI           599 0127  9A4V             599  0609     
QSO:    7008 CW 2026-05-30 0622 SP9GFI           599 0128  YT6X             599  0523     
QSO:    7011 CW 2026-05-30 0623 SP9GFI           599 0129  HG5D             599  0391     
QSO:    7011 CW 2026-05-30 0624 SP9GFI           599 0130  YT5W             599  0444     
QSO:    7012 CW 2026-05-30 0625 SP9GFI           599 0131  HA7A             599  0525     
QSO:    7012 CW 2026-05-30 0625 SP9GFI           599 0132  YL7X             599  0384     
QSO:    7013 CW 2026-05-30 0626 SP9GFI           599 0133  LY2MM            599  0280     
QSO:    7015 CW 2026-05-30 0627 SP9GFI           599 0134  G8X              599  0516     
QSO:    7016 CW 2026-05-30 0631 SP9GFI           599 0135  HA2KMR           599  0426     
QSO:    7017 CW 2026-05-30 0631 SP9GFI           599 0136  DL7ON            599  0498     
QSO:   14004 CW 2026-05-30 0635 SP9GFI           599 0137  UA9LAO           599  0347     
QSO:   14007 CW 2026-05-30 0637 SP9GFI           599 0138  NI4W             599  0459     
QSO:   14008 CW 2026-05-30 0639 SP9GFI           599 0139  WR3O             599  0840     
QSO:   14010 CW 2026-05-30 0640 SP9GFI           599 0140  TM2Q             599  0354     
QSO:   14012 CW 2026-05-30 0641 SP9GFI           599 0141  LZ5R             599  0956     
QSO:   14018 CW 2026-05-30 0643 SP9GFI           599 0142  R5RA             599  0325     
QSO:   14021 CW 2026-05-30 0644 SP9GFI           599 0143  HG0Y             599  0490     
QSO:   14021 CW 2026-05-30 0645 SP9GFI           599 0144  HB2Y             599  0241     
QSO:   14021 CW 2026-05-30 0646 SP9GFI           599 0145  UA9CDC           599  0103     
QSO:   14023 CW 2026-05-30 0648 SP9GFI           599 0146  DP7D             599  0741     
QSO:   14028 CW 2026-05-30 0651 SP9GFI           599 0147  CR6K             599  1341     
QSO:   14030 CW 2026-05-30 0651 SP9GFI           599 0148  UA4WW            599  0060     
QSO:   14031 CW 2026-05-30 0652 SP9GFI           599 0149  SV1ME            599  0173     
QSO:   14033 CW 2026-05-30 0653 SP9GFI           599 0150  EC3A             599  0446     
QSO:   14035 CW 2026-05-30 0654 SP9GFI           599 0151  LZ2HW            599  0713     
QSO:   14037 CW 2026-05-30 0655 SP9GFI           599 0152  EA5FID           599  0187     
QSO:   14038 CW 2026-05-30 0657 SP9GFI           599 0153  MD4K             599  0576     
QSO:   14040 CW 2026-05-30 0658 SP9GFI           599 0154  LX7I             599  1030     
QSO:   14041 CW 2026-05-30 0701 SP9GFI           599 0155  P40L             599  1011     
QSO:   14043 CW 2026-05-30 0704 SP9GFI           599 0156  CT7BJG           599  0337     
QSO:   14047 CW 2026-05-30 0704 SP9GFI           599 0157  UX0LL            599  0334     
QSO:   14047 CW 2026-05-30 0705 SP9GFI           599 0158  UF1A             599  0262     
QSO:   14048 CW 2026-05-30 0706 SP9GFI           599 0159  OP0HQ            599  0549     
QSO:   14052 CW 2026-05-30 0709 SP9GFI           599 0160  PA4O             599  0176     
QSO:   14052 CW 2026-05-30 0709 SP9GFI           599 0161  OG50YL           599  0326     
QSO:   14053 CW 2026-05-30 0710 SP9GFI           599 0162  HB9AA            599  0361     
QSO:   14053 CW 2026-05-30 0711 SP9GFI           599 0163  Z32U             599  0112     
QSO:   14062 CW 2026-05-30 0713 SP9GFI           599 0164  RU4SO            599  0159     
QSO:   14062 CW 2026-05-30 0714 SP9GFI           599 0165  OG1F             599  0618     
QSO:   14063 CW 2026-05-30 0715 SP9GFI           599 0166  OM4Q             599  0493     
QSO:   14064 CW 2026-05-30 0716 SP9GFI           599 0167  P30A             599  0585     
QSO:   14066 CW 2026-05-30 0716 SP9GFI           599 0168  OI3V             599  0408     
QSO:   14067 CW 2026-05-30 0717 SP9GFI           599 0169  ES6DO            599  0075     
QSO:   14069 CW 2026-05-30 0720 SP9GFI           599 0170  OZ5W             599  0391     
QSO:   14070 CW 2026-05-30 0721 SP9GFI           599 0171  M7M              599  0278     
QSO:   14002 CW 2026-05-30 0722 SP9GFI           599 0172  G9W              599  0405     
QSO:   14004 CW 2026-05-30 0723 SP9GFI           599 0173  TM6M             599  0899     
QSO:   14005 CW 2026-05-30 0724 SP9GFI           599 0174  DP6A             599  0546     
QSO:   14007 CW 2026-05-30 0725 SP9GFI           599 0175  IF9/IT9PPG       599  0297     
QSO:   14011 CW 2026-05-30 0727 SP9GFI           599 0176  M6N              599  0210     
QSO:   14015 CW 2026-05-30 0728 SP9GFI           599 0177  LZ4R             599  0067     
QSO:   14018 CW 2026-05-30 0730 SP9GFI           599 0178  IZ5EKV           599  0107     
QSO:   14019 CW 2026-05-30 0730 SP9GFI           599 0179  YO4NT            599  0179     
QSO:   14021 CW 2026-05-30 0733 SP9GFI           599 0180  9H6A             599  0529     
QSO:   14021 CW 2026-05-30 0734 SP9GFI           599 0181  9H6A             599  0529     
QSO:   14022 CW 2026-05-30 0736 SP9GFI           599 0182  LZ7A             599  0088     
QSO:    7019 CW 2026-05-30 0738 SP9GFI           599 0183  F6HJO            599  0153     
QSO:    7019 CW 2026-05-30 0738 SP9GFI           599 0184  HA4ZS            599  0208     
QSO:    7019 CW 2026-05-30 0741 SP9GFI           599 0185  YT6X             599  0644     
QSO:    7019 CW 2026-05-30 0741 SP9GFI           599 0186  DJ8EW            599  0154     
QSO:    7019 CW 2026-05-30 0742 SP9GFI           599 0187  LY5W             599  0514     
QSO:    7019 CW 2026-05-30 0744 SP9GFI           599 0188  ES1OX            599  0071     
QSO:   21034 CW 2026-05-30 0745 SP9GFI           599 0189  RL3A             599  1104     
QSO:   21039 CW 2026-05-30 0747 SP9GFI           599 0190  OL9Z             599  0205     
QSO:   21045 CW 2026-05-30 0748 SP9GFI           599 0191  UN9L             599  0697     
QSO:   21054 CW 2026-05-30 0749 SP9GFI           599 0192  RZ3DJ            599  0019     
QSO:   21056 CW 2026-05-30 0751 SP9GFI           599 0193  UP0L             599  0754     
QSO:   21061 CW 2026-05-30 0753 SP9GFI           599 0194  EX2M             599  0279     
QSO:   28027 CW 2026-05-30 0755 SP9GFI           599 0195  SZ40A            599  0007     
QSO:   21005 CW 2026-05-30 0757 SP9GFI           599 0196  UN4Q             599  0791     
QSO:   21012 CW 2026-05-30 0759 SP9GFI           599 0197  EH100AG          599  0339     
QSO:   21013 CW 2026-05-30 0800 SP9GFI           599 0198  UN8PT            599  0250     
QSO:   21015 CW 2026-05-30 0804 SP9GFI           599 0199  EC3A             599  0527     
QSO:   21017 CW 2026-05-30 0805 SP9GFI           599 0200  RX9WN            599  0287     
QSO:   21020 CW 2026-05-30 0806 SP9GFI           599 0201  BA8BA            599  0553     
QSO:   21020 CW 2026-05-30 0806 SP9GFI           599 0202  M2L              599  0043     
QSO:   21025 CW 2026-05-30 0809 SP9GFI           599 0203  R5WW             599  0047     
QSO:   21051 CW 2026-05-30 0812 SP9GFI           599 0204  RA0R             599  0375     
QSO:   21059 CW 2026-05-30 0814 SP9GFI           599 0205  G9W              599  0049     
QSO:   21065 CW 2026-05-30 0815 SP9GFI           599 0206  5Z4A             599  0306     
QSO:   21006 CW 2026-05-30 0818 SP9GFI           599 0207  LZ5R             599  0456     
QSO:   21019 CW 2026-05-30 0824 SP9GFI           599 0208  BG0DLA           599  0542     
QSO:   21022 CW 2026-05-30 0826 SP9GFI           599 0209  IT9KQU           599  0112     
QSO:   21027 CW 2026-05-30 0827 SP9GFI           599 0210  UT7CR            599  0633     
QSO:   21028 CW 2026-05-30 0830 SP9GFI           599 0211  UA6LCN           599  0171     
QSO:    7015 CW 2026-05-30 0919 SP9GFI           599 0212  SP4JCQ           599  0487     
QSO:    7015 CW 2026-05-30 0919 SP9GFI           599 0213  LZ2HW            599  0611     
QSO:    7015 CW 2026-05-30 0920 SP9GFI           599 0214  LC5T             599  0245     
QSO:    7015 CW 2026-05-30 0921 SP9GFI           599 0215  DL5RMH           599  0177     
QSO:    7015 CW 2026-05-30 0922 SP9GFI           599 0216  LY1M             599  0003     
QSO:   21038 CW 2026-05-30 0924 SP9GFI           599 0217  UT4E             599  0196     
QSO:   21045 CW 2026-05-30 0928 SP9GFI           599 0218  OG73X            599  0554     
QSO:   21049 CW 2026-05-30 0928 SP9GFI           599 0219  EA3NO            599  0018     
QSO:   21045 CW 2026-05-30 0939 SP9GFI           599 0220  RW9DX            599  0492     
QSO:   21052 CW 2026-05-30 0959 SP9GFI           599 0221  CN3A             599  0658     
QSO:   21046 CW 2026-05-30 1001 SP9GFI           599 0222  R3OM             599  0366     
QSO:   21062 CW 2026-05-30 1004 SP9GFI           599 0223  RA9Y             599  1138     
QSO:   21018 CW 2026-05-30 1007 SP9GFI           599 0224  CR2X             599  0802     
QSO:   21007 CW 2026-05-30 1007 SP9GFI           599 0225  UA4W             599  0379     
QSO:   21033 CW 2026-05-30 1009 SP9GFI           599 0226  RT5Z             599  0248     
QSO:   21056 CW 2026-05-30 1029 SP9GFI           599 0227  JT5DX            599  0614     
QSO:   21059 CW 2026-05-30 1031 SP9GFI           599 0228  A71WW            599  0469     
QSO:   14014 CW 2026-05-30 1034 SP9GFI           599 0229  YU1YV            599  0317     
QSO:   14001 CW 2026-05-30 1034 SP9GFI           599 0230  OG7A             599  0607     
QSO:   14034 CW 2026-05-30 1035 SP9GFI           599 0231  RC1W             599  0039     
QSO:   14030 CW 2026-05-30 1036 SP9GFI           599 0232  CT9ABN           599  0028     
QSO:   14028 CW 2026-05-30 1038 SP9GFI           599 0233  YU5M             599  0421     
QSO:   14057 CW 2026-05-30 1040 SP9GFI           599 0234  OY1CT            599  0368     
QSO:   14009 CW 2026-05-30 1042 SP9GFI           599 0235  LA6OM            599  0259     
QSO:   14001 CW 2026-05-30 1043 SP9GFI           599 0236  OH0Z             599  0116     
QSO:   14044 CW 2026-05-30 1044 SP9GFI           599 0237  K1ZZ             599  0647     
QSO:   14050 CW 2026-05-30 1045 SP9GFI           599 0238  SZ40A            599  0247     
QSO:   14049 CW 2026-05-30 1046 SP9GFI           599 0239  RM3F             599  0286     
QSO:   14012 CW 2026-05-30 1047 SP9GFI           599 0240  E78A             599  0558     
QSO:   14020 CW 2026-05-30 1048 SP9GFI           599 0241  PI4RS            599  0120     
QSO:   14009 CW 2026-05-30 1050 SP9GFI           599 0242  LA8OM            599  0278     
QSO:   14008 CW 2026-05-30 1051 SP9GFI           599 0243  AB3CX            599  0521     
QSO:   21058 CW 2026-05-30 1055 SP9GFI           599 0244  UW4E             599  0477     
QSO:   21036 CW 2026-05-30 1058 SP9GFI           599 0245  EI9C             599  0612     
QSO:   21036 CW 2026-05-30 1058 SP9GFI           599 0246  EI9C             599  0614     
QSO:   21019 CW 2026-05-30 1059 SP9GFI           599 0247  EF5Y             599  1218     
QSO:   21056 CW 2026-05-30 1109 SP9GFI           599 0248  P44W             599  0518     
QSO:   14027 CW 2026-05-30 1111 SP9GFI           599 0249  TM1A             599  0582     
QSO:   14049 CW 2026-05-30 1112 SP9GFI           599 0250  RW1A             599  0926     
QSO:   14058 CW 2026-05-30 1114 SP9GFI           599 0251  IU1LCU           599  0293     
QSO:    7018 CW 2026-05-30 1115 SP9GFI           599 0252  EW1SK            599  0139     
QSO:   14028 CW 2026-05-30 1117 SP9GFI           599 0253  UP5B             599  0498     
QSO:   14013 CW 2026-05-30 1118 SP9GFI           599 0254  RK8I             599  0383     
QSO:   14014 CW 2026-05-30 1119 SP9GFI           599 0255  YT7K             599  0495     
QSO:   14000 CW 2026-05-30 1120 SP9GFI           599 0256  UA4W             599  0503     
QSO:   14061 CW 2026-05-30 1121 SP9GFI           599 0257  II8K             599  1087     
QSO:   14060 CW 2026-05-30 1123 SP9GFI           599 0258  EA2AZ            599  0203     
QSO:    7015 CW 2026-05-30 1125 SP9GFI           599 0259  YU9YAU           599  0039     
QSO:    7015 CW 2026-05-30 1125 SP9GFI           599 0260  UZ1WW            599  0146     
QSO:    7015 CW 2026-05-30 1126 SP9GFI           599 0261  S57AJ            599  0130     
QSO:    7015 CW 2026-05-30 1126 SP9GFI           599 0262  DJ9RR            599  0193     
QSO:    7015 CW 2026-05-30 1127 SP9GFI           599 0263  YU7D             599  0072     
QSO:    7015 CW 2026-05-30 1128 SP9GFI           599 0264  OZ5W             599  0712     
QSO:    7015 CW 2026-05-30 1129 SP9GFI           599 0265  YL1YF            599  0217     
QSO:    7015 CW 2026-05-30 1129 SP9GFI           599 0266  YL2EA            599  0058     
QSO:    7015 CW 2026-05-30 1130 SP9GFI           599 0267  DK7OG            599  0066     
QSO:   14050 CW 2026-05-30 1132 SP9GFI           599 0268  SZ4OA            599  0306     
QSO:   14047 CW 2026-05-30 1133 SP9GFI           599 0269  UF1F             599  0134     
QSO:   14062 CW 2026-05-30 1134 SP9GFI           599 0270  UA1ANA           599  0178     
QSO:   14065 CW 2026-05-30 1135 SP9GFI           599 0271  W1GD             599  0255     
QSO:   14062 CW 2026-05-30 1136 SP9GFI           599 0272  VE3EID           599  0515     
QSO:   14031 CW 2026-05-30 1137 SP9GFI           599 0273  EW8DX            599  0712     
QSO:   14004 CW 2026-05-30 1138 SP9GFI           599 0274  UT5NC            599  0350     
QSO:   14006 CW 2026-05-30 1138 SP9GFI           599 0275  4X6FR            599  0647     
QSO:   14023 CW 2026-05-30 1139 SP9GFI           599 0276  LZ8A             599  0427     
QSO:   14027 CW 2026-05-30 1145 SP9GFI           599 0277  RM9I             599  0828     
QSO:   14021 CW 2026-05-30 1146 SP9GFI           599 0278  R4II             599  0503     
QSO:   14009 CW 2026-05-30 1147 SP9GFI           599 0279  EU8U             599  0864     
QSO:   14052 CW 2026-05-30 1147 SP9GFI           599 0280  MM1E             599  0798     
QSO:   14051 CW 2026-05-30 1150 SP9GFI           599 0281  UZ0U             599  0498     
QSO:   14061 CW 2026-05-30 1153 SP9GFI           599 0282  PF5X             599  0164     
QSO:   14024 CW 2026-05-30 1154 SP9GFI           599 0283  TF3W             599  0566     
QSO:   14012 CW 2026-05-30 1156 SP9GFI           599 0284  RX9WN            599  0551     
QSO:   14026 CW 2026-05-30 1157 SP9GFI           599 0285  TM29X            599  0584     
QSO:   21015 CW 2026-05-30 1159 SP9GFI           599 0286  P3X              599  1799     
QSO:   21003 CW 2026-05-30 1200 SP9GFI           599 0287  OG9X             599  0444     
QSO:   21016 CW 2026-05-30 1204 SP9GFI           599 0288  IP9A/IH9         599  0088     
QSO:   21035 CW 2026-05-30 1205 SP9GFI           599 0289  RC1W             599  0137     
QSO:   14001 CW 2026-05-30 1209 SP9GFI           599 0290  J41J             599  0255     
QSO:   14056 CW 2026-05-30 1216 SP9GFI           599 0291  RA9Y             599  1377     
QSO:   14051 CW 2026-05-30 1224 SP9GFI           599 0292  ES9C             599  1251     
QSO:   14062 CW 2026-05-30 1250 SP9GFI           599 0293  AA3B             599  1314     
QSO:   14069 CW 2026-05-30 1251 SP9GFI           599 0294  RK4FM            599  0420     
QSO:   14069 CW 2026-05-30 1252 SP9GFI           599 0295  RT5T             599  0192     
QSO:   14067 CW 2026-05-30 1253 SP9GFI           599 0296  UA9CTT           599  0470     
QSO:   14067 CW 2026-05-30 1253 SP9GFI           599 0297  EV1R             599  0625     
QSO:   14065 CW 2026-05-30 1254 SP9GFI           599 0298  N1LN             599  0735     
QSO:   14065 CW 2026-05-30 1254 SP9GFI           599 0299  AD4EB            599  0868     
QSO:   14020 CW 2026-05-30 1255 SP9GFI           599 0300  UC9A             599  0660     
QSO:   21055 CW 2026-05-30 1303 SP9GFI           599 0301  9J2FI            599  0452     
QSO:   21002 CW 2026-05-30 1306 SP9GFI           599 0302  ZW7M             599  0238     
QSO:   21030 CW 2026-05-30 1311 SP9GFI           599 0303  UI7D             599  0022     
QSO:   21050 CW 2026-05-30 1313 SP9GFI           599 0304  YD1FRU           599  0369     
QSO:   21048 CW 2026-05-30 1317 SP9GFI           599 0305  RW1A             599  1209     
QSO:   21058 CW 2026-05-30 1321 SP9GFI           599 0306  ZX2T             599  0412     
QSO:   21068 CW 2026-05-30 1321 SP9GFI           599 0307  KR4Z             599  0277     
QSO:   14003 CW 2026-05-30 1324 SP9GFI           599 0308  P3X              599  2007     
QSO:   14060 CW 2026-05-30 1327 SP9GFI           599 0309  N0AT             599  0191     
QSO:    7012 CW 2026-05-30 1328 SP9GFI           599 0310  UT3WX            599  0022     
QSO:    7015 CW 2026-05-30 1331 SP9GFI           599 0311  S51J             599  0555     
QSO:    7015 CW 2026-05-30 1332 SP9GFI           599 0312  OM0WR            599  0555     
QSO:    7015 CW 2026-05-30 1333 SP9GFI           599 0313  OK1TN            599  0242     
QSO:    7015 CW 2026-05-30 1333 SP9GFI           599 0314  RL5A             599  0206     
QSO:    7015 CW 2026-05-30 1334 SP9GFI           599 0315  OK1PBU           599  0002     
QSO:    7015 CW 2026-05-30 1334 SP9GFI           599 0316  ES6DO            599  0266     
QSO:    7015 CW 2026-05-30 1335 SP9GFI           599 0317  UI3F             599  0227     
QSO:    7015 CW 2026-05-30 1335 SP9GFI           599 0318  DP9A             599  0706     
QSO:    7015 CW 2026-05-30 1336 SP9GFI           599 0319  YT9VM            599  0306     
QSO:   21024 CW 2026-05-30 1340 SP9GFI           599 0320  GX0OUR           599  0417     
QSO:   14021 CW 2026-05-30 1342 SP9GFI           599 0321  TM8K             599  0578     
QSO:   14023 CW 2026-05-30 1410 SP9GFI           599 0322  EI0Y             599  0780     
QSO:   14002 CW 2026-05-30 1411 SP9GFI           599 0323  K2SSS            599  0758     
QSO:   14017 CW 2026-05-30 1412 SP9GFI           599 0324  R4RN             599  0132     
QSO:   14027 CW 2026-05-30 1414 SP9GFI           599 0325  EA6NB            599  0171     
QSO:   21013 CW 2026-05-30 1418 SP9GFI           599 0326  GS8VL            599  0828     
QSO:   21016 CW 2026-05-30 1421 SP9GFI           599 0327  WK1Q             599  0279     
QSO:   21047 CW 2026-05-30 1423 SP9GFI           599 0328  TN8GD            599  0401     
QSO:   21061 CW 2026-05-30 1425 SP9GFI           599 0329  ED7O             599  0335     
QSO:   21051 CW 2026-05-30 1436 SP9GFI           599 0330  PJ2T             599  0845     
QSO:   21046 CW 2026-05-30 1438 SP9GFI           599 0331  K1ZZ             599  0734     
QSO:   14067 CW 2026-05-30 1449 SP9GFI           599 0332  RC3F             599  0051     
QSO:   14057 CW 2026-05-30 1450 SP9GFI           599 0333  OH5Z             599  0304     
QSO:    7010 CW 2026-05-30 1459 SP9GFI           599 0334  HA2A             599  0688     
QSO:   14048 CW 2026-05-30 1515 SP9GFI           599 0335  EA5ITT           599  0069     
QSO:    7013 CW 2026-05-30 1518 SP9GFI           599 0336  DM5EE            599  0258     
QSO:   21016 CW 2026-05-30 1522 SP9GFI           599 0337  9H6A             599  0519     
QSO:    3522 CW 2026-05-30 1911 SP9GFI           599 0338  3Z50JIU          599  0588     
QSO:    3515 CW 2026-05-30 1912 SP9GFI           599 0339  4Z4KX            599  0174     
QSO:    3513 CW 2026-05-30 1913 SP9GFI           599 0340  TA3NE            599  0169     
QSO:    3516 CW 2026-05-30 1914 SP9GFI           599 0341  DO1AYJ           599  0053     
QSO:    3525 CW 2026-05-30 1916 SP9GFI           599 0342  DL9NEI           599  0249     
QSO:    3529 CW 2026-05-30 1916 SP9GFI           599 0343  PE6Q             599  0195     
QSO:    3524 CW 2026-05-30 1917 SP9GFI           599 0344  SK3W             599  0049     
QSO:    3514 CW 2026-05-30 1918 SP9GFI           599 0345  4L5O             599  0251     
QSO:    3521 CW 2026-05-30 1921 SP9GFI           599 0346  R7KX             599  0368     
QSO:    3541 CW 2026-05-30 1922 SP9GFI           599 0347  SP9XCN           599  0951     
QSO:    3526 CW 2026-05-30 1923 SP9GFI           599 0348  DF7A             599  1001     
QSO:    3517 CW 2026-05-30 1924 SP9GFI           599 0349  SP3FSM           599  0160     
QSO:    3514 CW 2026-05-30 1925 SP9GFI           599 0350  EW2ZC            599  0513     
QSO:    3501 CW 2026-05-30 1925 SP9GFI           599 0351  II4M             599  0678     
QSO:    3517 CW 2026-05-30 1926 SP9GFI           599 0352  UR5WMM           599  0134     
QSO:    3518 CW 2026-05-30 1926 SP9GFI           599 0353  IZ4DYX           599  0144     
QSO:    3519 CW 2026-05-30 1927 SP9GFI           599 0354  EU1AI            599  0083     
QSO:    3521 CW 2026-05-30 1931 SP9GFI           599 0355  RZ9L             599  0026     
QSO:    3523 CW 2026-05-30 1932 SP9GFI           599 0356  RK3DK            599  0068     
QSO:    3533 CW 2026-05-30 1932 SP9GFI           599 0357  DK3YD            599  0447     
QSO:    3535 CW 2026-05-30 1934 SP9GFI           599 0358  LZ25W            599  0294     
QSO:    3543 CW 2026-05-30 1936 SP9GFI           599 0359  SP1MGM           599  0261     
QSO:    3543 CW 2026-05-30 1936 SP9GFI           599 0360  9A2AJ            599  0309     
QSO:    3545 CW 2026-05-30 1937 SP9GFI           599 0361  IK4WKU           599  0459     
QSO:    3541 CW 2026-05-30 1938 SP9GFI           599 0362  SN7O             599  0791     
QSO:    3537 CW 2026-05-30 1939 SP9GFI           599 0363  SQ5J             599  0153     
QSO:    3540 CW 2026-05-30 1940 SP9GFI           599 0364  EW3LN            599  0219     
QSO:    3544 CW 2026-05-30 1940 SP9GFI           599 0365  UW7X             599  0264     
QSO:    3554 CW 2026-05-30 1941 SP9GFI           599 0366  HG6Z             599  0512     
QSO:    3515 CW 2026-05-30 1941 SP9GFI           599 0367  9A8M             599  0363     
QSO:    3508 CW 2026-05-30 1942 SP9GFI           599 0368  HA6NL            599  0286     
QSO:    3513 CW 2026-05-30 1942 SP9GFI           599 0369  DP9A             599  0368     
QSO:    3511 CW 2026-05-30 1943 SP9GFI           599 0370  SE4E             599  0770     
QSO:    3512 CW 2026-05-30 1944 SP9GFI           599 0371  SN3U             599  0306     
QSO:    3509 CW 2026-05-30 1947 SP9GFI           599 0372  RU3A             599  0710     
QSO:    3509 CW 2026-05-30 1948 SP9GFI           599 0373  ES9C             599  0325     
QSO:    3509 CW 2026-05-30 1948 SP9GFI           599 0374  SP3MEP           599  0034     
QSO:    3509 CW 2026-05-30 1949 SP9GFI           599 0375  TM1A             599  0312     
QSO:    3509 CW 2026-05-30 1950 SP9GFI           599 0376  YO3GEK           599  0598     
QSO:    3509 CW 2026-05-30 1950 SP9GFI           599 0377  SM0Q             599  0173     
QSO:    3509 CW 2026-05-30 1951 SP9GFI           599 0378  R3OM             599  0712     
QSO:    3509 CW 2026-05-30 1951 SP9GFI           599 0379  DK2BJ            599  0068     
QSO:    3509 CW 2026-05-30 1952 SP9GFI           599 0380  UT7NI            599  0566     
QSO:    3509 CW 2026-05-30 1955 SP9GFI           599 0381  DA2R             599  0364     
QSO:    3509 CW 2026-05-30 1956 SP9GFI           599 0382  9A1A             599  0478     
QSO:    3509 CW 2026-05-30 1958 SP9GFI           599 0383  ME6W             599  0269     
QSO:    3509 CW 2026-05-30 1958 SP9GFI           599 0384  S57Q             599  0935     
QSO:    3509 CW 2026-05-30 1959 SP9GFI           599 0385  OG3B             599  0848     
QSO:    3506 CW 2026-05-30 2002 SP9GFI           599 0386  RJ3A             599  0400     
QSO:    3503 CW 2026-05-30 2003 SP9GFI           599 0387  YU3DX            599  0202     
QSO:    3513 CW 2026-05-30 2003 SP9GFI           599 0388  RA2FA/1          599  0328     
QSO:    3511 CW 2026-05-30 2004 SP9GFI           599 0389  9A0BB            599  1481     
QSO:    3513 CW 2026-05-30 2006 SP9GFI           599 0390  UY2RA            599  0437     
QSO:    3515 CW 2026-05-30 2007 SP9GFI           599 0391  SE0X             599  0834     
QSO:    3520 CW 2026-05-30 2009 SP9GFI           599 0392  OL0W             599  1207     
QSO:    3521 CW 2026-05-30 2010 SP9GFI           599 0393  5Q6C             599  0575     
QSO:    3523 CW 2026-05-30 2011 SP9GFI           599 0394  IQ2MI            599  0577     
QSO:    3536 CW 2026-05-30 2011 SP9GFI           599 0395  DQ6Q             599  0489     
QSO:    3526 CW 2026-05-30 2012 SP9GFI           599 0396  HA3NU            599  1543     
QSO:    3540 CW 2026-05-30 2013 SP9GFI           599 0397  UN0L             599  0568     
QSO:    3544 CW 2026-05-30 2015 SP9GFI           599 0398  SQ9RM            599  0367     
QSO:    3545 CW 2026-05-30 2016 SP9GFI           599 0399  OM7AG            599  0230     
QSO:    3555 CW 2026-05-30 2016 SP9GFI           599 0400  E71A             599  0144     
QSO:    3558 CW 2026-05-30 2017 SP9GFI           599 0401  EU5C             599  0869     
QSO:    3551 CW 2026-05-30 2018 SP9GFI           599 0402  SP9EMI           599  0206     
QSO:    3540 CW 2026-05-30 2019 SP9GFI           599 0403  P3X              599  2978     
QSO:    7033 CW 2026-05-30 2020 SP9GFI           599 0404  OK2TJ            599  0379     
QSO:    7001 CW 2026-05-30 2021 SP9GFI           599 0405  DM100CHE         599  0479     
QSO:    7003 CW 2026-05-30 2022 SP9GFI           599 0406  E74BQ            599  0057     
QSO:    7005 CW 2026-05-30 2023 SP9GFI           599 0407  SD6F             599  0242     
QSO:    7009 CW 2026-05-30 2026 SP9GFI           599 0408  ED3O             599  0627     
QSO:    7010 CW 2026-05-30 2027 SP9GFI           599 0409  YO6BLU           599  0241     
QSO:    7010 CW 2026-05-30 2027 SP9GFI           599 0410  II1X             599  0447     
QSO:    7011 CW 2026-05-30 2028 SP9GFI           599 0411  UW1G             599  0568     
QSO:    7011 CW 2026-05-30 2028 SP9GFI           599 0412  UC4L             599  1255     
QSO:    7014 CW 2026-05-30 2029 SP9GFI           599 0413  S56A             599  0255     
QSO:    7014 CW 2026-05-30 2030 SP9GFI           599 0414  DL6KVA           599  0953     
QSO:    7015 CW 2026-05-30 2031 SP9GFI           599 0415  SF1Z             599  0490     
QSO:    7015 CW 2026-05-30 2034 SP9GFI           599 0416  OP4F             599  0125     
QSO:    7017 CW 2026-05-30 2036 SP9GFI           599 0417  RU0A             599  1204     
QSO:    7018 CW 2026-05-30 2036 SP9GFI           599 0418  II9P             599  2522     
QSO:    7018 CW 2026-05-30 2037 SP9GFI           599 0419  DF8V             599  0441     
QSO:    7018 CW 2026-05-30 2038 SP9GFI           599 0420  SO7M             599  0167     
QSO:    7019 CW 2026-05-30 2040 SP9GFI           599 0421  SP/DL1EKO        599  0262     
QSO:    7011 CW 2026-05-30 2042 SP9GFI           599 0422  LZ3TL            599  0085     
QSO:    7007 CW 2026-05-30 2042 SP9GFI           599 0423  SP2XX            599  0195     
QSO:    7021 CW 2026-05-30 2043 SP9GFI           599 0424  R9GM             599  0542     
QSO:    7017 CW 2026-05-30 2045 SP9GFI           599 0425  I3FIY            599  0236     
QSO:    7025 CW 2026-05-30 2046 SP9GFI           599 0426  F8DFP            599  0413     
QSO:    7026 CW 2026-05-30 2047 SP9GFI           599 0427  SM5EPO           599  0116     
QSO:    7023 CW 2026-05-30 2048 SP9GFI           599 0428  F1FCA            599  0088     
QSO:    7027 CW 2026-05-30 2049 SP9GFI           599 0429  LZ1BP            599  0771     
QSO:    7023 CW 2026-05-30 2050 SP9GFI           599 0430  PA2W             599  0088     
QSO:    7028 CW 2026-05-30 2051 SP9GFI           599 0431  YO8SBQ           599  0550     
QSO:    7030 CW 2026-05-30 2052 SP9GFI           599 0432  RC6YA            599  0607     
QSO:    7030 CW 2026-05-30 2052 SP9GFI           599 0433  EI7M             599  0940     
QSO:    7031 CW 2026-05-30 2053 SP9GFI           599 0434  LY6O             599  0732     
QSO:    3505 CW 2026-05-30 2056 SP9GFI           599 0435  HA8WZ            599  0199     
QSO:    3515 CW 2026-05-30 2057 SP9GFI           599 0436  II3O             599  0522     
QSO:    3515 CW 2026-05-30 2058 SP9GFI           599 0437  UW5Y             599  1576     
QSO:    3516 CW 2026-05-30 2058 SP9GFI           599 0438  OI5AY            599  0354     
QSO:    3518 CW 2026-05-30 2059 SP9GFI           599 0439  HG26TISZA        599  1123     
QSO:    3518 CW 2026-05-30 2100 SP9GFI           599 0440  RM4F             599  0034     
QSO:    3519 CW 2026-05-30 2101 SP9GFI           599 0441  R2FZ             599  0152     
QSO:    3525 CW 2026-05-30 2102 SP9GFI           599 0442  SO6OO            599  0199     
QSO:    3523 CW 2026-05-30 2103 SP9GFI           599 0443  9A7T             599  0758     
QSO:    3541 CW 2026-05-30 2104 SP9GFI           599 0444  DQ80BYV          599  0520     
QSO:    3508 CW 2026-05-30 2106 SP9GFI           599 0445  PA3AAV           599  1070     
QSO:    3523 CW 2026-05-30 2107 SP9GFI           599 0446  LA7GIA           599  0757     
QSO:    3538 CW 2026-05-30 2107 SP9GFI           599 0447  SO3O             599  0336     
QSO:    3527 CW 2026-05-30 2108 SP9GFI           599 0448  G5O              599  0071     
QSO:    3550 CW 2026-05-30 2109 SP9GFI           599 0449  OL3Z             599  0187     
QSO:    3549 CW 2026-05-30 2110 SP9GFI           599 0450  DM1T             599  0500     
QSO:    3549 CW 2026-05-30 2111 SP9GFI           599 0451  SF6J             599  0611     
QSO:    7002 CW 2026-05-30 2112 SP9GFI           599 0452  RU5A             599  0574     
QSO:    7023 CW 2026-05-30 2115 SP9GFI           599 0453  EF6B             599  0303     
QSO:    7025 CW 2026-05-30 2115 SP9GFI           599 0454  YU0X             599  0164     
QSO:    7025 CW 2026-05-30 2116 SP9GFI           599 0455  RL4R             599  1174     
QSO:    3543 CW 2026-05-30 2119 SP9GFI           599 0456  LY3NX            599  0237     
QSO:    3502 CW 2026-05-30 2119 SP9GFI           599 0457  DJ5MW            599  0800     
QSO:    3546 CW 2026-05-30 2120 SP9GFI           599 0458  SM7GVF           599  1109     
QSO:    3559 CW 2026-05-30 2121 SP9GFI           599 0459  UT5ECZ           599  0240     
QSO:    3554 CW 2026-05-30 2122 SP9GFI           599 0460  YO9HP            599  0491     
QSO:    3527 CW 2026-05-30 2123 SP9GFI           599 0461  DK6SP            599  1177     
QSO:    3522 CW 2026-05-30 2125 SP9GFI           599 0462  SP5CNA           599  0741     
QSO:    3509 CW 2026-05-30 2126 SP9GFI           599 0463  RM2U             599  0594     
QSO:    3509 CW 2026-05-30 2127 SP9GFI           599 0464  G2OU             599  0547     
QSO:    7011 CW 2026-05-30 2129 SP9GFI           599 0465  G4PVM            599  0600     
QSO:    7012 CW 2026-05-30 2129 SP9GFI           599 0466  RT3F             599  0758     
QSO:    7011 CW 2026-05-30 2132 SP9GFI           599 0467  F4HYY            599  0081     
QSO:    7008 CW 2026-05-30 2134 SP9GFI           599 0468  IO9J             599  0147     
QSO:    7009 CW 2026-05-30 2135 SP9GFI           599 0469  RT4F             599  1275     
QSO:    7016 CW 2026-05-30 2137 SP9GFI           599 0470  YL9T             599  0129     
QSO:    7015 CW 2026-05-30 2137 SP9GFI           599 0471  LY5L             599  0420     
QSO:    7013 CW 2026-05-30 2138 SP9GFI           599 0472  DJ1MM            599  0220     
QSO:    3535 CW 2026-05-30 2140 SP9GFI           599 0473  SQ1EUG           599  0139     
QSO:    3521 CW 2026-05-30 2140 SP9GFI           599 0474  YL6W             599  1143     
QSO:    3505 CW 2026-05-30 2141 SP9GFI           599 0475  DF9LJ            599  0461     
QSO:    3504 CW 2026-05-30 2142 SP9GFI           599 0476  RV1AW            599  0930     
QSO:    3503 CW 2026-05-30 2142 SP9GFI           599 0477  SF1Z             599  0601     
QSO:    3520 CW 2026-05-30 2145 SP9GFI           599 0478  RK6O             599  0451     
QSO:    3524 CW 2026-05-30 2146 SP9GFI           599 0479  UR7EC            599  0222     
QSO:    3544 CW 2026-05-30 2147 SP9GFI           599 0480  EI6JK            599  0221     
QSO:    3542 CW 2026-05-30 2150 SP9GFI           599 0481  PA7F             599  0183     
QSO:    3523 CW 2026-05-30 2151 SP9GFI           599 0482  SO9I             599  1281     
QSO:    3545 CW 2026-05-30 2152 SP9GFI           599 0483  IO8O             599  0466     
QSO:    3554 CW 2026-05-30 2152 SP9GFI           599 0484  RY6ZAB           599  0383     
QSO:    7007 CW 2026-05-30 2157 SP9GFI           599 0485  MM2T             599  0523     
QSO:    3516 CW 2026-05-30 2208 SP9GFI           599 0486  LZ75HSC          599  0251     
QSO:    3504 CW 2026-05-30 2209 SP9GFI           599 0487  RA3BQ            599  0180     
QSO:    3540 CW 2026-05-30 2212 SP9GFI           599 0488  GX7C             599  1324     
QSO:    3514 CW 2026-05-30 2212 SP9GFI           599 0489  DA1A             599  0850     
QSO:    3511 CW 2026-05-30 2213 SP9GFI           599 0490  HA5BMS           599  0223     
QSO:    3509 CW 2026-05-30 2215 SP9GFI           599 0491  UW1G             599  0661     
QSO:    3523 CW 2026-05-30 2215 SP9GFI           599 0492  OL7T             599  1396     
QSO:    7005 CW 2026-05-30 2217 SP9GFI           599 0493  IK1JJM           599  0172     
QSO:    7015 CW 2026-05-30 2218 SP9GFI           599 0494  UN3J             599  1025     
QSO:    7011 CW 2026-05-30 2220 SP9GFI           599 0495  RN1A             599  0060     
QSO:    7030 CW 2026-05-30 2221 SP9GFI           599 0496  EA4JI            599  0241     
QSO:    7063 CW 2026-05-30 2223 SP9GFI           599 0497  YO/LZ4UU         599  0194     
QSO:    7055 CW 2026-05-30 2224 SP9GFI           599 0498  4Z5PN            599  0418     
QSO:    7053 CW 2026-05-30 2225 SP9GFI           599 0499  PY2XL            599  0493     
QSO:    7061 CW 2026-05-30 2227 SP9GFI           599 0500  CT3KN            599  1861     
QSO:    7050 CW 2026-05-30 2227 SP9GFI           599 0501  SV2DSJ/P         599  0066     
QSO:    7056 CW 2026-05-30 2229 SP9GFI           599 0502  YL73R            599  0370     
QSO:    7036 CW 2026-05-30 2229 SP9GFI           599 0503  I2CZQ            599  0206     
QSO:    7023 CW 2026-05-30 2230 SP9GFI           599 0504  R1BH             599  0171     
QSO:    1820 CW 2026-05-30 2233 SP9GFI           599 0505  DL2RTJ           599  0032     
QSO:    1827 CW 2026-05-30 2234 SP9GFI           599 0506  OM2WQ            599  0102     
QSO:    3512 CW 2026-05-30 2237 SP9GFI           599 0507  M4D              599  0226     
QSO:    3509 CW 2026-05-30 2239 SP9GFI           599 0508  4U1ITU           599  0480     
QSO:    3522 CW 2026-05-30 2240 SP9GFI           599 0509  HG8R             599  1093     
QSO:    3514 CW 2026-05-30 2242 SP9GFI           599 0510  DM4X             599  0222     
QSO:    3520 CW 2026-05-30 2244 SP9GFI           599 0511  MI4I             599  0475     
QSO:    3519 CW 2026-05-30 2245 SP9GFI           599 0512  DJ7M             599  1101     
QSO:    3516 CW 2026-05-30 2247 SP9GFI           599 0513  DO2XU            599  0087     
QSO:    3518 CW 2026-05-30 2248 SP9GFI           599 0514  GX4GA            599  1179     
QSO:    3553 CW 2026-05-30 2250 SP9GFI           599 0515  OG6N             599  1054     
QSO:    3557 CW 2026-05-30 2250 SP9GFI           599 0516  EW4GL            599  0187     
QSO:    3548 CW 2026-05-30 2253 SP9GFI           599 0517  RU9AC            599  0437     
QSO:    3559 CW 2026-05-30 2254 SP9GFI           599 0518  UT1G             599  0192     
QSO:    1831 CW 2026-05-30 2302 SP9GFI           599 0519  I4IKW            599  0252     
QSO:    1839 CW 2026-05-30 2304 SP9GFI           599 0520  YT2RX            599  0767     
QSO:    1835 CW 2026-05-30 2305 SP9GFI           599 0521  I5MXX            599  0272     
QSO:    7002 CW 2026-05-30 2309 SP9GFI           599 0522  K1LZ             599  2207     
QSO:    7004 CW 2026-05-30 2310 SP9GFI           599 0523  CR3DX            599  3686     
QSO:    7005 CW 2026-05-30 2311 SP9GFI           599 0524  ED1R             599  1023     
QSO:    7025 CW 2026-05-30 2313 SP9GFI           599 0525  DL4YR            599  0452     
QSO:    7025 CW 2026-05-30 2314 SP9GFI           599 0526  SM6TOL           599  0433     
QSO:    7035 CW 2026-05-30 2316 SP9GFI           599 0527  DF3VM            599  0585     
QSO:   14002 CW 2026-05-30 2318 SP9GFI           599 0528  VY2TT            599  1972     
QSO:   14001 CW 2026-05-30 2318 SP9GFI           599 0529  VE3EJ            599  0741     
QSO:   14013 CW 2026-05-30 2320 SP9GFI           599 0530  KF3P             599  1471     
QSO:   14013 CW 2026-05-30 2321 SP9GFI           599 0531  KY2N             599  0473     
QSO:   14015 CW 2026-05-30 2322 SP9GFI           599 0532  RL3A             599  3224     
QSO:   14014 CW 2026-05-30 2325 SP9GFI           599 0533  W1RCR            599  1175     
QSO:   14013 CW 2026-05-30 2325 SP9GFI           599 0534  NG3R             599  1168     
QSO:   14017 CW 2026-05-30 2326 SP9GFI           599 0535  N2MF             599  0460     
QSO:   14033 CW 2026-05-30 2330 SP9GFI           599 0536  WX4CW            599  0979     
QSO:   14034 CW 2026-05-30 2331 SP9GFI           599 0537  KA1EFO           599  0023     
QSO:   14034 CW 2026-05-30 2331 SP9GFI           599 0538  NC8C             599  1837     
QSO:   14035 CW 2026-05-30 2333 SP9GFI           599 0539  WS9M             599  0649     
QSO:   14035 CW 2026-05-30 2334 SP9GFI           599 0540  PP5WX            599  1137     
QSO:   14036 CW 2026-05-30 2335 SP9GFI           599 0541  N4IQ             599  0653     
QSO:   14040 CW 2026-05-30 2336 SP9GFI           599 0542  NR4M             599  1283     
QSO:   14040 CW 2026-05-30 2337 SP9GFI           599 0543  WG4FOC           599  0283     
QSO:   14041 CW 2026-05-30 2338 SP9GFI           599 0544  KW8N             599  0160     
QSO:   14048 CW 2026-05-30 2340 SP9GFI           599 0545  W8MJ             599  1176     
QSO:   14048 CW 2026-05-30 2343 SP9GFI           599 0546  KW1X             599  0621     
QSO:   14049 CW 2026-05-30 2344 SP9GFI           599 0547  WN2O             599  0905     
QSO:   14049 CW 2026-05-30 2346 SP9GFI           599 0548  WR2G             599  0504     
QSO:   14050 CW 2026-05-30 2348 SP9GFI           599 0549  WW4R             599  0955     
QSO:   14051 CW 2026-05-30 2350 SP9GFI           599 0550  NP3Y             599  2421     
QSO:   14057 CW 2026-05-30 2355 SP9GFI           599 0551  N5JJ             599  0791     
QSO:   14059 CW 2026-05-30 2356 SP9GFI           599 0552  VA1MM            599  0705     
QSO:   14067 CW 2026-05-30 2358 SP9GFI           599 0553  NH8S             599  1335     
QSO:   14007 CW 2026-05-31 0005 SP9GFI           599 0554  ND3D             599  1232     
QSO:   14008 CW 2026-05-31 0008 SP9GFI           599 0555  PP4T             599  1352     
QSO:   14030 CW 2026-05-31 0010 SP9GFI           599 0556  NA8V             599  0987     
QSO:   14034 CW 2026-05-31 0012 SP9GFI           599 0557  3G3D             599  0183     
QSO:    3548 CW 2026-05-31 0018 SP9GFI           599 0558  S50W             599  0260     
QSO:    3515 CW 2026-05-31 0020 SP9GFI           599 0559  SD4W             599  0343     
QSO:    3512 CW 2026-05-31 0021 SP9GFI           599 0560  SM2EZT           599  0598     
QSO:    3509 CW 2026-05-31 0021 SP9GFI           599 0561  M6N              599  0212     
QSO:    3506 CW 2026-05-31 0022 SP9GFI           599 0562  SM8T             599  0224     
QSO:    7013 CW 2026-05-31 0024 SP9GFI           599 0563  W1GD             599  0491     
QSO:    7002 CW 2026-05-31 0025 SP9GFI           599 0564  N3QE             599  1375     
QSO:    7005 CW 2026-05-31 0027 SP9GFI           599 0565  AA4NC            599  1536     
QSO:    7007 CW 2026-05-31 0028 SP9GFI           599 0566  K1RX             599  0983     
QSO:    7011 CW 2026-05-31 0029 SP9GFI           599 0567  VA1EET           599  2309     
QSO:    7012 CW 2026-05-31 0032 SP9GFI           599 0568  NR4M             599  0991     
QSO:    7019 CW 2026-05-31 0035 SP9GFI           599 0569  N1LN             599  1482     
QSO:    7025 CW 2026-05-31 0036 SP9GFI           599 0570  NY4A             599  1685     
QSO:    7024 CW 2026-05-31 0037 SP9GFI           599 0571  CR2X             599  2386     
QSO:    7022 CW 2026-05-31 0039 SP9GFI           599 0572  7S7V             599  0364     
QSO:    7026 CW 2026-05-31 0040 SP9GFI           599 0573  VA2WA            599  2147     
QSO:    7016 CW 2026-05-31 0045 SP9GFI           599 0574  SD0D             599  0797     
QSO:    7033 CW 2026-05-31 0047 SP9GFI           599 0575  K3RA             599  0677     
QSO:    7039 CW 2026-05-31 0049 SP9GFI           599 0576  WK1Q             599  0544     
QSO:    7039 CW 2026-05-31 0050 SP9GFI           599 0577  AA3B             599  2480     
QSO:    7041 CW 2026-05-31 0051 SP9GFI           599 0578  W1MX             599  0752     
QSO:    7042 CW 2026-05-31 0052 SP9GFI           599 0579  M6N              599  0646     
QSO:    7043 CW 2026-05-31 0054 SP9GFI           599 0580  WN2O             599  1023     
QSO:    7044 CW 2026-05-31 0056 SP9GFI           599 0581  NM4AA            599  1163     
QSO:    7044 CW 2026-05-31 0057 SP9GFI           599 0582  EF8R             599  1308     
QSO:    3523 CW 2026-05-31 0058 SP9GFI           599 0583  SP8R             599  2501     
QSO:    3525 CW 2026-05-31 0101 SP9GFI           599 0584  SO4M             599  1227     
QSO:    3539 CW 2026-05-31 0102 SP9GFI           599 0585  LN8W             599  1820     
QSO:    3520 CW 2026-05-31 0103 SP9GFI           599 0586  SC7DX            599  0175     
QSO:    3518 CW 2026-05-31 0103 SP9GFI           599 0587  HB0DX            599  1596     
QSO:    3517 CW 2026-05-31 0104 SP9GFI           599 0588  OG73X            599  1451     
QSO:   14000 CW 2026-05-31 0108 SP9GFI           599 0589  9Z4BM            599  1664     
QSO:   14002 CW 2026-05-31 0110 SP9GFI           599 0590  AA4NC            599  1645     
QSO:   14010 CW 2026-05-31 0112 SP9GFI           599 0591  ZV5M             599  0344     
QSO:   14046 CW 2026-05-31 0113 SP9GFI           599 0592  ZL4TT            599  0572     
QSO:   14053 CW 2026-05-31 0115 SP9GFI           599 0593  CN3A             599  2116     
QSO:   14056 CW 2026-05-31 0116 SP9GFI           599 0594  CT3KN            599  2193     
QSO:   14059 CW 2026-05-31 0118 SP9GFI           599 0595  N6AR             599  1243     
QSO:    1823 CW 2026-05-31 0125 SP9GFI           599 0596  DR6T             599  0168     
QSO:    3540 CW 2026-05-31 0132 SP9GFI           599 0597  TA7I             599  0310     
QSO:    3520 CW 2026-05-31 0133 SP9GFI           599 0598  K1LZ             599  2405     
QSO:    3521 CW 2026-05-31 0134 SP9GFI           599 0599  NR4M             599  0394     
QSO:    3512 CW 2026-05-31 0138 SP9GFI           599 0600  W1KM             599  0353     
QSO:    3516 CW 2026-05-31 0140 SP9GFI           599 0601  US1VM            599  0414     
QSO:    3527 CW 2026-05-31 0143 SP9GFI           599 0602  UC7A             599  1096     
QSO:    3534 CW 2026-05-31 0153 SP9GFI           599 0603  NN1AA            599  1180     
QSO:    3527 CW 2026-05-31 0203 SP9GFI           599 0604  MD2C             599  1018     
QSO:    3541 CW 2026-05-31 0203 SP9GFI           599 0605  HG3N             599  1920     
QSO:    1838 CW 2026-05-31 0205 SP9GFI           599 0606  OM6AL            599  0673     
QSO:    1839 CW 2026-05-31 0206 SP9GFI           599 0607  LZ66E            599  0283     
QSO:    1826 CW 2026-05-31 0210 SP9GFI           599 0608  CN3A             599  0176     
QSO:    7004 CW 2026-05-31 0215 SP9GFI           599 0609  NH8S             599  0934     
QSO:    7015 CW 2026-05-31 0218 SP9GFI           599 0610  NN3L             599  1204     
QSO:    7018 CW 2026-05-31 0227 SP9GFI           599 0611  N9NC             599  0835     
QSO:    7010 CW 2026-05-31 0229 SP9GFI           599 0612  EF9M             599  0821     
QSO:    3514 CW 2026-05-31 0234 SP9GFI           599 0613  UT2UB            599  0811     
QSO:   14021 CW 2026-05-31 0238 SP9GFI           599 0614  LP1H             599  1296     
QSO:   14052 CW 2026-05-31 0242 SP9GFI           599 0615  PJ2T             599  1813     
QSO:    3539 CW 2026-05-31 0245 SP9GFI           599 0616  3Z1K             599  0258     
QSO:    3536 CW 2026-05-31 0246 SP9GFI           599 0617  LY2J             599  1039     
QSO:    3536 CW 2026-05-31 0247 SP9GFI           599 0618  DK7TY            599  0273     
QSO:    3536 CW 2026-05-31 0249 SP9GFI           599 0619  SK0QO            599  0746     
QSO:    3536 CW 2026-05-31 0249 SP9GFI           599 0620  PC0A             599  1298     
QSO:    3536 CW 2026-05-31 0250 SP9GFI           599 0621  OM6TX            599  0060     
QSO:    3536 CW 2026-05-31 0250 SP9GFI           599 0622  OK3X             599  1631     
QSO:    3536 CW 2026-05-31 0251 SP9GFI           599 0623  DJ2IA            599  0214     
QSO:    3536 CW 2026-05-31 0251 SP9GFI           599 0624  LZ8E             599  0248     
QSO:    3536 CW 2026-05-31 0252 SP9GFI           599 0625  OL7K             599  0916     
QSO:    3536 CW 2026-05-31 0252 SP9GFI           599 0626  LZ5R             599  0433     
QSO:    3536 CW 2026-05-31 0253 SP9GFI           599 0627  S53X             599  1314     
QSO:    3521 CW 2026-05-31 0254 SP9GFI           599 0628  OE1CIW           599  0435     
QSO:    3536 CW 2026-05-31 0254 SP9GFI           599 0629  OK5Z             599  2181     
QSO:    7010 CW 2026-05-31 0258 SP9GFI           599 0630  Z33B             599  0511     
QSO:    7025 CW 2026-05-31 0259 SP9GFI           599 0631  SX1T             599  1059     
QSO:    7046 CW 2026-05-31 0302 SP9GFI           599 0632  KP3Z             599  0317     
QSO:    7022 CW 2026-05-31 0304 SP9GFI           599 0633  NQ1DX            599  0398     
QSO:    3522 CW 2026-05-31 0309 SP9GFI           599 0634  S59L             599  1510     
QSO:    3519 CW 2026-05-31 0309 SP9GFI           599 0635  DK4WW            599  1075     
QSO:    3525 CW 2026-05-31 0311 SP9GFI           599 0636  OH2PQ            599  0868     
QSO:    3542 CW 2026-05-31 0311 SP9GFI           599 0637  PA5KT            599  0148     
QSO:   28019 CW 2026-05-31 0723 SP9GFI           599 0638  BA8BA            599  1957     
QSO:   28021 CW 2026-05-31 0725 SP9GFI           599 0639  LZ4TX            599  0254     
QSO:   28023 CW 2026-05-31 0725 SP9GFI           599 0640  EF6T             599  0251     
QSO:   28026 CW 2026-05-31 0726 SP9GFI           599 0641  RA3AGF           599  0163     
QSO:   21009 CW 2026-05-31 0730 SP9GFI           599 0642  YL5T             599  0228     
QSO:   21011 CW 2026-05-31 0731 SP9GFI           599 0643  R6AF             599  0616     
QSO:   21013 CW 2026-05-31 0733 SP9GFI           599 0644  UZ2HZ            599  0508     
QSO:   21015 CW 2026-05-31 0733 SP9GFI           599 0645  YR9F             599  0694     
QSO:   21018 CW 2026-05-31 0734 SP9GFI           599 0646  9A4W             599  0949     
QSO:   21021 CW 2026-05-31 0735 SP9GFI           599 0647  RU7M             599  1079     
QSO:   21032 CW 2026-05-31 0740 SP9GFI           599 0648  ES9C             599  1505     
QSO:   21035 CW 2026-05-31 0740 SP9GFI           599 0649  LZ4AE            599  0764     
QSO:   21028 CW 2026-05-31 0742 SP9GFI           599 0650  TA7I             599  0432     
QSO:   21029 CW 2026-05-31 0742 SP9GFI           599 0651  M6N              599  0315     
QSO:    7022 CW 2026-05-31 0747 SP9GFI           599 0652  DG9SEH           599  0363     
QSO:    7024 CW 2026-05-31 0747 SP9GFI           599 0653  DM2X             599  0917     
QSO:    7028 CW 2026-05-31 0748 SP9GFI           599 0654  OK5NZ            599  0350     
QSO:    7034 CW 2026-05-31 0748 SP9GFI           599 0655  LZ25W            599  1560     
QSO:   14001 CW 2026-05-31 0749 SP9GFI           599 0656  ED3Q             599  0571     
QSO:   14001 CW 2026-05-31 0750 SP9GFI           599 0657  SC7DX            599  0461     
QSO:   14003 CW 2026-05-31 0750 SP9GFI           599 0658  S50W             599  1259     
QSO:   14006 CW 2026-05-31 0751 SP9GFI           599 0659  LZ75HSC          599  0294     
QSO:   14011 CW 2026-05-31 0753 SP9GFI           599 0660  IK4DCX           599  0420     
QSO:   14016 CW 2026-05-31 0754 SP9GFI           599 0661  C4E              599  1701     
QSO:   14016 CW 2026-05-31 0754 SP9GFI           599 0662  S54K             599  1181     
QSO:   14018 CW 2026-05-31 0755 SP9GFI           599 0663  OP7T             599  0104     
QSO:   14020 CW 2026-05-31 0756 SP9GFI           599 0664  II1X             599  1099     
QSO:   14021 CW 2026-05-31 0757 SP9GFI           599 0665  IV3ZXF           599  0017     
QSO:   14022 CW 2026-05-31 0758 SP9GFI           599 0666  RA7A             599  0381     
QSO:   14024 CW 2026-05-31 0759 SP9GFI           599 0667  DM4X             599  0403     
QSO:   14033 CW 2026-05-31 0800 SP9GFI           599 0668  WP4X             599  2125     
QSO:   14036 CW 2026-05-31 0801 SP9GFI           599 0669  IK3VUT           599  1019     
QSO:   14037 CW 2026-05-31 0802 SP9GFI           599 0670  LZ25W            599  2432     
QSO:   14037 CW 2026-05-31 0803 SP9GFI           599 0671  SM2EKM           599  0649     
QSO:   14038 CW 2026-05-31 0804 SP9GFI           599 0672  KP2M             599  2427     
QSO:   14039 CW 2026-05-31 0804 SP9GFI           599 0673  S51R             599  0112     
QSO:   14040 CW 2026-05-31 0806 SP9GFI           599 0674  RZ1OK            599  0498     
QSO:   14042 CW 2026-05-31 0807 SP9GFI           599 0675  ES1BH            599  0230     
QSO:   14044 CW 2026-05-31 0809 SP9GFI           599 0676  UR8RF            599  0545     
QSO:   14048 CW 2026-05-31 0810 SP9GFI           599 0677  UA4FCO           599  0449     
QSO:   14055 CW 2026-05-31 0811 SP9GFI           599 0678  UY2UZ            599  0800     
QSO:   14056 CW 2026-05-31 0812 SP9GFI           599 0679  LA1K             599  0180     
QSO:   14059 CW 2026-05-31 0813 SP9GFI           599 0680  E7CW             599  1744     
QSO:   14064 CW 2026-05-31 0814 SP9GFI           599 0681  PG2AA            599  0310     
QSO:   14070 CW 2026-05-31 0815 SP9GFI           599 0682  LA9OI            599  0431     
QSO:   14051 CW 2026-05-31 0816 SP9GFI           599 0683  YT1NP            599  2123     
QSO:   14051 CW 2026-05-31 0817 SP9GFI           599 0684  LZ4W             599  0286     
QSO:   14051 CW 2026-05-31 0818 SP9GFI           599 0685  YU1Q             599  1349     
QSO:   14051 CW 2026-05-31 0820 SP9GFI           599 0686  F6EZV            599  0049     
QSO:   14051 CW 2026-05-31 0821 SP9GFI           599 0687  LZ2MP            599  0281     
QSO:   14051 CW 2026-05-31 0821 SP9GFI           599 0688  R3OR             599  0417     
QSO:   14051 CW 2026-05-31 0822 SP9GFI           599 0689  SM0OEK           599  0294     
QSO:   14051 CW 2026-05-31 0822 SP9GFI           599 0690  LB2WD            599  0068     
QSO:   14051 CW 2026-05-31 0823 SP9GFI           599 0691  UR3LM            599  0257     
QSO:   14051 CW 2026-05-31 0823 SP9GFI           599 0692  CT2IMG           599  0212     
QSO:   14051 CW 2026-05-31 0824 SP9GFI           599 0693  EU8R             599  0345     
QSO:   14051 CW 2026-05-31 0824 SP9GFI           599 0694  RT4W             599  0240     
QSO:   14051 CW 2026-05-31 0825 SP9GFI           599 0695  9A7A             599  3347     
QSO:   14051 CW 2026-05-31 0825 SP9GFI           599 0696  YO4FHU           599  0692     
QSO:   14051 CW 2026-05-31 0826 SP9GFI           599 0697  UT7CR            599  1811     
QSO:   14051 CW 2026-05-31 0827 SP9GFI           599 0698  S51Z             599  0310     
QSO:   14051 CW 2026-05-31 0829 SP9GFI           599 0699  9A3SMS           599  1400     
QSO:   21002 CW 2026-05-31 0831 SP9GFI           599 0700  OH0Z             599  0554     
QSO:   21003 CW 2026-05-31 0832 SP9GFI           599 0701  F5NIB            599  0728     
QSO:   21005 CW 2026-05-31 0833 SP9GFI           599 0702  SM2M             599  1044     
QSO:   21008 CW 2026-05-31 0834 SP9GFI           599 0703  UV1IX            599  0999     
QSO:   21013 CW 2026-05-31 0841 SP9GFI           599 0704  A60A             599  0254     
QSO:   21002 CW 2026-05-31 0842 SP9GFI           599 0705  3Z9M             599  0064     
QSO:   21074 CW 2026-05-31 0849 SP9GFI           599 0706  S50K             599  1332     
QSO:   21060 CW 2026-05-31 0854 SP9GFI           599 0707  ED3T             599  0164     
QSO:   21059 CW 2026-05-31 0856 SP9GFI           599 0708  SV8OVJ           599  0846     
QSO:   21057 CW 2026-05-31 0856 SP9GFI           599 0709  OG6N             599  1407     
QSO:   21056 CW 2026-05-31 0857 SP9GFI           599 0710  MM9ODX           599  0459     
QSO:   21055 CW 2026-05-31 0858 SP9GFI           599 0711  ES3YJ            599  0273     
QSO:   21053 CW 2026-05-31 0859 SP9GFI           599 0712  RG6G             599  1004     
QSO:   21051 CW 2026-05-31 0907 SP9GFI           599 0713  DF3VM            599  0731     
QSO:   21050 CW 2026-05-31 0907 SP9GFI           599 0714  II4M             599  1715     
QSO:   21050 CW 2026-05-31 0907 SP9GFI           599 0715  DP75HSC          599  0512     
QSO:   21044 CW 2026-05-31 0909 SP9GFI           599 0716  R9DX             599  1183     
QSO:   21044 CW 2026-05-31 0911 SP9GFI           599 0717  BG5TOX           599  1370     
QSO:   21040 CW 2026-05-31 0912 SP9GFI           599 0718  MD4K             599  2302     
QSO:   21038 CW 2026-05-31 0913 SP9GFI           599 0719  RT4F             599  1770     
QSO:   21034 CW 2026-05-31 0917 SP9GFI           599 0720  ON7PQ            599  0329     
QSO:   21014 CW 2026-05-31 0919 SP9GFI           599 0721  SM8T             599  0442     
QSO:   21013 CW 2026-05-31 0921 SP9GFI           599 0722  UC8Y             599  1207     
QSO:   21012 CW 2026-05-31 0922 SP9GFI           599 0723  UC9A             599  0847     
QSO:   21009 CW 2026-05-31 0925 SP9GFI           599 0724  MM1E             599  2054     
QSO:   21005 CW 2026-05-31 0927 SP9GFI           599 0725  LY2XW            599  1930     
QSO:   21004 CW 2026-05-31 0928 SP9GFI           599 0726  EA2ESU           599  0101     
QSO:   28042 CW 2026-05-31 0930 SP9GFI           599 0727  RW1A             599  2607     
QSO:   28018 CW 2026-05-31 0931 SP9GFI           599 0728  RY3D             599  0232     
QSO:   28045 CW 2026-05-31 0934 SP9GFI           599 0729  EC4C             599  0848     
QSO:   28046 CW 2026-05-31 0935 SP9GFI           599 0730  LX4A             599  0103     
QSO:   28054 CW 2026-05-31 0936 SP9GFI           599 0731  EB5F             599  0242     
QSO:   28052 CW 2026-05-31 0937 SP9GFI           599 0732  SN9A             599  0384     
QSO:   28037 CW 2026-05-31 0939 SP9GFI           599 0733  LZ25W            599  0346     
QSO:   28037 CW 2026-05-31 0940 SP9GFI           599 0734  UA1ANA           599  0523     
QSO:   14024 CW 2026-05-31 0943 SP9GFI           599 0735  IK7XJA           599  0400     
QSO:   14027 CW 2026-05-31 0945 SP9GFI           599 0736  UP7L             599  0946     
QSO:   14035 CW 2026-05-31 0945 SP9GFI           599 0737  IK6MNB           599  0122     
QSO:   14036 CW 2026-05-31 0946 SP9GFI           599 0738  IZ0DHC           599  0420     
QSO:   14036 CW 2026-05-31 0947 SP9GFI           599 0739  HB0DX            599  2083     
QSO:   14061 CW 2026-05-31 0949 SP9GFI           599 0740  RG5A             599  1103     
QSO:   14068 CW 2026-05-31 0952 SP9GFI           599 0741  RL4R             599  1545     
QSO:   14068 CW 2026-05-31 0952 SP9GFI           599 0742  RO5K             599  0622     
QSO:   14068 CW 2026-05-31 0952 SP9GFI           599 0743  LZ8E             599  0998     
QSO:   14068 CW 2026-05-31 0953 SP9GFI           599 0744  DG8M             599  0781     
QSO:   14068 CW 2026-05-31 0953 SP9GFI           599 0745  UX1VT            599  0900     
QSO:   14068 CW 2026-05-31 0954 SP9GFI           599 0746  GE4E             599  0302     
QSO:   14068 CW 2026-05-31 0955 SP9GFI           599 0747  SM6CNN           599  0622     
QSO:    7015 CW 2026-05-31 0958 SP9GFI           599 0748  OE3WMA           599  0739     
QSO:   28003 CW 2026-05-31 0959 SP9GFI           599 0749  OG5O             599  0404     
QSO:   28007 CW 2026-05-31 1000 SP9GFI           599 0750  EA1R             599  0375     
QSO:   28029 CW 2026-05-31 1003 SP9GFI           599 0751  TM5T             599  1139     
QSO:   28018 CW 2026-05-31 1005 SP9GFI           599 0752  9H6A             599  0285     
QSO:   28033 CW 2026-05-31 1007 SP9GFI           599 0753  LZ2GS            599  0121     
QSO:   28033 CW 2026-05-31 1008 SP9GFI           599 0754  ES9C             599  0536     
QSO:   21017 CW 2026-05-31 1013 SP9GFI           599 0755  LY1XA            599  0278     
QSO:   21020 CW 2026-05-31 1014 SP9GFI           599 0756  DF8V             599  0715     
QSO:   21037 CW 2026-05-31 1017 SP9GFI           599 0757  RN4AO            599  0313     
QSO:   21046 CW 2026-05-31 1021 SP9GFI           599 0758  LZ25W            599  1395     
QSO:   21060 CW 2026-05-31 1022 SP9GFI           599 0759  M0DXR            599  0099     
QSO:   21062 CW 2026-05-31 1023 SP9GFI           599 0760  RO7C             599  0363     
QSO:   21069 CW 2026-05-31 1024 SP9GFI           599 0761  AT5X             599  0952     
QSO:   21071 CW 2026-05-31 1025 SP9GFI           599 0762  Z35F             599  0230     
QSO:   21073 CW 2026-05-31 1026 SP9GFI           599 0763  JA1ZGO           599  1131     
QSO:   14002 CW 2026-05-31 1027 SP9GFI           599 0764  DJ5MW            599  1737     
QSO:   14002 CW 2026-05-31 1028 SP9GFI           599 0765  DL0GEO           599  0111     
QSO:   14011 CW 2026-05-31 1029 SP9GFI           599 0766  PC6R             599  0104     
QSO:   14018 CW 2026-05-31 1032 SP9GFI           599 0767  OP4F             599  0305     
QSO:   14023 CW 2026-05-31 1033 SP9GFI           599 0768  UC1A             599  0433     
QSO:   14025 CW 2026-05-31 1034 SP9GFI           599 0769  EG8IC            599  0572     
QSO:   14046 CW 2026-05-31 1036 SP9GFI           599 0770  E73B             599  1005     
QSO:   14053 CW 2026-05-31 1038 SP9GFI           599 0771  RD1A             599  0309     
QSO:   14057 CW 2026-05-31 1039 SP9GFI           599 0772  G3NKS            599  0139     
QSO:   14059 CW 2026-05-31 1041 SP9GFI           599 0773  IK5OJB           599  0227     
QSO:   14044 CW 2026-05-31 1042 SP9GFI           599 0774  KT3M             599  1649     
QSO:   14056 CW 2026-05-31 1044 SP9GFI           599 0775  IK2HKT           599  0197     
QSO:   28041 CW 2026-05-31 1046 SP9GFI           599 0776  PW2F             599  2497     
QSO:   21051 CW 2026-05-31 1047 SP9GFI           599 0777  UT5ECZ           599  0380     
QSO:   21022 CW 2026-05-31 1052 SP9GFI           599 0778  HZ1TT            599  0393     
QSO:   21040 CW 2026-05-31 1054 SP9GFI           599 0779  IP8A             599  0986     
QSO:   21044 CW 2026-05-31 1056 SP9GFI           599 0780  EI4HQ            599  0323     
QSO:   21054 CW 2026-05-31 1057 SP9GFI           599 0781  OM5R             599  0992     
QSO:   21066 CW 2026-05-31 1059 SP9GFI           599 0782  RW0AJ            599  0735     
QSO:   21034 CW 2026-05-31 1100 SP9GFI           599 0783  UF5A             599  0397     
QSO:   21018 CW 2026-05-31 1101 SP9GFI           599 0784  PX1O             599  1111     
QSO:   21024 CW 2026-05-31 1101 SP9GFI           599 0785  RW7F             599  0516     
QSO:   21012 CW 2026-05-31 1107 SP9GFI           599 0786  OL7T             599  2184     
QSO:   21014 CW 2026-05-31 1108 SP9GFI           599 0787  MX3W             599  1282     
QSO:   21017 CW 2026-05-31 1109 SP9GFI           599 0788  SE4E             599  0982     
QSO:   21018 CW 2026-05-31 1110 SP9GFI           599 0789  SZ40A            599  0782     
QSO:   21018 CW 2026-05-31 1110 SP9GFI           599 0790  LY6O             599  1127     
QSO:   21020 CW 2026-05-31 1111 SP9GFI           599 0791  EA2KV            599  0429     
QSO:   21022 CW 2026-05-31 1112 SP9GFI           599 0792  YT9A             599  1203     
QSO:   21024 CW 2026-05-31 1137 SP9GFI           599 0793  TA2DA            599  0333     
QSO:   21025 CW 2026-05-31 1138 SP9GFI           599 0794  UP5B             599  1207     
QSO:   21026 CW 2026-05-31 1139 SP9GFI           599 0795  SX1T             599  1407     
QSO:   21030 CW 2026-05-31 1142 SP9GFI           599 0796  SE5T             599  1069     
QSO:   21037 CW 2026-05-31 1144 SP9GFI           599 0797  OM4Q             599  2027     
QSO:   21038 CW 2026-05-31 1147 SP9GFI           599 0798  MD2C             599  1437     
QSO:   21049 CW 2026-05-31 1151 SP9GFI           599 0799  YO4NF            599  1549     
QSO:   21054 CW 2026-05-31 1152 SP9GFI           599 0800  R9MM             599  1037     
QSO:   21058 CW 2026-05-31 1154 SP9GFI           599 0801  JL1QOC           599  0537     
QSO:   21005 CW 2026-05-31 1157 SP9GFI           599 0802  M7M              599  1019     
QSO:   14005 CW 2026-05-31 1159 SP9GFI           599 0803  W2RQ             599  0356     
QSO:   14007 CW 2026-05-31 1159 SP9GFI           599 0804  YO9CB            599  0027     
QSO:   14012 CW 2026-05-31 1200 SP9GFI           599 0805  YT4CW            599  2443     
QSO:   14015 CW 2026-05-31 1202 SP9GFI           599 0806  EU1A             599  1946     
QSO:   14020 CW 2026-05-31 1203 SP9GFI           599 0807  UA6LUQ           599  0868     
QSO:   14021 CW 2026-05-31 1203 SP9GFI           599 0808  DR8C             599  1998     
QSO:   14029 CW 2026-05-31 1205 SP9GFI           599 0809  R1MJ             599  0105     
QSO:   14030 CW 2026-05-31 1205 SP9GFI           599 0810  DJ7M             599  1759     
QSO:   14033 CW 2026-05-31 1209 SP9GFI           599 0811  UA6YH            599  0404     
QSO:   14043 CW 2026-05-31 1211 SP9GFI           599 0812  UB4WDD           599  0238     
QSO:   14044 CW 2026-05-31 1213 SP9GFI           599 0813  IP4E             599  0417     
QSO:   14045 CW 2026-05-31 1215 SP9GFI           599 0814  IK4OMU           599  0147     
QSO:   14045 CW 2026-05-31 1215 SP9GFI           599 0815  YL9T             599  0419     
QSO:   14053 CW 2026-05-31 1217 SP9GFI           599 0816  IK0PHY           599  0165     
QSO:   14054 CW 2026-05-31 1218 SP9GFI           599 0817  II2S             599  2005     
QSO:   14056 CW 2026-05-31 1219 SP9GFI           599 0818  WX8C             599  1357     
QSO:   14056 CW 2026-05-31 1219 SP9GFI           599 0819  SM5/UY5OO        599  0294     
QSO:   14057 CW 2026-05-31 1220 SP9GFI           599 0820  EV6Z             599  0767     
QSO:   14058 CW 2026-05-31 1221 SP9GFI           599 0821  DB0DH            599  0464     
QSO:   14062 CW 2026-05-31 1222 SP9GFI           599 0822  MM/LY3X/P        599  0098     
QSO:   14065 CW 2026-05-31 1223 SP9GFI           599 0823  ON4CAU           599  0502     
QSO:   14069 CW 2026-05-31 1224 SP9GFI           599 0824  EW6EW            599  0719     
QSO:   14069 CW 2026-05-31 1224 SP9GFI           599 0825  YT0K             599  0107     
QSO:   28018 CW 2026-05-31 1227 SP9GFI           599 0826  PT5J             599  1387     
QSO:   28005 CW 2026-05-31 1228 SP9GFI           599 0827  OH2PQ            599  1148     
QSO:   28016 CW 2026-05-31 1231 SP9GFI           599 0828  R7AW             599  0187     
QSO:   28017 CW 2026-05-31 1232 SP9GFI           599 0829  LA3BO            599  0014     
QSO:   28018 CW 2026-05-31 1233 SP9GFI           599 0830  LA8HGA           599  0534     
QSO:   28022 CW 2026-05-31 1233 SP9GFI           599 0831  UA4CC            599  0174     
QSO:   28051 CW 2026-05-31 1235 SP9GFI           599 0832  PP4T             599  1912     
QSO:   28031 CW 2026-05-31 1238 SP9GFI           599 0833  CN3A             599  1026     
QSO:   21003 CW 2026-05-31 1241 SP9GFI           599 0834  PJ4PA            599  1377     
QSO:   21016 CW 2026-05-31 1243 SP9GFI           599 0835  TM29X            599  1703     
QSO:   21017 CW 2026-05-31 1244 SP9GFI           599 0836  RG2Y             599  1135     
QSO:   21023 CW 2026-05-31 1246 SP9GFI           599 0837  CT3KN            599  2403     
QSO:   21024 CW 2026-05-31 1246 SP9GFI           599 0838  F5VBU            599  0149     
QSO:   21025 CW 2026-05-31 1247 SP9GFI           599 0839  NR4M             599  0834     
QSO:   21026 CW 2026-05-31 1248 SP9GFI           599 0840  LA3BO            599  0028     
QSO:   21028 CW 2026-05-31 1249 SP9GFI           599 0841  LA8HGA           599  0542     
QSO:   21029 CW 2026-05-31 1249 SP9GFI           599 0842  YB2VSH           599  1465     
QSO:   21032 CW 2026-05-31 1251 SP9GFI           599 0843  RX6FJ            599  0771     
QSO:   21033 CW 2026-05-31 1252 SP9GFI           599 0844  OG1F             599  2553     
QSO:   21037 CW 2026-05-31 1254 SP9GFI           599 0845  RW3RN            599  0147     
QSO:   21045 CW 2026-05-31 1256 SP9GFI           599 0846  RM9I             599  2329     
QSO:   21057 CW 2026-05-31 1259 SP9GFI           599 0847  P40L             599  3747     
QSO:   21068 CW 2026-05-31 1308 SP9GFI           599 0848  VU2SRT           599  0488     
QSO:   21013 CW 2026-05-31 1315 SP9GFI           599 0849  R7NW             599  0720     
QSO:   14003 CW 2026-05-31 1318 SP9GFI           599 0850  GS8VL            599  1749     
QSO:   14020 CW 2026-05-31 1320 SP9GFI           599 0851  IZ8XXE           599  0267     
QSO:   14029 CW 2026-05-31 1324 SP9GFI           599 0852  RM1F             599  0308     
QSO:   14040 CW 2026-05-31 1329 SP9GFI           599 0853  OR7G             599  0700     
QSO:   14041 CW 2026-05-31 1330 SP9GFI           599 0854  RZ4AG            599  0473     
QSO:   14042 CW 2026-05-31 1332 SP9GFI           599 0855  IQ2MI            599  1029     
QSO:   14052 CW 2026-05-31 1335 SP9GFI           599 0856  R7AO             599  0969     
QSO:   14055 CW 2026-05-31 1336 SP9GFI           599 0857  SK3W             599  0754     
QSO:   14061 CW 2026-05-31 1338 SP9GFI           599 0858  YL5W             599  0831     
QSO:   14065 CW 2026-05-31 1340 SP9GFI           599 0859  UX2HB            599  0351     
QSO:   14066 CW 2026-05-31 1341 SP9GFI           599 0860  IC8FBU           599  0162     
QSO:   14067 CW 2026-05-31 1342 SP9GFI           599 0861  RK6O             599  0669     
QSO:   14049 CW 2026-05-31 1348 SP9GFI           599 0862  EC4C             599  0988     
QSO:   28016 CW 2026-05-31 1350 SP9GFI           599 0863  MX3W             599  0211     
QSO:    7024 CW 2026-05-31 1352 SP9GFI           599 0864  OL1C             599  1353     
QSO:    7013 CW 2026-05-31 1354 SP9GFI           599 0865  OU0W             599  0559     
QSO:    7017 CW 2026-05-31 1355 SP9GFI           599 0866  UT7NI            599  0773     
QSO:   14004 CW 2026-05-31 1359 SP9GFI           599 0867  YL5T             599  0598     
QSO:   14006 CW 2026-05-31 1400 SP9GFI           599 0868  MM2T             599  0978     
QSO:   14017 CW 2026-05-31 1403 SP9GFI           599 0869  SX1T             599  1464     
QSO:   14019 CW 2026-05-31 1405 SP9GFI           599 0870  F8DFP            599  0624     
QSO:   14024 CW 2026-05-31 1408 SP9GFI           599 0871  UA9AX            599  0152     
QSO:   14027 CW 2026-05-31 1410 SP9GFI           599 0872  RK2M             599  0332     
QSO:   14030 CW 2026-05-31 1411 SP9GFI           599 0873  YL6W             599  1806     
QSO:   14038 CW 2026-05-31 1414 SP9GFI           599 0874  RC6U             599  0083     
QSO:   14052 CW 2026-05-31 1417 SP9GFI           599 0875  RC2O             599  0510     
QSO:   14066 CW 2026-05-31 1420 SP9GFI           599 0876  IS0AFM           599  0191     
QSO:   14067 CW 2026-05-31 1421 SP9GFI           599 0877  OG6N             599  1689     
QSO:   21006 CW 2026-05-31 1423 SP9GFI           599 0878  OI3V             599  2077     
QSO:   21034 CW 2026-05-31 1426 SP9GFI           599 0879  G4PVM            599  1141     
QSO:    7016 CW 2026-05-31 1429 SP9GFI           599 0880  I2IFT            599  1156     
QSO:   14004 CW 2026-05-31 1434 SP9GFI           599 0881  II9P             599  4151     
QSO:   14009 CW 2026-05-31 1434 SP9GFI           599 0882  KC7V             599  2691     
QSO:   14011 CW 2026-05-31 1436 SP9GFI           599 0883  LA7GIA           599  1086     
QSO:   14014 CW 2026-05-31 1437 SP9GFI           599 0884  IK1JJM           599  0382     
QSO:   14016 CW 2026-05-31 1441 SP9GFI           599 0885  ME5C             599  0802     
QSO:   14009 CW 2026-05-31 1444 SP9GFI           599 0886  CR2X             599  2962     
QSO:   14010 CW 2026-05-31 1445 SP9GFI           599 0887  RZ3F             599  0354     
QSO:    7005 CW 2026-05-31 1451 SP9GFI           599 0888  DA0BCC           599  0791     
QSO:    7006 CW 2026-05-31 1452 SP9GFI           599 0889  YO3JW            599  0102     
QSO:    7009 CW 2026-05-31 1452 SP9GFI           599 0890  LY2DX            599  0776     
QSO:    7013 CW 2026-05-31 1456 SP9GFI           599 0891  IK7XJA           599  0539     
QSO:    7023 CW 2026-05-31 1457 SP9GFI           599 0892  IQ1LA            599  0708     
QSO:    7033 CW 2026-05-31 1458 SP9GFI           599 0893  SQ9I             599  0471     
QSO:    7008 CW 2026-05-31 1501 SP9GFI           599 0894  YU65AEC          599  0485     
QSO:    7009 CW 2026-05-31 1505 SP9GFI           599 0895  HA76MAV          599  0059     
QSO:    7022 CW 2026-05-31 1508 SP9GFI           599 0896  OK1Z             599  1414     
QSO:    7001 CW 2026-05-31 1512 SP9GFI           599 0897  DL5ANT           599  0135     
QSO:    7020 CW 2026-05-31 1516 SP9GFI           599 0898  LZ100LZ          599  0125     
QSO:    7024 CW 2026-05-31 1520 SP9GFI           599 0899  YR8R             599  0017     
QSO:    7033 CW 2026-05-31 1521 SP9GFI           599 0900  HA3NU            599  2584     
QSO:    7005 CW 2026-05-31 1522 SP9GFI           599 0901  DF8AE            599  0049     
QSO:    7014 CW 2026-05-31 1523 SP9GFI           599 0902  YO4FHU           599  0819     
QSO:   14006 CW 2026-05-31 1537 SP9GFI           599 0903  BA8BA            599  2282     
QSO:   14000 CW 2026-05-31 1542 SP9GFI           599 0904  JT5DX            599  2187     
QSO:   14012 CW 2026-05-31 1547 SP9GFI           599 0905  CT1DRB           599  0291     
QSO:   14030 CW 2026-05-31 1549 SP9GFI           599 0906  LZ1QN            599  0568     
QSO:   14035 CW 2026-05-31 1549 SP9GFI           599 0907  EC5K             599  1507     
QSO:    7032 CW 2026-05-31 1552 SP9GFI           599 0908  S53X             599  1703     
QSO:    7032 CW 2026-05-31 1553 SP9GFI           599 0909  DK9DA            599  0531     
QSO:    7032 CW 2026-05-31 1554 SP9GFI           599 0910  YT2U             599  0243     
QSO:    7032 CW 2026-05-31 1554 SP9GFI           599 0911  DK7TY            599  0453     
QSO:    7032 CW 2026-05-31 1555 SP9GFI           599 0912  S51RW            599  0196     
QSO:    7032 CW 2026-05-31 1556 SP9GFI           599 0913  S51YI            599  1308     
QSO:    7032 CW 2026-05-31 1556 SP9GFI           599 0914  PA0CT            599  0480     
QSO:    7032 CW 2026-05-31 1558 SP9GFI           599 0915  HG7T             599  1143     
QSO:    7032 CW 2026-05-31 1558 SP9GFI           599 0916  LZ1IQ            599  0367     
QSO:    7032 CW 2026-05-31 1559 SP9GFI           599 0917  EV4R             599  0248     
QSO:    7032 CW 2026-05-31 1600 SP9GFI           599 0918  HA7I             599  2296     
QSO:    7032 CW 2026-05-31 1600 SP9GFI           599 0919  G4N              599  0606     
QSO:    7032 CW 2026-05-31 1600 SP9GFI           599 0920  OL3Z             599  1231     
QSO:    7032 CW 2026-05-31 1601 SP9GFI           599 0921  DK5ZX            599  0290     
QSO:    7032 CW 2026-05-31 1602 SP9GFI           599 0922  DA1NEN           599  0089     
QSO:    7032 CW 2026-05-31 1603 SP9GFI           599 0923  G6AY             599  0166     
QSO:    7032 CW 2026-05-31 1605 SP9GFI           599 0924  LZ1VKD           599  0498     
QSO:    7032 CW 2026-05-31 1606 SP9GFI           599 0925  DA2X             599  2498     
QSO:    7032 CW 2026-05-31 1606 SP9GFI           599 0926  UA4AF            599  0621     
QSO:    7032 CW 2026-05-31 1607 SP9GFI           599 0927  DK4LX            599  0417     
QSO:    7032 CW 2026-05-31 1608 SP9GFI           599 0928  SP1AEN           599  1152     
QSO:    7032 CW 2026-05-31 1609 SP9GFI           599 0929  MX1COL           599  0091     
QSO:    7032 CW 2026-05-31 1609 SP9GFI           599 0930  US1VM            599  0583     
QSO:    7032 CW 2026-05-31 1610 SP9GFI           599 0931  YO8OLY           599  0356     
QSO:    7032 CW 2026-05-31 1610 SP9GFI           599 0932  LY3QA            599  0492     
QSO:    7032 CW 2026-05-31 1611 SP9GFI           599 0933  EU1DC            599  1153     
QSO:    7032 CW 2026-05-31 1611 SP9GFI           599 0934  TM6M             599  3233     
QSO:    7032 CW 2026-05-31 1612 SP9GFI           599 0935  GS0TOW           599  0033     
QSO:    7032 CW 2026-05-31 1614 SP9GFI           599 0936  LZ7DX            599  0557     
QSO:    7032 CW 2026-05-31 1615 SP9GFI           599 0937  UW3WU            599  0564     
QSO:    7032 CW 2026-05-31 1616 SP9GFI           599 0938  DL6RDR           599  0330     
QSO:    7032 CW 2026-05-31 1617 SP9GFI           599 0939  HA8L             599  1174     
QSO:    7032 CW 2026-05-31 1619 SP9GFI           599 0940  UR7EC            599  0404     
QSO:    7032 CW 2026-05-31 1619 SP9GFI           599 0941  DC8SG            599  0105     
QSO:    7032 CW 2026-05-31 1620 SP9GFI           599 0942  UR5KO            599  0602     
QSO:    7032 CW 2026-05-31 1620 SP9GFI           599 0943  DG6ME            599  0079     
QSO:    7032 CW 2026-05-31 1621 SP9GFI           599 0944  DK1KC            599  0777     
QSO:    7032 CW 2026-05-31 1622 SP9GFI           599 0945  UZ7E             599  1653     
QSO:    7032 CW 2026-05-31 1623 SP9GFI           599 0946  SP2QG            599  0825     
QSO:    7032 CW 2026-05-31 1624 SP9GFI           599 0947  OM0EE            599  0384     
QSO:    7032 CW 2026-05-31 1624 SP9GFI           599 0948  DK3AX            599  0199     
QSO:    7032 CW 2026-05-31 1625 SP9GFI           599 0949  SP2GCE           599  0220     
QSO:    7032 CW 2026-05-31 1625 SP9GFI           599 0950  9A5Y             599  3184     
QSO:    7032 CW 2026-05-31 1627 SP9GFI           599 0951  HG9X             599  1077     
QSO:    7032 CW 2026-05-31 1629 SP9GFI           599 0952  RK3Y             599  0309     
QSO:    7025 CW 2026-05-31 1630 SP9GFI           599 0953  RV6HV            599  0582     
QSO:    7021 CW 2026-05-31 1632 SP9GFI           599 0954  DF1QR            599  0413     
QSO:    7031 CW 2026-05-31 1633 SP9GFI           599 0955  DP5A             599  0374     
QSO:    7001 CW 2026-05-31 1634 SP9GFI           599 0956  SP3CW            599  0195     
QSO:    7010 CW 2026-05-31 1635 SP9GFI           599 0957  S59L             599  1880     
QSO:    7037 CW 2026-05-31 1635 SP9GFI           599 0958  SN7O             599  1632     
QSO:    7040 CW 2026-05-31 1636 SP9GFI           599 0959  SO7NA            599  1074     
QSO:    7016 CW 2026-05-31 1636 SP9GFI           599 0960  SP4TKR           599  1190     
QSO:    7013 CW 2026-05-31 1637 SP9GFI           599 0961  HA7RY            599  1539     
QSO:    7017 CW 2026-05-31 1638 SP9GFI           599 0962  DK6WL            599  0514     
QSO:    7006 CW 2026-05-31 1639 SP9GFI           599 0963  EU1A             599  2353     
QSO:    7003 CW 2026-05-31 1639 SP9GFI           599 0964  HG6L             599  0311     
QSO:    7002 CW 2026-05-31 1640 SP9GFI           599 0965  YO8RXP           599  0023     
QSO:    7004 CW 2026-05-31 1640 SP9GFI           599 0966  DA3M             599  1283     
QSO:    7005 CW 2026-05-31 1641 SP9GFI           599 0967  E78T             599  0073     
QSO:    7004 CW 2026-05-31 1642 SP9GFI           599 0968  E74A             599  2233     
QSO:    7007 CW 2026-05-31 1642 SP9GFI           599 0969  LY2K             599  1546     
QSO:    7009 CW 2026-05-31 1643 SP9GFI           599 0970  DA2N             599  0444     
QSO:    7014 CW 2026-05-31 1644 SP9GFI           599 0971  UY2RA            599  0829     
QSO:    7012 CW 2026-05-31 1645 SP9GFI           599 0972  IO8O             599  0949     
QSO:    7019 CW 2026-05-31 1646 SP9GFI           599 0973  DL1QW            599  0149     
QSO:    7019 CW 2026-05-31 1647 SP9GFI           599 0974  HA3HO            599  0110     
QSO:    7020 CW 2026-05-31 1647 SP9GFI           599 0975  DM2C             599  0354     
QSO:    7014 CW 2026-05-31 1648 SP9GFI           599 0976  SP1D             599  1068     
QSO:    7020 CW 2026-05-31 1649 SP9GFI           599 0977  RL3A             599  5053     
QSO:    7022 CW 2026-05-31 1653 SP9GFI           599 0978  9A0BB            599  2330     
QSO:    7025 CW 2026-05-31 1654 SP9GFI           599 0979  OL900CO          599  0317     
QSO:    3516 CW 2026-05-31 1655 SP9GFI           599 0980  OL6D             599  0027     
QSO:   14018 CW 2026-05-31 1659 SP9GFI           599 0981  ED1R             599  1403     
QSO:   14020 CW 2026-05-31 1701 SP9GFI           599 0982  EF3X             599  0389     
QSO:    7014 CW 2026-05-31 1705 SP9GFI           599 0983  YO8BGD           599  0123     
QSO:    7028 CW 2026-05-31 1706 SP9GFI           599 0984  HG4A             599  2814     
QSO:    7032 CW 2026-05-31 1708 SP9GFI           599 0985  DL2DXA/P         599  0161     
QSO:    7032 CW 2026-05-31 1709 SP9GFI           599 0986  HG6N             599  4285     
QSO:    7032 CW 2026-05-31 1709 SP9GFI           599 0987  DF1PU            599  0215     
QSO:    7032 CW 2026-05-31 1712 SP9GFI           599 0988  LY3NX            599  0366     
QSO:    7032 CW 2026-05-31 1713 SP9GFI           599 0989  OM3TVI           599  0600     
QSO:    7032 CW 2026-05-31 1714 SP9GFI           599 0990  OZ3TQ            599  0181     
QSO:    7032 CW 2026-05-31 1715 SP9GFI           599 0991  R7AC             599  0273     
QSO:    7032 CW 2026-05-31 1717 SP9GFI           599 0992  SF6W             599  0412     
QSO:    7032 CW 2026-05-31 1718 SP9GFI           599 0993  DK9VA            599  0004     
QSO:    7032 CW 2026-05-31 1718 SP9GFI           599 0994  3Z1K             599  0616     
QSO:    7032 CW 2026-05-31 1719 SP9GFI           599 0995  EW6EW            599  0789     
QSO:    7032 CW 2026-05-31 1720 SP9GFI           599 0996  US3EW            599  0349     
QSO:    7032 CW 2026-05-31 1721 SP9GFI           599 0997  PA2A             599  1008     
QSO:    7032 CW 2026-05-31 1722 SP9GFI           599 0998  EU8AF            599  0283     
QSO:    7032 CW 2026-05-31 1723 SP9GFI           599 0999  DL7DZ            599  0354     
QSO:    7032 CW 2026-05-31 1723 SP9GFI           599 1000  SE5T             599  1283     
QSO:    7032 CW 2026-05-31 1725 SP9GFI           599 1001  UR5WAQ           599  0417     
QSO:    7032 CW 2026-05-31 1726 SP9GFI           599 1002  P3X              599  4516     
QSO:    7030 CW 2026-05-31 1727 SP9GFI           599 1003  UW8SM            599  1152     
QSO:    7024 CW 2026-05-31 1822 SP9GFI           599 1004  SO5CW            599  0616     
QSO:    7005 CW 2026-05-31 1823 SP9GFI           599 1005  UY5LW            599  0262     
QSO:    7017 CW 2026-05-31 1824 SP9GFI           599 1006  DJ4WT            599  1054     
QSO:    7016 CW 2026-05-31 1825 SP9GFI           599 1007  S581L            599  0339     
QSO:    7023 CW 2026-05-31 1827 SP9GFI           599 1008  UB1Q             599  0148     
QSO:    7016 CW 2026-05-31 1828 SP9GFI           599 1009  IB3N             599  1167     
QSO:    7029 CW 2026-05-31 1829 SP9GFI           599 1010  UA3LID           599  0820     
QSO:    7026 CW 2026-05-31 1830 SP9GFI           599 1011  RG6G             599  1259     
QSO:    7038 CW 2026-05-31 1831 SP9GFI           599 1012  DM7M             599  0158     
QSO:    7048 CW 2026-05-31 1832 SP9GFI           599 1013  DG5E             599  0304     
QSO:    3515 CW 2026-05-31 1834 SP9GFI           599 1014  ON8GA            599  1261     
QSO:   14023 CW 2026-05-31 1837 SP9GFI           599 1015  ED7W             599  2070     
QSO:   14034 CW 2026-05-31 1838 SP9GFI           599 1016  LA3BO            599  0359     
QSO:    7064 CW 2026-05-31 1841 SP9GFI           599 1017  YT7BW            599  0404     
QSO:    7063 CW 2026-05-31 1843 SP9GFI           599 1018  IQ6AN            599  1616     
QSO:    7016 CW 2026-05-31 1845 SP9GFI           599 1019  IZ2FME           599  0295     
QSO:    7022 CW 2026-05-31 1849 SP9GFI           599 1020  R1MJ             599  0356     
QSO:    7027 CW 2026-05-31 1851 SP9GFI           599 1021  DL1BUG           599  1165     
QSO:    7017 CW 2026-05-31 1852 SP9GFI           599 1022  LA8HGA           599  0646     
QSO:    7003 CW 2026-05-31 1853 SP9GFI           599 1023  RG5A             599  1277     
QSO:    7019 CW 2026-05-31 1854 SP9GFI           599 1024  DK1NO            599  0115     
QSO:    7021 CW 2026-05-31 1855 SP9GFI           599 1025  DL8ULF           599  1210     
QSO:    7020 CW 2026-05-31 1856 SP9GFI           599 1026  DF7TS            599  0495     
QSO:    7025 CW 2026-05-31 1857 SP9GFI           599 1027  EU8U             599  2602     
QSO:    7027 CW 2026-05-31 1858 SP9GFI           599 1028  SO3O             599  0726     
QSO:    7023 CW 2026-05-31 1859 SP9GFI           599 1029  S56C             599  0720     
QSO:    7028 CW 2026-05-31 1900 SP9GFI           599 1030  OK5D             599  0678     
QSO:    7029 CW 2026-05-31 1900 SP9GFI           599 1031  RM9I             599  2649     
QSO:    7029 CW 2026-05-31 1902 SP9GFI           599 1032  UI7D             599  0861     
QSO:    7041 CW 2026-05-31 1903 SP9GFI           599 1033  SP8R             599  3777     
QSO:    7033 CW 2026-05-31 1905 SP9GFI           599 1034  SQ7N             599  0116     
QSO:    7030 CW 2026-05-31 1906 SP9GFI           599 1035  R6AF             599  1153     
QSO:    7022 CW 2026-05-31 1907 SP9GFI           599 1036  RN4AO            599  0494     
QSO:    7015 CW 2026-05-31 1908 SP9GFI           599 1037  EV1R             599  1780     
QSO:    7022 CW 2026-05-31 1909 SP9GFI           599 1038  YU45MJA          599  0292     
QSO:    7041 CW 2026-05-31 1910 SP9GFI           599 1039  UY7RR            599  0945     
QSO:    7051 CW 2026-05-31 1911 SP9GFI           599 1040  M5M              599  0289     
QSO:    7055 CW 2026-05-31 1912 SP9GFI           599 1041  DM6EE            599  0123     
QSO:    7056 CW 2026-05-31 1912 SP9GFI           599 1042  RV1AW            599  1447     
QSO:    7056 CW 2026-05-31 1914 SP9GFI           599 1043  EU5C             599  1796     
QSO:    7047 CW 2026-05-31 1915 SP9GFI           599 1044  RX6FJ            599  1000     
QSO:    7043 CW 2026-05-31 1916 SP9GFI           599 1045  DM4X             599  0807     
QSO:    7002 CW 2026-05-31 1917 SP9GFI           599 1046  YT2RX            599  1285     
QSO:    7001 CW 2026-05-31 1918 SP9GFI           599 1047  DM4KM            599  2577     
QSO:    7030 CW 2026-05-31 1923 SP9GFI           599 1048  EI5DI            599  0187     
QSO:    7027 CW 2026-05-31 1925 SP9GFI           599 1049  RC6U             599  0277     
QSO:    7023 CW 2026-05-31 1925 SP9GFI           599 1050  TM29X            599  2067     
QSO:    7020 CW 2026-05-31 1926 SP9GFI           599 1051  UT7KZZ           599  1383     
QSO:    7015 CW 2026-05-31 1927 SP9GFI           599 1052  UR4UWY           599  0074     
QSO:    7009 CW 2026-05-31 1928 SP9GFI           599 1053  YU1ANO           599  0056     
QSO:    7009 CW 2026-05-31 1929 SP9GFI           599 1054  RU9AC            599  0929     
QSO:    7001 CW 2026-05-31 1930 SP9GFI           599 1055  UR6EA            599  2003     
QSO:    7004 CW 2026-05-31 1930 SP9GFI           599 1056  UP0L             599  3114     
QSO:    7003 CW 2026-05-31 1931 SP9GFI           599 1057  SE0X             599  1526     
QSO:    7009 CW 2026-05-31 1932 SP9GFI           599 1058  PA4O             599  1479     
QSO:    7009 CW 2026-05-31 1933 SP9GFI           599 1059  YO9CB            599  0085     
QSO:    7013 CW 2026-05-31 1934 SP9GFI           599 1060  RW1A             599  3508     
QSO:    7014 CW 2026-05-31 1935 SP9GFI           599 1061  LZ1ZJ            599  0608     
QSO:    7015 CW 2026-05-31 1936 SP9GFI           599 1062  UA3QGT           599  0699     
QSO:    7018 CW 2026-05-31 1937 SP9GFI           599 1063  DJ7EC            599  0042     
QSO:    7019 CW 2026-05-31 1938 SP9GFI           599 1064  HA8WY            599  0663     
QSO:    7017 CW 2026-05-31 1939 SP9GFI           599 1065  UY2UZ            599  1133     
QSO:    7018 CW 2026-05-31 1940 SP9GFI           599 1066  HA5BMS           599  0598     
QSO:    7020 CW 2026-05-31 1941 SP9GFI           599 1067  F5IN             599  1616     
QSO:    7021 CW 2026-05-31 1942 SP9GFI           599 1068  EV6Z             599  0868     
QSO:    7021 CW 2026-05-31 1942 SP9GFI           599 1069  SQ9RM            599  0667     
QSO:    7019 CW 2026-05-31 1943 SP9GFI           599 1070  YT4CW            599  2933     
QSO:    7022 CW 2026-05-31 1944 SP9GFI           599 1071  G5O              599  0269     
QSO:    7032 CW 2026-05-31 1945 SP9GFI           599 1072  US6EX            599  0880     
QSO:    7032 CW 2026-05-31 1945 SP9GFI           599 1073  DR7X             599  0493     
QSO:    7034 CW 2026-05-31 1947 SP9GFI           599 1074  OK6OK            599  0552     
QSO:    7016 CW 2026-05-31 1948 SP9GFI           599 1075  OM7M             599  1095     
QSO:    7008 CW 2026-05-31 1958 SP9GFI           599 1076  OM9WAW           599  0906     
QSO:    7022 CW 2026-05-31 1959 SP9GFI           599 1077  LC7X             599  0426     
QSO:    7040 CW 2026-05-31 2001 SP9GFI           599 1078  9A6M             599  0449     
QSO:    7061 CW 2026-05-31 2001 SP9GFI           599 1079  SO9I             599  2020     
QSO:    7051 CW 2026-05-31 2002 SP9GFI           599 1080  SP1MGM           599  0795     
QSO:    7067 CW 2026-05-31 2004 SP9GFI           599 1081  S58MU            599  0291     
QSO:    7058 CW 2026-05-31 2005 SP9GFI           599 1082  RG2Y             599  1577     
QSO:    7058 CW 2026-05-31 2006 SP9GFI           599 1083  UN4Q             599  3299     
QSO:    7058 CW 2026-05-31 2007 SP9GFI           599 1084  OL2C             599  0531     
QSO:    7058 CW 2026-05-31 2007 SP9GFI           599 1085  UW3WF            599  0461     
QSO:    7058 CW 2026-05-31 2009 SP9GFI           599 1086  R7AO             599  1251     
QSO:    7058 CW 2026-05-31 2010 SP9GFI           599 1087  DL2NBY           599  1387     
QSO:    7058 CW 2026-05-31 2010 SP9GFI           599 1088  RX7T             599  1084     
QSO:    7058 CW 2026-05-31 2011 SP9GFI           599 1089  UT2UB            599  1051     
QSO:    7058 CW 2026-05-31 2012 SP9GFI           599 1090  SP3VT            599  0578     
QSO:    7058 CW 2026-05-31 2013 SP9GFI           599 1091  ZA1RR            599  0631     
QSO:    7058 CW 2026-05-31 2013 SP9GFI           599 1092  M4P              599  0610     
QSO:    3543 CW 2026-05-31 2016 SP9GFI           599 1093  US5ZCF           599  0266     
QSO:    3514 CW 2026-05-31 2017 SP9GFI           599 1094  ON5JT            599  0384     
QSO:    3522 CW 2026-05-31 2018 SP9GFI           599 1095  DF7TS            599  0540     
QSO:    3522 CW 2026-05-31 2019 SP9GFI           599 1096  OZ5W             599  0674     
QSO:    3522 CW 2026-05-31 2020 SP9GFI           599 1097  DM3PKK           599  0429     
QSO:    3522 CW 2026-05-31 2020 SP9GFI           599 1098  SO1CJ            599  0636     
QSO:    3522 CW 2026-05-31 2021 SP9GFI           599 1099  OM5MX            599  0334     
QSO:    3522 CW 2026-05-31 2022 SP9GFI           599 1100  IK0XBX           599  0135     
QSO:    3522 CW 2026-05-31 2022 SP9GFI           599 1101  OK2J             599  1694     
QSO:    3522 CW 2026-05-31 2023 SP9GFI           599 1102  EF5Y             599  3729     
QSO:    3522 CW 2026-05-31 2024 SP9GFI           599 1103  DL1GME           599  0750     
QSO:    3522 CW 2026-05-31 2026 SP9GFI           599 1104  DL7DZ            599  0366     
QSO:    3522 CW 2026-05-31 2027 SP9GFI           599 1105  SP3WKW           599  0306     
QSO:    3505 CW 2026-05-31 2030 SP9GFI           599 1106  LY2DX            599  1018     
QSO:    3503 CW 2026-05-31 2030 SP9GFI           599 1107  LY4L             599  0280     
QSO:    3510 CW 2026-05-31 2031 SP9GFI           599 1108  G9W              599  0349     
QSO:    3504 CW 2026-05-31 2032 SP9GFI           599 1109  SP4AWE           599  0340     
QSO:    3511 CW 2026-05-31 2033 SP9GFI           599 1110  DF2RQ            599  1104     
QSO:    3512 CW 2026-05-31 2034 SP9GFI           599 1111  GM2V             599  0263     
QSO:    3518 CW 2026-05-31 2035 SP9GFI           599 1112  SP3HRN           599  1042     
QSO:    3516 CW 2026-05-31 2036 SP9GFI           599 1113  SQ9I             599  0488     
QSO:    3542 CW 2026-05-31 2038 SP9GFI           599 1114  EA8BW            599  3675     
QSO:    3545 CW 2026-05-31 2040 SP9GFI           599 1115  UG3G             599  0092     
QSO:    3538 CW 2026-05-31 2041 SP9GFI           599 1116  DR8M             599  0872     
QSO:    3515 CW 2026-05-31 2042 SP9GFI           599 1117  SP2FAP           599  1289     
QSO:    1828 CW 2026-05-31 2044 SP9GFI           599 1118  SP6AEG           599  0092     
QSO:    1827 CW 2026-05-31 2048 SP9GFI           599 1119  YO9HP            599  1230     
QSO:    1821 CW 2026-05-31 2048 SP9GFI           599 1120  DR1A             599  0247     
QSO:    3525 CW 2026-05-31 2051 SP9GFI           599 1121  RA8AT            599  0296     
QSO:    3547 CW 2026-05-31 2052 SP9GFI           599 1122  SN0R             599  0042     
QSO:    3539 CW 2026-05-31 2055 SP9GFI           599 1123  SA7DXR           599  0051     
QSO:    3544 CW 2026-05-31 2058 SP9GFI           599 1124  SO7NA            599  1217     
QSO:    3541 CW 2026-05-31 2059 SP9GFI           599 1125  E79D             599  0254     
QSO:    3538 CW 2026-05-31 2100 SP9GFI           599 1126  PA4O             599  1546     
QSO:    3536 CW 2026-05-31 2100 SP9GFI           599 1127  DF3VM            599  1102     
QSO:    3534 CW 2026-05-31 2101 SP9GFI           599 1128  DP5A             599  0509     
QSO:    3534 CW 2026-05-31 2102 SP9GFI           599 1129  HA5UA            599  1338     
QSO:    3532 CW 2026-05-31 2102 SP9GFI           599 1130  S53K             599  0710     
QSO:    3543 CW 2026-05-31 2105 SP9GFI           599 1131  OE5CYL           599  0543     
QSO:    3530 CW 2026-05-31 2106 SP9GFI           599 1132  9H6A             599  0158     
QSO:    3510 CW 2026-05-31 2107 SP9GFI           599 1133  S53R             599  1923     
QSO:    7041 CW 2026-05-31 2109 SP9GFI           599 1134  DH0GHU           599  1230     
QSO:    7017 CW 2026-05-31 2110 SP9GFI           599 1135  EA7BEZ           599  0628     
QSO:    7009 CW 2026-05-31 2111 SP9GFI           599 1136  DJ0YI            599  0263     
QSO:    7002 CW 2026-05-31 2112 SP9GFI           599 1137  EU3U             599  0071     
QSO:    7011 CW 2026-05-31 2113 SP9GFI           599 1138  E70A             599  0089     
QSO:    7013 CW 2026-05-31 2114 SP9GFI           599 1139  SC6O             599  0655     
QSO:    7039 CW 2026-05-31 2115 SP9GFI           599 1140  GX3OU            599  0363     
QSO:    7042 CW 2026-05-31 2117 SP9GFI           599 1141  DK0OG            599  0060     
QSO:    7054 CW 2026-05-31 2118 SP9GFI           599 1142  GE0LZL           599  0323     
QSO:    7018 CW 2026-05-31 2119 SP9GFI           599 1143  SO4M             599  2049     
QSO:    7020 CW 2026-05-31 2121 SP9GFI           599 1144  II5T             599  0441     
QSO:    7013 CW 2026-05-31 2122 SP9GFI           599 1145  DJ3XA            599  0670     
QSO:    7032 CW 2026-05-31 2125 SP9GFI           599 1146  PA9M             599  0164     
QSO:    7062 CW 2026-05-31 2128 SP9GFI           599 1147  EA8BW            599  3791     
QSO:    7062 CW 2026-05-31 2129 SP9GFI           599 1148  ED7K             599  2664     
QSO:    7044 CW 2026-05-31 2130 SP9GFI           599 1149  DJ0IF            599  0368     
QSO:    3518 CW 2026-05-31 2132 SP9GFI           599 1150  LA8HGA           599  0828     
QSO:    3522 CW 2026-05-31 2133 SP9GFI           599 1151  DL1NKS           599  0970     
QSO:    1824 CW 2026-05-31 2134 SP9GFI           599 1152  OE2VEL           599  0199     
QSO:    3510 CW 2026-05-31 2135 SP9GFI           599 1153  HG6N             599  4654     
QSO:   14022 CW 2026-05-31 2136 SP9GFI           599 1154  N3QE             599  2266     
QSO:   14003 CW 2026-05-31 2138 SP9GFI           599 1155  K3TC             599  1142     
QSO:   14005 CW 2026-05-31 2138 SP9GFI           599 1156  AJ9C             599  1175     
QSO:   14017 CW 2026-05-31 2140 SP9GFI           599 1157  NP4E             599  0831     
QSO:   14017 CW 2026-05-31 2141 SP9GFI           599 1158  W4CB             599  0621     
QSO:   14006 CW 2026-05-31 2142 SP9GFI           599 1159  PW2F             599  3255     
QSO:   14001 CW 2026-05-31 2143 SP9GFI           599 1160  WU2X             599  3966     
QSO:   14003 CW 2026-05-31 2144 SP9GFI           599 1161  K1LZ             599  3397     
QSO:   14015 CW 2026-05-31 2145 SP9GFI           599 1162  EA5GX            599  0571     
QSO:   14036 CW 2026-05-31 2148 SP9GFI           599 1163  NQ4J             599  0057     
QSO:   14025 CW 2026-05-31 2152 SP9GFI           599 1164  ZF2SS            599  3237     
QSO:   14085 CW 2026-05-31 2153 SP9GFI           599 1165  VO1AW            599  1017     
QSO:   14100 CW 2026-05-31 2154 SP9GFI           599 1166  VE9ML            599  0692     
QSO:   14090 CW 2026-05-31 2155 SP9GFI           599 1167  KE1VT            599  0231     
QSO:   14086 CW 2026-05-31 2155 SP9GFI           599 1168  NO2R             599  1333     
QSO:   14072 CW 2026-05-31 2156 SP9GFI           599 1169  NO8DX            599  1217     
QSO:    1830 CW 2026-05-31 2159 SP9GFI           599 1170  SN8A             599  0005     
QSO:    3553 CW 2026-05-31 2201 SP9GFI           599 1171  SA2OLM           599  0626     
QSO:    3520 CW 2026-05-31 2207 SP9GFI           599 1172  UT0CK            599  0200     
QSO:    3520 CW 2026-05-31 2208 SP9GFI           599 1173  OK1USP           599  0354     
QSO:    3520 CW 2026-05-31 2209 SP9GFI           599 1174  OK2ON            599  0191     
QSO:    3520 CW 2026-05-31 2209 SP9GFI           599 1175  HA5BA            599  0919     
QSO:    3520 CW 2026-05-31 2210 SP9GFI           599 1176  EV6Z             599  0987     
QSO:    3520 CW 2026-05-31 2211 SP9GFI           599 1177  LY3CY            599  0750     
QSO:    3520 CW 2026-05-31 2212 SP9GFI           599 1178  UT3N             599  0424     
QSO:    3520 CW 2026-05-31 2214 SP9GFI           599 1179  UN4Q             599  3443     
QSO:    3520 CW 2026-05-31 2214 SP9GFI           599 1180  M4E              599  0768     
QSO:    3520 CW 2026-05-31 2215 SP9GFI           599 1181  OK2GU            599  0157     
QSO:    3520 CW 2026-05-31 2215 SP9GFI           599 1182  M4P              599  0684     
QSO:    7000 CW 2026-05-31 2219 SP9GFI           599 1183  SQ3RAX           599  2726     
QSO:    3556 CW 2026-05-31 2220 SP9GFI           599 1184  ES5R             599  0108     
QSO:    1828 CW 2026-05-31 2223 SP9GFI           599 1185  EW1M             599  0293     
QSO:    1828 CW 2026-05-31 2225 SP9GFI           599 1186  LZ2HW            599  0310     
QSO:    1828 CW 2026-05-31 2226 SP9GFI           599 1187  9A1A             599  0394     
QSO:    1828 CW 2026-05-31 2226 SP9GFI           599 1188  DP9A             599  0327     
QSO:    1828 CW 2026-05-31 2227 SP9GFI           599 1189  SC7DX            599  0123     
QSO:    1828 CW 2026-05-31 2228 SP9GFI           599 1190  OG6N             599  2017     
QSO:    3511 CW 2026-05-31 2230 SP9GFI           599 1191  R8TT             599  0471     
QSO:    3532 CW 2026-05-31 2232 SP9GFI           599 1192  YO3FRI           599  0210     
QSO:    3510 CW 2026-05-31 2234 SP9GFI           599 1193  EI0W             599  1047     
QSO:    3513 CW 2026-05-31 2235 SP9GFI           599 1194  S56C             599  0787     
QSO:    1834 CW 2026-05-31 2236 SP9GFI           599 1195  EM0F             599  0524     
QSO:    1837 CW 2026-05-31 2238 SP9GFI           599 1196  Z35M             599  0195     
QSO:    1832 CW 2026-05-31 2239 SP9GFI           599 1197  LZ25W            599  0314     
QSO:    1824 CW 2026-05-31 2240 SP9GFI           599 1198  OZ5W             599  0372     
QSO:    1835 CW 2026-05-31 2242 SP9GFI           599 1199  S56X             599  0371     
QSO:    3521 CW 2026-05-31 2244 SP9GFI           599 1200  DL6KVA           599  1964     
END-OF-LOG:
