START-OF-LOG: 3.0
CONTEST: CQ-WPX-SSB
CALLSIGN: V4/SP9FIH
LOCATION: DX
CATEGORY-OPERATOR: SINGLE-OP
CATEGORY-ASSISTED: ASSISTED
CATEGORY-BAND: 10M
CATEGORY-POWER: HIGH
CATEGORY-MODE: SSB
CATEGORY-TRANSMITTER: ONE
CATEGORY-STATION: FIXED
CATEGORY-OVERLAY: TB-WIRES
GRID-LOCATOR: FK87QE
CLAIMED-SCORE: 6854175
NAME: Janusz
OPERATORS: SP9FIH
CREATED-BY: N1MM Logger+ 1.0.11148.0
QSO:   28317 PH 2026-03-28 0000 V4/SP9FIH        59  0001  KR4Z             59   0002     
QSO:   28317 PH 2026-03-28 0001 V4/SP9FIH        59  0002  K8LMH            59   0001     
QSO:   28317 PH 2026-03-28 0001 V4/SP9FIH        59  0003  KM9P             59   0002     
QSO:   28317 PH 2026-03-28 0001 V4/SP9FIH        59  0004  N9DJ             59   0001     
QSO:   28317 PH 2026-03-28 0002 V4/SP9FIH        59  0005  PY4AK            59   0001     
QSO:   28317 PH 2026-03-28 0002 V4/SP9FIH        59  0006  WB8TLI           59   0003     
QSO:   28317 PH 2026-03-28 0002 V4/SP9FIH        59  0007  K4WI             59   0002     
QSO:   28317 PH 2026-03-28 0003 V4/SP9FIH        59  0008  K8MJ             59   0006     
QSO:   28317 PH 2026-03-28 0003 V4/SP9FIH        59  0009  PU4JOE           59   0001     
QSO:   28317 PH 2026-03-28 0003 V4/SP9FIH        59  0010  PY2KQ            59   0001     
QSO:   28317 PH 2026-03-28 0003 V4/SP9FIH        59  0011  PY2MM            59   0002     
QSO:   28317 PH 2026-03-28 0004 V4/SP9FIH        59  0012  PU1JSV           59   0001     
QSO:   28317 PH 2026-03-28 0004 V4/SP9FIH        59  0013  NR6O             59   0010     
QSO:   28317 PH 2026-03-28 0004 V4/SP9FIH        59  0014  K5XU             59   0002     
QSO:   28317 PH 2026-03-28 0004 V4/SP9FIH        59  0015  WZ8DX            59   0003     
QSO:   28317 PH 2026-03-28 0004 V4/SP9FIH        59  0016  VE3TCS           59   0002     
QSO:   28317 PH 2026-03-28 0005 V4/SP9FIH        59  0017  PU2VPW           59   0001     
QSO:   28317 PH 2026-03-28 0005 V4/SP9FIH        59  0018  K9MCK            59   0002     
QSO:   28317 PH 2026-03-28 0005 V4/SP9FIH        59  0019  PU2USM           59   0001     
QSO:   28317 PH 2026-03-28 0005 V4/SP9FIH        59  0020  PY2BN            59   0001     
QSO:   28317 PH 2026-03-28 0006 V4/SP9FIH        59  0021  WB5N             59   0009     
QSO:   28317 PH 2026-03-28 0006 V4/SP9FIH        59  0022  LU7HDJ           59   0003     
QSO:   28317 PH 2026-03-28 0007 V4/SP9FIH        59  0023  PU4GOL           59   0002     
QSO:   28317 PH 2026-03-28 0007 V4/SP9FIH        59  0024  PY2PLL           59   0004     
QSO:   28317 PH 2026-03-28 0007 V4/SP9FIH        59  0025  N9ESR            59   0001     
QSO:   28317 PH 2026-03-28 0008 V4/SP9FIH        59  0026  NR4L             59   0009     
QSO:   28317 PH 2026-03-28 0008 V4/SP9FIH        59  0027  PY1KPS           59   0001     
QSO:   28317 PH 2026-03-28 0008 V4/SP9FIH        59  0028  NX9B             59   0002     
QSO:   28317 PH 2026-03-28 0008 V4/SP9FIH        59  0029  PY2OZ            59   0004     
QSO:   28317 PH 2026-03-28 0009 V4/SP9FIH        59  0030  AE4G             59   0002     
QSO:   28317 PH 2026-03-28 0009 V4/SP9FIH        59  0031  CX2TQ            59   0004     
QSO:   28317 PH 2026-03-28 0009 V4/SP9FIH        59  0032  W9MR             59   0004     
QSO:   28317 PH 2026-03-28 0009 V4/SP9FIH        59  0033  PY2WB            59   0002     
QSO:   28317 PH 2026-03-28 0010 V4/SP9FIH        59  0034  PP2RON           59   0002     
QSO:   28317 PH 2026-03-28 0010 V4/SP9FIH        59  0035  K9CI             59   0005     
QSO:   28317 PH 2026-03-28 0010 V4/SP9FIH        59  0036  CA1NPK           59   0008     
QSO:   28317 PH 2026-03-28 0010 V4/SP9FIH        59  0037  PP5BM            59   0004     
QSO:   28317 PH 2026-03-28 0011 V4/SP9FIH        59  0038  N9PN             59   0001     
QSO:   28317 PH 2026-03-28 0011 V4/SP9FIH        59  0039  K0YR             59   0011     
QSO:   28317 PH 2026-03-28 0011 V4/SP9FIH        59  0040  PU2WME           59   0004     
QSO:   28317 PH 2026-03-28 0012 V4/SP9FIH        59  0041  LU4ASR           59   0003     
QSO:   28317 PH 2026-03-28 0012 V4/SP9FIH        59  0042  PX2T             59   0001     
QSO:   28317 PH 2026-03-28 0012 V4/SP9FIH        59  0043  CE2CQ            59   0003     
QSO:   28317 PH 2026-03-28 0013 V4/SP9FIH        59  0044  KF8VS            59   0011     
QSO:   28317 PH 2026-03-28 0013 V4/SP9FIH        59  0045  KC9K             59   0017     
QSO:   28317 PH 2026-03-28 0013 V4/SP9FIH        59  0046  KC9UJS           59   0001     
QSO:   28317 PH 2026-03-28 0013 V4/SP9FIH        59  0047  PU6PQT           59   0001     
QSO:   28317 PH 2026-03-28 0014 V4/SP9FIH        59  0048  PU3EMK           59   0004     
QSO:   28317 PH 2026-03-28 0014 V4/SP9FIH        59  0049  K0AP             59   0013     
QSO:   28317 PH 2026-03-28 0015 V4/SP9FIH        59  0050  KT6LA            59   0003     
QSO:   28317 PH 2026-03-28 0015 V4/SP9FIH        59  0051  PU2MIW           59   0001     
QSO:   28317 PH 2026-03-28 0016 V4/SP9FIH        59  0052  W9AV             59   0010     
QSO:   28317 PH 2026-03-28 0017 V4/SP9FIH        59  0053  PY2UZ            59   0001     
QSO:   28317 PH 2026-03-28 0018 V4/SP9FIH        59  0054  WB0QLU           59   0019     
QSO:   28317 PH 2026-03-28 0019 V4/SP9FIH        59  0055  PT1M             59   0074     
QSO:   28317 PH 2026-03-28 0021 V4/SP9FIH        59  0056  D4M              59   0020     
QSO:   28317 PH 2026-03-28 0021 V4/SP9FIH        59  0057  LU1JHF           59   0004     
QSO:   28317 PH 2026-03-28 0022 V4/SP9FIH        59  0058  AA5Z             59   0008     
QSO:   28317 PH 2026-03-28 0023 V4/SP9FIH        59  0059  PV2P             59   0014     
QSO:   28317 PH 2026-03-28 0023 V4/SP9FIH        59  0060  PY5IN            59   0007     
QSO:   28317 PH 2026-03-28 0024 V4/SP9FIH        59  0061  NT5V             59   0037     
QSO:   28317 PH 2026-03-28 0026 V4/SP9FIH        59  0062  ZW2A             59   0009     
QSO:   28317 PH 2026-03-28 0027 V4/SP9FIH        59  0063  CX2TN            59   0001     
QSO:   28317 PH 2026-03-28 0028 V4/SP9FIH        59  0064  PY4BAL           59   0016     
QSO:   28317 PH 2026-03-28 0029 V4/SP9FIH        59  0065  PU2RDB           59   0006     
QSO:   28317 PH 2026-03-28 0029 V4/SP9FIH        59  0066  PU4RXM           59   0001     
QSO:   28317 PH 2026-03-28 0030 V4/SP9FIH        59  0067  PU4GGB           59   0006     
QSO:   28317 PH 2026-03-28 0030 V4/SP9FIH        59  0068  N0UY             59   0027     
QSO:   28317 PH 2026-03-28 0031 V4/SP9FIH        59  0069  ZP6SKY           59   0001     
QSO:   28317 PH 2026-03-28 0032 V4/SP9FIH        59  0070  PU4BSC           59   0001     
QSO:   28317 PH 2026-03-28 0033 V4/SP9FIH        59  0071  LU5EGN           59   0003     
QSO:   28317 PH 2026-03-28 0035 V4/SP9FIH        59  0072  PY2ERA           59   0011     
QSO:   28317 PH 2026-03-28 0037 V4/SP9FIH        59  0073  LT1K             59   0015     
QSO:   28317 PH 2026-03-28 0040 V4/SP9FIH        59  0074  PU2XTB           59   0003     
QSO:   28317 PH 2026-03-28 0041 V4/SP9FIH        59  0075  ZZ3M             59   0005     
QSO:   28438 PH 2026-03-28 0047 V4/SP9FIH        59  0076  PT5J             59   0158     
QSO:   28460 PH 2026-03-28 0048 V4/SP9FIH        59  0077  PU2VLW           59   0057     
QSO:   28446 PH 2026-03-28 0049 V4/SP9FIH        59  0078  PW2K             59   0126     
QSO:   28390 PH 2026-03-28 0050 V4/SP9FIH        59  0079  PP1WW            59   0052     
QSO:   28483 PH 2026-03-28 0055 V4/SP9FIH        59  0080  LT7F             59   0069     
QSO:   28484 PH 2026-03-28 0056 V4/SP9FIH        59  0081  PR2EG            59   0141     
QSO:   28501 PH 2026-03-28 0056 V4/SP9FIH        59  0082  LT3E             59   0098     
QSO:   28505 PH 2026-03-28 0057 V4/SP9FIH        59  0083  CX5A             59   0068     
QSO:   28510 PH 2026-03-28 0058 V4/SP9FIH        59  0084  LU3DK            59   0009     
QSO:   28527 PH 2026-03-28 0059 V4/SP9FIH        59  0085  ZP9HTL           59   0035     
QSO:   28550 PH 2026-03-28 0100 V4/SP9FIH        59  0086  PY2HT            59   0074     
QSO:   28477 PH 2026-03-28 0103 V4/SP9FIH        59  0087  AZ1D             59   0098     
QSO:   28471 PH 2026-03-28 0105 V4/SP9FIH        59  0088  LT5H             59   0036     
QSO:   28470 PH 2026-03-28 0106 V4/SP9FIH        59  0089  CE3VAK           59   0065     
QSO:   28415 PH 2026-03-28 0108 V4/SP9FIH        59  0090  PV2G             59   0126     
QSO:   28333 PH 2026-03-28 0112 V4/SP9FIH        59  0091  PY1AX            59   0008     
QSO:   28333 PH 2026-03-28 0113 V4/SP9FIH        59  0092  PR2RA            59   0018     
QSO:   28333 PH 2026-03-28 0115 V4/SP9FIH        59  0093  ZV4WDM           59   0013     
QSO:   28333 PH 2026-03-28 0116 V4/SP9FIH        59  0094  PY4EK            59   0044     
QSO:   28333 PH 2026-03-28 0116 V4/SP9FIH        59  0095  PU2MZI           59   0010     
QSO:   28333 PH 2026-03-28 0118 V4/SP9FIH        59  0096  PY2MCS           59   0004     
QSO:   28333 PH 2026-03-28 0118 V4/SP9FIH        59  0097  PU4CHN           59   0008     
QSO:   28333 PH 2026-03-28 0119 V4/SP9FIH        59  0098  PY2CPS           59   0029     
QSO:   28333 PH 2026-03-28 0119 V4/SP9FIH        59  0099  CB3D             59   0018     
QSO:   28333 PH 2026-03-28 0120 V4/SP9FIH        59  0100  PP5DZ            59   0078     
QSO:   28333 PH 2026-03-28 0121 V4/SP9FIH        59  0101  PU5TFG           59   0007     
QSO:   28333 PH 2026-03-28 0121 V4/SP9FIH        59  0102  D4K              59   0103     
QSO:   28333 PH 2026-03-28 0121 V4/SP9FIH        59  0103  CE2II            59   0004     
QSO:   28333 PH 2026-03-28 0121 V4/SP9FIH        59  0104  PW8AO            59   0010     
QSO:   28333 PH 2026-03-28 0122 V4/SP9FIH        59  0105  CE1WY            59   0013     
QSO:   28333 PH 2026-03-28 0123 V4/SP9FIH        59  0106  ZL1TM            59   0002     
QSO:   28333 PH 2026-03-28 0123 V4/SP9FIH        59  0107  PU2TDB           59   0016     
QSO:   28333 PH 2026-03-28 0124 V4/SP9FIH        59  0108  PY2LPM           59   0013     
QSO:   28333 PH 2026-03-28 0124 V4/SP9FIH        59  0109  CA3SQH           59   0008     
QSO:   28333 PH 2026-03-28 0125 V4/SP9FIH        59  0110  PU4BSC           59   0006     
QSO:   28333 PH 2026-03-28 0126 V4/SP9FIH        59  0111  CE2FHD           59   0031     
QSO:   28333 PH 2026-03-28 0126 V4/SP9FIH        59  0112  PY2UD            59   0119     
QSO:   28333 PH 2026-03-28 0127 V4/SP9FIH        59  0113  LU8MB            59   0004     
QSO:   28333 PH 2026-03-28 0128 V4/SP9FIH        59  0114  PU2TWZ           59   0012     
QSO:   28333 PH 2026-03-28 0128 V4/SP9FIH        59  0115  PU5ODE           59   0007     
QSO:   28333 PH 2026-03-28 0129 V4/SP9FIH        59  0116  PY5AL            59   0005     
QSO:   28333 PH 2026-03-28 0129 V4/SP9FIH        59  0117  LT7L             59   0069     
QSO:   28333 PH 2026-03-28 0130 V4/SP9FIH        59  0118  AZ6H             59   0027     
QSO:   28333 PH 2026-03-28 0131 V4/SP9FIH        59  0119  PU2ULN           59   0005     
QSO:   28333 PH 2026-03-28 0132 V4/SP9FIH        59  0120  PU4GGB           59   0018     
QSO:   28333 PH 2026-03-28 0134 V4/SP9FIH        59  0121  PU1WTW           59   0010     
QSO:   28333 PH 2026-03-28 0134 V4/SP9FIH        59  0122  PY2MHC           59   0005     
QSO:   28333 PH 2026-03-28 0135 V4/SP9FIH        59  0123  PY2WPB           59   0007     
QSO:   28333 PH 2026-03-28 0136 V4/SP9FIH        59  0124  PU2NZV           59   0005     
QSO:   28333 PH 2026-03-28 0139 V4/SP9FIH        59  0125  PT9TI            59   0021     
QSO:   28333 PH 2026-03-28 0143 V4/SP9FIH        59  0126  PU2LIK           59   0001     
QSO:   28333 PH 2026-03-28 0143 V4/SP9FIH        59  0127  ZM4T             59   0104     
QSO:   28333 PH 2026-03-28 0148 V4/SP9FIH        59  0128  CB4W             59   0043     
QSO:   28400 PH 2026-03-28 0157 V4/SP9FIH        59  0129  PU2NOR           59   0012     
QSO:   28460 PH 2026-03-28 0200 V4/SP9FIH        59  0130  PU9FDO           59   0022     
QSO:   28333 PH 2026-03-28 0205 V4/SP9FIH        59  0131  PP2CC            59   0063     
QSO:   28333 PH 2026-03-28 0206 V4/SP9FIH        59  0132  PU2USK           59   0005     
QSO:   28333 PH 2026-03-28 0218 V4/SP9FIH        59  0133  PY4BAL           59   0044     
QSO:   28458 PH 2026-03-28 0958 V4/SP9FIH        59  0134  YU0T             59   0158     
QSO:   28585 PH 2026-03-28 1012 V4/SP9FIH        59  0135  CT7BOD           59   0036     
QSO:   28408 PH 2026-03-28 1014 V4/SP9FIH        59  0136  9A5Y             59   0201     
QSO:   28425 PH 2026-03-28 1033 V4/SP9FIH        59  0137  HG6Z             59   0234     
QSO:   28425 PH 2026-03-28 1034 V4/SP9FIH        59  0138  HG6IA            59   0001     
QSO:   28425 PH 2026-03-28 1037 V4/SP9FIH        59  0139  UT4E             59   0026     
QSO:   28425 PH 2026-03-28 1039 V4/SP9FIH        59  0140  CT1FAC           59   0129     
QSO:   28425 PH 2026-03-28 1040 V4/SP9FIH        59  0141  YT4T             59   0040     
QSO:   28425 PH 2026-03-28 1041 V4/SP9FIH        59  0142  YP8T             59   0051     
QSO:   28425 PH 2026-03-28 1042 V4/SP9FIH        59  0143  HA1BC            59   0172     
QSO:   28425 PH 2026-03-28 1042 V4/SP9FIH        59  0144  CQ7X             59   1811     
QSO:   28425 PH 2026-03-28 1042 V4/SP9FIH        59  0145  EA7ITL           59   0049     
QSO:   28425 PH 2026-03-28 1043 V4/SP9FIH        59  0146  HA6KG            59   0203     
QSO:   28425 PH 2026-03-28 1043 V4/SP9FIH        59  0147  YO8SDC           59   0182     
QSO:   28425 PH 2026-03-28 1044 V4/SP9FIH        59  0148  HA6RR            59   0030     
QSO:   28425 PH 2026-03-28 1044 V4/SP9FIH        59  0149  CT2GCT           59   0101     
QSO:   28425 PH 2026-03-28 1045 V4/SP9FIH        59  0150  SV3IBF           59   0003     
QSO:   28425 PH 2026-03-28 1046 V4/SP9FIH        59  0151  SP8R             59   0020     
QSO:   28425 PH 2026-03-28 1046 V4/SP9FIH        59  0152  YT1X             59   0190     
QSO:   28425 PH 2026-03-28 1047 V4/SP9FIH        59  0153  EA7K             59   0018     
QSO:   28425 PH 2026-03-28 1047 V4/SP9FIH        59  0154  9A9O             59   0106     
QSO:   28425 PH 2026-03-28 1050 V4/SP9FIH        59  0155  YO6BLM           59   0019     
QSO:   28425 PH 2026-03-28 1050 V4/SP9FIH        59  0156  UW5U             59   0097     
QSO:   28425 PH 2026-03-28 1050 V4/SP9FIH        59  0157  CT1BOL           59   0004     
QSO:   28425 PH 2026-03-28 1052 V4/SP9FIH        59  0158  II9P             59   0124     
QSO:   28425 PH 2026-03-28 1052 V4/SP9FIH        59  0159  YO9AYN           59   0016     
QSO:   28425 PH 2026-03-28 1052 V4/SP9FIH        59  0160  I6NOA            59   0183     
QSO:   28425 PH 2026-03-28 1053 V4/SP9FIH        59  0161  HA3HA            59   0039     
QSO:   28425 PH 2026-03-28 1054 V4/SP9FIH        59  0162  SZ40A            59   0002     
QSO:   28425 PH 2026-03-28 1054 V4/SP9FIH        59  0163  EA1FTH           59   0071     
QSO:   28425 PH 2026-03-28 1056 V4/SP9FIH        59  0164  EE1G             59   0368     
QSO:   28425 PH 2026-03-28 1058 V4/SP9FIH        59  0165  YO3AK            59   0039     
QSO:   28425 PH 2026-03-28 1058 V4/SP9FIH        59  0166  E77LD            59   0071     
QSO:   28425 PH 2026-03-28 1059 V4/SP9FIH        59  0167  MM7IFX           59   0004     
QSO:   28425 PH 2026-03-28 1059 V4/SP9FIH        59  0168  UW7Q             59   0026     
QSO:   28425 PH 2026-03-28 1100 V4/SP9FIH        59  0169  UT7CR            59   0153     
QSO:   28425 PH 2026-03-28 1100 V4/SP9FIH        59  0170  MW7C             59   0067     
QSO:   28425 PH 2026-03-28 1101 V4/SP9FIH        59  0171  CS2F             59   0039     
QSO:   28425 PH 2026-03-28 1102 V4/SP9FIH        59  0172  YT1TY            59   0008     
QSO:   28425 PH 2026-03-28 1102 V4/SP9FIH        59  0173  DP6A             59   0692     
QSO:   28425 PH 2026-03-28 1104 V4/SP9FIH        59  0174  9A3ISL           59   0042     
QSO:   28425 PH 2026-03-28 1104 V4/SP9FIH        59  0175  SV1SSK           59   0087     
QSO:   28425 PH 2026-03-28 1105 V4/SP9FIH        59  0176  HA8FK            59   0138     
QSO:   28425 PH 2026-03-28 1105 V4/SP9FIH        59  0177  EI9E             59   0005     
QSO:   28425 PH 2026-03-28 1106 V4/SP9FIH        59  0178  4O3A             59   0737     
QSO:   28425 PH 2026-03-28 1107 V4/SP9FIH        59  0179  LZ1VDR           59   0072     
QSO:   28425 PH 2026-03-28 1107 V4/SP9FIH        59  0180  ZS5JY            59   0030     
QSO:   28425 PH 2026-03-28 1108 V4/SP9FIH        59  0181  R6NI             59   0001     
QSO:   28425 PH 2026-03-28 1108 V4/SP9FIH        59  0182  YT9W             59   0180     
QSO:   28425 PH 2026-03-28 1110 V4/SP9FIH        59  0183  GX7C             59   0011     
QSO:   28425 PH 2026-03-28 1111 V4/SP9FIH        59  0184  E78T             59   0085     
QSO:   28425 PH 2026-03-28 1114 V4/SP9FIH        59  0185  7Q7CT            59   0025     
QSO:   28425 PH 2026-03-28 1117 V4/SP9FIH        59  0186  EC1COU           59   0063     
QSO:   28425 PH 2026-03-28 1118 V4/SP9FIH        59  0187  YT1BX            59   0001     
QSO:   28425 PH 2026-03-28 1119 V4/SP9FIH        59  0188  UT6EE            59   0021     
QSO:   28425 PH 2026-03-28 1119 V4/SP9FIH        59  0189  YT3H             59   0029     
QSO:   28425 PH 2026-03-28 1120 V4/SP9FIH        59  0190  G0FGI            59   0068     
QSO:   28425 PH 2026-03-28 1122 V4/SP9FIH        59  0191  IK4MTF           59   0027     
QSO:   28425 PH 2026-03-28 1123 V4/SP9FIH        59  0192  G4PDR            59   0007     
QSO:   28425 PH 2026-03-28 1125 V4/SP9FIH        59  0193  YO9BXE           59   0004     
QSO:   28425 PH 2026-03-28 1125 V4/SP9FIH        59  0194  GW0TAU           59   0003     
QSO:   28425 PH 2026-03-28 1126 V4/SP9FIH        59  0195  M8FTR            59   0003     
QSO:   28425 PH 2026-03-28 1128 V4/SP9FIH        59  0196  DF3QG            59   0002     
QSO:   28425 PH 2026-03-28 1129 V4/SP9FIH        59  0197  MI5JYK           59   0126     
QSO:   28425 PH 2026-03-28 1131 V4/SP9FIH        59  0198  YP0FD            59   0163     
QSO:   28425 PH 2026-03-28 1131 V4/SP9FIH        59  0199  EA7BEM           59   0063     
QSO:   28425 PH 2026-03-28 1131 V4/SP9FIH        59  0200  2E0LMI           59   0028     
QSO:   28425 PH 2026-03-28 1132 V4/SP9FIH        59  0201  EW1P             59   0323     
QSO:   28425 PH 2026-03-28 1132 V4/SP9FIH        59  0202  UR5YDW           59   0001     
QSO:   28425 PH 2026-03-28 1133 V4/SP9FIH        59  0203  OO7W             59   0113     
QSO:   28425 PH 2026-03-28 1133 V4/SP9FIH        59  0204  M0HHG            59   0008     
QSO:   28425 PH 2026-03-28 1134 V4/SP9FIH        59  0205  LY7K             59   0076     
QSO:   28425 PH 2026-03-28 1135 V4/SP9FIH        59  0206  DR800WE          59   0103     
QSO:   28425 PH 2026-03-28 1135 V4/SP9FIH        59  0207  LY1R             59   0044     
QSO:   28425 PH 2026-03-28 1135 V4/SP9FIH        59  0208  F4EZG            59   0122     
QSO:   28425 PH 2026-03-28 1136 V4/SP9FIH        59  0209  UT8EU            59   0023     
QSO:   28425 PH 2026-03-28 1136 V4/SP9FIH        59  0210  9A5O             59   0072     
QSO:   28425 PH 2026-03-28 1136 V4/SP9FIH        59  0211  R6AF             59   0020     
QSO:   28425 PH 2026-03-28 1137 V4/SP9FIH        59  0212  G2EC             59   0681     
QSO:   28425 PH 2026-03-28 1137 V4/SP9FIH        59  0213  TM8K             59   0729     
QSO:   28425 PH 2026-03-28 1137 V4/SP9FIH        59  0214  R7MM             59   0368     
QSO:   28425 PH 2026-03-28 1138 V4/SP9FIH        59  0215  DL7OD            59   0015     
QSO:   28425 PH 2026-03-28 1138 V4/SP9FIH        59  0216  HA2NA            59   0031     
QSO:   28425 PH 2026-03-28 1138 V4/SP9FIH        59  0217  VE9MY            59   0070     
QSO:   28425 PH 2026-03-28 1138 V4/SP9FIH        59  0218  UW5Y             59   0799     
QSO:   28425 PH 2026-03-28 1138 V4/SP9FIH        59  0219  OT5A             59   0110     
QSO:   28425 PH 2026-03-28 1139 V4/SP9FIH        59  0220  DM2X             59   0354     
QSO:   28425 PH 2026-03-28 1139 V4/SP9FIH        59  0221  DF8QB            59   0017     
QSO:   28425 PH 2026-03-28 1139 V4/SP9FIH        59  0222  SP9EML           59   0044     
QSO:   28425 PH 2026-03-28 1140 V4/SP9FIH        59  0223  SP7O             59   0048     
QSO:   28425 PH 2026-03-28 1141 V4/SP9FIH        59  0224  TM2Q             59   0443     
QSO:   28425 PH 2026-03-28 1141 V4/SP9FIH        59  0225  SO5D             59   0045     
QSO:   28425 PH 2026-03-28 1141 V4/SP9FIH        59  0226  UZ7C             59   0841     
QSO:   28425 PH 2026-03-28 1141 V4/SP9FIH        59  0227  E73M             59   0603     
QSO:   28425 PH 2026-03-28 1142 V4/SP9FIH        59  0228  OG1F             59   0138     
QSO:   28425 PH 2026-03-28 1142 V4/SP9FIH        59  0229  HB9TIH           59   0056     
QSO:   28425 PH 2026-03-28 1142 V4/SP9FIH        59  0230  RC5Z             59   0055     
QSO:   28425 PH 2026-03-28 1143 V4/SP9FIH        59  0231  DL1JIJ           59   0001     
QSO:   28425 PH 2026-03-28 1143 V4/SP9FIH        59  0232  RK6YT            59   0025     
QSO:   28425 PH 2026-03-28 1144 V4/SP9FIH        59  0233  SN0K             59   0022     
QSO:   28425 PH 2026-03-28 1144 V4/SP9FIH        59  0234  OT2A             59   0030     
QSO:   28425 PH 2026-03-28 1144 V4/SP9FIH        59  0235  SP2Y             59   0005     
QSO:   28425 PH 2026-03-28 1144 V4/SP9FIH        59  0236  SO5ET            59   0017     
QSO:   28425 PH 2026-03-28 1145 V4/SP9FIH        59  0237  OH5Z             59   1128     
QSO:   28425 PH 2026-03-28 1146 V4/SP9FIH        59  0238  LZ2ZY            59   0248     
QSO:   28425 PH 2026-03-28 1147 V4/SP9FIH        59  0239  ZW5L             59   0058     
QSO:   28425 PH 2026-03-28 1147 V4/SP9FIH        59  0240  YT9X             59   0034     
QSO:   28425 PH 2026-03-28 1147 V4/SP9FIH        59  0241  YO8FC            59   0052     
QSO:   28425 PH 2026-03-28 1148 V4/SP9FIH        59  0242  EC1A             59   0140     
QSO:   28425 PH 2026-03-28 1148 V4/SP9FIH        59  0243  SP9XCN           59   0605     
QSO:   28425 PH 2026-03-28 1148 V4/SP9FIH        59  0244  DH8BQA           59   0159     
QSO:   28425 PH 2026-03-28 1149 V4/SP9FIH        59  0245  SO6X             59   0083     
QSO:   28425 PH 2026-03-28 1149 V4/SP9FIH        59  0246  F4JSZ            59   0084     
QSO:   28425 PH 2026-03-28 1149 V4/SP9FIH        59  0247  UR4QFP           59   0107     
QSO:   28425 PH 2026-03-28 1150 V4/SP9FIH        59  0248  UI5R             59   0345     
QSO:   28425 PH 2026-03-28 1150 V4/SP9FIH        59  0249  DK3GI            59   0014     
QSO:   28425 PH 2026-03-28 1151 V4/SP9FIH        59  0250  DC7DX            59   0003     
QSO:   28425 PH 2026-03-28 1151 V4/SP9FIH        59  0251  LY2K             59   0721     
QSO:   28425 PH 2026-03-28 1151 V4/SP9FIH        59  0252  OE4EIE           59   0087     
QSO:   28425 PH 2026-03-28 1152 V4/SP9FIH        59  0253  OE1RDU/3         59   0006     
QSO:   28425 PH 2026-03-28 1152 V4/SP9FIH        59  0254  DL1LOD           59   0079     
QSO:   28425 PH 2026-03-28 1153 V4/SP9FIH        59  0255  F5NBX            59   0044     
QSO:   28425 PH 2026-03-28 1153 V4/SP9FIH        59  0256  E70X             59   0008     
QSO:   28425 PH 2026-03-28 1153 V4/SP9FIH        59  0257  EI3ENB           59   0111     
QSO:   28425 PH 2026-03-28 1154 V4/SP9FIH        59  0258  YO2LEA           59   0131     
QSO:   28425 PH 2026-03-28 1154 V4/SP9FIH        59  0259  LZ25W            59   0233     
QSO:   28425 PH 2026-03-28 1154 V4/SP9FIH        59  0260  SP5GMM           59   0018     
QSO:   28425 PH 2026-03-28 1154 V4/SP9FIH        59  0261  DG0OKW           59   0045     
QSO:   28425 PH 2026-03-28 1155 V4/SP9FIH        59  0262  EA3C             59   0143     
QSO:   28425 PH 2026-03-28 1155 V4/SP9FIH        59  0263  SP3PDO           59   0072     
QSO:   28425 PH 2026-03-28 1155 V4/SP9FIH        59  0264  NE1C             59   0024     
QSO:   28425 PH 2026-03-28 1156 V4/SP9FIH        59  0265  GM4JR            59   0061     
QSO:   28425 PH 2026-03-28 1156 V4/SP9FIH        59  0266  G4AMT            59   0044     
QSO:   28425 PH 2026-03-28 1156 V4/SP9FIH        59  0267  OK2FD            59   0088     
QSO:   28425 PH 2026-03-28 1157 V4/SP9FIH        59  0268  SP6AEG           59   0024     
QSO:   28425 PH 2026-03-28 1157 V4/SP9FIH        59  0269  SN7R             59   0072     
QSO:   28425 PH 2026-03-28 1157 V4/SP9FIH        59  0270  EA4DE            59   0026     
QSO:   28425 PH 2026-03-28 1157 V4/SP9FIH        59  0271  OK2LW            59   0009     
QSO:   28425 PH 2026-03-28 1158 V4/SP9FIH        59  0272  HA3NU            59   0711     
QSO:   28425 PH 2026-03-28 1159 V4/SP9FIH        59  0273  OO4O             59   0267     
QSO:   28425 PH 2026-03-28 1159 V4/SP9FIH        59  0274  OK2J             59   0456     
QSO:   28425 PH 2026-03-28 1200 V4/SP9FIH        59  0275  IK2RZQ           59   0002     
QSO:   28425 PH 2026-03-28 1200 V4/SP9FIH        59  0276  YU2LOM           59   0063     
QSO:   28425 PH 2026-03-28 1201 V4/SP9FIH        59  0277  4O4A             59   0030     
QSO:   28425 PH 2026-03-28 1201 V4/SP9FIH        59  0278  ON5AT            59   0002     
QSO:   28425 PH 2026-03-28 1202 V4/SP9FIH        59  0279  PY2SWR           59   0039     
QSO:   28425 PH 2026-03-28 1202 V4/SP9FIH        59  0280  OE1PEW           59   0004     
QSO:   28425 PH 2026-03-28 1202 V4/SP9FIH        59  0281  V47NT            59   0056     
QSO:   28425 PH 2026-03-28 1202 V4/SP9FIH        59  0282  IZ0COG           59   0063     
QSO:   28425 PH 2026-03-28 1203 V4/SP9FIH        59  0283  OK6Y             59   0509     
QSO:   28425 PH 2026-03-28 1203 V4/SP9FIH        59  0284  CT7BAC           59   0011     
QSO:   28425 PH 2026-03-28 1204 V4/SP9FIH        59  0285  IP2A             59   0150     
QSO:   28425 PH 2026-03-28 1204 V4/SP9FIH        59  0286  A60A             59   0797     
QSO:   28425 PH 2026-03-28 1204 V4/SP9FIH        59  0287  YU3A             59   0024     
QSO:   28425 PH 2026-03-28 1205 V4/SP9FIH        59  0288  SQ6ILJ           59   0141     
QSO:   28425 PH 2026-03-28 1205 V4/SP9FIH        59  0289  OE2S             59   0289     
QSO:   28425 PH 2026-03-28 1206 V4/SP9FIH        59  0290  EA1FSG           59   0053     
QSO:   28425 PH 2026-03-28 1206 V4/SP9FIH        59  0291  K3TC             59   0190     
QSO:   28425 PH 2026-03-28 1207 V4/SP9FIH        59  0292  GM2T             59   0002     
QSO:   28425 PH 2026-03-28 1208 V4/SP9FIH        59  0293  DG7SCB           59   0220     
QSO:   28425 PH 2026-03-28 1209 V4/SP9FIH        59  0294  WA1INC           59   0005     
QSO:   28425 PH 2026-03-28 1209 V4/SP9FIH        59  0295  OM7M             59   0082     
QSO:   28425 PH 2026-03-28 1209 V4/SP9FIH        59  0296  EI7M             59   0078     
QSO:   28425 PH 2026-03-28 1210 V4/SP9FIH        59  0297  GI4MBM           59   0004     
QSO:   28425 PH 2026-03-28 1211 V4/SP9FIH        59  0298  8S0C             59   0333     
QSO:   28425 PH 2026-03-28 1211 V4/SP9FIH        59  0299  DP7D             59   0358     
QSO:   28425 PH 2026-03-28 1212 V4/SP9FIH        59  0300  EB5A             59   0927     
QSO:   28425 PH 2026-03-28 1212 V4/SP9FIH        59  0301  DL4SKF           59   0139     
QSO:   28425 PH 2026-03-28 1213 V4/SP9FIH        59  0302  IW2HAJ           59   0646     
QSO:   28425 PH 2026-03-28 1214 V4/SP9FIH        59  0303  TM7B             59   0299     
QSO:   28425 PH 2026-03-28 1214 V4/SP9FIH        59  0304  II8K             59   1275     
QSO:   28425 PH 2026-03-28 1215 V4/SP9FIH        59  0305  G4ETK            59   0135     
QSO:   28425 PH 2026-03-28 1215 V4/SP9FIH        59  0306  IZ7HAI           59   0004     
QSO:   28425 PH 2026-03-28 1216 V4/SP9FIH        59  0307  DK5KMA           59   0007     
QSO:   28425 PH 2026-03-28 1216 V4/SP9FIH        59  0308  EM9Q             59   0046     
QSO:   28425 PH 2026-03-28 1216 V4/SP9FIH        59  0309  ED7B             59   0079     
QSO:   28425 PH 2026-03-28 1218 V4/SP9FIH        59  0310  N3HKX            59   0052     
QSO:   28425 PH 2026-03-28 1218 V4/SP9FIH        59  0311  EA1FW            59   0016     
QSO:   28425 PH 2026-03-28 1219 V4/SP9FIH        59  0312  DA2X             59   0055     
QSO:   28425 PH 2026-03-28 1220 V4/SP9FIH        59  0313  MI1M             59   0063     
QSO:   28425 PH 2026-03-28 1221 V4/SP9FIH        59  0314  EA1YD            59   0217     
QSO:   28425 PH 2026-03-28 1222 V4/SP9FIH        59  0315  IW9DED           59   0020     
QSO:   28425 PH 2026-03-28 1223 V4/SP9FIH        59  0316  IK8SVQ           59   0016     
QSO:   28425 PH 2026-03-28 1224 V4/SP9FIH        59  0317  DL1ATZ           59   0386     
QSO:   28425 PH 2026-03-28 1225 V4/SP9FIH        59  0318  DL4DW            59   0011     
QSO:   28425 PH 2026-03-28 1225 V4/SP9FIH        59  0319  ED3M             59   0034     
QSO:   28425 PH 2026-03-28 1226 V4/SP9FIH        59  0320  DF4TD            59   0009     
QSO:   28425 PH 2026-03-28 1227 V4/SP9FIH        59  0321  GM5BDX           59   0018     
QSO:   28425 PH 2026-03-28 1227 V4/SP9FIH        59  0322  DK4VW            59   0264     
QSO:   28425 PH 2026-03-28 1228 V4/SP9FIH        59  0323  9A2M             59   0030     
QSO:   28425 PH 2026-03-28 1229 V4/SP9FIH        59  0324  TM9Z             59   0344     
QSO:   28425 PH 2026-03-28 1229 V4/SP9FIH        59  0325  E7Y              59   0658     
QSO:   28425 PH 2026-03-28 1231 V4/SP9FIH        59  0326  IK4WKU           59   0187     
QSO:   28425 PH 2026-03-28 1231 V4/SP9FIH        59  0327  HG0NPJ           59   0219     
QSO:   28425 PH 2026-03-28 1232 V4/SP9FIH        59  0328  ON5JT            59   0123     
QSO:   28425 PH 2026-03-28 1233 V4/SP9FIH        59  0329  SP1MWN           59   0029     
QSO:   28425 PH 2026-03-28 1233 V4/SP9FIH        59  0330  YO6KPT           59   0259     
QSO:   28425 PH 2026-03-28 1235 V4/SP9FIH        59  0331  PP5RB            59   0043     
QSO:   28425 PH 2026-03-28 1235 V4/SP9FIH        59  0332  IU8PGQ           59   0049     
QSO:   28425 PH 2026-03-28 1236 V4/SP9FIH        59  0333  OZ4GM            59   0035     
QSO:   28425 PH 2026-03-28 1236 V4/SP9FIH        59  0334  CR6P             59   0788     
QSO:   28425 PH 2026-03-28 1237 V4/SP9FIH        59  0335  EA4RR            59   0052     
QSO:   28425 PH 2026-03-28 1237 V4/SP9FIH        59  0336  ZS5SAM           59   0039     
QSO:   28425 PH 2026-03-28 1238 V4/SP9FIH        59  0337  M8NYZ/M          59   0004     
QSO:   28425 PH 2026-03-28 1239 V4/SP9FIH        59  0338  G5O              59   0014     
QSO:   28425 PH 2026-03-28 1240 V4/SP9FIH        59  0339  F4LRR            59   0084     
QSO:   28425 PH 2026-03-28 1241 V4/SP9FIH        59  0340  SP9LAS           59   0011     
QSO:   28425 PH 2026-03-28 1242 V4/SP9FIH        59  0341  DK1T             59   0599     
QSO:   28425 PH 2026-03-28 1242 V4/SP9FIH        59  0342  M1GWZ            59   0006     
QSO:   28425 PH 2026-03-28 1245 V4/SP9FIH        59  0343  DL7VXX           59   0002     
QSO:   28425 PH 2026-03-28 1245 V4/SP9FIH        59  0344  SG0X             59   0617     
QSO:   28425 PH 2026-03-28 1246 V4/SP9FIH        59  0345  DL3DRN           59   0068     
QSO:   28425 PH 2026-03-28 1246 V4/SP9FIH        59  0346  OZ1IKY           59   0167     
QSO:   28425 PH 2026-03-28 1247 V4/SP9FIH        59  0347  DH0DM            59   0006     
QSO:   28425 PH 2026-03-28 1247 V4/SP9FIH        59  0348  DL1NEO           59   0081     
QSO:   28425 PH 2026-03-28 1248 V4/SP9FIH        59  0349  4X1ZQ            59   0007     
QSO:   28425 PH 2026-03-28 1248 V4/SP9FIH        59  0350  S57AL            59   0926     
QSO:   28425 PH 2026-03-28 1248 V4/SP9FIH        59  0351  TM1X             59   0537     
QSO:   28425 PH 2026-03-28 1248 V4/SP9FIH        59  0352  DD2SM            59   0012     
QSO:   28425 PH 2026-03-28 1249 V4/SP9FIH        59  0353  CN3A             59   1057     
QSO:   28425 PH 2026-03-28 1249 V4/SP9FIH        59  0354  3Z1K             59   0217     
QSO:   28425 PH 2026-03-28 1249 V4/SP9FIH        59  0355  DL2FQ            59   0017     
QSO:   28425 PH 2026-03-28 1249 V4/SP9FIH        59  0356  EC5EA            59   0056     
QSO:   28425 PH 2026-03-28 1250 V4/SP9FIH        59  0357  PB0AFZ           59   0048     
QSO:   28425 PH 2026-03-28 1251 V4/SP9FIH        59  0358  SN1O             59   0240     
QSO:   28425 PH 2026-03-28 1251 V4/SP9FIH        59  0359  SQ9M             59   0322     
QSO:   28425 PH 2026-03-28 1251 V4/SP9FIH        59  0360  OP0HQ            59   0303     
QSO:   28425 PH 2026-03-28 1252 V4/SP9FIH        59  0361  IU1TKT           59   0132     
QSO:   28425 PH 2026-03-28 1252 V4/SP9FIH        59  0362  IZ4JMA           59   0007     
QSO:   28425 PH 2026-03-28 1253 V4/SP9FIH        59  0363  DL3OHB           59   0014     
QSO:   28425 PH 2026-03-28 1253 V4/SP9FIH        59  0364  9H4JX            59   0001     
QSO:   28425 PH 2026-03-28 1254 V4/SP9FIH        59  0365  DD4A             59   0045     
QSO:   28425 PH 2026-03-28 1254 V4/SP9FIH        59  0366  IZ3WUW/P         59   0067     
QSO:   28425 PH 2026-03-28 1255 V4/SP9FIH        59  0367  CG9T             59   0731     
QSO:   28425 PH 2026-03-28 1255 V4/SP9FIH        59  0368  S58W             59   0168     
QSO:   28425 PH 2026-03-28 1256 V4/SP9FIH        59  0369  HB50FX           59   0239     
QSO:   28425 PH 2026-03-28 1256 V4/SP9FIH        59  0370  IQ5PJ            59   0323     
QSO:   28425 PH 2026-03-28 1256 V4/SP9FIH        59  0371  I2BRT            59   0014     
QSO:   28425 PH 2026-03-28 1256 V4/SP9FIH        59  0372  IU8JPG           59   0030     
QSO:   28425 PH 2026-03-28 1257 V4/SP9FIH        59  0373  DK5AL            59   0007     
QSO:   28425 PH 2026-03-28 1257 V4/SP9FIH        59  0374  F8CRS            59   0312     
QSO:   28425 PH 2026-03-28 1258 V4/SP9FIH        59  0375  DL9OBD           59   0016     
QSO:   28425 PH 2026-03-28 1258 V4/SP9FIH        59  0376  DO8MA            59   0022     
QSO:   28425 PH 2026-03-28 1258 V4/SP9FIH        59  0377  DL3UW            59   0033     
QSO:   28425 PH 2026-03-28 1259 V4/SP9FIH        59  0378  DP9A             59   0912     
QSO:   28425 PH 2026-03-28 1259 V4/SP9FIH        59  0379  DA6KL            59   0018     
QSO:   28425 PH 2026-03-28 1300 V4/SP9FIH        59  0380  PI4CC            59   0089     
QSO:   28425 PH 2026-03-28 1300 V4/SP9FIH        59  0381  EA3NO            59   0028     
QSO:   28425 PH 2026-03-28 1300 V4/SP9FIH        59  0382  PD5S             59   0051     
QSO:   28425 PH 2026-03-28 1301 V4/SP9FIH        59  0383  II2R             59   0003     
QSO:   28425 PH 2026-03-28 1301 V4/SP9FIH        59  0384  PD5ML            59   0043     
QSO:   28425 PH 2026-03-28 1301 V4/SP9FIH        59  0385  DL6RY            59   0737     
QSO:   28425 PH 2026-03-28 1302 V4/SP9FIH        59  0386  R2FC             59   0022     
QSO:   28425 PH 2026-03-28 1302 V4/SP9FIH        59  0387  SO2T             59   0600     
QSO:   28425 PH 2026-03-28 1302 V4/SP9FIH        59  0388  OK1KKI           59   0665     
QSO:   28425 PH 2026-03-28 1302 V4/SP9FIH        59  0389  5Q2J             59   0055     
QSO:   28425 PH 2026-03-28 1303 V4/SP9FIH        59  0390  OM3RM            59   0056     
QSO:   28425 PH 2026-03-28 1303 V4/SP9FIH        59  0391  EC3AIT           59   0146     
QSO:   28425 PH 2026-03-28 1303 V4/SP9FIH        59  0392  IK3ORD           59   0009     
QSO:   28425 PH 2026-03-28 1304 V4/SP9FIH        59  0393  PE1T             59   0785     
QSO:   28425 PH 2026-03-28 1304 V4/SP9FIH        59  0394  SP3LM            59   0114     
QSO:   28425 PH 2026-03-28 1305 V4/SP9FIH        59  0395  DL1YAF           59   0002     
QSO:   28425 PH 2026-03-28 1305 V4/SP9FIH        59  0396  OG3B             59   0537     
QSO:   28425 PH 2026-03-28 1305 V4/SP9FIH        59  0397  OH8SR            59   0004     
QSO:   28425 PH 2026-03-28 1306 V4/SP9FIH        59  0398  ON8CA            59   0023     
QSO:   28425 PH 2026-03-28 1306 V4/SP9FIH        59  0399  DJ6HR            59   0068     
QSO:   28425 PH 2026-03-28 1306 V4/SP9FIH        59  0400  HC2PY            59   0133     
QSO:   28425 PH 2026-03-28 1307 V4/SP9FIH        59  0401  DL8RBS           59   0002     
QSO:   28425 PH 2026-03-28 1307 V4/SP9FIH        59  0402  SN9J             59   0001     
QSO:   28425 PH 2026-03-28 1307 V4/SP9FIH        59  0403  SV8TCK           59   0058     
QSO:   28425 PH 2026-03-28 1308 V4/SP9FIH        59  0404  DB9SH            59   0262     
QSO:   28425 PH 2026-03-28 1308 V4/SP9FIH        59  0405  YL2SM            59   0014     
QSO:   28425 PH 2026-03-28 1308 V4/SP9FIH        59  0406  OH7MM            59   0004     
QSO:   28425 PH 2026-03-28 1309 V4/SP9FIH        59  0407  HB9HYA           59   0027     
QSO:   28425 PH 2026-03-28 1309 V4/SP9FIH        59  0408  HB9IIH           59   0056     
QSO:   28425 PH 2026-03-28 1309 V4/SP9FIH        59  0409  OH7R             59   0003     
QSO:   28425 PH 2026-03-28 1310 V4/SP9FIH        59  0410  DL2XU            59   0019     
QSO:   28425 PH 2026-03-28 1310 V4/SP9FIH        59  0411  VA3LR            59   0222     
QSO:   28425 PH 2026-03-28 1310 V4/SP9FIH        59  0412  VO1BE            59   0084     
QSO:   28425 PH 2026-03-28 1310 V4/SP9FIH        59  0413  HG7T             59   0035     
QSO:   28425 PH 2026-03-28 1311 V4/SP9FIH        59  0414  EA5OG            59   0003     
QSO:   28425 PH 2026-03-28 1311 V4/SP9FIH        59  0415  OT9T             59   0021     
QSO:   28425 PH 2026-03-28 1312 V4/SP9FIH        59  0416  RU1A             59   2213     
QSO:   28425 PH 2026-03-28 1315 V4/SP9FIH        59  0417  OK2CSU           59   0067     
QSO:   28425 PH 2026-03-28 1315 V4/SP9FIH        59  0418  IZ1ANK           59   0119     
QSO:   28425 PH 2026-03-28 1316 V4/SP9FIH        59  0419  CN8GDO           59   0008     
QSO:   28425 PH 2026-03-28 1316 V4/SP9FIH        59  0420  DM2X             59   0432     
QSO:   28425 PH 2026-03-28 1317 V4/SP9FIH        59  0421  YU0X             59   0086     
QSO:   28425 PH 2026-03-28 1317 V4/SP9FIH        59  0422  9A7RR            59   0209     
QSO:   28425 PH 2026-03-28 1317 V4/SP9FIH        59  0423  OK2BRX           59   0250     
QSO:   28425 PH 2026-03-28 1319 V4/SP9FIH        59  0424  DC7TS            59   0001     
QSO:   28425 PH 2026-03-28 1319 V4/SP9FIH        59  0425  LA7WRA           59   0272     
QSO:   28425 PH 2026-03-28 1320 V4/SP9FIH        59  0426  F4DPW            59   0315     
QSO:   28425 PH 2026-03-28 1320 V4/SP9FIH        59  0427  HA3DX            59   1025     
QSO:   28425 PH 2026-03-28 1320 V4/SP9FIH        59  0428  S52A             59   0021     
QSO:   28425 PH 2026-03-28 1320 V4/SP9FIH        59  0429  HG7T             59   0046     
QSO:   28425 PH 2026-03-28 1321 V4/SP9FIH        59  0430  ED3D             59   0311     
QSO:   28425 PH 2026-03-28 1322 V4/SP9FIH        59  0431  ZP5DNB/QRP       59   0031     
QSO:   28425 PH 2026-03-28 1323 V4/SP9FIH        59  0432  HB9DSP           59   0046     
QSO:   28425 PH 2026-03-28 1324 V4/SP9FIH        59  0433  DF6XE            59   0059     
QSO:   28425 PH 2026-03-28 1324 V4/SP9FIH        59  0434  TM9Z             59   0409     
QSO:   28425 PH 2026-03-28 1325 V4/SP9FIH        59  0435  F6HMQ            59   0003     
QSO:   28425 PH 2026-03-28 1325 V4/SP9FIH        59  0436  F4GDO            59   0051     
QSO:   28425 PH 2026-03-28 1325 V4/SP9FIH        59  0437  TM18Z            59   0710     
QSO:   28425 PH 2026-03-28 1327 V4/SP9FIH        59  0438  DJ4WT            59   0413     
QSO:   28425 PH 2026-03-28 1328 V4/SP9FIH        59  0439  I4VIL            59   0010     
QSO:   28425 PH 2026-03-28 1329 V4/SP9FIH        59  0440  IO3M             59   0029     
QSO:   28425 PH 2026-03-28 1329 V4/SP9FIH        59  0441  CT2HUU           59   0016     
QSO:   28425 PH 2026-03-28 1330 V4/SP9FIH        59  0442  YU1QU            59   0014     
QSO:   28425 PH 2026-03-28 1330 V4/SP9FIH        59  0443  UA6AA            59   0016     
QSO:   28425 PH 2026-03-28 1331 V4/SP9FIH        59  0444  PI4DX            59   0212     
QSO:   28425 PH 2026-03-28 1331 V4/SP9FIH        59  0445  EA6MR            59   0014     
QSO:   28425 PH 2026-03-28 1331 V4/SP9FIH        59  0446  S57NAW           59   0282     
QSO:   28425 PH 2026-03-28 1331 V4/SP9FIH        59  0447  PD1BU            59   0001     
QSO:   28425 PH 2026-03-28 1332 V4/SP9FIH        59  0448  SP3ITD           59   0223     
QSO:   28425 PH 2026-03-28 1332 V4/SP9FIH        59  0449  DG1YBN           59   0140     
QSO:   28425 PH 2026-03-28 1333 V4/SP9FIH        59  0450  PY3TAM           59   0016     
QSO:   28425 PH 2026-03-28 1333 V4/SP9FIH        59  0451  WN8Y             59   0037     
QSO:   28425 PH 2026-03-28 1333 V4/SP9FIH        59  0452  F4LQS            59   0040     
QSO:   28425 PH 2026-03-28 1334 V4/SP9FIH        59  0453  TC3W             59   0947     
QSO:   28425 PH 2026-03-28 1335 V4/SP9FIH        59  0454  F8GAF            59   0202     
QSO:   28425 PH 2026-03-28 1335 V4/SP9FIH        59  0455  DR8M             59   0199     
QSO:   28425 PH 2026-03-28 1335 V4/SP9FIH        59  0456  DF3VM            59   0094     
QSO:   28425 PH 2026-03-28 1336 V4/SP9FIH        59  0457  OZ6P             59   0165     
QSO:   28425 PH 2026-03-28 1336 V4/SP9FIH        59  0458  G0H              59   0096     
QSO:   28425 PH 2026-03-28 1336 V4/SP9FIH        59  0459  CQ7X             59   2087     
QSO:   28425 PH 2026-03-28 1337 V4/SP9FIH        59  0460  S53MM            59   0066     
QSO:   28425 PH 2026-03-28 1337 V4/SP9FIH        59  0461  PE1PIX           59   0177     
QSO:   28425 PH 2026-03-28 1337 V4/SP9FIH        59  0462  YD1SHY           59   0305     
QSO:   28425 PH 2026-03-28 1338 V4/SP9FIH        59  0463  DC2HO            59   0001     
QSO:   28425 PH 2026-03-28 1338 V4/SP9FIH        59  0464  KB0V             59   0255     
QSO:   28425 PH 2026-03-28 1339 V4/SP9FIH        59  0465  IO6T             59   1619     
QSO:   28425 PH 2026-03-28 1339 V4/SP9FIH        59  0466  IT9FGA           59   0008     
QSO:   28425 PH 2026-03-28 1339 V4/SP9FIH        59  0467  IO3M             59   0036     
QSO:   28425 PH 2026-03-28 1340 V4/SP9FIH        59  0468  DD5M             59   0052     
QSO:   28425 PH 2026-03-28 1342 V4/SP9FIH        59  0469  YD1SKA           59   0043     
QSO:   28425 PH 2026-03-28 1343 V4/SP9FIH        59  0470  G1OVK            59   0037     
QSO:   28425 PH 2026-03-28 1343 V4/SP9FIH        59  0471  YU1YV            59   0231     
QSO:   28425 PH 2026-03-28 1344 V4/SP9FIH        59  0472  NH8S             59   0048     
QSO:   28425 PH 2026-03-28 1344 V4/SP9FIH        59  0473  PA6G             59   0177     
QSO:   28425 PH 2026-03-28 1344 V4/SP9FIH        59  0474  HA5JI            59   1133     
QSO:   28425 PH 2026-03-28 1345 V4/SP9FIH        59  0475  CF3A             59   1083     
QSO:   28425 PH 2026-03-28 1345 V4/SP9FIH        59  0476  GM7TUD           59   0034     
QSO:   28425 PH 2026-03-28 1345 V4/SP9FIH        59  0477  G0C              59   0020     
QSO:   28425 PH 2026-03-28 1346 V4/SP9FIH        59  0478  F4LSL            59   0460     
QSO:   28425 PH 2026-03-28 1347 V4/SP9FIH        59  0479  PU2OXB           59   0011     
QSO:   28425 PH 2026-03-28 1348 V4/SP9FIH        59  0480  DO3ME            59   0032     
QSO:   28425 PH 2026-03-28 1349 V4/SP9FIH        59  0481  ED5E             59   0480     
QSO:   28425 PH 2026-03-28 1349 V4/SP9FIH        59  0482  ON7EH            59   0006     
QSO:   28425 PH 2026-03-28 1350 V4/SP9FIH        59  0483  W2GS             59   0067     
QSO:   28425 PH 2026-03-28 1350 V4/SP9FIH        59  0484  F8AAB            59   0007     
QSO:   28425 PH 2026-03-28 1351 V4/SP9FIH        59  0485  M7FOD            59   0006     
QSO:   28425 PH 2026-03-28 1351 V4/SP9FIH        59  0486  MM0DXC           59   0195     
QSO:   28425 PH 2026-03-28 1351 V4/SP9FIH        59  0487  TM5B             59   0120     
QSO:   28425 PH 2026-03-28 1352 V4/SP9FIH        59  0488  F4GDO            59   0060     
QSO:   28425 PH 2026-03-28 1352 V4/SP9FIH        59  0489  SX3S             59   0830     
QSO:   28425 PH 2026-03-28 1352 V4/SP9FIH        59  0490  MW7FON           59   0141     
QSO:   28425 PH 2026-03-28 1353 V4/SP9FIH        59  0491  DF2AJ            59   0034     
QSO:   28425 PH 2026-03-28 1353 V4/SP9FIH        59  0492  M2X              59   0061     
QSO:   28425 PH 2026-03-28 1353 V4/SP9FIH        59  0493  F6GNP            59   0054     
QSO:   28425 PH 2026-03-28 1355 V4/SP9FIH        59  0494  DO5RGH           59   0002     
QSO:   28425 PH 2026-03-28 1355 V4/SP9FIH        59  0495  IZ2LTW           59   0035     
QSO:   28425 PH 2026-03-28 1356 V4/SP9FIH        59  0496  M1T              59   0661     
QSO:   28425 PH 2026-03-28 1356 V4/SP9FIH        59  0497  DJ9MH            59   0038     
QSO:   28425 PH 2026-03-28 1357 V4/SP9FIH        59  0498  DQ5T             59   0413     
QSO:   28425 PH 2026-03-28 1357 V4/SP9FIH        59  0499  DR1X             59   0556     
QSO:   28425 PH 2026-03-28 1357 V4/SP9FIH        59  0500  G8KWP            59   0009     
QSO:   28425 PH 2026-03-28 1358 V4/SP9FIH        59  0501  G4DDL            59   0067     
QSO:   28425 PH 2026-03-28 1359 V4/SP9FIH        59  0502  DL0WH            59   0519     
QSO:   28425 PH 2026-03-28 1359 V4/SP9FIH        59  0503  2E0FVN           59   0010     
QSO:   28425 PH 2026-03-28 1400 V4/SP9FIH        59  0504  EA7LLJ           59   0050     
QSO:   28425 PH 2026-03-28 1400 V4/SP9FIH        59  0505  PI4CG            59   0160     
QSO:   28425 PH 2026-03-28 1400 V4/SP9FIH        59  0506  PI4HAL           59   0106     
QSO:   28425 PH 2026-03-28 1401 V4/SP9FIH        59  0507  LX7I             59   0039     
QSO:   28425 PH 2026-03-28 1401 V4/SP9FIH        59  0508  RA7R             59   0076     
QSO:   28425 PH 2026-03-28 1402 V4/SP9FIH        59  0509  DL4SHE           59   0064     
QSO:   28425 PH 2026-03-28 1402 V4/SP9FIH        59  0510  DJ4MO            59   0176     
QSO:   28425 PH 2026-03-28 1403 V4/SP9FIH        59  0511  WA2QAU           59   0105     
QSO:   28425 PH 2026-03-28 1403 V4/SP9FIH        59  0512  MU0PLX/M         59   0306     
QSO:   28425 PH 2026-03-28 1404 V4/SP9FIH        59  0513  E7DX             59   0877     
QSO:   28425 PH 2026-03-28 1404 V4/SP9FIH        59  0514  YC0IEM           59   0144     
QSO:   28425 PH 2026-03-28 1404 V4/SP9FIH        59  0515  ED7O             59   1388     
QSO:   28425 PH 2026-03-28 1405 V4/SP9FIH        59  0516  M0ZGY            59   0044     
QSO:   28425 PH 2026-03-28 1405 V4/SP9FIH        59  0517  MX6R             59   0101     
QSO:   28425 PH 2026-03-28 1405 V4/SP9FIH        59  0518  OH2KZ            59   0001     
QSO:   28425 PH 2026-03-28 1406 V4/SP9FIH        59  0519  GE4E             59   0060     
QSO:   28425 PH 2026-03-28 1407 V4/SP9FIH        59  0520  ED5I             59   0314     
QSO:   28425 PH 2026-03-28 1407 V4/SP9FIH        59  0521  ZS2M             59   0026     
QSO:   28425 PH 2026-03-28 1407 V4/SP9FIH        59  0522  IQ4SC            59   0261     
QSO:   28425 PH 2026-03-28 1408 V4/SP9FIH        59  0523  VO1AW            59   0208     
QSO:   28425 PH 2026-03-28 1409 V4/SP9FIH        59  0524  2E0TXQ           59   0039     
QSO:   28425 PH 2026-03-28 1411 V4/SP9FIH        59  0525  N8XGS            59   0017     
QSO:   28425 PH 2026-03-28 1411 V4/SP9FIH        59  0526  NY3B             59   0310     
QSO:   28425 PH 2026-03-28 1412 V4/SP9FIH        59  0527  G4XEE            59   0074     
QSO:   28425 PH 2026-03-28 1412 V4/SP9FIH        59  0528  KD2MND           59   0001     
QSO:   28425 PH 2026-03-28 1413 V4/SP9FIH        59  0529  KK4PJ            59   0339     
QSO:   28425 PH 2026-03-28 1413 V4/SP9FIH        59  0530  Z62NS            59   0257     
QSO:   28425 PH 2026-03-28 1413 V4/SP9FIH        59  0531  YO4RST           59   0034     
QSO:   28425 PH 2026-03-28 1414 V4/SP9FIH        59  0532  CT1FAC           59   0151     
QSO:   28425 PH 2026-03-28 1414 V4/SP9FIH        59  0533  LZ5K             59   0039     
QSO:   28425 PH 2026-03-28 1415 V4/SP9FIH        59  0534  EI7GEB           59   0003     
QSO:   28425 PH 2026-03-28 1415 V4/SP9FIH        59  0535  NR6O             59   0400     
QSO:   28425 PH 2026-03-28 1416 V4/SP9FIH        59  0536  LO7H             59   0315     
QSO:   28425 PH 2026-03-28 1416 V4/SP9FIH        59  0537  IK2SAR           59   0121     
QSO:   28425 PH 2026-03-28 1417 V4/SP9FIH        59  0538  HA8A             59   0990     
QSO:   28425 PH 2026-03-28 1417 V4/SP9FIH        59  0539  9A1AA            59   0139     
QSO:   28425 PH 2026-03-28 1417 V4/SP9FIH        59  0540  YO9GDN           59   0007     
QSO:   28425 PH 2026-03-28 1418 V4/SP9FIH        59  0541  M0DQO/M          59   0107     
QSO:   28425 PH 2026-03-28 1418 V4/SP9FIH        59  0542  DK8ZB            59   0008     
QSO:   28425 PH 2026-03-28 1418 V4/SP9FIH        59  0543  EA3OH            59   0030     
QSO:   28425 PH 2026-03-28 1418 V4/SP9FIH        59  0544  LZ2ZD            59   0102     
QSO:   28425 PH 2026-03-28 1419 V4/SP9FIH        59  0545  F4ELC            59   0015     
QSO:   28425 PH 2026-03-28 1419 V4/SP9FIH        59  0546  M9NLB            59   0064     
QSO:   28425 PH 2026-03-28 1420 V4/SP9FIH        59  0547  IQ4RN            59   0075     
QSO:   28425 PH 2026-03-28 1420 V4/SP9FIH        59  0548  AC9S             59   0274     
QSO:   28425 PH 2026-03-28 1420 V4/SP9FIH        59  0549  DL1WA            59   0581     
QSO:   28425 PH 2026-03-28 1421 V4/SP9FIH        59  0550  M6N              59   0066     
QSO:   28425 PH 2026-03-28 1421 V4/SP9FIH        59  0551  CV6T             59   0382     
QSO:   28425 PH 2026-03-28 1421 V4/SP9FIH        59  0552  F1RHS            59   0057     
QSO:   28425 PH 2026-03-28 1421 V4/SP9FIH        59  0553  PY5MM            59   0012     
QSO:   28425 PH 2026-03-28 1422 V4/SP9FIH        59  0554  N2XH             57   0002     
QSO:   28425 PH 2026-03-28 1423 V4/SP9FIH        59  0555  DL6WA            59   0006     
QSO:   28425 PH 2026-03-28 1423 V4/SP9FIH        59  0556  MW0JKU           59   0165     
QSO:   28425 PH 2026-03-28 1423 V4/SP9FIH        59  0557  DL3KDM           59   0004     
QSO:   28425 PH 2026-03-28 1424 V4/SP9FIH        59  0558  SQ8MFM           59   0360     
QSO:   28425 PH 2026-03-28 1424 V4/SP9FIH        59  0559  SQ8N             59   0002     
QSO:   28425 PH 2026-03-28 1425 V4/SP9FIH        59  0560  YO5OHY           59   0065     
QSO:   28425 PH 2026-03-28 1426 V4/SP9FIH        59  0561  EA4TK            59   0011     
QSO:   28425 PH 2026-03-28 1426 V4/SP9FIH        59  0562  S52WD            59   0184     
QSO:   28425 PH 2026-03-28 1426 V4/SP9FIH        59  0563  OK1GK            59   0154     
QSO:   28425 PH 2026-03-28 1427 V4/SP9FIH        59  0564  4Z4DX            59   0057     
QSO:   28425 PH 2026-03-28 1428 V4/SP9FIH        59  0565  DK6AO            59   0006     
QSO:   28425 PH 2026-03-28 1428 V4/SP9FIH        59  0566  IK7HPG           59   0001     
QSO:   28425 PH 2026-03-28 1429 V4/SP9FIH        59  0567  SP8MO            59   0143     
QSO:   28425 PH 2026-03-28 1429 V4/SP9FIH        59  0568  OK5Z             59   1144     
QSO:   28425 PH 2026-03-28 1430 V4/SP9FIH        59  0569  G8CQX            59   0004     
QSO:   28425 PH 2026-03-28 1430 V4/SP9FIH        59  0570  UA6LCN           59   0057     
QSO:   28425 PH 2026-03-28 1430 V4/SP9FIH        59  0571  KE9DHY           59   0055     
QSO:   28425 PH 2026-03-28 1431 V4/SP9FIH        59  0572  M8PLA            59   0041     
QSO:   28425 PH 2026-03-28 1432 V4/SP9FIH        59  0573  PA0KDV           59   0256     
QSO:   28425 PH 2026-03-28 1433 V4/SP9FIH        59  0574  HB9BTI           59   0020     
QSO:   28425 PH 2026-03-28 1433 V4/SP9FIH        59  0575  IW3QTG           59   0003     
QSO:   28425 PH 2026-03-28 1433 V4/SP9FIH        59  0576  F5JU             59   0075     
QSO:   28425 PH 2026-03-28 1434 V4/SP9FIH        59  0577  UR5TFT           59   0162     
QSO:   28425 PH 2026-03-28 1434 V4/SP9FIH        59  0578  IO3V             59   0082     
QSO:   28425 PH 2026-03-28 1435 V4/SP9FIH        59  0579  RX6AM            59   0015     
QSO:   28425 PH 2026-03-28 1435 V4/SP9FIH        59  0580  EU8T             59   0129     
QSO:   28425 PH 2026-03-28 1435 V4/SP9FIH        59  0581  IT9NAN           59   0036     
QSO:   28425 PH 2026-03-28 1436 V4/SP9FIH        59  0582  YB1RET           59   0412     
QSO:   28425 PH 2026-03-28 1436 V4/SP9FIH        59  0583  SV2JAO           59   0022     
QSO:   28425 PH 2026-03-28 1436 V4/SP9FIH        59  0584  MX4Y             59   0069     
QSO:   28425 PH 2026-03-28 1437 V4/SP9FIH        59  0585  AC4G             59   0014     
QSO:   28425 PH 2026-03-28 1437 V4/SP9FIH        59  0586  WT1A             59   0634     
QSO:   28425 PH 2026-03-28 1437 V4/SP9FIH        59  0587  OM1BC            59   0127     
QSO:   28425 PH 2026-03-28 1438 V4/SP9FIH        59  0588  F6BLP            59   0104     
QSO:   28425 PH 2026-03-28 1438 V4/SP9FIH        59  0589  EI9JU            59   0001     
QSO:   28425 PH 2026-03-28 1438 V4/SP9FIH        59  0590  TM6W             59   0024     
QSO:   28425 PH 2026-03-28 1439 V4/SP9FIH        59  0591  PE0F             59   0008     
QSO:   28425 PH 2026-03-28 1439 V4/SP9FIH        59  0592  PI4VPO           59   0095     
QSO:   28425 PH 2026-03-28 1439 V4/SP9FIH        59  0593  IU5TSN           59   0024     
QSO:   28425 PH 2026-03-28 1440 V4/SP9FIH        59  0594  LC6C             59   0199     
QSO:   28425 PH 2026-03-28 1441 V4/SP9FIH        59  0595  EA5IPC           59   0024     
QSO:   28425 PH 2026-03-28 1441 V4/SP9FIH        59  0596  DA1TT            59   0372     
QSO:   28425 PH 2026-03-28 1441 V4/SP9FIH        59  0597  IU4FKE           59   0105     
QSO:   28425 PH 2026-03-28 1442 V4/SP9FIH        59  0598  G8OLA            59   0003     
QSO:   28425 PH 2026-03-28 1443 V4/SP9FIH        59  0599  IB9T             59   1541     
QSO:   28425 PH 2026-03-28 1443 V4/SP9FIH        59  0600  SP9RQH           59   0070     
QSO:   28425 PH 2026-03-28 1443 V4/SP9FIH        59  0601  DC2AN            59   0173     
QSO:   28425 PH 2026-03-28 1444 V4/SP9FIH        59  0602  N1NQD            59   0232     
QSO:   28425 PH 2026-03-28 1444 V4/SP9FIH        59  0603  E74BYZ           59   0542     
QSO:   28425 PH 2026-03-28 1444 V4/SP9FIH        59  0604  PA3EVY           59   0144     
QSO:   28425 PH 2026-03-28 1445 V4/SP9FIH        59  0605  IU5RDN           59   0013     
QSO:   28425 PH 2026-03-28 1445 V4/SP9FIH        59  0606  OM6DN            59   0086     
QSO:   28425 PH 2026-03-28 1446 V4/SP9FIH        59  0607  IS0NHT           59   0099     
QSO:   28425 PH 2026-03-28 1446 V4/SP9FIH        59  0608  G4KXP            59   0004     
QSO:   28425 PH 2026-03-28 1447 V4/SP9FIH        59  0609  YG1ATA           59   0102     
QSO:   28425 PH 2026-03-28 1447 V4/SP9FIH        59  0610  9A6DQB           59   0067     
QSO:   28425 PH 2026-03-28 1448 V4/SP9FIH        59  0611  N8WCP            59   0051     
QSO:   28425 PH 2026-03-28 1448 V4/SP9FIH        59  0612  EI4GNB           59   0287     
QSO:   28425 PH 2026-03-28 1449 V4/SP9FIH        59  0613  NF6A             59   0644     
QSO:   28425 PH 2026-03-28 1449 V4/SP9FIH        59  0614  SN9H             59   0265     
QSO:   28425 PH 2026-03-28 1449 V4/SP9FIH        59  0615  WW4LL            59   0084     
QSO:   28425 PH 2026-03-28 1449 V4/SP9FIH        59  0616  IW2LUY           59   0100     
QSO:   28425 PH 2026-03-28 1453 V4/SP9FIH        59  0617  SP9DFH           59   0001     
QSO:   28425 PH 2026-03-28 1455 V4/SP9FIH        59  0618  VE3MMH           59   0063     
QSO:   28425 PH 2026-03-28 1456 V4/SP9FIH        59  0619  IK8QQO           59   0082     
QSO:   28425 PH 2026-03-28 1456 V4/SP9FIH        59  0620  NF4A             59   0087     
QSO:   28425 PH 2026-03-28 1456 V4/SP9FIH        59  0621  G0UZK            59   0008     
QSO:   28425 PH 2026-03-28 1457 V4/SP9FIH        59  0622  HA3HK            59   0129     
QSO:   28425 PH 2026-03-28 1457 V4/SP9FIH        59  0623  S53BB            59   0049     
QSO:   28425 PH 2026-03-28 1458 V4/SP9FIH        59  0624  W7ZR             59   0060     
QSO:   28425 PH 2026-03-28 1458 V4/SP9FIH        59  0625  HG0R             59   0581     
QSO:   28425 PH 2026-03-28 1458 V4/SP9FIH        59  0626  G0MBA            59   0156     
QSO:   28425 PH 2026-03-28 1459 V4/SP9FIH        59  0627  IZ6JPK           59   0036     
QSO:   28425 PH 2026-03-28 1459 V4/SP9FIH        59  0628  F6HQP            59   0246     
QSO:   28425 PH 2026-03-28 1459 V4/SP9FIH        59  0629  R6YY             59   0006     
QSO:   28425 PH 2026-03-28 1500 V4/SP9FIH        59  0630  7S9A             59   0325     
QSO:   28425 PH 2026-03-28 1500 V4/SP9FIH        59  0631  IK0PHY           59   0270     
QSO:   28425 PH 2026-03-28 1501 V4/SP9FIH        59  0632  OE5TXL           59   0018     
QSO:   28425 PH 2026-03-28 1501 V4/SP9FIH        59  0633  OK3D             59   0121     
QSO:   28425 PH 2026-03-28 1501 V4/SP9FIH        59  0634  HB9EHJ           59   0378     
QSO:   28425 PH 2026-03-28 1501 V4/SP9FIH        59  0635  K8ZM             59   0191     
QSO:   28425 PH 2026-03-28 1502 V4/SP9FIH        59  0636  DL9PW            59   0222     
QSO:   28425 PH 2026-03-28 1502 V4/SP9FIH        59  0637  KS4X             59   0037     
QSO:   28425 PH 2026-03-28 1502 V4/SP9FIH        59  0638  DJ2MX            59   0046     
QSO:   28425 PH 2026-03-28 1503 V4/SP9FIH        59  0639  OZ5W             59   0170     
QSO:   28425 PH 2026-03-28 1503 V4/SP9FIH        59  0640  II3F             59   0204     
QSO:   28425 PH 2026-03-28 1503 V4/SP9FIH        59  0641  NS4X             59   0004     
QSO:   28425 PH 2026-03-28 1504 V4/SP9FIH        59  0642  IU0DFN           59   0008     
QSO:   28425 PH 2026-03-28 1504 V4/SP9FIH        59  0643  PU2UAF           59   0112     
QSO:   28425 PH 2026-03-28 1505 V4/SP9FIH        59  0644  DJ1OJ            59   0063     
QSO:   28425 PH 2026-03-28 1505 V4/SP9FIH        59  0645  I7WL             59   0020     
QSO:   28425 PH 2026-03-28 1505 V4/SP9FIH        59  0646  VE2QCY           59   0101     
QSO:   28425 PH 2026-03-28 1506 V4/SP9FIH        59  0647  HA7RY            59   0114     
QSO:   28425 PH 2026-03-28 1506 V4/SP9FIH        59  0648  ZS1RJQ           59   0016     
QSO:   28425 PH 2026-03-28 1506 V4/SP9FIH        59  0649  I5MPN            59   0010     
QSO:   28425 PH 2026-03-28 1507 V4/SP9FIH        59  0650  F1RAF            59   0032     
QSO:   28425 PH 2026-03-28 1507 V4/SP9FIH        59  0651  IK7NXU           59   0167     
QSO:   28425 PH 2026-03-28 1508 V4/SP9FIH        59  0652  OK2BYW           59   0139     
QSO:   28425 PH 2026-03-28 1508 V4/SP9FIH        59  0653  EI4HQ            59   0140     
QSO:   28425 PH 2026-03-28 1508 V4/SP9FIH        59  0654  UR6EA            59   0075     
QSO:   28425 PH 2026-03-28 1509 V4/SP9FIH        59  0655  MM9I             59   0993     
QSO:   28425 PH 2026-03-28 1509 V4/SP9FIH        59  0656  PA6OR            59   0741     
QSO:   28425 PH 2026-03-28 1510 V4/SP9FIH        59  0657  DL3SKF           59   0149     
QSO:   28425 PH 2026-03-28 1510 V4/SP9FIH        59  0658  LZ3RBS           59   0110     
QSO:   28425 PH 2026-03-28 1510 V4/SP9FIH        59  0659  SM7GVF           59   0028     
QSO:   28425 PH 2026-03-28 1511 V4/SP9FIH        59  0660  ON4KHG           59   0018     
QSO:   28425 PH 2026-03-28 1511 V4/SP9FIH        59  0661  WK1O             59   0855     
QSO:   28425 PH 2026-03-28 1511 V4/SP9FIH        59  0662  KN2M             59   0890     
QSO:   28425 PH 2026-03-28 1511 V4/SP9FIH        59  0663  RA6MA            59   0032     
QSO:   28425 PH 2026-03-28 1512 V4/SP9FIH        59  0664  K1JB             59   0056     
QSO:   28425 PH 2026-03-28 1512 V4/SP9FIH        59  0665  CR5L             59   0131     
QSO:   28425 PH 2026-03-28 1512 V4/SP9FIH        59  0666  N2BJ             59   0194     
QSO:   28425 PH 2026-03-28 1512 V4/SP9FIH        59  0667  IZ5ILK           59   0053     
QSO:   28425 PH 2026-03-28 1513 V4/SP9FIH        59  0668  OL9Z             59   0604     
QSO:   28425 PH 2026-03-28 1513 V4/SP9FIH        59  0669  CT2GOX           59   0024     
QSO:   28425 PH 2026-03-28 1513 V4/SP9FIH        59  0670  N2NNF            59   0057     
QSO:   28425 PH 2026-03-28 1514 V4/SP9FIH        59  0671  SP6JQC           59   0053     
QSO:   28425 PH 2026-03-28 1514 V4/SP9FIH        59  0672  ON4MW            59   0075     
QSO:   28425 PH 2026-03-28 1515 V4/SP9FIH        59  0673  OL5G             59   0089     
QSO:   28425 PH 2026-03-28 1515 V4/SP9FIH        59  0674  LZ4TX            59   0263     
QSO:   28425 PH 2026-03-28 1515 V4/SP9FIH        59  0675  DP6C             59   0676     
QSO:   28425 PH 2026-03-28 1516 V4/SP9FIH        59  0676  M0ABR            59   0066     
QSO:   28425 PH 2026-03-28 1516 V4/SP9FIH        59  0677  K1AR             59   0460     
QSO:   28425 PH 2026-03-28 1516 V4/SP9FIH        59  0678  TM4V             59   0362     
QSO:   28425 PH 2026-03-28 1517 V4/SP9FIH        59  0679  W1AJT            59   0097     
QSO:   28425 PH 2026-03-28 1518 V4/SP9FIH        59  0680  YC3DOC           59   0173     
QSO:   28425 PH 2026-03-28 1518 V4/SP9FIH        59  0681  PA0GJV           59   0089     
QSO:   28425 PH 2026-03-28 1519 V4/SP9FIH        59  0682  PY5IF            59   0065     
QSO:   28425 PH 2026-03-28 1519 V4/SP9FIH        59  0683  MM2T             59   0065     
QSO:   28425 PH 2026-03-28 1519 V4/SP9FIH        59  0684  PA1H             59   0001     
QSO:   28425 PH 2026-03-28 1520 V4/SP9FIH        59  0685  EA8DHH           59   0110     
QSO:   28425 PH 2026-03-28 1520 V4/SP9FIH        59  0686  DK7AM            59   0264     
QSO:   28425 PH 2026-03-28 1521 V4/SP9FIH        59  0687  OE9MON           59   0141     
QSO:   28425 PH 2026-03-28 1521 V4/SP9FIH        59  0688  SO0O             59   0124     
QSO:   28425 PH 2026-03-28 1521 V4/SP9FIH        59  0689  I4VOS            59   0113     
QSO:   28425 PH 2026-03-28 1521 V4/SP9FIH        59  0690  OK4PA            59   0082     
QSO:   28425 PH 2026-03-28 1522 V4/SP9FIH        59  0691  OE3MZC           59   0001     
QSO:   28425 PH 2026-03-28 1522 V4/SP9FIH        59  0692  IV3KPO           59   0022     
QSO:   28425 PH 2026-03-28 1523 V4/SP9FIH        59  0693  F8FTY            59   0058     
QSO:   28425 PH 2026-03-28 1523 V4/SP9FIH        59  0694  F4BHK            59   0076     
QSO:   28425 PH 2026-03-28 1524 V4/SP9FIH        59  0695  OK2PWX           59   0154     
QSO:   28425 PH 2026-03-28 1524 V4/SP9FIH        59  0696  ER1BF            59   0063     
QSO:   28425 PH 2026-03-28 1524 V4/SP9FIH        59  0697  W3FR             59   0351     
QSO:   28425 PH 2026-03-28 1525 V4/SP9FIH        59  0698  HB9W             59   0244     
QSO:   28425 PH 2026-03-28 1525 V4/SP9FIH        59  0699  KB3Z             59   0173     
QSO:   28425 PH 2026-03-28 1526 V4/SP9FIH        59  0700  EA7JFK           59   0152     
QSO:   28425 PH 2026-03-28 1526 V4/SP9FIH        59  0701  OL8W             59   0125     
QSO:   28425 PH 2026-03-28 1526 V4/SP9FIH        59  0702  4U1A             59   0500     
QSO:   28425 PH 2026-03-28 1526 V4/SP9FIH        59  0703  AG4W             59   0005     
QSO:   28425 PH 2026-03-28 1527 V4/SP9FIH        59  0704  IZ0JRO           59   0069     
QSO:   28425 PH 2026-03-28 1527 V4/SP9FIH        59  0705  AA4V             59   0189     
QSO:   28425 PH 2026-03-28 1527 V4/SP9FIH        59  0706  N4RA             59   0123     
QSO:   28425 PH 2026-03-28 1528 V4/SP9FIH        59  0707  GW5NF            59   0004     
QSO:   28425 PH 2026-03-28 1528 V4/SP9FIH        59  0708  K4PZZ            59   0333     
QSO:   28425 PH 2026-03-28 1529 V4/SP9FIH        59  0709  WD5F             59   0290     
QSO:   28425 PH 2026-03-28 1529 V4/SP9FIH        59  0710  N1YLO            59   0014     
QSO:   28425 PH 2026-03-28 1530 V4/SP9FIH        59  0711  W5CHA            59   0023     
QSO:   28425 PH 2026-03-28 1530 V4/SP9FIH        59  0712  CR3A             59   1234     
QSO:   28425 PH 2026-03-28 1530 V4/SP9FIH        59  0713  S53F             59   0086     
QSO:   28425 PH 2026-03-28 1531 V4/SP9FIH        59  0714  N4XL             59   0305     
QSO:   28425 PH 2026-03-28 1531 V4/SP9FIH        59  0715  KB2AT            59   0136     
QSO:   28425 PH 2026-03-28 1532 V4/SP9FIH        59  0716  VC2CQ            59   0018     
QSO:   28425 PH 2026-03-28 1532 V4/SP9FIH        59  0717  S52NY            59   0044     
QSO:   28425 PH 2026-03-28 1532 V4/SP9FIH        59  0718  SP9JZT           59   0001     
QSO:   28425 PH 2026-03-28 1532 V4/SP9FIH        59  0719  TM3P             59   1528     
QSO:   28425 PH 2026-03-28 1533 V4/SP9FIH        59  0720  PA6AA            59   0304     
QSO:   28425 PH 2026-03-28 1533 V4/SP9FIH        59  0721  IK6CGO           59   0011     
QSO:   28425 PH 2026-03-28 1534 V4/SP9FIH        59  0722  KC6T             59   0776     
QSO:   28425 PH 2026-03-28 1534 V4/SP9FIH        59  0723  EF3Y             59   0146     
QSO:   28425 PH 2026-03-28 1534 V4/SP9FIH        59  0724  EA8AQV           59   0079     
QSO:   28425 PH 2026-03-28 1535 V4/SP9FIH        59  0725  WV2M             59   0063     
QSO:   28425 PH 2026-03-28 1535 V4/SP9FIH        59  0726  IZ3NVR           59   0417     
QSO:   28425 PH 2026-03-28 1535 V4/SP9FIH        59  0727  AB1F             59   0120     
QSO:   28425 PH 2026-03-28 1536 V4/SP9FIH        59  0728  IZ4FVW           59   0023     
QSO:   28425 PH 2026-03-28 1536 V4/SP9FIH        59  0729  K4BP             59   0029     
QSO:   28425 PH 2026-03-28 1536 V4/SP9FIH        59  0730  K4CGY            59   0220     
QSO:   28425 PH 2026-03-28 1536 V4/SP9FIH        59  0731  I2UVZ            59   0004     
QSO:   28425 PH 2026-03-28 1537 V4/SP9FIH        59  0732  KE2DPK           59   0222     
QSO:   28425 PH 2026-03-28 1538 V4/SP9FIH        59  0733  IK2XSL           59   0096     
QSO:   28425 PH 2026-03-28 1538 V4/SP9FIH        59  0734  IN3RTB           59   0029     
QSO:   28425 PH 2026-03-28 1539 V4/SP9FIH        59  0735  IO2Q             59   0181     
QSO:   28425 PH 2026-03-28 1539 V4/SP9FIH        59  0736  WB2UDC           59   0015     
QSO:   28425 PH 2026-03-28 1540 V4/SP9FIH        59  0737  PC2K             59   0149     
QSO:   28425 PH 2026-03-28 1540 V4/SP9FIH        59  0738  YB2NDX           59   0174     
QSO:   28425 PH 2026-03-28 1541 V4/SP9FIH        59  0739  KC2MBV           59   0109     
QSO:   28425 PH 2026-03-28 1541 V4/SP9FIH        59  0740  LZ75HSC          59   0121     
QSO:   28425 PH 2026-03-28 1542 V4/SP9FIH        59  0741  9A3TU            59   0014     
QSO:   28425 PH 2026-03-28 1542 V4/SP9FIH        59  0742  AD4EB            59   0866     
QSO:   28425 PH 2026-03-28 1542 V4/SP9FIH        59  0743  F8DWH            59   0035     
QSO:   28425 PH 2026-03-28 1543 V4/SP9FIH        59  0744  OM3CGN           59   0023     
QSO:   28425 PH 2026-03-28 1543 V4/SP9FIH        59  0745  DF3IS            59   0181     
QSO:   28425 PH 2026-03-28 1543 V4/SP9FIH        59  0746  N2IFA            59   0018     
QSO:   28425 PH 2026-03-28 1543 V4/SP9FIH        59  0747  G0JMR            59   0086     
QSO:   28425 PH 2026-03-28 1544 V4/SP9FIH        59  0748  CT9/WT3J         59   0009     
QSO:   28425 PH 2026-03-28 1544 V4/SP9FIH        59  0749  IU0PVZ           59   0014     
QSO:   28425 PH 2026-03-28 1544 V4/SP9FIH        59  0750  EA1DR            59   0153     
QSO:   28425 PH 2026-03-28 1545 V4/SP9FIH        59  0751  YO6BLM           59   0042     
QSO:   28425 PH 2026-03-28 1545 V4/SP9FIH        59  0752  KC3ZQB           59   0039     
QSO:   28425 PH 2026-03-28 1545 V4/SP9FIH        59  0753  YU5R             59   0731     
QSO:   28425 PH 2026-03-28 1546 V4/SP9FIH        59  0754  KR4FQG           59   0015     
QSO:   28425 PH 2026-03-28 1546 V4/SP9FIH        59  0755  IZ3ARV           59   0001     
QSO:   28425 PH 2026-03-28 1547 V4/SP9FIH        59  0756  IV3VFR           59   0002     
QSO:   28425 PH 2026-03-28 1547 V4/SP9FIH        59  0757  EA3ESZ           59   0120     
QSO:   28425 PH 2026-03-28 1547 V4/SP9FIH        59  0758  MW0VCV           59   0089     
QSO:   28425 PH 2026-03-28 1548 V4/SP9FIH        59  0759  KC3VRW           59   0009     
QSO:   28425 PH 2026-03-28 1548 V4/SP9FIH        59  0760  N1CLG            59   0002     
QSO:   28425 PH 2026-03-28 1548 V4/SP9FIH        59  0761  LX1NX            59   0028     
QSO:   28425 PH 2026-03-28 1549 V4/SP9FIH        59  0762  KA2FIR           59   0137     
QSO:   28425 PH 2026-03-28 1550 V4/SP9FIH        59  0763  IV3JJT           59   0107     
QSO:   28425 PH 2026-03-28 1550 V4/SP9FIH        59  0764  OE3GCU           59   0030     
QSO:   28425 PH 2026-03-28 1550 V4/SP9FIH        59  0765  F2VX             59   0006     
QSO:   28425 PH 2026-03-28 1551 V4/SP9FIH        59  0766  EE2L             59   0894     
QSO:   28425 PH 2026-03-28 1551 V4/SP9FIH        59  0767  LZ1W             59   0008     
QSO:   28425 PH 2026-03-28 1551 V4/SP9FIH        59  0768  YU0U             59   0173     
QSO:   28425 PH 2026-03-28 1552 V4/SP9FIH        59  0769  NE1AR            59   0004     
QSO:   28425 PH 2026-03-28 1552 V4/SP9FIH        59  0770  IK3OYY           59   0035     
QSO:   28425 PH 2026-03-28 1552 V4/SP9FIH        59  0771  DB0DH            59   0013     
QSO:   28425 PH 2026-03-28 1553 V4/SP9FIH        59  0772  TM6M             59   0542     
QSO:   28425 PH 2026-03-28 1553 V4/SP9FIH        59  0773  K3AU             59   0267     
QSO:   28425 PH 2026-03-28 1553 V4/SP9FIH        59  0774  KM2O             59   0336     
QSO:   28425 PH 2026-03-28 1553 V4/SP9FIH        59  0775  SV1ABB           59   0022     
QSO:   28425 PH 2026-03-28 1554 V4/SP9FIH        59  0776  N2RC             59   0219     
QSO:   28425 PH 2026-03-28 1554 V4/SP9FIH        59  0777  OM8A             59   1133     
QSO:   28425 PH 2026-03-28 1554 V4/SP9FIH        59  0778  EA8DPB           59   0095     
QSO:   28425 PH 2026-03-28 1554 V4/SP9FIH        59  0779  G7TWC            59   0002     
QSO:   28425 PH 2026-03-28 1554 V4/SP9FIH        59  0780  WR2G             59   0485     
QSO:   28425 PH 2026-03-28 1555 V4/SP9FIH        59  0781  W1JIM            59   0138     
QSO:   28425 PH 2026-03-28 1555 V4/SP9FIH        59  0782  IU7TZH           59   0015     
QSO:   28425 PH 2026-03-28 1555 V4/SP9FIH        59  0783  W1GD             59   0358     
QSO:   28425 PH 2026-03-28 1556 V4/SP9FIH        59  0784  WA2JQK           59   0350     
QSO:   28425 PH 2026-03-28 1557 V4/SP9FIH        59  0785  YE4FNN           59   0057     
QSO:   28425 PH 2026-03-28 1557 V4/SP9FIH        59  0786  RK4FD            59   0634     
QSO:   28425 PH 2026-03-28 1558 V4/SP9FIH        59  0787  IU6TZT           59   0085     
QSO:   28425 PH 2026-03-28 1558 V4/SP9FIH        59  0788  EA4EJR           59   0082     
QSO:   28425 PH 2026-03-28 1558 V4/SP9FIH        59  0789  F8KHN            59   0724     
QSO:   28425 PH 2026-03-28 1559 V4/SP9FIH        59  0790  F4CIB            59   0009     
QSO:   28425 PH 2026-03-28 1559 V4/SP9FIH        59  0791  W3HZU            59   0005     
QSO:   28425 PH 2026-03-28 1559 V4/SP9FIH        59  0792  CS2O             59   0374     
QSO:   28425 PH 2026-03-28 1600 V4/SP9FIH        59  0793  NY6DX            59   0508     
QSO:   28425 PH 2026-03-28 1600 V4/SP9FIH        59  0794  PU8PSF           59   0058     
QSO:   28425 PH 2026-03-28 1601 V4/SP9FIH        59  0795  SX5P             59   0509     
QSO:   28425 PH 2026-03-28 1601 V4/SP9FIH        59  0796  WV4P             59   0600     
QSO:   28425 PH 2026-03-28 1601 V4/SP9FIH        59  0797  KB3VQC           59   0041     
QSO:   28425 PH 2026-03-28 1602 V4/SP9FIH        59  0798  3G2S             59   0757     
QSO:   28425 PH 2026-03-28 1603 V4/SP9FIH        59  0799  SA0IAT           59   0132     
QSO:   28425 PH 2026-03-28 1603 V4/SP9FIH        59  0800  GM0GOV           59   0003     
QSO:   28425 PH 2026-03-28 1603 V4/SP9FIH        59  0801  W1WRA            59   0042     
QSO:   28425 PH 2026-03-28 1604 V4/SP9FIH        59  0802  DD1SB            59   0201     
QSO:   28425 PH 2026-03-28 1604 V4/SP9FIH        59  0803  IK2LFD           59   0013     
QSO:   28425 PH 2026-03-28 1605 V4/SP9FIH        59  0804  ZS1RJQ           59   0026     
QSO:   28425 PH 2026-03-28 1605 V4/SP9FIH        59  0805  LU4JHF           59   0057     
QSO:   28425 PH 2026-03-28 1606 V4/SP9FIH        59  0806  MI0I             59   0064     
QSO:   28425 PH 2026-03-28 1606 V4/SP9FIH        59  0807  NB1N             59   0211     
QSO:   28425 PH 2026-03-28 1607 V4/SP9FIH        59  0808  IZ2QGB           59   0074     
QSO:   28425 PH 2026-03-28 1607 V4/SP9FIH        59  0809  RU6K             59   0001     
QSO:   28425 PH 2026-03-28 1607 V4/SP9FIH        59  0810  F8CFU            59   0013     
QSO:   28425 PH 2026-03-28 1607 V4/SP9FIH        59  0811  K3KTM            59   0011     
QSO:   28425 PH 2026-03-28 1608 V4/SP9FIH        59  0812  DO1UTE           59   0123     
QSO:   28425 PH 2026-03-28 1608 V4/SP9FIH        59  0813  DL8KX            59   0006     
QSO:   28425 PH 2026-03-28 1609 V4/SP9FIH        59  0814  EI3KE            59   0005     
QSO:   28425 PH 2026-03-28 1609 V4/SP9FIH        59  0815  DG1GHY           59   0161     
QSO:   28425 PH 2026-03-28 1609 V4/SP9FIH        59  0816  PE1LUB           59   0045     
QSO:   28425 PH 2026-03-28 1610 V4/SP9FIH        59  0817  M0VBG            59   0140     
QSO:   28425 PH 2026-03-28 1610 V4/SP9FIH        59  0818  KC1VCN           59   0101     
QSO:   28425 PH 2026-03-28 1611 V4/SP9FIH        59  0819  EA5W             59   0088     
QSO:   28425 PH 2026-03-28 1611 V4/SP9FIH        59  0820  Z35U             59   0051     
QSO:   28425 PH 2026-03-28 1611 V4/SP9FIH        59  0821  AH2O             59   0730     
QSO:   28425 PH 2026-03-28 1612 V4/SP9FIH        59  0822  OL0W             59   0351     
QSO:   28425 PH 2026-03-28 1613 V4/SP9FIH        59  0823  VO1GU            59   0042     
QSO:   28425 PH 2026-03-28 1613 V4/SP9FIH        59  0824  WA2DNI           59   0448     
QSO:   28425 PH 2026-03-28 1613 V4/SP9FIH        59  0825  IC8JAH           59   0039     
QSO:   28425 PH 2026-03-28 1614 V4/SP9FIH        59  0826  OM0R             59   1352     
QSO:   28425 PH 2026-03-28 1614 V4/SP9FIH        59  0827  IK6TOS           59   0012     
QSO:   28425 PH 2026-03-28 1615 V4/SP9FIH        59  0828  M1AKN            59   0007     
QSO:   28425 PH 2026-03-28 1615 V4/SP9FIH        59  0829  EA9E             59   0483     
QSO:   28425 PH 2026-03-28 1615 V4/SP9FIH        59  0830  IP0A             59   1294     
QSO:   28425 PH 2026-03-28 1616 V4/SP9FIH        59  0831  DL1EEL           59   0014     
QSO:   28425 PH 2026-03-28 1616 V4/SP9FIH        59  0832  F5DRD            59   0091     
QSO:   28425 PH 2026-03-28 1617 V4/SP9FIH        59  0833  DF6QV            59   0324     
QSO:   28425 PH 2026-03-28 1617 V4/SP9FIH        59  0834  EA2XR            59   0125     
QSO:   28425 PH 2026-03-28 1617 V4/SP9FIH        59  0835  PD1B             59   0024     
QSO:   28425 PH 2026-03-28 1618 V4/SP9FIH        59  0836  G0TFD            59   0002     
QSO:   28425 PH 2026-03-28 1618 V4/SP9FIH        59  0837  DR1A             59   0465     
QSO:   28425 PH 2026-03-28 1618 V4/SP9FIH        59  0838  KQ2R             59   0152     
QSO:   28425 PH 2026-03-28 1619 V4/SP9FIH        59  0839  KD2TT            59   0249     
QSO:   28425 PH 2026-03-28 1619 V4/SP9FIH        59  0840  G0MWE            59   0007     
QSO:   28425 PH 2026-03-28 1619 V4/SP9FIH        59  0841  DK8EY            59   0017     
QSO:   28425 PH 2026-03-28 1620 V4/SP9FIH        59  0842  HB9TMW           59   0087     
QSO:   28425 PH 2026-03-28 1620 V4/SP9FIH        59  0843  N2SQW            59   0271     
QSO:   28425 PH 2026-03-28 1620 V4/SP9FIH        59  0844  LZ6E             59   1059     
QSO:   28425 PH 2026-03-28 1621 V4/SP9FIH        59  0845  PG4DX            59   0010     
QSO:   28425 PH 2026-03-28 1621 V4/SP9FIH        59  0846  OT1V             59   0010     
QSO:   28425 PH 2026-03-28 1621 V4/SP9FIH        59  0847  MW8R             59   0052     
QSO:   28425 PH 2026-03-28 1621 V4/SP9FIH        59  0848  TM0W             59   0460     
QSO:   28425 PH 2026-03-28 1622 V4/SP9FIH        59  0849  LZ1ZP            59   0065     
QSO:   28425 PH 2026-03-28 1622 V4/SP9FIH        59  0850  N6JRL            59   0130     
QSO:   28425 PH 2026-03-28 1623 V4/SP9FIH        59  0851  G4UNB            59   0060     
QSO:   28425 PH 2026-03-28 1623 V4/SP9FIH        59  0852  NG3R             59   0884     
QSO:   28425 PH 2026-03-28 1623 V4/SP9FIH        59  0853  N2LQH            59   0205     
QSO:   28425 PH 2026-03-28 1624 V4/SP9FIH        59  0854  DH1PAL           59   0164     
QSO:   28425 PH 2026-03-28 1624 V4/SP9FIH        59  0855  KB1EFS           59   0057     
QSO:   28425 PH 2026-03-28 1624 V4/SP9FIH        59  0856  VA1XH            59   0201     
QSO:   28425 PH 2026-03-28 1625 V4/SP9FIH        59  0857  G3VOF            59   0001     
QSO:   28425 PH 2026-03-28 1625 V4/SP9FIH        59  0858  GM5VDX/M         59   0212     
QSO:   28425 PH 2026-03-28 1626 V4/SP9FIH        59  0859  EC1T             59   0068     
QSO:   28425 PH 2026-03-28 1626 V4/SP9FIH        59  0860  G1IMM            59   0003     
QSO:   28425 PH 2026-03-28 1626 V4/SP9FIH        59  0861  F4NEF            59   0031     
QSO:   28425 PH 2026-03-28 1627 V4/SP9FIH        59  0862  KC3AA            59   0018     
QSO:   28425 PH 2026-03-28 1628 V4/SP9FIH        59  0863  YB1RGK           59   0335     
QSO:   28425 PH 2026-03-28 1628 V4/SP9FIH        59  0864  HB9IKO           59   0019     
QSO:   28425 PH 2026-03-28 1628 V4/SP9FIH        59  0865  M0MDR            59   0054     
QSO:   28425 PH 2026-03-28 1629 V4/SP9FIH        59  0866  VE1RSM           59   0055     
QSO:   28425 PH 2026-03-28 1629 V4/SP9FIH        59  0867  KC3C             59   0559     
QSO:   28425 PH 2026-03-28 1630 V4/SP9FIH        59  0868  KC2POL           59   0016     
QSO:   28425 PH 2026-03-28 1631 V4/SP9FIH        59  0869  DH2PH            59   0110     
QSO:   28425 PH 2026-03-28 1631 V4/SP9FIH        59  0870  LZ1AQ            59   0398     
QSO:   28425 PH 2026-03-28 1631 V4/SP9FIH        59  0871  KC3OQ            59   0014     
QSO:   28425 PH 2026-03-28 1632 V4/SP9FIH        59  0872  N2LDV            59   0063     
QSO:   28425 PH 2026-03-28 1632 V4/SP9FIH        59  0873  WX2WX            59   0004     
QSO:   28425 PH 2026-03-28 1633 V4/SP9FIH        59  0874  KB1USP           59   0105     
QSO:   28425 PH 2026-03-28 1634 V4/SP9FIH        59  0875  N6PGQ            59   0064     
QSO:   28425 PH 2026-03-28 1634 V4/SP9FIH        59  0876  N7XCZ            59   0103     
QSO:   28425 PH 2026-03-28 1635 V4/SP9FIH        59  0877  K3LT             59   0027     
QSO:   28425 PH 2026-03-28 1635 V4/SP9FIH        59  0878  KB1DK            59   0123     
QSO:   28425 PH 2026-03-28 1636 V4/SP9FIH        59  0879  HA7MF            59   0066     
QSO:   28425 PH 2026-03-28 1636 V4/SP9FIH        59  0880  EA3MS            59   0062     
QSO:   28425 PH 2026-03-28 1636 V4/SP9FIH        59  0881  NW3Y             59   0274     
QSO:   28425 PH 2026-03-28 1636 V4/SP9FIH        59  0882  W2CN             59   0046     
QSO:   28425 PH 2026-03-28 1637 V4/SP9FIH        59  0883  SV9COL           59   0013     
QSO:   28425 PH 2026-03-28 1637 V4/SP9FIH        59  0884  AB2E             59   0257     
QSO:   28425 PH 2026-03-28 1637 V4/SP9FIH        59  0885  DL4FAP           59   0001     
QSO:   28425 PH 2026-03-28 1638 V4/SP9FIH        59  0886  AC1U             59   0101     
QSO:   28425 PH 2026-03-28 1639 V4/SP9FIH        59  0887  DN9BW            59   0003     
QSO:   28425 PH 2026-03-28 1639 V4/SP9FIH        59  0888  N1MSK            59   0008     
QSO:   28425 PH 2026-03-28 1640 V4/SP9FIH        59  0889  F4IYU            59   0001     
QSO:   28425 PH 2026-03-28 1641 V4/SP9FIH        59  0890  ED3I             59   0078     
QSO:   28425 PH 2026-03-28 1641 V4/SP9FIH        59  0891  W1WV             59   0136     
QSO:   28425 PH 2026-03-28 1642 V4/SP9FIH        59  0892  K1AV             59   0043     
QSO:   28425 PH 2026-03-28 1642 V4/SP9FIH        59  0893  IB4X             59   0449     
QSO:   28425 PH 2026-03-28 1642 V4/SP9FIH        59  0894  IU7VEZ           59   0002     
QSO:   28425 PH 2026-03-28 1643 V4/SP9FIH        59  0895  YB1AAE           59   0195     
QSO:   28425 PH 2026-03-28 1643 V4/SP9FIH        59  0896  OS8D             59   0039     
QSO:   28425 PH 2026-03-28 1644 V4/SP9FIH        59  0897  EA1BD            59   0021     
QSO:   28425 PH 2026-03-28 1644 V4/SP9FIH        59  0898  ON6MH            59   0004     
QSO:   28425 PH 2026-03-28 1645 V4/SP9FIH        59  0899  KK4R             59   0040     
QSO:   28425 PH 2026-03-28 1646 V4/SP9FIH        59  0900  IT9OPS           59   0013     
QSO:   28425 PH 2026-03-28 1646 V4/SP9FIH        59  0901  K1LZ             59   2385     
QSO:   28425 PH 2026-03-28 1646 V4/SP9FIH        59  0902  SV5ADM           59   0019     
QSO:   28425 PH 2026-03-28 1646 V4/SP9FIH        59  0903  NN6U             59   0639     
QSO:   28425 PH 2026-03-28 1647 V4/SP9FIH        59  0904  N1JTK            59   0153     
QSO:   28425 PH 2026-03-28 1647 V4/SP9FIH        59  0905  KC3UDO           59   0184     
QSO:   28425 PH 2026-03-28 1648 V4/SP9FIH        59  0906  PA1PE            59   0035     
QSO:   28425 PH 2026-03-28 1648 V4/SP9FIH        59  0907  EA5XA            59   0009     
QSO:   28425 PH 2026-03-28 1648 V4/SP9FIH        59  0908  KD3RF            59   0264     
QSO:   28425 PH 2026-03-28 1648 V4/SP9FIH        59  0909  KI7WX            59   0626     
QSO:   28425 PH 2026-03-28 1649 V4/SP9FIH        59  0910  OO4M             59   0191     
QSO:   28425 PH 2026-03-28 1649 V4/SP9FIH        59  0911  K5VIP            59   0084     
QSO:   28425 PH 2026-03-28 1650 V4/SP9FIH        59  0912  EA2DDE           59   0008     
QSO:   28425 PH 2026-03-28 1650 V4/SP9FIH        59  0913  TI2RPT           59   0020     
QSO:   28425 PH 2026-03-28 1650 V4/SP9FIH        59  0914  IZ8CLM           59   0073     
QSO:   28425 PH 2026-03-28 1650 V4/SP9FIH        59  0915  F1EMX            59   0001     
QSO:   28425 PH 2026-03-28 1651 V4/SP9FIH        59  0916  M3UXJ            59   0018     
QSO:   28425 PH 2026-03-28 1652 V4/SP9FIH        59  0917  WC8VOA           59   0028     
QSO:   28425 PH 2026-03-28 1652 V4/SP9FIH        59  0918  OZ1T             59   0004     
QSO:   28425 PH 2026-03-28 1652 V4/SP9FIH        59  0919  WG3J             59   0029     
QSO:   28425 PH 2026-03-28 1653 V4/SP9FIH        59  0920  F5IDJ            59   0006     
QSO:   28425 PH 2026-03-28 1653 V4/SP9FIH        59  0921  G8FRS            59   0082     
QSO:   28425 PH 2026-03-28 1654 V4/SP9FIH        59  0922  S55KA            59   0139     
QSO:   28425 PH 2026-03-28 1654 V4/SP9FIH        59  0923  KG4CRJ           59   0020     
QSO:   28425 PH 2026-03-28 1654 V4/SP9FIH        59  0924  K1GMS            59   0129     
QSO:   28425 PH 2026-03-28 1655 V4/SP9FIH        59  0925  DL4TT            59   0785     
QSO:   28425 PH 2026-03-28 1656 V4/SP9FIH        59  0926  E72U             59   0194     
QSO:   28425 PH 2026-03-28 1656 V4/SP9FIH        59  0927  2I0TJR           59   0046     
QSO:   28425 PH 2026-03-28 1657 V4/SP9FIH        59  0928  F4EZJ            59   0002     
QSO:   28425 PH 2026-03-28 1658 V4/SP9FIH        59  0929  CT1EMD           59   0103     
QSO:   28425 PH 2026-03-28 1658 V4/SP9FIH        59  0930  M0AUG            59   0083     
QSO:   28425 PH 2026-03-28 1659 V4/SP9FIH        59  0931  F5PXF            59   0103     
QSO:   28425 PH 2026-03-28 1659 V4/SP9FIH        59  0932  TA4J             59   0105     
QSO:   28425 PH 2026-03-28 1659 V4/SP9FIH        59  0933  KB3RN            59   0015     
QSO:   28425 PH 2026-03-28 1700 V4/SP9FIH        59  0934  OT2A             59   0224     
QSO:   28425 PH 2026-03-28 1701 V4/SP9FIH        59  0935  M9VGP            59   0065     
QSO:   28425 PH 2026-03-28 1701 V4/SP9FIH        59  0936  AA4NC            59   0938     
QSO:   28425 PH 2026-03-28 1702 V4/SP9FIH        59  0937  SV4LGX           59   0219     
QSO:   28425 PH 2026-03-28 1702 V4/SP9FIH        59  0938  S54K             59   0959     
QSO:   28425 PH 2026-03-28 1702 V4/SP9FIH        59  0939  LA3BPA           59   0061     
QSO:   28425 PH 2026-03-28 1702 V4/SP9FIH        59  0940  W5MPB            59   0188     
QSO:   28425 PH 2026-03-28 1703 V4/SP9FIH        59  0941  F4GHN            59   0133     
QSO:   28425 PH 2026-03-28 1703 V4/SP9FIH        59  0942  DL7HU            59   0027     
QSO:   28425 PH 2026-03-28 1703 V4/SP9FIH        59  0943  PA3MM            59   0019     
QSO:   28425 PH 2026-03-28 1704 V4/SP9FIH        59  0944  ON5AL            59   0011     
QSO:   28425 PH 2026-03-28 1704 V4/SP9FIH        59  0945  HG8R             59   1244     
QSO:   28425 PH 2026-03-28 1705 V4/SP9FIH        59  0946  K7NN             59   0006     
QSO:   28425 PH 2026-03-28 1705 V4/SP9FIH        59  0947  CG3T             59   0919     
QSO:   28425 PH 2026-03-28 1706 V4/SP9FIH        59  0948  M3CJT            59   0023     
QSO:   28425 PH 2026-03-28 1706 V4/SP9FIH        59  0949  DK7AM            59   0341     
QSO:   28425 PH 2026-03-28 1707 V4/SP9FIH        59  0950  IT9EYA           59   0001     
QSO:   28425 PH 2026-03-28 1708 V4/SP9FIH        59  0951  IK2GAU           59   0018     
QSO:   28425 PH 2026-03-28 1708 V4/SP9FIH        59  0952  TK5MH            59   0030     
QSO:   28425 PH 2026-03-28 1708 V4/SP9FIH        59  0953  W2YC             59   0201     
QSO:   28425 PH 2026-03-28 1709 V4/SP9FIH        59  0954  IZ0COG           59   0148     
QSO:   28425 PH 2026-03-28 1709 V4/SP9FIH        59  0955  C4W              59   0712     
QSO:   28425 PH 2026-03-28 1710 V4/SP9FIH        59  0956  W3ICM            59   0163     
QSO:   28425 PH 2026-03-28 1710 V4/SP9FIH        59  0957  OE8TTR           59   0023     
QSO:   28425 PH 2026-03-28 1711 V4/SP9FIH        59  0958  I1APQ            59   0001     
QSO:   28425 PH 2026-03-28 1714 V4/SP9FIH        59  0959  DG1AAE           59   0040     
QSO:   28425 PH 2026-03-28 1714 V4/SP9FIH        59  0960  I2OLV            59   0279     
QSO:   28425 PH 2026-03-28 1715 V4/SP9FIH        59  0961  ON3ATB           59   0016     
QSO:   28425 PH 2026-03-28 1715 V4/SP9FIH        59  0962  TI1I             59   0411     
QSO:   28425 PH 2026-03-28 1715 V4/SP9FIH        59  0963  G0ZEN            59   0019     
QSO:   28425 PH 2026-03-28 1716 V4/SP9FIH        59  0964  F4FMB            59   0004     
QSO:   28425 PH 2026-03-28 1716 V4/SP9FIH        59  0965  CT3KN            59   1980     
QSO:   28425 PH 2026-03-28 1716 V4/SP9FIH        59  0966  F4BHW            59   0012     
QSO:   28425 PH 2026-03-28 1717 V4/SP9FIH        59  0967  MW5EPA           59   0002     
QSO:   28425 PH 2026-03-28 1717 V4/SP9FIH        59  0968  EA1FGX           59   0114     
QSO:   28425 PH 2026-03-28 1717 V4/SP9FIH        59  0969  SV8JVH           59   0011     
QSO:   28425 PH 2026-03-28 1718 V4/SP9FIH        59  0970  NE8P             59   0227     
QSO:   28425 PH 2026-03-28 1718 V4/SP9FIH        59  0971  M7EKF            59   0006     
QSO:   28425 PH 2026-03-28 1718 V4/SP9FIH        59  0972  K2UA             59   0010     
QSO:   28425 PH 2026-03-28 1719 V4/SP9FIH        59  0973  VA1BOB           59   0008     
QSO:   28425 PH 2026-03-28 1719 V4/SP9FIH        59  0974  SV1QVA           59   0063     
QSO:   28425 PH 2026-03-28 1720 V4/SP9FIH        59  0975  HB9CYT           59   0045     
QSO:   28425 PH 2026-03-28 1720 V4/SP9FIH        59  0976  PA1MV            59   0015     
QSO:   28425 PH 2026-03-28 1721 V4/SP9FIH        59  0977  ON7HC            59   0015     
QSO:   28425 PH 2026-03-28 1721 V4/SP9FIH        59  0978  G0NJZ            59   0008     
QSO:   28425 PH 2026-03-28 1721 V4/SP9FIH        59  0979  EA7I             59   0455     
QSO:   28425 PH 2026-03-28 1722 V4/SP9FIH        59  0980  OL7W             59   0098     
QSO:   28425 PH 2026-03-28 1722 V4/SP9FIH        59  0981  ED8T             59   0139     
QSO:   28425 PH 2026-03-28 1723 V4/SP9FIH        59  0982  F5ROW            59   0008     
QSO:   28425 PH 2026-03-28 1724 V4/SP9FIH        59  0983  M6DBC            59   0013     
QSO:   28425 PH 2026-03-28 1725 V4/SP9FIH        59  0984  NA2U             59   0031     
QSO:   28425 PH 2026-03-28 1725 V4/SP9FIH        59  0985  K4KMJ            59   0040     
QSO:   28425 PH 2026-03-28 1725 V4/SP9FIH        59  0986  EA1GIB           59   0151     
QSO:   28425 PH 2026-03-28 1726 V4/SP9FIH        59  0987  W4FNP            59   0002     
QSO:   28425 PH 2026-03-28 1726 V4/SP9FIH        59  0988  HB9SNR           59   0020     
QSO:   28425 PH 2026-03-28 1726 V4/SP9FIH        59  0989  N7TJB            59   0004     
QSO:   28425 PH 2026-03-28 1727 V4/SP9FIH        59  0990  EA1FW            59   0144     
QSO:   28425 PH 2026-03-28 1727 V4/SP9FIH        59  0991  G3Q              59   0024     
QSO:   28425 PH 2026-03-28 1727 V4/SP9FIH        59  0992  N5GI             59   0218     
QSO:   28425 PH 2026-03-28 1727 V4/SP9FIH        59  0993  SE6C             59   0046     
QSO:   28425 PH 2026-03-28 1728 V4/SP9FIH        59  0994  M6PZB            59   0003     
QSO:   28425 PH 2026-03-28 1728 V4/SP9FIH        59  0995  PY4LH            59   0024     
QSO:   28425 PH 2026-03-28 1729 V4/SP9FIH        59  0996  IC8FBU           59   0011     
QSO:   28425 PH 2026-03-28 1729 V4/SP9FIH        59  0997  NR6Q             59   0933     
QSO:   28425 PH 2026-03-28 1729 V4/SP9FIH        59  0998  IZ0CKJ           59   0085     
QSO:   28425 PH 2026-03-28 1730 V4/SP9FIH        59  0999  V47T             59   3006     
QSO:   28425 PH 2026-03-28 1730 V4/SP9FIH        59  1000  F4IYB            59   0054     
QSO:   28425 PH 2026-03-28 1730 V4/SP9FIH        59  1001  XE2W             59   0396     
QSO:   28425 PH 2026-03-28 1731 V4/SP9FIH        59  1002  W2WDC            59   0129     
QSO:   28425 PH 2026-03-28 1731 V4/SP9FIH        59  1003  NO4H             59   0202     
QSO:   28425 PH 2026-03-28 1731 V4/SP9FIH        59  1004  EA3GYE           59   0029     
QSO:   28425 PH 2026-03-28 1732 V4/SP9FIH        59  1005  S52BT            59   0165     
QSO:   28425 PH 2026-03-28 1732 V4/SP9FIH        59  1006  ED4A             59   0076     
QSO:   28425 PH 2026-03-28 1733 V4/SP9FIH        59  1007  PB4GA            59   0052     
QSO:   28425 PH 2026-03-28 1733 V4/SP9FIH        59  1008  NQ4I             59   0298     
QSO:   28425 PH 2026-03-28 1733 V4/SP9FIH        59  1009  WB7PMP           59   0047     
QSO:   28425 PH 2026-03-28 1734 V4/SP9FIH        59  1010  KK4ANE           59   0155     
QSO:   28425 PH 2026-03-28 1734 V4/SP9FIH        59  1011  K2LML            59   0050     
QSO:   28425 PH 2026-03-28 1734 V4/SP9FIH        59  1012  EA8XNX           59   0183     
QSO:   28425 PH 2026-03-28 1735 V4/SP9FIH        59  1013  M9TLH            59   0005     
QSO:   28425 PH 2026-03-28 1735 V4/SP9FIH        59  1014  EI5KG            59   0031     
QSO:   28425 PH 2026-03-28 1736 V4/SP9FIH        59  1015  EC7K             59   0123     
QSO:   28425 PH 2026-03-28 1737 V4/SP9FIH        59  1016  KD7JR            59   0002     
QSO:   28425 PH 2026-03-28 1737 V4/SP9FIH        59  1017  S53CC            59   0058     
QSO:   28425 PH 2026-03-28 1737 V4/SP9FIH        59  1018  EA4AA            59   0011     
QSO:   28425 PH 2026-03-28 1738 V4/SP9FIH        59  1019  GW0ARK           59   0010     
QSO:   28425 PH 2026-03-28 1738 V4/SP9FIH        59  1020  2E0CEY           59   0074     
QSO:   28425 PH 2026-03-28 1739 V4/SP9FIH        59  1021  M9KBU            59   0079     
QSO:   28425 PH 2026-03-28 1739 V4/SP9FIH        59  1022  IZ5CML           59   0046     
QSO:   28425 PH 2026-03-28 1740 V4/SP9FIH        59  1023  IZ0AON           59   0051     
QSO:   28425 PH 2026-03-28 1740 V4/SP9FIH        59  1024  IT9BGE           59   0447     
QSO:   28425 PH 2026-03-28 1741 V4/SP9FIH        59  1025  EA2FCW           59   0219     
QSO:   28425 PH 2026-03-28 1741 V4/SP9FIH        59  1026  W2TLI            59   0021     
QSO:   28425 PH 2026-03-28 1741 V4/SP9FIH        59  1027  IZ7QZL           59   0006     
QSO:   28425 PH 2026-03-28 1742 V4/SP9FIH        59  1028  PI4D             59   0053     
QSO:   28425 PH 2026-03-28 1742 V4/SP9FIH        59  1029  GW4XMR           59   0288     
QSO:   28425 PH 2026-03-28 1743 V4/SP9FIH        59  1030  K4ZMA            59   0029     
QSO:   28425 PH 2026-03-28 1743 V4/SP9FIH        59  1031  NX3Z             59   0154     
QSO:   28425 PH 2026-03-28 1743 V4/SP9FIH        59  1032  NO2R             59   0052     
QSO:   28425 PH 2026-03-28 1745 V4/SP9FIH        59  1033  IT9BYS           59   0010     
QSO:   28425 PH 2026-03-28 1745 V4/SP9FIH        59  1034  EI8KV            59   0058     
QSO:   28425 PH 2026-03-28 1746 V4/SP9FIH        59  1035  M8GCK            59   0035     
QSO:   28425 PH 2026-03-28 1747 V4/SP9FIH        59  1036  I8KCI            59   0028     
QSO:   28425 PH 2026-03-28 1748 V4/SP9FIH        59  1037  F6HIA            59   0027     
QSO:   28425 PH 2026-03-28 1749 V4/SP9FIH        59  1038  DL1CG            59   0337     
QSO:   28425 PH 2026-03-28 1750 V4/SP9FIH        59  1039  9A73P            59   0595     
QSO:   28425 PH 2026-03-28 1750 V4/SP9FIH        59  1040  WB5SKM           59   0252     
QSO:   28425 PH 2026-03-28 1751 V4/SP9FIH        59  1041  ZD7BG            59   0171     
QSO:   28425 PH 2026-03-28 1751 V4/SP9FIH        59  1042  IK8SDF           59   0198     
QSO:   28425 PH 2026-03-28 1752 V4/SP9FIH        59  1043  IZ6CLV           59   0053     
QSO:   28425 PH 2026-03-28 1753 V4/SP9FIH        59  1044  IB9C             59   0209     
QSO:   28425 PH 2026-03-28 1753 V4/SP9FIH        59  1045  KZ4ZZ            59   0083     
QSO:   28425 PH 2026-03-28 1754 V4/SP9FIH        59  1046  IZ5ILK           59   0148     
QSO:   28425 PH 2026-03-28 1754 V4/SP9FIH        59  1047  LZ4TX            59   0324     
QSO:   28425 PH 2026-03-28 1755 V4/SP9FIH        59  1048  KB4CG            59   0007     
QSO:   28425 PH 2026-03-28 1756 V4/SP9FIH        59  1049  DA0T             59   1052     
QSO:   28425 PH 2026-03-28 1756 V4/SP9FIH        59  1050  DL4VK            59   0409     
QSO:   28425 PH 2026-03-28 1757 V4/SP9FIH        59  1051  ZP6SKY           59   0144     
QSO:   28425 PH 2026-03-28 1757 V4/SP9FIH        59  1052  IU7KRA           59   0026     
QSO:   28425 PH 2026-03-28 1758 V4/SP9FIH        59  1053  SP2DW            59   0005     
QSO:   28425 PH 2026-03-28 1759 V4/SP9FIH        59  1054  M8SFM            59   0010     
QSO:   28425 PH 2026-03-28 1759 V4/SP9FIH        59  1055  IU8AZS           59   0189     
QSO:   28425 PH 2026-03-28 1759 V4/SP9FIH        59  1056  HA3DX            59   1406     
QSO:   28425 PH 2026-03-28 1759 V4/SP9FIH        59  1057  DL5IC            59   0005     
QSO:   28425 PH 2026-03-28 1800 V4/SP9FIH        59  1058  DK8ZZ            59   0055     
QSO:   28425 PH 2026-03-28 1801 V4/SP9FIH        59  1059  WA7TT            59   0105     
QSO:   28425 PH 2026-03-28 1802 V4/SP9FIH        59  1060  HB9BLQ           59   0011     
QSO:   28425 PH 2026-03-28 1802 V4/SP9FIH        59  1061  WB0X             59   0011     
QSO:   28425 PH 2026-03-28 1802 V4/SP9FIH        59  1062  IW2HFU           59   0170     
QSO:   28425 PH 2026-03-28 1803 V4/SP9FIH        59  1063  WX3B             59   0271     
QSO:   28425 PH 2026-03-28 1803 V4/SP9FIH        59  1064  EA3EBN           59   0052     
QSO:   28425 PH 2026-03-28 1804 V4/SP9FIH        59  1065  M5XTC            59   0167     
QSO:   28425 PH 2026-03-28 1805 V4/SP9FIH        59  1066  YC1RJL           59   0135     
QSO:   28425 PH 2026-03-28 1805 V4/SP9FIH        59  1067  G1XOW            59   0050     
QSO:   28425 PH 2026-03-28 1806 V4/SP9FIH        59  1068  KA4RRU           59   0685     
QSO:   28425 PH 2026-03-28 1807 V4/SP9FIH        59  1069  YU5A             59   1161     
QSO:   28425 PH 2026-03-28 1808 V4/SP9FIH        59  1070  M6RIN            59   0010     
QSO:   28425 PH 2026-03-28 1809 V4/SP9FIH        59  1071  DL8UAT           59   0031     
QSO:   28425 PH 2026-03-28 1809 V4/SP9FIH        59  1072  K2UV             59   0047     
QSO:   28425 PH 2026-03-28 1810 V4/SP9FIH        59  1073  EU1A             59   0382     
QSO:   28425 PH 2026-03-28 1810 V4/SP9FIH        59  1074  M5JRF            59   0007     
QSO:   28425 PH 2026-03-28 1811 V4/SP9FIH        59  1075  ED5O             59   1332     
QSO:   28425 PH 2026-03-28 1811 V4/SP9FIH        59  1076  IU5ONW           59   0011     
QSO:   28425 PH 2026-03-28 1812 V4/SP9FIH        59  1077  EA3AYK           59   0049     
QSO:   28425 PH 2026-03-28 1812 V4/SP9FIH        59  1078  IW0HLZ           59   0088     
QSO:   28425 PH 2026-03-28 1813 V4/SP9FIH        59  1079  PU5NSA           59   0135     
QSO:   28425 PH 2026-03-28 1813 V4/SP9FIH        59  1080  KV1J             59   0034     
QSO:   28425 PH 2026-03-28 1813 V4/SP9FIH        59  1081  IU8TSR           59   0007     
QSO:   28425 PH 2026-03-28 1814 V4/SP9FIH        59  1082  KI7IOC           59   0213     
QSO:   28425 PH 2026-03-28 1814 V4/SP9FIH        59  1083  KD0BTO           59   0836     
QSO:   28425 PH 2026-03-28 1815 V4/SP9FIH        59  1084  IK2AUK           59   0086     
QSO:   28425 PH 2026-03-28 1816 V4/SP9FIH        59  1085  M9YDX            59   0005     
QSO:   28425 PH 2026-03-28 1816 V4/SP9FIH        59  1086  M9VXD            59   0002     
QSO:   28425 PH 2026-03-28 1817 V4/SP9FIH        59  1087  IZ0CLS           59   0012     
QSO:   28425 PH 2026-03-28 1817 V4/SP9FIH        59  1088  CO6EC            59   0023     
QSO:   28425 PH 2026-03-28 1818 V4/SP9FIH        59  1089  IK5LWE           59   0009     
QSO:   28425 PH 2026-03-28 1818 V4/SP9FIH        59  1090  KK6BB            59   0029     
QSO:   28425 PH 2026-03-28 1819 V4/SP9FIH        59  1091  IZ5MXL           59   0026     
QSO:   28425 PH 2026-03-28 1820 V4/SP9FIH        59  1092  VU2GHO           59   0236     
QSO:   28425 PH 2026-03-28 1820 V4/SP9FIH        59  1093  NC8C             59   0189     
QSO:   28425 PH 2026-03-28 1821 V4/SP9FIH        59  1094  W2CDO            59   0064     
QSO:   28425 PH 2026-03-28 1821 V4/SP9FIH        59  1095  W8MET            59   0393     
QSO:   28425 PH 2026-03-28 1822 V4/SP9FIH        59  1096  M3CJT            59   0025     
QSO:   28425 PH 2026-03-28 1822 V4/SP9FIH        59  1097  CX1TF            59   0065     
QSO:   28425 PH 2026-03-28 1822 V4/SP9FIH        59  1098  EC4T             59   0127     
QSO:   28425 PH 2026-03-28 1823 V4/SP9FIH        59  1099  WK2M             59   0395     
QSO:   28425 PH 2026-03-28 1824 V4/SP9FIH        59  1100  EA5IAG           59   0003     
QSO:   28425 PH 2026-03-28 1824 V4/SP9FIH        59  1101  N3NGE            59   0212     
QSO:   28425 PH 2026-03-28 1825 V4/SP9FIH        59  1102  WA2CP            59   0356     
QSO:   28425 PH 2026-03-28 1825 V4/SP9FIH        59  1103  W6MX             59   0240     
QSO:   28425 PH 2026-03-28 1826 V4/SP9FIH        59  1104  EA7LEE           59   0026     
QSO:   28425 PH 2026-03-28 1827 V4/SP9FIH        59  1105  PT7ZT            59   0089     
QSO:   28425 PH 2026-03-28 1827 V4/SP9FIH        59  1106  EA7LMB           59   0037     
QSO:   28425 PH 2026-03-28 1827 V4/SP9FIH        59  1107  DH5IS            59   0020     
QSO:   28425 PH 2026-03-28 1828 V4/SP9FIH        59  1108  KA3LKM           59   0023     
QSO:   28425 PH 2026-03-28 1828 V4/SP9FIH        59  1109  DL9UP            59   0645     
QSO:   28425 PH 2026-03-28 1828 V4/SP9FIH        59  1110  IK2OHG           59   0001     
QSO:   28425 PH 2026-03-28 1829 V4/SP9FIH        59  1111  F8ATM            59   0001     
QSO:   28425 PH 2026-03-28 1829 V4/SP9FIH        59  1112  7Q2T             59   0430     
QSO:   28425 PH 2026-03-28 1830 V4/SP9FIH        59  1113  SP9N             59   0112     
QSO:   28425 PH 2026-03-28 1830 V4/SP9FIH        59  1114  DL1GLO           59   0001     
QSO:   28425 PH 2026-03-28 1831 V4/SP9FIH        59  1115  IZ1EGS           59   0001     
QSO:   28425 PH 2026-03-28 1831 V4/SP9FIH        59  1116  EI6JTB           59   0006     
QSO:   28425 PH 2026-03-28 1832 V4/SP9FIH        59  1117  AA3R             59   1390     
QSO:   28425 PH 2026-03-28 1833 V4/SP9FIH        59  1118  K3OJK            59   0015     
QSO:   28425 PH 2026-03-28 1833 V4/SP9FIH        59  1119  WA1F             59   0274     
QSO:   28425 PH 2026-03-28 1833 V4/SP9FIH        59  1120  9J2RO            59   0807     
QSO:   28425 PH 2026-03-28 1834 V4/SP9FIH        59  1121  DO8TOH           59   0012     
QSO:   28425 PH 2026-03-28 1834 V4/SP9FIH        59  1122  DL2OO            59   0069     
QSO:   28425 PH 2026-03-28 1835 V4/SP9FIH        59  1123  W1RCR            59   0491     
QSO:   28425 PH 2026-03-28 1835 V4/SP9FIH        59  1124  VY2OM            59   0129     
QSO:   28425 PH 2026-03-28 1835 V4/SP9FIH        59  1125  EB3AM            59   0066     
QSO:   28425 PH 2026-03-28 1836 V4/SP9FIH        59  1126  IW1RLC           59   0252     
QSO:   28425 PH 2026-03-28 1836 V4/SP9FIH        59  1127  AB2KL            59   0029     
QSO:   28425 PH 2026-03-28 1836 V4/SP9FIH        59  1128  9A9I             59   0028     
QSO:   28425 PH 2026-03-28 1837 V4/SP9FIH        59  1129  N2HMM            59   0291     
QSO:   28425 PH 2026-03-28 1838 V4/SP9FIH        59  1130  IW3SOA           59   0099     
QSO:   28425 PH 2026-03-28 1838 V4/SP9FIH        59  1131  KC2GOW           59   0439     
QSO:   28425 PH 2026-03-28 1839 V4/SP9FIH        59  1132  IW8BSR           59   0008     
QSO:   28425 PH 2026-03-28 1839 V4/SP9FIH        59  1133  XE1CT            59   0018     
QSO:   28425 PH 2026-03-28 1839 V4/SP9FIH        59  1134  EA4EM            59   0002     
QSO:   28425 PH 2026-03-28 1840 V4/SP9FIH        59  1135  K0EU             59   0004     
QSO:   28425 PH 2026-03-28 1841 V4/SP9FIH        59  1136  KA3YJM           59   0122     
QSO:   28425 PH 2026-03-28 1841 V4/SP9FIH        59  1137  KI1G             59   0003     
QSO:   28425 PH 2026-03-28 1841 V4/SP9FIH        59  1138  IK2XYI           59   0001     
QSO:   28425 PH 2026-03-28 1842 V4/SP9FIH        59  1139  F6JXR            59   0003     
QSO:   28425 PH 2026-03-28 1842 V4/SP9FIH        59  1140  HB9CEJ           59   0041     
QSO:   28425 PH 2026-03-28 1842 V4/SP9FIH        59  1141  OM7PY            59   0013     
QSO:   28425 PH 2026-03-28 1843 V4/SP9FIH        59  1142  SP3TOT           59   0001     
QSO:   28425 PH 2026-03-28 1843 V4/SP9FIH        59  1143  C6AJP            59   0005     
QSO:   28425 PH 2026-03-28 1845 V4/SP9FIH        59  1144  EA3GIW           59   0088     
QSO:   28425 PH 2026-03-28 1845 V4/SP9FIH        59  1145  K4TMG            59   0016     
QSO:   28425 PH 2026-03-28 1845 V4/SP9FIH        59  1146  CT1EDJ           59   0016     
QSO:   28425 PH 2026-03-28 1846 V4/SP9FIH        59  1147  KG1E             59   0601     
QSO:   28425 PH 2026-03-28 1848 V4/SP9FIH        59  1148  KB3WD            59   1684     
QSO:   28425 PH 2026-03-28 1848 V4/SP9FIH        59  1149  I2OLV            59   0318     
QSO:   28425 PH 2026-03-28 1848 V4/SP9FIH        59  1150  WA1EJK           59   0032     
QSO:   28425 PH 2026-03-28 1849 V4/SP9FIH        59  1151  IW5ARK           59   0004     
QSO:   28425 PH 2026-03-28 1849 V4/SP9FIH        59  1152  EA4TK            59   0024     
QSO:   28425 PH 2026-03-28 1850 V4/SP9FIH        59  1153  DL9GK            59   0033     
QSO:   28425 PH 2026-03-28 1851 V4/SP9FIH        59  1154  OE5XLM           59   0663     
QSO:   28425 PH 2026-03-28 1851 V4/SP9FIH        59  1155  N4SJA            59   0058     
QSO:   28425 PH 2026-03-28 1852 V4/SP9FIH        59  1156  N4ILE            59   0017     
QSO:   28425 PH 2026-03-28 1853 V4/SP9FIH        59  1157  DP5P             59   0333     
QSO:   28425 PH 2026-03-28 1853 V4/SP9FIH        59  1158  OE5EYM           59   0219     
QSO:   28425 PH 2026-03-28 1854 V4/SP9FIH        59  1159  OE5LJM           59   0065     
QSO:   28425 PH 2026-03-28 1855 V4/SP9FIH        59  1160  F5MLJ            59   0083     
QSO:   28425 PH 2026-03-28 1857 V4/SP9FIH        59  1161  OE5XCL           59   0039     
QSO:   28425 PH 2026-03-28 1858 V4/SP9FIH        59  1162  EA4EF            59   0187     
QSO:   28425 PH 2026-03-28 1859 V4/SP9FIH        59  1163  KF3C             59   0013     
QSO:   28425 PH 2026-03-28 1900 V4/SP9FIH        59  1164  EA5SR            59   0167     
QSO:   28425 PH 2026-03-28 1900 V4/SP9FIH        59  1165  OM7K             59   0772     
QSO:   28425 PH 2026-03-28 1901 V4/SP9FIH        59  1166  DO1HRT           59   0041     
QSO:   28425 PH 2026-03-28 1902 V4/SP9FIH        59  1167  K9OM             59   0178     
QSO:   28425 PH 2026-03-28 1902 V4/SP9FIH        59  1168  F5JRC            59   0045     
QSO:   28425 PH 2026-03-28 1903 V4/SP9FIH        59  1169  AD3Y             59   0019     
QSO:   28425 PH 2026-03-28 1904 V4/SP9FIH        59  1170  CT2HZA           59   0013     
QSO:   28425 PH 2026-03-28 1904 V4/SP9FIH        59  1171  IK4CBO           59   0001     
QSO:   28425 PH 2026-03-28 1905 V4/SP9FIH        59  1172  W4OMX            59   0003     
QSO:   28425 PH 2026-03-28 1906 V4/SP9FIH        59  1173  K2KA             59   0001     
QSO:   28425 PH 2026-03-28 1906 V4/SP9FIH        59  1174  OE5JWL           59   0193     
QSO:   28425 PH 2026-03-28 1907 V4/SP9FIH        59  1175  WC3O             59   0017     
QSO:   28425 PH 2026-03-28 1907 V4/SP9FIH        59  1176  DL5KHE           59   0004     
QSO:   28425 PH 2026-03-28 1908 V4/SP9FIH        59  1177  EA1L             59   1651     
QSO:   28425 PH 2026-03-28 1908 V4/SP9FIH        59  1178  HK5LFV           59   0001     
QSO:   28425 PH 2026-03-28 1909 V4/SP9FIH        59  1179  IZ1EPM           59   0011     
QSO:   28425 PH 2026-03-28 1910 V4/SP9FIH        59  1180  HA2MM            59   0001     
QSO:   28425 PH 2026-03-28 1912 V4/SP9FIH        59  1181  S53KS            59   0120     
QSO:   28425 PH 2026-03-28 1913 V4/SP9FIH        59  1182  W5SZS            59   0003     
QSO:   28425 PH 2026-03-28 1913 V4/SP9FIH        59  1183  LA4C             59   0044     
QSO:   28425 PH 2026-03-28 1914 V4/SP9FIH        59  1184  DF4TC            59   0075     
QSO:   28425 PH 2026-03-28 1914 V4/SP9FIH        59  1185  HB9IIH           59   0109     
QSO:   28425 PH 2026-03-28 1915 V4/SP9FIH        59  1186  KE2EBO           59   0006     
QSO:   28425 PH 2026-03-28 1915 V4/SP9FIH        59  1187  VA1JON           59   0057     
QSO:   28425 PH 2026-03-28 1916 V4/SP9FIH        59  1188  KI5OP            59   0002     
QSO:   28425 PH 2026-03-28 1916 V4/SP9FIH        59  1189  I1POR            59   0041     
QSO:   28425 PH 2026-03-28 1918 V4/SP9FIH        59  1190  PR7KG            59   0008     
QSO:   28425 PH 2026-03-28 1919 V4/SP9FIH        59  1191  HK4LD            59   0001     
QSO:   28425 PH 2026-03-28 1919 V4/SP9FIH        59  1192  KN4TUM           59   0045     
QSO:   28425 PH 2026-03-28 1922 V4/SP9FIH        59  1193  EA7LHL           59   0049     
QSO:   28425 PH 2026-03-28 1923 V4/SP9FIH        59  1194  HK1EN            59   0002     
QSO:   28425 PH 2026-03-28 1924 V4/SP9FIH        59  1195  PP5BJF           59   0041     
QSO:   28425 PH 2026-03-28 1926 V4/SP9FIH        59  1196  K4TMC            59   0150     
QSO:   28425 PH 2026-03-28 1927 V4/SP9FIH        59  1197  TM77SM           59   0059     
QSO:   28425 PH 2026-03-28 1927 V4/SP9FIH        59  1198  N3QE             59   1003     
QSO:   28425 PH 2026-03-28 1927 V4/SP9FIH        59  1199  N1WR             59   0143     
QSO:   28425 PH 2026-03-28 1928 V4/SP9FIH        59  1200  EA3JGO           59   0023     
QSO:   28425 PH 2026-03-28 1928 V4/SP9FIH        59  1201  KA2OFM           59   0022     
QSO:   28425 PH 2026-03-28 1929 V4/SP9FIH        59  1202  K2ANZ            59   0268     
QSO:   28425 PH 2026-03-28 1929 V4/SP9FIH        59  1203  KF2TI            59   0146     
QSO:   28425 PH 2026-03-28 1929 V4/SP9FIH        59  1204  KD7PCE           59   0265     
QSO:   28425 PH 2026-03-28 1930 V4/SP9FIH        59  1205  NO7S             59   0055     
QSO:   28425 PH 2026-03-28 1930 V4/SP9FIH        59  1206  DH1DAC           59   0027     
QSO:   28425 PH 2026-03-28 1931 V4/SP9FIH        59  1207  OT7Q             59   1060     
QSO:   28425 PH 2026-03-28 1931 V4/SP9FIH        59  1208  WA3RHW/4         59   0097     
QSO:   28425 PH 2026-03-28 1932 V4/SP9FIH        59  1209  LA9TY            59   0061     
QSO:   28425 PH 2026-03-28 1932 V4/SP9FIH        59  1210  WK7S             59   0394     
QSO:   28425 PH 2026-03-28 1932 V4/SP9FIH        59  1211  K7QA             59   0213     
QSO:   28425 PH 2026-03-28 1933 V4/SP9FIH        59  1212  KF0WEV           59   0086     
QSO:   28425 PH 2026-03-28 1933 V4/SP9FIH        59  1213  NN3W             59   0062     
QSO:   28425 PH 2026-03-28 1933 V4/SP9FIH        59  1214  AD5XD            59   1062     
QSO:   28425 PH 2026-03-28 1933 V4/SP9FIH        59  1215  AJ5AX            59   0057     
QSO:   28425 PH 2026-03-28 1934 V4/SP9FIH        59  1216  NH7T             59   0759     
QSO:   28425 PH 2026-03-28 1934 V4/SP9FIH        59  1217  PY2MHC           59   0053     
QSO:   28425 PH 2026-03-28 1934 V4/SP9FIH        59  1218  N3MN             59   0052     
QSO:   28425 PH 2026-03-28 1935 V4/SP9FIH        59  1219  DO9HC            59   0062     
QSO:   28425 PH 2026-03-28 1936 V4/SP9FIH        59  1220  3G3W             59   0964     
QSO:   28425 PH 2026-03-28 1937 V4/SP9FIH        59  1221  DB7ML            59   0040     
QSO:   28425 PH 2026-03-28 1937 V4/SP9FIH        59  1222  CO6EC            59   0029     
QSO:   28425 PH 2026-03-28 1938 V4/SP9FIH        59  1223  AI6O             59   0170     
QSO:   28425 PH 2026-03-28 1938 V4/SP9FIH        59  1224  KJ5JPA           59   0073     
QSO:   28425 PH 2026-03-28 1939 V4/SP9FIH        59  1225  VA7BEC           59   0274     
QSO:   28425 PH 2026-03-28 1939 V4/SP9FIH        59  1226  PU1MDN           59   0039     
QSO:   28425 PH 2026-03-28 1940 V4/SP9FIH        59  1227  PA0PD            59   0355     
QSO:   28425 PH 2026-03-28 1940 V4/SP9FIH        59  1228  N6AR             59   0948     
QSO:   28425 PH 2026-03-28 1941 V4/SP9FIH        59  1229  W3OU             59   0049     
QSO:   28425 PH 2026-03-28 1942 V4/SP9FIH        59  1230  K4RES            59   0016     
QSO:   28425 PH 2026-03-28 1942 V4/SP9FIH        59  1231  VE7ZO            59   0195     
QSO:   28425 PH 2026-03-28 1943 V4/SP9FIH        59  1232  AC2PT            59   0064     
QSO:   28425 PH 2026-03-28 1943 V4/SP9FIH        59  1233  PU2RDB           59   0105     
QSO:   28425 PH 2026-03-28 1943 V4/SP9FIH        59  1234  NR4O             59   0150     
QSO:   28425 PH 2026-03-28 1944 V4/SP9FIH        59  1235  PD3JWB           59   0132     
QSO:   28425 PH 2026-03-28 1944 V4/SP9FIH        59  1236  W5UY             59   0009     
QSO:   28425 PH 2026-03-28 1945 V4/SP9FIH        59  1237  PU2NEZ           59   0109     
QSO:   28425 PH 2026-03-28 1945 V4/SP9FIH        59  1238  CR7BUJ           59   0149     
QSO:   28425 PH 2026-03-28 1945 V4/SP9FIH        59  1239  F5MLJ            59   0097     
QSO:   28425 PH 2026-03-28 1945 V4/SP9FIH        59  1240  DO4TP            59   0040     
QSO:   28425 PH 2026-03-28 1946 V4/SP9FIH        59  1241  M6KFI            59   0098     
QSO:   28425 PH 2026-03-28 1946 V4/SP9FIH        59  1242  ON8NT            59   0037     
QSO:   28425 PH 2026-03-28 1946 V4/SP9FIH        59  1243  KC3HXF           59   0237     
QSO:   28425 PH 2026-03-28 1947 V4/SP9FIH        59  1244  N4DJ             59   0084     
QSO:   28425 PH 2026-03-28 1948 V4/SP9FIH        59  1245  K4DBT            59   0366     
QSO:   28425 PH 2026-03-28 1949 V4/SP9FIH        59  1246  SV9GPV           59   0053     
QSO:   28425 PH 2026-03-28 1949 V4/SP9FIH        59  1247  N3BMX            59   0274     
QSO:   28425 PH 2026-03-28 1949 V4/SP9FIH        59  1248  XE2B             59   0131     
QSO:   28425 PH 2026-03-28 1949 V4/SP9FIH        59  1249  K6ACW            59   0435     
QSO:   28425 PH 2026-03-28 1950 V4/SP9FIH        59  1250  M1DEN/M          59   0005     
QSO:   28425 PH 2026-03-28 1950 V4/SP9FIH        59  1251  W5ABA            59   0062     
QSO:   28425 PH 2026-03-28 1951 V4/SP9FIH        59  1252  N0BQ             59   0003     
QSO:   28425 PH 2026-03-28 1951 V4/SP9FIH        59  1253  K0SV             59   0087     
QSO:   28425 PH 2026-03-28 1952 V4/SP9FIH        59  1254  DK3QZ            59   0004     
QSO:   28425 PH 2026-03-28 1952 V4/SP9FIH        59  1255  K5QQ             59   0087     
QSO:   28425 PH 2026-03-28 1953 V4/SP9FIH        59  1256  N5MK             59   0055     
QSO:   28425 PH 2026-03-28 1953 V4/SP9FIH        59  1257  N1ZYZ            59   0249     
QSO:   28425 PH 2026-03-28 1953 V4/SP9FIH        59  1258  EA8CXY           59   0006     
QSO:   28425 PH 2026-03-28 1954 V4/SP9FIH        59  1259  W1VSX            59   0047     
QSO:   28425 PH 2026-03-28 1954 V4/SP9FIH        59  1260  KJ5OVW           59   0007     
QSO:   28425 PH 2026-03-28 1954 V4/SP9FIH        59  1261  KQ4GYV           59   0001     
QSO:   28425 PH 2026-03-28 1955 V4/SP9FIH        59  1262  WA6JRF           59   0122     
QSO:   28425 PH 2026-03-28 1956 V4/SP9FIH        59  1263  EA4A             59   0011     
QSO:   28425 PH 2026-03-28 1956 V4/SP9FIH        59  1264  N2YG             59   0123     
QSO:   28425 PH 2026-03-28 1957 V4/SP9FIH        59  1265  KB2RHN           59   0015     
QSO:   28425 PH 2026-03-28 1957 V4/SP9FIH        59  1266  K6DX             59   0130     
QSO:   28425 PH 2026-03-28 1957 V4/SP9FIH        59  1267  NQ1C             59   0098     
QSO:   28425 PH 2026-03-28 1958 V4/SP9FIH        59  1268  HK2GTS           59   0019     
QSO:   28425 PH 2026-03-28 1958 V4/SP9FIH        59  1269  WA5LFD           59   0174     
QSO:   28425 PH 2026-03-28 1958 V4/SP9FIH        59  1270  WJ1U             59   0629     
QSO:   28425 PH 2026-03-28 1959 V4/SP9FIH        59  1271  K4LFN            59   0010     
QSO:   28425 PH 2026-03-28 1959 V4/SP9FIH        59  1272  VE1TK            59   0187     
QSO:   28425 PH 2026-03-28 2000 V4/SP9FIH        59  1273  W1NSK            59   0037     
QSO:   28425 PH 2026-03-28 2000 V4/SP9FIH        59  1274  W1QLF            59   0010     
QSO:   28425 PH 2026-03-28 2000 V4/SP9FIH        59  1275  KI5GTR           59   0905     
QSO:   28425 PH 2026-03-28 2000 V4/SP9FIH        59  1276  EA7BFF           59   0195     
QSO:   28425 PH 2026-03-28 2001 V4/SP9FIH        59  1277  WW4L             59   0274     
QSO:   28425 PH 2026-03-28 2001 V4/SP9FIH        59  1278  F4LZS            59   0016     
QSO:   28425 PH 2026-03-28 2001 V4/SP9FIH        59  1279  F8IJV            59   0025     
QSO:   28425 PH 2026-03-28 2001 V4/SP9FIH        59  1280  WY3A             59   0141     
QSO:   28425 PH 2026-03-28 2002 V4/SP9FIH        59  1281  WA2CNV           59   0104     
QSO:   28425 PH 2026-03-28 2003 V4/SP9FIH        59  1282  WA8KAN           59   0028     
QSO:   28425 PH 2026-03-28 2003 V4/SP9FIH        59  1283  AA2NJ            59   0017     
QSO:   28425 PH 2026-03-28 2004 V4/SP9FIH        59  1284  WS3C             59   0127     
QSO:   28425 PH 2026-03-28 2004 V4/SP9FIH        59  1285  N3GB             59   0045     
QSO:   28425 PH 2026-03-28 2004 V4/SP9FIH        59  1286  W6UW             59   0004     
QSO:   28425 PH 2026-03-28 2005 V4/SP9FIH        59  1287  W1KRS            59   0055     
QSO:   28425 PH 2026-03-28 2005 V4/SP9FIH        59  1288  IZ4FUA           59   0004     
QSO:   28425 PH 2026-03-28 2005 V4/SP9FIH        59  1289  K1MIZ            59   0146     
QSO:   28425 PH 2026-03-28 2006 V4/SP9FIH        59  1290  W6ZBA            59   0016     
QSO:   28425 PH 2026-03-28 2006 V4/SP9FIH        59  1291  XE2LUZ           59   0013     
QSO:   28425 PH 2026-03-28 2007 V4/SP9FIH        59  1292  W3MAX            59   0203     
QSO:   28425 PH 2026-03-28 2007 V4/SP9FIH        59  1293  KZ3P             59   0104     
QSO:   28425 PH 2026-03-28 2008 V4/SP9FIH        59  1294  KD0VNQ           59   0007     
QSO:   28425 PH 2026-03-28 2008 V4/SP9FIH        59  1295  NG6O             59   0306     
QSO:   28425 PH 2026-03-28 2009 V4/SP9FIH        59  1296  KN4UQM           59   0114     
QSO:   28425 PH 2026-03-28 2009 V4/SP9FIH        59  1297  N4MMR            59   0039     
QSO:   28425 PH 2026-03-28 2009 V4/SP9FIH        59  1298  KR4CAX           59   0027     
QSO:   28425 PH 2026-03-28 2010 V4/SP9FIH        59  1299  J62K             59   1158     
QSO:   28425 PH 2026-03-28 2010 V4/SP9FIH        59  1300  KE2D             59   0253     
QSO:   28425 PH 2026-03-28 2011 V4/SP9FIH        59  1301  W5JK             59   0022     
QSO:   28425 PH 2026-03-28 2011 V4/SP9FIH        59  1302  HK4LRM           59   0274     
QSO:   28425 PH 2026-03-28 2011 V4/SP9FIH        59  1303  DL4CQ            59   0229     
QSO:   28425 PH 2026-03-28 2012 V4/SP9FIH        59  1304  KE2EHC           59   0063     
QSO:   28425 PH 2026-03-28 2012 V4/SP9FIH        59  1305  KJ4JTQ           59   0024     
QSO:   28425 PH 2026-03-28 2013 V4/SP9FIH        59  1306  G0AZE            59   0020     
QSO:   28425 PH 2026-03-28 2013 V4/SP9FIH        59  1307  W1EDX            59   0079     
QSO:   28425 PH 2026-03-28 2014 V4/SP9FIH        59  1308  KE6QEY           59   0039     
QSO:   28425 PH 2026-03-28 2014 V4/SP9FIH        59  1309  W3LL             59   0490     
QSO:   28425 PH 2026-03-28 2014 V4/SP9FIH        59  1310  KX7M             59   1327     
QSO:   28425 PH 2026-03-28 2015 V4/SP9FIH        59  1311  VA6RCN           59   0132     
QSO:   28425 PH 2026-03-28 2015 V4/SP9FIH        59  1312  HK4V             59   0009     
QSO:   28425 PH 2026-03-28 2015 V4/SP9FIH        59  1313  KA1LOR           59   0017     
QSO:   28425 PH 2026-03-28 2015 V4/SP9FIH        59  1314  W3FIZ            59   0421     
QSO:   28425 PH 2026-03-28 2016 V4/SP9FIH        59  1315  KB8KIM           59   0007     
QSO:   28425 PH 2026-03-28 2016 V4/SP9FIH        59  1316  K8LN             59   0044     
QSO:   28425 PH 2026-03-28 2016 V4/SP9FIH        59  1317  KV5WB            59   0103     
QSO:   28425 PH 2026-03-28 2016 V4/SP9FIH        59  1318  AD4TR            59   1579     
QSO:   28425 PH 2026-03-28 2016 V4/SP9FIH        59  1319  WB2OHB           59   1011     
QSO:   28425 PH 2026-03-28 2017 V4/SP9FIH        59  1320  K7WP             59   0116     
QSO:   28425 PH 2026-03-28 2017 V4/SP9FIH        59  1321  W4LT             59   0328     
QSO:   28425 PH 2026-03-28 2018 V4/SP9FIH        59  1322  KA2BXH           59   0009     
QSO:   28425 PH 2026-03-28 2018 V4/SP9FIH        59  1323  K4MOD            59   0135     
QSO:   28425 PH 2026-03-28 2018 V4/SP9FIH        59  1324  WB3X             59   0185     
QSO:   28425 PH 2026-03-28 2018 V4/SP9FIH        59  1325  ON1DA            59   0145     
QSO:   28425 PH 2026-03-28 2019 V4/SP9FIH        59  1326  W6YXY            59   0126     
QSO:   28425 PH 2026-03-28 2019 V4/SP9FIH        59  1327  K5DPY            59   0099     
QSO:   28425 PH 2026-03-28 2019 V4/SP9FIH        59  1328  KD8ZU            59   0048     
QSO:   28425 PH 2026-03-28 2020 V4/SP9FIH        59  1329  EA5JNP           59   0156     
QSO:   28425 PH 2026-03-28 2021 V4/SP9FIH        59  1330  N4CRE            59   0013     
QSO:   28425 PH 2026-03-28 2021 V4/SP9FIH        59  1331  K7BEM            59   0233     
QSO:   28425 PH 2026-03-28 2022 V4/SP9FIH        59  1332  F4BVK            59   0063     
QSO:   28425 PH 2026-03-28 2023 V4/SP9FIH        59  1333  W2FDJ            59   0308     
QSO:   28425 PH 2026-03-28 2023 V4/SP9FIH        59  1334  WA4WZR           59   0186     
QSO:   28425 PH 2026-03-28 2024 V4/SP9FIH        59  1335  WC6H             59   0324     
QSO:   28425 PH 2026-03-28 2025 V4/SP9FIH        59  1336  KQ4ZIL/C6A       59   0002     
QSO:   28425 PH 2026-03-28 2025 V4/SP9FIH        59  1337  K5RX             59   0294     
QSO:   28425 PH 2026-03-28 2025 V4/SP9FIH        59  1338  W1ZFG            59   0009     
QSO:   28425 PH 2026-03-28 2026 V4/SP9FIH        59  1339  PJ2E             59   1554     
QSO:   28425 PH 2026-03-28 2026 V4/SP9FIH        59  1340  VE6WP            59   0448     
QSO:   28425 PH 2026-03-28 2027 V4/SP9FIH        59  1341  K5TDV            59   0025     
QSO:   28425 PH 2026-03-28 2027 V4/SP9FIH        59  1342  K5WW             59   0001     
QSO:   28425 PH 2026-03-28 2027 V4/SP9FIH        59  1343  K1ELB            59   0151     
QSO:   28425 PH 2026-03-28 2028 V4/SP9FIH        59  1344  K4KNO            59   0070     
QSO:   28425 PH 2026-03-28 2029 V4/SP9FIH        59  1345  W9KEY            59   0306     
QSO:   28425 PH 2026-03-28 2029 V4/SP9FIH        59  1346  AG6JA            59   0009     
QSO:   28425 PH 2026-03-28 2030 V4/SP9FIH        59  1347  N2LDV            59   0094     
QSO:   28425 PH 2026-03-28 2030 V4/SP9FIH        59  1348  NW5Q             59   0063     
QSO:   28425 PH 2026-03-28 2031 V4/SP9FIH        59  1349  EA2AP            59   0080     
QSO:   28425 PH 2026-03-28 2031 V4/SP9FIH        59  1350  N3HRO            59   0113     
QSO:   28425 PH 2026-03-28 2032 V4/SP9FIH        59  1351  KD5IID           59   0012     
QSO:   28425 PH 2026-03-28 2032 V4/SP9FIH        59  1352  K3AIR            59   0019     
QSO:   28425 PH 2026-03-28 2032 V4/SP9FIH        59  1353  KN6EVQ           59   0013     
QSO:   28425 PH 2026-03-28 2033 V4/SP9FIH        59  1354  KA8TOA           59   0014     
QSO:   28425 PH 2026-03-28 2033 V4/SP9FIH        59  1355  N4PSE            59   0139     
QSO:   28425 PH 2026-03-28 2033 V4/SP9FIH        59  1356  K0XF             59   0531     
QSO:   28425 PH 2026-03-28 2034 V4/SP9FIH        59  1357  KC1FTJ           59   0012     
QSO:   28425 PH 2026-03-28 2034 V4/SP9FIH        59  1358  K0KX             59   0009     
QSO:   28425 PH 2026-03-28 2036 V4/SP9FIH        59  1359  KV0I             59   0780     
QSO:   28425 PH 2026-03-28 2036 V4/SP9FIH        59  1360  K0SIX            59   0400     
QSO:   28425 PH 2026-03-28 2036 V4/SP9FIH        59  1361  W1OW             59   0014     
QSO:   28425 PH 2026-03-28 2037 V4/SP9FIH        59  1362  KE5SPE           59   0017     
QSO:   28425 PH 2026-03-28 2037 V4/SP9FIH        59  1363  AG5LC            59   0009     
QSO:   28425 PH 2026-03-28 2038 V4/SP9FIH        59  1364  NU2F             59   0005     
QSO:   28425 PH 2026-03-28 2039 V4/SP9FIH        59  1365  PP5BY            59   0069     
QSO:   28425 PH 2026-03-28 2039 V4/SP9FIH        59  1366  N2BEG            59   0019     
QSO:   28425 PH 2026-03-28 2040 V4/SP9FIH        59  1367  KJ5CQC           59   0005     
QSO:   28425 PH 2026-03-28 2040 V4/SP9FIH        59  1368  KT7E             59   0553     
QSO:   28425 PH 2026-03-28 2041 V4/SP9FIH        59  1369  K0CN             59   0329     
QSO:   28425 PH 2026-03-28 2041 V4/SP9FIH        59  1370  AE5MM            59   0016     
QSO:   28425 PH 2026-03-28 2041 V4/SP9FIH        59  1371  AE2JL            59   0172     
QSO:   28425 PH 2026-03-28 2042 V4/SP9FIH        59  1372  K0JJM            59   0051     
QSO:   28425 PH 2026-03-28 2042 V4/SP9FIH        59  1373  VA2CST           59   0161     
QSO:   28425 PH 2026-03-28 2042 V4/SP9FIH        59  1374  K5KET            59   0016     
QSO:   28425 PH 2026-03-28 2043 V4/SP9FIH        59  1375  N1ALO            59   0168     
QSO:   28425 PH 2026-03-28 2043 V4/SP9FIH        59  1376  K6AA             59   0015     
QSO:   28425 PH 2026-03-28 2044 V4/SP9FIH        59  1377  N4RMF            59   0058     
QSO:   28425 PH 2026-03-28 2044 V4/SP9FIH        59  1378  N7HYV            59   0160     
QSO:   28425 PH 2026-03-28 2044 V4/SP9FIH        59  1379  K6ZGW            59   0033     
QSO:   28425 PH 2026-03-28 2045 V4/SP9FIH        59  1380  NN5T             59   0244     
QSO:   28425 PH 2026-03-28 2045 V4/SP9FIH        59  1381  KC9EOQ           59   0194     
QSO:   28425 PH 2026-03-28 2046 V4/SP9FIH        59  1382  KN6KOZ           59   0350     
QSO:   28425 PH 2026-03-28 2046 V4/SP9FIH        59  1383  KY0W             59   0284     
QSO:   28425 PH 2026-03-28 2046 V4/SP9FIH        59  1384  KD0OYC           59   0006     
QSO:   28425 PH 2026-03-28 2047 V4/SP9FIH        59  1385  KF6LLM           59   0029     
QSO:   28425 PH 2026-03-28 2047 V4/SP9FIH        59  1386  KQ4DQS           59   0041     
QSO:   28425 PH 2026-03-28 2047 V4/SP9FIH        59  1387  M0MWC            59   0019     
QSO:   28425 PH 2026-03-28 2048 V4/SP9FIH        59  1388  KW6S             59   0205     
QSO:   28425 PH 2026-03-28 2048 V4/SP9FIH        59  1389  KC5TM            59   0007     
QSO:   28425 PH 2026-03-28 2049 V4/SP9FIH        59  1390  NK4O             59   0103     
QSO:   28425 PH 2026-03-28 2049 V4/SP9FIH        59  1391  K2ATZ            59   0123     
QSO:   28425 PH 2026-03-28 2051 V4/SP9FIH        59  1392  XE2Q             59   0113     
QSO:   28425 PH 2026-03-28 2051 V4/SP9FIH        59  1393  VA1MM            59   0018     
QSO:   28425 PH 2026-03-28 2051 V4/SP9FIH        59  1394  NO5V             59   0112     
QSO:   28425 PH 2026-03-28 2052 V4/SP9FIH        59  1395  VA3SWG           59   0515     
QSO:   28425 PH 2026-03-28 2052 V4/SP9FIH        59  1396  WZ4F             59   1555     
QSO:   28425 PH 2026-03-28 2053 V4/SP9FIH        59  1397  KO4L             59   0059     
QSO:   28425 PH 2026-03-28 2053 V4/SP9FIH        59  1398  VE6TWN           59   0062     
QSO:   28425 PH 2026-03-28 2053 V4/SP9FIH        59  1399  TM1C             59   1025     
QSO:   28425 PH 2026-03-28 2054 V4/SP9FIH        59  1400  K3MD             59   0108     
QSO:   28425 PH 2026-03-28 2054 V4/SP9FIH        59  1401  KD3HN            59   0301     
QSO:   28425 PH 2026-03-28 2054 V4/SP9FIH        59  1402  K0OP             59   0095     
QSO:   28425 PH 2026-03-28 2054 V4/SP9FIH        59  1403  WA7G             59   0108     
QSO:   28425 PH 2026-03-28 2055 V4/SP9FIH        59  1404  KI4GGJ           59   0053     
QSO:   28425 PH 2026-03-28 2055 V4/SP9FIH        59  1405  HK3J             59   0143     
QSO:   28425 PH 2026-03-28 2055 V4/SP9FIH        59  1406  PY5MM            59   0136     
QSO:   28425 PH 2026-03-28 2056 V4/SP9FIH        59  1407  KA2MGE           59   0353     
QSO:   28425 PH 2026-03-28 2056 V4/SP9FIH        59  1408  N3ION            59   0083     
QSO:   28425 PH 2026-03-28 2056 V4/SP9FIH        59  1409  KR1A             59   0237     
QSO:   28425 PH 2026-03-28 2056 V4/SP9FIH        59  1410  AE0A             59   0015     
QSO:   28425 PH 2026-03-28 2057 V4/SP9FIH        59  1411  W1CR             59   0140     
QSO:   28425 PH 2026-03-28 2057 V4/SP9FIH        59  1412  KC3RRF           59   0099     
QSO:   28425 PH 2026-03-28 2057 V4/SP9FIH        59  1413  K2EJ             59   0017     
QSO:   28425 PH 2026-03-28 2058 V4/SP9FIH        59  1414  AA0FO            59   0182     
QSO:   28425 PH 2026-03-28 2058 V4/SP9FIH        59  1415  W1SZ             59   0111     
QSO:   28425 PH 2026-03-28 2058 V4/SP9FIH        59  1416  PY4WJ            59   0098     
QSO:   28425 PH 2026-03-28 2059 V4/SP9FIH        59  1417  KE2CWJ           59   0141     
QSO:   28425 PH 2026-03-28 2059 V4/SP9FIH        59  1418  K8UKY            59   0026     
QSO:   28425 PH 2026-03-28 2100 V4/SP9FIH        59  1419  W2GGI            59   0063     
QSO:   28425 PH 2026-03-28 2100 V4/SP9FIH        59  1420  N8WXQ            59   0157     
QSO:   28425 PH 2026-03-28 2100 V4/SP9FIH        59  1421  N4ETH            59   0007     
QSO:   28425 PH 2026-03-28 2101 V4/SP9FIH        59  1422  VE4SI            59   0033     
QSO:   28425 PH 2026-03-28 2101 V4/SP9FIH        59  1423  PY4LI            59   0106     
QSO:   28425 PH 2026-03-28 2101 V4/SP9FIH        59  1424  AC3MH            59   0021     
QSO:   28425 PH 2026-03-28 2102 V4/SP9FIH        59  1425  N0JLM            59   0078     
QSO:   28425 PH 2026-03-28 2102 V4/SP9FIH        59  1426  K6TJ             59   0007     
QSO:   28425 PH 2026-03-28 2103 V4/SP9FIH        59  1427  PU4DLN           59   0040     
QSO:   28425 PH 2026-03-28 2104 V4/SP9FIH        59  1428  KD2TUS           59   0059     
QSO:   28425 PH 2026-03-28 2104 V4/SP9FIH        59  1429  KL7HQR           59   0003     
QSO:   28425 PH 2026-03-28 2104 V4/SP9FIH        59  1430  XE1ZTW           59   0246     
QSO:   28425 PH 2026-03-28 2105 V4/SP9FIH        59  1431  AH6AA            59   0334     
QSO:   28425 PH 2026-03-28 2105 V4/SP9FIH        59  1432  XE2EX            59   0023     
QSO:   28425 PH 2026-03-28 2105 V4/SP9FIH        59  1433  N9ARX            59   0213     
QSO:   28425 PH 2026-03-28 2106 V4/SP9FIH        59  1434  KW4EE            59   0012     
QSO:   28425 PH 2026-03-28 2106 V4/SP9FIH        59  1435  KW4RB            59   0006     
QSO:   28425 PH 2026-03-28 2106 V4/SP9FIH        59  1436  KC4STR           59   0054     
QSO:   28425 PH 2026-03-28 2107 V4/SP9FIH        59  1437  W5KBW            59   0022     
QSO:   28425 PH 2026-03-28 2107 V4/SP9FIH        59  1438  VE2HLS           59   0022     
QSO:   28425 PH 2026-03-28 2107 V4/SP9FIH        59  1439  K5DHY            59   0115     
QSO:   28425 PH 2026-03-28 2108 V4/SP9FIH        59  1440  KK4BZ            59   0040     
QSO:   28425 PH 2026-03-28 2108 V4/SP9FIH        59  1441  KB2DX            59   0178     
QSO:   28425 PH 2026-03-28 2108 V4/SP9FIH        59  1442  WD6B             59   0056     
QSO:   28425 PH 2026-03-28 2108 V4/SP9FIH        59  1443  W6TK             59   0149     
QSO:   28425 PH 2026-03-28 2109 V4/SP9FIH        59  1444  N6JRL            59   0182     
QSO:   28425 PH 2026-03-28 2109 V4/SP9FIH        59  1445  KG1V             59   0077     
QSO:   28425 PH 2026-03-28 2109 V4/SP9FIH        59  1446  N4OO             59   0015     
QSO:   28425 PH 2026-03-28 2110 V4/SP9FIH        59  1447  KD8ORN           59   0029     
QSO:   28425 PH 2026-03-28 2110 V4/SP9FIH        59  1448  WB6MAX           59   0015     
QSO:   28425 PH 2026-03-28 2111 V4/SP9FIH        59  1449  KJ5BUE           59   0012     
QSO:   28425 PH 2026-03-28 2111 V4/SP9FIH        59  1450  KD3AVV           59   0027     
QSO:   28425 PH 2026-03-28 2112 V4/SP9FIH        59  1451  PY2FZ            59   0239     
QSO:   28425 PH 2026-03-28 2112 V4/SP9FIH        59  1452  N8II             59   0422     
QSO:   28425 PH 2026-03-28 2113 V4/SP9FIH        59  1453  KC3II            59   0100     
QSO:   28425 PH 2026-03-28 2113 V4/SP9FIH        59  1454  KR7D             59   0214     
QSO:   28425 PH 2026-03-28 2113 V4/SP9FIH        59  1455  K7JQ             59   0214     
QSO:   28425 PH 2026-03-28 2114 V4/SP9FIH        59  1456  K4QQG            59   0308     
QSO:   28425 PH 2026-03-28 2114 V4/SP9FIH        59  1457  KD2EFR           59   0035     
QSO:   28425 PH 2026-03-28 2114 V4/SP9FIH        59  1458  N8PDS            59   0024     
QSO:   28425 PH 2026-03-28 2115 V4/SP9FIH        59  1459  AG4Q             59   0216     
QSO:   28425 PH 2026-03-28 2115 V4/SP9FIH        59  1460  N6IC             59   0049     
QSO:   28425 PH 2026-03-28 2116 V4/SP9FIH        59  1461  KQ4TFJ           59   0408     
QSO:   28425 PH 2026-03-28 2116 V4/SP9FIH        59  1462  VE5SPR           59   0030     
QSO:   28425 PH 2026-03-28 2117 V4/SP9FIH        59  1463  WD8DSV           59   0217     
QSO:   28425 PH 2026-03-28 2117 V4/SP9FIH        59  1464  N5ZKF            59   0055     
QSO:   28425 PH 2026-03-28 2117 V4/SP9FIH        59  1465  KM7BAW           59   0010     
QSO:   28425 PH 2026-03-28 2118 V4/SP9FIH        59  1466  NQ0U             59   0032     
QSO:   28425 PH 2026-03-28 2118 V4/SP9FIH        59  1467  N1WRK            59   0048     
QSO:   28425 PH 2026-03-28 2119 V4/SP9FIH        59  1468  KD8TF            59   0011     
QSO:   28425 PH 2026-03-28 2119 V4/SP9FIH        59  1469  PU2NEZ           59   0125     
QSO:   28425 PH 2026-03-28 2120 V4/SP9FIH        59  1470  K2YY             59   0004     
QSO:   28425 PH 2026-03-28 2121 V4/SP9FIH        59  1471  KB6ZA            59   0003     
QSO:   28425 PH 2026-03-28 2121 V4/SP9FIH        59  1472  W4FYB            59   0131     
QSO:   28425 PH 2026-03-28 2122 V4/SP9FIH        59  1473  KR4EST           59   0005     
QSO:   28425 PH 2026-03-28 2122 V4/SP9FIH        59  1474  KA3JNN           59   0140     
QSO:   28425 PH 2026-03-28 2123 V4/SP9FIH        59  1475  K2FOX            59   0999     
QSO:   28425 PH 2026-03-28 2123 V4/SP9FIH        59  1476  K6RJ             59   0031     
QSO:   28425 PH 2026-03-28 2124 V4/SP9FIH        59  1477  WA5SOG           59   0339     
QSO:   28425 PH 2026-03-28 2125 V4/SP9FIH        59  1478  KY4FM            59   0014     
QSO:   28425 PH 2026-03-28 2125 V4/SP9FIH        59  1479  K6NHL            59   0076     
QSO:   28425 PH 2026-03-28 2126 V4/SP9FIH        59  1480  N3TCR            59   0081     
QSO:   28425 PH 2026-03-28 2126 V4/SP9FIH        59  1481  PY5IQ            59   0034     
QSO:   28425 PH 2026-03-28 2126 V4/SP9FIH        59  1482  AA2AS            59   0047     
QSO:   28425 PH 2026-03-28 2127 V4/SP9FIH        59  1483  PU5DEH           59   0001     
QSO:   28425 PH 2026-03-28 2128 V4/SP9FIH        59  1484  ZL2AJ            59   0006     
QSO:   28425 PH 2026-03-28 2128 V4/SP9FIH        59  1485  KB0ARZ           59   0106     
QSO:   28425 PH 2026-03-28 2129 V4/SP9FIH        59  1486  9Z4FE            59   0213     
QSO:   28425 PH 2026-03-28 2129 V4/SP9FIH        59  1487  LT1C             59   0012     
QSO:   28425 PH 2026-03-28 2130 V4/SP9FIH        59  1488  WD4OAY           59   0024     
QSO:   28425 PH 2026-03-28 2130 V4/SP9FIH        59  1489  N2NL             59   0081     
QSO:   28425 PH 2026-03-28 2131 V4/SP9FIH        59  1490  XE1CT            59   0165     
QSO:   28425 PH 2026-03-28 2131 V4/SP9FIH        59  1491  PY8RG            59   0104     
QSO:   28425 PH 2026-03-28 2131 V4/SP9FIH        59  1492  KM4VK            59   0028     
QSO:   28425 PH 2026-03-28 2131 V4/SP9FIH        59  1493  WW3G             59   0177     
QSO:   28425 PH 2026-03-28 2132 V4/SP9FIH        59  1494  HK3BIA           59   0233     
QSO:   28425 PH 2026-03-28 2132 V4/SP9FIH        59  1495  KW5LC            59   0053     
QSO:   28425 PH 2026-03-28 2133 V4/SP9FIH        59  1496  N3FJP            59   0601     
QSO:   28425 PH 2026-03-28 2133 V4/SP9FIH        59  1497  N1RWJ            59   0021     
QSO:   28425 PH 2026-03-28 2133 V4/SP9FIH        59  1498  NX3V             59   0065     
QSO:   28425 PH 2026-03-28 2134 V4/SP9FIH        59  1499  KC9BG            59   0028     
QSO:   28425 PH 2026-03-28 2134 V4/SP9FIH        59  1500  KA8JIL           59   0008     
QSO:   28425 PH 2026-03-28 2135 V4/SP9FIH        59  1501  KJ2O             59   0011     
QSO:   28425 PH 2026-03-28 2135 V4/SP9FIH        59  1502  PP5ARF           59   0064     
QSO:   28425 PH 2026-03-28 2135 V4/SP9FIH        59  1503  WW3S             59   0206     
QSO:   28425 PH 2026-03-28 2136 V4/SP9FIH        59  1504  AA0IM            59   0178     
QSO:   28425 PH 2026-03-28 2136 V4/SP9FIH        59  1505  W7SV             59   0017     
QSO:   28425 PH 2026-03-28 2136 V4/SP9FIH        59  1506  AI5R             59   0056     
QSO:   28425 PH 2026-03-28 2137 V4/SP9FIH        59  1507  KK4RXC           59   0003     
QSO:   28425 PH 2026-03-28 2138 V4/SP9FIH        59  1508  KO4VOZ           59   0015     
QSO:   28425 PH 2026-03-28 2139 V4/SP9FIH        59  1509  AA0AW            59   0137     
QSO:   28425 PH 2026-03-28 2139 V4/SP9FIH        59  1510  AA5DF            59   0006     
QSO:   28425 PH 2026-03-28 2140 V4/SP9FIH        59  1511  WB6EGI           59   0029     
QSO:   28425 PH 2026-03-28 2140 V4/SP9FIH        59  1512  W4VIC            59   0122     
QSO:   28425 PH 2026-03-28 2141 V4/SP9FIH        59  1513  PU2WNO           59   0009     
QSO:   28425 PH 2026-03-28 2141 V4/SP9FIH        59  1514  W6FB             59   0321     
QSO:   28425 PH 2026-03-28 2142 V4/SP9FIH        59  1515  WB2PJH           59   0343     
QSO:   28425 PH 2026-03-28 2143 V4/SP9FIH        59  1516  WI0WA            59   1079     
QSO:   28425 PH 2026-03-28 2143 V4/SP9FIH        59  1517  K3OO             59   0018     
QSO:   28425 PH 2026-03-28 2143 V4/SP9FIH        59  1518  KD2VSD           59   0039     
QSO:   28425 PH 2026-03-28 2145 V4/SP9FIH        59  1519  WZ4DAY           59   1531     
QSO:   28425 PH 2026-03-28 2145 V4/SP9FIH        59  1520  W5RAW            59   0130     
QSO:   28425 PH 2026-03-28 2146 V4/SP9FIH        59  1521  K5RT             59   0363     
QSO:   28425 PH 2026-03-28 2146 V4/SP9FIH        59  1522  K0DG             59   0042     
QSO:   28425 PH 2026-03-28 2146 V4/SP9FIH        59  1523  N0TTZ            59   0179     
QSO:   28425 PH 2026-03-28 2146 V4/SP9FIH        59  1524  NO0B             59   0005     
QSO:   28425 PH 2026-03-28 2147 V4/SP9FIH        59  1525  W9FTR            59   0020     
QSO:   28425 PH 2026-03-28 2149 V4/SP9FIH        59  1526  PY2ZDU           59   0006     
QSO:   28425 PH 2026-03-28 2149 V4/SP9FIH        59  1527  W5MX             59   1157     
QSO:   28425 PH 2026-03-28 2149 V4/SP9FIH        59  1528  VE1ANU           59   0006     
QSO:   28425 PH 2026-03-28 2149 V4/SP9FIH        59  1529  W0PI             59   0153     
QSO:   28425 PH 2026-03-28 2150 V4/SP9FIH        59  1530  KE0QEQ           59   0053     
QSO:   28425 PH 2026-03-28 2150 V4/SP9FIH        59  1531  KW3A             59   0120     
QSO:   28425 PH 2026-03-28 2151 V4/SP9FIH        59  1532  W4ZBR            59   0039     
QSO:   28425 PH 2026-03-28 2151 V4/SP9FIH        59  1533  KR1CW            59   0530     
QSO:   28425 PH 2026-03-28 2151 V4/SP9FIH        59  1534  WZ8T             59   0273     
QSO:   28425 PH 2026-03-28 2151 V4/SP9FIH        59  1535  K4HYJ            59   0053     
QSO:   28425 PH 2026-03-28 2152 V4/SP9FIH        59  1536  K2RET            59   0268     
QSO:   28425 PH 2026-03-28 2152 V4/SP9FIH        59  1537  N3IXC            59   0017     
QSO:   28425 PH 2026-03-28 2153 V4/SP9FIH        59  1538  W0PRN            59   0013     
QSO:   28425 PH 2026-03-28 2153 V4/SP9FIH        59  1539  KI7DCE           59   0006     
QSO:   28425 PH 2026-03-28 2154 V4/SP9FIH        59  1540  KC1WPC           59   0017     
QSO:   28425 PH 2026-03-28 2154 V4/SP9FIH        59  1541  KE5RS            59   0020     
QSO:   28425 PH 2026-03-28 2155 V4/SP9FIH        59  1542  KK4PEZ           59   0001     
QSO:   28425 PH 2026-03-28 2155 V4/SP9FIH        59  1543  KC3ZPY           59   0001     
QSO:   28425 PH 2026-03-28 2155 V4/SP9FIH        59  1544  AF0F             59   0202     
QSO:   28425 PH 2026-03-28 2156 V4/SP9FIH        59  1545  KF8AVC           59   0025     
QSO:   28425 PH 2026-03-28 2156 V4/SP9FIH        59  1546  W6DPM            59   0044     
QSO:   28425 PH 2026-03-28 2157 V4/SP9FIH        59  1547  KR4EZR           59   0038     
QSO:   28425 PH 2026-03-28 2157 V4/SP9FIH        59  1548  AD3Y             59   0056     
QSO:   28425 PH 2026-03-28 2157 V4/SP9FIH        59  1549  WT3K             59   0162     
QSO:   28425 PH 2026-03-28 2158 V4/SP9FIH        59  1550  WQ0X             59   0237     
QSO:   28425 PH 2026-03-28 2158 V4/SP9FIH        59  1551  NW6P             59   0127     
QSO:   28425 PH 2026-03-28 2159 V4/SP9FIH        59  1552  K5AVY            59   0062     
QSO:   28425 PH 2026-03-28 2159 V4/SP9FIH        59  1553  KR4CKC           59   0099     
QSO:   28425 PH 2026-03-28 2200 V4/SP9FIH        59  1554  KK7PZE           59   0274     
QSO:   28425 PH 2026-03-28 2200 V4/SP9FIH        59  1555  LW3EK            59   0311     
QSO:   28425 PH 2026-03-28 2201 V4/SP9FIH        59  1556  CA7OFZ           59   0003     
QSO:   28425 PH 2026-03-28 2201 V4/SP9FIH        59  1557  K1BDC            59   0173     
QSO:   28425 PH 2026-03-28 2201 V4/SP9FIH        59  1558  WM7A             59   0071     
QSO:   28425 PH 2026-03-28 2202 V4/SP9FIH        59  1559  N3VU             59   0041     
QSO:   28425 PH 2026-03-28 2203 V4/SP9FIH        59  1560  K6UN             59   0159     
QSO:   28425 PH 2026-03-28 2204 V4/SP9FIH        59  1561  N9TTX            59   0085     
QSO:   28425 PH 2026-03-28 2205 V4/SP9FIH        59  1562  NQ2U             59   0041     
QSO:   28425 PH 2026-03-28 2205 V4/SP9FIH        59  1563  NE5TX            59   0006     
QSO:   28425 PH 2026-03-28 2206 V4/SP9FIH        59  1564  N9HDE            59   0028     
QSO:   28425 PH 2026-03-28 2206 V4/SP9FIH        59  1565  KE9DFF           59   0015     
QSO:   28425 PH 2026-03-28 2206 V4/SP9FIH        59  1566  KK5TY            59   0083     
QSO:   28425 PH 2026-03-28 2207 V4/SP9FIH        59  1567  N4DN             59   0268     
QSO:   28425 PH 2026-03-28 2207 V4/SP9FIH        59  1568  N0DL             59   0096     
QSO:   28425 PH 2026-03-28 2207 V4/SP9FIH        59  1569  KT4O             59   0050     
QSO:   28425 PH 2026-03-28 2208 V4/SP9FIH        59  1570  PY2HA            59   0103     
QSO:   28425 PH 2026-03-28 2209 V4/SP9FIH        59  1571  CX8DS            59   0258     
QSO:   28425 PH 2026-03-28 2209 V4/SP9FIH        59  1572  N7NR             59   0186     
QSO:   28425 PH 2026-03-28 2209 V4/SP9FIH        59  1573  AD5A             59   0599     
QSO:   28425 PH 2026-03-28 2210 V4/SP9FIH        59  1574  KN6CSB           59   0115     
QSO:   28425 PH 2026-03-28 2210 V4/SP9FIH        59  1575  KB0CFD           59   0196     
QSO:   28425 PH 2026-03-28 2210 V4/SP9FIH        59  1576  N3US             59   0054     
QSO:   28425 PH 2026-03-28 2211 V4/SP9FIH        59  1577  N2GRZ            59   0015     
QSO:   28425 PH 2026-03-28 2211 V4/SP9FIH        59  1578  AC9TO            59   0122     
QSO:   28425 PH 2026-03-28 2211 V4/SP9FIH        59  1579  PY1TTN           59   0067     
QSO:   28425 PH 2026-03-28 2212 V4/SP9FIH        59  1580  K0UU             59   0080     
QSO:   28425 PH 2026-03-28 2212 V4/SP9FIH        59  1581  W5EWD            59   0044     
QSO:   28425 PH 2026-03-28 2213 V4/SP9FIH        59  1582  PY1DI            59   0036     
QSO:   28425 PH 2026-03-28 2213 V4/SP9FIH        59  1583  KG2MM            59   0086     
QSO:   28425 PH 2026-03-28 2213 V4/SP9FIH        59  1584  LU5EA            59   0259     
QSO:   28425 PH 2026-03-28 2214 V4/SP9FIH        59  1585  PY1CD            59   0038     
QSO:   28425 PH 2026-03-28 2214 V4/SP9FIH        59  1586  KA3KHZ           59   0121     
QSO:   28425 PH 2026-03-28 2214 V4/SP9FIH        59  1587  W7BTM            59   0086     
QSO:   28425 PH 2026-03-28 2215 V4/SP9FIH        59  1588  KD9GY            59   0254     
QSO:   28425 PH 2026-03-28 2215 V4/SP9FIH        59  1589  W4BBT            59   0084     
QSO:   28425 PH 2026-03-28 2215 V4/SP9FIH        59  1590  W0CGC            59   0148     
QSO:   28425 PH 2026-03-28 2215 V4/SP9FIH        59  1591  NQ0K             59   0295     
QSO:   28425 PH 2026-03-28 2216 V4/SP9FIH        59  1592  PR2NX            59   0418     
QSO:   28425 PH 2026-03-28 2216 V4/SP9FIH        59  1593  AC3OC            59   0066     
QSO:   28425 PH 2026-03-28 2216 V4/SP9FIH        59  1594  K5KLA            59   0233     
QSO:   28425 PH 2026-03-28 2217 V4/SP9FIH        59  1595  CX4RL            59   0141     
QSO:   28425 PH 2026-03-28 2217 V4/SP9FIH        59  1596  K9XN             59   0252     
QSO:   28425 PH 2026-03-28 2217 V4/SP9FIH        59  1597  VE3OJN           59   0230     
QSO:   28425 PH 2026-03-28 2218 V4/SP9FIH        59  1598  KR7M             59   0033     
QSO:   28425 PH 2026-03-28 2218 V4/SP9FIH        59  1599  K7SS             59   0078     
QSO:   28425 PH 2026-03-28 2218 V4/SP9FIH        59  1600  KF0URH           59   0021     
QSO:   28425 PH 2026-03-28 2218 V4/SP9FIH        59  1601  W2KV             59   0033     
QSO:   28425 PH 2026-03-28 2219 V4/SP9FIH        59  1602  WX0Z             59   0143     
QSO:   28425 PH 2026-03-28 2220 V4/SP9FIH        59  1603  WM7C             59   0076     
QSO:   28425 PH 2026-03-28 2221 V4/SP9FIH        59  1604  W2HZ             59   0026     
QSO:   28425 PH 2026-03-28 2221 V4/SP9FIH        59  1605  K9KE             59   0349     
QSO:   28425 PH 2026-03-28 2221 V4/SP9FIH        59  1606  NG9M             59   0074     
QSO:   28425 PH 2026-03-28 2222 V4/SP9FIH        59  1607  L71D             59   0165     
QSO:   28425 PH 2026-03-28 2222 V4/SP9FIH        59  1608  WA3JAT           59   0053     
QSO:   28425 PH 2026-03-28 2222 V4/SP9FIH        59  1609  EA8XNX           59   0301     
QSO:   28425 PH 2026-03-28 2223 V4/SP9FIH        59  1610  WN6A             59   0047     
QSO:   28425 PH 2026-03-28 2223 V4/SP9FIH        59  1611  PY4KU            59   0033     
QSO:   28425 PH 2026-03-28 2224 V4/SP9FIH        59  1612  HJ6XYC           59   0009     
QSO:   28425 PH 2026-03-28 2224 V4/SP9FIH        59  1613  PP5WEB           59   0023     
QSO:   28425 PH 2026-03-28 2225 V4/SP9FIH        59  1614  WM3PEN           59   0091     
QSO:   28425 PH 2026-03-28 2226 V4/SP9FIH        59  1615  N9ERJ            59   0059     
QSO:   28425 PH 2026-03-28 2226 V4/SP9FIH        59  1616  N5BMD            59   0005     
QSO:   28425 PH 2026-03-28 2227 V4/SP9FIH        59  1617  PP5TI            59   0064     
QSO:   28425 PH 2026-03-28 2227 V4/SP9FIH        59  1618  KI8AN            59   0092     
QSO:   28425 PH 2026-03-28 2227 V4/SP9FIH        59  1619  W0XM             59   0133     
QSO:   28425 PH 2026-03-28 2227 V4/SP9FIH        59  1620  AA7V             59   0185     
QSO:   28425 PH 2026-03-28 2228 V4/SP9FIH        59  1621  AC1U             59   1484     
QSO:   28425 PH 2026-03-28 2228 V4/SP9FIH        59  1622  N0AT             59   0160     
QSO:   28425 PH 2026-03-28 2228 V4/SP9FIH        59  1623  WA4TVN           59   0010     
QSO:   28425 PH 2026-03-28 2229 V4/SP9FIH        59  1624  KO6MLD           59   0028     
QSO:   28425 PH 2026-03-28 2229 V4/SP9FIH        59  1625  CX1AR            59   0628     
QSO:   28425 PH 2026-03-28 2229 V4/SP9FIH        59  1626  AD8QV            59   0104     
QSO:   28425 PH 2026-03-28 2230 V4/SP9FIH        59  1627  PU2KSK           59   0039     
QSO:   28425 PH 2026-03-28 2231 V4/SP9FIH        59  1628  PY2MIA           59   0041     
QSO:   28425 PH 2026-03-28 2231 V4/SP9FIH        59  1629  W7RCC            59   0105     
QSO:   28425 PH 2026-03-28 2231 V4/SP9FIH        59  1630  PY2IB            59   0204     
QSO:   28425 PH 2026-03-28 2232 V4/SP9FIH        59  1631  W7FD             59   0026     
QSO:   28425 PH 2026-03-28 2232 V4/SP9FIH        59  1632  PU2LFU           59   0010     
QSO:   28425 PH 2026-03-28 2233 V4/SP9FIH        59  1633  KH6M             59   0001     
QSO:   28425 PH 2026-03-28 2233 V4/SP9FIH        59  1634  N9SB             59   0095     
QSO:   28425 PH 2026-03-28 2234 V4/SP9FIH        59  1635  PY6GOE           59   0040     
QSO:   28425 PH 2026-03-28 2234 V4/SP9FIH        59  1636  NA4DX            59   0120     
QSO:   28425 PH 2026-03-28 2234 V4/SP9FIH        59  1637  KD7JR            59   0069     
QSO:   28425 PH 2026-03-28 2235 V4/SP9FIH        59  1638  KI5IQE           59   0023     
QSO:   28425 PH 2026-03-28 2235 V4/SP9FIH        59  1639  LR9W             59   0511     
QSO:   28425 PH 2026-03-28 2236 V4/SP9FIH        59  1640  LU7DW            59   0034     
QSO:   28425 PH 2026-03-28 2236 V4/SP9FIH        59  1641  PY4JW            59   0611     
QSO:   28425 PH 2026-03-28 2237 V4/SP9FIH        59  1642  LW5DT            59   0439     
QSO:   28425 PH 2026-03-28 2237 V4/SP9FIH        59  1643  N9XO             59   0205     
QSO:   28425 PH 2026-03-28 2237 V4/SP9FIH        59  1644  KM7CGI           59   0103     
QSO:   28425 PH 2026-03-28 2238 V4/SP9FIH        59  1645  CE5VKK           59   0026     
QSO:   28425 PH 2026-03-28 2238 V4/SP9FIH        59  1646  KG4QIV           59   0008     
QSO:   28425 PH 2026-03-28 2238 V4/SP9FIH        59  1647  K5MV             59   0083     
QSO:   28425 PH 2026-03-28 2239 V4/SP9FIH        59  1648  NV4T             59   0231     
QSO:   28425 PH 2026-03-28 2239 V4/SP9FIH        59  1649  VE7IAD           59   0120     
QSO:   28425 PH 2026-03-28 2240 V4/SP9FIH        59  1650  K1AJT            59   0013     
QSO:   28425 PH 2026-03-28 2240 V4/SP9FIH        59  1651  KB3WP            59   0001     
QSO:   28425 PH 2026-03-28 2240 V4/SP9FIH        59  1652  K2MTT            59   0009     
QSO:   28425 PH 2026-03-28 2241 V4/SP9FIH        59  1653  KI6QDH           59   0422     
QSO:   28425 PH 2026-03-28 2241 V4/SP9FIH        59  1654  KS1J             59   0209     
QSO:   28425 PH 2026-03-28 2241 V4/SP9FIH        59  1655  W8TOM            59   0043     
QSO:   28425 PH 2026-03-28 2242 V4/SP9FIH        59  1656  W9DWR            59   0073     
QSO:   28425 PH 2026-03-28 2243 V4/SP9FIH        59  1657  K9LC             59   0055     
QSO:   28425 PH 2026-03-28 2243 V4/SP9FIH        59  1658  KB5WYJ           59   0012     
QSO:   28425 PH 2026-03-28 2243 V4/SP9FIH        59  1659  WA5LXS           59   0029     
QSO:   28425 PH 2026-03-28 2244 V4/SP9FIH        59  1660  W9BCM            59   0042     
QSO:   28425 PH 2026-03-28 2244 V4/SP9FIH        59  1661  WA0VBM           59   0010     
QSO:   28425 PH 2026-03-28 2245 V4/SP9FIH        59  1662  WA2LMC           59   0147     
QSO:   28425 PH 2026-03-28 2246 V4/SP9FIH        59  1663  KG5VLT           59   0006     
QSO:   28425 PH 2026-03-28 2247 V4/SP9FIH        59  1664  KO4BB            59   0061     
QSO:   28425 PH 2026-03-28 2247 V4/SP9FIH        59  1665  KX6B             55   0001     
QSO:   28425 PH 2026-03-28 2248 V4/SP9FIH        59  1666  N6IV             59   0001     
QSO:   28425 PH 2026-03-28 2248 V4/SP9FIH        59  1667  N5WTG            59   0191     
QSO:   28425 PH 2026-03-28 2248 V4/SP9FIH        59  1668  PP5MH            59   0006     
QSO:   28425 PH 2026-03-28 2249 V4/SP9FIH        59  1669  K8WWN            59   0024     
QSO:   28425 PH 2026-03-28 2249 V4/SP9FIH        59  1670  WB9HFK           59   0166     
QSO:   28425 PH 2026-03-28 2250 V4/SP9FIH        59  1671  N5WAX            59   0015     
QSO:   28425 PH 2026-03-28 2251 V4/SP9FIH        59  1672  K5RBI            59   0002     
QSO:   28425 PH 2026-03-28 2251 V4/SP9FIH        59  1673  PR7KG            59   0020     
QSO:   28425 PH 2026-03-28 2252 V4/SP9FIH        59  1674  LU2MET           59   0023     
QSO:   28425 PH 2026-03-28 2253 V4/SP9FIH        59  1675  N4XGP            59   0167     
QSO:   28425 PH 2026-03-28 2254 V4/SP9FIH        59  1676  AA1N             59   0236     
QSO:   28425 PH 2026-03-28 2255 V4/SP9FIH        59  1677  AF6U             59   0114     
QSO:   28425 PH 2026-03-28 2255 V4/SP9FIH        59  1678  AI5G             59   0050     
QSO:   28425 PH 2026-03-28 2256 V4/SP9FIH        59  1679  PU2MKU           59   0030     
QSO:   28425 PH 2026-03-28 2257 V4/SP9FIH        59  1680  AJ0CM            59   0080     
QSO:   28425 PH 2026-03-28 2257 V4/SP9FIH        59  1681  N0HJZ            59   0371     
QSO:   28425 PH 2026-03-28 2258 V4/SP9FIH        59  1682  K0NEO            59   0014     
QSO:   28425 PH 2026-03-28 2258 V4/SP9FIH        59  1683  K6FA             59   0055     
QSO:   28425 PH 2026-03-28 2259 V4/SP9FIH        59  1684  VE6UM            59   0020     
QSO:   28425 PH 2026-03-28 2300 V4/SP9FIH        59  1685  W7XE             59   0111     
QSO:   28425 PH 2026-03-28 2301 V4/SP9FIH        59  1686  KC2OSR           59   0018     
QSO:   28425 PH 2026-03-28 2302 V4/SP9FIH        59  1687  KD5DFL           59   0004     
QSO:   28425 PH 2026-03-28 2302 V4/SP9FIH        59  1688  LW9HZI           59   0104     
QSO:   28425 PH 2026-03-28 2303 V4/SP9FIH        59  1689  XE1YL            59   1099     
QSO:   28425 PH 2026-03-28 2304 V4/SP9FIH        59  1690  WD0FHK           59   0015     
QSO:   28425 PH 2026-03-28 2304 V4/SP9FIH        59  1691  K5FNE            59   0208     
QSO:   28425 PH 2026-03-28 2304 V4/SP9FIH        59  1692  PY1AN            59   0007     
QSO:   28425 PH 2026-03-28 2305 V4/SP9FIH        59  1693  CB3DX            59   0040     
QSO:   28425 PH 2026-03-28 2305 V4/SP9FIH        59  1694  PP5KP            59   0131     
QSO:   28425 PH 2026-03-28 2305 V4/SP9FIH        59  1695  W1AGC            59   0030     
QSO:   28425 PH 2026-03-28 2305 V4/SP9FIH        59  1696  W5GFO            59   0001     
QSO:   28425 PH 2026-03-28 2306 V4/SP9FIH        59  1697  K0MPH            59   0103     
QSO:   28425 PH 2026-03-28 2306 V4/SP9FIH        59  1698  WB6QND           59   0053     
QSO:   28425 PH 2026-03-28 2307 V4/SP9FIH        59  1699  KT6LN            59   0013     
QSO:   28425 PH 2026-03-28 2308 V4/SP9FIH        59  1700  KA8HOK           59   0016     
QSO:   28425 PH 2026-03-28 2309 V4/SP9FIH        59  1701  N3EN             59   0235     
QSO:   28425 PH 2026-03-28 2309 V4/SP9FIH        59  1702  LU5MT            59   0022     
QSO:   28425 PH 2026-03-28 2310 V4/SP9FIH        59  1703  LS2D             59   0075     
QSO:   28425 PH 2026-03-28 2311 V4/SP9FIH        59  1704  XQ2IM            59   0024     
QSO:   28425 PH 2026-03-28 2311 V4/SP9FIH        59  1705  WA3AER           59   0374     
QSO:   28425 PH 2026-03-28 2312 V4/SP9FIH        59  1706  W1ARY            59   0344     
QSO:   28425 PH 2026-03-28 2312 V4/SP9FIH        59  1707  N5KBX            59   0031     
QSO:   28425 PH 2026-03-28 2312 V4/SP9FIH        59  1708  CE4JC            59   0102     
QSO:   28425 PH 2026-03-28 2313 V4/SP9FIH        59  1709  PU5NSF           59   0135     
QSO:   28425 PH 2026-03-28 2314 V4/SP9FIH        59  1710  K6TWE            59   0077     
QSO:   28425 PH 2026-03-28 2314 V4/SP9FIH        59  1711  K9EE             59   0023     
QSO:   28425 PH 2026-03-28 2315 V4/SP9FIH        59  1712  PU5IKE           59   0058     
QSO:   28425 PH 2026-03-28 2315 V4/SP9FIH        59  1713  ZV2K             59   0097     
QSO:   28425 PH 2026-03-28 2316 V4/SP9FIH        59  1714  PY1RY            59   0002     
QSO:   28425 PH 2026-03-28 2316 V4/SP9FIH        59  1715  N6CW             59   0147     
QSO:   28425 PH 2026-03-28 2316 V4/SP9FIH        59  1716  KA2QWC           59   0150     
QSO:   28425 PH 2026-03-28 2317 V4/SP9FIH        59  1717  KC3EMA           59   0073     
QSO:   28425 PH 2026-03-28 2317 V4/SP9FIH        59  1718  W8CS             59   0139     
QSO:   28425 PH 2026-03-28 2318 V4/SP9FIH        59  1719  PY2KO            59   0040     
QSO:   28425 PH 2026-03-28 2318 V4/SP9FIH        59  1720  KC7RJ            59   0009     
QSO:   28425 PH 2026-03-28 2319 V4/SP9FIH        59  1721  KC9WZ            59   0011     
QSO:   28425 PH 2026-03-28 2319 V4/SP9FIH        59  1722  W6JBR            59   0008     
QSO:   28425 PH 2026-03-28 2321 V4/SP9FIH        59  1723  W1WWW            59   0027     
QSO:   28425 PH 2026-03-28 2321 V4/SP9FIH        59  1724  WD4DB            59   0172     
QSO:   28425 PH 2026-03-28 2322 V4/SP9FIH        59  1725  K3OIL            59   0029     
QSO:   28425 PH 2026-03-28 2322 V4/SP9FIH        59  1726  N3RC             59   0040     
QSO:   28425 PH 2026-03-28 2323 V4/SP9FIH        59  1727  K4RUE            59   0083     
QSO:   28425 PH 2026-03-28 2323 V4/SP9FIH        59  1728  NN7CW            59   0589     
QSO:   28425 PH 2026-03-28 2324 V4/SP9FIH        59  1729  PY5FO            59   0251     
QSO:   28425 PH 2026-03-28 2324 V4/SP9FIH        59  1730  K3SNO            59   0332     
QSO:   28425 PH 2026-03-28 2324 V4/SP9FIH        59  1731  PU4RGM           59   0051     
QSO:   28425 PH 2026-03-28 2325 V4/SP9FIH        59  1732  W0IZ             59   0143     
QSO:   28425 PH 2026-03-28 2325 V4/SP9FIH        59  1733  N1ADS            59   0210     
QSO:   28425 PH 2026-03-28 2327 V4/SP9FIH        59  1734  N4WW             59   0055     
QSO:   28425 PH 2026-03-28 2328 V4/SP9FIH        59  1735  N4GPR            59   0034     
QSO:   28425 PH 2026-03-28 2331 V4/SP9FIH        59  1736  NG7X             59   0080     
QSO:   28425 PH 2026-03-28 2334 V4/SP9FIH        59  1737  K4HOA            59   0133     
QSO:   28425 PH 2026-03-28 2334 V4/SP9FIH        59  1738  N3RTW            59   0230     
QSO:   28425 PH 2026-03-28 2335 V4/SP9FIH        59  1739  PU2SXQ           59   0073     
QSO:   28425 PH 2026-03-28 2336 V4/SP9FIH        59  1740  KD8NRV           59   0009     
QSO:   28425 PH 2026-03-28 2336 V4/SP9FIH        59  1741  KB4RRN           59   0041     
QSO:   28425 PH 2026-03-28 2337 V4/SP9FIH        59  1742  AA2MU            59   0234     
QSO:   28425 PH 2026-03-28 2337 V4/SP9FIH        59  1743  N8QOT            59   0006     
QSO:   28425 PH 2026-03-28 2338 V4/SP9FIH        59  1744  KB1WSR           59   0008     
QSO:   28425 PH 2026-03-28 2338 V4/SP9FIH        59  1745  K2TJP            59   0303     
QSO:   28425 PH 2026-03-28 2338 V4/SP9FIH        59  1746  N1EXI            59   0068     
QSO:   28425 PH 2026-03-28 2339 V4/SP9FIH        59  1747  KA1DCB           59   0117     
QSO:   28425 PH 2026-03-28 2339 V4/SP9FIH        59  1748  TI5/VA3RA        59   0017     
QSO:   28425 PH 2026-03-28 2340 V4/SP9FIH        59  1749  KC2NUD           59   0002     
QSO:   28425 PH 2026-03-28 2340 V4/SP9FIH        59  1750  N6PC             59   0002     
QSO:   28425 PH 2026-03-28 2341 V4/SP9FIH        59  1751  KB3LTT           59   0048     
QSO:   28425 PH 2026-03-28 2341 V4/SP9FIH        59  1752  PY2GZ            59   0104     
QSO:   28425 PH 2026-03-28 2342 V4/SP9FIH        59  1753  PY2MXU           59   0025     
QSO:   28425 PH 2026-03-28 2342 V4/SP9FIH        59  1754  WA8OLN           59   0010     
QSO:   28425 PH 2026-03-28 2343 V4/SP9FIH        59  1755  KK4TE            59   0049     
QSO:   28425 PH 2026-03-28 2343 V4/SP9FIH        59  1756  N2UIF            59   0015     
QSO:   28425 PH 2026-03-28 2344 V4/SP9FIH        59  1757  N1FIY            59   0004     
QSO:   28425 PH 2026-03-28 2344 V4/SP9FIH        59  1758  VE3EUT           59   0023     
QSO:   28425 PH 2026-03-28 2345 V4/SP9FIH        59  1759  W3JRG            59   0002     
QSO:   28425 PH 2026-03-28 2346 V4/SP9FIH        59  1760  WB2JTE           59   0092     
QSO:   28425 PH 2026-03-28 2346 V4/SP9FIH        59  1761  KC1TEC           59   0013     
QSO:   28425 PH 2026-03-28 2347 V4/SP9FIH        59  1762  TI2ASM           59   0042     
QSO:   28425 PH 2026-03-28 2347 V4/SP9FIH        59  1763  KC1RKZ           59   0011     
QSO:   28425 PH 2026-03-28 2348 V4/SP9FIH        59  1764  PU2PTU           59   0054     
QSO:   28425 PH 2026-03-28 2349 V4/SP9FIH        59  1765  WO2E             59   0046     
QSO:   28425 PH 2026-03-28 2350 V4/SP9FIH        59  1766  NE1C             59   0426     
QSO:   28425 PH 2026-03-28 2351 V4/SP9FIH        59  1767  CA2ECJ           59   0077     
QSO:   28425 PH 2026-03-28 2352 V4/SP9FIH        59  1768  N0KAF            59   0235     
QSO:   28425 PH 2026-03-28 2352 V4/SP9FIH        59  1769  KE8NBC           59   0255     
QSO:   28425 PH 2026-03-28 2355 V4/SP9FIH        59  1770  WG7B             59   0003     
QSO:   28425 PH 2026-03-28 2356 V4/SP9FIH        59  1771  KD3CCN           59   0143     
QSO:   28425 PH 2026-03-28 2356 V4/SP9FIH        59  1772  KE2HKK           59   0026     
QSO:   28425 PH 2026-03-28 2358 V4/SP9FIH        59  1773  PU3SSO           59   0044     
QSO:   28425 PH 2026-03-28 2358 V4/SP9FIH        59  1774  PY5PLL           59   0113     
QSO:   28425 PH 2026-03-28 2358 V4/SP9FIH        59  1775  FY5KE            59   0826     
QSO:   28425 PH 2026-03-28 2359 V4/SP9FIH        59  1776  HK4TK            59   0008     
QSO:   28425 PH 2026-03-29 0000 V4/SP9FIH        59  1777  PU2PQQ           59   0085     
QSO:   28425 PH 2026-03-29 0000 V4/SP9FIH        59  1778  VE3AXT           59   0111     
QSO:   28425 PH 2026-03-29 0001 V4/SP9FIH        59  1779  KB8IOS           59   0004     
QSO:   28425 PH 2026-03-29 0001 V4/SP9FIH        59  1780  VA3ONO           59   0085     
QSO:   28425 PH 2026-03-29 0002 V4/SP9FIH        59  1781  KA0AZS           59   0082     
QSO:   28425 PH 2026-03-29 0002 V4/SP9FIH        59  1782  CE3VNA           59   0076     
QSO:   28425 PH 2026-03-29 0003 V4/SP9FIH        59  1783  LU9EAE           59   0053     
QSO:   28425 PH 2026-03-29 0003 V4/SP9FIH        59  1784  HP1ELV           59   0053     
QSO:   28425 PH 2026-03-29 0004 V4/SP9FIH        59  1785  VA3JT            59   0010     
QSO:   28425 PH 2026-03-29 0005 V4/SP9FIH        59  1786  PU2MCY           59   0016     
QSO:   28425 PH 2026-03-29 0007 V4/SP9FIH        59  1787  WH7U             59   0438     
QSO:   28425 PH 2026-03-29 0008 V4/SP9FIH        59  1788  KF8AHK           59   0126     
QSO:   28425 PH 2026-03-29 0008 V4/SP9FIH        59  1789  8P5A             59   4378     
QSO:   28425 PH 2026-03-29 0008 V4/SP9FIH        59  1790  W8TB             59   0270     
QSO:   28425 PH 2026-03-29 0010 V4/SP9FIH        59  1791  5K3D             59   0272     
QSO:   28425 PH 2026-03-29 0012 V4/SP9FIH        59  1792  LU2MHP           59   0102     
QSO:   28425 PH 2026-03-29 0014 V4/SP9FIH        59  1793  LW7ENO           59   0137     
QSO:   28401 PH 2026-03-29 0022 V4/SP9FIH        59  1794  LQ5H             59   0211     
QSO:   28487 PH 2026-03-29 0023 V4/SP9FIH        59  1795  NU5M             59   0355     
QSO:   28425 PH 2026-03-29 0025 V4/SP9FIH        59  1796  CE3AA            59   0332     
QSO:   28425 PH 2026-03-29 0027 V4/SP9FIH        59  1797  CE3RIF           59   0029     
QSO:   28425 PH 2026-03-29 0028 V4/SP9FIH        59  1798  PZ5DX            59   2682     
QSO:   28425 PH 2026-03-29 0029 V4/SP9FIH        59  1799  PY2GVR           59   0008     
QSO:   28425 PH 2026-03-29 0031 V4/SP9FIH        59  1800  PU3MON           59   0003     
QSO:   28425 PH 2026-03-29 0031 V4/SP9FIH        59  1801  LT4E             59   0236     
QSO:   28425 PH 2026-03-29 0033 V4/SP9FIH        59  1802  CA2BBO           59   0059     
QSO:   28425 PH 2026-03-29 0035 V4/SP9FIH        59  1803  PY5AS            59   0150     
QSO:   28425 PH 2026-03-29 0035 V4/SP9FIH        59  1804  PY2HA            59   0130     
QSO:   28395 PH 2026-03-29 0038 V4/SP9FIH        59  1805  LT6T             59   0566     
QSO:   28418 PH 2026-03-29 0045 V4/SP9FIH        59  1806  HK1O             59   0501     
QSO:   28385 PH 2026-03-29 0106 V4/SP9FIH        59  1807  CA1OGG           59   0468     
QSO:   28422 PH 2026-03-29 0109 V4/SP9FIH        59  1808  PY3RS            59   0114     
QSO:   28465 PH 2026-03-29 0112 V4/SP9FIH        59  1809  VK4KW            59   1685     
QSO:   28507 PH 2026-03-29 0117 V4/SP9FIH        59  1810  HK1T             59   2243     
QSO:   28525 PH 2026-03-29 0118 V4/SP9FIH        59  1811  PY4TC            59   0028     
QSO:   28565 PH 2026-03-29 1021 V4/SP9FIH        59  1812  HA0SA            59   0898     
QSO:   28520 PH 2026-03-29 1027 V4/SP9FIH        59  1813  RL3A             59   4407     
QSO:   28388 PH 2026-03-29 1040 V4/SP9FIH        59  1814  LY5GT            59   0939     
QSO:   28388 PH 2026-03-29 1044 V4/SP9FIH        59  1815  ZS6CPA           59   0008     
QSO:   28517 PH 2026-03-29 1108 V4/SP9FIH        59  1816  PY2MP            59   2228     
QSO:   28484 PH 2026-03-29 1119 V4/SP9FIH        59  1817  ES9C             59   1666     
QSO:   28471 PH 2026-03-29 1123 V4/SP9FIH        59  1818  D2ACE            59   1297     
QSO:   28565 PH 2026-03-29 1157 V4/SP9FIH        59  1819  PU8WZS           59   0005     
QSO:   28405 PH 2026-03-29 1204 V4/SP9FIH        59  1820  5X2VJ            59   0911     
QSO:   28565 PH 2026-03-29 1225 V4/SP9FIH        59  1821  IU5PTO           59   0135     
QSO:   28565 PH 2026-03-29 1227 V4/SP9FIH        59  1822  DL6SDO/M         59   0050     
QSO:   28565 PH 2026-03-29 1232 V4/SP9FIH        59  1823  DD0VR            59   0011     
QSO:   28565 PH 2026-03-29 1234 V4/SP9FIH        59  1824  DH1UK            59   0161     
QSO:   28565 PH 2026-03-29 1236 V4/SP9FIH        59  1825  PP5MH            59   0017     
QSO:   28565 PH 2026-03-29 1239 V4/SP9FIH        59  1826  DH8BM            59   0080     
QSO:   28565 PH 2026-03-29 1240 V4/SP9FIH        59  1827  SP4CUF           59   0232     
QSO:   28565 PH 2026-03-29 1244 V4/SP9FIH        59  1828  IW5ECP           59   0093     
QSO:   28565 PH 2026-03-29 1244 V4/SP9FIH        59  1829  OH2KI            59   0048     
QSO:   28565 PH 2026-03-29 1247 V4/SP9FIH        59  1830  PU5WMA           59   0049     
QSO:   28565 PH 2026-03-29 1249 V4/SP9FIH        59  1831  OK1OA            59   0587     
QSO:   28565 PH 2026-03-29 1252 V4/SP9FIH        59  1832  RW3DU            59   0579     
QSO:   28565 PH 2026-03-29 1253 V4/SP9FIH        59  1833  YL3SA            59   0031     
QSO:   28565 PH 2026-03-29 1253 V4/SP9FIH        59  1834  UA1OM            59   0032     
QSO:   28565 PH 2026-03-29 1254 V4/SP9FIH        59  1835  SP9FOW           59   0033     
QSO:   28566 PH 2026-03-29 1255 V4/SP9FIH        59  1836  DL6AG            59   0148     
QSO:   28566 PH 2026-03-29 1256 V4/SP9FIH        59  1837  DC1TK            59   0316     
QSO:   28566 PH 2026-03-29 1259 V4/SP9FIH        59  1838  HB9OK            59   0230     
QSO:   28566 PH 2026-03-29 1301 V4/SP9FIH        59  1839  DK0IW            59   0295     
QSO:   28566 PH 2026-03-29 1302 V4/SP9FIH        59  1840  OK3FP            59   0091     
QSO:   28566 PH 2026-03-29 1304 V4/SP9FIH        59  1841  OK1OPT           59   0527     
QSO:   28566 PH 2026-03-29 1305 V4/SP9FIH        59  1842  IO2Z             59   0638     
QSO:   28566 PH 2026-03-29 1307 V4/SP9FIH        59  1843  AC9S             59   0779     
QSO:   28566 PH 2026-03-29 1310 V4/SP9FIH        59  1844  DF3SP            59   0064     
QSO:   28566 PH 2026-03-29 1311 V4/SP9FIH        59  1845  SQ3TET           59   0252     
QSO:   28566 PH 2026-03-29 1313 V4/SP9FIH        59  1846  OK1MDK           59   0334     
QSO:   28566 PH 2026-03-29 1314 V4/SP9FIH        59  1847  N5AU             59   0136     
QSO:   28566 PH 2026-03-29 1314 V4/SP9FIH        59  1848  RA3DAD           59   0801     
QSO:   28566 PH 2026-03-29 1314 V4/SP9FIH        59  1849  N9UKX            59   0009     
QSO:   28566 PH 2026-03-29 1315 V4/SP9FIH        59  1850  WB0LQC           59   0080     
QSO:   28566 PH 2026-03-29 1316 V4/SP9FIH        59  1851  KB5UTS           59   0013     
QSO:   28566 PH 2026-03-29 1317 V4/SP9FIH        59  1852  W6ADE            59   0115     
QSO:   28566 PH 2026-03-29 1318 V4/SP9FIH        59  1853  SP8UZJ           59   0142     
QSO:   28566 PH 2026-03-29 1318 V4/SP9FIH        59  1854  EV81OB           59   1404     
QSO:   28566 PH 2026-03-29 1319 V4/SP9FIH        59  1855  OE5OHO           59   0016     
QSO:   28566 PH 2026-03-29 1319 V4/SP9FIH        59  1856  IK2ANI           59   0088     
QSO:   28566 PH 2026-03-29 1319 V4/SP9FIH        59  1857  DL7ON            59   1424     
QSO:   28566 PH 2026-03-29 1320 V4/SP9FIH        59  1858  OE1LPY           59   0025     
QSO:   28566 PH 2026-03-29 1320 V4/SP9FIH        59  1859  DD1LD            59   0094     
QSO:   28566 PH 2026-03-29 1320 V4/SP9FIH        59  1860  HA1ICE           59   0009     
QSO:   28566 PH 2026-03-29 1322 V4/SP9FIH        59  1861  SQ2OK            59   0062     
QSO:   28566 PH 2026-03-29 1323 V4/SP9FIH        59  1862  SQ3M             59   0075     
QSO:   28566 PH 2026-03-29 1323 V4/SP9FIH        59  1863  SQ9S             59   0004     
QSO:   28566 PH 2026-03-29 1324 V4/SP9FIH        59  1864  OE3YCB           59   0009     
QSO:   28566 PH 2026-03-29 1325 V4/SP9FIH        59  1865  OL9R             59   1444     
QSO:   28566 PH 2026-03-29 1325 V4/SP9FIH        59  1866  9A1RBZ           59   0487     
QSO:   28566 PH 2026-03-29 1325 V4/SP9FIH        59  1867  SN7Z             59   0617     
QSO:   28566 PH 2026-03-29 1326 V4/SP9FIH        59  1868  IO7T             59   2018     
QSO:   28566 PH 2026-03-29 1326 V4/SP9FIH        59  1869  OK4HM            59   0093     
QSO:   28566 PH 2026-03-29 1326 V4/SP9FIH        59  1870  YP7P             59   2097     
QSO:   28566 PH 2026-03-29 1326 V4/SP9FIH        59  1871  IQ6JU            59   1744     
QSO:   28566 PH 2026-03-29 1327 V4/SP9FIH        59  1872  SP2WGB           59   0098     
QSO:   28566 PH 2026-03-29 1327 V4/SP9FIH        59  1873  LY4L             59   1722     
QSO:   28566 PH 2026-03-29 1327 V4/SP9FIH        59  1874  LY1DX            59   0273     
QSO:   28566 PH 2026-03-29 1327 V4/SP9FIH        59  1875  SP3BBS           59   0035     
QSO:   28566 PH 2026-03-29 1328 V4/SP9FIH        59  1876  S51CAB           59   0136     
QSO:   28566 PH 2026-03-29 1328 V4/SP9FIH        59  1877  SP4SAF           59   0344     
QSO:   28566 PH 2026-03-29 1329 V4/SP9FIH        59  1878  UB3A             59   0281     
QSO:   28566 PH 2026-03-29 1329 V4/SP9FIH        59  1879  ZS6XY            59   0035     
QSO:   28566 PH 2026-03-29 1330 V4/SP9FIH        59  1880  PU1VKG           59   0104     
QSO:   28566 PH 2026-03-29 1330 V4/SP9FIH        59  1881  LZ5R             59   4285     
QSO:   28566 PH 2026-03-29 1330 V4/SP9FIH        59  1882  4Z5SL            59   0001     
QSO:   28566 PH 2026-03-29 1331 V4/SP9FIH        59  1883  SO5WD            59   0103     
QSO:   28566 PH 2026-03-29 1331 V4/SP9FIH        59  1884  SP4AA            59   0110     
QSO:   28566 PH 2026-03-29 1332 V4/SP9FIH        59  1885  SP6PRT           59   0060     
QSO:   28566 PH 2026-03-29 1332 V4/SP9FIH        59  1886  OK2BYW           59   0202     
QSO:   28566 PH 2026-03-29 1332 V4/SP9FIH        59  1887  OE5JSL           59   0134     
QSO:   28566 PH 2026-03-29 1333 V4/SP9FIH        59  1888  SP3CQP           59   0243     
QSO:   28566 PH 2026-03-29 1333 V4/SP9FIH        59  1889  RM3DA            59   1489     
QSO:   28566 PH 2026-03-29 1333 V4/SP9FIH        59  1890  SQ3POS           59   0154     
QSO:   28566 PH 2026-03-29 1334 V4/SP9FIH        59  1891  RX3XA            59   0061     
QSO:   28566 PH 2026-03-29 1334 V4/SP9FIH        59  1892  OK2TS            59   0303     
QSO:   28566 PH 2026-03-29 1336 V4/SP9FIH        59  1893  SQ3RAX           59   0007     
QSO:   28566 PH 2026-03-29 1336 V4/SP9FIH        59  1894  SP7JDI           59   0202     
QSO:   28566 PH 2026-03-29 1337 V4/SP9FIH        59  1895  LZ7VV            59   0035     
QSO:   28566 PH 2026-03-29 1338 V4/SP9FIH        59  1896  9A5ADH           59   0048     
QSO:   28566 PH 2026-03-29 1338 V4/SP9FIH        59  1897  SQ3TGN           59   0181     
QSO:   28566 PH 2026-03-29 1339 V4/SP9FIH        59  1898  CF2Z             59   0896     
QSO:   28566 PH 2026-03-29 1340 V4/SP9FIH        59  1899  SP9IHP           59   0043     
QSO:   28566 PH 2026-03-29 1340 V4/SP9FIH        59  1900  SP5EAQ           59   0010     
QSO:   28566 PH 2026-03-29 1343 V4/SP9FIH        59  1901  IV3NTI           59   0028     
QSO:   28566 PH 2026-03-29 1343 V4/SP9FIH        59  1902  HK3BIA           59   0285     
QSO:   28566 PH 2026-03-29 1344 V4/SP9FIH        59  1903  EW6X             59   0014     
QSO:   28566 PH 2026-03-29 1344 V4/SP9FIH        59  1904  TI7W             59   3999     
QSO:   28566 PH 2026-03-29 1345 V4/SP9FIH        59  1905  S59SV            59   0150     
QSO:   28566 PH 2026-03-29 1345 V4/SP9FIH        59  1906  SP2JMR           59   0271     
QSO:   28566 PH 2026-03-29 1345 V4/SP9FIH        59  1907  DL7PV            59   0008     
QSO:   28566 PH 2026-03-29 1346 V4/SP9FIH        59  1908  SP7OQI           59   0610     
QSO:   28566 PH 2026-03-29 1346 V4/SP9FIH        59  1909  SP3RAT           59   0083     
QSO:   28566 PH 2026-03-29 1347 V4/SP9FIH        59  1910  LY2OU            59   0167     
QSO:   28566 PH 2026-03-29 1348 V4/SP9FIH        59  1911  S57SWR           59   0131     
QSO:   28566 PH 2026-03-29 1349 V4/SP9FIH        59  1912  OE5CYL           59   0090     
QSO:   28566 PH 2026-03-29 1349 V4/SP9FIH        59  1913  IK4DRY           59   0143     
QSO:   28566 PH 2026-03-29 1350 V4/SP9FIH        59  1914  DL6UAA           59   0009     
QSO:   28566 PH 2026-03-29 1350 V4/SP9FIH        59  1915  SP9EIJ           59   0018     
QSO:   28566 PH 2026-03-29 1350 V4/SP9FIH        59  1916  LY3CY            59   0313     
QSO:   28566 PH 2026-03-29 1351 V4/SP9FIH        59  1917  SP6CIK           59   0119     
QSO:   28566 PH 2026-03-29 1351 V4/SP9FIH        59  1918  SN3G             59   0966     
QSO:   28566 PH 2026-03-29 1351 V4/SP9FIH        59  1919  HA8KW            59   0101     
QSO:   28566 PH 2026-03-29 1352 V4/SP9FIH        59  1920  OE3IPC           59   0004     
QSO:   28566 PH 2026-03-29 1352 V4/SP9FIH        59  1921  HA1VQ            59   0049     
QSO:   28566 PH 2026-03-29 1353 V4/SP9FIH        59  1922  SP7IFM           59   0001     
QSO:   28566 PH 2026-03-29 1353 V4/SP9FIH        59  1923  YO2AA            59   0346     
QSO:   28566 PH 2026-03-29 1354 V4/SP9FIH        59  1924  NU5A             59   3970     
QSO:   28566 PH 2026-03-29 1354 V4/SP9FIH        59  1925  RT1S             59   0798     
QSO:   28566 PH 2026-03-29 1355 V4/SP9FIH        59  1926  YT2PIA           59   0303     
QSO:   28566 PH 2026-03-29 1356 V4/SP9FIH        59  1927  LY2NK            59   0137     
QSO:   28566 PH 2026-03-29 1356 V4/SP9FIH        59  1928  OK6AB            59   0090     
QSO:   28566 PH 2026-03-29 1356 V4/SP9FIH        59  1929  SP6TF            59   0001     
QSO:   28566 PH 2026-03-29 1357 V4/SP9FIH        59  1930  SQ5CW            59   0188     
QSO:   28566 PH 2026-03-29 1357 V4/SP9FIH        59  1931  YL7X             59   1076     
QSO:   28566 PH 2026-03-29 1358 V4/SP9FIH        59  1932  S51A             59   1408     
QSO:   28566 PH 2026-03-29 1358 V4/SP9FIH        59  1933  OK1DSX           59   0080     
QSO:   28566 PH 2026-03-29 1359 V4/SP9FIH        59  1934  SP2MS            59   0044     
QSO:   28566 PH 2026-03-29 1359 V4/SP9FIH        59  1935  OK1DO            59   0634     
QSO:   28566 PH 2026-03-29 1359 V4/SP9FIH        59  1936  SP7TEX           59   0146     
QSO:   28566 PH 2026-03-29 1359 V4/SP9FIH        59  1937  OM1EE            59   0252     
QSO:   28566 PH 2026-03-29 1400 V4/SP9FIH        59  1938  OK4DZ            59   0293     
QSO:   28566 PH 2026-03-29 1400 V4/SP9FIH        59  1939  OK2BGN           59   0001     
QSO:   28566 PH 2026-03-29 1401 V4/SP9FIH        59  1940  YL2PJ            59   1160     
QSO:   28566 PH 2026-03-29 1401 V4/SP9FIH        59  1941  IK3UNA           59   2910     
QSO:   28566 PH 2026-03-29 1403 V4/SP9FIH        59  1942  AF4LL            59   0081     
QSO:   28566 PH 2026-03-29 1403 V4/SP9FIH        59  1943  SP9IZV           59   0411     
QSO:   28566 PH 2026-03-29 1404 V4/SP9FIH        59  1944  P3CR             59   1519     
QSO:   28566 PH 2026-03-29 1404 V4/SP9FIH        59  1945  SQ9NKU           59   0001     
QSO:   28566 PH 2026-03-29 1405 V4/SP9FIH        59  1946  HK3C             59   0657     
QSO:   28566 PH 2026-03-29 1405 V4/SP9FIH        59  1947  KD3BDI           59   0145     
QSO:   28566 PH 2026-03-29 1407 V4/SP9FIH        59  1948  SP6PWT           59   0214     
QSO:   28566 PH 2026-03-29 1408 V4/SP9FIH        59  1949  HK3C             59   0658     
QSO:   28566 PH 2026-03-29 1409 V4/SP9FIH        59  1950  VA3DV            59   0102     
QSO:   28566 PH 2026-03-29 1409 V4/SP9FIH        59  1951  IC8JAH           59   0526     
QSO:   28566 PH 2026-03-29 1410 V4/SP9FIH        59  1952  LY2DX            59   0200     
QSO:   28566 PH 2026-03-29 1410 V4/SP9FIH        59  1953  VO1GO            59   0509     
QSO:   28566 PH 2026-03-29 1411 V4/SP9FIH        59  1954  OE1XTU           59   0178     
QSO:   28566 PH 2026-03-29 1411 V4/SP9FIH        59  1955  R2DR             59   0003     
QSO:   28566 PH 2026-03-29 1412 V4/SP9FIH        59  1956  HI8R             59   2545     
QSO:   28566 PH 2026-03-29 1413 V4/SP9FIH        59  1957  YL73R            59   1351     
QSO:   28566 PH 2026-03-29 1413 V4/SP9FIH        59  1958  IT9BZG           59   0041     
QSO:   28566 PH 2026-03-29 1414 V4/SP9FIH        59  1959  K8GL             59   0156     
QSO:   28566 PH 2026-03-29 1416 V4/SP9FIH        59  1960  IU5TDZ           59   0004     
QSO:   28566 PH 2026-03-29 1416 V4/SP9FIH        59  1961  ZS1C             59   0008     
QSO:   28566 PH 2026-03-29 1416 V4/SP9FIH        59  1962  SQ4JEN           59   0037     
QSO:   28566 PH 2026-03-29 1417 V4/SP9FIH        59  1963  C4E              59   3759     
QSO:   28566 PH 2026-03-29 1417 V4/SP9FIH        59  1964  I0KHY            59   0146     
QSO:   28566 PH 2026-03-29 1417 V4/SP9FIH        59  1965  SP5NON           59   0132     
QSO:   28566 PH 2026-03-29 1419 V4/SP9FIH        59  1966  9A3CQL           59   0207     
QSO:   28566 PH 2026-03-29 1419 V4/SP9FIH        59  1967  WB8IZM           59   0049     
QSO:   28566 PH 2026-03-29 1420 V4/SP9FIH        59  1968  9A5KW            59   0781     
QSO:   28566 PH 2026-03-29 1420 V4/SP9FIH        59  1969  SP9MKG           59   0107     
QSO:   28566 PH 2026-03-29 1424 V4/SP9FIH        59  1970  HA8QZ            59   0490     
QSO:   28501 PH 2026-03-29 1425 V4/SP9FIH        59  1971  3Z77D            59   2872     
QSO:   28550 PH 2026-03-29 1426 V4/SP9FIH        59  1972  4O3A             59   2488     
QSO:   28586 PH 2026-03-29 1427 V4/SP9FIH        59  1973  9H6A             59   0381     
QSO:   28566 PH 2026-03-29 1429 V4/SP9FIH        59  1974  NT6X             59   0087     
QSO:   28566 PH 2026-03-29 1431 V4/SP9FIH        59  1975  AA3LX            59   0233     
QSO:   28566 PH 2026-03-29 1432 V4/SP9FIH        59  1976  SQ7OVT           59   0424     
QSO:   28566 PH 2026-03-29 1432 V4/SP9FIH        59  1977  9A2EU            59   0277     
QSO:   28566 PH 2026-03-29 1432 V4/SP9FIH        59  1978  9A2CT            59   0792     
QSO:   28566 PH 2026-03-29 1433 V4/SP9FIH        59  1979  EU4E             59   1682     
QSO:   28566 PH 2026-03-29 1433 V4/SP9FIH        59  1980  S59V             59   0003     
QSO:   28566 PH 2026-03-29 1434 V4/SP9FIH        59  1981  SP3FLY           59   0280     
QSO:   28566 PH 2026-03-29 1435 V4/SP9FIH        59  1982  ZP5DNB           59   0227     
QSO:   28566 PH 2026-03-29 1435 V4/SP9FIH        59  1983  VE9CX            59   0027     
QSO:   28566 PH 2026-03-29 1436 V4/SP9FIH        59  1984  VE3LRL           59   0542     
QSO:   28566 PH 2026-03-29 1436 V4/SP9FIH        59  1985  4U1WB            59   0590     
QSO:   28566 PH 2026-03-29 1437 V4/SP9FIH        59  1986  S58WW            59   0090     
QSO:   28566 PH 2026-03-29 1437 V4/SP9FIH        59  1987  S52WW            59   0973     
QSO:   28566 PH 2026-03-29 1437 V4/SP9FIH        59  1988  WQ5L             59   0142     
QSO:   28566 PH 2026-03-29 1438 V4/SP9FIH        59  1989  SP3OCC           59   0121     
QSO:   28566 PH 2026-03-29 1438 V4/SP9FIH        59  1990  IU4FJI           59   0001     
QSO:   28566 PH 2026-03-29 1439 V4/SP9FIH        59  1991  TI1M             59   0023     
QSO:   28566 PH 2026-03-29 1440 V4/SP9FIH        59  1992  IZ8DSX           59   1162     
QSO:   28566 PH 2026-03-29 1440 V4/SP9FIH        59  1993  IZ5ILK           59   0607     
QSO:   28566 PH 2026-03-29 1440 V4/SP9FIH        59  1994  IK8PGE           59   0102     
QSO:   28566 PH 2026-03-29 1440 V4/SP9FIH        59  1995  N2WKS            59   0016     
QSO:   28566 PH 2026-03-29 1441 V4/SP9FIH        59  1996  IW2ILQ           59   0054     
QSO:   28566 PH 2026-03-29 1442 V4/SP9FIH        59  1997  SO5V             59   0060     
QSO:   28566 PH 2026-03-29 1443 V4/SP9FIH        59  1998  E78A             59   0022     
QSO:   28566 PH 2026-03-29 1444 V4/SP9FIH        59  1999  IU0ITX           59   0110     
QSO:   28566 PH 2026-03-29 1445 V4/SP9FIH        59  2000  SP5TZP           59   0094     
QSO:   28566 PH 2026-03-29 1445 V4/SP9FIH        59  2001  N8WCP            59   0293     
QSO:   28566 PH 2026-03-29 1446 V4/SP9FIH        59  2002  IU5PTO           59   0155     
QSO:   28566 PH 2026-03-29 1446 V4/SP9FIH        59  2003  UA3BM            59   0073     
QSO:   28566 PH 2026-03-29 1447 V4/SP9FIH        59  2004  OK2MBP           59   0410     
QSO:   28566 PH 2026-03-29 1447 V4/SP9FIH        59  2005  NN3W             59   0129     
QSO:   28566 PH 2026-03-29 1447 V4/SP9FIH        59  2006  DL6RDM           59   0039     
QSO:   28566 PH 2026-03-29 1448 V4/SP9FIH        59  2007  R3LC             59   0135     
QSO:   28566 PH 2026-03-29 1449 V4/SP9FIH        59  2008  OE3GPC           59   0089     
QSO:   28566 PH 2026-03-29 1450 V4/SP9FIH        59  2009  SP6IEQ           59   0051     
QSO:   28566 PH 2026-03-29 1451 V4/SP9FIH        59  2010  9A3XM            59   0225     
QSO:   28566 PH 2026-03-29 1452 V4/SP9FIH        59  2011  WW4LL            59   0262     
QSO:   28566 PH 2026-03-29 1453 V4/SP9FIH        59  2012  KE1IH            59   0324     
QSO:   28580 PH 2026-03-29 1454 V4/SP9FIH        59  2013  KW7MM            59   1760     
QSO:   28573 PH 2026-03-29 1456 V4/SP9FIH        59  2014  T77WD            59   0010     
QSO:   28563 PH 2026-03-29 1457 V4/SP9FIH        59  2015  LP1H             59   2899     
QSO:   28560 PH 2026-03-29 1458 V4/SP9FIH        59  2016  A42K             59   2355     
QSO:   28432 PH 2026-03-29 1500 V4/SP9FIH        59  2017  SO9I             59   2313     
QSO:   28321 PH 2026-03-29 1502 V4/SP9FIH        59  2018  RZ3DJ            59   0423     
QSO:   28354 PH 2026-03-29 1503 V4/SP9FIH        59  2019  SU1SK            59   0902     
QSO:   28429 PH 2026-03-29 1504 V4/SP9FIH        59  2020  ZF2OO            59   0296     
QSO:   28566 PH 2026-03-29 1508 V4/SP9FIH        59  2021  W3DQS            59   0346     
QSO:   28566 PH 2026-03-29 1509 V4/SP9FIH        59  2022  SP7WP            59   0288     
QSO:   28566 PH 2026-03-29 1511 V4/SP9FIH        59  2023  K4JOV            59   0031     
QSO:   28575 PH 2026-03-29 1513 V4/SP9FIH        59  2024  IZ2BKA           59   0226     
QSO:   28575 PH 2026-03-29 1514 V4/SP9FIH        59  2025  IZ6OUX           59   0548     
QSO:   28575 PH 2026-03-29 1515 V4/SP9FIH        59  2026  N5VJX            59   0113     
QSO:   28575 PH 2026-03-29 1516 V4/SP9FIH        59  2027  SP7CMW           59   0122     
QSO:   28575 PH 2026-03-29 1517 V4/SP9FIH        59  2028  YB5DDE           59   0758     
QSO:   28575 PH 2026-03-29 1518 V4/SP9FIH        59  2029  SP7IWA           59   0058     
QSO:   28575 PH 2026-03-29 1519 V4/SP9FIH        59  2030  N7DDM            59   0040     
QSO:   28575 PH 2026-03-29 1519 V4/SP9FIH        59  2031  N5HF             59   0016     
QSO:   28575 PH 2026-03-29 1519 V4/SP9FIH        59  2032  IZ5JLF           59   0001     
QSO:   28575 PH 2026-03-29 1520 V4/SP9FIH        59  2033  SP6IHE           59   0005     
QSO:   28575 PH 2026-03-29 1520 V4/SP9FIH        59  2034  DK6WL            59   0323     
QSO:   28575 PH 2026-03-29 1521 V4/SP9FIH        59  2035  9A8A             59   0083     
QSO:   28575 PH 2026-03-29 1521 V4/SP9FIH        59  2036  SP3BVI           59   0057     
QSO:   28575 PH 2026-03-29 1521 V4/SP9FIH        59  2037  SP5GNI           59   0163     
QSO:   28575 PH 2026-03-29 1522 V4/SP9FIH        59  2038  SP6CE            59   0036     
QSO:   28575 PH 2026-03-29 1522 V4/SP9FIH        59  2039  S52ON            59   0133     
QSO:   28575 PH 2026-03-29 1522 V4/SP9FIH        59  2040  DG0LFG           59   0062     
QSO:   28575 PH 2026-03-29 1523 V4/SP9FIH        59  2041  7A1A             59   0553     
QSO:   28575 PH 2026-03-29 1523 V4/SP9FIH        59  2042  DL7URH           59   0444     
QSO:   28575 PH 2026-03-29 1524 V4/SP9FIH        59  2043  KC1BRV           59   0112     
QSO:   28575 PH 2026-03-29 1526 V4/SP9FIH        59  2044  7Q5MP            59   0019     
QSO:   28575 PH 2026-03-29 1527 V4/SP9FIH        59  2045  DR4S             59   0193     
QSO:   28575 PH 2026-03-29 1527 V4/SP9FIH        59  2046  IZ3ZLT           59   0252     
QSO:   28575 PH 2026-03-29 1527 V4/SP9FIH        59  2047  OE5GXH           59   0009     
QSO:   28575 PH 2026-03-29 1528 V4/SP9FIH        59  2048  IW9DED           59   0107     
QSO:   28575 PH 2026-03-29 1528 V4/SP9FIH        59  2049  KD5QHV           59   0279     
QSO:   28575 PH 2026-03-29 1529 V4/SP9FIH        59  2050  E74E             59   1273     
QSO:   28575 PH 2026-03-29 1529 V4/SP9FIH        59  2051  HA3HO            59   0093     
QSO:   28575 PH 2026-03-29 1530 V4/SP9FIH        59  2052  SP4NKJ           59   0095     
QSO:   28575 PH 2026-03-29 1530 V4/SP9FIH        59  2053  NO8DX            59   0112     
QSO:   28575 PH 2026-03-29 1530 V4/SP9FIH        59  2054  HG5A             59   1972     
QSO:   28575 PH 2026-03-29 1531 V4/SP9FIH        59  2055  SP7ROZ           59   0004     
QSO:   28575 PH 2026-03-29 1531 V4/SP9FIH        59  2056  II3C             59   0159     
QSO:   28575 PH 2026-03-29 1532 V4/SP9FIH        59  2057  OE6TXW           59   0023     
QSO:   28575 PH 2026-03-29 1532 V4/SP9FIH        59  2058  OK1MZM           59   0030     
QSO:   28575 PH 2026-03-29 1533 V4/SP9FIH        59  2059  SP6YG            59   0520     
QSO:   28575 PH 2026-03-29 1535 V4/SP9FIH        59  2060  K1HC             59   0206     
QSO:   28575 PH 2026-03-29 1536 V4/SP9FIH        59  2061  NO5Z             59   0138     
QSO:   28575 PH 2026-03-29 1536 V4/SP9FIH        59  2062  N4RJ             59   0042     
QSO:   28575 PH 2026-03-29 1537 V4/SP9FIH        59  2063  S54E             59   0073     
QSO:   28575 PH 2026-03-29 1537 V4/SP9FIH        59  2064  K6ES             59   0104     
QSO:   28575 PH 2026-03-29 1538 V4/SP9FIH        59  2065  K2LIO            59   0031     
QSO:   28575 PH 2026-03-29 1538 V4/SP9FIH        59  2066  IU8PYF           59   0004     
QSO:   28575 PH 2026-03-29 1539 V4/SP9FIH        59  2067  DF2RG            59   0003     
QSO:   28575 PH 2026-03-29 1539 V4/SP9FIH        59  2068  N1EK             59   0138     
QSO:   28575 PH 2026-03-29 1541 V4/SP9FIH        59  2069  KK5E             59   0002     
QSO:   28575 PH 2026-03-29 1542 V4/SP9FIH        59  2070  OM6AL            59   0677     
QSO:   28575 PH 2026-03-29 1542 V4/SP9FIH        59  2071  IK4ZHV           59   0006     
QSO:   28575 PH 2026-03-29 1543 V4/SP9FIH        59  2072  SN4K             59   0110     
QSO:   28575 PH 2026-03-29 1544 V4/SP9FIH        59  2073  IU0TOK           59   0216     
QSO:   28575 PH 2026-03-29 1545 V4/SP9FIH        59  2074  HA3GC            59   0192     
QSO:   28575 PH 2026-03-29 1546 V4/SP9FIH        59  2075  HA4HA            59   0231     
QSO:   28575 PH 2026-03-29 1546 V4/SP9FIH        59  2076  HA8TA            59   1103     
QSO:   28575 PH 2026-03-29 1547 V4/SP9FIH        59  2077  ZS5JY            59   0092     
QSO:   28575 PH 2026-03-29 1547 V4/SP9FIH        59  2078  S50AM            59   0049     
QSO:   28575 PH 2026-03-29 1547 V4/SP9FIH        59  2079  KA2KON           59   0173     
QSO:   28575 PH 2026-03-29 1548 V4/SP9FIH        59  2080  SP4AAZ           59   0107     
QSO:   28575 PH 2026-03-29 1549 V4/SP9FIH        59  2081  KJ4USV           59   0001     
QSO:   28575 PH 2026-03-29 1549 V4/SP9FIH        59  2082  HK4LRM           59   0405     
QSO:   28575 PH 2026-03-29 1550 V4/SP9FIH        59  2083  YD1RJS           59   0200     
QSO:   28575 PH 2026-03-29 1551 V4/SP9FIH        59  2084  OK1DLX           59   0014     
QSO:   28575 PH 2026-03-29 1551 V4/SP9FIH        59  2085  S58M             59   0028     
QSO:   28575 PH 2026-03-29 1551 V4/SP9FIH        59  2086  IK2UME           59   0032     
QSO:   28575 PH 2026-03-29 1552 V4/SP9FIH        59  2087  IS0DJA           59   0081     
QSO:   28575 PH 2026-03-29 1552 V4/SP9FIH        59  2088  HJ3KOS           59   0057     
QSO:   28575 PH 2026-03-29 1553 V4/SP9FIH        59  2089  5B4AIF           59   0473     
QSO:   28575 PH 2026-03-29 1553 V4/SP9FIH        59  2090  II3O             59   0287     
QSO:   28575 PH 2026-03-29 1553 V4/SP9FIH        59  2091  WA7NB            59   0825     
QSO:   28575 PH 2026-03-29 1555 V4/SP9FIH        59  2092  SQ2PQ            59   0090     
QSO:   28575 PH 2026-03-29 1555 V4/SP9FIH        59  2093  SP3FSM           59   0033     
QSO:   28575 PH 2026-03-29 1556 V4/SP9FIH        59  2094  YB1HR            59   0294     
QSO:   28575 PH 2026-03-29 1556 V4/SP9FIH        59  2095  IT9QQP           59   0004     
QSO:   28575 PH 2026-03-29 1557 V4/SP9FIH        59  2096  US3WO            59   0091     
QSO:   28575 PH 2026-03-29 1557 V4/SP9FIH        59  2097  S57Q             59   0240     
QSO:   28575 PH 2026-03-29 1558 V4/SP9FIH        59  2098  K4ITA            59   0021     
QSO:   28575 PH 2026-03-29 1558 V4/SP9FIH        59  2099  WS7X             59   2247     
QSO:   28575 PH 2026-03-29 1558 V4/SP9FIH        59  2100  IW5ECP           59   0116     
QSO:   28575 PH 2026-03-29 1559 V4/SP9FIH        59  2101  3Z3Z             59   0031     
QSO:   28575 PH 2026-03-29 1559 V4/SP9FIH        59  2102  W2ODH            59   0083     
QSO:   28575 PH 2026-03-29 1600 V4/SP9FIH        59  2103  OK2CXZ           59   0012     
QSO:   28575 PH 2026-03-29 1600 V4/SP9FIH        59  2104  OK8JRM           59   1045     
QSO:   28575 PH 2026-03-29 1600 V4/SP9FIH        59  2105  WA8YVF           59   0087     
QSO:   28575 PH 2026-03-29 1601 V4/SP9FIH        59  2106  SQ1GQT           59   0143     
QSO:   28575 PH 2026-03-29 1601 V4/SP9FIH        59  2107  WB4CW            59   0174     
QSO:   28575 PH 2026-03-29 1602 V4/SP9FIH        59  2108  OK1KT            59   0012     
QSO:   28575 PH 2026-03-29 1603 V4/SP9FIH        59  2109  S54X             59   0012     
QSO:   28575 PH 2026-03-29 1603 V4/SP9FIH        59  2110  WS9M             59   0828     
QSO:   28575 PH 2026-03-29 1603 V4/SP9FIH        59  2111  RG2Y             59   1207     
QSO:   28575 PH 2026-03-29 1604 V4/SP9FIH        59  2112  KJ4LEN           59   0121     
QSO:   28575 PH 2026-03-29 1605 V4/SP9FIH        59  2113  IZ6BTN           59   0027     
QSO:   28575 PH 2026-03-29 1607 V4/SP9FIH        59  2114  UR5WK            59   0069     
QSO:   28575 PH 2026-03-29 1608 V4/SP9FIH        59  2115  N7WY             59   0058     
QSO:   28575 PH 2026-03-29 1608 V4/SP9FIH        59  2116  N1VSX            59   0014     
QSO:   28575 PH 2026-03-29 1609 V4/SP9FIH        59  2117  NN6DX            59   0022     
QSO:   28575 PH 2026-03-29 1609 V4/SP9FIH        59  2118  WA4IPU           59   0124     
QSO:   28599 PH 2026-03-29 1611 V4/SP9FIH        59  2119  V26K             59   4040     
QSO:   28482 PH 2026-03-29 1613 V4/SP9FIH        59  2120  IO5F             59   2235     
QSO:   28575 PH 2026-03-29 1614 V4/SP9FIH        59  2121  IK2UCK           59   0001     
QSO:   28420 PH 2026-03-29 1615 V4/SP9FIH        59  2122  IK4GRO           59   0042     
QSO:   28575 PH 2026-03-29 1617 V4/SP9FIH        59  2123  DA0BCC           59   0329     
QSO:   28575 PH 2026-03-29 1617 V4/SP9FIH        59  2124  IP8P             59   0096     
QSO:   28575 PH 2026-03-29 1617 V4/SP9FIH        59  2125  IU1QQW           59   0058     
QSO:   28575 PH 2026-03-29 1618 V4/SP9FIH        59  2126  IB3R             59   0337     
QSO:   28575 PH 2026-03-29 1618 V4/SP9FIH        59  2127  WB2NVR           59   0136     
QSO:   28575 PH 2026-03-29 1619 V4/SP9FIH        59  2128  OE2KGL           59   0015     
QSO:   28575 PH 2026-03-29 1619 V4/SP9FIH        59  2129  N7DR             59   0195     
QSO:   28575 PH 2026-03-29 1620 V4/SP9FIH        59  2130  KF2E             59   0116     
QSO:   28575 PH 2026-03-29 1620 V4/SP9FIH        59  2131  N3FCP            59   0924     
QSO:   28575 PH 2026-03-29 1621 V4/SP9FIH        59  2132  UA3AGW           59   0389     
QSO:   28575 PH 2026-03-29 1621 V4/SP9FIH        59  2133  IK6UBY           59   0133     
QSO:   28575 PH 2026-03-29 1622 V4/SP9FIH        59  2134  N2WM             59   0030     
QSO:   28575 PH 2026-03-29 1622 V4/SP9FIH        59  2135  KA3ZLS           59   0038     
QSO:   28575 PH 2026-03-29 1623 V4/SP9FIH        59  2136  DJ4MO            59   0326     
QSO:   28575 PH 2026-03-29 1623 V4/SP9FIH        59  2137  AI4JD            59   0047     
QSO:   28575 PH 2026-03-29 1623 V4/SP9FIH        59  2138  IZ3ZMM           59   0155     
QSO:   28575 PH 2026-03-29 1624 V4/SP9FIH        59  2139  HP1DAV           59   0001     
QSO:   28575 PH 2026-03-29 1625 V4/SP9FIH        59  2140  OK1CZ            59   0017     
QSO:   28575 PH 2026-03-29 1625 V4/SP9FIH        59  2141  XE1PDE           59   0089     
QSO:   28575 PH 2026-03-29 1625 V4/SP9FIH        59  2142  S55A             59   0069     
QSO:   28575 PH 2026-03-29 1626 V4/SP9FIH        59  2143  KR4GQS           59   0006     
QSO:   28575 PH 2026-03-29 1626 V4/SP9FIH        59  2144  YL2VW            59   0088     
QSO:   28575 PH 2026-03-29 1627 V4/SP9FIH        59  2145  CQ9A             59   4613     
QSO:   28575 PH 2026-03-29 1628 V4/SP9FIH        59  2146  DF6EM            59   0004     
QSO:   28575 PH 2026-03-29 1629 V4/SP9FIH        59  2147  KR4EZR           59   0050     
QSO:   28547 PH 2026-03-29 1631 V4/SP9FIH        59  2148  YM4KU            59   0478     
QSO:   28575 PH 2026-03-29 1632 V4/SP9FIH        59  2149  K3GWK            59   0031     
QSO:   28575 PH 2026-03-29 1633 V4/SP9FIH        59  2150  WA2GOT           59   0136     
QSO:   28575 PH 2026-03-29 1633 V4/SP9FIH        59  2151  NF2RS            59   0410     
QSO:   28575 PH 2026-03-29 1634 V4/SP9FIH        59  2152  SP3WKW           59   0325     
QSO:   28575 PH 2026-03-29 1634 V4/SP9FIH        59  2153  KO4GSM           59   0012     
QSO:   28575 PH 2026-03-29 1634 V4/SP9FIH        59  2154  IO4L             59   0099     
QSO:   28575 PH 2026-03-29 1635 V4/SP9FIH        59  2155  IQ2XI            59   0305     
QSO:   28575 PH 2026-03-29 1635 V4/SP9FIH        59  2156  AY3T             59   0347     
QSO:   28575 PH 2026-03-29 1635 V4/SP9FIH        59  2157  ES6RW            59   0743     
QSO:   28575 PH 2026-03-29 1636 V4/SP9FIH        59  2158  IK5WWP           59   0001     
QSO:   28575 PH 2026-03-29 1636 V4/SP9FIH        59  2159  PS8ET            59   0057     
QSO:   28575 PH 2026-03-29 1637 V4/SP9FIH        59  2160  IN3JIO           59   0003     
QSO:   28575 PH 2026-03-29 1637 V4/SP9FIH        59  2161  N6DW             59   0181     
QSO:   28575 PH 2026-03-29 1639 V4/SP9FIH        59  2162  9A0T             59   0078     
QSO:   28575 PH 2026-03-29 1639 V4/SP9FIH        59  2163  EC6DX            59   0390     
QSO:   28575 PH 2026-03-29 1641 V4/SP9FIH        59  2164  AB1PA/M          59   0017     
QSO:   28575 PH 2026-03-29 1641 V4/SP9FIH        59  2165  S51JQ            59   0002     
QSO:   28575 PH 2026-03-29 1642 V4/SP9FIH        59  2166  IP4L             59   0224     
QSO:   28575 PH 2026-03-29 1643 V4/SP9FIH        59  2167  ZS6KBS           59   0048     
QSO:   28575 PH 2026-03-29 1644 V4/SP9FIH        59  2168  DL1SDX           59   0238     
QSO:   28575 PH 2026-03-29 1644 V4/SP9FIH        59  2169  VO1GU            59   0134     
QSO:   28575 PH 2026-03-29 1645 V4/SP9FIH        59  2170  W1DYJ            59   0179     
QSO:   28575 PH 2026-03-29 1645 V4/SP9FIH        59  2171  DG8ZN            59   0008     
QSO:   28575 PH 2026-03-29 1646 V4/SP9FIH        59  2172  KQ4HZC           59   0907     
QSO:   28575 PH 2026-03-29 1647 V4/SP9FIH        59  2173  IK2HKT           59   0084     
QSO:   28575 PH 2026-03-29 1647 V4/SP9FIH        59  2174  DL2CC            59   0033     
QSO:   28575 PH 2026-03-29 1647 V4/SP9FIH        59  2175  HD8R             59   4694     
QSO:   28575 PH 2026-03-29 1648 V4/SP9FIH        59  2176  PU7KSA           59   0001     
QSO:   28575 PH 2026-03-29 1648 V4/SP9FIH        59  2177  OK1DSN           59   0101     
QSO:   28575 PH 2026-03-29 1649 V4/SP9FIH        59  2178  SN2M             59   0629     
QSO:   28575 PH 2026-03-29 1649 V4/SP9FIH        59  2179  IO9A             59   3486     
QSO:   28575 PH 2026-03-29 1649 V4/SP9FIH        59  2180  SP1D             59   0155     
QSO:   28575 PH 2026-03-29 1650 V4/SP9FIH        59  2181  DK2TG            59   0137     
QSO:   28575 PH 2026-03-29 1650 V4/SP9FIH        59  2182  IW3HV            59   0064     
QSO:   28575 PH 2026-03-29 1651 V4/SP9FIH        59  2183  DA9A             59   0320     
QSO:   28575 PH 2026-03-29 1651 V4/SP9FIH        59  2184  SP6VWX           59   0017     
QSO:   28575 PH 2026-03-29 1652 V4/SP9FIH        59  2185  OE6CGD           59   0261     
QSO:   28575 PH 2026-03-29 1652 V4/SP9FIH        59  2186  S57MZ            59   0259     
QSO:   28575 PH 2026-03-29 1653 V4/SP9FIH        59  2187  VA3IK            59   0065     
QSO:   28492 PH 2026-03-29 1655 V4/SP9FIH        59  2188  WZ7F             59   2230     
QSO:   28575 PH 2026-03-29 1655 V4/SP9FIH        59  2189  NT6Q             59   3696     
QSO:   28575 PH 2026-03-29 1656 V4/SP9FIH        59  2190  WO1N             59   0152     
QSO:   28575 PH 2026-03-29 1657 V4/SP9FIH        59  2191  IP3P             59   0099     
QSO:   28575 PH 2026-03-29 1658 V4/SP9FIH        59  2192  IQ3DAO           59   0562     
QSO:   28575 PH 2026-03-29 1659 V4/SP9FIH        59  2193  I4TJE            59   0024     
QSO:   28575 PH 2026-03-29 1700 V4/SP9FIH        59  2194  W3EK             59   0135     
QSO:   28575 PH 2026-03-29 1701 V4/SP9FIH        59  2195  S53XX            59   0033     
QSO:   28575 PH 2026-03-29 1702 V4/SP9FIH        59  2196  ZF2KT            59   3258     
QSO:   28564 PH 2026-03-29 1703 V4/SP9FIH        59  2197  WT0O             59   0956     
QSO:   28575 PH 2026-03-29 1705 V4/SP9FIH        59  2198  XQ1KK            59   0369     
QSO:   28575 PH 2026-03-29 1707 V4/SP9FIH        59  2199  N4WW             59   0062     
QSO:   28575 PH 2026-03-29 1708 V4/SP9FIH        59  2200  LU2TAO           59   0092     
QSO:   28575 PH 2026-03-29 1708 V4/SP9FIH        59  2201  SP7WP            59   0293     
QSO:   28575 PH 2026-03-29 1708 V4/SP9FIH        59  2202  IK6SIO           59   0180     
QSO:   28575 PH 2026-03-29 1709 V4/SP9FIH        59  2203  I2WIJ            59   0178     
QSO:   28575 PH 2026-03-29 1709 V4/SP9FIH        59  2204  EA6DL            59   0011     
QSO:   28575 PH 2026-03-29 1709 V4/SP9FIH        59  2205  IU2UFF           59   0102     
QSO:   28575 PH 2026-03-29 1710 V4/SP9FIH        59  2206  N7BUD            59   0010     
QSO:   28575 PH 2026-03-29 1710 V4/SP9FIH        59  2207  IZ0WAZ           59   0197     
QSO:   28575 PH 2026-03-29 1713 V4/SP9FIH        59  2208  VE3ZR            59   0190     
QSO:   28575 PH 2026-03-29 1713 V4/SP9FIH        59  2209  VU2TMP           59   0090     
QSO:   28575 PH 2026-03-29 1714 V4/SP9FIH        59  2210  KT2R             59   0402     
QSO:   28575 PH 2026-03-29 1715 V4/SP9FIH        59  2211  WA2AAW           59   0181     
QSO:   28575 PH 2026-03-29 1716 V4/SP9FIH        59  2212  PP7GB            59   0352     
QSO:   28575 PH 2026-03-29 1718 V4/SP9FIH        59  2213  IK4XQT           59   0223     
QSO:   28575 PH 2026-03-29 1719 V4/SP9FIH        59  2214  AC2FA            59   0058     
QSO:   28575 PH 2026-03-29 1721 V4/SP9FIH        59  2215  IK2SAI           59   0013     
QSO:   28575 PH 2026-03-29 1721 V4/SP9FIH        59  2216  I3TXV            59   0023     
QSO:   28575 PH 2026-03-29 1724 V4/SP9FIH        59  2217  ZS6CRZ           56   0001     
QSO:   28575 PH 2026-03-29 1724 V4/SP9FIH        59  2218  N1TO             59   0334     
QSO:   28575 PH 2026-03-29 1727 V4/SP9FIH        59  2219  UX0KR            59   1019     
QSO:   28575 PH 2026-03-29 1728 V4/SP9FIH        59  2220  KQ4ZIO           59   0267     
QSO:   28575 PH 2026-03-29 1730 V4/SP9FIH        59  2221  OE3MCS           59   0103     
QSO:   28575 PH 2026-03-29 1732 V4/SP9FIH        59  2222  EA8DQO           59   0315     
QSO:   28575 PH 2026-03-29 1733 V4/SP9FIH        59  2223  VU2ZMK           59   0116     
QSO:   28575 PH 2026-03-29 1734 V4/SP9FIH        59  2224  KA9OZP           59   0132     
QSO:   28575 PH 2026-03-29 1735 V4/SP9FIH        59  2225  W5FYX            59   0027     
QSO:   28575 PH 2026-03-29 1736 V4/SP9FIH        59  2226  NY1U             59   0048     
QSO:   28575 PH 2026-03-29 1737 V4/SP9FIH        59  2227  N4XGP            59   0228     
QSO:   28575 PH 2026-03-29 1738 V4/SP9FIH        59  2228  IU3KUD           59   0191     
QSO:   28575 PH 2026-03-29 1740 V4/SP9FIH        59  2229  EA5DNP           59   0011     
QSO:   28575 PH 2026-03-29 1741 V4/SP9FIH        59  2230  WA1ONB           59   0447     
QSO:   28575 PH 2026-03-29 1741 V4/SP9FIH        59  2231  KR5DX            59   0093     
QSO:   28575 PH 2026-03-29 1742 V4/SP9FIH        59  2232  KG5JCK           59   0108     
QSO:   28575 PH 2026-03-29 1742 V4/SP9FIH        59  2233  AA2CN            59   0048     
QSO:   28575 PH 2026-03-29 1744 V4/SP9FIH        59  2234  YC0OXA           59   0076     
QSO:   28575 PH 2026-03-29 1747 V4/SP9FIH        59  2235  WD5CSK           59   0001     
QSO:   28575 PH 2026-03-29 1747 V4/SP9FIH        59  2236  N1IH             59   0029     
QSO:   28575 PH 2026-03-29 1748 V4/SP9FIH        59  2237  EA5JIH           59   0132     
QSO:   28575 PH 2026-03-29 1748 V4/SP9FIH        59  2238  KR4EVE           59   0028     
QSO:   28575 PH 2026-03-29 1749 V4/SP9FIH        59  2239  KE2GOF           59   0013     
QSO:   28575 PH 2026-03-29 1751 V4/SP9FIH        59  2240  TI2FAF           59   0084     
QSO:   28575 PH 2026-03-29 1751 V4/SP9FIH        59  2241  N8CWU            59   1097     
QSO:   28575 PH 2026-03-29 1752 V4/SP9FIH        59  2242  N5TJ             59   0426     
QSO:   28575 PH 2026-03-29 1752 V4/SP9FIH        59  2243  ND4Y             59   0402     
QSO:   28575 PH 2026-03-29 1752 V4/SP9FIH        59  2244  AB2TC            59   0269     
QSO:   28575 PH 2026-03-29 1752 V4/SP9FIH        59  2245  NO7R             59   0019     
QSO:   28575 PH 2026-03-29 1753 V4/SP9FIH        59  2246  WA6SZE           59   0012     
QSO:   28575 PH 2026-03-29 1753 V4/SP9FIH        59  2247  SP9WOL           59   0041     
QSO:   28575 PH 2026-03-29 1753 V4/SP9FIH        59  2248  W8GX             59   0436     
QSO:   28575 PH 2026-03-29 1754 V4/SP9FIH        59  2249  VA6SZ            59   0709     
QSO:   28575 PH 2026-03-29 1754 V4/SP9FIH        59  2250  VA3MHT           57   0050     
QSO:   28575 PH 2026-03-29 1754 V4/SP9FIH        59  2251  K7RKO            59   0020     
QSO:   28575 PH 2026-03-29 1755 V4/SP9FIH        59  2252  KK7MBX           59   0260     
QSO:   28575 PH 2026-03-29 1755 V4/SP9FIH        59  2253  KZ1W             59   1016     
QSO:   28575 PH 2026-03-29 1755 V4/SP9FIH        59  2254  N5WNG            59   0073     
QSO:   28575 PH 2026-03-29 1756 V4/SP9FIH        59  2255  K5LGX            59   0132     
QSO:   28575 PH 2026-03-29 1756 V4/SP9FIH        59  2256  KD2KEH           59   0089     
QSO:   28575 PH 2026-03-29 1756 V4/SP9FIH        59  2257  IV3ZYB           59   0115     
QSO:   28575 PH 2026-03-29 1757 V4/SP9FIH        59  2258  NJ8J             59   0079     
QSO:   28575 PH 2026-03-29 1757 V4/SP9FIH        59  2259  KO6JVD           59   0023     
QSO:   28575 PH 2026-03-29 1757 V4/SP9FIH        59  2260  N5RZ             59   0465     
QSO:   28575 PH 2026-03-29 1757 V4/SP9FIH        59  2261  AE4CL            59   0031     
QSO:   28575 PH 2026-03-29 1758 V4/SP9FIH        59  2262  KN4UOW           59   0222     
QSO:   28575 PH 2026-03-29 1758 V4/SP9FIH        59  2263  WA6KHK           59   0322     
QSO:   28575 PH 2026-03-29 1759 V4/SP9FIH        59  2264  W6DGD            59   0023     
QSO:   28575 PH 2026-03-29 1759 V4/SP9FIH        59  2265  LU5BOJ           59   0074     
QSO:   28575 PH 2026-03-29 1800 V4/SP9FIH        59  2266  KB4CAU           59   0053     
QSO:   28575 PH 2026-03-29 1800 V4/SP9FIH        59  2267  KO6FOV           56   0001     
QSO:   28575 PH 2026-03-29 1800 V4/SP9FIH        59  2268  XE2GRC           59   0394     
QSO:   28575 PH 2026-03-29 1801 V4/SP9FIH        59  2269  KA1JY            59   0009     
QSO:   28575 PH 2026-03-29 1802 V4/SP9FIH        59  2270  KQ1F             59   0911     
QSO:   28575 PH 2026-03-29 1802 V4/SP9FIH        59  2271  N5OHL            59   0069     
QSO:   28575 PH 2026-03-29 1802 V4/SP9FIH        59  2272  K1HG             59   0086     
QSO:   28575 PH 2026-03-29 1803 V4/SP9FIH        59  2273  K4MI             59   0185     
QSO:   28575 PH 2026-03-29 1803 V4/SP9FIH        59  2274  WA3KCP           59   0206     
QSO:   28575 PH 2026-03-29 1804 V4/SP9FIH        59  2275  AA8CL            59   0121     
QSO:   28575 PH 2026-03-29 1804 V4/SP9FIH        59  2276  K6BUM            59   0002     
QSO:   28575 PH 2026-03-29 1804 V4/SP9FIH        59  2277  WO4O             59   0231     
QSO:   28575 PH 2026-03-29 1805 V4/SP9FIH        59  2278  WG9X             59   0108     
QSO:   28575 PH 2026-03-29 1805 V4/SP9FIH        59  2279  AC3PN            59   0053     
QSO:   28575 PH 2026-03-29 1805 V4/SP9FIH        59  2280  AA1NK            59   0302     
QSO:   28575 PH 2026-03-29 1806 V4/SP9FIH        59  2281  N0FUC            59   0030     
QSO:   28575 PH 2026-03-29 1806 V4/SP9FIH        59  2282  WA4WZQ           59   0082     
QSO:   28575 PH 2026-03-29 1806 V4/SP9FIH        59  2283  AC7JK            59   0088     
QSO:   28575 PH 2026-03-29 1807 V4/SP9FIH        59  2284  N4CW             59   0179     
QSO:   28575 PH 2026-03-29 1807 V4/SP9FIH        59  2285  AB3SX            59   0050     
QSO:   28575 PH 2026-03-29 1809 V4/SP9FIH        59  2286  W2QFV            59   0169     
QSO:   28575 PH 2026-03-29 1810 V4/SP9FIH        59  2287  KD3AGS           59   0094     
QSO:   28575 PH 2026-03-29 1810 V4/SP9FIH        59  2288  K1BIF            59   0403     
QSO:   28575 PH 2026-03-29 1810 V4/SP9FIH        59  2289  KJ5PEN           59   0035     
QSO:   28575 PH 2026-03-29 1811 V4/SP9FIH        59  2290  KE5CVM           59   0032     
QSO:   28575 PH 2026-03-29 1811 V4/SP9FIH        59  2291  KM6UH            59   0071     
QSO:   28575 PH 2026-03-29 1812 V4/SP9FIH        59  2292  KC2TFX           59   0064     
QSO:   28575 PH 2026-03-29 1812 V4/SP9FIH        59  2293  WA2LOT           59   0044     
QSO:   28440 PH 2026-03-29 1813 V4/SP9FIH        59  2294  CY0S             59   0117     
QSO:   28575 PH 2026-03-29 1813 V4/SP9FIH        59  2295  KF4JEY           59   0058     
QSO:   28575 PH 2026-03-29 1814 V4/SP9FIH        59  2296  NA4DX            59   0227     
QSO:   28575 PH 2026-03-29 1814 V4/SP9FIH        59  2297  K2BHS            59   0033     
QSO:   28575 PH 2026-03-29 1814 V4/SP9FIH        59  2298  K9WBT            59   0035     
QSO:   28575 PH 2026-03-29 1815 V4/SP9FIH        59  2299  WB2WJF           59   0007     
QSO:   28575 PH 2026-03-29 1815 V4/SP9FIH        59  2300  K3ILC            59   0025     
QSO:   28575 PH 2026-03-29 1816 V4/SP9FIH        59  2301  K4AZE            59   0082     
QSO:   28575 PH 2026-03-29 1816 V4/SP9FIH        59  2302  K8RAR            59   0071     
QSO:   28575 PH 2026-03-29 1817 V4/SP9FIH        59  2303  S51RE            59   0012     
QSO:   28575 PH 2026-03-29 1817 V4/SP9FIH        59  2304  W3KN             59   0076     
QSO:   28575 PH 2026-03-29 1817 V4/SP9FIH        59  2305  KA0WWT           59   0336     
QSO:   28575 PH 2026-03-29 1818 V4/SP9FIH        59  2306  AA7A             59   0014     
QSO:   28575 PH 2026-03-29 1818 V4/SP9FIH        59  2307  KB1JBY           59   0046     
QSO:   28575 PH 2026-03-29 1819 V4/SP9FIH        59  2308  KB6KPK           59   0001     
QSO:   28575 PH 2026-03-29 1819 V4/SP9FIH        59  2309  KI6LQE           59   0041     
QSO:   28575 PH 2026-03-29 1820 V4/SP9FIH        59  2310  K3RZB            59   0039     
QSO:   28575 PH 2026-03-29 1820 V4/SP9FIH        59  2311  K1DC             59   0045     
QSO:   28575 PH 2026-03-29 1823 V4/SP9FIH        59  2312  WE2A             59   0106     
QSO:   28575 PH 2026-03-29 1824 V4/SP9FIH        59  2313  KB2SBT           59   0077     
QSO:   28575 PH 2026-03-29 1824 V4/SP9FIH        59  2314  N5GNA            59   0127     
QSO:   28575 PH 2026-03-29 1825 V4/SP9FIH        59  2315  KJ6YXI           59   0035     
QSO:   28575 PH 2026-03-29 1826 V4/SP9FIH        59  2316  KR4HIE           59   0043     
QSO:   28575 PH 2026-03-29 1826 V4/SP9FIH        59  2317  K4RFK            59   0138     
QSO:   28575 PH 2026-03-29 1826 V4/SP9FIH        59  2318  K1ZZ             59   0223     
QSO:   28575 PH 2026-03-29 1828 V4/SP9FIH        59  2319  KA4LTC           59   0075     
QSO:   28575 PH 2026-03-29 1829 V4/SP9FIH        59  2320  WA2QWP           59   0032     
QSO:   28575 PH 2026-03-29 1829 V4/SP9FIH        59  2321  K3RZB            59   0046     
QSO:   28575 PH 2026-03-29 1830 V4/SP9FIH        59  2322  W4CRV            59   0331     
QSO:   28575 PH 2026-03-29 1831 V4/SP9FIH        59  2323  WS1K             59   0083     
QSO:   28575 PH 2026-03-29 1831 V4/SP9FIH        59  2324  WA4WR            59   0033     
QSO:   28575 PH 2026-03-29 1832 V4/SP9FIH        59  2325  N3TKG            59   0100     
QSO:   28575 PH 2026-03-29 1832 V4/SP9FIH        59  2326  AC2ZZ            59   0096     
QSO:   28575 PH 2026-03-29 1833 V4/SP9FIH        59  2327  N5VYS            59   0009     
QSO:   28575 PH 2026-03-29 1833 V4/SP9FIH        59  2328  W2ZF             59   0010     
QSO:   28575 PH 2026-03-29 1834 V4/SP9FIH        59  2329  W4KLH            59   0097     
QSO:   28575 PH 2026-03-29 1838 V4/SP9FIH        59  2330  KO4MZD           59   0107     
QSO:   28575 PH 2026-03-29 1839 V4/SP9FIH        59  2331  KC3HPT           59   0081     
QSO:   28575 PH 2026-03-29 1841 V4/SP9FIH        59  2332  KK4JOE           59   0028     
QSO:   28575 PH 2026-03-29 1841 V4/SP9FIH        59  2333  W0JM             59   0152     
QSO:   28575 PH 2026-03-29 1841 V4/SP9FIH        59  2334  KF0CT            59   0162     
QSO:   28575 PH 2026-03-29 1843 V4/SP9FIH        59  2335  KA9W             59   0044     
QSO:   28575 PH 2026-03-29 1843 V4/SP9FIH        59  2336  KB5LBO           59   0004     
QSO:   28575 PH 2026-03-29 1843 V4/SP9FIH        59  2337  W6WWW            59   0041     
QSO:   28575 PH 2026-03-29 1844 V4/SP9FIH        59  2338  K4PUF            59   0083     
QSO:   28575 PH 2026-03-29 1844 V4/SP9FIH        59  2339  AA1CT            59   0035     
QSO:   28575 PH 2026-03-29 1844 V4/SP9FIH        59  2340  N0VQE            59   0022     
QSO:   28575 PH 2026-03-29 1845 V4/SP9FIH        59  2341  N8YXR            59   0718     
QSO:   28575 PH 2026-03-29 1845 V4/SP9FIH        59  2342  VE3IDT           59   0127     
QSO:   28575 PH 2026-03-29 1845 V4/SP9FIH        59  2343  K9KP             59   0396     
QSO:   28575 PH 2026-03-29 1846 V4/SP9FIH        59  2344  N1ROZ            59   0005     
QSO:   28575 PH 2026-03-29 1846 V4/SP9FIH        59  2345  W2KV             59   0046     
QSO:   28575 PH 2026-03-29 1846 V4/SP9FIH        59  2346  K8ROX            59   0575     
QSO:   28575 PH 2026-03-29 1847 V4/SP9FIH        59  2347  N2EUS            59   0078     
QSO:   28575 PH 2026-03-29 1847 V4/SP9FIH        59  2348  CR3A             59   3005     
QSO:   28575 PH 2026-03-29 1848 V4/SP9FIH        59  2349  W1JGM            59   0424     
QSO:   28575 PH 2026-03-29 1848 V4/SP9FIH        59  2350  N3QXC            59   0167     
QSO:   28575 PH 2026-03-29 1848 V4/SP9FIH        59  2351  KU6W             59   0504     
QSO:   28575 PH 2026-03-29 1849 V4/SP9FIH        59  2352  K2SNO            59   0486     
QSO:   28575 PH 2026-03-29 1849 V4/SP9FIH        59  2353  W1TKT            59   0004     
QSO:   28575 PH 2026-03-29 1849 V4/SP9FIH        59  2354  VE4GH            59   0018     
QSO:   28575 PH 2026-03-29 1850 V4/SP9FIH        59  2355  EA7BUU           59   0016     
QSO:   28575 PH 2026-03-29 1850 V4/SP9FIH        59  2356  K4TOO            59   0090     
QSO:   28575 PH 2026-03-29 1851 V4/SP9FIH        59  2357  WW6W             59   0033     
QSO:   28575 PH 2026-03-29 1852 V4/SP9FIH        59  2358  K4OPS            59   0162     
QSO:   28575 PH 2026-03-29 1852 V4/SP9FIH        59  2359  W2GJF            59   0015     
QSO:   28575 PH 2026-03-29 1853 V4/SP9FIH        59  2360  W0DY             59   0032     
QSO:   28575 PH 2026-03-29 1853 V4/SP9FIH        59  2361  WK7S             59   1012     
QSO:   28575 PH 2026-03-29 1853 V4/SP9FIH        59  2362  KQ4TTY           59   0034     
QSO:   28575 PH 2026-03-29 1854 V4/SP9FIH        59  2363  WR8AA            59   0042     
QSO:   28575 PH 2026-03-29 1854 V4/SP9FIH        59  2364  N5XJ             59   0319     
QSO:   28575 PH 2026-03-29 1854 V4/SP9FIH        59  2365  WA3LXD           59   0031     
QSO:   28575 PH 2026-03-29 1855 V4/SP9FIH        59  2366  KN4CED           59   0177     
QSO:   28575 PH 2026-03-29 1855 V4/SP9FIH        59  2367  KM4VI            59   0009     
QSO:   28575 PH 2026-03-29 1855 V4/SP9FIH        59  2368  WC4E             59   0001     
QSO:   28575 PH 2026-03-29 1856 V4/SP9FIH        59  2369  KI7BKL           59   0248     
QSO:   28575 PH 2026-03-29 1856 V4/SP9FIH        59  2370  K6NR             59   0215     
QSO:   28575 PH 2026-03-29 1857 V4/SP9FIH        59  2371  PY2MM            59   0115     
QSO:   28575 PH 2026-03-29 1858 V4/SP9FIH        59  2372  W8LYO            59   0290     
QSO:   28575 PH 2026-03-29 1859 V4/SP9FIH        59  2373  N0FX             59   0008     
QSO:   28575 PH 2026-03-29 1859 V4/SP9FIH        59  2374  N4ZZ             59   0803     
QSO:   28575 PH 2026-03-29 1859 V4/SP9FIH        59  2375  W7AVE            59   0019     
QSO:   28575 PH 2026-03-29 1900 V4/SP9FIH        59  2376  KA0IKD           59   0031     
QSO:   28575 PH 2026-03-29 1900 V4/SP9FIH        59  2377  W7BAZ            59   0031     
QSO:   28575 PH 2026-03-29 1900 V4/SP9FIH        59  2378  N2LK             59   0080     
QSO:   28575 PH 2026-03-29 1901 V4/SP9FIH        59  2379  K8DP             59   0512     
QSO:   28575 PH 2026-03-29 1901 V4/SP9FIH        59  2380  N2NRV            59   0028     
QSO:   28575 PH 2026-03-29 1902 V4/SP9FIH        59  2381  KK4XA            59   0009     
QSO:   28575 PH 2026-03-29 1902 V4/SP9FIH        59  2382  WA1EEJ           59   0031     
QSO:   28575 PH 2026-03-29 1903 V4/SP9FIH        59  2383  WB2BXO           59   0003     
QSO:   28575 PH 2026-03-29 1903 V4/SP9FIH        59  2384  KK4DX            59   0066     
QSO:   28575 PH 2026-03-29 1903 V4/SP9FIH        59  2385  WM7A             59   0239     
QSO:   28575 PH 2026-03-29 1904 V4/SP9FIH        59  2386  KJ2G             59   0012     
QSO:   28575 PH 2026-03-29 1904 V4/SP9FIH        59  2387  PU8SDM           59   0067     
QSO:   28575 PH 2026-03-29 1905 V4/SP9FIH        59  2388  K7AKT            59   0091     
QSO:   28575 PH 2026-03-29 1905 V4/SP9FIH        59  2389  TI2OY            59   1554     
QSO:   28575 PH 2026-03-29 1905 V4/SP9FIH        59  2390  WD5N             59   0069     
QSO:   28575 PH 2026-03-29 1906 V4/SP9FIH        59  2391  VE3UZX           59   0337     
QSO:   28575 PH 2026-03-29 1906 V4/SP9FIH        59  2392  N3HRO            59   0269     
QSO:   28575 PH 2026-03-29 1907 V4/SP9FIH        59  2393  CE7TS            59   0319     
QSO:   28575 PH 2026-03-29 1907 V4/SP9FIH        59  2394  AF4LL            59   0108     
QSO:   28575 PH 2026-03-29 1908 V4/SP9FIH        59  2395  VA3OKG           59   0474     
QSO:   28575 PH 2026-03-29 1908 V4/SP9FIH        59  2396  W6QU             59   0241     
QSO:   28575 PH 2026-03-29 1909 V4/SP9FIH        59  2397  K4WNM            59   0111     
QSO:   28575 PH 2026-03-29 1909 V4/SP9FIH        59  2398  W9JAB            59   0189     
QSO:   28575 PH 2026-03-29 1910 V4/SP9FIH        59  2399  N8YDM            59   0337     
QSO:   28575 PH 2026-03-29 1910 V4/SP9FIH        59  2400  WA7TWN           59   0087     
QSO:   28575 PH 2026-03-29 1912 V4/SP9FIH        59  2401  KQ4UGD           59   0026     
QSO:   28575 PH 2026-03-29 1912 V4/SP9FIH        59  2402  KK0L             59   0271     
QSO:   28575 PH 2026-03-29 1912 V4/SP9FIH        59  2403  KO4FAW           59   0025     
QSO:   28300 PH 2026-03-29 1914 V4/SP9FIH        59  2404  PY7RP            59   0072     
QSO:   28575 PH 2026-03-29 1915 V4/SP9FIH        59  2405  KO4NSU           59   0006     
QSO:   28575 PH 2026-03-29 1916 V4/SP9FIH        59  2406  KD2DOI           59   0002     
QSO:   28575 PH 2026-03-29 1916 V4/SP9FIH        59  2407  VA2OBW           59   0214     
QSO:   28575 PH 2026-03-29 1917 V4/SP9FIH        59  2408  KC9LC            59   0027     
QSO:   28575 PH 2026-03-29 1917 V4/SP9FIH        59  2409  AC3KT            59   0295     
QSO:   28575 PH 2026-03-29 1917 V4/SP9FIH        59  2410  W4SPD            59   0079     
QSO:   28575 PH 2026-03-29 1918 V4/SP9FIH        59  2411  W0MB             59   0125     
QSO:   28575 PH 2026-03-29 1919 V4/SP9FIH        59  2412  KI5WRQ           59   0014     
QSO:   28575 PH 2026-03-29 1920 V4/SP9FIH        59  2413  KD7MSC           59   0149     
QSO:   28575 PH 2026-03-29 1920 V4/SP9FIH        59  2414  W8EH             59   0071     
QSO:   28575 PH 2026-03-29 1921 V4/SP9FIH        59  2415  PY1AN            59   0017     
QSO:   28575 PH 2026-03-29 1922 V4/SP9FIH        59  2416  NN3RP            59   0227     
QSO:   28575 PH 2026-03-29 1922 V4/SP9FIH        59  2417  WA1LBS           59   0005     
QSO:   28575 PH 2026-03-29 1923 V4/SP9FIH        59  2418  W6IGR            59   0059     
QSO:   28575 PH 2026-03-29 1924 V4/SP9FIH        59  2419  WA1TAC           59   0162     
QSO:   28575 PH 2026-03-29 1925 V4/SP9FIH        59  2420  KT5OT            59   0003     
QSO:   28575 PH 2026-03-29 1926 V4/SP9FIH        59  2421  VE2YJ            59   0073     
QSO:   28575 PH 2026-03-29 1927 V4/SP9FIH        59  2422  N8BE             59   0135     
QSO:   28575 PH 2026-03-29 1927 V4/SP9FIH        59  2423  KJ6VJN           59   0009     
QSO:   28575 PH 2026-03-29 1928 V4/SP9FIH        59  2424  WA4OYX           59   0028     
QSO:   28575 PH 2026-03-29 1928 V4/SP9FIH        59  2425  N4RU             59   0009     
QSO:   28575 PH 2026-03-29 1928 V4/SP9FIH        59  2426  K2YG             59   0224     
QSO:   28575 PH 2026-03-29 1929 V4/SP9FIH        59  2427  KA6MIB           59   0136     
QSO:   28575 PH 2026-03-29 1930 V4/SP9FIH        59  2428  K1DG             59   0025     
QSO:   28575 PH 2026-03-29 1930 V4/SP9FIH        59  2429  N6RM             59   0126     
QSO:   28575 PH 2026-03-29 1931 V4/SP9FIH        59  2430  KA7A             59   0021     
QSO:   28575 PH 2026-03-29 1932 V4/SP9FIH        59  2431  N6HPO            59   0085     
QSO:   28575 PH 2026-03-29 1932 V4/SP9FIH        59  2432  K4IU             59   0413     
QSO:   28575 PH 2026-03-29 1932 V4/SP9FIH        59  2433  W3ETO            59   0295     
QSO:   28575 PH 2026-03-29 1933 V4/SP9FIH        59  2434  VE3GGR           59   0061     
QSO:   28575 PH 2026-03-29 1934 V4/SP9FIH        59  2435  PY2RE            59   1281     
QSO:   28575 PH 2026-03-29 1934 V4/SP9FIH        59  2436  KC9JML           59   0057     
QSO:   28575 PH 2026-03-29 1935 V4/SP9FIH        59  2437  EA8BQM           59   0137     
QSO:   28575 PH 2026-03-29 1935 V4/SP9FIH        59  2438  WV7X             59   0113     
QSO:   28575 PH 2026-03-29 1935 V4/SP9FIH        59  2439  KX2NY            59   0685     
QSO:   28575 PH 2026-03-29 1936 V4/SP9FIH        59  2440  VA3AA            59   2316     
QSO:   28575 PH 2026-03-29 1936 V4/SP9FIH        59  2441  AE0XL            59   0007     
QSO:   28575 PH 2026-03-29 1937 V4/SP9FIH        59  2442  HK4TK            59   0049     
QSO:   28575 PH 2026-03-29 1937 V4/SP9FIH        59  2443  ED8M             59   0509     
QSO:   28575 PH 2026-03-29 1937 V4/SP9FIH        59  2444  KB3WD            59   2958     
QSO:   28575 PH 2026-03-29 1938 V4/SP9FIH        59  2445  AC0O             59   0006     
QSO:   28575 PH 2026-03-29 1938 V4/SP9FIH        59  2446  KG6OKI           59   0033     
QSO:   28575 PH 2026-03-29 1939 V4/SP9FIH        59  2447  K8EB             59   0001     
QSO:   28575 PH 2026-03-29 1939 V4/SP9FIH        59  2448  KC9SJN           59   0169     
QSO:   28575 PH 2026-03-29 1940 V4/SP9FIH        59  2449  KO8S             59   0017     
QSO:   28575 PH 2026-03-29 1940 V4/SP9FIH        59  2450  KF9I             59   0234     
QSO:   28575 PH 2026-03-29 1941 V4/SP9FIH        59  2451  KN7K             59   0282     
QSO:   28575 PH 2026-03-29 1942 V4/SP9FIH        59  2452  K4NWX            59   0083     
QSO:   28575 PH 2026-03-29 1942 V4/SP9FIH        59  2453  KQ4SMI           59   0359     
QSO:   28575 PH 2026-03-29 1943 V4/SP9FIH        59  2454  N6TAN            59   0147     
QSO:   28575 PH 2026-03-29 1943 V4/SP9FIH        59  2455  WB2PJH           59   0540     
QSO:   28575 PH 2026-03-29 1944 V4/SP9FIH        59  2456  VA1GRH           59   0220     
QSO:   28352 PH 2026-03-29 1947 V4/SP9FIH        59  2457  NU6S             59   0096     
QSO:   28486 PH 2026-03-29 1950 V4/SP9FIH        59  2458  TO7O             59   3768     
QSO:   28575 PH 2026-03-29 1951 V4/SP9FIH        59  2459  N0SD             59   0033     
QSO:   28575 PH 2026-03-29 1952 V4/SP9FIH        59  2460  K0TG             59   0025     
QSO:   28575 PH 2026-03-29 1953 V4/SP9FIH        59  2461  W2DON            59   0197     
QSO:   28575 PH 2026-03-29 1953 V4/SP9FIH        59  2462  WD5CBQ           59   0024     
QSO:   28575 PH 2026-03-29 1954 V4/SP9FIH        59  2463  KB8ERA           59   0051     
QSO:   28575 PH 2026-03-29 1954 V4/SP9FIH        59  2464  K8BB             59   0057     
QSO:   28575 PH 2026-03-29 1954 V4/SP9FIH        59  2465  VA7RJQ           59   0027     
QSO:   28575 PH 2026-03-29 1955 V4/SP9FIH        59  2466  K0NG             59   0282     
QSO:   28575 PH 2026-03-29 1955 V4/SP9FIH        59  2467  N0JK             59   0011     
QSO:   28575 PH 2026-03-29 1956 V4/SP9FIH        59  2468  K3NRX            59   0067     
QSO:   28575 PH 2026-03-29 1956 V4/SP9FIH        59  2469  K7ZS             59   0046     
QSO:   28575 PH 2026-03-29 1956 V4/SP9FIH        59  2470  N7EPD            59   0579     
QSO:   28575 PH 2026-03-29 1957 V4/SP9FIH        59  2471  W5PKK            59   0185     
QSO:   28575 PH 2026-03-29 1957 V4/SP9FIH        59  2472  N7AME            59   0099     
QSO:   28575 PH 2026-03-29 1957 V4/SP9FIH        59  2473  WA7CPA           59   0071     
QSO:   28575 PH 2026-03-29 1958 V4/SP9FIH        59  2474  NN7O             59   0118     
QSO:   28575 PH 2026-03-29 1958 V4/SP9FIH        59  2475  WR7X             59   0061     
QSO:   28575 PH 2026-03-29 1958 V4/SP9FIH        59  2476  N6YMM            59   0053     
QSO:   28575 PH 2026-03-29 2000 V4/SP9FIH        59  2477  VE7MHI           59   0132     
QSO:   28575 PH 2026-03-29 2000 V4/SP9FIH        59  2478  W2VRK            59   0013     
QSO:   28575 PH 2026-03-29 2001 V4/SP9FIH        59  2479  VE6HFK           59   0780     
QSO:   28575 PH 2026-03-29 2001 V4/SP9FIH        59  2480  KI6FE            59   0522     
QSO:   28575 PH 2026-03-29 2001 V4/SP9FIH        59  2481  N7XR             59   0125     
QSO:   28575 PH 2026-03-29 2002 V4/SP9FIH        59  2482  WQ6X             59   0012     
QSO:   28575 PH 2026-03-29 2002 V4/SP9FIH        59  2483  KB6LZW           59   0037     
QSO:   28575 PH 2026-03-29 2003 V4/SP9FIH        59  2484  NQ9N             59   0712     
QSO:   28575 PH 2026-03-29 2004 V4/SP9FIH        59  2485  N1TOR            59   0028     
QSO:   28575 PH 2026-03-29 2004 V4/SP9FIH        59  2486  KC2BPP           59   0056     
QSO:   28575 PH 2026-03-29 2005 V4/SP9FIH        59  2487  K7UWR            59   0048     
QSO:   28575 PH 2026-03-29 2005 V4/SP9FIH        59  2488  VE2HEW           59   0054     
QSO:   28575 PH 2026-03-29 2006 V4/SP9FIH        59  2489  N6YG             59   0172     
QSO:   28575 PH 2026-03-29 2006 V4/SP9FIH        59  2490  W0BF             59   0066     
QSO:   28575 PH 2026-03-29 2007 V4/SP9FIH        59  2491  N1MHV            59   0179     
QSO:   28575 PH 2026-03-29 2007 V4/SP9FIH        59  2492  WB8JUI           59   0218     
QSO:   28575 PH 2026-03-29 2007 V4/SP9FIH        59  2493  K5AYO            59   0037     
QSO:   28575 PH 2026-03-29 2008 V4/SP9FIH        59  2494  K6CSL            59   0031     
QSO:   28575 PH 2026-03-29 2008 V4/SP9FIH        59  2495  KJ7GD            59   0012     
QSO:   28575 PH 2026-03-29 2009 V4/SP9FIH        59  2496  VE3TCS           59   0232     
QSO:   28575 PH 2026-03-29 2010 V4/SP9FIH        59  2497  K7USN            59   0037     
QSO:   28575 PH 2026-03-29 2010 V4/SP9FIH        59  2498  KG4WAS           59   0002     
QSO:   28575 PH 2026-03-29 2010 V4/SP9FIH        59  2499  VA3KBI           59   0243     
QSO:   28575 PH 2026-03-29 2011 V4/SP9FIH        59  2500  NO5V             59   0225     
QSO:   28575 PH 2026-03-29 2011 V4/SP9FIH        59  2501  VE3IPS           59   0015     
QSO:   28375 PH 2026-03-29 2013 V4/SP9FIH        59  2502  P43L             59   1462     
QSO:   28575 PH 2026-03-29 2014 V4/SP9FIH        59  2503  PY4WJ            59   0199     
QSO:   28575 PH 2026-03-29 2015 V4/SP9FIH        59  2504  K1WJL            59   0009     
QSO:   28575 PH 2026-03-29 2015 V4/SP9FIH        59  2505  K4TOO            59   0129     
QSO:   28575 PH 2026-03-29 2015 V4/SP9FIH        59  2506  KB7AK            59   0053     
QSO:   28575 PH 2026-03-29 2016 V4/SP9FIH        59  2507  KE0ME            59   0086     
QSO:   28575 PH 2026-03-29 2017 V4/SP9FIH        59  2508  CO6HZ            59   0363     
QSO:   28575 PH 2026-03-29 2017 V4/SP9FIH        59  2509  K6OK             59   0062     
QSO:   28575 PH 2026-03-29 2018 V4/SP9FIH        59  2510  PY4LR            59   0174     
QSO:   28575 PH 2026-03-29 2018 V4/SP9FIH        59  2511  KM9R             59   0098     
QSO:   28575 PH 2026-03-29 2019 V4/SP9FIH        59  2512  KD9YOO           59   0163     
QSO:   28575 PH 2026-03-29 2019 V4/SP9FIH        59  2513  KO4RUL           59   0039     
QSO:   28575 PH 2026-03-29 2020 V4/SP9FIH        59  2514  NN1SS            59   0202     
QSO:   28575 PH 2026-03-29 2021 V4/SP9FIH        59  2515  WW4LL            59   0349     
QSO:   28575 PH 2026-03-29 2021 V4/SP9FIH        59  2516  VE3KMQ           59   0275     
QSO:   28575 PH 2026-03-29 2022 V4/SP9FIH        59  2517  NU6E             59   0013     
QSO:   28575 PH 2026-03-29 2023 V4/SP9FIH        59  2518  WA8YUZ           59   0014     
QSO:   28575 PH 2026-03-29 2024 V4/SP9FIH        59  2519  W3AT             59   0300     
QSO:   28575 PH 2026-03-29 2025 V4/SP9FIH        59  2520  PU2MGE           59   0190     
QSO:   28575 PH 2026-03-29 2025 V4/SP9FIH        59  2521  KA1AQ            59   0124     
QSO:   28575 PH 2026-03-29 2026 V4/SP9FIH        59  2522  KI5TEB           59   0037     
QSO:   28575 PH 2026-03-29 2026 V4/SP9FIH        59  2523  AC6ZM            59   0332     
QSO:   28575 PH 2026-03-29 2026 V4/SP9FIH        59  2524  PY2OYA           59   0111     
QSO:   28575 PH 2026-03-29 2027 V4/SP9FIH        59  2525  N8AAY            59   0063     
QSO:   28575 PH 2026-03-29 2028 V4/SP9FIH        59  2526  W0GAC            59   0025     
QSO:   28575 PH 2026-03-29 2028 V4/SP9FIH        59  2527  KG2LA            59   0045     
QSO:   28575 PH 2026-03-29 2030 V4/SP9FIH        59  2528  W7ZKI            59   0274     
QSO:   28575 PH 2026-03-29 2030 V4/SP9FIH        59  2529  XE2S             59   0297     
QSO:   28575 PH 2026-03-29 2031 V4/SP9FIH        59  2530  LU1FI            59   0105     
QSO:   28575 PH 2026-03-29 2032 V4/SP9FIH        59  2531  N5WBL            59   0002     
QSO:   28575 PH 2026-03-29 2032 V4/SP9FIH        59  2532  KF4ULO           59   0003     
QSO:   28575 PH 2026-03-29 2033 V4/SP9FIH        59  2533  KK7YIJ           59   0425     
QSO:   28575 PH 2026-03-29 2034 V4/SP9FIH        59  2534  K8ND             59   0006     
QSO:   28575 PH 2026-03-29 2035 V4/SP9FIH        59  2535  WW8USA           59   0096     
QSO:   28575 PH 2026-03-29 2036 V4/SP9FIH        59  2536  WQ2N             59   0425     
QSO:   28575 PH 2026-03-29 2036 V4/SP9FIH        59  2537  K4OJM            59   0007     
QSO:   28575 PH 2026-03-29 2037 V4/SP9FIH        59  2538  WP4OUE           59   0172     
QSO:   28575 PH 2026-03-29 2038 V4/SP9FIH        59  2539  AA1GM            59   0173     
QSO:   28575 PH 2026-03-29 2038 V4/SP9FIH        59  2540  KF6PRR           59   0006     
QSO:   28575 PH 2026-03-29 2039 V4/SP9FIH        59  2541  KD3AZS           59   0068     
QSO:   28575 PH 2026-03-29 2040 V4/SP9FIH        59  2542  N9EEL            57   0003     
QSO:   28575 PH 2026-03-29 2040 V4/SP9FIH        59  2543  KS8B             59   0015     
QSO:   28575 PH 2026-03-29 2042 V4/SP9FIH        59  2544  K1DDA            59   0114     
QSO:   28575 PH 2026-03-29 2042 V4/SP9FIH        59  2545  K1NMF            59   0015     
QSO:   28575 PH 2026-03-29 2043 V4/SP9FIH        59  2546  N6AMB/P          59   0091     
QSO:   28575 PH 2026-03-29 2043 V4/SP9FIH        59  2547  W3RJ             59   1019     
QSO:   28575 PH 2026-03-29 2044 V4/SP9FIH        59  2548  KJ7LYB           59   0001     
QSO:   28575 PH 2026-03-29 2044 V4/SP9FIH        59  2549  K6FRJ            59   0013     
QSO:   28575 PH 2026-03-29 2045 V4/SP9FIH        59  2550  CX5ABM           59   0162     
QSO:   28575 PH 2026-03-29 2047 V4/SP9FIH        59  2551  KE6VRL           59   0085     
QSO:   28575 PH 2026-03-29 2047 V4/SP9FIH        59  2552  K6FMI            59   0095     
QSO:   28575 PH 2026-03-29 2048 V4/SP9FIH        59  2553  KB1GCT           59   0023     
QSO:   28575 PH 2026-03-29 2049 V4/SP9FIH        59  2554  KN6TPT           59   0015     
QSO:   28575 PH 2026-03-29 2049 V4/SP9FIH        59  2555  W3RFX            59   0007     
QSO:   28575 PH 2026-03-29 2050 V4/SP9FIH        59  2556  KT3V             59   0196     
QSO:   28575 PH 2026-03-29 2051 V4/SP9FIH        59  2557  K3TW             59   0025     
QSO:   28575 PH 2026-03-29 2052 V4/SP9FIH        59  2558  K6SLN            59   0003     
QSO:   28575 PH 2026-03-29 2053 V4/SP9FIH        59  2559  KU4CG            59   0091     
QSO:   28575 PH 2026-03-29 2054 V4/SP9FIH        59  2560  WA8YUZ           59   0031     
QSO:   28575 PH 2026-03-29 2056 V4/SP9FIH        59  2561  K5JDF            59   0007     
QSO:   28575 PH 2026-03-29 2058 V4/SP9FIH        59  2562  KC0SZU           59   0120     
QSO:   28575 PH 2026-03-29 2100 V4/SP9FIH        59  2563  KE5AZ            59   0033     
QSO:   28575 PH 2026-03-29 2100 V4/SP9FIH        59  2564  WI7N             59   0146     
QSO:   28575 PH 2026-03-29 2101 V4/SP9FIH        59  2565  PU8DAS           59   0126     
QSO:   28575 PH 2026-03-29 2102 V4/SP9FIH        59  2566  KO4LEG           59   0026     
QSO:   28575 PH 2026-03-29 2102 V4/SP9FIH        59  2567  KQ2L             59   0028     
QSO:   28575 PH 2026-03-29 2103 V4/SP9FIH        59  2568  KC1HHO           59   0020     
QSO:   28575 PH 2026-03-29 2103 V4/SP9FIH        59  2569  W0BM             59   0358     
QSO:   28575 PH 2026-03-29 2104 V4/SP9FIH        59  2570  N4ICF            59   0041     
QSO:   28575 PH 2026-03-29 2105 V4/SP9FIH        59  2571  VJ2J             59   0145     
QSO:   28575 PH 2026-03-29 2106 V4/SP9FIH        59  2572  K9JF             59   0167     
QSO:   28575 PH 2026-03-29 2106 V4/SP9FIH        59  2573  CO6AP            59   0001     
QSO:   28575 PH 2026-03-29 2107 V4/SP9FIH        59  2574  W7YAQ            59   0041     
QSO:   28575 PH 2026-03-29 2107 V4/SP9FIH        59  2575  K6TQ             59   0123     
QSO:   28575 PH 2026-03-29 2108 V4/SP9FIH        59  2576  KC2WUF           59   0148     
QSO:   28575 PH 2026-03-29 2109 V4/SP9FIH        59  2577  WX8S             59   0239     
QSO:   28575 PH 2026-03-29 2110 V4/SP9FIH        59  2578  K3TN             59   0055     
QSO:   28575 PH 2026-03-29 2110 V4/SP9FIH        59  2579  WA7AA            59   0115     
QSO:   28575 PH 2026-03-29 2112 V4/SP9FIH        59  2580  W1RQ             59   0038     
QSO:   28575 PH 2026-03-29 2112 V4/SP9FIH        59  2581  VA3MWT           59   0028     
QSO:   28575 PH 2026-03-29 2113 V4/SP9FIH        59  2582  W2RQ             59   0097     
QSO:   28575 PH 2026-03-29 2114 V4/SP9FIH        59  2583  WW4DUB           59   0029     
QSO:   28575 PH 2026-03-29 2114 V4/SP9FIH        59  2584  CX2RA            59   1036     
QSO:   28575 PH 2026-03-29 2115 V4/SP9FIH        59  2585  K4XL             59   0181     
QSO:   28575 PH 2026-03-29 2115 V4/SP9FIH        59  2586  AD4YQ            59   0091     
QSO:   28575 PH 2026-03-29 2116 V4/SP9FIH        59  2587  LU1XAV           59   0221     
QSO:   28575 PH 2026-03-29 2116 V4/SP9FIH        59  2588  KM4IYW           59   0123     
QSO:   28575 PH 2026-03-29 2116 V4/SP9FIH        59  2589  K4ZWW            59   0096     
QSO:   28575 PH 2026-03-29 2117 V4/SP9FIH        59  2590  N3CKI            59   0121     
QSO:   28575 PH 2026-03-29 2120 V4/SP9FIH        59  2591  KR4DYT           59   0083     
QSO:   28575 PH 2026-03-29 2121 V4/SP9FIH        59  2592  K8II             59   0005     
QSO:   28575 PH 2026-03-29 2121 V4/SP9FIH        59  2593  KC3ZFR           59   0037     
QSO:   28575 PH 2026-03-29 2122 V4/SP9FIH        59  2594  K8DX             59   0005     
QSO:   28575 PH 2026-03-29 2122 V4/SP9FIH        59  2595  K5UEZ            59   0001     
QSO:   28575 PH 2026-03-29 2122 V4/SP9FIH        59  2596  WB8AKW           59   0159     
QSO:   28575 PH 2026-03-29 2125 V4/SP9FIH        59  2597  W1KRZ            58   0019     
QSO:   28575 PH 2026-03-29 2126 V4/SP9FIH        59  2598  KC4ZMB           59   0120     
QSO:   28575 PH 2026-03-29 2126 V4/SP9FIH        59  2599  KR4JTX           59   0122     
QSO:   28575 PH 2026-03-29 2127 V4/SP9FIH        59  2600  KF5VM            59   0467     
QSO:   28575 PH 2026-03-29 2127 V4/SP9FIH        59  2601  WM5M             59   0003     
QSO:   28575 PH 2026-03-29 2128 V4/SP9FIH        59  2602  CX1TP            59   0143     
QSO:   28575 PH 2026-03-29 2129 V4/SP9FIH        59  2603  K5KG             59   0453     
QSO:   28575 PH 2026-03-29 2129 V4/SP9FIH        59  2604  KB9OZI           59   0172     
QSO:   28575 PH 2026-03-29 2130 V4/SP9FIH        59  2605  K4BDX            59   0126     
QSO:   28575 PH 2026-03-29 2130 V4/SP9FIH        59  2606  KM7AXG           59   0090     
QSO:   28575 PH 2026-03-29 2131 V4/SP9FIH        59  2607  NA6JD            59   0050     
QSO:   28575 PH 2026-03-29 2132 V4/SP9FIH        59  2608  KI5LHB           59   0001     
QSO:   28575 PH 2026-03-29 2132 V4/SP9FIH        59  2609  K2AF             59   0167     
QSO:   28575 PH 2026-03-29 2133 V4/SP9FIH        59  2610  K6ICS            59   0053     
QSO:   28575 PH 2026-03-29 2133 V4/SP9FIH        59  2611  W8FN             59   0338     
QSO:   28575 PH 2026-03-29 2137 V4/SP9FIH        59  2612  WA7G             59   0239     
QSO:   28575 PH 2026-03-29 2138 V4/SP9FIH        59  2613  W5DRT            59   0088     
QSO:   28575 PH 2026-03-29 2139 V4/SP9FIH        59  2614  WT6TT            59   0128     
QSO:   28575 PH 2026-03-29 2141 V4/SP9FIH        59  2615  N4JIV            59   0005     
QSO:   28575 PH 2026-03-29 2141 V4/SP9FIH        59  2616  AC3LW            59   0111     
QSO:   28366 PH 2026-03-29 2144 V4/SP9FIH        59  2617  L77D             59   0189     
QSO:   28575 PH 2026-03-29 2146 V4/SP9FIH        59  2618  VE9CZ            59   0805     
QSO:   28575 PH 2026-03-29 2146 V4/SP9FIH        59  2619  N7IDX            59   0058     
QSO:   28523 PH 2026-03-29 2148 V4/SP9FIH        59  2620  PY5WR            59   0641     
QSO:   28394 PH 2026-03-29 2149 V4/SP9FIH        59  2621  LU1VM            59   0843     
QSO:   28331 PH 2026-03-29 2151 V4/SP9FIH        59  2622  N7AGP            59   0738     
QSO:   28345 PH 2026-03-29 2153 V4/SP9FIH        59  2623  XE1CKJ           59   0465     
QSO:   28575 PH 2026-03-29 2156 V4/SP9FIH        59  2624  KE5JBP           59   0001     
QSO:   28575 PH 2026-03-29 2157 V4/SP9FIH        59  2625  W3NRA            59   0004     
QSO:   28575 PH 2026-03-29 2158 V4/SP9FIH        59  2626  W4ADE            59   0020     
QSO:   28575 PH 2026-03-29 2159 V4/SP9FIH        59  2627  KD4AA            59   0005     
QSO:   28418 PH 2026-03-29 2201 V4/SP9FIH        59  2628  NR4DL            59   0023     
QSO:   28418 PH 2026-03-29 2201 V4/SP9FIH        59  2629  KD2RPD           59   0319     
QSO:   28418 PH 2026-03-29 2202 V4/SP9FIH        59  2630  N3CGT            59   0003     
QSO:   28418 PH 2026-03-29 2202 V4/SP9FIH        59  2631  KQ4SNE           59   0002     
QSO:   28418 PH 2026-03-29 2203 V4/SP9FIH        59  2632  N3BA             59   0008     
QSO:   28418 PH 2026-03-29 2204 V4/SP9FIH        59  2633  N4QLV            59   0227     
QSO:   28418 PH 2026-03-29 2204 V4/SP9FIH        59  2634  K7KNM            59   0002     
QSO:   28418 PH 2026-03-29 2205 V4/SP9FIH        59  2635  VA3KGZ           59   0011     
QSO:   28418 PH 2026-03-29 2206 V4/SP9FIH        59  2636  WA2VYA           59   0129     
QSO:   28418 PH 2026-03-29 2206 V4/SP9FIH        59  2637  W1VEG            59   0047     
QSO:   28418 PH 2026-03-29 2207 V4/SP9FIH        59  2638  KA3KSP           59   0014     
QSO:   28418 PH 2026-03-29 2207 V4/SP9FIH        59  2639  K6YK             59   0092     
QSO:   28418 PH 2026-03-29 2208 V4/SP9FIH        59  2640  W4CWO            59   0020     
QSO:   28418 PH 2026-03-29 2208 V4/SP9FIH        59  2641  WB5MUI           59   0004     
QSO:   28418 PH 2026-03-29 2209 V4/SP9FIH        59  2642  KQ4AJI           59   0112     
QSO:   28418 PH 2026-03-29 2210 V4/SP9FIH        59  2643  NG4D             59   0046     
QSO:   28418 PH 2026-03-29 2210 V4/SP9FIH        59  2644  N6ZBV            59   0009     
QSO:   28418 PH 2026-03-29 2211 V4/SP9FIH        59  2645  XE1CQ            59   1635     
QSO:   28418 PH 2026-03-29 2212 V4/SP9FIH        59  2646  AB4LD            59   0113     
QSO:   28418 PH 2026-03-29 2212 V4/SP9FIH        59  2647  KC4OU            59   0016     
QSO:   28418 PH 2026-03-29 2213 V4/SP9FIH        59  2648  KO2OK            59   0139     
QSO:   28418 PH 2026-03-29 2214 V4/SP9FIH        59  2649  K3KU             59   0045     
QSO:   28418 PH 2026-03-29 2214 V4/SP9FIH        59  2650  W5ART            59   0100     
QSO:   28418 PH 2026-03-29 2214 V4/SP9FIH        59  2651  KB2YCF           59   0024     
QSO:   28418 PH 2026-03-29 2216 V4/SP9FIH        59  2652  KF8DOP           59   0017     
QSO:   28418 PH 2026-03-29 2216 V4/SP9FIH        59  2653  WS4K             59   1378     
QSO:   28418 PH 2026-03-29 2216 V4/SP9FIH        59  2654  WF0GM            59   0323     
QSO:   28418 PH 2026-03-29 2217 V4/SP9FIH        59  2655  WA6QDQ/KH6       59   0021     
QSO:   28418 PH 2026-03-29 2218 V4/SP9FIH        59  2656  KN6ZZI           59   0215     
QSO:   28418 PH 2026-03-29 2218 V4/SP9FIH        59  2657  WA4III           59   0071     
QSO:   28418 PH 2026-03-29 2219 V4/SP9FIH        59  2658  WW2P             59   0301     
QSO:   28418 PH 2026-03-29 2220 V4/SP9FIH        59  2659  K5PAR            59   0108     
QSO:   28418 PH 2026-03-29 2221 V4/SP9FIH        59  2660  N8DAV            59   0004     
QSO:   28418 PH 2026-03-29 2221 V4/SP9FIH        59  2661  N7VKH            59   0002     
QSO:   28418 PH 2026-03-29 2222 V4/SP9FIH        59  2662  W5ABC            59   0016     
QSO:   28418 PH 2026-03-29 2223 V4/SP9FIH        59  2663  KA1J             59   0011     
QSO:   28418 PH 2026-03-29 2223 V4/SP9FIH        59  2664  KR4HZ            59   0005     
QSO:   28418 PH 2026-03-29 2224 V4/SP9FIH        59  2665  KD3KA            59   0191     
QSO:   28548 PH 2026-03-29 2226 V4/SP9FIH        59  2666  NX8T             59   0553     
QSO:   28418 PH 2026-03-29 2226 V4/SP9FIH        59  2667  K2VPX            59   0038     
QSO:   28418 PH 2026-03-29 2227 V4/SP9FIH        59  2668  CA3LFA           59   0054     
QSO:   28418 PH 2026-03-29 2229 V4/SP9FIH        59  2669  AE4GW            59   0345     
QSO:   28418 PH 2026-03-29 2230 V4/SP9FIH        59  2670  K8UGG            59   0024     
QSO:   28418 PH 2026-03-29 2231 V4/SP9FIH        59  2671  N3CYX            59   0001     
QSO:   28418 PH 2026-03-29 2232 V4/SP9FIH        59  2672  N1FFR            59   0164     
QSO:   28418 PH 2026-03-29 2232 V4/SP9FIH        59  2673  KG4R             59   0027     
QSO:   28418 PH 2026-03-29 2234 V4/SP9FIH        59  2674  KJ5DMX           59   0009     
QSO:   28418 PH 2026-03-29 2235 V4/SP9FIH        59  2675  KQ4FIP           59   0160     
QSO:   28418 PH 2026-03-29 2236 V4/SP9FIH        59  2676  W5IP             59   0048     
QSO:   28418 PH 2026-03-29 2237 V4/SP9FIH        59  2677  NS3X             59   0125     
QSO:   28418 PH 2026-03-29 2238 V4/SP9FIH        59  2678  KD3AIC           59   0002     
QSO:   28418 PH 2026-03-29 2238 V4/SP9FIH        59  2679  KD4JEZ           59   0010     
QSO:   28418 PH 2026-03-29 2239 V4/SP9FIH        59  2680  AB3C             59   0021     
QSO:   28418 PH 2026-03-29 2239 V4/SP9FIH        59  2681  KF8CTG           59   0194     
QSO:   28418 PH 2026-03-29 2242 V4/SP9FIH        59  2682  AC2N             59   0028     
QSO:   28418 PH 2026-03-29 2243 V4/SP9FIH        59  2683  KR4FOV           59   0022     
QSO:   28418 PH 2026-03-29 2243 V4/SP9FIH        59  2684  KC1IIO           59   0088     
QSO:   28418 PH 2026-03-29 2244 V4/SP9FIH        59  2685  KR4DEA           59   0079     
QSO:   28418 PH 2026-03-29 2245 V4/SP9FIH        59  2686  W1OKH            59   0037     
QSO:   28418 PH 2026-03-29 2246 V4/SP9FIH        59  2687  WW3MM            59   0001     
QSO:   28418 PH 2026-03-29 2247 V4/SP9FIH        59  2688  KF8EYE           59   0044     
QSO:   28418 PH 2026-03-29 2247 V4/SP9FIH        59  2689  N4ZG             59   0026     
QSO:   28418 PH 2026-03-29 2248 V4/SP9FIH        59  2690  AB4LD            59   0120     
QSO:   28418 PH 2026-03-29 2249 V4/SP9FIH        59  2691  K3TCO            59   0038     
QSO:   28418 PH 2026-03-29 2249 V4/SP9FIH        59  2692  WA4IRU           59   0001     
QSO:   28418 PH 2026-03-29 2251 V4/SP9FIH        59  2693  VE3QEE           59   0153     
QSO:   28418 PH 2026-03-29 2252 V4/SP9FIH        59  2694  KE3OA            59   0111     
QSO:   28585 PH 2026-03-29 2254 V4/SP9FIH        59  2695  WW2Y             59   0006     
QSO:   28430 PH 2026-03-29 2257 V4/SP9FIH        59  2696  CE2WK            59   1803     
QSO:   28418 PH 2026-03-29 2259 V4/SP9FIH        59  2697  WA4GQJ           59   0017     
QSO:   28418 PH 2026-03-29 2300 V4/SP9FIH        59  2698  KC1GGP           59   0181     
QSO:   28418 PH 2026-03-29 2300 V4/SP9FIH        59  2699  KB3RFH           59   0012     
QSO:   28418 PH 2026-03-29 2302 V4/SP9FIH        59  2700  PU4ELT           59   0037     
QSO:   28418 PH 2026-03-29 2304 V4/SP9FIH        59  2701  KC2TV            59   0003     
QSO:   28418 PH 2026-03-29 2305 V4/SP9FIH        59  2702  KE2HRW           59   0028     
QSO:   28418 PH 2026-03-29 2306 V4/SP9FIH        59  2703  N3UP             59   0023     
QSO:   28418 PH 2026-03-29 2306 V4/SP9FIH        59  2704  WB3CAI           59   0003     
QSO:   28418 PH 2026-03-29 2308 V4/SP9FIH        59  2705  K2TIM            59   0001     
QSO:   28418 PH 2026-03-29 2308 V4/SP9FIH        59  2706  N7CJW            59   0241     
QSO:   28418 PH 2026-03-29 2308 V4/SP9FIH        59  2707  KD3CNZ           59   0060     
QSO:   28418 PH 2026-03-29 2309 V4/SP9FIH        59  2708  K3BAL            59   0061     
QSO:   28418 PH 2026-03-29 2310 V4/SP9FIH        59  2709  KE2ECK           59   0011     
QSO:   28418 PH 2026-03-29 2310 V4/SP9FIH        59  2710  N2OWR            59   0014     
QSO:   28418 PH 2026-03-29 2311 V4/SP9FIH        59  2711  VE9WRS           59   0024     
QSO:   28418 PH 2026-03-29 2312 V4/SP9FIH        59  2712  KW8N             59   0325     
QSO:   28418 PH 2026-03-29 2312 V4/SP9FIH        59  2713  KE2FP            59   0001     
QSO:   28418 PH 2026-03-29 2313 V4/SP9FIH        59  2714  W7ES             59   0106     
QSO:   28418 PH 2026-03-29 2314 V4/SP9FIH        59  2715  KC8ODP           59   0071     
QSO:   28418 PH 2026-03-29 2315 V4/SP9FIH        59  2716  N3RD             59   0016     
QSO:   28418 PH 2026-03-29 2315 V4/SP9FIH        59  2717  W5HVV            59   0101     
QSO:   28418 PH 2026-03-29 2316 V4/SP9FIH        59  2718  K7NDS            59   0010     
QSO:   28418 PH 2026-03-29 2316 V4/SP9FIH        59  2719  AA1TT            59   0012     
QSO:   28418 PH 2026-03-29 2319 V4/SP9FIH        59  2720  WA2WGF           59   0319     
QSO:   28418 PH 2026-03-29 2319 V4/SP9FIH        59  2721  KD2VUY           59   0192     
QSO:   28440 PH 2026-03-29 2330 V4/SP9FIH        59  2722  LT4I             59   0756     
QSO:   28499 PH 2026-03-29 2337 V4/SP9FIH        59  2723  W9WZJ            59   0061     
QSO:   28499 PH 2026-03-29 2338 V4/SP9FIH        59  2724  PU2KNM           59   0098     
QSO:   28499 PH 2026-03-29 2339 V4/SP9FIH        59  2725  AB9MW            59   0012     
QSO:   28499 PH 2026-03-29 2340 V4/SP9FIH        59  2726  N9TLP            59   0072     
END-OF-LOG:
