START-OF-LOG: 3.0
CONTEST: CQ-WPX-SSB
CALLSIGN: WJ1U
LOCATION: NH
CATEGORY-OPERATOR: SINGLE-OP
CATEGORY-ASSISTED: ASSISTED
CATEGORY-BAND: ALL
CATEGORY-POWER: LOW
CATEGORY-MODE: SSB
CATEGORY-TRANSMITTER: ONE
CATEGORY-STATION: FIXED
CATEGORY-OVERLAY: TB-WIRES
GRID-LOCATOR: FN43DS
CLAIMED-SCORE: 2278120
NAME: John Evanson
OPERATORS: WJ1U
CLUB: YANKEE CLIPPER CONTEST CLUB
CREATED-BY: N1MM Logger+ 1.0.11154.0
QSO:    7139 PH 2026-03-28 0000 WJ1U             59  0001  HA5JI            59   0001     
QSO:    7132 PH 2026-03-28 0001 WJ1U             59  0002  HA3NU            59   0006     
QSO:    7167 PH 2026-03-28 0003 WJ1U             59  0003  OM8A             59   0009     
QSO:    7134 PH 2026-03-28 0003 WJ1U             59  0004  SO9I             59   0009     
QSO:    7196 PH 2026-03-28 0007 WJ1U             59  0005  EI7M             59   0011     
QSO:    7136 PH 2026-03-28 0008 WJ1U             59  0006  OM7M             59   0006     
QSO:    7157 PH 2026-03-28 0009 WJ1U             59  0007  IP2A             59   0021     
QSO:   28387 PH 2026-03-28 0012 WJ1U             59  0008  TI7W             59   0059     
QSO:   21361 PH 2026-03-28 0015 WJ1U             59  0009  WD0T             59   0024     
QSO:   21375 PH 2026-03-28 0016 WJ1U             59  0010  PR2NX            59   0033     
QSO:   21340 PH 2026-03-28 0017 WJ1U             59  0011  C6AFD            59   0007     
QSO:   21331 PH 2026-03-28 0018 WJ1U             59  0012  WS4K             59   0026     
QSO:   21327 PH 2026-03-28 0019 WJ1U             59  0013  V47T             59   0099     
QSO:   14298 PH 2026-03-28 0022 WJ1U             59  0014  PY2ZR            59   0019     
QSO:   14293 PH 2026-03-28 0022 WJ1U             59  0015  AD5XD            59   0055     
QSO:   14269 PH 2026-03-28 0023 WJ1U             59  0016  AA4V             59   0062     
QSO:   14264 PH 2026-03-28 0023 WJ1U             59  0017  W9QL             59   0024     
QSO:   14258 PH 2026-03-28 0024 WJ1U             59  0018  WC6H             59   0057     
QSO:   14242 PH 2026-03-28 0024 WJ1U             59  0019  EI7M             59   0048     
QSO:   14322 PH 2026-03-28 0025 WJ1U             59  0020  AA5KM            59   0005     
QSO:   14322 PH 2026-03-28 0026 WJ1U             59  0021  KM4JGC           59   0006     
QSO:   14317 PH 2026-03-28 0027 WJ1U             59  0022  TM5C             59   0038     
QSO:   14311 PH 2026-03-28 0028 WJ1U             59  0023  AD4TR            59   0073     
QSO:   14303 PH 2026-03-28 0028 WJ1U             59  0024  KC9GLR           59   0033     
QSO:   14300 PH 2026-03-28 0029 WJ1U             59  0025  TM6M             59   0017     
QSO:   14296 PH 2026-03-28 0029 WJ1U             59  0026  J62K             59   0124     
QSO:   14272 PH 2026-03-28 0031 WJ1U             59  0027  WS7X             59   0079     
QSO:   14251 PH 2026-03-28 0032 WJ1U             59  0028  HI3LT            59   0046     
QSO:   14218 PH 2026-03-28 0035 WJ1U             59  0029  WW4LL            59   0112     
QSO:   14215 PH 2026-03-28 0035 WJ1U             59  0030  AF4PX            59   0042     
QSO:   14212 PH 2026-03-28 0035 WJ1U             59  0031  ZF2KT            59   0143     
QSO:   14209 PH 2026-03-28 0036 WJ1U             59  0032  EA5DFV           59   0071     
QSO:   14184 PH 2026-03-28 0039 WJ1U             59  0033  HK3C             59   0099     
QSO:   14177 PH 2026-03-28 0040 WJ1U             59  0034  RC9O             59   0068     
QSO:   14150 PH 2026-03-28 0041 WJ1U             59  0035  KM9P             59   0095     
QSO:   14288 PH 2026-03-28 0042 WJ1U             59  0036  P49Y             59   0140     
QSO:   14314 PH 2026-03-28 0043 WJ1U             59  0037  NH8S             59   0126     
QSO:   14329 PH 2026-03-28 0045 WJ1U             59  0038  N8MD             59   0012     
QSO:   14329 PH 2026-03-28 0045 WJ1U             59  0039  WB5K             59   0014     
QSO:   14329 PH 2026-03-28 0046 WJ1U             59  0040  N4MMR            59   0014     
QSO:   14329 PH 2026-03-28 0046 WJ1U             59  0041  KD9BXR           59   0026     
QSO:   14329 PH 2026-03-28 0048 WJ1U             59  0042  K7SOF            59   0001     
QSO:   14329 PH 2026-03-28 0049 WJ1U             59  0043  WA9JTG           59   0004     
QSO:   14329 PH 2026-03-28 0050 WJ1U             59  0044  KQ4AMK           59   0012     
QSO:   14190 PH 2026-03-28 0052 WJ1U             59  0045  HQ9UM            59   0179     
QSO:   14309 PH 2026-03-28 0054 WJ1U             59  0046  C6AFD            59   0080     
QSO:   21277 PH 2026-03-28 0055 WJ1U             59  0047  9Z4BM            59   0113     
QSO:   21272 PH 2026-03-28 0056 WJ1U             59  0048  P45A             59   0121     
QSO:   21258 PH 2026-03-28 0056 WJ1U             59  0049  HD8R             59   0256     
QSO:   21207 PH 2026-03-28 0058 WJ1U             59  0050  J62K             59   0171     
QSO:    7220 PH 2026-03-28 0100 WJ1U             59  0051  CY0S             59   0146     
QSO:    7232 PH 2026-03-28 0101 WJ1U             59  0052  VA3SWG           59   0068     
QSO:    7235 PH 2026-03-28 0101 WJ1U             59  0053  CF2Z             59   0112     
QSO:    7202 PH 2026-03-28 0103 WJ1U             59  0054  VC2CQ            59   0073     
QSO:    7178 PH 2026-03-28 0106 WJ1U             59  0055  E7DX             59   0191     
QSO:    7175 PH 2026-03-28 0106 WJ1U             59  0056  IO6T             59   0136     
QSO:    7171 PH 2026-03-28 0107 WJ1U             59  0057  HG7T             59   0081     
QSO:    7164 PH 2026-03-28 0107 WJ1U             59  0058  K1LZ             59   0244     
QSO:    7154 PH 2026-03-28 0108 WJ1U             59  0059  NE1C             59   0041     
QSO:    7144 PH 2026-03-28 0110 WJ1U             59  0060  9A4V             59   0084     
QSO:    7192 PH 2026-03-28 0114 WJ1U             59  0061  9A7V             59   0153     
QSO:    7190 PH 2026-03-28 0114 WJ1U             59  0062  IO4X             59   0158     
QSO:    7128 PH 2026-03-28 0117 WJ1U             59  0063  UW5Y             59   0217     
QSO:    3680 PH 2026-03-28 0117 WJ1U             59  0064  CN3A             59   0145     
QSO:    7230 PH 2026-03-28 0122 WJ1U             59  0065  NY3B             59   0067     
QSO:    7256 PH 2026-03-28 0122 WJ1U             59  0066  NG3R             59   0103     
QSO:    7250 PH 2026-03-28 0124 WJ1U             59  0067  VA3TPS           59   0028     
QSO:    7250 PH 2026-03-28 0124 WJ1U             59  0068  W3LL             59   0058     
QSO:    7250 PH 2026-03-28 0124 WJ1U             59  0069  VE2KLW           59   0009     
QSO:    7250 PH 2026-03-28 0125 WJ1U             59  0070  N0HJZ            59   0071     
QSO:    7250 PH 2026-03-28 0125 WJ1U             59  0071  K9KE             59   0040     
QSO:    7250 PH 2026-03-28 0125 WJ1U             59  0072  KD3RF            59   0043     
QSO:    7250 PH 2026-03-28 0125 WJ1U             59  0073  KD9YOO           59   0039     
QSO:    7250 PH 2026-03-28 0125 WJ1U             59  0074  VE3HZ            59   0020     
QSO:    7250 PH 2026-03-28 0126 WJ1U             59  0075  KT6V             59   0081     
QSO:    7250 PH 2026-03-28 0126 WJ1U             59  0076  N8TOD            59   0013     
QSO:    7250 PH 2026-03-28 0127 WJ1U             59  0077  N2LQH            59   0035     
QSO:    7250 PH 2026-03-28 0127 WJ1U             59  0078  W5MPB            59   0059     
QSO:    7250 PH 2026-03-28 0128 WJ1U             59  0079  N4ZQA            59   0003     
QSO:    7250 PH 2026-03-28 0129 WJ1U             59  0080  WA2CP            59   0088     
QSO:    7250 PH 2026-03-28 0130 WJ1U             59  0081  W4WWQ            59   0020     
QSO:    7250 PH 2026-03-28 0130 WJ1U             59  0082  VE3PYJ           59   0008     
QSO:    7250 PH 2026-03-28 0131 WJ1U             59  0083  VE3IDT           59   0017     
QSO:    7250 PH 2026-03-28 0132 WJ1U             59  0084  NX1K             59   0008     
QSO:    7250 PH 2026-03-28 0133 WJ1U             59  0085  K3AU             59   0089     
QSO:    7250 PH 2026-03-28 0133 WJ1U             59  0086  NJ7T             59   0035     
QSO:    7250 PH 2026-03-28 0133 WJ1U             59  0087  KC9GLR           59   0122     
QSO:    7250 PH 2026-03-28 0133 WJ1U             59  0088  W2VTB            59   0045     
QSO:    7250 PH 2026-03-28 0134 WJ1U             59  0089  WK2M             59   0102     
QSO:    7250 PH 2026-03-28 0134 WJ1U             59  0090  K3UV             59   0001     
QSO:    7250 PH 2026-03-28 0134 WJ1U             59  0091  VE3ZV            59   0028     
QSO:    7250 PH 2026-03-28 0134 WJ1U             59  0092  N3FCP            59   0062     
QSO:    7250 PH 2026-03-28 0135 WJ1U             59  0093  ND1X             59   0057     
QSO:    7250 PH 2026-03-28 0135 WJ1U             59  0094  AB2E             59   0062     
QSO:    7250 PH 2026-03-28 0135 WJ1U             59  0095  W8UF             59   0011     
QSO:    7250 PH 2026-03-28 0136 WJ1U             59  0096  W9KEY            59   0050     
QSO:    7250 PH 2026-03-28 0136 WJ1U             59  0097  N2LDV            59   0019     
QSO:    7250 PH 2026-03-28 0136 WJ1U             59  0098  AK1MD            59   0122     
QSO:    7250 PH 2026-03-28 0137 WJ1U             59  0099  W3FR             59   0074     
QSO:    7250 PH 2026-03-28 0137 WJ1U             59  0100  VA3UG            59   0047     
QSO:    7250 PH 2026-03-28 0137 WJ1U             59  0101  WE4BAD           59   0011     
QSO:    7250 PH 2026-03-28 0137 WJ1U             59  0102  KI5GTR           59   0109     
QSO:    7250 PH 2026-03-28 0137 WJ1U             59  0103  KB3UJT           59   0035     
QSO:    7250 PH 2026-03-28 0138 WJ1U             59  0104  AD4TR            59   0233     
QSO:    7250 PH 2026-03-28 0138 WJ1U             59  0105  K2YG             59   0014     
QSO:    7250 PH 2026-03-28 0138 WJ1U             59  0106  KC1WAC           59   0045     
QSO:    7250 PH 2026-03-28 0138 WJ1U             59  0107  WA2DNI           59   0095     
QSO:    7250 PH 2026-03-28 0139 WJ1U             59  0108  W8KNX            59   0034     
QSO:    7250 PH 2026-03-28 0140 WJ1U             59  0109  KC3UDO           59   0043     
QSO:    7250 PH 2026-03-28 0140 WJ1U             59  0110  N4MCC            59   0052     
QSO:    7250 PH 2026-03-28 0141 WJ1U             59  0111  N3TKG            59   0006     
QSO:    7250 PH 2026-03-28 0141 WJ1U             59  0112  VA3CRL           59   0019     
QSO:    7250 PH 2026-03-28 0143 WJ1U             59  0113  NW8U             59   0049     
QSO:    7250 PH 2026-03-28 0143 WJ1U             59  0114  K1BIF            59   0053     
QSO:    7250 PH 2026-03-28 0144 WJ1U             59  0115  KW3A             59   0035     
QSO:    7250 PH 2026-03-28 0144 WJ1U             59  0116  KC6T             59   0108     
QSO:    7250 PH 2026-03-28 0144 WJ1U             59  0117  AI6O             59   0050     
QSO:    7250 PH 2026-03-28 0144 WJ1U             59  0118  K3RWN            59   0045     
QSO:    7250 PH 2026-03-28 0144 WJ1U             59  0119  NZ5X             59   0008     
QSO:    7250 PH 2026-03-28 0145 WJ1U             59  0120  VE2FXL           59   0040     
QSO:    7250 PH 2026-03-28 0145 WJ1U             59  0121  NR4L             59   0097     
QSO:    7250 PH 2026-03-28 0145 WJ1U             59  0122  VA3LR            59   0087     
QSO:    7250 PH 2026-03-28 0146 WJ1U             59  0123  WQ2N             59   0055     
QSO:    7250 PH 2026-03-28 0146 WJ1U             59  0124  N4RA             59   0085     
QSO:    7250 PH 2026-03-28 0146 WJ1U             59  0125  W8LRJ            59   0035     
QSO:    7250 PH 2026-03-28 0147 WJ1U             59  0126  KO6IWF           59   0001     
QSO:    7250 PH 2026-03-28 0148 WJ1U             59  0127  KE9CPV           59   0005     
QSO:    7250 PH 2026-03-28 0148 WJ1U             59  0128  K5VIP            59   0057     
QSO:    7250 PH 2026-03-28 0148 WJ1U             59  0129  K6ES             59   0035     
QSO:    7250 PH 2026-03-28 0149 WJ1U             59  0130  AA9WP            59   0009     
QSO:    7250 PH 2026-03-28 0149 WJ1U             59  0131  TO7O             59   0270     
QSO:    7250 PH 2026-03-28 0152 WJ1U             59  0132  NX3Z             59   0021     
QSO:    7250 PH 2026-03-28 0152 WJ1U             59  0133  AA1N             59   0035     
QSO:    7250 PH 2026-03-28 0153 WJ1U             59  0134  W3ZVX            59   0002     
QSO:    7250 PH 2026-03-28 0153 WJ1U             59  0135  VA3NW            59   0020     
QSO:    7250 PH 2026-03-28 0154 WJ1U             59  0136  KQ4AHO           59   0030     
QSO:    7250 PH 2026-03-28 0155 WJ1U             59  0137  KC2KME           59   0001     
QSO:    7250 PH 2026-03-28 0155 WJ1U             59  0138  W1VBX            59   0029     
QSO:    7250 PH 2026-03-28 0155 WJ1U             59  0139  KI1P             59   0075     
QSO:    7250 PH 2026-03-28 0155 WJ1U             59  0140  N1IPB            59   0101     
QSO:    7250 PH 2026-03-28 0156 WJ1U             59  0141  KC1VXF           59   0066     
QSO:    7250 PH 2026-03-28 0156 WJ1U             59  0142  W1FWS            59   0017     
QSO:    7250 PH 2026-03-28 0157 WJ1U             59  0143  KF8AHK           59   0044     
QSO:    7250 PH 2026-03-28 0158 WJ1U             59  0144  AA0MQ            59   0020     
QSO:    7250 PH 2026-03-28 0158 WJ1U             59  0145  KT5H             59   0032     
QSO:    7250 PH 2026-03-28 0158 WJ1U             59  0146  VE3MMH           59   0034     
QSO:    7250 PH 2026-03-28 0159 WJ1U             59  0147  WM3PEN           59   0027     
QSO:    7250 PH 2026-03-28 0159 WJ1U             59  0148  KF8EPB           59   0008     
QSO:    7250 PH 2026-03-28 0159 WJ1U             59  0149  KC2GOW           59   0098     
QSO:    7250 PH 2026-03-28 0159 WJ1U             59  0150  AA5Z             59   0052     
QSO:    7250 PH 2026-03-28 0200 WJ1U             59  0151  AA0RT            59   0015     
QSO:    7250 PH 2026-03-28 0200 WJ1U             59  0152  AC3KT            59   0017     
QSO:    7250 PH 2026-03-28 0200 WJ1U             59  0153  W8FN             59   0099     
QSO:    7250 PH 2026-03-28 0201 WJ1U             59  0154  KE2CXR           59   0017     
QSO:    7250 PH 2026-03-28 0201 WJ1U             59  0155  K5DPY            59   0033     
QSO:    7250 PH 2026-03-28 0201 WJ1U             59  0156  W3FIZ            59   0093     
QSO:    7250 PH 2026-03-28 0202 WJ1U             59  0157  WB2PJH           59   0075     
QSO:    7250 PH 2026-03-28 0202 WJ1U             59  0158  WG9I             59   0026     
QSO:    7250 PH 2026-03-28 0202 WJ1U             59  0159  N5BWS            59   0013     
QSO:    7250 PH 2026-03-28 0203 WJ1U             59  0160  NQ9N             59   0075     
QSO:    7250 PH 2026-03-28 0203 WJ1U             59  0161  K1ELB            59   0029     
QSO:    7250 PH 2026-03-28 0203 WJ1U             59  0162  VA3OKG           59   0048     
QSO:    7250 PH 2026-03-28 0203 WJ1U             59  0163  W2ADC            59   0025     
QSO:    7250 PH 2026-03-28 0204 WJ1U             59  0164  K5PAR            59   0046     
QSO:    7250 PH 2026-03-28 0204 WJ1U             59  0165  N1ADS            59   0059     
QSO:    7250 PH 2026-03-28 0204 WJ1U             59  0166  WD8OOJ           59   0037     
QSO:    7250 PH 2026-03-28 0204 WJ1U             59  0167  KB0TTL           59   0001     
QSO:    7250 PH 2026-03-28 0204 WJ1U             59  0168  NQ2F             59   0030     
QSO:    7250 PH 2026-03-28 0205 WJ1U             59  0169  K4MWJ            59   0007     
QSO:    7250 PH 2026-03-28 0205 WJ1U             59  0170  K8KDD            59   0007     
QSO:    7250 PH 2026-03-28 0206 WJ1U             59  0171  KB0ARZ           59   0014     
QSO:    7250 PH 2026-03-28 0207 WJ1U             59  0172  K4JKB            59   0051     
QSO:    7250 PH 2026-03-28 0207 WJ1U             59  0173  K0YR             59   0143     
QSO:    7250 PH 2026-03-28 0208 WJ1U             59  0174  KD2TT            59   0071     
QSO:    7250 PH 2026-03-28 0208 WJ1U             59  0175  VB3O             59   0041     
QSO:    7250 PH 2026-03-28 0208 WJ1U             59  0176  WA3AER           59   0102     
QSO:    7250 PH 2026-03-28 0209 WJ1U             59  0177  NA9US            59   0010     
QSO:    7250 PH 2026-03-28 0209 WJ1U             59  0178  W5PKK            59   0062     
QSO:    7250 PH 2026-03-28 0209 WJ1U             59  0179  VE3XJW           59   0008     
QSO:    7250 PH 2026-03-28 0210 WJ1U             59  0180  WV8JOE           59   0005     
QSO:    7250 PH 2026-03-28 0211 WJ1U             59  0181  KQ1F             59   0090     
QSO:    7250 PH 2026-03-28 0211 WJ1U             59  0182  KB2DX            59   0051     
QSO:    7250 PH 2026-03-28 0212 WJ1U             59  0183  VE3UZX           59   0052     
QSO:    7255 PH 2026-03-28 0214 WJ1U             59  0184  N6AR             59   0168     
QSO:    7168 PH 2026-03-28 0215 WJ1U             59  0185  9A73P            59   0147     
QSO:    3748 PH 2026-03-28 0216 WJ1U             59  0186  WX3B             59   0067     
QSO:    7262 PH 2026-03-28 0217 WJ1U             59  0187  NX9T             59   0237     
QSO:    7170 PH 2026-03-28 0220 WJ1U             59  0188  SP8R             59   0220     
QSO:    7194 PH 2026-03-28 0220 WJ1U             59  0189  CR3A             59   0257     
QSO:    7242 PH 2026-03-28 0222 WJ1U             59  0190  V26K             59   0391     
QSO:    3738 PH 2026-03-28 0224 WJ1U             59  0191  K1LZ             59   0476     
QSO:    7135 PH 2026-03-28 0226 WJ1U             59  0192  HA7A             59   0079     
QSO:    7195 PH 2026-03-28 0228 WJ1U             59  0193  NR0Q             59   0043     
QSO:    7125 PH 2026-03-28 0228 WJ1U             59  0194  OK5Z             59   0203     
QSO:    3800 PH 2026-03-28 0229 WJ1U             59  0195  AC1U             59   0228     
QSO:    7238 PH 2026-03-28 0229 WJ1U             59  0196  AD4EB            59   0315     
QSO:    7131 PH 2026-03-28 0230 WJ1U             59  0197  S51CK            59   0107     
QSO:    3705 PH 2026-03-28 0231 WJ1U             59  0198  HA1TJ            59   0235     
QSO:    7212 PH 2026-03-28 0232 WJ1U             59  0199  HB50FX           59   0045     
QSO:    7185 PH 2026-03-28 0233 WJ1U             59  0200  CQ9A             59   0317     
QSO:    3763 PH 2026-03-28 0234 WJ1U             59  0201  CG3I             59   0052     
QSO:    3691 PH 2026-03-28 0235 WJ1U             59  0202  S57AL            59   0318     
QSO:    3776 PH 2026-03-28 0235 WJ1U             59  0203  AB3AH            59   0205     
QSO:    3667 PH 2026-03-28 0236 WJ1U             59  0204  NE1C             59   0052     
QSO:    3769 PH 2026-03-28 0238 WJ1U             59  0205  9A6A             59   0293     
QSO:    7152 PH 2026-03-28 0241 WJ1U             59  0206  AA3R             59   0303     
QSO:    3637 PH 2026-03-28 0243 WJ1U             59  0207  DP6A             59   0246     
QSO:    3649 PH 2026-03-28 0245 WJ1U             59  0208  WA3AFS           59   0010     
QSO:    3649 PH 2026-03-28 0246 WJ1U             59  0209  KT5H             59   0047     
QSO:    7173 PH 2026-03-28 0249 WJ1U             59  0210  ON4CJK           59   0064     
QSO:    7203 PH 2026-03-28 0253 WJ1U             59  0211  NL7WA            59   0316     
QSO:    7243 PH 2026-03-28 0254 WJ1U             59  0212  N3QE             59   0359     
QSO:    3627 PH 2026-03-28 0258 WJ1U             59  0213  TM8K             59   0252     
QSO:    7134 PH 2026-03-28 0258 WJ1U             59  0214  S51YI            59   0203     
QSO:    3780 PH 2026-03-28 0259 WJ1U             59  0215  WK1O             59   0282     
QSO:    3732 PH 2026-03-28 0300 WJ1U             59  0216  CY0S             59   0176     
QSO:    3694 PH 2026-03-28 0301 WJ1U             59  0217  9A6K             59   0268     
QSO:    3765 PH 2026-03-28 0302 WJ1U             59  0218  DQ2A             59   0300     
QSO:    7261 PH 2026-03-28 0303 WJ1U             59  0219  KA4RRU           59   0164     
QSO:    7264 PH 2026-03-28 0305 WJ1U             59  0220  AC2XC            59   0083     
QSO:    7134 PH 2026-03-28 0306 WJ1U             59  0221  HZ1TT            59   0177     
QSO:    7235 PH 2026-03-28 0307 WJ1U             59  0222  W8MET            59   0185     
QSO:    3774 PH 2026-03-28 0309 WJ1U             59  0223  CF3A             59   0431     
QSO:    7217 PH 2026-03-28 0309 WJ1U             59  0224  NH8S             59   0147     
QSO:   14172 PH 2026-03-28 0310 WJ1U             59  0225  WK7S             59   0247     
QSO:   14287 PH 2026-03-28 0311 WJ1U             59  0226  ED8W             59   0455     
QSO:   14298 PH 2026-03-28 0312 WJ1U             59  0227  RU1A             59   0619     
QSO:   14195 PH 2026-03-28 0313 WJ1U             59  0228  KZ1W             59   0234     
QSO:   14243 PH 2026-03-28 0313 WJ1U             59  0229  NT6Q             59   0505     
QSO:   14342 PH 2026-03-28 0314 WJ1U             59  0230  PZ5DX            59   0612     
QSO:   14331 PH 2026-03-28 0315 WJ1U             59  0231  NQ0K             59   0112     
QSO:   14326 PH 2026-03-28 0319 WJ1U             59  0232  KP2M             59   0291     
QSO:   14332 PH 2026-03-28 0319 WJ1U             59  0233  TI1T             59   0393     
QSO:   14227 PH 2026-03-28 0322 WJ1U             59  0234  CQ7X             59   0773     
QSO:    7230 PH 2026-03-28 0322 WJ1U             59  0235  NU5A             59   0440     
QSO:    7240 PH 2026-03-28 0323 WJ1U             59  0236  W9QL             59   0210     
QSO:    3731 PH 2026-03-28 0325 WJ1U             59  0237  W9HP             59   0025     
QSO:    7210 PH 2026-03-28 0330 WJ1U             59  0238  NR6Q             59   0396     
QSO:   14335 PH 2026-03-28 0332 WJ1U             59  0239  CR3A             59   0693     
QSO:    7238 PH 2026-03-28 0333 WJ1U             59  0240  J62K             59   0092     
QSO:    7176 PH 2026-03-28 0334 WJ1U             59  0241  OT2A             59   0291     
QSO:    7207 PH 2026-03-28 0335 WJ1U             59  0242  WR2G             59   0203     
QSO:    7166 PH 2026-03-28 0336 WJ1U             59  0243  9A1RBZ           59   0301     
QSO:    7276 PH 2026-03-28 0338 WJ1U             59  0244  WT0O             59   0207     
QSO:    3746 PH 2026-03-28 0339 WJ1U             59  0245  NH8S             59   0043     
QSO:    7186 PH 2026-03-28 0339 WJ1U             59  0246  CN3A             59   0441     
QSO:    7268 PH 2026-03-28 0340 WJ1U             59  0247  KM9P             59   0467     
QSO:    7198 PH 2026-03-28 0341 WJ1U             59  0248  LZ25W            59   0288     
QSO:    7188 PH 2026-03-28 0342 WJ1U             59  0249  DR1A             59   0314     
QSO:    7180 PH 2026-03-28 0342 WJ1U             59  0250  AA4V             59   0381     
QSO:   14313 PH 2026-03-28 0343 WJ1U             59  0251  HD8R             59   0817     
QSO:    7243 PH 2026-03-28 0344 WJ1U             59  0252  WZ4F             59   0418     
QSO:   14318 PH 2026-03-28 0344 WJ1U             59  0253  LY5W             59   0286     
QSO:   14323 PH 2026-03-28 0346 WJ1U             59  0254  RL3A             59   0620     
QSO:   14254 PH 2026-03-28 0346 WJ1U             59  0255  EA1L             59   0257     
QSO:   14170 PH 2026-03-28 0347 WJ1U             59  0256  OH2PQ            59   0105     
QSO:    7233 PH 2026-03-28 0351 WJ1U             59  0257  8P5A             59   0903     
QSO:    7253 PH 2026-03-28 0351 WJ1U             59  0258  KN2M             59   0355     
QSO:   14257 PH 2026-03-28 0353 WJ1U             59  0259  UN9L             59   0484     
QSO:    3711 PH 2026-03-28 0354 WJ1U             59  0260  OM8A             59   0478     
QSO:   14261 PH 2026-03-28 0357 WJ1U             59  0261  5J3B             59   0175     
QSO:   14304 PH 2026-03-28 0358 WJ1U             59  0262  ES9C             59   0487     
QSO:    7142 PH 2026-03-28 0359 WJ1U             59  0263  ES9C             59   0317     
QSO:   14194 PH 2026-03-28 0359 WJ1U             59  0264  AD5A             59   0221     
QSO:    7221 PH 2026-03-28 0402 WJ1U             59  0265  P49Y             59   0745     
QSO:    7202 PH 2026-03-28 0403 WJ1U             59  0266  PJ2T             59   0236     
QSO:    7183 PH 2026-03-28 0404 WJ1U             59  0267  YT1A             59   0370     
QSO:    3750 PH 2026-03-28 0405 WJ1U             59  0268  WQ5OO            59   0127     
QSO:    7288 PH 2026-03-28 0408 WJ1U             59  0269  N7AGP            59   0152     
QSO:    7273 PH 2026-03-28 0408 WJ1U             59  0270  WA8RCN           59   0202     
QSO:    7262 PH 2026-03-28 0408 WJ1U             59  0271  KC3C             59   0378     
QSO:   14290 PH 2026-03-28 0409 WJ1U             59  0272  OH8K             59   0008     
QSO:   14219 PH 2026-03-28 0411 WJ1U             59  0273  4M4K             59   0306     
QSO:   14260 PH 2026-03-28 0421 WJ1U             59  0274  CR6P             59   0280     
QSO:    3663 PH 2026-03-28 0422 WJ1U             59  0275  N3FCP            59   0155     
QSO:   14203 PH 2026-03-28 0423 WJ1U             59  0276  VP2M             59   0791     
QSO:    3784 PH 2026-03-28 0425 WJ1U             59  0277  J62K             59   0063     
QSO:    7224 PH 2026-03-28 0427 WJ1U             59  0278  V47T             59   1041     
QSO:   14270 PH 2026-03-28 0430 WJ1U             59  0279  OH5Z             59   0473     
QSO:    7291 PH 2026-03-28 0430 WJ1U             59  0280  KK4PJ            59   0320     
QSO:    7136 PH 2026-03-28 0432 WJ1U             59  0281  HG8R             59   0442     
QSO:   14250 PH 2026-03-28 0432 WJ1U             59  0282  IO9A             59   0376     
QSO:    3792 PH 2026-03-28 0433 WJ1U             59  0283  TM6M             59   0198     
QSO:    3740 PH 2026-03-28 0435 WJ1U             59  0284  OM7M             59   0454     
QSO:    3620 PH 2026-03-28 0438 WJ1U             59  0285  W9DZ             59   0047     
QSO:    7161 PH 2026-03-28 0441 WJ1U             59  0286  IB8A             59   0511     
QSO:    7171 PH 2026-03-28 0442 WJ1U             59  0287  DL6RY            59   0372     
QSO:   14317 PH 2026-03-28 0442 WJ1U             59  0288  PT1M             59   0766     
QSO:    7127 PH 2026-03-28 0443 WJ1U             59  0289  OZ5W             59   0172     
QSO:   14206 PH 2026-03-28 0445 WJ1U             59  0290  NH7T             59   0299     
QSO:    7182 PH 2026-03-28 0448 WJ1U             59  0291  KD0BTO           59   0261     
QSO:   14306 PH 2026-03-28 0450 WJ1U             59  0292  CN3A             59   0761     
QSO:    3649 PH 2026-03-28 0453 WJ1U             59  0293  MM9I             59   0447     
QSO:    7294 PH 2026-03-28 0454 WJ1U             59  0294  K6DAV            59   0152     
QSO:    3628 PH 2026-03-28 0456 WJ1U             59  0295  CG3T             59   0389     
QSO:    3628 PH 2026-03-28 0456 WJ1U             59  0296  WE2DX            59   0051     
QSO:    3625 PH 2026-03-28 0459 WJ1U             59  0297  AB2E             59   0173     
QSO:    3625 PH 2026-03-28 0500 WJ1U             59  0298  PA6OR            59   0266     
QSO:    3625 PH 2026-03-28 0500 WJ1U             59  0299  9A1CCY           59   0388     
QSO:    3625 PH 2026-03-28 0501 WJ1U             59  0300  DP9A             59   0348     
QSO:    3625 PH 2026-03-28 0501 WJ1U             59  0301  W3ETO            59   0070     
QSO:    3625 PH 2026-03-28 0501 WJ1U             59  0302  AA4V             59   0210     
QSO:    3625 PH 2026-03-28 0502 WJ1U             59  0303  EI9E             59   0174     
QSO:    3625 PH 2026-03-28 0502 WJ1U             59  0304  NQ9N             59   0169     
QSO:    3625 PH 2026-03-28 0502 WJ1U             59  0305  WV3J             59   0017     
QSO:    3625 PH 2026-03-28 0503 WJ1U             59  0306  DP7D             59   0173     
QSO:    3625 PH 2026-03-28 0504 WJ1U             59  0307  OU8A             59   0131     
QSO:    3625 PH 2026-03-28 0504 WJ1U             59  0308  K3ZU             59   0172     
QSO:    3625 PH 2026-03-28 0505 WJ1U             59  0309  WT1A             59   0424     
QSO:    3624 PH 2026-03-28 0506 WJ1U             59  0310  EI7M             59   0284     
QSO:    3624 PH 2026-03-28 0506 WJ1U             59  0311  KB3WD            59   0525     
QSO:    3624 PH 2026-03-28 0507 WJ1U             59  0312  KB3VQC           59   0026     
QSO:    3624 PH 2026-03-28 0507 WJ1U             59  0313  N1JTK            59   0061     
QSO:    3624 PH 2026-03-28 0508 WJ1U             59  0314  TM1X             59   0295     
QSO:    3624 PH 2026-03-28 0508 WJ1U             59  0315  VB3O             59   0094     
QSO:    3624 PH 2026-03-28 0508 WJ1U             59  0316  KC6T             59   0422     
QSO:    3624 PH 2026-03-28 0508 WJ1U             59  0317  AA4NC            59   0513     
QSO:    3624 PH 2026-03-28 0509 WJ1U             59  0318  OL7P             59   0132     
QSO:    3624 PH 2026-03-28 0509 WJ1U             59  0319  AK1MD            59   0294     
QSO:    3624 PH 2026-03-28 0509 WJ1U             59  0320  KE2D             59   0172     
QSO:    3624 PH 2026-03-28 0509 WJ1U             59  0321  AG4Q             59   0128     
QSO:    3624 PH 2026-03-28 0510 WJ1U             59  0322  KD3RF            59   0080     
QSO:    3625 PH 2026-03-28 0512 WJ1U             59  0323  F5IRP            59   0002     
QSO:    3625 PH 2026-03-28 0512 WJ1U             59  0324  KI1P             59   0185     
QSO:    3625 PH 2026-03-28 0513 WJ1U             59  0325  DK7AM            59   0004     
QSO:    3625 PH 2026-03-28 0513 WJ1U             59  0326  PI4CC            59   0169     
QSO:    3625 PH 2026-03-28 0514 WJ1U             59  0327  DK4WW            59   0006     
QSO:    3625 PH 2026-03-28 0514 WJ1U             59  0328  CR5L             59   0133     
QSO:    3625 PH 2026-03-28 0515 WJ1U             59  0329  DL7URH           59   0144     
QSO:    3625 PH 2026-03-28 0515 WJ1U             59  0330  NR6O             59   0064     
QSO:    3625 PH 2026-03-28 0516 WJ1U             59  0331  VC6R             59   0517     
QSO:    3625 PH 2026-03-28 0516 WJ1U             59  0332  F8CRS            59   0063     
QSO:    3625 PH 2026-03-28 0517 WJ1U             59  0333  GX7C             59   0190     
QSO:    3625 PH 2026-03-28 0517 WJ1U             59  0334  LX5M             59   0200     
QSO:    3625 PH 2026-03-28 0517 WJ1U             59  0335  WB9BWP           59   0039     
QSO:    3625 PH 2026-03-28 0518 WJ1U             59  0336  NO4H             59   0111     
QSO:    3625 PH 2026-03-28 0518 WJ1U             59  0337  WD9CIR           59   0178     
QSO:    3625 PH 2026-03-28 0518 WJ1U             59  0338  DP6C             59   0319     
QSO:    3625 PH 2026-03-28 0518 WJ1U             59  0339  OT7Q             59   0311     
QSO:    3625 PH 2026-03-28 0519 WJ1U             59  0340  CQ7X             59   1117     
QSO:    3625 PH 2026-03-28 0519 WJ1U             59  0341  OP0HQ            59   0004     
QSO:    3625 PH 2026-03-28 0519 WJ1U             59  0342  DL7VEE           59   0005     
QSO:    3625 PH 2026-03-28 0519 WJ1U             59  0343  PA6G             59   0005     
QSO:    3625 PH 2026-03-28 0520 WJ1U             59  0344  F5KMY            59   0002     
QSO:    3625 PH 2026-03-28 0521 WJ1U             59  0345  MX4Y             59   0265     
QSO:    3625 PH 2026-03-28 0523 WJ1U             59  0346  N3NGE            59   0105     
QSO:    3625 PH 2026-03-28 0523 WJ1U             59  0347  M5JB             59   0090     
QSO:    3625 PH 2026-03-28 0524 WJ1U             59  0348  NX9T             59   0455     
QSO:    3687 PH 2026-03-28 0527 WJ1U             59  0349  TI7W             59   1176     
QSO:    3721 PH 2026-03-28 0528 WJ1U             59  0350  KA4RRU           59   0305     
QSO:    7229 PH 2026-03-28 0529 WJ1U             59  0351  WC6H             59   0265     
QSO:    7280 PH 2026-03-28 0530 WJ1U             59  0352  KR1CW            59   0173     
QSO:    3641 PH 2026-03-28 0532 WJ1U             59  0353  G2EC             59   0394     
QSO:    3785 PH 2026-03-28 0534 WJ1U             59  0354  WI0WA            59   0570     
QSO:    7211 PH 2026-03-28 0535 WJ1U             59  0355  KE0UI            59   0184     
QSO:    3788 PH 2026-03-28 0535 WJ1U             59  0356  MU0PLX           59   0163     
QSO:    7150 PH 2026-03-28 0536 WJ1U             59  0357  KX7M             59   0519     
QSO:    3747 PH 2026-03-28 0536 WJ1U             59  0358  WZ4F             59   0644     
QSO:    3751 PH 2026-03-28 0537 WJ1U             59  0359  KM9P             59   0668     
QSO:    7135 PH 2026-03-28 0538 WJ1U             59  0360  NT6Q             59   0875     
QSO:   14287 PH 2026-03-28 0538 WJ1U             59  0361  V47T             59   1230     
QSO:    7238 PH 2026-03-28 0540 WJ1U             59  0362  ZF2KT            59   0565     
QSO:    3698 PH 2026-03-28 0541 WJ1U             59  0363  NY6DX            59   0317     
QSO:    7242 PH 2026-03-28 0542 WJ1U             59  0364  WM7A             59   0067     
QSO:    3760 PH 2026-03-28 0543 WJ1U             59  0365  DR1A             59   0416     
QSO:    3702 PH 2026-03-28 0548 WJ1U             59  0366  AA3R             59   0620     
QSO:    3782 PH 2026-03-28 0550 WJ1U             59  0367  PJ2T             59   0384     
QSO:   14279 PH 2026-03-28 1156 WJ1U             59  0368  TI7W             59   1741     
QSO:   14230 PH 2026-03-28 1158 WJ1U             59  0369  VK6NC            59   0401     
QSO:   14270 PH 2026-03-28 1200 WJ1U             59  0370  IK3UNA           59   1084     
QSO:   14344 PH 2026-03-28 1201 WJ1U             59  0371  PE1T             59   0720     
QSO:   14297 PH 2026-03-28 1202 WJ1U             59  0372  AD4EB            59   0599     
QSO:   14245 PH 2026-03-28 1205 WJ1U             59  0373  VK5T             59   0086     
QSO:   14247 PH 2026-03-28 1206 WJ1U             59  0374  VK4A             59   0966     
QSO:   14294 PH 2026-03-28 1208 WJ1U             59  0375  OM3CW            59   0084     
QSO:   21283 PH 2026-03-28 1210 WJ1U             59  0376  GX7C             59   0121     
QSO:   21241 PH 2026-03-28 1211 WJ1U             59  0377  IO6T             59   1392     
QSO:   21340 PH 2026-03-28 1213 WJ1U             59  0378  RU1A             59   2010     
QSO:   21345 PH 2026-03-28 1213 WJ1U             59  0379  RL3A             59   1762     
QSO:   14170 PH 2026-03-28 1215 WJ1U             59  0380  TM77SM           59   0199     
QSO:   21312 PH 2026-03-28 1218 WJ1U             59  0381  DF7A             59   0564     
QSO:   14323 PH 2026-03-28 1218 WJ1U             59  0382  DR1A             59   0865     
QSO:   21310 PH 2026-03-28 1221 WJ1U             59  0383  S53M             59   0161     
QSO:   21300 PH 2026-03-28 1223 WJ1U             59  0384  SP8R             59   0389     
QSO:   21288 PH 2026-03-28 1224 WJ1U             59  0385  9A1RBZ           59   0405     
QSO:   21202 PH 2026-03-28 1228 WJ1U             59  0386  OM7M             59   0423     
QSO:   21210 PH 2026-03-28 1229 WJ1U             59  0387  E74A             59   0349     
QSO:   21224 PH 2026-03-28 1230 WJ1U             59  0388  YT9X             59   0503     
QSO:   21227 PH 2026-03-28 1230 WJ1U             59  0389  ED7O             59   1248     
QSO:   21317 PH 2026-03-28 1233 WJ1U             59  0390  G8X              59   0324     
QSO:   28328 PH 2026-03-28 1234 WJ1U             59  0391  YT9X             59   0049     
QSO:   28346 PH 2026-03-28 1235 WJ1U             59  0392  9A73P            59   0152     
QSO:   28368 PH 2026-03-28 1236 WJ1U             59  0393  9A1RBZ           59   0033     
QSO:   28373 PH 2026-03-28 1237 WJ1U             59  0394  V47T             59   1957     
QSO:   28409 PH 2026-03-28 1237 WJ1U             59  0395  9A5Y             59   0483     
QSO:   28436 PH 2026-03-28 1237 WJ1U             59  0396  PT5J             59   1086     
QSO:   28475 PH 2026-03-28 1238 WJ1U             59  0397  VP2M             59   1635     
QSO:   28479 PH 2026-03-28 1239 WJ1U             59  0398  YT1X             59   0289     
QSO:   28500 PH 2026-03-28 1240 WJ1U             59  0399  V26K             59   1396     
QSO:   28563 PH 2026-03-28 1248 WJ1U             59  0400  YU9A             59   0344     
QSO:   28622 PH 2026-03-28 1250 WJ1U             59  0401  IB4X             59   0187     
QSO:   21447 PH 2026-03-28 1252 WJ1U             59  0402  G2EC             59   0802     
QSO:   21434 PH 2026-03-28 1253 WJ1U             59  0403  OH1TM            59   0332     
QSO:   21432 PH 2026-03-28 1254 WJ1U             59  0404  EI7M             59   0607     
QSO:   21429 PH 2026-03-28 1254 WJ1U             59  0405  E72U             59   0059     
QSO:   21420 PH 2026-03-28 1255 WJ1U             59  0406  OK2J             59   0481     
QSO:   21417 PH 2026-03-28 1255 WJ1U             59  0407  OG9X             59   0436     
QSO:   21384 PH 2026-03-28 1257 WJ1U             59  0408  3Z77D            59   0990     
QSO:   21372 PH 2026-03-28 1258 WJ1U             59  0409  OM0R             59   0866     
QSO:   21367 PH 2026-03-28 1259 WJ1U             59  0410  TM3P             59   1296     
QSO:   21365 PH 2026-03-28 1259 WJ1U             59  0411  IP2A             59   0562     
QSO:   21362 PH 2026-03-28 1300 WJ1U             59  0412  YP8T             59   0590     
QSO:   21360 PH 2026-03-28 1300 WJ1U             59  0413  S57AL            59   0948     
QSO:   21357 PH 2026-03-28 1301 WJ1U             59  0414  YL2KO            59   0683     
QSO:   21352 PH 2026-03-28 1302 WJ1U             59  0415  UZ7C             59   0983     
QSO:   21346 PH 2026-03-28 1303 WJ1U             59  0416  YO9HP            59   0343     
QSO:   21337 PH 2026-03-28 1303 WJ1U             59  0417  YL6W             59   0453     
QSO:   21329 PH 2026-03-28 1304 WJ1U             59  0418  OM5R             59   0347     
QSO:   21326 PH 2026-03-28 1305 WJ1U             59  0419  9A3TR            59   0666     
QSO:   21320 PH 2026-03-28 1306 WJ1U             59  0420  ES9C             59   0677     
QSO:   21298 PH 2026-03-28 1307 WJ1U             59  0421  9A73P            59   0392     
QSO:   21294 PH 2026-03-28 1308 WJ1U             59  0422  YR100RC          59   0539     
QSO:   21293 PH 2026-03-28 1309 WJ1U             59  0423  OM8A             59   0826     
QSO:   21281 PH 2026-03-28 1310 WJ1U             59  0424  OT5A             59   0242     
QSO:   21280 PH 2026-03-28 1310 WJ1U             59  0425  UW5Y             59   0941     
QSO:   21278 PH 2026-03-28 1311 WJ1U             59  0426  DR1A             59   0434     
QSO:   21260 PH 2026-03-28 1313 WJ1U             59  0427  DP9A             59   0944     
QSO:   21244 PH 2026-03-28 1315 WJ1U             59  0428  LN2T             59   0177     
QSO:   21208 PH 2026-03-28 1316 WJ1U             59  0429  OT2A             59   0334     
QSO:   28344 PH 2026-03-28 1319 WJ1U             59  0430  IQ5PJ            59   0353     
QSO:   28359 PH 2026-03-28 1320 WJ1U             59  0431  YU5A             59   0724     
QSO:   28440 PH 2026-03-28 1322 WJ1U             59  0432  4M5A             59   0334     
QSO:   28488 PH 2026-03-28 1323 WJ1U             59  0433  IO9A             59   1256     
QSO:   28508 PH 2026-03-28 1324 WJ1U             59  0434  YT9W             59   0314     
QSO:   28527 PH 2026-03-28 1325 WJ1U             59  0435  IO6T             59   1593     
QSO:   28365 PH 2026-03-28 1329 WJ1U             59  0436  PV2G             59   0981     
QSO:   21414 PH 2026-03-28 1330 WJ1U             59  0437  OH9GGY           59   0106     
QSO:   21414 PH 2026-03-28 1334 WJ1U             59  0438  UT7EV            59   0015     
QSO:   21261 PH 2026-03-28 1340 WJ1U             59  0439  SG5Z             59   0831     
QSO:   21251 PH 2026-03-28 1340 WJ1U             59  0440  NU5A             59   1272     
QSO:   21248 PH 2026-03-28 1341 WJ1U             59  0441  OZ5W             59   0177     
QSO:   21268 PH 2026-03-28 1342 WJ1U             59  0442  DR4S             59   0050     
QSO:   21268 PH 2026-03-28 1343 WJ1U             59  0443  OZ1IKY           59   0196     
QSO:   21268 PH 2026-03-28 1343 WJ1U             59  0444  OK2PWX           59   0128     
QSO:   21268 PH 2026-03-28 1344 WJ1U             59  0445  LY2K             59   0824     
QSO:   21268 PH 2026-03-28 1344 WJ1U             59  0446  SP7TEE           59   0151     
QSO:   21268 PH 2026-03-28 1345 WJ1U             59  0447  CR3A             59   1096     
QSO:   21268 PH 2026-03-28 1348 WJ1U             59  0448  RC5Z             59   0130     
QSO:   21446 PH 2026-03-28 1349 WJ1U             59  0449  OK6Y             59   0568     
QSO:   21441 PH 2026-03-28 1349 WJ1U             59  0450  N6AR             59   0491     
QSO:   21437 PH 2026-03-28 1350 WJ1U             59  0451  YO2LEA           59   0164     
QSO:   21422 PH 2026-03-28 1351 WJ1U             59  0452  HB9EHJ           59   0296     
QSO:   28635 PH 2026-03-28 1354 WJ1U             59  0453  PR2EG            59   0700     
QSO:   28612 PH 2026-03-28 1356 WJ1U             59  0454  HK1T             59   0667     
QSO:   28432 PH 2026-03-28 1356 WJ1U             59  0455  J62K             59   0154     
QSO:   28346 PH 2026-03-28 1357 WJ1U             59  0456  9H6A             59   0095     
QSO:   28314 PH 2026-03-28 1357 WJ1U             59  0457  8P5A             59   2185     
QSO:   28533 PH 2026-03-28 1359 WJ1U             59  0458  TI1I             59   0251     
QSO:   28394 PH 2026-03-28 1402 WJ1U             59  0459  P49Y             59   1428     
QSO:   28588 PH 2026-03-28 1405 WJ1U             59  0460  9Y4I             59   0122     
QSO:   21254 PH 2026-03-28 1408 WJ1U             59  0461  RA3OA            59   0381     
QSO:   21323 PH 2026-03-28 1409 WJ1U             59  0462  S56AA            59   0161     
QSO:   21306 PH 2026-03-28 1410 WJ1U             59  0463  OG73X            59   0797     
QSO:   21383 PH 2026-03-28 1414 WJ1U             59  0464  UT0H             59   0576     
QSO:   21380 PH 2026-03-28 1414 WJ1U             59  0465  II4M             59   0366     
QSO:   21335 PH 2026-03-28 1417 WJ1U             59  0466  SO9I             59   0832     
QSO:   21330 PH 2026-03-28 1419 WJ1U             59  0467  LZ5R             59   1788     
QSO:   21449 PH 2026-03-28 1421 WJ1U             59  0468  HG0R             59   0539     
QSO:   21446 PH 2026-03-28 1421 WJ1U             59  0469  SP9XCN           59   0707     
QSO:   21435 PH 2026-03-28 1424 WJ1U             59  0470  DH8BQA           59   0235     
QSO:   21349 PH 2026-03-28 1430 WJ1U             59  0471  OL8R             59   0166     
QSO:   21328 PH 2026-03-28 1431 WJ1U             59  0472  KI6QDH           59   0309     
QSO:   21206 PH 2026-03-28 1432 WJ1U             59  0473  SP1NQH           59   0133     
QSO:   21217 PH 2026-03-28 1433 WJ1U             59  0474  EU4E             59   0707     
QSO:   21260 PH 2026-03-28 1434 WJ1U             59  0475  HA3DX            59   1169     
QSO:   21302 PH 2026-03-28 1436 WJ1U             59  0476  DJ7M             59   0140     
QSO:   14283 PH 2026-03-28 1437 WJ1U             59  0477  N7MZW            59   0233     
QSO:   21437 PH 2026-03-28 1439 WJ1U             59  0478  OE2XAL           59   0533     
QSO:   21387 PH 2026-03-28 1440 WJ1U             59  0479  S50K             59   0669     
QSO:   21382 PH 2026-03-28 1441 WJ1U             59  0480  E7DX             59   0967     
QSO:   21284 PH 2026-03-28 1444 WJ1U             59  0481  IK3UNA           59   1461     
QSO:   21277 PH 2026-03-28 1445 WJ1U             59  0482  HG7T             59   0493     
QSO:   21267 PH 2026-03-28 1446 WJ1U             59  0483  HG8R             59   0925     
QSO:   28569 PH 2026-03-28 1449 WJ1U             59  0484  LZ1ND            59   0141     
QSO:   28440 PH 2026-03-28 1452 WJ1U             59  0485  IP8P             59   0027     
QSO:   14293 PH 2026-03-28 1500 WJ1U             59  0486  WM7A             59   0271     
QSO:   14275 PH 2026-03-28 1500 WJ1U             59  0487  3Z77D            59   1219     
QSO:   21447 PH 2026-03-28 1504 WJ1U             59  0488  SN8A             59   0266     
QSO:   21426 PH 2026-03-28 1505 WJ1U             59  0489  OL9R             59   0731     
QSO:   21226 PH 2026-03-28 1506 WJ1U             59  0490  OG8M             59   0489     
QSO:   21211 PH 2026-03-28 1507 WJ1U             59  0491  IO3M             59   0092     
QSO:   21405 PH 2026-03-28 1510 WJ1U             59  0492  HA5JI            59   1371     
QSO:   21218 PH 2026-03-28 1512 WJ1U             59  0493  TM0E             59   0347     
QSO:   21258 PH 2026-03-28 1514 WJ1U             59  0494  LA4C             59   0122     
QSO:   21298 PH 2026-03-28 1516 WJ1U             59  0495  UT3EV            59   0374     
QSO:   21303 PH 2026-03-28 1517 WJ1U             59  0496  M6C              59   0098     
QSO:   21273 PH 2026-03-28 1519 WJ1U             59  0497  WA1F             59   0194     
QSO:   21420 PH 2026-03-28 1523 WJ1U             59  0498  UT5EL            59   0603     
QSO:   21243 PH 2026-03-28 1525 WJ1U             59  0499  RU4AA            59   0147     
QSO:   21240 PH 2026-03-28 1526 WJ1U             59  0500  IB4X             59   0501     
QSO:   21238 PH 2026-03-28 1526 WJ1U             59  0501  EI9E             59   0406     
QSO:   28525 PH 2026-03-28 1530 WJ1U             59  0502  SV2HJQ           59   0783     
QSO:   21214 PH 2026-03-28 1532 WJ1U             59  0503  K5MV             59   0037     
QSO:   14173 PH 2026-03-28 1533 WJ1U             59  0504  N4ZZ             59   0243     
QSO:   14165 PH 2026-03-28 1534 WJ1U             59  0505  K0JJR            59   0074     
QSO:   14165 PH 2026-03-28 1535 WJ1U             59  0506  NZ2S             59   0016     
QSO:   14165 PH 2026-03-28 1536 WJ1U             59  0507  AE5P             59   0008     
QSO:   14165 PH 2026-03-28 1537 WJ1U             59  0508  AK4SE            59   0055     
QSO:   21390 PH 2026-03-28 1541 WJ1U             59  0509  TM4ZZ            59   0307     
QSO:   14224 PH 2026-03-28 1541 WJ1U             59  0510  KS7T             59   0215     
QSO:   28352 PH 2026-03-28 1543 WJ1U             59  0511  PW2K             59   0858     
QSO:   14227 PH 2026-03-28 1544 WJ1U             59  0512  W7RCC            59   0037     
QSO:   14263 PH 2026-03-28 1544 WJ1U             59  0513  VE4SG            59   0419     
QSO:   21445 PH 2026-03-28 1545 WJ1U             59  0514  OG6N             59   0275     
QSO:   21216 PH 2026-03-28 1548 WJ1U             59  0515  R4GM             59   0456     
QSO:   21350 PH 2026-03-28 1550 WJ1U             59  0516  OL1X             59   0050     
QSO:   21423 PH 2026-03-28 1552 WJ1U             59  0517  DA0BCC           59   0170     
QSO:   21338 PH 2026-03-28 1555 WJ1U             59  0518  ER4A             59   0387     
QSO:   21428 PH 2026-03-28 1556 WJ1U             59  0519  S52WW            59   0558     
QSO:   28524 PH 2026-03-28 1701 WJ1U             59  0520  S09S             59   0883     
QSO:   28643 PH 2026-03-28 1703 WJ1U             59  0521  HD8R             59   2177     
QSO:   28537 PH 2026-03-28 1706 WJ1U             59  0522  KW7MM            59   0685     
QSO:   28428 PH 2026-03-28 1707 WJ1U             59  0523  D4K              59   1695     
QSO:   28668 PH 2026-03-28 1709 WJ1U             59  0524  PZ5DX            59   1894     
QSO:   28567 PH 2026-03-28 1713 WJ1U             59  0525  PY1AX            59   0156     
QSO:   21379 PH 2026-03-28 1720 WJ1U             59  0526  OM7K             59   0653     
QSO:   21366 PH 2026-03-28 1721 WJ1U             59  0527  YT3TT            59   0797     
QSO:   21348 PH 2026-03-28 1724 WJ1U             59  0528  PC2T             59   0020     
QSO:   21310 PH 2026-03-28 1726 WJ1U             59  0529  IB9T             59   1951     
QSO:   21307 PH 2026-03-28 1727 WJ1U             59  0530  EE1G             59   0937     
QSO:   21285 PH 2026-03-28 1730 WJ1U             59  0531  IK2XSL           59   0160     
QSO:   21248 PH 2026-03-28 1734 WJ1U             59  0532  OK5Z             59   1415     
QSO:   21238 PH 2026-03-28 1736 WJ1U             59  0533  ED5O             59   1272     
QSO:   21396 PH 2026-03-28 1737 WJ1U             59  0534  NN7CW            59   0126     
QSO:   28355 PH 2026-03-28 1738 WJ1U             59  0535  G7TWC            59   0094     
QSO:   21235 PH 2026-03-28 1739 WJ1U             59  0536  II9P             59   0799     
QSO:   21243 PH 2026-03-28 1739 WJ1U             59  0537  EA3AR            59   0784     
QSO:   14324 PH 2026-03-28 1744 WJ1U             59  0538  KM4IYW           59   0085     
QSO:   14324 PH 2026-03-28 1745 WJ1U             59  0539  W0ZQ             59   0043     
QSO:   14324 PH 2026-03-28 1747 WJ1U             59  0540  KE9BJH           59   0003     
QSO:   14324 PH 2026-03-28 1748 WJ1U             59  0541  W9DTO            59   0004     
QSO:   14324 PH 2026-03-28 1749 WJ1U             59  0542  KY4TT            59   0087     
QSO:   14323 PH 2026-03-28 1749 WJ1U             59  0543  KE6QEY           59   0029     
QSO:   14324 PH 2026-03-28 1750 WJ1U             59  0544  KA8QAY           59   0026     
QSO:   14324 PH 2026-03-28 1750 WJ1U             59  0545  PD7V             59   0192     
QSO:   14324 PH 2026-03-28 1751 WJ1U             59  0546  AC9S             59   0371     
QSO:   14210 PH 2026-03-28 1756 WJ1U             59  0547  IP2A             59   0734     
QSO:   28554 PH 2026-03-28 1758 WJ1U             59  0548  PV2P             59   0522     
QSO:   21338 PH 2026-03-28 1801 WJ1U             59  0549  IW2HAJ           59   1182     
QSO:   21369 PH 2026-03-28 1802 WJ1U             59  0550  CR6T             59   1951     
QSO:   14284 PH 2026-03-28 1804 WJ1U             59  0551  OL1X             59   0131     
QSO:   14289 PH 2026-03-28 1805 WJ1U             59  0552  YT9X             59   1261     
QSO:   14335 PH 2026-03-28 1807 WJ1U             59  0553  NV4T             59   0196     
QSO:   14335 PH 2026-03-28 1807 WJ1U             59  0554  W0EBN            59   0001     
QSO:   14335 PH 2026-03-28 1808 WJ1U             59  0555  K4JSK            59   0006     
QSO:   14335 PH 2026-03-28 1809 WJ1U             59  0556  WY4TT            59   0001     
QSO:   14335 PH 2026-03-28 1810 WJ1U             59  0557  WV8CDL           59   0001     
QSO:   14335 PH 2026-03-28 1812 WJ1U             59  0558  W9BRT            59   0007     
QSO:   14335 PH 2026-03-28 1813 WJ1U             59  0559  NI4BK            59   0002     
QSO:   14335 PH 2026-03-28 1814 WJ1U             59  0560  W2STA            59   0001     
QSO:   21286 PH 2026-03-28 1816 WJ1U             59  0561  M2L              59   0412     
QSO:   21437 PH 2026-03-28 1817 WJ1U             59  0562  IP0A             59   1531     
QSO:   21341 PH 2026-03-28 1819 WJ1U             59  0563  E73M             59   1311     
QSO:   28362 PH 2026-03-28 1820 WJ1U             59  0564  PP1WW            59   1011     
QSO:   14200 PH 2026-03-28 1821 WJ1U             59  0565  9A8DX            59   1000     
QSO:   21404 PH 2026-03-28 1823 WJ1U             59  0566  W6AFA            59   0447     
QSO:   21398 PH 2026-03-28 1824 WJ1U             59  0567  NR6O             59   0681     
QSO:   14268 PH 2026-03-28 1826 WJ1U             59  0568  IP4M             59   1365     
QSO:   21348 PH 2026-03-28 1828 WJ1U             59  0569  WZ7F             59   1293     
QSO:   14220 PH 2026-03-28 1829 WJ1U             59  0570  NN7CW            59   0260     
QSO:   14198 PH 2026-03-28 1833 WJ1U             59  0571  SV9FBG           59   1174     
QSO:   21421 PH 2026-03-28 1835 WJ1U             59  0572  8P5A             59   3248     
QSO:   21271 PH 2026-03-28 1837 WJ1U             59  0573  DA1TT            59   0591     
QSO:   14287 PH 2026-03-28 1842 WJ1U             59  0574  YP8T             59   1195     
QSO:   28574 PH 2026-03-28 1844 WJ1U             59  0575  TO7O             59   1710     
QSO:   28445 PH 2026-03-28 1845 WJ1U             59  0576  FY5KE            59   0127     
QSO:   21356 PH 2026-03-28 1847 WJ1U             59  0577  VP2M             59   2338     
QSO:   28463 PH 2026-03-28 1848 WJ1U             59  0578  PJ7AA            59   0218     
QSO:   14295 PH 2026-03-28 1850 WJ1U             59  0579  4O3A             59   1443     
QSO:   21353 PH 2026-03-28 1851 WJ1U             59  0580  CQ7X             59   3042     
QSO:   21443 PH 2026-03-28 1852 WJ1U             59  0581  TI1K             59   1251     
QSO:   21435 PH 2026-03-28 1853 WJ1U             59  0582  EB5A             59   1666     
QSO:   21425 PH 2026-03-28 1854 WJ1U             59  0583  KX7M             59   1219     
QSO:   21418 PH 2026-03-28 1854 WJ1U             59  0584  S50W             59   0862     
QSO:   21397 PH 2026-03-28 1857 WJ1U             59  0585  KK6BB            59   0058     
QSO:   21397 PH 2026-03-28 1858 WJ1U             59  0586  IN3EHQ           59   0098     
QSO:   21397 PH 2026-03-28 1858 WJ1U             59  0587  AK7MN            59   0059     
QSO:   21396 PH 2026-03-28 1858 WJ1U             59  0588  VE4MAX           59   0017     
QSO:   21397 PH 2026-03-28 1859 WJ1U             59  0589  SQ9M             59   0510     
QSO:   21397 PH 2026-03-28 1859 WJ1U             59  0590  VE5MX            59   0251     
QSO:   21397 PH 2026-03-28 1900 WJ1U             59  0591  KA1AQ            59   0047     
QSO:   21397 PH 2026-03-28 1900 WJ1U             59  0592  LZ7A             59   0093     
QSO:   21397 PH 2026-03-28 1900 WJ1U             59  0593  NT5V             59   0694     
QSO:   21397 PH 2026-03-28 1900 WJ1U             59  0594  II8K             59   2029     
QSO:   21397 PH 2026-03-28 1901 WJ1U             59  0595  ED1R             59   0697     
QSO:   21397 PH 2026-03-28 1901 WJ1U             59  0596  KG5OV            59   0014     
QSO:   21397 PH 2026-03-28 1901 WJ1U             59  0597  W6QU             59   0116     
QSO:   21397 PH 2026-03-28 1901 WJ1U             59  0598  NR7DX            59   0665     
QSO:   21397 PH 2026-03-28 1902 WJ1U             59  0599  IQ4SC            59   0314     
QSO:   21397 PH 2026-03-28 1903 WJ1U             59  0600  K5DPY            59   0082     
QSO:   21397 PH 2026-03-28 1904 WJ1U             59  0601  E74BYZ           59   0615     
QSO:   21397 PH 2026-03-28 1905 WJ1U             59  0602  OK1KKI           59   0969     
QSO:   21397 PH 2026-03-28 1905 WJ1U             59  0603  LZ25W            59   1167     
QSO:   21397 PH 2026-03-28 1906 WJ1U             59  0604  N6NFB            59   0027     
QSO:   21397 PH 2026-03-28 1908 WJ1U             59  0605  SO9B             59   0371     
QSO:   21397 PH 2026-03-28 1910 WJ1U             59  0606  YU7KP            59   0033     
QSO:   21397 PH 2026-03-28 1912 WJ1U             59  0607  KD5NDJ           59   0033     
QSO:   21397 PH 2026-03-28 1913 WJ1U             59  0608  N0SD             59   0017     
QSO:   21397 PH 2026-03-28 1913 WJ1U             59  0609  AD5XD            59   1050     
QSO:   21397 PH 2026-03-28 1913 WJ1U             59  0610  S58Y             59   0147     
QSO:   21397 PH 2026-03-28 1916 WJ1U             59  0611  KT6VV            59   0017     
QSO:   21397 PH 2026-03-28 1918 WJ1U             59  0612  SP6PRT           59   0117     
QSO:   21396 PH 2026-03-28 1920 WJ1U             59  0613  9A60CBM          59   0257     
QSO:   21396 PH 2026-03-28 1922 WJ1U             59  0614  DO2SHJ           59   0015     
QSO:   21396 PH 2026-03-28 1923 WJ1U             59  0615  WB2FKO           59   0055     
QSO:   21249 PH 2026-03-28 1947 WJ1U             59  0616  SQ8GUM           59   0055     
QSO:   21249 PH 2026-03-28 1948 WJ1U             59  0617  PY3FZ            59   0203     
QSO:   21249 PH 2026-03-28 1949 WJ1U             59  0618  W0VIX            59   0010     
QSO:   21249 PH 2026-03-28 1950 WJ1U             59  0619  N9ARX            59   0181     
QSO:   21249 PH 2026-03-28 1950 WJ1U             59  0620  DL1NKS           59   0452     
QSO:   21249 PH 2026-03-28 1950 WJ1U             59  0621  IQ5PJ            59   0688     
QSO:   21249 PH 2026-03-28 1951 WJ1U             59  0622  IO3X             59   0242     
QSO:   21249 PH 2026-03-28 1951 WJ1U             59  0623  NC8C             59   0206     
QSO:   14233 PH 2026-03-28 1954 WJ1U             59  0624  9A1RBZ           59   0690     
QSO:   28497 PH 2026-03-28 1955 WJ1U             59  0625  CN3A             59   2239     
QSO:   28483 PH 2026-03-28 1956 WJ1U             59  0626  LT7F             59   0490     
QSO:   28474 PH 2026-03-28 1956 WJ1U             59  0627  NR6O             59   0754     
QSO:   28455 PH 2026-03-28 1957 WJ1U             59  0628  PU2VLW           59   0996     
QSO:   28425 PH 2026-03-28 1958 WJ1U             59  0629  V4/SP9FIH        59   1270     
QSO:   28583 PH 2026-03-28 2000 WJ1U             59  0630  CX1AR            59   0544     
QSO:   28320 PH 2026-03-28 2000 WJ1U             59  0631  LT3E             59   1554     
QSO:   28354 PH 2026-03-28 2002 WJ1U             59  0632  NR6Q             59   1101     
QSO:   28581 PH 2026-03-28 2004 WJ1U             59  0633  LO7H             59   0774     
QSO:   28407 PH 2026-03-28 2005 WJ1U             59  0634  WC6H             59   0291     
QSO:   28625 PH 2026-03-28 2006 WJ1U             59  0635  PY2MNL           59   0458     
QSO:   28411 PH 2026-03-28 2008 WJ1U             59  0636  HI3LT            59   0185     
QSO:   28369 PH 2026-03-28 2008 WJ1U             59  0637  PY2UD            59   0830     
QSO:   28344 PH 2026-03-28 2009 WJ1U             59  0638  ED8M             59   0275     
QSO:   28691 PH 2026-03-28 2011 WJ1U             59  0639  PY5WR            59   0152     
QSO:   28620 PH 2026-03-28 2011 WJ1U             59  0640  ZP9HTL           59   0291     
QSO:   28608 PH 2026-03-28 2012 WJ1U             59  0641  PT1M             59   1671     
QSO:   28309 PH 2026-03-28 2013 WJ1U             59  0642  ZF2KT            59   1827     
QSO:   28395 PH 2026-03-28 2015 WJ1U             59  0643  HI8R             59   1555     
QSO:   28603 PH 2026-03-28 2016 WJ1U             59  0644  CX2TQ            59   0776     
QSO:   28647 PH 2026-03-28 2018 WJ1U             59  0645  PX2T             59   0110     
QSO:   28638 PH 2026-03-28 2018 WJ1U             59  0646  PY2IB            59   0081     
QSO:   28615 PH 2026-03-28 2019 WJ1U             59  0647  PR2NX            59   0414     
QSO:   28576 PH 2026-03-28 2020 WJ1U             59  0648  9Z4BM            59   1136     
QSO:   28313 PH 2026-03-28 2023 WJ1U             59  0649  CR3A             59   1971     
QSO:   21208 PH 2026-03-28 2024 WJ1U             59  0650  HQ9UM            59   1833     
QSO:   21437 PH 2026-03-28 2025 WJ1U             59  0651  DK8ZZ            59   0177     
QSO:   21238 PH 2026-03-28 2027 WJ1U             59  0652  N6MJ             59   0069     
QSO:   21200 PH 2026-03-28 2029 WJ1U             59  0653  WX3B             59   1174     
QSO:   21223 PH 2026-03-28 2030 WJ1U             59  0654  W4LT             59   0338     
QSO:   21339 PH 2026-03-28 2034 WJ1U             59  0655  W4LX             59   0071     
QSO:   21372 PH 2026-03-28 2035 WJ1U             59  0656  WD8DSV           59   0199     
QSO:   21372 PH 2026-03-28 2036 WJ1U             59  0657  EI4GNB           59   0308     
QSO:   21372 PH 2026-03-28 2038 WJ1U             59  0658  HA0NEM           59   0006     
QSO:   21372 PH 2026-03-28 2040 WJ1U             59  0659  N4XGP            59   0141     
QSO:   21372 PH 2026-03-28 2041 WJ1U             59  0660  PA3CDD           59   0038     
QSO:   21372 PH 2026-03-28 2041 WJ1U             59  0661  KF0HYZ           59   0052     
QSO:   21372 PH 2026-03-28 2041 WJ1U             59  0662  CT3KN            59   2431     
QSO:   21372 PH 2026-03-28 2043 WJ1U             59  0663  WC6H             59   0648     
QSO:   21372 PH 2026-03-28 2043 WJ1U             59  0664  ED3X             59   0118     
QSO:   21372 PH 2026-03-28 2043 WJ1U             59  0665  PT1M             59   1125     
QSO:   21372 PH 2026-03-28 2043 WJ1U             59  0666  S59A             59   0390     
QSO:   21372 PH 2026-03-28 2044 WJ1U             59  0667  KN4VZR           59   0002     
QSO:   21372 PH 2026-03-28 2045 WJ1U             59  0668  EI3ENB           59   0192     
QSO:   21372 PH 2026-03-28 2045 WJ1U             59  0669  G5O              59   0146     
QSO:   21372 PH 2026-03-28 2045 WJ1U             59  0670  LP1H             59   1920     
QSO:   21372 PH 2026-03-28 2046 WJ1U             59  0671  DR800WE          59   0193     
QSO:   21372 PH 2026-03-28 2047 WJ1U             59  0672  GM2T             59   0386     
QSO:   21372 PH 2026-03-28 2047 WJ1U             59  0673  IZ6JTZ           59   0233     
QSO:   21372 PH 2026-03-28 2047 WJ1U             59  0674  ED2R             59   0284     
QSO:   21372 PH 2026-03-28 2049 WJ1U             59  0675  IN3KTT           59   0123     
QSO:   21372 PH 2026-03-28 2051 WJ1U             59  0676  OT7Q             59   1137     
QSO:   21372 PH 2026-03-28 2051 WJ1U             59  0677  PI4CC            59   0438     
QSO:   21372 PH 2026-03-28 2052 WJ1U             59  0678  WA0WWW           59   0029     
QSO:   21372 PH 2026-03-28 2054 WJ1U             59  0679  AA5XD            59   0055     
QSO:   21372 PH 2026-03-28 2056 WJ1U             59  0680  WF0GM            59   0186     
QSO:   21372 PH 2026-03-28 2058 WJ1U             59  0681  K0MLD            59   0138     
QSO:   21372 PH 2026-03-28 2101 WJ1U             59  0683  ON1DA            59   0160     
QSO:   21446 PH 2026-03-28 2103 WJ1U             59  0684  KD7ND            59   0567     
QSO:   21256 PH 2026-03-28 2104 WJ1U             59  0685  EA3AQ            59   0660     
QSO:   14213 PH 2026-03-28 2105 WJ1U             59  0686  SZ40A            59   0844     
QSO:   21230 PH 2026-03-28 2108 WJ1U             59  0687  KV0I             59   0818     
QSO:   14153 PH 2026-03-28 2108 WJ1U             59  0688  AA4NC            59   1273     
QSO:   14178 PH 2026-03-28 2109 WJ1U             59  0689  IK0PHY           59   0874     
QSO:   14206 PH 2026-03-28 2111 WJ1U             59  0690  EE1G             59   1278     
QSO:   21295 PH 2026-03-28 2111 WJ1U             59  0691  CN3A             59   2512     
QSO:   21337 PH 2026-03-28 2112 WJ1U             59  0692  EA1YD            59   0896     
QSO:   14185 PH 2026-03-28 2113 WJ1U             59  0693  HB9HLM           59   0539     
QSO:   21440 PH 2026-03-28 2114 WJ1U             59  0694  NQ0K             59   0270     
QSO:   28446 PH 2026-03-28 2116 WJ1U             59  0695  PY4BAL           59   0252     
QSO:   21374 PH 2026-03-28 2117 WJ1U             59  0696  KR7D             59   0542     
QSO:   21407 PH 2026-03-28 2118 WJ1U             59  0697  D4C              59   2448     
QSO:   14334 PH 2026-03-28 2120 WJ1U             59  0698  HG5E             59   1552     
QSO:   14214 PH 2026-03-28 2120 WJ1U             59  0699  DJ5MW            59   1335     
QSO:   14211 PH 2026-03-28 2121 WJ1U             59  0700  DA0T             59   1232     
QSO:   28427 PH 2026-03-28 2122 WJ1U             59  0701  LU3DK            59   0162     
QSO:   14190 PH 2026-03-28 2123 WJ1U             59  0702  IP3P             59   0137     
QSO:   21245 PH 2026-03-28 2125 WJ1U             59  0703  4M5A             59   0637     
QSO:   21317 PH 2026-03-28 2125 WJ1U             59  0704  WW4LL            59   1131     
QSO:   14315 PH 2026-03-28 2126 WJ1U             59  0705  E74A             59   1095     
QSO:   21278 PH 2026-03-28 2127 WJ1U             59  0706  EA1L             59   1933     
QSO:   14231 PH 2026-03-28 2129 WJ1U             59  0707  F4BHK            59   0150     
QSO:   14150 PH 2026-03-28 2129 WJ1U             59  0708  WX3B             59   0656     
QSO:   28390 PH 2026-03-28 2131 WJ1U             59  0709  CV6T             59   0892     
QSO:   21382 PH 2026-03-28 2132 WJ1U             59  0710  PW2K             59   0804     
QSO:   14167 PH 2026-03-28 2134 WJ1U             59  0711  TA3T             59   1528     
QSO:   21217 PH 2026-03-28 2134 WJ1U             59  0712  ZF2KT            59   2056     
QSO:   14158 PH 2026-03-28 2134 WJ1U             59  0713  OZ5W             59   0561     
QSO:   14260 PH 2026-03-28 2145 WJ1U             59  0714  N6AR             59   1136     
QSO:   14331 PH 2026-03-28 2146 WJ1U             59  0715  S51FB            59   0482     
QSO:   21376 PH 2026-03-28 2146 WJ1U             59  0716  N0GJW            59   0641     
QSO:   14252 PH 2026-03-28 2147 WJ1U             59  0717  DJ7M             59   0938     
QSO:   21225 PH 2026-03-28 2151 WJ1U             59  0718  TM29X            59   0979     
QSO:   21221 PH 2026-03-28 2151 WJ1U             59  0719  AD4TR            59   1713     
QSO:   28442 PH 2026-03-28 2151 WJ1U             59  0720  PJ2T             59   1562     
QSO:   14212 PH 2026-03-28 2152 WJ1U             59  0721  II4M             59   1144     
QSO:   28477 PH 2026-03-28 2153 WJ1U             59  0722  AZ1D             59   1543     
QSO:   28457 PH 2026-03-28 2155 WJ1U             59  0723  PP5RT            59   0323     
QSO:   28593 PH 2026-03-28 2156 WJ1U             59  0724  KT7E             59   0608     
QSO:   28418 PH 2026-03-28 2157 WJ1U             59  0725  PY5AS            59   0102     
QSO:   28555 PH 2026-03-28 2157 WJ1U             59  0726  HK1O             59   0365     
QSO:   28570 PH 2026-03-28 2158 WJ1U             59  0727  P43L             59   0817     
QSO:   28324 PH 2026-03-28 2200 WJ1U             59  0728  KF5VDX           59   0358     
QSO:   28399 PH 2026-03-28 2204 WJ1U             59  0729  LU5HCB           59   0191     
QSO:   28433 PH 2026-03-28 2205 WJ1U             59  0730  PP5ARF           59   0096     
QSO:   28374 PH 2026-03-28 2207 WJ1U             59  0731  5K3D             59   0184     
QSO:   21251 PH 2026-03-28 2211 WJ1U             59  0732  FG4KH            59   0643     
QSO:   21267 PH 2026-03-28 2211 WJ1U             59  0733  TM6M             59   0782     
QSO:   21342 PH 2026-03-28 2212 WJ1U             59  0734  JJ0VNR           59   0933     
QSO:   21292 PH 2026-03-28 2214 WJ1U             59  0735  PV2P             59   0741     
QSO:   21228 PH 2026-03-28 2215 WJ1U             59  0736  EI1E             59   0247     
QSO:   21396 PH 2026-03-28 2222 WJ1U             59  0737  P49Y             59   2606     
QSO:   21302 PH 2026-03-28 2224 WJ1U             59  0738  JL3VUL/3         59   0468     
QSO:   21443 PH 2026-03-28 2224 WJ1U             59  0739  LU1DK            59   0537     
QSO:   21436 PH 2026-03-28 2226 WJ1U             59  0740  JH1OLB           59   0193     
QSO:   21401 PH 2026-03-28 2229 WJ1U             59  0741  V26K             59   2826     
QSO:   21234 PH 2026-03-28 2232 WJ1U             59  0742  XE2W             59   0596     
QSO:   21345 PH 2026-03-28 2233 WJ1U             59  0743  JI7GBI           59   0056     
QSO:   21349 PH 2026-03-28 2233 WJ1U             59  0744  JH7QXJ           59   0527     
QSO:   21307 PH 2026-03-28 2235 WJ1U             59  0745  CX5A             59   1271     
QSO:   21284 PH 2026-03-28 2237 WJ1U             59  0746  VC6R             59   1133     
QSO:   21289 PH 2026-03-28 2239 WJ1U             59  0747  TI7W             59   2782     
QSO:   21361 PH 2026-03-28 2240 WJ1U             59  0748  JA1GOY           59   0144     
QSO:   21304 PH 2026-03-28 2241 WJ1U             59  0749  TI2OY            59   1045     
QSO:   21331 PH 2026-03-28 2241 WJ1U             59  0750  WV4P             59   0888     
QSO:   21403 PH 2026-03-28 2242 WJ1U             59  0751  PZ5TW            59   0941     
QSO:   21254 PH 2026-03-28 2243 WJ1U             59  0752  NE4C             59   0204     
QSO:    7132 PH 2026-03-28 2244 WJ1U             59  0753  WX3B             59   0659     
QSO:   14287 PH 2026-03-28 2246 WJ1U             59  0754  E7DX             59   2187     
QSO:   14197 PH 2026-03-28 2247 WJ1U             59  0755  IO7T             59   1381     
QSO:   14216 PH 2026-03-28 2248 WJ1U             59  0756  II8K             59   2415     
QSO:   21238 PH 2026-03-28 2251 WJ1U             59  0757  3G3W             59   1219     
QSO:   28393 PH 2026-03-28 2253 WJ1U             59  0758  ZP5DNB           59   0131     
QSO:   14211 PH 2026-03-28 2253 WJ1U             59  0759  DA0BCC           59   0533     
QSO:    7214 PH 2026-03-28 2255 WJ1U             59  0760  VE2IAA           59   0167     
QSO:   14294 PH 2026-03-28 2257 WJ1U             59  0761  CR5L             59   0896     
QSO:   14252 PH 2026-03-28 2258 WJ1U             59  0762  C4E              59   2716     
QSO:    7167 PH 2026-03-28 2300 WJ1U             59  0763  HA3DX            59   1877     
QSO:   14338 PH 2026-03-28 2301 WJ1U             59  0764  HB9EHJ           59   0646     
QSO:   14284 PH 2026-03-28 2302 WJ1U             59  0765  LZ5R             59   3118     
QSO:   14262 PH 2026-03-28 2303 WJ1U             59  0766  IB9T             59   2726     
QSO:   14282 PH 2026-03-28 2304 WJ1U             59  0767  IO6T             59   3050     
QSO:   14338 PH 2026-03-28 2305 WJ1U             59  0768  KR7D             59   0687     
QSO:   14338 PH 2026-03-28 2307 WJ1U             59  0769  KI4AMD           59   0029     
QSO:   14338 PH 2026-03-28 2307 WJ1U             59  0770  VA3UG            59   0189     
QSO:   14338 PH 2026-03-28 2307 WJ1U             59  0771  N5CDL            59   0212     
QSO:   14338 PH 2026-03-28 2308 WJ1U             59  0772  AB4ME            59   0011     
QSO:   14338 PH 2026-03-28 2308 WJ1U             59  0773  VE7SAR           59   0374     
QSO:   14338 PH 2026-03-28 2309 WJ1U             59  0774  W8TMB            59   0074     
QSO:   14338 PH 2026-03-28 2310 WJ1U             59  0775  KD4UKW           59   0001     
QSO:   14338 PH 2026-03-28 2310 WJ1U             59  0776  PT6T             59   0065     
QSO:   14338 PH 2026-03-28 2311 WJ1U             59  0777  KF8CEC           59   0014     
QSO:   14338 PH 2026-03-28 2311 WJ1U             59  0778  KE8WYY           59   0119     
QSO:   14338 PH 2026-03-28 2313 WJ1U             59  0779  KO4KUW           59   0001     
QSO:   14338 PH 2026-03-28 2313 WJ1U             59  0780  KB8V             59   0032     
QSO:   14338 PH 2026-03-28 2313 WJ1U             59  0781  KI5GTR           59   1043     
QSO:   14338 PH 2026-03-28 2314 WJ1U             59  0782  IZ6JPK           59   0089     
QSO:   14338 PH 2026-03-28 2314 WJ1U             59  0783  NQ4I             59   0454     
QSO:   14338 PH 2026-03-28 2314 WJ1U             59  0784  KZ4BE            59   0021     
QSO:   14338 PH 2026-03-28 2315 WJ1U             59  0785  AC9CD            59   0001     
QSO:   14338 PH 2026-03-28 2315 WJ1U             59  0786  G2EC             59   0885     
QSO:   14338 PH 2026-03-28 2316 WJ1U             59  0787  IU8LUM           59   0370     
QSO:   14338 PH 2026-03-28 2317 WJ1U             59  0788  K9OM             59   0353     
QSO:   14338 PH 2026-03-28 2318 WJ1U             59  0789  W9MR             59   0260     
QSO:   14338 PH 2026-03-28 2318 WJ1U             59  0790  N3UUS            59   0117     
QSO:    7214 PH 2026-03-28 2321 WJ1U             59  0791  NN3W             59   0032     
QSO:    7137 PH 2026-03-28 2322 WJ1U             59  0792  YU9A             59   1296     
QSO:    7152 PH 2026-03-28 2323 WJ1U             59  0793  OT5A             59   1047     
QSO:    7198 PH 2026-03-28 2325 WJ1U             59  0794  NY6DX            59   0760     
QSO:    7219 PH 2026-03-28 2326 WJ1U             59  0795  NV1U             59   0286     
QSO:    7163 PH 2026-03-28 2328 WJ1U             59  0796  YP8T             59   1005     
QSO:    7131 PH 2026-03-28 2329 WJ1U             59  0797  IP0A             59   2011     
QSO:    7158 PH 2026-03-28 2333 WJ1U             59  0798  KA2KQP           59   0053     
QSO:    7266 PH 2026-03-28 2337 WJ1U             59  0799  WZ8DX            59   0414     
QSO:   14158 PH 2026-03-28 2338 WJ1U             59  0800  N8CWU            59   0742     
QSO:   14170 PH 2026-03-28 2338 WJ1U             59  0801  NX9T             59   0891     
QSO:   21377 PH 2026-03-28 2340 WJ1U             59  0802  KB0V             59   0621     
QSO:   14213 PH 2026-03-28 2341 WJ1U             59  0803  ZZ3M             59   0124     
QSO:   14255 PH 2026-03-28 2342 WJ1U             59  0804  NL7WA            59   1433     
QSO:   14277 PH 2026-03-28 2344 WJ1U             59  0805  KE8JVX           59   0274     
QSO:   14277 PH 2026-03-28 2345 WJ1U             59  0806  K5RX             59   0460     
QSO:   14168 PH 2026-03-28 2347 WJ1U             59  0807  PY1FJ            59   0349     
QSO:   14329 PH 2026-03-28 2350 WJ1U             59  0808  PT2CM            59   0146     
QSO:   14329 PH 2026-03-28 2350 WJ1U             59  0809  AF5ST            59   0022     
QSO:   14329 PH 2026-03-28 2353 WJ1U             59  0810  N4CF             59   0148     
QSO:   14329 PH 2026-03-28 2353 WJ1U             59  0811  W6FB             59   0377     
QSO:   14329 PH 2026-03-28 2354 WJ1U             59  0812  WC8VOA           59   0134     
QSO:   14329 PH 2026-03-28 2355 WJ1U             59  0813  K6NHL            59   0117     
QSO:   14329 PH 2026-03-28 2355 WJ1U             59  0814  N8YXR            59   0480     
QSO:   14329 PH 2026-03-28 2355 WJ1U             59  0815  N4MCC            59   0279     
QSO:   14329 PH 2026-03-28 2356 WJ1U             59  0816  KJ5DMC           59   0019     
QSO:   14329 PH 2026-03-28 2356 WJ1U             59  0817  KX4AV            59   0124     
QSO:   14329 PH 2026-03-28 2356 WJ1U             59  0818  IZ8DSX           59   0780     
QSO:   14329 PH 2026-03-28 2357 WJ1U             59  0819  WT9Y             59   0021     
QSO:   14329 PH 2026-03-28 2358 WJ1U             59  0820  UA3AGW           59   0260     
QSO:   14329 PH 2026-03-28 2358 WJ1U             59  0821  WA2LMC           59   0186     
QSO:   14329 PH 2026-03-28 2359 WJ1U             59  0822  W9KEY            59   0391     
QSO:   14329 PH 2026-03-29 0000 WJ1U             59  0823  AF5WO            59   0028     
QSO:   14329 PH 2026-03-29 0003 WJ1U             59  0824  N8LNH            59   0001     
QSO:   14241 PH 2026-03-29 0012 WJ1U             59  0825  IO8V             59   0229     
QSO:   14196 PH 2026-03-29 0013 WJ1U             59  0826  PY2NY            59   0309     
QSO:    7149 PH 2026-03-29 0014 WJ1U             59  0827  KI9A             59   0087     
QSO:    3800 PH 2026-03-29 0016 WJ1U             59  0828  4L5O             59   0583     
QSO:    7227 PH 2026-03-29 0019 WJ1U             59  0829  K1AR             59   0875     
QSO:    7251 PH 2026-03-29 0022 WJ1U             59  0830  WQ3N             59   0029     
QSO:   14238 PH 2026-03-29 0024 WJ1U             59  0831  AY7J             59   0072     
QSO:    7183 PH 2026-03-29 0026 WJ1U             59  0832  LY4A             59   1718     
QSO:    7195 PH 2026-03-29 0026 WJ1U             59  0833  TM3P             59   2654     
QSO:    3736 PH 2026-03-29 0027 WJ1U             59  0834  OT2A             59   0788     
QSO:   21258 PH 2026-03-29 0027 WJ1U             59  0835  K6UN             59   0208     
QSO:   14306 PH 2026-03-29 0029 WJ1U             59  0836  WS4K             59   0790     
QSO:    7144 PH 2026-03-29 0031 WJ1U             59  0837  IP9C             59   1015     
QSO:   21255 PH 2026-03-29 0031 WJ1U             59  0838  PY2MNL           59   0743     
QSO:    7268 PH 2026-03-29 0033 WJ1U             59  0839  NF2RS            59   0179     
QSO:   14163 PH 2026-03-29 0033 WJ1U             59  0840  WA5SOG           59   0494     
QSO:   21217 PH 2026-03-29 0034 WJ1U             59  0841  NH7T             59   1011     
QSO:    7278 PH 2026-03-29 0036 WJ1U             59  0842  KQ4VQV           59   0144     
QSO:    7283 PH 2026-03-29 0038 WJ1U             59  0843  NV3K             59   0113     
QSO:    7283 PH 2026-03-29 0038 WJ1U             59  0844  K8ZM             59   0433     
QSO:    7283 PH 2026-03-29 0039 WJ1U             59  0845  KD3BPR           59   0004     
QSO:    7283 PH 2026-03-29 0041 WJ1U             59  0846  W2FDJ            59   0377     
QSO:    7283 PH 2026-03-29 0043 WJ1U             59  0847  N0LFK            59   0163     
QSO:    7283 PH 2026-03-29 0045 WJ1U             59  0848  KK4BZ            59   0107     
QSO:    7283 PH 2026-03-29 0045 WJ1U             59  0849  N5GI             59   0341     
QSO:    7283 PH 2026-03-29 0046 WJ1U             59  0850  K3ANI            59   0201     
QSO:    7283 PH 2026-03-29 0046 WJ1U             59  0851  N0AT             59   0223     
QSO:    7283 PH 2026-03-29 0046 WJ1U             59  0852  AA1NK            59   0194     
QSO:    7283 PH 2026-03-29 0046 WJ1U             59  0853  W3MAX            59   0278     
QSO:    7283 PH 2026-03-29 0046 WJ1U             59  0854  K4PHM            59   0126     
QSO:    7283 PH 2026-03-29 0047 WJ1U             59  0855  WS7X             59   1856     
QSO:    7283 PH 2026-03-29 0048 WJ1U             59  0856  N8YXR            59   0511     
QSO:    7283 PH 2026-03-29 0049 WJ1U             59  0857  K3JSJ            59   0032     
QSO:    7283 PH 2026-03-29 0050 WJ1U             59  0858  N4ZZ             59   0521     
QSO:    7283 PH 2026-03-29 0051 WJ1U             59  0859  KB9RKK           59   0297     
QSO:    7283 PH 2026-03-29 0051 WJ1U             59  0860  KB0NES           59   0033     
QSO:    7279 PH 2026-03-29 0057 WJ1U             59  0861  K3OO             59   0140     
QSO:    7168 PH 2026-03-29 0058 WJ1U             59  0862  OM0R             59   2302     
QSO:    3756 PH 2026-03-29 0058 WJ1U             59  0863  NV1U             59   0441     
QSO:   14297 PH 2026-03-29 0100 WJ1U             59  0864  3G2S             59   1436     
QSO:    3799 PH 2026-03-29 0100 WJ1U             59  0865  NT2DR            59   0030     
QSO:   21322 PH 2026-03-29 0101 WJ1U             59  0866  P43K             59   0677     
QSO:    7220 PH 2026-03-29 0102 WJ1U             59  0867  KB3WD            59   2215     
QSO:    3672 PH 2026-03-29 0105 WJ1U             59  0868  KB3Z             59   0455     
QSO:    3672 PH 2026-03-29 0105 WJ1U             59  0869  K5VIP            59   0334     
QSO:    3672 PH 2026-03-29 0106 WJ1U             59  0870  N1ZYZ            59   0320     
QSO:    3672 PH 2026-03-29 0106 WJ1U             59  0871  WK2M             59   0654     
QSO:    3672 PH 2026-03-29 0107 WJ1U             59  0872  K2QY             59   0132     
QSO:    3672 PH 2026-03-29 0107 WJ1U             59  0873  SP2N             59   0251     
QSO:    3672 PH 2026-03-29 0108 WJ1U             59  0874  K4FTO            59   0132     
QSO:    3672 PH 2026-03-29 0108 WJ1U             59  0875  N1WR             59   0328     
QSO:    3672 PH 2026-03-29 0108 WJ1U             59  0876  KB1RVU           59   0130     
QSO:    3672 PH 2026-03-29 0110 WJ1U             59  0877  K9LC             59   0093     
QSO:    3672 PH 2026-03-29 0112 WJ1U             59  0878  K3AU             59   0580     
QSO:    3672 PH 2026-03-29 0112 WJ1U             59  0879  K2ANZ            59   0401     
QSO:    3672 PH 2026-03-29 0112 WJ1U             59  0880  W3NU             59   0002     
QSO:    3672 PH 2026-03-29 0113 WJ1U             59  0881  KD2REH           59   0091     
QSO:    3672 PH 2026-03-29 0114 WJ1U             59  0882  WA9SWW           59   0183     
QSO:    3672 PH 2026-03-29 0115 WJ1U             59  0883  LZ25W            59   0851     
QSO:    3672 PH 2026-03-29 0116 WJ1U             59  0884  W1DYJ            59   0133     
QSO:    3666 PH 2026-03-29 0118 WJ1U             59  0885  W2FDJ            59   0391     
QSO:    3666 PH 2026-03-29 0118 WJ1U             59  0886  K1NF             59   0031     
QSO:    3666 PH 2026-03-29 0122 WJ1U             59  0887  WO1N             59   0204     
QSO:    3666 PH 2026-03-29 0122 WJ1U             59  0888  W1GD             59   0669     
QSO:    3666 PH 2026-03-29 0122 WJ1U             59  0889  N4DJ             59   0153     
QSO:    3666 PH 2026-03-29 0122 WJ1U             59  0890  AD1L             59   0148     
QSO:    3666 PH 2026-03-29 0124 WJ1U             59  0891  K1HC             59   0143     
QSO:    3666 PH 2026-03-29 0124 WJ1U             59  0892  WQ2N             59   0186     
QSO:   14170 PH 2026-03-29 0127 WJ1U             59  0893  KK4PJ            59   0614     
QSO:    7217 PH 2026-03-29 0130 WJ1U             59  0894  KP3BR            59   0180     
QSO:    7147 PH 2026-03-29 0132 WJ1U             59  0895  HA8A             59   1607     
QSO:   14226 PH 2026-03-29 0136 WJ1U             59  0896  PP1WW            59   1619     
QSO:    7159 PH 2026-03-29 0140 WJ1U             59  0897  CG3T             59   1689     
QSO:    7174 PH 2026-03-29 0141 WJ1U             59  0898  DP9A             59   1949     
QSO:    3621 PH 2026-03-29 0144 WJ1U             59  0899  W1ARY            59   0370     
QSO:    7176 PH 2026-03-29 0147 WJ1U             59  0900  WV4P             59   1101     
QSO:    3707 PH 2026-03-29 0149 WJ1U             59  0901  OK5Z             59   2127     
QSO:    3659 PH 2026-03-29 0152 WJ1U             59  0902  YP8T             59   0620     
QSO:    7131 PH 2026-03-29 0153 WJ1U             59  0903  DJ7M             59   1327     
QSO:    3771 PH 2026-03-29 0155 WJ1U             59  0904  DF9LJ            59   0258     
QSO:    3698 PH 2026-03-29 0157 WJ1U             59  0905  N1IPB            59   0766     
QSO:    7246 PH 2026-03-29 0157 WJ1U             59  0906  KE2D             59   0352     
QSO:   14262 PH 2026-03-29 0158 WJ1U             59  0907  VC6R             59   1472     
QSO:    3788 PH 2026-03-29 0158 WJ1U             59  0908  NN3W             59   0015     
QSO:    3725 PH 2026-03-29 0200 WJ1U             59  0909  SP8R             59   0733     
QSO:    3719 PH 2026-03-29 0202 WJ1U             59  0910  HG5A             59   1379     
QSO:    7275 PH 2026-03-29 0203 WJ1U             59  0911  NE4C             59   0357     
QSO:    3796 PH 2026-03-29 0210 WJ1U             59  0912  IO6T             59   3401     
QSO:    3649 PH 2026-03-29 0212 WJ1U             59  0913  DL6RY            59   1372     
QSO:    7182 PH 2026-03-29 0212 WJ1U             59  0914  K3RA             59   0565     
QSO:    3793 PH 2026-03-29 0215 WJ1U             59  0915  8P5A             59   4663     
QSO:    7231 PH 2026-03-29 0229 WJ1U             59  0916  PT1M             59   0559     
QSO:    3638 PH 2026-03-29 0234 WJ1U             59  0917  K1TH             59   0093     
QSO:    7272 PH 2026-03-29 0236 WJ1U             59  0918  K0SIX            59   0626     
QSO:    7287 PH 2026-03-29 0237 WJ1U             59  0919  N8CWU            59   0868     
QSO:    3815 PH 2026-03-29 0238 WJ1U             59  0920  WA2CP            59   0722     
QSO:    3783 PH 2026-03-29 0239 WJ1U             59  0921  AC9S             59   0638     
QSO:    7163 PH 2026-03-29 0239 WJ1U             59  0922  NN7CW            59   1003     
QSO:   14243 PH 2026-03-29 0240 WJ1U             59  0923  VE7WO            59   0512     
QSO:   14227 PH 2026-03-29 0242 WJ1U             59  0924  XE1CQ            59   0816     
QSO:    7230 PH 2026-03-29 0243 WJ1U             59  0925  NA8V             59   0729     
QSO:    3690 PH 2026-03-29 0245 WJ1U             59  0926  VE9CZ            59   0486     
QSO:    7223 PH 2026-03-29 0246 WJ1U             59  0927  WR5O             59   0104     
QSO:    7244 PH 2026-03-29 0247 WJ1U             59  0928  AD5XD            59   1550     
QSO:   14302 PH 2026-03-29 0248 WJ1U             59  0929  8P5A             59   4712     
QSO:    3762 PH 2026-03-29 0249 WJ1U             59  0930  UW5Y             59   2060     
QSO:    3659 PH 2026-03-29 0250 WJ1U             59  0931  VE3MMH           59   0171     
QSO:    7216 PH 2026-03-29 0250 WJ1U             59  0932  W4LT             59   0620     
QSO:    7157 PH 2026-03-29 0251 WJ1U             59  0933  IZ3NYG           59   0126     
QSO:    3701 PH 2026-03-29 0253 WJ1U             59  0934  WA2JQK           59   0541     
QSO:    3771 PH 2026-03-29 0253 WJ1U             59  0935  V26K             59   3274     
QSO:    7134 PH 2026-03-29 0254 WJ1U             59  0936  II8K             59   2770     
QSO:    7276 PH 2026-03-29 0255 WJ1U             59  0937  N3RTW            59   0259     
QSO:   14205 PH 2026-03-29 0256 WJ1U             59  0938  PW2K             59   0977     
QSO:    7178 PH 2026-03-29 0257 WJ1U             59  0939  II4M             59   1705     
QSO:    3668 PH 2026-03-29 0258 WJ1U             59  0940  M6N              59   0421     
QSO:    7225 PH 2026-03-29 0259 WJ1U             59  0941  WW4LL            59   0475     
QSO:   14226 PH 2026-03-29 0300 WJ1U             59  0942  NU5M             59   0455     
QSO:    3794 PH 2026-03-29 0301 WJ1U             59  0943  OT5A             59   0676     
QSO:    7235 PH 2026-03-29 0302 WJ1U             59  0944  WI0WA            59   1298     
QSO:   14317 PH 2026-03-29 0303 WJ1U             59  0945  9Z4BM            59   1664     
QSO:    7172 PH 2026-03-29 0304 WJ1U             59  0946  K5RT             59   0548     
QSO:    3617 PH 2026-03-29 0306 WJ1U             59  0947  WW4LL            59   0176     
QSO:    7139 PH 2026-03-29 0317 WJ1U             59  0948  CR6P             59   1722     
QSO:    7130 PH 2026-03-29 0318 WJ1U             59  0949  WZ7F             59   2004     
QSO:    7276 PH 2026-03-29 0320 WJ1U             59  0950  AC6ZM            59   0248     
QSO:    7255 PH 2026-03-29 0322 WJ1U             59  0951  NC3Y             59   0325     
QSO:    7255 PH 2026-03-29 0322 WJ1U             59  0952  AA0FO            59   0207     
QSO:    7255 PH 2026-03-29 0322 WJ1U             59  0953  WG3J             59   0312     
QSO:    7255 PH 2026-03-29 0324 WJ1U             59  0954  CS8ABI           59   0038     
QSO:    7255 PH 2026-03-29 0325 WJ1U             59  0955  N9SVG            59   0057     
QSO:    7255 PH 2026-03-29 0326 WJ1U             59  0956  WA9LEY           59   0196     
QSO:    7255 PH 2026-03-29 0326 WJ1U             59  0957  K7QA             59   0326     
QSO:    7255 PH 2026-03-29 0328 WJ1U             59  0958  KA2MLH           59   0075     
QSO:    7255 PH 2026-03-29 0328 WJ1U             59  0959  KI3Z             59   0072     
QSO:    7255 PH 2026-03-29 0328 WJ1U             59  0960  N5RZ             59   0158     
QSO:    7255 PH 2026-03-29 0329 WJ1U             59  0961  WS4K             59   0974     
QSO:    7255 PH 2026-03-29 0329 WJ1U             59  0962  KA9OZP           59   0125     
QSO:    7255 PH 2026-03-29 0330 WJ1U             59  0963  KF8I             59   0183     
QSO:    7255 PH 2026-03-29 0330 WJ1U             59  0964  KC8YVP           59   0129     
QSO:    7255 PH 2026-03-29 0330 WJ1U             59  0965  KC9UJS           59   0112     
QSO:    7255 PH 2026-03-29 0331 WJ1U             59  0966  WB5SKM           59   0631     
QSO:    7255 PH 2026-03-29 0331 WJ1U             59  0967  K9ABR            59   0129     
QSO:    7255 PH 2026-03-29 0332 WJ1U             59  0968  KM4IAJ           59   0118     
QSO:    7255 PH 2026-03-29 0332 WJ1U             59  0969  W9FZ             59   0271     
QSO:    7255 PH 2026-03-29 0332 WJ1U             59  0970  N9EJR            59   0026     
QSO:    7255 PH 2026-03-29 0333 WJ1U             59  0971  K4CGY            59   0490     
QSO:    7255 PH 2026-03-29 0333 WJ1U             59  0972  WB9KWD           59   0021     
QSO:    7255 PH 2026-03-29 0333 WJ1U             59  0973  NO4H             59   0266     
QSO:    7255 PH 2026-03-29 0334 WJ1U             59  0974  K9KP             59   0245     
QSO:    7255 PH 2026-03-29 0334 WJ1U             59  0975  K8DP             59   0416     
QSO:    7255 PH 2026-03-29 0334 WJ1U             59  0976  N2FSH            59   0051     
QSO:    7255 PH 2026-03-29 0335 WJ1U             59  0977  AF0F             59   0324     
QSO:    7255 PH 2026-03-29 0335 WJ1U             59  0978  KD6HOF           59   0111     
QSO:    7255 PH 2026-03-29 0336 WJ1U             59  0979  NQ0K             59   0415     
QSO:    7255 PH 2026-03-29 0337 WJ1U             59  0980  KV0I             59   1260     
QSO:    7255 PH 2026-03-29 0337 WJ1U             59  0981  N3QXC            59   0078     
QSO:    7255 PH 2026-03-29 0338 WJ1U             59  0982  NG6O             59   0423     
QSO:    7255 PH 2026-03-29 0339 WJ1U             59  0983  N2FSM            59   0029     
QSO:    7255 PH 2026-03-29 0340 WJ1U             59  0984  KK0L             59   0143     
QSO:    7255 PH 2026-03-29 0340 WJ1U             59  0985  YV8AD            59   0089     
QSO:    7255 PH 2026-03-29 0340 WJ1U             59  0986  PP2CC            59   0699     
QSO:    7255 PH 2026-03-29 0341 WJ1U             59  0987  S51A             59   1094     
QSO:    7255 PH 2026-03-29 0341 WJ1U             59  0988  KD6BQ            59   0034     
QSO:    7255 PH 2026-03-29 0342 WJ1U             59  0989  K9MCK            59   0184     
QSO:    7255 PH 2026-03-29 0342 WJ1U             59  0990  KC9RHF           59   0008     
QSO:    7255 PH 2026-03-29 0343 WJ1U             59  0991  K0TRL            59   0373     
QSO:    7255 PH 2026-03-29 0343 WJ1U             59  0992  KE8PAK           59   0004     
QSO:    7255 PH 2026-03-29 0345 WJ1U             59  0993  N1ZYZ            59   0275     
QSO:    7255 PH 2026-03-29 0345 WJ1U             59  0994  N7ESU            59   0193     
QSO:    7255 PH 2026-03-29 0346 WJ1U             59  0995  N1WC             59   0064     
QSO:    7255 PH 2026-03-29 0346 WJ1U             59  0996  PW2K             59   0430     
QSO:    7255 PH 2026-03-29 0346 WJ1U             59  0997  WB5SHV           59   0057     
QSO:    7255 PH 2026-03-29 0347 WJ1U             59  0998  KD5QHV           59   0226     
QSO:    7255 PH 2026-03-29 0348 WJ1U             59  0999  VA7BEC           59   0607     
QSO:    7255 PH 2026-03-29 0349 WJ1U             59  1000  KO4GBB           59   0086     
QSO:    7255 PH 2026-03-29 0349 WJ1U             59  1001  W6TK             59   0348     
QSO:    7255 PH 2026-03-29 0350 WJ1U             59  1002  K6OK             59   0051     
QSO:    7255 PH 2026-03-29 0350 WJ1U             59  1003  KI0R             59   0134     
QSO:    7255 PH 2026-03-29 0351 WJ1U             59  1004  W7LCB            59   0040     
QSO:    7255 PH 2026-03-29 0351 WJ1U             59  1005  N6BLU            59   0110     
QSO:    7255 PH 2026-03-29 0352 WJ1U             59  1006  N7MZW            59   0643     
QSO:    7255 PH 2026-03-29 0352 WJ1U             59  1007  KW6S             59   0364     
QSO:    7255 PH 2026-03-29 0353 WJ1U             59  1008  N3HRO            59   0186     
QSO:    7255 PH 2026-03-29 0353 WJ1U             59  1009  KB3RCT           59   0294     
QSO:    7255 PH 2026-03-29 0354 WJ1U             59  1010  KD3BDI           59   0117     
QSO:    7255 PH 2026-03-29 0354 WJ1U             59  1011  N3HQB            59   0020     
QSO:    7255 PH 2026-03-29 0354 WJ1U             59  1012  K0SV             59   0170     
QSO:    7255 PH 2026-03-29 0354 WJ1U             59  1013  K4WRH            59   0115     
QSO:    7255 PH 2026-03-29 0355 WJ1U             59  1014  W3KN             59   0066     
QSO:    7255 PH 2026-03-29 0357 WJ1U             59  1015  K9XN             59   0288     
QSO:    7255 PH 2026-03-29 0358 WJ1U             59  1016  VP2M             59   3534     
QSO:    7255 PH 2026-03-29 0359 WJ1U             59  1017  K8ROX            59   0378     
QSO:    7255 PH 2026-03-29 0359 WJ1U             59  1018  NK2R             59   0540     
QSO:    7255 PH 2026-03-29 0400 WJ1U             59  1019  KB0V             59   0758     
QSO:    7255 PH 2026-03-29 0400 WJ1U             59  1020  KB9ORA           59   0073     
QSO:    7255 PH 2026-03-29 0401 WJ1U             59  1021  WA5JMZ           59   0400     
QSO:    7255 PH 2026-03-29 0402 WJ1U             59  1022  KA8SMA           59   0241     
QSO:    7255 PH 2026-03-29 0403 WJ1U             59  1023  K8ERS            59   0033     
QSO:    7255 PH 2026-03-29 0403 WJ1U             59  1024  KN4IJC           59   0017     
QSO:    7255 PH 2026-03-29 0404 WJ1U             59  1025  W8MCV            59   0008     
QSO:    7255 PH 2026-03-29 0404 WJ1U             59  1026  K0KP             59   0041     
QSO:    7255 PH 2026-03-29 0405 WJ1U             59  1027  KM9R             59   0065     
QSO:    7255 PH 2026-03-29 0406 WJ1U             59  1028  WX0Z             59   0195     
QSO:    7255 PH 2026-03-29 0407 WJ1U             59  1029  KK7MBX           59   0204     
QSO:    7255 PH 2026-03-29 0409 WJ1U             59  1030  KD9YPG           59   0023     
QSO:    7255 PH 2026-03-29 0409 WJ1U             59  1031  W6MX             59   0360     
QSO:    3667 PH 2026-03-29 0414 WJ1U             59  1032  N3QE             59   1748     
QSO:    3677 PH 2026-03-29 0415 WJ1U             59  1033  NU2F             59   0322     
QSO:    3653 PH 2026-03-29 0416 WJ1U             59  1034  K3RA             59   0786     
QSO:    3656 PH 2026-03-29 0418 WJ1U             59  1035  DL1NKS           59   0574     
QSO:    3656 PH 2026-03-29 0420 WJ1U             59  1036  WB8TLI           59   0544     
QSO:    3656 PH 2026-03-29 0422 WJ1U             59  1037  WM9E             59   0087     
QSO:    3656 PH 2026-03-29 0423 WJ1U             59  1038  KA0PQW           59   0348     
QSO:    3656 PH 2026-03-29 0423 WJ1U             59  1039  W8MJ             59   1851     
QSO:    3656 PH 2026-03-29 0423 WJ1U             59  1040  E7DX             59   2789     
QSO:    3656 PH 2026-03-29 0424 WJ1U             59  1041  F6CTT            59   0040     
QSO:    3656 PH 2026-03-29 0424 WJ1U             59  1042  K9WD             59   0110     
QSO:    3656 PH 2026-03-29 0424 WJ1U             59  1043  KB0V             59   0779     
QSO:    3656 PH 2026-03-29 0425 WJ1U             59  1044  ED5E             59   1221     
QSO:    3656 PH 2026-03-29 0427 WJ1U             59  1045  NQ2U             59   0109     
QSO:    3656 PH 2026-03-29 0428 WJ1U             59  1046  K8ERS            59   0052     
QSO:    3656 PH 2026-03-29 0428 WJ1U             59  1047  N9EAX            59   0083     
QSO:    3656 PH 2026-03-29 0428 WJ1U             59  1048  KK4BZ            59   0215     
QSO:    3656 PH 2026-03-29 0429 WJ1U             59  1049  N1MHV            59   0154     
QSO:    3656 PH 2026-03-29 0430 WJ1U             59  1050  KD5XB            59   0007     
QSO:    3656 PH 2026-03-29 0430 WJ1U             59  1051  N2OO             59   0204     
QSO:    3656 PH 2026-03-29 0430 WJ1U             59  1052  AA4QM            59   0033     
QSO:    3788 PH 2026-03-29 0435 WJ1U             59  1053  KU2M             59   0152     
QSO:    7237 PH 2026-03-29 0436 WJ1U             59  1054  NN6U             59   1130     
QSO:    7156 PH 2026-03-29 0439 WJ1U             59  1055  DA0BCC           59   1035     
QSO:    7296 PH 2026-03-29 0440 WJ1U             59  1056  KJ5IEL           59   0173     
QSO:    7213 PH 2026-03-29 0441 WJ1U             59  1057  AJ9C             59   0322     
QSO:    3663 PH 2026-03-29 0443 WJ1U             59  1058  SN3U             59   0471     
QSO:   14310 PH 2026-03-29 0447 WJ1U             59  1059  ZM3WW            59   0460     
QSO:   14239 PH 2026-03-29 0450 WJ1U             59  1060  PJ2T             59   2435     
QSO:   14269 PH 2026-03-29 0451 WJ1U             59  1061  ZL2RVW           59   0219     
QSO:    3749 PH 2026-03-29 0454 WJ1U             59  1062  IP2A             59   0592     
QSO:    3798 PH 2026-03-29 0455 WJ1U             59  1063  VE3VY            59   0319     
QSO:    7200 PH 2026-03-29 0456 WJ1U             59  1064  CQ7X             59   4220     
QSO:    3696 PH 2026-03-29 0458 WJ1U             59  1065  NR0Q             59   0428     
QSO:    7269 PH 2026-03-29 0500 WJ1U             59  1066  WA6KHK           59   0207     
QSO:    7130 PH 2026-03-29 0501 WJ1U             59  1067  ED5E             59   1239     
QSO:    7226 PH 2026-03-29 0502 WJ1U             59  1068  TI7W             59   3665     
QSO:   14215 PH 2026-03-29 0503 WJ1U             59  1069  WA7NB            59   0678     
QSO:    3718 PH 2026-03-29 0503 WJ1U             59  1070  NA8V             59   0856     
QSO:    3706 PH 2026-03-29 0508 WJ1U             59  1071  IP0A             59   2193     
QSO:    7145 PH 2026-03-29 0513 WJ1U             59  1072  II9P             59   0985     
QSO:    7132 PH 2026-03-29 0515 WJ1U             59  1073  YU5A             59   1645     
QSO:    3805 PH 2026-03-29 0515 WJ1U             59  1074  NR6Q             59   1754     
QSO:    7219 PH 2026-03-29 0521 WJ1U             59  1075  W8MJ             59   1884     
QSO:    3760 PH 2026-03-29 0524 WJ1U             59  1076  WS3C             59   0223     
QSO:    3760 PH 2026-03-29 0524 WJ1U             59  1077  K8ZM             59   0517     
QSO:    3760 PH 2026-03-29 0526 WJ1U             59  1078  WW3G             59   0281     
QSO:    3760 PH 2026-03-29 0526 WJ1U             59  1079  AA5Z             59   1170     
QSO:    3760 PH 2026-03-29 0527 WJ1U             59  1080  AA9U             59   0147     
QSO:    3760 PH 2026-03-29 0530 WJ1U             59  1081  N7AGP            59   0529     
QSO:    3760 PH 2026-03-29 0530 WJ1U             59  1082  KC2MBV           59   0207     
QSO:    3760 PH 2026-03-29 0531 WJ1U             59  1083  VA2UL            59   0019     
QSO:    7204 PH 2026-03-29 0535 WJ1U             59  1084  S09S             59   1109     
QSO:    7140 PH 2026-03-29 0544 WJ1U             59  1085  NG7X             59   0100     
QSO:    7182 PH 2026-03-29 0547 WJ1U             59  1086  NH7T             59   0778     
QSO:    3720 PH 2026-03-29 0554 WJ1U             59  1087  TM7B             59   0635     
QSO:    7192 PH 2026-03-29 1050 WJ1U             59  1088  K4QQG            59   0458     
QSO:    7187 PH 2026-03-29 1050 WJ1U             59  1089  KT7E             59   0906     
QSO:    7160 PH 2026-03-29 1051 WJ1U             59  1090  VC6R             59   1967     
QSO:    7146 PH 2026-03-29 1052 WJ1U             59  1091  W4NYY            59   0265     
QSO:    7138 PH 2026-03-29 1054 WJ1U             59  1092  HD8R             59   3980     
QSO:   14285 PH 2026-03-29 1055 WJ1U             59  1093  TO7O             59   2750     
QSO:   14323 PH 2026-03-29 1101 WJ1U             59  1094  K4JOV            59   0014     
QSO:   14323 PH 2026-03-29 1101 WJ1U             59  1095  KO4KEN           59   0001     
QSO:   14323 PH 2026-03-29 1102 WJ1U             59  1096  WD5F             59   0505     
QSO:   14323 PH 2026-03-29 1103 WJ1U             59  1097  N3MAV            59   0044     
QSO:   14323 PH 2026-03-29 1103 WJ1U             59  1098  DL9UN            59   0147     
QSO:   14323 PH 2026-03-29 1104 WJ1U             59  1099  KA5LLN           59   0025     
QSO:   14323 PH 2026-03-29 1105 WJ1U             59  1100  SN6U             59   0410     
QSO:   14323 PH 2026-03-29 1106 WJ1U             59  1101  F4GWM            59   0190     
QSO:   14323 PH 2026-03-29 1109 WJ1U             59  1102  K5XU             59   0319     
QSO:   14323 PH 2026-03-29 1109 WJ1U             59  1103  GX7C             59   0768     
QSO:   14323 PH 2026-03-29 1110 WJ1U             59  1104  WB5N             59   0580     
QSO:   14215 PH 2026-03-29 1114 WJ1U             59  1105  OL7T             59   1068     
QSO:   14188 PH 2026-03-29 1115 WJ1U             59  1106  IK1PMR           59   0800     
QSO:   14184 PH 2026-03-29 1115 WJ1U             59  1107  MX4Y             59   1093     
QSO:   14178 PH 2026-03-29 1116 WJ1U             59  1108  YP7P             59   1901     
QSO:   14161 PH 2026-03-29 1117 WJ1U             59  1109  IB4X             59   0592     
QSO:   14313 PH 2026-03-29 1118 WJ1U             59  1110  9A73P            59   1801     
QSO:   14280 PH 2026-03-29 1121 WJ1U             59  1111  EU4E             59   1537     
QSO:   14277 PH 2026-03-29 1122 WJ1U             59  1112  SM2M             59   1572     
QSO:   14267 PH 2026-03-29 1124 WJ1U             59  1113  MM0AOQ           59   0636     
QSO:   14342 PH 2026-03-29 1133 WJ1U             59  1114  F5ASD            59   0599     
QSO:   14346 PH 2026-03-29 1134 WJ1U             59  1115  YL2PJ            59   1066     
QSO:   14273 PH 2026-03-29 1137 WJ1U             59  1116  DK1T             59   1776     
QSO:   14262 PH 2026-03-29 1138 WJ1U             59  1117  R5AJ             59   0599     
QSO:   14203 PH 2026-03-29 1142 WJ1U             59  1118  PI4CC            59   0678     
QSO:   14260 PH 2026-03-29 1143 WJ1U             59  1119  E70T             59   0149     
QSO:   14190 PH 2026-03-29 1145 WJ1U             59  1120  W5MX             59   1824     
QSO:   14252 PH 2026-03-29 1147 WJ1U             59  1121  HA8QZ            59   0354     
QSO:   21315 PH 2026-03-29 1149 WJ1U             59  1122  HI8R             59   2377     
QSO:   21240 PH 2026-03-29 1151 WJ1U             59  1123  PZ5DX            59   3377     
QSO:   14324 PH 2026-03-29 1155 WJ1U             59  1124  OM8A             59   2260     
QSO:   14321 PH 2026-03-29 1157 WJ1U             59  1125  IQ6JU            59   1587     
QSO:   14249 PH 2026-03-29 1159 WJ1U             59  1126  WZ4F             59   2385     
QSO:   14225 PH 2026-03-29 1201 WJ1U             59  1127  DK6WL            59   0189     
QSO:   14214 PH 2026-03-29 1202 WJ1U             59  1128  K5RT             59   0623     
QSO:   14302 PH 2026-03-29 1221 WJ1U             59  1129  SP5C             59   1965     
QSO:   14341 PH 2026-03-29 1222 WJ1U             59  1130  TM8K             59   1676     
QSO:   14253 PH 2026-03-29 1228 WJ1U             59  1131  W0AA             59   0124     
QSO:   14293 PH 2026-03-29 1229 WJ1U             59  1132  DR1X             59   1083     
QSO:   14331 PH 2026-03-29 1230 WJ1U             59  1133  SG0X             59   1322     
QSO:   14180 PH 2026-03-29 1232 WJ1U             59  1134  K4RO             59   0552     
QSO:   14337 PH 2026-03-29 1234 WJ1U             59  1135  W9SUN            59   0067     
QSO:   14337 PH 2026-03-29 1236 WJ1U             59  1136  KQ4PER           59   0026     
QSO:   14337 PH 2026-03-29 1237 WJ1U             59  1137  K9ABR            59   0205     
QSO:   14337 PH 2026-03-29 1237 WJ1U             59  1138  NS4X             59   0060     
QSO:   14337 PH 2026-03-29 1238 WJ1U             59  1139  N4XL             59   0560     
QSO:   14337 PH 2026-03-29 1238 WJ1U             59  1140  KB9RKK           59   0382     
QSO:   14337 PH 2026-03-29 1238 WJ1U             59  1141  NQ9A             59   0003     
QSO:   14337 PH 2026-03-29 1239 WJ1U             59  1142  W4SPD            59   0033     
QSO:   14340 PH 2026-03-29 1243 WJ1U             59  1143  DP6A             59   2164     
QSO:   14223 PH 2026-03-29 1244 WJ1U             59  1144  OT5A             59   1348     
QSO:   21325 PH 2026-03-29 1245 WJ1U             59  1145  FY5KE            59   1147     
QSO:   21334 PH 2026-03-29 1246 WJ1U             59  1146  PY2MP            59   2358     
QSO:   21385 PH 2026-03-29 1247 WJ1U             59  1147  FM8QR            59   0495     
QSO:   14201 PH 2026-03-29 1249 WJ1U             59  1148  KD9ZUN           59   0120     
QSO:   14265 PH 2026-03-29 1251 WJ1U             59  1149  OT2A             59   1075     
QSO:   14257 PH 2026-03-29 1257 WJ1U             59  1150  N4PSE            59   0211     
QSO:   14206 PH 2026-03-29 1300 WJ1U             59  1151  NT5V             59   1159     
QSO:   14203 PH 2026-03-29 1301 WJ1U             59  1152  OZ6P             59   0599     
QSO:   21288 PH 2026-03-29 1303 WJ1U             59  1153  NR0Q             59   0502     
QSO:   21235 PH 2026-03-29 1305 WJ1U             59  1154  NM4AA            59   0513     
QSO:   14152 PH 2026-03-29 1310 WJ1U             59  1155  DP9A             59   2535     
QSO:   14159 PH 2026-03-29 1311 WJ1U             59  1156  VK6T             59   0033     
QSO:   14286 PH 2026-03-29 1315 WJ1U             59  1157  SP8R             59   2516     
QSO:   21309 PH 2026-03-29 1339 WJ1U             59  1158  LA8HGA           59   0007     
QSO:   21338 PH 2026-03-29 1340 WJ1U             59  1159  KI5GTR           59   1288     
QSO:   21228 PH 2026-03-29 1342 WJ1U             59  1160  AI5IN            59   0031     
QSO:   14259 PH 2026-03-29 1348 WJ1U             59  1161  HA8A             59   2156     
QSO:   14169 PH 2026-03-29 1349 WJ1U             59  1162  AC0W             59   0236     
QSO:   21345 PH 2026-03-29 1359 WJ1U             59  1163  9Y4I             59   0470     
QSO:   21392 PH 2026-03-29 1401 WJ1U             59  1164  XE1YL            59   1240     
QSO:   21338 PH 2026-03-29 1402 WJ1U             59  1165  WA5JMZ           59   0435     
QSO:   21334 PH 2026-03-29 1403 WJ1U             59  1166  AA5Z             59   1385     
QSO:   21415 PH 2026-03-29 1407 WJ1U             59  1167  WA4IPU           59   0111     
QSO:   21415 PH 2026-03-29 1408 WJ1U             59  1168  WF9T             59   0080     
QSO:   21415 PH 2026-03-29 1410 WJ1U             59  1169  VA2WA            59   1698     
QSO:   21262 PH 2026-03-29 1415 WJ1U             59  1170  XE1CQ            59   0898     
QSO:   21381 PH 2026-03-29 1418 WJ1U             59  1171  K5RT             59   0827     
QSO:   14189 PH 2026-03-29 1419 WJ1U             59  1172  WZ8DX            59   0536     
QSO:   14208 PH 2026-03-29 1423 WJ1U             59  1173  CO2KL            59   0069     
QSO:   14213 PH 2026-03-29 1424 WJ1U             59  1174  KD0BTO           59   1500     
QSO:   21266 PH 2026-03-29 1425 WJ1U             59  1175  W0SJE            59   0123     
QSO:   14239 PH 2026-03-29 1429 WJ1U             59  1176  OE2XAL           59   1206     
QSO:   14250 PH 2026-03-29 1432 WJ1U             59  1177  V26K             59   3839     
QSO:   14169 PH 2026-03-29 1432 WJ1U             59  1178  WZ8T             59   0481     
QSO:   14169 PH 2026-03-29 1434 WJ1U             59  1179  TM7C             59   1436     
QSO:   14212 PH 2026-03-29 1436 WJ1U             59  1180  ES3V             59   0927     
QSO:   21396 PH 2026-03-29 1443 WJ1U             59  1181  WA5SOG           59   0680     
QSO:   28480 PH 2026-03-29 1452 WJ1U             59  1182  XE2OK            59   0205     
QSO:   28520 PH 2026-03-29 1452 WJ1U             59  1183  CX5A             59   2003     
QSO:   28670 PH 2026-03-29 1454 WJ1U             59  1184  PU1JSV           59   0602     
QSO:   28661 PH 2026-03-29 1455 WJ1U             59  1185  PP2CC            59   0808     
QSO:   28604 PH 2026-03-29 1457 WJ1U             59  1186  PY2RE            59   1128     
QSO:   28563 PH 2026-03-29 1458 WJ1U             59  1187  LP1H             59   2902     
QSO:   28547 PH 2026-03-29 1459 WJ1U             59  1188  LT7L             59   0868     
QSO:   28502 PH 2026-03-29 1501 WJ1U             59  1189  PY5MM            59   0194     
QSO:   28487 PH 2026-03-29 1501 WJ1U             59  1190  NU5M             59   0548     
QSO:   28464 PH 2026-03-29 1504 WJ1U             59  1191  HQ9UM            59   3186     
QSO:   14215 PH 2026-03-29 1508 WJ1U             59  1192  KI7WX            59   1216     
QSO:   14206 PH 2026-03-29 1509 WJ1U             59  1193  KI6FE            59   0079     
QSO:   28429 PH 2026-03-29 1515 WJ1U             59  1194  ZF2OO            59   0329     
QSO:   21336 PH 2026-03-29 1518 WJ1U             59  1195  4A5E             59   0370     
QSO:   14263 PH 2026-03-29 1522 WJ1U             59  1196  SN2Z             59   1843     
QSO:   14175 PH 2026-03-29 1524 WJ1U             59  1197  N2BJ             59   0672     
QSO:   21413 PH 2026-03-29 1527 WJ1U             59  1198  K0EU             59   0071     
QSO:   21363 PH 2026-03-29 1528 WJ1U             59  1199  WK7S             59   0633     
QSO:   28361 PH 2026-03-29 1529 WJ1U             59  1200  AD5A             59   1088     
QSO:   21259 PH 2026-03-29 1530 WJ1U             59  1201  KK4PJ            59   0731     
QSO:   28379 PH 2026-03-29 1535 WJ1U             59  1202  PU9FDO           59   0348     
QSO:   28371 PH 2026-03-29 1543 WJ1U             59  1203  8P6NW            59   0116     
QSO:   21266 PH 2026-03-29 1552 WJ1U             59  1204  K0XF             59   0848     
QSO:   14187 PH 2026-03-29 1555 WJ1U             59  1205  UZ0U             59   0986     
QSO:   21281 PH 2026-03-29 1624 WJ1U             59  1206  AA4V             59   1089     
QSO:   14345 PH 2026-03-29 1624 WJ1U             59  1207  DK8ZZ            59   0555     
QSO:   21364 PH 2026-03-29 1625 WJ1U             59  1208  AA0FO            59   0527     
QSO:   28399 PH 2026-03-29 1626 WJ1U             59  1209  NU5A             59   3180     
QSO:   21270 PH 2026-03-29 1628 WJ1U             59  1210  W2ODH            59   0105     
QSO:   14284 PH 2026-03-29 1629 WJ1U             59  1211  AI0M             59   0184     
QSO:   14298 PH 2026-03-29 1631 WJ1U             59  1212  LY7J             59   2129     
QSO:   21304 PH 2026-03-29 1638 WJ1U             59  1213  HI3LT            59   0959     
QSO:   21369 PH 2026-03-29 1638 WJ1U             59  1214  NH8S             59   1396     
QSO:   28527 PH 2026-03-29 1648 WJ1U             59  1215  CX2RA            59   0850     
QSO:   21433 PH 2026-03-29 1650 WJ1U             59  1216  G4ERW            59   0154     
QSO:   14207 PH 2026-03-29 1650 WJ1U             59  1217  UT5EL            59   2076     
QSO:   14340 PH 2026-03-29 1659 WJ1U             59  1218  KK5TY            59   0257     
QSO:   14340 PH 2026-03-29 1701 WJ1U             59  1219  WA4WZR           59   0293     
QSO:   14340 PH 2026-03-29 1703 WJ1U             59  1220  WL4M             59   0184     
QSO:   14340 PH 2026-03-29 1704 WJ1U             59  1221  KF8DCQ           59   0002     
QSO:   14340 PH 2026-03-29 1705 WJ1U             59  1222  K4CVD            59   0065     
QSO:   14340 PH 2026-03-29 1706 WJ1U             59  1223  N9LYE            59   0136     
QSO:   14340 PH 2026-03-29 1707 WJ1U             59  1224  KE8DFJ           59   0034     
QSO:   14340 PH 2026-03-29 1709 WJ1U             59  1225  K4CGY            59   0634     
QSO:   14340 PH 2026-03-29 1710 WJ1U             59  1226  KF8GBP           59   0010     
QSO:   14340 PH 2026-03-29 1711 WJ1U             59  1227  EI4GNB           59   0721     
QSO:   14340 PH 2026-03-29 1713 WJ1U             59  1228  WD8QGE           59   0011     
QSO:   14340 PH 2026-03-29 1715 WJ1U             59  1229  WS8B             59   0002     
QSO:   14340 PH 2026-03-29 1715 WJ1U             59  1230  N9CUE            59   0001     
QSO:   14340 PH 2026-03-29 1716 WJ1U             59  1231  WA4EUL           59   0036     
QSO:   14340 PH 2026-03-29 1717 WJ1U             59  1232  K4ISU            59   0027     
QSO:   14340 PH 2026-03-29 1719 WJ1U             59  1233  N8UZF            59   0048     
QSO:   14340 PH 2026-03-29 1720 WJ1U             59  1234  SN2M             59   0642     
QSO:   14340 PH 2026-03-29 1721 WJ1U             59  1235  W9GPB            59   0043     
QSO:   14340 PH 2026-03-29 1721 WJ1U             59  1236  W4HIJ            59   0054     
QSO:   14340 PH 2026-03-29 1722 WJ1U             59  1237  KL7DUG           59   0265     
QSO:   14340 PH 2026-03-29 1722 WJ1U             59  1238  NJ8J             59   0070     
QSO:   14340 PH 2026-03-29 1722 WJ1U             59  1239  KQ4FGT           59   0004     
QSO:   14340 PH 2026-03-29 1724 WJ1U             59  1240  NW3Y             59   0511     
QSO:   14340 PH 2026-03-29 1725 WJ1U             59  1241  KK0L             59   0259     
QSO:   14340 PH 2026-03-29 1726 WJ1U             59  1242  KN4DY            59   0009     
QSO:   21324 PH 2026-03-29 1731 WJ1U             59  1243  TO7O             59   3405     
QSO:   21303 PH 2026-03-29 1732 WJ1U             59  1244  WM7A             59   0566     
QSO:   21300 PH 2026-03-29 1733 WJ1U             59  1245  NT6Q             59   3757     
QSO:   21250 PH 2026-03-29 1739 WJ1U             59  1246  VA6RCN           59   0309     
QSO:   21241 PH 2026-03-29 1740 WJ1U             59  1247  KD0BTO           59   1789     
QSO:   21229 PH 2026-03-29 1741 WJ1U             59  1248  WS7X             59   2386     
QSO:   14186 PH 2026-03-29 1744 WJ1U             59  1249  WV4P             59   1717     
QSO:   14175 PH 2026-03-29 1744 WJ1U             59  1250  HG8R             59   3051     
QSO:   28546 PH 2026-03-29 1746 WJ1U             59  1251  PU4GGB           59   0153     
QSO:   21357 PH 2026-03-29 1749 WJ1U             59  1252  KI6FE            59   0251     
QSO:   28328 PH 2026-03-29 1750 WJ1U             59  1253  WZ8T             59   0625     
QSO:   21371 PH 2026-03-29 1754 WJ1U             59  1254  KQ4SER           59   0401     
QSO:   28313 PH 2026-03-29 1755 WJ1U             59  1255  LS2D             59   0189     
QSO:   28556 PH 2026-03-29 1806 WJ1U             59  1256  CO6HZ            59   0329     
QSO:   14298 PH 2026-03-29 1807 WJ1U             59  1257  S51DX            59   0500     
QSO:   21301 PH 2026-03-29 1808 WJ1U             59  1258  NL7WA            59   1900     
QSO:   14324 PH 2026-03-29 1810 WJ1U             59  1259  9A2L             59   1938     
QSO:   14301 PH 2026-03-29 1810 WJ1U             59  1260  EA3CI            59   1950     
QSO:   14317 PH 2026-03-29 1812 WJ1U             59  1261  S58W             59   1224     
QSO:   14209 PH 2026-03-29 1813 WJ1U             59  1262  KC9OP            59   0229     
QSO:   21415 PH 2026-03-29 1815 WJ1U             59  1263  KJ5IEL           59   0232     
QSO:   14254 PH 2026-03-29 1817 WJ1U             59  1264  OL5G             59   0437     
QSO:   14332 PH 2026-03-29 1820 WJ1U             59  1265  OK5Z             59   3364     
QSO:   21217 PH 2026-03-29 1822 WJ1U             59  1266  V55A             59   1243     
QSO:   14215 PH 2026-03-29 1823 WJ1U             59  1267  W4TM             59   0420     
QSO:   14287 PH 2026-03-29 1823 WJ1U             59  1268  DL7ON            59   1722     
QSO:   28378 PH 2026-03-29 1826 WJ1U             59  1269  PY2WB            59   1573     
QSO:   14262 PH 2026-03-29 1827 WJ1U             59  1270  K0YR             59   0892     
QSO:   14156 PH 2026-03-29 1835 WJ1U             59  1271  YR100RC          59   2143     
QSO:   21430 PH 2026-03-29 1838 WJ1U             59  1272  CQ3W             59   3821     
QSO:   21381 PH 2026-03-29 1841 WJ1U             59  1273  NR6Q             59   2100     
QSO:   21422 PH 2026-03-29 1846 WJ1U             59  1274  WP4OUE           59   0154     
QSO:   21422 PH 2026-03-29 1846 WJ1U             59  1275  N0UU             59   0155     
QSO:   21422 PH 2026-03-29 1849 WJ1U             59  1276  K0TOC            59   0015     
QSO:   21422 PH 2026-03-29 1853 WJ1U             59  1277  KB0ARZ           59   0243     
QSO:   21422 PH 2026-03-29 1853 WJ1U             59  1278  KE3OA            59   0083     
QSO:   21422 PH 2026-03-29 1854 WJ1U             59  1279  W7JHR            59   0201     
QSO:   21422 PH 2026-03-29 1855 WJ1U             59  1280  K7BEM            59   0606     
QSO:   21260 PH 2026-03-29 1901 WJ1U             59  1281  K0DG             59   0239     
QSO:   21280 PH 2026-03-29 1902 WJ1U             59  1282  AJ6V             59   0397     
QSO:   14194 PH 2026-03-29 1904 WJ1U             59  1283  IO5F             59   2370     
QSO:   28640 PH 2026-03-29 1904 WJ1U             59  1284  PU2USK           59   0075     
QSO:   21322 PH 2026-03-29 1910 WJ1U             59  1285  KM0DX            59   0346     
QSO:   28429 PH 2026-03-29 1911 WJ1U             59  1286  NX5M             59   0180     
QSO:   28363 PH 2026-03-29 1912 WJ1U             59  1287  PU2MGE           59   0171     
QSO:   21327 PH 2026-03-29 1917 WJ1U             59  1288  CQ9A             59   5031     
QSO:   14208 PH 2026-03-29 1918 WJ1U             59  1289  KT4O             59   0275     
QSO:   14294 PH 2026-03-29 1919 WJ1U             59  1290  HG5A             59   2190     
QSO:   21215 PH 2026-03-29 1920 WJ1U             59  1291  WI0WA            59   1972     
QSO:   28663 PH 2026-03-29 1927 WJ1U             59  1292  PP5RB            59   0187     
QSO:   28580 PH 2026-03-29 1929 WJ1U             59  1293  HK4LRM           59   0510     
QSO:   28525 PH 2026-03-29 1931 WJ1U             59  1294  PY2CPS           59   0297     
QSO:   28343 PH 2026-03-29 1935 WJ1U             59  1295  PU2TWZ           59   0364     
QSO:   28333 PH 2026-03-29 1936 WJ1U             59  1296  N7AGP            59   0611     
QSO:   28630 PH 2026-03-29 1958 WJ1U             59  1297  PY2HT            59   1315     
QSO:   28411 PH 2026-03-29 2002 WJ1U             59  1298  PY2ERA           59   0257     
QSO:   21250 PH 2026-03-29 2003 WJ1U             59  1299  WA7NB            59   1202     
QSO:   14296 PH 2026-03-29 2007 WJ1U             59  1300  YU5A             59   2466     
QSO:   14260 PH 2026-03-29 2008 WJ1U             59  1301  EU1A             59   1348     
QSO:   14191 PH 2026-03-29 2010 WJ1U             59  1302  DL8TV            59   1005     
QSO:   14324 PH 2026-03-29 2011 WJ1U             59  1303  UW5Y             59   3149     
QSO:   28531 PH 2026-03-29 2012 WJ1U             59  1304  AZ6H             59   0560     
QSO:   14181 PH 2026-03-29 2015 WJ1U             59  1305  YT8A             59   1600     
QSO:   14244 PH 2026-03-29 2018 WJ1U             59  1306  EI9E             59   1178     
QSO:   14251 PH 2026-03-29 2018 WJ1U             59  1307  S54K             59   2259     
QSO:   14315 PH 2026-03-29 2020 WJ1U             59  1308  S59A             59   0876     
QSO:   14307 PH 2026-03-29 2022 WJ1U             59  1309  KQ4SID           59   0021     
QSO:   14307 PH 2026-03-29 2023 WJ1U             59  1310  VO1TH            59   0178     
QSO:   14307 PH 2026-03-29 2024 WJ1U             59  1311  KR4DYT           59   0074     
QSO:   14307 PH 2026-03-29 2025 WJ1U             59  1312  EA2T             59   0200     
QSO:   14307 PH 2026-03-29 2025 WJ1U             59  1313  DL1OKB           59   0035     
QSO:   14307 PH 2026-03-29 2025 WJ1U             59  1314  DR8M             59   0969     
QSO:   14307 PH 2026-03-29 2027 WJ1U             59  1315  KB9BVL           59   0409     
QSO:   14307 PH 2026-03-29 2027 WJ1U             59  1316  F6IRS            59   0262     
QSO:   14307 PH 2026-03-29 2030 WJ1U             59  1317  K2ATZ            59   0236     
QSO:   14307 PH 2026-03-29 2032 WJ1U             59  1318  N9GXA            59   0264     
QSO:   14307 PH 2026-03-29 2032 WJ1U             59  1319  W4SSF            59   0082     
QSO:   14307 PH 2026-03-29 2033 WJ1U             59  1320  KB0ARZ           59   0265     
QSO:   14307 PH 2026-03-29 2033 WJ1U             59  1321  KB9OZI           59   0166     
QSO:   14307 PH 2026-03-29 2034 WJ1U             59  1322  TM2Q             59   1528     
QSO:   14307 PH 2026-03-29 2034 WJ1U             59  1323  II9P             59   2259     
QSO:   14307 PH 2026-03-29 2036 WJ1U             59  1324  YO7IO            59   0374     
QSO:   14307 PH 2026-03-29 2036 WJ1U             59  1325  EA1JCZ           59   0868     
QSO:   14307 PH 2026-03-29 2036 WJ1U             59  1326  VO1AW            59   0568     
QSO:   14307 PH 2026-03-29 2036 WJ1U             59  1327  OL3R             59   1263     
QSO:   14307 PH 2026-03-29 2036 WJ1U             59  1328  DC2CL            59   0523     
QSO:   14307 PH 2026-03-29 2037 WJ1U             59  1329  W8EH             59   0111     
QSO:   14307 PH 2026-03-29 2038 WJ1U             59  1330  DL9UP            59   1373     
QSO:   14307 PH 2026-03-29 2038 WJ1U             59  1331  IW2NEF           59   0149     
QSO:   14307 PH 2026-03-29 2039 WJ1U             59  1332  MM9I             59   2245     
QSO:   14307 PH 2026-03-29 2040 WJ1U             59  1333  CT7AQF           59   0731     
QSO:   14307 PH 2026-03-29 2040 WJ1U             59  1334  HG7T             59   1441     
QSO:   14307 PH 2026-03-29 2040 WJ1U             59  1335  TM18Z            59   1816     
QSO:   14307 PH 2026-03-29 2041 WJ1U             59  1336  DR6N             59   0456     
QSO:   14307 PH 2026-03-29 2041 WJ1U             59  1337  HG0Y             59   0517     
QSO:   14307 PH 2026-03-29 2041 WJ1U             59  1338  DH1PS            59   0374     
QSO:   14307 PH 2026-03-29 2042 WJ1U             59  1339  IK6LBT           59   0845     
QSO:   14307 PH 2026-03-29 2042 WJ1U             59  1340  WQ5L             59   0229     
QSO:   14307 PH 2026-03-29 2043 WJ1U             59  1341  W8UF             59   0184     
QSO:   14307 PH 2026-03-29 2043 WJ1U             59  1342  DL7URH           59   0691     
QSO:   14307 PH 2026-03-29 2043 WJ1U             59  1343  SQ6ILJ           59   0686     
QSO:   14307 PH 2026-03-29 2044 WJ1U             59  1344  W9YK             59   0517     
QSO:   14307 PH 2026-03-29 2044 WJ1U             59  1345  LY4L             59   2059     
QSO:   14307 PH 2026-03-29 2044 WJ1U             59  1346  SO5D             59   0997     
QSO:   14307 PH 2026-03-29 2045 WJ1U             59  1347  DP5P             59   0804     
QSO:   14307 PH 2026-03-29 2045 WJ1U             59  1348  W3DQS            59   0422     
QSO:   14307 PH 2026-03-29 2046 WJ1U             59  1349  W4BBT            59   0192     
QSO:   14307 PH 2026-03-29 2046 WJ1U             59  1350  PA0KDV           59   0856     
QSO:   14307 PH 2026-03-29 2046 WJ1U             59  1351  DA2X             59   0691     
QSO:   14307 PH 2026-03-29 2047 WJ1U             59  1352  N8ZVB            59   0143     
QSO:   14307 PH 2026-03-29 2047 WJ1U             59  1353  K4VVA            59   0022     
QSO:   14306 PH 2026-03-29 2048 WJ1U             59  1354  K4KER            59   0011     
QSO:   14307 PH 2026-03-29 2049 WJ1U             59  1355  W9YG             59   0309     
QSO:   14307 PH 2026-03-29 2049 WJ1U             59  1356  DL1NEO           59   0419     
QSO:   14307 PH 2026-03-29 2050 WJ1U             59  1357  HB9EYP           59   0408     
QSO:   14307 PH 2026-03-29 2051 WJ1U             59  1358  W8LYO            59   0319     
QSO:   14307 PH 2026-03-29 2052 WJ1U             59  1359  WA2VAM           59   0124     
QSO:   14307 PH 2026-03-29 2052 WJ1U             59  1360  AC6ZM            59   0360     
QSO:   14307 PH 2026-03-29 2053 WJ1U             59  1361  N9ZEP            59   0183     
QSO:   14307 PH 2026-03-29 2054 WJ1U             59  1362  KF8AHK           59   0255     
QSO:   14307 PH 2026-03-29 2055 WJ1U             59  1363  F8KHN            59   1659     
QSO:   28371 PH 2026-03-29 2124 WJ1U             59  1364  NH7T             59   1660     
QSO:   21345 PH 2026-03-29 2125 WJ1U             59  1365  K8GL             59   0261     
QSO:   21256 PH 2026-03-29 2128 WJ1U             59  1366  JF9JTS           59   0190     
QSO:   14264 PH 2026-03-29 2132 WJ1U             59  1367  HA3DX            59   3217     
QSO:   14171 PH 2026-03-29 2132 WJ1U             59  1368  IK4ZGO           59   0176     
QSO:   14338 PH 2026-03-29 2134 WJ1U             59  1369  SX5P             59   1193     
QSO:   21389 PH 2026-03-29 2137 WJ1U             59  1370  KL5DX            59   1543     
QSO:   14193 PH 2026-03-29 2139 WJ1U             59  1371  SV1ME            59   1151     
QSO:   21240 PH 2026-03-29 2140 WJ1U             59  1372  PY5QW            59   0399     
QSO:   14154 PH 2026-03-29 2142 WJ1U             59  1373  OL9R             59   1695     
QSO:   14165 PH 2026-03-29 2143 WJ1U             59  1374  WK1O             59   2438     
QSO:   14283 PH 2026-03-29 2144 WJ1U             59  1375  TM3P             59   4322     
QSO:   14220 PH 2026-03-29 2145 WJ1U             59  1376  EC1A             59   0976     
QSO:   14347 PH 2026-03-29 2150 WJ1U             59  1377  AC9TO            59   0275     
QSO:   14160 PH 2026-03-29 2156 WJ1U             59  1378  DK3WE            59   0091     
QSO:    7179 PH 2026-03-29 2159 WJ1U             59  1379  N3ZV             59   0169     
QSO:   14258 PH 2026-03-29 2202 WJ1U             59  1380  LZ25W            59   3025     
QSO:   14307 PH 2026-03-29 2205 WJ1U             59  1381  DJ2TX            59   0004     
QSO:   14307 PH 2026-03-29 2205 WJ1U             59  1382  KC9JML           59   0285     
QSO:   14307 PH 2026-03-29 2206 WJ1U             59  1383  VE9XX            59   0476     
QSO:   14307 PH 2026-03-29 2206 WJ1U             59  1384  W9XT             59   0237     
QSO:   14307 PH 2026-03-29 2206 WJ1U             59  1385  WA5JMZ           59   0590     
QSO:   14307 PH 2026-03-29 2211 WJ1U             59  1386  N9ERJ            59   0162     
QSO:   14307 PH 2026-03-29 2211 WJ1U             59  1387  KB0CFD           59   0406     
QSO:   14307 PH 2026-03-29 2212 WJ1U             59  1388  W8FN             59   0370     
QSO:   14307 PH 2026-03-29 2212 WJ1U             59  1389  NE4EI            59   0101     
QSO:   14307 PH 2026-03-29 2213 WJ1U             59  1390  WA9VYT           59   0111     
QSO:   14307 PH 2026-03-29 2213 WJ1U             59  1391  NO8DX            59   0255     
QSO:   14307 PH 2026-03-29 2214 WJ1U             59  1392  W9AV             59   0524     
QSO:   14293 PH 2026-03-29 2217 WJ1U             59  1393  KB0VKL           59   0088     
QSO:   14293 PH 2026-03-29 2218 WJ1U             59  1394  F5JRC            59   0160     
QSO:   14293 PH 2026-03-29 2219 WJ1U             59  1395  PC0A             59   1334     
QSO:   14293 PH 2026-03-29 2219 WJ1U             59  1396  KE6VRL           59   0102     
QSO:   14293 PH 2026-03-29 2220 WJ1U             59  1397  K4KNO            59   0219     
QSO:    7207 PH 2026-03-29 2224 WJ1U             59  1398  W5MX             59   2468     
QSO:   21322 PH 2026-03-29 2226 WJ1U             59  1399  VE6WP            59   1323     
QSO:   21438 PH 2026-03-29 2228 WJ1U             59  1400  JS1OYN           59   0721     
QSO:   21230 PH 2026-03-29 2228 WJ1U             59  1401  CY0S             59   1868     
QSO:   14276 PH 2026-03-29 2230 WJ1U             59  1402  KD9GY            59   0599     
QSO:   28432 PH 2026-03-29 2231 WJ1U             59  1403  PY2FZ            59   0560     
QSO:   21398 PH 2026-03-29 2233 WJ1U             59  1404  JH1GEX           59   0031     
QSO:   21400 PH 2026-03-29 2233 WJ1U             59  1405  JA7NVF           59   1638     
QSO:   28355 PH 2026-03-29 2235 WJ1U             59  1406  LT6T             59   1144     
QSO:   21346 PH 2026-03-29 2237 WJ1U             59  1407  PW2F             59   0409     
QSO:   21324 PH 2026-03-29 2240 WJ1U             59  1408  NF6A             59   1786     
QSO:   21273 PH 2026-03-29 2240 WJ1U             59  1409  CX2RA            59   1103     
QSO:   14242 PH 2026-03-29 2241 WJ1U             59  1410  CT3KN            59   4402     
QSO:    7141 PH 2026-03-29 2244 WJ1U             59  1411  WR3R             59   0250     
QSO:   28476 PH 2026-03-29 2245 WJ1U             59  1412  LT5H             59   0937     
QSO:   21341 PH 2026-03-29 2246 WJ1U             59  1413  JG7AMD           59   0733     
QSO:   21293 PH 2026-03-29 2247 WJ1U             59  1414  PJ2T             59   3577     
QSO:    7144 PH 2026-03-29 2249 WJ1U             59  1415  DA2X             59   0628     
QSO:   21338 PH 2026-03-29 2249 WJ1U             59  1416  8P6NW            59   0422     
QSO:    7280 PH 2026-03-29 2253 WJ1U             59  1417  VE9ENT           59   0281     
QSO:   14334 PH 2026-03-29 2254 WJ1U             59  1418  IZ8GUQ           59   0974     
QSO:   14336 PH 2026-03-29 2255 WJ1U             59  1419  ZP6RAI           59   0740     
QSO:   14178 PH 2026-03-29 2256 WJ1U             59  1420  TI5RTZ           59   0441     
QSO:   28473 PH 2026-03-29 2257 WJ1U             59  1421  PY5PLL           59   0395     
QSO:   28517 PH 2026-03-29 2257 WJ1U             59  1422  CB4W             59   1141     
QSO:    7250 PH 2026-03-29 2259 WJ1U             59  1423  VO1GO            59   0543     
QSO:    7133 PH 2026-03-29 2303 WJ1U             59  1424  CG9T             59   2181     
QSO:    7147 PH 2026-03-29 2304 WJ1U             59  1425  S57AL            59   3549     
QSO:    7159 PH 2026-03-29 2305 WJ1U             59  1426  AC9S             59   1099     
QSO:    7243 PH 2026-03-29 2307 WJ1U             59  1427  K3SNO            59   0607     
QSO:    7160 PH 2026-03-29 2309 WJ1U             59  1428  TM6M             59   1527     
QSO:   21220 PH 2026-03-29 2313 WJ1U             59  1429  AG6AU            59   0199     
QSO:   14208 PH 2026-03-29 2314 WJ1U             59  1430  NR0Q             59   0850     
QSO:   28440 PH 2026-03-29 2315 WJ1U             59  1431  LT4I             59   0745     
QSO:   14335 PH 2026-03-29 2320 WJ1U             59  1432  WN1C             59   0111     
QSO:   14335 PH 2026-03-29 2322 WJ1U             59  1433  AL1G             59   0199     
QSO:   21433 PH 2026-03-29 2325 WJ1U             59  1434  JH7LRS           59   1756     
QSO:   21441 PH 2026-03-29 2327 WJ1U             59  1435  JO3DDD           59   0578     
QSO:   21247 PH 2026-03-29 2327 WJ1U             59  1436  CB8E             59   0648     
QSO:   21395 PH 2026-03-29 2328 WJ1U             59  1437  AL2F             59   0190     
QSO:   21360 PH 2026-03-29 2329 WJ1U             59  1438  JR1GSE           59   0822     
QSO:   21328 PH 2026-03-29 2331 WJ1U             59  1439  NO8DX            59   0298     
QSO:   21328 PH 2026-03-29 2332 WJ1U             59  1440  JA0BJY           59   0077     
QSO:   21328 PH 2026-03-29 2332 WJ1U             59  1441  JJ0JML           59   0664     
QSO:    7228 PH 2026-03-29 2337 WJ1U             59  1442  AH2O             59   1879     
QSO:   28487 PH 2026-03-29 2339 WJ1U             59  1443  CE1WY            59   0604     
QSO:    7209 PH 2026-03-29 2343 WJ1U             59  1444  W2PI             59   0395     
QSO:    7145 PH 2026-03-29 2345 WJ1U             59  1445  RU1A             59   6354     
QSO:   14281 PH 2026-03-29 2348 WJ1U             59  1446  KW9A             59   0089     
QSO:   21379 PH 2026-03-29 2351 WJ1U             59  1447  JM7SKE           59   0563     
QSO:    7174 PH 2026-03-29 2356 WJ1U             59  1448  OM7K             59   0978     
QSO:   14214 PH 2026-03-29 2358 WJ1U             59  1449  9H6A             59   2246     
END-OF-LOG:
