start	finish	modes	contest	results_url	rules_url
Fri, 01 Aug, 2025 01:00	01 Aug, 2025 01:29	FT4/FT8	NCCC FT4 Sprint		https://www.ncccsprint.com/ft4ns.html
Fri, 01 Aug, 2025 01:45	01 Aug, 2025 02:14	RTTY	Weekly RTTY Test		https://radiosport.world/wrt.html
Fri, 01 Aug, 2025 02:30	01 Aug, 2025 02:59	CW	NCCC Sprint		https://ncccsprint.com/rules.html
Fri, 01 Aug, 2025 20:00	01 Aug, 2025 20:59	CW	K1USN’s Slow Speed Test		http://www.k1usn.com/sst_rules.html
Sat, 02 Aug, 2025 00:01	03 Aug, 2025 23:58	Phone	10-10 International Summer Phone QSO Party		https://www.ten-ten.org/index.php/activity/2013-07-22-20-26-48/qso-party-rules
Sat, 02 Aug, 2025 12:00	02 Aug, 2025 23:59	CW,SSB	European HF Championship		https://euhf.s5cc.eu/euhfc_rules/
Sat, 02 Aug, 2025 18:00	03 Aug, 2025 05:59	CW	North American QSO Party, CW		https://ncjweb.com/naqp/
Sun, 03 Aug, 2025 14:00	03 Aug, 2025 16:29	SSB	SARL HF Phone Contest		https://mysarl.org.za/contest-resources/
Mon, 04 Aug, 2025 00:00	04 Aug, 2025 00:59	CW	K1USN’s Slow Speed Test		http://www.k1usn.com/sst_rules.html
Mon, 04 Aug, 2025 13:00	04 Aug, 2025 13:59	CW	ICWC Medium Speed Test (Session #1)		https://internationalcwcouncil.org/mst-contest/
Mon, 04 Aug, 2025 16:30	04 Aug, 2025 17:29	CW,SSB	OK1WC Memorial Contest		https://memorial-ok1wc.cz/index.php?page=rules2l
Mon, 04 Aug, 2025 19:00	04 Aug, 2025 19:59	CW	ICWC Medium Speed Test (Session #2)		https://internationalcwcouncil.org/mst-contest/
Tue, 05 Aug, 2025 01:00	05 Aug, 2025 01:59	SSB	Worldwide Sideband Activity Contest		https://wwsac.com/rules.html
Tue, 05 Aug, 2025 01:00	05 Aug, 2025 02:59	CW	ARS Spartan Sprint		http://arsqrp.blogspot.com/2009/02/so-whats-spartan-sprint-and-how-do-i.html
Tue, 05 Aug, 2025 03:00	05 Aug, 2025 03:59	CW	ICWC Medium Speed Test (Session #3)		https://internationalcwcouncil.org/mst-contest/
Tue, 05 Aug, 2025 08:00	05 Aug, 2025 08:29	CW,SSB,FT4/FT8	ZL Sprint (CW Round)		https://www.nzart.org.nz/activities/contests/sprints/
Tue, 05 Aug, 2025 08:30	05 Aug, 2025 08:59	CW,SSB,FT4/FT8	ZL Sprint (SSB Round)		https://www.nzart.org.nz/activities/contests/sprints/
Tue, 05 Aug, 2025 09:00	05 Aug, 2025 09:29	CW,SSB,FT4/FT8	ZL Sprint (FT4 Round)		https://www.nzart.org.nz/activities/contests/sprints/
Wed, 06 Aug, 2025 02:30	06 Aug, 2025 03:59	SSB	Phone Weekly Test		http://www.perluma.com/Phone_Fray_Contest_Rules.pdf
Wed, 06 Aug, 2025 12:00	06 Aug, 2025 12:59	CW	A1CLUB Weekly Test		https://a1club.org/contest/awt/
Wed, 06 Aug, 2025 13:00	06 Aug, 2025 13:59	CW	Monthly Mini-CWT (Session #1)		https://cwops.org/cwops-tests/
Wed, 06 Aug, 2025 17:00	06 Aug, 2025 17:59	CW	Wednesday mini-contest 40m	https://ua9qcq.com/results_new.php?testid=242	
Thu, 07 Aug, 2025 00:00	07 Aug, 2025 00:59	CW	Walk for the Bacon 40M QRP Contest (Session #1)		https://qrpcontest.com/pigwalk40/
Thu, 07 Aug, 2025 03:00	07 Aug, 2025 03:59	CW	Monthly Mini-CWT (Session #3)		https://cwops.org/cwops-tests/
Thu, 07 Aug, 2025 07:00	07 Aug, 2025 07:59	CW	Monthly Mini-CWT (Session #4)		https://cwops.org/cwops-tests/
Thu, 07 Aug, 2025 17:00	07 Aug, 2025 20:59	CW,Phone,Digital	NRAU Activity 10m Contest		https://nrau.net/nrau-contests-in-general/
Thu, 07 Aug, 2025 19:00	07 Aug, 2025 20:59	CW	Straight Key Sprint Europe		http://www.skccgroup.com/operating_activities/skse/
Fri, 08 Aug, 2025 01:00	08 Aug, 2025 01:29	FT4/FT8	NCCC FT4 Sprint		https://www.ncccsprint.com/ft4ns.html
Fri, 08 Aug, 2025 01:45	08 Aug, 2025 02:14	RTTY	Weekly RTTY Test		https://radiosport.world/wrt.html
Fri, 08 Aug, 2025 02:00	08 Aug, 2025 02:59	CW	Walk for the Bacon 40M QRP Contest (Session #2)		https://qrpcontest.com/pigwalk40/
Fri, 08 Aug, 2025 02:30	08 Aug, 2025 02:59	CW	NCCC Sprint		https://ncccsprint.com/rules.html
Fri, 08 Aug, 2025 20:00	08 Aug, 2025 20:59	CW	K1USN’s Slow Speed Test		http://www.k1usn.com/sst_rules.html
Sat, 09 Aug, 2025 00:00	09 Aug, 2025 23:59	CW	FISTS Saturday Sprint		https://www.fistsna.org/operating.html#sprints
Sat, 09 Aug, 2025 00:00	10 Aug, 2025 23:59	CW	Worked All Europe DX Contest CW		https://www.darc.de/der-club/referate/conteste/wae-dx-contest/en/wae-rules/
Sat, 09 Aug, 2025 12:00	10 Aug, 2025 23:59	CW	SKCC's Weekend Sprintathon		http://www.skccgroup.com/operating_activities/weekend_sprintathon/
Sat, 09 Aug, 2025 14:00	09 Aug, 2025 14:59	CW,SSB	SARL YL QSO Party		https://mysarl.org.za/contest-resources/
Sat, 09 Aug, 2025 14:00	09 Aug, 2025 21:59	CW,SSB,Digital	Kentucky State Parks on the Air		https://k4msu.com/kypota/
Sat, 09 Aug, 2025 14:00	10 Aug, 2025 03:59	CW,Phone,Digital	Maryland-DC QSO Party		https://www.w3vpr.org/Maryland-DC_QSO_Party
Sun, 10 Aug, 2025 13:00	10 Aug, 2025 15:29	RTTY	SARL HF Digital Contest		https://mysarl.org.za/contest-resources/
Mon, 11 Aug, 2025 00:00	11 Aug, 2025 00:59	CW	K1USN’s Slow Speed Test		http://www.k1usn.com/sst_rules.html
Mon, 11 Aug, 2025 00:00	11 Aug, 2025 01:59	CW,SSB	Four States QRP Group Second Sunday Sprint		http://www.4sqrp.com/SSS/sss_rules.pdf
Mon, 11 Aug, 2025 13:00	11 Aug, 2025 13:59	CW	ICWC Medium Speed Test (Session #1)		https://internationalcwcouncil.org/mst-contest/
Mon, 11 Aug, 2025 16:30	11 Aug, 2025 17:29	CW,SSB	OK1WC Memorial Contest		https://memorial-ok1wc.cz/index.php?page=rules2l
Mon, 11 Aug, 2025 19:00	11 Aug, 2025 19:59	CW	ICWC Medium Speed Test (Session #2)		https://internationalcwcouncil.org/mst-contest/
Tue, 12 Aug, 2025 01:00	12 Aug, 2025 01:59	SSB	Worldwide Sideband Activity Contest		https://wwsac.com/rules.html
Tue, 12 Aug, 2025 03:00	12 Aug, 2025 03:59	CW	ICWC Medium Speed Test (Session #3)		https://internationalcwcouncil.org/mst-contest/
Tue, 12 Aug, 2025 08:00	12 Aug, 2025 08:29	CW,SSB,FT4/FT8	ZL Sprint (CW Round)		https://www.nzart.org.nz/activities/contests/sprints/
Tue, 12 Aug, 2025 08:30	12 Aug, 2025 08:59	CW,SSB,FT4/FT8	ZL Sprint (SSB Round)		https://www.nzart.org.nz/activities/contests/sprints/
Tue, 12 Aug, 2025 09:00	12 Aug, 2025 09:29	CW,SSB,FT4/FT8	ZL Sprint (FT4 Round)		https://www.nzart.org.nz/activities/contests/sprints/
Tue, 12 Aug, 2025 19:00	12 Aug, 2025 20:29	FT4/FT8	DARC FT4 Contest		https://www.darc.de/der-club/referate/conteste/ft4-contest/ft4-rules/
Wed, 13 Aug, 2025 00:30	13 Aug, 2025 02:29	CW	NAQCC Straight Key/Bug Sprint		"http://naqcc.info/contests.html
"
Wed, 13 Aug, 2025 02:30	13 Aug, 2025 03:59	SSB	Phone Weekly Test		http://www.perluma.com/Phone_Fray_Contest_Rules.pdf
Wed, 13 Aug, 2025 12:00	13 Aug, 2025 12:59	CW	A1CLUB Weekly Test		https://a1club.org/contest/awt/
Wed, 13 Aug, 2025 13:00	13 Aug, 2025 13:59	CW	Monthly Mini-CWT (Session #1)		https://cwops.org/cwops-tests/
Wed, 13 Aug, 2025 17:00	13 Aug, 2025 17:59	CW	Wednesday mini-contest 40m	https://ua9qcq.com/results_new.php?testid=242	
Thu, 14 Aug, 2025 03:00	14 Aug, 2025 03:59	CW	Monthly Mini-CWT (Session #3)		https://cwops.org/cwops-tests/
Thu, 14 Aug, 2025 07:00	14 Aug, 2025 07:59	CW	Monthly Mini-CWT (Session #4)		https://cwops.org/cwops-tests/
Fri, 15 Aug, 2025 01:00	15 Aug, 2025 01:29	FT4/FT8	NCCC FT4 Sprint		https://www.ncccsprint.com/ft4ns.html
Fri, 15 Aug, 2025 01:45	15 Aug, 2025 02:14	RTTY	Weekly RTTY Test		https://radiosport.world/wrt.html
Fri, 15 Aug, 2025 02:30	15 Aug, 2025 02:59	CW	NCCC Sprint		https://ncccsprint.com/rules.html
Fri, 15 Aug, 2025 20:00	15 Aug, 2025 20:59	CW	K1USN’s Slow Speed Test		http://www.k1usn.com/sst_rules.html
Sat, 16 Aug, 2025 00:00	16 Aug, 2025 07:59	RTTY	SARTG WW RTTY Contest (Session #1)		
Sat, 16 Aug, 2025 08:00	17 Aug, 2025 07:59	CW,SSB	RDA Contest		http://rdaward.org/rdac1.htm
Sat, 16 Aug, 2025 12:00	16 Aug, 2025 12:59	CW,SSB	SARL Youth QSO Party		https://mysarl.org.za/contest-resources/
Sat, 16 Aug, 2025 12:00	17 Aug, 2025 11:59	CW	KCJ Contest		https://kcj-cw.com/e_index.htm
Sat, 16 Aug, 2025 16:00	16 Aug, 2025 17:59	Any modes	Gridlocator Sprint		https://sites.google.com/site/feldhellclub/Home/contests/sprints/gridlocsprint
Sat, 16 Aug, 2025 16:00	16 Aug, 2025 23:59	RTTY	SARTG WW RTTY Contest (Session #2)		
Sat, 16 Aug, 2025 18:00	17 Aug, 2025 20:59	CW	CVA DX Contest CW		http://cvadx.org/regulamento/
Sun, 17 Aug, 2025 00:00	17 Aug, 2025 23:59	CW	FISTS Sunday Sprint		https://www.fistsna.org/operating.html#sprints
Sun, 17 Aug, 2025 08:00	17 Aug, 2025 15:59	RTTY	SARTG WW RTTY Contest (Session #3)		
Sun, 17 Aug, 2025 18:00	17 Aug, 2025 23:59	RTTY	ARRL Rookie Roundup RTTY		http://www.arrl.org/rookie-roundup
Mon, 18 Aug, 2025 00:00	18 Aug, 2025 00:59	CW	K1USN’s Slow Speed Test		http://www.k1usn.com/sst_rules.html
Mon, 18 Aug, 2025 13:00	18 Aug, 2025 13:59	CW	ICWC Medium Speed Test (Session #1)		https://internationalcwcouncil.org/mst-contest/
Mon, 18 Aug, 2025 16:30	18 Aug, 2025 17:29	CW,SSB	OK1WC Memorial Contest		https://memorial-ok1wc.cz/index.php?page=rules2l
Mon, 18 Aug, 2025 19:00	18 Aug, 2025 19:59	CW	ICWC Medium Speed Test (Session #2)		https://internationalcwcouncil.org/mst-contest/
Mon, 18 Aug, 2025 19:00	18 Aug, 2025 20:59	FT4/FT8	RSGB FT4 Contest The contest organizers violate the principles of Ham Spirit		https://www.rsgbcc.org/hf/rules/2025/r80m_ft4.shtml
Tue, 19 Aug, 2025 01:00	19 Aug, 2025 01:59	SSB	Worldwide Sideband Activity Contest		https://wwsac.com/rules.html
Tue, 19 Aug, 2025 03:00	19 Aug, 2025 03:59	CW	ICWC Medium Speed Test (Session #3)		https://internationalcwcouncil.org/mst-contest/
Tue, 19 Aug, 2025 08:00	19 Aug, 2025 08:29	CW,SSB,FT4/FT8	ZL Sprint (CW Round)		https://www.nzart.org.nz/activities/contests/sprints/
Tue, 19 Aug, 2025 08:30	19 Aug, 2025 08:59	CW,SSB,FT4/FT8	ZL Sprint (SSB Round)		https://www.nzart.org.nz/activities/contests/sprints/
Tue, 19 Aug, 2025 09:00	19 Aug, 2025 09:29	CW,SSB,FT4/FT8	ZL Sprint (FT4 Round)		https://www.nzart.org.nz/activities/contests/sprints/
Wed, 20 Aug, 2025 02:30	20 Aug, 2025 03:59	SSB	Phone Weekly Test		http://www.perluma.com/Phone_Fray_Contest_Rules.pdf
Wed, 20 Aug, 2025 12:00	20 Aug, 2025 12:59	CW	A1CLUB Weekly Test		https://a1club.org/contest/awt/
Wed, 20 Aug, 2025 13:00	20 Aug, 2025 13:59	CW	Monthly Mini-CWT (Session #1)		https://cwops.org/cwops-tests/
Wed, 20 Aug, 2025 17:00	20 Aug, 2025 17:59	CW	Wednesday mini-contest 40m	https://ua9qcq.com/results_new.php?testid=242	
Thu, 21 Aug, 2025 00:00	21 Aug, 2025 00:59	CW	Walk for the Bacon 20M QRP Contest (Session #1)		https://qrpcontest.com/pigwalk20/
Thu, 21 Aug, 2025 03:00	21 Aug, 2025 03:59	CW	Monthly Mini-CWT (Session #3)		https://cwops.org/cwops-tests/
Thu, 21 Aug, 2025 07:00	21 Aug, 2025 07:59	CW	Monthly Mini-CWT (Session #4)		https://cwops.org/cwops-tests/
Thu, 21 Aug, 2025 19:00	21 Aug, 2025 19:59	CW	NTC QSO Party		https://pi4ntc.nl/ntcqp/
Fri, 22 Aug, 2025 01:00	22 Aug, 2025 01:29	FT4/FT8	NCCC FT4 Sprint		https://www.ncccsprint.com/ft4ns.html
Fri, 22 Aug, 2025 01:45	22 Aug, 2025 02:14	RTTY	Weekly RTTY Test		https://radiosport.world/wrt.html
Fri, 22 Aug, 2025 02:00	22 Aug, 2025 02:59	CW	Walk for the Bacon 20M QRP Contest (Session #2)		https://qrpcontest.com/pigwalk20/
Fri, 22 Aug, 2025 02:30	22 Aug, 2025 02:59	CW	NCCC Sprint		https://ncccsprint.com/rules.html
Fri, 22 Aug, 2025 20:00	22 Aug, 2025 20:59	CW	K1USN’s Slow Speed Test		http://www.k1usn.com/sst_rules.html
Sat, 23 Aug, 2025 00:00	23 Aug, 2025 23:59	SSB	Turkiye HF SSB Contest		https://tahfcontest.com/
Sat, 23 Aug, 2025 04:00	25 Aug, 2025 03:59	CW,SSB,Digital	Hawaii QSO Party		https://www.hawaiiqsoparty.org/rules-page/
Sat, 23 Aug, 2025 12:00	24 Aug, 2025 11:59	CW,SSB	YO DX HF Contest		https://www.yodx.ro/rules/
Sat, 23 Aug, 2025 12:00	24 Aug, 2025 11:59	CW,SSB	ARSI VU DX Contest		https://arsi.info/dxcontest/
Sat, 23 Aug, 2025 16:00	24 Aug, 2025 03:59	CW,SSB	Ohio QSO Party		https://www.ohqp.org/index.php/rules/
Sat, 23 Aug, 2025 18:00	24 Aug, 2025 20:59	SSB	CVA DX Contest SSB		http://cvadx.org/regulamento/
Sun, 24 Aug, 2025 14:00	24 Aug, 2025 16:29	CW	SARL HF CW Contest		https://mysarl.org.za/contest-resources/
Mon, 25 Aug, 2025 00:00	25 Aug, 2025 00:59	CW	K1USN’s Slow Speed Test		http://www.k1usn.com/sst_rules.html
Mon, 25 Aug, 2025 13:00	25 Aug, 2025 13:59	CW	ICWC Medium Speed Test (Session #1)		https://internationalcwcouncil.org/mst-contest/
Mon, 25 Aug, 2025 13:00	25 Aug, 2025 13:59	CW	QCX Challenge (Session #1)		http://www.qrp-labs.com/party.html
Mon, 25 Aug, 2025 16:30	25 Aug, 2025 17:29	CW,SSB	OK1WC Memorial Contest		https://memorial-ok1wc.cz/index.php?page=rules2l
Mon, 25 Aug, 2025 19:00	25 Aug, 2025 19:59	CW	ICWC Medium Speed Test (Session #2)		https://internationalcwcouncil.org/mst-contest/
Mon, 25 Aug, 2025 19:00	25 Aug, 2025 19:59	CW	QCX Challenge (Session #2)		http://www.qrp-labs.com/party.html
Tue, 26 Aug, 2025 01:00	26 Aug, 2025 01:59	SSB	Worldwide Sideband Activity Contest		https://wwsac.com/rules.html
Tue, 26 Aug, 2025 03:00	26 Aug, 2025 03:59	CW	ICWC Medium Speed Test (Session #3)		https://internationalcwcouncil.org/mst-contest/
Tue, 26 Aug, 2025 03:00	26 Aug, 2025 03:59	CW	QCX Challenge (Session #3)		http://www.qrp-labs.com/party.html
Tue, 26 Aug, 2025 08:00	26 Aug, 2025 08:29	CW,SSB,FT4/FT8	ZL Sprint (CW Round)		https://www.nzart.org.nz/activities/contests/sprints/
Tue, 26 Aug, 2025 08:30	26 Aug, 2025 08:59	CW,SSB,FT4/FT8	ZL Sprint (SSB Round)		https://www.nzart.org.nz/activities/contests/sprints/
Tue, 26 Aug, 2025 09:00	26 Aug, 2025 09:29	CW,SSB,FT4/FT8	ZL Sprint (FT4 Round)		https://www.nzart.org.nz/activities/contests/sprints/
Wed, 27 Aug, 2025 00:00	27 Aug, 2025 01:59	CW	Straight Key Sprint		http://www.skccgroup.com/operating_activities/weekday_sprint/
Wed, 27 Aug, 2025 02:30	27 Aug, 2025 03:59	SSB	Phone Weekly Test		http://www.perluma.com/Phone_Fray_Contest_Rules.pdf
Wed, 27 Aug, 2025 12:00	27 Aug, 2025 12:59	CW	A1CLUB Weekly Test		https://a1club.org/contest/awt/
Wed, 27 Aug, 2025 13:00	27 Aug, 2025 13:59	CW	Monthly Mini-CWT (Session #1)		https://cwops.org/cwops-tests/
Wed, 27 Aug, 2025 17:00	27 Aug, 2025 17:59	CW	Wednesday mini-contest 40m	https://ua9qcq.com/results_new.php?testid=242	
Thu, 28 Aug, 2025 03:00	28 Aug, 2025 03:59	CW	Monthly Mini-CWT (Session #3)		https://cwops.org/cwops-tests/
Thu, 28 Aug, 2025 07:00	28 Aug, 2025 07:59	CW	Monthly Mini-CWT (Session #4)		https://cwops.org/cwops-tests/
Fri, 29 Aug, 2025 01:00	29 Aug, 2025 01:29	FT4/FT8	NCCC FT4 Sprint		https://www.ncccsprint.com/ft4ns.html
Fri, 29 Aug, 2025 01:45	29 Aug, 2025 02:14	RTTY	Weekly RTTY Test		https://radiosport.world/wrt.html
Fri, 29 Aug, 2025 02:30	29 Aug, 2025 02:59	CW	NCCC Sprint		https://ncccsprint.com/rules.html
Fri, 29 Aug, 2025 20:00	29 Aug, 2025 20:59	CW	K1USN’s Slow Speed Test		http://www.k1usn.com/sst_rules.html
Sat, 30 Aug, 2025 00:00	30 Aug, 2025 23:59	Any modes	Worked All Americas Sprint		https://sites.google.com/site/feldhellclub/Home/contests/sprints/worked-all-americas-sprint
Sat, 30 Aug, 2025 06:00	31 Aug, 2025 05:59	CW,SSB	ALARA Contest		http://www.alara.org.au/contests/index.html
Sat, 30 Aug, 2025 12:00	31 Aug, 2025 02:59	CW,Phone,Digital	U.S. Islands QSO Party		https://usislands.org/qso-party-rules/
Sat, 30 Aug, 2025 12:00	31 Aug, 2025 11:59	Digital	World Wide Digi DX Contest		https://ww-digi.com/rules/
Sat, 30 Aug, 2025 13:00	31 Aug, 2025 03:59	CW,Phone,Digital	Colorado QSO Party		http://ppraa.org/coqp
Sat, 30 Aug, 2025 14:00	31 Aug, 2025 01:59	CW,Phone,Digital	Kansas QSO Party (Session #1)		https://ksqsoparty.org/
Sun, 31 Aug, 2025 14:00	31 Aug, 2025 19:59	CW,Phone,Digital	Kansas QSO Party (Session #2)		https://ksqsoparty.org/
Mon, 01 Sept, 2025 00:00	01 Sept, 2025 00:59	CW	K1USN’s Slow Speed Test		http://www.k1usn.com/sst_rules.html
Mon, 01 Sept, 2025 13:00	01 Sept, 2025 13:59	CW	ICWC Medium Speed Test (Session #1)		https://internationalcwcouncil.org/mst-contest/
Mon, 01 Sept, 2025 16:30	01 Sept, 2025 17:29	CW,SSB	OK1WC Memorial Contest		https://memorial-ok1wc.cz/index.php?page=rules2l
Mon, 01 Sept, 2025 19:00	01 Sept, 2025 19:59	CW	ICWC Medium Speed Test (Session #2)		https://internationalcwcouncil.org/mst-contest/
Mon, 01 Sept, 2025 19:00	01 Sept, 2025 20:29	SSB	RSGB 3.5MHz Autumn Series Contest SSB The contest organizers violate the principles of Ham Spirit		https://www.rsgbcc.org/hf/rules/2025/rautumn.shtml
Mon, 01 Sept, 2025 23:00	02 Sept, 2025 02:59	CW	Michigan QRP Labor Day Sprint		https://www.miqrp.net/contest
Tue, 02 Sept, 2025 01:00	02 Sept, 2025 01:59	SSB	Worldwide Sideband Activity Contest		https://wwsac.com/rules.html
Tue, 02 Sept, 2025 01:00	02 Sept, 2025 02:59	CW	ARS Spartan Sprint		http://arsqrp.blogspot.com/2009/02/so-whats-spartan-sprint-and-how-do-i.html
Tue, 02 Sept, 2025 03:00	02 Sept, 2025 03:59	CW	ICWC Medium Speed Test (Session #3)		https://internationalcwcouncil.org/mst-contest/
Wed, 03 Sept, 2025 02:30	03 Sept, 2025 03:59	SSB	Phone Weekly Test		http://www.perluma.com/Phone_Fray_Contest_Rules.pdf
Wed, 03 Sept, 2025 12:00	03 Sept, 2025 12:59	CW	A1CLUB Weekly Test		https://a1club.org/contest/awt/
Wed, 03 Sept, 2025 13:00	03 Sept, 2025 13:59	CW	Monthly Mini-CWT (Session #1)		https://cwops.org/cwops-tests/
Wed, 03 Sept, 2025 17:00	03 Sept, 2025 17:59	CW	Wednesday mini-contest 40m	https://ua9qcq.com/results_new.php?testid=242	
Wed, 03 Sept, 2025 20:00	03 Sept, 2025 20:59	SSB	UKEICC 80m Contest SSB The contest organizers violate the principles of Ham Spirit		https://www.ukeicc.com/80m-rules.php
Thu, 04 Sept, 2025 00:00	04 Sept, 2025 00:59	CW	Walk for the Bacon 40M QRP Contest (Session #1)		https://qrpcontest.com/pigwalk40/
Thu, 04 Sept, 2025 03:00	04 Sept, 2025 03:59	CW	Monthly Mini-CWT (Session #3)		https://cwops.org/cwops-tests/
Thu, 04 Sept, 2025 07:00	04 Sept, 2025 07:59	CW	Monthly Mini-CWT (Session #4)		https://cwops.org/cwops-tests/
Thu, 04 Sept, 2025 17:00	04 Sept, 2025 20:59	CW,Phone,Digital	NRAU Activity 10m Contest		https://nrau.net/nrau-contests-in-general/
Thu, 04 Sept, 2025 19:00	04 Sept, 2025 20:59	CW	Straight Key Sprint Europe		http://www.skccgroup.com/operating_activities/skse/
Fri, 05 Sept, 2025 01:00	05 Sept, 2025 01:29	FT4/FT8	NCCC FT4 Sprint		https://www.ncccsprint.com/ft4ns.html
Fri, 05 Sept, 2025 01:45	05 Sept, 2025 02:14	RTTY	Weekly RTTY Test		https://radiosport.world/wrt.html
Fri, 05 Sept, 2025 02:00	05 Sept, 2025 02:59	CW	Walk for the Bacon 40M QRP Contest (Session #2)		https://qrpcontest.com/pigwalk40/
Fri, 05 Sept, 2025 02:30	05 Sept, 2025 02:59	CW	NCCC Sprint		https://ncccsprint.com/rules.html
Fri, 05 Sept, 2025 20:00	05 Sept, 2025 20:59	CW	K1USN’s Slow Speed Test		http://www.k1usn.com/sst_rules.html
Sat, 06 Sept, 2025 00:00	06 Sept, 2025 03:59	CW	CW Open Competition (1 Round)		https://cwops.org/cwops-tests/cw-open/
Sat, 06 Sept, 2025 00:00	07 Sept, 2025 23:59	SSB	All Asian DX SSB Contest		https://www.jarl.org/English/4_Library/A-4-3_Contests/AA_rule_en.htm
Sat, 06 Sept, 2025 06:00	06 Sept, 2025 07:59	CW	Wake-Up! QRP Sprint		http://qrp.ru/contest/wakeup/333-wakeup-eng
Sat, 06 Sept, 2025 08:00	07 Sept, 2025 09:59	CW,SSB	SARL National Field Day Contest		https://mysarl.org.za/contest-resources/
Sat, 06 Sept, 2025 12:00	06 Sept, 2025 15:59	CW	CW Open Competition (2 Round)		https://cwops.org/cwops-tests/cw-open/
Sat, 06 Sept, 2025 12:00	07 Sept, 2025 11:59	RTTY	Russian WW RTTY Contest	https://ua9qcq.com/results_new.php?testid=49	
Sat, 06 Sept, 2025 13:00	07 Sept, 2025 12:59	SSB	DARC Field Day SSB		https://www.darc.de/der-club/referate/conteste/iaru-region-1-fieldday/rules/
Sat, 06 Sept, 2025 13:00	07 Sept, 2025 12:59	SSB	RCC Field Day SSB	https://ua9qcq.com/results_new.php?testid=54	
Sat, 06 Sept, 2025 20:00	06 Sept, 2025 23:59	CW	CW Open Competition (3 Round)		https://cwops.org/cwops-tests/cw-open/
Sat, 06 Sept, 2025 20:00	07 Sept, 2025 19:59	PSK	PODXS 070 Club Jay Hudak Memorial 80M Sprint		http://www.podxs070.com/o7o-club-sponsored-contests/jay-hudak-memorial-80m-sprint
Sun, 07 Sept, 2025 17:00	07 Sept, 2025 02:59	CW,Phone,Digital	Tennessee QSO Party		https://tnqp.org/rules/
Mon, 08 Sept, 2025 00:00	08 Sept, 2025 00:59	CW	K1USN’s Slow Speed Test		http://www.k1usn.com/sst_rules.html
Mon, 08 Sept, 2025 13:00	08 Sept, 2025 13:59	CW	ICWC Medium Speed Test (Session #1)		https://internationalcwcouncil.org/mst-contest/
Mon, 08 Sept, 2025 16:30	08 Sept, 2025 17:29	CW,SSB	OK1WC Memorial Contest		https://memorial-ok1wc.cz/index.php?page=rules2l
Mon, 08 Sept, 2025 19:00	08 Sept, 2025 19:59	CW	ICWC Medium Speed Test (Session #2)		https://internationalcwcouncil.org/mst-contest/
Tue, 09 Sept, 2025 01:00	09 Sept, 2025 01:59	SSB	Worldwide Sideband Activity Contest		https://wwsac.com/rules.html
Tue, 09 Sept, 2025 03:00	09 Sept, 2025 03:59	CW	ICWC Medium Speed Test (Session #3)		https://internationalcwcouncil.org/mst-contest/
Tue, 09 Sept, 2025 18:00	09 Sept, 2025 18:59	CW	DARC CW-Training Contest		https://www.darc.de/der-club/referate/conteste/cwa/darc-cw-training-rules/
Wed, 10 Sept, 2025 02:30	10 Sept, 2025 03:59	SSB	Phone Weekly Test		http://www.perluma.com/Phone_Fray_Contest_Rules.pdf
Wed, 10 Sept, 2025 12:00	10 Sept, 2025 12:59	CW	A1CLUB Weekly Test		https://a1club.org/contest/awt/
Wed, 10 Sept, 2025 13:00	10 Sept, 2025 13:59	CW	Monthly Mini-CWT (Session #1)		https://cwops.org/cwops-tests/
Wed, 10 Sept, 2025 17:00	10 Sept, 2025 17:59	CW	Wednesday mini-contest 40m	https://ua9qcq.com/results_new.php?testid=242	
Wed, 10 Sept, 2025 19:00	10 Sept, 2025 20:29	CW	RSGB 3.5MHz Autumn Series Contest CW The contest organizers violate the principles of Ham Spirit		https://www.rsgbcc.org/hf/rules/2025/rautumn.shtml
Thu, 11 Sept, 2025 03:00	11 Sept, 2025 03:59	CW	Monthly Mini-CWT (Session #3)		https://cwops.org/cwops-tests/
Thu, 11 Sept, 2025 07:00	11 Sept, 2025 07:59	CW	Monthly Mini-CWT (Session #4)		https://cwops.org/cwops-tests/
Fri, 12 Sept, 2025 01:00	12 Sept, 2025 01:29	FT4/FT8	NCCC FT4 Sprint		https://www.ncccsprint.com/ft4ns.html
Fri, 12 Sept, 2025 01:45	12 Sept, 2025 02:14	RTTY	Weekly RTTY Test		https://radiosport.world/wrt.html
Fri, 12 Sept, 2025 02:30	12 Sept, 2025 02:59	CW	NCCC Sprint		https://ncccsprint.com/rules.html
Fri, 12 Sept, 2025 20:00	12 Sept, 2025 20:59	CW	K1USN’s Slow Speed Test		http://www.k1usn.com/sst_rules.html
Sat, 13 Sept, 2025 00:00	14 Sept, 2025 23:59	SSB	Worked All Europe DX SSB Contest		https://www.darc.de/der-club/referate/conteste/wae-dx-contest/en/wae-rules/
Sat, 13 Sept, 2025 12:00	13 Sept, 2025 16:59	CW	RCWC-RPX Contest		https://rcwc.ru/3043-rcwc-rpx-contest-2024.html
Sat, 13 Sept, 2025 12:00	14 Sept, 2025 23:59	CW	SKCC's Weekend Sprintathon		http://www.skccgroup.com/operating_activities/weekend_sprintathon/
Sat, 13 Sept, 2025 15:00	13 Sept, 2025 17:59	FT4/FT8	Africa FT4 DX Contest		https://mysarl.org.za/contest-resources/
Sun, 14 Sept, 2025 00:00	14 Sept, 2025 03:59	CW	North American Sprint, CW		http://ncjweb.com/Sprint-Rules.pdf
Mon, 15 Sept, 2025 00:00	15 Sept, 2025 00:59	CW	K1USN’s Slow Speed Test		http://www.k1usn.com/sst_rules.html
Mon, 15 Sept, 2025 00:00	15 Sept, 2025 01:59	CW,SSB	Four States QRP Group Second Sunday Sprint		http://www.4sqrp.com/SSS/sss_rules.pdf
Mon, 15 Sept, 2025 13:00	15 Sept, 2025 13:59	CW	ICWC Medium Speed Test (Session #1)		https://internationalcwcouncil.org/mst-contest/
Mon, 15 Sept, 2025 16:30	15 Sept, 2025 17:29	CW,SSB	OK1WC Memorial Contest		https://memorial-ok1wc.cz/index.php?page=rules2l
Mon, 15 Sept, 2025 19:00	15 Sept, 2025 19:59	CW	ICWC Medium Speed Test (Session #2)		https://internationalcwcouncil.org/mst-contest/
Mon, 15 Sept, 2025 19:00	15 Sept, 2025 20:59	FT4/FT8	RSGB FT4 Contest The contest organizers violate the principles of Ham Spirit		https://www.rsgbcc.org/hf/rules/2025/r80m_ft4.shtml
Tue, 16 Sept, 2025 01:00	16 Sept, 2025 01:59	SSB	Worldwide Sideband Activity Contest		https://wwsac.com/rules.html
Tue, 16 Sept, 2025 03:00	16 Sept, 2025 03:59	CW	ICWC Medium Speed Test (Session #3)		https://internationalcwcouncil.org/mst-contest/
Wed, 17 Sept, 2025 02:30	17 Sept, 2025 03:59	SSB	Phone Weekly Test		http://www.perluma.com/Phone_Fray_Contest_Rules.pdf
Wed, 17 Sept, 2025 12:00	17 Sept, 2025 12:59	CW	A1CLUB Weekly Test		https://a1club.org/contest/awt/
Wed, 17 Sept, 2025 13:00	17 Sept, 2025 13:59	CW	Monthly Mini-CWT (Session #1)		https://cwops.org/cwops-tests/
Wed, 17 Sept, 2025 17:00	17 Sept, 2025 17:59	CW	Wednesday mini-contest 40m	https://ua9qcq.com/results_new.php?testid=242	
Thu, 18 Sept, 2025 00:00	18 Sept, 2025 00:59	CW	Walk for the Bacon 20M QRP Contest (Session #1)		https://qrpcontest.com/pigwalk20/
Thu, 18 Sept, 2025 00:30	18 Sept, 2025 02:29	CW	NAQCC Straight Key/Bug Sprint		"http://naqcc.info/contests.html
"
Thu, 18 Sept, 2025 03:00	18 Sept, 2025 03:59	CW	Monthly Mini-CWT (Session #3)		https://cwops.org/cwops-tests/
Thu, 18 Sept, 2025 07:00	18 Sept, 2025 07:59	CW	Monthly Mini-CWT (Session #4)		https://cwops.org/cwops-tests/
Thu, 18 Sept, 2025 18:00	18 Sept, 2025 19:59	CW,SSB,RTTY	BCC QSO Party		https://www.bavarian-contest-club.de/en/category/bcc-qp-rules/
Thu, 18 Sept, 2025 19:00	18 Sept, 2025 19:59	CW	NTC QSO Party		https://pi4ntc.nl/ntcqp/
Fri, 19 Sept, 2025 01:00	19 Sept, 2025 01:29	FT4/FT8	NCCC FT4 Sprint		https://www.ncccsprint.com/ft4ns.html
Fri, 19 Sept, 2025 01:45	19 Sept, 2025 02:14	RTTY	Weekly RTTY Test		https://radiosport.world/wrt.html
Fri, 19 Sept, 2025 02:00	19 Sept, 2025 02:59	CW	Walk for the Bacon 20M QRP Contest (Session #2)		https://qrpcontest.com/pigwalk20/
Fri, 19 Sept, 2025 02:30	19 Sept, 2025 02:59	CW	NCCC Sprint		https://ncccsprint.com/rules.html
Fri, 19 Sept, 2025 16:00	19 Sept, 2025 16:59	CW,SSB	AGB-NEMIGA Contest		
Fri, 19 Sept, 2025 17:00	19 Sept, 2025 19:59	CW	Polar Radioman Contest (LF Round)	https://ua9qcq.com/results_new.php?testid=190	
Sat, 20 Sept, 2025 06:00	20 Sept, 2025 08:59	CW	Polar Radioman Contest (HF Round)	https://ua9qcq.com/results_new.php?testid=202	
Sat, 20 Sept, 2025 14:00	21 Sept, 2025 01:59	CW,Phone,Digital	Texas QSO Party (Session #1)		https://txqp.net/index.php/rules
Sat, 20 Sept, 2025 14:00	21 Sept, 2025 01:59	CW,Phone,Digital	Iowa QSO Party		http://www.w0yl.com/IAQP
Sat, 20 Sept, 2025 14:00	21 Sept, 2025 01:59	CW,Phone,Digital	New Jersey QSO Party		http://www.k2td-bcrc.org/njqp
Sat, 20 Sept, 2025 15:00	20 Sept, 2025 20:59	Any modes	QRP-Afield		https://www.newenglandqrp.org/qrp-afield-2018/
Sat, 20 Sept, 2025 16:00	20 Sept, 2025 22:59	CW,Phone	Wisconsin Parks on the Air		http://wipota.com/files/WIPOTA_contest_rules.pdf
Sat, 20 Sept, 2025 16:00	21 Sept, 2025 03:59	CW,Phone,Digital	New Hampshire QSO Party (Session #1)		https://w1wqm.org/nh-qso-party/
Sat, 20 Sept, 2025 16:00	21 Sept, 2025 06:59	CW,Phone	Washington Salmon Run (Session #1)		http://salmonrun.wwdxc.org/rules/
Sat, 20 Sept, 2025 18:00	20 Sept, 2025 19:59	Any modes	Gridlocator Sprint		https://sites.google.com/site/feldhellclub/Home/contests/sprints/hell-on-wheels-sprint
Sun, 21 Sept, 2025 00:00	21 Sept, 2025 03:59	RTTY	North American Sprint, RTTY		http://ncjweb.com/Sprint-Rules.pdf
Sun, 21 Sept, 2025 06:00	21 Sept, 2025 08:59	SSB	Arktika Cup	https://ua9qcq.com/results_new.php?testid=193	
Sun, 21 Sept, 2025 14:00	21 Sept, 2025 19:59	CW,Phone,Digital	Texas QSO Party (Session #2)		https://txqp.net/index.php/rules
Sun, 21 Sept, 2025 16:00	21 Sept, 2025 23:59	CW,Phone	Washington Salmon Run (Session #2)		http://salmonrun.wwdxc.org/rules/
Sun, 21 Sept, 2025 17:00	21 Sept, 2025 20:59	PSK	BARTG Sprint PSK63 Contest The contest organizers violate the principles of Ham Spirit		https://bartg.org.uk/bartg-sprint-psk63-contest/
Mon, 22 Sept, 2025 00:00	22 Sept, 2025 00:59	CW	K1USN’s Slow Speed Test		http://www.k1usn.com/sst_rules.html
Mon, 22 Sept, 2025 13:00	22 Sept, 2025 13:59	CW	ICWC Medium Speed Test (Session #1)		https://internationalcwcouncil.org/mst-contest/
Mon, 22 Sept, 2025 16:30	22 Sept, 2025 17:29	CW,SSB	OK1WC Memorial Contest		https://memorial-ok1wc.cz/index.php?page=rules2l
Mon, 22 Sept, 2025 19:00	22 Sept, 2025 19:59	CW	ICWC Medium Speed Test (Session #2)		https://internationalcwcouncil.org/mst-contest/
Tue, 23 Sept, 2025 01:00	23 Sept, 2025 01:59	SSB	Worldwide Sideband Activity Contest		https://wwsac.com/rules.html
Tue, 23 Sept, 2025 03:00	23 Sept, 2025 03:59	CW	ICWC Medium Speed Test (Session #3)		https://internationalcwcouncil.org/mst-contest/
Wed, 24 Sept, 2025 00:00	24 Sept, 2025 01:59	CW	Straight Key Sprint		http://www.skccgroup.com/operating_activities/weekday_sprint/
Wed, 24 Sept, 2025 02:30	24 Sept, 2025 03:59	SSB	Phone Weekly Test		http://www.perluma.com/Phone_Fray_Contest_Rules.pdf
Wed, 24 Sept, 2025 12:00	24 Sept, 2025 12:59	CW	A1CLUB Weekly Test		https://a1club.org/contest/awt/
Wed, 24 Sept, 2025 13:00	24 Sept, 2025 13:59	CW	Monthly Mini-CWT (Session #1)		https://cwops.org/cwops-tests/
Wed, 24 Sept, 2025 17:00	24 Sept, 2025 17:59	CW	Wednesday mini-contest 40m	https://ua9qcq.com/results_new.php?testid=242	
Wed, 24 Sept, 2025 20:00	24 Sept, 2025 20:59	CW	UKEICC 80m Contest CW The contest organizers violate the principles of Ham Spirit		https://www.ukeicc.com/80m-rules.php
Thu, 25 Sept, 2025 03:00	25 Sept, 2025 03:59	CW	Monthly Mini-CWT (Session #3)		https://cwops.org/cwops-tests/
Thu, 25 Sept, 2025 07:00	25 Sept, 2025 07:59	CW	Monthly Mini-CWT (Session #4)		https://cwops.org/cwops-tests/
Thu, 25 Sept, 2025 19:00	25 Sept, 2025 20:29	Digital	RSGB 3.5MHz Autumn Series Contest Data The contest organizers violate the principles of Ham Spirit		https://www.rsgbcc.org/hf/rules/2025/rautumn.shtml
Fri, 26 Sept, 2025 01:00	26 Sept, 2025 01:29	FT4/FT8	NCCC FT4 Sprint		https://www.ncccsprint.com/ft4ns.html
Fri, 26 Sept, 2025 01:45	26 Sept, 2025 02:14	RTTY	Weekly RTTY Test		https://radiosport.world/wrt.html
Fri, 26 Sept, 2025 02:30	26 Sept, 2025 02:59	CW	NCCC Sprint		https://ncccsprint.com/rules.html
Fri, 26 Sept, 2025 20:00	26 Sept, 2025 20:59	CW	K1USN’s Slow Speed Test		http://www.k1usn.com/sst_rules.html
Sat, 27 Sept, 2025 00:00	27 Sept, 2025 23:59	CW	Bill Windle QSO Party		https://g4foc.org/qsoparty/
Sat, 27 Sept, 2025 00:00	28 Sept, 2025 23:59	RTTY	CQ World Wide RTTY Contest		https://www.cqwwrtty.com/rules.htm
Sat, 27 Sept, 2025 12:00	28 Sept, 2025 11:59	CW	YU DX Contest		http://www.yudx.yu1srs.org.rs/
Sat, 27 Sept, 2025 12:00	28 Sept, 2025 11:59	CW,Phone	Maine QSO Party		http://www.ws1sm.com/MEQP.html
Sat, 27 Sept, 2025 14:00	27 Sept, 2025 21:59	SSB	Masonic Lodges on the Air		http://cqmorelight.com/rules
Sat, 27 Sept, 2025 20:00	28 Sept, 2025 23:59	Phone	AWA Amplitude Modulation QSO Party		https://www.antiquewireless.org/homepage/am-qso-party-details/
Mon, 29 Sept, 2025 00:00	29 Sept, 2025 00:59	CW	K1USN’s Slow Speed Test		http://www.k1usn.com/sst_rules.html
Mon, 29 Sept, 2025 13:00	29 Sept, 2025 13:59	CW	ICWC Medium Speed Test (Session #1)		https://internationalcwcouncil.org/mst-contest/
Mon, 29 Sept, 2025 13:00	29 Sept, 2025 13:59	CW	QCX Challenge (Session #1)		http://www.qrp-labs.com/party.html
Mon, 29 Sept, 2025 16:30	29 Sept, 2025 17:29	CW,SSB	OK1WC Memorial Contest		https://memorial-ok1wc.cz/index.php?page=rules2l
Mon, 29 Sept, 2025 19:00	29 Sept, 2025 19:59	CW	ICWC Medium Speed Test (Session #2)		https://internationalcwcouncil.org/mst-contest/
Mon, 29 Sept, 2025 19:00	29 Sept, 2025 19:59	CW	QCX Challenge (Session #2)		http://www.qrp-labs.com/party.html
Tue, 30 Sept, 2025 01:00	30 Sept, 2025 01:59	SSB	Worldwide Sideband Activity Contest		https://wwsac.com/rules.html
Tue, 30 Sept, 2025 03:00	30 Sept, 2025 03:59	CW	ICWC Medium Speed Test (Session #3)		https://internationalcwcouncil.org/mst-contest/
Tue, 30 Sept, 2025 03:00	30 Sept, 2025 03:59	CW	QCX Challenge (Session #3)		http://www.qrp-labs.com/party.html
Wed, 01 Oct, 2025 02:30	01 Oct, 2025 03:59	SSB	Phone Weekly Test		http://www.perluma.com/Phone_Fray_Contest_Rules.pdf
Wed, 01 Oct, 2025 12:00	01 Oct, 2025 12:59	CW	A1CLUB Weekly Test		https://a1club.org/contest/awt/
Wed, 01 Oct, 2025 13:00	01 Oct, 2025 13:59	CW	Monthly Mini-CWT (Session #1)		https://cwops.org/cwops-tests/
Wed, 01 Oct, 2025 17:00	01 Oct, 2025 17:59	CW	Wednesday mini-contest 40m	https://ua9qcq.com/results_new.php?testid=242	
Wed, 01 Oct, 2025 20:00	01 Oct, 2025 20:59	SSB	UKEICC 80m Contest SSB The contest organizers violate the principles of Ham Spirit		https://www.ukeicc.com/80m-rules.php
Thu, 02 Oct, 2025 00:00	02 Oct, 2025 00:59	CW	Walk for the Bacon 40M QRP Contest (Session #1)		https://qrpcontest.com/pigwalk40/
Thu, 02 Oct, 2025 03:00	02 Oct, 2025 03:59	CW	Monthly Mini-CWT (Session #3)		https://cwops.org/cwops-tests/
Thu, 02 Oct, 2025 07:00	02 Oct, 2025 07:59	CW	Monthly Mini-CWT (Session #4)		https://cwops.org/cwops-tests/
Thu, 02 Oct, 2025 17:00	02 Oct, 2025 19:59	SSB	SARL 80 m QSO Party		https://mysarl.org.za/contest-resources/
Thu, 02 Oct, 2025 17:00	02 Oct, 2025 20:59	CW,Phone,Digital	NRAU Activity 10m Contest		https://nrau.net/nrau-contests-in-general/
Thu, 02 Oct, 2025 19:00	02 Oct, 2025 20:59	CW	Straight Key Sprint Europe		http://www.skccgroup.com/operating_activities/skse/
Fri, 03 Oct, 2025 00:00	03 Oct, 2025 23:59	RTTY	URC DX RTTY Contest	https://ua9qcq.com/results_new.php?testid=267	
Fri, 03 Oct, 2025 01:45	03 Oct, 2025 02:14	RTTY	Weekly RTTY Test		https://radiosport.world/wrt.html
Fri, 03 Oct, 2025 02:00	03 Oct, 2025 02:59	CW	Walk for the Bacon 40M QRP Contest (Session #2)		https://qrpcontest.com/pigwalk40/
Fri, 03 Oct, 2025 02:30	03 Oct, 2025 02:59	CW	NCCC Sprint		https://ncccsprint.com/rules.html
Fri, 03 Oct, 2025 07:00	03 Oct, 2025 09:59	CW	German Telegraphy Contest		https://contest.agcw.de/dtc/
Fri, 03 Oct, 2025 16:00	03 Oct, 2025 19:59	CW,SSB	Belgorod Oblast Championship	https://ua9qcq.com/results_new.php?testid=229	
Sat, 04 Oct, 2025 00:00	05 Oct, 2025 23:59	CW,Phone,Digital	Collegiate QSO Party		https://collegiateqsoparty.com/
Sat, 04 Oct, 2025 06:00	05 Oct, 2025 05:59	CW	Worked All Provinces of China DX CW Contest		http://www.mulandxc.com/index/match_info?id=4&_locale=en_US
Sat, 04 Oct, 2025 06:00	05 Oct, 2025 05:59	SSB	Oceania DX Contest Phone		"https://www.oceaniadxcontest.com/rules
"
Sat, 04 Oct, 2025 06:00	05 Oct, 2025 17:59	CW,SSB	TRC DX Contest		https://trcdx.org/trc-dx-contest/
Sat, 04 Oct, 2025 07:00	04 Oct, 2025 10:59	SSB	Alexander Popov Youth Cup		
Sat, 04 Oct, 2025 16:00	05 Oct, 2025 21:59	CW,Phone	California QSO Party		https://www.cqp.org/Rules.html
Sat, 04 Oct, 2025 22:00	04 Oct, 2025 23:59	SSB	IARU Region 2 Area G HF SSB Contest		https://concursoareag.lu4aa.org/
Sun, 05 Oct, 2025 06:00	05 Oct, 2025 08:59	SSB,HELL	ON SSB Contest The contest organizers violate the principles of Ham Spirit		https://www.uba.be/en/hf/contest-rules/on-contest
Sun, 05 Oct, 2025 09:00	05 Oct, 2025 10:59	HELL	DARC HELL Contest (40m Round)		https://www.darc.de/der-club/referate/conteste/hell-contest/ausschreibung/
Sun, 05 Oct, 2025 16:00	05 Oct, 2025 19:59	CW,SSB	Esenin Russia Contest	https://ua9qcq.com/results_new.php?testid=205	
Mon, 06 Oct, 2025 00:00	06 Oct, 2025 00:59	CW	K1USN’s Slow Speed Test		http://www.k1usn.com/sst_rules.html
Mon, 06 Oct, 2025 13:00	06 Oct, 2025 13:59	CW	ICWC Medium Speed Test (Session #1)		https://internationalcwcouncil.org/mst-contest/
Mon, 06 Oct, 2025 16:30	06 Oct, 2025 17:29	CW,SSB	OK1WC Memorial Contest		https://memorial-ok1wc.cz/index.php?page=rules2l
Mon, 06 Oct, 2025 19:00	06 Oct, 2025 19:59	CW	ICWC Medium Speed Test (Session #2)		https://internationalcwcouncil.org/mst-contest/
Mon, 06 Oct, 2025 19:00	06 Oct, 2025 20:29	CW	RSGB 3.5MHz Autumn Series Contest CW The contest organizers violate the principles of Ham Spirit		https://www.rsgbcc.org/hf/rules/2025/rautumn.shtml
Tue, 07 Oct, 2025 01:00	07 Oct, 2025 01:59	SSB	Worldwide Sideband Activity Contest		https://wwsac.com/rules.html
Tue, 07 Oct, 2025 01:00	07 Oct, 2025 02:59	CW	ARS Spartan Sprint		http://arsqrp.blogspot.com/2009/02/so-whats-spartan-sprint-and-how-do-i.html
Tue, 07 Oct, 2025 03:00	07 Oct, 2025 03:59	CW	ICWC Medium Speed Test (Session #3)		https://internationalcwcouncil.org/mst-contest/
Wed, 08 Oct, 2025 02:30	08 Oct, 2025 03:59	SSB	Phone Weekly Test		http://www.perluma.com/Phone_Fray_Contest_Rules.pdf
Wed, 08 Oct, 2025 12:00	08 Oct, 2025 12:59	CW	A1CLUB Weekly Test		https://a1club.org/contest/awt/
Wed, 08 Oct, 2025 13:00	08 Oct, 2025 13:59	CW	Monthly Mini-CWT (Session #1)		https://cwops.org/cwops-tests/
Wed, 08 Oct, 2025 17:00	08 Oct, 2025 17:59	CW	Wednesday mini-contest 40m	https://ua9qcq.com/results_new.php?testid=242	
Thu, 09 Oct, 2025 03:00	09 Oct, 2025 03:59	CW	Monthly Mini-CWT (Session #3)		https://cwops.org/cwops-tests/
Thu, 09 Oct, 2025 07:00	09 Oct, 2025 07:59	CW	Monthly Mini-CWT (Session #4)		https://cwops.org/cwops-tests/
Fri, 10 Oct, 2025 00:01	10 Oct, 2025 23:58	CW,Phone,Digital	10-10 International Day Sprint		https://www.ten-ten.org/qso-party-schedule/
Fri, 10 Oct, 2025 01:00	10 Oct, 2025 01:29	FT4/FT8	NCCC FT4 Sprint		https://www.ncccsprint.com/ft4ns.html
Fri, 10 Oct, 2025 01:45	10 Oct, 2025 02:14	RTTY	Weekly RTTY Test		https://radiosport.world/wrt.html
Fri, 10 Oct, 2025 02:30	10 Oct, 2025 02:59	CW	NCCC Sprint		https://ncccsprint.com/rules.html
Fri, 10 Oct, 2025 20:00	10 Oct, 2025 20:59	CW	K1USN’s Slow Speed Test		http://www.k1usn.com/sst_rules.html
Sat, 11 Oct, 2025 00:00	11 Oct, 2025 07:59	RTTY	The Makrothen Contest (Session #1)		"https://www.pl259.org/makrothen/makrothen-rules/
"
Sat, 11 Oct, 2025 00:00	11 Oct, 2025 23:59	CW	QRP ARCI Fall QSO Party		"http://qrparci.org/contest/fall-qso-party
"
Sat, 11 Oct, 2025 03:00	12 Oct, 2025 20:59	CW,Phone,Digital	Nevada QSO Party		"http://nvqso.com/contest-rules/
"
Sat, 11 Oct, 2025 06:00	12 Oct, 2025 05:59	CW	Oceania DX Contest CW		"https://www.oceaniadxcontest.com/rules
"
Sat, 11 Oct, 2025 12:00	12 Oct, 2025 11:59	SSB	Scandinavian Activity SSB Contest The contest organizers violate the principles of Ham Spirit		https://www.sactest.net/blog/scandinavian-activity-contest-2025-rules/
Sat, 11 Oct, 2025 12:00	12 Oct, 2025 23:59	CW	SKCC's Weekend Sprintathon		http://www.skccgroup.com/operating_activities/weekend_sprintathon/
Sat, 11 Oct, 2025 15:00	12 Oct, 2025 04:59	CW,Phone	Arizona QSO Party		https://www.azqp.org/rules
Sat, 11 Oct, 2025 16:00	11 Oct, 2025 23:59	RTTY	The Makrothen Contest (Session #2)		"https://www.pl259.org/makrothen/makrothen-rules/
"
Sat, 11 Oct, 2025 16:00	12 Oct, 2025 03:59	CW,Phone	Pennsylvania QSO Party (Session #1)		http://paqso.org/index.html
Sat, 11 Oct, 2025 18:00	12 Oct, 2025 17:59	CW,Phone,Digital	South Dakota QSO Party		https://sdqsoparty.com/
Sat, 11 Oct, 2025 20:00	12 Oct, 2025 19:59	PSK	PODXS 070 Club 160M Great Pumpkin Sprint		http://www.podxs070.com/o7o-club-sponsored-contests/160m-great-pumpkin-sprint
Sun, 12 Oct, 2025 06:00	12 Oct, 2025 08:59	CW,HELL	ON CW Contest The contest organizers violate the principles of Ham Spirit		https://www.uba.be/en/hf/contest-rules/on-contest
Sun, 12 Oct, 2025 08:00	12 Oct, 2025 15:59	RTTY	The Makrothen Contest (Session #3)		"https://www.pl259.org/makrothen/makrothen-rules/
"
Sun, 12 Oct, 2025 10:00	12 Oct, 2025 10:59	CW	RCWC 4 Seasons Contest (1 Round)		http://rcwc.ru/2719-rcwc-4-seasons-2021-contest-autumn-stage.html
Sun, 12 Oct, 2025 13:00	12 Oct, 2025 21:59	CW,Phone	Pennsylvania QSO Party (Session #2)		http://paqso.org/index.html
Sun, 12 Oct, 2025 16:00	12 Oct, 2025 16:59	CW	RCWC 4 Seasons Contest (2 Round)		http://rcwc.ru/2719-rcwc-4-seasons-2021-contest-autumn-stage.html
Sun, 12 Oct, 2025 18:00	12 Oct, 2025 18:59	CW	RCWC 4 Seasons Contest (3 Round)		http://rcwc.ru/2719-rcwc-4-seasons-2021-contest-autumn-stage.html
Mon, 13 Oct, 2025 00:00	13 Oct, 2025 00:59	CW	K1USN’s Slow Speed Test		http://www.k1usn.com/sst_rules.html
Mon, 13 Oct, 2025 00:00	13 Oct, 2025 01:59	CW,SSB	Four States QRP Group Second Sunday Sprint		http://www.4sqrp.com/SSS/sss_rules.pdf
Mon, 13 Oct, 2025 13:00	13 Oct, 2025 13:59	CW	ICWC Medium Speed Test (Session #1)		https://internationalcwcouncil.org/mst-contest/
Mon, 13 Oct, 2025 16:30	13 Oct, 2025 17:29	CW,SSB	OK1WC Memorial Contest		https://memorial-ok1wc.cz/index.php?page=rules2l
Mon, 13 Oct, 2025 19:00	13 Oct, 2025 19:59	CW	ICWC Medium Speed Test (Session #2)		https://internationalcwcouncil.org/mst-contest/
Tue, 14 Oct, 2025 01:00	14 Oct, 2025 01:59	SSB	Worldwide Sideband Activity Contest		https://wwsac.com/rules.html
Tue, 14 Oct, 2025 03:00	14 Oct, 2025 03:59	CW	ICWC Medium Speed Test (Session #3)		https://internationalcwcouncil.org/mst-contest/
Tue, 14 Oct, 2025 18:00	14 Oct, 2025 19:29	RTTY	DARC RTTY Short Contest		https://www.darc.de/der-club/referate/conteste/rtty-kurz/darc-rtty-contest-english-version/darc-rtty-rules/
Wed, 15 Oct, 2025 00:30	15 Oct, 2025 02:29	CW	NAQCC Straight Key/Bug Sprint		"http://naqcc.info/contests.html
"
Wed, 15 Oct, 2025 02:30	15 Oct, 2025 03:59	SSB	Phone Weekly Test		http://www.perluma.com/Phone_Fray_Contest_Rules.pdf
Wed, 15 Oct, 2025 12:00	15 Oct, 2025 12:59	CW	A1CLUB Weekly Test		https://a1club.org/contest/awt/
Wed, 15 Oct, 2025 13:00	15 Oct, 2025 13:59	CW	Monthly Mini-CWT (Session #1)		https://cwops.org/cwops-tests/
Wed, 15 Oct, 2025 17:00	15 Oct, 2025 17:59	CW	Wednesday mini-contest 40m	https://ua9qcq.com/results_new.php?testid=242	
Wed, 15 Oct, 2025 19:00	15 Oct, 2025 20:29	Digital	RSGB 3.5MHz Autumn Series Contest Data The contest organizers violate the principles of Ham Spirit		https://www.rsgbcc.org/hf/rules/2025/rautumn.shtml
Thu, 16 Oct, 2025 00:00	16 Oct, 2025 00:59	CW	Walk for the Bacon 20M QRP Contest (Session #1)		https://qrpcontest.com/pigwalk20/
Thu, 16 Oct, 2025 03:00	16 Oct, 2025 03:59	CW	Monthly Mini-CWT (Session #3)		https://cwops.org/cwops-tests/
Thu, 16 Oct, 2025 07:00	16 Oct, 2025 07:59	CW	Monthly Mini-CWT (Session #4)		https://cwops.org/cwops-tests/
Thu, 16 Oct, 2025 19:00	16 Oct, 2025 19:59	CW	NTC QSO Party		https://pi4ntc.nl/ntcqp/
Fri, 17 Oct, 2025 01:00	17 Oct, 2025 01:29	FT4/FT8	NCCC FT4 Sprint		https://www.ncccsprint.com/ft4ns.html
Fri, 17 Oct, 2025 01:45	17 Oct, 2025 02:14	RTTY	Weekly RTTY Test		https://radiosport.world/wrt.html
Fri, 17 Oct, 2025 02:00	17 Oct, 2025 02:59	CW	Walk for the Bacon 20M QRP Contest (Session #2)		https://qrpcontest.com/pigwalk20/
Fri, 17 Oct, 2025 02:30	17 Oct, 2025 02:59	CW	NCCC Sprint		https://ncccsprint.com/rules.html
Fri, 17 Oct, 2025 20:00	17 Oct, 2025 20:59	CW	K1USN’s Slow Speed Test		http://www.k1usn.com/sst_rules.html
Sat, 18 Oct, 2025 00:00	19 Oct, 2025 23:59	Digital	JARTS WW RTTY Contest		http://jarts.jp/indexen.html
Sat, 18 Oct, 2025 00:01	19 Oct, 2025 23:58	CW	10-10 International Fall CW QSO Party		https://www.ten-ten.org/qso-party-schedule/
Sat, 18 Oct, 2025 14:00	19 Oct, 2025 01:59	CW,Phone,Digital	New York QSO Party		http://nyqp.org
Sat, 18 Oct, 2025 14:00	20 Oct, 2025 01:59	CW,SSB,Digital	YLRL DX/NA YL Anniversary Contest		https://ylrl.net/contests/
Sat, 18 Oct, 2025 15:00	19 Oct, 2025 14:59	CW	Stew Perry Topband Distance Challenge		https://www.kkn.net/stew/stew_rules.html
Sat, 18 Oct, 2025 15:00	19 Oct, 2025 14:59	CW,SSB	Worked All Germany		https://www.darc.de/der-club/referate/conteste/wag-contest/en/rules/
Sat, 18 Oct, 2025 20:00	18 Oct, 2025 23:59	Any modes	Spooky Sprint		https://sites.google.com/site/feldhellclub/Home/contests/sprints/spooky-sprint
Sat, 18 Oct, 2025 21:30	18 Oct, 2025 23:29	SSB	Argentina National 7 MHz Contest		https://www.lu4aa.org/wp/concurso-nacional-40m/
Sun, 19 Oct, 2025 17:00	20 Oct, 2025 00:59	CW,Phone,Digital	Illinois QSO Party		https://w9awe.org/ilqp/
Mon, 20 Oct, 2025 00:00	20 Oct, 2025 00:59	CW	K1USN’s Slow Speed Test		http://www.k1usn.com/sst_rules.html
Mon, 20 Oct, 2025 13:00	20 Oct, 2025 13:59	CW	ICWC Medium Speed Test (Session #1)		https://internationalcwcouncil.org/mst-contest/
Mon, 20 Oct, 2025 16:30	20 Oct, 2025 17:29	CW,SSB	OK1WC Memorial Contest		https://memorial-ok1wc.cz/index.php?page=rules2l
Mon, 20 Oct, 2025 19:00	20 Oct, 2025 19:59	CW	ICWC Medium Speed Test (Session #2)		https://internationalcwcouncil.org/mst-contest/
Tue, 21 Oct, 2025 01:00	21 Oct, 2025 01:59	SSB	Worldwide Sideband Activity Contest		https://wwsac.com/rules.html
Tue, 21 Oct, 2025 03:00	21 Oct, 2025 03:59	CW	ICWC Medium Speed Test (Session #3)		https://internationalcwcouncil.org/mst-contest/
Wed, 22 Oct, 2025 00:00	22 Oct, 2025 01:59	CW	Straight Key Sprint		http://www.skccgroup.com/operating_activities/weekday_sprint/
Wed, 22 Oct, 2025 02:30	22 Oct, 2025 03:59	SSB	Phone Weekly Test		http://www.perluma.com/Phone_Fray_Contest_Rules.pdf
Wed, 22 Oct, 2025 12:00	22 Oct, 2025 12:59	CW	A1CLUB Weekly Test		https://a1club.org/contest/awt/
Wed, 22 Oct, 2025 13:00	22 Oct, 2025 13:59	CW	Monthly Mini-CWT (Session #1)		https://cwops.org/cwops-tests/
Wed, 22 Oct, 2025 17:00	22 Oct, 2025 17:59	CW	Wednesday mini-contest 40m	https://ua9qcq.com/results_new.php?testid=242	
Wed, 22 Oct, 2025 19:00	22 Oct, 2025 19:59	CW,SSB	IRTS 80m Counties Contest		https://www.irts.ie/cgi/st.cgi?r_hfcrules.html
Thu, 23 Oct, 2025 03:00	23 Oct, 2025 03:59	CW	Monthly Mini-CWT (Session #3)		https://cwops.org/cwops-tests/
Thu, 23 Oct, 2025 07:00	23 Oct, 2025 07:59	CW	Monthly Mini-CWT (Session #4)		https://cwops.org/cwops-tests/
Thu, 23 Oct, 2025 19:00	23 Oct, 2025 20:29	SSB	RSGB 3.5MHz Autumn Series Contest SSB The contest organizers violate the principles of Ham Spirit		https://www.rsgbcc.org/hf/rules/2025/rautumn.shtml
Fri, 24 Oct, 2025 01:00	24 Oct, 2025 01:29	FT4/FT8	NCCC FT4 Sprint		https://www.ncccsprint.com/ft4ns.html
Fri, 24 Oct, 2025 01:45	24 Oct, 2025 02:14	RTTY	Weekly RTTY Test		https://radiosport.world/wrt.html
Fri, 24 Oct, 2025 02:30	24 Oct, 2025 02:59	CW	NCCC Sprint		https://ncccsprint.com/rules.html
Fri, 24 Oct, 2025 20:00	24 Oct, 2025 20:59	CW	K1USN’s Slow Speed Test		http://www.k1usn.com/sst_rules.html
Sat, 25 Oct, 2025 00:00	25 Oct, 2025 23:59	SSB	CQ WW DX SSB Contest		https://www.cqww.com/rules.htm
Sat, 25 Oct, 2025 07:00	25 Oct, 2025 08:59	FT4/FT8	FT4 Sprint fast training		http://www.rdrclub.ru/ft4-sprint/1154-ft4-sprint-rules
Sun, 26 Oct, 2025 13:00	27 Oct, 2025 06:59		Classic Exchange (CW Round, Session #1)		http://www.classicexchange.org/announcments/CX_Rules.pdf
Mon, 27 Oct, 2025 00:00	27 Oct, 2025 00:59	CW	K1USN’s Slow Speed Test		http://www.k1usn.com/sst_rules.html
Mon, 27 Oct, 2025 13:00	27 Oct, 2025 13:59	CW	ICWC Medium Speed Test (Session #1)		https://internationalcwcouncil.org/mst-contest/
Mon, 27 Oct, 2025 13:00	27 Oct, 2025 13:59	CW	QCX Challenge (Session #1)		http://www.qrp-labs.com/party.html
Mon, 27 Oct, 2025 16:30	27 Oct, 2025 17:29	CW,SSB	OK1WC Memorial Contest		https://memorial-ok1wc.cz/index.php?page=rules2l
Mon, 27 Oct, 2025 19:00	27 Oct, 2025 19:59	CW	ICWC Medium Speed Test (Session #2)		https://internationalcwcouncil.org/mst-contest/
Mon, 27 Oct, 2025 19:00	27 Oct, 2025 19:59	CW	QCX Challenge (Session #2)		http://www.qrp-labs.com/party.html
Mon, 27 Oct, 2025 20:00	27 Oct, 2025 21:59	FT4/FT8	RSGB FT4 Contest The contest organizers violate the principles of Ham Spirit		https://www.rsgbcc.org/hf/rules/2025/r80m_ft4.shtml
Tue, 28 Oct, 2025 01:00	28 Oct, 2025 01:59	SSB	Worldwide Sideband Activity Contest		https://wwsac.com/rules.html
Tue, 28 Oct, 2025 03:00	28 Oct, 2025 03:59	CW	ICWC Medium Speed Test (Session #3)		https://internationalcwcouncil.org/mst-contest/
Tue, 28 Oct, 2025 03:00	28 Oct, 2025 03:59	CW	QCX Challenge (Session #3)		http://www.qrp-labs.com/party.html
Tue, 28 Oct, 2025 13:00	29 Oct, 2025 06:59		Classic Exchange (CW Round, Session #2)		http://www.classicexchange.org/announcments/CX_Rules.pdf
Wed, 29 Oct, 2025 02:30	29 Oct, 2025 03:59	SSB	Phone Weekly Test		http://www.perluma.com/Phone_Fray_Contest_Rules.pdf
Wed, 29 Oct, 2025 12:00	29 Oct, 2025 12:59	CW	A1CLUB Weekly Test		https://a1club.org/contest/awt/
Wed, 29 Oct, 2025 13:00	29 Oct, 2025 13:59	CW	Monthly Mini-CWT (Session #1)		https://cwops.org/cwops-tests/
Wed, 29 Oct, 2025 17:00	29 Oct, 2025 17:59	CW	Wednesday mini-contest 40m	https://ua9qcq.com/results_new.php?testid=242	
Wed, 29 Oct, 2025 20:00	29 Oct, 2025 20:59	CW	UKEICC 80m Contest CW The contest organizers violate the principles of Ham Spirit		https://www.ukeicc.com/80m-rules.php
Thu, 30 Oct, 2025 03:00	30 Oct, 2025 03:59	CW	Monthly Mini-CWT (Session #3)		https://cwops.org/cwops-tests/
Thu, 30 Oct, 2025 07:00	30 Oct, 2025 07:59	CW	Monthly Mini-CWT (Session #4)		https://cwops.org/cwops-tests/
Fri, 31 Oct, 2025 01:00	31 Oct, 2025 01:29	FT4/FT8	NCCC FT4 Sprint		https://www.ncccsprint.com/ft4ns.html
Fri, 31 Oct, 2025 01:45	31 Oct, 2025 02:14	RTTY	Weekly RTTY Test		https://radiosport.world/wrt.html
Fri, 31 Oct, 2025 02:30	31 Oct, 2025 02:59	CW	NCCC Sprint		https://ncccsprint.com/rules.html
Fri, 31 Oct, 2025 20:00	31 Oct, 2025 20:59	CW	K1USN’s Slow Speed Test		http://www.k1usn.com/sst_rules.html
Sat, 01 Nov, 2025 06:00	01 Nov, 2025 08:59	CW	Silent Key Memorial Contest		https://skmc.hu/en/rules.html
Sat, 01 Nov, 2025 06:00	01 Nov, 2025 17:59	CW,SSB	IPARC Contest (CW Round)		http://www.iparc.de
Sat, 01 Nov, 2025 07:00	01 Nov, 2025 10:59	SSB	"The all-Russian youth competitions ""Druzhba"" (Friendship)"		
Sat, 01 Nov, 2025 12:00	02 Nov, 2025 11:59	Any modes	WAB DX Contest		http://wab.intermip.net/Contest%20Rules.php
Sat, 01 Nov, 2025 21:00	03 Nov, 2025 02:59	CW	ARRL Sweepstakes Contest CW		http://www.arrl.org/sweepstakes
Sun, 02 Nov, 2025 06:00	02 Nov, 2025 17:59	CW,SSB	IPARC Contest (SSB Round)		http://www.iparc.de
Sun, 02 Nov, 2025 08:00	02 Nov, 2025 11:59	Any modes	EANET Sprint Contest		https://fediea.org/news/?news=20251102
Sun, 02 Nov, 2025 14:00	02 Nov, 2025 16:59	CW	HSC Contest		http://www.highspeedclub.org
Sun, 02 Nov, 2025 14:00	03 Nov, 2025 07:59		Classic Exchange (Phone Round, Session #1)		http://www.classicexchange.org/announcments/CX_Rules.pdf
Mon, 03 Nov, 2025 00:00	03 Nov, 2025 00:59	CW	K1USN’s Slow Speed Test		http://www.k1usn.com/sst_rules.html
Mon, 03 Nov, 2025 13:00	03 Nov, 2025 13:59	CW	ICWC Medium Speed Test (Session #1)		https://internationalcwcouncil.org/mst-contest/
Mon, 03 Nov, 2025 16:30	03 Nov, 2025 17:29	CW,SSB	OK1WC Memorial Contest		https://memorial-ok1wc.cz/index.php?page=rules2l
Mon, 03 Nov, 2025 19:00	03 Nov, 2025 19:59	CW	ICWC Medium Speed Test (Session #2)		https://internationalcwcouncil.org/mst-contest/
Mon, 03 Nov, 2025 20:00	03 Nov, 2025 21:29	Digital	RSGB 3.5MHz Autumn Series Contest Data The contest organizers violate the principles of Ham Spirit		https://www.rsgbcc.org/hf/rules/2025/rautumn.shtml
Tue, 04 Nov, 2025 01:00	04 Nov, 2025 01:59	SSB	Worldwide Sideband Activity Contest		https://wwsac.com/rules.html
Tue, 04 Nov, 2025 02:00	04 Nov, 2025 03:59	CW	ARS Spartan Sprint		http://arsqrp.blogspot.com/2009/02/so-whats-spartan-sprint-and-how-do-i.html
Tue, 04 Nov, 2025 03:00	04 Nov, 2025 03:59	CW	ICWC Medium Speed Test (Session #3)		https://internationalcwcouncil.org/mst-contest/
Tue, 04 Nov, 2025 14:00	05 Nov, 2025 07:59		Classic Exchange (Phone Round, Session #2)		http://www.classicexchange.org/announcments/CX_Rules.pdf
Wed, 05 Nov, 2025 02:30	05 Nov, 2025 03:59	SSB	Phone Weekly Test		http://www.perluma.com/Phone_Fray_Contest_Rules.pdf
Wed, 05 Nov, 2025 12:00	05 Nov, 2025 12:59	CW	A1CLUB Weekly Test		https://a1club.org/contest/awt/
Wed, 05 Nov, 2025 13:00	05 Nov, 2025 13:59	CW	Monthly Mini-CWT (Session #1)		https://cwops.org/cwops-tests/
Wed, 05 Nov, 2025 17:00	05 Nov, 2025 17:59	CW	Wednesday mini-contest 40m	https://ua9qcq.com/results_new.php?testid=242	
Wed, 05 Nov, 2025 20:00	05 Nov, 2025 20:59	SSB	UKEICC 80m Contest SSB The contest organizers violate the principles of Ham Spirit		https://www.ukeicc.com/80m-rules.php
Thu, 06 Nov, 2025 00:00	06 Nov, 2025 00:59	CW	Walk for the Bacon 40M QRP Contest (Session #1)		https://qrpcontest.com/pigwalk40/
Thu, 06 Nov, 2025 03:00	06 Nov, 2025 03:59	CW	Monthly Mini-CWT (Session #3)		https://cwops.org/cwops-tests/
Thu, 06 Nov, 2025 07:00	06 Nov, 2025 07:59	CW	Monthly Mini-CWT (Session #4)		https://cwops.org/cwops-tests/
Thu, 06 Nov, 2025 15:00	06 Nov, 2025 17:59	CW	George V. Nekhoroshev (RU9WB) Memorial Contest	https://ua9qcq.com/results_new.php?testid=206	
Thu, 06 Nov, 2025 20:00	06 Nov, 2025 21:59	CW	Straight Key Sprint Europe		http://www.skccgroup.com/operating_activities/skse/
Fri, 07 Nov, 2025 01:00	07 Nov, 2025 01:29	FT4/FT8	NCCC FT4 Sprint		https://www.ncccsprint.com/ft4ns.html
Fri, 07 Nov, 2025 01:45	07 Nov, 2025 02:14	RTTY	Weekly RTTY Test		https://radiosport.world/wrt.html
Fri, 07 Nov, 2025 02:00	07 Nov, 2025 02:59	CW	Walk for the Bacon 40M QRP Contest (Session #2)		https://qrpcontest.com/pigwalk40/
Fri, 07 Nov, 2025 02:30	07 Nov, 2025 02:59	CW	NCCC Sprint		https://ncccsprint.com/rules.html
Fri, 07 Nov, 2025 20:00	07 Nov, 2025 20:59	CW	K1USN’s Slow Speed Test		http://www.k1usn.com/sst_rules.html
Sat, 08 Nov, 2025 00:00	08 Nov, 2025 23:59	CW	FISTS Saturday Sprint		https://www.fistsna.org/operating.html#sprints
Sat, 08 Nov, 2025 00:00	09 Nov, 2025 23:59	RTTY	Worked All Europe DX RTTY Contest		https://www.darc.de/der-club/referate/conteste/wae-dx-contest/en/wae-rules/
Sat, 08 Nov, 2025 00:00	10 Nov, 2025 23:59	PSK	PODXS 070 Club Triple Play Low Band Sprint		http://www.podxs070.com/o7o-club-sponsored-contests/triple-play-low-band-sprint
Sat, 08 Nov, 2025 00:01	09 Nov, 2025 23:58	Digital	10-10 International Fall Digital QSO Party		https://www.ten-ten.org/qso-party-rules/
Sat, 08 Nov, 2025 07:00	09 Nov, 2025 12:59	SSB	Japan International DX Contest SSB		http://jidx.org/jidxrule-e.html
Sat, 08 Nov, 2025 12:00	09 Nov, 2025 11:59	CW	OK-OM DX CW Contest The contest organizers violate the principles of Ham Spirit		http://okomdx.crk.cz/
Sat, 08 Nov, 2025 12:00	09 Nov, 2025 23:59	CW	SKCC's Weekend Sprintathon		http://www.skccgroup.com/operating_activities/weekend_sprintathon/
Sat, 08 Nov, 2025 19:00	08 Nov, 2025 22:59	CW,Phone,Digital	CQ-WE Contest (CW,DIGI Round, Session #1)		https://w8zpf.com/cqwe/
Sat, 08 Nov, 2025 20:00	08 Nov, 2025 22:59	CW,SSB	RSGB 1.8MHz AFS (Club Calls) Contest The contest organizers violate the principles of Ham Spirit		https://www.rsgbcc.org/hf/rules/2025/rclubcalls.shtml
Sat, 08 Nov, 2025 23:00	10 Nov, 2025 02:59	CW	AWA Bruce Kelley 1929 QSO Party (Session #1)		https://www.antiquewireless.org/homepage/bk-qso-party-details/
Sun, 09 Nov, 2025 01:00	09 Nov, 2025 04:59	CW,Phone,Digital	CQ-WE Contest (Phone Round, Session #1)		https://w8zpf.com/cqwe/
Sun, 09 Nov, 2025 07:00	09 Nov, 2025 16:59	SSB	FIRAC HF SSB Contest		http://www.firac.de/FIRAC_HF_CONTEST_E.pdf
Sun, 09 Nov, 2025 19:00	09 Nov, 2025 22:59	CW,Phone,Digital	CQ-WE Contest (Phone Round, Session #2)		https://w8zpf.com/cqwe/
Mon, 10 Nov, 2025 00:00	10 Nov, 2025 00:59	CW	K1USN’s Slow Speed Test		http://www.k1usn.com/sst_rules.html
Mon, 10 Nov, 2025 01:00	10 Nov, 2025 02:59	CW,SSB	Four States QRP Group Second Sunday Sprint		http://www.4sqrp.com/SSS/sss_rules.pdf
Mon, 10 Nov, 2025 01:00	10 Nov, 2025 04:59	CW,Phone,Digital	CQ-WE Contest (CW,DIGI Round, Session #2)		https://w8zpf.com/cqwe/
Mon, 10 Nov, 2025 13:00	10 Nov, 2025 13:59	CW	ICWC Medium Speed Test (Session #1)		https://internationalcwcouncil.org/mst-contest/
Mon, 10 Nov, 2025 16:30	10 Nov, 2025 17:29	CW,SSB	OK1WC Memorial Contest		https://memorial-ok1wc.cz/index.php?page=rules2l
Mon, 10 Nov, 2025 19:00	10 Nov, 2025 19:59	CW	ICWC Medium Speed Test (Session #2)		https://internationalcwcouncil.org/mst-contest/
Tue, 11 Nov, 2025 01:00	11 Nov, 2025 01:59	SSB	Worldwide Sideband Activity Contest		https://wwsac.com/rules.html
Tue, 11 Nov, 2025 03:00	11 Nov, 2025 03:59	CW	ICWC Medium Speed Test (Session #3)		https://internationalcwcouncil.org/mst-contest/
Tue, 11 Nov, 2025 19:00	11 Nov, 2025 20:29	FT4/FT8	DARC FT4 Contest		https://www.darc.de/der-club/referate/conteste/ft4-contest/ft4-rules/
Wed, 12 Nov, 2025 02:30	12 Nov, 2025 03:59	SSB	Phone Weekly Test		http://www.perluma.com/Phone_Fray_Contest_Rules.pdf
Wed, 12 Nov, 2025 12:00	12 Nov, 2025 12:59	CW	A1CLUB Weekly Test		https://a1club.org/contest/awt/
Wed, 12 Nov, 2025 13:00	12 Nov, 2025 13:59	CW	Monthly Mini-CWT (Session #1)		https://cwops.org/cwops-tests/
Wed, 12 Nov, 2025 17:00	12 Nov, 2025 17:59	CW	Wednesday mini-contest 40m	https://ua9qcq.com/results_new.php?testid=242	
Wed, 12 Nov, 2025 20:00	12 Nov, 2025 21:29	SSB	RSGB 3.5MHz Autumn Series Contest SSB The contest organizers violate the principles of Ham Spirit		https://www.rsgbcc.org/hf/rules/2025/rautumn.shtml
Thu, 13 Nov, 2025 03:00	13 Nov, 2025 03:59	CW	Monthly Mini-CWT (Session #3)		https://cwops.org/cwops-tests/
Thu, 13 Nov, 2025 07:00	13 Nov, 2025 07:59	CW	Monthly Mini-CWT (Session #4)		https://cwops.org/cwops-tests/
Fri, 14 Nov, 2025 01:00	14 Nov, 2025 01:29	FT4/FT8	NCCC FT4 Sprint		https://www.ncccsprint.com/ft4ns.html
Fri, 14 Nov, 2025 01:45	14 Nov, 2025 02:14	RTTY	Weekly RTTY Test		https://radiosport.world/wrt.html
Fri, 14 Nov, 2025 02:30	14 Nov, 2025 02:59	CW	NCCC Sprint		https://ncccsprint.com/rules.html
Fri, 14 Nov, 2025 20:00	14 Nov, 2025 20:59	CW	K1USN’s Slow Speed Test		http://www.k1usn.com/sst_rules.html
Sat, 15 Nov, 2025 07:00	16 Nov, 2025 06:59	CW,SSB	Ham Spirit Contest	https://ua9qcq.com/results_new.php?testid=268	
Sat, 15 Nov, 2025 17:00	16 Nov, 2025 00:59	CW	REF 160m Contest		https://concours.r-e-f.org/contest/a-propos/ref-160m-contest/
Sat, 15 Nov, 2025 18:00	16 Nov, 2025 20:59	CW	South American Integration Contest		https://sacw.cwsp.com.br/en/2021/09/21/for-reading/
Sat, 15 Nov, 2025 19:00	15 Nov, 2025 20:59	Any modes	Turkey Sprint		https://sites.google.com/site/feldhellclub/Home/contests/sprints/turkey-hunt-sprint
Sat, 15 Nov, 2025 20:00	15 Nov, 2025 22:59	CW	RSGB 1.8MHz Contest The contest organizers violate the principles of Ham Spirit		https://www.rsgbcc.org/hf/rules/2025/r160m.shtml
Sat, 15 Nov, 2025 21:00	17 Nov, 2025 02:59	SSB	ARRL Sweepstakes Contest SSB		http://www.arrl.org/sweepstakes
Sat, 15 Nov, 2025 23:00	17 Nov, 2025 02:59	CW	AWA Bruce Kelley 1929 QSO Party (Session #2)		https://www.antiquewireless.org/homepage/bk-qso-party-details/
Sun, 16 Nov, 2025 00:00	16 Nov, 2025 23:59	CW	FISTS Sunday Sprint		https://www.fistsna.org/operating.html#sprints
Sun, 16 Nov, 2025 13:00	16 Nov, 2025 14:59	CW	Homebrew & Oldtime Equipment Party (40m Round)		http://www.qrpcc.de/contestrules/index.html
Sun, 16 Nov, 2025 15:00	16 Nov, 2025 16:59	CW	Homebrew & Oldtime Equipment Party (80m Round)		http://www.qrpcc.de/contestrules/index.html
Mon, 17 Nov, 2025 00:00	17 Nov, 2025 00:59	CW	K1USN’s Slow Speed Test		http://www.k1usn.com/sst_rules.html
Mon, 17 Nov, 2025 13:00	17 Nov, 2025 13:59	CW	ICWC Medium Speed Test (Session #1)		https://internationalcwcouncil.org/mst-contest/
Mon, 17 Nov, 2025 16:30	17 Nov, 2025 17:29	CW,SSB	OK1WC Memorial Contest		https://memorial-ok1wc.cz/index.php?page=rules2l
Mon, 17 Nov, 2025 19:00	17 Nov, 2025 19:59	CW	ICWC Medium Speed Test (Session #2)		https://internationalcwcouncil.org/mst-contest/
Mon, 17 Nov, 2025 20:00	17 Nov, 2025 21:59	FT4/FT8	RSGB FT4 Contest The contest organizers violate the principles of Ham Spirit		https://www.rsgbcc.org/hf/rules/2025/r80m_ft4.shtml
Tue, 18 Nov, 2025 01:00	18 Nov, 2025 01:59	SSB	Worldwide Sideband Activity Contest		https://wwsac.com/rules.html
Tue, 18 Nov, 2025 03:00	18 Nov, 2025 03:59	CW	ICWC Medium Speed Test (Session #3)		https://internationalcwcouncil.org/mst-contest/
Wed, 19 Nov, 2025 02:30	19 Nov, 2025 03:59	SSB	Phone Weekly Test		http://www.perluma.com/Phone_Fray_Contest_Rules.pdf
Wed, 19 Nov, 2025 12:00	19 Nov, 2025 12:59	CW	A1CLUB Weekly Test		https://a1club.org/contest/awt/
Wed, 19 Nov, 2025 13:00	19 Nov, 2025 13:59	CW	Monthly Mini-CWT (Session #1)		https://cwops.org/cwops-tests/
Wed, 19 Nov, 2025 17:00	19 Nov, 2025 17:59	CW	Wednesday mini-contest 40m	https://ua9qcq.com/results_new.php?testid=242	
Thu, 20 Nov, 2025 00:00	20 Nov, 2025 00:59	CW	Walk for the Bacon 20M QRP Contest (Session #1)		https://qrpcontest.com/pigwalk20/
Thu, 20 Nov, 2025 01:30	20 Nov, 2025 03:29	CW	NAQCC Straight Key/Bug Sprint		"http://naqcc.info/contests.html
"
Thu, 20 Nov, 2025 03:00	20 Nov, 2025 03:59	CW	Monthly Mini-CWT (Session #3)		https://cwops.org/cwops-tests/
Thu, 20 Nov, 2025 07:00	20 Nov, 2025 07:59	CW	Monthly Mini-CWT (Session #4)		https://cwops.org/cwops-tests/
Thu, 20 Nov, 2025 19:00	20 Nov, 2025 19:59	CW	NTC QSO Party		https://pi4ntc.nl/ntcqp/
Fri, 21 Nov, 2025 01:00	21 Nov, 2025 01:29	FT4/FT8	NCCC FT4 Sprint		https://www.ncccsprint.com/ft4ns.html
Fri, 21 Nov, 2025 01:45	21 Nov, 2025 02:14	RTTY	Weekly RTTY Test		https://radiosport.world/wrt.html
Fri, 21 Nov, 2025 02:00	21 Nov, 2025 02:59	CW	Walk for the Bacon 20M QRP Contest (Session #2)		https://qrpcontest.com/pigwalk20/
Fri, 21 Nov, 2025 02:30	21 Nov, 2025 02:59	CW	NCCC Sprint		https://ncccsprint.com/rules.html
Fri, 21 Nov, 2025 20:00	21 Nov, 2025 20:59	CW	K1USN’s Slow Speed Test		http://www.k1usn.com/sst_rules.html
Sat, 22 Nov, 2025 12:00	23 Nov, 2025 11:59	CW,SSB	LZ DX Contest		http://lzdx.bfra.bg/rulesen.html
Sun, 23 Nov, 2025 00:00	23 Nov, 2025 03:59	SSB	North American SSB Sprint		https://ssbsprint.com/rules/
Mon, 24 Nov, 2025 00:00	24 Nov, 2025 00:59	CW	K1USN’s Slow Speed Test		http://www.k1usn.com/sst_rules.html
Mon, 24 Nov, 2025 13:00	24 Nov, 2025 13:59	CW	ICWC Medium Speed Test (Session #1)		https://internationalcwcouncil.org/mst-contest/
Mon, 24 Nov, 2025 13:00	24 Nov, 2025 13:59	CW	QCX Challenge (Session #1)		http://www.qrp-labs.com/party.html
Mon, 24 Nov, 2025 16:30	24 Nov, 2025 17:29	CW,SSB	OK1WC Memorial Contest		https://memorial-ok1wc.cz/index.php?page=rules2l
Mon, 24 Nov, 2025 19:00	24 Nov, 2025 19:59	CW	ICWC Medium Speed Test (Session #2)		https://internationalcwcouncil.org/mst-contest/
Mon, 24 Nov, 2025 19:00	24 Nov, 2025 19:59	CW	QCX Challenge (Session #2)		http://www.qrp-labs.com/party.html
Tue, 25 Nov, 2025 01:00	25 Nov, 2025 01:59	SSB	Worldwide Sideband Activity Contest		https://wwsac.com/rules.html
Tue, 25 Nov, 2025 03:00	25 Nov, 2025 03:59	CW	ICWC Medium Speed Test (Session #3)		https://internationalcwcouncil.org/mst-contest/
Tue, 25 Nov, 2025 03:00	25 Nov, 2025 03:59	CW	QCX Challenge (Session #3)		http://www.qrp-labs.com/party.html
Wed, 26 Nov, 2025 00:00	26 Nov, 2025 01:59	CW	Straight Key Sprint		http://www.skccgroup.com/operating_activities/weekday_sprint/
Wed, 26 Nov, 2025 02:30	26 Nov, 2025 03:59	SSB	Phone Weekly Test		http://www.perluma.com/Phone_Fray_Contest_Rules.pdf
Wed, 26 Nov, 2025 12:00	26 Nov, 2025 12:59	CW	A1CLUB Weekly Test		https://a1club.org/contest/awt/
Wed, 26 Nov, 2025 13:00	26 Nov, 2025 13:59	CW	Monthly Mini-CWT (Session #1)		https://cwops.org/cwops-tests/
Wed, 26 Nov, 2025 17:00	26 Nov, 2025 17:59	CW	Wednesday mini-contest 40m	https://ua9qcq.com/results_new.php?testid=242	
Wed, 26 Nov, 2025 20:00	26 Nov, 2025 20:59	CW	UKEICC 80m Contest CW The contest organizers violate the principles of Ham Spirit		https://www.ukeicc.com/80m-rules.php
Thu, 27 Nov, 2025 03:00	27 Nov, 2025 03:59	CW	Monthly Mini-CWT (Session #3)		https://cwops.org/cwops-tests/
Thu, 27 Nov, 2025 07:00	27 Nov, 2025 07:59	CW	Monthly Mini-CWT (Session #4)		https://cwops.org/cwops-tests/
Thu, 27 Nov, 2025 20:00	27 Nov, 2025 21:29	CW	RSGB 3.5MHz Autumn Series Contest CW The contest organizers violate the principles of Ham Spirit		https://www.rsgbcc.org/hf/rules/2025/rautumn.shtml
Fri, 28 Nov, 2025 01:00	28 Nov, 2025 01:29	FT4/FT8	NCCC FT4 Sprint		https://www.ncccsprint.com/ft4ns.html
Fri, 28 Nov, 2025 01:45	28 Nov, 2025 02:14	RTTY	Weekly RTTY Test		https://radiosport.world/wrt.html
Fri, 28 Nov, 2025 02:30	28 Nov, 2025 02:59	CW	NCCC Sprint		https://ncccsprint.com/rules.html
Fri, 28 Nov, 2025 20:00	28 Nov, 2025 20:59	CW	K1USN’s Slow Speed Test		http://www.k1usn.com/sst_rules.html
Sat, 29 Nov, 2025 00:00	30 Nov, 2025 23:59	CW	CQ WW DX CW Contest		https://www.cqww.com/rules.htm
Mon, 01 Dec, 2025 00:00	01 Dec, 2025 00:59	CW	K1USN’s Slow Speed Test		http://www.k1usn.com/sst_rules.html
Mon, 01 Dec, 2025 13:00	01 Dec, 2025 13:59	CW	ICWC Medium Speed Test (Session #1)		https://internationalcwcouncil.org/mst-contest/
Mon, 01 Dec, 2025 16:30	01 Dec, 2025 17:29	CW,SSB	OK1WC Memorial Contest		https://memorial-ok1wc.cz/index.php?page=rules2l
Mon, 01 Dec, 2025 19:00	01 Dec, 2025 19:59	CW	ICWC Medium Speed Test (Session #2)		https://internationalcwcouncil.org/mst-contest/
Tue, 02 Dec, 2025 01:00	02 Dec, 2025 01:59	SSB	Worldwide Sideband Activity Contest		https://wwsac.com/rules.html
Tue, 02 Dec, 2025 02:00	02 Dec, 2025 03:59	CW	ARS Spartan Sprint		http://arsqrp.blogspot.com/2009/02/so-whats-spartan-sprint-and-how-do-i.html
Tue, 02 Dec, 2025 03:00	02 Dec, 2025 03:59	CW	ICWC Medium Speed Test (Session #3)		https://internationalcwcouncil.org/mst-contest/
Wed, 03 Dec, 2025 02:30	03 Dec, 2025 03:59	SSB	Phone Weekly Test		http://www.perluma.com/Phone_Fray_Contest_Rules.pdf
Wed, 03 Dec, 2025 12:00	03 Dec, 2025 12:59	CW	A1CLUB Weekly Test		https://a1club.org/contest/awt/
Wed, 03 Dec, 2025 13:00	03 Dec, 2025 13:59	CW	Monthly Mini-CWT (Session #1)		https://cwops.org/cwops-tests/
Wed, 03 Dec, 2025 17:00	03 Dec, 2025 17:59	CW	Wednesday mini-contest 40m	https://ua9qcq.com/results_new.php?testid=242	
Thu, 04 Dec, 2025 00:00	04 Dec, 2025 00:59	CW	Walk for the Bacon 40M QRP Contest (Session #1)		https://qrpcontest.com/pigwalk40/
Thu, 04 Dec, 2025 03:00	04 Dec, 2025 03:59	CW	Monthly Mini-CWT (Session #3)		https://cwops.org/cwops-tests/
Thu, 04 Dec, 2025 07:00	04 Dec, 2025 07:59	CW	Monthly Mini-CWT (Session #4)		https://cwops.org/cwops-tests/
Thu, 04 Dec, 2025 16:00	04 Dec, 2025 16:59	CW	RCWC Minitest		https://rcwc.ru/3138-rcwc-mini-contest-2025.html
Thu, 04 Dec, 2025 18:00	04 Dec, 2025 21:59	CW,Phone,Digital	NRAU Activity 10m Contest		https://nrau.net/nrau-contests-in-general/
Thu, 04 Dec, 2025 20:00	04 Dec, 2025 21:59	CW	Straight Key Sprint Europe		http://www.skccgroup.com/operating_activities/skse/
Fri, 05 Dec, 2025 01:00	05 Dec, 2025 01:29	FT4/FT8	NCCC FT4 Sprint		https://www.ncccsprint.com/ft4ns.html
Fri, 05 Dec, 2025 01:45	05 Dec, 2025 02:14	RTTY	Weekly RTTY Test		https://radiosport.world/wrt.html
Fri, 05 Dec, 2025 02:00	05 Dec, 2025 02:59	CW	Walk for the Bacon 40M QRP Contest (Session #2)		https://qrpcontest.com/pigwalk40/
Fri, 05 Dec, 2025 02:30	05 Dec, 2025 02:59	CW	NCCC Sprint		https://ncccsprint.com/rules.html
Fri, 05 Dec, 2025 13:00	05 Dec, 2025 16:59	CW,SSB	Open Far Eastern Federal district Championship	https://ua9qcq.com/results_new.php?testid=248	
Fri, 05 Dec, 2025 22:00	07 Dec, 2025 15:59	CW	ARRL 160 meter Contest		http://www.arrl.org/160-meter
Sat, 06 Dec, 2025 06:00	06 Dec, 2025 07:59	CW	Wake-Up! QRP Sprint		http://qrp.ru/contest/wakeup/333-wakeup-eng
Sat, 06 Dec, 2025 06:00	06 Dec, 2025 07:59	CW,SSB	"""To Serve The Fatherland"" Contest"	https://ua9qcq.com/results_new.php?testid=269	
Sat, 06 Dec, 2025 14:00	07 Dec, 2025 13:59	CW	INORC Contest		https://www.inorc.it/wp/2025/09/23/contest-inorc-2025-it-en/
Sat, 06 Dec, 2025 18:00	07 Dec, 2025 23:59	FT4/FT8	FT Challenge		https://www.rttycontesting.com/ft-challenge/rules/
Mon, 08 Dec, 2025 00:00	08 Dec, 2025 00:59	CW	K1USN’s Slow Speed Test		http://www.k1usn.com/sst_rules.html
Mon, 08 Dec, 2025 13:00	08 Dec, 2025 13:59	CW	ICWC Medium Speed Test (Session #1)		https://internationalcwcouncil.org/mst-contest/
Mon, 08 Dec, 2025 16:30	08 Dec, 2025 17:29	CW,SSB	OK1WC Memorial Contest		https://memorial-ok1wc.cz/index.php?page=rules2l
Mon, 08 Dec, 2025 18:00	08 Dec, 2025 18:59	CW	DARC CW-Training Contest		https://www.darc.de/der-club/referate/conteste/cwa/darc-cw-training-rules/
Mon, 08 Dec, 2025 19:00	08 Dec, 2025 19:59	CW	ICWC Medium Speed Test (Session #2)		https://internationalcwcouncil.org/mst-contest/
Tue, 09 Dec, 2025 01:00	09 Dec, 2025 01:59	SSB	Worldwide Sideband Activity Contest		https://wwsac.com/rules.html
Tue, 09 Dec, 2025 03:00	09 Dec, 2025 03:59	CW	ICWC Medium Speed Test (Session #3)		https://internationalcwcouncil.org/mst-contest/
Wed, 10 Dec, 2025 01:30	10 Dec, 2025 03:29	CW	NAQCC Straight Key/Bug Sprint		"http://naqcc.info/contests.html
"
Wed, 10 Dec, 2025 02:30	10 Dec, 2025 03:59	SSB	Phone Weekly Test		http://www.perluma.com/Phone_Fray_Contest_Rules.pdf
Wed, 10 Dec, 2025 12:00	10 Dec, 2025 12:59	CW	A1CLUB Weekly Test		https://a1club.org/contest/awt/
Wed, 10 Dec, 2025 13:00	10 Dec, 2025 13:59	CW	Monthly Mini-CWT (Session #1)		https://cwops.org/cwops-tests/
Wed, 10 Dec, 2025 17:00	10 Dec, 2025 17:59	CW	Wednesday mini-contest 40m	https://ua9qcq.com/results_new.php?testid=242	
Thu, 11 Dec, 2025 03:00	11 Dec, 2025 03:59	CW	Monthly Mini-CWT (Session #3)		https://cwops.org/cwops-tests/
Thu, 11 Dec, 2025 07:00	11 Dec, 2025 07:59	CW	Monthly Mini-CWT (Session #4)		https://cwops.org/cwops-tests/
Fri, 12 Dec, 2025 01:00	12 Dec, 2025 01:29	FT4/FT8	NCCC FT4 Sprint		https://www.ncccsprint.com/ft4ns.html
Fri, 12 Dec, 2025 01:45	12 Dec, 2025 02:14	RTTY	Weekly RTTY Test		https://radiosport.world/wrt.html
Fri, 12 Dec, 2025 02:30	12 Dec, 2025 02:59	CW	NCCC Sprint		https://ncccsprint.com/rules.html
Fri, 12 Dec, 2025 20:00	12 Dec, 2025 20:59	CW	K1USN’s Slow Speed Test		http://www.k1usn.com/sst_rules.html
Sat, 13 Dec, 2025 00:00	14 Dec, 2025 23:59	CW,SSB	ARRL 10 Meter Contest		http://www.arrl.org/10-meter
Sat, 13 Dec, 2025 00:00	15 Dec, 2025 23:59	PSK	PODXS 070 Club Triple Play Low Band Sprint		http://www.podxs070.com/o7o-club-sponsored-contests/triple-play-low-band-sprint
Sat, 13 Dec, 2025 06:00	14 Dec, 2025 17:59	RTTY	TRC DIGI Contest		"https://trcdx.org/rules-trc-digi/
"
Sat, 13 Dec, 2025 12:00	14 Dec, 2025 23:59	CW	SKCC's Weekend Sprintathon		http://www.skccgroup.com/operating_activities/weekend_sprintathon/
Sat, 13 Dec, 2025 13:00	14 Dec, 2025 12:59	CW,SSB,Digital	ARI 40/80 Contest		http://www.ari.it/en/contest-hf/contest-4080.html
Sat, 13 Dec, 2025 16:00	13 Dec, 2025 15:59	CW,SSB	International Naval Contest		https://www.marinefreunde.com/eng/inc.html
Sun, 14 Dec, 2025 07:00	14 Dec, 2025 10:59	SSB	"The youth competitions ""Snezhinka"" (Snowflake)"		
Mon, 15 Dec, 2025 00:00	15 Dec, 2025 00:59	CW	K1USN’s Slow Speed Test		http://www.k1usn.com/sst_rules.html
Mon, 15 Dec, 2025 01:00	15 Dec, 2025 02:59	CW,SSB	Four States QRP Group Second Sunday Sprint		http://www.4sqrp.com/SSS/sss_rules.pdf
Mon, 15 Dec, 2025 13:00	15 Dec, 2025 13:59	CW	ICWC Medium Speed Test (Session #1)		https://internationalcwcouncil.org/mst-contest/
Mon, 15 Dec, 2025 16:30	15 Dec, 2025 17:29	CW,SSB	OK1WC Memorial Contest		https://memorial-ok1wc.cz/index.php?page=rules2l
Mon, 15 Dec, 2025 19:00	15 Dec, 2025 19:59	CW	ICWC Medium Speed Test (Session #2)		https://internationalcwcouncil.org/mst-contest/
Mon, 15 Dec, 2025 20:00	15 Dec, 2025 21:59	FT4/FT8	RSGB FT4 Contest The contest organizers violate the principles of Ham Spirit		https://www.rsgbcc.org/hf/rules/2025/r80m_ft4.shtml
Tue, 16 Dec, 2025 01:00	16 Dec, 2025 01:59	SSB	Worldwide Sideband Activity Contest		https://wwsac.com/rules.html
Tue, 16 Dec, 2025 03:00	16 Dec, 2025 03:59	CW	ICWC Medium Speed Test (Session #3)		https://internationalcwcouncil.org/mst-contest/
Wed, 17 Dec, 2025 01:30	17 Dec, 2025 03:29	CW	NAQCC Straight Key/Bug mW Sprint		"http://naqcc.info/contests.html
"
Wed, 17 Dec, 2025 02:30	17 Dec, 2025 03:59	SSB	Phone Weekly Test		http://www.perluma.com/Phone_Fray_Contest_Rules.pdf
Wed, 17 Dec, 2025 12:00	17 Dec, 2025 12:59	CW	A1CLUB Weekly Test		https://a1club.org/contest/awt/
Wed, 17 Dec, 2025 13:00	17 Dec, 2025 13:59	CW	Monthly Mini-CWT (Session #1)		https://cwops.org/cwops-tests/
Wed, 17 Dec, 2025 17:00	17 Dec, 2025 17:59	CW	Wednesday mini-contest 40m	https://ua9qcq.com/results_new.php?testid=242	
Thu, 18 Dec, 2025 00:00	18 Dec, 2025 00:59	CW	Walk for the Bacon 20M QRP Contest (Session #1)		https://qrpcontest.com/pigwalk20/
Thu, 18 Dec, 2025 03:00	18 Dec, 2025 03:59	CW	Monthly Mini-CWT (Session #3)		https://cwops.org/cwops-tests/
Thu, 18 Dec, 2025 07:00	18 Dec, 2025 07:59	CW	Monthly Mini-CWT (Session #4)		https://cwops.org/cwops-tests/
Thu, 18 Dec, 2025 19:00	18 Dec, 2025 19:59	CW	NTC QSO Party		https://pi4ntc.nl/ntcqp/
Fri, 19 Dec, 2025 01:00	19 Dec, 2025 01:29	FT4/FT8	NCCC FT4 Sprint		https://www.ncccsprint.com/ft4ns.html
Fri, 19 Dec, 2025 01:45	19 Dec, 2025 02:14	RTTY	Weekly RTTY Test		https://radiosport.world/wrt.html
Fri, 19 Dec, 2025 02:00	19 Dec, 2025 02:59	CW	Walk for the Bacon 20M QRP Contest (Session #2)		https://qrpcontest.com/pigwalk20/
Fri, 19 Dec, 2025 02:30	19 Dec, 2025 02:59	CW	NCCC Sprint		https://ncccsprint.com/rules.html
Fri, 19 Dec, 2025 16:00	19 Dec, 2025 16:59	CW,SSB,Digital	AGB-Party Contest		http://www.ev5agb.com/contest/agb_party.htm
Fri, 19 Dec, 2025 17:00	19 Dec, 2025 20:59	CW,SSB	Russian 160m DX Contest - RU3AX Memorial	https://ua9qcq.com/results_new.php?testid=103	
Sat, 20 Dec, 2025 00:00	20 Dec, 2025 23:59	Any modes	Happy Birthday Rudolf Sprint Sprint		https://sites.google.com/site/feldhellclub/Home/contests/sprints/Happy-Birthday-Rudolph-Sprint
Sat, 20 Dec, 2025 00:00	20 Dec, 2025 23:59	RTTY	OK DX RTTY Contest The contest organizers violate the principles of Ham Spirit		http://okrtty.crk.cz/index.php?page=english
Sat, 20 Dec, 2025 00:00	20 Dec, 2025 23:59	CW,Phone	RAC Canada Winter Contest		https://www.rac.ca/contesting-results/
Sat, 20 Dec, 2025 04:00	20 Dec, 2025 07:59	CW	"""Do-It-Yourself"" QRP Contest-game"		http://qrp.ru/contest/diy/398-diy-eng
Sat, 20 Dec, 2025 05:00	20 Dec, 2025 08:59	CW,SSB	Memory Lives Forever QSO Party	https://ua9qcq.com/results_new.php?testid=106	
Sat, 20 Dec, 2025 16:00	20 Dec, 2025 18:59	CW,SSB	Open Central Black Earth Region Cup	https://ua9qcq.com/results_new.php?testid=251	
Mon, 22 Dec, 2025 00:00	22 Dec, 2025 00:59	CW	K1USN’s Slow Speed Test		http://www.k1usn.com/sst_rules.html
Mon, 22 Dec, 2025 13:00	22 Dec, 2025 13:59	CW	ICWC Medium Speed Test (Session #1)		https://internationalcwcouncil.org/mst-contest/
Mon, 22 Dec, 2025 16:30	22 Dec, 2025 17:29	CW,SSB	OK1WC Memorial Contest		https://memorial-ok1wc.cz/index.php?page=rules2l
Mon, 22 Dec, 2025 19:00	22 Dec, 2025 19:59	CW	ICWC Medium Speed Test (Session #2)		https://internationalcwcouncil.org/mst-contest/
Tue, 23 Dec, 2025 01:00	23 Dec, 2025 01:59	SSB	Worldwide Sideband Activity Contest		https://wwsac.com/rules.html
Tue, 23 Dec, 2025 03:00	23 Dec, 2025 03:59	CW	ICWC Medium Speed Test (Session #3)		https://internationalcwcouncil.org/mst-contest/
Wed, 24 Dec, 2025 00:00	24 Dec, 2025 01:59	CW	Straight Key Sprint		http://www.skccgroup.com/operating_activities/weekday_sprint/
Wed, 24 Dec, 2025 02:30	24 Dec, 2025 03:59	SSB	Phone Weekly Test		http://www.perluma.com/Phone_Fray_Contest_Rules.pdf
Wed, 24 Dec, 2025 12:00	24 Dec, 2025 12:59	CW	A1CLUB Weekly Test		https://a1club.org/contest/awt/
Wed, 24 Dec, 2025 13:00	24 Dec, 2025 13:59	CW	Monthly Mini-CWT (Session #1)		https://cwops.org/cwops-tests/
Wed, 24 Dec, 2025 17:00	24 Dec, 2025 17:59	CW	Wednesday mini-contest 40m	https://ua9qcq.com/results_new.php?testid=242	
Thu, 25 Dec, 2025 03:00	25 Dec, 2025 03:59	CW	Monthly Mini-CWT (Session #3)		https://cwops.org/cwops-tests/
Thu, 25 Dec, 2025 07:00	25 Dec, 2025 07:59	CW	Monthly Mini-CWT (Session #4)		https://cwops.org/cwops-tests/
Fri, 26 Dec, 2025 01:00	26 Dec, 2025 01:29	FT4/FT8	NCCC FT4 Sprint		https://www.ncccsprint.com/ft4ns.html
Fri, 26 Dec, 2025 01:45	26 Dec, 2025 02:14	RTTY	Weekly RTTY Test		https://radiosport.world/wrt.html
Fri, 26 Dec, 2025 02:30	26 Dec, 2025 02:59	CW	NCCC Sprint		https://ncccsprint.com/rules.html
Fri, 26 Dec, 2025 08:30	26 Dec, 2025 10:59	CW,SSB	DARC XMAS Contest		https://www.darc.de/der-club/referate/conteste/weihnachtswettbewerb/rules/
Fri, 26 Dec, 2025 20:00	26 Dec, 2025 20:59	CW	K1USN’s Slow Speed Test		http://www.k1usn.com/sst_rules.html
Sat, 27 Dec, 2025 15:00	28 Dec, 2025 14:59	CW	Stew Perry Topband Distance Challenge		https://www.kkn.net/stew/stew_rules.html
Sat, 27 Dec, 2025 15:00	28 Dec, 2025 14:59	CW	Original QRP Contest		http://www.qrpcc.de/contestrules/index.html
Sun, 28 Dec, 2025 00:00	28 Dec, 2025 11:59	CW	RAEM International HF Contest	https://ua9qcq.com/results_new.php?testid=109	
Mon, 29 Dec, 2025 10:00	29 Dec, 2025 21:59	CW,SSB	YOTA Contest		https://yotacontest.mrasz.org/rules/english
Mon, 29 Dec, 2025 13:00	29 Dec, 2025 13:59	CW	ICWC Medium Speed Test (Session #1)		https://internationalcwcouncil.org/mst-contest/
Mon, 29 Dec, 2025 13:00	29 Dec, 2025 13:59	CW	QCX Challenge (Session #1)		http://www.qrp-labs.com/party.html
Mon, 29 Dec, 2025 16:30	29 Dec, 2025 17:29	CW,SSB	OK1WC Memorial Contest		https://memorial-ok1wc.cz/index.php?page=rules2l
Mon, 29 Dec, 2025 19:00	29 Dec, 2025 19:59	CW	ICWC Medium Speed Test (Session #2)		https://internationalcwcouncil.org/mst-contest/
Mon, 29 Dec, 2025 19:00	29 Dec, 2025 19:59	CW	QCX Challenge (Session #2)		http://www.qrp-labs.com/party.html
Tue, 30 Dec, 2025 01:00	30 Dec, 2025 01:59	SSB	Worldwide Sideband Activity Contest		https://wwsac.com/rules.html
Tue, 30 Dec, 2025 03:00	30 Dec, 2025 03:59	CW	ICWC Medium Speed Test (Session #3)		https://internationalcwcouncil.org/mst-contest/
Tue, 30 Dec, 2025 03:00	30 Dec, 2025 03:59	CW	QCX Challenge (Session #3)		http://www.qrp-labs.com/party.html
Wed, 31 Dec, 2025 02:30	31 Dec, 2025 03:59	SSB	Phone Weekly Test		http://www.perluma.com/Phone_Fray_Contest_Rules.pdf
Wed, 31 Dec, 2025 05:00	31 Dec, 2025 08:59	CW	Soviet Union Contest		https://rcwc.ru/3068-contest-soviet-union-2024.html
Wed, 31 Dec, 2025 09:00	31 Dec, 2025 23:59	SSB	Bogor Old and New Contest		https://contest.orari-bogor.org/rule/
Wed, 31 Dec, 2025 12:00	31 Dec, 2025 12:59	CW	A1CLUB Weekly Test		https://a1club.org/contest/awt/
Wed, 31 Dec, 2025 13:00	31 Dec, 2025 13:59	CW	Monthly Mini-CWT (Session #1)		https://cwops.org/cwops-tests/
Wed, 31 Dec, 2025 17:00	31 Dec, 2025 17:59	CW	Wednesday mini-contest 40m	https://ua9qcq.com/results_new.php?testid=242	
Thu, 01 Jan, 2026 00:00	01 Jan, 2026 00:59	CW	Walk for the Bacon 20M QRP Contest (Session #1)		https://qrpcontest.com/pigwalk20/
Thu, 01 Jan, 2026 00:00	01 Jan, 2026 00:59	CW,SSB	AGB New Year Snowball Contest		https://www.qsl.net/eu1eu/agb_nysb.htm
Thu, 01 Jan, 2026 03:00	01 Jan, 2026 03:59	CW	Monthly Mini-CWT (Session #3)		https://cwops.org/cwops-tests/
Thu, 01 Jan, 2026 07:00	01 Jan, 2026 07:59	CW	Monthly Mini-CWT (Session #4)		https://cwops.org/cwops-tests/
Thu, 01 Jan, 2026 08:00	01 Jan, 2026 10:59	RTTY	SARTG New Year RTTY Contest		
Thu, 01 Jan, 2026 17:00	01 Jan, 2026 17:59	CW,SSB	IRTS 80m Counties Contest		https://www.irts.ie/cgi/st.cgi?r_hfcrules.html
Thu, 01 Jan, 2026 18:00	01 Jan, 2026 21:59	CW,Phone,Digital	NRAU Activity 10m Contest		https://nrau.net/nrau-contests-in-general/
Thu, 01 Jan, 2026 20:00	01 Jan, 2026 21:59	CW	Straight Key Sprint Europe		http://www.skccgroup.com/operating_activities/skse/
Fri, 02 Jan, 2026 01:00	02 Jan, 2026 01:29	FT4/FT8	NCCC FT4 Sprint		https://www.ncccsprint.com/ft4ns.html
Fri, 02 Jan, 2026 01:45	02 Jan, 2026 02:14	RTTY	Weekly RTTY Test		https://radiosport.world/wrt.html
Fri, 02 Jan, 2026 02:00	02 Jan, 2026 02:59	CW	Walk for the Bacon 20M QRP Contest (Session #2)		https://qrpcontest.com/pigwalk20/
Fri, 02 Jan, 2026 02:30	02 Jan, 2026 02:59	CW	NCCC Sprint		https://ncccsprint.com/rules.html
Fri, 02 Jan, 2026 11:00	02 Jan, 2026 11:59	CW	RCWC 4 Seasons Contest (1 Round)		https://rcwc.ru/3075-rcwc-4-seasons-2025-contest-winter-stage.html
Fri, 02 Jan, 2026 16:00	02 Jan, 2026 16:59	CW	RCWC 4 Seasons Contest (2 Round)		https://rcwc.ru/3075-rcwc-4-seasons-2025-contest-winter-stage.html
Fri, 02 Jan, 2026 19:00	02 Jan, 2026 19:59	CW	RCWC 4 Seasons Contest (3 Round)		https://rcwc.ru/3075-rcwc-4-seasons-2025-contest-winter-stage.html
Fri, 02 Jan, 2026 20:00	02 Jan, 2026 20:59	CW	K1USN’s Slow Speed Test		http://www.k1usn.com/sst_rules.html
Sat, 03 Jan, 2026 00:00	03 Jan, 2026 23:59	PSK	PODXS 070 Club PSKFest		http://www.podxs070.com/o7o-club-sponsored-contests/pskfest
Sat, 03 Jan, 2026 07:00	03 Jan, 2026 20:59	CW	Marconi Club ARI Loano QSO Party Day		http://www.ariloano.it/marconiclub/mcd_reg/regolamentomcday_ENG.pdf
Sat, 03 Jan, 2026 12:00	04 Jan, 2026 11:59	CW,SSB	WW PMC Contest		http://www.s59dcd.si/index.php/sl/ww-pmc/ww-pmc-contest-rules
Sat, 03 Jan, 2026 13:00	03 Jan, 2026 16:59	CW	RSGB AFS 80m & 40m CW Contest The contest organizers violate the principles of Ham Spirit		https://www.rsgbcc.org/hf/rules/2026/rafs.shtml
Sat, 03 Jan, 2026 18:00	03 Jan, 2026 23:59	SSB	ARRL Kids Day		http://www.arrl.org/kids-day
Sat, 03 Jan, 2026 18:00	04 Jan, 2026 23:59	Digital	ARRL RTTY Round-Up Contest		http://www.arrl.org/rtty-roundup
Sat, 03 Jan, 2026 20:00	03 Jan, 2026 22:59	CW	EUCW 160m Contest (1 Round)		https://www.uft.net/activites-et-concours/concours-eucw-uft-on5me/
Sun, 04 Jan, 2026 04:00	04 Jan, 2026 06:59	CW	EUCW 160m Contest (2 Round)		https://www.uft.net/activites-et-concours/concours-eucw-uft-on5me/
Mon, 05 Jan, 2026 00:00	05 Jan, 2026 00:59	CW	K1USN’s Slow Speed Test		http://www.k1usn.com/sst_rules.html
Mon, 05 Jan, 2026 13:00	05 Jan, 2026 13:59	CW	ICWC Medium Speed Test (Session #1)		https://internationalcwcouncil.org/mst-contest/
Mon, 05 Jan, 2026 16:30	05 Jan, 2026 17:29	CW,SSB	OK1WC Memorial Contest		https://memorial-ok1wc.cz/index.php?page=rules2l
Mon, 05 Jan, 2026 19:00	05 Jan, 2026 19:59	CW	ICWC Medium Speed Test (Session #2)		https://internationalcwcouncil.org/mst-contest/
Tue, 06 Jan, 2026 01:00	06 Jan, 2026 01:59	SSB	Worldwide Sideband Activity Contest		https://wwsac.com/rules.html
Tue, 06 Jan, 2026 02:00	06 Jan, 2026 03:59	CW	ARS Spartan Sprint		http://arsqrp.blogspot.com/2009/02/so-whats-spartan-sprint-and-how-do-i.html
Tue, 06 Jan, 2026 03:00	06 Jan, 2026 03:59	CW	ICWC Medium Speed Test (Session #3)		https://internationalcwcouncil.org/mst-contest/
Wed, 07 Jan, 2026 02:30	07 Jan, 2026 03:59	SSB	Phone Weekly Test		http://www.perluma.com/Phone_Fray_Contest_Rules.pdf
Wed, 07 Jan, 2026 12:00	07 Jan, 2026 12:59	CW	A1CLUB Weekly Test		https://a1club.org/contest/awt/
Wed, 07 Jan, 2026 13:00	07 Jan, 2026 13:59	CW	Monthly Mini-CWT (Session #1)		https://cwops.org/cwops-tests/
Wed, 07 Jan, 2026 17:00	07 Jan, 2026 17:59	CW	Wednesday mini-contest 40m	https://ua9qcq.com/results_new.php?testid=242	
Wed, 07 Jan, 2026 20:00	07 Jan, 2026 20:59	SSB	UKEICC 80m Contest SSB The contest organizers violate the principles of Ham Spirit		https://www.ukeicc.com/80m-rules.php
Thu, 08 Jan, 2026 03:00	08 Jan, 2026 03:59	CW	Monthly Mini-CWT (Session #3)		https://cwops.org/cwops-tests/
Thu, 08 Jan, 2026 07:00	08 Jan, 2026 07:59	CW	Monthly Mini-CWT (Session #4)		https://cwops.org/cwops-tests/
Fri, 09 Jan, 2026 01:00	09 Jan, 2026 01:29	FT4/FT8	NCCC FT4 Sprint		https://www.ncccsprint.com/ft4ns.html
Fri, 09 Jan, 2026 01:45	09 Jan, 2026 02:14	RTTY	Weekly RTTY Test		https://radiosport.world/wrt.html
Fri, 09 Jan, 2026 02:30	09 Jan, 2026 02:59	CW	NCCC Sprint		https://ncccsprint.com/rules.html
Fri, 09 Jan, 2026 20:00	09 Jan, 2026 20:59	CW	K1USN’s Slow Speed Test		http://www.k1usn.com/sst_rules.html
Sat, 10 Jan, 2026 05:00	10 Jan, 2026 08:59	CW,SSB	Old New Year Contest	https://ua9qcq.com/results_new.php?testid=5	
Sat, 10 Jan, 2026 12:00	11 Jan, 2026 23:59	CW	SKCC's Weekend Sprintathon		http://www.skccgroup.com/operating_activities/weekend_sprintathon/
Sat, 10 Jan, 2026 18:00	10 Jan, 2026 05:59	CW	North American QSO Party, CW		https://ncjweb.com/naqp/
Sun, 11 Jan, 2026 06:30	11 Jan, 2026 08:29	SSB	NRAU-Baltic Contest SSB		https://nraubaltic.eu/
Sun, 11 Jan, 2026 09:00	11 Jan, 2026 10:59	CW	NRAU-Baltic Contest CW		https://nraubaltic.eu/
Sun, 11 Jan, 2026 09:00	11 Jan, 2026 10:59	CW,SSB	DARC 10m Contest		https://www.darc.de/der-club/referate/conteste/darc-10m-contest/regeln/
Sun, 11 Jan, 2026 13:00	11 Jan, 2026 16:59	RTTY,PSK	RSGB AFS 80m & 40m Data Contest The contest organizers violate the principles of Ham Spirit		https://www.rsgbcc.org/hf/rules/2026/rafs.shtml
Mon, 12 Jan, 2026 00:00	12 Jan, 2026 00:59	CW	K1USN’s Slow Speed Test		http://www.k1usn.com/sst_rules.html
Mon, 12 Jan, 2026 01:00	12 Jan, 2026 02:59	CW,SSB	Four States QRP Group Second Sunday Sprint		http://www.4sqrp.com/SSS/sss_rules.pdf
Mon, 12 Jan, 2026 13:00	12 Jan, 2026 13:59	CW	ICWC Medium Speed Test (Session #1)		https://internationalcwcouncil.org/mst-contest/
Mon, 12 Jan, 2026 16:30	12 Jan, 2026 17:29	CW,SSB	OK1WC Memorial Contest		https://memorial-ok1wc.cz/index.php?page=rules2l
Mon, 12 Jan, 2026 19:00	12 Jan, 2026 19:59	CW	ICWC Medium Speed Test (Session #2)		https://internationalcwcouncil.org/mst-contest/
Tue, 13 Jan, 2026 01:00	13 Jan, 2026 01:59	SSB	Worldwide Sideband Activity Contest		https://wwsac.com/rules.html
Tue, 13 Jan, 2026 03:00	13 Jan, 2026 03:59	CW	ICWC Medium Speed Test (Session #3)		https://internationalcwcouncil.org/mst-contest/
Tue, 13 Jan, 2026 18:00	13 Jan, 2026 19:29	RTTY	DARC RTTY Short Contest		https://www.darc.de/der-club/referate/conteste/rtty-kurz/darc-rtty-contest-english-version/darc-rtty-rules/
Wed, 14 Jan, 2026 02:30	14 Jan, 2026 03:59	SSB	Phone Weekly Test		http://www.perluma.com/Phone_Fray_Contest_Rules.pdf
Wed, 14 Jan, 2026 12:00	14 Jan, 2026 12:59	CW	A1CLUB Weekly Test		https://a1club.org/contest/awt/
Wed, 14 Jan, 2026 13:00	14 Jan, 2026 13:59	CW	Monthly Mini-CWT (Session #1)		https://cwops.org/cwops-tests/
Wed, 14 Jan, 2026 17:00	14 Jan, 2026 17:59	CW	Wednesday mini-contest 40m	https://ua9qcq.com/results_new.php?testid=242	
Wed, 14 Jan, 2026 23:00	15 Jan, 2026 22:59	CW,Phone	AWA Linc Cundall Memorial AM and CW DX Contest (Session #1)		https://www.antiquewireless.org/homepage/linc-cundall-memorial-cw-contest/
Thu, 15 Jan, 2026 03:00	15 Jan, 2026 03:59	CW	Monthly Mini-CWT (Session #3)		https://cwops.org/cwops-tests/
Thu, 15 Jan, 2026 07:00	15 Jan, 2026 07:59	CW	Monthly Mini-CWT (Session #4)		https://cwops.org/cwops-tests/
Thu, 15 Jan, 2026 19:00	15 Jan, 2026 19:59	CW	NTC QSO Party		https://pi4ntc.nl/ntcqp/
Fri, 16 Jan, 2026 01:00	16 Jan, 2026 01:29	FT4/FT8	NCCC FT4 Sprint		https://www.ncccsprint.com/ft4ns.html
Fri, 16 Jan, 2026 01:45	16 Jan, 2026 02:14	RTTY	Weekly RTTY Test		https://radiosport.world/wrt.html
Fri, 16 Jan, 2026 02:30	16 Jan, 2026 02:59	CW	NCCC Sprint		https://ncccsprint.com/rules.html
Fri, 16 Jan, 2026 20:00	16 Jan, 2026 20:59	CW	K1USN’s Slow Speed Test		http://www.k1usn.com/sst_rules.html
Sat, 17 Jan, 2026 03:00	17 Jan, 2026 10:59	CW,SSB	"QRP contest-game ""Moroz - Red Nose (FROST)"""		http://qrp.ru/contest/frost/1158-frost-2016-eng
Sat, 17 Jan, 2026 12:00	18 Jan, 2026 11:59	RTTY	PRO Digi Contest		https://proradiocontestclub.com/PDC%20Rules.html
Sat, 17 Jan, 2026 12:00	18 Jan, 2026 11:59	CW,SSB	Hungarian DX Contest		https://www.ha-dx.com/en/contest-rules
Sat, 17 Jan, 2026 13:00	17 Jan, 2026 16:59	SSB	RSGB AFS 80m & 40m SSB Contest The contest organizers violate the principles of Ham Spirit		https://www.rsgbcc.org/hf/rules/2026/rafs.shtml
Sat, 17 Jan, 2026 18:00	18 Jan, 2026 05:59	SSB	North American QSO Party, SSB		https://ncjweb.com/naqp/
Sat, 17 Jan, 2026 20:00	18 Jan, 2026 05:59	Any modes	Low Down Sprint		https://sites.google.com/site/feldhellclub/Home/contests/sprints/low-down-sprint
Sat, 17 Jan, 2026 23:00	18 Jan, 2026 22:59	CW,Phone	AWA Linc Cundall Memorial AM and CW DX Contest (Session #2)		https://www.antiquewireless.org/homepage/linc-cundall-memorial-cw-contest/
Mon, 19 Jan, 2026 00:00	19 Jan, 2026 00:59	CW	K1USN’s Slow Speed Test		http://www.k1usn.com/sst_rules.html
Mon, 19 Jan, 2026 13:00	19 Jan, 2026 13:59	CW	ICWC Medium Speed Test (Session #1)		https://internationalcwcouncil.org/mst-contest/
Mon, 19 Jan, 2026 16:30	19 Jan, 2026 17:29	CW,SSB	OK1WC Memorial Contest		https://memorial-ok1wc.cz/index.php?page=rules2l
Mon, 19 Jan, 2026 19:00	19 Jan, 2026 19:59	CW	ICWC Medium Speed Test (Session #2)		https://internationalcwcouncil.org/mst-contest/
Mon, 19 Jan, 2026 20:00	19 Jan, 2026 21:59	FT4/FT8	RSGB FT4 Contest The contest organizers violate the principles of Ham Spirit		https://www.rsgbcc.org/hf/rules/2026/r80m_ft4.shtml
Tue, 20 Jan, 2026 01:00	20 Jan, 2026 01:59	SSB	Worldwide Sideband Activity Contest		https://wwsac.com/rules.html
Tue, 20 Jan, 2026 03:00	20 Jan, 2026 03:59	CW	ICWC Medium Speed Test (Session #3)		https://internationalcwcouncil.org/mst-contest/
Wed, 21 Jan, 2026 02:30	21 Jan, 2026 03:59	SSB	Phone Weekly Test		http://www.perluma.com/Phone_Fray_Contest_Rules.pdf
Wed, 21 Jan, 2026 12:00	21 Jan, 2026 12:59	CW	A1CLUB Weekly Test		https://a1club.org/contest/awt/
Wed, 21 Jan, 2026 13:00	21 Jan, 2026 13:59	CW	Monthly Mini-CWT (Session #1)		https://cwops.org/cwops-tests/
Wed, 21 Jan, 2026 17:00	21 Jan, 2026 17:59	CW	Wednesday mini-contest 40m	https://ua9qcq.com/results_new.php?testid=242	
Thu, 22 Jan, 2026 01:30	22 Jan, 2026 03:29	CW	NAQCC Straight Key/Bug Sprint		"http://naqcc.info/contests.html
"
Thu, 22 Jan, 2026 03:00	22 Jan, 2026 03:59	CW	Monthly Mini-CWT (Session #3)		https://cwops.org/cwops-tests/
Thu, 22 Jan, 2026 07:00	22 Jan, 2026 07:59	CW	Monthly Mini-CWT (Session #4)		https://cwops.org/cwops-tests/
Fri, 23 Jan, 2026 01:00	23 Jan, 2026 01:29	FT4/FT8	NCCC FT4 Sprint		https://www.ncccsprint.com/ft4ns.html
Fri, 23 Jan, 2026 01:45	23 Jan, 2026 02:14	RTTY	Weekly RTTY Test		https://radiosport.world/wrt.html
Fri, 23 Jan, 2026 02:30	23 Jan, 2026 02:59	CW	NCCC Sprint		https://ncccsprint.com/rules.html
Fri, 23 Jan, 2026 20:00	23 Jan, 2026 20:59	CW	K1USN’s Slow Speed Test		http://www.k1usn.com/sst_rules.html
Sat, 24 Jan, 2026 06:00	25 Jan, 2026 17:59	CW	REF CW Contest		https://concours.r-e-f.org/reglements/actuels/reg_cdfhfdx_en_20250315.pdf
Sat, 24 Jan, 2026 12:00	25 Jan, 2026 11:59	RTTY	BARTG RTTY Sprint The contest organizers violate the principles of Ham Spirit		http://s3.spanglefish.com/s/7850/documents/contests/sprint/rules/current/bartg%20sprint%20rules%202017.pdf
Sat, 24 Jan, 2026 15:00	24 Jan, 2026 15:59	CW,SSB,RTTY	SARL Saturday 40 m Club Contest		https://mysarl.org.za/contest-resources/
Sat, 24 Jan, 2026 16:00	25 Jan, 2026 21:59	Any modes	Winter Field Day		https://www.winterfieldday.com/rules.php
Sat, 24 Jan, 2026 22:00	26 Jan, 2026 21:59	CW	CQ WW 160-Meter Contest CW		https://www.cq160.com/rules.htm
Sun, 25 Jan, 2026 22:00	26 Jan, 2026 09:59	CW,Phone	Australia Day Contest		https://www.wia.org.au/members/contests/australiaday/
Mon, 26 Jan, 2026 00:00	26 Jan, 2026 00:59	CW	K1USN’s Slow Speed Test		http://www.k1usn.com/sst_rules.html
Mon, 26 Jan, 2026 13:00	26 Jan, 2026 13:59	CW	ICWC Medium Speed Test (Session #1)		https://internationalcwcouncil.org/mst-contest/
Mon, 26 Jan, 2026 13:00	26 Jan, 2026 13:59	CW	QCX Challenge (Session #1)		http://www.qrp-labs.com/party.html
Mon, 26 Jan, 2026 16:30	26 Jan, 2026 17:29	CW,SSB	OK1WC Memorial Contest		https://memorial-ok1wc.cz/index.php?page=rules2l
Mon, 26 Jan, 2026 19:00	26 Jan, 2026 19:59	CW	ICWC Medium Speed Test (Session #2)		https://internationalcwcouncil.org/mst-contest/
Mon, 26 Jan, 2026 19:00	26 Jan, 2026 19:59	CW	QCX Challenge (Session #2)		http://www.qrp-labs.com/party.html
Tue, 27 Jan, 2026 01:00	27 Jan, 2026 01:59	SSB	Worldwide Sideband Activity Contest		https://wwsac.com/rules.html
Tue, 27 Jan, 2026 03:00	27 Jan, 2026 03:59	CW	ICWC Medium Speed Test (Session #3)		https://internationalcwcouncil.org/mst-contest/
Tue, 27 Jan, 2026 03:00	27 Jan, 2026 03:59	CW	QCX Challenge (Session #3)		http://www.qrp-labs.com/party.html
Wed, 28 Jan, 2026 00:00	28 Jan, 2026 01:59	CW	Straight Key Sprint		http://www.skccgroup.com/operating_activities/weekday_sprint/
Wed, 28 Jan, 2026 02:30	28 Jan, 2026 03:59	SSB	Phone Weekly Test		http://www.perluma.com/Phone_Fray_Contest_Rules.pdf
Wed, 28 Jan, 2026 12:00	28 Jan, 2026 12:59	CW	A1CLUB Weekly Test		https://a1club.org/contest/awt/
Wed, 28 Jan, 2026 13:00	28 Jan, 2026 13:59	CW	Monthly Mini-CWT (Session #1)		https://cwops.org/cwops-tests/
Wed, 28 Jan, 2026 17:00	28 Jan, 2026 17:59	CW	Wednesday mini-contest 40m	https://ua9qcq.com/results_new.php?testid=242	
Wed, 28 Jan, 2026 20:00	28 Jan, 2026 20:59	CW	UKEICC 80m Contest CW The contest organizers violate the principles of Ham Spirit		https://www.ukeicc.com/80m-rules.php
Thu, 29 Jan, 2026 01:30	29 Jan, 2026 03:29	CW	NAQCC Straight Key/Bug 160m Sprint		"http://naqcc.info/contests.html
"
Thu, 29 Jan, 2026 03:00	29 Jan, 2026 03:59	CW	Monthly Mini-CWT (Session #3)		https://cwops.org/cwops-tests/
Thu, 29 Jan, 2026 07:00	29 Jan, 2026 07:59	CW	Monthly Mini-CWT (Session #4)		https://cwops.org/cwops-tests/
Thu, 29 Jan, 2026 19:00	29 Jan, 2026 19:59	CW	RT3A Memorial Sprint	https://ua9qcq.com/results_new.php?testid=252	
Fri, 30 Jan, 2026 01:45	30 Jan, 2026 02:14	RTTY	Weekly RTTY Test		https://radiosport.world/wrt.html
Fri, 30 Jan, 2026 02:30	30 Jan, 2026 02:59	CW	NCCC Sprint		https://ncccsprint.com/rules.html
Fri, 30 Jan, 2026 13:00	30 Jan, 2026 16:59	SSB	All-Russian HF SSB Competition	https://ua9qcq.com/results_new.php?testid=271	
Sat, 31 Jan, 2026 05:00	31 Jan, 2026 08:59	CW,SSB	Club's Union Contest		
Sat, 31 Jan, 2026 07:00	31 Jan, 2026 08:59	FT4/FT8	FT4 Sprint fast training		http://www.rdrclub.ru/ft4-sprint/1154-ft4-sprint-rules
Sat, 31 Jan, 2026 13:00	01 Feb, 2026 12:59	SSB	UBA DX Contest SSB The contest organizers violate the principles of Ham Spirit		https://www.uba.be/en/hf/contest-rules/uba-dx-contest
Sun, 01 Feb, 2026 00:00	01 Feb, 2026 03:59	SSB	North American SSB Sprint		https://ssbsprint.com/rules/
Sun, 01 Feb, 2026 13:00	01 Feb, 2026 22:59	CW	Marconi Club ARI Loano Slow CW QSO Party		https://www.marconiclub.it/contest1/slow-cw-qso-party/rules-slow-cw-qso-party
Sun, 01 Feb, 2026 16:00	01 Feb, 2026 18:59	CW,SSB	Real Time Contest		https://blog.contestonlinescore.com/real-time-contest-rtc-rules/
Mon, 02 Feb, 2026 00:00	02 Feb, 2026 00:59	CW	K1USN’s Slow Speed Test		http://www.k1usn.com/sst_rules.html
Mon, 02 Feb, 2026 13:00	02 Feb, 2026 13:59	CW	ICWC Medium Speed Test (Session #1)		https://internationalcwcouncil.org/mst-contest/
Mon, 02 Feb, 2026 16:30	02 Feb, 2026 17:29	CW,SSB	OK1WC Memorial Contest		https://memorial-ok1wc.cz/index.php?page=rules2l
Mon, 02 Feb, 2026 19:00	02 Feb, 2026 19:59	CW	ICWC Medium Speed Test (Session #2)		https://internationalcwcouncil.org/mst-contest/
Mon, 02 Feb, 2026 20:00	02 Feb, 2026 21:29	SSB	RSGB 3.5MHz Club Championship Contest SSB The contest organizers violate the principles of Ham Spirit		https://www.rsgbcc.org/hf/rules/2026/r80mcc.shtml
Tue, 03 Feb, 2026 01:00	03 Feb, 2026 01:59	SSB	Worldwide Sideband Activity Contest		https://wwsac.com/rules.html
Tue, 03 Feb, 2026 03:00	03 Feb, 2026 03:59	CW	ICWC Medium Speed Test (Session #3)		https://internationalcwcouncil.org/mst-contest/
Wed, 04 Feb, 2026 02:30	04 Feb, 2026 03:59	SSB	Phone Weekly Test		http://www.perluma.com/Phone_Fray_Contest_Rules.pdf
Wed, 04 Feb, 2026 12:00	04 Feb, 2026 12:59	CW	A1CLUB Weekly Test		https://a1club.org/contest/awt/
Wed, 04 Feb, 2026 13:00	04 Feb, 2026 13:59	CW	Monthly Mini-CWT (Session #1)		https://cwops.org/cwops-tests/
Wed, 04 Feb, 2026 17:00	04 Feb, 2026 17:59	CW	Wednesday mini-contest 40m	https://ua9qcq.com/results_new.php?testid=242	
Wed, 04 Feb, 2026 20:00	04 Feb, 2026 20:59	SSB	UKEICC 80m Contest SSB The contest organizers violate the principles of Ham Spirit		https://www.ukeicc.com/80m-rules.php
Thu, 05 Feb, 2026 03:00	05 Feb, 2026 03:59	CW	Monthly Mini-CWT (Session #3)		https://cwops.org/cwops-tests/
Thu, 05 Feb, 2026 07:00	05 Feb, 2026 07:59	CW	Monthly Mini-CWT (Session #4)		https://cwops.org/cwops-tests/
Thu, 05 Feb, 2026 18:00	05 Feb, 2026 21:59	CW,Phone,Digital	NRAU Activity 10m Contest		https://nrau.net/nrau-contests-in-general/
Thu, 05 Feb, 2026 20:00	05 Feb, 2026 21:59	CW	Straight Key Sprint Europe		http://www.skccgroup.com/operating_activities/skse/
Fri, 06 Feb, 2026 01:00	06 Feb, 2026 01:29	FT4/FT8	NCCC FT4 Sprint		https://www.ncccsprint.com/ft4ns.html
Fri, 06 Feb, 2026 01:45	06 Feb, 2026 02:14	RTTY	Weekly RTTY Test		https://radiosport.world/wrt.html
Fri, 06 Feb, 2026 02:30	06 Feb, 2026 02:59	CW	NCCC Sprint		https://ncccsprint.com/rules.html
Fri, 06 Feb, 2026 14:00	06 Feb, 2026 16:59	CW,SSB	Orenburg Downy Shawl Contest	https://ua9qcq.com/results_new.php?testid=231	
Sat, 07 Feb, 2026 00:00	08 Feb, 2026 20:59	FT4/FT8	LABRE-RS Digi Contest		https://labre-rs.org.br/labre-rs-digi-contest/
Sat, 07 Feb, 2026 00:00	08 Feb, 2026 23:59	Any modes	Vermont QSO Party		http://www.ranv.org/vtqso.html
Sat, 07 Feb, 2026 00:01	08 Feb, 2026 23:58	Phone	10-10 International Winter Phone QSO Party		https://www.ten-ten.org/qso-party-schedule/
Sat, 07 Feb, 2026 12:00	08 Feb, 2026 11:59	CW	F9AA CW Cup		https://www.site.urc.asso.fr/index.php/om-yl/concours/trophee-f9aa
Sat, 07 Feb, 2026 12:00	08 Feb, 2026 11:59	CW,SSB	European Union DX Contest		https://www.eudx-contest.com/rules/
Sat, 07 Feb, 2026 12:00	08 Feb, 2026 23:59	RTTY	Mexico RTTY International Contest		https://rtty.fmre.mx/reglas.html
Sat, 07 Feb, 2026 14:00	07 Feb, 2026 23:59	CW,Phone,Digital	Minnesota QSO Party		https://www.w0aa.org/mnqp-rules/
Sat, 07 Feb, 2026 14:00	07 Feb, 2026 23:59	CW,SSB	FYBO Winter QRP Sprint		https://azscqrpions.org/wp-content/uploads/2018/01/FYBO_General-Near-Forever-Rules.pdf
Sat, 07 Feb, 2026 16:00	08 Feb, 2026 03:59	Any modes	British Columbia QSO Party (Session #1)		http://orcadxcc.org/bcqp_rules.html
Sun, 08 Feb, 2026 00:00	08 Feb, 2026 03:59	CW	North American Sprint, CW		http://ncjweb.com/Sprint-Rules.pdf
Sun, 08 Feb, 2026 16:00	08 Feb, 2026 23:59	Any modes	British Columbia QSO Party (Session #2)		http://orcadxcc.org/bcqp_rules.html
Mon, 09 Feb, 2026 00:00	09 Feb, 2026 00:59	CW	K1USN’s Slow Speed Test		http://www.k1usn.com/sst_rules.html
Mon, 09 Feb, 2026 01:00	09 Feb, 2026 02:59	CW,SSB	Four States QRP Group Second Sunday Sprint		http://www.4sqrp.com/SSS/sss_rules.pdf
Mon, 09 Feb, 2026 13:00	09 Feb, 2026 13:59	CW	ICWC Medium Speed Test (Session #1)		https://internationalcwcouncil.org/mst-contest/
Mon, 09 Feb, 2026 16:30	09 Feb, 2026 17:29	CW,SSB	OK1WC Memorial Contest		https://memorial-ok1wc.cz/index.php?page=rules2l
Mon, 09 Feb, 2026 19:00	09 Feb, 2026 19:59	CW	ICWC Medium Speed Test (Session #2)		https://internationalcwcouncil.org/mst-contest/
Tue, 10 Feb, 2026 01:00	10 Feb, 2026 01:59	SSB	Worldwide Sideband Activity Contest		https://wwsac.com/rules.html
Tue, 10 Feb, 2026 03:00	10 Feb, 2026 03:59	CW	ICWC Medium Speed Test (Session #3)		https://internationalcwcouncil.org/mst-contest/
Tue, 10 Feb, 2026 19:00	10 Feb, 2026 20:29	FT4/FT8	DARC FT4 Contest		https://www.darc.de/der-club/referate/conteste/ft4-contest/ft4-rules/
Wed, 11 Feb, 2026 01:30	11 Feb, 2026 03:29	CW	NAQCC Straight Key/Bug Sprint		"http://naqcc.info/contests.html
"
Wed, 11 Feb, 2026 02:30	11 Feb, 2026 03:59	SSB	Phone Weekly Test		http://www.perluma.com/Phone_Fray_Contest_Rules.pdf
Wed, 11 Feb, 2026 12:00	11 Feb, 2026 12:59	CW	A1CLUB Weekly Test		https://a1club.org/contest/awt/
Wed, 11 Feb, 2026 13:00	11 Feb, 2026 13:59	CW	Monthly Mini-CWT (Session #1)		https://cwops.org/cwops-tests/
Wed, 11 Feb, 2026 17:00	11 Feb, 2026 17:59	CW	Wednesday mini-contest 40m	https://ua9qcq.com/results_new.php?testid=242	
Wed, 11 Feb, 2026 20:00	11 Feb, 2026 21:29	RTTY,PSK	RSGB 3.5MHz Club Championship Contest Data The contest organizers violate the principles of Ham Spirit		https://www.rsgbcc.org/hf/rules/2026/r80mcc.shtml
Thu, 12 Feb, 2026 03:00	12 Feb, 2026 03:59	CW	Monthly Mini-CWT (Session #3)		https://cwops.org/cwops-tests/
Thu, 12 Feb, 2026 07:00	12 Feb, 2026 07:59	CW	Monthly Mini-CWT (Session #4)		https://cwops.org/cwops-tests/
Fri, 13 Feb, 2026 00:00	14 Feb, 2026 23:59	CW,SSB,Digital	YLRL YL-OM Contest		https://ylrl.net/contests/
Fri, 13 Feb, 2026 01:00	13 Feb, 2026 01:29	FT4/FT8	NCCC FT4 Sprint		https://www.ncccsprint.com/ft4ns.html
Fri, 13 Feb, 2026 01:45	13 Feb, 2026 02:14	RTTY	Weekly RTTY Test		https://radiosport.world/wrt.html
Fri, 13 Feb, 2026 02:30	13 Feb, 2026 02:59	CW	NCCC Sprint		https://ncccsprint.com/rules.html
Fri, 13 Feb, 2026 20:00	13 Feb, 2026 20:59	CW	K1USN’s Slow Speed Test		http://www.k1usn.com/sst_rules.html
Sat, 14 Feb, 2026 00:00	14 Feb, 2026 23:59	PSK	PODXS 070 Club Valentines Sprint		http://www.podxs070.com/o7o-club-sponsored-contests/valentine-sprint
Sat, 14 Feb, 2026 00:00	15 Feb, 2026 23:59	RTTY	CQ WPX RTTY Contest		https://cqwpxrtty.com/rules.htm
Sat, 14 Feb, 2026 12:00	15 Feb, 2026 11:59	CW	KCJ Top Band Contest		https://kcj-cw.com/e_index.htm
Sat, 14 Feb, 2026 12:00	15 Feb, 2026 11:59	CW,SSB	PACC Contest		https://www.veron.nl/vereniging/commissies-en-werkgroepen/traffic-bureau/hf-contesten/pacc-contest/
Sat, 14 Feb, 2026 12:00	15 Feb, 2026 23:59	CW	SKCC's Weekend Sprintathon		http://www.skccgroup.com/operating_activities/weekend_sprintathon/
Sat, 14 Feb, 2026 15:00	15 Feb, 2026 14:59	SSB	OMISS QSO Party		
Sat, 14 Feb, 2026 20:00	14 Feb, 2026 22:59	CW	RSGB 1.8MHz Contest The contest organizers violate the principles of Ham Spirit		https://www.rsgbcc.org/hf/rules/2026/r160m.shtml
Sun, 15 Feb, 2026 13:00	15 Feb, 2026 16:59	CW,SSB	Balkan HF Contest		
Mon, 16 Feb, 2026 00:00	16 Feb, 2026 00:59	CW	K1USN’s Slow Speed Test		http://www.k1usn.com/sst_rules.html
Mon, 16 Feb, 2026 13:00	16 Feb, 2026 13:59	CW	ICWC Medium Speed Test (Session #1)		https://internationalcwcouncil.org/mst-contest/
Mon, 16 Feb, 2026 16:30	16 Feb, 2026 17:29	CW,SSB	OK1WC Memorial Contest		https://memorial-ok1wc.cz/index.php?page=rules2l
Mon, 16 Feb, 2026 19:00	16 Feb, 2026 19:59	CW	ICWC Medium Speed Test (Session #2)		https://internationalcwcouncil.org/mst-contest/
Tue, 17 Feb, 2026 01:00	17 Feb, 2026 01:59	SSB	Worldwide Sideband Activity Contest		https://wwsac.com/rules.html
Tue, 17 Feb, 2026 03:00	17 Feb, 2026 03:59	CW	ICWC Medium Speed Test (Session #3)		https://internationalcwcouncil.org/mst-contest/
Wed, 18 Feb, 2026 02:30	18 Feb, 2026 03:59	SSB	Phone Weekly Test		http://www.perluma.com/Phone_Fray_Contest_Rules.pdf
Wed, 18 Feb, 2026 12:00	18 Feb, 2026 12:59	CW	A1CLUB Weekly Test		https://a1club.org/contest/awt/
Wed, 18 Feb, 2026 13:00	18 Feb, 2026 13:59	CW	Monthly Mini-CWT (Session #1)		https://cwops.org/cwops-tests/
Wed, 18 Feb, 2026 17:00	18 Feb, 2026 17:59	CW	Wednesday mini-contest 40m	https://ua9qcq.com/results_new.php?testid=242	
Thu, 19 Feb, 2026 03:00	19 Feb, 2026 03:59	CW	Monthly Mini-CWT (Session #3)		https://cwops.org/cwops-tests/
Thu, 19 Feb, 2026 07:00	19 Feb, 2026 07:59	CW	Monthly Mini-CWT (Session #4)		https://cwops.org/cwops-tests/
Thu, 19 Feb, 2026 19:00	19 Feb, 2026 19:59	CW	NTC QSO Party		https://pi4ntc.nl/ntcqp/
Fri, 20 Feb, 2026 01:00	20 Feb, 2026 01:29	FT4/FT8	NCCC FT4 Sprint		https://www.ncccsprint.com/ft4ns.html
Fri, 20 Feb, 2026 01:45	20 Feb, 2026 02:14	RTTY	Weekly RTTY Test		https://radiosport.world/wrt.html
Fri, 20 Feb, 2026 02:30	20 Feb, 2026 02:59	CW	NCCC Sprint		https://ncccsprint.com/rules.html
Fri, 20 Feb, 2026 20:00	20 Feb, 2026 20:59	CW	K1USN’s Slow Speed Test		http://www.k1usn.com/sst_rules.html
Sat, 21 Feb, 2026 00:00	22 Feb, 2026 23:59	CW	ARRL International DX Contest CW		http://www.arrl.org/arrl-dx
Sat, 21 Feb, 2026 06:00	22 Feb, 2026 17:59	SSB	REF SSB Contest		https://concours.r-e-f.org/reglements/actuels/reg_cdfhfdx_en_20250315.pdf
Sat, 21 Feb, 2026 12:00	22 Feb, 2026 11:59	BPSK	Russian WW PSK Contest	https://ua9qcq.com/results_new.php?testid=121	
Sun, 22 Feb, 2026 00:00	22 Feb, 2026 23:59	CW,SSB	World Wide Argentina DX Contest		https://worldwideargentina.com.ar/?page_id=1100
Sun, 22 Feb, 2026 14:00	22 Feb, 2026 16:59	CW	HSC Contest		http://www.highspeedclub.org/
Sun, 22 Feb, 2026 14:00	23 Feb, 2026 07:59		Classic Exchange (Phone Round, Session #1)		http://www.classicexchange.org/announcments/CX_Rules.pdf
Mon, 23 Feb, 2026 00:00	23 Feb, 2026 00:59	CW	K1USN’s Slow Speed Test		http://www.k1usn.com/sst_rules.html
Mon, 23 Feb, 2026 13:00	23 Feb, 2026 13:59	CW	ICWC Medium Speed Test (Session #1)		https://internationalcwcouncil.org/mst-contest/
Mon, 23 Feb, 2026 13:00	23 Feb, 2026 13:59	CW	QCX Challenge (Session #1)		http://www.qrp-labs.com/party.html
Mon, 23 Feb, 2026 16:30	23 Feb, 2026 17:29	CW,SSB	OK1WC Memorial Contest		https://memorial-ok1wc.cz/index.php?page=rules2l
Mon, 23 Feb, 2026 19:00	23 Feb, 2026 19:59	CW	ICWC Medium Speed Test (Session #2)		https://internationalcwcouncil.org/mst-contest/
Mon, 23 Feb, 2026 19:00	23 Feb, 2026 19:59	CW	QCX Challenge (Session #2)		http://www.qrp-labs.com/party.html
Mon, 23 Feb, 2026 20:00	23 Feb, 2026 21:59	FT4/FT8	RSGB FT4 Contest The contest organizers violate the principles of Ham Spirit		https://www.rsgbcc.org/hf/rules/2026/r80m_ft4.shtml
Tue, 24 Feb, 2026 01:00	24 Feb, 2026 01:59	SSB	Worldwide Sideband Activity Contest		https://wwsac.com/rules.html
Tue, 24 Feb, 2026 03:00	24 Feb, 2026 03:59	CW	ICWC Medium Speed Test (Session #3)		https://internationalcwcouncil.org/mst-contest/
Tue, 24 Feb, 2026 03:00	24 Feb, 2026 03:59	CW	QCX Challenge (Session #3)		http://www.qrp-labs.com/party.html
Tue, 24 Feb, 2026 14:00	25 Feb, 2026 07:59		Classic Exchange (Phone Round, Session #2)		http://www.classicexchange.org/announcments/CX_Rules.pdf
Wed, 25 Feb, 2026 02:30	25 Feb, 2026 03:59	SSB	Phone Weekly Test		http://www.perluma.com/Phone_Fray_Contest_Rules.pdf
Wed, 25 Feb, 2026 12:00	25 Feb, 2026 12:59	CW	A1CLUB Weekly Test		https://a1club.org/contest/awt/
Wed, 25 Feb, 2026 13:00	25 Feb, 2026 13:59	CW	Monthly Mini-CWT (Session #1)		https://cwops.org/cwops-tests/
Wed, 25 Feb, 2026 17:00	25 Feb, 2026 17:59	CW	Wednesday mini-contest 40m	https://ua9qcq.com/results_new.php?testid=242	
Wed, 25 Feb, 2026 20:00	25 Feb, 2026 20:59	CW	UKEICC 80m Contest CW The contest organizers violate the principles of Ham Spirit		https://www.ukeicc.com/80m-rules.php
Thu, 26 Feb, 2026 03:00	26 Feb, 2026 03:59	CW	Monthly Mini-CWT (Session #3)		https://cwops.org/cwops-tests/
Thu, 26 Feb, 2026 07:00	26 Feb, 2026 07:59	CW	Monthly Mini-CWT (Session #4)		https://cwops.org/cwops-tests/
Thu, 26 Feb, 2026 20:00	26 Feb, 2026 21:29	CW	RSGB 3.5MHz Club Championship Contest CW The contest organizers violate the principles of Ham Spirit		https://www.rsgbcc.org/hf/rules/2026/r80mcc.shtml
Fri, 27 Feb, 2026 01:00	27 Feb, 2026 01:29	FT4/FT8	NCCC FT4 Sprint		https://www.ncccsprint.com/ft4ns.html
Fri, 27 Feb, 2026 01:45	27 Feb, 2026 02:14	RTTY	Weekly RTTY Test		https://radiosport.world/wrt.html
Fri, 27 Feb, 2026 02:30	27 Feb, 2026 02:59	CW	NCCC Sprint		https://ncccsprint.com/rules.html
Fri, 27 Feb, 2026 20:00	27 Feb, 2026 20:59	CW	K1USN’s Slow Speed Test		http://www.k1usn.com/sst_rules.html
Fri, 27 Feb, 2026 22:00	01 March, 2026 21:59	SSB	CQ WW 160-Meter Contest SSB		https://www.cq160.com/rules.htm
Sat, 28 Feb, 2026 13:00	01 March, 2026 12:59	CW	UBA DX CW Contest The contest organizers violate the principles of Ham Spirit		https://www.uba.be/en/hf/contest-rules
Sat, 28 Feb, 2026 15:00	01 March, 2026 01:59	CW,Phone,Digital	South Carolina QSO Party		
Sat, 28 Feb, 2026 18:00	01 March, 2026 05:59	RTTY	North American QSO Party, RTTY		https://ncjweb.com/naqp/
Sun, 01 March, 2026 07:00	01 March, 2026 10:59	CW	UBA Spring Contest CW The contest organizers violate the principles of Ham Spirit		https://www.uba.be/en/hf/contest-rules/spring-contest-dst
Sun, 01 March, 2026 12:00	01 March, 2026 15:59	CW,SSB,Digital	NSARA Contest (Session #1)		http://nsara.ca/
Sun, 01 March, 2026 18:00	01 March, 2026 21:59	CW,SSB,Digital	NSARA Contest (Session #2)		http://nsara.ca/
Sun, 01 March, 2026 18:00	01 March, 2026 21:59	SSB	WAB 3.5 MHz Phone Contest		http://wab.intermip.net/Contest%20Rules.php
Mon, 02 March, 2026 00:00	02 March, 2026 00:59	CW	K1USN’s Slow Speed Test		http://www.k1usn.com/sst_rules.html
Mon, 02 March, 2026 13:00	02 March, 2026 13:59	CW	ICWC Medium Speed Test (Session #1)		https://internationalcwcouncil.org/mst-contest/
Mon, 02 March, 2026 16:30	02 March, 2026 17:29	CW,SSB	OK1WC Memorial Contest		https://memorial-ok1wc.cz/index.php?page=rules2l
Mon, 02 March, 2026 19:00	02 March, 2026 19:59	CW	ICWC Medium Speed Test (Session #2)		https://internationalcwcouncil.org/mst-contest/
Mon, 02 March, 2026 20:00	02 March, 2026 21:29	RTTY,PSK	RSGB 3.5MHz Club Championship Contest Data The contest organizers violate the principles of Ham Spirit		https://www.rsgbcc.org/hf/rules/2026/r80mcc.shtml
Tue, 03 March, 2026 01:00	03 March, 2026 01:59	SSB	Worldwide Sideband Activity Contest		https://wwsac.com/rules.html
Tue, 03 March, 2026 03:00	03 March, 2026 03:59	CW	ICWC Medium Speed Test (Session #3)		https://internationalcwcouncil.org/mst-contest/
Wed, 04 March, 2026 02:30	04 March, 2026 03:59	SSB	Phone Weekly Test		http://www.perluma.com/Phone_Fray_Contest_Rules.pdf
Wed, 04 March, 2026 12:00	04 March, 2026 12:59	CW	A1CLUB Weekly Test		https://a1club.org/contest/awt/
Wed, 04 March, 2026 13:00	04 March, 2026 13:59	CW	Monthly Mini-CWT (Session #1)		https://cwops.org/cwops-tests/
Wed, 04 March, 2026 17:00	04 March, 2026 17:59	CW	Wednesday mini-contest 40m	https://ua9qcq.com/results_new.php?testid=242	
Wed, 04 March, 2026 20:00	04 March, 2026 20:59	SSB	UKEICC 80m Contest SSB The contest organizers violate the principles of Ham Spirit		https://www.ukeicc.com/80m-rules.php
Thu, 05 March, 2026 03:00	05 March, 2026 03:59	CW	Monthly Mini-CWT (Session #3)		https://cwops.org/cwops-tests/
Thu, 05 March, 2026 07:00	05 March, 2026 07:59	CW	Monthly Mini-CWT (Session #4)		https://cwops.org/cwops-tests/
Thu, 05 March, 2026 18:00	05 March, 2026 21:59	CW,Phone,Digital	NRAU Activity 10m Contest		https://nrau.net/nrau-contests-in-general/
Thu, 05 March, 2026 20:00	05 March, 2026 21:59	CW	Straight Key Sprint Europe		http://www.skccgroup.com/operating_activities/skse/
Fri, 06 March, 2026 01:00	06 March, 2026 01:29	FT4/FT8	NCCC FT4 Sprint		https://www.ncccsprint.com/ft4ns.html
Fri, 06 March, 2026 01:45	06 March, 2026 02:14	RTTY	Weekly RTTY Test		https://radiosport.world/wrt.html
Fri, 06 March, 2026 02:30	06 March, 2026 02:59	CW	NCCC Sprint		https://ncccsprint.com/rules.html
Fri, 06 March, 2026 20:00	06 March, 2026 20:59	CW	K1USN’s Slow Speed Test		http://www.k1usn.com/sst_rules.html
Sat, 07 March, 2026 00:00	08 March, 2026 23:59	SSB	ARRL International DX Contest SSB		http://www.arrl.org/arrl-dx
Sat, 07 March, 2026 06:00	07 March, 2026 07:59	CW	Wake-Up! QRP Sprint		http://qrp.ru/contest/wakeup/333-wakeup-eng
Sat, 07 March, 2026 07:00	07 March, 2026 10:59	CW,SSB	Russian YL/OM Contest	https://ua9qcq.com/results_new.php?testid=175	
Sun, 08 March, 2026 07:00	08 March, 2026 16:59	CW	FIRAC HF CW Contest		http://www.firac.de/FIRAC_HF_CONTEST_E.pdf
Sun, 08 March, 2026 08:00	08 March, 2026 13:59	RTTY	Open Ukraine RTTY Championship (HF Round)		http://krs.ho.ua/openrtty/
Sun, 08 March, 2026 13:00	09 March, 2026 06:59		Classic Exchange (CW Round, Session #1)		http://www.classicexchange.org/announcments/CX_Rules.pdf
Mon, 09 March, 2026 00:00	09 March, 2026 00:59	CW	K1USN’s Slow Speed Test		http://www.k1usn.com/sst_rules.html
Mon, 09 March, 2026 01:00	09 March, 2026 02:59	CW,SSB	Four States QRP Group Second Sunday Sprint		http://www.4sqrp.com/SSS/sss_rules.pdf
Mon, 09 March, 2026 13:00	09 March, 2026 13:59	CW	ICWC Medium Speed Test (Session #1)		https://internationalcwcouncil.org/mst-contest/
Mon, 09 March, 2026 16:30	09 March, 2026 17:29	CW,SSB	OK1WC Memorial Contest		https://memorial-ok1wc.cz/index.php?page=rules2l
Mon, 09 March, 2026 19:00	09 March, 2026 19:59	CW	ICWC Medium Speed Test (Session #2)		https://internationalcwcouncil.org/mst-contest/
Tue, 10 March, 2026 01:00	10 March, 2026 01:59	SSB	Worldwide Sideband Activity Contest		https://wwsac.com/rules.html
Tue, 10 March, 2026 03:00	10 March, 2026 03:59	CW	ICWC Medium Speed Test (Session #3)		https://internationalcwcouncil.org/mst-contest/
Tue, 10 March, 2026 13:00	11 March, 2026 06:59		Classic Exchange (CW Round, Session #2)		http://www.classicexchange.org/announcments/CX_Rules.pdf
Tue, 10 March, 2026 18:00	10 March, 2026 18:59	CW	DARC CW-Training Contest		https://www.darc.de/der-club/referate/conteste/cwa/darc-cw-training-rules/
Wed, 11 March, 2026 02:30	11 March, 2026 03:59	SSB	Phone Weekly Test		http://www.perluma.com/Phone_Fray_Contest_Rules.pdf
Wed, 11 March, 2026 12:00	11 March, 2026 12:59	CW	A1CLUB Weekly Test		https://a1club.org/contest/awt/
Wed, 11 March, 2026 13:00	11 March, 2026 13:59	CW	Monthly Mini-CWT (Session #1)		https://cwops.org/cwops-tests/
Wed, 11 March, 2026 17:00	11 March, 2026 17:59	CW	Wednesday mini-contest 40m	https://ua9qcq.com/results_new.php?testid=242	
Wed, 11 March, 2026 20:00	11 March, 2026 21:29	CW	RSGB 3.5MHz Club Championship Contest CW The contest organizers violate the principles of Ham Spirit		https://www.rsgbcc.org/hf/rules/2026/r80mcc.shtml
Thu, 12 March, 2026 03:00	12 March, 2026 03:59	CW	Monthly Mini-CWT (Session #3)		https://cwops.org/cwops-tests/
Thu, 12 March, 2026 07:00	12 March, 2026 07:59	CW	Monthly Mini-CWT (Session #4)		https://cwops.org/cwops-tests/
Thu, 12 March, 2026 19:00	12 March, 2026 20:59	CW,SSB,RTTY	BCC QSO Party		https://www.bavarian-contest-club.de/en/category/bcc-qp-rules/
Fri, 13 March, 2026 01:00	13 March, 2026 01:29	FT4/FT8	NCCC FT4 Sprint		https://www.ncccsprint.com/ft4ns.html
Fri, 13 March, 2026 01:45	13 March, 2026 02:14	RTTY	Weekly RTTY Test		https://radiosport.world/wrt.html
Fri, 13 March, 2026 02:30	13 March, 2026 02:59	CW	NCCC Sprint		https://ncccsprint.com/rules.html
Fri, 13 March, 2026 20:00	13 March, 2026 20:59	CW	K1USN’s Slow Speed Test		http://www.k1usn.com/sst_rules.html
Sat, 14 March, 2026 00:00	14 March, 2026 23:59	RTTY	YB DX RTTY Contest		https://rtty.ybdxcontest.com/
Sat, 14 March, 2026 03:00	14 March, 2026 06:59	CW	UQRQC Contest	https://ua9qcq.com/results_new.php?testid=238	
Sat, 14 March, 2026 12:00	14 March, 2026 16:59	SSB	DIG QSO Party SSB (HF Round)		https://diplom-interessen-gruppe.info/downloads/dig-qso-party-en/
Sat, 14 March, 2026 12:00	15 March, 2026 11:59	BPSK	EA PSK63 Contest		https://concursos.ure.es/en/eapsk63/bases/
Sat, 14 March, 2026 12:00	15 March, 2026 11:59	CW,Phone	South America 10 Meter Contest		http://sa10m.com.ar/wp/rules/
Sat, 14 March, 2026 12:00	15 March, 2026 11:59	SSB	F9AA SSB Cup		https://www.site.urc.asso.fr/index.php/om-yl/concours/trophee-f9aa
Sat, 14 March, 2026 12:00	15 March, 2026 23:59	CW	SKCC's Weekend Sprintathon		http://www.skccgroup.com/operating_activities/weekend_sprintathon/
Sat, 14 March, 2026 15:00	15 March, 2026 01:59	CW,Phone,Digital	Oklahoma QSO Party (Session #1)		http://k5cm.com/okqp.htm
Sat, 14 March, 2026 15:00	15 March, 2026 14:59	CW	Stew Perry Topband Distance Challenge		https://www.kkn.net/stew/stew_rules.html
Sat, 14 March, 2026 18:00	15 March, 2026 05:59	CW	TESLA Memorial HF CW Contest		https://www.radiosport.yu1srs.org.rs/HFTeslaMemorial/index.php/rules
Sat, 14 March, 2026 19:00	15 March, 2026 18:59	CW,Phone,Digital	Idaho QSO Party		https://www.idahoqsoparty.org/
Sat, 14 March, 2026 23:00	16 March, 2026 02:59	CW,Phone	AWA John Rollins Memorial DX CW/AM Contest (Session #1)		https://www.antiquewireless.org/homepage/event-details-for-rollins-dx-event/
Sun, 15 March, 2026 00:00	15 March, 2026 03:59	RTTY	North American Sprint, RTTY		http://ncjweb.com/Sprint-Rules.pdf
Sun, 15 March, 2026 07:00	15 March, 2026 10:59	SSB	DIG QSO Party SSB (LF Round)		https://diplom-interessen-gruppe.info/downloads/dig-qso-party-en/
Sun, 15 March, 2026 10:00	15 March, 2026 21:59	CW,SSB	YOTA Contest		https://yotacontest.mrasz.org/rules-2026/english
Sun, 15 March, 2026 15:00	15 March, 2026 20:59	CW,Phone,Digital	Oklahoma QSO Party (Session #2)		http://k5cm.com/okqp.htm
Sun, 15 March, 2026 18:00	16 March, 2026 00:59	CW,Phone,Digital	Wisconsin QSO Party		http://www.warac.org/wqp/wiqp_rules.htm
Mon, 16 March, 2026 00:00	16 March, 2026 00:59	CW	K1USN’s Slow Speed Test		http://www.k1usn.com/sst_rules.html
Mon, 16 March, 2026 13:00	16 March, 2026 13:59	CW	ICWC Medium Speed Test (Session #1)		https://internationalcwcouncil.org/mst-contest/
Mon, 16 March, 2026 16:30	16 March, 2026 17:29	CW,SSB	OK1WC Memorial Contest		https://memorial-ok1wc.cz/index.php?page=rules2l
Mon, 16 March, 2026 18:00	16 March, 2026 20:59	FT4/FT8	Bucuresti Digital Contest		https://yo3test201x.blogspot.com/
Mon, 16 March, 2026 19:00	16 March, 2026 19:59	CW	ICWC Medium Speed Test (Session #2)		https://internationalcwcouncil.org/mst-contest/
Mon, 16 March, 2026 20:00	16 March, 2026 21:59	FT4/FT8	RSGB FT4 Contest The contest organizers violate the principles of Ham Spirit		https://www.rsgbcc.org/hf/rules/2026/r80m_ft4.shtml
Tue, 17 March, 2026 01:00	17 March, 2026 01:59	SSB	Worldwide Sideband Activity Contest		https://wwsac.com/rules.html
Tue, 17 March, 2026 03:00	17 March, 2026 03:59	CW	ICWC Medium Speed Test (Session #3)		https://internationalcwcouncil.org/mst-contest/
Wed, 18 March, 2026 02:30	18 March, 2026 03:59	SSB	Phone Weekly Test		http://www.perluma.com/Phone_Fray_Contest_Rules.pdf
Wed, 18 March, 2026 12:00	18 March, 2026 12:59	CW	A1CLUB Weekly Test		https://a1club.org/contest/awt/
Wed, 18 March, 2026 13:00	18 March, 2026 13:59	CW	Monthly Mini-CWT (Session #1)		https://cwops.org/cwops-tests/
Wed, 18 March, 2026 17:00	18 March, 2026 17:59	CW	Wednesday mini-contest 40m	https://ua9qcq.com/results_new.php?testid=242	
Wed, 18 March, 2026 20:00	18 March, 2026 20:59	CW,SSB	IRTS 80m Counties Contest		https://www.irts.ie/cgi/st.cgi?r_hfcrules.html
Thu, 19 March, 2026 00:30	19 March, 2026 02:29	CW	NAQCC Straight Key/Bug Sprint		"http://naqcc.info/contests.html
"
Thu, 19 March, 2026 03:00	19 March, 2026 03:59	CW	Monthly Mini-CWT (Session #3)		https://cwops.org/cwops-tests/
Thu, 19 March, 2026 07:00	19 March, 2026 07:59	CW	Monthly Mini-CWT (Session #4)		https://cwops.org/cwops-tests/
Thu, 19 March, 2026 19:00	19 March, 2026 19:59	CW	NTC QSO Party		https://pi4ntc.nl/ntcqp/
Fri, 20 March, 2026 01:00	20 March, 2026 01:29	FT4/FT8	NCCC FT4 Sprint		https://www.ncccsprint.com/ft4ns.html
Fri, 20 March, 2026 01:45	20 March, 2026 02:14	RTTY	Weekly RTTY Test		https://radiosport.world/wrt.html
Fri, 20 March, 2026 02:30	20 March, 2026 02:59	CW	NCCC Sprint		https://ncccsprint.com/rules.html
Fri, 20 March, 2026 13:00	20 March, 2026 16:59	CW	All-Russian HF CW Competition	https://ua9qcq.com/results_new.php?testid=272	
Sat, 21 March, 2026 00:00	21 March, 2026 23:59	PSK	PODXS 070 Club St. Patrick's Day Contest		http://www.podxs070.com/o7o-club-sponsored-contests/saint-patrick-s-day-contest
Sat, 21 March, 2026 02:00	22 March, 2026 01:59	RTTY	BARTG HF RTTY Contest The contest organizers violate the principles of Ham Spirit		http://s3.spanglefish.com/s/7850/documents/contests/hf/rules/current/bartg%20hf%20rules.pdf
Sat, 21 March, 2026 05:00	21 March, 2026 08:59	CW,SSB	Popov Memorial Contest	https://ua9qcq.com/results_new.php?testid=124	
Sat, 21 March, 2026 20:00	21 March, 2026 21:59	Any modes	Leprechaun Sprint		https://sites.google.com/site/feldhellclub/Home/contests/sprints/leprechaun-sprint
Sat, 21 March, 2026 23:00	23 March, 2026 02:59	CW,Phone	AWA John Rollins Memorial DX CW/AM Contest (Session #2)		https://www.antiquewireless.org/homepage/event-details-for-rollins-dx-event/
Sun, 22 March, 2026 07:00	22 March, 2026 10:59	SSB	UBA Spring Contest SSB The contest organizers violate the principles of Ham Spirit		https://www.uba.be/en/hf/contest-rules/spring-contest-dst
Sun, 22 March, 2026 12:00	22 March, 2026 23:59	CW,Phone,Digital	Virginia QSO Party (Session #2)		https://www.qsl.net/sterling/VA_QSO_Party/2025_VQP/2025_VQP_Main.html
Sun, 22 March, 2026 13:00	22 March, 2026 13:59	CW	RCWC 4 Seasons Contest (1 Round)		https://rcwc.ru/3075-rcwc-4-seasons-2025-contest-winter-stage.html
Sun, 22 March, 2026 17:00	22 March, 2026 17:59	CW	RCWC 4 Seasons Contest (2 Round)		https://rcwc.ru/3075-rcwc-4-seasons-2025-contest-winter-stage.html
Sun, 22 March, 2026 20:00	22 March, 2026 20:59	CW	RCWC 4 Seasons Contest (3 Round)		https://rcwc.ru/3075-rcwc-4-seasons-2025-contest-winter-stage.html
Mon, 23 March, 2026 00:00	23 March, 2026 00:59	CW	K1USN’s Slow Speed Test		http://www.k1usn.com/sst_rules.html
Mon, 23 March, 2026 13:00	23 March, 2026 13:59	CW	ICWC Medium Speed Test (Session #1)		https://internationalcwcouncil.org/mst-contest/
Mon, 23 March, 2026 16:30	23 March, 2026 17:29	CW,SSB	OK1WC Memorial Contest		https://memorial-ok1wc.cz/index.php?page=rules2l
Mon, 23 March, 2026 19:00	23 March, 2026 19:59	CW	ICWC Medium Speed Test (Session #2)		https://internationalcwcouncil.org/mst-contest/
Tue, 24 March, 2026 01:00	24 March, 2026 01:59	SSB	Worldwide Sideband Activity Contest		https://wwsac.com/rules.html
Tue, 24 March, 2026 03:00	24 March, 2026 03:59	CW	ICWC Medium Speed Test (Session #3)		https://internationalcwcouncil.org/mst-contest/
Wed, 25 March, 2026 02:30	25 March, 2026 03:59	SSB	Phone Weekly Test		http://www.perluma.com/Phone_Fray_Contest_Rules.pdf
Wed, 25 March, 2026 12:00	25 March, 2026 12:59	CW	A1CLUB Weekly Test		https://a1club.org/contest/awt/
Wed, 25 March, 2026 13:00	25 March, 2026 13:59	CW	Monthly Mini-CWT (Session #1)		https://cwops.org/cwops-tests/
Wed, 25 March, 2026 17:00	25 March, 2026 17:59	CW	Wednesday mini-contest 40m	https://ua9qcq.com/results_new.php?testid=242	
Wed, 25 March, 2026 20:00	25 March, 2026 20:59	CW	UKEICC 80m Contest CW The contest organizers violate the principles of Ham Spirit		https://www.ukeicc.com/80m-rules.php
Thu, 26 March, 2026 00:00	26 March, 2026 23:59	CW	Bill Windle QSO Party		https://g4foc.org/qsoparty/
Thu, 26 March, 2026 03:00	26 March, 2026 03:59	CW	Monthly Mini-CWT (Session #3)		https://cwops.org/cwops-tests/
Thu, 26 March, 2026 07:00	26 March, 2026 07:59	CW	Monthly Mini-CWT (Session #4)		https://cwops.org/cwops-tests/
Thu, 26 March, 2026 20:00	26 March, 2026 21:29	SSB	RSGB 3.5MHz Club Championship Contest SSB The contest organizers violate the principles of Ham Spirit		https://www.rsgbcc.org/hf/rules/2026/r80mcc.shtml
Fri, 27 March, 2026 01:00	27 March, 2026 01:29	FT4/FT8	NCCC FT4 Sprint		https://www.ncccsprint.com/ft4ns.html
Fri, 27 March, 2026 01:45	27 March, 2026 02:14	RTTY	Weekly RTTY Test		https://radiosport.world/wrt.html
Fri, 27 March, 2026 02:30	27 March, 2026 02:59	CW	NCCC Sprint		https://ncccsprint.com/rules.html
Fri, 27 March, 2026 17:00	27 March, 2026 19:59	RTTY	"""MSK Time"" Cup"	https://ua9qcq.com/results_new.php?testid=226	
Sat, 28 March, 2026 00:00	29 March, 2026 23:59	SSB	CQ WW WPX Contest SSB		https://www.cqwpx.com/rules.htm
Mon, 30 March, 2026 00:00	30 March, 2026 00:59	CW	K1USN’s Slow Speed Test		http://www.k1usn.com/sst_rules.html
Mon, 30 March, 2026 13:00	30 March, 2026 13:59	CW	ICWC Medium Speed Test (Session #1)		https://internationalcwcouncil.org/mst-contest/
Mon, 30 March, 2026 13:00	30 March, 2026 13:59	CW	QCX Challenge (Session #1)		http://www.qrp-labs.com/party.html
Mon, 30 March, 2026 16:30	30 March, 2026 17:29	CW,SSB	OK1WC Memorial Contest		https://memorial-ok1wc.cz/index.php?page=rules2l
Mon, 30 March, 2026 19:00	30 March, 2026 19:59	CW	ICWC Medium Speed Test (Session #2)		https://internationalcwcouncil.org/mst-contest/
Mon, 30 March, 2026 19:00	30 March, 2026 19:59	CW	QCX Challenge (Session #2)		http://www.qrp-labs.com/party.html
Tue, 31 March, 2026 01:00	31 March, 2026 01:59	SSB	Worldwide Sideband Activity Contest		https://wwsac.com/rules.html
Tue, 31 March, 2026 03:00	31 March, 2026 03:59	CW	ICWC Medium Speed Test (Session #3)		https://internationalcwcouncil.org/mst-contest/
Tue, 31 March, 2026 03:00	31 March, 2026 03:59	CW	QCX Challenge (Session #3)		http://www.qrp-labs.com/party.html
Wed, 01 Apr, 2026 02:30	01 Apr, 2026 03:59	SSB	Phone Weekly Test		http://www.perluma.com/Phone_Fray_Contest_Rules.pdf
Wed, 01 Apr, 2026 12:00	01 Apr, 2026 12:59	CW	A1CLUB Weekly Test		https://a1club.org/contest/awt/
Wed, 01 Apr, 2026 13:00	01 Apr, 2026 13:59	CW	Monthly Mini-CWT (Session #1)		https://cwops.org/cwops-tests/
Wed, 01 Apr, 2026 17:00	01 Apr, 2026 17:59	CW	Wednesday mini-contest 40m	https://ua9qcq.com/results_new.php?testid=242	
Wed, 01 Apr, 2026 20:00	01 Apr, 2026 20:59	SSB	UKEICC 80m Contest SSB The contest organizers violate the principles of Ham Spirit		https://www.ukeicc.com/80m-rules.php
Thu, 02 Apr, 2026 03:00	02 Apr, 2026 03:59	CW	Monthly Mini-CWT (Session #3)		https://cwops.org/cwops-tests/
Thu, 02 Apr, 2026 07:00	02 Apr, 2026 07:59	CW	Monthly Mini-CWT (Session #4)		https://cwops.org/cwops-tests/
Thu, 02 Apr, 2026 17:00	02 Apr, 2026 19:59	SSB	SARL 80 m QSO Party		https://mysarl.org.za/contest-resources/
Thu, 02 Apr, 2026 18:00	02 Apr, 2026 21:59	CW,Phone,Digital	NRAU Activity 10m Contest		https://nrau.net/nrau-contests-in-general/
Thu, 02 Apr, 2026 19:00	02 Apr, 2026 20:59	CW	Straight Key Sprint Europe		http://www.skccgroup.com/operating_activities/skse/
Fri, 03 Apr, 2026 01:00	03 Apr, 2026 01:29	FT4/FT8	NCCC FT4 Sprint		https://www.ncccsprint.com/ft4ns.html
Fri, 03 Apr, 2026 01:45	03 Apr, 2026 02:14	RTTY	Weekly RTTY Test		https://radiosport.world/wrt.html
Fri, 03 Apr, 2026 02:30	03 Apr, 2026 02:59	CW	NCCC Sprint		https://ncccsprint.com/rules.html
Fri, 03 Apr, 2026 20:00	03 Apr, 2026 20:59	CW	K1USN’s Slow Speed Test		http://www.k1usn.com/sst_rules.html
Sat, 04 Apr, 2026 00:00	04 Apr, 2026 23:59	PSK	PODXS 070 Club New Member Jamboree		https://www.podxs070.com/o7o-club-sponsored-contests/nmj
Sat, 04 Apr, 2026 00:00	05 Apr, 2026 23:59	SSB	YBDXPI SSB Contest		https://contest.ybdxpi.net/ssb/home/
Sat, 04 Apr, 2026 07:00	04 Apr, 2026 10:59	SSB	Youth RF Championatship		
Sat, 04 Apr, 2026 13:30	04 Apr, 2026 15:29	CW,SSB	SARL QRP Contest		https://mysarl.org.za/contest-resources/
Sat, 04 Apr, 2026 14:00	05 Apr, 2026 01:59	CW,Phone,Digital	Louisiana QSO Party		https://laqp.louisianacontestclub.org/laqso-rules-htm/
Sat, 04 Apr, 2026 14:00	05 Apr, 2026 01:59	CW,SSB,Digital	Mississippi QSO Party		https://arrlmiss.org/mississippi-qso-party/
Sat, 04 Apr, 2026 15:00	04 Apr, 2026 14:59	CW,SSB	SP DX Contest		https://spdxcontest.pzk.org.pl/
Mon, 06 Apr, 2026 00:00	06 Apr, 2026 00:59	CW	K1USN’s Slow Speed Test		http://www.k1usn.com/sst_rules.html
Mon, 06 Apr, 2026 13:00	06 Apr, 2026 13:59	CW	ICWC Medium Speed Test (Session #1)		https://internationalcwcouncil.org/mst-contest/
Mon, 06 Apr, 2026 15:00	06 Apr, 2026 17:29	CW,SSB	DARC Easter Contest		https://www.darc.de/der-club/referate/conteste/ostercontest/rules-easter-contest/
Mon, 06 Apr, 2026 16:30	06 Apr, 2026 17:29	CW,SSB	OK1WC Memorial Contest		https://memorial-ok1wc.cz/index.php?page=rules2l
Mon, 06 Apr, 2026 19:00	06 Apr, 2026 19:59	CW	ICWC Medium Speed Test (Session #2)		https://internationalcwcouncil.org/mst-contest/
Tue, 07 Apr, 2026 01:00	07 Apr, 2026 01:59	SSB	Worldwide Sideband Activity Contest		https://wwsac.com/rules.html
Tue, 07 Apr, 2026 03:00	07 Apr, 2026 03:59	CW	ICWC Medium Speed Test (Session #3)		https://internationalcwcouncil.org/mst-contest/
Tue, 07 Apr, 2026 08:00	07 Apr, 2026 08:29	CW,SSB,FT4/FT8	ZL Sprint (CW Round)		https://www.nzart.org.nz/activities/contests/sprints/
Tue, 07 Apr, 2026 08:30	07 Apr, 2026 08:59	CW,SSB,FT4/FT8	ZL Sprint (SSB Round)		https://www.nzart.org.nz/activities/contests/sprints/
Tue, 07 Apr, 2026 09:00	07 Apr, 2026 09:29	CW,SSB,FT4/FT8	ZL Sprint (FT4 Round)		https://www.nzart.org.nz/activities/contests/sprints/
Wed, 08 Apr, 2026 02:30	08 Apr, 2026 03:59	SSB	Phone Weekly Test		http://www.perluma.com/Phone_Fray_Contest_Rules.pdf
Wed, 08 Apr, 2026 12:00	08 Apr, 2026 12:59	CW	A1CLUB Weekly Test		https://a1club.org/contest/awt/
Wed, 08 Apr, 2026 13:00	08 Apr, 2026 13:59	CW	Monthly Mini-CWT (Session #1)		https://cwops.org/cwops-tests/
Wed, 08 Apr, 2026 17:00	08 Apr, 2026 17:59	CW	Wednesday mini-contest 40m	https://ua9qcq.com/results_new.php?testid=242	
Thu, 09 Apr, 2026 03:00	09 Apr, 2026 03:59	CW	Monthly Mini-CWT (Session #3)		https://cwops.org/cwops-tests/
Thu, 09 Apr, 2026 07:00	09 Apr, 2026 07:59	CW	Monthly Mini-CWT (Session #4)		https://cwops.org/cwops-tests/
Fri, 10 Apr, 2026 01:00	10 Apr, 2026 01:29	FT4/FT8	NCCC FT4 Sprint		https://www.ncccsprint.com/ft4ns.html
Fri, 10 Apr, 2026 01:45	10 Apr, 2026 02:14	RTTY	Weekly RTTY Test		https://radiosport.world/wrt.html
Fri, 10 Apr, 2026 02:30	10 Apr, 2026 02:59	CW	NCCC Sprint		https://ncccsprint.com/rules.html
Fri, 10 Apr, 2026 20:00	10 Apr, 2026 20:59	CW	K1USN’s Slow Speed Test		http://www.k1usn.com/sst_rules.html
Sat, 11 Apr, 2026 07:00	12 Apr, 2026 12:59	CW	Japan International DX CW Contest		http://jidx.org/jidxrule-e.html
Sat, 11 Apr, 2026 12:00	11 Apr, 2026 16:59	CW	DIG QSO Party CW (HF Round)		https://diplom-interessen-gruppe.info/downloads/dig-qso-party-en/
Sat, 11 Apr, 2026 12:00	12 Apr, 2026 11:59	SSB	OK-OM DX SSB Contest The contest organizers violate the principles of Ham Spirit		http://okomdx.crk.cz/
Sat, 11 Apr, 2026 12:00	12 Apr, 2026 11:59	CW,SSB	Yuri Gagarin International DX Contest	https://ua9qcq.com/results_new.php?testid=130	
Sat, 11 Apr, 2026 12:00	12 Apr, 2026 17:59	RTTY	IG-RY World Wide RTTY Contest		https://www.ig-ry.de/ig-ry-ww-contest
Sat, 11 Apr, 2026 12:00	12 Apr, 2026 23:59	CW	SKCC's Weekend Sprintathon		http://www.skccgroup.com/operating_activities/weekend_sprintathon/
Sat, 11 Apr, 2026 14:00	12 Apr, 2026 01:59	CW,Phone,Digital	New Mexico QSO Party		http://www.newmexicoqsoparty.org/wp/
Sat, 11 Apr, 2026 14:00	12 Apr, 2026 03:59	CW,Phone,Digital	Missouri QSO Party (Session #1)		https://w0ma.org/index.php/missouri-qso-party
Sat, 11 Apr, 2026 15:00	11 Apr, 2026 17:59	FT4/FT8	Africa FT4 DX Contest		https://mysarl.org.za/contest-resources/
Sat, 11 Apr, 2026 18:00	11 Apr, 2026 03:59	CW,SSB	Georgia QSO Party (Session #1)		https://gaqsoparty.com/georgia-qso-party-rules/
Sat, 11 Apr, 2026 18:00	12 Apr, 2026 17:59	CW,Phone,Digital	North Dakota QSO Party		https://ndarrlsection.com/2025/2025_nd_qso_party_rules.pdf
Sun, 12 Apr, 2026 07:00	12 Apr, 2026 10:59	CW	DIG QSO Party CW (LF Round)		https://diplom-interessen-gruppe.info/downloads/dig-qso-party-en/
Sun, 12 Apr, 2026 14:00	12 Apr, 2026 15:59	CW,SSB	SARL ZS4 QSO Party		https://mysarl.org.za/contest-resources/
Sun, 12 Apr, 2026 14:00	12 Apr, 2026 19:59	CW,Phone,Digital	Missouri QSO Party (Session #2)		https://w0ma.org/index.php/missouri-qso-party
Sun, 12 Apr, 2026 14:00	12 Apr, 2026 23:59	CW,SSB	Georgia QSO Party (Session #2)		https://gaqsoparty.com/georgia-qso-party-rules/
Sun, 12 Apr, 2026 15:00	12 Apr, 2026 15:59	CW	Hungarian Straight Key Contest		https://hskc.ha8kux.com/en/
Mon, 13 Apr, 2026 00:00	13 Apr, 2026 00:59	CW	K1USN’s Slow Speed Test		http://www.k1usn.com/sst_rules.html
Mon, 13 Apr, 2026 01:00	13 Apr, 2026 02:59	CW,SSB	Four States QRP Group Second Sunday Sprint		http://www.4sqrp.com/SSS/sss_rules.pdf
Mon, 13 Apr, 2026 13:00	13 Apr, 2026 13:59	CW	ICWC Medium Speed Test (Session #1)		https://internationalcwcouncil.org/mst-contest/
Mon, 13 Apr, 2026 16:30	13 Apr, 2026 17:29	CW,SSB	OK1WC Memorial Contest		https://memorial-ok1wc.cz/index.php?page=rules2l
Mon, 13 Apr, 2026 19:00	13 Apr, 2026 19:59	CW	ICWC Medium Speed Test (Session #2)		https://internationalcwcouncil.org/mst-contest/
Mon, 13 Apr, 2026 19:00	13 Apr, 2026 20:29	CW	RSGB 3.5MHz Club Championship Contest CW The contest organizers violate the principles of Ham Spirit		https://www.rsgbcc.org/hf/rules/2026/r80mcc.shtml
Tue, 14 Apr, 2026 01:00	14 Apr, 2026 01:59	SSB	Worldwide Sideband Activity Contest		https://wwsac.com/rules.html
Tue, 14 Apr, 2026 03:00	14 Apr, 2026 03:59	CW	ICWC Medium Speed Test (Session #3)		https://internationalcwcouncil.org/mst-contest/
Tue, 14 Apr, 2026 08:00	14 Apr, 2026 08:29	CW,SSB,FT4/FT8	ZL Sprint (CW Round)		https://www.nzart.org.nz/activities/contests/sprints/
Tue, 14 Apr, 2026 08:30	14 Apr, 2026 08:59	CW,SSB,FT4/FT8	ZL Sprint (SSB Round)		https://www.nzart.org.nz/activities/contests/sprints/
Tue, 14 Apr, 2026 09:00	14 Apr, 2026 09:29	CW,SSB,FT4/FT8	ZL Sprint (FT4 Round)		https://www.nzart.org.nz/activities/contests/sprints/
Tue, 14 Apr, 2026 18:00	14 Apr, 2026 19:29	RTTY	DARC RTTY Short Contest		https://www.darc.de/der-club/referate/conteste/rtty-kurz/darc-rtty-contest-english-version/darc-rtty-rules/
Wed, 15 Apr, 2026 00:30	15 Apr, 2026 02:29	CW	NAQCC Straight Key/Bug Sprint		"http://naqcc.info/contests.html
"
Wed, 15 Apr, 2026 02:30	15 Apr, 2026 03:59	SSB	Phone Weekly Test		http://www.perluma.com/Phone_Fray_Contest_Rules.pdf
Wed, 15 Apr, 2026 12:00	15 Apr, 2026 12:59	CW	A1CLUB Weekly Test		https://a1club.org/contest/awt/
Wed, 15 Apr, 2026 13:00	15 Apr, 2026 13:59	CW	Monthly Mini-CWT (Session #1)		https://cwops.org/cwops-tests/
Wed, 15 Apr, 2026 17:00	15 Apr, 2026 17:59	CW	Wednesday mini-contest 40m	https://ua9qcq.com/results_new.php?testid=242	
Thu, 16 Apr, 2026 03:00	16 Apr, 2026 03:59	CW	Monthly Mini-CWT (Session #3)		https://cwops.org/cwops-tests/
Thu, 16 Apr, 2026 07:00	16 Apr, 2026 07:59	CW	Monthly Mini-CWT (Session #4)		https://cwops.org/cwops-tests/
Thu, 16 Apr, 2026 19:00	16 Apr, 2026 19:59	CW	NTC QSO Party		https://pi4ntc.nl/ntcqp/
Fri, 17 Apr, 2026 01:00	17 Apr, 2026 01:29	FT4/FT8	NCCC FT4 Sprint		https://www.ncccsprint.com/ft4ns.html
Fri, 17 Apr, 2026 01:45	17 Apr, 2026 02:14	RTTY	Weekly RTTY Test		https://radiosport.world/wrt.html
Fri, 17 Apr, 2026 02:30	17 Apr, 2026 02:59	CW	NCCC Sprint		https://ncccsprint.com/rules.html
Fri, 17 Apr, 2026 12:00	17 Apr, 2026 23:59	Any modes	Florida State Parks on the Air (Session #1)		http://flspota.org/rules/
Fri, 17 Apr, 2026 16:00	17 Apr, 2026 19:59	CW,SSB	Ural Cup	https://ua9qcq.com/results_new.php?testid=131	
Fri, 17 Apr, 2026 21:00	18 Apr, 2026 20:59	CW,SSB,Digital	World Wide Holyland Contest		https://tools.iarc.org/wwhc/#/rules
Sat, 18 Apr, 2026 00:00	19 Apr, 2026 23:59	Any modes	Texas State Parks on the Air		https://www.tspota.org/
Sat, 18 Apr, 2026 05:00	18 Apr, 2026 08:59	CW,SSB	ES Open HF Championship The contest organizers violate the principles of Ham Spirit		https://www.erau.ee/en/es-open-contests
Sat, 18 Apr, 2026 05:00	18 Apr, 2026 08:59	CW,SSB	Spring Polar Sprint	https://ua9qcq.com/results_new.php?testid=180	
Sat, 18 Apr, 2026 08:00	18 Apr, 2026 17:59	CW,SSB	QRP to the Field		https://www.zianet.com/qrp/qrpttf/pg.html
Sat, 18 Apr, 2026 09:00	19 Apr, 2026 23:59	CW	CQMM DX Contest		http://www.cqmmdx.com/rules/
Sat, 18 Apr, 2026 12:00	18 Apr, 2026 23:59	Any modes	Florida State Parks on the Air (Session #2)		http://flspota.org/rules/
Sat, 18 Apr, 2026 12:00	19 Apr, 2026 11:59	RTTY,FT4/FT8	PACC Digi Contest		https://www.veron.nl/vereniging/commissies-en-werkgroepen/traffic-bureau/hf-contesten/paccdigi-rules/
Sat, 18 Apr, 2026 12:00	19 Apr, 2026 11:59	CW,SSB	World Time Zone Challenge		https://wtzc-contest.com/rules
Sat, 18 Apr, 2026 12:00	19 Apr, 2026 23:59	Any modes	Georgia State Parks on the Air		https://gaparks.org/
Sat, 18 Apr, 2026 16:00	19 Apr, 2026 03:59	CW,SSB	Michigan QSO Party		https://miqp.org/index.php/rules/
Sat, 18 Apr, 2026 17:00	18 Apr, 2026 19:59	CW	EA-QRP CW Contest (Session #1)		https://www.eaqrp.com/index.php/actividades/concurso?id=307
Sat, 18 Apr, 2026 18:00	18 Apr, 2026 21:59	Any modes	Something Old, Something New Sprint		https://sites.google.com/site/feldhellclub/Home/contests/sprints/something-old-something-new-sprint
Sat, 18 Apr, 2026 18:00	19 Apr, 2026 02:59	CW,Phone	Ontario QSO Party (Session #1)		http://www.va3cco.com/oqp/rules.htm
Sat, 18 Apr, 2026 20:00	18 Apr, 2026 22:59	CW	EA-QRP CW Contest (Session #2)		https://www.eaqrp.com/index.php/actividades/concurso?id=307
Sun, 19 Apr, 2026 07:00	19 Apr, 2026 08:59	CW	EA-QRP CW Contest (Session #3)		https://www.eaqrp.com/index.php/actividades/concurso?id=307
Sun, 19 Apr, 2026 07:00	19 Apr, 2026 10:59	CW,Phone	International Vintage Contest HF (Session #1)		https://vintagecontest.webnode.it/residenti/
Sun, 19 Apr, 2026 09:00	19 Apr, 2026 11:59	CW	EA-QRP CW Contest (Session #4)		https://www.eaqrp.com/index.php/actividades/concurso?id=307
Sun, 19 Apr, 2026 12:00	19 Apr, 2026 19:59	CW,Phone	Ontario QSO Party (Session #2)		http://www.va3cco.com/oqp/rules.htm
Sun, 19 Apr, 2026 12:00	19 Apr, 2026 23:59	Any modes	Florida State Parks on the Air (Session #3)		http://flspota.org/rules/
Sun, 19 Apr, 2026 13:00	19 Apr, 2026 23:59	CW,Phone	Quebec QSO Party		https://quebecqsoparty.org/
Sun, 19 Apr, 2026 15:00	19 Apr, 2026 18:59	CW,Phone	International Vintage Contest HF (Session #2)		https://vintagecontest.webnode.it/residenti/
Sun, 19 Apr, 2026 18:00	19 Apr, 2026 23:59	Phone	ARRL Rookie Roundup SSB		http://www.arrl.org/rookie-roundup
Mon, 20 Apr, 2026 00:00	20 Apr, 2026 00:59	CW	K1USN’s Slow Speed Test		http://www.k1usn.com/sst_rules.html
Mon, 20 Apr, 2026 12:00	20 Apr, 2026 23:59	Any modes	Florida State Parks on the Air (Session #4)		http://flspota.org/rules/
Mon, 20 Apr, 2026 13:00	20 Apr, 2026 13:59	CW	ICWC Medium Speed Test (Session #1)		https://internationalcwcouncil.org/mst-contest/
Mon, 20 Apr, 2026 16:30	20 Apr, 2026 17:29	CW,SSB	OK1WC Memorial Contest		https://memorial-ok1wc.cz/index.php?page=rules2l
Mon, 20 Apr, 2026 19:00	20 Apr, 2026 19:59	CW	ICWC Medium Speed Test (Session #2)		https://internationalcwcouncil.org/mst-contest/
Tue, 21 Apr, 2026 01:00	21 Apr, 2026 01:59	SSB	Worldwide Sideband Activity Contest		https://wwsac.com/rules.html
Tue, 21 Apr, 2026 03:00	21 Apr, 2026 03:59	CW	ICWC Medium Speed Test (Session #3)		https://internationalcwcouncil.org/mst-contest/
Tue, 21 Apr, 2026 08:00	21 Apr, 2026 08:29	CW,SSB,FT4/FT8	ZL Sprint (CW Round)		https://www.nzart.org.nz/activities/contests/sprints/
Tue, 21 Apr, 2026 08:30	21 Apr, 2026 08:59	CW,SSB,FT4/FT8	ZL Sprint (SSB Round)		https://www.nzart.org.nz/activities/contests/sprints/
Tue, 21 Apr, 2026 09:00	21 Apr, 2026 09:29	CW,SSB,FT4/FT8	ZL Sprint (FT4 Round)		https://www.nzart.org.nz/activities/contests/sprints/
Wed, 22 Apr, 2026 02:30	22 Apr, 2026 03:59	SSB	Phone Weekly Test		http://www.perluma.com/Phone_Fray_Contest_Rules.pdf
Wed, 22 Apr, 2026 12:00	22 Apr, 2026 12:59	CW	A1CLUB Weekly Test		https://a1club.org/contest/awt/
Wed, 22 Apr, 2026 13:00	22 Apr, 2026 13:59	CW	Monthly Mini-CWT (Session #1)		https://cwops.org/cwops-tests/
Wed, 22 Apr, 2026 17:00	22 Apr, 2026 17:59	CW	Wednesday mini-contest 40m	https://ua9qcq.com/results_new.php?testid=242	
Wed, 22 Apr, 2026 19:00	22 Apr, 2026 20:29	SSB	RSGB 3.5MHz Club Championship Contest SSB The contest organizers violate the principles of Ham Spirit		https://www.rsgbcc.org/hf/rules/2026/r80mcc.shtml
Thu, 23 Apr, 2026 03:00	23 Apr, 2026 03:59	CW	Monthly Mini-CWT (Session #3)		https://cwops.org/cwops-tests/
Thu, 23 Apr, 2026 07:00	23 Apr, 2026 07:59	CW	Monthly Mini-CWT (Session #4)		https://cwops.org/cwops-tests/
Fri, 24 Apr, 2026 01:00	24 Apr, 2026 01:29	FT4/FT8	NCCC FT4 Sprint		https://www.ncccsprint.com/ft4ns.html
Fri, 24 Apr, 2026 01:45	24 Apr, 2026 02:14	RTTY	Weekly RTTY Test		https://radiosport.world/wrt.html
Fri, 24 Apr, 2026 02:30	24 Apr, 2026 02:59	CW	NCCC Sprint		https://ncccsprint.com/rules.html
Fri, 24 Apr, 2026 20:00	24 Apr, 2026 20:59	CW	K1USN’s Slow Speed Test		http://www.k1usn.com/sst_rules.html
Sat, 25 Apr, 2026 07:00	25 Apr, 2026 08:59	FT4/FT8	FT4 Sprint fast training		http://www.rdrclub.ru/ft4-sprint/1154-ft4-sprint-rules
Sat, 25 Apr, 2026 12:00	26 Apr, 2026 11:59	RTTY	SP DX RTTY Contest The contest organizers violate the principles of Ham Spirit		https://pkrvg.org/strona,spdxrttyen.html
Sat, 25 Apr, 2026 12:00	26 Apr, 2026 11:59	CW	UK/EI DX Contest CW The contest organizers violate the principles of Ham Spirit		https://www.rsgbcc.org/hf/rules/2025/ukeidxcw.shtml
Sat, 25 Apr, 2026 13:00	26 Apr, 2026 12:59	CW,SSB,Digital	Helvetia Contest		https://www.uska.ch/en/contest/schweizer-contest-kw/
Sat, 25 Apr, 2026 14:00	27 Apr, 2026 01:59	CW,Phone,Digital	Nebraska QSO Party		https://nebraskaqsoparty.com/qso-party-rules/f/rules-for-2022-nebraska-qso-party
Sat, 25 Apr, 2026 15:00	25 Apr, 2026 15:59	CW,SSB,RTTY	SARL Saturday 40 m Club Contest		https://mysarl.org.za/contest-resources/
Sat, 25 Apr, 2026 16:00	25 Apr, 2026 19:59	CW,SSB	Central, Northwestern, Ural and Volga Federal Districts Championship	https://ua9qcq.com/results_new.php?testid=181	
Sun, 26 Apr, 2026 12:00	26 Apr, 2026 21:59	CW,Phone	Florida QSO Party (Session #2)		http://floridaqsoparty.org/rules/
Sun, 26 Apr, 2026 13:00	26 Apr, 2026 18:59	CW,SSB	UA1DZ Memorial Cup		https://ua1dz.ru/articles.php?article_id=79
Sun, 26 Apr, 2026 17:00	26 Apr, 2026 20:59	RTTY	BARTG RTTY Sprint75 The contest organizers violate the principles of Ham Spirit		http://s3.spanglefish.com/s/7850/documents/contests/sprint75/rules/current/bartg%20sprint%2075%20rules.pdf
Mon, 27 Apr, 2026 00:00	27 Apr, 2026 00:59	CW	K1USN’s Slow Speed Test		http://www.k1usn.com/sst_rules.html
Mon, 27 Apr, 2026 13:00	27 Apr, 2026 13:59	CW	ICWC Medium Speed Test (Session #1)		https://internationalcwcouncil.org/mst-contest/
Mon, 27 Apr, 2026 13:00	27 Apr, 2026 13:59	CW	QCX Challenge (Session #1)		http://www.qrp-labs.com/party.html
Mon, 27 Apr, 2026 16:30	27 Apr, 2026 17:29	CW,SSB	OK1WC Memorial Contest		https://memorial-ok1wc.cz/index.php?page=rules2l
Mon, 27 Apr, 2026 19:00	27 Apr, 2026 19:59	CW	ICWC Medium Speed Test (Session #2)		https://internationalcwcouncil.org/mst-contest/
Mon, 27 Apr, 2026 19:00	27 Apr, 2026 19:59	CW	QCX Challenge (Session #2)		http://www.qrp-labs.com/party.html
Mon, 27 Apr, 2026 19:00	27 Apr, 2026 20:59	FT4/FT8	RSGB FT4 Contest The contest organizers violate the principles of Ham Spirit		https://www.rsgbcc.org/hf/rules/2026/r80m_ft4.shtml
Tue, 28 Apr, 2026 01:00	28 Apr, 2026 01:59	SSB	Worldwide Sideband Activity Contest		https://wwsac.com/rules.html
Tue, 28 Apr, 2026 03:00	28 Apr, 2026 03:59	CW	ICWC Medium Speed Test (Session #3)		https://internationalcwcouncil.org/mst-contest/
Tue, 28 Apr, 2026 03:00	28 Apr, 2026 03:59	CW	QCX Challenge (Session #3)		http://www.qrp-labs.com/party.html
Tue, 28 Apr, 2026 08:00	28 Apr, 2026 08:29	CW,SSB,FT4/FT8	ZL Sprint (CW Round)		https://www.nzart.org.nz/activities/contests/sprints/
Tue, 28 Apr, 2026 08:30	28 Apr, 2026 08:59	CW,SSB,FT4/FT8	ZL Sprint (SSB Round)		https://www.nzart.org.nz/activities/contests/sprints/
Tue, 28 Apr, 2026 09:00	28 Apr, 2026 09:29	CW,SSB,FT4/FT8	ZL Sprint (FT4 Round)		https://www.nzart.org.nz/activities/contests/sprints/
Wed, 29 Apr, 2026 02:30	29 Apr, 2026 03:59	SSB	Phone Weekly Test		http://www.perluma.com/Phone_Fray_Contest_Rules.pdf
Wed, 29 Apr, 2026 12:00	29 Apr, 2026 12:59	CW	A1CLUB Weekly Test		https://a1club.org/contest/awt/
Wed, 29 Apr, 2026 13:00	29 Apr, 2026 13:59	CW	Monthly Mini-CWT (Session #1)		https://cwops.org/cwops-tests/
Wed, 29 Apr, 2026 17:00	29 Apr, 2026 17:59	CW	Wednesday mini-contest 40m	https://ua9qcq.com/results_new.php?testid=242	
Wed, 29 Apr, 2026 20:00	29 Apr, 2026 20:59	CW	UKEICC 80m Contest CW The contest organizers violate the principles of Ham Spirit		https://www.ukeicc.com/80m-rules.php
Thu, 30 Apr, 2026 03:00	30 Apr, 2026 03:59	CW	Monthly Mini-CWT (Session #3)		https://cwops.org/cwops-tests/
Thu, 30 Apr, 2026 07:00	30 Apr, 2026 07:59	CW	Monthly Mini-CWT (Session #4)		https://cwops.org/cwops-tests/
Thu, 30 Apr, 2026 19:00	30 Apr, 2026 20:29	RTTY,PSK	RSGB 3.5MHz Club Championship Contest Data The contest organizers violate the principles of Ham Spirit		https://www.rsgbcc.org/hf/rules/2026/r80mcc.shtml
Fri, 01 May, 2026 01:00	01 May, 2026 01:29	FT4/FT8	NCCC FT4 Sprint		https://www.ncccsprint.com/ft4ns.html
Fri, 01 May, 2026 01:45	01 May, 2026 02:14	RTTY	Weekly RTTY Test		https://radiosport.world/wrt.html
Fri, 01 May, 2026 02:30	01 May, 2026 02:59	CW	NCCC Sprint		https://ncccsprint.com/rules.html
Fri, 01 May, 2026 20:00	01 May, 2026 20:59	CW	K1USN’s Slow Speed Test		http://www.k1usn.com/sst_rules.html
Sat, 02 May, 2026 03:00	02 May, 2026 08:59	CW,SSB	RCC Cup	https://ua9qcq.com/results_new.php?testid=138	
Sat, 02 May, 2026 12:00	03 May, 2026 11:59	PSK	F9AA PSK Cup		https://www.site.urc.asso.fr/index.php/om-yl/concours/trophee-f9aa
Sat, 02 May, 2026 13:00	03 May, 2026 06:59	CW,SSB,Digital	7th Call Area QSO Party		http://ws7n.net/7QP/new/Page.asp?content=rules
Sat, 02 May, 2026 15:00	03 May, 2026 02:59	CW,SSB	Indiana QSO Party		http://www.hdxcc.org/inqp/rules.html
Sat, 02 May, 2026 17:00	03 May, 2026 23:59	CW,Phone,Digital	Delaware QSO Party		https://www.fsarc.org/qsoparty/rules.htm
Sat, 02 May, 2026 20:00	03 May, 2026 04:59	CW,Phone,Digital	New England QSO Party (Session #1)		https://neqp.org/rules/
Sun, 03 May, 2026 10:00	03 May, 2026 13:59	SSB	WAB 7 MHz Phone Contest		http://wab.intermip.net/Contest%20Rules.php
Sun, 03 May, 2026 13:00	03 May, 2026 23:59	CW,Phone,Digital	New England QSO Party (Session #2)		https://neqp.org/rules/
Mon, 04 May, 2026 00:00	04 May, 2026 00:59	CW	K1USN’s Slow Speed Test		http://www.k1usn.com/sst_rules.html
Mon, 04 May, 2026 13:00	04 May, 2026 13:59	CW	ICWC Medium Speed Test (Session #1)		https://internationalcwcouncil.org/mst-contest/
Mon, 04 May, 2026 16:30	04 May, 2026 17:29	CW,SSB	OK1WC Memorial Contest		https://memorial-ok1wc.cz/index.php?page=rules2l
Mon, 04 May, 2026 19:00	04 May, 2026 19:59	CW	ICWC Medium Speed Test (Session #2)		https://internationalcwcouncil.org/mst-contest/
Mon, 04 May, 2026 23:00	05 May, 2026 02:59	CW,Phone	All Mie 33 Contest		https://www.ztv.ne.jp/isoda/33/annual/48/48rule-e.html
Tue, 05 May, 2026 01:00	05 May, 2026 01:59	SSB	Worldwide Sideband Activity Contest		https://wwsac.com/rules.html
Tue, 05 May, 2026 03:00	05 May, 2026 03:59	CW	ICWC Medium Speed Test (Session #3)		https://internationalcwcouncil.org/mst-contest/
Wed, 06 May, 2026 02:30	06 May, 2026 03:59	SSB	Phone Weekly Test		http://www.perluma.com/Phone_Fray_Contest_Rules.pdf
Wed, 06 May, 2026 12:00	06 May, 2026 12:59	CW	A1CLUB Weekly Test		https://a1club.org/contest/awt/
Wed, 06 May, 2026 13:00	06 May, 2026 13:59	CW	Monthly Mini-CWT (Session #1)		https://cwops.org/cwops-tests/
Wed, 06 May, 2026 17:00	06 May, 2026 17:59	CW	Wednesday mini-contest 40m	https://ua9qcq.com/results_new.php?testid=242	
Thu, 07 May, 2026 03:00	07 May, 2026 03:59	CW	Monthly Mini-CWT (Session #3)		https://cwops.org/cwops-tests/
Thu, 07 May, 2026 07:00	07 May, 2026 07:59	CW	Monthly Mini-CWT (Session #4)		https://cwops.org/cwops-tests/
Thu, 07 May, 2026 17:00	07 May, 2026 20:59	CW,Phone,Digital	NRAU Activity 10m Contest		https://nrau.net/nrau-contests-in-general/
Thu, 07 May, 2026 19:00	07 May, 2026 20:59	CW	Straight Key Sprint Europe		http://www.skccgroup.com/operating_activities/skse/
Fri, 08 May, 2026 01:00	08 May, 2026 01:29	FT4/FT8	NCCC FT4 Sprint		https://www.ncccsprint.com/ft4ns.html
Fri, 08 May, 2026 01:45	08 May, 2026 02:14	RTTY	Weekly RTTY Test		https://radiosport.world/wrt.html
Fri, 08 May, 2026 02:30	08 May, 2026 02:59	CW	NCCC Sprint		https://ncccsprint.com/rules.html
Fri, 08 May, 2026 20:00	08 May, 2026 20:59	CW	K1USN’s Slow Speed Test		http://www.k1usn.com/sst_rules.html
Sat, 09 May, 2026 12:00	10 May, 2026 11:59	RTTY	Alessandro Volta RTTY DX Contest		http://www.contestvolta.it/rules.pdf
Sat, 09 May, 2026 12:00	10 May, 2026 11:59	CW,SSB	CQ-M International DX Contest	https://ua9qcq.com/results_new.php?testid=115	
Sat, 09 May, 2026 17:00	10 May, 2026 02:59	CW,Phone	Canadian Prairies QSO Party		https://cpqp.ve6hams.ca/
Mon, 11 May, 2026 00:00	11 May, 2026 00:59	CW	K1USN’s Slow Speed Test		http://www.k1usn.com/sst_rules.html
Mon, 11 May, 2026 01:00	11 May, 2026 02:59	CW,SSB	Four States QRP Group Second Sunday Sprint		http://www.4sqrp.com/SSS/sss_rules.pdf
Mon, 11 May, 2026 13:00	11 May, 2026 13:59	CW	ICWC Medium Speed Test (Session #1)		https://internationalcwcouncil.org/mst-contest/
Mon, 11 May, 2026 16:30	11 May, 2026 17:29	CW,SSB	OK1WC Memorial Contest		https://memorial-ok1wc.cz/index.php?page=rules2l
Mon, 11 May, 2026 19:00	11 May, 2026 19:59	CW	ICWC Medium Speed Test (Session #2)		https://internationalcwcouncil.org/mst-contest/
Mon, 11 May, 2026 19:00	11 May, 2026 20:29	SSB	RSGB 3.5MHz Club Championship Contest SSB The contest organizers violate the principles of Ham Spirit		https://www.rsgbcc.org/hf/rules/2026/r80mcc.shtml
Tue, 12 May, 2026 01:00	12 May, 2026 01:59	SSB	Worldwide Sideband Activity Contest		https://wwsac.com/rules.html
Tue, 12 May, 2026 03:00	12 May, 2026 03:59	CW	ICWC Medium Speed Test (Session #3)		https://internationalcwcouncil.org/mst-contest/
Tue, 12 May, 2026 19:00	12 May, 2026 20:29	FT4/FT8	DARC FT4 Contest		https://www.darc.de/der-club/referate/conteste/ft4-contest/ft4-rules/
Wed, 13 May, 2026 02:30	13 May, 2026 03:59	SSB	Phone Weekly Test		http://www.perluma.com/Phone_Fray_Contest_Rules.pdf
Wed, 13 May, 2026 12:00	13 May, 2026 12:59	CW	A1CLUB Weekly Test		https://a1club.org/contest/awt/
Wed, 13 May, 2026 13:00	13 May, 2026 13:59	CW	Monthly Mini-CWT (Session #1)		https://cwops.org/cwops-tests/
Wed, 13 May, 2026 17:00	13 May, 2026 17:59	CW	Wednesday mini-contest 40m	https://ua9qcq.com/results_new.php?testid=242	
Thu, 14 May, 2026 03:00	14 May, 2026 03:59	CW	Monthly Mini-CWT (Session #3)		https://cwops.org/cwops-tests/
Thu, 14 May, 2026 07:00	14 May, 2026 07:59	CW	Monthly Mini-CWT (Session #4)		https://cwops.org/cwops-tests/
Thu, 14 May, 2026 14:00	14 May, 2026 21:59	CW	QRP-Minimal Art-Session		http://qrpcc.de/contestrules/mas/index.html
Fri, 15 May, 2026 01:00	15 May, 2026 01:29	FT4/FT8	NCCC FT4 Sprint		https://www.ncccsprint.com/ft4ns.html
Fri, 15 May, 2026 01:45	15 May, 2026 02:14	RTTY	Weekly RTTY Test		https://radiosport.world/wrt.html
Fri, 15 May, 2026 02:30	15 May, 2026 02:59	CW	NCCC Sprint		https://ncccsprint.com/rules.html
Fri, 15 May, 2026 20:00	15 May, 2026 20:59	CW	K1USN’s Slow Speed Test		http://www.k1usn.com/sst_rules.html
Sat, 16 May, 2026 06:00	16 May, 2026 20:59	CW,SSB	UN DX Contest	https://ua9qcq.com/results_new.php?testid=142	
Sat, 16 May, 2026 12:00	17 May, 2026 11:59	CW	His Majesty The King of Spain CW Contest		https://concursos.ure.es/en/s-m-el-rey-de-espana-cw/bases/
Sat, 16 May, 2026 12:00	17 May, 2026 11:59	BPSK	EU PSK DX Contest	https://ua9qcq.com/results_new.php?testid=143	
Sat, 16 May, 2026 20:00	16 May, 2026 23:59	Any modes	Hamvention Sprint		https://sites.google.com/site/feldhellclub/Home/contests/sprints/hamvention-sprint
Sun, 17 May, 2026 08:00	17 May, 2026 10:59	CW	Sangster Shield Contest (Session #2)		https://www.nzart.org.nz/activities/contests/sangster-shield
Mon, 18 May, 2026 00:00	18 May, 2026 00:59	CW	K1USN’s Slow Speed Test		http://www.k1usn.com/sst_rules.html
Mon, 18 May, 2026 13:00	18 May, 2026 13:59	CW	ICWC Medium Speed Test (Session #1)		https://internationalcwcouncil.org/mst-contest/
Mon, 18 May, 2026 16:30	18 May, 2026 17:29	CW,SSB	OK1WC Memorial Contest		https://memorial-ok1wc.cz/index.php?page=rules2l
Mon, 18 May, 2026 19:00	18 May, 2026 19:59	CW	ICWC Medium Speed Test (Session #2)		https://internationalcwcouncil.org/mst-contest/
Mon, 18 May, 2026 19:00	18 May, 2026 20:59	FT4/FT8	RSGB FT4 Contest The contest organizers violate the principles of Ham Spirit		https://www.rsgbcc.org/hf/rules/2026/r80m_ft4.shtml
Tue, 19 May, 2026 01:00	19 May, 2026 01:59	SSB	Worldwide Sideband Activity Contest		https://wwsac.com/rules.html
Tue, 19 May, 2026 03:00	19 May, 2026 03:59	CW	ICWC Medium Speed Test (Session #3)		https://internationalcwcouncil.org/mst-contest/
Wed, 20 May, 2026 02:30	20 May, 2026 03:59	SSB	Phone Weekly Test		http://www.perluma.com/Phone_Fray_Contest_Rules.pdf
Wed, 20 May, 2026 12:00	20 May, 2026 12:59	CW	A1CLUB Weekly Test		https://a1club.org/contest/awt/
Wed, 20 May, 2026 13:00	20 May, 2026 13:59	CW	Monthly Mini-CWT (Session #1)		https://cwops.org/cwops-tests/
Wed, 20 May, 2026 17:00	20 May, 2026 17:59	CW	Wednesday mini-contest 40m	https://ua9qcq.com/results_new.php?testid=242	
Wed, 20 May, 2026 19:00	20 May, 2026 20:29	RTTY,PSK	RSGB 3.5MHz Club Championship Contest Data The contest organizers violate the principles of Ham Spirit		https://www.rsgbcc.org/hf/rules/2026/r80mcc.shtml
Thu, 21 May, 2026 00:30	21 May, 2026 02:29	CW	NAQCC Straight Key/Bug Sprint		"http://naqcc.info/contests.html
"
Thu, 21 May, 2026 03:00	21 May, 2026 03:59	CW	Monthly Mini-CWT (Session #3)		https://cwops.org/cwops-tests/
Thu, 21 May, 2026 07:00	21 May, 2026 07:59	CW	Monthly Mini-CWT (Session #4)		https://cwops.org/cwops-tests/
Thu, 21 May, 2026 19:00	21 May, 2026 19:59	CW	NTC QSO Party		https://pi4ntc.nl/ntcqp/
Fri, 22 May, 2026 01:00	22 May, 2026 01:29	FT4/FT8	NCCC FT4 Sprint		https://www.ncccsprint.com/ft4ns.html
Fri, 22 May, 2026 01:45	22 May, 2026 02:14	RTTY	Weekly RTTY Test		https://radiosport.world/wrt.html
Fri, 22 May, 2026 02:30	22 May, 2026 02:59	CW	NCCC Sprint		https://ncccsprint.com/rules.html
Fri, 22 May, 2026 20:00	22 May, 2026 20:59	CW	K1USN’s Slow Speed Test		http://www.k1usn.com/sst_rules.html
Sat, 23 May, 2026 05:00	23 May, 2026 06:59	CW,SSB	Border Guard Day	https://ua9qcq.com/results_new.php?testid=266	
Mon, 25 May, 2026 00:00	25 May, 2026 00:59	CW	K1USN’s Slow Speed Test		http://www.k1usn.com/sst_rules.html
Mon, 25 May, 2026 00:00	25 May, 2026 00:59	CW	QRP ARCI Hoot Owl Shootout Sprint		http://qrparci.org/contest/hoot-owl-sprint
Mon, 25 May, 2026 13:00	25 May, 2026 13:59	CW	ICWC Medium Speed Test (Session #1)		https://internationalcwcouncil.org/mst-contest/
Mon, 25 May, 2026 13:00	25 May, 2026 13:59	CW	QCX Challenge (Session #1)		http://www.qrp-labs.com/party.html
Mon, 25 May, 2026 16:30	25 May, 2026 17:29	CW,SSB	OK1WC Memorial Contest		https://memorial-ok1wc.cz/index.php?page=rules2l
Mon, 25 May, 2026 19:00	25 May, 2026 19:59	CW	ICWC Medium Speed Test (Session #2)		https://internationalcwcouncil.org/mst-contest/
Mon, 25 May, 2026 19:00	25 May, 2026 19:59	CW	QCX Challenge (Session #2)		http://www.qrp-labs.com/party.html
Tue, 26 May, 2026 01:00	26 May, 2026 01:59	SSB	Worldwide Sideband Activity Contest		https://wwsac.com/rules.html
Tue, 26 May, 2026 03:00	26 May, 2026 03:59	CW	ICWC Medium Speed Test (Session #3)		https://internationalcwcouncil.org/mst-contest/
Tue, 26 May, 2026 03:00	26 May, 2026 03:59	CW	QCX Challenge (Session #3)		http://www.qrp-labs.com/party.html
Wed, 27 May, 2026 02:30	27 May, 2026 03:59	SSB	Phone Weekly Test		http://www.perluma.com/Phone_Fray_Contest_Rules.pdf
Wed, 27 May, 2026 12:00	27 May, 2026 12:59	CW	A1CLUB Weekly Test		https://a1club.org/contest/awt/
Wed, 27 May, 2026 13:00	27 May, 2026 13:59	CW	Monthly Mini-CWT (Session #1)		https://cwops.org/cwops-tests/
Wed, 27 May, 2026 17:00	27 May, 2026 17:59	CW	Wednesday mini-contest 40m	https://ua9qcq.com/results_new.php?testid=242	
Thu, 28 May, 2026 03:00	28 May, 2026 03:59	CW	Monthly Mini-CWT (Session #3)		https://cwops.org/cwops-tests/
Thu, 28 May, 2026 07:00	28 May, 2026 07:59	CW	Monthly Mini-CWT (Session #4)		https://cwops.org/cwops-tests/
Thu, 28 May, 2026 19:00	28 May, 2026 20:29	CW	RSGB 3.5MHz Club Championship Contest CW The contest organizers violate the principles of Ham Spirit		https://www.rsgbcc.org/hf/rules/2026/r80mcc.shtml
Fri, 29 May, 2026 01:00	29 May, 2026 01:29	FT4/FT8	NCCC FT4 Sprint		https://www.ncccsprint.com/ft4ns.html
Fri, 29 May, 2026 01:45	29 May, 2026 02:14	RTTY	Weekly RTTY Test		https://radiosport.world/wrt.html
Fri, 29 May, 2026 02:30	29 May, 2026 02:59	CW	NCCC Sprint		https://ncccsprint.com/rules.html
Fri, 29 May, 2026 20:00	29 May, 2026 20:59	CW	K1USN’s Slow Speed Test		http://www.k1usn.com/sst_rules.html
Sat, 30 May, 2026 00:00	31 May, 2026 23:59	CW	CQ WW WPX Contest CW		https://www.cqwpx.com/rules.htm
Sun, 31 May, 2026 05:00	31 May, 2026 16:59	SSB	Romanian Diaspora SSB Contest		https://concursdiaspora.ro/en/regulament
Mon, 01 June, 2026 00:00	01 June, 2026 00:59	CW	K1USN’s Slow Speed Test		http://www.k1usn.com/sst_rules.html
Mon, 01 June, 2026 13:00	01 June, 2026 13:59	CW	ICWC Medium Speed Test (Session #1)		https://internationalcwcouncil.org/mst-contest/
Mon, 01 June, 2026 16:30	01 June, 2026 17:29	CW,SSB	OK1WC Memorial Contest		https://memorial-ok1wc.cz/index.php?page=rules2l
Mon, 01 June, 2026 19:00	01 June, 2026 19:59	CW	ICWC Medium Speed Test (Session #2)		https://internationalcwcouncil.org/mst-contest/
Mon, 01 June, 2026 19:00	01 June, 2026 20:29	RTTY,PSK	RSGB 3.5MHz Club Championship Contest Data The contest organizers violate the principles of Ham Spirit		https://www.rsgbcc.org/hf/rules/2026/r80mcc.shtml
Tue, 02 June, 2026 01:00	02 June, 2026 01:59	SSB	Worldwide Sideband Activity Contest		https://wwsac.com/rules.html
Tue, 02 June, 2026 03:00	02 June, 2026 03:59	CW	ICWC Medium Speed Test (Session #3)		https://internationalcwcouncil.org/mst-contest/
Wed, 03 June, 2026 02:30	03 June, 2026 03:59	SSB	Phone Weekly Test		http://www.perluma.com/Phone_Fray_Contest_Rules.pdf
Wed, 03 June, 2026 12:00	03 June, 2026 12:59	CW	A1CLUB Weekly Test		https://a1club.org/contest/awt/
Wed, 03 June, 2026 13:00	03 June, 2026 13:59	CW	Monthly Mini-CWT (Session #1)		https://cwops.org/cwops-tests/
Wed, 03 June, 2026 17:00	03 June, 2026 17:59	CW	Wednesday mini-contest 40m	https://ua9qcq.com/results_new.php?testid=242	
Thu, 04 June, 2026 03:00	04 June, 2026 03:59	CW	Monthly Mini-CWT (Session #3)		https://cwops.org/cwops-tests/
Thu, 04 June, 2026 07:00	04 June, 2026 07:59	CW	Monthly Mini-CWT (Session #4)		https://cwops.org/cwops-tests/
Thu, 04 June, 2026 17:00	04 June, 2026 20:59	CW,Phone,Digital	NRAU Activity 10m Contest		https://nrau.net/nrau-contests-in-general/
Thu, 04 June, 2026 19:00	04 June, 2026 20:59	CW	Straight Key Sprint Europe		http://www.skccgroup.com/operating_activities/skse/
Fri, 05 June, 2026 01:00	05 June, 2026 01:29	FT4/FT8	NCCC FT4 Sprint		https://www.ncccsprint.com/ft4ns.html
Fri, 05 June, 2026 01:45	05 June, 2026 02:14	RTTY	Weekly RTTY Test		https://radiosport.world/wrt.html
Fri, 05 June, 2026 02:30	05 June, 2026 02:59	CW	NCCC Sprint		https://ncccsprint.com/rules.html
Fri, 05 June, 2026 19:00	05 June, 2026 19:59	CW	HA3NS Sprint Memorial Contest		https://radioamator.honlapepites.hu/?p=1280
Fri, 05 June, 2026 20:00	05 June, 2026 20:59	CW	K1USN’s Slow Speed Test		http://www.k1usn.com/sst_rules.html
Sat, 06 June, 2026 00:00	06 June, 2026 23:59	CW,SSB	VK Shires Contest		https://www.wia.org.au/members/contests/wavks/
Sat, 06 June, 2026 00:00	08 June, 2026 23:59	PSK	PODXS 070 Club Three Day Weekend		http://www.podxs070.com/o7o-club-sponsored-contests/three-day-weekend
Sat, 06 June, 2026 02:00	06 June, 2026 14:59	CW	Tisza Cup		https://www.tiszacup.eu/index.php/en/contest-rules
Sat, 06 June, 2026 06:00	06 June, 2026 07:59	CW	Wake-Up! QRP Sprint		http://qrp.ru/contest/wakeup/333-wakeup-eng
Sat, 06 June, 2026 13:00	07 June, 2026 00:59	CW,SSB,RTTY	Kentucky QSO Party		http://kyqsoparty.org/rules/
Sat, 06 June, 2026 15:00	07 June, 2026 14:59	CW	RCC Field Day CW	https://ua9qcq.com/results_new.php?testid=147	
Sat, 06 June, 2026 15:00	07 June, 2026 14:59	CW	RSGB Field Day Contest CW The contest organizers violate the principles of Ham Spirit		https://www.rsgbcc.org/hf/rules/2026/rnfd.shtml
Sat, 06 June, 2026 15:00	07 June, 2026 14:59	CW	IRTS HF Field Day CW		https://www.irts.ie/cgi/st.cgi?r_hffdrules.html
Sat, 06 June, 2026 18:00	07 June, 2026 23:59	Digital	ARRL International DX Contest Digital		https://www.arrl.org/arrl-digital-contest
Sun, 07 June, 2026 14:00	08 June, 2026 00:59	CW,SSB	Atlantic Canada QSO Party		https://www.acqp.ca/
Mon, 08 June, 2026 00:00	08 June, 2026 00:59	CW	K1USN’s Slow Speed Test		http://www.k1usn.com/sst_rules.html
Mon, 08 June, 2026 13:00	08 June, 2026 13:59	CW	ICWC Medium Speed Test (Session #1)		https://internationalcwcouncil.org/mst-contest/
Mon, 08 June, 2026 16:30	08 June, 2026 17:29	CW,SSB	OK1WC Memorial Contest		https://memorial-ok1wc.cz/index.php?page=rules2l
Mon, 08 June, 2026 19:00	08 June, 2026 19:59	CW	ICWC Medium Speed Test (Session #2)		https://internationalcwcouncil.org/mst-contest/
Tue, 09 June, 2026 01:00	09 June, 2026 01:59	SSB	Worldwide Sideband Activity Contest		https://wwsac.com/rules.html
Tue, 09 June, 2026 03:00	09 June, 2026 03:59	CW	ICWC Medium Speed Test (Session #3)		https://internationalcwcouncil.org/mst-contest/
Tue, 09 June, 2026 18:00	09 June, 2026 18:59	CW	DARC CW-Training Contest		https://www.darc.de/der-club/referate/conteste/cwa/darc-cw-training-rules/
Wed, 10 June, 2026 00:30	10 June, 2026 02:29	CW	NAQCC Straight Key/Bug Sprint		"http://naqcc.info/contests.html
"
Wed, 10 June, 2026 02:30	10 June, 2026 03:59	SSB	Phone Weekly Test		http://www.perluma.com/Phone_Fray_Contest_Rules.pdf
Wed, 10 June, 2026 12:00	10 June, 2026 12:59	CW	A1CLUB Weekly Test		https://a1club.org/contest/awt/
Wed, 10 June, 2026 13:00	10 June, 2026 13:59	CW	Monthly Mini-CWT (Session #1)		https://cwops.org/cwops-tests/
Wed, 10 June, 2026 17:00	10 June, 2026 17:59	CW	Wednesday mini-contest 40m	https://ua9qcq.com/results_new.php?testid=242	
Wed, 10 June, 2026 19:00	10 June, 2026 20:29	CW	RSGB 3.5MHz Club Championship Contest CW The contest organizers violate the principles of Ham Spirit		https://www.rsgbcc.org/hf/rules/2026/r80mcc.shtml
Wed, 10 June, 2026 21:00	10 June, 2026 23:59	CW,SSB	PVRC Reunion (Session #1)		http://www.pvrc.org/reunion/
Thu, 11 June, 2026 03:00	11 June, 2026 03:59	CW	Monthly Mini-CWT (Session #3)		https://cwops.org/cwops-tests/
Thu, 11 June, 2026 07:00	11 June, 2026 07:59	CW	Monthly Mini-CWT (Session #4)		https://cwops.org/cwops-tests/
Thu, 11 June, 2026 22:00	12 June, 2026 00:59	CW,SSB	PVRC Reunion (Session #2)		http://www.pvrc.org/reunion/
Fri, 12 June, 2026 01:00	12 June, 2026 01:29	FT4/FT8	NCCC FT4 Sprint		https://www.ncccsprint.com/ft4ns.html
Fri, 12 June, 2026 01:45	12 June, 2026 02:14	RTTY	Weekly RTTY Test		https://radiosport.world/wrt.html
Fri, 12 June, 2026 02:30	12 June, 2026 02:59	CW	NCCC Sprint		https://ncccsprint.com/rules.html
Fri, 12 June, 2026 20:00	12 June, 2026 20:59	CW	K1USN’s Slow Speed Test		http://www.k1usn.com/sst_rules.html
Fri, 12 June, 2026 23:00	13 June, 2026 01:59	CW,SSB	PVRC Reunion (Session #3)		http://www.pvrc.org/reunion/
Sat, 13 June, 2026 00:00	13 June, 2026 23:59	SSB	North Jakarta ORARI DX Contest		https://www.oraricontest.id/
Sat, 13 June, 2026 12:00	14 June, 2026 11:59	CW,SSB	Portugal Day Contest		https://portugaldaycontest.rep.pt/rules.php
Sat, 13 June, 2026 12:00	14 June, 2026 23:59	CW	SKCC's Weekend Sprintathon		http://www.skccgroup.com/operating_activities/weekend_sprintathon/
Sat, 13 June, 2026 15:00	14 June, 2026 14:59	CW	World Wide South America Contest		https://gacw.ar/wwsa/reglas-rules/
Sun, 14 June, 2026 14:00	14 June, 2026 14:59	SSB	SARL Hammies QSO Party		https://mysarl.org.za/contest-resources/
Mon, 15 June, 2026 00:00	15 June, 2026 00:59	CW	K1USN’s Slow Speed Test		http://www.k1usn.com/sst_rules.html
Mon, 15 June, 2026 01:00	15 June, 2026 02:59	CW,SSB	Four States QRP Group Second Sunday Sprint		http://www.4sqrp.com/SSS/sss_rules.pdf
Mon, 15 June, 2026 13:00	15 June, 2026 13:59	CW	ICWC Medium Speed Test (Session #1)		https://internationalcwcouncil.org/mst-contest/
Mon, 15 June, 2026 16:30	15 June, 2026 17:29	CW,SSB	OK1WC Memorial Contest		https://memorial-ok1wc.cz/index.php?page=rules2l
Mon, 15 June, 2026 19:00	15 June, 2026 19:59	CW	ICWC Medium Speed Test (Session #2)		https://internationalcwcouncil.org/mst-contest/
Mon, 15 June, 2026 19:00	15 June, 2026 20:59	FT4/FT8	RSGB FT4 Contest The contest organizers violate the principles of Ham Spirit		https://www.rsgbcc.org/hf/rules/2026/r80m_ft4.shtml
Tue, 16 June, 2026 01:00	16 June, 2026 01:59	SSB	Worldwide Sideband Activity Contest		https://wwsac.com/rules.html
Tue, 16 June, 2026 03:00	16 June, 2026 03:59	CW	ICWC Medium Speed Test (Session #3)		https://internationalcwcouncil.org/mst-contest/
Tue, 16 June, 2026 12:00	16 June, 2026 12:59	CW,SSB	SARL Youth QSO Party		https://mysarl.org.za/contest-resources/
Wed, 17 June, 2026 00:30	17 June, 2026 02:29	CW	NAQCC Straight Key/Bug mW Sprint		"http://naqcc.info/contests.html
"
Wed, 17 June, 2026 02:30	17 June, 2026 03:59	SSB	Phone Weekly Test		http://www.perluma.com/Phone_Fray_Contest_Rules.pdf
Wed, 17 June, 2026 12:00	17 June, 2026 12:59	CW	A1CLUB Weekly Test		https://a1club.org/contest/awt/
Wed, 17 June, 2026 13:00	17 June, 2026 13:59	CW	Monthly Mini-CWT (Session #1)		https://cwops.org/cwops-tests/
Wed, 17 June, 2026 17:00	17 June, 2026 17:59	CW	Wednesday mini-contest 40m	https://ua9qcq.com/results_new.php?testid=242	
Thu, 18 June, 2026 03:00	18 June, 2026 03:59	CW	Monthly Mini-CWT (Session #3)		https://cwops.org/cwops-tests/
Thu, 18 June, 2026 07:00	18 June, 2026 07:59	CW	Monthly Mini-CWT (Session #4)		https://cwops.org/cwops-tests/
Thu, 18 June, 2026 19:00	18 June, 2026 19:59	CW	NTC QSO Party		https://pi4ntc.nl/ntcqp/
Fri, 19 June, 2026 01:00	19 June, 2026 01:29	FT4/FT8	NCCC FT4 Sprint		https://www.ncccsprint.com/ft4ns.html
Fri, 19 June, 2026 01:45	19 June, 2026 02:14	RTTY	Weekly RTTY Test		https://radiosport.world/wrt.html
Fri, 19 June, 2026 02:30	19 June, 2026 02:59	CW	NCCC Sprint		https://ncccsprint.com/rules.html
Fri, 19 June, 2026 20:00	19 June, 2026 20:59	CW	K1USN’s Slow Speed Test		http://www.k1usn.com/sst_rules.html
Sat, 20 June, 2026 00:00	20 June, 2026 23:59	Phone	Telephone Sprint		https://sites.google.com/site/feldhellclub/Home/contests/sprints/telephone-sprint
Sat, 20 June, 2026 00:00	20 June, 2026 23:59	SSB	Pajajaran Bogor DX Contest		https://pbdx-contest.id/2023/03/07/rules/
Sat, 20 June, 2026 00:00	21 June, 2026 23:59	CW	All Asian DX CW Contest		https://www.jarl.org/English/4_Library/A-4-3_Contests/aadx_eng.html
Sat, 20 June, 2026 12:00	21 June, 2026 23:59	CW	SKCC QSO Party		https://www.skccgroup.com/operating_activities/QSO_Party/
Sat, 20 June, 2026 15:00	21 June, 2026 14:59	CW	Stew Perry Topband Distance Challenge		https://www.kkn.net/stew/stew_rules.html
Sat, 20 June, 2026 16:00	21 June, 2026 03:59	CW,SSB,Digital	West Virginia QSO Party		https://wvsarc.com/wv-qso-party/
Sat, 20 June, 2026 18:00	20 June, 2026 23:59	SSB	ARRL Kids Day		http://www.arrl.org/kids-day
Mon, 22 June, 2026 00:00	22 June, 2026 00:59	CW	K1USN’s Slow Speed Test		http://www.k1usn.com/sst_rules.html
Mon, 22 June, 2026 13:00	22 June, 2026 13:59	CW	ICWC Medium Speed Test (Session #1)		https://internationalcwcouncil.org/mst-contest/
Mon, 22 June, 2026 16:30	22 June, 2026 17:29	CW,SSB	OK1WC Memorial Contest		https://memorial-ok1wc.cz/index.php?page=rules2l
Mon, 22 June, 2026 19:00	22 June, 2026 19:59	CW	ICWC Medium Speed Test (Session #2)		https://internationalcwcouncil.org/mst-contest/
Tue, 23 June, 2026 01:00	23 June, 2026 01:59	SSB	Worldwide Sideband Activity Contest		https://wwsac.com/rules.html
Tue, 23 June, 2026 03:00	23 June, 2026 03:59	CW	ICWC Medium Speed Test (Session #3)		https://internationalcwcouncil.org/mst-contest/
Wed, 24 June, 2026 02:30	24 June, 2026 03:59	SSB	Phone Weekly Test		http://www.perluma.com/Phone_Fray_Contest_Rules.pdf
Wed, 24 June, 2026 12:00	24 June, 2026 12:59	CW	A1CLUB Weekly Test		https://a1club.org/contest/awt/
Wed, 24 June, 2026 13:00	24 June, 2026 13:59	CW	Monthly Mini-CWT (Session #1)		https://cwops.org/cwops-tests/
Wed, 24 June, 2026 17:00	24 June, 2026 17:59	CW	Wednesday mini-contest 40m	https://ua9qcq.com/results_new.php?testid=242	
Thu, 25 June, 2026 03:00	25 June, 2026 03:59	CW	Monthly Mini-CWT (Session #3)		https://cwops.org/cwops-tests/
Thu, 25 June, 2026 07:00	25 June, 2026 07:59	CW	Monthly Mini-CWT (Session #4)		https://cwops.org/cwops-tests/
Thu, 25 June, 2026 19:00	25 June, 2026 20:29	SSB	RSGB 3.5MHz Club Championship Contest SSB The contest organizers violate the principles of Ham Spirit		https://www.rsgbcc.org/hf/rules/2026/r80mcc.shtml
Fri, 26 June, 2026 01:00	26 June, 2026 01:29	FT4/FT8	NCCC FT4 Sprint		https://www.ncccsprint.com/ft4ns.html
Fri, 26 June, 2026 01:45	26 June, 2026 02:14	RTTY	Weekly RTTY Test		https://radiosport.world/wrt.html
Fri, 26 June, 2026 02:30	26 June, 2026 02:59	CW	NCCC Sprint		https://ncccsprint.com/rules.html
Fri, 26 June, 2026 20:00	26 June, 2026 20:59	CW	K1USN’s Slow Speed Test		http://www.k1usn.com/sst_rules.html
Sat, 27 June, 2026 06:00	27 June, 2026 08:59	CW	UFT QRP Contest (Session #1)		https://www.uft.net/activites-et-concours/concours-qrp-uft/
Sat, 27 June, 2026 12:00	27 June, 2026 11:59	SSB	His Majesty The King of Spain Contest SSB		https://concursos.ure.es/en/s-m-el-rey-de-espana-ssb/bases/
Sat, 27 June, 2026 12:00	27 June, 2026 12:59	CW	RCWC 4 Seasons Contest (1 Round)		https://rcwc.ru/3111-rcwc-4-seasons-2025-contest-summer-stage.html
Sat, 27 June, 2026 14:00	27 June, 2026 16:59	CW	UFT QRP Contest (Session #2)		https://www.uft.net/activites-et-concours/concours-qrp-uft/
Sat, 27 June, 2026 16:00	27 June, 2026 16:59	CW	RCWC 4 Seasons Contest (2 Round)		https://rcwc.ru/3111-rcwc-4-seasons-2025-contest-summer-stage.html
Sat, 27 June, 2026 17:00	27 June, 2026 20:59	CW,SSB	Partisan Radioman Contest	https://ua9qcq.com/results_new.php?testid=197	
Sat, 27 June, 2026 21:00	27 June, 2026 21:59	CW	RCWC 4 Seasons Contest (3 Round)		https://rcwc.ru/3111-rcwc-4-seasons-2025-contest-summer-stage.html
Mon, 29 June, 2026 00:00	29 June, 2026 00:59	CW	K1USN’s Slow Speed Test		http://www.k1usn.com/sst_rules.html
Mon, 29 June, 2026 13:00	29 June, 2026 13:59	CW	ICWC Medium Speed Test (Session #1)		https://internationalcwcouncil.org/mst-contest/
Mon, 29 June, 2026 16:30	29 June, 2026 17:29	CW,SSB	OK1WC Memorial Contest		https://memorial-ok1wc.cz/index.php?page=rules2l
Mon, 29 June, 2026 19:00	29 June, 2026 19:59	CW	ICWC Medium Speed Test (Session #2)		https://internationalcwcouncil.org/mst-contest/
Tue, 30 June, 2026 01:00	30 June, 2026 01:59	SSB	Worldwide Sideband Activity Contest		https://wwsac.com/rules.html
Tue, 30 June, 2026 03:00	30 June, 2026 03:59	CW	ICWC Medium Speed Test (Session #3)		https://internationalcwcouncil.org/mst-contest/
Wed, 01 July, 2026 00:00	01 July, 2026 23:59	CW,Phone	Canada Day		https://www.rac.ca/contesting-results/
Wed, 01 July, 2026 02:30	01 July, 2026 03:59	SSB	Phone Weekly Test		http://www.perluma.com/Phone_Fray_Contest_Rules.pdf
Wed, 01 July, 2026 12:00	01 July, 2026 12:59	CW	A1CLUB Weekly Test		https://a1club.org/contest/awt/
Wed, 01 July, 2026 13:00	01 July, 2026 13:59	CW	Monthly Mini-CWT (Session #1)		https://cwops.org/cwops-tests/
Wed, 01 July, 2026 17:00	01 July, 2026 17:59	CW	Wednesday mini-contest 40m	https://ua9qcq.com/results_new.php?testid=242	
Thu, 02 July, 2026 03:00	02 July, 2026 03:59	CW	Monthly Mini-CWT (Session #3)		https://cwops.org/cwops-tests/
Thu, 02 July, 2026 07:00	02 July, 2026 07:59	CW	Monthly Mini-CWT (Session #4)		https://cwops.org/cwops-tests/
Thu, 02 July, 2026 17:00	02 July, 2026 20:59	CW,Phone,Digital	NRAU Activity 10m Contest		https://nrau.net/nrau-contests-in-general/
Thu, 02 July, 2026 19:00	02 July, 2026 20:59	CW	Straight Key Sprint Europe		http://www.skccgroup.com/operating_activities/skse/
Fri, 03 July, 2026 01:00	03 July, 2026 01:29	FT4/FT8	NCCC FT4 Sprint		https://www.ncccsprint.com/ft4ns.html
Fri, 03 July, 2026 01:45	03 July, 2026 02:14	RTTY	Weekly RTTY Test		https://radiosport.world/wrt.html
Fri, 03 July, 2026 02:30	03 July, 2026 02:59	CW	NCCC Sprint		https://ncccsprint.com/rules.html
Fri, 03 July, 2026 20:00	03 July, 2026 20:59	CW	K1USN’s Slow Speed Test		http://www.k1usn.com/sst_rules.html
Sat, 04 July, 2026 08:00	04 July, 2026 10:59	CW,SSB	NZART Memorial Contest (Session #1)		https://www.nzart.org.nz/activities/contests/memorial-contest/
Sat, 04 July, 2026 14:00	05 July, 2026 13:59	CW	Marconi Memorial Contest HF CW		https://www.arifano.it/contest_marconi.html
Sat, 04 July, 2026 15:00	05 July, 2026 14:59	CW	Original QRP Contest		http://www.qrpcc.de/contestrules/index.html
Sat, 04 July, 2026 20:00	05 July, 2026 19:59	PSK	PODXS 070 Club 40m Firecracker Sprint		http://www.podxs070.com/o7o-club-sponsored-contests/40m-firecracker-sprint
Sun, 05 July, 2026 08:00	05 July, 2026 10:59	CW,SSB	NZART Memorial Contest (Session #2)		https://www.nzart.org.nz/activities/contests/memorial-contest/
Sun, 05 July, 2026 12:00	06 July, 2026 11:59	CW	FOC Old School Classic 1960s QSO Party		https://www.g4foc.org/foc-old-school-classic-1960s-qso-party/
Mon, 06 July, 2026 00:00	06 July, 2026 00:59	CW	K1USN’s Slow Speed Test		http://www.k1usn.com/sst_rules.html
Mon, 06 July, 2026 13:00	06 July, 2026 13:59	CW	ICWC Medium Speed Test (Session #1)		https://internationalcwcouncil.org/mst-contest/
Mon, 06 July, 2026 16:30	06 July, 2026 17:29	CW,SSB	OK1WC Memorial Contest		https://memorial-ok1wc.cz/index.php?page=rules2l
Mon, 06 July, 2026 19:00	06 July, 2026 19:59	CW	ICWC Medium Speed Test (Session #2)		https://internationalcwcouncil.org/mst-contest/
Mon, 06 July, 2026 19:00	06 July, 2026 20:29	CW	RSGB 3.5MHz Club Championship Contest CW The contest organizers violate the principles of Ham Spirit		https://www.rsgbcc.org/hf/rules/2026/r80mcc.shtml
Tue, 07 July, 2026 01:00	07 July, 2026 01:59	SSB	Worldwide Sideband Activity Contest		https://wwsac.com/rules.html
Tue, 07 July, 2026 03:00	07 July, 2026 03:59	CW	ICWC Medium Speed Test (Session #3)		https://internationalcwcouncil.org/mst-contest/
Wed, 08 July, 2026 02:30	08 July, 2026 03:59	SSB	Phone Weekly Test		http://www.perluma.com/Phone_Fray_Contest_Rules.pdf
Wed, 08 July, 2026 12:00	08 July, 2026 12:59	CW	A1CLUB Weekly Test		https://a1club.org/contest/awt/
Wed, 08 July, 2026 13:00	08 July, 2026 13:59	CW	Monthly Mini-CWT (Session #1)		https://cwops.org/cwops-tests/
Wed, 08 July, 2026 17:00	08 July, 2026 17:59	CW	Wednesday mini-contest 40m	https://ua9qcq.com/results_new.php?testid=242	
Thu, 09 July, 2026 03:00	09 July, 2026 03:59	CW	Monthly Mini-CWT (Session #3)		https://cwops.org/cwops-tests/
Thu, 09 July, 2026 07:00	09 July, 2026 07:59	CW	Monthly Mini-CWT (Session #4)		https://cwops.org/cwops-tests/
Fri, 10 July, 2026 01:00	10 July, 2026 01:29	FT4/FT8	NCCC FT4 Sprint		https://www.ncccsprint.com/ft4ns.html
Fri, 10 July, 2026 01:45	10 July, 2026 02:14	RTTY	Weekly RTTY Test		https://radiosport.world/wrt.html
Fri, 10 July, 2026 02:30	10 July, 2026 02:59	CW	NCCC Sprint		https://ncccsprint.com/rules.html
Fri, 10 July, 2026 20:00	10 July, 2026 20:59	CW	K1USN’s Slow Speed Test		http://www.k1usn.com/sst_rules.html
Sat, 11 July, 2026 12:00	12 July, 2026 11:59	CW,SSB	IARU HF Championship		http://www.arrl.org/iaru-hf-world-championship
Sat, 11 July, 2026 12:00	12 July, 2026 23:59	CW	SKCC's Weekend Sprintathon		http://www.skccgroup.com/operating_activities/weekend_sprintathon/
Sun, 12 July, 2026 20:00	12 July, 2026 23:59	CW	QRP ARCI Summer Homebrew Sprint		https://qrparci.org/contests/2026%20Summer%20Homebrew%20Sprint.txt
Mon, 13 July, 2026 00:00	13 July, 2026 00:59	CW	K1USN’s Slow Speed Test		http://www.k1usn.com/sst_rules.html
Mon, 13 July, 2026 01:00	13 July, 2026 02:59	CW,SSB	Four States QRP Group Second Sunday Sprint		http://www.4sqrp.com/SSS/sss_rules.pdf
Mon, 13 July, 2026 13:00	13 July, 2026 13:59	CW	ICWC Medium Speed Test (Session #1)		https://internationalcwcouncil.org/mst-contest/
Mon, 13 July, 2026 16:30	13 July, 2026 17:29	CW,SSB	OK1WC Memorial Contest		https://memorial-ok1wc.cz/index.php?page=rules2l
Mon, 13 July, 2026 19:00	13 July, 2026 19:59	CW	ICWC Medium Speed Test (Session #2)		https://internationalcwcouncil.org/mst-contest/
Tue, 14 July, 2026 01:00	14 July, 2026 01:59	SSB	Worldwide Sideband Activity Contest		https://wwsac.com/rules.html
Tue, 14 July, 2026 03:00	14 July, 2026 03:59	CW	ICWC Medium Speed Test (Session #3)		https://internationalcwcouncil.org/mst-contest/
Tue, 14 July, 2026 18:00	14 July, 2026 19:29	RTTY	DARC RTTY Short Contest		https://www.darc.de/der-club/referate/conteste/rtty-kurz/darc-rtty-contest-english-version/darc-rtty-rules/
Wed, 15 July, 2026 02:30	15 July, 2026 03:59	SSB	Phone Weekly Test		http://www.perluma.com/Phone_Fray_Contest_Rules.pdf
Wed, 15 July, 2026 12:00	15 July, 2026 12:59	CW	A1CLUB Weekly Test		https://a1club.org/contest/awt/
Wed, 15 July, 2026 13:00	15 July, 2026 13:59	CW	Monthly Mini-CWT (Session #1)		https://cwops.org/cwops-tests/
Wed, 15 July, 2026 17:00	15 July, 2026 17:59	CW	Wednesday mini-contest 40m	https://ua9qcq.com/results_new.php?testid=242	
Wed, 15 July, 2026 19:00	15 July, 2026 20:29	SSB	RSGB 3.5MHz Club Championship Contest SSB The contest organizers violate the principles of Ham Spirit		https://www.rsgbcc.org/hf/rules/2026/r80mcc.shtml
Thu, 16 July, 2026 00:30	16 July, 2026 02:29	CW	NAQCC Straight Key/Bug Sprint		"http://naqcc.info/contests.html
"
Thu, 16 July, 2026 03:00	16 July, 2026 03:59	CW	Monthly Mini-CWT (Session #3)		https://cwops.org/cwops-tests/
Thu, 16 July, 2026 07:00	16 July, 2026 07:59	CW	Monthly Mini-CWT (Session #4)		https://cwops.org/cwops-tests/
Thu, 16 July, 2026 19:00	16 July, 2026 19:59	CW	NTC QSO Party		https://pi4ntc.nl/ntcqp/
Fri, 17 July, 2026 01:00	17 July, 2026 01:29	FT4/FT8	NCCC FT4 Sprint		https://www.ncccsprint.com/ft4ns.html
Fri, 17 July, 2026 01:45	17 July, 2026 02:14	RTTY	Weekly RTTY Test		https://radiosport.world/wrt.html
Fri, 17 July, 2026 02:30	17 July, 2026 02:59	CW	NCCC Sprint		https://ncccsprint.com/rules.html
Fri, 17 July, 2026 20:00	17 July, 2026 20:59	CW	K1USN’s Slow Speed Test		http://www.k1usn.com/sst_rules.html
Sat, 18 July, 2026 00:00	19 July, 2026 23:59	CW,SSB	LABRE DX Contest		https://www.labre.org.br/contest/en/regulamento/
Sat, 18 July, 2026 07:00	18 July, 2026 14:59	CW,SSB	Russian Radio Team Championship	https://ua9qcq.com/results_new.php?testid=116	
Sat, 18 July, 2026 12:00	18 July, 2026 13:59	Any modes	Early Bird Sprint		https://sites.google.com/site/feldhellclub/Home/contests/sprints/early-bird-sprint
Sat, 18 July, 2026 18:00	19 July, 2026 05:59	RTTY	North American QSO Party, RTTY		http://ncjweb.com/NAQP-Rules.pdf
Sun, 19 July, 2026 09:00	19 July, 2026 11:59	CW	RSGB International Low Power Contest (Session #1) The contest organizers violate the principles of Ham Spirit		https://www.rsgbcc.org/hf/rules/2025/rqrp.shtml
Sun, 19 July, 2026 10:00	19 July, 2026 21:59	CW,SSB	YOTA Contest		https://yotacontest.mrasz.org/rules-2026/english
Sun, 19 July, 2026 13:00	19 July, 2026 15:59	CW	RSGB International Low Power Contest (Session #2) The contest organizers violate the principles of Ham Spirit		https://www.rsgbcc.org/hf/rules/2025/rqrp.shtml
Mon, 20 July, 2026 00:00	20 July, 2026 00:59	CW	K1USN’s Slow Speed Test		http://www.k1usn.com/sst_rules.html
Mon, 20 July, 2026 13:00	20 July, 2026 13:59	CW	ICWC Medium Speed Test (Session #1)		https://internationalcwcouncil.org/mst-contest/
Mon, 20 July, 2026 16:30	20 July, 2026 17:29	CW,SSB	OK1WC Memorial Contest		https://memorial-ok1wc.cz/index.php?page=rules2l
Mon, 20 July, 2026 19:00	20 July, 2026 19:59	CW	ICWC Medium Speed Test (Session #2)		https://internationalcwcouncil.org/mst-contest/
Tue, 21 July, 2026 01:00	21 July, 2026 01:59	SSB	Worldwide Sideband Activity Contest		https://wwsac.com/rules.html
Tue, 21 July, 2026 03:00	21 July, 2026 03:59	CW	ICWC Medium Speed Test (Session #3)		https://internationalcwcouncil.org/mst-contest/
Wed, 22 July, 2026 00:00	22 July, 2026 01:59	CW	Straight Key Sprint		http://www.skccgroup.com/operating_activities/weekday_sprint/
Wed, 22 July, 2026 02:30	22 July, 2026 03:59	SSB	Phone Weekly Test		http://www.perluma.com/Phone_Fray_Contest_Rules.pdf
Wed, 22 July, 2026 12:00	22 July, 2026 12:59	CW	A1CLUB Weekly Test		https://a1club.org/contest/awt/
Wed, 22 July, 2026 13:00	22 July, 2026 13:59	CW	Monthly Mini-CWT (Session #1)		https://cwops.org/cwops-tests/
Wed, 22 July, 2026 17:00	22 July, 2026 17:59	CW	Wednesday mini-contest 40m	https://ua9qcq.com/results_new.php?testid=242	
Thu, 23 July, 2026 03:00	23 July, 2026 03:59	CW	Monthly Mini-CWT (Session #3)		https://cwops.org/cwops-tests/
Thu, 23 July, 2026 07:00	23 July, 2026 07:59	CW	Monthly Mini-CWT (Session #4)		https://cwops.org/cwops-tests/
Thu, 23 July, 2026 19:00	23 July, 2026 20:29	RTTY,PSK	RSGB 3.5MHz Club Championship Contest Data The contest organizers violate the principles of Ham Spirit		https://www.rsgbcc.org/hf/rules/2026/r80mcc.shtml
Fri, 24 July, 2026 01:00	24 July, 2026 01:29	FT4/FT8	NCCC FT4 Sprint		https://www.ncccsprint.com/ft4ns.html
Fri, 24 July, 2026 01:45	24 July, 2026 02:14	RTTY	Weekly RTTY Test		https://radiosport.world/wrt.html
Fri, 24 July, 2026 02:30	24 July, 2026 02:59	CW	NCCC Sprint		https://ncccsprint.com/rules.html
Fri, 24 July, 2026 20:00	24 July, 2026 20:59	CW	K1USN’s Slow Speed Test		http://www.k1usn.com/sst_rules.html
Sat, 25 July, 2026 07:00	25 July, 2026 08:59	FT4/FT8	FT4 Sprint fast training		http://www.rdrclub.ru/ft4-sprint/1154-ft4-sprint-rules
Sat, 25 July, 2026 07:00	25 July, 2026 10:59	CW,SSB	"QRP Contest-game ""Russian Field"""		http://qrp.ru/contest/russianfield/1399-rf-eng
Sat, 25 July, 2026 15:00	25 July, 2026 15:59	CW,SSB,RTTY	SARL Saturday 40 m Club Contest		https://mysarl.org.za/contest-resources/
Sat, 25 July, 2026 15:00	26 July, 2026 02:59	CW,Phone	Alabama QSO Party		http://alabamacontestgroup.org/aqp/rules/
Sun, 26 July, 2026 12:00	26 July, 2026 11:59	CW,SSB	RSGB IOTA Contest The contest organizers violate the principles of Ham Spirit		https://www.rsgbcc.org/hf/rules/2026/riota.shtml
Mon, 27 July, 2026 00:00	27 July, 2026 00:59	CW	K1USN’s Slow Speed Test		http://www.k1usn.com/sst_rules.html
Mon, 27 July, 2026 13:00	27 July, 2026 13:59	CW	ICWC Medium Speed Test (Session #1)		https://internationalcwcouncil.org/mst-contest/
Mon, 27 July, 2026 13:00	27 July, 2026 13:59	CW	QCX Challenge (Session #1)		http://www.qrp-labs.com/party.html
Mon, 27 July, 2026 16:30	27 July, 2026 17:29	CW,SSB	OK1WC Memorial Contest		https://memorial-ok1wc.cz/index.php?page=rules2l
Mon, 27 July, 2026 19:00	27 July, 2026 19:59	CW	ICWC Medium Speed Test (Session #2)		https://internationalcwcouncil.org/mst-contest/
Mon, 27 July, 2026 19:00	27 July, 2026 19:59	CW	QCX Challenge (Session #2)		http://www.qrp-labs.com/party.html
Mon, 27 July, 2026 19:00	27 July, 2026 20:59	FT4/FT8	RSGB FT4 Contest The contest organizers violate the principles of Ham Spirit		https://www.rsgbcc.org/hf/rules/2026/r80m_ft4.shtml
Tue, 28 July, 2026 01:00	28 July, 2026 01:59	SSB	Worldwide Sideband Activity Contest		https://wwsac.com/rules.html
Tue, 28 July, 2026 03:00	28 July, 2026 03:59	CW	ICWC Medium Speed Test (Session #3)		https://internationalcwcouncil.org/mst-contest/
Tue, 28 July, 2026 03:00	28 July, 2026 03:59	CW	QCX Challenge (Session #3)		http://www.qrp-labs.com/party.html
Wed, 29 July, 2026 02:30	29 July, 2026 03:59	SSB	Phone Weekly Test		http://www.perluma.com/Phone_Fray_Contest_Rules.pdf
Wed, 29 July, 2026 12:00	29 July, 2026 12:59	CW	A1CLUB Weekly Test		https://a1club.org/contest/awt/
Wed, 29 July, 2026 13:00	29 July, 2026 13:59	CW	Monthly Mini-CWT (Session #1)		https://cwops.org/cwops-tests/
Wed, 29 July, 2026 17:00	29 July, 2026 17:59	CW	Wednesday mini-contest 40m	https://ua9qcq.com/results_new.php?testid=242	
Thu, 30 July, 2026 03:00	30 July, 2026 03:59	CW	Monthly Mini-CWT (Session #3)		https://cwops.org/cwops-tests/
Thu, 30 July, 2026 07:00	30 July, 2026 07:59	CW	Monthly Mini-CWT (Session #4)		https://cwops.org/cwops-tests/
Fri, 31 July, 2026 01:00	31 July, 2026 01:29	FT4/FT8	NCCC FT4 Sprint		https://www.ncccsprint.com/ft4ns.html
Fri, 31 July, 2026 01:45	31 July, 2026 02:14	RTTY	Weekly RTTY Test		https://radiosport.world/wrt.html
Fri, 31 July, 2026 02:30	31 July, 2026 02:59	CW	NCCC Sprint		https://ncccsprint.com/rules.html
Fri, 31 July, 2026 20:00	31 July, 2026 20:59	CW	K1USN’s Slow Speed Test		http://www.k1usn.com/sst_rules.html
Sat, 01 Aug, 2026 00:01	02 Aug, 2026 23:58	Phone	10-10 International Summer Phone QSO Party		https://www.ten-ten.org/qso-party-schedule/
Sat, 01 Aug, 2026 12:00	01 Aug, 2026 23:59	CW,SSB	European HF Championship		https://euhf.s5cc.eu/euhfc_rules/
Sat, 01 Aug, 2026 18:00	02 Aug, 2026 05:59	CW	North American QSO Party, CW		https://ncjweb.com/naqp/
Sun, 02 Aug, 2026 14:00	02 Aug, 2026 16:29	SSB	SARL HF Phone Contest		https://mysarl.org.za/contest-resources/
Mon, 03 Aug, 2026 00:00	03 Aug, 2026 00:59	CW	K1USN’s Slow Speed Test		http://www.k1usn.com/sst_rules.html
Mon, 03 Aug, 2026 13:00	03 Aug, 2026 13:59	CW	ICWC Medium Speed Test (Session #1)		https://internationalcwcouncil.org/mst-contest/
Mon, 03 Aug, 2026 16:30	03 Aug, 2026 17:29	CW,SSB	OK1WC Memorial Contest		https://memorial-ok1wc.cz/index.php?page=rules2l
Mon, 03 Aug, 2026 19:00	03 Aug, 2026 19:59	CW	ICWC Medium Speed Test (Session #2)		https://internationalcwcouncil.org/mst-contest/
Tue, 04 Aug, 2026 01:00	04 Aug, 2026 01:59	SSB	Worldwide Sideband Activity Contest		https://wwsac.com/rules.html
Tue, 04 Aug, 2026 03:00	04 Aug, 2026 03:59	CW	ICWC Medium Speed Test (Session #3)		https://internationalcwcouncil.org/mst-contest/
Tue, 04 Aug, 2026 08:00	04 Aug, 2026 08:29	CW,SSB,FT4/FT8	ZL Sprint (CW Round)		https://www.nzart.org.nz/activities/contests/sprints/
Tue, 04 Aug, 2026 08:30	04 Aug, 2026 08:59	CW,SSB,FT4/FT8	ZL Sprint (SSB Round)		https://www.nzart.org.nz/activities/contests/sprints/
Tue, 04 Aug, 2026 09:00	04 Aug, 2026 09:29	CW,SSB,FT4/FT8	ZL Sprint (FT4 Round)		https://www.nzart.org.nz/activities/contests/sprints/
Wed, 05 Aug, 2026 02:30	05 Aug, 2026 03:59	SSB	Phone Weekly Test		http://www.perluma.com/Phone_Fray_Contest_Rules.pdf
Wed, 05 Aug, 2026 12:00	05 Aug, 2026 12:59	CW	A1CLUB Weekly Test		https://a1club.org/contest/awt/
Wed, 05 Aug, 2026 13:00	05 Aug, 2026 13:59	CW	Monthly Mini-CWT (Session #1)		https://cwops.org/cwops-tests/
Wed, 05 Aug, 2026 17:00	05 Aug, 2026 17:59	CW	Wednesday mini-contest 40m	https://ua9qcq.com/results_new.php?testid=242	
Thu, 06 Aug, 2026 03:00	06 Aug, 2026 03:59	CW	Monthly Mini-CWT (Session #3)		https://cwops.org/cwops-tests/
Thu, 06 Aug, 2026 07:00	06 Aug, 2026 07:59	CW	Monthly Mini-CWT (Session #4)		https://cwops.org/cwops-tests/
Thu, 06 Aug, 2026 17:00	06 Aug, 2026 20:59	CW,Phone,Digital	NRAU Activity 10m Contest		https://nrau.net/nrau-contests-in-general/
Thu, 06 Aug, 2026 19:00	06 Aug, 2026 20:59	CW	Straight Key Sprint Europe		http://www.skccgroup.com/operating_activities/skse/
Fri, 07 Aug, 2026 01:00	07 Aug, 2026 01:29	FT4/FT8	NCCC FT4 Sprint		https://www.ncccsprint.com/ft4ns.html
Fri, 07 Aug, 2026 01:45	07 Aug, 2026 02:14	RTTY	Weekly RTTY Test		https://radiosport.world/wrt.html
Fri, 07 Aug, 2026 02:30	07 Aug, 2026 02:59	CW	NCCC Sprint		https://ncccsprint.com/rules.html
Fri, 07 Aug, 2026 20:00	07 Aug, 2026 20:59	CW	K1USN’s Slow Speed Test		http://www.k1usn.com/sst_rules.html
Sat, 08 Aug, 2026 00:00	09 Aug, 2026 23:59	CW	Worked All Europe DX Contest CW		https://www.darc.de/der-club/referate/conteste/wae-dx-contest/en/wae-rules/
Sat, 08 Aug, 2026 12:00	09 Aug, 2026 23:59	CW	SKCC's Weekend Sprintathon		http://www.skccgroup.com/operating_activities/weekend_sprintathon/
Sat, 08 Aug, 2026 14:00	08 Aug, 2026 21:59	CW,SSB,Digital	Kentucky State Parks on the Air		https://k4msu.com/kypota/
Sat, 08 Aug, 2026 14:00	09 Aug, 2026 03:59	CW,Phone,Digital	Maryland-DC QSO Party		https://w3vpr.org/wp/2025/12/21/mdc-qso-party/
Sun, 09 Aug, 2026 13:00	09 Aug, 2026 15:29	RTTY	SARL HF Digital Contest		https://mysarl.org.za/contest-resources/
Mon, 10 Aug, 2026 00:00	10 Aug, 2026 00:59	CW	K1USN’s Slow Speed Test		http://www.k1usn.com/sst_rules.html
Mon, 10 Aug, 2026 01:00	10 Aug, 2026 02:59	CW,SSB	Four States QRP Group Second Sunday Sprint		http://www.4sqrp.com/SSS/sss_rules.pdf
Mon, 10 Aug, 2026 13:00	10 Aug, 2026 13:59	CW	ICWC Medium Speed Test (Session #1)		https://internationalcwcouncil.org/mst-contest/
Mon, 10 Aug, 2026 16:30	10 Aug, 2026 17:29	CW,SSB	OK1WC Memorial Contest		https://memorial-ok1wc.cz/index.php?page=rules2l
Mon, 10 Aug, 2026 19:00	10 Aug, 2026 19:59	CW	ICWC Medium Speed Test (Session #2)		https://internationalcwcouncil.org/mst-contest/
Tue, 11 Aug, 2026 01:00	11 Aug, 2026 01:59	SSB	Worldwide Sideband Activity Contest		https://wwsac.com/rules.html
Tue, 11 Aug, 2026 03:00	11 Aug, 2026 03:59	CW	ICWC Medium Speed Test (Session #3)		https://internationalcwcouncil.org/mst-contest/
Tue, 11 Aug, 2026 08:00	11 Aug, 2026 08:29	CW,SSB,FT4/FT8	ZL Sprint (CW Round)		https://www.nzart.org.nz/activities/contests/sprints/
Tue, 11 Aug, 2026 08:30	11 Aug, 2026 08:59	CW,SSB,FT4/FT8	ZL Sprint (SSB Round)		https://www.nzart.org.nz/activities/contests/sprints/
Tue, 11 Aug, 2026 09:00	11 Aug, 2026 09:29	CW,SSB,FT4/FT8	ZL Sprint (FT4 Round)		https://www.nzart.org.nz/activities/contests/sprints/
Tue, 11 Aug, 2026 19:00	11 Aug, 2026 20:29	FT4/FT8	DARC FT4 Contest		https://www.darc.de/der-club/referate/conteste/ft4-contest/ft4-rules/
Wed, 12 Aug, 2026 00:30	12 Aug, 2026 02:29	CW	NAQCC Straight Key/Bug Sprint		"http://naqcc.info/contests.html
"
Wed, 12 Aug, 2026 02:30	12 Aug, 2026 03:59	SSB	Phone Weekly Test		http://www.perluma.com/Phone_Fray_Contest_Rules.pdf
Wed, 12 Aug, 2026 12:00	12 Aug, 2026 12:59	CW	A1CLUB Weekly Test		https://a1club.org/contest/awt/
Wed, 12 Aug, 2026 13:00	12 Aug, 2026 13:59	CW	Monthly Mini-CWT (Session #1)		https://cwops.org/cwops-tests/
Wed, 12 Aug, 2026 17:00	12 Aug, 2026 17:59	CW	Wednesday mini-contest 40m	https://ua9qcq.com/results_new.php?testid=242	
Thu, 13 Aug, 2026 03:00	13 Aug, 2026 03:59	CW	Monthly Mini-CWT (Session #3)		https://cwops.org/cwops-tests/
Thu, 13 Aug, 2026 07:00	13 Aug, 2026 07:59	CW	Monthly Mini-CWT (Session #4)		https://cwops.org/cwops-tests/
Fri, 14 Aug, 2026 01:00	14 Aug, 2026 01:29	FT4/FT8	NCCC FT4 Sprint		https://www.ncccsprint.com/ft4ns.html
Fri, 14 Aug, 2026 01:45	14 Aug, 2026 02:14	RTTY	Weekly RTTY Test		https://radiosport.world/wrt.html
Fri, 14 Aug, 2026 02:30	14 Aug, 2026 02:59	CW	NCCC Sprint		https://ncccsprint.com/rules.html
Fri, 14 Aug, 2026 20:00	14 Aug, 2026 20:59	CW	K1USN’s Slow Speed Test		http://www.k1usn.com/sst_rules.html
Sat, 15 Aug, 2026 00:00	15 Aug, 2026 07:59	RTTY	SARTG WW RTTY Contest (Session #1)		
Sat, 15 Aug, 2026 12:00	15 Aug, 2026 12:59	CW,SSB	SARL Youth QSO Party		https://mysarl.org.za/contest-resources/
Sat, 15 Aug, 2026 12:00	16 Aug, 2026 11:59	CW	KCJ Contest		https://kcj-cw.com/e_index.htm
Sat, 15 Aug, 2026 16:00	15 Aug, 2026 17:59	Any modes	Gridlocator Sprint		https://sites.google.com/site/feldhellclub/Home/contests/sprints/gridlocsprint
Sat, 15 Aug, 2026 16:00	15 Aug, 2026 23:59	RTTY	SARTG WW RTTY Contest (Session #2)		
Sat, 15 Aug, 2026 18:00	16 Aug, 2026 20:59	CW	CVA DX Contest CW		http://cvadx.org/regulamento/
Sun, 16 Aug, 2026 08:00	16 Aug, 2026 15:59	RTTY	SARTG WW RTTY Contest (Session #3)		
Sun, 16 Aug, 2026 18:00	16 Aug, 2026 23:59	RTTY	ARRL Rookie Roundup RTTY		http://www.arrl.org/rookie-roundup
Mon, 17 Aug, 2026 00:00	17 Aug, 2026 00:59	CW	K1USN’s Slow Speed Test		http://www.k1usn.com/sst_rules.html
Mon, 17 Aug, 2026 13:00	17 Aug, 2026 13:59	CW	ICWC Medium Speed Test (Session #1)		https://internationalcwcouncil.org/mst-contest/
Mon, 17 Aug, 2026 16:30	17 Aug, 2026 17:29	CW,SSB	OK1WC Memorial Contest		https://memorial-ok1wc.cz/index.php?page=rules2l
Mon, 17 Aug, 2026 19:00	17 Aug, 2026 19:59	CW	ICWC Medium Speed Test (Session #2)		https://internationalcwcouncil.org/mst-contest/
Mon, 17 Aug, 2026 19:00	17 Aug, 2026 20:59	FT4/FT8	RSGB FT4 Contest The contest organizers violate the principles of Ham Spirit		https://www.rsgbcc.org/hf/rules/2026/r80m_ft4.shtml
Tue, 18 Aug, 2026 01:00	18 Aug, 2026 01:59	SSB	Worldwide Sideband Activity Contest		https://wwsac.com/rules.html
Tue, 18 Aug, 2026 03:00	18 Aug, 2026 03:59	CW	ICWC Medium Speed Test (Session #3)		https://internationalcwcouncil.org/mst-contest/
Tue, 18 Aug, 2026 08:00	18 Aug, 2026 08:29	CW,SSB,FT4/FT8	ZL Sprint (CW Round)		https://www.nzart.org.nz/activities/contests/sprints/
Tue, 18 Aug, 2026 08:30	18 Aug, 2026 08:59	CW,SSB,FT4/FT8	ZL Sprint (SSB Round)		https://www.nzart.org.nz/activities/contests/sprints/
Tue, 18 Aug, 2026 09:00	18 Aug, 2026 09:29	CW,SSB,FT4/FT8	ZL Sprint (FT4 Round)		https://www.nzart.org.nz/activities/contests/sprints/
Wed, 19 Aug, 2026 02:30	19 Aug, 2026 03:59	SSB	Phone Weekly Test		http://www.perluma.com/Phone_Fray_Contest_Rules.pdf
Wed, 19 Aug, 2026 12:00	19 Aug, 2026 12:59	CW	A1CLUB Weekly Test		https://a1club.org/contest/awt/
Wed, 19 Aug, 2026 13:00	19 Aug, 2026 13:59	CW	Monthly Mini-CWT (Session #1)		https://cwops.org/cwops-tests/
Wed, 19 Aug, 2026 17:00	19 Aug, 2026 17:59	CW	Wednesday mini-contest 40m	https://ua9qcq.com/results_new.php?testid=242	
Thu, 20 Aug, 2026 03:00	20 Aug, 2026 03:59	CW	Monthly Mini-CWT (Session #3)		https://cwops.org/cwops-tests/
Thu, 20 Aug, 2026 07:00	20 Aug, 2026 07:59	CW	Monthly Mini-CWT (Session #4)		https://cwops.org/cwops-tests/
Thu, 20 Aug, 2026 19:00	20 Aug, 2026 19:59	CW	NTC QSO Party		https://pi4ntc.nl/ntcqp/
Fri, 21 Aug, 2026 01:00	21 Aug, 2026 01:29	FT4/FT8	NCCC FT4 Sprint		https://www.ncccsprint.com/ft4ns.html
Fri, 21 Aug, 2026 01:45	21 Aug, 2026 02:14	RTTY	Weekly RTTY Test		https://radiosport.world/wrt.html
Fri, 21 Aug, 2026 02:30	21 Aug, 2026 02:59	CW	NCCC Sprint		https://ncccsprint.com/rules.html
Fri, 21 Aug, 2026 20:00	21 Aug, 2026 20:59	CW	K1USN’s Slow Speed Test		http://www.k1usn.com/sst_rules.html
Sat, 22 Aug, 2026 12:00	23 Aug, 2026 11:59	CW,SSB	YO DX HF Contest		https://www.yodx.ro/
Sat, 22 Aug, 2026 12:00	23 Aug, 2026 11:59	CW,SSB	ARSI VU DX Contest		https://arsi.info/dxcontest/
Sat, 22 Aug, 2026 16:00	23 Aug, 2026 03:59	CW,SSB	Ohio QSO Party		https://www.ohqp.org/index.php/rules/
Sat, 22 Aug, 2026 18:00	23 Aug, 2026 20:59	SSB	CVA DX Contest SSB		http://cvadx.org/regulamento/
Sat, 22 Aug, 2026 18:00	24 Aug, 2026 03:59	CW,SSB,Digital	Hawaii QSO Party		https://www.hawaiiqsoparty.org/rules-page/
Sun, 23 Aug, 2026 14:00	23 Aug, 2026 16:29	CW	SARL HF CW Contest		https://mysarl.org.za/contest-resources/
Mon, 24 Aug, 2026 00:00	24 Aug, 2026 00:59	CW	K1USN’s Slow Speed Test		http://www.k1usn.com/sst_rules.html
Mon, 24 Aug, 2026 13:00	24 Aug, 2026 13:59	CW	ICWC Medium Speed Test (Session #1)		https://internationalcwcouncil.org/mst-contest/
Mon, 24 Aug, 2026 16:30	24 Aug, 2026 17:29	CW,SSB	OK1WC Memorial Contest		https://memorial-ok1wc.cz/index.php?page=rules2l
Mon, 24 Aug, 2026 19:00	24 Aug, 2026 19:59	CW	ICWC Medium Speed Test (Session #2)		https://internationalcwcouncil.org/mst-contest/
Tue, 25 Aug, 2026 01:00	25 Aug, 2026 01:59	SSB	Worldwide Sideband Activity Contest		https://wwsac.com/rules.html
Tue, 25 Aug, 2026 03:00	25 Aug, 2026 03:59	CW	ICWC Medium Speed Test (Session #3)		https://internationalcwcouncil.org/mst-contest/
Tue, 25 Aug, 2026 08:00	25 Aug, 2026 08:29	CW,SSB,FT4/FT8	ZL Sprint (CW Round)		https://www.nzart.org.nz/activities/contests/sprints/
Tue, 25 Aug, 2026 08:30	25 Aug, 2026 08:59	CW,SSB,FT4/FT8	ZL Sprint (SSB Round)		https://www.nzart.org.nz/activities/contests/sprints/
Tue, 25 Aug, 2026 09:00	25 Aug, 2026 09:29	CW,SSB,FT4/FT8	ZL Sprint (FT4 Round)		https://www.nzart.org.nz/activities/contests/sprints/
Wed, 26 Aug, 2026 02:30	26 Aug, 2026 03:59	SSB	Phone Weekly Test		http://www.perluma.com/Phone_Fray_Contest_Rules.pdf
Wed, 26 Aug, 2026 12:00	26 Aug, 2026 12:59	CW	A1CLUB Weekly Test		https://a1club.org/contest/awt/
Wed, 26 Aug, 2026 13:00	26 Aug, 2026 13:59	CW	Monthly Mini-CWT (Session #1)		https://cwops.org/cwops-tests/
Wed, 26 Aug, 2026 17:00	26 Aug, 2026 17:59	CW	Wednesday mini-contest 40m	https://ua9qcq.com/results_new.php?testid=242	
Thu, 27 Aug, 2026 03:00	27 Aug, 2026 03:59	CW	Monthly Mini-CWT (Session #3)		https://cwops.org/cwops-tests/
Thu, 27 Aug, 2026 07:00	27 Aug, 2026 07:59	CW	Monthly Mini-CWT (Session #4)		https://cwops.org/cwops-tests/
Fri, 28 Aug, 2026 01:00	28 Aug, 2026 01:29	FT4/FT8	NCCC FT4 Sprint		https://www.ncccsprint.com/ft4ns.html
Fri, 28 Aug, 2026 01:45	28 Aug, 2026 02:14	RTTY	Weekly RTTY Test		https://radiosport.world/wrt.html
Fri, 28 Aug, 2026 02:30	28 Aug, 2026 02:59	CW	NCCC Sprint		https://ncccsprint.com/rules.html
Fri, 28 Aug, 2026 20:00	28 Aug, 2026 20:59	CW	K1USN’s Slow Speed Test		http://www.k1usn.com/sst_rules.html
Sat, 29 Aug, 2026 00:00	29 Aug, 2026 23:59	Any modes	Worked All Americas Sprint		https://sites.google.com/site/feldhellclub/Home/contests/sprints/worked-all-americas-sprint
Sat, 29 Aug, 2026 06:00	30 Aug, 2026 05:59	CW,SSB	ALARA Contest		http://www.alara.org.au/contests/index.html
Sat, 29 Aug, 2026 12:00	30 Aug, 2026 02:59	CW,Phone,Digital	U.S. Islands QSO Party		https://usislands.org/qso-party-rules/
Sat, 29 Aug, 2026 12:00	30 Aug, 2026 11:59	Digital	World Wide Digi DX Contest		https://ww-digi.com/rules/
Sat, 29 Aug, 2026 14:00	30 Aug, 2026 01:59	CW,Phone,Digital	Kansas QSO Party (Session #1)		https://ksqsoparty.org/
Sun, 30 Aug, 2026 14:00	30 Aug, 2026 19:59	CW,Phone,Digital	Kansas QSO Party (Session #2)		https://ksqsoparty.org/
Mon, 31 Aug, 2026 00:00	31 Aug, 2026 00:59	CW	K1USN’s Slow Speed Test		http://www.k1usn.com/sst_rules.html
Mon, 31 Aug, 2026 13:00	31 Aug, 2026 13:59	CW	ICWC Medium Speed Test (Session #1)		https://internationalcwcouncil.org/mst-contest/
Mon, 31 Aug, 2026 13:00	31 Aug, 2026 13:59	CW	QCX Challenge (Session #1)		http://www.qrp-labs.com/party.html
Mon, 31 Aug, 2026 16:30	31 Aug, 2026 17:29	CW,SSB	OK1WC Memorial Contest		https://memorial-ok1wc.cz/index.php?page=rules2l
Mon, 31 Aug, 2026 19:00	31 Aug, 2026 19:59	CW	ICWC Medium Speed Test (Session #2)		https://internationalcwcouncil.org/mst-contest/
Mon, 31 Aug, 2026 19:00	31 Aug, 2026 19:59	CW	QCX Challenge (Session #2)		http://www.qrp-labs.com/party.html
