START-OF-LOG: 3.0
CONTEST: ARRL-DX-CW
CALLSIGN: K7RI
LOCATION: WWA
CATEGORY-OPERATOR: MULTI-OP
CATEGORY-ASSISTED: ASSISTED
CATEGORY-POWER: HIGH
CATEGORY-BAND: ALL
CATEGORY-MODE: CW
CATEGORY-TRANSMITTER: ONE
CATEGORY-STATION: FIXED
OPERATORS: K7ZQ K7UDH KI6FE
CREATED-BY: N1MM LOGGER+ 1.0.11105.0
HQ-CATEGORY: Multioperator, Single Transmitter, High Power
HQ-GRID-LOCATOR: CM87TM
QSO: 28017 CW 2026-02-21 0001 K7RI 599 WA JJ3DXD 599 10 0
QSO: 28017 CW 2026-02-21 0002 K7RI 599 WA JE1NVD 599 200 0
QSO: 28017 CW 2026-02-21 0002 K7RI 599 WA JA1IAZ 599 100 0
QSO: 28017 CW 2026-02-21 0003 K7RI 599 WA JJ1FXF 599 200 0
QSO: 28017 CW 2026-02-21 0003 K7RI 599 WA JR2NTC 599 KW 0
QSO: 28017 CW 2026-02-21 0004 K7RI 599 WA JH1EAQ 599 100 0
QSO: 28017 CW 2026-02-21 0005 K7RI 599 WA PY4LH 599 100 0
QSO: 28017 CW 2026-02-21 0005 K7RI 599 WA JF1WAM 599 100 0
QSO: 28017 CW 2026-02-21 0006 K7RI 599 WA JA6GCE 599 100 0
QSO: 28017 CW 2026-02-21 0006 K7RI 599 WA JA2XLV 599 200 0
QSO: 28017 CW 2026-02-21 0008 K7RI 599 WA JF3ITH 599 100 0
QSO: 28017 CW 2026-02-21 0008 K7RI 599 WA JA3XOG 599 500 0
QSO: 28017 CW 2026-02-21 0009 K7RI 599 WA UA0D 599 KW 0
QSO: 28017 CW 2026-02-21 0009 K7RI 599 WA JR4FLW 599 50 0
QSO: 28017 CW 2026-02-21 0009 K7RI 599 WA JF2FIU 599 KW 0
QSO: 28017 CW 2026-02-21 0009 K7RI 599 WA JJ1LBJ 599 100 0
QSO: 28017 CW 2026-02-21 0010 K7RI 599 WA JH1TFE 599 500 0
QSO: 28017 CW 2026-02-21 0011 K7RI 599 WA JA9CWJ 599 KW 0
QSO: 28017 CW 2026-02-21 0011 K7RI 599 WA YB2VSH 599 K 0
QSO: 28017 CW 2026-02-21 0012 K7RI 599 WA JH2RIH 599 100 0
QSO: 28017 CW 2026-02-21 0012 K7RI 599 WA JA7ACM 599 KW 0
QSO: 28017 CW 2026-02-21 0012 K7RI 599 WA JN3DSH 599 100 0
QSO: 28017 CW 2026-02-21 0013 K7RI 599 WA JI1HFJ 599 100 0
QSO: 28017 CW 2026-02-21 0013 K7RI 599 WA JA2EMP 599 200 0
QSO: 28017 CW 2026-02-21 0013 K7RI 599 WA JA7SUR 599 50 0
QSO: 28017 CW 2026-02-21 0014 K7RI 599 WA JF1RPK 599 3 0
QSO: 28017 CW 2026-02-21 0014 K7RI 599 WA JA5QYR 599 500 0
QSO: 28017 CW 2026-02-21 0014 K7RI 599 WA JF3IPR 599 KW 0
QSO: 28017 CW 2026-02-21 0015 K7RI 599 WA JH7QXJ 599 K 0
QSO: 28017 CW 2026-02-21 0015 K7RI 599 WA JM1SMY 599 100 0
QSO: 28017 CW 2026-02-21 0016 K7RI 599 WA JG8TDZ 599 KW 0
QSO: 28017 CW 2026-02-21 0016 K7RI 599 WA JP3WEL 599 200 0
QSO: 28017 CW 2026-02-21 0016 K7RI 599 WA YE1GXQ 599 KW 0
QSO: 28017 CW 2026-02-21 0017 K7RI 599 WA JF1TEU 599 100 0
QSO: 28017 CW 2026-02-21 0017 K7RI 599 WA 7K4AEA 599 200 0
QSO: 28017 CW 2026-02-21 0018 K7RI 599 WA JJ1FXF 599 200 0
QSO: 28017 CW 2026-02-21 0018 K7RI 599 WA JH1OGC 599 100 0
QSO: 28017 CW 2026-02-21 0019 K7RI 599 WA JE5HTN 599 100 0
QSO: 28017 CW 2026-02-21 0019 K7RI 599 WA JA6FFK 599 100 0
QSO: 28017 CW 2026-02-21 0020 K7RI 599 WA JR0DLU 599 100 0
QSO: 28017 CW 2026-02-21 0020 K7RI 599 WA JG1LFR 599 100 0
QSO: 28017 CW 2026-02-21 0021 K7RI 599 WA YB1HR 599 70 0
QSO: 28017 CW 2026-02-21 0022 K7RI 599 WA JG6JAV 599 100 0
QSO: 28017 CW 2026-02-21 0023 K7RI 599 WA JN1THL 599 KW 0
QSO: 28017 CW 2026-02-21 0024 K7RI 599 WA JA0FVU 599 500 0
QSO: 28017 CW 2026-02-21 0024 K7RI 599 WA JR2PMT 599 KW 0
QSO: 28017 CW 2026-02-21 0024 K7RI 599 WA JF1LMB 599 200 0
QSO: 28017 CW 2026-02-21 0025 K7RI 599 WA JH0OXS 599 100 0
QSO: 28017 CW 2026-02-21 0025 K7RI 599 WA JN1GFR 599 100 0
QSO: 28017 CW 2026-02-21 0025 K7RI 599 WA 7K4VPV 599 200 0
QSO: 28017 CW 2026-02-21 0026 K7RI 599 WA JH1HMC 599 100 0
QSO: 28017 CW 2026-02-21 0026 K7RI 599 WA JJ1VEZ 599 100 0
QSO: 28017 CW 2026-02-21 0027 K7RI 599 WA JA3AVO 599 200 0
QSO: 28017 CW 2026-02-21 0027 K7RI 599 WA JA1AUD 599 100 0
QSO: 28017 CW 2026-02-21 0028 K7RI 599 WA JA2FXV 599 100 0
QSO: 28017 CW 2026-02-21 0028 K7RI 599 WA JR7AQL 599 200 0
QSO: 28017 CW 2026-02-21 0029 K7RI 599 WA RU0LL 599 KW 0
QSO: 28017 CW 2026-02-21 0029 K7RI 599 WA JR1GSE 599 KW 0
QSO: 28017 CW 2026-02-21 0029 K7RI 599 WA JM8FEI 599 100 0
QSO: 28017 CW 2026-02-21 0030 K7RI 599 WA JH3FTZ 599 100 0
QSO: 28017 CW 2026-02-21 0030 K7RI 599 WA JJ0PJD 599 100 0
QSO: 28017 CW 2026-02-21 0031 K7RI 599 WA JR8QFG 599 100 0
QSO: 28017 CW 2026-02-21 0031 K7RI 599 WA JH0DAY 599 100 0
QSO: 28017 CW 2026-02-21 0032 K7RI 599 WA JF8PHE 599 200 0
QSO: 28017 CW 2026-02-21 0033 K7RI 599 WA JG1UKW 599 50 0
QSO: 28017 CW 2026-02-21 0033 K7RI 599 WA JE2UFF 599 100 0
QSO: 28017 CW 2026-02-21 0034 K7RI 599 WA JA8CXY 599 100 0
QSO: 28017 CW 2026-02-21 0034 K7RI 599 WA JA9RPU 599 5 0
QSO: 28017 CW 2026-02-21 0035 K7RI 599 WA JA6ELV 599 100 0
QSO: 28017 CW 2026-02-21 0036 K7RI 599 WA BG6QAL 599 100 0
QSO: 28017 CW 2026-02-21 0036 K7RI 599 WA JH1OLB 599 500 0
QSO: 28017 CW 2026-02-21 0036 K7RI 599 WA JA6WFM 599 100 0
QSO: 28017 CW 2026-02-21 0037 K7RI 599 WA JL1EEI 599 50 0
QSO: 28017 CW 2026-02-21 0039 K7RI 599 WA R0LL 599 100 0
QSO: 28017 CW 2026-02-21 0039 K7RI 599 WA VR2GP 599 400 0
QSO: 28017 CW 2026-02-21 0040 K7RI 599 WA JA6MWW 599 KW 0
QSO: 28017 CW 2026-02-21 0040 K7RI 599 WA VR2VRC 599 100 0
QSO: 28017 CW 2026-02-21 0041 K7RI 599 WA JO7KMB 599 200 0
QSO: 28017 CW 2026-02-21 0041 K7RI 599 WA JE2FDH 599 100 0
QSO: 28017 CW 2026-02-21 0041 K7RI 599 WA JI1FOE 599 200 0
QSO: 28017 CW 2026-02-21 0042 K7RI 599 WA JG1ZUY 599 100 0
QSO: 28017 CW 2026-02-21 0042 K7RI 599 WA JA4VNE 599 200 0
QSO: 28017 CW 2026-02-21 0043 K7RI 599 WA JA2KVB 599 100 0
QSO: 28017 CW 2026-02-21 0043 K7RI 599 WA JK3HFN 599 50 0
QSO: 28017 CW 2026-02-21 0044 K7RI 599 WA JM7SKE 599 500 0
QSO: 28017 CW 2026-02-21 0044 K7RI 599 WA JA1CP 599 50 0
QSO: 28017 CW 2026-02-21 0044 K7RI 599 WA JF3LGC 599 KW 0
QSO: 28017 CW 2026-02-21 0045 K7RI 599 WA JR2TMB 599 100 0
QSO: 28017 CW 2026-02-21 0045 K7RI 599 WA JA2XCR 599 100 0
QSO: 28017 CW 2026-02-21 0046 K7RI 599 WA JA7QQQ 599 100 0
QSO: 28017 CW 2026-02-21 0046 K7RI 599 WA RU0L 599 100 0
QSO: 28017 CW 2026-02-21 0047 K7RI 599 WA JA1ZGO 599 KW 0
QSO: 28017 CW 2026-02-21 0047 K7RI 599 WA JH0EPI 599 100 0
QSO: 28017 CW 2026-02-21 0047 K7RI 599 WA 7K1CPT 599 100 0
QSO: 28017 CW 2026-02-21 0048 K7RI 599 WA JA0TCC 599 100 0
QSO: 28017 CW 2026-02-21 0048 K7RI 599 WA 7L2CDG 599 50 0
QSO: 28017 CW 2026-02-21 0049 K7RI 599 WA JA9FFS 599 200 0
QSO: 28017 CW 2026-02-21 0049 K7RI 599 WA JA8AJE 599 100 0
QSO: 28017 CW 2026-02-21 0049 K7RI 599 WA JA1TMG 599 500 0
QSO: 28017 CW 2026-02-21 0050 K7RI 599 WA JK1VMC 599 100 0
QSO: 28017 CW 2026-02-21 0050 K7RI 599 WA JA1CP 599 50 0
QSO: 28017 CW 2026-02-21 0050 K7RI 599 WA JK1DVU 599 100 0
QSO: 28017 CW 2026-02-21 0051 K7RI 599 WA JA6CVR 599 100 0
QSO: 28017 CW 2026-02-21 0051 K7RI 599 WA BY4DX 599 100 0
QSO: 28017 CW 2026-02-21 0052 K7RI 599 WA BI8CZM 599 100 0
QSO: 28017 CW 2026-02-21 0053 K7RI 599 WA JH1PXH 599 KW 0
QSO: 28017 CW 2026-02-21 0054 K7RI 599 WA JK3NQV 599 200 0
QSO: 28017 CW 2026-02-21 0054 K7RI 599 WA RA0LMK 599 100 0
QSO: 28017 CW 2026-02-21 0055 K7RI 599 WA JR1NKN 599 5 0
QSO: 28017 CW 2026-02-21 0055 K7RI 599 WA YB0ECT 599 300 0
QSO: 28017 CW 2026-02-21 0055 K7RI 599 WA JJ2CDL 599 100 0
QSO: 28017 CW 2026-02-21 0056 K7RI 599 WA JG1LHB 599 200 0
QSO: 28017 CW 2026-02-21 0056 K7RI 599 WA JA4MLR 599 100 0
QSO: 28017 CW 2026-02-21 0056 K7RI 599 WA JO4MTH 599 50 0
QSO: 28017 CW 2026-02-21 0057 K7RI 599 WA JM1XBD 599 100 0
QSO: 28017 CW 2026-02-21 0057 K7RI 599 WA JH1XUP 599 200 0
QSO: 28017 CW 2026-02-21 0058 K7RI 599 WA JE4MHL 599 100 0
QSO: 28017 CW 2026-02-21 0058 K7RI 599 WA JA8RWU/1 599 50 0
QSO: 28017 CW 2026-02-21 0059 K7RI 599 WA JA1WQX 599 100 0
QSO: 28017 CW 2026-02-21 0059 K7RI 599 WA JG1XIO 599 100 0
QSO: 28017 CW 2026-02-21 0059 K7RI 599 WA JG2AIG 599 100 0
QSO: 28017 CW 2026-02-21 0100 K7RI 599 WA JI1NIB 599 50 0
QSO: 28017 CW 2026-02-21 0101 K7RI 599 WA 4F3OM 599 5 0
QSO: 28017 CW 2026-02-21 0102 K7RI 599 WA JA5CIC 599 200 0
QSO: 28017 CW 2026-02-21 0103 K7RI 599 WA 3W9MAE 599 500 0
QSO: 28017 CW 2026-02-21 0104 K7RI 599 WA JH8YOH 599 K 0
QSO: 28017 CW 2026-02-21 0104 K7RI 599 WA JL1AQA 599 500 0
QSO: 28017 CW 2026-02-21 0104 K7RI 599 WA JR1AQI 599 100 0
QSO: 28017 CW 2026-02-21 0105 K7RI 599 WA JA5KJD/1 599 50 0
QSO: 28017 CW 2026-02-21 0105 K7RI 599 WA JS1BXH 599 100 0
QSO: 28017 CW 2026-02-21 0106 K7RI 599 WA JF2OZH 599 100 0
QSO: 7005 CW 2026-02-21 0107 K7RI 599 WA EA5RH 599 KW 0
QSO: 7006 CW 2026-02-21 0108 K7RI 599 WA 9A1P 599 KW 0
QSO: 7009 CW 2026-02-21 0112 K7RI 599 WA S52AW 599 KW 0
QSO: 7005 CW 2026-02-21 0116 K7RI 599 WA EA5RS 599 KW 0
QSO: 7015 CW 2026-02-21 0120 K7RI 599 WA 9A/W3WM 599 K 0
QSO: 7015 CW 2026-02-21 0121 K7RI 599 WA EF9M 599 K 0
QSO: 7023 CW 2026-02-21 0128 K7RI 599 WA IO8T 599 500 0
QSO: 7026 CW 2026-02-21 0129 K7RI 599 WA OM7M 599 KW 0
QSO: 7027 CW 2026-02-21 0131 K7RI 599 WA LX7I 599 KW 0
QSO: 7027 CW 2026-02-21 0131 K7RI 599 WA UW5Y 599 KW 0
QSO: 7030 CW 2026-02-21 0133 K7RI 599 WA PJ4A 599 K 0
QSO: 7030 CW 2026-02-21 0134 K7RI 599 WA TM5EE 599 KW 0
QSO: 7036 CW 2026-02-21 0135 K7RI 599 WA SN2M 599 KW 0
QSO: 7036 CW 2026-02-21 0137 K7RI 599 WA SP8R 599 K 0
QSO: 7037 CW 2026-02-21 0140 K7RI 599 WA CR3DX 599 K 0
QSO: 7037 CW 2026-02-21 0140 K7RI 599 WA ED8X 599 KW 0
QSO: 7039 CW 2026-02-21 0142 K7RI 599 WA IO4X 599 500 0
QSO: 7044 CW 2026-02-21 0144 K7RI 599 WA V31DJ 599 400 0
QSO: 7045 CW 2026-02-21 0146 K7RI 599 WA TI7W 599 K 0
QSO: 7052 CW 2026-02-21 0148 K7RI 599 WA CR2N 599 K 0
QSO: 7056 CW 2026-02-21 0149 K7RI 599 WA KP2B 599 900 0
QSO: 7064 CW 2026-02-21 0155 K7RI 599 WA VP9I 599 99 0
QSO: 7007 CW 2026-02-21 0156 K7RI 599 WA HG6N 599 K 0
QSO: 7009 CW 2026-02-21 0157 K7RI 599 WA RL3A 599 KW 0
QSO: 7016 CW 2026-02-21 0159 K7RI 599 WA YU1EW 599 K 0
QSO: 21023 CW 2026-02-21 0202 K7RI 599 WA JA2AXB 599 KW 0
QSO: 21023 CW 2026-02-21 0202 K7RI 599 WA PY2ZEA 599 K 0
QSO: 21023 CW 2026-02-21 0203 K7RI 599 WA UA0D 599 KW 0
QSO: 21023 CW 2026-02-21 0203 K7RI 599 WA JH2HIW 599 100 0
QSO: 21023 CW 2026-02-21 0203 K7RI 599 WA JF3IPR 599 KW 0
QSO: 21023 CW 2026-02-21 0204 K7RI 599 WA JM8RWJ 599 100 0
QSO: 21023 CW 2026-02-21 0204 K7RI 599 WA JR2BYJ 599 100 0
QSO: 21023 CW 2026-02-21 0204 K7RI 599 WA JM1SZY 599 500 0
QSO: 21023 CW 2026-02-21 0205 K7RI 599 WA JA7EVH 599 K 0
QSO: 21023 CW 2026-02-21 0205 K7RI 599 WA JH3FTZ 599 100 0
QSO: 21023 CW 2026-02-21 0205 K7RI 599 WA JH1TJH 599 100 0
QSO: 21023 CW 2026-02-21 0206 K7RI 599 WA JA3AVO 599 200 0
QSO: 21023 CW 2026-02-21 0206 K7RI 599 WA RA0LMK 599 100 0
QSO: 21023 CW 2026-02-21 0206 K7RI 599 WA YB1HR 599 70 0
QSO: 21023 CW 2026-02-21 0207 K7RI 599 WA JA1IAZ 599 100 0
QSO: 21023 CW 2026-02-21 0208 K7RI 599 WA JH4UTP 599 100 0
QSO: 21023 CW 2026-02-21 0208 K7RI 599 WA JA6MWW 599 KW 0
QSO: 21023 CW 2026-02-21 0208 K7RI 599 WA JN3DSH 599 100 0
QSO: 21023 CW 2026-02-21 0209 K7RI 599 WA JR4FLW 599 100 0
QSO: 21023 CW 2026-02-21 0209 K7RI 599 WA JG1LFR 599 100 0
QSO: 21023 CW 2026-02-21 0210 K7RI 599 WA JA2EMP 599 200 0
QSO: 21023 CW 2026-02-21 0210 K7RI 599 WA BA3AX 599 100 0
QSO: 21023 CW 2026-02-21 0211 K7RI 599 WA JA8CXY 599 100 0
QSO: 21023 CW 2026-02-21 0211 K7RI 599 WA KL7P 599 100 0
QSO: 21023 CW 2026-02-21 0211 K7RI 599 WA JN2AMD 599 KW 0
QSO: 21023 CW 2026-02-21 0212 K7RI 599 WA JA4DLF 599 250 0
QSO: 21023 CW 2026-02-21 0212 K7RI 599 WA JA2KPW 599 200 0
QSO: 21023 CW 2026-02-21 0213 K7RI 599 WA SM2M 599 KW 0
QSO: 21023 CW 2026-02-21 0213 K7RI 599 WA JK2RCP 599 100 0
QSO: 21023 CW 2026-02-21 0213 K7RI 599 WA JI1HFJ 599 100 0
QSO: 21023 CW 2026-02-21 0214 K7RI 599 WA YB2VYY 599 100 0
QSO: 21023 CW 2026-02-21 0215 K7RI 599 WA 7L4MDM 599 100 0
QSO: 21023 CW 2026-02-21 0215 K7RI 599 WA JJ1AEB 599 100 0
QSO: 21023 CW 2026-02-21 0216 K7RI 599 WA JA6JNF 599 200 0
QSO: 21023 CW 2026-02-21 0216 K7RI 599 WA JA8GAK 599 200 0
QSO: 21023 CW 2026-02-21 0217 K7RI 599 WA JA7ACM 599 KW 0
QSO: 21023 CW 2026-02-21 0218 K7RI 599 WA JS1OYN 599 100 0
QSO: 21023 CW 2026-02-21 0218 K7RI 599 WA JA2AWS 599 100 0
QSO: 21023 CW 2026-02-21 0219 K7RI 599 WA YB0NSI 599 100 0
QSO: 21023 CW 2026-02-21 0219 K7RI 599 WA JH2RIH 599 100 0
QSO: 21023 CW 2026-02-21 0220 K7RI 599 WA RN0D 599 KW 0
QSO: 21023 CW 2026-02-21 0220 K7RI 599 WA JN1THL 599 KW 0
QSO: 21023 CW 2026-02-21 0221 K7RI 599 WA JH1HIC 599 KW 0
QSO: 21023 CW 2026-02-21 0221 K7RI 599 WA DS2UAL 599 500 0
QSO: 21023 CW 2026-02-21 0222 K7RI 599 WA JF5SIM 599 500 0
QSO: 21023 CW 2026-02-21 0222 K7RI 599 WA RC0L 599 KW 0
QSO: 21023 CW 2026-02-21 0223 K7RI 599 WA 3W9MAE 599 500 0
QSO: 21023 CW 2026-02-21 0223 K7RI 599 WA JE1NVD 599 500 0
QSO: 21023 CW 2026-02-21 0223 K7RI 599 WA JH0OXS 599 100 0
QSO: 21023 CW 2026-02-21 0224 K7RI 599 WA JR2GRX 599 K 0
QSO: 21023 CW 2026-02-21 0224 K7RI 599 WA JF7PHE 599 200 0
QSO: 21023 CW 2026-02-21 0225 K7RI 599 WA JI7NUF 599 KW 0
QSO: 21023 CW 2026-02-21 0225 K7RI 599 WA KH6ZT 599 100 0
QSO: 21023 CW 2026-02-21 0226 K7RI 599 WA JG2AIG 599 100 0
QSO: 21023 CW 2026-02-21 0227 K7RI 599 WA YD4KEP 599 100 0
QSO: 21023 CW 2026-02-21 0228 K7RI 599 WA JH1MTR/4 599 50 0
QSO: 21023 CW 2026-02-21 0228 K7RI 599 WA JF3EIP 599 100 0
QSO: 21023 CW 2026-02-21 0229 K7RI 599 WA JA1TMG 599 500 0
QSO: 21023 CW 2026-02-21 0229 K7RI 599 WA JR1NKN 599 5 0
QSO: 21023 CW 2026-02-21 0229 K7RI 599 WA JE1LFX 599 K 0
QSO: 21023 CW 2026-02-21 0230 K7RI 599 WA JF1VAE 599 100 0
QSO: 21023 CW 2026-02-21 0230 K7RI 599 WA JA4VNE 599 200 0
QSO: 21023 CW 2026-02-21 0231 K7RI 599 WA JL1DQE 599 200 0
QSO: 21023 CW 2026-02-21 0231 K7RI 599 WA JA1ZGO 599 K 0
QSO: 21023 CW 2026-02-21 0232 K7RI 599 WA JS1PDC 599 50 0
QSO: 21023 CW 2026-02-21 0232 K7RI 599 WA DS5GJS 599 KW 0
QSO: 21023 CW 2026-02-21 0233 K7RI 599 WA JJ1XBQ 599 200 0
QSO: 21023 CW 2026-02-21 0233 K7RI 599 WA NL7V 599 K 0
QSO: 21023 CW 2026-02-21 0233 K7RI 599 WA JJ1VEZ 599 100 0
QSO: 21023 CW 2026-02-21 0234 K7RI 599 WA JA6CTN 599 100 0
QSO: 21023 CW 2026-02-21 0234 K7RI 599 WA DS5DNO 599 300 0
QSO: 21023 CW 2026-02-21 0235 K7RI 599 WA JM1VNJ 599 50 0
QSO: 21023 CW 2026-02-21 0236 K7RI 599 WA JQ2NUD 599 100 0
QSO: 21023 CW 2026-02-21 0236 K7RI 599 WA BG2EZM 599 100 0
QSO: 21023 CW 2026-02-21 0236 K7RI 599 WA JI1ALP 599 50 0
QSO: 21023 CW 2026-02-21 0237 K7RI 599 WA JA3GOJ 599 100 0
QSO: 21023 CW 2026-02-21 0237 K7RI 599 WA JM8LND 599 100 0
QSO: 21023 CW 2026-02-21 0238 K7RI 599 WA JA1CP 599 50 0
QSO: 21023 CW 2026-02-21 0238 K7RI 599 WA JA3UWB 599 100 0
QSO: 21023 CW 2026-02-21 0239 K7RI 599 WA JQ1CIV 599 KW 0
QSO: 21023 CW 2026-02-21 0239 K7RI 599 WA JK1JAS 599 100 0
QSO: 21023 CW 2026-02-21 0240 K7RI 599 WA JL1QDO 599 100 0
QSO: 21023 CW 2026-02-21 0240 K7RI 599 WA BD7JNA 599 KW 0
QSO: 21023 CW 2026-02-21 0241 K7RI 599 WA JH5HDA 599 100 0
QSO: 21023 CW 2026-02-21 0242 K7RI 599 WA JJ0TWX 599 100 0
QSO: 21023 CW 2026-02-21 0242 K7RI 599 WA 7K4TKB 599 100 0
QSO: 21023 CW 2026-02-21 0243 K7RI 599 WA BD4OJ 599 70 0
QSO: 21023 CW 2026-02-21 0243 K7RI 599 WA JI3NOP 599 200 0
QSO: 21023 CW 2026-02-21 0243 K7RI 599 WA JM8QGN 599 100 0
QSO: 21023 CW 2026-02-21 0244 K7RI 599 WA JA7ODY 599 200 0
QSO: 21023 CW 2026-02-21 0244 K7RI 599 WA ZL1BBW 599 KW 0
QSO: 21023 CW 2026-02-21 0244 K7RI 599 WA BH4GUU 599 50 0
QSO: 21023 CW 2026-02-21 0245 K7RI 599 WA JH4NJQ 599 50 0
QSO: 21023 CW 2026-02-21 0245 K7RI 599 WA JS2PHO 599 100 0
QSO: 21023 CW 2026-02-21 0245 K7RI 599 WA HL2BQG 599 KW 0
QSO: 21023 CW 2026-02-21 0246 K7RI 599 WA JR1AQI 599 100 0
QSO: 21023 CW 2026-02-21 0246 K7RI 599 WA KL5DX 599 K 0
QSO: 21023 CW 2026-02-21 0247 K7RI 599 WA YE1BMZ 599 50 0
QSO: 21023 CW 2026-02-21 0247 K7RI 599 WA JH7JUO 599 50 0
QSO: 21023 CW 2026-02-21 0248 K7RI 599 WA YB1CMZ 599 100 0
QSO: 21023 CW 2026-02-21 0249 K7RI 599 WA JA0FVU 599 500 0
QSO: 21023 CW 2026-02-21 0249 K7RI 599 WA BH6KOK 599 100 0
QSO: 21023 CW 2026-02-21 0251 K7RI 599 WA DB4ITM 599 KW 0
QSO: 21023 CW 2026-02-21 0251 K7RI 599 WA DU1IVT 599 100 0
QSO: 21023 CW 2026-02-21 0252 K7RI 599 WA JA6FFK 599 100 0
QSO: 21023 CW 2026-02-21 0252 K7RI 599 WA JH8YOH 599 K 0
QSO: 21023 CW 2026-02-21 0253 K7RI 599 WA JJ0PJD 599 100 0
QSO: 21023 CW 2026-02-21 0253 K7RI 599 WA E2M 599 K 0
QSO: 21023 CW 2026-02-21 0254 K7RI 599 WA JM1GOH 599 50 0
QSO: 21023 CW 2026-02-21 0254 K7RI 599 WA JQ1NGT 599 5 0
QSO: 21023 CW 2026-02-21 0254 K7RI 599 WA JA3YBK 599 KW 0
QSO: 21023 CW 2026-02-21 0255 K7RI 599 WA YB9ELS 599 100 0
QSO: 21023 CW 2026-02-21 0255 K7RI 599 WA JJ2CDL 599 100 0
QSO: 21023 CW 2026-02-21 0256 K7RI 599 WA JG1GOY 599 50 0
QSO: 21023 CW 2026-02-21 0257 K7RI 59 WA DS4OMS 599 100 0
QSO: 21023 CW 2026-02-21 0257 K7RI 599 WA JA8RWU/1 599 50 0
QSO: 21023 CW 2026-02-21 0257 K7RI 599 WA JH1XUP 599 200 0
QSO: 21023 CW 2026-02-21 0258 K7RI 599 WA JK1QDZ 599 70 0
QSO: 21023 CW 2026-02-21 0259 K7RI 599 WA JG1FMA 599 100 0
QSO: 21023 CW 2026-02-21 0259 K7RI 599 WA BY4DX 599 100 0
QSO: 21023 CW 2026-02-21 0259 K7RI 599 WA KH6J 599 K 0
QSO: 21023 CW 2026-02-21 0300 K7RI 599 WA JA6ELV 599 100 0
QSO: 21023 CW 2026-02-21 0301 K7RI 599 WA YD1FRU 599 100 0
QSO: 21023 CW 2026-02-21 0301 K7RI 599 WA JA7NPV 599 K 0
QSO: 21023 CW 2026-02-21 0301 K7RI 599 WA JA2GHP 599 100 0
QSO: 21023 CW 2026-02-21 0302 K7RI 599 WA JA3DAY 599 100 0
QSO: 21023 CW 2026-02-21 0302 K7RI 599 WA YE1GXQ 599 KW 0
QSO: 21023 CW 2026-02-21 0304 K7RI 599 WA DS5BJO 599 65 0
QSO: 21023 CW 2026-02-21 0304 K7RI 599 WA JJ1LBJ 599 100 0
QSO: 21023 CW 2026-02-21 0305 K7RI 599 WA VL2Y 599 100 0
QSO: 21023 CW 2026-02-21 0306 K7RI 599 WA JA7OYM 599 KW 0
QSO: 21023 CW 2026-02-21 0306 K7RI 599 WA JA7ZFN 599 KW 0
QSO: 21023 CW 2026-02-21 0306 K7RI 599 WA JA6NQT 599 200 0
QSO: 21023 CW 2026-02-21 0307 K7RI 599 WA JR0GXA 599 100 0
QSO: 21023 CW 2026-02-21 0307 K7RI 599 WA YB2IQ 599 KW 0
QSO: 21023 CW 2026-02-21 0308 K7RI 599 WA JG1ZUY 599 100 0
QSO: 21023 CW 2026-02-21 0310 K7RI 599 WA BG5QAL 599 100 0
QSO: 21023 CW 2026-02-21 0310 K7RI 599 WA JQ1YUF 599 K 0
QSO: 21023 CW 2026-02-21 0310 K7RI 599 WA BD3TE 599 KW 0
QSO: 21023 CW 2026-02-21 0311 K7RI 599 WA BI8CZM 599 100 0
QSO: 21023 CW 2026-02-21 0311 K7RI 599 WA JI1BBN 599 50 0
QSO: 21023 CW 2026-02-21 0312 K7RI 599 WA JO1KTD 599 50 0
QSO: 21023 CW 2026-02-21 0313 K7RI 599 WA JA3NUT 599 100 0
QSO: 21023 CW 2026-02-21 0313 K7RI 599 WA JH0MUC 599 100 0
QSO: 21023 CW 2026-02-21 0313 K7RI 599 WA AH7RF 599 5 0
QSO: 21023 CW 2026-02-21 0314 K7RI 599 WA BG6GQE 599 KW 0
QSO: 21021 CW 2026-02-21 0315 K7RI 599 WA UN4Q 599 100 0
QSO: 21040 CW 2026-02-21 0315 K7RI 599 WA AH2R 599 KW 0
QSO: 21048 CW 2026-02-21 0320 K7RI 599 WA JH1OGC 599 100 0
QSO: 7030 CW 2026-02-21 0321 K7RI 599 WA OK7W 599 K 0
QSO: 7020 CW 2026-02-21 0325 K7RI 599 WA HD8R 599 K 0
QSO: 7020 CW 2026-02-21 0327 K7RI 599 WA HD7R 599 K 0
QSO: 7020 CW 2026-02-21 0330 K7RI 599 WA LN8W 599 KW 0
QSO: 7021 CW 2026-02-21 0330 K7RI 599 WA LZ5M 599 KW 0
QSO: 7023 CW 2026-02-21 0332 K7RI 599 WA OZ5W 599 KW 0
QSO: 7024 CW 2026-02-21 0333 K7RI 599 WA ED7K 599 K 0
QSO: 7032 CW 2026-02-21 0336 K7RI 599 WA EA4KD 599 K 0
QSO: 7033 CW 2026-02-21 0336 K7RI 599 WA ZF1A 599 K 0
QSO: 7034 CW 2026-02-21 0337 K7RI 599 WA HA8JV 599 KW 0
QSO: 7036 CW 2026-02-21 0338 K7RI 599 WA V3T 599 99 0
QSO: 7037 CW 2026-02-21 0339 K7RI 599 WA OH0Z 599 K 0
QSO: 7040 CW 2026-02-21 0340 K7RI 599 WA CR3W 599 K 0
QSO: 7041 CW 2026-02-21 0341 K7RI 599 WA 4Z5LA 599 80 0
QSO: 7044 CW 2026-02-21 0343 K7RI 599 WA PJ2T 599 K 0
QSO: 7045 CW 2026-02-21 0343 K7RI 599 WA NP4DX 599 K 0
QSO: 7048 CW 2026-02-21 0344 K7RI 599 WA PJ4K 599 K 0
QSO: 7058 CW 2026-02-21 0346 K7RI 599 WA OE8DDX 599 100 0
QSO: 7010 CW 2026-02-21 0351 K7RI 599 WA YL7X 599 KW 0
QSO: 7013 CW 2026-02-21 0352 K7RI 599 WA HB2T 599 K 0
QSO: 14004 CW 2026-02-21 0354 K7RI 599 WA KH6J 599 K 0
QSO: 14004 CW 2026-02-21 0355 K7RI 599 WA JG1LFR 599 100 0
QSO: 14004 CW 2026-02-21 0355 K7RI 599 WA JA2AXB 599 KW 0
QSO: 14004 CW 2026-02-21 0355 K7RI 599 WA JQ1NGT 599 5 0
QSO: 14004 CW 2026-02-21 0356 K7RI 599 WA JA3JM 599 100 0
QSO: 14004 CW 2026-02-21 0356 K7RI 599 WA JA4MLR 599 25 0
QSO: 14004 CW 2026-02-21 0357 K7RI 599 WA RD0A 599 K 0
QSO: 14004 CW 2026-02-21 0358 K7RI 599 WA RU0LL 599 KW 0
QSO: 14004 CW 2026-02-21 0358 K7RI 599 WA JF7PHE 599 200 0
QSO: 14004 CW 2026-02-21 0359 K7RI 599 WA JI1HFJ 599 100 0
QSO: 14004 CW 2026-02-21 0359 K7RI 599 WA UD8A 599 100 0
QSO: 14004 CW 2026-02-21 0400 K7RI 599 WA RA9V 599 KW 0
QSO: 14004 CW 2026-02-21 0400 K7RI 599 WA JE5HTN 599 100 0
QSO: 14004 CW 2026-02-21 0401 K7RI 599 WA YE1GXQ 599 KW 0
QSO: 14004 CW 2026-02-21 0401 K7RI 599 WA RC0CD 599 500 0
QSO: 14004 CW 2026-02-21 0402 K7RI 599 WA JA7NPV 599 K 0
QSO: 14004 CW 2026-02-21 0403 K7RI 599 WA JA1CP 599 50 0
QSO: 14004 CW 2026-02-21 0403 K7RI 599 WA JR4FLW 599 50 0
QSO: 14004 CW 2026-02-21 0403 K7RI 599 WA JR1ATA 599 100 0
QSO: 14004 CW 2026-02-21 0403 K7RI 599 WA JE1LFX 599 K 0
QSO: 14004 CW 2026-02-21 0404 K7RI 599 WA JI3NOP 599 200 0
QSO: 14004 CW 2026-02-21 0404 K7RI 599 WA JF3IPR 599 KW 0
QSO: 14004 CW 2026-02-21 0405 K7RI 599 WA JK4JMO 599 100 0
QSO: 14004 CW 2026-02-21 0405 K7RI 599 WA JH1HMC 599 100 0
QSO: 14004 CW 2026-02-21 0406 K7RI 599 WA KH6ZT 599 100 0
QSO: 14004 CW 2026-02-21 0406 K7RI 599 WA JE1NVD 599 200 0
QSO: 14004 CW 2026-02-21 0407 K7RI 599 WA JH1HIC 599 KW 0
QSO: 14004 CW 2026-02-21 0407 K7RI 599 WA JI1FOE 599 200 0
QSO: 14004 CW 2026-02-21 0408 K7RI 599 WA JR2GRX 599 K 0
QSO: 14004 CW 2026-02-21 0408 K7RI 599 WA JN2AMD 599 KW 0
QSO: 14004 CW 2026-02-21 0408 K7RI 599 WA RK9A 599 KW 0
QSO: 14004 CW 2026-02-21 0409 K7RI 599 WA CE4KS 599 100 0
QSO: 14004 CW 2026-02-21 0409 K7RI 599 WA JN1GFR 599 100 0
QSO: 14004 CW 2026-02-21 0410 K7RI 599 WA JR1AQI 599 100 0
QSO: 14004 CW 2026-02-21 0410 K7RI 599 WA JM1VNJ 599 50 0
QSO: 14004 CW 2026-02-21 0410 K7RI 599 WA UN4Q 599 100 0
QSO: 14004 CW 2026-02-21 0411 K7RI 599 WA UA0D 599 KW 0
QSO: 14004 CW 2026-02-21 0411 K7RI 599 WA JM1XBD 599 100 0
QSO: 14004 CW 2026-02-21 0411 K7RI 599 WA JJ2CDL 599 100 0
QSO: 14004 CW 2026-02-21 0412 K7RI 599 WA XQ3SK 599 KW 0
QSO: 14004 CW 2026-02-21 0412 K7RI 599 WA JA3UWB 599 100 0
QSO: 14004 CW 2026-02-21 0414 K7RI 599 WA JE2PHJ 599 50 0
QSO: 14004 CW 2026-02-21 0414 K7RI 599 WA JO4MTH 599 50 0
QSO: 14004 CW 2026-02-21 0415 K7RI 599 WA JA4DLF 599 250 0
QSO: 14004 CW 2026-02-21 0417 K7RI 599 WA UA9UTI 599 100 0
QSO: 14004 CW 2026-02-21 0417 K7RI 599 WA DS5GJS 599 100 0
QSO: 14004 CW 2026-02-21 0418 K7RI 599 WA RG8U 599 100 0
QSO: 14004 CW 2026-02-21 0419 K7RI 599 WA JE3PTA 599 50 0
QSO: 14009 CW 2026-02-21 0420 K7RI 599 WA FK8IK 599 K 0
QSO: 14017 CW 2026-02-21 0421 K7RI 599 WA BA4IHB 599 KW 0
QSO: 14020 CW 2026-02-21 0424 K7RI 599 WA KP2B 599 911 0
QSO: 14004 CW 2026-02-21 0429 K7RI 599 WA JJ1VEZ 599 100 0
QSO: 14004 CW 2026-02-21 0429 K7RI 599 WA JF2SKV 599 100 0
QSO: 14004 CW 2026-02-21 0430 K7RI 599 WA JR1MEG 599 50 0
QSO: 14004 CW 2026-02-21 0431 K7RI 599 WA JL1DQE 599 200 0
QSO: 14004 CW 2026-02-21 0431 K7RI 599 WA JH1OGC 599 100 0
QSO: 14004 CW 2026-02-21 0431 K7RI 599 WA JH8YOH 599 K 0
QSO: 14004 CW 2026-02-21 0432 K7RI 599 WA JH0KFI 599 5 0
QSO: 14004 CW 2026-02-21 0432 K7RI 599 WA 3W9MAE 599 500 0
QSO: 14004 CW 2026-02-21 0433 K7RI 599 WA KH6LC 599 K 0
QSO: 14004 CW 2026-02-21 0433 K7RI 599 WA JH4FUF 599 100 0
QSO: 14004 CW 2026-02-21 0434 K7RI 599 WA RC0L 599 KW 0
QSO: 14004 CW 2026-02-21 0434 K7RI 599 WA JH3FTZ 599 100 0
QSO: 14004 CW 2026-02-21 0435 K7RI 599 WA JG1XIO 599 100 0
QSO: 14004 CW 2026-02-21 0435 K7RI 599 WA JJ1VFE 599 200 0
QSO: 14004 CW 2026-02-21 0435 K7RI 599 WA JA5QYR 599 500 0
QSO: 14004 CW 2026-02-21 0436 K7RI 599 WA JA8AJE 599 100 0
QSO: 14004 CW 2026-02-21 0436 K7RI 599 WA JA6ELV 599 100 0
QSO: 14004 CW 2026-02-21 0436 K7RI 599 WA JA1BVY 599 200 0
QSO: 14004 CW 2026-02-21 0437 K7RI 599 WA JH7UJU 599 5 0
QSO: 14004 CW 2026-02-21 0437 K7RI 599 WA JK1TCV 599 5 0
QSO: 14004 CW 2026-02-21 0438 K7RI 599 WA DS5GJS 599 100 0
QSO: 14004 CW 2026-02-21 0438 K7RI 599 WA JM8RWJ 599 100 0
QSO: 14004 CW 2026-02-21 0438 K7RI 599 WA JA6CVR 599 100 0
QSO: 14004 CW 2026-02-21 0439 K7RI 599 WA JE2OTM 599 K 0
QSO: 14004 CW 2026-02-21 0439 K7RI 599 WA JA3YBK 599 KW 0
QSO: 14004 CW 2026-02-21 0439 K7RI 599 WA JG1ZUY 599 100 0
QSO: 14004 CW 2026-02-21 0440 K7RI 599 WA JM7SKE 599 500 0
QSO: 14004 CW 2026-02-21 0440 K7RI 599 WA RA0LMK 599 100 0
QSO: 14004 CW 2026-02-21 0440 K7RI 599 WA JA1JBP 599 100 0
QSO: 14004 CW 2026-02-21 0441 K7RI 599 WA YB9ELS 599 100 0
QSO: 14004 CW 2026-02-21 0441 K7RI 599 WA JA4FFZ 599 100 0
QSO: 14004 CW 2026-02-21 0443 K7RI 599 WA JJ3TBB 599 50 0
QSO: 14004 CW 2026-02-21 0444 K7RI 599 WA JA0FVU 599 500 0
QSO: 14004 CW 2026-02-21 0444 K7RI 599 WA JQ1YUF 599 K 0
QSO: 14004 CW 2026-02-21 0445 K7RI 599 WA JR8DHW 599 100 0
QSO: 14004 CW 2026-02-21 0445 K7RI 599 WA JA4DLF 599 250 0
QSO: 14004 CW 2026-02-21 0447 K7RI 599 WA JH4WLU 599 100 0
QSO: 14004 CW 2026-02-21 0447 K7RI 599 WA JG2RFJ 599 50 0
QSO: 14004 CW 2026-02-21 0448 K7RI 599 WA JR7AQL 599 200 0
QSO: 14004 CW 2026-02-21 0448 K7RI 599 WA JK2RCP 599 100 0
QSO: 14004 CW 2026-02-21 0449 K7RI 599 WA JK1QDZ 599 70 0
QSO: 14004 CW 2026-02-21 0450 K7RI 599 WA JH1EAQ 599 100 0
QSO: 14004 CW 2026-02-21 0450 K7RI 599 WA JA2GHP 599 100 0
QSO: 14004 CW 2026-02-21 0450 K7RI 599 WA JA1BJI 599 100 0
QSO: 14004 CW 2026-02-21 0451 K7RI 599 WA JA6WFM 599 100 0
QSO: 14004 CW 2026-02-21 0452 K7RI 599 WA JE1LOI 599 200 0
QSO: 14004 CW 2026-02-21 0453 K7RI 599 WA BD7JNA 599 KW 0
QSO: 14004 CW 2026-02-21 0453 K7RI 599 WA JH7IQQ 599 100 0
QSO: 14004 CW 2026-02-21 0453 K7RI 599 WA JP3WEL 599 200 0
QSO: 14004 CW 2026-02-21 0454 K7RI 599 WA JA2EMP 599 200 0
QSO: 14004 CW 2026-02-21 0455 K7RI 599 WA JH4NJQ 599 50 0
QSO: 14004 CW 2026-02-21 0455 K7RI 599 WA JQ3GJW 599 100 0
QSO: 14004 CW 2026-02-21 0456 K7RI 599 WA 7K1CPT 599 100 0
QSO: 14004 CW 2026-02-21 0456 K7RI 599 WA JA3LIL 599 KW 0
QSO: 14004 CW 2026-02-21 0457 K7RI 599 WA JI2MED 599 500 0
QSO: 14004 CW 2026-02-21 0457 K7RI 599 WA DS2UAL 599 500 0
QSO: 14004 CW 2026-02-21 0457 K7RI 599 WA 7L4MDM 599 100 0
QSO: 14004 CW 2026-02-21 0458 K7RI 599 WA VL4A 599 100 0
QSO: 14004 CW 2026-02-21 0458 K7RI 599 WA JF2FIU 599 KW 0
QSO: 14004 CW 2026-02-21 0459 K7RI 599 WA JK7DWD 599 5 0
QSO: 14004 CW 2026-02-21 0500 K7RI 599 WA JH0OXS 599 100 0
QSO: 14004 CW 2026-02-21 0501 K7RI 599 WA JA2KVB 599 100 0
QSO: 14004 CW 2026-02-21 0501 K7RI 599 WA UA0DAR 599 KW 0
QSO: 14004 CW 2026-02-21 0501 K7RI 599 WA JM8LND 599 100 0
QSO: 14004 CW 2026-02-21 0502 K7RI 599 WA JA1ZGO 599 K 0
QSO: 14004 CW 2026-02-21 0503 K7RI 599 WA JA6GCE 599 100 0
QSO: 14035 CW 2026-02-21 0504 K7RI 599 WA AH2R 599 KW 0
QSO: 14004 CW 2026-02-21 0504 K7RI 599 WA JK2VOC 599 100 0
QSO: 14004 CW 2026-02-21 0505 K7RI 599 WA JA7FTR 599 KW 0
QSO: 14004 CW 2026-02-21 0506 K7RI 599 WA JF1LMB 599 200 0
QSO: 14004 CW 2026-02-21 0508 K7RI 599 WA 7M3LDC 599 100 0
QSO: 14004 CW 2026-02-21 0510 K7RI 599 WA JA8CXY 599 100 0
QSO: 14004 CW 2026-02-21 0513 K7RI 599 WA JJ1VEZ 599 100 0
QSO: 14004 CW 2026-02-21 0514 K7RI 599 WA JA8DNV 599 KW 0
QSO: 7020 CW 2026-02-21 0524 K7RI 599 WA HB8R 599 KW 0
QSO: 7018 CW 2026-02-21 0526 K7RI 599 WA ZS1C 599 KW 0
QSO: 7021 CW 2026-02-21 0530 K7RI 599 WA EF8X 599 KW 0
QSO: 7022 CW 2026-02-21 0531 K7RI 599 WA HA3NU 599 KW 0
QSO: 7023 CW 2026-02-21 0532 K7RI 599 WA OL3Z 599 KW 0
QSO: 7026 CW 2026-02-21 0532 K7RI 599 WA OM2VL 599 KW 0
QSO: 7027 CW 2026-02-21 0537 K7RI 599 WA KL5DX 599 K 0
QSO: 7031 CW 2026-02-21 0538 K7RI 599 WA S57AL 599 KW 0
QSO: 7035 CW 2026-02-21 0539 K7RI 599 WA E7DX 599 K 0
QSO: 7037 CW 2026-02-21 0539 K7RI 599 WA KH6J 599 K 0
QSO: 7041 CW 2026-02-21 0540 K7RI 599 WA PJ7/4Z5LA 599 80 0
QSO: 7041 CW 2026-02-21 0540 K7RI 599 WA SK3W 599 K 0
QSO: 7044 CW 2026-02-21 0541 K7RI 599 WA OM7K 599 KW 0
QSO: 7056 CW 2026-02-21 0542 K7RI 599 WA 8P5A 599 K 0
QSO: 7067 CW 2026-02-21 0544 K7RI 599 WA TI2OY 599 100 0
QSO: 7071 CW 2026-02-21 0544 K7RI 599 WA VP2EEU 599 100 0
QSO: 7042 CW 2026-02-21 0550 K7RI 599 WA XQ3SK 599 KW 0
QSO: 7050 CW 2026-02-21 0551 K7RI 599 WA EF8L 599 100 0
QSO: 7052 CW 2026-02-21 0552 K7RI 599 WA S51J 599 KW 0
QSO: 7054 CW 2026-02-21 0553 K7RI 599 WA CO8ZZ 599 100 0
QSO: 7059 CW 2026-02-21 0554 K7RI 599 WA SN7Q 599 KW 0
QSO: 7020 CW 2026-02-21 0558 K7RI 599 WA SO9I 599 K 0
QSO: 7017 CW 2026-02-21 0602 K7RI 599 WA EF5O 599 KW 0
QSO: 7027 CW 2026-02-21 0604 K7RI 599 WA DH8VU 599 KW 0
QSO: 7028 CW 2026-02-21 0607 K7RI 599 WA JH4UYB 599 K 0
QSO: 7028 CW 2026-02-21 0609 K7RI 599 WA JJ0PKS 599 200 0
QSO: 7028 CW 2026-02-21 0610 K7RI 599 WA JM1YUF 599 K 0
QSO: 7028 CW 2026-02-21 0610 K7RI 599 WA JR2GRX 599 K 0
QSO: 7028 CW 2026-02-21 0613 K7RI 599 WA JG1ZUY 599 100 0
QSO: 7028 CW 2026-02-21 0613 K7RI 599 WA JH7TIX 599 KW 0
QSO: 7028 CW 2026-02-21 0613 K7RI 599 WA JA1ZGO 599 K 0
QSO: 7028 CW 2026-02-21 0615 K7RI 599 WA UA0D 599 KW 0
QSO: 7011 CW 2026-02-21 0618 K7RI 599 WA JF1NHD 599 K 0
QSO: 7015 CW 2026-02-21 0619 K7RI 599 WA JH8YOH 599 K 0
QSO: 7016 CW 2026-02-21 0620 K7RI 599 WA JA1BJI 599 100 0
QSO: 7016 CW 2026-02-21 0622 K7RI 599 WA JS1BJI 599 100 0
QSO: 7018 CW 2026-02-21 0623 K7RI 599 WA JA7FTR 599 KW 0
QSO: 7014 CW 2026-02-21 0624 K7RI 599 WA JS1OYN 599 100 0
QSO: 7028 CW 2026-02-21 0625 K7RI 599 WA JA3YBK 599 KW 0
QSO: 7044 CW 2026-02-21 0628 K7RI 599 WA V3O 599 K 0
QSO: 7066 CW 2026-02-21 0631 K7RI 599 WA V47Y 599 100 0
QSO: 7067 CW 2026-02-21 0632 K7RI 599 WA PR1T 599 KW 0
QSO: 7060 CW 2026-02-21 0632 K7RI 599 WA TO4A 599 K 0
QSO: 7050 CW 2026-02-21 0634 K7RI 599 WA IK6PTH 599 100 0
QSO: 7060 CW 2026-02-21 0637 K7RI 599 WA 9A4V 599 KW 0
QSO: 7042 CW 2026-02-21 0639 K7RI 599 WA P49Y 599 K 0
QSO: 7041 CW 2026-02-21 0640 K7RI 599 WA II2Q 599 500 0
QSO: 7036 CW 2026-02-21 0642 K7RI 599 WA LY2XW 599 KW 0
QSO: 7030 CW 2026-02-21 0644 K7RI 599 WA DK8MM 599 KW 0
QSO: 7028 CW 2026-02-21 0645 K7RI 599 WA RW1A 599 K 0
QSO: 7026 CW 2026-02-21 0646 K7RI 599 WA OK1Z 599 KW 0
QSO: 7009 CW 2026-02-21 0649 K7RI 599 WA IP0A 599 500 0
QSO: 7008 CW 2026-02-21 0650 K7RI 599 WA KH6TU 599 K 0
QSO: 7003 CW 2026-02-21 0651 K7RI 599 WA KP2M 599 K 0
QSO: 7027 CW 2026-02-21 0652 K7RI 599 WA OK5Z 599 K 0
QSO: 7033 CW 2026-02-21 0654 K7RI 599 WA OK7ZO 599 KW 0
QSO: 7035 CW 2026-02-21 0655 K7RI 599 WA DL3DXX 599 KW 0
QSO: 7024 CW 2026-02-21 0707 K7RI 599 WA 9A1A 599 KW 0
QSO: 7024 CW 2026-02-21 0708 K7RI 599 WA OL3Z 599 KW 0
QSO: 7024 CW 2026-02-21 0709 K7RI 599 WA DD4A 599 500 0
QSO: 7024 CW 2026-02-21 0709 K7RI 599 WA DD1A 599 KW 0
QSO: 7024 CW 2026-02-21 0711 K7RI 599 WA DF8XC 599 400 0
QSO: 7024 CW 2026-02-21 0712 K7RI 599 WA EA5GX 599 100 0
QSO: 7024 CW 2026-02-21 0712 K7RI 599 WA R1DX 599 KW 0
QSO: 7024 CW 2026-02-21 0715 K7RI 599 WA OE5TXF 599 200 0
QSO: 7024 CW 2026-02-21 0717 K7RI 599 WA JH1PXH 599 KW 0
QSO: 7024 CW 2026-02-21 0718 K7RI 599 WA F5NTV 599 KW 0
QSO: 7024 CW 2026-02-21 0719 K7RI 599 WA JE1NVD 599 200 0
QSO: 7024 CW 2026-02-21 0719 K7RI 599 WA JH1EAQ 599 100 0
QSO: 7024 CW 2026-02-21 0720 K7RI 599 WA JJ1AEB 599 100 0
QSO: 7024 CW 2026-02-21 0720 K7RI 599 WA JA2KVB 599 100 0
QSO: 7024 CW 2026-02-21 0721 K7RI 599 WA IZ1NVR 599 100 0
QSO: 7024 CW 2026-02-21 0722 K7RI 599 WA JR2NMJ 599 100 0
QSO: 7024 CW 2026-02-21 0722 K7RI 599 WA JF3KQA 599 500 0
QSO: 7024 CW 2026-02-21 0723 K7RI 599 WA JG1FMA 599 100 0
QSO: 7024 CW 2026-02-21 0724 K7RI 599 WA JA3JM 599 100 0
QSO: 7024 CW 2026-02-21 0725 K7RI 599 WA JN7LMI 599 200 0
QSO: 7024 CW 2026-02-21 0726 K7RI 599 WA JA6GCE 599 100 0
QSO: 7024 CW 2026-02-21 0726 K7RI 599 WA JK2RCP 599 100 0
QSO: 7024 CW 2026-02-21 0727 K7RI 599 WA JA2KKA 599 100 0
QSO: 7024 CW 2026-02-21 0727 K7RI 599 WA JF3IPR 599 KW 0
QSO: 7024 CW 2026-02-21 0728 K7RI 599 WA JH0EPI 599 100 0
QSO: 7024 CW 2026-02-21 0729 K7RI 599 WA JG1LFR 599 100 0
QSO: 7024 CW 2026-02-21 0729 K7RI 599 WA JR4FLW 599 50 0
QSO: 7024 CW 2026-02-21 0730 K7RI 599 WA 7K4VPV 599 200 0
QSO: 7024 CW 2026-02-21 0730 K7RI 599 WA JK7UST 599 100 0
QSO: 7024 CW 2026-02-21 0731 K7RI 599 WA JL1DQE 599 200 0
QSO: 7024 CW 2026-02-21 0731 K7RI 599 WA JE1LFX 599 KW 0
QSO: 7024 CW 2026-02-21 0732 K7RI 599 WA JA8RUZ 599 KW 0
QSO: 7024 CW 2026-02-21 0732 K7RI 599 WA JK2VOC 599 100 0
QSO: 7024 CW 2026-02-21 0733 K7RI 599 WA JM7SKE 599 500 0
QSO: 7024 CW 2026-02-21 0734 K7RI 599 WA JQ1CIV 599 KW 0
QSO: 7024 CW 2026-02-21 0735 K7RI 599 WA JJ2CDL 599 100 0
QSO: 7024 CW 2026-02-21 0736 K7RI 599 WA JI0VWL 599 KW 0
QSO: 7024 CW 2026-02-21 0736 K7RI 599 WA JK8PBO 599 100 0
QSO: 7024 CW 2026-02-21 0737 K7RI 599 WA JH0ETA 599 100 0
QSO: 7024 CW 2026-02-21 0738 K7RI 599 WA JJ1LBJ 599 100 0
QSO: 7024 CW 2026-02-21 0738 K7RI 599 WA JA2AXB 599 KW 0
QSO: 7024 CW 2026-02-21 0739 K7RI 599 WA UA0DAR 599 KW 0
QSO: 7024 CW 2026-02-21 0739 K7RI 599 WA OT1A 599 K 0
QSO: 7024 CW 2026-02-21 0740 K7RI 599 WA JA8AJE 599 100 0
QSO: 7024 CW 2026-02-21 0741 K7RI 599 WA JN1GFR 599 100 0
QSO: 7024 CW 2026-02-21 0741 K7RI 599 WA JA2EMP 599 200 0
QSO: 7024 CW 2026-02-21 0742 K7RI 599 WA JN3DSH 599 100 0
QSO: 7024 CW 2026-02-21 0744 K7RI 599 WA JH5MXB 599 K 0
QSO: 7024 CW 2026-02-21 0745 K7RI 599 WA JG6JAV 599 100 0
QSO: 7024 CW 2026-02-21 0745 K7RI 599 WA JL1MWY 599 K 0
QSO: 7024 CW 2026-02-21 0746 K7RI 599 WA JG1LHB 599 200 0
QSO: 7024 CW 2026-02-21 0747 K7RI 599 WA JN2AMD 599 KW 0
QSO: 7024 CW 2026-02-21 0750 K7RI 599 WA IK2CLB 599 500 0
QSO: 7024 CW 2026-02-21 0750 K7RI 599 WA OH2KW 599 KW 0
QSO: 7024 CW 2026-02-21 0751 K7RI 599 WA G3WW 599 100 0
QSO: 7024 CW 2026-02-21 0753 K7RI 599 WA EA2DEE 599 KW 0
QSO: 7024 CW 2026-02-21 0754 K7RI 599 WA TM6M 599 100 0
QSO: 7012 CW 2026-02-21 0757 K7RI 599 WA ED7W 599 K 0
QSO: 7014 CW 2026-02-21 0758 K7RI 599 WA PA7FTR 599 KW 0
QSO: 7017 CW 2026-02-21 0759 K7RI 599 WA G4AMT 599 KW 0
QSO: 7028 CW 2026-02-21 0804 K7RI 599 WA G3P 599 500 0
QSO: 7044 CW 2026-02-21 0805 K7RI 599 WA OT2A 599 KW 0
QSO: 7028 CW 2026-02-21 0809 K7RI 599 WA JA1PNA 599 KW 0
QSO: 7034 CW 2026-02-21 0813 K7RI 599 WA RK0UN 599 K 0
QSO: 7034 CW 2026-02-21 0814 K7RI 599 WA JI1FOE 599 200 0
QSO: 7034 CW 2026-02-21 0815 K7RI 599 WA OG3B 599 KW 0
QSO: 7034 CW 2026-02-21 0816 K7RI 599 WA JA1GFD 599 100 0
QSO: 7034 CW 2026-02-21 0816 K7RI 599 WA KH7M 599 K 0
QSO: 7034 CW 2026-02-21 0817 K7RI 599 WA JH1WFS 599 200 0
QSO: 7034 CW 2026-02-21 0818 K7RI 599 WA JH2MYN 599 50 0
QSO: 7034 CW 2026-02-21 0819 K7RI 599 WA JR7AQL 599 200 0
QSO: 7034 CW 2026-02-21 0819 K7RI 599 WA JF1UOX 599 KW 0
QSO: 7034 CW 2026-02-21 0821 K7RI 599 WA JL1HKG 599 100 0
QSO: 7034 CW 2026-02-21 0823 K7RI 599 WA JK2RCP 599 100 0
QSO: 7034 CW 2026-02-21 0824 K7RI 599 WA JH7UJU 599 5 0
QSO: 7034 CW 2026-02-21 0824 K7RI 599 WA JR2BYJ 599 100 0
QSO: 7034 CW 2026-02-21 0825 K7RI 599 WA JH7HUZ 599 50 0
QSO: 7034 CW 2026-02-21 0825 K7RI 599 WA JA7UES 599 KW 0
QSO: 7034 CW 2026-02-21 0826 K7RI 599 WA JG2AIG 599 100 0
QSO: 7034 CW 2026-02-21 0827 K7RI 599 WA DS3EXT 599 100 0
QSO: 7030 CW 2026-02-21 0828 K7RI 599 WA 4U1UN 599 100 0
QSO: 7034 CW 2026-02-21 0829 K7RI 599 WA EI7M 599 K 0
QSO: 7033 CW 2026-02-21 0831 K7RI 599 WA OY1CT 599 700 0
QSO: 7027 CW 2026-02-21 0832 K7RI 599 WA AH2R 599 KW 0
QSO: 7008 CW 2026-02-21 0832 K7RI 599 WA MM9I 599 KW 0
QSO: 7024 CW 2026-02-21 0835 K7RI 599 WA VJ3A 599 400 0
QSO: 7015 CW 2026-02-21 0835 K7RI 599 WA VK4M 599 400 0
QSO: 7010 CW 2026-02-21 0836 K7RI 599 WA VL4D 599 100 0
QSO: 7016 CW 2026-02-21 0839 K7RI 599 WA JH1OGC 599 100 0
QSO: 7011 CW 2026-02-21 0841 K7RI 599 WA VK4W 599 100 0
QSO: 3541 CW 2026-02-21 0844 K7RI 599 WA ZF5T 599 K 0
QSO: 3520 CW 2026-02-21 0845 K7RI 599 WA HD8R 599 K 0
QSO: 3525 CW 2026-02-21 0846 K7RI 599 WA JH4UYB 599 K 0
QSO: 3528 CW 2026-02-21 0846 K7RI 599 WA KH7W 599 K 0
QSO: 3533 CW 2026-02-21 0847 K7RI 599 WA ZF1A 599 K 0
QSO: 3535 CW 2026-02-21 0848 K7RI 599 WA 8P5A 599 K 0
QSO: 3545 CW 2026-02-21 0850 K7RI 599 WA PJ2T 599 K 0
QSO: 3549 CW 2026-02-21 0851 K7RI 599 WA KH6J 599 K 0
QSO: 3517 CW 2026-02-21 0853 K7RI 599 WA P49Y 599 K 0
QSO: 3531 CW 2026-02-21 0854 K7RI 599 WA TI7W 599 K 0
QSO: 3527 CW 2026-02-21 0854 K7RI 599 WA ZM4T 599 KW 0
QSO: 3524 CW 2026-02-21 0855 K7RI 599 WA JH8YOH 599 K 0
QSO: 3536 CW 2026-02-21 0858 K7RI 599 WA KH6TU 599 K 0
QSO: 3534 CW 2026-02-21 0859 K7RI 599 WA JN4MMO 599 KW 0
QSO: 3516 CW 2026-02-21 0901 K7RI 599 WA JH1OGC 599 100 0
QSO: 3516 CW 2026-02-21 0902 K7RI 599 WA JA7ACM 599 KW 0
QSO: 3516 CW 2026-02-21 0903 K7RI 599 WA JR1GJP 599 K 0
QSO: 3516 CW 2026-02-21 0905 K7RI 599 WA JA0FVU 599 500 0
QSO: 3516 CW 2026-02-21 0906 K7RI 599 WA JE1LFX 599 KW 0
QSO: 3516 CW 2026-02-21 0907 K7RI 599 WA JR2GRX 599 K 0
QSO: 3516 CW 2026-02-21 0909 K7RI 599 WA AH2R 599 KW 0
QSO: 3516 CW 2026-02-21 0909 K7RI 599 WA JA7NVF 599 K 0
QSO: 3534 CW 2026-02-21 0912 K7RI 599 WA TO4A 599 K 0
QSO: 3530 CW 2026-02-21 0914 K7RI 599 WA V3T 599 99 0
QSO: 7014 CW 2026-02-21 0920 K7RI 599 WA JI4WHS 599 100 0
QSO: 7022 CW 2026-02-21 0922 K7RI 599 WA VK2GR 599 400 0
QSO: 7026 CW 2026-02-21 0924 K7RI 599 WA JA6SHL 599 500 0
QSO: 7027 CW 2026-02-21 0925 K7RI 599 WA JH7QXJ 599 K 0
QSO: 7035 CW 2026-02-21 0931 K7RI 599 WA 7L4MDM 599 100 0
QSO: 7035 CW 2026-02-21 0931 K7RI 599 WA JA1IAZ 599 100 0
QSO: 7035 CW 2026-02-21 0931 K7RI 599 WA JA7ACM 599 KW 0
QSO: 7035 CW 2026-02-21 0932 K7RI 599 WA JA7SUR 599 50 0
QSO: 7035 CW 2026-02-21 0932 K7RI 599 WA JJ1XBQ 599 200 0
QSO: 7035 CW 2026-02-21 0933 K7RI 599 WA JF7PHE 599 200 0
QSO: 7035 CW 2026-02-21 0933 K7RI 599 WA JF2FIU 599 KW 0
QSO: 7035 CW 2026-02-21 0934 K7RI 599 WA JR3BOT 599 200 0
QSO: 7035 CW 2026-02-21 0934 K7RI 599 WA JE0UXR 599 100 0
QSO: 7035 CW 2026-02-21 0936 K7RI 599 WA JJ0PJD 599 100 0
QSO: 7035 CW 2026-02-21 0936 K7RI 599 WA 7K1CPT 599 100 0
QSO: 7035 CW 2026-02-21 0937 K7RI 599 WA JO7KMB 599 200 0
QSO: 7035 CW 2026-02-21 0938 K7RI 599 WA JA9RRH 599 500 0
QSO: 7035 CW 2026-02-21 0939 K7RI 599 WA DU2W 599 KW 0
QSO: 7035 CW 2026-02-21 0939 K7RI 599 WA VK7GN 599 150 0
QSO: 7035 CW 2026-02-21 0940 K7RI 599 WA JN1THL 599 KW 0
QSO: 7035 CW 2026-02-21 0940 K7RI 599 WA JN4MMO 599 KW 0
QSO: 7035 CW 2026-02-21 0941 K7RI 599 WA JA6BZI 599 KW 0
QSO: 7035 CW 2026-02-21 0941 K7RI 599 WA JL2TAW 599 110 0
QSO: 7035 CW 2026-02-21 0942 K7RI 599 WA JA4VNE 599 200 0
QSO: 7035 CW 2026-02-21 0943 K7RI 599 WA JA6JNF 599 200 0
QSO: 7035 CW 2026-02-21 0945 K7RI 599 WA JA7NPV 599 KW 0
QSO: 7035 CW 2026-02-21 0946 K7RI 599 WA TF5T 599 KW 0
QSO: 7035 CW 2026-02-21 0946 K7RI 599 WA JH2RIH 599 100 0
QSO: 7035 CW 2026-02-21 0947 K7RI 599 WA KH6CJJ 599 100 0
QSO: 7035 CW 2026-02-21 0948 K7RI 599 WA JR9CPT 599 200 0
QSO: 7035 CW 2026-02-21 0948 K7RI 599 WA JM3UGA 599 KW 0
QSO: 7035 CW 2026-02-21 0948 K7RI 599 WA JA7ODY 599 200 0
QSO: 7035 CW 2026-02-21 0949 K7RI 599 WA JR2PMT 599 KW 0
QSO: 7035 CW 2026-02-21 0951 K7RI 599 WA JH1XUP 599 200 0
QSO: 3514 CW 2026-02-21 0953 K7RI 599 WA KH6AQ 599 100 0
QSO: 3521 CW 2026-02-21 0954 K7RI 599 WA JA7FTR 599 KW 0
QSO: 3522 CW 2026-02-21 0956 K7RI 599 WA JF1NHD 599 K 0
QSO: 3529 CW 2026-02-21 0958 K7RI 599 WA JG1ZUY 599 100 0
QSO: 3536 CW 2026-02-21 1004 K7RI 599 WA JE1NVD 599 200 0
QSO: 3536 CW 2026-02-21 1004 K7RI 599 WA JJ1VRO 599 100 0
QSO: 3536 CW 2026-02-21 1005 K7RI 599 WA JF7PHE 599 200 0
QSO: 3536 CW 2026-02-21 1006 K7RI 599 WA JJ1VEZ 599 100 0
QSO: 3536 CW 2026-02-21 1006 K7RI 599 WA JN2AMD 599 KW 0
QSO: 3536 CW 2026-02-21 1008 K7RI 599 WA JF3IPR 599 KW 0
QSO: 3536 CW 2026-02-21 1008 K7RI 599 WA JH1EAQ 599 100 0
QSO: 3536 CW 2026-02-21 1010 K7RI 599 WA JK2RCP 599 100 0
QSO: 3536 CW 2026-02-21 1010 K7RI 599 WA JH7XMO 599 KW 0
QSO: 3536 CW 2026-02-21 1011 K7RI 599 WA JA1ZGO 599 K 0
QSO: 3536 CW 2026-02-21 1012 K7RI 599 WA PJ4A 599 K 0
QSO: 3536 CW 2026-02-21 1013 K7RI 599 WA JS1OYN 599 100 0
QSO: 3536 CW 2026-02-21 1013 K7RI 599 WA 7K1CPT 599 100 0
QSO: 3532 CW 2026-02-21 1016 K7RI 599 WA KP2B 599 911 0
QSO: 3519 CW 2026-02-21 1017 K7RI 599 WA JR2PMT 599 KW 0
QSO: 3519 CW 2026-02-21 1018 K7RI 599 WA KH6CJJ 599 100 0
QSO: 3519 CW 2026-02-21 1019 K7RI 599 WA JI1FOE 599 200 0
QSO: 3519 CW 2026-02-21 1019 K7RI 599 WA JR1GSE 599 KW 0
QSO: 3519 CW 2026-02-21 1020 K7RI 599 WA JI1DCW 599 KW 0
QSO: 3519 CW 2026-02-21 1021 K7RI 599 WA JA7NPV 599 KW 0
QSO: 7025 CW 2026-02-21 1029 K7RI 599 WA JA5QYR 599 500 0
QSO: 7025 CW 2026-02-21 1029 K7RI 599 WA JE1PEN 599 KW 0
QSO: 7025 CW 2026-02-21 1030 K7RI 599 WA RK1CD 599 500 0
QSO: 7025 CW 2026-02-21 1031 K7RI 599 WA JJ1VFE 599 200 0
QSO: 7025 CW 2026-02-21 1032 K7RI 599 WA JJ3QJI 599 100 0
QSO: 7025 CW 2026-02-21 1033 K7RI 599 WA DU0A 599 K 0
QSO: 7018 CW 2026-02-21 1034 K7RI 599 WA YB2VSH 599 K 0
QSO: 7014 CW 2026-02-21 1035 K7RI 599 WA YB8UTI 599 200 0
QSO: 7011 CW 2026-02-21 1036 K7RI 599 WA VR2NC 599 100 0
QSO: 7008 CW 2026-02-21 1036 K7RI 599 WA VL4A 599 100 0
QSO: 7002 CW 2026-02-21 1037 K7RI 599 WA XV9T 599 KW 0
QSO: 7012 CW 2026-02-21 1040 K7RI 599 WA RZ0L 599 500 0
QSO: 7042 CW 2026-02-21 1043 K7RI 599 WA J35X 599 100 0
QSO: 7037 CW 2026-02-21 1043 K7RI 599 WA WP3A 599 66 0
QSO: 7027 CW 2026-02-21 1044 K7RI 599 WA ZV8RR 599 K 0
QSO: 7029 CW 2026-02-21 1047 K7RI 599 WA 9V1YC 599 800 0
QSO: 7009 CW 2026-02-21 1048 K7RI 599 WA VL2Y 599 100 0
QSO: 7033 CW 2026-02-21 1051 K7RI 599 WA JE7LHT 599 50 0
QSO: 7033 CW 2026-02-21 1051 K7RI 599 WA E2M 599 KW 0
QSO: 7033 CW 2026-02-21 1052 K7RI 599 WA JH7IQQ 599 100 0
QSO: 7033 CW 2026-02-21 1052 K7RI 599 WA DS2UAL 599 500 0
QSO: 7033 CW 2026-02-21 1052 K7RI 599 WA JR7IFV 599 100 0
QSO: 7033 CW 2026-02-21 1053 K7RI 599 WA JE2YRB 599 KW 0
QSO: 7033 CW 2026-02-21 1054 K7RI 599 WA BG6QAL 599 100 0
QSO: 7033 CW 2026-02-21 1054 K7RI 599 WA JE4MHL 599 100 0
QSO: 7033 CW 2026-02-21 1056 K7RI 599 WA JI1HFJ 599 100 0
QSO: 7033 CW 2026-02-21 1058 K7RI 599 WA 7K1SLY 599 5 0
QSO: 7033 CW 2026-02-21 1058 K7RI 599 WA YB2IQ 599 KW 0
QSO: 7033 CW 2026-02-21 1059 K7RI 599 WA YB3VK 599 100 0
QSO: 7033 CW 2026-02-21 1059 K7RI 599 WA JF1LMB 599 200 0
QSO: 7033 CW 2026-02-21 1100 K7RI 599 WA JH1LBR 599 100 0
QSO: 7033 CW 2026-02-21 1100 K7RI 599 WA JA1GQC 599 200 0
QSO: 7033 CW 2026-02-21 1100 K7RI 599 WA JI3NOP 599 200 0
QSO: 7033 CW 2026-02-21 1101 K7RI 599 WA JE2OTM 599 K 0
QSO: 7033 CW 2026-02-21 1101 K7RI 599 WA JR1ATA 599 100 0
QSO: 3529 CW 2026-02-21 1105 K7RI 599 WA JA1BJI 599 100 0
QSO: 7004 CW 2026-02-21 1115 K7RI 599 WA JE5HTN 599 100 0
QSO: 7010 CW 2026-02-21 1116 K7RI 599 WA BD3TE 599 KW 0
QSO: 7023 CW 2026-02-21 1117 K7RI 599 WA BG2AUE 599 KW 0
QSO: 7038 CW 2026-02-21 1118 K7RI 599 WA JA1TMG 599 500 0
QSO: 7030 CW 2026-02-21 1118 K7RI 599 WA BY4DX 599 100 0
QSO: 7023 CW 2026-02-21 1122 K7RI 599 WA BD7JNA 599 KW 0
QSO: 7020 CW 2026-02-21 1123 K7RI 599 WA JA0FVU 599 500 0
QSO: 7020 CW 2026-02-21 1124 K7RI 599 WA JL1JJD 599 600 0
QSO: 7020 CW 2026-02-21 1124 K7RI 599 WA JH2UNG 599 100 0
QSO: 7020 CW 2026-02-21 1125 K7RI 599 WA JR1GSE 599 KW 0
QSO: 7020 CW 2026-02-21 1125 K7RI 599 WA JJ1ONK 599 100 0
QSO: 7020 CW 2026-02-21 1126 K7RI 599 WA JN1FAO 599 100 0
QSO: 7020 CW 2026-02-21 1126 K7RI 599 WA JF2SKV 599 100 0
QSO: 7020 CW 2026-02-21 1127 K7RI 599 WA JF9QCX 599 100 0
QSO: 7020 CW 2026-02-21 1128 K7RI 599 WA JR7OEF 599 100 0
QSO: 7020 CW 2026-02-21 1129 K7RI 599 WA JK1QDZ 599 70 0
QSO: 7020 CW 2026-02-21 1130 K7RI 599 WA JL1ISE 599 50 0
QSO: 7020 CW 2026-02-21 1131 K7RI 599 WA JA3VQW 599 25 0
QSO: 7020 CW 2026-02-21 1131 K7RI 599 WA JA2KPW 599 200 0
QSO: 7020 CW 2026-02-21 1132 K7RI 599 WA RU0LL 599 KW 0
QSO: 7020 CW 2026-02-21 1132 K7RI 599 WA JR0GAE 599 50 0
QSO: 7020 CW 2026-02-21 1132 K7RI 599 WA JA1CP 599 50 0
QSO: 7020 CW 2026-02-21 1133 K7RI 599 WA JP7VFW 599 100 0
QSO: 7020 CW 2026-02-21 1134 K7RI 599 WA JE6TVQ 599 100 0
QSO: 7020 CW 2026-02-21 1135 K7RI 599 WA JN3LQP 599 100 0
QSO: 7020 CW 2026-02-21 1136 K7RI 599 WA JM1VNJ 599 50 0
QSO: 7020 CW 2026-02-21 1137 K7RI 599 WA JH1JNJ 599 200 0
QSO: 7020 CW 2026-02-21 1137 K7RI 599 WA JJ3TBB 599 50 0
QSO: 7020 CW 2026-02-21 1137 K7RI 599 WA JJ1QLT 599 200 0
QSO: 7020 CW 2026-02-21 1138 K7RI 599 WA BI8CZM 599 100 0
QSO: 7020 CW 2026-02-21 1139 K7RI 599 WA JF2BDK 599 100 0
QSO: 7020 CW 2026-02-21 1139 K7RI 599 WA JA6BWH 599 KW 0
QSO: 7020 CW 2026-02-21 1140 K7RI 599 WA JH0DAY 599 100 0
QSO: 7020 CW 2026-02-21 1140 K7RI 599 WA JJ1JPE 599 100 0
QSO: 7020 CW 2026-02-21 1141 K7RI 599 WA JH4NJQ 599 50 0
QSO: 7020 CW 2026-02-21 1142 K7RI 599 WA YB9ELS 599 100 0
QSO: 7020 CW 2026-02-21 1142 K7RI 599 WA JA0TCC 599 100 0
QSO: 7020 CW 2026-02-21 1142 K7RI 599 WA YC0VM 599 10 0
QSO: 7020 CW 2026-02-21 1143 K7RI 599 WA JE3VRJ 599 200 0
QSO: 7020 CW 2026-02-21 1144 K7RI 599 WA JA4HEU 599 100 0
QSO: 7020 CW 2026-02-21 1144 K7RI 599 WA JN6FRH 599 200 0
QSO: 7020 CW 2026-02-21 1145 K7RI 599 WA JH1OLB 599 500 0
QSO: 7020 CW 2026-02-21 1145 K7RI 599 WA JE3PTA 599 50 0
QSO: 7020 CW 2026-02-21 1145 K7RI 599 WA 7K1JFM 599 100 0
QSO: 7020 CW 2026-02-21 1146 K7RI 599 WA JG2FGD 599 500 0
QSO: 7020 CW 2026-02-21 1146 K7RI 599 WA BD4WDZ 599 KW 0
QSO: 7024 CW 2026-02-21 1152 K7RI 599 WA RA9V 599 KW 0
QSO: 7024 CW 2026-02-21 1153 K7RI 599 WA DS3EXX 599 KW 0
QSO: 7024 CW 2026-02-21 1153 K7RI 599 WA JE1RRK 599 100 0
QSO: 7024 CW 2026-02-21 1154 K7RI 599 WA 7I1I 599 KW 0
QSO: 7024 CW 2026-02-21 1154 K7RI 599 WA JA6NQT 599 200 0
QSO: 7024 CW 2026-02-21 1154 K7RI 599 WA JA2FXV 599 100 0
QSO: 7024 CW 2026-02-21 1155 K7RI 599 WA JH8FNO 599 100 0
QSO: 7024 CW 2026-02-21 1156 K7RI 599 WA JA3HZT 599 200 0
QSO: 7001 CW 2026-02-21 1200 K7RI 599 WA BA4TB 599 500 0
QSO: 7014 CW 2026-02-21 1201 K7RI 599 WA JA2YKA 599 50 0
QSO: 7021 CW 2026-02-21 1202 K7RI 599 WA E25CRF 599 100 0
QSO: 7040 CW 2026-02-21 1204 K7RI 599 WA KH6AQ 599 100 0
QSO: 7051 CW 2026-02-21 1205 K7RI 599 WA JO4MTH 599 50 0
QSO: 7005 CW 2026-02-21 1207 K7RI 599 WA ZM4T 599 KW 0
QSO: 7022 CW 2026-02-21 1211 K7RI 599 WA JR1MQT 599 200 0
QSO: 7022 CW 2026-02-21 1211 K7RI 599 WA JR3UIC 599 KW 0
QSO: 7022 CW 2026-02-21 1212 K7RI 599 WA JF3LGC 599 KW 0
QSO: 7022 CW 2026-02-21 1212 K7RI 599 WA JE8ATX 599 100 0
QSO: 7022 CW 2026-02-21 1213 K7RI 599 WA JH0DJD 599 100 0
QSO: 7024 CW 2026-02-21 1216 K7RI 599 WA JR1ABS 599 50 0
QSO: 7024 CW 2026-02-21 1217 K7RI 599 WA JF1KTO 599 100 0
QSO: 7024 CW 2026-02-21 1218 K7RI 599 WA JA2PFO 599 500 0
QSO: 7024 CW 2026-02-21 1218 K7RI 599 WA JR3JFZ 599 200 0
QSO: 7024 CW 2026-02-21 1220 K7RI 599 WA JH1MTR/4 599 50 0
QSO: 7024 CW 2026-02-21 1220 K7RI 599 WA JA2HNP 599 500 0
QSO: 7024 CW 2026-02-21 1221 K7RI 599 WA JR1MEG 599 50 0
QSO: 7024 CW 2026-02-21 1222 K7RI 599 WA JG1LEN 599 200 0
QSO: 7024 CW 2026-02-21 1222 K7RI 599 WA JA5CIC 599 K 0
QSO: 7024 CW 2026-02-21 1224 K7RI 599 WA JJ1IVX 599 50 0
QSO: 7024 CW 2026-02-21 1224 K7RI 599 WA JF3KCH 599 100 0
QSO: 7024 CW 2026-02-21 1227 K7RI 599 WA YB7YGR 599 100 0
QSO: 7024 CW 2026-02-21 1228 K7RI 599 WA JA6CVR 599 100 0
QSO: 7024 CW 2026-02-21 1230 K7RI 599 WA JH5HDA 599 100 0
QSO: 7024 CW 2026-02-21 1230 K7RI 599 WA JS1PDC 599 50 0
QSO: 7024 CW 2026-02-21 1231 K7RI 599 WA JR7ANB 599 100 0
QSO: 7024 CW 2026-02-21 1231 K7RI 599 WA JA9LX 599 100 0
QSO: 7024 CW 2026-02-21 1233 K7RI 599 WA JA2XLV 599 200 0
QSO: 7024 CW 2026-02-21 1233 K7RI 599 WA JF1VNR 599 100 0
QSO: 7024 CW 2026-02-21 1235 K7RI 599 WA YC9FAR 599 100 0
QSO: 7024 CW 2026-02-21 1237 K7RI 599 WA JI2IWB 599 50 0
QSO: 7024 CW 2026-02-21 1237 K7RI 599 WA JE2FDH 599 100 0
QSO: 7024 CW 2026-02-21 1237 K7RI 599 WA DU1EV 599 K 0
QSO: 7026 CW 2026-02-21 1247 K7RI 599 WA 7L3KJV 599 100 0
QSO: 7026 CW 2026-02-21 1247 K7RI 599 WA JK1HIX 599 KW 0
QSO: 7026 CW 2026-02-21 1248 K7RI 599 WA JK1RSJ 599 100 0
QSO: 7026 CW 2026-02-21 1249 K7RI 599 WA JK3NQV 599 200 0
QSO: 7026 CW 2026-02-21 1250 K7RI 599 WA JO1PZR 599 100 0
QSO: 7025 CW 2026-02-21 1253 K7RI 599 WA JA6FFK 599 100 0
QSO: 7025 CW 2026-02-21 1254 K7RI 599 WA JR0CWZ 599 50 0
QSO: 7025 CW 2026-02-21 1255 K7RI 599 WA JE5JRY 599 100 0
QSO: 7025 CW 2026-02-21 1256 K7RI 599 WA JA2QHP 599 100 0
QSO: 7025 CW 2026-02-21 1257 K7RI 599 WA JK1ESR 599 5 0
QSO: 7025 CW 2026-02-21 1258 K7RI 599 WA JH1UES 599 100 0
QSO: 7025 CW 2026-02-21 1259 K7RI 599 WA BD7KBH 599 100 0
QSO: 7025 CW 2026-02-21 1300 K7RI 599 WA JM1XBD 599 100 0
QSO: 7025 CW 2026-02-21 1301 K7RI 599 WA YB2KM 599 K 0
QSO: 7025 CW 2026-02-21 1301 K7RI 599 WA JG2RFJ 599 50 0
QSO: 7025 CW 2026-02-21 1302 K7RI 599 WA JM4WUZ 599 100 0
QSO: 7025 CW 2026-02-21 1306 K7RI 599 WA JQ3GJW 599 100 0
QSO: 7021 CW 2026-02-21 1312 K7RI 599 WA JA1QOW 599 500 0
QSO: 7021 CW 2026-02-21 1313 K7RI 599 WA 7N2TRM 599 100 0
QSO: 7021 CW 2026-02-21 1314 K7RI 599 WA JG1LEU 599 100 0
QSO: 7021 CW 2026-02-21 1314 K7RI 599 WA YE1BMZ 599 50 0
QSO: 7021 CW 2026-02-21 1316 K7RI 599 WA JA7MCB 599 100 0
QSO: 7021 CW 2026-02-21 1317 K7RI 599 WA JM1BNF 599 100 0
QSO: 7021 CW 2026-02-21 1318 K7RI 599 WA JR4DHK 599 200 0
QSO: 7021 CW 2026-02-21 1320 K7RI 599 WA JM1IPX 599 50 0
QSO: 3521 CW 2026-02-21 1324 K7RI 599 WA JA6BWH 599 KW 0
QSO: 3521 CW 2026-02-21 1324 K7RI 599 WA JO1QNO 599 K 0
QSO: 3521 CW 2026-02-21 1326 K7RI 599 WA JA5TX 599 500 0
QSO: 3521 CW 2026-02-21 1326 K7RI 599 WA JA3YBK 599 KW 0
QSO: 3521 CW 2026-02-21 1327 K7RI 599 WA JA6BZI 599 KW 0
QSO: 3521 CW 2026-02-21 1330 K7RI 599 WA JG1LFR 599 100 0
QSO: 3521 CW 2026-02-21 1330 K7RI 599 WA JI0VWL 599 KW 0
QSO: 3521 CW 2026-02-21 1331 K7RI 599 WA JA7ODY 599 200 0
QSO: 3521 CW 2026-02-21 1332 K7RI 599 WA JG6JAV 599 100 0
QSO: 3521 CW 2026-02-21 1333 K7RI 599 WA UA0D 599 KW 0
QSO: 3521 CW 2026-02-21 1334 K7RI 599 WA JA1LV 599 100 0
QSO: 3521 CW 2026-02-21 1335 K7RI 599 WA JA6GCE 599 100 0
QSO: 7020 CW 2026-02-21 1341 K7RI 599 WA JA1GDU 599 50 0
QSO: 7020 CW 2026-02-21 1342 K7RI 599 WA JE1TSD 599 100 0
QSO: 7020 CW 2026-02-21 1345 K7RI 599 WA RA0LMK 599 100 0
QSO: 7020 CW 2026-02-21 1346 K7RI 599 WA JA6UVQ 599 200 0
QSO: 7020 CW 2026-02-21 1346 K7RI 599 WA YB0NSI 599 100 0
QSO: 7020 CW 2026-02-21 1347 K7RI 599 WA JA1SCE 599 100 0
QSO: 7020 CW 2026-02-21 1348 K7RI 599 WA VR2YKP 599 100 0
QSO: 7020 CW 2026-02-21 1349 K7RI 599 WA JQ1NGT 599 5 0
QSO: 7020 CW 2026-02-21 1350 K7RI 599 WA JA9TQK 599 100 0
QSO: 7020 CW 2026-02-21 1350 K7RI 599 WA JF3EIG 599 100 0
QSO: 7020 CW 2026-02-21 1351 K7RI 599 WA JA2JRS 599 100 0
QSO: 7020 CW 2026-02-21 1351 K7RI 599 WA JA8GAK 599 200 0
QSO: 7020 CW 2026-02-21 1355 K7RI 599 WA JK1AFB 599 200 0
QSO: 7020 CW 2026-02-21 1356 K7RI 599 WA BH4HKZ 599 100 0
QSO: 7020 CW 2026-02-21 1357 K7RI 599 WA RM4F 599 K 0
QSO: 7020 CW 2026-02-21 1358 K7RI 599 WA JE9PFD 599 100 0
QSO: 7020 CW 2026-02-21 1359 K7RI 599 WA OG1RYQ 599 5 0
QSO: 7020 CW 2026-02-21 1400 K7RI 599 WA VK2BPL 599 200 0
QSO: 7020 CW 2026-02-21 1402 K7RI 599 WA VK2AWA 599 100 0
QSO: 7020 CW 2026-02-21 1402 K7RI 599 WA JL1QDO 599 100 0
QSO: 7020 CW 2026-02-21 1408 K7RI 599 WA JG1LFF 599 200 0
QSO: 7020 CW 2026-02-21 1409 K7RI 599 WA JR1LQK 599 50 0
QSO: 7020 CW 2026-02-21 1411 K7RI 599 WA YD4KEP 599 100 0
QSO: 7020 CW 2026-02-21 1414 K7RI 599 WA JO3KUQ 599 50 0
QSO: 7020 CW 2026-02-21 1415 K7RI 599 WA JQ3DYV 599 100 0
QSO: 7020 CW 2026-02-21 1416 K7RI 599 WA JK1AIV 599 100 0
QSO: 7020 CW 2026-02-21 1417 K7RI 599 WA JE6JZP 599 100 0
QSO: 7020 CW 2026-02-21 1418 K7RI 599 WA JM3ERL 599 50 0
QSO: 7020 CW 2026-02-21 1418 K7RI 599 WA YD1FRU 599 100 0
QSO: 7020 CW 2026-02-21 1420 K7RI 599 WA YE3FZR 599 KW 0
QSO: 7020 CW 2026-02-21 1423 K7RI 599 WA BA4OP 599 200 0
QSO: 7020 CW 2026-02-21 1423 K7RI 599 WA JJ2AVH 599 100 0
QSO: 7020 CW 2026-02-21 1427 K7RI 599 WA JK1JAS 599 100 0
QSO: 7020 CW 2026-02-21 1432 K7RI 599 WA YB2XVT 599 100 0
QSO: 7020 CW 2026-02-21 1434 K7RI 599 WA YC0NVU 599 100 0
QSO: 7020 CW 2026-02-21 1435 K7RI 599 WA YB1CMZ 599 100 0
QSO: 7020 CW 2026-02-21 1437 K7RI 599 WA JH7IXX 599 100 0
QSO: 7020 CW 2026-02-21 1437 K7RI 599 WA DU1IVT 599 100 0
QSO: 7020 CW 2026-02-21 1440 K7RI 599 WA JA1NKU 599 5 0
QSO: 7020 CW 2026-02-21 1443 K7RI 599 WA JL1IDK 599 50 0
QSO: 14008 CW 2026-02-21 1446 K7RI 599 WA HG5E 599 K 0
QSO: 14012 CW 2026-02-21 1448 K7RI 599 WA TM5C 599 K 0
QSO: 14014 CW 2026-02-21 1450 K7RI 599 WA UV1IX 599 200 0
QSO: 14020 CW 2026-02-21 1451 K7RI 599 WA RA1ZZ/3 599 KW 0
QSO: 14021 CW 2026-02-21 1451 K7RI 599 WA RU3DX 599 KW 0
QSO: 14025 CW 2026-02-21 1452 K7RI 599 WA 9A1P 599 KW 0
QSO: 14030 CW 2026-02-21 1455 K7RI 599 WA IO4M 599 500 0
QSO: 14032 CW 2026-02-21 1457 K7RI 599 WA YT3X 599 KW 0
QSO: 14034 CW 2026-02-21 1458 K7RI 599 WA OZ5W 599 KW 0
QSO: 14037 CW 2026-02-21 1458 K7RI 599 WA OH8L 599 KW 0
QSO: 14038 CW 2026-02-21 1459 K7RI 599 WA SE3P 599 KW 0
QSO: 14039 CW 2026-02-21 1459 K7RI 599 WA DK7EO 599 KW 0
QSO: 14042 CW 2026-02-21 1501 K7RI 599 WA HB9FAP 599 KW 0
QSO: 14043 CW 2026-02-21 1501 K7RI 599 WA DM5GG 599 500 0
QSO: 14044 CW 2026-02-21 1501 K7RI 599 WA 9A9R 599 KW 0
QSO: 14047 CW 2026-02-21 1503 K7RI 599 WA G4RQI 599 500 0
QSO: 14050 CW 2026-02-21 1503 K7RI 599 WA SN8A 599 KW 0
QSO: 14051 CW 2026-02-21 1504 K7RI 599 WA EU1DX 599 500 0
QSO: 14060 CW 2026-02-21 1505 K7RI 599 WA UR1UU 599 KW 0
QSO: 14064 CW 2026-02-21 1506 K7RI 599 WA OY1CT 599 700 0
QSO: 14066 CW 2026-02-21 1506 K7RI 599 WA OT2A 599 KW 0
QSO: 14063 CW 2026-02-21 1507 K7RI 599 WA UP4L 599 KW 0
QSO: 14057 CW 2026-02-21 1508 K7RI 599 WA R9AE 599 KW 0
QSO: 14053 CW 2026-02-21 1509 K7RI 599 WA F5SGI 599 100 0
QSO: 14036 CW 2026-02-21 1510 K7RI 599 WA SV1ME 599 100 0
QSO: 14034 CW 2026-02-21 1511 K7RI 599 WA 9A1A 599 KW 0
QSO: 14031 CW 2026-02-21 1512 K7RI 599 WA R3EG 599 KW 0
QSO: 14027 CW 2026-02-21 1512 K7RI 599 WA G4IIY 599 K 0
QSO: 14027 CW 2026-02-21 1514 K7RI 599 WA OM5R 599 K 0
QSO: 14025 CW 2026-02-21 1515 K7RI 599 WA 9A1P 599 KW 0
QSO: 14023 CW 2026-02-21 1516 K7RI 599 WA UC4L 599 KW 0
QSO: 14022 CW 2026-02-21 1517 K7RI 599 WA E25CRF 599 100 0
QSO: 14019 CW 2026-02-21 1518 K7RI 599 WA YT7BA 599 K 0
QSO: 14016 CW 2026-02-21 1519 K7RI 599 WA S51DX 599 K 0
QSO: 14009 CW 2026-02-21 1520 K7RI 599 WA E29TGW 599 KW 0
QSO: 14002 CW 2026-02-21 1521 K7RI 599 WA RZ1OA 599 K 0
QSO: 14033 CW 2026-02-21 1522 K7RI 599 WA IQ2MI 599 500 0
QSO: 14022 CW 2026-02-21 1532 K7RI 599 WA R4GM 599 KW 0
QSO: 14045 CW 2026-02-21 1533 K7RI 599 WA HB9ARF 599 100 0
QSO: 14050 CW 2026-02-21 1535 K7RI 599 WA DM4L 599 500 0
QSO: 14050 CW 2026-02-21 1535 K7RI 599 WA RN3AM 599 KW 0
QSO: 14050 CW 2026-02-21 1536 K7RI 599 WA RT4M 599 KW 0
QSO: 14050 CW 2026-02-21 1537 K7RI 599 WA TM6M 599 100 0
QSO: 14050 CW 2026-02-21 1537 K7RI 599 WA UA9CTT 599 KW 0
QSO: 14050 CW 2026-02-21 1537 K7RI 599 WA RQ4F 599 KW 0
QSO: 14050 CW 2026-02-21 1538 K7RI 599 WA R6CC 599 100 0
QSO: 14050 CW 2026-02-21 1539 K7RI 599 WA RM4F 599 K 0
QSO: 14050 CW 2026-02-21 1539 K7RI 599 WA E2M 599 KW 0
QSO: 14050 CW 2026-02-21 1539 K7RI 599 WA R1CAA 599 100 0
QSO: 14050 CW 2026-02-21 1540 K7RI 599 WA DL2XU 599 500 0
QSO: 14050 CW 2026-02-21 1541 K7RI 599 WA RX4HJ 599 KW 0
QSO: 14050 CW 2026-02-21 1541 K7RI 599 WA SP4JFR 599 100 0
QSO: 14050 CW 2026-02-21 1542 K7RI 599 WA RM2U 599 KW 0
QSO: 14050 CW 2026-02-21 1543 K7RI 599 WA R3ZZ 599 KW 0
QSO: 14050 CW 2026-02-21 1543 K7RI 599 WA HB2T 599 K 0
QSO: 14050 CW 2026-02-21 1544 K7RI 599 WA DL7VEE 599 500 0
QSO: 14050 CW 2026-02-21 1545 K7RI 599 WA OK1XC 599 1K 0
QSO: 14050 CW 2026-02-21 1546 K7RI 599 WA DG1KJG 599 500 0
QSO: 14050 CW 2026-02-21 1546 K7RI 599 WA LY2K 599 KW 0
QSO: 14050 CW 2026-02-21 1546 K7RI 599 WA RD4F 599 KW 0
QSO: 14050 CW 2026-02-21 1547 K7RI 599 WA SO7M 599 KW 0
QSO: 14050 CW 2026-02-21 1547 K7RI 599 WA SP5Y 599 K 0
QSO: 14050 CW 2026-02-21 1548 K7RI 599 WA RZ4AG 599 100 0
QSO: 14050 CW 2026-02-21 1548 K7RI 599 WA 9A5M 599 KW 0
QSO: 14050 CW 2026-02-21 1549 K7RI 599 WA SN8T 599 100 0
QSO: 14050 CW 2026-02-21 1549 K7RI 599 WA IO4X 599 500 0
QSO: 14050 CW 2026-02-21 1550 K7RI 599 WA OH1RX 599 KW 0
QSO: 14050 CW 2026-02-21 1550 K7RI 599 WA DF6PB 599 500 0
QSO: 14050 CW 2026-02-21 1551 K7RI 599 WA VX4BF 599 KW 0
QSO: 14050 CW 2026-02-21 1552 K7RI 599 WA EV1R 599 K 0
QSO: 14050 CW 2026-02-21 1554 K7RI 599 WA SM5/UY5OO 599 100 0
QSO: 14050 CW 2026-02-21 1555 K7RI 599 WA YO2ARM 599 KW 0
QSO: 14050 CW 2026-02-21 1555 K7RI 599 WA OH6OS 599 KW 0
QSO: 14050 CW 2026-02-21 1556 K7RI 599 WA SP4DNX 599 500 0
QSO: 14050 CW 2026-02-21 1557 K7RI 599 WA OL7D 599 KW 0
QSO: 14050 CW 2026-02-21 1557 K7RI 599 WA MM9I 599 KW 0
QSO: 14050 CW 2026-02-21 1559 K7RI 599 WA RK2M 599 100 0
QSO: 14050 CW 2026-02-21 1559 K7RI 599 WA IK1CIX 599 100 0
QSO: 14050 CW 2026-02-21 1600 K7RI 599 WA YL5T 599 KW 0
QSO: 14050 CW 2026-02-21 1600 K7RI 599 WA TM2Y 599 KW 0
QSO: 14050 CW 2026-02-21 1601 K7RI 599 WA DK3WW 599 100 0
QSO: 14050 CW 2026-02-21 1603 K7RI 599 WA UA6LCN 599 KW 0
QSO: 14050 CW 2026-02-21 1603 K7RI 599 WA EC3W 599 KW 0
QSO: 14050 CW 2026-02-21 1604 K7RI 599 WA US6EX 599 KW 0
QSO: 14050 CW 2026-02-21 1604 K7RI 599 WA US7IM 599 100 0
QSO: 14050 CW 2026-02-21 1604 K7RI 599 WA RT9A 599 KW 0
QSO: 14050 CW 2026-02-21 1605 K7RI 599 WA IK2YCW 599 500 0
QSO: 14050 CW 2026-02-21 1606 K7RI 599 WA UA6CC 599 KW 0
QSO: 14050 CW 2026-02-21 1607 K7RI 599 WA EA4R 599 KW 0
QSO: 14050 CW 2026-02-21 1607 K7RI 599 WA RM3F 599 KW 0
QSO: 14050 CW 2026-02-21 1608 K7RI 599 WA IK3BM 599 100 0
QSO: 14050 CW 2026-02-21 1608 K7RI 599 WA UA5D 599 KW 0
QSO: 14050 CW 2026-02-21 1609 K7RI 599 WA RA4Y 599 KW 0
QSO: 14050 CW 2026-02-21 1609 K7RI 599 WA R7TW 599 KW 0
QSO: 14050 CW 2026-02-21 1610 K7RI 599 WA SN7Q 599 KW 0
QSO: 14050 CW 2026-02-21 1612 K7RI 599 WA DJ7RL 599 100 0
QSO: 14050 CW 2026-02-21 1612 K7RI 599 WA DL2MDU 599 KW 0
QSO: 14050 CW 2026-02-21 1612 K7RI 599 WA RU3A 599 100 0
QSO: 14050 CW 2026-02-21 1613 K7RI 599 WA DL5XJ 599 500 0
QSO: 14050 CW 2026-02-21 1613 K7RI 599 WA UT1FT 599 100 0
QSO: 14050 CW 2026-02-21 1614 K7RI 599 WA YB1RKT 599 100 0
QSO: 14050 CW 2026-02-21 1615 K7RI 599 WA OM7M 599 KW 0
QSO: 14050 CW 2026-02-21 1616 K7RI 599 WA RC2R 599 50 0
QSO: 14050 CW 2026-02-21 1617 K7RI 599 WA IV3SKB 599 500 0
QSO: 14050 CW 2026-02-21 1618 K7RI 599 WA G5W 599 KW 0
QSO: 14050 CW 2026-02-21 1618 K7RI 599 WA OE2GEN 599 100 0
QSO: 14050 CW 2026-02-21 1618 K7RI 599 WA DL5JQ 599 400 0
QSO: 14050 CW 2026-02-21 1619 K7RI 599 WA OH2KI 599 500 0
QSO: 14050 CW 2026-02-21 1620 K7RI 599 WA SM6F 599 100 0
QSO: 14050 CW 2026-02-21 1620 K7RI 599 WA RG2Y 599 K 0
QSO: 14050 CW 2026-02-21 1621 K7RI 599 WA RX6FJ 599 100 0
QSO: 14050 CW 2026-02-21 1621 K7RI 599 WA DD2D 599 KW 0
QSO: 14050 CW 2026-02-21 1621 K7RI 599 WA IV3VFR 599 500 0
QSO: 14050 CW 2026-02-21 1622 K7RI 599 WA G4AMT 599 KW 0
QSO: 14050 CW 2026-02-21 1622 K7RI 599 WA DL1BUG 599 KW 0
QSO: 14050 CW 2026-02-21 1623 K7RI 599 WA OK1FU 599 KW 0
QSO: 14050 CW 2026-02-21 1623 K7RI 599 WA EU8U 599 500 0
QSO: 14050 CW 2026-02-21 1624 K7RI 599 WA OZ1ADL 599 K 0
QSO: 14050 CW 2026-02-21 1624 K7RI 599 WA UA4FER 599 100 0
QSO: 14050 CW 2026-02-21 1625 K7RI 599 WA EA6ST 599 100 0
QSO: 14050 CW 2026-02-21 1625 K7RI 599 WA EW1M 599 KW 0
QSO: 14050 CW 2026-02-21 1625 K7RI 599 WA OH3ZE 599 KW 0
QSO: 14050 CW 2026-02-21 1625 K7RI 599 WA RN3QO 599 KW 0
QSO: 14050 CW 2026-02-21 1626 K7RI 599 WA PA1S 599 400 0
QSO: 14050 CW 2026-02-21 1626 K7RI 599 WA IZ6BTN 599 100 0
QSO: 14050 CW 2026-02-21 1628 K7RI 599 WA F5OIJ 599 100 0
QSO: 14050 CW 2026-02-21 1631 K7RI 599 WA OK2BJ 599 100 0
QSO: 14050 CW 2026-02-21 1631 K7RI 599 WA OK5Z 599 K 0
QSO: 14050 CW 2026-02-21 1632 K7RI 599 WA G3RLE 599 100 0
QSO: 14050 CW 2026-02-21 1633 K7RI 599 WA DL1NEO 599 KW 0
QSO: 14050 CW 2026-02-21 1634 K7RI 599 WA R7MC 599 100 0
QSO: 14050 CW 2026-02-21 1635 K7RI 599 WA OM2X 599 KW 0
QSO: 14050 CW 2026-02-21 1635 K7RI 599 WA TA7I 599 100 0
QSO: 14050 CW 2026-02-21 1635 K7RI 599 WA EW8DX 599 500 0
QSO: 14050 CW 2026-02-21 1636 K7RI 599 WA HA4CW 599 500 0
QSO: 14050 CW 2026-02-21 1637 K7RI 599 WA RT1L 599 KW 0
QSO: 14050 CW 2026-02-21 1637 K7RI 599 WA OK1KT 599 100 0
QSO: 14050 CW 2026-02-21 1639 K7RI 599 WA SO5O 599 500 0
QSO: 14050 CW 2026-02-21 1640 K7RI 599 WA R4MM 599 KW 0
QSO: 14050 CW 2026-02-21 1641 K7RI 599 WA HG5D 599 KW 0
QSO: 14050 CW 2026-02-21 1641 K7RI 599 WA YL2VW 599 KW 0
QSO: 14050 CW 2026-02-21 1642 K7RI 599 WA UA6YH 599 100 0
QSO: 14050 CW 2026-02-21 1642 K7RI 599 WA PA0ZOV 599 KW 0
QSO: 14050 CW 2026-02-21 1643 K7RI 599 WA OT1V 599 100 0
QSO: 14050 CW 2026-02-21 1646 K7RI 599 WA SP6CIK 599 500 0
QSO: 14050 CW 2026-02-21 1646 K7RI 599 WA OQ5M 599 KW 0
QSO: 14050 CW 2026-02-21 1648 K7RI 599 WA EI6HB 599 300 0
QSO: 14050 CW 2026-02-21 1648 K7RI 599 WA OG5O 599 K 0
QSO: 14050 CW 2026-02-21 1656 K7RI 599 WA HA3DX 599 KW 0
QSO: 14050 CW 2026-02-21 1657 K7RI 599 WA LA2T 599 KW 0
QSO: 14050 CW 2026-02-21 1658 K7RI 599 WA OT5L 599 100 0
QSO: 14050 CW 2026-02-21 1658 K7RI 599 WA DL9GTB 599 300 0
QSO: 14050 CW 2026-02-21 1658 K7RI 599 WA LZ1RW 599 KW 0
QSO: 14050 CW 2026-02-21 1659 K7RI 599 WA LZ8E 599 KW 0
QSO: 14050 CW 2026-02-21 1659 K7RI 599 WA SM3GSK 599 500 0
QSO: 14050 CW 2026-02-21 1700 K7RI 599 WA DF5UL 599 500 0
QSO: 14050 CW 2026-02-21 1700 K7RI 599 WA OK1EA 599 KW 0
QSO: 14050 CW 2026-02-21 1701 K7RI 599 WA HB9DOS 599 500 0
QSO: 14050 CW 2026-02-21 1702 K7RI 599 WA SP8R 599 K 0
QSO: 14050 CW 2026-02-21 1703 K7RI 599 WA YB1RYX 599 100 0
QSO: 14050 CW 2026-02-21 1703 K7RI 599 WA OL3Z 599 KW 0
QSO: 14050 CW 2026-02-21 1703 K7RI 599 WA I2SVA 599 500 0
QSO: 14050 CW 2026-02-21 1704 K7RI 599 WA LZ1BP 599 KW 0
QSO: 14050 CW 2026-02-21 1705 K7RI 599 WA 3V8LL 599 KW 0
QSO: 14050 CW 2026-02-21 1706 K7RI 599 WA IO9J 599 500 0
QSO: 14050 CW 2026-02-21 1706 K7RI 599 WA HA4ZS 599 100 0
QSO: 14050 CW 2026-02-21 1707 K7RI 599 WA R1DX 599 KW 0
QSO: 14050 CW 2026-02-21 1707 K7RI 599 WA R6OD 599 100 0
QSO: 14050 CW 2026-02-21 1708 K7RI 599 WA RN3BL 599 KW 0
QSO: 14050 CW 2026-02-21 1708 K7RI 599 WA F5PCV 599 100 0
QSO: 14050 CW 2026-02-21 1709 K7RI 599 WA HA6ON 599 100 0
QSO: 14050 CW 2026-02-21 1709 K7RI 599 WA DJ0YI 599 100 0
QSO: 14050 CW 2026-02-21 1710 K7RI 599 WA OM5DX 599 100 0
QSO: 14050 CW 2026-02-21 1710 K7RI 599 WA SP9ATE 599 KW 0
QSO: 14050 CW 2026-02-21 1710 K7RI 599 WA DL4YAO 599 500 0
QSO: 14050 CW 2026-02-21 1711 K7RI 599 WA DL1ATZ 599 500 0
QSO: 14050 CW 2026-02-21 1712 K7RI 599 WA IQ3VO 599 500 0
QSO: 14050 CW 2026-02-21 1713 K7RI 599 WA E7Y 599 100 0
QSO: 14050 CW 2026-02-21 1713 K7RI 599 WA DR7B 599 100 0
QSO: 14050 CW 2026-02-21 1714 K7RI 599 WA JH4UYB 599 K 0
QSO: 14050 CW 2026-02-21 1714 K7RI 599 WA RL4A 599 KW 0
QSO: 14050 CW 2026-02-21 1715 K7RI 599 WA IK2QEB 599 100 0
QSO: 14050 CW 2026-02-21 1716 K7RI 599 WA IK2SAU 599 500 0
QSO: 14050 CW 2026-02-21 1716 K7RI 599 WA YU1YV 599 300 0
QSO: 14050 CW 2026-02-21 1717 K7RI 599 WA SP5TT 599 100 0
QSO: 14050 CW 2026-02-21 1718 K7RI 599 WA DL6NDW 599 KW 0
QSO: 14050 CW 2026-02-21 1718 K7RI 599 WA YL7X 599 KW 0
QSO: 14050 CW 2026-02-21 1719 K7RI 599 WA PE1RSP 599 200 0
QSO: 14050 CW 2026-02-21 1719 K7RI 599 WA LY2TS 599 100 0
QSO: 14038 CW 2026-02-21 1720 K7RI 599 WA AL7LO 599 KW 0
QSO: 14050 CW 2026-02-21 1722 K7RI 599 WA OL5W 599 KW 0
QSO: 14050 CW 2026-02-21 1722 K7RI 599 WA PA3AAV 599 400 0
QSO: 14050 CW 2026-02-21 1723 K7RI 599 WA SN7O 599 100 0
QSO: 14050 CW 2026-02-21 1724 K7RI 599 WA DA1TT 599 KW 0
QSO: 14050 CW 2026-02-21 1724 K7RI 599 WA SV8DJW 599 500 0
QSO: 14050 CW 2026-02-21 1725 K7RI 599 WA HB9ARY 599 500 0
QSO: 14050 CW 2026-02-21 1725 K7RI 599 WA DK1FW 599 KW 0
QSO: 14050 CW 2026-02-21 1726 K7RI 599 WA OH3EX 599 KW 0
QSO: 14050 CW 2026-02-21 1726 K7RI 599 WA RN2F 599 100 0
QSO: 14050 CW 2026-02-21 1727 K7RI 599 WA LY2XW 599 KW 0
QSO: 14050 CW 2026-02-21 1727 K7RI 599 WA HB9NE 599 KW 0
QSO: 14050 CW 2026-02-21 1728 K7RI 599 WA F3OA 599 100 0
QSO: 14050 CW 2026-02-21 1729 K7RI 599 WA LY2DX 599 100 0
QSO: 14050 CW 2026-02-21 1729 K7RI 599 WA 7I1I 599 KW 0
QSO: 14050 CW 2026-02-21 1730 K7RI 599 WA OK4DZ 599 100 0
QSO: 14050 CW 2026-02-21 1731 K7RI 599 WA DM5WW 599 200 0
QSO: 14050 CW 2026-02-21 1731 K7RI 599 WA DJ0FX 599 70 0
QSO: 14050 CW 2026-02-21 1732 K7RI 599 WA S57AL 599 KW 0
QSO: 14050 CW 2026-02-21 1732 K7RI 599 WA 9A4A 599 100 0
QSO: 14050 CW 2026-02-21 1733 K7RI 599 WA OO9SP 599 KW 0
QSO: 14050 CW 2026-02-21 1733 K7RI 599 WA DL9UO 599 500 0
QSO: 14050 CW 2026-02-21 1734 K7RI 599 WA 3Z1K 599 100 0
QSO: 14050 CW 2026-02-21 1734 K7RI 599 WA EW1I 599 K 0
QSO: 14050 CW 2026-02-21 1735 K7RI 599 WA DD4A 599 500 0
QSO: 14050 CW 2026-02-21 1735 K7RI 599 WA DL1ASA 599 KW 0
QSO: 14050 CW 2026-02-21 1736 K7RI 599 WA DL2NBU 599 100 0
QSO: 14050 CW 2026-02-21 1737 K7RI 599 WA P3X 599 KW 0
QSO: 14050 CW 2026-02-21 1737 K7RI 599 WA DK5DS 599 200 0
QSO: 14050 CW 2026-02-21 1738 K7RI 599 WA SQ9TX 599 200 0
QSO: 14050 CW 2026-02-21 1739 K7RI 599 WA IK2XSL 599 500 0
QSO: 14050 CW 2026-02-21 1740 K7RI 599 WA PA5KT 599 400 0
QSO: 14050 CW 2026-02-21 1741 K7RI 599 WA DK7ZT 599 500 0
QSO: 21017 CW 2026-02-21 1743 K7RI 599 WA SP2PIK 599 KW 0
QSO: 21019 CW 2026-02-21 1744 K7RI 599 WA OM7M 599 KW 0
QSO: 21019 CW 2026-02-21 1744 K7RI 599 WA 9A1A 599 KW 0
QSO: 21019 CW 2026-02-21 1745 K7RI 599 WA EA4KA 599 100 0
QSO: 21019 CW 2026-02-21 1745 K7RI 599 WA GM4Z 599 K 0
QSO: 21019 CW 2026-02-21 1746 K7RI 599 WA EA1WH 599 100 0
QSO: 21019 CW 2026-02-21 1746 K7RI 599 WA ZF1A 599 K 0
QSO: 21019 CW 2026-02-21 1747 K7RI 599 WA EF8L 599 100 0
QSO: 21019 CW 2026-02-21 1748 K7RI 599 WA ED8X 599 KW 0
QSO: 21019 CW 2026-02-21 1748 K7RI 599 WA PJ4X 599 K 0
QSO: 21019 CW 2026-02-21 1748 K7RI 599 WA CR3W 599 K 0
QSO: 21019 CW 2026-02-21 1749 K7RI 599 WA G6AY 599 500 0
QSO: 21019 CW 2026-02-21 1750 K7RI 599 WA PJ4A 599 K 0
QSO: 21019 CW 2026-02-21 1750 K7RI 599 WA VE2VY 599 100 0
QSO: 21019 CW 2026-02-21 1751 K7RI 599 WA SN3A 599 KW 0
QSO: 21019 CW 2026-02-21 1751 K7RI 599 WA HB9BAS 599 100 0
QSO: 21019 CW 2026-02-21 1752 K7RI 599 WA OK1GK 599 KW 0
QSO: 21019 CW 2026-02-21 1753 K7RI 599 WA HG6N 599 K 0
QSO: 21019 CW 2026-02-21 1753 K7RI 599 WA IB9R 599 500 0
QSO: 21019 CW 2026-02-21 1754 K7RI 599 WA OK1PI 599 KW 0
QSO: 21019 CW 2026-02-21 1754 K7RI 599 WA DA3A 599 100 0
QSO: 21019 CW 2026-02-21 1755 K7RI 599 WA DA1TT 599 KW 0
QSO: 21019 CW 2026-02-21 1756 K7RI 599 WA DF6LQ 599 100 0
QSO: 21019 CW 2026-02-21 1756 K7RI 599 WA DL5ME 599 500 0
QSO: 21019 CW 2026-02-21 1756 K7RI 599 WA IO4X 599 500 0
QSO: 21019 CW 2026-02-21 1758 K7RI 599 WA G7IRN 599 200 0
QSO: 21019 CW 2026-02-21 1759 K7RI 599 WA IZ3NYG 599 200 0
QSO: 21019 CW 2026-02-21 1759 K7RI 599 WA F5OEV 599 100 0
QSO: 21019 CW 2026-02-21 1801 K7RI 599 WA DL8UAT 599 70 0
QSO: 21019 CW 2026-02-21 1801 K7RI 599 WA DL4MM 599 600 0
QSO: 21019 CW 2026-02-21 1802 K7RI 599 WA 9A1P 599 KW 0
QSO: 21019 CW 2026-02-21 1802 K7RI 599 WA G4TDX 599 KW 0
QSO: 21019 CW 2026-02-21 1803 K7RI 599 WA DL5DTG 599 500 0
QSO: 21019 CW 2026-02-21 1804 K7RI 599 WA PA6F 599 400 0
QSO: 21019 CW 2026-02-21 1804 K7RI 599 WA OM8CW 599 KW 0
QSO: 21019 CW 2026-02-21 1805 K7RI 599 WA F6AUS 599 KW 0
QSO: 21019 CW 2026-02-21 1805 K7RI 599 WA SN4R 599 KW 0
QSO: 21019 CW 2026-02-21 1805 K7RI 599 WA EA5RS 599 KW 0
QSO: 21019 CW 2026-02-21 1806 K7RI 599 WA DK4WW 599 KW 0
QSO: 21019 CW 2026-02-21 1806 K7RI 599 WA M4N 599 100 0
QSO: 21019 CW 2026-02-21 1807 K7RI 599 WA OL7D 599 KW 0
QSO: 21019 CW 2026-02-21 1807 K7RI 599 WA SK3W 599 K 0
QSO: 21019 CW 2026-02-21 1808 K7RI 599 WA EA1DDE 599 KW 0
QSO: 21019 CW 2026-02-21 1809 K7RI 599 WA PA0GJV 599 KW 0
QSO: 21019 CW 2026-02-21 1809 K7RI 599 WA ED7K 599 K 0
QSO: 21019 CW 2026-02-21 1810 K7RI 599 WA DD5VL 599 100 0
QSO: 21019 CW 2026-02-21 1811 K7RI 599 WA OT6M 599 KW 0
QSO: 21019 CW 2026-02-21 1812 K7RI 599 WA DK8MM 599 KW 0
QSO: 21019 CW 2026-02-21 1812 K7RI 599 WA DL1NEO 599 KW 0
QSO: 21019 CW 2026-02-21 1812 K7RI 599 WA EA5YU 599 500 0
QSO: 21019 CW 2026-02-21 1813 K7RI 599 WA 9A3TR 599 KW 0
QSO: 21019 CW 2026-02-21 1813 K7RI 599 WA OL0W 599 K 0
QSO: 21019 CW 2026-02-21 1814 K7RI 599 WA DL6OCM 599 300 0
QSO: 21019 CW 2026-02-21 1815 K7RI 599 WA M2A 599 KW 0
QSO: 21019 CW 2026-02-21 1815 K7RI 599 WA DL7VEE 599 500 0
QSO: 21019 CW 2026-02-21 1816 K7RI 599 WA WW8H 599 OH 0
QSO: 21019 CW 2026-02-21 1816 K7RI 599 WA DJ5LA 599 KW 0
QSO: 21019 CW 2026-02-21 1819 K7RI 599 WA PA0M 599 400 0
QSO: 28009 CW 2026-02-21 1823 K7RI 599 WA EF8L 599 100 0
QSO: 28010 CW 2026-02-21 1825 K7RI 599 WA EI7M 599 K 0
QSO: 28010 CW 2026-02-21 1827 K7RI 599 WA PY3OZ 599 100 0
QSO: 28010 CW 2026-02-21 1827 K7RI 599 WA CR3W 599 K 0
QSO: 28030 CW 2026-02-21 1834 K7RI 599 WA ZD7BG 599 200 0
QSO: 28032 CW 2026-02-21 1835 K7RI 599 WA LW1D 599 KW 0
QSO: 28051 CW 2026-02-21 1837 K7RI 599 WA TO4A 599 K 0
QSO: 14044 CW 2026-02-21 1838 K7RI 599 WA LX7I 599 KW 0
QSO: 14049 CW 2026-02-21 1839 K7RI 599 WA OH0Z 599 K 0
QSO: 21017 CW 2026-02-21 1841 K7RI 599 WA TM6M 599 100 0
QSO: 21017 CW 2026-02-21 1842 K7RI 599 WA S50K 599 KW 0
QSO: 21017 CW 2026-02-21 1843 K7RI 599 WA PA6AA 599 400 0
QSO: 21016 CW 2026-02-21 1847 K7RI 599 WA PA3EVY 599 100 0
QSO: 21016 CW 2026-02-21 1847 K7RI 599 WA EA3ATM 599 100 0
QSO: 21016 CW 2026-02-21 1848 K7RI 599 WA PA2P 599 400 0
QSO: 21016 CW 2026-02-21 1850 K7RI 599 WA M4U 599 900 0
QSO: 21029 CW 2026-02-21 1854 K7RI 599 WA 4U1UN 599 100 0
QSO: 21028 CW 2026-02-21 1856 K7RI 599 WA NP4E 599 100 0
QSO: 21028 CW 2026-02-21 1856 K7RI 599 WA S51MM 599 KW 0
QSO: 21028 CW 2026-02-21 1857 K7RI 599 WA EA4BAS 599 100 0
QSO: 21028 CW 2026-02-21 1858 K7RI 599 WA PA4EL 599 400 0
QSO: 21028 CW 2026-02-21 1902 K7RI 599 WA WH6R 599 700 0
QSO: 14056 CW 2026-02-21 1904 K7RI 599 WA MI5I 599 100 0
QSO: 14058 CW 2026-02-21 1907 K7RI 599 WA IZ3NVR 599 100 0
QSO: 28038 CW 2026-02-21 1909 K7RI 599 WA CR2N 599 K 0
QSO: 28029 CW 2026-02-21 1911 K7RI 599 WA PJ2T 599 K 0
QSO: 28034 CW 2026-02-21 1912 K7RI 599 WA PJ4A 599 K 0
QSO: 28042 CW 2026-02-21 1913 K7RI 599 WA TI7W 599 K 0
QSO: 28016 CW 2026-02-21 1913 K7RI 599 WA ZF5T 599 K 0
QSO: 28020 CW 2026-02-21 1914 K7RI 599 WA PY7RP 599 KW 0
QSO: 28025 CW 2026-02-21 1915 K7RI 599 WA XE1CT 599 500 0
QSO: 28028 CW 2026-02-21 1916 K7RI 599 WA HD8R 599 K 0
QSO: 28039 CW 2026-02-21 1917 K7RI 599 WA XR1D 599 100 0
QSO: 28044 CW 2026-02-21 1918 K7RI 599 WA CX2BR 599 K 0
QSO: 28045 CW 2026-02-21 1918 K7RI 599 WA 8P5A 599 K 0
QSO: 28046 CW 2026-02-21 1919 K7RI 599 WA PJ4PA 599 K 0
QSO: 28047 CW 2026-02-21 1919 K7RI 599 WA PJ4K 599 K 0
QSO: 28050 CW 2026-02-21 1920 K7RI 599 WA KP2M 599 K 0
QSO: 28053 CW 2026-02-21 1920 K7RI 599 WA LT6T 599 KW 0
QSO: 28056 CW 2026-02-21 1921 K7RI 599 WA J35X 599 100 0
QSO: 28060 CW 2026-02-21 1921 K7RI 599 WA ED8X 599 KW 0
QSO: 28067 CW 2026-02-21 1922 K7RI 599 WA ZV5PR 599 100 0
QSO: 28013 CW 2026-02-21 1924 K7RI 599 WA PY2XC 599 100 0
QSO: 28017 CW 2026-02-21 1925 K7RI 599 WA LU7HF 599 100 0
QSO: 28018 CW 2026-02-21 1925 K7RI 599 WA LS5H 599 100 0
QSO: 28021 CW 2026-02-21 1926 K7RI 599 WA LU8QT 599 KW 0
QSO: 28022 CW 2026-02-21 1926 K7RI 599 WA XQ3SK 599 KW 0
QSO: 28032 CW 2026-02-21 1932 K7RI 599 WA ZM4T 599 KW 0
QSO: 28039 CW 2026-02-21 1933 K7RI 599 WA AH6AA 599 K 0
QSO: 21036 CW 2026-02-21 1940 K7RI 599 WA TI7W 599 K 0
QSO: 21037 CW 2026-02-21 1941 K7RI 599 WA CR2N 599 K 0
QSO: 21040 CW 2026-02-21 1942 K7RI 599 WA ZS1C 599 KW 0
QSO: 21045 CW 2026-02-21 1943 K7RI 599 WA HD8R 599 K 0
QSO: 21046 CW 2026-02-21 1944 K7RI 599 WA PJ2T 599 K 0
QSO: 21048 CW 2026-02-21 1944 K7RI 599 WA KP2B 599 911 0
QSO: 21050 CW 2026-02-21 1945 K7RI 599 WA NP4DX 599 K 0
QSO: 21052 CW 2026-02-21 1945 K7RI 599 WA TO4A 599 K 0
QSO: 21054 CW 2026-02-21 1946 K7RI 599 WA V47Y 599 100 0
QSO: 21068 CW 2026-02-21 1949 K7RI 599 WA HC2GRC 599 500 0
QSO: 21074 CW 2026-02-21 1950 K7RI 599 WA HK1MW 599 KW 0
QSO: 21009 CW 2026-02-21 1953 K7RI 599 WA LS5H 599 100 0
QSO: 21010 CW 2026-02-21 1955 K7RI 599 WA P44W 599 100 0
QSO: 21012 CW 2026-02-21 1956 K7RI 599 WA 9Y4M 599 100 0
QSO: 21025 CW 2026-02-21 2001 K7RI 599 WA XE2E 599 100 0
QSO: 21026 CW 2026-02-21 2001 K7RI 599 WA V3T 599 99 0
QSO: 21031 CW 2026-02-21 2002 K7RI 599 WA 6Y/AI5IN 599 5 0
QSO: 21041 CW 2026-02-21 2003 K7RI 599 WA 8P5A 599 K 0
QSO: 28045 CW 2026-02-21 2010 K7RI 599 WA WP3A 599 67 0
QSO: 28046 CW 2026-02-21 2013 K7RI 599 WA KP5/NP3VI 599 9 0
QSO: 21065 CW 2026-02-21 2018 K7RI 599 WA VP9I 599 99 0
QSO: 21003 CW 2026-02-21 2024 K7RI 599 WA CR3DX 599 K 0
QSO: 21015 CW 2026-02-21 2026 K7RI 599 WA PJ7AR 599 20 0
QSO: 28029 CW 2026-02-21 2031 K7RI 599 WA V3T 599 99 0
QSO: 28027 CW 2026-02-21 2031 K7RI 599 WA OA4SS 599 100 0
QSO: 28020 CW 2026-02-21 2033 K7RI 599 WA HI9/F8AAN 599 100 0
QSO: 28033 CW 2026-02-21 2033 K7RI 599 WA P44W 599 100 0
QSO: 14029 CW 2026-02-21 2036 K7RI 599 WA PJ4A 599 K 0
QSO: 14017 CW 2026-02-21 2038 K7RI 599 WA CR2N 599 K 0
QSO: 14033 CW 2026-02-21 2043 K7RI 599 WA CT7BJG 599 100 0
QSO: 14035 CW 2026-02-21 2044 K7RI 599 WA NP4DX 599 K 0
QSO: 14001 CW 2026-02-21 2049 K7RI 599 WA CT3KN 599 K 0
QSO: 14062 CW 2026-02-21 2050 K7RI 599 WA VP9I 599 99 0
QSO: 21095 CW 2026-02-21 2056 K7RI 599 WA PZ5TW 599 100 0
QSO: 21054 CW 2026-02-21 2059 K7RI 599 WA VP2EEU 599 100 0
QSO: 21036 CW 2026-02-21 2105 K7RI 599 WA KH0W 599 500 0
QSO: 21039 CW 2026-02-21 2110 K7RI 599 WA KL7AC 599 100 0
QSO: 21040 CW 2026-02-21 2115 K7RI 599 WA EI7M 599 K 0
QSO: 21025 CW 2026-02-21 2121 K7RI 599 WA CE3SPR 599 K 0
QSO: 21045 CW 2026-02-21 2127 K7RI 599 WA JM3UGA 599 KW 0
QSO: 21045 CW 2026-02-21 2129 K7RI 599 WA JM8SMO 599 100 0
QSO: 21030 CW 2026-02-21 2132 K7RI 599 WA JF1UOX 599 KW 0
QSO: 21045 CW 2026-02-21 2133 K7RI 599 WA JN1RVS 599 KW 0
QSO: 21037 CW 2026-02-21 2135 K7RI 599 WA JF1NHD 599 K 0
QSO: 21040 CW 2026-02-21 2136 K7RI 599 WA JR3NZC 599 K 0
QSO: 21067 CW 2026-02-21 2138 K7RI 599 WA JA1BJI 599 100 0
QSO: 21045 CW 2026-02-21 2139 K7RI 599 WA JR1GSE 599 KW 0
QSO: 21040 CW 2026-02-21 2140 K7RI 599 WA JH1GEX 599 K 0
QSO: 21057 CW 2026-02-21 2141 K7RI 599 WA JH7QXJ 599 K 0
QSO: 21045 CW 2026-02-21 2142 K7RI 599 WA JF2OZH 599 200 0
QSO: 21045 CW 2026-02-21 2143 K7RI 599 WA JE2PCY 599 500 0
QSO: 21045 CW 2026-02-21 2145 K7RI 599 WA 7K1VKU/1 599 5 0
QSO: 21045 CW 2026-02-21 2145 K7RI 599 WA JF1LMB 599 200 0
QSO: 21069 CW 2026-02-21 2146 K7RI 599 WA JH1EAQ 599 100 0
QSO: 21045 CW 2026-02-21 2147 K7RI 599 WA JK1HIX 599 KW 0
QSO: 21045 CW 2026-02-21 2148 K7RI 599 WA JR7AQL 599 200 0
QSO: 21045 CW 2026-02-21 2149 K7RI 599 WA JF3BFS 599 100 0
QSO: 21045 CW 2026-02-21 2149 K7RI 599 WA JE2FDH 599 100 0
QSO: 21045 CW 2026-02-21 2150 K7RI 599 WA JF3NDW 599 500 0
QSO: 21045 CW 2026-02-21 2151 K7RI 599 WA JK1TCV 599 5 0
QSO: 21045 CW 2026-02-21 2151 K7RI 599 WA JA2FXV 599 100 0
QSO: 21045 CW 2026-02-21 2153 K7RI 599 WA JH1PXH 599 KW 0
QSO: 21045 CW 2026-02-21 2153 K7RI 599 WA JJ1VFE 599 200 0
QSO: 21045 CW 2026-02-21 2153 K7RI 599 WA JH7TIX 599 KW 0
QSO: 21045 CW 2026-02-21 2154 K7RI 599 WA 7K4VPV 599 200 0
QSO: 21045 CW 2026-02-21 2156 K7RI 599 WA JR8DHW 599 100 0
QSO: 21045 CW 2026-02-21 2157 K7RI 599 WA JH3TBY 599 200 0
QSO: 21045 CW 2026-02-21 2158 K7RI 599 WA WP3A 599 67 0
QSO: 21045 CW 2026-02-21 2158 K7RI 599 WA JH1VHU 599 KW 0
QSO: 21045 CW 2026-02-21 2200 K7RI 599 WA JA1LKY 599 50 0
QSO: 21045 CW 2026-02-21 2200 K7RI 599 WA JH1OLD 599 500 0
QSO: 21045 CW 2026-02-21 2203 K7RI 599 WA JR1WYW 599 KW 0
QSO: 21045 CW 2026-02-21 2206 K7RI 599 WA JM1KNI 599 50 0
QSO: 21045 CW 2026-02-21 2208 K7RI 599 WA JI1FOE 599 200 0
QSO: 21045 CW 2026-02-21 2208 K7RI 599 WA JK1NSR 599 100 0
QSO: 21045 CW 2026-02-21 2209 K7RI 599 WA JE0UXR 599 100 0
QSO: 21045 CW 2026-02-21 2211 K7RI 599 WA JA8RUZ 599 KW 0
QSO: 21045 CW 2026-02-21 2215 K7RI 599 WA JH1SAR 599 100 0
QSO: 21045 CW 2026-02-21 2215 K7RI 599 WA JA2XLV 599 200 0
QSO: 21045 CW 2026-02-21 2216 K7RI 599 WA JK1ESR 599 5 0
QSO: 21045 CW 2026-02-21 2217 K7RI 599 WA PY2BBQ 599 KW 0
QSO: 21045 CW 2026-02-21 2218 K7RI 599 WA JK7UST 599 100 0
QSO: 21045 CW 2026-02-21 2218 K7RI 599 WA JL1HKG 599 100 0
QSO: 21045 CW 2026-02-21 2222 K7RI 599 WA KL7VKX 599 100 0
QSO: 21045 CW 2026-02-21 2222 K7RI 599 WA JA6FFK 599 100 0
QSO: 21045 CW 2026-02-21 2223 K7RI 599 WA JA3VOV 599 200 0
QSO: 21045 CW 2026-02-21 2223 K7RI 599 WA JH1RRP 599 100 0
QSO: 21045 CW 2026-02-21 2224 K7RI 599 WA JH6WDG 599 KW 0
QSO: 21045 CW 2026-02-21 2226 K7RI 599 WA JH4GXR 599 100 0
QSO: 21045 CW 2026-02-21 2227 K7RI 599 WA JA5QYR 599 500 0
QSO: 21045 CW 2026-02-21 2227 K7RI 599 WA JA4FFZ 599 100 0
QSO: 21045 CW 2026-02-21 2228 K7RI 599 WA JQ3ALW 599 200 0
QSO: 21045 CW 2026-02-21 2230 K7RI 599 WA JA1RPK 599 KW 0
QSO: 21045 CW 2026-02-21 2230 K7RI 599 WA JH7IXX 599 100 0
QSO: 21045 CW 2026-02-21 2230 K7RI 599 WA PU1JSV 599 100 0
QSO: 21073 CW 2026-02-21 2232 K7RI 599 WA JR3BOT 599 200 0
QSO: 21070 CW 2026-02-21 2232 K7RI 599 WA JM7SKE 599 500 0
QSO: 28023 CW 2026-02-21 2234 K7RI 599 WA JJ0VNR 599 K 0
QSO: 28033 CW 2026-02-21 2237 K7RI 599 WA AH2R 599 KW 0
QSO: 28061 CW 2026-02-21 2238 K7RI 599 WA JH1KRC 599 K 0
QSO: 28064 CW 2026-02-21 2243 K7RI 599 WA KH0W 599 500 0
QSO: 28045 CW 2026-02-21 2245 K7RI 599 WA JE0UXR 599 100 0
QSO: 28045 CW 2026-02-21 2246 K7RI 599 WA KH6J 599 K 0
QSO: 28017 CW 2026-02-21 2251 K7RI 599 WA VL4D 599 100 0
QSO: 28023 CW 2026-02-21 2255 K7RI 599 WA VL4A 599 100 0
QSO: 28023 CW 2026-02-21 2258 K7RI 599 WA PU1SV 599 100 0
QSO: 28032 CW 2026-02-21 2300 K7RI 599 WA FK8IK 599 K 0
QSO: 21020 CW 2026-02-21 2301 K7RI 599 WA KH6CJJ 599 100 0
QSO: 21020 CW 2026-02-21 2302 K7RI 599 WA BA6KC 599 KW 0
QSO: 21020 CW 2026-02-21 2302 K7RI 599 WA JM1IKW 599 100 0
QSO: 21020 CW 2026-02-21 2303 K7RI 599 WA JK1NWD 599 5 0
QSO: 21020 CW 2026-02-21 2304 K7RI 599 WA JA9EJG 599 100 0
QSO: 21020 CW 2026-02-21 2304 K7RI 599 WA JG1XIO 599 100 0
QSO: 21020 CW 2026-02-21 2305 K7RI 599 WA YB3BLJ 599 50 0
QSO: 21020 CW 2026-02-21 2306 K7RI 599 WA JE1LOI 599 200 0
QSO: 21020 CW 2026-02-21 2306 K7RI 599 WA BH4HKZ 599 100 0
QSO: 21020 CW 2026-02-21 2307 K7RI 599 WA 7I1I 599 KW 0
QSO: 21020 CW 2026-02-21 2308 K7RI 599 WA BH3OQQ 599 100 0
QSO: 21020 CW 2026-02-21 2310 K7RI 599 WA JH3EQP 599 200 0
QSO: 21020 CW 2026-02-21 2311 K7RI 599 WA JA6CVR 599 100 0
QSO: 21020 CW 2026-02-21 2312 K7RI 599 WA JL1JJD 599 600 0
QSO: 21020 CW 2026-02-21 2312 K7RI 599 WA JR0GAE 599 50 0
QSO: 21020 CW 2026-02-21 2313 K7RI 599 WA JH9FBU 599 100 0
QSO: 21020 CW 2026-02-21 2313 K7RI 599 WA UA0CID 599 100 0
QSO: 21020 CW 2026-02-21 2313 K7RI 599 WA JA6BWH 599 KW 0
QSO: 21020 CW 2026-02-21 2314 K7RI 599 WA YE4IJ 599 100 0
QSO: 21020 CW 2026-02-21 2316 K7RI 599 WA JL1IDK 599 50 0
QSO: 21020 CW 2026-02-21 2316 K7RI 599 WA JE1JNJ 599 200 0
QSO: 21020 CW 2026-02-21 2316 K7RI 599 WA JA1SCE 599 100 0
QSO: 21020 CW 2026-02-21 2317 K7RI 599 WA JG2RFJ 599 50 0
QSO: 21020 CW 2026-02-21 2319 K7RI 599 WA JA3JM 599 100 0
QSO: 21020 CW 2026-02-21 2320 K7RI 599 WA JA9MAT 599 5 0
QSO: 21020 CW 2026-02-21 2321 K7RI 599 WA JG6JAV 599 100 0
QSO: 21009 CW 2026-02-21 2321 K7RI 599 WA OH0R 599 K 0
QSO: 21020 CW 2026-02-21 2322 K7RI 599 WA JK1DDG 599 100 0
QSO: 21010 CW 2026-02-21 2323 K7RI 599 WA OH8Z 599 KW 0
QSO: 21011 CW 2026-02-21 2323 K7RI 599 WA LN8W 599 KW 0
QSO: 21020 CW 2026-02-21 2324 K7RI 599 WA JI1HSV 599 100 0
QSO: 21020 CW 2026-02-21 2325 K7RI 599 WA JR1CBC 599 100 0
QSO: 21020 CW 2026-02-21 2325 K7RI 599 WA JE1PEN 599 KW 0
QSO: 21020 CW 2026-02-21 2325 K7RI 599 WA JA6BZI 599 KW 0
QSO: 21020 CW 2026-02-21 2326 K7RI 599 WA 7K1MAG/2 599 50 0
QSO: 21020 CW 2026-02-21 2327 K7RI 599 WA JL1FAR 599 50 0
QSO: 21020 CW 2026-02-21 2329 K7RI 599 WA JJ3DXD 599 100 0
QSO: 21020 CW 2026-02-21 2330 K7RI 599 WA JF1WAM 599 100 0
QSO: 21017 CW 2026-02-21 2331 K7RI 599 WA YV8AD 599 100 0
QSO: 21020 CW 2026-02-21 2332 K7RI 599 WA BH3AGU 599 100 0
QSO: 21020 CW 2026-02-21 2333 K7RI 599 WA 7L3JAR 599 50 0
QSO: 21020 CW 2026-02-21 2333 K7RI 599 WA ZF5T 599 K 0
QSO: 21054 CW 2026-02-21 2335 K7RI 599 WA OA4DKN 599 100 0
QSO: 21020 CW 2026-02-21 2337 K7RI 599 WA JR1MEG 599 50 0
QSO: 21020 CW 2026-02-21 2339 K7RI 599 WA JE1CAC 599 100 0
QSO: 21020 CW 2026-02-21 2339 K7RI 599 WA JR1MQT 599 300 0
QSO: 21020 CW 2026-02-21 2340 K7RI 599 WA JH8GEU 599 200 0
QSO: 21020 CW 2026-02-21 2340 K7RI 599 WA RU0LL 599 KW 0
QSO: 21020 CW 2026-02-21 2341 K7RI 599 WA JA1OHP 599 100 0
QSO: 21020 CW 2026-02-21 2343 K7RI 599 WA JL3ZHU 599 200 0
QSO: 21020 CW 2026-02-21 2343 K7RI 599 WA DS3EXT 599 100 0
QSO: 21020 CW 2026-02-21 2344 K7RI 599 WA JK2VOC 599 100 0
QSO: 21020 CW 2026-02-21 2344 K7RI 599 WA JR1TCY 599 100 0
QSO: 21020 CW 2026-02-21 2345 K7RI 599 WA JJ3QJI 599 100 0
QSO: 21020 CW 2026-02-21 2345 K7RI 599 WA JA3XOG 599 500 0
QSO: 21020 CW 2026-02-21 2346 K7RI 599 WA JE1NVJ 599 200 0
QSO: 21020 CW 2026-02-21 2346 K7RI 599 WA JQ1VDJ 599 50 0
QSO: 21020 CW 2026-02-21 2346 K7RI 599 WA E29TGW 599 KW 0
QSO: 21020 CW 2026-02-21 2347 K7RI 599 WA BA7LCS 599 100 0
QSO: 21020 CW 2026-02-21 2348 K7RI 599 WA JA2JIL 599 100 0
QSO: 21020 CW 2026-02-21 2349 K7RI 599 WA JF6KKC 599 50 0
QSO: 21020 CW 2026-02-21 2350 K7RI 599 WA JA8GAK 599 200 0
QSO: 21043 CW 2026-02-21 2351 K7RI 599 WA C6ANM 599 99 0
QSO: 21020 CW 2026-02-21 2353 K7RI 599 WA JL1MYP 599 200 0
QSO: 21020 CW 2026-02-21 2353 K7RI 599 WA JA1KPF 599 5 0
QSO: 21020 CW 2026-02-21 2354 K7RI 599 WA JH9CEN 599 K 0
QSO: 21020 CW 2026-02-21 2354 K7RI 599 WA JA2SWH 599 50 0
QSO: 21020 CW 2026-02-21 2355 K7RI 599 WA JR2NMJ 599 100 0
QSO: 21020 CW 2026-02-21 2356 K7RI 599 WA BI1XJT 599 100 0
QSO: 21020 CW 2026-02-21 2356 K7RI 599 WA JH4PUE 599 200 0
QSO: 21020 CW 2026-02-21 2358 K7RI 599 WA JA2VHQ 599 50 0
QSO: 21020 CW 2026-02-21 2358 K7RI 599 WA KH6KB 599 KW 0
QSO: 21020 CW 2026-02-21 2358 K7RI 599 WA KE4EB 599 VA 0
QSO: 21020 CW 2026-02-21 2359 K7RI 599 WA JL3AYP 599 100 0
QSO: 21020 CW 2026-02-21 2359 K7RI 599 WA JA1IST 599 150 0
QSO: 21020 CW 2026-02-21 2359 K7RI 599 WA JG1SRO 599 KW 0
QSO: 21020 CW 2026-02-22 0000 K7RI 599 WA JH1NHY 599 200 0
QSO: 21020 CW 2026-02-22 0001 K7RI 599 WA JR6HMJ/1 599 5 0
QSO: 21020 CW 2026-02-22 0001 K7RI 599 WA JR1ATA 599 100 0
QSO: 21020 CW 2026-02-22 0003 K7RI 599 WA VR2CO 599 400 0
QSO: 21020 CW 2026-02-22 0003 K7RI 599 WA JK1RSJ 599 50 0
QSO: 21020 CW 2026-02-22 0005 K7RI 599 WA JS2DVD 599 100 0
QSO: 21020 CW 2026-02-22 0006 K7RI 599 WA JH4FUF 599 100 0
QSO: 21020 CW 2026-02-22 0007 K7RI 599 WA JG1LHB 599 200 0
QSO: 21020 CW 2026-02-22 0008 K7RI 599 WA JH4COC 599 500 0
QSO: 21020 CW 2026-02-22 0009 K7RI 599 WA JA7SUR 599 50 0
QSO: 21020 CW 2026-02-22 0009 K7RI 599 WA JH1RCA 599 200 0
QSO: 28028 CW 2026-02-22 0011 K7RI 599 WA JF3EIG 599 100 0
QSO: 28028 CW 2026-02-22 0012 K7RI 599 WA JH2FXK 599 KW 0
QSO: 28028 CW 2026-02-22 0013 K7RI 599 WA JI1DCW 599 KW 0
QSO: 28028 CW 2026-02-22 0013 K7RI 599 WA JK1HIX 599 KW 0
QSO: 28028 CW 2026-02-22 0013 K7RI 599 WA JH4UYB 599 K 0
QSO: 28028 CW 2026-02-22 0014 K7RI 599 WA JR1NHD 599 KW 0
QSO: 28028 CW 2026-02-22 0014 K7RI 599 WA ZL1T 599 50 0
QSO: 28028 CW 2026-02-22 0017 K7RI 599 WA JH4CES 599 5 0
QSO: 28028 CW 2026-02-22 0017 K7RI 599 WA BA6KC 599 KW 0
QSO: 28028 CW 2026-02-22 0017 K7RI 599 WA JK1AIV 599 100 0
QSO: 28028 CW 2026-02-22 0018 K7RI 599 WA JA3UWB 599 100 0
QSO: 28028 CW 2026-02-22 0018 K7RI 599 WA DU2W 599 KW 0
QSO: 28028 CW 2026-02-22 0019 K7RI 599 WA JA5EXN 599 50 0
QSO: 28028 CW 2026-02-22 0020 K7RI 599 WA DU1EV 599 KW 0
QSO: 28028 CW 2026-02-22 0021 K7RI 599 WA JK2VOC 599 100 0
QSO: 28028 CW 2026-02-22 0021 K7RI 599 WA BA4TB 599 500 0
QSO: 28028 CW 2026-02-22 0022 K7RI 599 WA BH4HKZ 599 100 0
QSO: 28028 CW 2026-02-22 0023 K7RI 599 WA JJ1ONK 599 100 0
QSO: 28028 CW 2026-02-22 0023 K7RI 599 WA JJ1AEB 599 100 0
QSO: 28028 CW 2026-02-22 0024 K7RI 599 WA JQ1CIV 599 KW 0
QSO: 28028 CW 2026-02-22 0024 K7RI 599 WA JH1VHU 599 KW 0
QSO: 28028 CW 2026-02-22 0024 K7RI 599 WA JJ1CBY 599 100 0
QSO: 28028 CW 2026-02-22 0025 K7RI 599 WA JH1HST 599 50 0
QSO: 28028 CW 2026-02-22 0026 K7RI 599 WA JH9CEN 599 K 0
QSO: 28028 CW 2026-02-22 0027 K7RI 599 WA JA7UES 599 KW 0
QSO: 28028 CW 2026-02-22 0027 K7RI 599 WA JA6ZI 599 KW 0
QSO: 28028 CW 2026-02-22 0028 K7RI 599 WA JF1OVA 599 100 0
QSO: 28028 CW 2026-02-22 0028 K7RI 599 WA JA1KIH 599 500 0
QSO: 28028 CW 2026-02-22 0028 K7RI 599 WA JA1WTO 599 100 0
QSO: 28028 CW 2026-02-22 0030 K7RI 599 WA E2M 599 KW 0
QSO: 28028 CW 2026-02-22 0030 K7RI 599 WA JR2NMJ 599 100 0
QSO: 28028 CW 2026-02-22 0031 K7RI 599 WA KL2R 599 KW 0
QSO: 28028 CW 2026-02-22 0031 K7RI 599 WA HL3EJE 599 100 0
QSO: 28028 CW 2026-02-22 0032 K7RI 599 WA YB3IBL 599 KW 0
QSO: 28028 CW 2026-02-22 0033 K7RI 599 WA JL7GGH 599 50 0
QSO: 28028 CW 2026-02-22 0033 K7RI 599 WA YB1CMZ 599 100 0
QSO: 28028 CW 2026-02-22 0035 K7RI 599 WA DU1JIG 599 100 0
QSO: 28028 CW 2026-02-22 0036 K7RI 599 WA JR1WYW 599 KW 0
QSO: 28028 CW 2026-02-22 0036 K7RI 599 WA JH8CXW 599 100 0
QSO: 28028 CW 2026-02-22 0036 K7RI 599 WA JK7UST 599 100 0
QSO: 28028 CW 2026-02-22 0038 K7RI 599 WA HL2IDT 599 100 0
QSO: 28028 CW 2026-02-22 0039 K7RI 599 WA YB7YGR 599 100 0
QSO: 28028 CW 2026-02-22 0040 K7RI 599 WA BG7KO 599 100 0
QSO: 21022 CW 2026-02-22 0044 K7RI 599 WA FK8IK 599 K 0
QSO: 21009 CW 2026-02-22 0045 K7RI 599 WA 3D2AG 599 300 0
QSO: 21013 CW 2026-02-22 0046 K7RI 599 WA DZ3B 599 100 0
QSO: 21013 CW 2026-02-22 0047 K7RI 599 WA BH4BFS 599 100 0
QSO: 21013 CW 2026-02-22 0048 K7RI 599 WA JH1NLF 599 100 0
QSO: 21013 CW 2026-02-22 0048 K7RI 599 WA JA8HBO 599 50 0
QSO: 21013 CW 2026-02-22 0049 K7RI 599 WA JA6CNX 599 200 0
QSO: 7005 CW 2026-02-22 0053 K7RI 599 WA YT1A 599 KW 0
QSO: 7033 CW 2026-02-22 0100 K7RI 599 WA IO3T 599 500 0
QSO: 7033 CW 2026-02-22 0101 K7RI 599 WA IT9P 599 500 0
QSO: 7033 CW 2026-02-22 0103 K7RI 599 WA 9A3XV 599 KW 0
QSO: 7033 CW 2026-02-22 0105 K7RI 599 WA HA3DX 599 KW 0
QSO: 7033 CW 2026-02-22 0107 K7RI 599 WA OL7P 599 KW 0
QSO: 7033 CW 2026-02-22 0107 K7RI 599 WA 9A7V 599 KW 0
QSO: 7033 CW 2026-02-22 0107 K7RI 599 WA DK5PD 599 KW 0
QSO: 7033 CW 2026-02-22 0109 K7RI 599 WA DD2D 599 KW 0
QSO: 7033 CW 2026-02-22 0110 K7RI 599 WA F8AOF 599 100 0
QSO: 7033 CW 2026-02-22 0111 K7RI 599 WA HA7RY 599 K 0
QSO: 7033 CW 2026-02-22 0112 K7RI 599 WA LA2T 599 KW 0
QSO: 7033 CW 2026-02-22 0114 K7RI 599 WA OG1F 599 KW 0
QSO: 7033 CW 2026-02-22 0116 K7RI 599 WA T7M 599 K 0
QSO: 28014 CW 2026-02-22 0121 K7RI 599 WA JL1FAR 599 50 0
QSO: 28014 CW 2026-02-22 0123 K7RI 599 WA HS0ZLN 599 100 0
QSO: 28014 CW 2026-02-22 0123 K7RI 599 WA JR2GRX 599 K 0
QSO: 28014 CW 2026-02-22 0124 K7RI 599 WA BD8ADR 599 100 0
QSO: 28014 CW 2026-02-22 0124 K7RI 599 WA RC0CD 599 500 0
QSO: 28014 CW 2026-02-22 0125 K7RI 599 WA HL5BLF 599 100 0
QSO: 28014 CW 2026-02-22 0126 K7RI 599 WA VR2CO 599 400 0
QSO: 28037 CW 2026-02-22 0127 K7RI 599 WA JA3YBK 599 KW 0
QSO: 28043 CW 2026-02-22 0127 K7RI 599 WA BD3TE 599 KW 0
QSO: 28043 CW 2026-02-22 0131 K7RI 599 WA BD3KE 599 KW 0
QSO: 28048 CW 2026-02-22 0131 K7RI 599 WA JR3RIU 599 500 0
QSO: 28053 CW 2026-02-22 0132 K7RI 599 WA JR0BQD 599 100 0
QSO: 28068 CW 2026-02-22 0133 K7RI 599 WA JO1RUG 599 100 0
QSO: 28070 CW 2026-02-22 0134 K7RI 599 WA JH4UTP 599 100 0
QSO: 28025 CW 2026-02-22 0135 K7RI 599 WA 9V1YC 599 800 0
QSO: 21056 CW 2026-02-22 0136 K7RI 599 WA BO2AUE 599 KW 0
QSO: 21003 CW 2026-02-22 0137 K7RI 599 WA 7K1CPT 599 100 0
QSO: 21003 CW 2026-02-22 0137 K7RI 599 WA VK7GN 599 150 0
QSO: 21003 CW 2026-02-22 0138 K7RI 599 WA LU5EA 599 KW 0
QSO: 21003 CW 2026-02-22 0138 K7RI 599 WA DU2W 599 KW 0
QSO: 21003 CW 2026-02-22 0138 K7RI 599 WA JA2HYD 599 KW 0
QSO: 21003 CW 2026-02-22 0139 K7RI 599 WA JA1VDJ 599 100 0
QSO: 21003 CW 2026-02-22 0139 K7RI 599 WA WA6CW 599 CA 0
QSO: 21003 CW 2026-02-22 0140 K7RI 599 WA BA7JMO 599 K 0
QSO: 21003 CW 2026-02-22 0140 K7RI 599 WA JK4JMO 599 100 0
QSO: 21047 CW 2026-02-22 0141 K7RI 599 WA 9V1YC 599 800 0
QSO: 21003 CW 2026-02-22 0142 K7RI 599 WA RK0S 599 KW 0
QSO: 21003 CW 2026-02-22 0143 K7RI 599 WA JA7FFN 599 100 0
QSO: 21003 CW 2026-02-22 0145 K7RI 599 WA BD8ABR 599 100 0
QSO: 14037 CW 2026-02-22 0147 K7RI 599 WA PJ2T 599 K 0
QSO: 14040 CW 2026-02-22 0149 K7RI 599 WA HK5NLJ/3 599 90 0
QSO: 14047 CW 2026-02-22 0150 K7RI 599 WA P44W 599 100 0
QSO: 14050 CW 2026-02-22 0151 K7RI 599 WA 8P5A 599 K 0
QSO: 14053 CW 2026-02-22 0152 K7RI 599 WA OA4DKN 599 100 0
QSO: 14061 CW 2026-02-22 0152 K7RI 599 WA PY6TS 599 100 0
QSO: 14063 CW 2026-02-22 0153 K7RI 599 WA KP5/NP3VI 599 10 0
QSO: 14066 CW 2026-02-22 0154 K7RI 599 WA LO7H 599 KW 0
QSO: 14001 CW 2026-02-22 0155 K7RI 599 WA 8R1TM 599 100 0
QSO: 14020 CW 2026-02-22 0157 K7RI 599 WA TI2OY 599 100 0
QSO: 14019 CW 2026-02-22 0157 K7RI 599 WA ED8X 599 KW 0
QSO: 14022 CW 2026-02-22 0159 K7RI 599 WA KH6TU 599 100 0
QSO: 14026 CW 2026-02-22 0200 K7RI 599 WA ZF1A 599 K 0
QSO: 14053 CW 2026-02-22 0204 K7RI 599 WA KH0W 599 500 0
QSO: 14022 CW 2026-02-22 0207 K7RI 599 WA XE2E 599 100 0
QSO: 7001 CW 2026-02-22 0210 K7RI 599 WA P3X 599 KW 0
QSO: 7055 CW 2026-02-22 0215 K7RI 599 WA OA4DKN 599 100 0
QSO: 28017 CW 2026-02-22 0217 K7RI 599 WA JK8PBO 599 100 0
QSO: 28011 CW 2026-02-22 0219 K7RI 599 WA YB8UTI 599 200 0
QSO: 28014 CW 2026-02-22 0220 K7RI 599 WA JK1MJE 599 100 0
QSO: 28014 CW 2026-02-22 0222 K7RI 599 WA BH3FZK 599 100 0
QSO: 28014 CW 2026-02-22 0222 K7RI 599 WA JA1BJI 599 100 0
QSO: 28014 CW 2026-02-22 0223 K7RI 599 WA JH1RCA 599 200 0
QSO: 28014 CW 2026-02-22 0224 K7RI 599 WA JK1CNL 599 5 0
QSO: 28014 CW 2026-02-22 0224 K7RI 599 WA JN2AMD 599 KW 0
QSO: 28014 CW 2026-02-22 0225 K7RI 599 WA JA1QOW 599 500 0
QSO: 28014 CW 2026-02-22 0225 K7RI 599 WA JK1NSR 599 100 0
QSO: 28014 CW 2026-02-22 0226 K7RI 599 WA JK1RSJ 599 50 0
QSO: 28014 CW 2026-02-22 0227 K7RI 599 WA JE1ALA 599 25 0
QSO: 28014 CW 2026-02-22 0228 K7RI 599 WA JH1UES 599 100 0
QSO: 28014 CW 2026-02-22 0228 K7RI 599 WA JE7SRK 599 100 0
QSO: 28014 CW 2026-02-22 0229 K7RI 599 WA BD7JNA 599 KW 0
QSO: 21001 CW 2026-02-22 0232 K7RI 599 WA BA4TB 599 500 0
QSO: 21015 CW 2026-02-22 0233 K7RI 599 WA NP3A 599 99 0
QSO: 21020 CW 2026-02-22 0234 K7RI 599 WA VL4D 599 100 0
QSO: 21021 CW 2026-02-22 0234 K7RI 599 WA VL4A 599 100 0
QSO: 21022 CW 2026-02-22 0235 K7RI 599 WA 7K4XNN 599 KW 0
QSO: 21022 CW 2026-02-22 0236 K7RI 599 WA BI3BX 599 100 0
QSO: 21026 CW 2026-02-22 0238 K7RI 599 WA RC0CD 599 500 0
QSO: 21031 CW 2026-02-22 0239 K7RI 599 WA JF3IYW/2 599 50 0
QSO: 21037 CW 2026-02-22 0239 K7RI 599 WA JE4MHL 599 100 0
QSO: 21038 CW 2026-02-22 0241 K7RI 599 WA JE1CKA 599 100 0
QSO: 21043 CW 2026-02-22 0241 K7RI 599 WA JI4WHS 599 100 0
QSO: 21043 CW 2026-02-22 0242 K7RI 599 WA YB2VSH 599 K 0
QSO: 21045 CW 2026-02-22 0242 K7RI 599 WA JH4UYB 599 K 0
QSO: 21047 CW 2026-02-22 0243 K7RI 599 WA JO3JYE 599 100 0
QSO: 21057 CW 2026-02-22 0243 K7RI 599 WA JN4MMO 599 KW 0
QSO: 21083 CW 2026-02-22 0244 K7RI 599 WA JK8PBO 599 100 0
QSO: 21003 CW 2026-02-22 0246 K7RI 599 WA HL1VAU 599 100 0
QSO: 21003 CW 2026-02-22 0247 K7RI 599 WA JL1EHU 599 100 0
QSO: 21003 CW 2026-02-22 0247 K7RI 599 WA JA1WQX 599 100 0
QSO: 21003 CW 2026-02-22 0248 K7RI 599 WA RG8U 599 100 0
QSO: 21003 CW 2026-02-22 0249 K7RI 599 WA JP1NNF 599 200 0
QSO: 21003 CW 2026-02-22 0249 K7RI 599 WA JH6DUI 599 40 0
QSO: 21003 CW 2026-02-22 0250 K7RI 599 WA JA7MCB 599 100 0
QSO: 21003 CW 2026-02-22 0252 K7RI 599 WA JA7SSP 599 100 0
QSO: 21003 CW 2026-02-22 0252 K7RI 599 WA JA0TCC 599 100 0
QSO: 21003 CW 2026-02-22 0253 K7RI 599 WA JJ1ONK 599 100 0
QSO: 21003 CW 2026-02-22 0253 K7RI 599 WA JJ3TBB 599 50 0
QSO: 21003 CW 2026-02-22 0254 K7RI 599 WA JN1GFR 599 100 0
QSO: 21003 CW 2026-02-22 0256 K7RI 599 WA JH0UTC 599 3 0
QSO: 21003 CW 2026-02-22 0256 K7RI 599 WA JJ1CZR 599 100 0
QSO: 21003 CW 2026-02-22 0257 K7RI 599 WA JA4LCI 599 100 0
QSO: 21003 CW 2026-02-22 0257 K7RI 599 WA YB7YGR 599 100 0
QSO: 21003 CW 2026-02-22 0258 K7RI 599 WA DU1WBX 599 100 0
QSO: 21003 CW 2026-02-22 0258 K7RI 599 WA DS5GJS 599 100 0
QSO: 21003 CW 2026-02-22 0258 K7RI 599 WA JL1LOF 599 50 0
QSO: 21003 CW 2026-02-22 0259 K7RI 599 WA YB3VK 599 100 0
QSO: 21003 CW 2026-02-22 0259 K7RI 599 WA YB2XVT 599 100 0
QSO: 21003 CW 2026-02-22 0300 K7RI 599 WA JM1LAW 599 100 0
QSO: 21003 CW 2026-02-22 0300 K7RI 599 WA JE1RRK 599 100 0
QSO: 21003 CW 2026-02-22 0302 K7RI 599 WA VK4FJ 599 100 0
QSO: 21003 CW 2026-02-22 0303 K7RI 599 WA JH8JYV 599 KW 0
QSO: 21003 CW 2026-02-22 0304 K7RI 599 WA JF1MLG 599 50 0
QSO: 21010 CW 2026-02-22 0307 K7RI 599 WA YB8UTI 599 200 0
QSO: 21017 CW 2026-02-22 0309 K7RI 599 WA UA0DAR 599 KW 0
QSO: 21028 CW 2026-02-22 0310 K7RI 599 WA E25CRF 599 100 0
QSO: 21047 CW 2026-02-22 0311 K7RI 599 WA HL4CEL 599 100 0
QSO: 14008 CW 2026-02-22 0315 K7RI 599 WA OH7R 599 KW 0
QSO: 14008 CW 2026-02-22 0316 K7RI 599 WA JA7MCB 599 100 0
QSO: 14008 CW 2026-02-22 0316 K7RI 599 WA JG6JAV 599 100 0
QSO: 14008 CW 2026-02-22 0317 K7RI 599 WA JH4UTP 599 100 0
QSO: 14008 CW 2026-02-22 0317 K7RI 599 WA JG1FMA 599 100 0
QSO: 14008 CW 2026-02-22 0317 K7RI 599 WA RG0A 599 KW 0
QSO: 14008 CW 2026-02-22 0318 K7RI 599 WA JN3DSH 599 100 0
QSO: 14008 CW 2026-02-22 0318 K7RI 599 WA JA2KPW 599 200 0
QSO: 14008 CW 2026-02-22 0319 K7RI 599 WA JR1NKN 599 5 0
QSO: 14008 CW 2026-02-22 0319 K7RI 599 WA JA1YPA 599 KW 0
QSO: 14008 CW 2026-02-22 0319 K7RI 599 WA JI1DCW 599 KW 0
QSO: 14008 CW 2026-02-22 0320 K7RI 599 WA JA3NUT 599 100 0
QSO: 14008 CW 2026-02-22 0320 K7RI 599 WA KL5DX 599 K 0
QSO: 14008 CW 2026-02-22 0320 K7RI 599 WA RC9A 599 KW 0
QSO: 14008 CW 2026-02-22 0321 K7RI 599 WA VK7GN 599 150 0
QSO: 14008 CW 2026-02-22 0322 K7RI 599 WA JN1THL 599 KW 0
QSO: 14008 CW 2026-02-22 0322 K7RI 599 WA JJ2AVH 599 100 0
QSO: 14008 CW 2026-02-22 0323 K7RI 599 WA JS1OYN 599 100 0
QSO: 14008 CW 2026-02-22 0323 K7RI 599 WA JK1NSR 599 100 0
QSO: 14008 CW 2026-02-22 0324 K7RI 599 WA JH8IYN 599 100 0
QSO: 14008 CW 2026-02-22 0324 K7RI 599 WA JH1PXH 599 KW 0
QSO: 14008 CW 2026-02-22 0324 K7RI 599 WA JG2AIG 599 100 0
QSO: 14008 CW 2026-02-22 0325 K7RI 599 WA JA1IAZ 599 100 0
QSO: 14008 CW 2026-02-22 0326 K7RI 599 WA JM1PIH 599 KW 0
QSO: 14008 CW 2026-02-22 0326 K7RI 599 WA JA2XLV 599 200 0
QSO: 14008 CW 2026-02-22 0327 K7RI 599 WA JF2BDK 599 100 0
QSO: 14008 CW 2026-02-22 0328 K7RI 599 WA JS2NYJ 599 50 0
QSO: 14008 CW 2026-02-22 0328 K7RI 599 WA JL1QDO 599 100 0
QSO: 14008 CW 2026-02-22 0329 K7RI 599 WA JA1UOC 599 200 0
QSO: 14008 CW 2026-02-22 0330 K7RI 599 WA JE2DOD 599 100 0
QSO: 14008 CW 2026-02-22 0330 K7RI 599 WA UA9MA 599 100 0
QSO: 14008 CW 2026-02-22 0330 K7RI 599 WA JE2FDH 599 100 0
QSO: 14008 CW 2026-02-22 0332 K7RI 599 WA HL1VAU 599 100 0
QSO: 14008 CW 2026-02-22 0332 K7RI 599 WA RK0S 599 KW 0
QSO: 14008 CW 2026-02-22 0335 K7RI 599 WA JE3DFY 599 100 0
QSO: 14008 CW 2026-02-22 0335 K7RI 599 WA RK0UN 599 K 0
QSO: 14008 CW 2026-02-22 0335 K7RI 599 WA R8YF 599 100 0
QSO: 14008 CW 2026-02-22 0336 K7RI 599 WA HL2IDT 599 100 0
QSO: 14008 CW 2026-02-22 0336 K7RI 599 WA JO3JYE 599 100 0
QSO: 14008 CW 2026-02-22 0336 K7RI 599 WA JK8PBO 599 100 0
QSO: 14008 CW 2026-02-22 0337 K7RI 599 WA JA9LX 599 100 0
QSO: 14008 CW 2026-02-22 0338 K7RI 599 WA R0RG 599 100 0
QSO: 14008 CW 2026-02-22 0339 K7RI 599 WA JQ1CIV 599 KW 0
QSO: 14008 CW 2026-02-22 0340 K7RI 599 WA JK6RIP 599 5 0
QSO: 14008 CW 2026-02-22 0340 K7RI 599 WA R2QA 599 KW 0
QSO: 14008 CW 2026-02-22 0341 K7RI 599 WA JA2PFO 599 500 0
QSO: 14008 CW 2026-02-22 0341 K7RI 599 WA UN4PD 599 100 0
QSO: 14008 CW 2026-02-22 0343 K7RI 599 WA BH4HKZ 599 100 0
QSO: 14008 CW 2026-02-22 0344 K7RI 599 WA AH7RF 599 5 0
QSO: 14008 CW 2026-02-22 0345 K7RI 599 WA RA0AM 599 K 0
QSO: 14008 CW 2026-02-22 0347 K7RI 599 WA JM3ERL 599 50 0
QSO: 14008 CW 2026-02-22 0348 K7RI 599 WA ZL1T 599 50 0
QSO: 14008 CW 2026-02-22 0349 K7RI 599 WA JF3KQA 599 50 0
QSO: 14008 CW 2026-02-22 0349 K7RI 599 WA JH2FXK 599 KW 0
QSO: 14008 CW 2026-02-22 0349 K7RI 599 WA DU2W 599 KW 0
QSO: 14008 CW 2026-02-22 0351 K7RI 599 WA JA7CME 599 200 0
QSO: 14008 CW 2026-02-22 0351 K7RI 599 WA R9CX 599 KW 0
QSO: 14008 CW 2026-02-22 0352 K7RI 599 WA JM1BKZ 599 200 0
QSO: 14008 CW 2026-02-22 0355 K7RI 599 WA JJ1ONK 599 100 0
QSO: 14008 CW 2026-02-22 0355 K7RI 599 WA BG6GQE 599 KW 0
QSO: 14008 CW 2026-02-22 0356 K7RI 599 WA UA9BA 599 500 0
QSO: 14008 CW 2026-02-22 0356 K7RI 599 WA JL1CBZ 599 50 0
QSO: 14008 CW 2026-02-22 0357 K7RI 599 WA JJ2YNV 599 50 0
QSO: 14018 CW 2026-02-22 0359 K7RI 599 WA JH1FNU 599 KW 0
QSO: 14031 CW 2026-02-22 0400 K7RI 599 WA WH6R 599 70 0
QSO: 14033 CW 2026-02-22 0402 K7RI 599 WA JA7NVF 599 K 0
QSO: 14032 CW 2026-02-22 0403 K7RI 599 WA R5AJ 599 KW 0
QSO: 14008 CW 2026-02-22 0406 K7RI 599 WA LU8QT 599 KW 0
QSO: 14008 CW 2026-02-22 0407 K7RI 599 WA JJ3QJI 599 100 0
QSO: 14008 CW 2026-02-22 0408 K7RI 599 WA RG9A 599 KW 0
QSO: 14008 CW 2026-02-22 0409 K7RI 599 WA JE1AEX 599 500 0
QSO: 14008 CW 2026-02-22 0409 K7RI 599 WA JJ1XBQ 599 200 0
QSO: 14008 CW 2026-02-22 0410 K7RI 599 WA JL1EHU 599 100 0
QSO: 14008 CW 2026-02-22 0410 K7RI 599 WA JA6BWH 599 KW 0
QSO: 14008 CW 2026-02-22 0411 K7RI 599 WA JK1GPC 599 200 0
QSO: 14008 CW 2026-02-22 0411 K7RI 599 WA JI4WHS 599 100 0
QSO: 14008 CW 2026-02-22 0411 K7RI 599 WA JH9CEN 599 K 0
QSO: 14008 CW 2026-02-22 0411 K7RI 599 WA JH7TIX 599 KW 0
QSO: 14008 CW 2026-02-22 0412 K7RI 599 WA JA4VNE 599 200 0
QSO: 14008 CW 2026-02-22 0412 K7RI 599 WA DS3EXT 599 100 0
QSO: 7032 CW 2026-02-22 0414 K7RI 599 WA C6ANM 599 99 0
QSO: 7044 CW 2026-02-22 0417 K7RI 599 WA XE2E 599 100 0
QSO: 7008 CW 2026-02-22 0420 K7RI 599 WA ED1R 599 100 0
QSO: 7023 CW 2026-02-22 0424 K7RI 599 WA R2QA 599 KW 0
QSO: 7025 CW 2026-02-22 0425 K7RI 599 WA RN3QO 599 KW 0
QSO: 7028 CW 2026-02-22 0427 K7RI 599 WA TM2Y 599 KW 0
QSO: 7030 CW 2026-02-22 0428 K7RI 599 WA IZ3NVR 599 100 0
QSO: 7031 CW 2026-02-22 0428 K7RI 599 WA SC7DX 599 KW 0
QSO: 7033 CW 2026-02-22 0432 K7RI 599 WA YV6BXN 599 100 0
QSO: 7039 CW 2026-02-22 0435 K7RI 599 WA II9P 599 500 0
QSO: 7055 CW 2026-02-22 0437 K7RI 599 WA RY3D 599 KW 0
QSO: 7055 CW 2026-02-22 0437 K7RI 599 WA NP3A 599 99 0
QSO: 7056 CW 2026-02-22 0438 K7RI 599 WA IP3A 599 99 0
QSO: 7056 CW 2026-02-22 0439 K7RI 599 WA RU3A 599 KW 0
QSO: 7044 CW 2026-02-22 0451 K7RI 599 WA 3Z1K 599 100 0
QSO: 7044 CW 2026-02-22 0452 K7RI 599 WA LY3B 599 KW 0
QSO: 7044 CW 2026-02-22 0452 K7RI 599 WA SO6I 599 KW 0
QSO: 7044 CW 2026-02-22 0453 K7RI 599 WA PY5AMF 599 K 0
QSO: 7044 CW 2026-02-22 0454 K7RI 599 WA SP5ES 599 100 0
QSO: 7044 CW 2026-02-22 0456 K7RI 599 WA OL5Y 599 100 0
QSO: 7044 CW 2026-02-22 0456 K7RI 599 WA RK3TD 599 KW 0
QSO: 7044 CW 2026-02-22 0458 K7RI 599 WA DM4X 599 KW 0
QSO: 7044 CW 2026-02-22 0459 K7RI 599 WA R6AF 599 KW 0
QSO: 7044 CW 2026-02-22 0500 K7RI 599 WA KL7AC 599 100 0
QSO: 7044 CW 2026-02-22 0501 K7RI 599 WA RX4HJ 599 KW 0
QSO: 7044 CW 2026-02-22 0502 K7RI 599 WA SQ100D 599 500 0
QSO: 7044 CW 2026-02-22 0503 K7RI 599 WA DA1TT 599 KW 0
QSO: 7044 CW 2026-02-22 0504 K7RI 599 WA SA7A 599 KW 0
QSO: 7044 CW 2026-02-22 0506 K7RI 599 WA YO9HP 599 KW 0
QSO: 7044 CW 2026-02-22 0510 K7RI 599 WA OH3EX 599 KW 0
QSO: 7044 CW 2026-02-22 0511 K7RI 599 WA HI8R 599 K 0
QSO: 7044 CW 2026-02-22 0513 K7RI 599 WA IZ6BTN 599 100 0
QSO: 7044 CW 2026-02-22 0515 K7RI 599 WA HA8FK 599 KW 0
QSO: 7044 CW 2026-02-22 0516 K7RI 599 WA TI2OY 599 100 0
QSO: 7015 CW 2026-02-22 0519 K7RI 599 WA YT4W 599 KW 0
QSO: 7015 CW 2026-02-22 0520 K7RI 599 WA OM2X 599 KW 0
QSO: 7027 CW 2026-02-22 0524 K7RI 599 WA HA7A 599 KW 0
QSO: 7029 CW 2026-02-22 0525 K7RI 599 WA G5W 599 KW 0
QSO: 7032 CW 2026-02-22 0526 K7RI 599 WA IO0A 599 500 0
QSO: 7032 CW 2026-02-22 0526 K7RI 599 WA LZ1RW 599 500 0
QSO: 7044 CW 2026-02-22 0528 K7RI 599 WA E7Y 599 100 0
QSO: 7069 CW 2026-02-22 0531 K7RI 599 WA SV1PMQ 599 K 0
QSO: 14018 CW 2026-02-22 0533 K7RI 599 WA JF1UOX 599 KW 0
QSO: 14021 CW 2026-02-22 0534 K7RI 599 WA SP1NY 599 KW 0
QSO: 14025 CW 2026-02-22 0535 K7RI 599 WA DL3DXX 599 KW 0
QSO: 14034 CW 2026-02-22 0535 K7RI 599 WA 5Z4VJ 599 400 0
QSO: 14040 CW 2026-02-22 0536 K7RI 599 WA ZM4T 599 KW 0
QSO: 14054 CW 2026-02-22 0538 K7RI 599 WA RN3QBG 599 500 0
QSO: 14016 CW 2026-02-22 0539 K7RI 599 WA JE2YRB 599 KW 0
QSO: 14016 CW 2026-02-22 0539 K7RI 599 WA SV1JG 599 500 0
QSO: 14016 CW 2026-02-22 0540 K7RI 599 WA RU4SO 599 100 0
QSO: 14016 CW 2026-02-22 0543 K7RI 599 WA YU3M 599 500 0
QSO: 14016 CW 2026-02-22 0543 K7RI 599 WA DK5PD 599 KW 0
QSO: 14016 CW 2026-02-22 0543 K7RI 599 WA HA7PO 599 100 0
QSO: 14016 CW 2026-02-22 0546 K7RI 599 WA UT2UB 599 200 0
QSO: 14016 CW 2026-02-22 0546 K7RI 599 WA HG6N 599 K 0
QSO: 14016 CW 2026-02-22 0547 K7RI 599 WA SO6I 599 KW 0
QSO: 14016 CW 2026-02-22 0548 K7RI 599 WA RU4LM 599 100 0
QSO: 14016 CW 2026-02-22 0548 K7RI 599 WA S53A 599 KW 0
QSO: 14016 CW 2026-02-22 0549 K7RI 599 WA JR3BOT 599 200 0
QSO: 14016 CW 2026-02-22 0550 K7RI 599 WA JE1JNJ 599 200 0
QSO: 14016 CW 2026-02-22 0551 K7RI 599 WA JQ3ALW 599 200 0
QSO: 14027 CW 2026-02-22 0555 K7RI 599 WA 9Y4M 599 100 0
QSO: 14029 CW 2026-02-22 0558 K7RI 599 WA JE4MHL 599 100 0
QSO: 14047 CW 2026-02-22 0558 K7RI 599 WA 7K4VPV 599 200 0
QSO: 14050 CW 2026-02-22 0559 K7RI 599 WA JH7QXJ 599 K 0
QSO: 7065 CW 2026-02-22 0601 K7RI 599 WA EU4E 599 500 0
QSO: 7044 CW 2026-02-22 0602 K7RI 599 WA 9Y4M 599 100 0
QSO: 7008 CW 2026-02-22 0606 K7RI 599 WA HG5D 599 KW 0
QSO: 7009 CW 2026-02-22 0607 K7RI 599 WA IO3F 599 500 0
QSO: 7010 CW 2026-02-22 0607 K7RI 599 WA OL7D 599 KW 0
QSO: 7014 CW 2026-02-22 0609 K7RI 599 WA S53D 599 KW 0
QSO: 7018 CW 2026-02-22 0611 K7RI 599 WA E7CW 599 KW 0
QSO: 7022 CW 2026-02-22 0612 K7RI 599 WA OK7O 599 KW 0
QSO: 7023 CW 2026-02-22 0613 K7RI 599 WA ZF5T 599 K 0
QSO: 7027 CW 2026-02-22 0614 K7RI 599 WA OH1D 599 K 0
QSO: 7042 CW 2026-02-22 0617 K7RI 599 WA SP1NY 599 KW 0
QSO: 7015 CW 2026-02-22 0624 K7RI 599 WA FK8IK 599 K 0
QSO: 7015 CW 2026-02-22 0627 K7RI 599 WA OH6OS 599 KW 0
QSO: 7015 CW 2026-02-22 0628 K7RI 599 WA OH2KI 599 500 0
QSO: 7015 CW 2026-02-22 0629 K7RI 599 WA RD4F 599 KW 0
QSO: 7015 CW 2026-02-22 0632 K7RI 599 WA JA2GTW 599 KW 0
QSO: 7015 CW 2026-02-22 0633 K7RI 599 WA YL2KO 599 KW 0
QSO: 7015 CW 2026-02-22 0633 K7RI 599 WA UA5D 599 KW 0
QSO: 7015 CW 2026-02-22 0634 K7RI 599 WA EA2KV 599 K 0
QSO: 7015 CW 2026-02-22 0635 K7RI 599 WA W6OAT 599 WA 0
QSO: 7015 CW 2026-02-22 0635 K7RI 599 WA OK1TN 599 500 0
QSO: 7015 CW 2026-02-22 0637 K7RI 599 WA ZL3AB 599 500 0
QSO: 7015 CW 2026-02-22 0638 K7RI 599 WA SM6EAN 599 KW 0
QSO: 7015 CW 2026-02-22 0639 K7RI 599 WA DL7VEE 599 500 0
QSO: 7015 CW 2026-02-22 0640 K7RI 599 WA LY2TS 599 100 0
QSO: 7015 CW 2026-02-22 0641 K7RI 599 WA DL6RDE 599 400 0
QSO: 7015 CW 2026-02-22 0643 K7RI 599 WA MM2T 599 KW 0
QSO: 7015 CW 2026-02-22 0644 K7RI 599 WA ZL1T 599 50 0
QSO: 7015 CW 2026-02-22 0645 K7RI 599 WA OH3XR 599 KW 0
QSO: 7015 CW 2026-02-22 0647 K7RI 599 WA RV1CC 599 KW 0
QSO: 7062 CW 2026-02-22 0651 K7RI 599 WA LS5H 599 100 0
QSO: 7015 CW 2026-02-22 0654 K7RI 599 WA KH6ZT 599 100 0
QSO: 14006 CW 2026-02-22 0708 K7RI 599 WA RL3A 599 KW 0
QSO: 14006 CW 2026-02-22 0709 K7RI 599 WA OK7O 599 KW 0
QSO: 14006 CW 2026-02-22 0710 K7RI 599 WA DK3GI 599 KW 0
QSO: 14006 CW 2026-02-22 0711 K7RI 599 WA IK3ORD 599 500 0
QSO: 14006 CW 2026-02-22 0712 K7RI 599 WA RW7F 599 K 0
QSO: 14006 CW 2026-02-22 0713 K7RI 599 WA RY3D 599 KW 0
QSO: 14006 CW 2026-02-22 0713 K7RI 599 WA DL6WT 599 KW 0
QSO: 14006 CW 2026-02-22 0713 K7RI 599 WA RT5C 599 KW 0
QSO: 14006 CW 2026-02-22 0715 K7RI 599 WA UA6HFI 599 100 0
QSO: 14006 CW 2026-02-22 0716 K7RI 599 WA RV1CC 599 KW 0
QSO: 14006 CW 2026-02-22 0735 K7RI 599 WA DJ0MDR 599 700 0
QSO: 14006 CW 2026-02-22 0737 K7RI 599 WA YL2KO 599 KW 0
QSO: 14006 CW 2026-02-22 0740 K7RI 599 WA LY6O 599 KW 0
QSO: 14006 CW 2026-02-22 0742 K7RI 599 WA SQ100D 599 500 0
QSO: 14004 CW 2026-02-22 0746 K7RI 599 WA RC1W 599 500 0
QSO: 7001 CW 2026-02-22 0748 K7RI 599 WA JQ1YUF 599 K 0
QSO: 7005 CW 2026-02-22 0749 K7RI 599 WA JG2AIG 599 100 0
QSO: 7006 CW 2026-02-22 0752 K7RI 599 WA JF6KKC 599 50 0
QSO: 7006 CW 2026-02-22 0752 K7RI 599 WA JE8UHY 599 50 0
QSO: 7006 CW 2026-02-22 0752 K7RI 599 WA JA9CWJ 599 KW 0
QSO: 7006 CW 2026-02-22 0753 K7RI 599 WA JM1XCW 599 KW 0
QSO: 7006 CW 2026-02-22 0755 K7RI 599 WA JA1UZG 599 300 0
QSO: 7006 CW 2026-02-22 0755 K7RI 599 WA JH9CEN 599 K 0
QSO: 7006 CW 2026-02-22 0755 K7RI 599 WA JA3NUT 599 100 0
QSO: 7006 CW 2026-02-22 0756 K7RI 599 WA JL1CNY 599 KW 0
QSO: 7006 CW 2026-02-22 0756 K7RI 599 WA JE3DFY 599 100 0
QSO: 7006 CW 2026-02-22 0757 K7RI 599 WA JF1VAE 599 100 0
QSO: 7006 CW 2026-02-22 0758 K7RI 599 WA JK4JMO 599 100 0
QSO: 7006 CW 2026-02-22 0758 K7RI 599 WA JG2FGD 599 200 0
QSO: 7006 CW 2026-02-22 0759 K7RI 599 WA JH1HIC 599 KW 0
QSO: 7006 CW 2026-02-22 0759 K7RI 599 WA 7L3JAR 599 50 0
QSO: 7006 CW 2026-02-22 0800 K7RI 599 WA JA2GAL 599 50 0
QSO: 7006 CW 2026-02-22 0800 K7RI 599 WA JR0GXA 599 100 0
QSO: 7006 CW 2026-02-22 0803 K7RI 599 WA 7J1ABD 599 50 0
QSO: 7006 CW 2026-02-22 0803 K7RI 599 WA JA3VQW 599 25 0
QSO: 7006 CW 2026-02-22 0804 K7RI 599 WA JA2HYD 599 KW 0
QSO: 7006 CW 2026-02-22 0804 K7RI 599 WA JG1TGQ 599 100 0
QSO: 7006 CW 2026-02-22 0805 K7RI 599 WA JL1FAR 599 50 0
QSO: 7006 CW 2026-02-22 0805 K7RI 599 WA JH1SAR 599 100 0
QSO: 7006 CW 2026-02-22 0806 K7RI 599 WA 7N4WPY 599 5 0
QSO: 7006 CW 2026-02-22 0807 K7RI 599 WA JN1RVS 599 KW 0
QSO: 7006 CW 2026-02-22 0807 K7RI 599 WA JF3PGW 599 50 0
QSO: 7006 CW 2026-02-22 0807 K7RI 599 WA JO1ZRX 599 50 0
QSO: 7006 CW 2026-02-22 0808 K7RI 599 WA JA3VOV 599 200 0
QSO: 7006 CW 2026-02-22 0808 K7RI 599 WA 7K1SLY 599 5 0
QSO: 7006 CW 2026-02-22 0810 K7RI 599 WA JJ3DXD 599 100 0
QSO: 7006 CW 2026-02-22 0810 K7RI 599 WA JA9EJG 599 100 0
QSO: 7006 CW 2026-02-22 0811 K7RI 599 WA JI2MWH 599 5 0
QSO: 7006 CW 2026-02-22 0812 K7RI 599 WA JA3UWB 599 100 0
QSO: 7006 CW 2026-02-22 0812 K7RI 599 WA JA7FFN 599 100 0
QSO: 7006 CW 2026-02-22 0814 K7RI 599 WA JQ6FRP 599 5 0
QSO: 7006 CW 2026-02-22 0814 K7RI 599 WA JR1LEV 599 100 0
QSO: 7006 CW 2026-02-22 0814 K7RI 599 WA JA1OHP 599 100 0
QSO: 7006 CW 2026-02-22 0815 K7RI 599 WA VK4WTN 599 100 0
QSO: 7006 CW 2026-02-22 0816 K7RI 599 WA JQ3ALW 599 200 0
QSO: 7006 CW 2026-02-22 0816 K7RI 599 WA JA3MEV 599 200 0
QSO: 7006 CW 2026-02-22 0817 K7RI 599 WA JR0DLU 599 100 0
QSO: 7006 CW 2026-02-22 0817 K7RI 599 WA DS5USH 599 KW 0
QSO: 7006 CW 2026-02-22 0818 K7RI 599 WA JR1WYW 599 KW 0
QSO: 7006 CW 2026-02-22 0822 K7RI 599 WA JJ2QXI 599 5 0
QSO: 7006 CW 2026-02-22 0823 K7RI 599 WA JA2YNI 599 100 0
QSO: 7006 CW 2026-02-22 0823 K7RI 599 WA JE3BXY 599 05 0
QSO: 7006 CW 2026-02-22 0824 K7RI 599 WA JA9MAT 599 005 0
QSO: 7006 CW 2026-02-22 0824 K7RI 599 WA DS2KUM 599 100 0
QSO: 7006 CW 2026-02-22 0825 K7RI 599 WA JO3JYE 599 100 0
QSO: 7006 CW 2026-02-22 0826 K7RI 599 WA JA2GHP 599 100 0
QSO: 7024 CW 2026-02-22 0828 K7RI 599 WA HK5NLJ/3 599 90 0
QSO: 7006 CW 2026-02-22 0829 K7RI 599 WA JR1NHD 599 KW 0
QSO: 7006 CW 2026-02-22 0831 K7RI 599 WA JA8CXY 599 100 0
QSO: 7006 CW 2026-02-22 0832 K7RI 599 WA JL1ISK 599 5 0
QSO: 7006 CW 2026-02-22 0833 K7RI 599 WA JF1WAM 599 100 0
QSO: 7006 CW 2026-02-22 0835 K7RI 599 WA HL3EJE 599 100 0
QSO: 7006 CW 2026-02-22 0835 K7RI 599 WA ZL2RX 599 100 0
QSO: 7006 CW 2026-02-22 0836 K7RI 599 WA JR1FSX 599 500 0
QSO: 7006 CW 2026-02-22 0836 K7RI 599 WA DS5NSO 599 300 0
QSO: 7006 CW 2026-02-22 0837 K7RI 599 WA JR1FVV 599 100 0
QSO: 7006 CW 2026-02-22 0837 K7RI 599 WA JN2GPQ 599 200 0
QSO: 7009 CW 2026-02-22 0839 K7RI 599 WA 3D2AG 599 300 0
QSO: 7006 CW 2026-02-22 0843 K7RI 599 WA JA2DHF 599 50 0
QSO: 7006 CW 2026-02-22 0843 K7RI 599 WA JP2XYT 599 100 0
QSO: 7006 CW 2026-02-22 0845 K7RI 599 WA JG1CFO 599 200 0
QSO: 7006 CW 2026-02-22 0845 K7RI 599 WA JA1SCE 599 100 0
QSO: 7006 CW 2026-02-22 0846 K7RI 599 WA JJ1VEZ 599 100 0
QSO: 7006 CW 2026-02-22 0849 K7RI 599 WA JM2NYR 599 100 0
QSO: 7006 CW 2026-02-22 0850 K7RI 599 WA JA1DVD 599 100 0
QSO: 3531 CW 2026-02-22 0851 K7RI 599 WA NP4DX 599 K 0
QSO: 3527 CW 2026-02-22 0852 K7RI 599 WA JQ1YUF 599 K 0
QSO: 1810 CW 2026-02-22 0903 K7RI 599 WA KH6J 599 K 0
QSO: 7006 CW 2026-02-22 0906 K7RI 599 WA 7M3LDC 599 100 0
QSO: 7006 CW 2026-02-22 0907 K7RI 599 WA JG3QBJ 599 100 0
QSO: 7006 CW 2026-02-22 0907 K7RI 599 WA JF2WME 599 100 0
QSO: 7006 CW 2026-02-22 0909 K7RI 599 WA JR8BHW 599 100 0
QSO: 7006 CW 2026-02-22 0909 K7RI 599 WA JK1PQI 599 50 0
QSO: 7006 CW 2026-02-22 0910 K7RI 599 WA JA0BJY 599 100 0
QSO: 7006 CW 2026-02-22 0911 K7RI 599 WA JL1IAO 599 100 0
QSO: 7006 CW 2026-02-22 0912 K7RI 599 WA JH2FXK 599 KW 0
QSO: 7006 CW 2026-02-22 0914 K7RI 599 WA JE2KUC 599 200 0
QSO: 7006 CW 2026-02-22 0915 K7RI 599 WA JR4PMW 599 200 0
QSO: 7006 CW 2026-02-22 0917 K7RI 599 WA 7L4VHS 599 15 0
QSO: 7006 CW 2026-02-22 0918 K7RI 599 WA JS2NYJ 599 50 0
QSO: 7006 CW 2026-02-22 0918 K7RI 599 WA JK1XJV 599 50 0
QSO: 7006 CW 2026-02-22 0919 K7RI 599 WA JR2SCZ 599 100 0
QSO: 7006 CW 2026-02-22 0920 K7RI 599 WA JJ2YDV 599 50 0
QSO: 7006 CW 2026-02-22 0923 K7RI 599 WA JO1ATH 599 50 0
QSO: 7006 CW 2026-02-22 0923 K7RI 599 WA JL1NIE 599 100 0
QSO: 7006 CW 2026-02-22 0924 K7RI 599 WA JH0IGN 599 10 0
QSO: 7006 CW 2026-02-22 0928 K7RI 599 WA JF4XUT 599 50 0
QSO: 7006 CW 2026-02-22 0928 K7RI 599 WA JI1DCW 599 KW 0
QSO: 7031 CW 2026-02-22 0932 K7RI 599 WA JH1FNU 599 KW 0
QSO: 1825 CW 2026-02-22 0936 K7RI 599 WA V3O 599 K 0
QSO: 1815 CW 2026-02-22 0938 K7RI 599 WA ZF5T 599 K 0
QSO: 1833 CW 2026-02-22 0941 K7RI 599 WA ZF1A 599 K 0
QSO: 7006 CW 2026-02-22 0947 K7RI 599 WA JE1AEX 599 KW 0
QSO: 7006 CW 2026-02-22 0948 K7RI 599 WA JH0OXS 599 100 0
QSO: 7006 CW 2026-02-22 0949 K7RI 599 WA JH4UTP 599 100 0
QSO: 7006 CW 2026-02-22 0949 K7RI 599 WA JA6ELV 599 100 0
QSO: 7006 CW 2026-02-22 0951 K7RI 599 WA VK5GG 599 100 0
QSO: 7006 CW 2026-02-22 0955 K7RI 599 WA JK1OLT 599 K 0
QSO: 7006 CW 2026-02-22 0956 K7RI 599 WA JM8LND 599 100 0
QSO: 7006 CW 2026-02-22 0956 K7RI 599 WA JR1DVB 599 50 0
QSO: 7006 CW 2026-02-22 0957 K7RI 599 WA JH3SMQ 599 05 0
QSO: 7006 CW 2026-02-22 0958 K7RI 599 WA JF3KNW 599 KW 0
QSO: 7006 CW 2026-02-22 0958 K7RI 599 WA JR6RMV 599 100 0
QSO: 7006 CW 2026-02-22 1002 K7RI 599 WA JA7LLL 599 100 0
QSO: 1830 CW 2026-02-22 1008 K7RI 599 WA PJ4A 599 K 0
QSO: 1830 CW 2026-02-22 1010 K7RI 599 WA P49Y 599 K 0
QSO: 1817 CW 2026-02-22 1013 K7RI 599 WA JF1AMX 599 K 0
QSO: 1824 CW 2026-02-22 1016 K7RI 599 WA PJ2T 599 K 0
QSO: 3544 CW 2026-02-22 1019 K7RI 599 WA YV8AD 599 100 0
QSO: 3518 CW 2026-02-22 1022 K7RI 599 WA JH0OXS 599 100 0
QSO: 3518 CW 2026-02-22 1023 K7RI 599 WA JA2HYV 599 KW 0
QSO: 3518 CW 2026-02-22 1024 K7RI 599 WA JA2AXB 599 KW 0
QSO: 3518 CW 2026-02-22 1026 K7RI 599 WA JA2FXV 599 100 0
QSO: 3518 CW 2026-02-22 1028 K7RI 599 WA JH1APG 599 005 0
QSO: 3518 CW 2026-02-22 1028 K7RI 599 WA DU0A 599 K 0
QSO: 3518 CW 2026-02-22 1029 K7RI 599 WA JA1CP 599 50 0
QSO: 3518 CW 2026-02-22 1031 K7RI 599 WA JR1TCY 599 100 0
QSO: 3509 CW 2026-02-22 1032 K7RI 599 WA VK7GN 599 150 0
QSO: 3518 CW 2026-02-22 1036 K7RI 599 WA JR0BNB 599 100 0
QSO: 3518 CW 2026-02-22 1037 K7RI 599 WA JA7NVF 599 K 0
QSO: 3518 CW 2026-02-22 1038 K7RI 599 WA JF1LMB 599 200 0
QSO: 7008 CW 2026-02-22 1041 K7RI 599 WA JI1ALP 599 50 0
QSO: 7008 CW 2026-02-22 1043 K7RI 599 WA 4E1AGW 599 80 0
QSO: 7008 CW 2026-02-22 1044 K7RI 599 WA JA3IDD 599 KW 0
QSO: 7008 CW 2026-02-22 1047 K7RI 599 WA JL1EHU 599 100 0
QSO: 7008 CW 2026-02-22 1047 K7RI 599 WA JK1FNL 599 200 0
QSO: 7008 CW 2026-02-22 1048 K7RI 599 WA JQ2NUT 599 050 0
QSO: 7008 CW 2026-02-22 1049 K7RI 599 WA HL2IDT 599 100 0
QSO: 7008 CW 2026-02-22 1052 K7RI 599 WA JA1SKE 599 200 0
QSO: 7008 CW 2026-02-22 1053 K7RI 599 WA JH3FTZ 599 100 0
QSO: 7008 CW 2026-02-22 1053 K7RI 599 WA JP1UYC 599 200 0
QSO: 7008 CW 2026-02-22 1054 K7RI 599 WA DU1WBX 599 100 0
QSO: 7008 CW 2026-02-22 1055 K7RI 599 WA JH8GEU 599 200 0
QSO: 7008 CW 2026-02-22 1057 K7RI 599 WA JO3XCK 599 100 0
QSO: 7008 CW 2026-02-22 1057 K7RI 599 WA JR1TCY 599 100 0
QSO: 7008 CW 2026-02-22 1057 K7RI 599 WA JA3HDM 599 KW 0
QSO: 7008 CW 2026-02-22 1059 K7RI 599 WA JE1GSD 599 50 0
QSO: 7030 CW 2026-02-22 1115 K7RI 599 WA HI3A 599 100 0
QSO: 7005 CW 2026-02-22 1119 K7RI 599 WA DV4ZAR 599 50 0
QSO: 7005 CW 2026-02-22 1121 K7RI 599 WA VK6M 599 100 0
QSO: 7005 CW 2026-02-22 1122 K7RI 599 WA JE7XIM 599 KW 0
QSO: 7005 CW 2026-02-22 1125 K7RI 599 WA JL3ZHU 599 200 0
QSO: 3511 CW 2026-02-22 1131 K7RI 599 WA FK8IK 599 K 0
QSO: 1821 CW 2026-02-22 1137 K7RI 599 WA TI7W 599 K 0
QSO: 7004 CW 2026-02-22 1147 K7RI 599 WA JI1CAZ 599 100 0
QSO: 1827 CW 2026-02-22 1150 K7RI 599 WA XE2X 599 K 0
QSO: 1831 CW 2026-02-22 1151 K7RI 599 WA HD8R 599 K 0
QSO: 3533 CW 2026-02-22 1155 K7RI 599 WA V3O 599 K 0
QSO: 7004 CW 2026-02-22 1205 K7RI 599 WA JH0OXS 599 100 0
QSO: 7004 CW 2026-02-22 1206 K7RI 599 WA JG1XIO 599 100 0
QSO: 7004 CW 2026-02-22 1208 K7RI 599 WA JA6MWW 599 KW 0
QSO: 7004 CW 2026-02-22 1208 K7RI 599 WA JH4CES 599 5 0
QSO: 7004 CW 2026-02-22 1209 K7RI 599 WA JL1LOF 599 50 0
QSO: 7004 CW 2026-02-22 1209 K7RI 599 WA JP1AEG 599 200 0
QSO: 7004 CW 2026-02-22 1211 K7RI 599 WA JN1XQS 599 100 0
QSO: 7004 CW 2026-02-22 1214 K7RI 599 WA JH7IPY 599 050 0
QSO: 7004 CW 2026-02-22 1221 K7RI 599 WA JL1EUP 599 100 0
QSO: 7004 CW 2026-02-22 1227 K7RI 599 WA VK6RZ 599 100 0
QSO: 7004 CW 2026-02-22 1229 K7RI 599 WA RK0S 599 KW 0
QSO: 14044 CW 2026-02-22 1243 K7RI 599 WA TO4A 599 K 0
QSO: 14055 CW 2026-02-22 1244 K7RI 599 WA HD8R 599 K 0
QSO: 14035 CW 2026-02-22 1247 K7RI 599 WA V3T 599 K 0
QSO: 7023 CW 2026-02-22 1249 K7RI 599 WA VK6T 599 400 0
QSO: 7010 CW 2026-02-22 1256 K7RI 599 WA JH6RON 599 100 0
QSO: 7010 CW 2026-02-22 1257 K7RI 599 WA JA7CDV 599 500 0
QSO: 7010 CW 2026-02-22 1257 K7RI 599 WA JR1TUE 599 200 0
QSO: 7010 CW 2026-02-22 1257 K7RI 599 WA JA7CUA 599 200 0
QSO: 7010 CW 2026-02-22 1302 K7RI 599 WA VK5M 599 100 0
QSO: 7010 CW 2026-02-22 1303 K7RI 599 WA JA1WQX 599 100 0
QSO: 7010 CW 2026-02-22 1303 K7RI 599 WA JE1GSD 599 50 0
QSO: 7010 CW 2026-02-22 1305 K7RI 599 WA JG1AQD 599 100 0
QSO: 7010 CW 2026-02-22 1305 K7RI 599 WA 7K4AEA 599 200 0
QSO: 7010 CW 2026-02-22 1306 K7RI 599 WA JJ0TWX 599 100 0
QSO: 7010 CW 2026-02-22 1308 K7RI 599 WA JE7RST 599 050 0
QSO: 7010 CW 2026-02-22 1309 K7RI 599 WA JA6CNX 599 200 0
QSO: 7010 CW 2026-02-22 1312 K7RI 599 WA JE7XIM 599 KW 0
QSO: 7010 CW 2026-02-22 1313 K7RI 599 WA JA9LX 599 100 0
QSO: 7010 CW 2026-02-22 1314 K7RI 599 WA JM2FCJ 599 200 0
QSO: 7010 CW 2026-02-22 1314 K7RI 599 WA JL1CNY 599 KW 0
QSO: 7010 CW 2026-02-22 1318 K7RI 599 WA JA4MLR 599 100 0
QSO: 7010 CW 2026-02-22 1336 K7RI 599 WA JA6GT 599 100 0
QSO: 7010 CW 2026-02-22 1337 K7RI 599 WA JI1AVY 599 KW 0
QSO: 7016 CW 2026-02-22 1353 K7RI 599 WA YC2VQL 599 KW 0
QSO: 7016 CW 2026-02-22 1359 K7RI 599 WA BU2GO 599 100 0
QSO: 7016 CW 2026-02-22 1400 K7RI 599 WA JA7QVI 599 K 0
QSO: 7025 CW 2026-02-22 1413 K7RI 599 WA JA1CHY 599 100 0
QSO: 7025 CW 2026-02-22 1415 K7RI 599 WA 7M2ALZ 599 100 0
QSO: 7025 CW 2026-02-22 1416 K7RI 599 WA JH7ORW 599 100 0
QSO: 7025 CW 2026-02-22 1417 K7RI 599 WA JH4OHD 599 100 0
QSO: 7025 CW 2026-02-22 1420 K7RI 599 WA JE1LOI 599 200 0
QSO: 7025 CW 2026-02-22 1427 K7RI 599 WA JF5SIM 599 500 0
QSO: 7025 CW 2026-02-22 1429 K7RI 599 WA FK8IK 599 K 0
QSO: 7019 CW 2026-02-22 1439 K7RI 599 WA 9M2/KM9D 599 5 0
QSO: 14010 CW 2026-02-22 1450 K7RI 599 WA EI7M 599 K 0
QSO: 14053 CW 2026-02-22 1451 K7RI 599 WA PC0A 599 400 0
QSO: 14029 CW 2026-02-22 1529 K7RI 599 WA V47Y 599 100 0
QSO: 14053 CW 2026-02-22 1531 K7RI 599 WA OL0W 599 K 0
QSO: 14053 CW 2026-02-22 1531 K7RI 599 WA DJ5MW 599 KW 0
QSO: 14053 CW 2026-02-22 1533 K7RI 599 WA LZ1AQ 599 600 0
QSO: 14053 CW 2026-02-22 1533 K7RI 599 WA YO2AMU 599 KW 0
QSO: 14053 CW 2026-02-22 1534 K7RI 599 WA IT9ATF 599 100 0
QSO: 14053 CW 2026-02-22 1535 K7RI 599 WA II2Q 599 500 0
QSO: 14053 CW 2026-02-22 1536 K7RI 599 WA SM7GVF 599 KW 0
QSO: 14053 CW 2026-02-22 1536 K7RI 599 WA PA4Y 599 400 0
QSO: 14053 CW 2026-02-22 1536 K7RI 599 WA GM5M 599 400 0
QSO: 14053 CW 2026-02-22 1537 K7RI 599 WA YT2K 599 100 0
QSO: 14053 CW 2026-02-22 1537 K7RI 599 WA G4NQI 599 500 0
QSO: 14053 CW 2026-02-22 1537 K7RI 599 WA YU1KW 599 100 0
QSO: 14053 CW 2026-02-22 1538 K7RI 599 WA DF6QV 599 KW 0
QSO: 14053 CW 2026-02-22 1539 K7RI 599 WA OH8KA 599 KW 0
QSO: 14053 CW 2026-02-22 1540 K7RI 599 WA UT3EV 599 KW 0
QSO: 14053 CW 2026-02-22 1540 K7RI 599 WA LZ4A 599 KW 0
QSO: 14053 CW 2026-02-22 1541 K7RI 599 WA SM5CSS 599 100 0
QSO: 14053 CW 2026-02-22 1542 K7RI 599 WA DL4XU 599 100 0
QSO: 14053 CW 2026-02-22 1542 K7RI 599 WA SM7N 599 500 0
QSO: 14053 CW 2026-02-22 1543 K7RI 599 WA F5JNX 599 500 0
QSO: 14053 CW 2026-02-22 1543 K7RI 599 WA MM2T 599 KW 0
QSO: 14053 CW 2026-02-22 1544 K7RI 599 WA OZ1IKU 599 100 0
QSO: 14053 CW 2026-02-22 1544 K7RI 599 WA HB9BAS 599 100 0
QSO: 14053 CW 2026-02-22 1545 K7RI 599 WA SP5CNA 599 500 0
QSO: 14053 CW 2026-02-22 1545 K7RI 599 WA SM5KQS 599 100 0
QSO: 14053 CW 2026-02-22 1546 K7RI 599 WA DJ0BS 599 500 0
QSO: 14053 CW 2026-02-22 1546 K7RI 599 WA LZ1PM 599 500 0
QSO: 14053 CW 2026-02-22 1547 K7RI 599 WA HA8AR 599 100 0
QSO: 14053 CW 2026-02-22 1547 K7RI 599 WA S53JW 599 KW 0
QSO: 14053 CW 2026-02-22 1548 K7RI 599 WA LZ9I 599 KW 0
QSO: 14053 CW 2026-02-22 1548 K7RI 599 WA OH8UL 599 100 0
QSO: 14053 CW 2026-02-22 1549 K7RI 599 WA DJ3XM 599 100 0
QSO: 14053 CW 2026-02-22 1550 K7RI 599 WA RL1BZ 599 KW 0
QSO: 14053 CW 2026-02-22 1550 K7RI 599 WA IZ3XEF 599 500 0
QSO: 14053 CW 2026-02-22 1551 K7RI 599 WA HB9DVZ 599 KW 0
QSO: 14053 CW 2026-02-22 1552 K7RI 599 WA OK1EA 599 KW 0
QSO: 14053 CW 2026-02-22 1552 K7RI 599 WA EA5DO 599 100 0
QSO: 14053 CW 2026-02-22 1553 K7RI 599 WA OM5R 599 500 0
QSO: 14053 CW 2026-02-22 1554 K7RI 599 WA YT0W 599 KW 0
QSO: 14053 CW 2026-02-22 1554 K7RI 599 WA LY4BF 599 100 0
QSO: 14053 CW 2026-02-22 1555 K7RI 599 WA OH2KW 599 KW 0
QSO: 14053 CW 2026-02-22 1555 K7RI 599 WA DL2DXA 599 100 0
QSO: 14053 CW 2026-02-22 1556 K7RI 599 WA IV3ZXF 599 500 0
QSO: 14053 CW 2026-02-22 1556 K7RI 599 WA EA3IEG 599 KW 0
QSO: 14053 CW 2026-02-22 1557 K7RI 599 WA LZ1ZJ 599 100 0
QSO: 14053 CW 2026-02-22 1558 K7RI 599 WA G3SWH 599 500 0
QSO: 14053 CW 2026-02-22 1558 K7RI 599 WA OH1NA 599 700 0
QSO: 14053 CW 2026-02-22 1559 K7RI 599 WA S50R 599 KW 0
QSO: 14053 CW 2026-02-22 1559 K7RI 599 WA 4U9A 599 500 0
QSO: 14053 CW 2026-02-22 1600 K7RI 599 WA IK6EIW 599 500 0
QSO: 14053 CW 2026-02-22 1600 K7RI 599 WA LY7K 599 100 0
QSO: 14053 CW 2026-02-22 1601 K7RI 599 WA PA5WT 599 100 0
QSO: 14053 CW 2026-02-22 1601 K7RI 599 WA DL2OAT 599 200 0
QSO: 14053 CW 2026-02-22 1602 K7RI 599 WA PA3ADU 599 100 0
QSO: 14053 CW 2026-02-22 1602 K7RI 599 WA DL5CC 599 100 0
QSO: 14053 CW 2026-02-22 1603 K7RI 599 WA IV3YNB 599 500 0
QSO: 14053 CW 2026-02-22 1603 K7RI 599 WA PA8KW 599 100 0
QSO: 14053 CW 2026-02-22 1605 K7RI 599 WA DL3KMS 599 100 0
QSO: 14053 CW 2026-02-22 1606 K7RI 599 WA ON4AIP 599 100 0
QSO: 14023 CW 2026-02-22 1607 K7RI 599 WA OK1PI 599 KW 0
QSO: 14023 CW 2026-02-22 1608 K7RI 599 WA HA5OO 599 100 0
QSO: 14023 CW 2026-02-22 1609 K7RI 599 WA DF7A 599 KW 0
QSO: 14023 CW 2026-02-22 1609 K7RI 599 WA HA7MF 599 100 0
QSO: 14023 CW 2026-02-22 1609 K7RI 599 WA G3P 599 500 0
QSO: 14054 CW 2026-02-22 1612 K7RI 599 WA HB9AMO 599 100 0
QSO: 14054 CW 2026-02-22 1612 K7RI 599 WA EF8L 599 100 0
QSO: 14054 CW 2026-02-22 1613 K7RI 599 WA 9A6RT 599 100 0
QSO: 14033 CW 2026-02-22 1614 K7RI 599 WA 4U1UN 599 100 0
QSO: 14054 CW 2026-02-22 1618 K7RI 599 WA HA1VQ 599 100 0
QSO: 14054 CW 2026-02-22 1618 K7RI 599 WA PA2KW 599 K 0
QSO: 14054 CW 2026-02-22 1619 K7RI 599 WA OK1PI 599 KW 0
QSO: 14054 CW 2026-02-22 1619 K7RI 599 WA ON4AMC 599 100 0
QSO: 14054 CW 2026-02-22 1620 K7RI 599 WA DJ6ZJ 599 500 0
QSO: 14054 CW 2026-02-22 1621 K7RI 599 WA M4D 599 200 0
QSO: 14054 CW 2026-02-22 1621 K7RI 599 WA UY7RR 599 100 0
QSO: 14054 CW 2026-02-22 1622 K7RI 599 WA DK3WW 599 100 0
QSO: 14054 CW 2026-02-22 1622 K7RI 599 WA SK0QO 599 KW 0
QSO: 14054 CW 2026-02-22 1623 K7RI 599 WA PA4MRS 599 100 0
QSO: 14054 CW 2026-02-22 1623 K7RI 599 WA DM2M 599 5 0
QSO: 14054 CW 2026-02-22 1623 K7RI 599 WA OM6MW 599 100 0
QSO: 14054 CW 2026-02-22 1624 K7RI 599 WA DL8UAT 599 700 0
QSO: 14054 CW 2026-02-22 1624 K7RI 599 WA DJ8EW 599 500 0
QSO: 14054 CW 2026-02-22 1625 K7RI 599 WA SP1AEN 599 100 0
QSO: 14054 CW 2026-02-22 1626 K7RI 599 WA SP6PRT 599 500 0
QSO: 14054 CW 2026-02-22 1628 K7RI 599 WA EF5Q 599 100 0
QSO: 14054 CW 2026-02-22 1629 K7RI 599 WA SV8OVJ 599 500 0
QSO: 14054 CW 2026-02-22 1630 K7RI 599 WA HB9FBL 599 KW 0
QSO: 14054 CW 2026-02-22 1631 K7RI 599 WA SP7CF 599 100 0
QSO: 14054 CW 2026-02-22 1631 K7RI 599 WA S55JXA 599 100 0
QSO: 14054 CW 2026-02-22 1632 K7RI 599 WA PA1TA 599 100 0
QSO: 14054 CW 2026-02-22 1633 K7RI 599 WA UT7TS 599 100 0
QSO: 14054 CW 2026-02-22 1633 K7RI 599 WA OM5KM 599 100 0
QSO: 14054 CW 2026-02-22 1633 K7RI 599 WA PA0M 599 400 0
QSO: 14054 CW 2026-02-22 1635 K7RI 599 WA LZ4VW 599 500 0
QSO: 14054 CW 2026-02-22 1635 K7RI 599 WA DL7PIA 599 100 0
QSO: 14054 CW 2026-02-22 1637 K7RI 599 WA DL3LJ 599 100 0
QSO: 14054 CW 2026-02-22 1638 K7RI 599 WA HB9GZP 599 100 0
QSO: 14054 CW 2026-02-22 1639 K7RI 599 WA HB9AUK 599 500 0
QSO: 14054 CW 2026-02-22 1639 K7RI 599 WA SP5BN 599 200 0
QSO: 14054 CW 2026-02-22 1639 K7RI 599 WA SN5N 599 KW 0
QSO: 14054 CW 2026-02-22 1640 K7RI 599 WA SE5T 599 KW 0
QSO: 14054 CW 2026-02-22 1640 K7RI 599 WA SP7IIT 599 500 0
QSO: 14054 CW 2026-02-22 1642 K7RI 599 WA PF5X 599 400 0
QSO: 14054 CW 2026-02-22 1643 K7RI 599 WA DL1RTL 599 500 0
QSO: 14054 CW 2026-02-22 1644 K7RI 599 WA UW5Y 599 KW 0
QSO: 14054 CW 2026-02-22 1644 K7RI 599 WA OH6CW 599 100 0
QSO: 14054 CW 2026-02-22 1646 K7RI 599 WA UW5ZM 599 33 0
QSO: 14054 CW 2026-02-22 1647 K7RI 599 WA R7NQ 599 100 0
QSO: 14054 CW 2026-02-22 1647 K7RI 599 WA DF4PD 599 500 0
QSO: 14054 CW 2026-02-22 1648 K7RI 599 WA ON7KEC 599 100 0
QSO: 14054 CW 2026-02-22 1649 K7RI 599 WA LZ1IQ 599 100 0
QSO: 14054 CW 2026-02-22 1650 K7RI 599 WA SF5X 599 KW 0
QSO: 14054 CW 2026-02-22 1650 K7RI 599 WA DK1TW 599 600 0
QSO: 14054 CW 2026-02-22 1651 K7RI 599 WA 9A2X 599 100 0
QSO: 14054 CW 2026-02-22 1652 K7RI 599 WA HA7SQ 599 100 0
QSO: 14054 CW 2026-02-22 1654 K7RI 599 WA SM6EAN 599 KW 0
QSO: 14054 CW 2026-02-22 1655 K7RI 599 WA RX6LRU 599 500 0
QSO: 14054 CW 2026-02-22 1655 K7RI 599 WA F5MQU 599 100 0
QSO: 14054 CW 2026-02-22 1656 K7RI 599 WA DU0A 599 K 0
QSO: 14054 CW 2026-02-22 1656 K7RI 599 WA SC7DX 599 KW 0
QSO: 14054 CW 2026-02-22 1657 K7RI 599 WA SM6MCW 599 KW 0
QSO: 14054 CW 2026-02-22 1657 K7RI 599 WA PA5MW 599 400 0
QSO: 14054 CW 2026-02-22 1659 K7RI 599 WA TK5MH 599 KW 0
QSO: 14054 CW 2026-02-22 1701 K7RI 599 WA I7CSB 599 500 0
QSO: 14054 CW 2026-02-22 1701 K7RI 599 WA SQ3M 599 100 0
QSO: 14054 CW 2026-02-22 1703 K7RI 599 WA SA2OLM 599 100 0
QSO: 14054 CW 2026-02-22 1705 K7RI 599 WA OK2MBP 599 100 0
QSO: 14054 CW 2026-02-22 1706 K7RI 599 WA DF3DT 599 399 0
QSO: 14054 CW 2026-02-22 1707 K7RI 599 WA PA6AA 599 400 0
QSO: 14054 CW 2026-02-22 1708 K7RI 599 WA DJ4MX 599 100 0
QSO: 14054 CW 2026-02-22 1709 K7RI 599 WA DL5JM 599 50 0
QSO: 14054 CW 2026-02-22 1709 K7RI 599 WA OK1NEZ 599 100 0
QSO: 14054 CW 2026-02-22 1710 K7RI 599 WA LZ1VS 599 500 0
QSO: 14054 CW 2026-02-22 1711 K7RI 599 WA OK1TD 599 100 0
QSO: 14054 CW 2026-02-22 1712 K7RI 599 WA HA1VQ 599 100 0
QSO: 14054 CW 2026-02-22 1713 K7RI 599 WA PA1T 599 KW 0
QSO: 14054 CW 2026-02-22 1713 K7RI 599 WA PC4E 599 400 0
QSO: 14054 CW 2026-02-22 1714 K7RI 599 WA UW2U 599 KW 0
QSO: 14054 CW 2026-02-22 1714 K7RI 599 WA RW1A 599 KW 0
QSO: 14054 CW 2026-02-22 1715 K7RI 599 WA SM6LJU 599 1K 0
QSO: 14054 CW 2026-02-22 1716 K7RI 599 WA I3LID 599 100 0
QSO: 14054 CW 2026-02-22 1717 K7RI 599 WA DK8RE 599 100 0
QSO: 14054 CW 2026-02-22 1718 K7RI 599 WA PA1DAR 599 100 0
QSO: 14054 CW 2026-02-22 1718 K7RI 599 WA PA4PA 599 100 0
QSO: 14054 CW 2026-02-22 1719 K7RI 599 WA HA8WY 599 100 0
QSO: 14054 CW 2026-02-22 1719 K7RI 599 WA IK0ISD 599 300 0
QSO: 14054 CW 2026-02-22 1720 K7RI 599 WA OK1KT 599 100 0
QSO: 14054 CW 2026-02-22 1720 K7RI 599 WA SQ9DXN 599 500 0
QSO: 14054 CW 2026-02-22 1726 K7RI 599 WA DF7EM 599 100 0
QSO: 14054 CW 2026-02-22 1726 K7RI 599 WA IO0A 599 500 0
QSO: 14054 CW 2026-02-22 1727 K7RI 599 WA S52NR 599 100 0
QSO: 14054 CW 2026-02-22 1727 K7RI 599 WA HA1AR 599 400 0
QSO: 14054 CW 2026-02-22 1728 K7RI 599 WA OK2BYW 599 100 0
QSO: 14054 CW 2026-02-22 1729 K7RI 599 WA M4U 599 900 0
QSO: 14054 CW 2026-02-22 1730 K7RI 599 WA OK1FCA 599 100 0
QSO: 14054 CW 2026-02-22 1731 K7RI 599 WA HB9LCW 599 100 0
QSO: 14054 CW 2026-02-22 1731 K7RI 599 WA DF1DT 599 100 0
QSO: 14054 CW 2026-02-22 1732 K7RI 599 WA G4PLY 599 KW 0
QSO: 14054 CW 2026-02-22 1732 K7RI 599 WA GM0V 599 KW 0
QSO: 14054 CW 2026-02-22 1734 K7RI 599 WA OH3GD 599 100 0
QSO: 14054 CW 2026-02-22 1735 K7RI 599 WA OT6M 599 KW 0
QSO: 14054 CW 2026-02-22 1736 K7RI 599 WA HA8KIF 599 100 0
QSO: 14054 CW 2026-02-22 1736 K7RI 599 WA OM5KM 599 100 0
QSO: 14054 CW 2026-02-22 1737 K7RI 599 WA HA6NL 599 100 0
QSO: 14054 CW 2026-02-22 1738 K7RI 599 WA F9CI 599 200 0
QSO: 14054 CW 2026-02-22 1739 K7RI 599 WA F3WT 599 100 0
QSO: 14054 CW 2026-02-22 1739 K7RI 599 WA DK1WU 599 KW 0
QSO: 14054 CW 2026-02-22 1739 K7RI 599 WA EA5RS 599 KW 0
QSO: 14054 CW 2026-02-22 1740 K7RI 599 WA OK1MZM 599 KW 0
QSO: 14054 CW 2026-02-22 1740 K7RI 599 WA PF7X 599 100 0
QSO: 14054 CW 2026-02-22 1740 K7RI 599 WA PA4U 599 100 0
QSO: 14054 CW 2026-02-22 1744 K7RI 599 WA DG9SEH 599 500 0
QSO: 14054 CW 2026-02-22 1745 K7RI 599 WA HB9BLQ 599 500 0
QSO: 14054 CW 2026-02-22 1745 K7RI 599 WA TA3NE 599 KW 0
QSO: 14054 CW 2026-02-22 1745 K7RI 599 WA LZ1ND 599 KW 0
QSO: 14054 CW 2026-02-22 1746 K7RI 599 WA TF3DC 599 100 0
QSO: 14054 CW 2026-02-22 1746 K7RI 599 WA PA6F 599 400 0
QSO: 14054 CW 2026-02-22 1747 K7RI 599 WA ER3UA 599 100 0
QSO: 14054 CW 2026-02-22 1748 K7RI 599 WA ED3T 599 100 0
QSO: 14054 CW 2026-02-22 1748 K7RI 599 WA OM2XA 599 100 0
QSO: 14054 CW 2026-02-22 1748 K7RI 599 WA RG9TM 599 100 0
QSO: 14054 CW 2026-02-22 1750 K7RI 599 WA IK1JJM 599 100 0
QSO: 14030 CW 2026-02-22 1751 K7RI 599 WA IS0AFM 599 500 0
QSO: 14054 CW 2026-02-22 1751 K7RI 599 WA 9A3YT 599 KW 0
QSO: 14054 CW 2026-02-22 1753 K7RI 599 WA IK0CJI 599 100 0
QSO: 14054 CW 2026-02-22 1754 K7RI 599 WA IK1RQQ 599 100 0
QSO: 14054 CW 2026-02-22 1755 K7RI 599 WA OK7PN 599 KW 0
QSO: 14054 CW 2026-02-22 1756 K7RI 599 WA HB9BHW 599 100 0
QSO: 14054 CW 2026-02-22 1756 K7RI 599 WA S53M 599 KW 0
QSO: 14054 CW 2026-02-22 1757 K7RI 599 WA LZ1QN 599 10 0
QSO: 14054 CW 2026-02-22 1757 K7RI 599 WA YB3GEM 599 100 0
QSO: 14054 CW 2026-02-22 1758 K7RI 599 WA M4T 599 KW 0
QSO: 14054 CW 2026-02-22 1758 K7RI 599 WA II9P 599 500 0
QSO: 14054 CW 2026-02-22 1759 K7RI 599 WA HB9CYV 599 KW 0
QSO: 14054 CW 2026-02-22 1759 K7RI 599 WA IV3BHD 599 500 0
QSO: 14054 CW 2026-02-22 1800 K7RI 599 WA G4PNC 599 100 0
QSO: 14054 CW 2026-02-22 1801 K7RI 599 WA YO4AAC 599 100 0
QSO: 14054 CW 2026-02-22 1801 K7RI 599 WA S52AU 599 100 0
QSO: 14054 CW 2026-02-22 1802 K7RI 599 WA 9A1DR 599 100 0
QSO: 14054 CW 2026-02-22 1803 K7RI 599 WA HB9ARY 599 500 0
QSO: 14054 CW 2026-02-22 1803 K7RI 599 WA DJ6RN 599 100 0
QSO: 14054 CW 2026-02-22 1804 K7RI 599 WA IK6VXO 599 100 0
QSO: 14054 CW 2026-02-22 1804 K7RI 599 WA DL6RDR 599 100 0
QSO: 14054 CW 2026-02-22 1806 K7RI 599 WA S51Z 599 5 0
QSO: 14054 CW 2026-02-22 1808 K7RI 599 WA SP9GMI 599 100 0
QSO: 14054 CW 2026-02-22 1811 K7RI 599 WA DL6AG 599 100 0
QSO: 14054 CW 2026-02-22 1812 K7RI 599 WA DL5NO 599 100 0
QSO: 14054 CW 2026-02-22 1813 K7RI 599 WA LC2F 599 100 0
QSO: 14054 CW 2026-02-22 1813 K7RI 599 WA OK1PI 599 KW 0
QSO: 14054 CW 2026-02-22 1814 K7RI 599 WA SE3P 599 KW 0
QSO: 14054 CW 2026-02-22 1814 K7RI 599 WA IK6BAK 599 300 0
QSO: 14054 CW 2026-02-22 1814 K7RI 599 WA DL8WN 599 100 0
QSO: 14054 CW 2026-02-22 1815 K7RI 599 WA OK2FD 599 100 0
QSO: 14054 CW 2026-02-22 1817 K7RI 599 WA LZ5ZI 599 100 0
QSO: 14054 CW 2026-02-22 1817 K7RI 599 WA G7D 599 100 0
QSO: 21027 CW 2026-02-22 1819 K7RI 599 WA II9P 599 500 0
QSO: 21032 CW 2026-02-22 1822 K7RI 599 WA CR3M 599 K 0
QSO: 21056 CW 2026-02-22 1824 K7RI 599 WA EA4R 599 KW 0
QSO: 21038 CW 2026-02-22 1827 K7RI 599 WA IZ8FAV 599 300 0
QSO: 21038 CW 2026-02-22 1829 K7RI 599 WA OH6XS 599 KW 0
QSO: 21038 CW 2026-02-22 1831 K7RI 599 WA OH2KW 599 KW 0
QSO: 21047 CW 2026-02-22 1838 K7RI 599 WA OG1F 599 KW 0
QSO: 21050 CW 2026-02-22 1839 K7RI 599 WA II2Q 599 500 0
QSO: 14009 CW 2026-02-22 1846 K7RI 599 WA MW6M 599 100 0
QSO: 14007 CW 2026-02-22 1849 K7RI 599 WA DK8ZZ 599 750 0
QSO: 14008 CW 2026-02-22 1850 K7RI 599 WA EA2KV 599 K 0
QSO: 14009 CW 2026-02-22 1850 K7RI 599 WA DR1A 599 K 0
QSO: 14011 CW 2026-02-22 1852 K7RI 599 WA DL1REM 599 KW 0
QSO: 14011 CW 2026-02-22 1853 K7RI 599 WA DF8V 599 KW 0
QSO: 14013 CW 2026-02-22 1853 K7RI 599 WA EA3URM 599 KW 0
QSO: 14016 CW 2026-02-22 1855 K7RI 599 WA LZ5Y 599 300 0
QSO: 14016 CW 2026-02-22 1856 K7RI 599 WA IK4DCX 599 500 0
QSO: 14017 CW 2026-02-22 1859 K7RI 599 WA OM3KFF 599 KW 0
QSO: 14018 CW 2026-02-22 1901 K7RI 599 WA EA5GX 599 300 0
QSO: 14028 CW 2026-02-22 1904 K7RI 599 WA F5IN 599 KW 0
QSO: 14043 CW 2026-02-22 1909 K7RI 599 WA DD1A 599 KW 0
QSO: 14007 CW 2026-02-22 1912 K7RI 599 WA HB9CYN 599 100 0
QSO: 14007 CW 2026-02-22 1913 K7RI 599 WA S56C 599 100 0
QSO: 14007 CW 2026-02-22 1914 K7RI 599 WA G4AFF 599 KW 0
QSO: 14007 CW 2026-02-22 1914 K7RI 599 WA IZ8FAV 599 300 0
QSO: 14007 CW 2026-02-22 1915 K7RI 599 WA OG6N 599 KW 0
QSO: 14007 CW 2026-02-22 1916 K7RI 599 WA F6IFJ 599 500 0
QSO: 14007 CW 2026-02-22 1917 K7RI 599 WA S58M 599 KW 0
QSO: 14007 CW 2026-02-22 1917 K7RI 599 WA VE2WX 599 QC 0
QSO: 14015 CW 2026-02-22 1919 K7RI 599 WA F8EFU 599 500 0
QSO: 14023 CW 2026-02-22 1936 K7RI 599 WA LN8W 599 KW 0
QSO: 14024 CW 2026-02-22 1938 K7RI 599 WA IZ3NYG 599 200 0
QSO: 14031 CW 2026-02-22 1940 K7RI 599 WA E7DX 599 K 0
QSO: 14032 CW 2026-02-22 1940 K7RI 599 WA E7CW 599 KW 0
QSO: 14038 CW 2026-02-22 1953 K7RI 599 WA SV1PMQ 599 KW 0
QSO: 14038 CW 2026-02-22 1955 K7RI 599 WA SE5E 599 KW 0
QSO: 14037 CW 2026-02-22 2000 K7RI 599 WA F3OA 599 100 0
QSO: 21036 CW 2026-02-22 2010 K7RI 599 WA KP2M 599 K 0
QSO: 21034 CW 2026-02-22 2012 K7RI 599 WA P49Y 599 K 0
QSO: 28015 CW 2026-02-22 2017 K7RI 599 WA PY2KNK 599 KW 0
QSO: 28013 CW 2026-02-22 2018 K7RI 599 WA CE3CT 599 K 0
QSO: 28028 CW 2026-02-22 2020 K7RI 599 WA ZF1A 599 K 0
QSO: 28032 CW 2026-02-22 2021 K7RI 599 WA XE2E 599 100 0
QSO: 28032 CW 2026-02-22 2021 K7RI 599 WA PY2ZEA 599 K 0
QSO: 21004 CW 2026-02-22 2026 K7RI 599 WA PJ4K 599 K 0
QSO: 21049 CW 2026-02-22 2030 K7RI 599 WA PJ4PA 599 K 0
QSO: 21057 CW 2026-02-22 2032 K7RI 599 WA ED7W 599 K 0
QSO: 14005 CW 2026-02-22 2048 K7RI 599 WA EA8ZS 599 KW 0
QSO: 14006 CW 2026-02-22 2055 K7RI 599 WA CR3W 599 K 0
QSO: 14008 CW 2026-02-22 2056 K7RI 599 WA IK1PMR 599 500 0
QSO: 14008 CW 2026-02-22 2058 K7RI 599 WA BD3TE 599 KW 0
QSO: 14019 CW 2026-02-22 2101 K7RI 599 WA AO5CR 599 100 0
QSO: 14026 CW 2026-02-22 2105 K7RI 599 WA EA8A 599 KW 0
QSO: 14028 CW 2026-02-22 2106 K7RI 599 WA ZF5T 599 K 0
QSO: 14036 CW 2026-02-22 2111 K7RI 599 WA JH1OLB 599 500 0
QSO: 14036 CW 2026-02-22 2113 K7RI 599 WA JF1VAE 599 100 0
QSO: 14036 CW 2026-02-22 2114 K7RI 599 WA K5ZAR 599 AR 0
QSO: 14036 CW 2026-02-22 2115 K7RI 599 WA K8LX 599 MI 0
QSO: 14036 CW 2026-02-22 2117 K7RI 599 WA JH4HVL 599 100 0
QSO: 14036 CW 2026-02-22 2118 K7RI 599 WA JK3NQV 599 200 0
QSO: 14036 CW 2026-02-22 2121 K7RI 599 WA JF2OZH 599 200 0
QSO: 14036 CW 2026-02-22 2122 K7RI 599 WA JO7KMB 599 200 0
QSO: 14036 CW 2026-02-22 2123 K7RI 599 WA JF3EIG 599 100 0
QSO: 14036 CW 2026-02-22 2124 K7RI 599 WA K8LX 599 MI 0
QSO: 14036 CW 2026-02-22 2125 K7RI 599 WA JK1JAS 599 100 0
QSO: 14036 CW 2026-02-22 2126 K7RI 599 WA JA7SUR 599 50 0
QSO: 14040 CW 2026-02-22 2128 K7RI 599 WA JJ1LBJ 599 100 0
QSO: 14036 CW 2026-02-22 2129 K7RI 599 WA ED8M 599 K 0
QSO: 14036 CW 2026-02-22 2131 K7RI 599 WA JA1PNA 599 KW 0
QSO: 14036 CW 2026-02-22 2134 K7RI 599 WA JH6DUL 599 KW 0
QSO: 14036 CW 2026-02-22 2135 K7RI 599 WA JE2LUN 599 KW 0
QSO: 14036 CW 2026-02-22 2137 K7RI 599 WA YB2IQ 599 KW 0
QSO: 14036 CW 2026-02-22 2138 K7RI 599 WA JA6FFK 599 100 0
QSO: 14036 CW 2026-02-22 2141 K7RI 599 WA JM1XCW 599 KW 0
QSO: 14036 CW 2026-02-22 2143 K7RI 599 WA JH4CES 599 5 0
QSO: 14036 CW 2026-02-22 2144 K7RI 599 WA KD5EW 599 LA 0
QSO: 14036 CW 2026-02-22 2145 K7RI 599 WA JJ0PJD 599 100 0
QSO: 14048 CW 2026-02-22 2147 K7RI 599 WA C6ANM 599 99 0
QSO: 14036 CW 2026-02-22 2150 K7RI 599 WA JL3AYP 599 100 0
QSO: 14036 CW 2026-02-22 2151 K7RI 599 WA JK1JDY 599 100 0
QSO: 14036 CW 2026-02-22 2152 K7RI 599 WA KI5GTR 599 AR 0
QSO: 14038 CW 2026-02-22 2153 K7RI 599 WA JA8RUZ 599 KW 0
QSO: 14020 CW 2026-02-22 2154 K7RI 599 WA JA1TMG 599 500 0
QSO: 14036 CW 2026-02-22 2156 K7RI 599 WA KL2R 599 KW 0
QSO: 14036 CW 2026-02-22 2157 K7RI 599 WA K9CQ 599 CO 0
QSO: 14036 CW 2026-02-22 2158 K7RI 599 WA JA2FXV 599 100 0
QSO: 14036 CW 2026-02-22 2159 K7RI 599 WA JA9CWJ 599 KW 0
QSO: 14036 CW 2026-02-22 2200 K7RI 599 WA JR2NMJ 599 100 0
QSO: 14054 CW 2026-02-22 2201 K7RI 599 WA JF1NHD 599 K 0
QSO: 14036 CW 2026-02-22 2202 K7RI 599 WA JR1NHD 599 KW 0
QSO: 14036 CW 2026-02-22 2203 K7RI 599 WA JA8GAK 599 200 0
QSO: 14036 CW 2026-02-22 2204 K7RI 599 WA JR2BYJ 599 100 0
QSO: 14023 CW 2026-02-22 2205 K7RI 599 WA JA6BZI 599 KW 0
QSO: 14036 CW 2026-02-22 2206 K7RI 599 WA JQ2NUD 599 100 0
QSO: 14040 CW 2026-02-22 2207 K7RI 599 WA KP2M 599 K 0
QSO: 14039 CW 2026-02-22 2208 K7RI 599 WA JH1GEX 599 K 0
QSO: 14036 CW 2026-02-22 2209 K7RI 599 WA KE8NN 599 CA 0
QSO: 14036 CW 2026-02-22 2212 K7RI 599 WA JA7UES 599 KW 0
QSO: 14036 CW 2026-02-22 2214 K7RI 599 WA YE1BMZ 599 50 0
QSO: 14036 CW 2026-02-22 2215 K7RI 599 WA JI0VWL 599 KW 0
QSO: 14036 CW 2026-02-22 2216 K7RI 599 WA JE3OUU 599 100 0
QSO: 14036 CW 2026-02-22 2217 K7RI 599 WA JK1OLT 599 K 0
QSO: 21032 CW 2026-02-22 2219 K7RI 599 WA JA2ODB 599 100 0
QSO: 21012 CW 2026-02-22 2235 K7RI 599 WA JA7FTR 599 KW 0
QSO: 14036 CW 2026-02-22 2238 K7RI 599 WA JL1JJD 599 600 0
QSO: 14003 CW 2026-02-22 2239 K7RI 599 WA BA4TB 599 500 0
QSO: 14023 CW 2026-02-22 2241 K7RI 599 WA JJ0USR 599 K 0
QSO: 14036 CW 2026-02-22 2243 K7RI 599 WA JG1LHB 599 200 0
QSO: 14004 CW 2026-02-22 2249 K7RI 599 WA BA4OP 599 200 0
QSO: 14009 CW 2026-02-22 2255 K7RI 599 WA LS5H 599 100 0
QSO: 14009 CW 2026-02-22 2256 K7RI 599 WA CR3DX 599 K 0
QSO: 14015 CW 2026-02-22 2257 K7RI 599 WA PY2FRQ 599 100 0
QSO: 14031 CW 2026-02-22 2300 K7RI 599 WA TI7W 599 K 0
QSO: 14043 CW 2026-02-22 2303 K7RI 599 WA PY4XX 599 100 0
QSO: 14028 CW 2026-02-22 2309 K7RI 599 WA YV8AD 599 100 0
QSO: 14052 CW 2026-02-22 2312 K7RI 599 WA V3O 599 K 0
QSO: 14060 CW 2026-02-22 2314 K7RI 599 WA ZV2GO 599 100 0
QSO: 14061 CW 2026-02-22 2316 K7RI 599 WA PY2IB 599 100 0
QSO: 14065 CW 2026-02-22 2319 K7RI 599 WA PY2PLL 599 100 0
QSO: 14058 CW 2026-02-22 2323 K7RI 599 WA VP2EEU 599 100 0
QSO: 21043 CW 2026-02-22 2331 K7RI 599 WA JR1LLD 599 5 0
QSO: 21043 CW 2026-02-22 2331 K7RI 599 WA XE2S 599 5 0
QSO: 21043 CW 2026-02-22 2332 K7RI 599 WA JI0VWL 599 KW 0
QSO: 21043 CW 2026-02-22 2332 K7RI 599 WA KH6AQ 599 100 0
QSO: 21043 CW 2026-02-22 2333 K7RI 599 WA JH1DJD 599 100 0
QSO: 21043 CW 2026-02-22 2335 K7RI 599 WA 7K4NTB 599 100 0
QSO: 21043 CW 2026-02-22 2337 K7RI 599 WA JA4MLR 599 100 0
QSO: 21043 CW 2026-02-22 2338 K7RI 599 WA DU0A 599 K 0
QSO: 21043 CW 2026-02-22 2338 K7RI 599 WA JH2FXK 599 KW 0
QSO: 21043 CW 2026-02-22 2339 K7RI 599 WA JR6RMV 599 100 0
QSO: 21043 CW 2026-02-22 2339 K7RI 599 WA JG2TSL 599 100 0
QSO: 21043 CW 2026-02-22 2339 K7RI 599 WA LU8QT 599 KW 0
QSO: 21043 CW 2026-02-22 2340 K7RI 599 WA YB1RKT 599 100 0
QSO: 21043 CW 2026-02-22 2341 K7RI 599 WA JN2GPQ 599 200 0
QSO: 21043 CW 2026-02-22 2342 K7RI 599 WA JR1NHD 599 KW 0
QSO: 21043 CW 2026-02-22 2342 K7RI 599 WA JA2PFO 599 500 0
QSO: 21043 CW 2026-02-22 2343 K7RI 599 WA JA1GZV 599 100 0
QSO: 21043 CW 2026-02-22 2344 K7RI 599 WA JM1XBD 599 100 0
QSO: 21043 CW 2026-02-22 2344 K7RI 599 WA JP3WEL 599 200 0
QSO: 21043 CW 2026-02-22 2345 K7RI 599 WA 7L3KJV 599 100 0
QSO: 21043 CW 2026-02-22 2347 K7RI 599 WA JA9RPU 599 5 0
QSO: 21043 CW 2026-02-22 2349 K7RI 599 WA HI8R 599 KW 0
QSO: 21043 CW 2026-02-22 2349 K7RI 599 WA YD2UWF 599 100 0
QSO: 21043 CW 2026-02-22 2350 K7RI 599 WA JF1OJC 599 200 0
QSO: 21043 CW 2026-02-22 2350 K7RI 599 WA JH1UES 599 100 0
QSO: 21043 CW 2026-02-22 2351 K7RI 599 WA RZ0L 599 500 0
QSO: 21043 CW 2026-02-22 2352 K7RI 599 WA JA1GQC 599 200 0
QSO: 21043 CW 2026-02-22 2352 K7RI 599 WA XE2MWY 599 100 0
QSO: 21043 CW 2026-02-22 2353 K7RI 599 WA JA9CCG 599 K 0
QSO: 21043 CW 2026-02-22 2355 K7RI 599 WA 7M3LDC 599 100 0
QSO: 21043 CW 2026-02-22 2355 K7RI 599 WA JK1JDY 599 100 0
QSO: 21043 CW 2026-02-22 2357 K7RI 599 WA JH1HST 599 50 0
QSO: 21043 CW 2026-02-22 2358 K7RI 599 WA PY2MM 599 KW 0
QSO: 21043 CW 2026-02-22 2358 K7RI 599 WA JE1AEX 599 KW 0
QSO: 21043 CW 2026-02-22 2359 K7RI 599 WA JA9CWJ 599 KW 0
END-OF-LOG: