START-OF-LOG: 3.0
CONTEST: ARRL-DX-CW
CALLSIGN: W1WEF
LOCATION: CT
CATEGORY-OPERATOR: SINGLE-OP
CATEGORY-ASSISTED: NON-ASSISTED
CATEGORY-POWER: HIGH
CATEGORY-BAND: ALL
CATEGORY-MODE: CW
CATEGORY-TRANSMITTER: ONE
CATEGORY-STATION: FIXED
OPERATORS: W1WEF
CLUB: Yankee Clipper Contest Club
CREATED-BY: N1MM LOGGER+ 1.0.11031.0
HQ-CATEGORY: Single Operator, High Power
HQ-GRID-LOCATOR: FN31RQ
QSO: 28013 CW 2026-02-21 0004 W1WEF 599 CT V3O 599 K
QSO: 28029 CW 2026-02-21 0007 W1WEF 599 CT V3T 599 99
QSO: 28032 CW 2026-02-21 0007 W1WEF 599 CT KH6J 599 K
QSO: 28035 CW 2026-02-21 0007 W1WEF 599 CT ZL4TT 599 K
QSO: 28036 CW 2026-02-21 0009 W1WEF 599 CT AH2R 599 K
QSO: 28037 CW 2026-02-21 0010 W1WEF 599 CT PY3OZ 599 100
QSO: 28039 CW 2026-02-21 0011 W1WEF 599 CT JA7ZFN 599 K
QSO: 28053 CW 2026-02-21 0014 W1WEF 599 CT JH8YOH 599 K
QSO: 28005 CW 2026-02-21 0020 W1WEF 599 CT VL4A 599 100
QSO: 21060 CW 2026-02-21 0022 W1WEF 599 CT ZV1RJ 599 K
QSO: 21056 CW 2026-02-21 0023 W1WEF 599 CT JF9JTS 599 K
QSO: 21055 CW 2026-02-21 0024 W1WEF 599 CT 7L4MDM 599 100
QSO: 21048 CW 2026-02-21 0026 W1WEF 599 CT 8P5A 599 K
QSO: 21040 CW 2026-02-21 0030 W1WEF 599 CT AH2R 599 K
QSO: 21037 CW 2026-02-21 0033 W1WEF 599 CT JH8YOH 599 K
QSO: 21033 CW 2026-02-21 0036 W1WEF 599 CT PJ2T 599 K
QSO: 21032 CW 2026-02-21 0036 W1WEF 599 CT KP2M 599 K
QSO: 21030 CW 2026-02-21 0037 W1WEF 599 CT TO4A 599 K
QSO: 21030 CW 2026-02-21 0038 W1WEF 599 CT PJ4K 599 K
QSO: 21028 CW 2026-02-21 0039 W1WEF 599 CT P49Y 599 K
QSO: 21028 CW 2026-02-21 0039 W1WEF 599 CT P49Y 599 K
QSO: 21024 CW 2026-02-21 0041 W1WEF 599 CT 6Y6N 599 100
QSO: 21022 CW 2026-02-21 0042 W1WEF 599 CT KH6KB 599 K
QSO: 21019 CW 2026-02-21 0044 W1WEF 599 CT ZF5T 599 K
QSO: 21003 CW 2026-02-21 0045 W1WEF 599 CT P44W 599 100
QSO: 21062 CW 2026-02-21 0047 W1WEF 599 CT PY2SNX 599 100
QSO: 21055 CW 2026-02-21 0050 W1WEF 599 CT XE2IF 599 100
QSO: 21054 CW 2026-02-21 0051 W1WEF 599 CT VK7GN 599 150
QSO: 21054 CW 2026-02-21 0053 W1WEF 599 CT PR1T 599 K
QSO: 21053 CW 2026-02-21 0054 W1WEF 599 CT JA7ZFN 599 K
QSO: 21050 CW 2026-02-21 0055 W1WEF 599 CT PY2KC 599 K
QSO: 21047 CW 2026-02-21 0057 W1WEF 599 CT NP3YL 599 100
QSO: 21046 CW 2026-02-21 0058 W1WEF 599 CT PY2NA 599 K
QSO: 21036 CW 2026-02-21 0101 W1WEF 599 CT ZF1A 599 K
QSO: 21008 CW 2026-02-21 0112 W1WEF 599 CT LS5H 599 100
QSO: 14059 CW 2026-02-21 0114 W1WEF 599 CT 8P5A 599 K
QSO: 14043 CW 2026-02-21 0115 W1WEF 599 CT VP2EEV 599 100
QSO: 14042 CW 2026-02-21 0116 W1WEF 599 CT PT2AW 599 100
QSO: 14038 CW 2026-02-21 0117 W1WEF 599 CT TI7W 599 K
QSO: 14033 CW 2026-02-21 0118 W1WEF 599 CT HD8R 599 K
QSO: 14031 CW 2026-02-21 0118 W1WEF 599 CT ZF1A 599 K
QSO: 14030 CW 2026-02-21 0119 W1WEF 599 CT V3T 599 99
QSO: 14029 CW 2026-02-21 0119 W1WEF 599 CT TO4A 599 K
QSO: 14028 CW 2026-02-21 0120 W1WEF 599 CT CR3W 599 K
QSO: 14027 CW 2026-02-21 0120 W1WEF 599 CT PJ4A 599 K
QSO: 14021 CW 2026-02-21 0125 W1WEF 599 CT EA8ZS 599 K
QSO: 14012 CW 2026-02-21 0126 W1WEF 599 CT CR3DX 599 K
QSO: 14011 CW 2026-02-21 0126 W1WEF 599 CT PY2NY 599 100
QSO: 14000 CW 2026-02-21 0127 W1WEF 599 CT P44W 599 100
QSO: 7064 CW 2026-02-21 0130 W1WEF 599 CT EA5RS 599 K
QSO: 7065 CW 2026-02-21 0131 W1WEF 599 CT G4DBW 599 K
QSO: 7065 CW 2026-02-21 0131 W1WEF 599 CT DL3DXX 599 K
QSO: 7065 CW 2026-02-21 0132 W1WEF 599 CT HA7RY 599 K
QSO: 7065 CW 2026-02-21 0132 W1WEF 599 CT OM5AW 599 100
QSO: 7065 CW 2026-02-21 0132 W1WEF 599 CT UA6LCN 599 K
QSO: 7065 CW 2026-02-21 0134 W1WEF 599 CT HB50FX 599 100
QSO: 7065 CW 2026-02-21 0134 W1WEF 599 CT S52AW 599 K
QSO: 7065 CW 2026-02-21 0135 W1WEF 599 CT 9A1P 599 K
QSO: 7065 CW 2026-02-21 0135 W1WEF 599 CT EA3IEG 599 K
QSO: 7065 CW 2026-02-21 0135 W1WEF 599 CT S53K 599 100
QSO: 7065 CW 2026-02-21 0136 W1WEF 599 CT HG5FA 599 100
QSO: 7065 CW 2026-02-21 0136 W1WEF 599 CT HA3IC 599 400
QSO: 7065 CW 2026-02-21 0136 W1WEF 599 CT UZ7E 599 100
QSO: 7065 CW 2026-02-21 0137 W1WEF 599 CT G3P 599 500
QSO: 7065 CW 2026-02-21 0137 W1WEF 599 CT LZ7X 599 100
QSO: 7065 CW 2026-02-21 0138 W1WEF 599 CT YO4GO 599 200
QSO: 7064 CW 2026-02-21 0139 W1WEF 599 CT VP9I 599 99
QSO: 7063 CW 2026-02-21 0139 W1WEF 599 CT 9A3YT 599 K
QSO: 7063 CW 2026-02-21 0140 W1WEF 599 CT DK5GB 599 750
QSO: 7063 CW 2026-02-21 0140 W1WEF 599 CT IO4X 599 500
QSO: 7063 CW 2026-02-21 0140 W1WEF 599 CT OK2GG 599 500
QSO: 7063 CW 2026-02-21 0141 W1WEF 599 CT P3X 599 K
QSO: 7063 CW 2026-02-21 0141 W1WEF 599 CT S52P 599 5
QSO: 7063 CW 2026-02-21 0142 W1WEF 599 CT HG6N 599 K
QSO: 7061 CW 2026-02-21 0143 W1WEF 599 CT S58R 599 5
QSO: 7061 CW 2026-02-21 0143 W1WEF 599 CT IZ3NVR 599 100
QSO: 7061 CW 2026-02-21 0144 W1WEF 599 CT OM0EE 599 100
QSO: 7061 CW 2026-02-21 0145 W1WEF 599 CT F8EFU 599 500
QSO: 7061 CW 2026-02-21 0145 W1WEF 599 CT ZF1A 599 K
QSO: 7061 CW 2026-02-21 0145 W1WEF 599 CT HA3MG 599 100
QSO: 7061 CW 2026-02-21 0146 W1WEF 599 CT RW1A 599 K
QSO: 7061 CW 2026-02-21 0146 W1WEF 599 CT PA2TA 599 100
QSO: 7061 CW 2026-02-21 0147 W1WEF 599 CT TM6M 599 100
QSO: 7061 CW 2026-02-21 0147 W1WEF 599 CT HA7UI 599 100
QSO: 7061 CW 2026-02-21 0147 W1WEF 599 CT IV3EAD 599 100
QSO: 7061 CW 2026-02-21 0148 W1WEF 599 CT OG3B 599 K
QSO: 7061 CW 2026-02-21 0149 W1WEF 599 CT EI7M 599 K
QSO: 7061 CW 2026-02-21 0149 W1WEF 599 CT LZ2PS 599 100
QSO: 7061 CW 2026-02-21 0150 W1WEF 599 CT HA3OU 599 500
QSO: 7061 CW 2026-02-21 0150 W1WEF 599 CT HA1VQ 599 100
QSO: 7061 CW 2026-02-21 0151 W1WEF 599 CT DK5PD 599 K
QSO: 7061 CW 2026-02-21 0151 W1WEF 599 CT SP5ES 599 100
QSO: 7061 CW 2026-02-21 0152 W1WEF 599 CT EW6FL 599 500
QSO: 7061 CW 2026-02-21 0153 W1WEF 599 CT HA2VH 599 K
QSO: 7061 CW 2026-02-21 0153 W1WEF 599 CT SM7GVF 599 K
QSO: 7061 CW 2026-02-21 0153 W1WEF 599 CT OL7D 599 K
QSO: 7061 CW 2026-02-21 0154 W1WEF 599 CT ON8GA 599 100
QSO: 7061 CW 2026-02-21 0154 W1WEF 599 CT IZ5AHB 599 100
QSO: 7061 CW 2026-02-21 0154 W1WEF 599 CT HA9RP 599 100
QSO: 7061 CW 2026-02-21 0154 W1WEF 599 CT OK5Z 599 K
QSO: 7061 CW 2026-02-21 0155 W1WEF 599 CT SN7O 599 100
QSO: 7061 CW 2026-02-21 0155 W1WEF 599 CT HA3NU 599 K
QSO: 7061 CW 2026-02-21 0156 W1WEF 599 CT II9P 599 500
QSO: 7061 CW 2026-02-21 0156 W1WEF 599 CT SN2M 599 K
QSO: 7061 CW 2026-02-21 0157 W1WEF 599 CT UW2U 599 K
QSO: 7061 CW 2026-02-21 0157 W1WEF 599 CT OM7M 599 K
QSO: 7061 CW 2026-02-21 0158 W1WEF 599 CT YO2MJZ 599 100
QSO: 7061 CW 2026-02-21 0158 W1WEF 599 CT YO8BDW 599 100
QSO: 7061 CW 2026-02-21 0158 W1WEF 599 CT UR2Y 599 5
QSO: 7061 CW 2026-02-21 0159 W1WEF 599 CT DF4PD 599 500
QSO: 7061 CW 2026-02-21 0159 W1WEF 599 CT HA1TV 599 100
QSO: 7061 CW 2026-02-21 0159 W1WEF 599 CT YU5T 599 100
QSO: 7061 CW 2026-02-21 0200 W1WEF 599 CT LY3B 599 K
QSO: 1831 CW 2026-02-21 0201 W1WEF 599 CT XE2X 599 K
QSO: 1830 CW 2026-02-21 0201 W1WEF 599 CT DM4X 599 K
QSO: 1829 CW 2026-02-21 0202 W1WEF 599 CT PJ2T 599 K
QSO: 1827 CW 2026-02-21 0203 W1WEF 599 CT NP2J 599 K
QSO: 1826 CW 2026-02-21 0204 W1WEF 599 CT OK1CF 599 K
QSO: 1824 CW 2026-02-21 0204 W1WEF 599 CT HA8A 599 K
QSO: 1822 CW 2026-02-21 0206 W1WEF 599 CT VP2M 599 100
QSO: 1816 CW 2026-02-21 0206 W1WEF 599 CT 9A1A 599 K
QSO: 1814 CW 2026-02-21 0208 W1WEF 599 CT 9A3XV 599 K
QSO: 1814 CW 2026-02-21 0208 W1WEF 599 CT CR3W 599 K
QSO: 1814 CW 2026-02-21 0209 W1WEF 599 CT DD2D 599 K
QSO: 1814 CW 2026-02-21 0209 W1WEF 599 CT G5W 599 K
QSO: 3501 CW 2026-02-21 0214 W1WEF 599 CT WP3A 599 K
QSO: 3506 CW 2026-02-21 0215 W1WEF 599 CT IK1PMR 599 500
QSO: 3506 CW 2026-02-21 0216 W1WEF 599 CT S53K 599 100
QSO: 3506 CW 2026-02-21 0216 W1WEF 599 CT SP3VT 599 600
QSO: 3506 CW 2026-02-21 0216 W1WEF 599 CT DK5PD 599 K
QSO: 3506 CW 2026-02-21 0217 W1WEF 599 CT OL0W 599 K
QSO: 3506 CW 2026-02-21 0217 W1WEF 599 CT DF8V 599 K
QSO: 3506 CW 2026-02-21 0217 W1WEF 599 CT EU1A 599 K
QSO: 3506 CW 2026-02-21 0218 W1WEF 599 CT S51YI 599 K
QSO: 3506 CW 2026-02-21 0218 W1WEF 599 CT HA2VH 599 K
QSO: 3506 CW 2026-02-21 0219 W1WEF 599 CT YT2RX 599 100
QSO: 3506 CW 2026-02-21 0219 W1WEF 599 CT SC7DX 599 K
QSO: 3506 CW 2026-02-21 0219 W1WEF 599 CT HA1TJ 599 K
QSO: 3506 CW 2026-02-21 0220 W1WEF 599 CT SE3P 599 K
QSO: 3506 CW 2026-02-21 0220 W1WEF 599 CT OL3Z 599 K
QSO: 3506 CW 2026-02-21 0220 W1WEF 599 CT 9A1T 599 K
QSO: 3506 CW 2026-02-21 0221 W1WEF 599 CT SN5J 599 100
QSO: 3506 CW 2026-02-21 0221 W1WEF 599 CT YO4GO 599 200
QSO: 3506 CW 2026-02-21 0222 W1WEF 599 CT II9P 599 500
QSO: 3506 CW 2026-02-21 0222 W1WEF 599 CT DA0BCC 599 K
QSO: 3506 CW 2026-02-21 0223 W1WEF 599 CT SP1NY 599 K
QSO: 3506 CW 2026-02-21 0224 W1WEF 599 CT UA6LCN 599 K
QSO: 3506 CW 2026-02-21 0224 W1WEF 599 CT E7CW 599 K
QSO: 3506 CW 2026-02-21 0224 W1WEF 599 CT HA5BMS 599 200
QSO: 3506 CW 2026-02-21 0225 W1WEF 599 CT SQ9DXN 599 500
QSO: 3506 CW 2026-02-21 0225 W1WEF 599 CT HG5D 599 K
QSO: 3506 CW 2026-02-21 0225 W1WEF 599 CT OT2A 599 K
QSO: 3506 CW 2026-02-21 0226 W1WEF 599 CT EW1M 599 K
QSO: 3506 CW 2026-02-21 0226 W1WEF 599 CT IO4X 599 500
QSO: 3506 CW 2026-02-21 0227 W1WEF 599 CT P3X 599 K
QSO: 3506 CW 2026-02-21 0227 W1WEF 599 CT HB7X 599 K
QSO: 3506 CW 2026-02-21 0227 W1WEF 599 CT DL1REM 599 K
QSO: 3506 CW 2026-02-21 0227 W1WEF 599 CT SN2B 599 K
QSO: 3506 CW 2026-02-21 0228 W1WEF 599 CT LY2J 599 100
QSO: 3506 CW 2026-02-21 0228 W1WEF 599 CT YL3FT 599 K
QSO: 3506 CW 2026-02-21 0228 W1WEF 599 CT HA1VQ 599 100
QSO: 3506 CW 2026-02-21 0229 W1WEF 599 CT OK4DZ 599 100
QSO: 3506 CW 2026-02-21 0229 W1WEF 599 CT OK1DOT 599 K
QSO: 3506 CW 2026-02-21 0230 W1WEF 599 CT EF8L 599 100
QSO: 3506 CW 2026-02-21 0230 W1WEF 599 CT S57Q 599 K
QSO: 3506 CW 2026-02-21 0230 W1WEF 599 CT SN7Q 599 K
QSO: 3506 CW 2026-02-21 0231 W1WEF 599 CT R2FK 599 K
QSO: 3506 CW 2026-02-21 0231 W1WEF 599 CT SP7CF 599 100
QSO: 3506 CW 2026-02-21 0232 W1WEF 599 CT UW2U 599 K
QSO: 3506 CW 2026-02-21 0232 W1WEF 599 CT SN7O 599 100
QSO: 3506 CW 2026-02-21 0232 W1WEF 599 CT EW8DX 599 500
QSO: 3506 CW 2026-02-21 0233 W1WEF 599 CT HA7I 599 K
QSO: 3506 CW 2026-02-21 0233 W1WEF 599 CT LY5W 599 K
QSO: 3506 CW 2026-02-21 0233 W1WEF 599 CT OK6Y 599 100
QSO: 3506 CW 2026-02-21 0234 W1WEF 599 CT SP6PRT 599 500
QSO: 3506 CW 2026-02-21 0235 W1WEF 599 CT SV1JG 599 500
QSO: 3506 CW 2026-02-21 0235 W1WEF 599 CT DL2OE 599 K
QSO: 3506 CW 2026-02-21 0235 W1WEF 599 CT GI4SNA 599 K
QSO: 3506 CW 2026-02-21 0236 W1WEF 599 CT YO5AVN 599 100
QSO: 3506 CW 2026-02-21 0236 W1WEF 599 CT DF6QV 599 K
QSO: 3506 CW 2026-02-21 0237 W1WEF 599 CT HB50FX 599 100
QSO: 3506 CW 2026-02-21 0238 W1WEF 599 CT RM4F 599 K
QSO: 3506 CW 2026-02-21 0238 W1WEF 599 CT EA5RS 599 K
QSO: 3506 CW 2026-02-21 0240 W1WEF 599 CT R5BE 599 K
QSO: 3506 CW 2026-02-21 0240 W1WEF 599 CT YO4FSU 599 100
QSO: 3506 CW 2026-02-21 0241 W1WEF 599 CT UR2Y 599 5
QSO: 3506 CW 2026-02-21 0241 W1WEF 599 CT OL7D 599 K
QSO: 3506 CW 2026-02-21 0242 W1WEF 599 CT 9A1P 599 K
QSO: 3506 CW 2026-02-21 0242 W1WEF 599 CT G4AMT 599 K
QSO: 3506 CW 2026-02-21 0243 W1WEF 599 CT HA4ZS 599 100
QSO: 3506 CW 2026-02-21 0243 W1WEF 599 CT HA5PP 599 100
QSO: 3506 CW 2026-02-21 0243 W1WEF 599 CT LY7K 599 100
QSO: 3506 CW 2026-02-21 0244 W1WEF 599 CT YU2M 599 K
QSO: 3506 CW 2026-02-21 0244 W1WEF 599 CT DF6LQ 599 100
QSO: 3506 CW 2026-02-21 0244 W1WEF 599 CT DL8ULF 599 100
QSO: 3506 CW 2026-02-21 0245 W1WEF 599 CT EI7M 599 K
QSO: 3506 CW 2026-02-21 0245 W1WEF 599 CT 3Z1K 599 100
QSO: 3506 CW 2026-02-21 0245 W1WEF 599 CT SN7J 599 100
QSO: 3506 CW 2026-02-21 0246 W1WEF 599 CT RU3A 599 K
QSO: 3506 CW 2026-02-21 0246 W1WEF 599 CT G3RWF 599 400
QSO: 3506 CW 2026-02-21 0246 W1WEF 599 CT HB2T 599 K
QSO: 1828 CW 2026-02-21 0258 W1WEF 599 CT G3P 599 500
QSO: 1828 CW 2026-02-21 0258 W1WEF 599 CT 9A1P 599 K
QSO: 1828 CW 2026-02-21 0259 W1WEF 599 CT TM2Y 599 K
QSO: 1828 CW 2026-02-21 0259 W1WEF 599 CT SN7O 599 100
QSO: 1828 CW 2026-02-21 0259 W1WEF 599 CT OT2A 599 K
QSO: 1828 CW 2026-02-21 0300 W1WEF 599 CT DL3DXX 599 K
QSO: 1828 CW 2026-02-21 0301 W1WEF 599 CT 9A3JH 599 K
QSO: 1828 CW 2026-02-21 0301 W1WEF 599 CT ED8X 599 K
QSO: 1828 CW 2026-02-21 0301 W1WEF 599 CT DA0BCC 599 K
QSO: 1828 CW 2026-02-21 0302 W1WEF 599 CT EA5C 599 K
QSO: 1828 CW 2026-02-21 0303 W1WEF 599 CT DL1BUG 599 K
QSO: 1828 CW 2026-02-21 0303 W1WEF 599 CT OK5Z 599 K
QSO: 1818 CW 2026-02-21 0306 W1WEF 599 CT EI7M 599 K
QSO: 7059 CW 2026-02-21 0308 W1WEF 599 CT IT9IQN 599 500
QSO: 7059 CW 2026-02-21 0311 W1WEF 599 CT OA4DQN 599 100
QSO: 7058 CW 2026-02-21 0311 W1WEF 599 CT OE8DDX 599 100
QSO: 7008 CW 2026-02-21 0313 W1WEF 599 CT IO5F 599 500
QSO: 7008 CW 2026-02-21 0314 W1WEF 599 CT EA8RM 599 5
QSO: 7009 CW 2026-02-21 0314 W1WEF 599 CT UI3A 599 K
QSO: 7009 CW 2026-02-21 0315 W1WEF 599 CT DL6WT 599 K
QSO: 7009 CW 2026-02-21 0315 W1WEF 599 CT OM5KM 599 100
QSO: 7009 CW 2026-02-21 0316 W1WEF 599 CT OK2MBP 599 100
QSO: 7009 CW 2026-02-21 0316 W1WEF 599 CT DL1BUG 599 K
QSO: 7009 CW 2026-02-21 0316 W1WEF 599 CT E7AA 599 100
QSO: 7009 CW 2026-02-21 0317 W1WEF 599 CT SP5ES 599 100
QSO: 7009 CW 2026-02-21 0317 W1WEF 599 CT OL5Y 599 100
QSO: 7009 CW 2026-02-21 0317 W1WEF 599 CT HA8TA 599 K
QSO: 7009 CW 2026-02-21 0317 W1WEF 599 CT PJ4K 599 K
QSO: 7009 CW 2026-02-21 0318 W1WEF 599 CT IZ8FAV 599 300
QSO: 7009 CW 2026-02-21 0318 W1WEF 599 CT DL8ULF 599 100
QSO: 7009 CW 2026-02-21 0319 W1WEF 599 CT PA3EVY 599 100
QSO: 7009 CW 2026-02-21 0319 W1WEF 599 CT RL3A 599 K
QSO: 7009 CW 2026-02-21 0319 W1WEF 599 CT HA8TP 599 100
QSO: 7009 CW 2026-02-21 0320 W1WEF 599 CT HA3GC 599 100
QSO: 7009 CW 2026-02-21 0321 W1WEF 599 CT RC9A 599 K
QSO: 7009 CW 2026-02-21 0322 W1WEF 599 CT OE1CIW 599 100
QSO: 7009 CW 2026-02-21 0323 W1WEF 599 CT F5SGI 599 100
QSO: 7009 CW 2026-02-21 0323 W1WEF 599 CT LZ1ZJ 599 100
QSO: 7009 CW 2026-02-21 0323 W1WEF 599 CT SP1NY 599 K
QSO: 7009 CW 2026-02-21 0324 W1WEF 599 CT OM5ALL 599 100
QSO: 7009 CW 2026-02-21 0324 W1WEF 599 CT DL5MFF 599 100
QSO: 7009 CW 2026-02-21 0324 W1WEF 599 CT ED7K 599 K
QSO: 7009 CW 2026-02-21 0324 W1WEF 599 CT YU7EE 599 300
QSO: 7009 CW 2026-02-21 0325 W1WEF 599 CT SP7CF 599 100
QSO: 7009 CW 2026-02-21 0325 W1WEF 599 CT DL2OE 599 K
QSO: 7009 CW 2026-02-21 0326 W1WEF 599 CT HB9HTF 599 100
QSO: 7009 CW 2026-02-21 0326 W1WEF 599 CT SO6I 599 K
QSO: 7009 CW 2026-02-21 0326 W1WEF 599 CT DL6RDE 599 400
QSO: 7009 CW 2026-02-21 0327 W1WEF 599 CT OM5DX 599 100
QSO: 7009 CW 2026-02-21 0327 W1WEF 599 CT F5MMB 599 100
QSO: 7009 CW 2026-02-21 0328 W1WEF 599 CT ON5JT 599 5
QSO: 7009 CW 2026-02-21 0328 W1WEF 599 CT OK7O 599 K
QSO: 7009 CW 2026-02-21 0329 W1WEF 599 CT SM6MCW 599 K
QSO: 7009 CW 2026-02-21 0329 W1WEF 599 CT ZS2M 599 5
QSO: 7009 CW 2026-02-21 0331 W1WEF 599 CT OM/UT2WW 599 100
QSO: 7009 CW 2026-02-21 0331 W1WEF 599 CT MM9I 599 K
QSO: 7009 CW 2026-02-21 0332 W1WEF 599 CT IV3ICH 599 5
QSO: 7009 CW 2026-02-21 0333 W1WEF 599 CT I2IFT 599 500
QSO: 7009 CW 2026-02-21 0334 W1WEF 599 CT IU7XWD 599 K
QSO: 7009 CW 2026-02-21 0335 W1WEF 599 CT ER3DX 599 200
QSO: 7009 CW 2026-02-21 0335 W1WEF 599 CT DD5M 599 99
QSO: 7009 CW 2026-02-21 0336 W1WEF 599 CT RM4F 599 K
QSO: 7009 CW 2026-02-21 0336 W1WEF 599 CT Z36Y 599 100
QSO: 7009 CW 2026-02-21 0336 W1WEF 599 CT OH7R 599 K
QSO: 7009 CW 2026-02-21 0337 W1WEF 599 CT OG5O 599 K
QSO: 7009 CW 2026-02-21 0338 W1WEF 599 CT YO4BEW 599 5
QSO: 7009 CW 2026-02-21 0339 W1WEF 599 CT RU3WC 599 K
QSO: 7009 CW 2026-02-21 0339 W1WEF 599 CT TA7I 599 100
QSO: 7009 CW 2026-02-21 0339 W1WEF 599 CT DL6RDR 599 100
QSO: 7009 CW 2026-02-21 0340 W1WEF 599 CT ZA1RR 599 100
QSO: 7009 CW 2026-02-21 0341 W1WEF 599 CT 4X1ST 599 100
QSO: 7009 CW 2026-02-21 0341 W1WEF 599 CT HA8FK 599 K
QSO: 7009 CW 2026-02-21 0341 W1WEF 599 CT PA5MW 599 400
QSO: 7009 CW 2026-02-21 0342 W1WEF 599 CT UP4L 599 K
QSO: 7009 CW 2026-02-21 0343 W1WEF 599 CT LA4YGA 599 200
QSO: 7009 CW 2026-02-21 0343 W1WEF 599 CT 3Z1K 599 100
QSO: 7009 CW 2026-02-21 0343 W1WEF 599 CT RX6FJ 599 100
QSO: 7009 CW 2026-02-21 0344 W1WEF 599 CT DK8MM 599 K
QSO: 7009 CW 2026-02-21 0344 W1WEF 599 CT DF6QV 599 K
QSO: 7009 CW 2026-02-21 0345 W1WEF 599 CT F6JOE 599 100
QSO: 7009 CW 2026-02-21 0345 W1WEF 599 CT PS7MA 599 100
QSO: 7009 CW 2026-02-21 0346 W1WEF 599 CT LZ1YF 599 100
QSO: 7009 CW 2026-02-21 0346 W1WEF 599 CT IN3TWX 599 500
QSO: 7009 CW 2026-02-21 0347 W1WEF 599 CT LY7K 599 100
QSO: 7009 CW 2026-02-21 0348 W1WEF 599 CT US7UK 599 001
QSO: 7009 CW 2026-02-21 0349 W1WEF 599 CT YL2NK 599 100
QSO: 7009 CW 2026-02-21 0349 W1WEF 599 CT E78A 599 500
QSO: 7009 CW 2026-02-21 0349 W1WEF 599 CT OH2XX 599 K
QSO: 7009 CW 2026-02-21 0350 W1WEF 599 CT S52W 599 100
QSO: 7009 CW 2026-02-21 0350 W1WEF 599 CT EF8L 599 100
QSO: 7009 CW 2026-02-21 0350 W1WEF 599 CT HA6NL 599 100
QSO: 7009 CW 2026-02-21 0351 W1WEF 599 CT YO5AVN 599 100
QSO: 7009 CW 2026-02-21 0352 W1WEF 599 CT RV6HV 599 400
QSO: 7009 CW 2026-02-21 0352 W1WEF 599 CT DL1RTL 599 500
QSO: 7009 CW 2026-02-21 0352 W1WEF 599 CT OK1DWC 599 K
QSO: 7009 CW 2026-02-21 0353 W1WEF 599 CT YP2R 599 300
QSO: 7009 CW 2026-02-21 0353 W1WEF 599 CT UW5ZM 599 33
QSO: 7009 CW 2026-02-21 0354 W1WEF 599 CT RV1CC 599 K
QSO: 7009 CW 2026-02-21 0354 W1WEF 599 CT OK1AY 599 100
QSO: 7009 CW 2026-02-21 0355 W1WEF 599 CT UR7EC 599 100
QSO: 7009 CW 2026-02-21 0355 W1WEF 599 CT OK2BYW 599 100
QSO: 7009 CW 2026-02-21 0355 W1WEF 599 CT EC4TA 599 100
QSO: 7009 CW 2026-02-21 0356 W1WEF 599 CT 9A1A 599 K
QSO: 7009 CW 2026-02-21 0356 W1WEF 599 CT HA5BA 599 5
QSO: 7009 CW 2026-02-21 0357 W1WEF 599 CT SP6PRT 599 500
QSO: 1819 CW 2026-02-21 0359 W1WEF 599 CT G3SYM 599 K
QSO: 1819 CW 2026-02-21 0359 W1WEF 599 CT OK2IT 599 K
QSO: 1820 CW 2026-02-21 0403 W1WEF 599 CT P3X 599 K
QSO: 1822 CW 2026-02-21 0403 W1WEF 599 CT GX7C 599 K
QSO: 1825 CW 2026-02-21 0406 W1WEF 599 CT HA8WZ 599 100
QSO: 1825 CW 2026-02-21 0407 W1WEF 599 CT OM7M 599 K
QSO: 3502 CW 2026-02-21 0413 W1WEF 599 CT S52NR 599 100
QSO: 3502 CW 2026-02-21 0413 W1WEF 599 CT HA8BT 599 500
QSO: 3502 CW 2026-02-21 0414 W1WEF 599 CT DL4MM 599 600
QSO: 3502 CW 2026-02-21 0414 W1WEF 599 CT HA3DX 599 K
QSO: 3502 CW 2026-02-21 0414 W1WEF 599 CT RL3A 599 K
QSO: 3502 CW 2026-02-21 0414 W1WEF 599 CT YU7KW 599 500
QSO: 3502 CW 2026-02-21 0415 W1WEF 599 CT S53F 599 K
QSO: 3502 CW 2026-02-21 0415 W1WEF 599 CT G3P 599 500
QSO: 3502 CW 2026-02-21 0416 W1WEF 599 CT S52W 599 100
QSO: 3502 CW 2026-02-21 0418 W1WEF 599 CT MM1E 599 K
QSO: 3502 CW 2026-02-21 0418 W1WEF 599 CT PA3AAV 599 400
QSO: 3502 CW 2026-02-21 0418 W1WEF 599 CT EF5O 599 K
QSO: 3502 CW 2026-02-21 0419 W1WEF 599 CT HA8TA 599 K
QSO: 3502 CW 2026-02-21 0419 W1WEF 599 CT US6EX 599 K
QSO: 3502 CW 2026-02-21 0420 W1WEF 599 CT DL6WT 599 K
QSO: 3502 CW 2026-02-21 0421 W1WEF 599 CT S53A 599 K
QSO: 3502 CW 2026-02-21 0421 W1WEF 599 CT DL1RTL 599 500
QSO: 3502 CW 2026-02-21 0421 W1WEF 599 CT HA6NL 599 100
QSO: 3502 CW 2026-02-21 0422 W1WEF 599 CT DD4A 599 500
QSO: 3502 CW 2026-02-21 0422 W1WEF 599 CT HA8WY 599 100
QSO: 3502 CW 2026-02-21 0422 W1WEF 599 CT DD1A 599 K
QSO: 3502 CW 2026-02-21 0423 W1WEF 599 CT OK1DWC 599 K
QSO: 3502 CW 2026-02-21 0423 W1WEF 599 CT DD5M 599 99
QSO: 3502 CW 2026-02-21 0423 W1WEF 599 CT RW1A 599 K
QSO: 3502 CW 2026-02-21 0424 W1WEF 599 CT DK7ZT 599 500
QSO: 3502 CW 2026-02-21 0424 W1WEF 599 CT SO9I 599 K
QSO: 3502 CW 2026-02-21 0424 W1WEF 599 CT OK1FLC 599 100
QSO: 3502 CW 2026-02-21 0425 W1WEF 599 CT S57AL 599 K
QSO: 3502 CW 2026-02-21 0426 W1WEF 599 CT G4XEE 599 K
QSO: 3502 CW 2026-02-21 0426 W1WEF 599 CT NP4DX 599 K
QSO: 3502 CW 2026-02-21 0427 W1WEF 599 CT RW7K 599 K
QSO: 3502 CW 2026-02-21 0428 W1WEF 599 CT HB9AZZ 599 K
QSO: 3502 CW 2026-02-21 0429 W1WEF 599 CT S53V 599 K
QSO: 3502 CW 2026-02-21 0429 W1WEF 599 CT F6IRF 599 100
QSO: 3502 CW 2026-02-21 0430 W1WEF 599 CT SP4AWE 599 100DK4
QSO: 3502 CW 2026-02-21 0430 W1WEF 599 CT DK4WW 599 K
QSO: 3502 CW 2026-02-21 0431 W1WEF 599 CT OL2A 599 100
QSO: 3502 CW 2026-02-21 0431 W1WEF 599 CT SP4DEU 599 100
QSO: 3502 CW 2026-02-21 0432 W1WEF 599 CT OK7O 599 K
QSO: 3502 CW 2026-02-21 0432 W1WEF 599 CT OQ5M 599 K
QSO: 3502 CW 2026-02-21 0432 W1WEF 599 CT PJ4K 599 K
QSO: 3502 CW 2026-02-21 0432 W1WEF 599 CT UT2II 599 100
QSO: 3502 CW 2026-02-21 0433 W1WEF 599 CT HA8WZ 599 100
QSO: 3502 CW 2026-02-21 0434 W1WEF 599 CT F5SGI 599 100
QSO: 14002 CW 2026-02-21 0437 W1WEF 599 CT 8R1TM 599 100
QSO: 14005 CW 2026-02-21 0438 W1WEF 599 CT XQ3SK 599 K
QSO: 14007 CW 2026-02-21 0440 W1WEF 599 CT 7K4AEA 599 200
QSO: 14027 CW 2026-02-21 0444 W1WEF 599 CT PY4XX 599 100
QSO: 14028 CW 2026-02-21 0446 W1WEF 599 CT JA7FTR 599 K
QSO: 14048 CW 2026-02-21 0447 W1WEF 599 CT PJ2T 599 K
QSO: 14052 CW 2026-02-21 0448 W1WEF 599 CT VP2EEU 599 100
QSO: 14055 CW 2026-02-21 0449 W1WEF 599 CT KH6J 599 K
QSO: 7050 CW 2026-02-21 0450 W1WEF 599 CT HA7I 599 K
QSO: 7066 CW 2026-02-21 0453 W1WEF 599 CT ZV1RJ 599 K
QSO: 7067 CW 2026-02-21 0455 W1WEF 599 CT TI2OY 599 100
QSO: 1825 CW 2026-02-21 0459 W1WEF 599 CT HA3DX 599 K
QSO: 1825 CW 2026-02-21 0500 W1WEF 599 CT OK5WA 599 K
QSO: 1825 CW 2026-02-21 0502 W1WEF 599 CT P49Y 599 K
QSO: 1827 CW 2026-02-21 0502 W1WEF 599 CT LX7I 599 K
QSO: 1833 CW 2026-02-21 0507 W1WEF 599 CT IK4DCX 599 500
QSO: 1837 CW 2026-02-21 0507 W1WEF 599 CT PJ4A 599 K
QSO: 1830 CW 2026-02-21 0509 W1WEF 599 CT E7DX 599 K
QSO: 1820 CW 2026-02-21 0512 W1WEF 599 CT OL7D 599 K
QSO: 1817 CW 2026-02-21 0513 W1WEF 599 CT NP4DX 599 K
QSO: 3505 CW 2026-02-21 0517 W1WEF 599 CT LY2CX 599 K
QSO: 3505 CW 2026-02-21 0518 W1WEF 599 CT PC0A 599 400
QSO: 3505 CW 2026-02-21 0518 W1WEF 599 CT ZF1A 599 K
QSO: 3505 CW 2026-02-21 0519 W1WEF 599 CT DL1NEO 599 K
QSO: 3505 CW 2026-02-21 0521 W1WEF 599 CT OM5KM 599 100
QSO: 3505 CW 2026-02-21 0521 W1WEF 599 CT 9A3XV 599 K
QSO: 3505 CW 2026-02-21 0522 W1WEF 599 CT OK2BLD 599 100
QSO: 3505 CW 2026-02-21 0523 W1WEF 599 CT DD2D 599 K
QSO: 3505 CW 2026-02-21 0523 W1WEF 599 CT DL4ME 599 500
QSO: 3505 CW 2026-02-21 0524 W1WEF 599 CT OK7PN 599 K
QSO: 3505 CW 2026-02-21 0524 W1WEF 599 CT E72U 599 K
QSO: 3505 CW 2026-02-21 0524 W1WEF 599 CT TM6M 599 100
QSO: 3505 CW 2026-02-21 0524 W1WEF 599 CT YL2GD 599 K
QSO: 3505 CW 2026-02-21 0525 W1WEF 599 CT HG5C 599 K
QSO: 3505 CW 2026-02-21 0525 W1WEF 599 CT S53X 599 K
QSO: 3505 CW 2026-02-21 0526 W1WEF 599 CT HA3OU 599 500
QSO: 3505 CW 2026-02-21 0527 W1WEF 599 CT DJ2IA 599 100
QSO: 3505 CW 2026-02-21 0527 W1WEF 599 CT OE5TXF 599 200
QSO: 3505 CW 2026-02-21 0528 W1WEF 599 CT DL7YS 599 100
QSO: 3505 CW 2026-02-21 0529 W1WEF 599 CT P44W 599 100
QSO: 3505 CW 2026-02-21 0529 W1WEF 599 CT SP8R 599 K
QSO: 3505 CW 2026-02-21 0529 W1WEF 599 CT ED7W 599 K
QSO: 3505 CW 2026-02-21 0530 W1WEF 599 CT ED7K 599 K
QSO: 3505 CW 2026-02-21 0530 W1WEF 599 CT G4BUO 599 K
QSO: 3505 CW 2026-02-21 0531 W1WEF 599 CT F5NZY 599 100
QSO: 3505 CW 2026-02-21 0531 W1WEF 599 CT DL3DXX 599 K
QSO: 1830 CW 2026-02-21 0958 W1WEF 599 CT HD8R 599 K
QSO: 7006 CW 2026-02-21 1001 W1WEF 599 CT ZF5T 599 K
QSO: 7010 CW 2026-02-21 1001 W1WEF 599 CT CR2N 599 K
QSO: 7020 CW 2026-02-21 1005 W1WEF 599 CT V3O 599 K
QSO: 7020 CW 2026-02-21 1005 W1WEF 599 CT JH8YOH 599 K
QSO: 7024 CW 2026-02-21 1006 W1WEF 599 CT VK4M 599 400
QSO: 7025 CW 2026-02-21 1007 W1WEF 599 CT ED8X 599 K
QSO: 7026 CW 2026-02-21 1009 W1WEF 599 CT JH4UYB 599 K
QSO: 7028 CW 2026-02-21 1010 W1WEF 599 CT PJ7/4Z5LA 599 80
QSO: 7031 CW 2026-02-21 1011 W1WEF 599 CT AH2R 599 K
QSO: 7034 CW 2026-02-21 1013 W1WEF 599 CT VJ3A 599 400
QSO: 7036 CW 2026-02-21 1013 W1WEF 599 CT KH6J 599 K
QSO: 7045 CW 2026-02-21 1015 W1WEF 599 CT 8P5A 599 K
QSO: 7001 CW 2026-02-21 1016 W1WEF 599 CT RZ1OA 599 K
QSO: 7001 CW 2026-02-21 1016 W1WEF 599 CT CR3W 599 K
QSO: 7001 CW 2026-02-21 1017 W1WEF 599 CT PJ2T 599 K
QSO: 7008 CW 2026-02-21 1019 W1WEF 599 CT VL4A 599 100
QSO: 1822 CW 2026-02-21 1025 W1WEF 599 CT TI7W 599 K
QSO: 1827 CW 2026-02-21 1026 W1WEF 599 CT ZF1A 599 K
QSO: 1831 CW 2026-02-21 1027 W1WEF 599 CT KH6J 599 K
QSO: 3539 CW 2026-02-21 1028 W1WEF 599 CT PJ4A 599 K
QSO: 3527 CW 2026-02-21 1029 W1WEF 599 CT KH7W 599 K
QSO: 3526 CW 2026-02-21 1030 W1WEF 599 CT HD8R 599 K
QSO: 14002 CW 2026-02-21 1034 W1WEF 599 CT E7CW 599 K
QSO: 14002 CW 2026-02-21 1035 W1WEF 599 CT HA7MF 599 100
QSO: 14002 CW 2026-02-21 1035 W1WEF 599 CT EA5RS 599 K
QSO: 14002 CW 2026-02-21 1035 W1WEF 599 CT SO9I 599 K
QSO: 14002 CW 2026-02-21 1036 W1WEF 599 CT ED8X 599 K
QSO: 14002 CW 2026-02-21 1036 W1WEF 599 CT 9A1P 599 K
QSO: 14002 CW 2026-02-21 1037 W1WEF 599 CT OM7M 599 K
QSO: 14002 CW 2026-02-21 1037 W1WEF 599 CT OK7O 599 K
QSO: 14002 CW 2026-02-21 1037 W1WEF 599 CT 9A5M 599 K
QSO: 14002 CW 2026-02-21 1037 W1WEF 599 CT OK2WY 599 100
QSO: 14002 CW 2026-02-21 1038 W1WEF 599 CT 9A1A 599 K
QSO: 14002 CW 2026-02-21 1038 W1WEF 599 CT OL3Z 599 K
QSO: 14002 CW 2026-02-21 1038 W1WEF 599 CT DD4A 599 500
QSO: 14002 CW 2026-02-21 1038 W1WEF 599 CT EA5YU 599 500
QSO: 14002 CW 2026-02-21 1039 W1WEF 599 CT HG5E 599 K
QSO: 14002 CW 2026-02-21 1039 W1WEF 599 CT DD1A 599 K
QSO: 14002 CW 2026-02-21 1039 W1WEF 599 CT DJ6GG 599 100
QSO: 14002 CW 2026-02-21 1040 W1WEF 599 CT VK3GU 599 100
QSO: 14002 CW 2026-02-21 1040 W1WEF 599 CT DK7EO 599 K
QSO: 14002 CW 2026-02-21 1040 W1WEF 599 CT EA7/PA5JF 599 100
QSO: 14002 CW 2026-02-21 1041 W1WEF 599 CT II9P 599 500
QSO: 14002 CW 2026-02-21 1041 W1WEF 599 CT OK1PI 599 K
QSO: 14002 CW 2026-02-21 1042 W1WEF 599 CT RL3A 599 K
QSO: 14002 CW 2026-02-21 1042 W1WEF 599 CT HB9CIC 599 100
QSO: 14002 CW 2026-02-21 1042 W1WEF 599 CT YT3X 599 K
QSO: 14002 CW 2026-02-21 1043 W1WEF 599 CT F5MMB 599 100
QSO: 14002 CW 2026-02-21 1043 W1WEF 599 CT OE5TXF 599 200
QSO: 14002 CW 2026-02-21 1043 W1WEF 599 CT TM6M 599 100
QSO: 14002 CW 2026-02-21 1044 W1WEF 599 CT DK5SF 599 500
QSO: 14002 CW 2026-02-21 1044 W1WEF 599 CT SO6I 599 K
QSO: 14002 CW 2026-02-21 1045 W1WEF 599 CT SP5Y 599 K
QSO: 14002 CW 2026-02-21 1045 W1WEF 599 CT SO5O 599 500
QSO: 14002 CW 2026-02-21 1045 W1WEF 599 CT SQ100D 599 500
QSO: 14002 CW 2026-02-21 1046 W1WEF 599 CT OL5W 599 K
QSO: 14002 CW 2026-02-21 1046 W1WEF 599 CT DK2LO 599 500
QSO: 14002 CW 2026-02-21 1046 W1WEF 599 CT PA5MW 599 400
QSO: 14002 CW 2026-02-21 1047 W1WEF 599 CT DL5XJ 599 500
QSO: 14002 CW 2026-02-21 1047 W1WEF 599 CT RX6LRU 599 500
QSO: 14002 CW 2026-02-21 1048 W1WEF 599 CT PA4N 599 400
QSO: 14002 CW 2026-02-21 1048 W1WEF 599 CT OT6M 599 K
QSO: 14002 CW 2026-02-21 1048 W1WEF 599 CT PF5X 599 400
QSO: 14002 CW 2026-02-21 1049 W1WEF 599 CT R3ST 599 K
QSO: 14002 CW 2026-02-21 1049 W1WEF 599 CT ON4EM 599 100
QSO: 14002 CW 2026-02-21 1049 W1WEF 599 CT F/G4DBL 599 100
QSO: 14002 CW 2026-02-21 1050 W1WEF 599 CT HB9FAB 599 100
QSO: 14002 CW 2026-02-21 1050 W1WEF 599 CT OH3RF 599 K
QSO: 14002 CW 2026-02-21 1050 W1WEF 599 CT MW6M 599 100
QSO: 14002 CW 2026-02-21 1050 W1WEF 599 CT PA3EVY 599 100
QSO: 14002 CW 2026-02-21 1051 W1WEF 599 CT G3RWF 599 400
QSO: 14002 CW 2026-02-21 1051 W1WEF 599 CT HA7UI 599 100
QSO: 14002 CW 2026-02-21 1052 W1WEF 599 CT S53V 599 K
QSO: 14002 CW 2026-02-21 1052 W1WEF 599 CT II8M 599 300
QSO: 14002 CW 2026-02-21 1053 W1WEF 599 CT DK1MAX 599 400
QSO: 14002 CW 2026-02-21 1053 W1WEF 599 CT F6GNP 599 100
QSO: 14002 CW 2026-02-21 1053 W1WEF 599 CT DL1RTL 599 500
QSO: 14002 CW 2026-02-21 1054 W1WEF 599 CT HB9AMO 599 100
QSO: 14002 CW 2026-02-21 1054 W1WEF 599 CT DL6RDR 599 100
QSO: 14002 CW 2026-02-21 1055 W1WEF 599 CT IK2YCW 599 500
QSO: 14002 CW 2026-02-21 1055 W1WEF 599 CT I2SVA 599 500
QSO: 14002 CW 2026-02-21 1056 W1WEF 599 CT DL3DRN 599 100
QSO: 14002 CW 2026-02-21 1056 W1WEF 599 CT DK2FG 599 100
QSO: 14002 CW 2026-02-21 1057 W1WEF 599 CT IZ2ABZ 599 100
QSO: 14002 CW 2026-02-21 1057 W1WEF 599 CT DJ7RL 599 100
QSO: 14002 CW 2026-02-21 1057 W1WEF 599 CT SP8R 599 K
QSO: 14002 CW 2026-02-21 1058 W1WEF 599 CT R5AJ 599 K
QSO: 14002 CW 2026-02-21 1058 W1WEF 599 CT EW8DX 599 500
QSO: 14002 CW 2026-02-21 1058 W1WEF 599 CT PC1PM 599 100
QSO: 14002 CW 2026-02-21 1058 W1WEF 599 CT HB9GFT 599 K
QSO: 14002 CW 2026-02-21 1059 W1WEF 599 CT R6CC 599 100
QSO: 14002 CW 2026-02-21 1100 W1WEF 599 CT EA3GEO 599 100
QSO: 14002 CW 2026-02-21 1100 W1WEF 599 CT EA1BDX 599 100
QSO: 14002 CW 2026-02-21 1100 W1WEF 599 CT SN9A 599 100
QSO: 14002 CW 2026-02-21 1101 W1WEF 599 CT IK4GRF 599 500
QSO: 14002 CW 2026-02-21 1101 W1WEF 599 CT SP9JZT 599 500
QSO: 14002 CW 2026-02-21 1101 W1WEF 599 CT MM9I 599 K
QSO: 14002 CW 2026-02-21 1102 W1WEF 599 CT M4N 599 100
QSO: 14002 CW 2026-02-21 1102 W1WEF 599 CT HG6N 599 K
QSO: 14002 CW 2026-02-21 1102 W1WEF 599 CT UW5Y 599 K
QSO: 14002 CW 2026-02-21 1103 W1WEF 599 CT SK0QO 599 K
QSO: 14002 CW 2026-02-21 1103 W1WEF 599 CT F5NZY 599 100
QSO: 14002 CW 2026-02-21 1103 W1WEF 599 CT OM7LW 599 100
QSO: 14002 CW 2026-02-21 1103 W1WEF 599 CT OM4AY 599 100
QSO: 14002 CW 2026-02-21 1104 W1WEF 599 CT LY4BF 599 100
QSO: 14002 CW 2026-02-21 1104 W1WEF 599 CT SE5E 599 K
QSO: 14002 CW 2026-02-21 1105 W1WEF 599 CT DF1DT 599 100
QSO: 14002 CW 2026-02-21 1105 W1WEF 599 CT DP50ANT 599 100
QSO: 14002 CW 2026-02-21 1105 W1WEF 599 CT UA6YH 599 100
QSO: 14002 CW 2026-02-21 1106 W1WEF 599 CT DL5JQ 599 400
QSO: 14002 CW 2026-02-21 1106 W1WEF 599 CT OO4M 599 500
QSO: 14002 CW 2026-02-21 1107 W1WEF 599 CT DK9FE 599 1K
QSO: 14002 CW 2026-02-21 1107 W1WEF 599 CT PA3AAV 599 400
QSO: 14002 CW 2026-02-21 1108 W1WEF 599 CT UA3LID 599 100
QSO: 14002 CW 2026-02-21 1108 W1WEF 599 CT R3EG 599 K
QSO: 14002 CW 2026-02-21 1108 W1WEF 599 CT I5NSR 599 100
QSO: 14002 CW 2026-02-21 1109 W1WEF 599 CT IO4X 599 500
QSO: 14002 CW 2026-02-21 1109 W1WEF 599 CT UZ7E 599 100
QSO: 14002 CW 2026-02-21 1109 W1WEF 599 CT OL8R 599 K
QSO: 14002 CW 2026-02-21 1109 W1WEF 599 CT 2E0CVN 599 100
QSO: 14002 CW 2026-02-21 1110 W1WEF 599 CT SM6EAN 599 K
QSO: 14002 CW 2026-02-21 1110 W1WEF 599 CT GU4WRP 599 100
QSO: 14002 CW 2026-02-21 1110 W1WEF 599 CT DL6KVA 599 K
QSO: 14002 CW 2026-02-21 1111 W1WEF 599 CT HA3MAR 599 K
QSO: 14002 CW 2026-02-21 1111 W1WEF 599 CT SM6IQD 599 100
QSO: 14002 CW 2026-02-21 1112 W1WEF 599 CT DK8AX 599 200
QSO: 14002 CW 2026-02-21 1112 W1WEF 599 CT DK1WU 599 K
QSO: 14002 CW 2026-02-21 1112 W1WEF 599 CT EU8U 599 500
QSO: 14002 CW 2026-02-21 1113 W1WEF 599 CT G3ESE 599 100
QSO: 14002 CW 2026-02-21 1113 W1WEF 599 CT OH2KI 599 500
QSO: 14002 CW 2026-02-21 1113 W1WEF 599 CT OG5O 599 K
QSO: 14002 CW 2026-02-21 1114 W1WEF 599 CT IZ3NYG 599 200
QSO: 14002 CW 2026-02-21 1114 W1WEF 599 CT SM7GVF 599 F
QSO: 14002 CW 2026-02-21 1114 W1WEF 599 CT RM4F 599 K
QSO: 14002 CW 2026-02-21 1115 W1WEF 599 CT 3Z1K 599 100
QSO: 14002 CW 2026-02-21 1116 W1WEF 599 CT I1ZDW 599 200
QSO: 14002 CW 2026-02-21 1116 W1WEF 599 CT SN8A 599 K
QSO: 14002 CW 2026-02-21 1116 W1WEF 599 CT UR1UU 599 100
QSO: 14002 CW 2026-02-21 1117 W1WEF 599 CT ON7KEC 599 100
QSO: 14002 CW 2026-02-21 1117 W1WEF 599 CT P3X 599 K
QSO: 14002 CW 2026-02-21 1117 W1WEF 599 CT OM6AL 599 500
QSO: 14002 CW 2026-02-21 1118 W1WEF 599 CT DL1ATZ 599 500
QSO: 14002 CW 2026-02-21 1118 W1WEF 599 CT G7TPL 599 500
QSO: 14002 CW 2026-02-21 1118 W1WEF 599 CT DD5M 599 99
QSO: 14002 CW 2026-02-21 1119 W1WEF 599 CT SO7M 599 K
QSO: 14002 CW 2026-02-21 1119 W1WEF 599 CT HA7I 599 K
QSO: 14002 CW 2026-02-21 1119 W1WEF 599 CT IO9G 599 100
QSO: 14002 CW 2026-02-21 1120 W1WEF 599 CT IQ3VO 599 500
QSO: 14002 CW 2026-02-21 1120 W1WEF 599 CT UA6LCN 599 K
QSO: 14002 CW 2026-02-21 1121 W1WEF 599 CT EA4R 599 K
QSO: 14002 CW 2026-02-21 1121 W1WEF 599 CT R4AY 599 500
QSO: 14002 CW 2026-02-21 1121 W1WEF 599 CT SP2HHX 599 100
QSO: 14002 CW 2026-02-21 1122 W1WEF 599 CT YT5A 599 K
QSO: 14002 CW 2026-02-21 1122 W1WEF 599 CT G4IIY 599 K
QSO: 14002 CW 2026-02-21 1122 W1WEF 599 CT 9A4A 599 100
QSO: 14002 CW 2026-02-21 1123 W1WEF 599 CT S58W 599 K
QSO: 14002 CW 2026-02-21 1123 W1WEF 599 CT M0TDW 599 500
QSO: 14002 CW 2026-02-21 1123 W1WEF 599 CT GM5M 599 400
QSO: 14002 CW 2026-02-21 1124 W1WEF 599 CT SV8DJW 599 500
QSO: 14002 CW 2026-02-21 1124 W1WEF 599 CT RK9A 599 K
QSO: 14002 CW 2026-02-21 1124 W1WEF 599 CT YU7KW 599 500
QSO: 14002 CW 2026-02-21 1125 W1WEF 599 CT R7EF 599 100
QSO: 14002 CW 2026-02-21 1125 W1WEF 599 CT IK1RGK 599 100
QSO: 14002 CW 2026-02-21 1125 W1WEF 599 CT LY2PX 599 200
QSO: 14002 CW 2026-02-21 1127 W1WEF 599 CT YO4FHU 599 100
QSO: 14002 CW 2026-02-21 1127 W1WEF 599 CT G4DDL 599 100
QSO: 14002 CW 2026-02-21 1128 W1WEF 599 CT EV1R 599 K
QSO: 14002 CW 2026-02-21 1128 W1WEF 599 CT OP5T 599 K
QSO: 14002 CW 2026-02-21 1128 W1WEF 599 CT DL9GTB 599 300
QSO: 14002 CW 2026-02-21 1129 W1WEF 599 CT LY2A 599 700
QSO: 14002 CW 2026-02-21 1129 W1WEF 599 CT M3AWD 599 20
QSO: 14002 CW 2026-02-21 1129 W1WEF 599 CT M1T 599 100
QSO: 14002 CW 2026-02-21 1130 W1WEF 599 CT ON5GM 599 100
QSO: 14002 CW 2026-02-21 1130 W1WEF 599 CT MM2T 599 K
QSO: 14002 CW 2026-02-21 1130 W1WEF 599 CT DL5CC 599 100
QSO: 14002 CW 2026-02-21 1131 W1WEF 599 CT DF6QV 599 K
QSO: 14002 CW 2026-02-21 1131 W1WEF 599 CT OM7RM 599 300
QSO: 14002 CW 2026-02-21 1132 W1WEF 599 CT DF6LQ 599 100
QSO: 14002 CW 2026-02-21 1132 W1WEF 599 CT HB9TSW 599 100
QSO: 14002 CW 2026-02-21 1133 W1WEF 599 CT EU4E 599 500
QSO: 14002 CW 2026-02-21 1133 W1WEF 599 CT DF8XC 599 400
QSO: 14002 CW 2026-02-21 1133 W1WEF 599 CT YU1YV 599 300
QSO: 14002 CW 2026-02-21 1134 W1WEF 599 CT RD0A 599 K
QSO: 14002 CW 2026-02-21 1134 W1WEF 599 CT DM5GG 599 500
QSO: 14002 CW 2026-02-21 1135 W1WEF 599 CT ZV7CE 599 K
QSO: 14002 CW 2026-02-21 1135 W1WEF 599 CT EA4KA 599 100
QSO: 14002 CW 2026-02-21 1135 W1WEF 599 CT DL2TT 599 400
QSO: 14002 CW 2026-02-21 1135 W1WEF 599 CT R5DT 599 K
QSO: 14002 CW 2026-02-21 1136 W1WEF 599 CT RW1A 599 K
QSO: 14002 CW 2026-02-21 1136 W1WEF 599 CT EA1WH 599 100
QSO: 14002 CW 2026-02-21 1136 W1WEF 599 CT SE3P 599 K
QSO: 14002 CW 2026-02-21 1136 W1WEF 599 CT RD4F 599 K
QSO: 14002 CW 2026-02-21 1137 W1WEF 599 CT LA2T 599 K
QSO: 14002 CW 2026-02-21 1137 W1WEF 599 CT SQ9JS 599 100
QSO: 14002 CW 2026-02-21 1138 W1WEF 599 CT OM5R 599 500
QSO: 14002 CW 2026-02-21 1138 W1WEF 599 CT DD6CW 599 100
QSO: 14002 CW 2026-02-21 1138 W1WEF 599 CT YO4NF 599 700
QSO: 14002 CW 2026-02-21 1138 W1WEF 599 CT RU3A 599 K
QSO: 14002 CW 2026-02-21 1139 W1WEF 599 CT RG9A 599 K
QSO: 14002 CW 2026-02-21 1140 W1WEF 599 CT OH0Z 599 K
QSO: 14002 CW 2026-02-21 1140 W1WEF 599 CT UA3RBR 599 100
QSO: 14002 CW 2026-02-21 1140 W1WEF 599 CT UA4ZS 599 100
QSO: 14002 CW 2026-02-21 1141 W1WEF 599 CT EW1I 599 K
QSO: 14002 CW 2026-02-21 1141 W1WEF 599 CT LY7K 599 100
QSO: 14002 CW 2026-02-21 1141 W1WEF 599 CT RA5W 599 100
QSO: 14002 CW 2026-02-21 1142 W1WEF 599 CT RN3TT 599 K
QSO: 14002 CW 2026-02-21 1142 W1WEF 599 CT DJ9RR 599 K
QSO: 14002 CW 2026-02-21 1142 W1WEF 599 CT RN3QO 599 K
QSO: 14002 CW 2026-02-21 1143 W1WEF 599 CT R9AE 599 K
QSO: 14002 CW 2026-02-21 1143 W1WEF 599 CT 9A9O 599 100
QSO: 14002 CW 2026-02-21 1144 W1WEF 599 CT DL5DTG 599 500
QSO: 14002 CW 2026-02-21 1144 W1WEF 599 CT RX4HJ 599 K
QSO: 14002 CW 2026-02-21 1145 W1WEF 599 CT HF5A 599 100
QSO: 14002 CW 2026-02-21 1145 W1WEF 599 CT OK2TJ 599 K
QSO: 14002 CW 2026-02-21 1145 W1WEF 599 CT OK1DWC 599 K
QSO: 14002 CW 2026-02-21 1145 W1WEF 599 CT DJ6RN 599 100
QSO: 14002 CW 2026-02-21 1145 W1WEF 599 CT IK1PMR 599 500
QSO: 14002 CW 2026-02-21 1146 W1WEF 599 CT LY2DX 599 100
QSO: 14002 CW 2026-02-21 1146 W1WEF 599 CT RL4A 599 K
QSO: 14002 CW 2026-02-21 1146 W1WEF 599 CT DK4WW 599 K
QSO: 14002 CW 2026-02-21 1146 W1WEF 599 CT EA7GZQ 599 K
QSO: 14002 CW 2026-02-21 1147 W1WEF 599 CT UW5IM 599 100
QSO: 14002 CW 2026-02-21 1147 W1WEF 599 CT UP4L 599 K
QSO: 14002 CW 2026-02-21 1147 W1WEF 599 CT SE5T 599 K
QSO: 14002 CW 2026-02-21 1147 W1WEF 599 CT SF6J 599 100
QSO: 14002 CW 2026-02-21 1148 W1WEF 599 CT G3RLE 599 100
QSO: 14002 CW 2026-02-21 1148 W1WEF 599 CT HB9ARF 599 100
QSO: 14002 CW 2026-02-21 1149 W1WEF 599 CT RZ3Z 599 100
QSO: 14002 CW 2026-02-21 1149 W1WEF 599 CT OH6OS 599 K
QSO: 14002 CW 2026-02-21 1149 W1WEF 599 CT UR7EC 599 100
QSO: 14002 CW 2026-02-21 1150 W1WEF 599 CT DM4L 599 500
QSO: 14002 CW 2026-02-21 1150 W1WEF 599 CT SP2AYC 599 100
QSO: 14002 CW 2026-02-21 1150 W1WEF 599 CT LY2J 599 100
QSO: 14002 CW 2026-02-21 1151 W1WEF 599 CT SA2OLM 599 100
QSO: 14002 CW 2026-02-21 1151 W1WEF 599 CT UW5ZM 599 33
QSO: 14002 CW 2026-02-21 1151 W1WEF 599 CT PA2JWN 599 500
QSO: 14002 CW 2026-02-21 1152 W1WEF 599 CT PA2JWN 599 500
QSO: 21063 CW 2026-02-21 1212 W1WEF 599 CT E7CW 599 K
QSO: 21063 CW 2026-02-21 1212 W1WEF 599 CT ED8X 599 K
QSO: 21068 CW 2026-02-21 1213 W1WEF 599 CT MM9I 599 K
QSO: 21068 CW 2026-02-21 1214 W1WEF 599 CT OL3Z 599 K
QSO: 21068 CW 2026-02-21 1214 W1WEF 599 CT OL5W 599 K
QSO: 21068 CW 2026-02-21 1214 W1WEF 599 CT S50K 599 K
QSO: 21068 CW 2026-02-21 1215 W1WEF 599 CT SO9I 599 K
QSO: 21068 CW 2026-02-21 1215 W1WEF 599 CT G5W 599 K
QSO: 21068 CW 2026-02-21 1215 W1WEF 599 CT DK4WW 599 K
QSO: 21068 CW 2026-02-21 1215 W1WEF 599 CT 9A1A 599 K
QSO: 21068 CW 2026-02-21 1216 W1WEF 599 CT G4IIY 599 K
QSO: 21068 CW 2026-02-21 1216 W1WEF 599 CT LZ4A 599 K
QSO: 21068 CW 2026-02-21 1216 W1WEF 599 CT SP9XCN 599 100
QSO: 21068 CW 2026-02-21 1217 W1WEF 599 CT 9A1P 599 K
QSO: 21068 CW 2026-02-21 1218 W1WEF 599 CT LY2MM 599 500
QSO: 21068 CW 2026-02-21 1218 W1WEF 599 CT UY5LW 599 K
QSO: 21068 CW 2026-02-21 1219 W1WEF 599 CT HA8TKS 599 100
QSO: 21068 CW 2026-02-21 1219 W1WEF 599 CT CR3W 599 K
QSO: 21068 CW 2026-02-21 1219 W1WEF 599 CT DK3QZ 599 500
QSO: 21068 CW 2026-02-21 1219 W1WEF 599 CT S54O 599 K
QSO: 21068 CW 2026-02-21 1220 W1WEF 599 CT HA9A 599 5
QSO: 21068 CW 2026-02-21 1220 W1WEF 599 CT UR2Y 599 5
QSO: 21068 CW 2026-02-21 1220 W1WEF 599 CT SE5E 599 K
QSO: 21068 CW 2026-02-21 1221 W1WEF 599 CT LZ1BP 599 K
QSO: 21068 CW 2026-02-21 1221 W1WEF 599 CT ED7K 599 K
QSO: 21068 CW 2026-02-21 1221 W1WEF 599 CT DJ5LA 599 K
QSO: 21068 CW 2026-02-21 1222 W1WEF 599 CT DR4S 599 100
QSO: 21068 CW 2026-02-21 1222 W1WEF 599 CT LZ6K 599 K
QSO: 21068 CW 2026-02-21 1222 W1WEF 599 CT RL3A 599 K
QSO: 21068 CW 2026-02-21 1223 W1WEF 599 CT II9P 599 500
QSO: 21068 CW 2026-02-21 1223 W1WEF 599 CT RN3QO 599 K
QSO: 21068 CW 2026-02-21 1223 W1WEF 599 CT HA7I 599 K
QSO: 21068 CW 2026-02-21 1223 W1WEF 599 CT DD1A 599 K
QSO: 21068 CW 2026-02-21 1223 W1WEF 599 CT G6AY 599 500
QSO: 21068 CW 2026-02-21 1224 W1WEF 599 CT YU1QU 599 100
QSO: 21068 CW 2026-02-21 1224 W1WEF 599 CT DL6KVA 599 K
QSO: 21068 CW 2026-02-21 1224 W1WEF 599 CT RU4SO 599 100
QSO: 21068 CW 2026-02-21 1225 W1WEF 599 CT DH1TST 599 100
QSO: 21068 CW 2026-02-21 1225 W1WEF 599 CT UA3QGT 599 K
QSO: 21068 CW 2026-02-21 1226 W1WEF 599 CT DA1TT 599 K
QSO: 21068 CW 2026-02-21 1226 W1WEF 599 CT DF8XC 599 400
QSO: 21068 CW 2026-02-21 1226 W1WEF 599 CT RU3A 599 K
QSO: 21068 CW 2026-02-21 1227 W1WEF 599 CT OM7M 599 K
QSO: 21068 CW 2026-02-21 1227 W1WEF 599 CT HG1S 599 6
QSO: 21068 CW 2026-02-21 1227 W1WEF 599 CT OK1OA 599 800
QSO: 21068 CW 2026-02-21 1228 W1WEF 599 CT ED3Q 599 5
QSO: 21068 CW 2026-02-21 1228 W1WEF 599 CT SM6CNN 599 100
QSO: 21068 CW 2026-02-21 1228 W1WEF 599 CT UA7O 599 100
QSO: 21068 CW 2026-02-21 1228 W1WEF 599 CT 9A1DR 599 100
QSO: 21068 CW 2026-02-21 1229 W1WEF 599 CT S57AL 599 K
QSO: 21068 CW 2026-02-21 1229 W1WEF 599 CT YT7KM 599 100
QSO: 21068 CW 2026-02-21 1229 W1WEF 599 CT E72M 599 100
QSO: 21068 CW 2026-02-21 1229 W1WEF 599 CT LY2DX 599 100
QSO: 21068 CW 2026-02-21 1230 W1WEF 599 CT PA0O 599 100
QSO: 21068 CW 2026-02-21 1230 W1WEF 599 CT US4EX 599 K
QSO: 21068 CW 2026-02-21 1230 W1WEF 599 CT R1FB 599 5
QSO: 21068 CW 2026-02-21 1231 W1WEF 599 CT YT9A 599 K
QSO: 21068 CW 2026-02-21 1231 W1WEF 599 CT UT5EL 599 K
QSO: 21068 CW 2026-02-21 1231 W1WEF 599 CT M4N 599 100
QSO: 21068 CW 2026-02-21 1231 W1WEF 599 CT RL4A 599 K
QSO: 21068 CW 2026-02-21 1231 W1WEF 599 CT II3O 599 500
QSO: 21068 CW 2026-02-21 1232 W1WEF 599 CT DL1ONI 599 100
QSO: 21068 CW 2026-02-21 1232 W1WEF 599 CT OK6K 599 100
QSO: 21068 CW 2026-02-21 1232 W1WEF 599 CT IO4X 599 500
QSO: 21068 CW 2026-02-21 1233 W1WEF 599 CT SO6I 599 K
QSO: 21068 CW 2026-02-21 1233 W1WEF 599 CT R4II 599 100
QSO: 21068 CW 2026-02-21 1233 W1WEF 599 CT SN4R 599 K
QSO: 21068 CW 2026-02-21 1234 W1WEF 599 CT SP5CNA 599 500
QSO: 21068 CW 2026-02-21 1234 W1WEF 599 CT YL2KO 599 K
QSO: 21068 CW 2026-02-21 1234 W1WEF 599 CT UN4Q 599 100
QSO: 21068 CW 2026-02-21 1234 W1WEF 599 CT RW5CW 599 100
QSO: 21068 CW 2026-02-21 1235 W1WEF 599 CT UY7RR 599 100
QSO: 21068 CW 2026-02-21 1235 W1WEF 599 CT DM7W 599 99
QSO: 21068 CW 2026-02-21 1236 W1WEF 599 CT SM2M 599 K
QSO: 21068 CW 2026-02-21 1237 W1WEF 599 CT HB9BXE 599 100
QSO: 21068 CW 2026-02-21 1237 W1WEF 599 CT DL6RDR 599 100
QSO: 21068 CW 2026-02-21 1237 W1WEF 599 CT EW8DX 599 500
QSO: 21068 CW 2026-02-21 1238 W1WEF 599 CT HA7UI 599 100
QSO: 21068 CW 2026-02-21 1238 W1WEF 599 CT UN4Q 599 100
QSO: 21068 CW 2026-02-21 1239 W1WEF 599 CT DL9GTB 599 300
QSO: 28023 CW 2026-02-21 1239 W1WEF 599 CT OK1HRA 599 100
QSO: 28024 CW 2026-02-21 1240 W1WEF 599 CT PA3EVY 599 100
QSO: 28044 CW 2026-02-21 1241 W1WEF 599 CT R6AF 599 K
QSO: 28044 CW 2026-02-21 1241 W1WEF 599 CT M5A 599 K
QSO: 28044 CW 2026-02-21 1241 W1WEF 599 CT CR3W 599 K
QSO: 28044 CW 2026-02-21 1242 W1WEF 599 CT 9A5X 599 K
QSO: 28044 CW 2026-02-21 1242 W1WEF 599 CT DD5M 599 99
QSO: 28044 CW 2026-02-21 1242 W1WEF 599 CT DK8AX 599 200
QSO: 28044 CW 2026-02-21 1242 W1WEF 599 CT OL3Z 599 K
QSO: 28044 CW 2026-02-21 1243 W1WEF 599 CT HA8LNN 599 K
QSO: 28044 CW 2026-02-21 1243 W1WEF 599 CT OK6OK 599 5
QSO: 28044 CW 2026-02-21 1243 W1WEF 599 CT EI7M 599 K
QSO: 28044 CW 2026-02-21 1244 W1WEF 599 CT HA7I 599 K
QSO: 28044 CW 2026-02-21 1244 W1WEF 599 CT DM4L 599 500
QSO: 28044 CW 2026-02-21 1244 W1WEF 599 CT E7CW 599 K
QSO: 28044 CW 2026-02-21 1246 W1WEF 599 CT HI7S 599 5
QSO: 28044 CW 2026-02-21 1246 W1WEF 599 CT OK2PWR 599 500
QSO: 28044 CW 2026-02-21 1246 W1WEF 599 CT OL9Z 599 K
QSO: 28044 CW 2026-02-21 1247 W1WEF 599 CT IK2YGZ 599 100
QSO: 28044 CW 2026-02-21 1247 W1WEF 599 CT ON7KEC 599 100
QSO: 28044 CW 2026-02-21 1247 W1WEF 599 CT EA3NO 599 100
QSO: 28044 CW 2026-02-21 1248 W1WEF 599 CT 9A3MA 599 100
QSO: 28044 CW 2026-02-21 1248 W1WEF 599 CT DA1TT 599 K
QSO: 28044 CW 2026-02-21 1248 W1WEF 599 CT SM3MCW 599 K
QSO: 28044 CW 2026-02-21 1248 W1WEF 599 CT IO4X 599 500
QSO: 28044 CW 2026-02-21 1249 W1WEF 599 CT HB2T 599 K
QSO: 28044 CW 2026-02-21 1249 W1WEF 599 CT HA5E 599 100
QSO: 28044 CW 2026-02-21 1249 W1WEF 599 CT G4ZFE 599 5
QSO: 28044 CW 2026-02-21 1250 W1WEF 599 CT HA4CW 599 500
QSO: 28044 CW 2026-02-21 1250 W1WEF 599 CT G3WW 599 100
QSO: 28044 CW 2026-02-21 1250 W1WEF 599 CT YT2RX 599 100
QSO: 28044 CW 2026-02-21 1252 W1WEF 599 CT DL5NO 599 100
QSO: 28044 CW 2026-02-21 1252 W1WEF 599 CT Z32TO 599 100
QSO: 28044 CW 2026-02-21 1252 W1WEF 599 CT PA5MW 599 400
QSO: 28044 CW 2026-02-21 1253 W1WEF 599 CT II9P 599 500
QSO: 28044 CW 2026-02-21 1253 W1WEF 599 CT HG6N 599 K
QSO: 28044 CW 2026-02-21 1254 W1WEF 599 CT F5VHY 599 500
QSO: 28044 CW 2026-02-21 1254 W1WEF 599 CT PA4N 599 400
QSO: 28044 CW 2026-02-21 1254 W1WEF 599 CT S58W 599 K
QSO: 28044 CW 2026-02-21 1255 W1WEF 599 CT 9A1A 599 K
QSO: 28044 CW 2026-02-21 1256 W1WEF 599 CT OL8R 599 K
QSO: 28044 CW 2026-02-21 1256 W1WEF 599 CT PA3EVY 599 100
QSO: 28044 CW 2026-02-21 1257 W1WEF 599 CT OK1TDX 599 100
QSO: 28044 CW 2026-02-21 1257 W1WEF 599 CT OK1TA 599 100
QSO: 28044 CW 2026-02-21 1258 W1WEF 599 CT OE5HIL 599 100
QSO: 28044 CW 2026-02-21 1258 W1WEF 599 CT 2E0YEM 599 100
QSO: 28044 CW 2026-02-21 1259 W1WEF 599 CT OK2WY 599 100
QSO: 28044 CW 2026-02-21 1300 W1WEF 599 CT DK1TW 599 600
QSO: 28044 CW 2026-02-21 1300 W1WEF 599 CT DK3GI 599 K
QSO: 28044 CW 2026-02-21 1301 W1WEF 599 CT LZ4TX 599 100
QSO: 28044 CW 2026-02-21 1301 W1WEF 599 CT OE1CIW 599 100
QSO: 28044 CW 2026-02-21 1301 W1WEF 599 CT DJ9AO 599 500
QSO: 28044 CW 2026-02-21 1302 W1WEF 599 CT DL6RDR 599 100
QSO: 28044 CW 2026-02-21 1302 W1WEF 599 CT DF8AE 599 100
QSO: 28044 CW 2026-02-21 1302 W1WEF 599 CT PA5KT 599 400
QSO: 28044 CW 2026-02-21 1303 W1WEF 599 CT S55OO 599 K
QSO: 28044 CW 2026-02-21 1303 W1WEF 599 CT ZA1F 599 100
QSO: 28044 CW 2026-02-21 1303 W1WEF 599 CT DK0MM 599 100
QSO: 28044 CW 2026-02-21 1304 W1WEF 599 CT OL5W 599 K
QSO: 28044 CW 2026-02-21 1304 W1WEF 599 CT M0NDZ 599 10
QSO: 28044 CW 2026-02-21 1304 W1WEF 599 CT SN7O 599 100
QSO: 28044 CW 2026-02-21 1305 W1WEF 599 CT SQ9DXN 599 500
QSO: 28044 CW 2026-02-21 1305 W1WEF 599 CT OK1DWC 599 K
QSO: 28044 CW 2026-02-21 1306 W1WEF 599 CT OK6Y 599 100
QSO: 28044 CW 2026-02-21 1306 W1WEF 599 CT IK4MTF 599 100
QSO: 28044 CW 2026-02-21 1307 W1WEF 599 CT YT1X 599 K
QSO: 28044 CW 2026-02-21 1307 W1WEF 599 CT DF8XC 599 400
QSO: 28044 CW 2026-02-21 1307 W1WEF 599 CT DK3QZ 599 500
QSO: 28044 CW 2026-02-21 1308 W1WEF 599 CT CR2N 599 K
QSO: 28044 CW 2026-02-21 1308 W1WEF 599 CT 9A1CFR 599 K
QSO: 28044 CW 2026-02-21 1309 W1WEF 599 CT R7KZ 599 K
QSO: 28044 CW 2026-02-21 1309 W1WEF 599 CT DL4JU 599 100
QSO: 28044 CW 2026-02-21 1309 W1WEF 599 CT HA6NL 599 100
QSO: 28044 CW 2026-02-21 1310 W1WEF 599 CT SP6DHH 599 4
QSO: 28044 CW 2026-02-21 1310 W1WEF 599 CT OT6M 599 K
QSO: 28044 CW 2026-02-21 1310 W1WEF 599 CT OK7PN 599 K
QSO: 28044 CW 2026-02-21 1311 W1WEF 599 CT SV8DJW 599 500
QSO: 28044 CW 2026-02-21 1311 W1WEF 599 CT DA2K 599 100
QSO: 28044 CW 2026-02-21 1312 W1WEF 599 CT DL8UAT 599 700
QSO: 28044 CW 2026-02-21 1312 W1WEF 599 CT UW5Y 599 K
QSO: 28044 CW 2026-02-21 1312 W1WEF 599 CT G3RWF 599 400
QSO: 28044 CW 2026-02-21 1312 W1WEF 599 CT OK1PI 599 K
QSO: 28044 CW 2026-02-21 1313 W1WEF 599 CT LZ6E 599 5
QSO: 28044 CW 2026-02-21 1314 W1WEF 599 CT SP9R 599 500
QSO: 28044 CW 2026-02-21 1315 W1WEF 599 CT LZ3BB 599 K
QSO: 28044 CW 2026-02-21 1315 W1WEF 599 CT ON4DN 599 50
QSO: 28044 CW 2026-02-21 1316 W1WEF 599 CT SV1GSX 599 100
QSO: 28044 CW 2026-02-21 1316 W1WEF 599 CT ZF1A 599 K
QSO: 28044 CW 2026-02-21 1317 W1WEF 599 CT UR2Y 599 5
QSO: 28044 CW 2026-02-21 1317 W1WEF 599 CT G3YMC 599 5
QSO: 28044 CW 2026-02-21 1317 W1WEF 599 CT OK1TN 599 500
QSO: 28044 CW 2026-02-21 1318 W1WEF 599 CT YP2R 599 300
QSO: 28044 CW 2026-02-21 1318 W1WEF 599 CT DM4X 599 K
QSO: 28044 CW 2026-02-21 1318 W1WEF 599 CT UW7Q 599 K
QSO: 28044 CW 2026-02-21 1319 W1WEF 599 CT YO3AK 599 300
QSO: 28044 CW 2026-02-21 1319 W1WEF 599 CT I4IKW 599 500
QSO: 28046 CW 2026-02-21 1320 W1WEF 599 CT RJ6K 599 700
QSO: 28046 CW 2026-02-21 1320 W1WEF 599 CT 9A1P 599 K
QSO: 28046 CW 2026-02-21 1320 W1WEF 599 CT PA2TA 599 100
QSO: 28046 CW 2026-02-21 1320 W1WEF 599 CT 9A2V 599 400
QSO: 28046 CW 2026-02-21 1321 W1WEF 599 CT I2SVA 599 500
QSO: 28046 CW 2026-02-21 1321 W1WEF 599 CT PC4H 599 400
QSO: 28046 CW 2026-02-21 1321 W1WEF 599 CT TM6M 599 100
QSO: 28046 CW 2026-02-21 1322 W1WEF 599 CT DK8ZZ 599 750
QSO: 28046 CW 2026-02-21 1322 W1WEF 599 CT PA5N 599 400
QSO: 28051 CW 2026-02-21 1323 W1WEF 599 CT TI7W 599 K
QSO: 28068 CW 2026-02-21 1324 W1WEF 599 CT TO4A 599 K
QSO: 28067 CW 2026-02-21 1325 W1WEF 599 CT VP2EEU 599 100
QSO: 28066 CW 2026-02-21 1325 W1WEF 599 CT OK7O 599 K
QSO: 28065 CW 2026-02-21 1326 W1WEF 599 CT EA5JPR 599 100
QSO: 28063 CW 2026-02-21 1327 W1WEF 599 CT P49Y 599 K
QSO: 28062 CW 2026-02-21 1327 W1WEF 599 CT EC4TA 599 100
QSO: 28061 CW 2026-02-21 1328 W1WEF 599 CT HB9CYN 599 100
QSO: 28060 CW 2026-02-21 1328 W1WEF 599 CT DD4A 599 500
QSO: 28060 CW 2026-02-21 1329 W1WEF 599 CT LU7HF 599 100
QSO: 28058 CW 2026-02-21 1329 W1WEF 599 CT PJ4K 599 K
QSO: 28057 CW 2026-02-21 1330 W1WEF 599 CT YU7KW 599 500
QSO: 28056 CW 2026-02-21 1330 W1WEF 599 CT OG1F 599 K
QSO: 28055 CW 2026-02-21 1331 W1WEF 599 CT EI6FR 599 400
QSO: 28053 CW 2026-02-21 1331 W1WEF 599 CT LT6T 599 K
QSO: 28050 CW 2026-02-21 1333 W1WEF 599 CT 5Z4VJ 599 400
QSO: 28047 CW 2026-02-21 1334 W1WEF 599 CT HB9TSW 599 100
QSO: 28045 CW 2026-02-21 1335 W1WEF 599 CT 8P5A 599 K
QSO: 28043 CW 2026-02-21 1336 W1WEF 599 CT OM3RM 599 K
QSO: 28038 CW 2026-02-21 1337 W1WEF 599 CT MM2N 599 K
QSO: 28036 CW 2026-02-21 1338 W1WEF 599 CT S50U 599 K
QSO: 28035 CW 2026-02-21 1339 W1WEF 599 CT II2Q 599 500
QSO: 28032 CW 2026-02-21 1340 W1WEF 599 CT PJ4A 599 K
QSO: 28004 CW 2026-02-21 1341 W1WEF 599 CT DA3M 599 700
QSO: 28058 CW 2026-02-21 1343 W1WEF 599 CT HG2DX 599 K
QSO: 28058 CW 2026-02-21 1343 W1WEF 599 CT ED7K 599 K
QSO: 28058 CW 2026-02-21 1343 W1WEF 599 CT OK2EQ 599 500
QSO: 28058 CW 2026-02-21 1344 W1WEF 599 CT M5M 599 100
QSO: 28058 CW 2026-02-21 1344 W1WEF 599 CT HB0WR 599 100
QSO: 28058 CW 2026-02-21 1344 W1WEF 599 CT E74PA 599 100
QSO: 28058 CW 2026-02-21 1345 W1WEF 599 CT DM4KM 599 100
QSO: 28058 CW 2026-02-21 1346 W1WEF 599 CT S51A 599 K
QSO: 28058 CW 2026-02-21 1346 W1WEF 599 CT TA2DA 599 100
QSO: 28058 CW 2026-02-21 1346 W1WEF 599 CT HA8IH 599 100
QSO: 28058 CW 2026-02-21 1347 W1WEF 599 CT PD0ME 599 100
QSO: 28058 CW 2026-02-21 1347 W1WEF 599 CT E71A 599 5
QSO: 28058 CW 2026-02-21 1348 W1WEF 599 CT YR8R 599 100
QSO: 28057 CW 2026-02-21 1509 W1WEF 599 CT EA5GX 599 300
QSO: 28059 CW 2026-02-21 1509 W1WEF 599 CT PC0A 599 400
QSO: 28059 CW 2026-02-21 1510 W1WEF 599 CT DG8VE 599 100
QSO: 28084 CW 2026-02-21 1511 W1WEF 599 CT EA3AR 599 K
QSO: 28087 CW 2026-02-21 1512 W1WEF 599 CT CT3KN 599 K
QSO: 28088 CW 2026-02-21 1512 W1WEF 599 CT DM7W 599 99
QSO: 28088 CW 2026-02-21 1513 W1WEF 599 CT GU4WRP 599 100
QSO: 28047 CW 2026-02-21 1515 W1WEF 599 CT IZ8FWN 599 500
QSO: 28047 CW 2026-02-21 1515 W1WEF 599 CT M4U 599 N00
QSO: 28046 CW 2026-02-21 1516 W1WEF 599 CT SM7GVF 599 K
QSO: 28046 CW 2026-02-21 1517 W1WEF 599 CT MM9I 599 K
QSO: 28043 CW 2026-02-21 1518 W1WEF 599 CT MM3T 599 K
QSO: 28043 CW 2026-02-21 1518 W1WEF 599 CT G4BUO 599 K
QSO: 28037 CW 2026-02-21 1520 W1WEF 599 CT S5500 599 K
QSO: 21072 CW 2026-02-21 1521 W1WEF 599 CT EW6FL 599 500
QSO: 21072 CW 2026-02-21 1522 W1WEF 599 CT UR5TFT 599 100
QSO: 21072 CW 2026-02-21 1523 W1WEF 599 CT HA5GF 599 K
QSO: 21072 CW 2026-02-21 1523 W1WEF 599 CT US8UA 599 100
QSO: 21072 CW 2026-02-21 1523 W1WEF 599 CT UZ7E 599 100
QSO: 21072 CW 2026-02-21 1523 W1WEF 599 CT SM4CAN 599 100
QSO: 21072 CW 2026-02-21 1524 W1WEF 599 CT DG0KS 599 200
QSO: 21072 CW 2026-02-21 1525 W1WEF 599 CT IZ5FDD 599 100
QSO: 21072 CW 2026-02-21 1525 W1WEF 599 CT SN3A 599 K
QSO: 21072 CW 2026-02-21 1525 W1WEF 599 CT EI7M 599 K
QSO: 21072 CW 2026-02-21 1525 W1WEF 599 CT LY2A 599 700
QSO: 21072 CW 2026-02-21 1525 W1WEF 599 CT OK1DKR 599 100
QSO: 21072 CW 2026-02-21 1526 W1WEF 599 CT SP5GQX 599 K
QSO: 21072 CW 2026-02-21 1526 W1WEF 599 CT LY2XW 599 K
QSO: 21072 CW 2026-02-21 1527 W1WEF 599 CT UW5IM 599 100
QSO: 21072 CW 2026-02-21 1527 W1WEF 599 CT YU1ZZ 599 K
QSO: 21072 CW 2026-02-21 1527 W1WEF 599 CT TF3DC 599 100
QSO: 21072 CW 2026-02-21 1527 W1WEF 599 CT OH7R 599 K
QSO: 21072 CW 2026-02-21 1528 W1WEF 599 CT OL0A 599 100
QSO: 21072 CW 2026-02-21 1528 W1WEF 599 CT YO9SW 599 100
QSO: 21072 CW 2026-02-21 1528 W1WEF 599 CT SP3VT 599 500
QSO: 21072 CW 2026-02-21 1529 W1WEF 599 CT UA5D 599 K
QSO: 21072 CW 2026-02-21 1529 W1WEF 599 CT IK3ORD 599 500
QSO: 21072 CW 2026-02-21 1530 W1WEF 599 CT IZ8XXE 599 500
QSO: 21072 CW 2026-02-21 1530 W1WEF 599 CT OK2VWB 599 5
QSO: 21072 CW 2026-02-21 1530 W1WEF 599 CT SE4E 599 100
QSO: 21072 CW 2026-02-21 1530 W1WEF 599 CT EU4E 599 500
QSO: 21072 CW 2026-02-21 1531 W1WEF 599 CT RA5G 599 K
QSO: 21072 CW 2026-02-21 1531 W1WEF 599 CT HA8DT 599 100
QSO: 21072 CW 2026-02-21 1531 W1WEF 599 CT LY2PX 599 200
QSO: 21072 CW 2026-02-21 1532 W1WEF 599 CT DO2XX 599 100
QSO: 21072 CW 2026-02-21 1532 W1WEF 599 CT HA4ZS 599 100
QSO: 21072 CW 2026-02-21 1533 W1WEF 599 CT G4SGI 599 400
QSO: 21072 CW 2026-02-21 1533 W1WEF 599 CT F3OA 599 100
QSO: 21072 CW 2026-02-21 1533 W1WEF 599 CT SN6U 599 100
QSO: 21072 CW 2026-02-21 1534 W1WEF 599 CT DL7UN 599 100
QSO: 21072 CW 2026-02-21 1534 W1WEF 599 CT EF5Q 599 100
QSO: 21072 CW 2026-02-21 1535 W1WEF 599 CT OK7AZ 599 100
QSO: 21072 CW 2026-02-21 1535 W1WEF 599 CT E7Y 599 100
QSO: 21072 CW 2026-02-21 1535 W1WEF 599 CT DJ0YI 599 100
QSO: 21072 CW 2026-02-21 1536 W1WEF 599 CT IK0ISD 599 300
QSO: 21072 CW 2026-02-21 1536 W1WEF 599 CT OG6N 599 K
QSO: 21072 CW 2026-02-21 1536 W1WEF 599 CT HA5BA 599 5
QSO: 21072 CW 2026-02-21 1536 W1WEF 599 CT F6EPO 599 5
QSO: 21072 CW 2026-02-21 1537 W1WEF 599 CT S52W 599 100
QSO: 21072 CW 2026-02-21 1537 W1WEF 599 CT IK2DZN 599 100
QSO: 21072 CW 2026-02-21 1537 W1WEF 599 CT SQ9DXN 599 500
QSO: 21072 CW 2026-02-21 1538 W1WEF 599 CT SD3A 599 400
QSO: 21072 CW 2026-02-21 1538 W1WEF 599 CT SP4AP 599 100
QSO: 21072 CW 2026-02-21 1538 W1WEF 599 CT GM5M 599 400
QSO: 21072 CW 2026-02-21 1538 W1WEF 599 CT OH6OS 599 K
QSO: 21072 CW 2026-02-21 1539 W1WEF 599 CT OK1FU 599 K
QSO: 21072 CW 2026-02-21 1539 W1WEF 599 CT ON4CAU 599 100
QSO: 21072 CW 2026-02-21 1539 W1WEF 599 CT ON6NL 599 5
QSO: 21072 CW 2026-02-21 1540 W1WEF 599 CT LY2K 599 K
QSO: 21072 CW 2026-02-21 1540 W1WEF 599 CT DL6NBS 599 100
QSO: 21072 CW 2026-02-21 1541 W1WEF 599 CT PC4H 599 400
QSO: 21072 CW 2026-02-21 1541 W1WEF 599 CT SM3GSK 599 500
QSO: 21072 CW 2026-02-21 1541 W1WEF 599 CT UX1VT 599 100
QSO: 21072 CW 2026-02-21 1542 W1WEF 599 CT OK1LV 599 80
QSO: 21072 CW 2026-02-21 1542 W1WEF 599 CT UI7D 599 K
QSO: 21072 CW 2026-02-21 1542 W1WEF 599 CT DF6QV 599 K
QSO: 21072 CW 2026-02-21 1543 W1WEF 599 CT EA2KV 599 K
QSO: 21072 CW 2026-02-21 1543 W1WEF 599 CT HB9AZZ 599 K
QSO: 21072 CW 2026-02-21 1543 W1WEF 599 CT F5JU 599 100
QSO: 21072 CW 2026-02-21 1544 W1WEF 599 CT SP1NY 599 K
QSO: 21072 CW 2026-02-21 1544 W1WEF 599 CT SQ6MIH 599 100
QSO: 21072 CW 2026-02-21 1544 W1WEF 599 CT RM1F 599 100
QSO: 21072 CW 2026-02-21 1545 W1WEF 599 CT G4KNO 599 K
QSO: 21072 CW 2026-02-21 1545 W1WEF 599 CT IK2OWX 599 500
QSO: 21072 CW 2026-02-21 1545 W1WEF 599 CT DM2M 599 5
QSO: 21072 CW 2026-02-21 1546 W1WEF 599 CT OM3YCA 599 100
QSO: 21072 CW 2026-02-21 1546 W1WEF 599 CT G4FVK 599 100
QSO: 21072 CW 2026-02-21 1547 W1WEF 599 CT DF2ABY 599 100
QSO: 21072 CW 2026-02-21 1547 W1WEF 599 CT R7HF 599 K
QSO: 21072 CW 2026-02-21 1547 W1WEF 599 CT MM2T 599 K
QSO: 21072 CW 2026-02-21 1547 W1WEF 599 CT RM3F 599 K
QSO: 21072 CW 2026-02-21 1548 W1WEF 599 CT 2E0CVN 599 100
QSO: 21072 CW 2026-02-21 1548 W1WEF 599 CT LY2J 599 100
QSO: 21072 CW 2026-02-21 1548 W1WEF 599 CT SP6JQC 599 100
QSO: 21072 CW 2026-02-21 1549 W1WEF 599 CT F9CI 599 200
QSO: 21072 CW 2026-02-21 1549 W1WEF 599 CT HF5A 599 100
QSO: 21072 CW 2026-02-21 1550 W1WEF 599 CT DL7UKT 599 70
QSO: 21072 CW 2026-02-21 1551 W1WEF 599 CT LZ1IQ 599 100
QSO: 21072 CW 2026-02-21 1551 W1WEF 599 CT YO9SW 599 100
QSO: 21072 CW 2026-02-21 1551 W1WEF 599 CT DL7VRG 599 100
QSO: 14002 CW 2026-02-21 1552 W1WEF 599 CT UR2Y 599 5
QSO: 14002 CW 2026-02-21 1552 W1WEF 599 CT R6AF 599 K
QSO: 14002 CW 2026-02-21 1553 W1WEF 599 CT UI7D 599 K
QSO: 14002 CW 2026-02-21 1553 W1WEF 599 CT F/G4DBL 599 100
QSO: 14002 CW 2026-02-21 1554 W1WEF 599 CT R3ZZ 599 K
QSO: 14002 CW 2026-02-21 1554 W1WEF 599 CT SP4JFR 599 100
QSO: 14002 CW 2026-02-21 1554 W1WEF 599 CT YR8R 599 100
QSO: 14002 CW 2026-02-21 1555 W1WEF 599 CT PA0RBA 599 100
QSO: 14002 CW 2026-02-21 1556 W1WEF 599 CT UA6CC 599 K
QSO: 14002 CW 2026-02-21 1557 W1WEF 599 CT HA6NN 599 100
QSO: 14002 CW 2026-02-21 1557 W1WEF 599 CT UN4Q 599 100
QSO: 14002 CW 2026-02-21 1557 W1WEF 599 CT DF7TS 599 100
QSO: 14002 CW 2026-02-21 1557 W1WEF 599 CT YL5T 599 K
QSO: 14002 CW 2026-02-21 1558 W1WEF 599 CT ES2JJ 599 100
QSO: 14002 CW 2026-02-21 1558 W1WEF 599 CT OK1FU 599 K
QSO: 14002 CW 2026-02-21 1559 W1WEF 599 CT UA4WW 599 K
QSO: 14002 CW 2026-02-21 1559 W1WEF 599 CT G4BFG 599 100
QSO: 14002 CW 2026-02-21 1559 W1WEF 599 CT R7TW 599 K
QSO: 14002 CW 2026-02-21 1559 W1WEF 599 CT RZ9AM 599 100
QSO: 14002 CW 2026-02-21 1600 W1WEF 599 CT US6EX 599 K
QSO: 14002 CW 2026-02-21 1600 W1WEF 599 CT RA5AV 599 500
QSO: 14002 CW 2026-02-21 1600 W1WEF 599 CT R4MM 599 K
QSO: 14002 CW 2026-02-21 1601 W1WEF 599 CT RZ4AG 599 100
QSO: 14002 CW 2026-02-21 1601 W1WEF 599 CT DL4XU 599 100
QSO: 14002 CW 2026-02-21 1602 W1WEF 599 CT DL1ASA 599 K
QSO: 14002 CW 2026-02-21 1602 W1WEF 599 CT DJ6ZJ 599 500
QSO: 14002 CW 2026-02-21 1602 W1WEF 599 CT DL3IAS 599 5
QSO: 14002 CW 2026-02-21 1604 W1WEF 599 CT OH1RX 599 K
QSO: 14002 CW 2026-02-21 1604 W1WEF 599 CT SN8T 599 100
QSO: 14002 CW 2026-02-21 1604 W1WEF 599 CT RT9A 599 K
QSO: 14002 CW 2026-02-21 1605 W1WEF 599 CT IN3HUU 599 100
QSO: 14002 CW 2026-02-21 1605 W1WEF 599 CT IO4M 599 500
QSO: 14002 CW 2026-02-21 1605 W1WEF 599 CT MM0UMH 599 100
QSO: 14002 CW 2026-02-21 1606 W1WEF 599 CT RA4Y 599 K
QSO: 14002 CW 2026-02-21 1607 W1WEF 599 CT SK3W 599 K
QSO: 14002 CW 2026-02-21 1607 W1WEF 599 CT R1CAA 599 100
QSO: 14002 CW 2026-02-21 1608 W1WEF 599 CT HB9RB 599 100
QSO: 14002 CW 2026-02-21 1608 W1WEF 599 CT RX6FJ 599 100
QSO: 14002 CW 2026-02-21 1609 W1WEF 599 CT SP5TT 599 100
QSO: 14002 CW 2026-02-21 1610 W1WEF 599 CT DG1KJG 599 500
QSO: 14002 CW 2026-02-21 1610 W1WEF 599 CT UA9BA 599 500
QSO: 14002 CW 2026-02-21 1611 W1WEF 599 CT PA4PA 599 100
QSO: 14002 CW 2026-02-21 1612 W1WEF 599 CT YP2R 599 300
QSO: 14002 CW 2026-02-21 1612 W1WEF 599 CT UR3QX 599 100
QSO: 14002 CW 2026-02-21 1613 W1WEF 599 CT OZ1CTZ 599 450
QSO: 14002 CW 2026-02-21 1613 W1WEF 599 CT DL2MDU 599 K
QSO: 14002 CW 2026-02-21 1613 W1WEF 599 CT EI6HB 599 300
QSO: 14002 CW 2026-02-21 1615 W1WEF 599 CT HG5C 599 K
QSO: 14002 CW 2026-02-21 1615 W1WEF 599 CT RK3TD 599 K
QSO: 14002 CW 2026-02-21 1615 W1WEF 599 CT G5W 599 K
QSO: 14002 CW 2026-02-21 1615 W1WEF 599 CT EA5DO 599 100
QSO: 14002 CW 2026-02-21 1616 W1WEF 599 CT DJ9MH 599 80
QSO: 14002 CW 2026-02-21 1616 W1WEF 599 CT HA6KG 599 100
QSO: 14002 CW 2026-02-21 1616 W1WEF 599 CT DL1WF 599 50
QSO: 14002 CW 2026-02-21 1617 W1WEF 599 CT RC1W 599 500
QSO: 14002 CW 2026-02-21 1617 W1WEF 599 CT DM5WGL 599 100
QSO: 14002 CW 2026-02-21 1618 W1WEF 599 CT IV3SKB 599 500
QSO: 14002 CW 2026-02-21 1618 W1WEF 599 CT EW1M 599 K
QSO: 28001 CW 2026-02-21 1619 W1WEF 599 CT YL2KO 599 K
QSO: 28002 CW 2026-02-21 1620 W1WEF 599 CT SV1AGL 599 K
QSO: 28002 CW 2026-02-21 1620 W1WEF 599 CT EA5RS 599 K
QSO: 28002 CW 2026-02-21 1621 W1WEF 599 CT PC5D 599 25
QSO: 28002 CW 2026-02-21 1621 W1WEF 599 CT 9A3SM 599 100
QSO: 28002 CW 2026-02-21 1621 W1WEF 599 CT DL7ULM 599 100
QSO: 28002 CW 2026-02-21 1622 W1WEF 599 CT LZ5Y 599 300
QSO: 28002 CW 2026-02-21 1622 W1WEF 599 CT OM7M 599 K
QSO: 28002 CW 2026-02-21 1622 W1WEF 599 CT PA5WT 599 100
QSO: 28002 CW 2026-02-21 1623 W1WEF 599 CT G8OLA 599 500
QSO: 28002 CW 2026-02-21 1623 W1WEF 599 CT PA3BUD 599 200
QSO: 28002 CW 2026-02-21 1624 W1WEF 599 CT LZ1ZJ 599 100
QSO: 28002 CW 2026-02-21 1625 W1WEF 599 CT DK2GZ 599 100
QSO: 28002 CW 2026-02-21 1625 W1WEF 599 CT OM6RM 599 100
QSO: 28002 CW 2026-02-21 1626 W1WEF 599 CT DP50ANT 599 100
QSO: 28002 CW 2026-02-21 1626 W1WEF 599 CT DJ5LA 599 K
QSO: 28002 CW 2026-02-21 1626 W1WEF 599 CT SE5E 599 K
QSO: 28002 CW 2026-02-21 1627 W1WEF 599 CT DJ7UC 599 100
QSO: 28002 CW 2026-02-21 1627 W1WEF 599 CT M5ADL 599 100
QSO: 28002 CW 2026-02-21 1628 W1WEF 599 CT DG1KJG 599 500
QSO: 28002 CW 2026-02-21 1628 W1WEF 599 CT DK7XX 599 100
QSO: 28006 CW 2026-02-21 1629 W1WEF 599 CT CR3DX 599 K
QSO: 28007 CW 2026-02-21 1630 W1WEF 599 CT OT2A 599 K
QSO: 28008 CW 2026-02-21 1630 W1WEF 599 CT LN8W 599 K
QSO: 28009 CW 2026-02-21 1631 W1WEF 599 CT HD8R 599 K
QSO: 28013 CW 2026-02-21 1632 W1WEF 599 CT F5IN 599 K
QSO: 28015 CW 2026-02-21 1633 W1WEF 599 CT ZF5T 599 K
QSO: 28020 CW 2026-02-21 1634 W1WEF 599 CT OL7D 599 K
QSO: 28026 CW 2026-02-21 1635 W1WEF 599 CT PJ2T 599 K
QSO: 28032 CW 2026-02-21 1637 W1WEF 599 CT SO9I 599 K
QSO: 28033 CW 2026-02-21 1638 W1WEF 599 CT NP4DX 599 K
QSO: 28040 CW 2026-02-21 1641 W1WEF 599 CT GM5X 599 K
QSO: 28052 CW 2026-02-21 1644 W1WEF 599 CT G4R 599 K
QSO: 28055 CW 2026-02-21 1645 W1WEF 599 CT DD2D 599 K
QSO: 28067 CW 2026-02-21 1647 W1WEF 599 CT DL5JS 599 700
QSO: 28073 CW 2026-02-21 1649 W1WEF 599 CT ED8X 599 K
QSO: 28050 CW 2026-02-21 1949 W1WEF 599 CT KP2M 599 K
QSO: 28049 CW 2026-02-21 1951 W1WEF 599 CT ZV1RJ 599 K
QSO: 28046 CW 2026-02-21 1951 W1WEF 599 CT KP5/NP3VI 599 9
QSO: 28044 CW 2026-02-21 1953 W1WEF 599 CT CX2BR 599 K
QSO: 28040 CW 2026-02-21 1954 W1WEF 599 CT LU9GBR 599 100
QSO: 28036 CW 2026-02-21 1955 W1WEF 599 CT PY2XL 599 100
QSO: 28032 CW 2026-02-21 1956 W1WEF 599 CT ZM4T 599 K
QSO: 28026 CW 2026-02-21 1958 W1WEF 599 CT KL5DX 599 K
QSO: 28022 CW 2026-02-21 1959 W1WEF 599 CT XQ3SK 599 K
QSO: 28021 CW 2026-02-21 2000 W1WEF 599 CT LT7D 599 5
QSO: 28019 CW 2026-02-21 2000 W1WEF 599 CT PR2EG 599 K
QSO: 28016 CW 2026-02-21 2001 W1WEF 599 CT PY3TD 599 300
QSO: 28015 CW 2026-02-21 2001 W1WEF 599 CT ZV9MT 599 K
QSO: 28010 CW 2026-02-21 2002 W1WEF 599 CT LS5H 599 100
QSO: 28010 CW 2026-02-21 2002 W1WEF 599 CT PY2IB 599 100
QSO: 28008 CW 2026-02-21 2003 W1WEF 599 CT LU7YZ 599 13
QSO: 28007 CW 2026-02-21 2004 W1WEF 599 CT PP5WX 599 500
QSO: 28061 CW 2026-02-21 2007 W1WEF 599 CT HC2GRC 599 500
QSO: 28055 CW 2026-02-21 2008 W1WEF 599 CT TI5/VA3RA 599 100
QSO: 28046 CW 2026-02-21 2009 W1WEF 599 CT J3HX 599 100
QSO: 28045 CW 2026-02-21 2010 W1WEF 599 CT WP3A 599 67
QSO: 28044 CW 2026-02-21 2012 W1WEF 599 CT KH6CJJ 599 100
QSO: 28041 CW 2026-02-21 2013 W1WEF 599 CT PY2KNK 599 K
QSO: 21071 CW 2026-02-21 2014 W1WEF 599 CT PY2KJ 599 K
QSO: 21056 CW 2026-02-21 2015 W1WEF 599 CT 5Z4VJ 599 400
QSO: 21040 CW 2026-02-21 2025 W1WEF 599 CT ZS1C 599 K
QSO: 21038 CW 2026-02-21 2026 W1WEF 599 CT PJ4A 599 K
QSO: 21037 CW 2026-02-21 2027 W1WEF 599 CT CR2N 599 K
QSO: 21034 CW 2026-02-21 2028 W1WEF 599 CT LU8QT 599 K
QSO: 21032 CW 2026-02-21 2029 W1WEF 599 CT CR3M 599 K
QSO: 21027 CW 2026-02-21 2030 W1WEF 599 CT KH6J 599 K
QSO: 21018 CW 2026-02-21 2031 W1WEF 599 CT TI2OY 599 100
QSO: 21012 CW 2026-02-21 2033 W1WEF 599 CT 9Y4M 599 100
QSO: 21006 CW 2026-02-21 2033 W1WEF 599 CT RZ1OA 599 K
QSO: 21003 CW 2026-02-21 2034 W1WEF 599 CT CR3DX 599 K
QSO: 21001 CW 2026-02-21 2034 W1WEF 599 CT PP5KR 599 100
QSO: 14001 CW 2026-02-21 2035 W1WEF 599 CT IO3F 599 500
QSO: 14005 CW 2026-02-21 2037 W1WEF 599 CT S58M 599 K
QSO: 14005 CW 2026-02-21 2037 W1WEF 599 CT PA6AA 599 400
QSO: 14005 CW 2026-02-21 2038 W1WEF 599 CT M0UDD 599 500
QSO: 14005 CW 2026-02-21 2038 W1WEF 599 CT II2Q 599 500
QSO: 14005 CW 2026-02-21 2039 W1WEF 599 CT DJ4CW 599 100
QSO: 14005 CW 2026-02-21 2039 W1WEF 599 CT DK1FW 599 K
QSO: 14005 CW 2026-02-21 2039 W1WEF 599 CT SM6LJU 599 1K
QSO: 14005 CW 2026-02-21 2040 W1WEF 599 CT DH8WE 599 100
QSO: 14005 CW 2026-02-21 2040 W1WEF 599 CT OK2PWX 599 100
QSO: 14005 CW 2026-02-21 2040 W1WEF 599 CT IU7RBN 599 100
QSO: 14005 CW 2026-02-21 2041 W1WEF 599 CT PC4H 599 400
QSO: 14005 CW 2026-02-21 2041 W1WEF 599 CT M7M 599 500
QSO: 14005 CW 2026-02-21 2041 W1WEF 599 CT II3O 599 500
QSO: 14005 CW 2026-02-21 2042 W1WEF 599 CT M0KKB 599 100
QSO: 14005 CW 2026-02-21 2042 W1WEF 599 CT DL4YY 599 100
QSO: 14005 CW 2026-02-21 2042 W1WEF 599 CT EA2AZ 599 100
QSO: 14005 CW 2026-02-21 2043 W1WEF 599 CT DJ1MM 599 100
QSO: 14005 CW 2026-02-21 2043 W1WEF 599 CT DK1KC 599 100
QSO: 14005 CW 2026-02-21 2044 W1WEF 599 CT SM5EPO 599 K
QSO: 14005 CW 2026-02-21 2044 W1WEF 599 CT IK2DZN 599 100
QSO: 14005 CW 2026-02-21 2045 W1WEF 599 CT IV3YNB 599 500
QSO: 14005 CW 2026-02-21 2045 W1WEF 599 CT ZS1C 599 K
QSO: 14005 CW 2026-02-21 2045 W1WEF 599 CT M5M 599 100
QSO: 14005 CW 2026-02-21 2045 W1WEF 599 CT I2WIJ 599 500
QSO: 14005 CW 2026-02-21 2046 W1WEF 599 CT RZ1OA 599 K
QSO: 14005 CW 2026-02-21 2046 W1WEF 599 CT PA2TA 599 100
QSO: 14005 CW 2026-02-21 2047 W1WEF 599 CT DK1TW 599 600
QSO: 14005 CW 2026-02-21 2047 W1WEF 599 CT OE6MMD 599 K
QSO: 14005 CW 2026-02-21 2048 W1WEF 599 CT DD1LD 599 100
QSO: 14005 CW 2026-02-21 2048 W1WEF 599 CT DJ5LA 599 K
QSO: 14005 CW 2026-02-21 2048 W1WEF 599 CT SP1NY 599 K
QSO: 14005 CW 2026-02-21 2049 W1WEF 599 CT F5OEV 599 100
QSO: 14005 CW 2026-02-21 2049 W1WEF 599 CT DL7LX 599 500
QSO: 14005 CW 2026-02-21 2050 W1WEF 599 CT S55OO 599 K
QSO: 14005 CW 2026-02-21 2050 W1WEF 599 CT HB9FAP 599 K
QSO: 14005 CW 2026-02-21 2050 W1WEF 599 CT HB9AUK 599 400
QSO: 14005 CW 2026-02-21 2051 W1WEF 599 CT 9A3XV 599 K
QSO: 14005 CW 2026-02-21 2051 W1WEF 599 CT LB0EI 599 K
QSO: 14005 CW 2026-02-21 2051 W1WEF 599 CT DM2M 599 5
QSO: 14005 CW 2026-02-21 2052 W1WEF 599 CT S53M 599 K
QSO: 14005 CW 2026-02-21 2052 W1WEF 599 CT DK8MM 599 K
QSO: 14005 CW 2026-02-21 2052 W1WEF 599 CT 2E0YEM 599 100
QSO: 14005 CW 2026-02-21 2052 W1WEF 599 CT IK0ISD 599 300
QSO: 14005 CW 2026-02-21 2053 W1WEF 599 CT OK1DKR 599 100
QSO: 14005 CW 2026-02-21 2054 W1WEF 599 CT EA1TG 599 100
QSO: 14005 CW 2026-02-21 2054 W1WEF 599 CT DR4S 599 100
QSO: 14005 CW 2026-02-21 2055 W1WEF 599 CT SN1O 599 100
QSO: 14005 CW 2026-02-21 2056 W1WEF 599 CT EA4FME 599 100
QSO: 14005 CW 2026-02-21 2056 W1WEF 599 CT F4DNW 599 K
QSO: 14005 CW 2026-02-21 2056 W1WEF 599 CT EB7KA 599 K
QSO: 14005 CW 2026-02-21 2057 W1WEF 599 CT IU1KGS 599 100
QSO: 14005 CW 2026-02-21 2058 W1WEF 599 CT HA3DX 599 K
QSO: 14005 CW 2026-02-21 2058 W1WEF 599 CT OK1TN 599 500
QSO: 14005 CW 2026-02-21 2058 W1WEF 599 CT IO0A 599 500
QSO: 14005 CW 2026-02-21 2058 W1WEF 599 CT DA3M 599 700
QSO: 14005 CW 2026-02-21 2059 W1WEF 599 CT DL8UAT 599 700
QSO: 14005 CW 2026-02-21 2059 W1WEF 599 CT DL5NBC 599 100
QSO: 14005 CW 2026-02-21 2100 W1WEF 599 CT 9A9R 599 K
QSO: 7050 CW 2026-02-21 2337 W1WEF 599 CT SP4Z 599 K
QSO: 7055 CW 2026-02-21 2338 W1WEF 599 CT S57AL 599 K
QSO: 7055 CW 2026-02-21 2339 W1WEF 599 CT HA3DX 599 K
QSO: 7055 CW 2026-02-21 2339 W1WEF 599 CT IK6PTH 599 100
QSO: 7055 CW 2026-02-21 2340 W1WEF 599 CT DJ5LA 599 K
QSO: 7055 CW 2026-02-21 2341 W1WEF 599 CT S58W 599 K
QSO: 7055 CW 2026-02-21 2341 W1WEF 599 CT SP8R 599 K
QSO: 7055 CW 2026-02-21 2342 W1WEF 599 CT OT2A 599 K
QSO: 7055 CW 2026-02-21 2342 W1WEF 599 CT HA8JV 599 K
QSO: 7055 CW 2026-02-21 2343 W1WEF 599 CT EA1WH 599 100
QSO: 7055 CW 2026-02-21 2343 W1WEF 599 CT HB9DCM 599 100
QSO: 7055 CW 2026-02-21 2343 W1WEF 599 CT YO3GCL 599 100
QSO: 7055 CW 2026-02-21 2344 W1WEF 599 CT G3WW 599 100
QSO: 7055 CW 2026-02-21 2344 W1WEF 599 CT S53A 599 K
QSO: 7055 CW 2026-02-21 2344 W1WEF 599 CT TM5EE 599 K
QSO: 7055 CW 2026-02-21 2345 W1WEF 599 CT SV1DPJ 599 500
QSO: 7055 CW 2026-02-21 2345 W1WEF 599 CT DL8UAT 599 700
QSO: 7055 CW 2026-02-21 2346 W1WEF 599 CT SN9S 599 100
QSO: 7055 CW 2026-02-21 2346 W1WEF 599 CT DK5OS 599 100
QSO: 7055 CW 2026-02-21 2346 W1WEF 599 CT UW5Y 599 K
QSO: 7055 CW 2026-02-21 2347 W1WEF 599 CT YT4T 599 K
QSO: 7055 CW 2026-02-21 2347 W1WEF 599 CT MM1E 599 K
QSO: 7055 CW 2026-02-21 2348 W1WEF 599 CT DK5JM 599 400
QSO: 7055 CW 2026-02-21 2348 W1WEF 599 CT DM4L 599 500
QSO: 7055 CW 2026-02-21 2348 W1WEF 599 CT EA1X 599 K
QSO: 7055 CW 2026-02-21 2349 W1WEF 599 CT YU1AT 599 100
QSO: 7055 CW 2026-02-21 2349 W1WEF 599 CT EA5O 599 100
QSO: 7055 CW 2026-02-21 2350 W1WEF 599 CT EA3BRL 599 100
QSO: 7055 CW 2026-02-21 2350 W1WEF 599 CT ED1R 599 100
QSO: 7055 CW 2026-02-21 2350 W1WEF 599 CT IZ2OOS 599 100
QSO: 7055 CW 2026-02-21 2351 W1WEF 599 CT OK2FD 599 100
QSO: 7055 CW 2026-02-21 2351 W1WEF 599 CT UT7EZ 599 100
QSO: 7055 CW 2026-02-21 2352 W1WEF 599 CT SN7J 599 100
QSO: 7055 CW 2026-02-21 2352 W1WEF 599 CT II2Q 599 500
QSO: 7055 CW 2026-02-21 2353 W1WEF 599 CT LZ1BP 599 K
QSO: 7055 CW 2026-02-21 2353 W1WEF 599 CT R7NK 599 500
QSO: 7055 CW 2026-02-21 2354 W1WEF 599 CT DF4IAR 599 100
QSO: 7055 CW 2026-02-21 2354 W1WEF 599 CT OL3Z 599 K
QSO: 7055 CW 2026-02-21 2355 W1WEF 599 CT DL2RUG 599 100
QSO: 7055 CW 2026-02-21 2355 W1WEF 599 CT SO5O 599 500
QSO: 7055 CW 2026-02-21 2356 W1WEF 599 CT DC8SG 599 100
QSO: 7055 CW 2026-02-21 2357 W1WEF 599 CT G5TCP 599 100
QSO: 7055 CW 2026-02-21 2357 W1WEF 599 CT DD1A 599 K
QSO: 7055 CW 2026-02-21 2358 W1WEF 599 CT HB9NE 599 K
QSO: 7055 CW 2026-02-21 2359 W1WEF 599 CT OK7TJ 599 100
QSO: 7055 CW 2026-02-21 2359 W1WEF 599 CT EV1R 599 K
QSO: 7055 CW 2026-02-22 0000 W1WEF 599 CT OK6Y 599 100
QSO: 7055 CW 2026-02-22 0001 W1WEF 599 CT OK1FHD 599 100
QSO: 7055 CW 2026-02-22 0001 W1WEF 599 CT OZ5W 599 K
QSO: 7055 CW 2026-02-22 0002 W1WEF 599 CT F5MQU 599 100
QSO: 7055 CW 2026-02-22 0003 W1WEF 599 CT F8AOF 599 100
QSO: 7055 CW 2026-02-22 0003 W1WEF 599 CT HA6OL 599 200
QSO: 7055 CW 2026-02-22 0004 W1WEF 599 CT RN3QO 599 K
QSO: 7055 CW 2026-02-22 0004 W1WEF 599 CT DJ1MM 599 100
QSO: 1832 CW 2026-02-22 0005 W1WEF 599 CT VP9I 599 99
QSO: 3527 CW 2026-02-22 0008 W1WEF 599 CT IB4O 599 500
QSO: 3526 CW 2026-02-22 0009 W1WEF 599 CT DC8SG 599 100
QSO: 3526 CW 2026-02-22 0010 W1WEF 599 CT G3WW 599 100
QSO: 3526 CW 2026-02-22 0010 W1WEF 599 CT DA3M 599 700
QSO: 3526 CW 2026-02-22 0011 W1WEF 599 CT OL5Y 599 100
QSO: 3526 CW 2026-02-22 0011 W1WEF 599 CT YU1KW 599 100
QSO: 3526 CW 2026-02-22 0012 W1WEF 599 CT YU1YV 599 300
QSO: 3526 CW 2026-02-22 0012 W1WEF 599 CT DK5JM 599 400
QSO: 3526 CW 2026-02-22 0013 W1WEF 599 CT ZF5T 599 K
QSO: 3526 CW 2026-02-22 0013 W1WEF 599 CT PA2DK 599 100
QSO: 3526 CW 2026-02-22 0014 W1WEF 599 CT DL8OH 599 700
QSO: 3526 CW 2026-02-22 0015 W1WEF 599 CT HB9IIH 599 100
QSO: 3526 CW 2026-02-22 0015 W1WEF 599 CT PA0O 599 100
QSO: 3526 CW 2026-02-22 0016 W1WEF 599 CT S58W 599 K
QSO: 3526 CW 2026-02-22 0016 W1WEF 599 CT DL8UAT 599 700
QSO: 3526 CW 2026-02-22 0017 W1WEF 599 CT S51WX 599 100
QSO: 3526 CW 2026-02-22 0017 W1WEF 599 CT II2Q 599 500
QSO: 3526 CW 2026-02-22 0018 W1WEF 599 CT SP8GNF 599 100
QSO: 3526 CW 2026-02-22 0018 W1WEF 599 CT OM7M 599 K
QSO: 3526 CW 2026-02-22 0018 W1WEF 599 CT UT3QU 599 K
QSO: 3526 CW 2026-02-22 0018 W1WEF 599 CT R2QA 599 K
QSO: 3526 CW 2026-02-22 0019 W1WEF 599 CT HB9CYN 599 100
QSO: 3526 CW 2026-02-22 0019 W1WEF 599 CT F5MQU 599 100
QSO: 3526 CW 2026-02-22 0019 W1WEF 599 CT IK2CLB 599 500
QSO: 3526 CW 2026-02-22 0020 W1WEF 599 CT DL2TOS 599 100
QSO: 7000 CW 2026-02-22 0022 W1WEF 599 CT F5MMX 599 K
QSO: 7004 CW 2026-02-22 0023 W1WEF 599 CT HB7X 599 K
QSO: 7004 CW 2026-02-22 0024 W1WEF 599 CT YT1A 599 K
QSO: 7005 CW 2026-02-22 0024 W1WEF 599 CT YP0K 599 K
QSO: 7005 CW 2026-02-22 0025 W1WEF 599 CT 9A7V 599 K
QSO: 7005 CW 2026-02-22 0025 W1WEF 599 CT YU7XX 599 100
QSO: 7005 CW 2026-02-22 0026 W1WEF 599 CT HA7RY 599 K
QSO: 7007 CW 2026-02-22 0027 W1WEF 599 CT IP0A 599 500
QSO: 7007 CW 2026-02-22 0028 W1WEF 599 CT HA2KMR 599 K
QSO: 7007 CW 2026-02-22 0028 W1WEF 599 CT EA4FME 599 100
QSO: 7007 CW 2026-02-22 0028 W1WEF 599 CT DK5PD 599 K
QSO: 7007 CW 2026-02-22 0029 W1WEF 599 CT EU4E 599 500
QSO: 7007 CW 2026-02-22 0029 W1WEF 599 CT YU7KW 599 500
QSO: 7007 CW 2026-02-22 0030 W1WEF 599 CT OM3CPF 599 200
QSO: 7007 CW 2026-02-22 0031 W1WEF 599 CT EI6KW 599 100
QSO: 7007 CW 2026-02-22 0031 W1WEF 599 CT DM4NT 599 K
QSO: 7007 CW 2026-02-22 0032 W1WEF 599 CT UA6YH 599 100
QSO: 7007 CW 2026-02-22 0032 W1WEF 599 CT R2QA 599 K
QSO: 7009 CW 2026-02-22 0055 W1WEF 599 CT IO8T 599 500
QSO: 7010 CW 2026-02-22 0056 W1WEF 599 CT GM5X 599 K
QSO: 7015 CW 2026-02-22 0058 W1WEF 599 CT EF9M 599 K
QSO: 7017 CW 2026-02-22 0059 W1WEF 599 CT IK4DCX 599 500
QSO: 7018 CW 2026-02-22 0059 W1WEF 599 CT EI8X 599 K
QSO: 7019 CW 2026-02-22 0101 W1WEF 599 CT 4X1FH 599 100
QSO: 7019 CW 2026-02-22 0101 W1WEF 599 CT YL2GD 599 K
QSO: 7019 CW 2026-02-22 0101 W1WEF 599 CT S57KM 599 100
QSO: 7019 CW 2026-02-22 0102 W1WEF 599 CT UT8ER 599 100
QSO: 7019 CW 2026-02-22 0103 W1WEF 599 CT EI9LB 599 5
QSO: 7019 CW 2026-02-22 0104 W1WEF 599 CT IZ8JFL 599 5
QSO: 7019 CW 2026-02-22 0104 W1WEF 599 CT M5P 599 K
QSO: 7019 CW 2026-02-22 0104 W1WEF 599 CT PA0O 599 100
QSO: 7019 CW 2026-02-22 0105 W1WEF 599 CT RD0A 599 K
QSO: 7019 CW 2026-02-22 0106 W1WEF 599 CT Z35W 599 100
QSO: 7019 CW 2026-02-22 0107 W1WEF 599 CT RA7E 599 K
QSO: 7019 CW 2026-02-22 0107 W1WEF 599 CT S51J 599 K
QSO: 7019 CW 2026-02-22 0107 W1WEF 599 CT DD2D 599 K
QSO: 7020 CW 2026-02-22 0109 W1WEF 599 CT LN8W 599 K
QSO: 7020 CW 2026-02-22 0109 W1WEF 599 CT LZ7CC 599 100
QSO: 7021 CW 2026-02-22 0110 W1WEF 599 CT OK1Z 599 K
QSO: 7022 CW 2026-02-22 0111 W1WEF 599 CT LZ5M 599 K
QSO: 7024 CW 2026-02-22 0112 W1WEF 599 CT 5Z4VJ 599 400
QSO: 7025 CW 2026-02-22 0113 W1WEF 599 CT IO3T 599 500
QSO: 7026 CW 2026-02-22 0113 W1WEF 599 CT DR7B 599 100
QSO: 7030 CW 2026-02-22 0115 W1WEF 599 CT EA4KD 599 K
QSO: 7031 CW 2026-02-22 0116 W1WEF 599 CT EA8RM 599 5
QSO: 7035 CW 2026-02-22 0117 W1WEF 599 CT OM5R 599 500
QSO: 7035 CW 2026-02-22 0118 W1WEF 599 CT OL7P 599 K
QSO: 7035 CW 2026-02-22 0118 W1WEF 599 CT UT2UB 599 200
QSO: 7035 CW 2026-02-22 0119 W1WEF 599 CT II8M 599 300
QSO: 7035 CW 2026-02-22 0120 W1WEF 599 CT UR7MZ 599 100
QSO: 7036 CW 2026-02-22 0121 W1WEF 599 CT NP4DX 599 K
QSO: 7036 CW 2026-02-22 0122 W1WEF 599 CT NP4DX 599 K
QSO: 7037 CW 2026-02-22 0122 W1WEF 599 CT G5W 599 K
QSO: 7038 CW 2026-02-22 0122 W1WEF 599 CT LX7I 599 K
QSO: 7039 CW 2026-02-22 0123 W1WEF 599 CT TI7W 599 K
QSO: 7039 CW 2026-02-22 0124 W1WEF 599 CT HA7A 599 K
QSO: 7040 CW 2026-02-22 0125 W1WEF 599 CT YT2RX 599 100
QSO: 7043 CW 2026-02-22 0126 W1WEF 599 CT PJ4A 599 K
QSO: 7052 CW 2026-02-22 0130 W1WEF 599 CT DM2M 599 5
QSO: 7052 CW 2026-02-22 0132 W1WEF 599 CT 9G5ZZ 599 100
QSO: 7066 CW 2026-02-22 0136 W1WEF 599 CT 9Y4M 599 100
QSO: 7069 CW 2026-02-22 0138 W1WEF 599 CT PS6MA 599 100
QSO: 7072 CW 2026-02-22 0140 W1WEF 599 CT F6IRF 599 100
QSO: 7072 CW 2026-02-22 0140 W1WEF 599 CT TO4A 599 K
QSO: 3514 CW 2026-02-22 0144 W1WEF 599 CT IZ3NYG 599 200
QSO: 3516 CW 2026-02-22 0144 W1WEF 599 CT ED8X 599 K
QSO: 3516 CW 2026-02-22 0145 W1WEF 599 CT GM3YOR 599 400
QSO: 3517 CW 2026-02-22 0145 W1WEF 599 CT G6P 599 K
QSO: 3522 CW 2026-02-22 0146 W1WEF 599 CT IO0A 599 500
QSO: 3526 CW 2026-02-22 0147 W1WEF 599 CT EW2ZC 599 100
QSO: 3527 CW 2026-02-22 0149 W1WEF 599 CT 4U1UN 599 100
QSO: 3533 CW 2026-02-22 0150 W1WEF 599 CT 9A1A 599 K
QSO: 3537 CW 2026-02-22 0151 W1WEF 599 CT EU4E 599 500
QSO: 3539 CW 2026-02-22 0152 W1WEF 599 CT LX7I 599 K
QSO: 3544 CW 2026-02-22 0153 W1WEF 599 CT OK5Z 599 K
QSO: 3546 CW 2026-02-22 0154 W1WEF 599 CT PJ2T 599 K
QSO: 3548 CW 2026-02-22 0154 W1WEF 599 CT IO3T 599 500
QSO: 3548 CW 2026-02-22 0155 W1WEF 599 CT VP9I 599 99
QSO: 3559 CW 2026-02-22 0156 W1WEF 599 CT F8GNV 599 100
QSO: 1827 CW 2026-02-22 0157 W1WEF 599 CT S53O 599 K
QSO: 1821 CW 2026-02-22 0200 W1WEF 599 CT M4U 599 900
QSO: 1821 CW 2026-02-22 0202 W1WEF 599 CT G7RAU 599 K
QSO: 21033 CW 2026-02-22 0206 W1WEF 599 CT ZL3AB 599 500
QSO: 21032 CW 2026-02-22 0207 W1WEF 599 CT KL5DX 599 K
QSO: 21025 CW 2026-02-22 0209 W1WEF 599 CT CE3SPR 599 K
QSO: 14058 CW 2026-02-22 0214 W1WEF 599 CT ZV1RJ 599 K
QSO: 14057 CW 2026-02-22 0215 W1WEF 599 CT WP3A 599 67
QSO: 14042 CW 2026-02-22 0216 W1WEF 599 CT KH6CJJ 599 100
QSO: 14037 CW 2026-02-22 0217 W1WEF 599 CT KH6LC 599 K
QSO: 14023 CW 2026-02-22 0219 W1WEF 599 CT DL1REM 599 K
QSO: 14022 CW 2026-02-22 0220 W1WEF 599 CT XE2E 599 100
QSO: 14017 CW 2026-02-22 0221 W1WEF 599 CT LU8QT 599 K
QSO: 14014 CW 2026-02-22 0222 W1WEF 599 CT PY5AMF 599 K
QSO: 14012 CW 2026-02-22 0223 W1WEF 599 CT ZV9MT 599 K
QSO: 14005 CW 2026-02-22 0224 W1WEF 599 CT LS5H 599 100
QSO: 7062 CW 2026-02-22 0225 W1WEF 599 CT NP3Y 599 100
QSO: 7056 CW 2026-02-22 0226 W1WEF 599 CT V31DJ 599 400
QSO: 7055 CW 2026-02-22 0228 W1WEF 599 CT YO6FNA 599 500
QSO: 7052 CW 2026-02-22 0229 W1WEF 599 CT HD8R 599 K
QSO: 7051 CW 2026-02-22 0230 W1WEF 599 CT KP2B 599 NAA
QSO: 7038 CW 2026-02-22 1036 W1WEF 599 CT ZV8RR 599 K
QSO: 7013 CW 2026-02-22 1039 W1WEF 599 CT CO8ZZ 599 100
QSO: 14002 CW 2026-02-22 1045 W1WEF 599 CT IK3ORD 599 500
QSO: 14002 CW 2026-02-22 1046 W1WEF 599 CT OK5Z 599 K
QSO: 14002 CW 2026-02-22 1046 W1WEF 599 CT ED3Q 599 5
QSO: 14002 CW 2026-02-22 1046 W1WEF 599 CT LZ1ZJ 599 100
QSO: 14002 CW 2026-02-22 1047 W1WEF 599 CT HB9DCM 599 100
QSO: 14002 CW 2026-02-22 1050 W1WEF 599 CT M0DXR 599 K
QSO: 14002 CW 2026-02-22 1050 W1WEF 599 CT DK3GI 599 K
QSO: 14002 CW 2026-02-22 1050 W1WEF 599 CT SN5N 599 K
QSO: 14002 CW 2026-02-22 1051 W1WEF 599 CT RW7F 599 K
QSO: 14002 CW 2026-02-22 1051 W1WEF 599 CT DJ0MDR 599 700
QSO: 14002 CW 2026-02-22 1051 W1WEF 599 CT IT9ATF 599 100
QSO: 14002 CW 2026-02-22 1051 W1WEF 599 CT UT7CR 599 K
QSO: 14002 CW 2026-02-22 1052 W1WEF 599 CT DD2D 599 K
QSO: 14002 CW 2026-02-22 1052 W1WEF 599 CT F6HBR 599 400
QSO: 14002 CW 2026-02-22 1052 W1WEF 599 CT F8DGY 599 500
QSO: 14002 CW 2026-02-22 1053 W1WEF 599 CT DG9SEH 599 500
QSO: 14002 CW 2026-02-22 1053 W1WEF 599 CT S57AL 599 K
QSO: 14002 CW 2026-02-22 1054 W1WEF 599 CT OK1MDK 599 100
QSO: 14002 CW 2026-02-22 1055 W1WEF 599 CT SN7O 599 100
QSO: 14002 CW 2026-02-22 1055 W1WEF 599 CT YT7B 599 100
QSO: 14002 CW 2026-02-22 1055 W1WEF 599 CT OM5JA 599 100
QSO: 14002 CW 2026-02-22 1056 W1WEF 599 CT HB0WR 599 100
QSO: 14002 CW 2026-02-22 1056 W1WEF 599 CT F5JU 599 100
QSO: 14002 CW 2026-02-22 1057 W1WEF 599 CT YO9KPB 599 100
QSO: 14002 CW 2026-02-22 1057 W1WEF 599 CT OZ5W 599 K
QSO: 14002 CW 2026-02-22 1057 W1WEF 599 CT I3FIY 599 500
QSO: 14002 CW 2026-02-22 1058 W1WEF 599 CT OK1DEZ 599 200
QSO: 14002 CW 2026-02-22 1059 W1WEF 599 CT F5MQU 599 100
QSO: 14002 CW 2026-02-22 1059 W1WEF 599 CT LY7T 599 K
QSO: 14002 CW 2026-02-22 1059 W1WEF 599 CT EI6KW 599 100
QSO: 14002 CW 2026-02-22 1100 W1WEF 599 CT DA1NEN 599 500
QSO: 14002 CW 2026-02-22 1100 W1WEF 599 CT DL2NBY 599 400
QSO: 14002 CW 2026-02-22 1100 W1WEF 599 CT EC4TA 599 100
QSO: 14002 CW 2026-02-22 1101 W1WEF 599 CT G4PLY 599 1K
QSO: 14002 CW 2026-02-22 1101 W1WEF 599 CT G6P 599 K
QSO: 14002 CW 2026-02-22 1101 W1WEF 599 CT DK5OS 599 100
QSO: 14002 CW 2026-02-22 1102 W1WEF 599 CT OK1KKI 599 70
QSO: 14002 CW 2026-02-22 1102 W1WEF 599 CT HB7X 599 K
QSO: 14002 CW 2026-02-22 1102 W1WEF 599 CT G3P 599 500
QSO: 14002 CW 2026-02-22 1103 W1WEF 599 CT GM4HBG 599 400
QSO: 14002 CW 2026-02-22 1103 W1WEF 599 CT SQ3M 599 100
QSO: 14002 CW 2026-02-22 1103 W1WEF 599 CT Z32TO 599 100
QSO: 14002 CW 2026-02-22 1104 W1WEF 599 CT IW3SSD 599 500
QSO: 14002 CW 2026-02-22 1104 W1WEF 599 CT OK1VK 599 K
QSO: 14002 CW 2026-02-22 1105 W1WEF 599 CT PA3DUU 599 100
QSO: 14002 CW 2026-02-22 1105 W1WEF 599 CT UV1IX 599 200
QSO: 14002 CW 2026-02-22 1106 W1WEF 599 CT EF8L 599 100
QSO: 14002 CW 2026-02-22 1106 W1WEF 599 CT HB9CYN 599 100
QSO: 14002 CW 2026-02-22 1107 W1WEF 599 CT IU0PXN 599 100
QSO: 14002 CW 2026-02-22 1107 W1WEF 599 CT IU1KGS 599 100
QSO: 14002 CW 2026-02-22 1107 W1WEF 599 CT HA2VH 599 K
QSO: 14002 CW 2026-02-22 1108 W1WEF 599 CT SO5CW 599 100
QSO: 14002 CW 2026-02-22 1108 W1WEF 599 CT GM6NX 599 100
QSO: 14002 CW 2026-02-22 1109 W1WEF 599 CT DA2K 599 100
QSO: 14002 CW 2026-02-22 1109 W1WEF 599 CT SP5CNA 599 500
QSO: 14002 CW 2026-02-22 1109 W1WEF 599 CT PA3EZC 599 200
QSO: 14002 CW 2026-02-22 1110 W1WEF 599 CT OM2VL 599 K
QSO: 14002 CW 2026-02-22 1110 W1WEF 599 CT HB9AGA 599 K
QSO: 14002 CW 2026-02-22 1111 W1WEF 599 CT G4AMT 599 K
QSO: 14002 CW 2026-02-22 1111 W1WEF 599 CT OT5L 599 100
QSO: 14002 CW 2026-02-22 1111 W1WEF 599 CT OK1XC 599 1K
QSO: 14002 CW 2026-02-22 1112 W1WEF 599 CT EA4BAS 599 100
QSO: 14002 CW 2026-02-22 1112 W1WEF 599 CT DL6AG 599 100
QSO: 14002 CW 2026-02-22 1112 W1WEF 599 CT PA4Y 599 400
QSO: 14002 CW 2026-02-22 1113 W1WEF 599 CT LZ1RW 599 K
QSO: 14002 CW 2026-02-22 1113 W1WEF 599 CT S53A 599 K
QSO: 14002 CW 2026-02-22 1113 W1WEF 599 CT SV1JG 599 500
QSO: 14002 CW 2026-02-22 1113 W1WEF 599 CT OL0W 599 K
QSO: 14002 CW 2026-02-22 1114 W1WEF 599 CT HA6NL 599 100
QSO: 14002 CW 2026-02-22 1114 W1WEF 599 CT YT2RX 599 100
QSO: 14002 CW 2026-02-22 1114 W1WEF 599 CT MI4I 599 100
QSO: 14002 CW 2026-02-22 1115 W1WEF 599 CT DK6WL 599 K
QSO: 14002 CW 2026-02-22 1115 W1WEF 599 CT SP1AEN 599 100
QSO: 14002 CW 2026-02-22 1115 W1WEF 599 CT DL1BUG 599 K
QSO: 14002 CW 2026-02-22 1116 W1WEF 599 CT LB2WD 599 100
QSO: 14002 CW 2026-02-22 1116 W1WEF 599 CT DL5JS 599 700
QSO: 14002 CW 2026-02-22 1116 W1WEF 599 CT PA6X 599 400
QSO: 14002 CW 2026-02-22 1116 W1WEF 599 CT OK5TA 599 K
QSO: 14002 CW 2026-02-22 1117 W1WEF 599 CT E7Y 599 100
QSO: 14002 CW 2026-02-22 1117 W1WEF 599 CT S52A 599 800
QSO: 14002 CW 2026-02-22 1117 W1WEF 599 CT E72T 599 100
QSO: 14002 CW 2026-02-22 1118 W1WEF 599 CT DM5JBN 599 100
QSO: 14002 CW 2026-02-22 1118 W1WEF 599 CT LY5R 599 K
QSO: 14002 CW 2026-02-22 1118 W1WEF 599 CT DJ8EW 599 500
QSO: 14002 CW 2026-02-22 1119 W1WEF 599 CT YL2KO 599 K
QSO: 14002 CW 2026-02-22 1119 W1WEF 599 CT DL7VEE 599 500
QSO: 14002 CW 2026-02-22 1120 W1WEF 599 CT M4U 599 900
QSO: 14002 CW 2026-02-22 1120 W1WEF 599 CT DK9ZE 599 80
QSO: 14002 CW 2026-02-22 1121 W1WEF 599 CT OH7R 599 K
QSO: 14002 CW 2026-02-22 1121 W1WEF 599 CT IK4RVY 599 100
QSO: 14002 CW 2026-02-22 1121 W1WEF 599 CT LZ1BP 599 K
QSO: 14002 CW 2026-02-22 1122 W1WEF 599 CT Z35W 599 100
QSO: 14002 CW 2026-02-22 1122 W1WEF 599 CT DL3ARK 599 200
QSO: 14002 CW 2026-02-22 1122 W1WEF 599 CT HG6O 599 100
QSO: 14002 CW 2026-02-22 1122 W1WEF 599 CT TK5MH 599 K
QSO: 14002 CW 2026-02-22 1123 W1WEF 599 CT SP6AEG 599 500
QSO: 14002 CW 2026-02-22 1123 W1WEF 599 CT F4IXM 599 100
QSO: 14002 CW 2026-02-22 1123 W1WEF 599 CT IZ3NVR 599 100
QSO: 14002 CW 2026-02-22 1124 W1WEF 599 CT YT7BA 599 K
QSO: 14002 CW 2026-02-22 1124 W1WEF 599 CT F6HBR 599 400
QSO: 14002 CW 2026-02-22 1125 W1WEF 599 CT OM7K 599 K
QSO: 14002 CW 2026-02-22 1125 W1WEF 599 CT OM5MX 599 100
QSO: 14002 CW 2026-02-22 1125 W1WEF 599 CT DK7HA 599 5
QSO: 14002 CW 2026-02-22 1126 W1WEF 599 CT S51Z 599 5
QSO: 14002 CW 2026-02-22 1126 W1WEF 599 CT DJ7UC 599 100
QSO: 14002 CW 2026-02-22 1126 W1WEF 599 CT RV6HV 599 400
QSO: 14002 CW 2026-02-22 1127 W1WEF 599 CT EA4IEP 599 100
QSO: 14002 CW 2026-02-22 1127 W1WEF 599 CT II5T 599 100
QSO: 14002 CW 2026-02-22 1128 W1WEF 599 CT RA1M 599 100
QSO: 14002 CW 2026-02-22 1128 W1WEF 599 CT DM5WW 599 200
QSO: 14002 CW 2026-02-22 1128 W1WEF 599 CT R1CI 599 K
QSO: 14002 CW 2026-02-22 1128 W1WEF 599 CT OK2BJ 599 100
QSO: 14002 CW 2026-02-22 1129 W1WEF 599 CT HB50FX 599 100
QSO: 14002 CW 2026-02-22 1130 W1WEF 599 CT OK2BYW 599 100
QSO: 14002 CW 2026-02-22 1130 W1WEF 599 CT PA3ADU 599 100
QSO: 14002 CW 2026-02-22 1131 W1WEF 599 CT IS0ESG 599 5
QSO: 14002 CW 2026-02-22 1131 W1WEF 599 CT MI5I 599 100
QSO: 14002 CW 2026-02-22 1132 W1WEF 599 CT R2FK 599 K
QSO: 14002 CW 2026-02-22 1132 W1WEF 599 CT SN7Q 599 K
QSO: 14002 CW 2026-02-22 1132 W1WEF 599 CT PA4EL 599 400
QSO: 14002 CW 2026-02-22 1132 W1WEF 599 CT DL9ZP 599 100
QSO: 14002 CW 2026-02-22 1133 W1WEF 599 CT RD6OK 599 100
QSO: 14002 CW 2026-02-22 1133 W1WEF 599 CT LY3CY 599 300
QSO: 14002 CW 2026-02-22 1134 W1WEF 599 CT DL4DAW 599 70
QSO: 14002 CW 2026-02-22 1134 W1WEF 599 CT DJ0SP 599 100
QSO: 14002 CW 2026-02-22 1134 W1WEF 599 CT OK1TD 599 100
QSO: 14002 CW 2026-02-22 1134 W1WEF 599 CT SP8MO 599 100
QSO: 14002 CW 2026-02-22 1135 W1WEF 599 CT SV1IU 599 100
QSO: 14002 CW 2026-02-22 1135 W1WEF 599 CT DK1WI 599 500
QSO: 14002 CW 2026-02-22 1136 W1WEF 599 CT RM3F 599 K
QSO: 14002 CW 2026-02-22 1136 W1WEF 599 CT HG5FA 599 100
QSO: 14002 CW 2026-02-22 1137 W1WEF 599 CT YO4BEX 599 100
QSO: 14002 CW 2026-02-22 1138 W1WEF 599 CT YO3GCL 599 100
QSO: 14002 CW 2026-02-22 1138 W1WEF 599 CT DF8JD 599 100
QSO: 14002 CW 2026-02-22 1139 W1WEF 599 CT DR1A 599 K
QSO: 14002 CW 2026-02-22 1139 W1WEF 599 CT OZ1ADL 599 K
QSO: 14002 CW 2026-02-22 1139 W1WEF 599 CT OK4DZ 599 100
QSO: 14002 CW 2026-02-22 1140 W1WEF 599 CT SD6M 599 100
QSO: 14002 CW 2026-02-22 1140 W1WEF 599 CT LY6O 599 K
QSO: 14002 CW 2026-02-22 1140 W1WEF 599 CT DK0FL 599 400
QSO: 14002 CW 2026-02-22 1141 W1WEF 599 CT SP2QG 599 500
QSO: 14002 CW 2026-02-22 1141 W1WEF 599 CT SP6PRT 599 500
QSO: 14002 CW 2026-02-22 1142 W1WEF 599 CT LY2TS 599 100
QSO: 14002 CW 2026-02-22 1142 W1WEF 599 CT 9A1DR 599 100
QSO: 14002 CW 2026-02-22 1143 W1WEF 599 CT SP9ATE 599 K
QSO: 14002 CW 2026-02-22 1144 W1WEF 599 CT LZ1YF 599 100
QSO: 14002 CW 2026-02-22 1144 W1WEF 599 CT DL1ONI 599 100
QSO: 14002 CW 2026-02-22 1144 W1WEF 599 CT DL0HTA 599 200
QSO: 14002 CW 2026-02-22 1145 W1WEF 599 CT IZ5AHB 599 100
QSO: 14002 CW 2026-02-22 1145 W1WEF 599 CT EC3AIT 599 K
QSO: 14002 CW 2026-02-22 1145 W1WEF 599 CT PA0O 599 100
QSO: 14002 CW 2026-02-22 1146 W1WEF 599 CT IZ2OOS 599 100
QSO: 14002 CW 2026-02-22 1146 W1WEF 599 CT YO5BRE 599 100
QSO: 14002 CW 2026-02-22 1147 W1WEF 599 CT UT6ER 599 100
QSO: 14002 CW 2026-02-22 1147 W1WEF 599 CT ZF5T 599 K
QSO: 14002 CW 2026-02-22 1148 W1WEF 599 CT YO6HSU 599 100
QSO: 14002 CW 2026-02-22 1148 W1WEF 599 CT IT9VDQ 599 100
QSO: 14002 CW 2026-02-22 1149 W1WEF 599 CT EA2KV 599 K
QSO: 14002 CW 2026-02-22 1149 W1WEF 599 CT UA9CTT 599 K
QSO: 14002 CW 2026-02-22 1149 W1WEF 599 CT DK5DS 599 200
QSO: 14002 CW 2026-02-22 1149 W1WEF 599 CT DL1NEO 599 K
QSO: 14002 CW 2026-02-22 1150 W1WEF 599 CT F5PBM 599 100
QSO: 14002 CW 2026-02-22 1150 W1WEF 599 CT IK8PGQ 599 500
QSO: 14002 CW 2026-02-22 1150 W1WEF 599 CT SP2XX 599 400
QSO: 14002 CW 2026-02-22 1150 W1WEF 599 CT PA5KT 599 400
QSO: 14002 CW 2026-02-22 1151 W1WEF 599 CT ON9TT 599 300
QSO: 14002 CW 2026-02-22 1151 W1WEF 599 CT SN3C 599 K
QSO: 14002 CW 2026-02-22 1151 W1WEF 599 CT YT1XC 599 100
QSO: 14002 CW 2026-02-22 1152 W1WEF 599 CT PA2P 599 400
QSO: 14002 CW 2026-02-22 1152 W1WEF 599 CT DF1XC 599 100
QSO: 14002 CW 2026-02-22 1152 W1WEF 599 CT 9A2X 599 100
QSO: 14002 CW 2026-02-22 1153 W1WEF 599 CT HA5BA 599 5
QSO: 14002 CW 2026-02-22 1153 W1WEF 599 CT LA7TO 599 100
QSO: 14002 CW 2026-02-22 1153 W1WEF 599 CT PE1RDP 599 200
QSO: 14002 CW 2026-02-22 1154 W1WEF 599 CT SM7PEV 599 K
QSO: 14002 CW 2026-02-22 1154 W1WEF 599 CT OK1EA 599 K
QSO: 14002 CW 2026-02-22 1154 W1WEF 599 CT SV1AJO 599 100
QSO: 14002 CW 2026-02-22 1154 W1WEF 599 CT UA6LCJ 599 100
QSO: 14002 CW 2026-02-22 1155 W1WEF 599 CT HB9LCW 599 100
QSO: 14002 CW 2026-02-22 1155 W1WEF 599 CT SV1ABB 599 500
QSO: 14002 CW 2026-02-22 1156 W1WEF 599 CT UT7EZ 599 100
QSO: 14002 CW 2026-02-22 1156 W1WEF 599 CT EA6SK 599 100
QSO: 14002 CW 2026-02-22 1156 W1WEF 599 CT DF8V 599 K
QSO: 14002 CW 2026-02-22 1157 W1WEF 599 CT LZ4A 599 K
QSO: 14002 CW 2026-02-22 1157 W1WEF 599 CT IK4DCX 599 500
QSO: 14002 CW 2026-02-22 1157 W1WEF 599 CT LY3AB 599 100
QSO: 14002 CW 2026-02-22 1157 W1WEF 599 CT R7AC 599 100
QSO: 14002 CW 2026-02-22 1158 W1WEF 599 CT PA7KY 599 400
QSO: 14002 CW 2026-02-22 1158 W1WEF 599 CT DF8DU 599 300
QSO: 14002 CW 2026-02-22 1159 W1WEF 599 CT OL7D 599 K
QSO: 14002 CW 2026-02-22 1159 W1WEF 599 CT R7TQ 599 K
QSO: 14002 CW 2026-02-22 1159 W1WEF 599 CT G5END 599 75
QSO: 14002 CW 2026-02-22 1159 W1WEF 599 CT DJ2FR 599 100
QSO: 14002 CW 2026-02-22 1200 W1WEF 599 CT OQ5M 599 K
QSO: 14002 CW 2026-02-22 1200 W1WEF 599 CT PA2W 599 100
QSO: 14002 CW 2026-02-22 1200 W1WEF 599 CT DF6PB 599 500
QSO: 14002 CW 2026-02-22 1201 W1WEF 599 CT DL3BCR 599 100
QSO: 14002 CW 2026-02-22 1201 W1WEF 599 CT PJ4K 599 K
QSO: 14002 CW 2026-02-22 1201 W1WEF 599 CT DC8SG 599 100
QSO: 21067 CW 2026-02-22 1240 W1WEF 599 CT TM6M 599 100
QSO: 21067 CW 2026-02-22 1240 W1WEF 599 CT IB9R 599 500
QSO: 21067 CW 2026-02-22 1241 W1WEF 599 CT HA3DX 599 K
QSO: 21067 CW 2026-02-22 1241 W1WEF 599 CT M2L 599 K
QSO: 21067 CW 2026-02-22 1241 W1WEF 599 CT PA3DUU 599 100
QSO: 21067 CW 2026-02-22 1242 W1WEF 599 CT SN7O 599 100
QSO: 21067 CW 2026-02-22 1242 W1WEF 599 CT HG5N 599 K
QSO: 21067 CW 2026-02-22 1242 W1WEF 599 CT OG9X 599 K
QSO: 21067 CW 2026-02-22 1242 W1WEF 599 CT SK3W 599 K
QSO: 21067 CW 2026-02-22 1243 W1WEF 599 CT DL1NEO 599 K
QSO: 21067 CW 2026-02-22 1243 W1WEF 599 CT S57KM 599 100
QSO: 21067 CW 2026-02-22 1243 W1WEF 599 CT M4U 599 900
QSO: 21067 CW 2026-02-22 1244 W1WEF 599 CT HB7X 599 K
QSO: 21067 CW 2026-02-22 1244 W1WEF 599 CT OK2WY 599 100
QSO: 21067 CW 2026-02-22 1245 W1WEF 599 CT LY5E 599 K
QSO: 21067 CW 2026-02-22 1245 W1WEF 599 CT OE5TXF 599 200
QSO: 21067 CW 2026-02-22 1246 W1WEF 599 CT SP2PIK 599 K
QSO: 21067 CW 2026-02-22 1246 W1WEF 599 CT UW7Q 599 K
QSO: 21067 CW 2026-02-22 1246 W1WEF 599 CT DK5JI 599 100
QSO: 21067 CW 2026-02-22 1247 W1WEF 599 CT UA6YH 599 100
QSO: 21067 CW 2026-02-22 1247 W1WEF 599 CT OT6M 599 K
QSO: 21067 CW 2026-02-22 1247 W1WEF 599 CT CT7ACS 599 100
QSO: 21067 CW 2026-02-22 1248 W1WEF 599 CT SQ9S 599 100
QSO: 21067 CW 2026-02-22 1248 W1WEF 599 CT M5M 599 100
QSO: 21067 CW 2026-02-22 1249 W1WEF 599 CT DD5VL 599 100
QSO: 21067 CW 2026-02-22 1249 W1WEF 599 CT DD4A 599 500
QSO: 21067 CW 2026-02-22 1249 W1WEF 599 CT DD6CW 599 100
QSO: 21067 CW 2026-02-22 1250 W1WEF 599 CT 4X1ST 599 100
QSO: 21067 CW 2026-02-22 1250 W1WEF 599 CT UP4L 599 K
QSO: 21067 CW 2026-02-22 1250 W1WEF 599 CT LZ8E 599 K
QSO: 21067 CW 2026-02-22 1252 W1WEF 599 CT II2Q 599 500
QSO: 21067 CW 2026-02-22 1253 W1WEF 599 CT DL1DTL 599 500
QSO: 21067 CW 2026-02-22 1253 W1WEF 599 CT DL2NBY 599 400
QSO: 21067 CW 2026-02-22 1253 W1WEF 599 CT OM8CW 599 K
QSO: 21067 CW 2026-02-22 1254 W1WEF 599 CT OK5Z 599 K
QSO: 21067 CW 2026-02-22 1254 W1WEF 599 CT DF1DT 599 100
QSO: 21067 CW 2026-02-22 1255 W1WEF 599 CT ER1AA 599 100
QSO: 21067 CW 2026-02-22 1255 W1WEF 599 CT DL5KUT 599 500
QSO: 21067 CW 2026-02-22 1255 W1WEF 599 CT DL7VEE 599 500
QSO: 21067 CW 2026-02-22 1256 W1WEF 599 CT UT3QZ 599 100
QSO: 21067 CW 2026-02-22 1256 W1WEF 599 CT OT2A 599 K
QSO: 21067 CW 2026-02-22 1256 W1WEF 599 CT PA3AAV 599 400
QSO: 21067 CW 2026-02-22 1256 W1WEF 599 CT OQ5M 599 K
QSO: 21067 CW 2026-02-22 1257 W1WEF 599 CT OM3CW 599 K
QSO: 21067 CW 2026-02-22 1257 W1WEF 599 CT DL4RDJ 599 K
QSO: 21067 CW 2026-02-22 1257 W1WEF 599 CT SP1AEN 599 100
QSO: 21067 CW 2026-02-22 1258 W1WEF 599 CT OK7PN 599 K
QSO: 21067 CW 2026-02-22 1259 W1WEF 599 CT LZ1ZP 599 100
QSO: 21067 CW 2026-02-22 1259 W1WEF 599 CT S58W 599 K
QSO: 21067 CW 2026-02-22 1259 W1WEF 599 CT SO5O 599 500
QSO: 21067 CW 2026-02-22 1259 W1WEF 599 CT DM4L 599 500
QSO: 21067 CW 2026-02-22 1300 W1WEF 599 CT UW5Y 599 K
QSO: 21067 CW 2026-02-22 1300 W1WEF 599 CT OK1PI 599 K
QSO: 21067 CW 2026-02-22 1300 W1WEF 599 CT HB0WR 599 100
QSO: 21067 CW 2026-02-22 1300 W1WEF 599 CT EW8DX 599 500
QSO: 21067 CW 2026-02-22 1301 W1WEF 599 CT YO4NF 599 700
QSO: 21067 CW 2026-02-22 1301 W1WEF 599 CT SP2XX 599 400
QSO: 21067 CW 2026-02-22 1301 W1WEF 599 CT YO4GO 599 200
QSO: 21067 CW 2026-02-22 1302 W1WEF 599 CT OK1MZM 599 K
QSO: 21067 CW 2026-02-22 1302 W1WEF 599 CT YR8R 599 100
QSO: 21067 CW 2026-02-22 1302 W1WEF 599 CT EU8U 599 500
QSO: 21067 CW 2026-02-22 1303 W1WEF 599 CT DJ8EW 599 500
QSO: 21067 CW 2026-02-22 1303 W1WEF 599 CT OL26WRTC 599 K
QSO: 21067 CW 2026-02-22 1304 W1WEF 599 CT F5MQU 599 100
QSO: 21067 CW 2026-02-22 1304 W1WEF 599 CT UR7EC 599 100
QSO: 21067 CW 2026-02-22 1305 W1WEF 599 CT OE2GEN 599 100
QSO: 21067 CW 2026-02-22 1305 W1WEF 599 CT DD2D 599 K
QSO: 21067 CW 2026-02-22 1305 W1WEF 599 CT DL9ZP 599 100
QSO: 21067 CW 2026-02-22 1305 W1WEF 599 CT EW1TO 599 100
QSO: 21067 CW 2026-02-22 1306 W1WEF 599 CT M0TDW 599 500
QSO: 21067 CW 2026-02-22 1306 W1WEF 599 CT HA3MG 599 100
QSO: 21067 CW 2026-02-22 1306 W1WEF 599 CT DK7HA 599 5
QSO: 21067 CW 2026-02-22 1307 W1WEF 599 CT OZ5W 599 K
QSO: 21067 CW 2026-02-22 1307 W1WEF 599 CT OL2A 599 100
QSO: 21067 CW 2026-02-22 1307 W1WEF 599 CT DL3ANK 599 50
QSO: 21067 CW 2026-02-22 1308 W1WEF 599 CT S52NR 599 100
QSO: 21067 CW 2026-02-22 1308 W1WEF 599 CT RW1A 599 K
QSO: 21067 CW 2026-02-22 1308 W1WEF 599 CT DL5DTG 599 500
QSO: 21067 CW 2026-02-22 1309 W1WEF 599 CT DD1LD 599 100
QSO: 21067 CW 2026-02-22 1309 W1WEF 599 CT IZ4JMA 599 100
QSO: 21067 CW 2026-02-22 1309 W1WEF 599 CT YO6FGZ 599 100
QSO: 21067 CW 2026-02-22 1309 W1WEF 599 CT DL1BUG 599 K
QSO: 21067 CW 2026-02-22 1310 W1WEF 599 CT EI8HL 599 100
QSO: 21067 CW 2026-02-22 1311 W1WEF 599 CT YO9BCM 599 100
QSO: 21067 CW 2026-02-22 1311 W1WEF 599 CT YL7X 599 K
QSO: 21067 CW 2026-02-22 1311 W1WEF 599 CT R2QA 599 K
QSO: 21067 CW 2026-02-22 1311 W1WEF 599 CT PA5MW 599 400
QSO: 21067 CW 2026-02-22 1312 W1WEF 599 CT DO6SR 599 100
QSO: 21067 CW 2026-02-22 1312 W1WEF 599 CT DJ9RR 599 K
QSO: 21067 CW 2026-02-22 1313 W1WEF 599 CT DL3DXX 599 K
QSO: 21067 CW 2026-02-22 1313 W1WEF 599 CT OH0R 599 K
QSO: 21067 CW 2026-02-22 1313 W1WEF 599 CT SP8R 599 K
QSO: 21067 CW 2026-02-22 1314 W1WEF 599 CT ON7KEC 599 100
QSO: 21067 CW 2026-02-22 1314 W1WEF 599 CT PA5WT 599 100
QSO: 21067 CW 2026-02-22 1314 W1WEF 599 CT G3WW 599 100
QSO: 21067 CW 2026-02-22 1315 W1WEF 599 CT SM6MCW 599 K
QSO: 21067 CW 2026-02-22 1315 W1WEF 599 CT M2A 599 K
QSO: 21067 CW 2026-02-22 1316 W1WEF 599 CT G3RLE 599 100
QSO: 21067 CW 2026-02-22 1316 W1WEF 599 CT YO2LEA 599 100
QSO: 21067 CW 2026-02-22 1316 W1WEF 599 CT UA4WW 599 K
QSO: 21067 CW 2026-02-22 1317 W1WEF 599 CT UA4FCO 599 200
QSO: 21067 CW 2026-02-22 1317 W1WEF 599 CT G3P 599 500
QSO: 21067 CW 2026-02-22 1318 W1WEF 599 CT R6AF 599 K
QSO: 21067 CW 2026-02-22 1318 W1WEF 599 CT DM4X 599 K
QSO: 21067 CW 2026-02-22 1319 W1WEF 599 CT SN7Q 599 K
QSO: 21067 CW 2026-02-22 1319 W1WEF 599 CT UR5CC 599 100
QSO: 21067 CW 2026-02-22 1320 W1WEF 599 CT SK0QO 599 K
QSO: 21067 CW 2026-02-22 1320 W1WEF 599 CT S59ZZ 599 5
QSO: 21067 CW 2026-02-22 1320 W1WEF 599 CT R8TT 599 K
QSO: 21067 CW 2026-02-22 1321 W1WEF 599 CT RV6HV 599 400
QSO: 21067 CW 2026-02-22 1321 W1WEF 599 CT YP2R 599 300
QSO: 21067 CW 2026-02-22 1322 W1WEF 599 CT EA3IEG 599 K
QSO: 21067 CW 2026-02-22 1322 W1WEF 599 CT PA2JWN 599 500
QSO: 21067 CW 2026-02-22 1323 W1WEF 599 CT YU0X 599 700
QSO: 21067 CW 2026-02-22 1324 W1WEF 599 CT SM7JNK 599 100
QSO: 21067 CW 2026-02-22 1324 W1WEF 599 CT EA1WH 599 100
QSO: 21067 CW 2026-02-22 1325 W1WEF 599 CT SP9RKM 599 100
QSO: 21067 CW 2026-02-22 1325 W1WEF 599 CT PA2TA 599 100
QSO: 21067 CW 2026-02-22 1325 W1WEF 599 CT SV1AJO 599 100
QSO: 21067 CW 2026-02-22 1325 W1WEF 599 CT IO3F 599 500
QSO: 21067 CW 2026-02-22 1326 W1WEF 599 CT S58M 599 K
QSO: 21067 CW 2026-02-22 1327 W1WEF 599 CT RK3DK 599 K
QSO: 21067 CW 2026-02-22 1327 W1WEF 599 CT S53A 599 K
QSO: 21067 CW 2026-02-22 1327 W1WEF 599 CT YL2VW 599 K
QSO: 21067 CW 2026-02-22 1328 W1WEF 599 CT DK4YF 599 100
QSO: 21067 CW 2026-02-22 1328 W1WEF 599 CT HA2VH 599 K
QSO: 21067 CW 2026-02-22 1329 W1WEF 599 CT PA5KT 599 400
QSO: 21067 CW 2026-02-22 1329 W1WEF 599 CT YO4NT 599 100
QSO: 21067 CW 2026-02-22 1329 W1WEF 599 CT HA4CW 599 500
QSO: 21067 CW 2026-02-22 1329 W1WEF 599 CT IK4OMU 599 100
QSO: 21067 CW 2026-02-22 1330 W1WEF 599 CT RU3DX 599 K
QSO: 21067 CW 2026-02-22 1331 W1WEF 599 CT LZ5R 599 K
QSO: 21067 CW 2026-02-22 1331 W1WEF 599 CT OK1GK 599 K
QSO: 21067 CW 2026-02-22 1331 W1WEF 599 CT SP8R 599 K
QSO: 21067 CW 2026-02-22 1331 W1WEF 599 CT DK1FW 599 K
QSO: 21067 CW 2026-02-22 1332 W1WEF 599 CT M7M 599 500
QSO: 21067 CW 2026-02-22 1332 W1WEF 599 CT RM4F 599 K
QSO: 21067 CW 2026-02-22 1332 W1WEF 599 CT HB9CYN 599 100
QSO: 21067 CW 2026-02-22 1333 W1WEF 599 CT DL4XT 599 K
QSO: 21067 CW 2026-02-22 1334 W1WEF 599 CT DL8ULF 599 100
QSO: 21067 CW 2026-02-22 1334 W1WEF 599 CT YU1YV 599 300
QSO: 21067 CW 2026-02-22 1335 W1WEF 599 CT DK8MM 599 K
QSO: 21067 CW 2026-02-22 1335 W1WEF 599 CT PF5X 599 400
QSO: 21067 CW 2026-02-22 1336 W1WEF 599 CT TA3NE 599 K
QSO: 21067 CW 2026-02-22 1337 W1WEF 599 CT LY2W 599 100
QSO: 21067 CW 2026-02-22 1337 W1WEF 599 CT G3MXH 599 K
QSO: 21067 CW 2026-02-22 1338 W1WEF 599 CT ED1S 599 100
QSO: 21067 CW 2026-02-22 1338 W1WEF 599 CT DL5ME 599 E
QSO: 21067 CW 2026-02-22 1338 W1WEF 599 CT OK7O 599 K
QSO: 21067 CW 2026-02-22 1339 W1WEF 599 CT HA3HX 599 100
QSO: 21067 CW 2026-02-22 1339 W1WEF 599 CT OR5T 599 K
QSO: 21067 CW 2026-02-22 1339 W1WEF 599 CT LZ1ND 599 K
QSO: 21067 CW 2026-02-22 1340 W1WEF 599 CT DJ5NE 599 100
QSO: 21067 CW 2026-02-22 1340 W1WEF 599 CT DF6LQ 599 100
QSO: 21067 CW 2026-02-22 1340 W1WEF 599 CT EW3LN 599 300
QSO: 21067 CW 2026-02-22 1341 W1WEF 599 CT SV1PMQ 599 K
QSO: 21067 CW 2026-02-22 1341 W1WEF 599 CT IK1BPL 599 100
QSO: 21067 CW 2026-02-22 1341 W1WEF 599 CT SV1ABB 599 500
QSO: 21067 CW 2026-02-22 1342 W1WEF 599 CT SP7CF 599 100
QSO: 21067 CW 2026-02-22 1342 W1WEF 599 CT DK1TW 599 600
QSO: 21067 CW 2026-02-22 1342 W1WEF 599 CT PA2REH 599 100
QSO: 21067 CW 2026-02-22 1343 W1WEF 599 CT PA6AA 599 400
QSO: 21067 CW 2026-02-22 1343 W1WEF 599 CT EF8L 599 100
QSO: 21067 CW 2026-02-22 1343 W1WEF 599 CT SP2QG 599 500
QSO: 21067 CW 2026-02-22 1344 W1WEF 599 CT EA5RS 599 K
QSO: 21067 CW 2026-02-22 1344 W1WEF 599 CT IT9BGE 599 400
QSO: 21067 CW 2026-02-22 1345 W1WEF 599 CT SP9GMI 599 100
QSO: 21067 CW 2026-02-22 1345 W1WEF 599 CT DL4YAO 599 500
QSO: 21067 CW 2026-02-22 1346 W1WEF 599 CT RA3FY 599 K
QSO: 21067 CW 2026-02-22 1346 W1WEF 599 CT OK2MBP 599 100
QSO: 21067 CW 2026-02-22 1346 W1WEF 599 CT RW3DY 599 100
QSO: 21067 CW 2026-02-22 1346 W1WEF 599 CT DL5ARM 599 100
QSO: 21067 CW 2026-02-22 1347 W1WEF 599 CT DL5NO 599 100
QSO: 21067 CW 2026-02-22 1347 W1WEF 599 CT OM3ZU 599 100
QSO: 21067 CW 2026-02-22 1347 W1WEF 599 CT 9A3SM 599 100
QSO: 21067 CW 2026-02-22 1348 W1WEF 599 CT SP9JBE 599 100
QSO: 21067 CW 2026-02-22 1348 W1WEF 599 CT G4AMT 599 K
QSO: 21067 CW 2026-02-22 1348 W1WEF 599 CT G3RWF 599 400
QSO: 21067 CW 2026-02-22 1349 W1WEF 599 CT DL1RNW 599 100
QSO: 21067 CW 2026-02-22 1349 W1WEF 599 CT OL7D 599 K
QSO: 21067 CW 2026-02-22 1350 W1WEF 599 CT DK3WW 599 100
QSO: 21067 CW 2026-02-22 1350 W1WEF 599 CT SP2FAP 599 200
QSO: 21067 CW 2026-02-22 1351 W1WEF 599 CT RM2U 599 K
QSO: 21067 CW 2026-02-22 1351 W1WEF 599 CT 3Z1K 599 100
QSO: 21067 CW 2026-02-22 1351 W1WEF 599 CT DJ9MH 599 80
QSO: 21067 CW 2026-02-22 1352 W1WEF 599 CT OK3DM 599 100
QSO: 21067 CW 2026-02-22 1352 W1WEF 599 CT LY3CY 599 300
QSO: 21067 CW 2026-02-22 1352 W1WEF 599 CT HA5OO 599 100
QSO: 21067 CW 2026-02-22 1353 W1WEF 599 CT RN2FQ 599 100
QSO: 21067 CW 2026-02-22 1353 W1WEF 599 CT PA4Y 599 400
QSO: 21067 CW 2026-02-22 1354 W1WEF 599 CT DP50ANT 599 100
QSO: 21067 CW 2026-02-22 1354 W1WEF 599 CT SP5BN 599 200
QSO: 21067 CW 2026-02-22 1355 W1WEF 599 CT PC2F 599 10
QSO: 21067 CW 2026-02-22 1356 W1WEF 599 CT DM6WG 599 100
QSO: 21067 CW 2026-02-22 1357 W1WEF 599 CT SP2JFY 599 100
QSO: 21067 CW 2026-02-22 1357 W1WEF 599 CT R2FK 599 K
QSO: 21067 CW 2026-02-22 1357 W1WEF 599 CT P3X 599 K
QSO: 21067 CW 2026-02-22 1358 W1WEF 599 CT IK4DCX 599 500
QSO: 21067 CW 2026-02-22 1358 W1WEF 599 CT UW5ZM 599 33
QSO: 21067 CW 2026-02-22 1358 W1WEF 599 CT UA6LCN 599 K
QSO: 21067 CW 2026-02-22 1359 W1WEF 599 CT R3ST 599 K
QSO: 21067 CW 2026-02-22 1359 W1WEF 599 CT DF7XH 599 100
QSO: 21067 CW 2026-02-22 1359 W1WEF 599 CT PA0GJV 599 K
QSO: 21067 CW 2026-02-22 1400 W1WEF 599 CT SM7GVF 599 K
QSO: 21067 CW 2026-02-22 1400 W1WEF 599 CT YL3NU 599 220
QSO: 21067 CW 2026-02-22 1400 W1WEF 599 CT DJ5MW 599 K
QSO: 21067 CW 2026-02-22 1400 W1WEF 599 CT OZ5E 599 100
QSO: 21067 CW 2026-02-22 1439 W1WEF 599 CT 9G5ZZ 599 100
QSO: 28014 CW 2026-02-22 1441 W1WEF 599 CT IZ2FDU 599 500
QSO: 28014 CW 2026-02-22 1441 W1WEF 599 CT DJ5MW 599 K
QSO: 28014 CW 2026-02-22 1442 W1WEF 599 CT EA1X 599 K
QSO: 28014 CW 2026-02-22 1442 W1WEF 599 CT YU0T 599 K
QSO: 28014 CW 2026-02-22 1442 W1WEF 599 CT YT7AA 599 K
QSO: 28014 CW 2026-02-22 1443 W1WEF 599 CT YT9A 599 K
QSO: 28014 CW 2026-02-22 1443 W1WEF 599 CT DL2OE 599 K
QSO: 28014 CW 2026-02-22 1443 W1WEF 599 CT EU4E 599 500
QSO: 28014 CW 2026-02-22 1444 W1WEF 599 CT OT2A 599 K
QSO: 28014 CW 2026-02-22 1444 W1WEF 599 CT DK6WL 599 K
QSO: 28014 CW 2026-02-22 1445 W1WEF 599 CT OL0W 599 K
QSO: 28014 CW 2026-02-22 1445 W1WEF 599 CT DK1MAX 599 400
QSO: 21067 CW 2026-02-22 1447 W1WEF 599 CT OM3KFF 599 K
QSO: 21071 CW 2026-02-22 1447 W1WEF 599 CT DM5JBN 599 100
QSO: 21071 CW 2026-02-22 1448 W1WEF 599 CT DA1TK 599 100
QSO: 21071 CW 2026-02-22 1448 W1WEF 599 CT SC7DX 599 K
QSO: 21071 CW 2026-02-22 1448 W1WEF 599 CT UA6LCJ 599 100
QSO: 21071 CW 2026-02-22 1449 W1WEF 599 CT S58RU 599 100
QSO: 21071 CW 2026-02-22 1450 W1WEF 599 CT SQ100D 599 500
QSO: 21087 CW 2026-02-22 1450 W1WEF 599 CT F5SGI 599 100
QSO: 21091 CW 2026-02-22 1451 W1WEF 599 CT UT7EZ 599 100
QSO: 21091 CW 2026-02-22 1452 W1WEF 599 CT YO8DOH 599 100DK5
QSO: 21091 CW 2026-02-22 1452 W1WEF 599 CT DK5OS 599 100
QSO: 21091 CW 2026-02-22 1453 W1WEF 599 CT ES1CN 599 100
QSO: 21091 CW 2026-02-22 1454 W1WEF 599 CT LZ1VS 599 500
QSO: 21091 CW 2026-02-22 1454 W1WEF 599 CT LZ1AQ 599 600
QSO: 21091 CW 2026-02-22 1455 W1WEF 599 CT EA4FIT 599 K
QSO: 21091 CW 2026-02-22 1455 W1WEF 599 CT DK5DS 599 200
QSO: 21091 CW 2026-02-22 1455 W1WEF 599 CT S52BT 599 K
QSO: 21091 CW 2026-02-22 1456 W1WEF 599 CT SN5N 599 K
QSO: 21091 CW 2026-02-22 1456 W1WEF 599 CT UC5D 599 100
QSO: 21091 CW 2026-02-22 1456 W1WEF 599 CT IZ0ADG 599 100
QSO: 21091 CW 2026-02-22 1456 W1WEF 599 CT DL1WA 599 K
QSO: 21091 CW 2026-02-22 1457 W1WEF 599 CT DJ4WT 599 100
QSO: 21091 CW 2026-02-22 1457 W1WEF 599 CT IK4ZIF 599 100
QSO: 21091 CW 2026-02-22 1458 W1WEF 599 CT IK1YBL 599 100
QSO: 21091 CW 2026-02-22 1459 W1WEF 599 CT OK2PWR 599 500
QSO: 21091 CW 2026-02-22 1500 W1WEF 599 CT DM5DM 599 400
QSO: 21091 CW 2026-02-22 1500 W1WEF 599 CT DJ7UC 599 100
QSO: 21091 CW 2026-02-22 1500 W1WEF 599 CT DL5XJ 599 500
QSO: 21091 CW 2026-02-22 1501 W1WEF 599 CT EA5ITT 599 100
QSO: 21091 CW 2026-02-22 1502 W1WEF 599 CT LA2T 599 K
QSO: 21091 CW 2026-02-22 1502 W1WEF 599 CT HA9MDN 599 100
QSO: 21091 CW 2026-02-22 1503 W1WEF 599 CT IP4E 599 500
QSO: 21091 CW 2026-02-22 1503 W1WEF 599 CT E29TGW 599 K
QSO: 21091 CW 2026-02-22 1503 W1WEF 599 CT RT4M 599 K
QSO: 21091 CW 2026-02-22 1504 W1WEF 599 CT RD4F 599 K
QSO: 21091 CW 2026-02-22 1504 W1WEF 599 CT RD4A 599 K
QSO: 21091 CW 2026-02-22 1504 W1WEF 599 CT UC4P 599 K
QSO: 21091 CW 2026-02-22 1505 W1WEF 599 CT IU6AIG 599 100
QSO: 21091 CW 2026-02-22 1506 W1WEF 599 CT OK1TD 599 100
QSO: 21091 CW 2026-02-22 1506 W1WEF 599 CT R6AP 599 K
QSO: 21091 CW 2026-02-22 1507 W1WEF 599 CT YO9HP 599 K
QSO: 21010 CW 2026-02-22 1510 W1WEF 599 CT SD6M 599 100
QSO: 21010 CW 2026-02-22 1511 W1WEF 599 CT EM0F 599 100
QSO: 21010 CW 2026-02-22 1512 W1WEF 599 CT CT1EHK 599 100
QSO: 21010 CW 2026-02-22 1512 W1WEF 599 CT DL7BPM 599 100
QSO: 21010 CW 2026-02-22 1512 W1WEF 599 CT DM6DX 599 100
QSO: 21010 CW 2026-02-22 1513 W1WEF 599 CT DL2XU 599 500
QSO: 21010 CW 2026-02-22 1513 W1WEF 599 CT EA4R 599 K
QSO: 21010 CW 2026-02-22 1513 W1WEF 599 CT S54E 599 K
QSO: 21010 CW 2026-02-22 1514 W1WEF 599 CT DL3HW 599 100
QSO: 21010 CW 2026-02-22 1514 W1WEF 599 CT YL5T 599 K
QSO: 21010 CW 2026-02-22 1515 W1WEF 599 CT HB9DND 599 100
QSO: 21010 CW 2026-02-22 1516 W1WEF 599 CT UZ1WW 599 K
QSO: 21094 CW 2026-02-22 1517 W1WEF 599 CT PA3BUD 599 200
QSO: 21094 CW 2026-02-22 1518 W1WEF 599 CT SO7NA 599 100
QSO: 21094 CW 2026-02-22 1518 W1WEF 599 CT EA1BDX 599 100
QSO: 21094 CW 2026-02-22 1519 W1WEF 599 CT SV8OVJ 599 500
QSO: 21094 CW 2026-02-22 1520 W1WEF 599 CT DJ9CN 599 40
QSO: 21094 CW 2026-02-22 1520 W1WEF 599 CT PF7X 599 100
QSO: 21094 CW 2026-02-22 1521 W1WEF 599 CT SV1CEI 599 100
QSO: 21094 CW 2026-02-22 1522 W1WEF 599 CT E70NA 599 5
QSO: 21083 CW 2026-02-22 1523 W1WEF 599 CT G3SWH 599 500
QSO: 21083 CW 2026-02-22 1523 W1WEF 599 CT YP2R 599 300
QSO: 21083 CW 2026-02-22 1524 W1WEF 599 CT RX6LRU 599 500
QSO: 21083 CW 2026-02-22 1524 W1WEF 599 CT OM0EE 599 100
QSO: 21083 CW 2026-02-22 1524 W1WEF 599 CT SV8OVJ 599 500
QSO: 21083 CW 2026-02-22 1525 W1WEF 599 CT SM7JNT 599 100
QSO: 21083 CW 2026-02-22 1525 W1WEF 599 CT IT9ESW 599 100
QSO: 21045 CW 2026-02-22 1527 W1WEF 599 CT SO5CW 599 100
QSO: 21045 CW 2026-02-22 1527 W1WEF 599 CT SN7J 599 100
QSO: 21045 CW 2026-02-22 1528 W1WEF 599 CT DL6AAF 599 5
QSO: 21045 CW 2026-02-22 1528 W1WEF 599 CT IT9THD 599 100
QSO: 21045 CW 2026-02-22 1529 W1WEF 599 CT LC2F 599 100
QSO: 21045 CW 2026-02-22 1529 W1WEF 599 CT M4T 599 K
QSO: 21045 CW 2026-02-22 1530 W1WEF 599 CT HA3GC 599 100
QSO: 21045 CW 2026-02-22 1530 W1WEF 599 CT UT7NI 599 5
QSO: 21045 CW 2026-02-22 1531 W1WEF 599 CT IZ5BBS 599 100
QSO: 21045 CW 2026-02-22 1532 W1WEF 599 CT YO2LLL 599 400
QSO: 21045 CW 2026-02-22 1532 W1WEF 599 CT PG2V 599 100
QSO: 21045 CW 2026-02-22 1532 W1WEF 599 CT DK0FL 599 400
QSO: 21045 CW 2026-02-22 1533 W1WEF 599 CT UC7N 599 5
QSO: 21045 CW 2026-02-22 1533 W1WEF 599 CT SM7PEV 599 K
QSO: 21045 CW 2026-02-22 1534 W1WEF 599 CT YL9T 599 K
QSO: 21045 CW 2026-02-22 1535 W1WEF 599 CT EA4FME 599 100
QSO: 21045 CW 2026-02-22 1535 W1WEF 599 CT S51MM 599 K
QSO: 21045 CW 2026-02-22 1535 W1WEF 599 CT NP4DX 599 K
QSO: 21045 CW 2026-02-22 1536 W1WEF 599 CT RL5A 599 K
QSO: 21045 CW 2026-02-22 1536 W1WEF 599 CT LZ5Y 599 300
QSO: 21045 CW 2026-02-22 1536 W1WEF 599 CT G3YMC 599 5
QSO: 21045 CW 2026-02-22 1537 W1WEF 599 CT LY1DZ 599 K
QSO: 21045 CW 2026-02-22 1537 W1WEF 599 CT OK1DEZ 599 200
QSO: 21045 CW 2026-02-22 1538 W1WEF 599 CT OM6RM 599 100
QSO: 21045 CW 2026-02-22 1538 W1WEF 599 CT SM5ACQ 599 100
QSO: 21045 CW 2026-02-22 1539 W1WEF 599 CT DJ5KW 599 100
QSO: 21045 CW 2026-02-22 1539 W1WEF 599 CT OH6NVC 599 K
QSO: 21045 CW 2026-02-22 1539 W1WEF 599 CT OG3B 599 K
QSO: 21045 CW 2026-02-22 1540 W1WEF 599 CT IK3OII 599 100
QSO: 21045 CW 2026-02-22 1540 W1WEF 599 CT SM0D 599 K
QSO: 21045 CW 2026-02-22 1540 W1WEF 599 CT EA6SK 599 100
QSO: 21045 CW 2026-02-22 1540 W1WEF 599 CT MI5I 599 100
QSO: 21045 CW 2026-02-22 1541 W1WEF 599 CT HG5O 599 5
QSO: 21045 CW 2026-02-22 1541 W1WEF 599 CT LY3AB 599 100
QSO: 21045 CW 2026-02-22 1541 W1WEF 599 CT DM6WG 599 100
QSO: 21045 CW 2026-02-22 1542 W1WEF 599 CT OK1AUO 599 100
QSO: 21045 CW 2026-02-22 1542 W1WEF 599 CT RA4ACX 599 600
QSO: 21045 CW 2026-02-22 1543 W1WEF 599 CT I1YRL 599 100
QSO: 21045 CW 2026-02-22 1543 W1WEF 599 CT DL6NDW 599 K
QSO: 21045 CW 2026-02-22 1544 W1WEF 599 CT HG5FA 599 100
QSO: 21045 CW 2026-02-22 1544 W1WEF 599 CT DL7VRG 599 100
QSO: 21045 CW 2026-02-22 1545 W1WEF 599 CT DL1RTL 599 500
QSO: 21045 CW 2026-02-22 1545 W1WEF 599 CT DH8WE 599 100
QSO: 21045 CW 2026-02-22 1546 W1WEF 599 CT IU6AIG 599 100
QSO: 21045 CW 2026-02-22 1546 W1WEF 599 CT IT9ATF 599 100
QSO: 21045 CW 2026-02-22 1546 W1WEF 599 CT F5NZY 599 100
QSO: 21045 CW 2026-02-22 1547 W1WEF 599 CT HA8WY 599 100
QSO: 21045 CW 2026-02-22 1548 W1WEF 599 CT EW1I 599 K
QSO: 21045 CW 2026-02-22 1548 W1WEF 599 CT DL7PIA 599 100
QSO: 21045 CW 2026-02-22 1549 W1WEF 599 CT DL2MDZ 599 500
QSO: 21045 CW 2026-02-22 1549 W1WEF 599 CT SM5EPO 599 K
QSO: 21045 CW 2026-02-22 1549 W1WEF 599 CT DA3A 599 100
QSO: 21045 CW 2026-02-22 1550 W1WEF 599 CT IP9R 599 500
QSO: 21045 CW 2026-02-22 1551 W1WEF 599 CT OT1V 599 100
QSO: 21045 CW 2026-02-22 1552 W1WEF 599 CT EA4BAS 599 100
QSO: 21045 CW 2026-02-22 1552 W1WEF 599 CT F6AUS 599 KG4T
QSO: 21045 CW 2026-02-22 1552 W1WEF 599 CT G4TDX 599 K
QSO: 21045 CW 2026-02-22 1553 W1WEF 599 CT LA9OI 599 700
QSO: 21045 CW 2026-02-22 1553 W1WEF 599 CT DL3ARK 599 200
QSO: 21045 CW 2026-02-22 1554 W1WEF 599 CT E7DX 599 K
QSO: 21045 CW 2026-02-22 1554 W1WEF 599 CT IZ1DXS 599 100
QSO: 21045 CW 2026-02-22 1554 W1WEF 599 CT OG5O 599 K
QSO: 21045 CW 2026-02-22 1555 W1WEF 599 CT IK2GZU 599 100
QSO: 21045 CW 2026-02-22 1556 W1WEF 599 CT SV1AAK 599 100
QSO: 21045 CW 2026-02-22 1556 W1WEF 599 CT SV8DAL 599 100
QSO: 21045 CW 2026-02-22 1557 W1WEF 599 CT 9A3YT 599 K
QSO: 21045 CW 2026-02-22 1557 W1WEF 599 CT DF3OL 599 80
QSO: 21045 CW 2026-02-22 1557 W1WEF 599 CT DL5RMH 599 100
QSO: 21045 CW 2026-02-22 1558 W1WEF 599 CT 9A6C 599 100
QSO: 21045 CW 2026-02-22 1558 W1WEF 599 CT DK8RE 599 100
QSO: 21045 CW 2026-02-22 1558 W1WEF 599 CT UA3X 599 100
QSO: 21056 CW 2026-02-22 1600 W1WEF 599 CT HD8R 599 K
QSO: 21056 CW 2026-02-22 1602 W1WEF 599 CT US7UK 599 50
QSO: 21056 CW 2026-02-22 1603 W1WEF 599 CT YO3GCL 599 100
QSO: 21056 CW 2026-02-22 1603 W1WEF 599 CT VU2PTT 599 50
QSO: 21056 CW 2026-02-22 1604 W1WEF 599 CT RV1CC 599 K
QSO: 21056 CW 2026-02-22 1605 W1WEF 599 CT DL8UKW 599 50
QSO: 21056 CW 2026-02-22 1605 W1WEF 599 CT PA2JWN 599 500
QSO: 21056 CW 2026-02-22 1606 W1WEF 599 CT RT5P 599 100
QSO: 21056 CW 2026-02-22 1606 W1WEF 599 CT EI2IH 599 5
QSO: 21056 CW 2026-02-22 1607 W1WEF 599 CT DL7YAD 599 100
QSO: 21056 CW 2026-02-22 1609 W1WEF 599 CT SV1BJW 599 100
QSO: 21056 CW 2026-02-22 1610 W1WEF 599 CT PA3KL 599 100
QSO: 21056 CW 2026-02-22 1612 W1WEF 599 CT TK5MH 599 K
QSO: 21056 CW 2026-02-22 1612 W1WEF 599 CT F6IRF 599 100
QSO: 21056 CW 2026-02-22 1613 W1WEF 599 CT YO9AYN 599 K
QSO: 21056 CW 2026-02-22 1613 W1WEF 599 CT SN1O 599 100
QSO: 21056 CW 2026-02-22 1613 W1WEF 599 CT DK1WI 599 500
QSO: 21056 CW 2026-02-22 1614 W1WEF 599 CT DL3DRN 599 100
QSO: 21056 CW 2026-02-22 1614 W1WEF 599 CT R1DX 599 K
QSO: 21056 CW 2026-02-22 1615 W1WEF 599 CT DL6NBC 599 100
QSO: 21056 CW 2026-02-22 1615 W1WEF 599 CT OH3EX 599 K
QSO: 21056 CW 2026-02-22 1616 W1WEF 599 CT E77EA 599 100
QSO: 21056 CW 2026-02-22 1616 W1WEF 599 CT EA5YU 599 500
QSO: 21056 CW 2026-02-22 1617 W1WEF 599 CT HB9CIC 599 100
QSO: 21056 CW 2026-02-22 1617 W1WEF 599 CT OK2EA 599 K
QSO: 21056 CW 2026-02-22 1618 W1WEF 599 CT IZ6BTN 599 100
QSO: 21056 CW 2026-02-22 1618 W1WEF 599 CT SM6LJU 599 1K
QSO: 21056 CW 2026-02-22 1618 W1WEF 599 CT OK4DZ 599 100
QSO: 21056 CW 2026-02-22 1619 W1WEF 599 CT PA1T 599 K
QSO: 21056 CW 2026-02-22 1619 W1WEF 599 CT I1ZDW 599 200
QSO: 21056 CW 2026-02-22 1620 W1WEF 599 CT HA6NL 599 100
QSO: 21056 CW 2026-02-22 1620 W1WEF 599 CT DL8TG 599 50
QSO: 21056 CW 2026-02-22 1621 W1WEF 599 CT M0XAC 599 200
QSO: 21056 CW 2026-02-22 1621 W1WEF 599 CT S51XA 599 100
QSO: 21056 CW 2026-02-22 1622 W1WEF 599 CT DL6WT 599 K
QSO: 21056 CW 2026-02-22 1622 W1WEF 599 CT OK1TN 599 500
QSO: 21056 CW 2026-02-22 1622 W1WEF 599 CT ZA1RR 599 100
QSO: 21056 CW 2026-02-22 1623 W1WEF 599 CT F5PBM 599 100
QSO: 21056 CW 2026-02-22 1623 W1WEF 599 CT OK1LO 599 100
QSO: 21056 CW 2026-02-22 1623 W1WEF 599 CT PA8KW 599 100
QSO: 21056 CW 2026-02-22 1624 W1WEF 599 CT YO8BDQ 599 100
QSO: 21056 CW 2026-02-22 1624 W1WEF 599 CT OG1F 599 K
QSO: 21056 CW 2026-02-22 1624 W1WEF 599 CT DJ2FR 599 100
QSO: 21056 CW 2026-02-22 1625 W1WEF 599 CT SM7CIL 599 100
QSO: 21056 CW 2026-02-22 1625 W1WEF 599 CT DL6JF 599 K
QSO: 21056 CW 2026-02-22 1625 W1WEF 599 CT EA4M 599 100
QSO: 21056 CW 2026-02-22 1626 W1WEF 599 CT ON7XN 599 100
QSO: 21056 CW 2026-02-22 1626 W1WEF 599 CT OL0W 599 K
QSO: 21056 CW 2026-02-22 1626 W1WEF 599 CT OL6B 599 100
QSO: 21056 CW 2026-02-22 1627 W1WEF 599 CT G3ESE 599 100
QSO: 21056 CW 2026-02-22 1628 W1WEF 599 CT LZ1QN 599 10
QSO: 21056 CW 2026-02-22 1628 W1WEF 599 CT LY6O 599 K
QSO: 21056 CW 2026-02-22 1628 W1WEF 599 CT ON4FI 599 100
QSO: 21056 CW 2026-02-22 1629 W1WEF 599 CT OZ6PI 599 100
QSO: 21056 CW 2026-02-22 1629 W1WEF 599 CT M0MDS 599 K
QSO: 21056 CW 2026-02-22 1629 W1WEF 599 CT DL4DRW 599 100
QSO: 21056 CW 2026-02-22 1630 W1WEF 599 CT PA3GEG 599 100
QSO: 21056 CW 2026-02-22 1630 W1WEF 599 CT EU4A 599 K
QSO: 21056 CW 2026-02-22 1630 W1WEF 599 CT OM3CW 599 K
QSO: 21056 CW 2026-02-22 1631 W1WEF 599 CT SN6F 599 100
QSO: 21056 CW 2026-02-22 1631 W1WEF 599 CT ER1AA 599 100
QSO: 21056 CW 2026-02-22 1631 W1WEF 599 CT EA5MR 599 100
QSO: 21056 CW 2026-02-22 1632 W1WEF 599 CT DL5JS 599 700
QSO: 21056 CW 2026-02-22 1632 W1WEF 599 CT LZ5VV 599 K
QSO: 21056 CW 2026-02-22 1632 W1WEF 599 CT E73QI 599 100
QSO: 21056 CW 2026-02-22 1633 W1WEF 599 CT IK6VXO 599 100
QSO: 21056 CW 2026-02-22 1633 W1WEF 599 CT I2IFT 599 500
QSO: 21056 CW 2026-02-22 1633 W1WEF 599 CT WP3A 599 67
QSO: 21056 CW 2026-02-22 1633 W1WEF 599 CT EV1R 599 K
QSO: 21056 CW 2026-02-22 1634 W1WEF 599 CT OM5MX 599 100
QSO: 21056 CW 2026-02-22 1634 W1WEF 599 CT G4BUO 599 K
QSO: 21056 CW 2026-02-22 1634 W1WEF 599 CT OM2X 599 K
QSO: 21056 CW 2026-02-22 1635 W1WEF 599 CT IT9GNJ 599 3
QSO: 21056 CW 2026-02-22 1636 W1WEF 599 CT UT8LU 599 100
QSO: 21056 CW 2026-02-22 1636 W1WEF 599 CT HB2T 599 K
QSO: 21056 CW 2026-02-22 1636 W1WEF 599 CT DK7XX 599 100
QSO: 21057 CW 2026-02-22 1801 W1WEF 599 CT OE4A 599 K
QSO: 21058 CW 2026-02-22 1802 W1WEF 599 CT M0DHO 599 K
QSO: 21003 CW 2026-02-22 1804 W1WEF 599 CT OK2BYW 599 100
QSO: 21003 CW 2026-02-22 1804 W1WEF 599 CT PA3DSB 599 K
QSO: 21003 CW 2026-02-22 1804 W1WEF 599 CT IZ5AHB 599 100
QSO: 21003 CW 2026-02-22 1805 W1WEF 599 CT EA7BEZ 599 100
QSO: 21003 CW 2026-02-22 1805 W1WEF 599 CT IK4RVY 599 100
QSO: 21003 CW 2026-02-22 1805 W1WEF 599 CT DA0BCC 599 K
QSO: 21003 CW 2026-02-22 1806 W1WEF 599 CT DR7T 599 K
QSO: 21003 CW 2026-02-22 1806 W1WEF 599 CT DK5PD 599 K
QSO: 21003 CW 2026-02-22 1807 W1WEF 599 CT DL5MFF 599 100
QSO: 21003 CW 2026-02-22 1808 W1WEF 599 CT YU7EW 599 500
QSO: 21003 CW 2026-02-22 1808 W1WEF 599 CT OH0Z 599 K
QSO: 21003 CW 2026-02-22 1808 W1WEF 599 CT YU7KW 599 500
QSO: 21003 CW 2026-02-22 1809 W1WEF 599 CT S53M 599 K
QSO: 21003 CW 2026-02-22 1809 W1WEF 599 CT E7/K7GM 599 500
QSO: 21003 CW 2026-02-22 1809 W1WEF 599 CT ED3T 599 100
QSO: 21003 CW 2026-02-22 1810 W1WEF 599 CT YT2RX 599 100
QSO: 21003 CW 2026-02-22 1810 W1WEF 599 CT SP3IOE 599 100
QSO: 21004 CW 2026-02-22 1811 W1WEF 599 CT HG5D 599 K
QSO: 21005 CW 2026-02-22 1812 W1WEF 599 CT S50A 599 K
QSO: 21011 CW 2026-02-22 1813 W1WEF 599 CT TM4ZZ 599 K
QSO: 21013 CW 2026-02-22 1813 W1WEF 599 CT G6P 599 K
QSO: 21013 CW 2026-02-22 1814 W1WEF 599 CT 1B9R 599 500
QSO: 21020 CW 2026-02-22 1816 W1WEF 599 CT I2SVA 599 500
QSO: 21025 CW 2026-02-22 1817 W1WEF 599 CT EA3X 599 K
QSO: 21036 CW 2026-02-22 1820 W1WEF 599 CT DL2OBF 599 K
QSO: 21038 CW 2026-02-22 1821 W1WEF 599 CT TI7W 599 K
QSO: 21044 CW 2026-02-22 1822 W1WEF 599 CT 9A3J 599 100
QSO: 21048 CW 2026-02-22 1824 W1WEF 599 CT V3T 599 99
QSO: 21053 CW 2026-02-22 1824 W1WEF 599 CT S53R 599 K
QSO: 21053 CW 2026-02-22 1825 W1WEF 599 CT EC4TA 599 100
QSO: 21059 CW 2026-02-22 1828 W1WEF 599 CT LX7I 599 K
QSO: 21065 CW 2026-02-22 1828 W1WEF 599 CT 6Y/AI5IN 599 5
QSO: 21066 CW 2026-02-22 1829 W1WEF 599 CT ED7W 599 K
QSO: 21067 CW 2026-02-22 1829 W1WEF 599 CT HG3R 599 K
QSO: 21070 CW 2026-02-22 1830 W1WEF 599 CT IZ3NVR 599 100
QSO: 21070 CW 2026-02-22 1831 W1WEF 599 CT 9A4W 599 K
QSO: 21080 CW 2026-02-22 1835 W1WEF 599 CT TT1GD 599 500
QSO: 21081 CW 2026-02-22 1835 W1WEF 599 CT EA3AR 599 K
QSO: 21089 CW 2026-02-22 1836 W1WEF 599 CT G4FKA 599 500
QSO: 28007 CW 2026-02-22 1850 W1WEF 599 CT P44W 599 100
QSO: 28008 CW 2026-02-22 1850 W1WEF 599 CT PY7RP 599 K
QSO: 28010 CW 2026-02-22 1851 W1WEF 599 CT YV4ABR 599 100
QSO: 28013 CW 2026-02-22 1852 W1WEF 599 CT CE3CT 599 K
QSO: 28014 CW 2026-02-22 1852 W1WEF 599 CT LS5H 599 100
QSO: 28032 CW 2026-02-22 1856 W1WEF 599 CT CT1BOH 599 K
QSO: 28038 CW 2026-02-22 1857 W1WEF 599 CT J35X 599 100
QSO: 28042 CW 2026-02-22 1859 W1WEF 599 CT XE2IF 599 100
QSO: 28042 CW 2026-02-22 1900 W1WEF 599 CT PY2XC 599 100
QSO: 28045 CW 2026-02-22 1901 W1WEF 599 CT KP2B 599 NAA
QSO: 28046 CW 2026-02-22 1901 W1WEF 599 CT CX2BR 599 K
QSO: 28050 CW 2026-02-22 1902 W1WEF 599 CT TI5/VA3RA 599 100
QSO: 28052 CW 2026-02-22 1903 W1WEF 599 CT PP5RB 599 500
QSO: 28057 CW 2026-02-22 1904 W1WEF 599 CT PY2XL 599 100
QSO: 28081 CW 2026-02-22 1906 W1WEF 599 CT PY2WH 599 100
QSO: 14001 CW 2026-02-22 1907 W1WEF 599 CT EA9ECD 599 K
QSO: 14006 CW 2026-02-22 1908 W1WEF 599 CT S57KM 599 100
QSO: 14006 CW 2026-02-22 1908 W1WEF 599 CT YU5RA 599 K
QSO: 14006 CW 2026-02-22 1909 W1WEF 599 CT G4AFF 599 K
QSO: 14006 CW 2026-02-22 1909 W1WEF 599 CT DL3DXX 599 K
QSO: 14006 CW 2026-02-22 1910 W1WEF 599 CT HB9BXE 599 100
QSO: 14006 CW 2026-02-22 1910 W1WEF 599 CT OZ8SW 599 500
QSO: 14006 CW 2026-02-22 1911 W1WEF 599 CT OH8L 599 K
QSO: 14006 CW 2026-02-22 1911 W1WEF 599 CT HA1AR 599 400
QSO: 14006 CW 2026-02-22 1912 W1WEF 599 CT S54E 599 K
QSO: 14006 CW 2026-02-22 1912 W1WEF 599 CT HA8WY 599 100
QSO: 14006 CW 2026-02-22 1912 W1WEF 599 CT DL2CC 599 K
QSO: 14006 CW 2026-02-22 1913 W1WEF 599 CT HB9CNV 599 3
QSO: 14006 CW 2026-02-22 1913 W1WEF 599 CT ON7XN 599 100
QSO: 14006 CW 2026-02-22 1913 W1WEF 599 CT IK1FUK 599 100
QSO: 14006 CW 2026-02-22 1914 W1WEF 599 CT S52BT 599 K
QSO: 14006 CW 2026-02-22 1914 W1WEF 599 CT IU0TID 599 100
QSO: 14006 CW 2026-02-22 1915 W1WEF 599 CT F6IFJ 599 500
QSO: 14006 CW 2026-02-22 1915 W1WEF 599 CT IZ8FAV 599 300
QSO: 14006 CW 2026-02-22 1916 W1WEF 599 CT RV1CC 599 K
QSO: 7052 CW 2026-02-22 2116 W1WEF 599 CT ED8M 599 K
QSO: 7052 CW 2026-02-22 2117 W1WEF 599 CT DK1KC 599 100
QSO: 7047 CW 2026-02-22 2118 W1WEF 599 CT SP3HRN 599 K
QSO: 7047 CW 2026-02-22 2119 W1WEF 599 CT R6AF 599 K
QSO: 7047 CW 2026-02-22 2119 W1WEF 599 CT LY5R 599 K
QSO: 7047 CW 2026-02-22 2119 W1WEF 599 CT LZ1RW 599 K
QSO: 7047 CW 2026-02-22 2120 W1WEF 599 CT SN5N 599 K
QSO: 7047 CW 2026-02-22 2121 W1WEF 599 CT I5MPN 599 500
QSO: 7047 CW 2026-02-22 2121 W1WEF 599 CT SO9I 599 K
QSO: 7047 CW 2026-02-22 2121 W1WEF 599 CT S53M 599 K
QSO: 7047 CW 2026-02-22 2122 W1WEF 599 CT DL5XJ 599 500
QSO: 7047 CW 2026-02-22 2123 W1WEF 599 CT 9A3XV 599 K
QSO: 7047 CW 2026-02-22 2124 W1WEF 599 CT PA3DUU 599 100
QSO: 7047 CW 2026-02-22 2124 W1WEF 599 CT DJ9RR 599 K
QSO: 7047 CW 2026-02-22 2124 W1WEF 599 CT HA7MF 599 100
QSO: 7047 CW 2026-02-22 2125 W1WEF 599 CT OM2VL 599 K
QSO: 7047 CW 2026-02-22 2125 W1WEF 599 CT HA8WY 599 100
QSO: 7047 CW 2026-02-22 2125 W1WEF 599 CT OM7K 599 K
QSO: 7047 CW 2026-02-22 2126 W1WEF 599 CT OR5T 599 K
QSO: 7047 CW 2026-02-22 2127 W1WEF 599 CT OK1VK 599 K
QSO: 7047 CW 2026-02-22 2127 W1WEF 599 CT F5OWL 599 100
QSO: 7047 CW 2026-02-22 2128 W1WEF 599 CT RA5O 599 K
QSO: 7047 CW 2026-02-22 2128 W1WEF 599 CT DK3WW 599 100
QSO: 7047 CW 2026-02-22 2129 W1WEF 599 CT LZ8E 599 K
QSO: 7047 CW 2026-02-22 2129 W1WEF 599 CT G3BOY 599 400
QSO: 7047 CW 2026-02-22 2129 W1WEF 599 CT YT1DB 599 K
QSO: 7047 CW 2026-02-22 2130 W1WEF 599 CT OK1DKR 599 100
QSO: 7047 CW 2026-02-22 2130 W1WEF 599 CT SP0T 599 100
QSO: 7047 CW 2026-02-22 2130 W1WEF 599 CT S52NR 599 100
QSO: 7047 CW 2026-02-22 2131 W1WEF 599 CT OQ0T 599 5
QSO: 7047 CW 2026-02-22 2132 W1WEF 599 CT IT9ATF 599 100
QSO: 7047 CW 2026-02-22 2133 W1WEF 599 CT DL4BKU 599 100
QSO: 7047 CW 2026-02-22 2133 W1WEF 599 CT OQ5M 599 K
QSO: 7047 CW 2026-02-22 2133 W1WEF 599 CT OL0W 599 K
QSO: 7047 CW 2026-02-22 2133 W1WEF 599 CT ZS1C 599 K
QSO: 7047 CW 2026-02-22 2134 W1WEF 599 CT R7CA 599 K
QSO: 7047 CW 2026-02-22 2134 W1WEF 599 CT IK6OIN 599 100
QSO: 7047 CW 2026-02-22 2135 W1WEF 599 CT SQ9DXN 599 500
QSO: 7047 CW 2026-02-22 2135 W1WEF 599 CT SP6AEG 599 500
QSO: 7047 CW 2026-02-22 2136 W1WEF 599 CT LZ5Y 599 300
QSO: 7047 CW 2026-02-22 2137 W1WEF 599 CT PA2REH 599 100
QSO: 7047 CW 2026-02-22 2138 W1WEF 599 CT PA0JED 599 400
QSO: 7047 CW 2026-02-22 2139 W1WEF 599 CT SQ6ELV 599 100
QSO: 7047 CW 2026-02-22 2139 W1WEF 599 CT PA4EL 599 400
QSO: 7047 CW 2026-02-22 2139 W1WEF 599 CT DL1AH 599 100
QSO: 7047 CW 2026-02-22 2139 W1WEF 599 CT SN7Q 599 K
QSO: 7047 CW 2026-02-22 2140 W1WEF 599 CT DB1MAT 599 100
QSO: 7047 CW 2026-02-22 2141 W1WEF 599 CT PA1M 599 400
QSO: 7047 CW 2026-02-22 2141 W1WEF 599 CT M2A 599 K
QSO: 14009 CW 2026-02-22 2143 W1WEF 599 CT CR2N 599 K
QSO: 14009 CW 2026-02-22 2143 W1WEF 599 CT OT2A 599 K
QSO: 14009 CW 2026-02-22 2143 W1WEF 599 CT DK3YD 599 100
QSO: 14009 CW 2026-02-22 2144 W1WEF 599 CT IZ0FBJ 599 100
QSO: 14009 CW 2026-02-22 2145 W1WEF 599 CT ED7K 599 K
QSO: 14009 CW 2026-02-22 2145 W1WEF 599 CT SV2CQB 599 100
QSO: 14009 CW 2026-02-22 2145 W1WEF 599 CT DL6WT 599 K
QSO: 14009 CW 2026-02-22 2146 W1WEF 599 CT HA3IC 599 400
QSO: 14009 CW 2026-02-22 2147 W1WEF 599 CT EC1KR 599 100
QSO: 14009 CW 2026-02-22 2148 W1WEF 599 CT RV1CC 599 K
QSO: 14009 CW 2026-02-22 2150 W1WEF 599 CT ED8M 599 K
QSO: 14009 CW 2026-02-22 2150 W1WEF 599 CT SM5Q 599 K
QSO: 14009 CW 2026-02-22 2151 W1WEF 599 CT IZ2WFL 599 100
QSO: 14009 CW 2026-02-22 2151 W1WEF 599 CT F5OWL 599 100
QSO: 14009 CW 2026-02-22 2152 W1WEF 599 CT S51WL 599 100
QSO: 7046 CW 2026-02-22 2326 W1WEF 599 CT SV1JG 599 500
QSO: 7046 CW 2026-02-22 2328 W1WEF 599 CT MM2T 599 K
QSO: 7046 CW 2026-02-22 2328 W1WEF 599 CT OK2BGN 599 100
QSO: 7046 CW 2026-02-22 2329 W1WEF 599 CT M5M 599 100
END-OF-LOG: