START-OF-LOG: 2.0
CREATED-BY: Win-Test 4.38.1
CONTEST: EA-RTTY
URE-SECTION: DX
CALLSIGN: 9A1A
CATEGORY: MULTI-MULTI ALL
CLAIMED-SCORE: 1178001
OPERATORS: 9A5W 9A9A 9A7R 9A6A
NAME: HRVATSKI DX KLUB
SOAPBOX: 
QSO: 21088 RY 2024-04-06 1200 9A1A          599 001    US7UK         599 001   
QSO: 14098 RY 2024-04-06 1200 9A1A          599 001    YQ6A          599 001   
QSO: 21088 RY 2024-04-06 1201 9A1A          599 002    JA3HBF        599 001   
QSO:  7044 RY 2024-04-06 1201 9A1A          599 001    PA3EWG        599 001   
QSO: 28084 RY 2024-04-06 1201 9A1A          599 001    EA8DED        599 TF    
QSO: 21088 RY 2024-04-06 1201 9A1A          599 003    RV3ZN         599 001   
QSO: 21088 RY 2024-04-06 1201 9A1A          599 004    UI5A          599 006   
QSO:  7044 RY 2024-04-06 1201 9A1A          599 002    G8FCQ         599 001   
QSO: 14098 RY 2024-04-06 1202 9A1A          599 002    ON2VHF        599 002   
QSO: 21088 RY 2024-04-06 1202 9A1A          599 005    EA2EYF        599 Z     
QSO: 28082 RY 2024-04-06 1203 9A1A          599 002    PZ5RA         599 005   
QSO:  7044 RY 2024-04-06 1203 9A1A          599 003    IW1PNJ        599 004   
QSO: 21088 RY 2024-04-06 1203 9A1A          599 006    UT4LW         599 005   
QSO: 14098 RY 2024-04-06 1203 9A1A          599 003    SI3A          599 002   
QSO: 14098 RY 2024-04-06 1204 9A1A          599 004    ON4DN         599 007   
QSO: 21088 RY 2024-04-06 1204 9A1A          599 007    R8XF          599 002   
QSO: 28088 RY 2024-04-06 1204 9A1A          599 003    9A1DR         599 001   
QSO: 14098 RY 2024-04-06 1204 9A1A          599 005    N4TB          599 004   
QSO:  7044 RY 2024-04-06 1205 9A1A          599 004    EB5CS         599 CS    
QSO: 28088 RY 2024-04-06 1206 9A1A          599 004    PY3LX         599 002   
QSO:  7044 RY 2024-04-06 1206 9A1A          599 005    OK2HBR        599 002   
QSO: 21088 RY 2024-04-06 1207 9A1A          599 008    L71D          599 002   
QSO:  7044 RY 2024-04-06 1207 9A1A          599 006    DK2FG         599 005   
QSO: 14098 RY 2024-04-06 1208 9A1A          599 006    UX1CL         599 002   
QSO: 21088 RY 2024-04-06 1208 9A1A          599 009    EA2BJM        599 Z     
QSO: 21088 RY 2024-04-06 1208 9A1A          599 010    R4AJ          599 001   
QSO: 28088 RY 2024-04-06 1209 9A1A          599 005    EA8AQV        599 GC    
QSO: 14098 RY 2024-04-06 1209 9A1A          599 007    EA7KNT        599 S     
QSO:  7044 RY 2024-04-06 1209 9A1A          599 007    DL4ME         599 003   
QSO: 28088 RY 2024-04-06 1209 9A1A          599 006    LB8IB         599 006   
QSO:  7044 RY 2024-04-06 1210 9A1A          599 008    I2BZN         599 004   
QSO: 14098 RY 2024-04-06 1210 9A1A          599 008    UT4LW         599 012   
QSO: 28088 RY 2024-04-06 1210 9A1A          599 007    EA8AQM        599 GC    
QSO: 14098 RY 2024-04-06 1210 9A1A          599 009    PA6AA         599 011   
QSO: 21088 RY 2024-04-06 1211 9A1A          599 011    JJ3QJI        599 001   
QSO: 14098 RY 2024-04-06 1211 9A1A          599 010    W4RN          599 002   
QSO: 28088 RY 2024-04-06 1211 9A1A          599 008    YB8MJG        599 001   
QSO: 14098 RY 2024-04-06 1211 9A1A          599 011    LC9S          599 004   
QSO: 21088 RY 2024-04-06 1212 9A1A          599 012    JG8JBX        599 001   
QSO: 21086 RY 2024-04-06 1213 9A1A          599 013    AO75MU        599 MU    
QSO: 14098 RY 2024-04-06 1213 9A1A          599 012    LZ1ZM         599 008   
QSO: 14098 RY 2024-04-06 1213 9A1A          599 013    G4UZE         599 001   
QSO:  7044 RY 2024-04-06 1214 9A1A          599 009    IW1QEA        599 001   
QSO: 14098 RY 2024-04-06 1214 9A1A          599 014    2E0CVN        599 009   
QSO: 21088 RY 2024-04-06 1214 9A1A          599 014    EA1EWY        599 O     
QSO: 28096 RY 2024-04-06 1214 9A1A          599 009    OZ0JD         599 004   
QSO: 14098 RY 2024-04-06 1214 9A1A          599 015    PA2VS         599 007   
QSO: 28100 RY 2024-04-06 1215 9A1A          599 010    PV2K          599 018   
QSO: 14098 RY 2024-04-06 1215 9A1A          599 016    PE2K          599 012   
QSO: 21088 RY 2024-04-06 1215 9A1A          599 015    EB5F          599 A     
QSO: 28080 RY 2024-04-06 1215 9A1A          599 011    V55Y          599 012   
QSO: 14098 RY 2024-04-06 1215 9A1A          599 017    NX8G          599 003   
QSO:  7044 RY 2024-04-06 1216 9A1A          599 010    HB9DAZ        599 001   
QSO: 21088 RY 2024-04-06 1216 9A1A          599 016    DJ5FS         599 010   
QSO: 14098 RY 2024-04-06 1216 9A1A          599 018    WW4LL         599 003   
QSO:  7044 RY 2024-04-06 1216 9A1A          599 011    S51CK         599 001   
QSO: 21088 RY 2024-04-06 1217 9A1A          599 017    K4XL          599 004   
QSO: 14098 RY 2024-04-06 1217 9A1A          599 019    PA5WT         599 007   
QSO: 21088 RY 2024-04-06 1217 9A1A          599 018    CT7AJL        599 017   
QSO:  7044 RY 2024-04-06 1217 9A1A          599 012    DD7UW         599 002   
QSO: 14098 RY 2024-04-06 1217 9A1A          599 020    UA4FX         599 007   
QSO: 14098 RY 2024-04-06 1218 9A1A          599 021    DL5BAW        599 011   
QSO: 21088 RY 2024-04-06 1218 9A1A          599 019    VE1RSM        599 004   
QSO: 14098 RY 2024-04-06 1218 9A1A          599 022    UI5A          599 058   
QSO: 14098 RY 2024-04-06 1219 9A1A          599 023    EU1ST         599 008   
QSO: 14098 RY 2024-04-06 1219 9A1A          599 024    ON5GQ         599 013   
QSO:  7044 RY 2024-04-06 1219 9A1A          599 013    M1X           599 012   
QSO: 28088 RY 2024-04-06 1220 9A1A          599 012    PY2PLL        599 005   
QSO: 14098 RY 2024-04-06 1220 9A1A          599 025    SP4BPH        599 010   
QSO: 14098 RY 2024-04-06 1220 9A1A          599 026    AI9T          599 006   
QSO:  7044 RY 2024-04-06 1221 9A1A          599 014    ON2VHF        599 012   
QSO: 14098 RY 2024-04-06 1221 9A1A          599 027    DL7AUO        599 017   
QSO: 21088 RY 2024-04-06 1221 9A1A          599 020    AB4SF         599 007   
QSO:  7044 RY 2024-04-06 1222 9A1A          599 015    EE1D          599 SO    
QSO: 21089 RY 2024-04-06 1222 9A1A          599 021    UA9XL         599 020   
QSO: 14098 RY 2024-04-06 1222 9A1A          599 028    CT1FOQ        599 005   
QSO: 21082 RY 2024-04-06 1223 9A1A          599 022    EE2E          599 TE    
QSO: 14098 RY 2024-04-06 1223 9A1A          599 029    PA3EWG        599 011   
QSO:  7044 RY 2024-04-06 1224 9A1A          599 016    EA3IAZ        599 GI    
QSO: 14098 RY 2024-04-06 1224 9A1A          599 030    PD0JT         599 004   
QSO: 14098 RY 2024-04-06 1224 9A1A          599 031    LZ2MP         599 005   
QSO: 14098 RY 2024-04-06 1225 9A1A          599 032    DL7AOJ        599 005   
QSO: 28091 RY 2024-04-06 1225 9A1A          599 013    PY2PLL        599 005   
QSO: 14098 RY 2024-04-06 1225 9A1A          599 033    DJ4WM         599 010   
QSO: 21088 RY 2024-04-06 1225 9A1A          599 023    WB4CW         599 004   
QSO: 14098 RY 2024-04-06 1226 9A1A          599 034    LC6A          599 008   
QSO: 14098 RY 2024-04-06 1226 9A1A          599 035    PA4O          599 018   
QSO: 21088 RY 2024-04-06 1226 9A1A          599 024    OH2HAN        599 020   
QSO: 14098 RY 2024-04-06 1227 9A1A          599 036    DR7W          599 004   
QSO: 28079 RY 2024-04-06 1227 9A1A          599 014    EA8ZS         599 GC    
QSO: 14098 RY 2024-04-06 1227 9A1A          599 037    DL3SYA        599 019   
QSO: 28106 RY 2024-04-06 1227 9A1A          599 015    EA7Z          599 H     
QSO: 21088 RY 2024-04-06 1228 9A1A          599 025    W4RN          599 008   
QSO: 14098 RY 2024-04-06 1228 9A1A          599 038    OZ1QX         599 011   
QSO: 21088 RY 2024-04-06 1228 9A1A          599 026    W4GHV         599 005   
QSO:  7044 RY 2024-04-06 1229 9A1A          599 017    EC7ZR         599 CO    
QSO: 14098 RY 2024-04-06 1229 9A1A          599 039    PD5PET        599 005   
QSO: 21088 RY 2024-04-06 1229 9A1A          599 027    EI3CTB        599 009   
QSO: 14098 RY 2024-04-06 1229 9A1A          599 040    G0FGI         599 018   
QSO: 28091 RY 2024-04-06 1229 9A1A          599 016    YB9ELS        599 015   
QSO:  7044 RY 2024-04-06 1229 9A1A          599 018    IK2OVT        599 001   
QSO: 14098 RY 2024-04-06 1230 9A1A          599 041    G1JCC         599 012   
QSO: 14098 RY 2024-04-06 1230 9A1A          599 042    WD0T          599 009   
QSO: 21078 RY 2024-04-06 1231 9A1A          599 028    EA8DED        599 TF    
QSO: 14098 RY 2024-04-06 1231 9A1A          599 043    EW8G          599 013   
QSO: 28095 RY 2024-04-06 1231 9A1A          599 017    PU1JSV        599 012   
QSO: 14098 RY 2024-04-06 1232 9A1A          599 044    DL0RDG        599 008   
QSO: 14098 RY 2024-04-06 1232 9A1A          599 045    F4ITQ         599 024   
QSO: 21082 RY 2024-04-06 1233 9A1A          599 029    EA4HPY        599 M     
QSO: 14089 RY 2024-04-06 1233 9A1A          599 046    RA9AU         599 020   
QSO: 14098 RY 2024-04-06 1234 9A1A          599 047    S52W          599 020   
QSO: 21096 RY 2024-04-06 1234 9A1A          599 030    EE4Y          599 TO    
QSO: 28088 RY 2024-04-06 1234 9A1A          599 018    4M1W          599 001   
QSO:  7044 RY 2024-04-06 1235 9A1A          599 019    DL4GAJ        599 003   
QSO: 14098 RY 2024-04-06 1235 9A1A          599 048    UT0RM         599 010   
QSO: 14098 RY 2024-04-06 1236 9A1A          599 049    RA3NC         599 010   
QSO: 28086 RY 2024-04-06 1236 9A1A          599 019    4Z5KZ         599 001   
QSO: 14098 RY 2024-04-06 1236 9A1A          599 050    IW1CBG        599 027   
QSO: 14098 RY 2024-04-06 1236 9A1A          599 051    SE5T          599 019   
QSO: 21088 RY 2024-04-06 1236 9A1A          599 031    YQ6A          599 046   
QSO:  7044 RY 2024-04-06 1237 9A1A          599 020    EA3X          599 B     
QSO: 14098 RY 2024-04-06 1237 9A1A          599 052    M1X           599 025   
QSO: 21088 RY 2024-04-06 1237 9A1A          599 032    LC6A          599 016   
QSO: 14098 RY 2024-04-06 1237 9A1A          599 053    DB2KT         599 026   
QSO: 28086 RY 2024-04-06 1237 9A1A          599 020    EA8AXB        599 GC    
QSO: 14098 RY 2024-04-06 1238 9A1A          599 054    UT7MR         599 011   
QSO: 21088 RY 2024-04-06 1238 9A1A          599 033    YL2KO         599 021   
QSO: 14098 RY 2024-04-06 1238 9A1A          599 055    DL4VBU        599 013   
QSO: 21088 RY 2024-04-06 1238 9A1A          599 034    K2MK          599 014   
QSO:  7044 RY 2024-04-06 1238 9A1A          599 021    EA5JMW        599 V     
QSO: 14098 RY 2024-04-06 1239 9A1A          599 056    G5C           599 023   
QSO: 21088 RY 2024-04-06 1239 9A1A          599 035    LY2F          599 037   
QSO: 14098 RY 2024-04-06 1239 9A1A          599 057    KI6DY         599 010   
QSO:  7044 RY 2024-04-06 1240 9A1A          599 022    SP4BPH        599 014   
QSO: 21088 RY 2024-04-06 1240 9A1A          599 036    R165ASP       599 007   
QSO: 14098 RY 2024-04-06 1240 9A1A          599 058    UT2EF         599 014   
QSO: 21088 RY 2024-04-06 1241 9A1A          599 037    R4CI          599 008   
QSO: 21088 RY 2024-04-06 1241 9A1A          599 038    YB3BLJ        599 013   
QSO: 28091 RY 2024-04-06 1241 9A1A          599 021    EA8DHH        599 TF    
QSO: 14098 RY 2024-04-06 1241 9A1A          599 059    LY2BAA        599 012   
QSO: 14098 RY 2024-04-06 1242 9A1A          599 060    DL4ME         599 026   
QSO: 21088 RY 2024-04-06 1243 9A1A          599 039    WW4LL         599 014   
QSO: 14098 RY 2024-04-06 1243 9A1A          599 061    US7UK         599 019   
QSO: 14098 RY 2024-04-06 1244 9A1A          599 062    EW8OM         599 018   
QSO: 21088 RY 2024-04-06 1244 9A1A          599 040    RW0SR         599 006   
QSO: 28091 RY 2024-04-06 1244 9A1A          599 022    IK0YVV        599 017   
QSO: 21088 RY 2024-04-06 1245 9A1A          599 041    JH7RTQ        599 041   
QSO: 21088 RY 2024-04-06 1245 9A1A          599 042    S52W          599 031   
QSO:  7044 RY 2024-04-06 1245 9A1A          599 023    G1GNQ         599 004   
QSO: 14098 RY 2024-04-06 1245 9A1A          599 063    F4FDR         599 015   
QSO: 21088 RY 2024-04-06 1246 9A1A          599 043    UR5LY         599 007   
QSO: 28092 RY 2024-04-06 1246 9A1A          599 023    OK1MDK        599 021   
QSO: 14098 RY 2024-04-06 1246 9A1A          599 064    EA2EYF        599 Z     
QSO: 14098 RY 2024-04-06 1247 9A1A          599 065    N2WK          599 002   
QSO: 14098 RY 2024-04-06 1248 9A1A          599 066    YO3RU         599 035   
QSO: 21105 RY 2024-04-06 1249 9A1A          599 044    EE1D          599 SO    
QSO: 14098 RY 2024-04-06 1249 9A1A          599 067    GU0SUP        599 029   
QSO:  7044 RY 2024-04-06 1249 9A1A          599 024    PA3EVY        599 035   
QSO: 14098 RY 2024-04-06 1249 9A1A          599 068    RT6DI         599 008   
QSO: 14098 RY 2024-04-06 1250 9A1A          599 069    UA3XO         599 016   
QSO: 28092 RY 2024-04-06 1251 9A1A          599 024    UI5A          599 137   
QSO: 14098 RY 2024-04-06 1252 9A1A          599 070    OK6CX         599 027   
QSO: 28089 RY 2024-04-06 1252 9A1A          599 025    A71AE         599 005   
QSO: 14098 RY 2024-04-06 1252 9A1A          599 071    JN1THL        599 010   
QSO: 21100 RY 2024-04-06 1253 9A1A          599 045    EA3NO         599 B     
QSO: 14098 RY 2024-04-06 1254 9A1A          599 072    JF1RYU        599 009   
QSO:  7044 RY 2024-04-06 1254 9A1A          599 025    8S9J          599 001   
QSO: 21108 RY 2024-04-06 1254 9A1A          599 046    VE2BVV        599 017   
QSO:  7044 RY 2024-04-06 1254 9A1A          599 026    IU5ICR        599 028   
QSO: 14098 RY 2024-04-06 1255 9A1A          599 073    EA/DL5EO      599 A     
QSO: 14104 RY 2024-04-06 1256 9A1A          599 074    EE1D          599 SO    
QSO: 28092 RY 2024-04-06 1256 9A1A          599 026    PU2ONX        599 006   
QSO: 14098 RY 2024-04-06 1256 9A1A          599 075    RZ3Z          599 022   
QSO: 14098 RY 2024-04-06 1258 9A1A          599 076    PA0ALG        599 023   
QSO: 14098 RY 2024-04-06 1259 9A1A          599 077    OH2EUU        599 018   
QSO: 21088 RY 2024-04-06 1259 9A1A          599 047    EA1RCG        599 O     
QSO: 28087 RY 2024-04-06 1259 9A1A          599 027    ZW2WSP        599 028   
QSO: 21084 RY 2024-04-06 1300 9A1A          599 048    AO75URE       599 HQ    
QSO: 14098 RY 2024-04-06 1300 9A1A          599 078    PA4O          599 047   
QSO: 28092 RY 2024-04-06 1301 9A1A          599 028    YB3IZK        599 004   
QSO: 14098 RY 2024-04-06 1301 9A1A          599 079    RU5X          599 021   
QSO: 21085 RY 2024-04-06 1301 9A1A          599 049    EA6/DL2TM     599 IB    
QSO: 21085 RY 2024-04-06 1302 9A1A          599 050    KI6DY         599 022   
QSO: 21085 RY 2024-04-06 1303 9A1A          599 051    YC2XCD        599 013   
QSO: 14098 RY 2024-04-06 1303 9A1A          599 080    2E0INN        599 012   
QSO: 21085 RY 2024-04-06 1304 9A1A          599 052    RA3NC         599 021   
QSO: 28078 RY 2024-04-06 1304 9A1A          599 029    PY5AMF        599 004   
QSO: 14098 RY 2024-04-06 1304 9A1A          599 081    SP4LO         599 019   
QSO: 21090 RY 2024-04-06 1305 9A1A          599 053    ED1R          599 AV    
QSO:  7044 RY 2024-04-06 1305 9A1A          599 027    PA2VS         599 020   
QSO: 21083 RY 2024-04-06 1307 9A1A          599 054    EA5XU         599 V     
QSO: 14098 RY 2024-04-06 1307 9A1A          599 082    PA5JK         599 001   
QSO: 21085 RY 2024-04-06 1307 9A1A          599 055    RG9A          599 096   
QSO: 14098 RY 2024-04-06 1308 9A1A          599 083    PA2W          599 003   
QSO: 21085 RY 2024-04-06 1308 9A1A          599 056    RT6DI         599 015   
QSO: 14098 RY 2024-04-06 1308 9A1A          599 084    K3MM          599 080   
QSO: 21085 RY 2024-04-06 1309 9A1A          599 057    W6ZD          599 014   
QSO: 14098 RY 2024-04-06 1309 9A1A          599 085    EA1FQT        599 O     
QSO: 28089 RY 2024-04-06 1309 9A1A          599 030    IK4ZIF        599 009   
QSO: 21085 RY 2024-04-06 1309 9A1A          599 058    N0SMX         599 005   
QSO: 14098 RY 2024-04-06 1310 9A1A          599 086    GM0KWW        599 029   
QSO: 21085 RY 2024-04-06 1310 9A1A          599 059    IK1RGK        599 056   
QSO: 21085 RY 2024-04-06 1311 9A1A          599 060    VA3FF         599 003   
QSO: 21085 RY 2024-04-06 1311 9A1A          599 061    NE8O/4        599 003   
QSO: 14093 RY 2024-04-06 1311 9A1A          599 087    SV1ABB        599 038   
QSO:  7046 RY 2024-04-06 1311 9A1A          599 028    9A5D          599 016   
QSO: 14098 RY 2024-04-06 1312 9A1A          599 088    LY2F          599 056   
QSO:  7053 RY 2024-04-06 1313 9A1A          599 029    G1P           599 005   
QSO: 21088 RY 2024-04-06 1313 9A1A          599 062    SV2BFN        599 078   
QSO: 28094 RY 2024-04-06 1314 9A1A          599 031    IZ0KBR        599 011   
QSO:  7044 RY 2024-04-06 1315 9A1A          599 030    SP3QDX        599 002   
QSO: 21085 RY 2024-04-06 1316 9A1A          599 063    RC5Z          599 006   
QSO: 14092 RY 2024-04-06 1316 9A1A          599 089    EE4Y          599 TO    
QSO: 21085 RY 2024-04-06 1316 9A1A          599 064    K8ARY         599 002   
QSO: 28093 RY 2024-04-06 1317 9A1A          599 032    S52W          599 053   
QSO:  7044 RY 2024-04-06 1317 9A1A          599 031    EA5T          599 V     
QSO: 28093 RY 2024-04-06 1318 9A1A          599 033    PY2EBD        599 002   
QSO: 14098 RY 2024-04-06 1318 9A1A          599 090    DL5KUD        599 028   
QSO: 14098 RY 2024-04-06 1318 9A1A          599 091    2E0OBO        599 007   
QSO: 28093 RY 2024-04-06 1318 9A1A          599 034    PU2TES        599 004   
QSO: 21085 RY 2024-04-06 1319 9A1A          599 065    EA8TH         599 TF    
QSO: 14098 RY 2024-04-06 1319 9A1A          599 092    PD1BHZ        599 003   
QSO:  7044 RY 2024-04-06 1319 9A1A          599 032    GE7RTI        599 001   
QSO: 21104 RY 2024-04-06 1320 9A1A          599 066    VE2CSM        599 028   
QSO: 14098 RY 2024-04-06 1320 9A1A          599 093    CT7AJL        599 040   
QSO: 28093 RY 2024-04-06 1320 9A1A          599 035    PU2USK        599 005   
QSO: 21080 RY 2024-04-06 1320 9A1A          599 067    EA4FME        599 M     
QSO: 14098 RY 2024-04-06 1321 9A1A          599 094    ON7HB         599 020   
QSO: 14090 RY 2024-04-06 1322 9A1A          599 095    TF3AO         599 038   
QSO: 14108 RY 2024-04-06 1323 9A1A          599 096    GW5NF         599 009   
QSO: 21082 RY 2024-04-06 1323 9A1A          599 068    EA1URO        599 OU    
QSO: 28084 RY 2024-04-06 1324 9A1A          599 036    AO75URE       599 HQ    
QSO: 21079 RY 2024-04-06 1324 9A1A          599 069    EA4BAS        599 M     
QSO: 14098 RY 2024-04-06 1324 9A1A          599 097    OH1LA         599 035   
QSO: 21085 RY 2024-04-06 1324 9A1A          599 070    CT1BXT        599 001   
QSO: 14098 RY 2024-04-06 1325 9A1A          599 098    OH2HAN        599 075   
QSO: 21085 RY 2024-04-06 1325 9A1A          599 071    EA5FSJ        599 A     
QSO: 14085 RY 2024-04-06 1326 9A1A          599 099    EE2E          599 TE    
QSO: 21101 RY 2024-04-06 1326 9A1A          599 072    AO75CA        599 S     
QSO: 14098 RY 2024-04-06 1326 9A1A          599 100    M4N           599 006   
QSO:  7044 RY 2024-04-06 1327 9A1A          599 033    PA3EPO        599 001   
QSO: 21101 RY 2024-04-06 1328 9A1A          599 073    EA5LU         599 MU    
QSO: 14090 RY 2024-04-06 1328 9A1A          599 101    P3X           599 182   
QSO: 21085 RY 2024-04-06 1329 9A1A          599 074    YL2CI         599 054   
QSO: 14098 RY 2024-04-06 1330 9A1A          599 102    RN1AO         599 033   
QSO:  7044 RY 2024-04-06 1330 9A1A          599 034    IV3WMS        599 002   
QSO: 21097 RY 2024-04-06 1331 9A1A          599 075    EA2ESU        599 NA    
QSO: 14098 RY 2024-04-06 1331 9A1A          599 103    F8KLY         599 006   
QSO: 21080 RY 2024-04-06 1332 9A1A          599 076    EA8ZS         599 GC    
QSO: 21099 RY 2024-04-06 1332 9A1A          599 077    KU2M          599 083   
QSO: 21110 RY 2024-04-06 1334 9A1A          599 078    K3MM          599 110   
QSO:  7044 RY 2024-04-06 1335 9A1A          599 035    OZ1QX         599 045   
QSO:  7048 RY 2024-04-06 1336 9A1A          599 036    DM6DX         599 030   
QSO: 28093 RY 2024-04-06 1337 9A1A          599 037    N4TB          599 027   
QSO: 28093 RY 2024-04-06 1337 9A1A          599 038    HA74MAV       599 061   
QSO: 21088 RY 2024-04-06 1338 9A1A          599 079    IT9VCE        599 053   
QSO: 14098 RY 2024-04-06 1338 9A1A          599 104    GE7RTI        599 006   
QSO: 21079 RY 2024-04-06 1339 9A1A          599 080    EA5HKZ        599 A     
QSO:  7048 RY 2024-04-06 1339 9A1A          599 037    UA6BJY        599 004   
QSO: 21103 RY 2024-04-06 1340 9A1A          599 081    PV2K          599 096   
QSO: 14098 RY 2024-04-06 1340 9A1A          599 105    K5YCM         599 025   
QSO: 14098 RY 2024-04-06 1340 9A1A          599 106    PA4G          599 054   
QSO: 21084 RY 2024-04-06 1341 9A1A          599 082    KG4IGC        599 009   
QSO: 28093 RY 2024-04-06 1341 9A1A          599 039    OH2HAN        599 091   
QSO: 14098 RY 2024-04-06 1341 9A1A          599 107    LY3CY         599 034   
QSO: 21084 RY 2024-04-06 1341 9A1A          599 083    K2YG          599 002   
QSO:  7042 RY 2024-04-06 1342 9A1A          599 038    ED1R          599 AV    
QSO: 21084 RY 2024-04-06 1342 9A1A          599 084    EA5JMW        599 V     
QSO: 21084 RY 2024-04-06 1342 9A1A          599 085    VA2QR         599 014   
QSO: 14098 RY 2024-04-06 1343 9A1A          599 108    UC4I          599 020   
QSO: 14098 RY 2024-04-06 1343 9A1A          599 109    R0OO          599 004   
QSO:  7041 RY 2024-04-06 1344 9A1A          599 039    EA4HPY        599 M     
QSO: 21084 RY 2024-04-06 1344 9A1A          599 086    HA5GF         599 040   
QSO:  7044 RY 2024-04-06 1345 9A1A          599 040    DL7AUO        599 068   
QSO: 21084 RY 2024-04-06 1345 9A1A          599 087    EA1FQT        599 O     
QSO: 14098 RY 2024-04-06 1345 9A1A          599 110    UA0LLD        599 012   
QSO:  7044 RY 2024-04-06 1345 9A1A          599 041    IW1CBG        599 061   
QSO: 21084 RY 2024-04-06 1345 9A1A          599 088    KP4JFR        599 002   
QSO:  7044 RY 2024-04-06 1346 9A1A          599 042    OZ6AGX        599 025   
QSO: 14098 RY 2024-04-06 1346 9A1A          599 111    G4ZWX         599 031   
QSO:  7044 RY 2024-04-06 1347 9A1A          599 043    IZ4OTE        599 013   
QSO: 14098 RY 2024-04-06 1347 9A1A          599 112    OK2PGJ        599 040   
QSO: 28088 RY 2024-04-06 1347 9A1A          599 040    EE1D          599 SO    
QSO: 14098 RY 2024-04-06 1348 9A1A          599 113    R4CU          599 010   
QSO:  7044 RY 2024-04-06 1348 9A1A          599 044    PA3DHK        599 011   
QSO: 28097 RY 2024-04-06 1348 9A1A          599 041    LT4E          599 003   
QSO: 14098 RY 2024-04-06 1349 9A1A          599 114    RT0W          599 012   
QSO: 21084 RY 2024-04-06 1349 9A1A          599 089    N4NTO         599 001   
QSO: 21084 RY 2024-04-06 1350 9A1A          599 090    YE3FZR        599 009   
QSO: 21084 RY 2024-04-06 1351 9A1A          599 091    I2DJX         599 013   
QSO: 14098 RY 2024-04-06 1352 9A1A          599 115    PA6Q          599 013   
QSO: 14098 RY 2024-04-06 1352 9A1A          599 116    UA4HBM        599 007   
QSO: 21084 RY 2024-04-06 1352 9A1A          599 092    WM5DX         599 001   
QSO:  7044 RY 2024-04-06 1354 9A1A          599 045    S52W          599 074   
QSO: 14098 RY 2024-04-06 1355 9A1A          599 117    K1VW          599 010   
QSO: 28099 RY 2024-04-06 1357 9A1A          599 042    PQ8VA         599 003   
QSO: 14098 RY 2024-04-06 1357 9A1A          599 118    AD4EB         599 007   
QSO: 21090 RY 2024-04-06 1357 9A1A          599 093    P3X           599 247   
QSO:  7044 RY 2024-04-06 1357 9A1A          599 046    F6ITD         599 026   
QSO: 14115 RY 2024-04-06 1359 9A1A          599 119    ED1R          599 AV    
QSO: 21084 RY 2024-04-06 1359 9A1A          599 094    W8GEX         599 001   
QSO: 21102 RY 2024-04-06 1400 9A1A          599 095    9A5Y          599 076   
QSO: 14102 RY 2024-04-06 1400 9A1A          599 120    AO75CA        599 S     
QSO: 14098 RY 2024-04-06 1401 9A1A          599 121    MW9W          599 046   
QSO: 21092 RY 2024-04-06 1401 9A1A          599 096    OZ0JD         599 081   
QSO: 14098 RY 2024-04-06 1401 9A1A          599 122    PD0WVD        599 007   
QSO: 14098 RY 2024-04-06 1402 9A1A          599 123    W5AP          599 019   
QSO: 21084 RY 2024-04-06 1403 9A1A          599 097    VA1XH         599 009   
QSO: 21106 RY 2024-04-06 1404 9A1A          599 098    AI9T          599 016   
QSO: 21103 RY 2024-04-06 1405 9A1A          599 099    AO75PA        599 O     
QSO: 14098 RY 2024-04-06 1405 9A1A          599 124    IV3IPS        599 077   
QSO: 14098 RY 2024-04-06 1406 9A1A          599 125    I2DJX         599 022   
QSO: 21080 RY 2024-04-06 1407 9A1A          599 100    AC1NU         599 191   
QSO:  7042 RY 2024-04-06 1407 9A1A          599 047    RU5X          599 058   
QSO: 14098 RY 2024-04-06 1408 9A1A          599 126    N0AT          599 010   
QSO: 28088 RY 2024-04-06 1409 9A1A          599 043    PA3GCU        599 068   
QSO: 21101 RY 2024-04-06 1409 9A1A          599 101    9N7AA         599 009   
QSO: 14098 RY 2024-04-06 1409 9A1A          599 127    R4CI          599 028   
QSO: 21088 RY 2024-04-06 1410 9A1A          599 102    HK3W          599 031   
QSO: 21101 RY 2024-04-06 1411 9A1A          599 103    EA5PI         599 V     
QSO: 21097 RY 2024-04-06 1412 9A1A          599 104    9A1HBC        599 035   
QSO:  7042 RY 2024-04-06 1412 9A1A          599 048    EA5FHC        599 V     
QSO: 14098 RY 2024-04-06 1413 9A1A          599 128    G7D           599 069   
QSO:  7042 RY 2024-04-06 1413 9A1A          599 049    PA4G          599 064   
QSO: 21104 RY 2024-04-06 1413 9A1A          599 105    LZ7A          599 108   
QSO: 14098 RY 2024-04-06 1413 9A1A          599 129    M2G           599 123   
QSO:  7042 RY 2024-04-06 1415 9A1A          599 050    IR1GM         599 001   
QSO: 28088 RY 2024-04-06 1415 9A1A          599 044    PY4XX         599 001   
QSO: 21081 RY 2024-04-06 1415 9A1A          599 106    VA3IK         599 002   
QSO: 21081 RY 2024-04-06 1416 9A1A          599 107    W3TEZ         599 001   
QSO: 14098 RY 2024-04-06 1417 9A1A          599 130    VA2QR         599 026   
QSO: 21081 RY 2024-04-06 1417 9A1A          599 108    W3FIZ         599 060   
QSO: 21081 RY 2024-04-06 1417 9A1A          599 109    EI3GC         599 048   
QSO: 21081 RY 2024-04-06 1418 9A1A          599 110    EA2XR         599 BI    
QSO: 21091 RY 2024-04-06 1419 9A1A          599 111    EA4Z          599 M     
QSO: 14098 RY 2024-04-06 1419 9A1A          599 131    EA4U          599 M     
QSO:  7042 RY 2024-04-06 1419 9A1A          599 051    DL3SYA        599 083   
QSO: 21097 RY 2024-04-06 1419 9A1A          599 112    EC5K          599 V     
QSO: 14098 RY 2024-04-06 1420 9A1A          599 132    EV1R          599 098   
QSO: 28088 RY 2024-04-06 1421 9A1A          599 045    S56A          599 021   
QSO:  7042 RY 2024-04-06 1421 9A1A          599 052    DJ1PQ         599 064   
QSO: 14098 RY 2024-04-06 1421 9A1A          599 133    M0ICL         599 040   
QSO: 14098 RY 2024-04-06 1422 9A1A          599 134    UT5EPP        599 094   
QSO:  7042 RY 2024-04-06 1422 9A1A          599 053    DL1ZBO        599 048   
QSO: 14091 RY 2024-04-06 1423 9A1A          599 135    EC7ZR         599 CO    
QSO: 21081 RY 2024-04-06 1423 9A1A          599 113    WB2COY        599 003   
QSO: 21081 RY 2024-04-06 1424 9A1A          599 114    EA8AQV        599 GC    
QSO:  7042 RY 2024-04-06 1424 9A1A          599 054    HA74MAV       599 083   
QSO: 21081 RY 2024-04-06 1425 9A1A          599 115    KK5OQ         599 019   
QSO: 21081 RY 2024-04-06 1426 9A1A          599 116    AB5XM         599 008   
QSO: 21081 RY 2024-04-06 1426 9A1A          599 117    N4KXO         599 007   
QSO: 21081 RY 2024-04-06 1428 9A1A          599 118    YE3FZR        599 020   
QSO: 14098 RY 2024-04-06 1428 9A1A          599 136    G1GNQ         599 013   
QSO: 28087 RY 2024-04-06 1428 9A1A          599 046    PX2T          599 004   
QSO: 14098 RY 2024-04-06 1429 9A1A          599 137    LY2LF         599 004   
QSO: 28084 RY 2024-04-06 1429 9A1A          599 047    LZ7A          599 115   
QSO: 14098 RY 2024-04-06 1429 9A1A          599 138    R7MM          599 094   
QSO: 21079 RY 2024-04-06 1430 9A1A          599 119    TM1RY         599 066   
QSO: 14098 RY 2024-04-06 1430 9A1A          599 139    EA5DO         599 V     
QSO: 21095 RY 2024-04-06 1431 9A1A          599 120    EF7O          599 CO    
QSO: 14098 RY 2024-04-06 1431 9A1A          599 140    PA3GCU        599 084   
QSO: 21081 RY 2024-04-06 1433 9A1A          599 121    DL7AUO        599 107   
QSO: 28088 RY 2024-04-06 1434 9A1A          599 048    EA8DED        599 TF    
QSO: 14098 RY 2024-04-06 1434 9A1A          599 141    JH7RTQ        599 043   
QSO: 21081 RY 2024-04-06 1434 9A1A          599 122    KC2WUF        599 003   
QSO: 14098 RY 2024-04-06 1435 9A1A          599 142    K8RCT         599 010   
QSO: 14098 RY 2024-04-06 1435 9A1A          599 143    PA3GDG        599 037   
QSO: 21078 RY 2024-04-06 1436 9A1A          599 123    EA7CP         599 AL    
QSO: 28088 RY 2024-04-06 1436 9A1A          599 049    CM8JFL        599 014   
QSO: 14098 RY 2024-04-06 1436 9A1A          599 144    EI5EV         599 004   
QSO: 21081 RY 2024-04-06 1436 9A1A          599 124    RZ3Z          599 068   
QSO:  7042 RY 2024-04-06 1436 9A1A          599 055    DL5BAW        599 042   
QSO: 14093 RY 2024-04-06 1438 9A1A          599 145    HS3NBR        599 037   
QSO: 14098 RY 2024-04-06 1440 9A1A          599 146    RJ3F          599 037   
QSO: 14098 RY 2024-04-06 1441 9A1A          599 147    TM1RY         599 073   
QSO:  7042 RY 2024-04-06 1442 9A1A          599 056    DC1YL         599 043   
QSO: 21082 RY 2024-04-06 1442 9A1A          599 125    AO75GA        599 PO    
QSO: 14088 RY 2024-04-06 1442 9A1A          599 148    EA8DED        599 TF    
QSO: 28088 RY 2024-04-06 1443 9A1A          599 050    OK1KKI        599 056   
QSO: 21081 RY 2024-04-06 1443 9A1A          599 126    ON4DN         599 095   
QSO:  7042 RY 2024-04-06 1444 9A1A          599 057    EA3EA         599 B     
QSO: 14083 RY 2024-04-06 1444 9A1A          599 149    AO75URE       599 HQ    
QSO: 14098 RY 2024-04-06 1445 9A1A          599 150    F4CYH/P       599 001   
QSO:  7042 RY 2024-04-06 1445 9A1A          599 058    DB2KT         599 086   
QSO: 21081 RY 2024-04-06 1446 9A1A          599 127    AA4HG         599 002   
QSO: 28088 RY 2024-04-06 1446 9A1A          599 051    EE2E          599 TE    
QSO: 14098 RY 2024-04-06 1447 9A1A          599 151    R3OR          599 025   
QSO:  7042 RY 2024-04-06 1447 9A1A          599 059    IV3IPA        599 039   
QSO: 14098 RY 2024-04-06 1447 9A1A          599 152    DL0HG         599 040   
QSO: 21081 RY 2024-04-06 1448 9A1A          599 128    RA9XSL        599 007   
QSO:  7042 RY 2024-04-06 1448 9A1A          599 060    DK0KTL        599 041   
QSO: 14098 RY 2024-04-06 1448 9A1A          599 153    WV4P          599 065   
QSO: 14098 RY 2024-04-06 1449 9A1A          599 154    VA3IK         599 016   
QSO: 21081 RY 2024-04-06 1449 9A1A          599 129    DL3DRN        599 048   
QSO:  7042 RY 2024-04-06 1449 9A1A          599 061    PA3GDG        599 047   
QSO: 14098 RY 2024-04-06 1449 9A1A          599 155    SE4E          599 092   
QSO: 21081 RY 2024-04-06 1450 9A1A          599 130    YD3ASV        599 005   
QSO: 28088 RY 2024-04-06 1450 9A1A          599 052    PU2VNC        599 005   
QSO: 14098 RY 2024-04-06 1450 9A1A          599 156    UT7NI         599 067   
QSO:  7042 RY 2024-04-06 1451 9A1A          599 062    F4FDR         599 063   
QSO: 14098 RY 2024-04-06 1451 9A1A          599 157    F6COA         599 003   
QSO: 28088 RY 2024-04-06 1452 9A1A          599 053    OE3NHW        599 023   
QSO: 14098 RY 2024-04-06 1452 9A1A          599 158    RX1AG         599 023   
QSO: 28088 RY 2024-04-06 1452 9A1A          599 054    YL2KO         599 058   
QSO: 28088 RY 2024-04-06 1453 9A1A          599 055    OL4D          599 004   
QSO: 14098 RY 2024-04-06 1454 9A1A          599 159    RA4L          599 022   
QSO: 28088 RY 2024-04-06 1454 9A1A          599 056    EB5F          599 A     
QSO:  7042 RY 2024-04-06 1454 9A1A          599 063    II2GM         599 002   
QSO:  7042 RY 2024-04-06 1456 9A1A          599 064    SE4E          599 095   
QSO: 14098 RY 2024-04-06 1456 9A1A          599 160    K0JJR         599 006   
QSO: 21081 RY 2024-04-06 1456 9A1A          599 131    NF0N          599 003   
QSO: 28090 RY 2024-04-06 1457 9A1A          599 057    EA4HPY        599 M     
QSO: 14098 RY 2024-04-06 1458 9A1A          599 161    PA3I          599 019   
QSO:  7042 RY 2024-04-06 1459 9A1A          599 065    I5OVS         599 002   
QSO: 28085 RY 2024-04-06 1459 9A1A          599 058    ED1R          599 AV    
QSO: 21095 RY 2024-04-06 1459 9A1A          599 132    CO7HH         599 014   
QSO:  7042 RY 2024-04-06 1500 9A1A          599 066    OZ6TL         599 008   
QSO: 14098 RY 2024-04-06 1500 9A1A          599 162    M3AWD         599 055   
QSO: 14098 RY 2024-04-06 1501 9A1A          599 163    DL5DTG        599 062   
QSO: 14098 RY 2024-04-06 1501 9A1A          599 164    RA1ALC        599 027   
QSO: 14098 RY 2024-04-06 1503 9A1A          599 165    DL1ZBO        599 066   
QSO: 21080 RY 2024-04-06 1504 9A1A          599 133    R3LC          599 063   
QSO: 14098 RY 2024-04-06 1504 9A1A          599 166    OE3NHW        599 026   
QSO: 28101 RY 2024-04-06 1504 9A1A          599 059    OA4DOS        599 003   
QSO:  7042 RY 2024-04-06 1504 9A1A          599 067    ON4AMP        599 017   
QSO: 14098 RY 2024-04-06 1504 9A1A          599 167    K0ZR          599 012   
QSO: 21080 RY 2024-04-06 1504 9A1A          599 134    OM5NL         599 029   
QSO:  7042 RY 2024-04-06 1505 9A1A          599 068    PA4O          599 144   
QSO: 14098 RY 2024-04-06 1506 9A1A          599 168    R2APK         599 033   
QSO:  7041 RY 2024-04-06 1507 9A1A          599 069    ED3D          599 GI    
QSO: 14098 RY 2024-04-06 1507 9A1A          599 169    IW8PJI        599 039   
QSO: 21080 RY 2024-04-06 1507 9A1A          599 135    WA5REB        599 004   
QSO: 14087 RY 2024-04-06 1508 9A1A          599 170    EA2BJM        599 Z     
QSO:  7042 RY 2024-04-06 1509 9A1A          599 070    OM1HMI        599 029   
QSO: 21080 RY 2024-04-06 1510 9A1A          599 136    KS3H          599 005   
QSO: 14098 RY 2024-04-06 1510 9A1A          599 171    N6FS          599 045   
QSO: 21080 RY 2024-04-06 1510 9A1A          599 137    OH2HOD        599 043   
QSO: 14098 RY 2024-04-06 1511 9A1A          599 172    LZ3QE         599 113   
QSO: 14098 RY 2024-04-06 1511 9A1A          599 173    RA5BF         599 029   
QSO: 21080 RY 2024-04-06 1511 9A1A          599 138    EA1O          599 SG    
QSO: 14098 RY 2024-04-06 1512 9A1A          599 174    JG1LFR        599 029   
QSO: 28088 RY 2024-04-06 1512 9A1A          599 060    DL6RDM        599 004   
QSO: 14098 RY 2024-04-06 1513 9A1A          599 175    IV3LNQ        599 070   
QSO: 28085 RY 2024-04-06 1514 9A1A          599 061    M2G           599 197   
QSO: 14089 RY 2024-04-06 1514 9A1A          599 176    EA2XR         599 BI    
QSO: 21080 RY 2024-04-06 1514 9A1A          599 139    EA7FRX        599 CO    
QSO:  7042 RY 2024-04-06 1515 9A1A          599 071    UW1WU         599 052   
QSO: 14098 RY 2024-04-06 1515 9A1A          599 177    EA5LU         599 MU    
QSO: 21080 RY 2024-04-06 1516 9A1A          599 140    DB2KT         599 098   
QSO: 28088 RY 2024-04-06 1516 9A1A          599 062    CO7HH         599 018   
QSO: 14098 RY 2024-04-06 1516 9A1A          599 178    PD2GSP        599 011   
QSO: 21080 RY 2024-04-06 1517 9A1A          599 141    RN4CA         599 053   
QSO: 14098 RY 2024-04-06 1517 9A1A          599 179    7S5S          599 074   
QSO: 14086 RY 2024-04-06 1518 9A1A          599 180    EA1URO        599 OU    
QSO: 28088 RY 2024-04-06 1518 9A1A          599 063    DK8ZZ         599 003   
QSO: 21080 RY 2024-04-06 1518 9A1A          599 142    N9UA          599 017   
QSO: 14088 RY 2024-04-06 1518 9A1A          599 181    EA3IAZ        599 GI    
QSO: 14086 RY 2024-04-06 1519 9A1A          599 182    EA5XU         599 V     
QSO: 14098 RY 2024-04-06 1521 9A1A          599 183    EA3CFV        599 GI    
QSO: 21083 RY 2024-04-06 1522 9A1A          599 143    TF3PPN        599 001   
QSO:  7042 RY 2024-04-06 1522 9A1A          599 072    OM5TX         599 015   
QSO: 28088 RY 2024-04-06 1522 9A1A          599 064    CO7HH         599 018   
QSO: 21095 RY 2024-04-06 1522 9A1A          599 144    EB5CS         599 CS    
QSO:  7042 RY 2024-04-06 1523 9A1A          599 073    LZ2HT         599 051   
QSO: 14098 RY 2024-04-06 1523 9A1A          599 184    IV3HAX        599 096   
QSO:  7042 RY 2024-04-06 1523 9A1A          599 074    YO8OLY        599 112   
QSO: 21091 RY 2024-04-06 1524 9A1A          599 145    ED3D          599 GI    
QSO:  7042 RY 2024-04-06 1525 9A1A          599 075    DL4BHA        599 191   
QSO: 14096 RY 2024-04-06 1525 9A1A          599 185    YC2XCD        599 034   
QSO: 21080 RY 2024-04-06 1525 9A1A          599 146    K8QKY         599 003   
QSO: 21080 RY 2024-04-06 1526 9A1A          599 147    G7D           599 076   
QSO: 21080 RY 2024-04-06 1526 9A1A          599 148    WJ2D          599 090   
QSO: 28088 RY 2024-04-06 1527 9A1A          599 065    K3MM          599 227   
QSO:  7042 RY 2024-04-06 1527 9A1A          599 076    DJ4WT         599 010   
QSO: 14098 RY 2024-04-06 1527 9A1A          599 186    EA2ESU        599 NA    
QSO: 14098 RY 2024-04-06 1528 9A1A          599 187    EA5FSJ        599 A     
QSO: 21080 RY 2024-04-06 1528 9A1A          599 149    YO3RU         599 153   
QSO: 21080 RY 2024-04-06 1529 9A1A          599 150    K4RUM         599 012   
QSO: 28088 RY 2024-04-06 1529 9A1A          599 066    WP3GW         599 007   
QSO: 14098 RY 2024-04-06 1529 9A1A          599 188    TA1SOR        599 082   
QSO: 21080 RY 2024-04-06 1529 9A1A          599 151    OK2PF         599 103   
QSO:  7042 RY 2024-04-06 1530 9A1A          599 077    RN1AO         599 049   
QSO: 21080 RY 2024-04-06 1530 9A1A          599 152    W0LSD         599 012   
QSO: 21080 RY 2024-04-06 1530 9A1A          599 153    N6FS          599 054   
QSO: 21080 RY 2024-04-06 1530 9A1A          599 154    K8RCT         599 025   
QSO:  7042 RY 2024-04-06 1531 9A1A          599 078    G0FGI         599 106   
QSO: 28088 RY 2024-04-06 1531 9A1A          599 067    YO3RU         599 155   
QSO: 14115 RY 2024-04-06 1531 9A1A          599 189    YT6T          599 078   
QSO:  7042 RY 2024-04-06 1532 9A1A          599 079    HB9IKO        599 042   
QSO: 21081 RY 2024-04-06 1532 9A1A          599 155    EC7ZR         599 CO    
QSO:  7042 RY 2024-04-06 1534 9A1A          599 080    EE4Y          599 TO    
QSO: 14098 RY 2024-04-06 1537 9A1A          599 190    G0JSP         599 047   
QSO:  7048 RY 2024-04-06 1537 9A1A          599 081    IW8PQ         599 052   
QSO: 14098 RY 2024-04-06 1537 9A1A          599 191    UR4CU         599 103   
QSO: 21080 RY 2024-04-06 1537 9A1A          599 156    K0JJR         599 019   
QSO: 14098 RY 2024-04-06 1539 9A1A          599 192    K6YK          599 007   
QSO: 28088 RY 2024-04-06 1539 9A1A          599 068    F4ITQ         599 103   
QSO: 28088 RY 2024-04-06 1540 9A1A          599 069    PU3POE        599 005   
QSO:  7042 RY 2024-04-06 1540 9A1A          599 082    LY2F          599 187   
QSO:  7042 RY 2024-04-06 1541 9A1A          599 083    DJ1OJ         599 074   
QSO: 21080 RY 2024-04-06 1541 9A1A          599 157    N0AT          599 016   
QSO: 14098 RY 2024-04-06 1541 9A1A          599 193    YO9BCM        599 143   
QSO: 21080 RY 2024-04-06 1542 9A1A          599 158    LZ3QE         599 132   
QSO:  7040 RY 2024-04-06 1543 9A1A          599 084    Z39A          599 006   
QSO: 21080 RY 2024-04-06 1543 9A1A          599 159    DK3WW         599 010   
QSO: 14089 RY 2024-04-06 1544 9A1A          599 194    EA5PI         599 V     
QSO: 21106 RY 2024-04-06 1545 9A1A          599 160    PA4O          599 159   
QSO: 14098 RY 2024-04-06 1545 9A1A          599 195    SV1RK         599 063   
QSO:  7042 RY 2024-04-06 1545 9A1A          599 085    EA4HCJ        599 GU    
QSO: 14098 RY 2024-04-06 1545 9A1A          599 196    GI7THC        599 005   
QSO: 21080 RY 2024-04-06 1546 9A1A          599 161    W9ILY         599 082   
QSO:  3585 RY 2024-04-06 1546 9A1A          599 001    I3PXN         599 001   
QSO:  7042 RY 2024-04-06 1547 9A1A          599 086    SI3A          599 092   
QSO:  7042 RY 2024-04-06 1548 9A1A          599 087    IK3TCK        599 032   
QSO: 21080 RY 2024-04-06 1548 9A1A          599 162    NN4SS         599 004   
QSO: 21080 RY 2024-04-06 1549 9A1A          599 163    WE6EZ         599 001   
QSO: 21080 RY 2024-04-06 1549 9A1A          599 164    WA2HYO        599 010   
QSO: 14098 RY 2024-04-06 1550 9A1A          599 197    G4FVZ         599 001   
QSO: 14098 RY 2024-04-06 1551 9A1A          599 198    W6EU          599 034   
QSO: 14098 RY 2024-04-06 1551 9A1A          599 199    EA5T          599 V     
QSO:  7042 RY 2024-04-06 1551 9A1A          599 088    RZ9A          599 075   
QSO: 21094 RY 2024-04-06 1551 9A1A          599 165    EA7GE         599 CO    
QSO:  7043 RY 2024-04-06 1553 9A1A          599 089    EA5XU         599 V     
QSO: 28088 RY 2024-04-06 1555 9A1A          599 070    CM8JFL        599 022   
QSO: 14098 RY 2024-04-06 1555 9A1A          599 200    EA1DP         599 BI    
QSO:  7042 RY 2024-04-06 1556 9A1A          599 090    DN4TG         599 103   
QSO: 28088 RY 2024-04-06 1557 9A1A          599 071    PT1K          599 004   
QSO: 21083 RY 2024-04-06 1557 9A1A          599 166    EA3IPX        599 B     
QSO: 21080 RY 2024-04-06 1558 9A1A          599 167    W3ZO          599 001   
QSO: 28088 RY 2024-04-06 1559 9A1A          599 072    KP4JFR        599 019   
QSO: 21080 RY 2024-04-06 1559 9A1A          599 168    EA1BDX        599 C     
QSO: 21080 RY 2024-04-06 1600 9A1A          599 169    IK2FTB        599 077   
QSO: 21080 RY 2024-04-06 1601 9A1A          599 170    S56A          599 037   
QSO: 21082 RY 2024-04-06 1603 9A1A          599 171    EA7HAB        599 GR    
QSO: 14098 RY 2024-04-06 1603 9A1A          599 201    VA1XH         599 030   
QSO: 21100 RY 2024-04-06 1604 9A1A          599 172    SP3PDO        599 022   
QSO:  7045 RY 2024-04-06 1605 9A1A          599 091    AO75URE       599 HQ    
QSO: 14098 RY 2024-04-06 1605 9A1A          599 202    G0GQT         599 069   
QSO:  7042 RY 2024-04-06 1606 9A1A          599 092    UI5A          599 468   
QSO:  7042 RY 2024-04-06 1606 9A1A          599 093    DL2FK         599 021   
QSO:  7042 RY 2024-04-06 1607 9A1A          599 094    G4ZWX         599 083   
QSO: 28088 RY 2024-04-06 1608 9A1A          599 073    YQ6A          599 271   
QSO:  7037 RY 2024-04-06 1609 9A1A          599 095    EE2E          599 TE    
QSO: 14098 RY 2024-04-06 1609 9A1A          599 203    EA4AES        599 CR    
QSO: 21080 RY 2024-04-06 1610 9A1A          599 173    G3KLH         599 021   
QSO:  7042 RY 2024-04-06 1611 9A1A          599 096    DF5BX         599 069   
QSO: 21080 RY 2024-04-06 1613 9A1A          599 174    OK1AUO        599 014   
QSO: 21080 RY 2024-04-06 1613 9A1A          599 175    NN4RB         599 026   
QSO: 14098 RY 2024-04-06 1613 9A1A          599 204    EB5CUN        599 V     
QSO: 21109 RY 2024-04-06 1614 9A1A          599 176    VY2RCAF       599 025   
QSO: 28088 RY 2024-04-06 1615 9A1A          599 074    OK1FIA        599 002   
QSO:  7051 RY 2024-04-06 1616 9A1A          599 097    AO75GA        599 PO    
QSO: 21112 RY 2024-04-06 1617 9A1A          599 177    EA8W          599 GC    
QSO: 28088 RY 2024-04-06 1617 9A1A          599 075    W2IUC         599 005   
QSO: 14096 RY 2024-04-06 1617 9A1A          599 205    EA7GE         599 CO    
QSO: 21080 RY 2024-04-06 1618 9A1A          599 178    UA9CTT        599 143   
QSO:  7042 RY 2024-04-06 1618 9A1A          599 098    PA3I          599 045   
QSO:  7042 RY 2024-04-06 1619 9A1A          599 099    HA0GK         599 029   
QSO: 21082 RY 2024-04-06 1619 9A1A          599 179    KH7X/W7       599 049   
QSO: 14098 RY 2024-04-06 1619 9A1A          599 206    I5YMR         599 086   
QSO:  7042 RY 2024-04-06 1620 9A1A          599 100    EA6ZS         599 IB    
QSO: 14098 RY 2024-04-06 1620 9A1A          599 207    RA3V          599 009   
QSO: 28088 RY 2024-04-06 1620 9A1A          599 076    IV3WMS        599 090   
QSO: 21095 RY 2024-04-06 1621 9A1A          599 180    EV1R          599 188   
QSO:  7042 RY 2024-04-06 1622 9A1A          599 101    UA3XO         599 048   
QSO: 21091 RY 2024-04-06 1622 9A1A          599 181    EB1RD         599 O     
QSO: 28088 RY 2024-04-06 1623 9A1A          599 077    IK8IOO        599 019   
QSO:  7042 RY 2024-04-06 1624 9A1A          599 102    RG9A          599 328   
QSO: 14099 RY 2024-04-06 1626 9A1A          599 208    EA8W          599 GC    
QSO:  7042 RY 2024-04-06 1626 9A1A          599 103    PD1RO         599 024   
QSO: 14116 RY 2024-04-06 1626 9A1A          599 209    YL2KO         599 105   
QSO:  7042 RY 2024-04-06 1627 9A1A          599 104    GU0SUP        599 095   
QSO: 14103 RY 2024-04-06 1627 9A1A          599 210    AO75AR        599 HU    
QSO: 28088 RY 2024-04-06 1627 9A1A          599 078    9A5Y          599 166   
QSO: 14100 RY 2024-04-06 1628 9A1A          599 211    EA8DIG        599 TF    
QSO: 21080 RY 2024-04-06 1628 9A1A          599 182    VA3RTG        599 005   
QSO:  7044 RY 2024-04-06 1629 9A1A          599 105    IU0PVM        599 076   
QSO: 14087 RY 2024-04-06 1630 9A1A          599 212    EA5R          599 MU    
QSO:  7042 RY 2024-04-06 1630 9A1A          599 106    EA1FQT        599 O     
QSO: 21104 RY 2024-04-06 1630 9A1A          599 183    AO75AR        599 HU    
QSO: 14104 RY 2024-04-06 1630 9A1A          599 213    ED3D          599 GI    
QSO: 14101 RY 2024-04-06 1631 9A1A          599 214    AO75PA        599 O     
QSO: 28088 RY 2024-04-06 1631 9A1A          599 079    W3DQT         599 003   
QSO: 21080 RY 2024-04-06 1632 9A1A          599 184    WA8YZB        599 007   
QSO:  7053 RY 2024-04-06 1632 9A1A          599 107    M3AWD         599 114   
QSO: 14094 RY 2024-04-06 1632 9A1A          599 215    HA8QZ         599 252   
QSO:  7050 RY 2024-04-06 1633 9A1A          599 108    PA3ARM        599 012   
QSO: 28090 RY 2024-04-06 1633 9A1A          599 080    EA8DIG        599 TF    
QSO:  7042 RY 2024-04-06 1633 9A1A          599 109    I2OGV         599 042   
QSO: 14089 RY 2024-04-06 1634 9A1A          599 216    EA1O          599 SG    
QSO: 14102 RY 2024-04-06 1635 9A1A          599 217    EB5F          599 A     
QSO: 14117 RY 2024-04-06 1636 9A1A          599 218    OH1NOA        599 071   
QSO: 21080 RY 2024-04-06 1637 9A1A          599 185    DL3SYA        599 153   
QSO: 28088 RY 2024-04-06 1637 9A1A          599 081    WJ2D          599 126   
QSO:  7043 RY 2024-04-06 1638 9A1A          599 110    RC5Z          599 125   
QSO: 14097 RY 2024-04-06 1638 9A1A          599 219    YO4NF         599 189   
QSO: 28088 RY 2024-04-06 1639 9A1A          599 082    9A1HBC        599 087   
QSO:  7042 RY 2024-04-06 1639 9A1A          599 111    R4CU          599 052   
QSO: 14097 RY 2024-04-06 1639 9A1A          599 220    UA9CTT        599 157   
QSO: 21080 RY 2024-04-06 1639 9A1A          599 186    K2LNS         599 040   
QSO:  7042 RY 2024-04-06 1640 9A1A          599 112    RA1ALC        599 066   
QSO: 14097 RY 2024-04-06 1640 9A1A          599 221    UA4PN         599 009   
QSO: 21078 RY 2024-04-06 1640 9A1A          599 187    EA4IF         599 TO    
QSO: 14097 RY 2024-04-06 1640 9A1A          599 222    UC5D          599 019   
QSO:  7042 RY 2024-04-06 1641 9A1A          599 113    IV3LNQ        599 096   
QSO: 14097 RY 2024-04-06 1641 9A1A          599 223    RL9L          599 051   
QSO: 28088 RY 2024-04-06 1642 9A1A          599 083    NN4RB         599 037   
QSO: 14097 RY 2024-04-06 1642 9A1A          599 224    PA3EPO        599 007   
QSO: 21087 RY 2024-04-06 1642 9A1A          599 188    EA5O          599 V     
QSO: 14101 RY 2024-04-06 1645 9A1A          599 225    EA5XA         599 V     
QSO: 28094 RY 2024-04-06 1645 9A1A          599 084    PA6AA         599 112   
QSO: 14091 RY 2024-04-06 1646 9A1A          599 226    EA5HKZ        599 A     
QSO:  7042 RY 2024-04-06 1646 9A1A          599 114    F4ITQ         599 131   
QSO: 14097 RY 2024-04-06 1646 9A1A          599 227    EA7K          599 SE    
QSO:  7042 RY 2024-04-06 1647 9A1A          599 115    EW8OM         599 058   
QSO: 28088 RY 2024-04-06 1647 9A1A          599 085    EA8W          599 GC    
QSO: 21080 RY 2024-04-06 1648 9A1A          599 189    W4SDX         599 012   
QSO: 14097 RY 2024-04-06 1648 9A1A          599 228    EA3CY         599 T     
QSO: 28088 RY 2024-04-06 1649 9A1A          599 086    W4GHV         599 016   
QSO: 14097 RY 2024-04-06 1650 9A1A          599 229    EA5JMW        599 V     
QSO:  7042 RY 2024-04-06 1650 9A1A          599 116    HG3FMZ        599 094   
QSO: 21091 RY 2024-04-06 1650 9A1A          599 190    EA5GIE        599 V     
QSO: 28088 RY 2024-04-06 1651 9A1A          599 087    N6FS          599 095   
QSO: 14097 RY 2024-04-06 1651 9A1A          599 230    M1V           599 099   
QSO:  7051 RY 2024-04-06 1651 9A1A          599 117    EV1R          599 211   
QSO: 21080 RY 2024-04-06 1652 9A1A          599 191    DL1DTL        599 089   
QSO: 14115 RY 2024-04-06 1652 9A1A          599 231    RN2FQ         599 043   
QSO:  7046 RY 2024-04-06 1652 9A1A          599 118    RK0UN         599 053   
QSO:  7044 RY 2024-04-06 1653 9A1A          599 119    P3X           599 542   
QSO: 21080 RY 2024-04-06 1654 9A1A          599 192    W4CQE         599 012   
QSO: 14098 RY 2024-04-06 1655 9A1A          599 232    OM7AG         599 009   
QSO:  7042 RY 2024-04-06 1655 9A1A          599 120    RA3V          599 023   
QSO:  7044 RY 2024-04-06 1656 9A1A          599 121    EA1URO        599 OU    
QSO: 21080 RY 2024-04-06 1657 9A1A          599 193    W2IUC         599 009   
QSO:  7042 RY 2024-04-06 1657 9A1A          599 122    DF8QB         599 050   
QSO: 21080 RY 2024-04-06 1658 9A1A          599 194    KA1C          599 003   
QSO:  7042 RY 2024-04-06 1658 9A1A          599 123    YO6HSU        599 092   
QSO:  7042 RY 2024-04-06 1659 9A1A          599 124    PA3GCU        599 163   
QSO: 14097 RY 2024-04-06 1659 9A1A          599 233    RG9A          599 361   
QSO: 28085 RY 2024-04-06 1700 9A1A          599 088    EA5O          599 V     
QSO:  7042 RY 2024-04-06 1701 9A1A          599 125    UT5EPP        599 167   
QSO: 21080 RY 2024-04-06 1701 9A1A          599 195    F4ITQ         599 140   
QSO:  7042 RY 2024-04-06 1703 9A1A          599 126    SP4LO         599 078   
QSO: 14097 RY 2024-04-06 1703 9A1A          599 234    W3FIZ         599 140   
QSO: 21080 RY 2024-04-06 1703 9A1A          599 196    AA9L          599 007   
QSO: 14097 RY 2024-04-06 1703 9A1A          599 235    VE1GG         599 006   
QSO:  7041 RY 2024-04-06 1703 9A1A          599 127    EA4Z          599 M     
QSO: 14097 RY 2024-04-06 1705 9A1A          599 236    PD7JVW        599 010   
QSO:  7042 RY 2024-04-06 1705 9A1A          599 128    RJ3F          599 072   
QSO: 28090 RY 2024-04-06 1705 9A1A          599 089    PA3EVY        599 079   
QSO: 21105 RY 2024-04-06 1706 9A1A          599 197    YT6T          599 112   
QSO:  7042 RY 2024-04-06 1706 9A1A          599 129    UT4LW         599 168   
QSO:  7042 RY 2024-04-06 1707 9A1A          599 130    I0KHY         599 044   
QSO:  7042 RY 2024-04-06 1707 9A1A          599 131    IN3OWY        599 016   
QSO: 14097 RY 2024-04-06 1707 9A1A          599 237    SP1TJ         599 088   
QSO:  7042 RY 2024-04-06 1708 9A1A          599 132    M1V           599 110   
QSO: 28088 RY 2024-04-06 1708 9A1A          599 090    K4SO          599 003   
QSO:  7042 RY 2024-04-06 1708 9A1A          599 133    YO3RU         599 218   
QSO: 21080 RY 2024-04-06 1709 9A1A          599 198    EA8DIG        599 TF    
QSO:  7049 RY 2024-04-06 1710 9A1A          599 134    S58M          599 005   
QSO: 14097 RY 2024-04-06 1710 9A1A          599 238    EE2A          599 VI    
QSO:  7042 RY 2024-04-06 1711 9A1A          599 135    RW3DY         599 022   
QSO: 21080 RY 2024-04-06 1713 9A1A          599 199    N9SB          599 003   
QSO:  7042 RY 2024-04-06 1713 9A1A          599 136    PD2PKM        599 005   
QSO: 14097 RY 2024-04-06 1714 9A1A          599 239    YO4NA         599 035   
QSO: 21080 RY 2024-04-06 1715 9A1A          599 200    W1QK          599 016   
QSO: 14097 RY 2024-04-06 1716 9A1A          599 240    KB9DVC        599 007   
QSO: 21080 RY 2024-04-06 1718 9A1A          599 201    OK1FIA        599 025   
QSO: 21080 RY 2024-04-06 1718 9A1A          599 202    EF7O          599 CO    
QSO:  7042 RY 2024-04-06 1718 9A1A          599 137    SV1BJW        599 141   
QSO: 21080 RY 2024-04-06 1720 9A1A          599 203    W6EU          599 058   
QSO:  7043 RY 2024-04-06 1720 9A1A          599 138    EA5O          599 V     
QSO: 21080 RY 2024-04-06 1721 9A1A          599 204    GM0AZC        599 001   
QSO: 14097 RY 2024-04-06 1721 9A1A          599 241    RD7P          599 049   
QSO: 21080 RY 2024-04-06 1722 9A1A          599 205    LA1TV         599 017   
QSO: 14097 RY 2024-04-06 1722 9A1A          599 242    PG5V          599 010   
QSO:  3587 RY 2024-04-06 1723 9A1A          599 002    DL7AUO        599 191   
QSO: 21080 RY 2024-04-06 1724 9A1A          599 206    SP2FNC        599 041   
QSO: 14097 RY 2024-04-06 1724 9A1A          599 243    LA6CDA        599 006   
QSO:  7042 RY 2024-04-06 1724 9A1A          599 139    LZ7K          599 001   
QSO:  7042 RY 2024-04-06 1725 9A1A          599 140    EE2A          599 VI    
QSO: 14110 RY 2024-04-06 1725 9A1A          599 244    9A1HBC        599 115   
QSO:  7042 RY 2024-04-06 1726 9A1A          599 141    EB1RD         599 O     
QSO: 14097 RY 2024-04-06 1727 9A1A          599 245    EA6ZS         599 IB    
QSO:  7042 RY 2024-04-06 1727 9A1A          599 142    R4CI          599 069   
QSO: 28100 RY 2024-04-06 1727 9A1A          599 091    AC1NU         599 249   
QSO:  7042 RY 2024-04-06 1728 9A1A          599 143    SN5WD         599 028   
QSO: 14097 RY 2024-04-06 1728 9A1A          599 246    GW5L          599 039   
QSO: 28101 RY 2024-04-06 1728 9A1A          599 092    S53M          599 047   
QSO: 21080 RY 2024-04-06 1729 9A1A          599 207    PA3GCU        599 182   
QSO: 14097 RY 2024-04-06 1729 9A1A          599 247    EA1RCG        599 O     
QSO:  7042 RY 2024-04-06 1729 9A1A          599 144    ER30ARM       599 095   
QSO: 21080 RY 2024-04-06 1730 9A1A          599 208    OL4D          599 084   
QSO: 14097 RY 2024-04-06 1730 9A1A          599 248    RZ9A          599 096   
QSO:  7042 RY 2024-04-06 1730 9A1A          599 145    YU3TA         599 009   
QSO: 28088 RY 2024-04-06 1731 9A1A          599 093    KC2WUF        599 009   
QSO: 21080 RY 2024-04-06 1731 9A1A          599 209    F4IVC         599 066   
QSO: 14097 RY 2024-04-06 1731 9A1A          599 249    EA5GIE        599 V     
QSO: 28088 RY 2024-04-06 1731 9A1A          599 094    K7OM          599 014   
QSO:  7050 RY 2024-04-06 1731 9A1A          599 146    ES1BH         599 090   
QSO: 28088 RY 2024-04-06 1732 9A1A          599 095    W3FIZ         599 153   
QSO: 21080 RY 2024-04-06 1732 9A1A          599 210    DN4TG         599 133   
QSO:  7042 RY 2024-04-06 1733 9A1A          599 147    EA1O          599 SG    
QSO: 28089 RY 2024-04-06 1733 9A1A          599 096    LU5OM         599 006   
QSO: 14097 RY 2024-04-06 1733 9A1A          599 250    UA9XL         599 175   
QSO: 28088 RY 2024-04-06 1734 9A1A          599 097    OK2PX         599 066   
QSO: 21080 RY 2024-04-06 1734 9A1A          599 211    ZW2WSP        599 129   
QSO:  7042 RY 2024-04-06 1734 9A1A          599 148    G0NRL         599 026   
QSO: 21113 RY 2024-04-06 1735 9A1A          599 212    E72U          599 019   
QSO:  7046 RY 2024-04-06 1736 9A1A          599 149    SV1CDN        599 024   
QSO: 14097 RY 2024-04-06 1737 9A1A          599 251    R6DM          599 047   
QSO:  7042 RY 2024-04-06 1737 9A1A          599 150    OH2HAN        599 295   
QSO: 14097 RY 2024-04-06 1738 9A1A          599 252    SP2TQQ        599 028   
QSO:  7042 RY 2024-04-06 1738 9A1A          599 151    EW8G          599 046   
QSO: 28088 RY 2024-04-06 1739 9A1A          599 098    K2MK          599 043   
QSO: 14097 RY 2024-04-06 1739 9A1A          599 253    K7OM          599 018   
QSO:  7042 RY 2024-04-06 1739 9A1A          599 152    DJ4WM         599 058   
QSO: 21080 RY 2024-04-06 1740 9A1A          599 213    YB1MAE        599 008   
QSO: 14097 RY 2024-04-06 1741 9A1A          599 254    EA3W          599 B     
QSO:  7042 RY 2024-04-06 1742 9A1A          599 153    YO9BCM        599 177   
QSO: 14097 RY 2024-04-06 1743 9A1A          599 255    RC5Z          599 157   
QSO: 21080 RY 2024-04-06 1744 9A1A          599 214    KA3CRC        599 003   
QSO: 14100 RY 2024-04-06 1745 9A1A          599 256    EA1L          599 O     
QSO: 14090 RY 2024-04-06 1746 9A1A          599 257    EA4Z          599 M     
QSO: 14097 RY 2024-04-06 1747 9A1A          599 258    EA1DME        599 LO    
QSO: 14097 RY 2024-04-06 1749 9A1A          599 259    S57SWR        599 090   
QSO: 21080 RY 2024-04-06 1749 9A1A          599 215    5B4AIF        599 026   
QSO: 14091 RY 2024-04-06 1749 9A1A          599 260    EA7HAB        599 GR    
QSO:  7051 RY 2024-04-06 1749 9A1A          599 154    AO75AR        599 HU    
QSO:  3585 RY 2024-04-06 1749 9A1A          599 003    R4CI          599 175   
QSO:  7042 RY 2024-04-06 1751 9A1A          599 155    HF3A          599 050   
QSO: 14097 RY 2024-04-06 1751 9A1A          599 261    UC8U          599 236   
QSO: 14097 RY 2024-04-06 1752 9A1A          599 262    RT2H          599 027   
QSO:  7042 RY 2024-04-06 1752 9A1A          599 156    S57SWR        599 094   
QSO: 21080 RY 2024-04-06 1753 9A1A          599 216    DL5KUD        599 099   
QSO: 14097 RY 2024-04-06 1753 9A1A          599 263    DL8BAO        599 005   
QSO:  7042 RY 2024-04-06 1753 9A1A          599 157    JG1LFR        599 041   
QSO: 28088 RY 2024-04-06 1754 9A1A          599 099    N1UZ          599 001   
QSO: 14097 RY 2024-04-06 1754 9A1A          599 264    IN3BFW        599 097   
QSO:  7042 RY 2024-04-06 1754 9A1A          599 158    UA4PN         599 012   
QSO: 14097 RY 2024-04-06 1755 9A1A          599 265    YO8DHA        599 067   
QSO:  7042 RY 2024-04-06 1755 9A1A          599 159    RT6DI         599 075   
QSO: 21080 RY 2024-04-06 1755 9A1A          599 217    PY2PLL        599 074   
QSO: 28086 RY 2024-04-06 1757 9A1A          599 100    EA5YI         599 V     
QSO: 14118 RY 2024-04-06 1757 9A1A          599 266    EA5OH         599 CS    
QSO:  7043 RY 2024-04-06 1758 9A1A          599 160    LZ7A          599 264   
QSO: 14099 RY 2024-04-06 1759 9A1A          599 267    EF5T          599 MU    
QSO:  7042 RY 2024-04-06 1759 9A1A          599 161    UT7MR         599 033   
QSO:  7042 RY 2024-04-06 1759 9A1A          599 162    LZ2HT         599 091   
QSO: 21080 RY 2024-04-06 1800 9A1A          599 218    WD0T          599 020   
QSO: 21080 RY 2024-04-06 1800 9A1A          599 219    VE2PI         599 008   
QSO: 14097 RY 2024-04-06 1800 9A1A          599 268    NN4RB         599 059   
QSO: 21080 RY 2024-04-06 1800 9A1A          599 220    G0FGI         599 145   
QSO:  7044 RY 2024-04-06 1800 9A1A          599 163    YL3FW         599 009   
QSO: 21080 RY 2024-04-06 1801 9A1A          599 221    VE2QV         599 015   
QSO: 14097 RY 2024-04-06 1801 9A1A          599 269    IT9VDQ        599 076   
QSO:  7042 RY 2024-04-06 1802 9A1A          599 164    HB9HQX        599 055   
QSO: 28094 RY 2024-04-06 1802 9A1A          599 101    PY2WH         599 029   
QSO: 28088 RY 2024-04-06 1803 9A1A          599 102    CT1BXT        599 104   
QSO: 28085 RY 2024-04-06 1804 9A1A          599 103    WW4LL         599 053   
QSO: 21080 RY 2024-04-06 1804 9A1A          599 222    KA8G          599 002   
QSO: 21080 RY 2024-04-06 1805 9A1A          599 223    EA5YI         599 V     
QSO:  3597 RY 2024-04-06 1805 9A1A          599 004    DL0MFL        599 003   
QSO:  7062 RY 2024-04-06 1805 9A1A          599 165    OM7AG         599 024   
QSO:  7052 RY 2024-04-06 1806 9A1A          599 166    IK1RGK        599 160   
QSO: 28088 RY 2024-04-06 1807 9A1A          599 104    EE5O          599 CS    
QSO:  7054 RY 2024-04-06 1807 9A1A          599 167    G0GQT         599 137   
QSO: 14097 RY 2024-04-06 1807 9A1A          599 270    K4XL          599 060   
QSO: 14097 RY 2024-04-06 1808 9A1A          599 271    SP4NKJ        599 062   
QSO: 21080 RY 2024-04-06 1808 9A1A          599 224    S57AW         599 016   
QSO: 14097 RY 2024-04-06 1808 9A1A          599 272    K2LNS         599 063   
QSO: 14097 RY 2024-04-06 1809 9A1A          599 273    VY2RCAF       599 054   
QSO: 28088 RY 2024-04-06 1809 9A1A          599 105    PY5EJ         599 004   
QSO: 21080 RY 2024-04-06 1809 9A1A          599 225    GW4BZD        599 001   
QSO:  7041 RY 2024-04-06 1809 9A1A          599 168    UA9XL         599 186   
QSO: 14102 RY 2024-04-06 1810 9A1A          599 274    ZD7BG         599 013   
QSO:  7042 RY 2024-04-06 1810 9A1A          599 169    YO5YM         599 040   
QSO:  7042 RY 2024-04-06 1810 9A1A          599 170    EB5F          599 A     
QSO: 14097 RY 2024-04-06 1811 9A1A          599 275    EI6IKB        599 156   
QSO:  3584 RY 2024-04-06 1812 9A1A          599 005    ON7USB        599 002   
QSO:  7042 RY 2024-04-06 1812 9A1A          599 171    OK2PGJ        599 076   
QSO: 14097 RY 2024-04-06 1812 9A1A          599 276    VE2PI         599 012   
QSO: 14097 RY 2024-04-06 1813 9A1A          599 277    PA2JCB        599 122   
QSO: 28092 RY 2024-04-06 1814 9A1A          599 106    OM1HMI        599 038   
QSO: 14097 RY 2024-04-06 1815 9A1A          599 278    KC9TZO        599 007   
QSO: 14097 RY 2024-04-06 1816 9A1A          599 279    N2OIG         599 001   
QSO: 28088 RY 2024-04-06 1817 9A1A          599 107    EA3GCO        599 B     
QSO: 14091 RY 2024-04-06 1817 9A1A          599 280    EA4BAS        599 M     
QSO: 14094 RY 2024-04-06 1818 9A1A          599 281    EF7O          599 CO    
QSO: 14097 RY 2024-04-06 1819 9A1A          599 282    DL3KVR        599 093   
QSO: 14097 RY 2024-04-06 1819 9A1A          599 283    PD1RO         599 049   
QSO: 21101 RY 2024-04-06 1820 9A1A          599 226    EA1HRR        599 S     
QSO: 14097 RY 2024-04-06 1823 9A1A          599 284    KH6CJJ        599 001   
QSO:  7042 RY 2024-04-06 1823 9A1A          599 172    Z35Z          599 098   
QSO:  7042 RY 2024-04-06 1824 9A1A          599 173    LC6A          599 245   
QSO: 14097 RY 2024-04-06 1824 9A1A          599 285    RG2Y          599 097   
QSO:  7042 RY 2024-04-06 1824 9A1A          599 174    R3OR          599 040   
QSO:  3595 RY 2024-04-06 1824 9A1A          599 006    S57SWR        599 112   
QSO: 14097 RY 2024-04-06 1825 9A1A          599 286    KS1B          599 002   
QSO:  3592 RY 2024-04-06 1825 9A1A          599 007    RG9A          599 435   
QSO: 14097 RY 2024-04-06 1825 9A1A          599 287    R9FE          599 059   
QSO:  7042 RY 2024-04-06 1826 9A1A          599 175    RN4HAB        599 002   
QSO:  7052 RY 2024-04-06 1826 9A1A          599 176    IK1SOW        599 045   
QSO: 14092 RY 2024-04-06 1826 9A1A          599 288    VC3I          599 004   
QSO: 21101 RY 2024-04-06 1827 9A1A          599 227    EA3AKA        599 T     
QSO: 21094 RY 2024-04-06 1828 9A1A          599 228    VE7KAJ        599 001   
QSO: 28088 RY 2024-04-06 1828 9A1A          599 108    PY3TR         599 001   
QSO:  7053 RY 2024-04-06 1828 9A1A          599 177    Z36N          599 211   
QSO:  7056 RY 2024-04-06 1829 9A1A          599 178    OZ0J          599 256   
QSO:  3591 RY 2024-04-06 1830 9A1A          599 008    YU5R          599 009   
QSO:  7057 RY 2024-04-06 1831 9A1A          599 179    IN3BFW        599 129   
QSO:  3590 RY 2024-04-06 1831 9A1A          599 009    RA1M          599 005   
QSO: 21080 RY 2024-04-06 1831 9A1A          599 229    EA2T          599 VI    
QSO:  3590 RY 2024-04-06 1831 9A1A          599 010    YO8OLY        599 149   
QSO: 21080 RY 2024-04-06 1831 9A1A          599 230    EE2A          599 VI    
QSO:  7046 RY 2024-04-06 1831 9A1A          599 180    EF7O          599 CO    
QSO: 14097 RY 2024-04-06 1832 9A1A          599 289    9A5Y          599 267   
QSO:  3593 RY 2024-04-06 1832 9A1A          599 011    OK2HFC        599 040   
QSO:  7059 RY 2024-04-06 1832 9A1A          599 181    ON4CT         599 024   
QSO:  7056 RY 2024-04-06 1833 9A1A          599 182    OZ0JD         599 261   
QSO:  3591 RY 2024-04-06 1833 9A1A          599 012    DO2SBS        599 027   
QSO: 21108 RY 2024-04-06 1833 9A1A          599 231    ZD7BG         599 032   
QSO: 21080 RY 2024-04-06 1834 9A1A          599 232    W5AP          599 035   
QSO: 28096 RY 2024-04-06 1835 9A1A          599 109    AO75AR        599 HU    
QSO: 14097 RY 2024-04-06 1835 9A1A          599 290    PC6R          599 026   
QSO:  3595 RY 2024-04-06 1836 9A1A          599 013    LZ6E          599 277   
QSO:  3596 RY 2024-04-06 1836 9A1A          599 014    LY4BF         599 002   
QSO:  7045 RY 2024-04-06 1836 9A1A          599 183    PG5V          599 058   
QSO:  3586 RY 2024-04-06 1837 9A1A          599 015    PA4O          599 264   
QSO: 14095 RY 2024-04-06 1837 9A1A          599 291    S53M          599 109   
QSO:  7045 RY 2024-04-06 1837 9A1A          599 184    M9M           599 001   
QSO: 14097 RY 2024-04-06 1838 9A1A          599 292    VE9WH         599 001   
QSO:  7045 RY 2024-04-06 1839 9A1A          599 185    OZ9GA         599 029   
QSO: 21095 RY 2024-04-06 1839 9A1A          599 233    KC1PKQ        599 057   
QSO:  3598 RY 2024-04-06 1841 9A1A          599 016    SV1ABB        599 107   
QSO:  7045 RY 2024-04-06 1841 9A1A          599 186    PA6AA         599 198   
QSO: 21080 RY 2024-04-06 1841 9A1A          599 234    K1VW          599 024   
QSO:  3587 RY 2024-04-06 1842 9A1A          599 017    AO75GA        599 PO    
QSO: 14097 RY 2024-04-06 1842 9A1A          599 293    W2A/KL7       599 006   
QSO: 21080 RY 2024-04-06 1842 9A1A          599 235    K4SO          599 013   
QSO:  7045 RY 2024-04-06 1842 9A1A          599 187    PC4H          599 002   
QSO: 14097 RY 2024-04-06 1842 9A1A          599 294    UZ0A          599 098   
QSO:  7045 RY 2024-04-06 1843 9A1A          599 188    DK2VM         599 001   
QSO:  3589 RY 2024-04-06 1843 9A1A          599 018    UT5EPP        599 295   
QSO: 14097 RY 2024-04-06 1844 9A1A          599 295    HG3FMZ        599 140   
QSO: 21080 RY 2024-04-06 1844 9A1A          599 236    YU1NR         599 134   
QSO: 21080 RY 2024-04-06 1844 9A1A          599 237    W0IZ          599 017   
QSO: 14097 RY 2024-04-06 1844 9A1A          599 296    PC2F          599 002   
QSO:  3594 RY 2024-04-06 1845 9A1A          599 019    YL2KF         599 002   
QSO:  7045 RY 2024-04-06 1845 9A1A          599 189    OE9SEV        599 003   
QSO: 21080 RY 2024-04-06 1845 9A1A          599 238    AD5LU         599 010   
QSO: 14097 RY 2024-04-06 1845 9A1A          599 297    KS3H          599 028   
QSO:  3597 RY 2024-04-06 1845 9A1A          599 020    SE4E          599 200   
QSO:  7045 RY 2024-04-06 1845 9A1A          599 190    PE2K          599 099   
QSO:  3585 RY 2024-04-06 1846 9A1A          599 021    LZ7A          599 304   
QSO: 14097 RY 2024-04-06 1846 9A1A          599 298    ON3UN         599 014   
QSO:  3594 RY 2024-04-06 1846 9A1A          599 022    IW1PNJ        599 178   
QSO: 14097 RY 2024-04-06 1847 9A1A          599 299    YE3ESW        599 013   
QSO:  7043 RY 2024-04-06 1847 9A1A          599 191    IK4XQT/4      599 116   
QSO:  7043 RY 2024-04-06 1849 9A1A          599 192    PE2K          599 101   
QSO: 14097 RY 2024-04-06 1850 9A1A          599 300    PA3JB         599 010   
QSO:  7043 RY 2024-04-06 1850 9A1A          599 193    G1JCC         599 068   
QSO:  7043 RY 2024-04-06 1851 9A1A          599 194    DL4APJ        599 041   
QSO: 14097 RY 2024-04-06 1852 9A1A          599 301    I2BZN         599 054   
QSO:  3586 RY 2024-04-06 1853 9A1A          599 023    SV1DPJ        599 228   
QSO:  3591 RY 2024-04-06 1853 9A1A          599 024    YU1NR         599 140   
QSO:  3591 RY 2024-04-06 1854 9A1A          599 025    OH2HAN        599 371   
QSO: 14097 RY 2024-04-06 1854 9A1A          599 302    NE8O/4        599 004   
QSO:  7053 RY 2024-04-06 1854 9A1A          599 195    YO4NF         599 275   
QSO:  3591 RY 2024-04-06 1855 9A1A          599 026    SP4BPH        599 102   
QSO:  3591 RY 2024-04-06 1855 9A1A          599 027    LY2F          599 359   
QSO: 14097 RY 2024-04-06 1856 9A1A          599 303    DL2PK         599 030   
QSO:  3582 RY 2024-04-06 1856 9A1A          599 028    F5BEG         599 017   
QSO:  3591 RY 2024-04-06 1857 9A1A          599 029    YO3RU         599 302   
QSO:  3599 RY 2024-04-06 1858 9A1A          599 030    ER30ARM       599 125   
QSO: 14097 RY 2024-04-06 1859 9A1A          599 304    IK2AUK        599 066   
QSO: 14097 RY 2024-04-06 1900 9A1A          599 305    K2MK          599 078   
QSO:  3591 RY 2024-04-06 1900 9A1A          599 031    RA1ALC        599 105   
QSO:  7043 RY 2024-04-06 1900 9A1A          599 196    UT7NI         599 224   
QSO:  3591 RY 2024-04-06 1901 9A1A          599 032    RA3TE         599 058   
QSO:  3591 RY 2024-04-06 1901 9A1A          599 033    Z35Z          599 110   
QSO: 21080 RY 2024-04-06 1902 9A1A          599 239    WU9D          599 005   
QSO:  3591 RY 2024-04-06 1902 9A1A          599 034    SP4LO         599 114   
QSO: 14097 RY 2024-04-06 1902 9A1A          599 306    EA6/DL2TM     599 IB    
QSO:  3591 RY 2024-04-06 1903 9A1A          599 035    HA74MAV       599 167   
QSO: 14097 RY 2024-04-06 1903 9A1A          599 307    WJ2D          599 140   
QSO:  7044 RY 2024-04-06 1903 9A1A          599 197    R9FE          599 074   
QSO: 21106 RY 2024-04-06 1904 9A1A          599 240    KH6CJJ        599 016   
QSO: 14097 RY 2024-04-06 1904 9A1A          599 308    RN3OG         599 007   
QSO: 28088 RY 2024-04-06 1904 9A1A          599 110    HK3W          599 164   
QSO:  7044 RY 2024-04-06 1904 9A1A          599 198    IU0DHV        599 049   
QSO:  7058 RY 2024-04-06 1905 9A1A          599 199    OH8KA         599 013   
QSO: 28088 RY 2024-04-06 1905 9A1A          599 111    HF3A          599 090   
QSO:  7062 RY 2024-04-06 1905 9A1A          599 200    OH1NOA        599 134   
QSO:  7051 RY 2024-04-06 1906 9A1A          599 201    OK1KKI        599 158   
QSO: 21080 RY 2024-04-06 1907 9A1A          599 241    N3CHX         599 009   
QSO:  7053 RY 2024-04-06 1908 9A1A          599 202    DJ4WM         599 078   
QSO:  7041 RY 2024-04-06 1909 9A1A          599 203    LZ3QE         599 228   
QSO: 14097 RY 2024-04-06 1910 9A1A          599 309    YB9ELS        599 082   
QSO:  3589 RY 2024-04-06 1910 9A1A          599 036    OH3FM         599 258   
QSO:  7043 RY 2024-04-06 1910 9A1A          599 204    EA5FHC        599 V     
QSO:  3595 RY 2024-04-06 1910 9A1A          599 037    PA5KT         599 053   
QSO:  7060 RY 2024-04-06 1911 9A1A          599 205    ON5GQ         599 203   
QSO:  3591 RY 2024-04-06 1912 9A1A          599 038    RU5X          599 136   
QSO:  7056 RY 2024-04-06 1912 9A1A          599 206    EA5HKZ        599 A     
QSO: 21080 RY 2024-04-06 1912 9A1A          599 242    N2OIG         599 012   
QSO:  3591 RY 2024-04-06 1912 9A1A          599 039    DL3SYA        599 242   
QSO:  3591 RY 2024-04-06 1913 9A1A          599 040    OZ9GA         599 052   
QSO: 21080 RY 2024-04-06 1913 9A1A          599 243    I2XLF         599 061   
QSO:  3591 RY 2024-04-06 1914 9A1A          599 041    PA6AA         599 222   
QSO:  7055 RY 2024-04-06 1914 9A1A          599 207    GW5NF         599 218   
QSO:  3591 RY 2024-04-06 1914 9A1A          599 042    OM7AG         599 057   
QSO:  3591 RY 2024-04-06 1915 9A1A          599 043    OK2VIR        599 071   
QSO:  7038 RY 2024-04-06 1915 9A1A          599 208    EF5T          599 MU    
QSO:  7044 RY 2024-04-06 1916 9A1A          599 209    TM1RY         599 216   
QSO:  3591 RY 2024-04-06 1917 9A1A          599 044    I0GIA         599 078   
QSO:  7041 RY 2024-04-06 1917 9A1A          599 210    UT7NI         599 232   
QSO:  3587 RY 2024-04-06 1918 9A1A          599 045    AO75URE       599 HQ    
QSO:  7041 RY 2024-04-06 1918 9A1A          599 211    IV3ZXF        599 097   
QSO:  3591 RY 2024-04-06 1918 9A1A          599 046    UT4LW         599 220   
QSO:  7041 RY 2024-04-06 1918 9A1A          599 212    JG2REJ        599 006   
QSO:  7041 RY 2024-04-06 1919 9A1A          599 213    SP4NKJ        599 085   
QSO:  7041 RY 2024-04-06 1919 9A1A          599 214    PA2DK         599 012   
QSO: 21080 RY 2024-04-06 1919 9A1A          599 244    N5TWY         599 009   
QSO:  3586 RY 2024-04-06 1920 9A1A          599 047    DF1MM         599 008   
QSO:  7041 RY 2024-04-06 1920 9A1A          599 215    SP1TJ         599 137   
QSO:  3588 RY 2024-04-06 1921 9A1A          599 048    DJ4WM         599 091   
QSO: 14097 RY 2024-04-06 1921 9A1A          599 310    DL6SFR        599 070   
QSO:  7041 RY 2024-04-06 1921 9A1A          599 216    RZ3Z          599 183   
QSO:  3584 RY 2024-04-06 1921 9A1A          599 049    RN4HAB        599 016   
QSO: 14097 RY 2024-04-06 1922 9A1A          599 311    DN4TG         599 169   
QSO:  7041 RY 2024-04-06 1922 9A1A          599 217    ON8NT         599 029   
QSO: 21080 RY 2024-04-06 1922 9A1A          599 245    PU2USK        599 053   
QSO:  3591 RY 2024-04-06 1923 9A1A          599 050    G8FCQ         599 056   
QSO:  7041 RY 2024-04-06 1923 9A1A          599 218    SV1CDN        599 042   
QSO:  3591 RY 2024-04-06 1924 9A1A          599 051    OK2WMC        599 091   
QSO:  7041 RY 2024-04-06 1924 9A1A          599 219    UA3ON         599 076   
QSO:  3591 RY 2024-04-06 1924 9A1A          599 052    ON8BZ         599 010   
QSO:  7041 RY 2024-04-06 1925 9A1A          599 220    JQ1CIV        599 017   
QSO:  3591 RY 2024-04-06 1925 9A1A          599 053    RA4L          599 047   
QSO: 21080 RY 2024-04-06 1925 9A1A          599 246    IW1CBG        599 167   
QSO:  3591 RY 2024-04-06 1925 9A1A          599 054    LZ1QB         599 080   
QSO: 14114 RY 2024-04-06 1925 9A1A          599 312    HI6M          599 029   
QSO: 14095 RY 2024-04-06 1926 9A1A          599 313    PY2MP         599 067   
QSO:  3591 RY 2024-04-06 1926 9A1A          599 055    EF7O          599 CO    
QSO:  7041 RY 2024-04-06 1928 9A1A          599 221    JO4KLT        599 007   
QSO:  3591 RY 2024-04-06 1929 9A1A          599 056    UI5A          599 760   
QSO: 14097 RY 2024-04-06 1929 9A1A          599 314    VA3RTG        599 029   
QSO:  7041 RY 2024-04-06 1930 9A1A          599 222    TA1SOR        599 148   
QSO:  3591 RY 2024-04-06 1930 9A1A          599 057    G1JCC         599 084   
QSO: 14101 RY 2024-04-06 1930 9A1A          599 315    EA3CU         599 B     
QSO:  7041 RY 2024-04-06 1931 9A1A          599 223    R2APK         599 044   
QSO:  3588 RY 2024-04-06 1931 9A1A          599 058    OE9SEV        599 064   
QSO:  3591 RY 2024-04-06 1931 9A1A          599 059    PA3GCU        599 271   
QSO:  7052 RY 2024-04-06 1932 9A1A          599 224    EA8DED        599 TF    
QSO: 14097 RY 2024-04-06 1932 9A1A          599 316    N3CHX         599 020   
QSO:  3590 RY 2024-04-06 1934 9A1A          599 060    F5PVJ         599 034   
QSO:  7057 RY 2024-04-06 1934 9A1A          599 225    EA7HAB        599 GR    
QSO: 14097 RY 2024-04-06 1935 9A1A          599 317    OK2PF         599 103   
QSO: 21080 RY 2024-04-06 1935 9A1A          599 247    VA3OGG        599 008   
QSO: 14097 RY 2024-04-06 1935 9A1A          599 318    K2YG          599 026   
QSO:  3590 RY 2024-04-06 1935 9A1A          599 061    UT7NI         599 243   
QSO: 21080 RY 2024-04-06 1936 9A1A          599 248    N5LPT         599 008   
QSO:  7041 RY 2024-04-06 1937 9A1A          599 226    RG2Y          599 143   
QSO:  3590 RY 2024-04-06 1937 9A1A          599 062    IU5ICR        599 132   
QSO:  3590 RY 2024-04-06 1938 9A1A          599 063    HF3A          599 103   
QSO:  7037 RY 2024-04-06 1938 9A1A          599 227    AO75CA        599 S     
QSO:  7040 RY 2024-04-06 1939 9A1A          599 228    EA2XR         599 BI    
QSO:  3590 RY 2024-04-06 1939 9A1A          599 064    P3X           599 738   
QSO:  7041 RY 2024-04-06 1940 9A1A          599 229    EB5CUN        599 V     
QSO: 14097 RY 2024-04-06 1940 9A1A          599 319    WA8YZB        599 022   
QSO:  3585 RY 2024-04-06 1940 9A1A          599 065    OK1MDK        599 135   
QSO:  7041 RY 2024-04-06 1941 9A1A          599 230    DL2BIS        599 014   
QSO:  3587 RY 2024-04-06 1941 9A1A          599 066    OM1HMI        599 088   
QSO: 14097 RY 2024-04-06 1941 9A1A          599 320    EA2T          599 VI    
QSO:  3591 RY 2024-04-06 1942 9A1A          599 067    DJ1MM         599 031   
QSO:  7041 RY 2024-04-06 1942 9A1A          599 231    EA5PI         599 V     
QSO: 14097 RY 2024-04-06 1944 9A1A          599 321    CM8JFL        599 067   
QSO:  7041 RY 2024-04-06 1944 9A1A          599 232    EA7AKE        599 CO    
QSO: 14097 RY 2024-04-06 1945 9A1A          599 322    PE1FTV        599 031   
QSO:  3591 RY 2024-04-06 1946 9A1A          599 068    PA2DK         599 027   
QSO:  3591 RY 2024-04-06 1947 9A1A          599 069    YT3H          599 023   
QSO: 14097 RY 2024-04-06 1947 9A1A          599 323    JO7KMB        599 014   
QSO: 21080 RY 2024-04-06 1948 9A1A          599 249    EA3GCT        599 B     
QSO:  7043 RY 2024-04-06 1948 9A1A          599 233    EA4BAS        599 M     
QSO:  3591 RY 2024-04-06 1949 9A1A          599 070    HA3MGA        599 028   
QSO: 14097 RY 2024-04-06 1949 9A1A          599 324    VE2NMB        599 007   
QSO:  3591 RY 2024-04-06 1951 9A1A          599 071    F5TFW         599 090   
QSO: 21101 RY 2024-04-06 1951 9A1A          599 250    EE5X          599 CS    
QSO:  3594 RY 2024-04-06 1952 9A1A          599 072    IU2GGD        599 050   
QSO:  7041 RY 2024-04-06 1952 9A1A          599 234    R7MM          599 268   
QSO: 21085 RY 2024-04-06 1952 9A1A          599 251    ZV1T          599 028   
QSO:  3594 RY 2024-04-06 1953 9A1A          599 073    GW5NF         599 263   
QSO:  7041 RY 2024-04-06 1953 9A1A          599 235    EA1BJE        599 GU    
QSO:  3585 RY 2024-04-06 1953 9A1A          599 074    UZ0A          599 110   
QSO: 21091 RY 2024-04-06 1953 9A1A          599 252    IT9STX        599 245   
QSO:  7041 RY 2024-04-06 1954 9A1A          599 236    DL9PN         599 052   
QSO: 14097 RY 2024-04-06 1954 9A1A          599 325    KV4PX         599 009   
QSO:  7041 RY 2024-04-06 1954 9A1A          599 237    S55VM         599 061   
QSO:  3591 RY 2024-04-06 1954 9A1A          599 075    HB9HQX        599 101   
QSO: 14097 RY 2024-04-06 1954 9A1A          599 326    PA2DK         599 039   
QSO:  7041 RY 2024-04-06 1955 9A1A          599 238    JH3FUK        599 020   
QSO:  3591 RY 2024-04-06 1955 9A1A          599 076    OK2PGJ        599 076   
QSO:  3591 RY 2024-04-06 1956 9A1A          599 077    LA7VK         599 056   
QSO: 14097 RY 2024-04-06 1956 9A1A          599 327    VA3OGG        599 012   
QSO:  7041 RY 2024-04-06 1956 9A1A          599 239    OK2WMC        599 111   
QSO:  7041 RY 2024-04-06 1956 9A1A          599 240    JA2DHX        599 008   
QSO:  3598 RY 2024-04-06 1957 9A1A          599 078    AO75AR        599 HU    
QSO:  7063 RY 2024-04-06 1957 9A1A          599 241    E72U          599 049   
QSO:  3586 RY 2024-04-06 1957 9A1A          599 079    OK1DEZ        599 052   
QSO:  3592 RY 2024-04-06 1958 9A1A          599 080    OK1KKI        599 217   
QSO:  7046 RY 2024-04-06 1959 9A1A          599 242    AO75IB        599 IB    
QSO: 14097 RY 2024-04-06 1959 9A1A          599 328    KA1C          599 048   
QSO:  3591 RY 2024-04-06 1959 9A1A          599 081    EA5XU         599 V     
QSO:  3591 RY 2024-04-06 1959 9A1A          599 082    DR6T          599 002   
QSO:  7041 RY 2024-04-06 2000 9A1A          599 243    DL1EHG        599 079   
QSO:  3591 RY 2024-04-06 2000 9A1A          599 083    LZ3QE         599 266   
QSO: 14097 RY 2024-04-06 2001 9A1A          599 329    PE1HWO        599 015   
QSO:  7041 RY 2024-04-06 2001 9A1A          599 244    G7D           599 145   
QSO:  3595 RY 2024-04-06 2001 9A1A          599 084    F4ITQ         599 208   
QSO:  3586 RY 2024-04-06 2001 9A1A          599 085    EA5O          599 V     
QSO: 21088 RY 2024-04-06 2001 9A1A          599 253    KF6RY         599 058   
QSO:  7041 RY 2024-04-06 2002 9A1A          599 245    OK1TK         599 061   
QSO:  3591 RY 2024-04-06 2002 9A1A          599 086    ED1R          599 AV    
QSO: 14097 RY 2024-04-06 2003 9A1A          599 330    VE2QV         599 029   
QSO: 21099 RY 2024-04-06 2003 9A1A          599 254    EA1BJE        599 GU    
QSO:  7041 RY 2024-04-06 2003 9A1A          599 246    ZL3VZ         599 004   
QSO:  3590 RY 2024-04-06 2004 9A1A          599 087    ON7US         599 037   
QSO: 14097 RY 2024-04-06 2005 9A1A          599 331    DC1YL         599 088   
QSO:  3585 RY 2024-04-06 2005 9A1A          599 088    R7MM          599 274   
QSO:  3589 RY 2024-04-06 2006 9A1A          599 089    DK8ZZ         599 133   
QSO:  3584 RY 2024-04-06 2006 9A1A          599 090    EF5T          599 MU    
QSO: 14097 RY 2024-04-06 2007 9A1A          599 332    WP3GW         599 015   
QSO:  7041 RY 2024-04-06 2007 9A1A          599 247    PA2JCB        599 149   
QSO: 14097 RY 2024-04-06 2008 9A1A          599 333    AD5LU         599 035   
QSO:  3591 RY 2024-04-06 2008 9A1A          599 091    PA6Q          599 081   
QSO:  7042 RY 2024-04-06 2008 9A1A          599 248    9A5Y          599 333   
QSO:  3591 RY 2024-04-06 2008 9A1A          599 092    S56A          599 041   
QSO: 14097 RY 2024-04-06 2009 9A1A          599 334    IZ1PKV        599 295   
QSO:  3591 RY 2024-04-06 2009 9A1A          599 093    YO4SI         599 063   
QSO:  7039 RY 2024-04-06 2010 9A1A          599 249    IK6CLX        599 077   
QSO:  3593 RY 2024-04-06 2010 9A1A          599 094    EA8DED        599 TF    
QSO:  3591 RY 2024-04-06 2011 9A1A          599 095    DK5PD         599 007   
QSO:  7046 RY 2024-04-06 2012 9A1A          599 250    EA5FSJ        599 A     
QSO: 14097 RY 2024-04-06 2012 9A1A          599 335    I2XLF         599 069   
QSO:  3595 RY 2024-04-06 2013 9A1A          599 096    HG3FMZ        599 180   
QSO:  7041 RY 2024-04-06 2013 9A1A          599 251    OK1WLM        599 066   
QSO: 14097 RY 2024-04-06 2014 9A1A          599 336    KE8UUO        599 006   
QSO:  7044 RY 2024-04-06 2014 9A1A          599 252    EA1RCG        599 O     
QSO:  3591 RY 2024-04-06 2014 9A1A          599 097    SP4NKJ        599 104   
QSO: 14097 RY 2024-04-06 2015 9A1A          599 337    W2IUC         599 017   
QSO:  3592 RY 2024-04-06 2015 9A1A          599 098    PA3DUU        599 085   
QSO:  7041 RY 2024-04-06 2015 9A1A          599 253    EI6IKB        599 234   
QSO:  3591 RY 2024-04-06 2016 9A1A          599 099    DL4VBU        599 035   
QSO:  7041 RY 2024-04-06 2016 9A1A          599 254    F5PVJ         599 046   
QSO:  3593 RY 2024-04-06 2016 9A1A          599 100    EA4HPY        599 M     
QSO:  7041 RY 2024-04-06 2017 9A1A          599 255    GW4W          599 040   
QSO:  3597 RY 2024-04-06 2017 9A1A          599 101    S53M          599 218   
QSO: 14097 RY 2024-04-06 2017 9A1A          599 338    ZL3VZ         599 007   
QSO:  3585 RY 2024-04-06 2018 9A1A          599 102    RC5Z          599 232   
QSO: 14097 RY 2024-04-06 2020 9A1A          599 339    SQ6PLE        599 118   
QSO:  3587 RY 2024-04-06 2021 9A1A          599 103    AO75CA        599 S     
QSO:  7054 RY 2024-04-06 2022 9A1A          599 256    IZ2XCK        599 014   
QSO:  7041 RY 2024-04-06 2022 9A1A          599 257    DL9MFY        599 006   
QSO:  7041 RY 2024-04-06 2023 9A1A          599 258    DL2PK         599 075   
QSO:  3591 RY 2024-04-06 2023 9A1A          599 104    DL2BIS        599 020   
QSO: 14097 RY 2024-04-06 2024 9A1A          599 340    W3ZO          599 086   
QSO: 14097 RY 2024-04-06 2024 9A1A          599 341    ND2K          599 007   
QSO: 14097 RY 2024-04-06 2025 9A1A          599 342    WB5BHS        599 015   
QSO:  7041 RY 2024-04-06 2026 9A1A          599 259    IW8PJI        599 080   
QSO:  3587 RY 2024-04-06 2026 9A1A          599 105    EA5LU         599 MU    
QSO:  3588 RY 2024-04-06 2027 9A1A          599 106    OL4D          599 177   
QSO: 14097 RY 2024-04-06 2028 9A1A          599 343    K6NV          599 029   
QSO:  3591 RY 2024-04-06 2028 9A1A          599 107    OK1TVL        599 005   
QSO: 14097 RY 2024-04-06 2028 9A1A          599 344    KH7X/W7       599 160   
QSO:  7064 RY 2024-04-06 2028 9A1A          599 260    ON/LX1ER      599 073   
QSO:  3591 RY 2024-04-06 2029 9A1A          599 108    EE2E          599 TE    
QSO:  7062 RY 2024-04-06 2029 9A1A          599 261    9A1HBC        599 234   
QSO:  3591 RY 2024-04-06 2029 9A1A          599 109    LZ7K          599 023   
QSO:  3591 RY 2024-04-06 2030 9A1A          599 110    G8VPE         599 022   
QSO:  7068 RY 2024-04-06 2030 9A1A          599 262    YT3H          599 051   
QSO: 14097 RY 2024-04-06 2031 9A1A          599 345    EB1RD         599 O     
QSO:  7059 RY 2024-04-06 2031 9A1A          599 263    EA3HCJ        599 T     
QSO:  3586 RY 2024-04-06 2031 9A1A          599 111    E72U          599 098   
QSO:  3591 RY 2024-04-06 2034 9A1A          599 112    G7D           599 167   
QSO:  3591 RY 2024-04-06 2035 9A1A          599 113    G0JSP         599 089   
QSO:  7041 RY 2024-04-06 2035 9A1A          599 264    S57WW         599 009   
QSO:  3587 RY 2024-04-06 2036 9A1A          599 114    AO75CA        599 S     
QSO:  7067 RY 2024-04-06 2036 9A1A          599 265    EA2DLX        599 BI    
QSO:  3587 RY 2024-04-06 2037 9A1A          599 115    PG5V          599 135   
QSO:  7042 RY 2024-04-06 2037 9A1A          599 266    EA3IPX        599 B     
QSO: 14097 RY 2024-04-06 2037 9A1A          599 346    KP4JFR        599 037   
QSO:  3593 RY 2024-04-06 2038 9A1A          599 116    SV8DCY        599 138   
QSO:  3582 RY 2024-04-06 2038 9A1A          599 117    S55VM         599 087   
QSO: 14097 RY 2024-04-06 2039 9A1A          599 347    WB2NVR        599 019   
QSO:  7043 RY 2024-04-06 2039 9A1A          599 267    EC5JC         599 A     
QSO:  3589 RY 2024-04-06 2040 9A1A          599 118    G1GNQ         599 022   
QSO:  3588 RY 2024-04-06 2041 9A1A          599 119    EA7HAB        599 GR    
QSO: 14097 RY 2024-04-06 2041 9A1A          599 348    VE2BVV        599 194   
QSO:  7052 RY 2024-04-06 2041 9A1A          599 268    EA8DIG        599 TF    
QSO:  7065 RY 2024-04-06 2042 9A1A          599 269    ED7O          599 J     
QSO:  3591 RY 2024-04-06 2043 9A1A          599 120    HB9HWY        599 014   
QSO: 14097 RY 2024-04-06 2043 9A1A          599 349    VK2NA         599 003   
QSO:  3595 RY 2024-04-06 2044 9A1A          599 121    IV3IPA        599 100   
QSO:  3587 RY 2024-04-06 2044 9A1A          599 122    UA9XL         599 238   
QSO: 14105 RY 2024-04-06 2045 9A1A          599 350    ZV1T          599 061   
QSO:  7061 RY 2024-04-06 2046 9A1A          599 270    YT6T          599 248   
QSO:  7062 RY 2024-04-06 2046 9A1A          599 271    PA3DUU        599 096   
QSO:  3586 RY 2024-04-06 2047 9A1A          599 123    IW1CBG        599 204   
QSO: 14104 RY 2024-04-06 2047 9A1A          599 351    PV2K          599 335   
QSO:  7055 RY 2024-04-06 2048 9A1A          599 272    S50R          599 070   
QSO:  3591 RY 2024-04-06 2048 9A1A          599 124    DL5KUD        599 175   
QSO:  7069 RY 2024-04-06 2049 9A1A          599 273    EA2CCG        599 NA    
QSO:  3591 RY 2024-04-06 2049 9A1A          599 125    EA3EA         599 B     
QSO:  7061 RY 2024-04-06 2049 9A1A          599 274    2E0INN        599 275   
QSO:  3598 RY 2024-04-06 2049 9A1A          599 126    EE4Y          599 TO    
QSO:  3590 RY 2024-04-06 2050 9A1A          599 127    ON5GQ         599 294   
QSO:  3586 RY 2024-04-06 2051 9A1A          599 128    OH1NOA        599 199   
QSO:  3591 RY 2024-04-06 2053 9A1A          599 129    RL1F          599 019   
QSO:  7060 RY 2024-04-06 2053 9A1A          599 275    I4JED         599 160   
QSO:  3591 RY 2024-04-06 2053 9A1A          599 130    I2BZN         599 089   
QSO:  3591 RY 2024-04-06 2054 9A1A          599 131    SN5WD         599 042   
QSO:  7061 RY 2024-04-06 2054 9A1A          599 276    PV2K          599 338   
QSO:  3591 RY 2024-04-06 2054 9A1A          599 132    PC2F          599 082   
QSO:  3591 RY 2024-04-06 2055 9A1A          599 133    DA0BCC        599 035   
QSO:  7063 RY 2024-04-06 2055 9A1A          599 277    PA6Q          599 105   
QSO:  7052 RY 2024-04-06 2056 9A1A          599 278    LB8IB         599 477   
QSO:  3586 RY 2024-04-06 2056 9A1A          599 134    OZ0JD         599 360   
QSO:  7070 RY 2024-04-06 2057 9A1A          599 279    EA5LU         599 MU    
QSO:  3591 RY 2024-04-06 2057 9A1A          599 135    IU1MRG        599 098   
QSO:  3587 RY 2024-04-06 2057 9A1A          599 136    IU0PVM        599 147   
QSO:  3591 RY 2024-04-06 2058 9A1A          599 137    OK1DAR        599 046   
QSO:  7054 RY 2024-04-06 2058 9A1A          599 280    DL7YS         599 024   
QSO:  3592 RY 2024-04-06 2059 9A1A          599 138    9A1HBC        599 254   
QSO:  3591 RY 2024-04-06 2101 9A1A          599 139    IK2AUK        599 098   
QSO:  3590 RY 2024-04-06 2102 9A1A          599 140    EA5GIE        599 V     
QSO: 14097 RY 2024-04-06 2104 9A1A          599 352    W1QK          599 045   
QSO:  3583 RY 2024-04-06 2104 9A1A          599 141    IZ2XCK        599 031   
QSO:  7038 RY 2024-04-06 2104 9A1A          599 281    YB1MAE        599 020   
QSO:  3591 RY 2024-04-06 2107 9A1A          599 142    LB8IB         599 485   
QSO:  7043 RY 2024-04-06 2107 9A1A          599 282    CT7AJL        599 187   
QSO: 14097 RY 2024-04-06 2107 9A1A          599 353    W4GKM         599 076   
QSO:  3591 RY 2024-04-06 2108 9A1A          599 143    LC6A          599 327   
QSO:  3593 RY 2024-04-06 2108 9A1A          599 144    S52W          599 122   
QSO: 14097 RY 2024-04-06 2108 9A1A          599 354    JA4DLF        599 017   
QSO:  3591 RY 2024-04-06 2110 9A1A          599 145    DL2PK         599 097   
QSO:  7038 RY 2024-04-06 2110 9A1A          599 283    JN1THL        599 026   
QSO: 14097 RY 2024-04-06 2111 9A1A          599 355    JH1BHW        599 025   
QSO:  3591 RY 2024-04-06 2112 9A1A          599 146    EB5CUN        599 V     
QSO:  3585 RY 2024-04-06 2114 9A1A          599 147    EA4FME        599 M     
QSO: 14097 RY 2024-04-06 2115 9A1A          599 356    PY2PLL        599 092   
QSO:  3594 RY 2024-04-06 2115 9A1A          599 148    PA3EVY        599 103   
QSO: 14097 RY 2024-04-06 2116 9A1A          599 357    KC2WUF        599 038   
QSO: 14097 RY 2024-04-06 2117 9A1A          599 358    K0TC          599 019   
QSO: 14097 RY 2024-04-06 2117 9A1A          599 359    YB2ECG        599 020   
QSO: 14097 RY 2024-04-06 2118 9A1A          599 360    WB2COY        599 050   
QSO:  7053 RY 2024-04-06 2118 9A1A          599 284    AO75PA        599 O     
QSO: 14097 RY 2024-04-06 2119 9A1A          599 361    W0IZ          599 060   
QSO:  3589 RY 2024-04-06 2119 9A1A          599 149    UA4FX         599 116   
QSO:  7063 RY 2024-04-06 2120 9A1A          599 285    EA2BJM        599 Z     
QSO: 14097 RY 2024-04-06 2120 9A1A          599 362    W5XB          599 019   
QSO:  3597 RY 2024-04-06 2120 9A1A          599 150    G0FGI         599 211   
QSO:  3597 RY 2024-04-06 2121 9A1A          599 151    EA4Z          599 M     
QSO:  3598 RY 2024-04-06 2121 9A1A          599 152    EA3HCJ        599 T     
QSO: 14097 RY 2024-04-06 2122 9A1A          599 363    N9UA          599 051   
QSO:  3596 RY 2024-04-06 2122 9A1A          599 153    DJ1OJ         599 162   
QSO:  7041 RY 2024-04-06 2124 9A1A          599 286    OG66X         599 035   
QSO:  7066 RY 2024-04-06 2124 9A1A          599 287    CT1BXT        599 176   
QSO:  3590 RY 2024-04-06 2125 9A1A          599 154    IW2FUT        599 030   
QSO: 14097 RY 2024-04-06 2125 9A1A          599 364    EA4FME        599 M     
QSO: 14097 RY 2024-04-06 2126 9A1A          599 365    W9ILY         599 204   
QSO:  3591 RY 2024-04-06 2127 9A1A          599 155    F5ZV          599 003   
QSO:  3591 RY 2024-04-06 2127 9A1A          599 156    PA3EWG        599 135   
QSO:  7064 RY 2024-04-06 2128 9A1A          599 288    PE1OYB        599 093   
QSO: 14102 RY 2024-04-06 2128 9A1A          599 366    PY5AMF        599 055   
QSO: 14088 RY 2024-04-06 2129 9A1A          599 367    HK3W          599 248   
QSO:  3591 RY 2024-04-06 2129 9A1A          599 157    EA1O          599 SG    
QSO:  7038 RY 2024-04-06 2129 9A1A          599 289    R9CM          599 011   
QSO: 14097 RY 2024-04-06 2131 9A1A          599 368    W6PG          599 010   
QSO:  7038 RY 2024-04-06 2131 9A1A          599 290    I2DJX         599 214   
QSO: 14090 RY 2024-04-06 2132 9A1A          599 369    J62K          599 024   
QSO:  7038 RY 2024-04-06 2132 9A1A          599 291    IV3IPS        599 272   
QSO:  3592 RY 2024-04-06 2133 9A1A          599 158    G1GNQ         599 051   
QSO:  3592 RY 2024-04-06 2133 9A1A          599 159    DL4ME         599 153   
QSO:  7038 RY 2024-04-06 2134 9A1A          599 292    EA4HOT        599 CR    
QSO:  7038 RY 2024-04-06 2135 9A1A          599 293    UA4FX         599 123   
QSO:  7068 RY 2024-04-06 2136 9A1A          599 294    IT9MRM        599 134   
QSO:  3592 RY 2024-04-06 2138 9A1A          599 160    EB5F          599 A     
QSO:  3592 RY 2024-04-06 2139 9A1A          599 161    DB2KT         599 147   
QSO: 14097 RY 2024-04-06 2139 9A1A          599 370    NF4A          599 006   
QSO: 14097 RY 2024-04-06 2141 9A1A          599 371    LZ6E          599 393   
QSO:  3592 RY 2024-04-06 2141 9A1A          599 162    OZ1QX         599 094   
QSO:  7038 RY 2024-04-06 2141 9A1A          599 295    DL2TG         599 023   
QSO:  3585 RY 2024-04-06 2142 9A1A          599 163    EA5FSJ        599 A     
QSO:  3592 RY 2024-04-06 2143 9A1A          599 164    PC4H          599 031   
QSO:  3592 RY 2024-04-06 2143 9A1A          599 165    TM1RY         599 295   
QSO: 14097 RY 2024-04-06 2144 9A1A          599 372    K4SO          599 064   
QSO:  3598 RY 2024-04-06 2145 9A1A          599 166    ED7O          599 J     
QSO: 14097 RY 2024-04-06 2145 9A1A          599 373    OK1FIA        599 047   
QSO:  3584 RY 2024-04-06 2146 9A1A          599 167    PE1FTV        599 083   
QSO:  3592 RY 2024-04-06 2147 9A1A          599 168    SP3MEO        599 045   
QSO:  3591 RY 2024-04-06 2148 9A1A          599 169    OG66X         599 047   
QSO:  7039 RY 2024-04-06 2148 9A1A          599 296    IN3FOI        599 030   
QSO:  3592 RY 2024-04-06 2149 9A1A          599 170    I2DJX         599 229   
QSO:  3592 RY 2024-04-06 2151 9A1A          599 171    LA6CDA        599 041   
QSO:  7064 RY 2024-04-06 2152 9A1A          599 297    IC8SQS        599 058   
QSO: 14097 RY 2024-04-06 2152 9A1A          599 374    KW4J          599 010   
QSO:  3592 RY 2024-04-06 2152 9A1A          599 172    M1V           599 263   
QSO: 14097 RY 2024-04-06 2154 9A1A          599 375    WA5LFD        599 009   
QSO: 14097 RY 2024-04-06 2155 9A1A          599 376    ZL3P          599 044   
QSO:  3594 RY 2024-04-06 2156 9A1A          599 173    EA2CCG        599 NA    
QSO:  3592 RY 2024-04-06 2157 9A1A          599 174    AO75PA        599 O     
QSO:  3586 RY 2024-04-06 2158 9A1A          599 175    DL3DRN        599 118   
QSO:  3595 RY 2024-04-06 2159 9A1A          599 176    2E0INN        599 311   
QSO:  3596 RY 2024-04-06 2200 9A1A          599 177    ON/LX1ER      599 119   
QSO:  7039 RY 2024-04-06 2200 9A1A          599 298    EA3GCT        599 B     
QSO:  7039 RY 2024-04-06 2200 9A1A          599 299    EA1EWY        599 O     
QSO:  3592 RY 2024-04-06 2200 9A1A          599 178    DJ9SN         599 062   
QSO: 14097 RY 2024-04-06 2201 9A1A          599 377    KK7KSC        599 006   
QSO:  3592 RY 2024-04-06 2201 9A1A          599 179    F1TRE         599 025   
QSO:  7044 RY 2024-04-06 2203 9A1A          599 300    S53M          599 327   
QSO: 14097 RY 2024-04-06 2203 9A1A          599 378    LU7DLE        599 026   
QSO:  3592 RY 2024-04-06 2203 9A1A          599 180    G0GQT         599 264   
QSO:  7051 RY 2024-04-06 2204 9A1A          599 301    PD8DX         599 003   
QSO:  7063 RY 2024-04-06 2205 9A1A          599 302    EA5XA         599 V     
QSO:  3592 RY 2024-04-06 2206 9A1A          599 181    IV3IPS        599 300   
QSO: 14097 RY 2024-04-06 2206 9A1A          599 379    W6RKC         599 008   
QSO:  3598 RY 2024-04-06 2207 9A1A          599 182    M3AWD         599 200   
QSO:  3592 RY 2024-04-06 2209 9A1A          599 183    YU3EDI        599 020   
QSO:  7059 RY 2024-04-06 2210 9A1A          599 303    PT1K          599 075   
QSO:  3592 RY 2024-04-06 2210 9A1A          599 184    HB9DAZ        599 065   
QSO:  7050 RY 2024-04-06 2213 9A1A          599 304    AC1NU         599 389   
QSO:  3592 RY 2024-04-06 2213 9A1A          599 185    YU3EDI        599 020   
QSO:  3592 RY 2024-04-06 2214 9A1A          599 186    G0NRL         599 051   
QSO:  7060 RY 2024-04-06 2216 9A1A          599 305    LZ6E          599 406   
QSO:  3597 RY 2024-04-06 2217 9A1A          599 187    IK6CLX        599 130   
QSO:  7046 RY 2024-04-06 2219 9A1A          599 306    EA3CU         599 B     
QSO:  7055 RY 2024-04-06 2220 9A1A          599 307    EA2ESU        599 NA    
QSO:  3589 RY 2024-04-06 2220 9A1A          599 188    EA2DLX        599 BI    
QSO:  7059 RY 2024-04-06 2220 9A1A          599 308    KI6DY         599 186   
QSO: 14097 RY 2024-04-06 2221 9A1A          599 380    PT1K          599 076   
QSO: 14097 RY 2024-04-06 2222 9A1A          599 381    K5AM          599 055   
QSO:  7042 RY 2024-04-06 2222 9A1A          599 309    W4GHV         599 030   
QSO:  7042 RY 2024-04-06 2223 9A1A          599 310    PD5PET        599 072   
QSO:  3592 RY 2024-04-06 2224 9A1A          599 189    DN4TG         599 249   
QSO:  7042 RY 2024-04-06 2224 9A1A          599 311    SQ6PLE        599 164   
QSO:  7042 RY 2024-04-06 2224 9A1A          599 312    G1GNQ         599 067   
QSO:  7042 RY 2024-04-06 2227 9A1A          599 313    IW2MYH        599 012   
QSO: 14097 RY 2024-04-06 2227 9A1A          599 382    IK5BDG        599 046   
QSO:  7042 RY 2024-04-06 2228 9A1A          599 314    W4NMH         599 004   
QSO:  7042 RY 2024-04-06 2230 9A1A          599 315    PE1FTV        599 099   
QSO: 14097 RY 2024-04-06 2231 9A1A          599 383    KF6RY         599 101   
QSO:  3592 RY 2024-04-06 2231 9A1A          599 190    EI6IKB        599 310   
QSO:  3592 RY 2024-04-06 2232 9A1A          599 191    EA7AKE        599 CO    
QSO: 14097 RY 2024-04-06 2232 9A1A          599 384    LA1TV         599 073   
QSO: 14097 RY 2024-04-06 2233 9A1A          599 385    W0TY          599 012   
QSO:  3592 RY 2024-04-06 2233 9A1A          599 192    S57WW         599 026   
QSO: 14097 RY 2024-04-06 2234 9A1A          599 386    WA9LKZ        599 008   
QSO: 14097 RY 2024-04-06 2235 9A1A          599 387    EA8AQV        599 GC    
QSO:  3594 RY 2024-04-06 2236 9A1A          599 193    OH8KA         599 061   
QSO:  3588 RY 2024-04-06 2237 9A1A          599 194    RG2Y          599 176   
QSO:  7058 RY 2024-04-06 2238 9A1A          599 316    I5YMR         599 219   
QSO:  3592 RY 2024-04-06 2239 9A1A          599 195    DL9MFY        599 027   
QSO:  7061 RY 2024-04-06 2240 9A1A          599 317    K3MM          599 563   
QSO: 14097 RY 2024-04-06 2240 9A1A          599 388    VE1RSM        599 092   
QSO: 14097 RY 2024-04-06 2241 9A1A          599 389    W4GHV         599 037   
QSO:  7042 RY 2024-04-06 2242 9A1A          599 318    VE2NMB        599 042   
QSO: 14097 RY 2024-04-06 2242 9A1A          599 390    K4WSB         599 002   
QSO:  7042 RY 2024-04-06 2242 9A1A          599 319    NF4A          599 042   
QSO:  7042 RY 2024-04-06 2243 9A1A          599 320    VE2BVV        599 239   
QSO: 14097 RY 2024-04-06 2244 9A1A          599 391    N5TWY         599 020   
QSO:  7042 RY 2024-04-06 2244 9A1A          599 321    N6FS          599 191   
QSO: 14097 RY 2024-04-06 2244 9A1A          599 392    KG4IGC        599 046   
QSO:  7042 RY 2024-04-06 2247 9A1A          599 322    PE1CUP        599 033   
QSO:  3592 RY 2024-04-06 2248 9A1A          599 196    IK6BSN        599 028   
QSO: 14097 RY 2024-04-06 2249 9A1A          599 393    K9QH          599 001   
QSO: 14097 RY 2024-04-06 2250 9A1A          599 394    W7CXX         599 001   
QSO: 14097 RY 2024-04-06 2252 9A1A          599 395    N4NTO         599 010   
QSO:  3592 RY 2024-04-06 2253 9A1A          599 197    DR6W          599 008   
QSO:  7042 RY 2024-04-06 2254 9A1A          599 323    VE1RSM        599 103   
QSO:  3594 RY 2024-04-06 2254 9A1A          599 198    EA3AKA        599 T     
QSO:  7042 RY 2024-04-06 2255 9A1A          599 324    LU5OM         599 008   
QSO:  3592 RY 2024-04-06 2255 9A1A          599 199    UW1WU         599 095   
QSO:  7071 RY 2024-04-06 2256 9A1A          599 325    LA1TV         599 093   
QSO: 14096 RY 2024-04-06 2257 9A1A          599 396    WU7W          599 002   
QSO:  3590 RY 2024-04-06 2257 9A1A          599 200    9A5Y          599 413   
QSO:  7062 RY 2024-04-06 2258 9A1A          599 326    F4PAN         599 216   
QSO: 14096 RY 2024-04-06 2258 9A1A          599 397    N5LPT         599 023   
QSO:  3592 RY 2024-04-06 2258 9A1A          599 201    IK2MXM        599 015   
QSO: 14096 RY 2024-04-06 2259 9A1A          599 398    N2HC          599 007   
QSO:  7080 RY 2024-04-06 2300 9A1A          599 327    EA8ZS         599 GC    
QSO: 14116 RY 2024-04-06 2302 9A1A          599 399    PY4XX         599 022   
QSO:  3592 RY 2024-04-06 2303 9A1A          599 202    DL9WJM        599 073   
QSO:  3592 RY 2024-04-06 2304 9A1A          599 203    OK1FIA        599 075   
QSO:  3592 RY 2024-04-06 2304 9A1A          599 204    SQ6PLE        599 178   
QSO:  3592 RY 2024-04-06 2305 9A1A          599 205    DL4GAJ        599 016   
QSO:  7042 RY 2024-04-06 2308 9A1A          599 328    KP4JFR        599 045   
QSO: 14096 RY 2024-04-06 2309 9A1A          599 400    W7MTL         599 008   
QSO:  3592 RY 2024-04-06 2310 9A1A          599 206    LA1TV         599 109   
QSO:  7071 RY 2024-04-06 2311 9A1A          599 329    EA5JN         599 MU    
QSO: 14096 RY 2024-04-06 2311 9A1A          599 401    W3DQT         599 022   
QSO:  3592 RY 2024-04-06 2312 9A1A          599 207    TA1SOR        599 199   
QSO:  3592 RY 2024-04-06 2314 9A1A          599 208    EA4BAS        599 M     
QSO:  7042 RY 2024-04-06 2314 9A1A          599 330    W3FIZ         599 242   
QSO: 14096 RY 2024-04-06 2315 9A1A          599 402    KD5MZV        599 009   
QSO:  3589 RY 2024-04-06 2318 9A1A          599 209    AC1NU         599 429   
QSO: 14096 RY 2024-04-06 2318 9A1A          599 403    VE3NZ         599 005   
QSO:  3587 RY 2024-04-06 2319 9A1A          599 210    SP1TJ         599 226   
QSO:  7042 RY 2024-04-06 2320 9A1A          599 331    VA1XH         599 087   
QSO: 14096 RY 2024-04-06 2321 9A1A          599 404    WN7Y          599 008   
QSO:  7042 RY 2024-04-06 2322 9A1A          599 332    ON7ET         599 061   
QSO:  7042 RY 2024-04-06 2323 9A1A          599 333    K4SO          599 137   
QSO:  3592 RY 2024-04-06 2323 9A1A          599 211    DK3ABM        599 044   
QSO:  7042 RY 2024-04-06 2324 9A1A          599 334    EA3CY         599 T     
QSO:  7042 RY 2024-04-06 2325 9A1A          599 335    KA1C          599 058   
QSO:  7042 RY 2024-04-06 2325 9A1A          599 336    DR7T          599 041   
QSO: 14096 RY 2024-04-06 2328 9A1A          599 405    AA6MK         599 006   
QSO: 14096 RY 2024-04-06 2330 9A1A          599 406    N5YJZ         599 003   
QSO: 14096 RY 2024-04-06 2332 9A1A          599 407    N1JM          599 004   
QSO:  3591 RY 2024-04-06 2333 9A1A          599 212    EC7ZR         599 CO    
QSO: 14096 RY 2024-04-06 2338 9A1A          599 408    KO9V          599 011   
QSO: 14096 RY 2024-04-06 2338 9A1A          599 409    KN5S          599 031   
QSO:  3592 RY 2024-04-06 2339 9A1A          599 213    GM4JKZ        599 016   
QSO:  3592 RY 2024-04-06 2340 9A1A          599 214    EB5CUN        599 V     
QSO:  7042 RY 2024-04-06 2340 9A1A          599 337    KD0ZV         599 002   
QSO:  3592 RY 2024-04-06 2341 9A1A          599 215    I5YMR         599 231   
QSO:  7043 RY 2024-04-06 2346 9A1A          599 338    HK3W          599 310   
QSO: 14096 RY 2024-04-06 2347 9A1A          599 410    EA7AKE        599 CO    
QSO:  3592 RY 2024-04-06 2347 9A1A          599 216    DR7T          599 047   
QSO:  3589 RY 2024-04-06 2348 9A1A          599 217    EA5JN         599 MU    
QSO:  7042 RY 2024-04-06 2349 9A1A          599 339    GM4JKZ        599 018   
QSO:  7042 RY 2024-04-06 2350 9A1A          599 340    N3CHX         599 045   
QSO: 14096 RY 2024-04-06 2351 9A1A          599 411    XE2N          599 017   
QSO:  7042 RY 2024-04-06 2353 9A1A          599 341    WB2COY        599 064   
QSO:  7059 RY 2024-04-06 2355 9A1A          599 342    ZV1T          599 146   
QSO:  7064 RY 2024-04-06 2357 9A1A          599 343    VA2QR         599 101   
QSO:  7063 RY 2024-04-06 2359 9A1A          599 344    IW0RLC        599 058   
QSO:  3592 RY 2024-04-07 0001 9A1A          599 218    EE2A          599 VI    
QSO:  7042 RY 2024-04-07 0002 9A1A          599 345    K2MK          599 108   
QSO:  7042 RY 2024-04-07 0003 9A1A          599 346    KC2WUF        599 067   
QSO:  3592 RY 2024-04-07 0003 9A1A          599 219    DF5BX         599 124   
QSO:  7056 RY 2024-04-07 0004 9A1A          599 347    WA3AAN        599 009   
QSO: 14096 RY 2024-04-07 0005 9A1A          599 412    KB3MI         599 026   
QSO:  3595 RY 2024-04-07 0006 9A1A          599 220    IW0RLC        599 061   
QSO: 14096 RY 2024-04-07 0008 9A1A          599 413    KD0ZV         599 009   
QSO:  3585 RY 2024-04-07 0008 9A1A          599 221    K3MM          599 632   
QSO: 14096 RY 2024-04-07 0009 9A1A          599 414    WE6EZ         599 037   
QSO:  7058 RY 2024-04-07 0012 9A1A          599 348    K4XL          599 142   
QSO:  7052 RY 2024-04-07 0012 9A1A          599 349    EA1DA         599 LO    
QSO:  3592 RY 2024-04-07 0013 9A1A          599 222    F4PAN         599 236   
QSO:  3592 RY 2024-04-07 0013 9A1A          599 223    EA3CU         599 B     
QSO:  7066 RY 2024-04-07 0018 9A1A          599 350    EA4FME        599 M     
QSO:  7042 RY 2024-04-07 0025 9A1A          599 351    WA9LKZ        599 025   
QSO:  7062 RY 2024-04-07 0032 9A1A          599 352    N2WK          599 099   
QSO:  7042 RY 2024-04-07 0040 9A1A          599 353    KG4IGC        599 084   
QSO:  7042 RY 2024-04-07 0042 9A1A          599 354    WB0WIV        599 010   
QSO:  7042 RY 2024-04-07 0042 9A1A          599 355    WJ2D          599 193   
QSO:  7059 RY 2024-04-07 0044 9A1A          599 356    W6ZD          599 054   
QSO:  7042 RY 2024-04-07 0045 9A1A          599 357    K2YG          599 036   
QSO:  7042 RY 2024-04-07 0049 9A1A          599 358    K8OSF         599 008   
QSO:  7061 RY 2024-04-07 0050 9A1A          599 359    W1QK          599 180   
QSO:  7042 RY 2024-04-07 0052 9A1A          599 360    VA3RTG        599 076   
QSO:  7042 RY 2024-04-07 0055 9A1A          599 361    N4QS          599 017   
QSO:  7050 RY 2024-04-07 0100 9A1A          599 362    K4RUM         599 065   
QSO:  7062 RY 2024-04-07 0100 9A1A          599 363    NN4RB         599 141   
QSO:  7043 RY 2024-04-07 0102 9A1A          599 364    KP4/K6DTT     599 007   
QSO:  7042 RY 2024-04-07 0106 9A1A          599 365    IK2AUK        599 101   
QSO:  7042 RY 2024-04-07 0115 9A1A          599 366    EA5YI         599 V     
QSO:  3592 RY 2024-04-07 0116 9A1A          599 224    ON7ET         599 101   
QSO:  7042 RY 2024-04-07 0117 9A1A          599 367    UZ0A          599 126   
QSO:  3591 RY 2024-04-07 0117 9A1A          599 225    W3FIZ         599 316   
QSO:  3593 RY 2024-04-07 0120 9A1A          599 226    EA3GCT        599 B     
QSO:  7042 RY 2024-04-07 0121 9A1A          599 368    WC2Y          599 020   
QSO:  3590 RY 2024-04-07 0122 9A1A          599 227    EA1DA         599 LO    
QSO:  3590 RY 2024-04-07 0123 9A1A          599 228    N6FS          599 236   
QSO:  3590 RY 2024-04-07 0124 9A1A          599 229    R3OR          599 057   
QSO:  7050 RY 2024-04-07 0126 9A1A          599 369    KC1DLN        599 014   
QSO:  3595 RY 2024-04-07 0128 9A1A          599 230    DL7AOJ        599 055   
QSO:  7054 RY 2024-04-07 0128 9A1A          599 370    W3ZO          599 023   
QSO:  7054 RY 2024-04-07 0130 9A1A          599 371    HI6M          599 082   
QSO:  7054 RY 2024-04-07 0134 9A1A          599 372    YO6HSU        599 107   
QSO:  7064 RY 2024-04-07 0136 9A1A          599 373    K7OM          599 055   
QSO:  3586 RY 2024-04-07 0138 9A1A          599 231    K4RUM         599 097   
QSO:  7054 RY 2024-04-07 0142 9A1A          599 374    WB5BHS        599 048   
QSO:  7054 RY 2024-04-07 0143 9A1A          599 375    W3RGA         599 002   
QSO:  7054 RY 2024-04-07 0145 9A1A          599 376    WE6EZ         599 069   
QSO:  3595 RY 2024-04-07 0145 9A1A          599 232    YQ6A          599 400   
QSO:  7054 RY 2024-04-07 0145 9A1A          599 377    PD1B          599 035   
QSO:  3590 RY 2024-04-07 0149 9A1A          599 233    DL7AOJ        599 062   
QSO:  7041 RY 2024-04-07 0154 9A1A          599 378    W0IZ          599 161   
QSO:  7065 RY 2024-04-07 0156 9A1A          599 379    KC9TZO        599 017   
QSO:  7054 RY 2024-04-07 0158 9A1A          599 380    YQ6A          599 415   
QSO:  7054 RY 2024-04-07 0159 9A1A          599 381    N9TK          599 003   
QSO:  7054 RY 2024-04-07 0200 9A1A          599 382    K1VW          599 074   
QSO:  7054 RY 2024-04-07 0207 9A1A          599 383    EA6/DL2TM     599 IB    
QSO:  7055 RY 2024-04-07 0211 9A1A          599 384    DL7AOJ        599 068   
QSO:  7054 RY 2024-04-07 0213 9A1A          599 385    CM8JFL        599 141   
QSO:  7054 RY 2024-04-07 0219 9A1A          599 386    K0TC          599 045   
QSO:  7056 RY 2024-04-07 0223 9A1A          599 387    KH7X/W7       599 204   
QSO:  7058 RY 2024-04-07 0226 9A1A          599 388    AA9L          599 058   
QSO:  7054 RY 2024-04-07 0228 9A1A          599 389    KE2D          599 001   
QSO:  7054 RY 2024-04-07 0230 9A1A          599 390    AA4DD         599 005   
QSO:  7054 RY 2024-04-07 0230 9A1A          599 391    K2LNS         599 097   
QSO:  7054 RY 2024-04-07 0232 9A1A          599 392    KB3MI         599 001   
QSO:  7054 RY 2024-04-07 0233 9A1A          599 393    SV1RK         599 185   
QSO:  7054 RY 2024-04-07 0234 9A1A          599 394    AA4HG         599 021   
QSO:  7054 RY 2024-04-07 0235 9A1A          599 395    OK1MSL        599 048   
QSO:  7054 RY 2024-04-07 0236 9A1A          599 396    K5AM          599 068   
QSO:  7054 RY 2024-04-07 0240 9A1A          599 397    N0IRM         599 039   
QSO: 14096 RY 2024-04-07 0242 9A1A          599 415    UA0OK         599 064   
QSO:  7066 RY 2024-04-07 0243 9A1A          599 398    WP3GW         599 043   
QSO: 14096 RY 2024-04-07 0245 9A1A          599 416    KF4FMQ        599 002   
QSO:  7054 RY 2024-04-07 0248 9A1A          599 399    KB9DVC        599 019   
QSO: 14096 RY 2024-04-07 0251 9A1A          599 417    W4UEF         599 006   
QSO: 14096 RY 2024-04-07 0253 9A1A          599 418    W3RGA         599 041   
QSO:  3591 RY 2024-04-07 0257 9A1A          599 234    SV1BJW        599 255   
QSO:  7044 RY 2024-04-07 0258 9A1A          599 400    HG35FIRAC     599 026   
QSO:  3591 RY 2024-04-07 0300 9A1A          599 235    DK5DQ         599 087   
QSO:  3591 RY 2024-04-07 0302 9A1A          599 236    US7UK         599 216   
QSO:  7054 RY 2024-04-07 0303 9A1A          599 401    W4UEF         599 011   
QSO:  7054 RY 2024-04-07 0305 9A1A          599 402    N2GDU         599 001   
QSO:  3591 RY 2024-04-07 0306 9A1A          599 237    K3YP          599 153   
QSO: 14096 RY 2024-04-07 0307 9A1A          599 419    ZL2RX         599 006   
QSO:  7060 RY 2024-04-07 0308 9A1A          599 403    DK5DQ         599 090   
QSO:  3591 RY 2024-04-07 0311 9A1A          599 238    HG35FIRAC     599 035   
QSO:  3591 RY 2024-04-07 0312 9A1A          599 239    DL1ZBO        599 112   
QSO:  7054 RY 2024-04-07 0313 9A1A          599 404    K3YP          599 159   
QSO:  3591 RY 2024-04-07 0313 9A1A          599 240    YO5YM         599 054   
QSO:  7054 RY 2024-04-07 0314 9A1A          599 405    W4SDX         599 081   
QSO: 14096 RY 2024-04-07 0322 9A1A          599 420    AA4DD         599 022   
QSO:  3591 RY 2024-04-07 0323 9A1A          599 241    EW8OM         599 079   
QSO:  7054 RY 2024-04-07 0323 9A1A          599 406    N5LPT         599 057   
QSO:  3591 RY 2024-04-07 0324 9A1A          599 242    W4UEF         599 021   
QSO:  3591 RY 2024-04-07 0324 9A1A          599 243    ON2VHF        599 062   
QSO:  7054 RY 2024-04-07 0325 9A1A          599 407    UR4CU         599 131   
QSO:  3591 RY 2024-04-07 0326 9A1A          599 244    IK2OWX        599 006   
QSO: 14096 RY 2024-04-07 0326 9A1A          599 421    WQ6X          599 063   
QSO:  7054 RY 2024-04-07 0326 9A1A          599 408    N9UA          599 089   
QSO: 14096 RY 2024-04-07 0328 9A1A          599 422    WB2JEP        599 047   
QSO:  7054 RY 2024-04-07 0329 9A1A          599 409    KF4FMQ        599 010   
QSO:  7054 RY 2024-04-07 0330 9A1A          599 410    EU1ST         599 034   
QSO:  3591 RY 2024-04-07 0330 9A1A          599 245    OZ6AGX        599 046   
QSO: 14096 RY 2024-04-07 0331 9A1A          599 423    N0IRM         599 048   
QSO:  7054 RY 2024-04-07 0337 9A1A          599 411    NT4J          599 006   
QSO:  3591 RY 2024-04-07 0338 9A1A          599 246    DL1HSI        599 028   
QSO: 14096 RY 2024-04-07 0338 9A1A          599 424    UA9OV         599 014   
QSO:  3591 RY 2024-04-07 0339 9A1A          599 247    DL1ZBO        599 127   
QSO:  3591 RY 2024-04-07 0339 9A1A          599 248    SM5S          599 002   
QSO: 14096 RY 2024-04-07 0341 9A1A          599 425    VL2N          599 010   
QSO:  7043 RY 2024-04-07 0342 9A1A          599 412    S57ZT         599 004   
QSO:  3591 RY 2024-04-07 0344 9A1A          599 249    NT4J          599 009   
QSO: 14096 RY 2024-04-07 0344 9A1A          599 426    R9CM          599 027   
QSO:  7056 RY 2024-04-07 0347 9A1A          599 413    OA4DOS        599 019   
QSO:  7054 RY 2024-04-07 0350 9A1A          599 414    SM5S          599 005   
QSO: 14096 RY 2024-04-07 0352 9A1A          599 427    KB9WZH        599 003   
QSO:  7054 RY 2024-04-07 0400 9A1A          599 415    US7UK         599 239   
QSO:  7057 RY 2024-04-07 0403 9A1A          599 416    WQ6X          599 069   
QSO: 14096 RY 2024-04-07 0403 9A1A          599 428    UC0A          599 006   
QSO:  7054 RY 2024-04-07 0405 9A1A          599 417    YO4NA         599 047   
QSO:  3585 RY 2024-04-07 0406 9A1A          599 250    KG4IGC        599 124   
QSO:  3591 RY 2024-04-07 0409 9A1A          599 251    N9UA          599 096   
QSO:  7054 RY 2024-04-07 0410 9A1A          599 418    ON5PV         599 025   
QSO:  3591 RY 2024-04-07 0412 9A1A          599 252    LY2BAA        599 056   
QSO:  7046 RY 2024-04-07 0414 9A1A          599 419    OK2PF         599 130   
QSO: 14096 RY 2024-04-07 0415 9A1A          599 429    RA0WHE        599 038   
QSO:  3591 RY 2024-04-07 0420 9A1A          599 253    W4SDX         599 111   
QSO: 14096 RY 2024-04-07 0421 9A1A          599 430    K7RZ          599 001   
QSO: 14096 RY 2024-04-07 0423 9A1A          599 431    KE0UI         599 011   
QSO:  7054 RY 2024-04-07 0423 9A1A          599 420    ZL3P          599 087   
QSO:  3591 RY 2024-04-07 0424 9A1A          599 254    DB100FK       599 020   
QSO: 14096 RY 2024-04-07 0425 9A1A          599 432    AE8GS         599 001   
QSO:  7054 RY 2024-04-07 0426 9A1A          599 421    KC3SDJ        599 021   
QSO:  7065 RY 2024-04-07 0429 9A1A          599 422    HA3MGA        599 100   
QSO:  3591 RY 2024-04-07 0429 9A1A          599 255    DL7YS         599 027   
QSO: 14102 RY 2024-04-07 0431 9A1A          599 433    OA4DOS        599 026   
QSO:  3591 RY 2024-04-07 0432 9A1A          599 256    EA2AUK        599 TE    
QSO: 14096 RY 2024-04-07 0436 9A1A          599 434    KC3SDJ        599 026   
QSO: 21084 RY 2024-04-07 0438 9A1A          599 255    7N2UQC        599 072   
QSO: 14096 RY 2024-04-07 0439 9A1A          599 435    VJ3A          599 076   
QSO:  7054 RY 2024-04-07 0440 9A1A          599 423    YO5YM         599 071   
QSO:  3593 RY 2024-04-07 0442 9A1A          599 257    YL2KO         599 225   
QSO:  7054 RY 2024-04-07 0443 9A1A          599 424    LZ7A          599 407   
QSO: 14092 RY 2024-04-07 0445 9A1A          599 436    BA3AX         599 015   
QSO:  7058 RY 2024-04-07 0446 9A1A          599 425    OL4D          599 243   
QSO: 21091 RY 2024-04-07 0446 9A1A          599 256    JG1LFR        599 111   
QSO:  3592 RY 2024-04-07 0446 9A1A          599 258    EV1R          599 404   
QSO:  7061 RY 2024-04-07 0449 9A1A          599 426    WT2P          599 003   
QSO: 21084 RY 2024-04-07 0449 9A1A          599 257    JN1THL        599 055   
QSO: 14096 RY 2024-04-07 0449 9A1A          599 437    UB3LCE        599 002   
QSO:  7051 RY 2024-04-07 0450 9A1A          599 427    LX1TI         599 022   
QSO: 14083 RY 2024-04-07 0450 9A1A          599 438    ES1BH         599 104   
QSO:  7066 RY 2024-04-07 0452 9A1A          599 428    KE0UI         599 017   
QSO:  7047 RY 2024-04-07 0453 9A1A          599 429    US3EW         599 015   
QSO:  7047 RY 2024-04-07 0454 9A1A          599 430    YO9SW         599 101   
QSO: 21084 RY 2024-04-07 0454 9A1A          599 258    UA0LLD        599 034   
QSO: 21084 RY 2024-04-07 0454 9A1A          599 259    RN4HAB        599 043   
QSO:  7047 RY 2024-04-07 0454 9A1A          599 431    PY4XX         599 032   
QSO:  7052 RY 2024-04-07 0456 9A1A          599 432    IK5FKF        599 124   
QSO:  7044 RY 2024-04-07 0458 9A1A          599 433    HA1TIB        599 003   
QSO: 14089 RY 2024-04-07 0459 9A1A          599 439    N1RM          599 012   
QSO:  7044 RY 2024-04-07 0501 9A1A          599 434    DB100FK       599 044   
QSO: 14089 RY 2024-04-07 0504 9A1A          599 440    PY3TR         599 012   
QSO:  3591 RY 2024-04-07 0506 9A1A          599 259    EA2T          599 VI    
QSO:  3591 RY 2024-04-07 0506 9A1A          599 260    EA3CFV        599 GI    
QSO:  7063 RY 2024-04-07 0507 9A1A          599 435    W6EU          599 127   
QSO: 14089 RY 2024-04-07 0507 9A1A          599 441    DJ1OJ         599 212   
QSO:  7051 RY 2024-04-07 0508 9A1A          599 436    YL2KO         599 251   
QSO:  7052 RY 2024-04-07 0509 9A1A          599 437    IT9LKX        599 012   
QSO: 14089 RY 2024-04-07 0510 9A1A          599 442    EA7CP         599 AL    
QSO:  7063 RY 2024-04-07 0511 9A1A          599 438    I0GIA         599 099   
QSO:  3591 RY 2024-04-07 0512 9A1A          599 261    F4FDR         599 106   
QSO: 21084 RY 2024-04-07 0513 9A1A          599 260    LZ7A          599 425   
QSO: 21084 RY 2024-04-07 0513 9A1A          599 261    RD0A          599 129   
QSO: 21084 RY 2024-04-07 0513 9A1A          599 262    JQ1CIV        599 045   
QSO: 21084 RY 2024-04-07 0515 9A1A          599 263    R4CU          599 105   
QSO:  7038 RY 2024-04-07 0515 9A1A          599 439    LY2BAA        599 068   
QSO:  7038 RY 2024-04-07 0516 9A1A          599 440    IW2FUT        599 043   
QSO: 21084 RY 2024-04-07 0516 9A1A          599 264    JA9CWJ        599 008   
QSO: 21084 RY 2024-04-07 0517 9A1A          599 265    R9CM          599 032   
QSO:  7047 RY 2024-04-07 0518 9A1A          599 441    SV1JFL        599 076   
QSO: 21084 RY 2024-04-07 0519 9A1A          599 266    SP1TJ         599 259   
QSO:  7038 RY 2024-04-07 0519 9A1A          599 442    G0JSP         599 106   
QSO: 21084 RY 2024-04-07 0520 9A1A          599 267    JA9CCG        599 013   
QSO:  7059 RY 2024-04-07 0522 9A1A          599 443    DL5DTG        599 269   
QSO: 14089 RY 2024-04-07 0523 9A1A          599 443    LZ7A          599 429   
QSO: 21084 RY 2024-04-07 0524 9A1A          599 268    ZL3VZ         599 036   
QSO: 21084 RY 2024-04-07 0525 9A1A          599 269    UA4FX         599 159   
QSO: 28084 RY 2024-04-07 0526 9A1A          599 112    JR1AQI        599 026   
QSO:  7042 RY 2024-04-07 0527 9A1A          599 444    EA5GOR        599 A     
QSO: 14089 RY 2024-04-07 0528 9A1A          599 444    VJ3O          599 008   
QSO:  7067 RY 2024-04-07 0530 9A1A          599 445    EA2T          599 VI    
QSO: 21084 RY 2024-04-07 0532 9A1A          599 270    JA4DLF        599 025   
QSO:  7060 RY 2024-04-07 0532 9A1A          599 446    EA2AUK        599 TE    
QSO:  7042 RY 2024-04-07 0533 9A1A          599 447    M2G           599 265   
QSO: 21084 RY 2024-04-07 0533 9A1A          599 271    UA0JFD        599 034   
QSO:  7046 RY 2024-04-07 0533 9A1A          599 448    E77EA         599 014   
QSO: 14089 RY 2024-04-07 0534 9A1A          599 445    HA50HK        599 048   
QSO:  7038 RY 2024-04-07 0536 9A1A          599 449    IK2OWX        599 050   
QSO:  7038 RY 2024-04-07 0537 9A1A          599 450    N1RM          599 035   
QSO:  3589 RY 2024-04-07 0539 9A1A          599 262    EA7TG         599 GR    
QSO: 21101 RY 2024-04-07 0540 9A1A          599 272    ZL1IF         599 041   
QSO: 21084 RY 2024-04-07 0540 9A1A          599 273    UC4I          599 087   
QSO: 21084 RY 2024-04-07 0541 9A1A          599 274    UA0OK         599 072   
QSO: 21084 RY 2024-04-07 0542 9A1A          599 275    JA2GHP        599 006   
QSO: 21084 RY 2024-04-07 0543 9A1A          599 276    JH7UJU        599 006   
QSO: 21081 RY 2024-04-07 0543 9A1A          599 277    UN7CN         599 041   
QSO: 21084 RY 2024-04-07 0545 9A1A          599 278    JR1AQI        599 028   
QSO: 14089 RY 2024-04-07 0545 9A1A          599 446    UZ1WW         599 152   
QSO:  7038 RY 2024-04-07 0546 9A1A          599 451    IK0PEA        599 009   
QSO: 21084 RY 2024-04-07 0546 9A1A          599 279    RZ9A          599 174   
QSO: 14089 RY 2024-04-07 0547 9A1A          599 447    EA3GCT        599 B     
QSO:  7038 RY 2024-04-07 0548 9A1A          599 452    HB9TZU        599 075   
QSO: 21084 RY 2024-04-07 0548 9A1A          599 280    JE2PHJ        599 014   
QSO:  7039 RY 2024-04-07 0549 9A1A          599 453    EA7CP         599 AL    
QSO:  3594 RY 2024-04-07 0552 9A1A          599 263    ED3D          599 GI    
QSO: 21084 RY 2024-04-07 0554 9A1A          599 281    UI4F          599 007   
QSO: 28091 RY 2024-04-07 0554 9A1A          599 113    UA0LLD        599 049   
QSO: 21084 RY 2024-04-07 0556 9A1A          599 282    R7MM          599 389   
QSO: 21084 RY 2024-04-07 0557 9A1A          599 283    JE1RRK        599 002   
QSO:  7038 RY 2024-04-07 0559 9A1A          599 454    GM7TUD        599 007   
QSO: 21084 RY 2024-04-07 0559 9A1A          599 284    UA9AR         599 015   
QSO: 21084 RY 2024-04-07 0600 9A1A          599 285    DS5USH        599 006   
QSO:  7038 RY 2024-04-07 0600 9A1A          599 455    DL3DRN        599 139   
QSO: 14089 RY 2024-04-07 0600 9A1A          599 448    8S9J          599 070   
QSO: 21084 RY 2024-04-07 0600 9A1A          599 286    JG1LHB        599 005   
QSO: 14098 RY 2024-04-07 0602 9A1A          599 449    EA4HPY        599 M     
QSO: 21084 RY 2024-04-07 0605 9A1A          599 287    JK1HIY        599 007   
QSO: 14089 RY 2024-04-07 0605 9A1A          599 450    SM5S          599 028   
QSO: 21084 RY 2024-04-07 0606 9A1A          599 288    UT2II         599 104   
QSO: 14089 RY 2024-04-07 0612 9A1A          599 451    9A5Y          599 562   
QSO:  7056 RY 2024-04-07 0613 9A1A          599 456    ZL1IF         599 050   
QSO:  7052 RY 2024-04-07 0614 9A1A          599 457    DK8ZZ         599 181   
QSO: 21084 RY 2024-04-07 0614 9A1A          599 289    RA3V          599 090   
QSO:  7047 RY 2024-04-07 0617 9A1A          599 458    ON6YYY        599 032   
QSO: 14089 RY 2024-04-07 0618 9A1A          599 452    ZL3VZ         599 048   
QSO: 21084 RY 2024-04-07 0618 9A1A          599 290    JA1IE         599 013   
QSO:  7059 RY 2024-04-07 0618 9A1A          599 459    I2XLF         599 103   
QSO: 14089 RY 2024-04-07 0619 9A1A          599 453    F1IWH         599 002   
QSO: 21084 RY 2024-04-07 0619 9A1A          599 291    JH2KAC        599 012   
QSO: 21084 RY 2024-04-07 0619 9A1A          599 292    JA3VQW        599 004   
QSO:  7042 RY 2024-04-07 0620 9A1A          599 460    ON4DN         599 136   
QSO: 21098 RY 2024-04-07 0621 9A1A          599 293    JR4CTF        599 022   
QSO:  7038 RY 2024-04-07 0627 9A1A          599 461    YU3RMS        599 008   
QSO:  7038 RY 2024-04-07 0627 9A1A          599 462    LZ1MC         599 009   
QSO: 28084 RY 2024-04-07 0627 9A1A          599 114    VL4Y          599 007   
QSO: 21084 RY 2024-04-07 0628 9A1A          599 294    UA4CC         599 053   
QSO:  7052 RY 2024-04-07 0629 9A1A          599 463    AO75CA        599 S     
QSO: 21084 RY 2024-04-07 0629 9A1A          599 295    JA3EQC        599 001   
QSO:  7052 RY 2024-04-07 0632 9A1A          599 464    I0WBX         599 004   
QSO: 14089 RY 2024-04-07 0632 9A1A          599 454    F4ICZ         599 002   
QSO: 21084 RY 2024-04-07 0632 9A1A          599 296    R9FE          599 137   
QSO: 21084 RY 2024-04-07 0633 9A1A          599 297    JH2RIH        599 002   
QSO: 21084 RY 2024-04-07 0634 9A1A          599 298    JF1RYU        599 034   
QSO: 14089 RY 2024-04-07 0636 9A1A          599 455    UR5LY         599 072   
QSO: 14089 RY 2024-04-07 0641 9A1A          599 456    G4HVC         599 047   
QSO:  7038 RY 2024-04-07 0642 9A1A          599 465    DR6W          599 011   
QSO: 21091 RY 2024-04-07 0642 9A1A          599 299    LZ6E          599 541   
QSO:  7044 RY 2024-04-07 0643 9A1A          599 466    DL5KUD        599 201   
QSO: 21088 RY 2024-04-07 0644 9A1A          599 300    RU0LL         599 070   
QSO: 21084 RY 2024-04-07 0646 9A1A          599 301    JH3GMI        599 001   
QSO: 28089 RY 2024-04-07 0646 9A1A          599 115    JH6TNH        599 001   
QSO: 21084 RY 2024-04-07 0647 9A1A          599 302    RA4L          599 077   
QSO:  7043 RY 2024-04-07 0648 9A1A          599 467    SP3MEO        599 047   
QSO: 28089 RY 2024-04-07 0649 9A1A          599 116    JA3HBF        599 086   
QSO: 21110 RY 2024-04-07 0651 9A1A          599 303    JK3HFN        599 005   
QSO: 14089 RY 2024-04-07 0652 9A1A          599 457    S50G          599 111   
QSO: 28089 RY 2024-04-07 0653 9A1A          599 117    7N2UQC        599 102   
QSO: 14089 RY 2024-04-07 0654 9A1A          599 458    F5MMB         599 022   
QSO: 21084 RY 2024-04-07 0654 9A1A          599 304    JG2REJ        599 024   
QSO:  7041 RY 2024-04-07 0658 9A1A          599 468    YT9WW         599 061   
QSO: 21084 RY 2024-04-07 0658 9A1A          599 305    RA1ALC        599 155   
QSO: 21084 RY 2024-04-07 0659 9A1A          599 306    JA1BWA        599 023   
QSO: 21118 RY 2024-04-07 0701 9A1A          599 307    RK0UN         599 086   
QSO: 21084 RY 2024-04-07 0703 9A1A          599 308    UC6N          599 031   
QSO: 21084 RY 2024-04-07 0703 9A1A          599 309    SV1RK         599 240   
QSO: 21084 RY 2024-04-07 0706 9A1A          599 310    RV3DBK        599 020   
QSO: 21084 RY 2024-04-07 0707 9A1A          599 311    UT2EF         599 083   
QSO:  7045 RY 2024-04-07 0707 9A1A          599 469    HA50HK        599 079   
QSO: 21084 RY 2024-04-07 0707 9A1A          599 312    JH1RFM        599 003   
QSO: 28089 RY 2024-04-07 0707 9A1A          599 118    JG1LFR        599 136   
QSO:  7040 RY 2024-04-07 0707 9A1A          599 470    TF3AO         599 073   
QSO:  7041 RY 2024-04-07 0710 9A1A          599 471    EA5GIE        599 V     
QSO: 21084 RY 2024-04-07 0714 9A1A          599 313    RN1AO         599 084   
QSO: 21084 RY 2024-04-07 0715 9A1A          599 314    JH6TNH        599 009   
QSO: 14089 RY 2024-04-07 0716 9A1A          599 459    LA5LJA        599 029   
QSO: 14102 RY 2024-04-07 0721 9A1A          599 460    EE4A          599 GU    
QSO: 14089 RY 2024-04-07 0723 9A1A          599 461    F5TYY         599 019   
QSO: 28089 RY 2024-04-07 0723 9A1A          599 119    JA1BWA        599 033   
QSO:  7039 RY 2024-04-07 0725 9A1A          599 472    IK8OLM        599 022   
QSO: 14106 RY 2024-04-07 0726 9A1A          599 462    E77EA         599 078   
QSO: 21084 RY 2024-04-07 0727 9A1A          599 315    SI3A          599 111   
QSO:  7039 RY 2024-04-07 0727 9A1A          599 473    HB9MXY        599 047   
QSO:  7039 RY 2024-04-07 0728 9A1A          599 474    IQ0SQ         599 081   
QSO:  7039 RY 2024-04-07 0729 9A1A          599 475    SQ9PPT        599 001   
QSO:  7039 RY 2024-04-07 0730 9A1A          599 476    F4FRC         599 012   
QSO:  7039 RY 2024-04-07 0731 9A1A          599 477    OK2VIR        599 077   
QSO: 21084 RY 2024-04-07 0732 9A1A          599 316    JH2HIW        599 012   
QSO:  7042 RY 2024-04-07 0733 9A1A          599 478    DL8ZU         599 047   
QSO: 21084 RY 2024-04-07 0733 9A1A          599 317    RN3OG         599 080   
QSO: 14097 RY 2024-04-07 0733 9A1A          599 463    OH9GIT        599 030   
QSO:  7039 RY 2024-04-07 0734 9A1A          599 479    DK6OR         599 058   
QSO: 14097 RY 2024-04-07 0734 9A1A          599 464    PD1B          599 046   
QSO: 21100 RY 2024-04-07 0735 9A1A          599 318    OH2BBT        599 056   
QSO: 21106 RY 2024-04-07 0736 9A1A          599 319    OH1FFN        599 061   
QSO:  7039 RY 2024-04-07 0736 9A1A          599 480    EA4IF         599 TO    
QSO: 28089 RY 2024-04-07 0738 9A1A          599 120    UA9CTT        599 248   
QSO: 21089 RY 2024-04-07 0739 9A1A          599 320    VJ3A          599 150   
QSO: 21084 RY 2024-04-07 0741 9A1A          599 321    JH4PUS        599 006   
QSO:  7039 RY 2024-04-07 0741 9A1A          599 481    F1TRE         599 041   
QSO: 21096 RY 2024-04-07 0742 9A1A          599 322    BA3AX         599 038   
QSO: 28089 RY 2024-04-07 0744 9A1A          599 121    UA9AR         599 031   
QSO: 21087 RY 2024-04-07 0745 9A1A          599 323    R4RB          599 078   
QSO: 14097 RY 2024-04-07 0745 9A1A          599 465    LA7VK         599 079   
QSO:  7039 RY 2024-04-07 0746 9A1A          599 482    DA0BCC        599 078   
QSO:  7039 RY 2024-04-07 0749 9A1A          599 483    F1IWH         599 032   
QSO: 28089 RY 2024-04-07 0751 9A1A          599 122    JG2REJ        599 033   
QSO:  7039 RY 2024-04-07 0751 9A1A          599 484    PC5D          599 007   
QSO: 21084 RY 2024-04-07 0752 9A1A          599 324    4Z5KZ         599 008   
QSO: 28088 RY 2024-04-07 0753 9A1A          599 123    RG9A          599 823   
QSO: 14114 RY 2024-04-07 0755 9A1A          599 466    Z36N          599 299   
QSO:  7058 RY 2024-04-07 0757 9A1A          599 485    EA5DO         599 V     
QSO: 14117 RY 2024-04-07 0758 9A1A          599 467    EA2CCG        599 NA    
QSO:  7042 RY 2024-04-07 0759 9A1A          599 486    SP9EPS        599 004   
QSO: 28091 RY 2024-04-07 0759 9A1A          599 124    JH7RTQ        599 118   
QSO: 14090 RY 2024-04-07 0802 9A1A          599 468    EA4IF         599 TO    
QSO: 28091 RY 2024-04-07 0802 9A1A          599 125    R9CM          599 042   
QSO: 21084 RY 2024-04-07 0803 9A1A          599 325    R3OR          599 084   
QSO:  7038 RY 2024-04-07 0803 9A1A          599 487    N4TB          599 087   
QSO: 21084 RY 2024-04-07 0805 9A1A          599 326    EA5GOR        599 A     
QSO: 14084 RY 2024-04-07 0805 9A1A          599 469    EC5JC         599 A     
QSO: 14108 RY 2024-04-07 0806 9A1A          599 470    9H1CG         599 004   
QSO: 14097 RY 2024-04-07 0807 9A1A          599 471    ON8NT         599 074   
QSO: 14097 RY 2024-04-07 0808 9A1A          599 472    IT9MRM        599 153   
QSO: 21084 RY 2024-04-07 0811 9A1A          599 327    UA3XO         599 189   
QSO: 14097 RY 2024-04-07 0811 9A1A          599 473    N5KWN         599 039   
QSO:  7053 RY 2024-04-07 0812 9A1A          599 488    EA3EE         599 B     
QSO: 14089 RY 2024-04-07 0812 9A1A          599 474    EA3HCJ        599 T     
QSO: 21084 RY 2024-04-07 0812 9A1A          599 328    JH1BHW        599 038   
QSO: 21084 RY 2024-04-07 0813 9A1A          599 329    RA5BF         599 093   
QSO: 14097 RY 2024-04-07 0815 9A1A          599 475    F4HUW         599 022   
QSO: 14097 RY 2024-04-07 0816 9A1A          599 476    9A1DR         599 056   
QSO: 14097 RY 2024-04-07 0817 9A1A          599 477    PA4GDR        599 010   
QSO:  7038 RY 2024-04-07 0818 9A1A          599 489    YL2LW         599 059   
QSO: 14097 RY 2024-04-07 0819 9A1A          599 478    DL3DRN        599 169   
QSO: 14097 RY 2024-04-07 0820 9A1A          599 479    IZ3XEF        599 033   
QSO:  7038 RY 2024-04-07 0821 9A1A          599 490    DL0MFL        599 044   
QSO: 14110 RY 2024-04-07 0821 9A1A          599 480    S57AW         599 023   
QSO: 28088 RY 2024-04-07 0824 9A1A          599 126    JQ1CIV        599 090   
QSO: 14097 RY 2024-04-07 0825 9A1A          599 481    IW1PNJ        599 346   
QSO:  7038 RY 2024-04-07 0826 9A1A          599 491    DL1JPF        599 043   
QSO: 28084 RY 2024-04-07 0827 9A1A          599 127    JN1THL        599 097   
QSO: 14097 RY 2024-04-07 0827 9A1A          599 482    ES4RD         599 106   
QSO:  7038 RY 2024-04-07 0828 9A1A          599 492    MW9W          599 061   
QSO: 14097 RY 2024-04-07 0829 9A1A          599 483    LA9TY         599 074   
QSO: 14097 RY 2024-04-07 0829 9A1A          599 484    PC7E          599 002   
QSO:  7038 RY 2024-04-07 0830 9A1A          599 493    IZ3XEF        599 039   
QSO: 14097 RY 2024-04-07 0831 9A1A          599 485    DJ5PM         599 004   
QSO: 14097 RY 2024-04-07 0831 9A1A          599 486    PA1M          599 002   
QSO: 14106 RY 2024-04-07 0836 9A1A          599 487    LZ1JZ         599 083   
QSO: 14097 RY 2024-04-07 0839 9A1A          599 488    DJ5FS         599 093   
QSO: 14097 RY 2024-04-07 0844 9A1A          599 489    TA2E          599 029   
QSO: 21110 RY 2024-04-07 0844 9A1A          599 330    LB8IB         599 879   
QSO: 14097 RY 2024-04-07 0846 9A1A          599 490    DL75BRD       599 095   
QSO: 21106 RY 2024-04-07 0847 9A1A          599 331    OH8RA         599 072   
QSO: 21081 RY 2024-04-07 0849 9A1A          599 332    R4FCJ         599 008   
QSO: 14097 RY 2024-04-07 0849 9A1A          599 491    HB9MXY        599 074   
QSO: 14097 RY 2024-04-07 0851 9A1A          599 492    EA2AUK        599 TE    
QSO: 21102 RY 2024-04-07 0853 9A1A          599 333    UC0A          599 045   
QSO: 14093 RY 2024-04-07 0855 9A1A          599 493    TA1BX         599 027   
QSO: 21103 RY 2024-04-07 0856 9A1A          599 334    ED7O          599 J     
QSO: 14109 RY 2024-04-07 0856 9A1A          599 494    EC1DJ         599 PO    
QSO: 14101 RY 2024-04-07 0857 9A1A          599 495    OG16M         599 179   
QSO: 21091 RY 2024-04-07 0859 9A1A          599 335    BA3AX         599 060   
QSO: 14097 RY 2024-04-07 0859 9A1A          599 496    ON/LX1ER      599 289   
QSO: 14097 RY 2024-04-07 0900 9A1A          599 497    PA3DHK        599 046   
QSO: 14097 RY 2024-04-07 0901 9A1A          599 498    PA2TA         599 005   
QSO: 21098 RY 2024-04-07 0902 9A1A          599 336    OM3RM         599 003   
QSO: 14097 RY 2024-04-07 0903 9A1A          599 499    PC4H          599 064   
QSO: 21112 RY 2024-04-07 0904 9A1A          599 337    EA3W          599 B     
QSO: 14112 RY 2024-04-07 0908 9A1A          599 500    LB8IB         599 887   
QSO: 21112 RY 2024-04-07 0908 9A1A          599 338    JA1MLV        599 011   
QSO: 21112 RY 2024-04-07 0910 9A1A          599 339    EA3CY         599 T     
QSO: 14097 RY 2024-04-07 0914 9A1A          599 501    M0CYR         599 044   
QSO: 21100 RY 2024-04-07 0914 9A1A          599 340    LX1TI         599 087   
QSO: 21112 RY 2024-04-07 0917 9A1A          599 341    EA1DA         599 LO    
QSO: 28081 RY 2024-04-07 0918 9A1A          599 128    SV1DPJ        599 274   
QSO: 21080 RY 2024-04-07 0921 9A1A          599 342    S57ZT         599 101   
QSO: 21088 RY 2024-04-07 0922 9A1A          599 343    PA6AA         599 391   
QSO: 28090 RY 2024-04-07 0922 9A1A          599 129    I4JED         599 291   
QSO: 14083 RY 2024-04-07 0923 9A1A          599 502    EA8ZS         599 GC    
QSO: 28094 RY 2024-04-07 0923 9A1A          599 130    JA9CWJ        599 036   
QSO: 21081 RY 2024-04-07 0924 9A1A          599 344    RA0WHE        599 077   
QSO: 21097 RY 2024-04-07 0924 9A1A          599 345    OH8WR         599 063   
QSO: 28084 RY 2024-04-07 0927 9A1A          599 131    EE4Y          599 TO    
QSO: 21081 RY 2024-04-07 0928 9A1A          599 346    EA5JN         599 MU    
QSO: 21112 RY 2024-04-07 0931 9A1A          599 347    EA8/DK4WW     599 TF    
QSO: 14097 RY 2024-04-07 0931 9A1A          599 503    EA3EA         599 B     
QSO: 14099 RY 2024-04-07 0934 9A1A          599 504    OH8WR         599 082   
QSO: 21112 RY 2024-04-07 0934 9A1A          599 348    DF5BX         599 176   
QSO: 21112 RY 2024-04-07 0935 9A1A          599 349    DG2BAR        599 077   
QSO: 21112 RY 2024-04-07 0936 9A1A          599 350    OK1KKI        599 497   
QSO: 21112 RY 2024-04-07 0937 9A1A          599 351    RG2Y          599 245   
QSO: 14097 RY 2024-04-07 0937 9A1A          599 505    NC1CC         599 055   
QSO: 14097 RY 2024-04-07 0939 9A1A          599 506    LX1TI         599 098   
QSO: 28081 RY 2024-04-07 0940 9A1A          599 132    R7MM          599 466   
QSO: 14097 RY 2024-04-07 0941 9A1A          599 507    PA0GJV        599 040   
QSO: 21096 RY 2024-04-07 0944 9A1A          599 352    LB1R          599 079   
QSO: 21088 RY 2024-04-07 0945 9A1A          599 353    F4PAN         599 451   
QSO: 14097 RY 2024-04-07 0945 9A1A          599 508    RW3DY         599 028   
QSO: 21091 RY 2024-04-07 0950 9A1A          599 354    HB9BTI        599 009   
QSO: 14097 RY 2024-04-07 0951 9A1A          599 509    PC5D          599 047   
QSO: 21084 RY 2024-04-07 0953 9A1A          599 355    OH8KA         599 072   
QSO: 28094 RY 2024-04-07 0955 9A1A          599 133    EA5JMW        599 V     
QSO: 14097 RY 2024-04-07 0957 9A1A          599 510    PA3HGP        599 007   
QSO: 21114 RY 2024-04-07 0958 9A1A          599 356    LA5LJA        599 052   
QSO: 28094 RY 2024-04-07 0958 9A1A          599 134    EA4HPY        599 M     
QSO: 14097 RY 2024-04-07 0959 9A1A          599 511    OH8KA         599 077   
QSO: 28095 RY 2024-04-07 0959 9A1A          599 135    ZD7BG         599 069   
QSO: 21088 RY 2024-04-07 1001 9A1A          599 357    EA3EE         599 B     
QSO: 28084 RY 2024-04-07 1004 9A1A          599 136    ED7O          599 J     
QSO: 28090 RY 2024-04-07 1004 9A1A          599 137    P3X           599 1286  
QSO: 21080 RY 2024-04-07 1005 9A1A          599 358    US3EW         599 082   
QSO: 21092 RY 2024-04-07 1008 9A1A          599 359    OH1NOA        599 312   
QSO: 14097 RY 2024-04-07 1009 9A1A          599 512    EA1BJE        599 GU    
QSO: 28089 RY 2024-04-07 1011 9A1A          599 138    EA3GCT        599 B     
QSO: 14097 RY 2024-04-07 1011 9A1A          599 513    EA5BYY        599 MU    
QSO: 21103 RY 2024-04-07 1011 9A1A          599 360    ON/LX1ER      599 313   
QSO: 28094 RY 2024-04-07 1013 9A1A          599 139    UA4PN         599 100   
QSO: 21097 RY 2024-04-07 1016 9A1A          599 361    UZ0A          599 243   
QSO: 14097 RY 2024-04-07 1017 9A1A          599 514    DM2DLG        599 051   
QSO: 28081 RY 2024-04-07 1017 9A1A          599 140    EA5HKZ        599 A     
QSO: 21089 RY 2024-04-07 1018 9A1A          599 362    PA5DX         599 012   
QSO: 21094 RY 2024-04-07 1020 9A1A          599 363    GI7THC        599 068   
QSO: 14097 RY 2024-04-07 1020 9A1A          599 515    YO3GNF        599 142   
QSO: 14097 RY 2024-04-07 1020 9A1A          599 516    DF5BX         599 189   
QSO: 28092 RY 2024-04-07 1021 9A1A          599 141    R9FE          599 182   
QSO: 28085 RY 2024-04-07 1023 9A1A          599 142    EA1O          599 SG    
QSO: 14097 RY 2024-04-07 1024 9A1A          599 517    SQ5ZG         599 021   
QSO: 28088 RY 2024-04-07 1026 9A1A          599 143    UT5EPP        599 501   
QSO: 14097 RY 2024-04-07 1026 9A1A          599 518    9A5HZ         599 062   
QSO: 21096 RY 2024-04-07 1027 9A1A          599 364    8S9J          599 177   
QSO: 28085 RY 2024-04-07 1027 9A1A          599 144    AO75PA        599 O     
QSO: 14097 RY 2024-04-07 1027 9A1A          599 519    YO9SW         599 181   
QSO: 21104 RY 2024-04-07 1027 9A1A          599 365    TA7OYG        599 007   
QSO: 14097 RY 2024-04-07 1029 9A1A          599 520    DK3WW         599 040   
QSO: 14097 RY 2024-04-07 1030 9A1A          599 521    DM6MA         599 018   
QSO: 14097 RY 2024-04-07 1031 9A1A          599 522    OK1KKI        599 506   
QSO: 21100 RY 2024-04-07 1032 9A1A          599 366    OG16M         599 241   
QSO: 14097 RY 2024-04-07 1032 9A1A          599 523    DJ3AN         599 004   
QSO: 28100 RY 2024-04-07 1033 9A1A          599 145    ZV1T          599 245   
QSO: 21098 RY 2024-04-07 1033 9A1A          599 367    2E0INN        599 439   
QSO: 21101 RY 2024-04-07 1034 9A1A          599 368    EA2CCG        599 NA    
QSO: 14099 RY 2024-04-07 1035 9A1A          599 524    ED7O          599 J     
QSO: 21088 RY 2024-04-07 1039 9A1A          599 369    DL8ZU         599 061   
QSO: 14097 RY 2024-04-07 1039 9A1A          599 525    G4RKO         599 070   
QSO: 21087 RY 2024-04-07 1041 9A1A          599 370    UT5EPP        599 509   
QSO: 14096 RY 2024-04-07 1041 9A1A          599 526    LA1K          599 155   
QSO: 14097 RY 2024-04-07 1045 9A1A          599 527    HB9HQX        599 184   
QSO: 21102 RY 2024-04-07 1045 9A1A          599 371    G7M           599 065   
QSO: 14097 RY 2024-04-07 1045 9A1A          599 528    OZ6AGX        599 079   
QSO: 21100 RY 2024-04-07 1046 9A1A          599 372    I2WIJ         599 037   
QSO: 14097 RY 2024-04-07 1046 9A1A          599 529    PE1CUP        599 065   
QSO: 21105 RY 2024-04-07 1047 9A1A          599 373    DF4XX         599 017   
QSO: 21099 RY 2024-04-07 1048 9A1A          599 374    OH1LA         599 152   
QSO: 21107 RY 2024-04-07 1049 9A1A          599 375    E77EA         599 186   
QSO: 14097 RY 2024-04-07 1050 9A1A          599 530    DL0MFL        599 073   
QSO: 14097 RY 2024-04-07 1051 9A1A          599 531    2E0BLN        599 012   
QSO: 14097 RY 2024-04-07 1051 9A1A          599 532    F5UGQ         599 004   
QSO: 21091 RY 2024-04-07 1053 9A1A          599 376    DA0BCC        599 175   
QSO: 14097 RY 2024-04-07 1053 9A1A          599 533    PC5WB         599 027   
QSO: 14097 RY 2024-04-07 1053 9A1A          599 534    DF4XX         599 021   
QSO: 14086 RY 2024-04-07 1054 9A1A          599 535    EA1DA         599 LO    
QSO: 28098 RY 2024-04-07 1056 9A1A          599 146    UC4I          599 124   
QSO: 21102 RY 2024-04-07 1056 9A1A          599 377    UA4PN         599 132   
QSO: 14097 RY 2024-04-07 1057 9A1A          599 536    SN5WD         599 046   
QSO: 21082 RY 2024-04-07 1059 9A1A          599 378    ON6YYY        599 134   
QSO: 14097 RY 2024-04-07 1059 9A1A          599 537    ON4AMP        599 048   
QSO: 21111 RY 2024-04-07 1100 9A1A          599 379    OM7AG         599 176   
QSO: 21087 RY 2024-04-07 1102 9A1A          599 380    HA9RC         599 061   
QSO: 28098 RY 2024-04-07 1102 9A1A          599 147    EV1R          599 592   
QSO: 21114 RY 2024-04-07 1103 9A1A          599 381    IW0RLC        599 207   
QSO: 21087 RY 2024-04-07 1104 9A1A          599 382    EI6IKB        599 412   
QSO: 21099 RY 2024-04-07 1105 9A1A          599 383    LC9S          599 066   
QSO: 14097 RY 2024-04-07 1106 9A1A          599 538    DL2ART        599 023   
QSO: 28098 RY 2024-04-07 1106 9A1A          599 148    DJ3GE         599 059   
QSO: 21090 RY 2024-04-07 1107 9A1A          599 384    DO9PL         599 090   
QSO: 14097 RY 2024-04-07 1108 9A1A          599 539    F4PAN         599 479   
QSO: 14097 RY 2024-04-07 1110 9A1A          599 540    RA3TT         599 072   
QSO: 14097 RY 2024-04-07 1110 9A1A          599 541    EE5X          599 CS    
QSO: 14097 RY 2024-04-07 1113 9A1A          599 542    YO4SI         599 088   
QSO: 21101 RY 2024-04-07 1114 9A1A          599 385    GW5NF         599 448   
QSO: 14097 RY 2024-04-07 1116 9A1A          599 543    SP3MEO        599 116   
QSO: 14097 RY 2024-04-07 1117 9A1A          599 544    LZ1MC         599 026   
QSO: 14097 RY 2024-04-07 1117 9A1A          599 545    RW0SR         599 107   
QSO: 21093 RY 2024-04-07 1118 9A1A          599 386    UC5D          599 035   
QSO: 14097 RY 2024-04-07 1118 9A1A          599 546    PE1OYB        599 123   
QSO: 28082 RY 2024-04-07 1118 9A1A          599 149    UA4CC         599 146   
QSO: 14097 RY 2024-04-07 1119 9A1A          599 547    SP3QDX        599 127   
QSO: 14097 RY 2024-04-07 1121 9A1A          599 548    IT9IVU        599 308   
QSO: 14097 RY 2024-04-07 1122 9A1A          599 549    K4RUM         599 123   
QSO: 14097 RY 2024-04-07 1125 9A1A          599 550    M7RDV         599 007   
QSO: 14106 RY 2024-04-07 1128 9A1A          599 551    EA5JN         599 MU    
QSO: 14097 RY 2024-04-07 1129 9A1A          599 552    PD1NL         599 030   
QSO: 14097 RY 2024-04-07 1134 9A1A          599 553    G8VPE         599 044   
QSO: 28096 RY 2024-04-07 1134 9A1A          599 150    YT6T          599 476   
QSO: 14109 RY 2024-04-07 1142 9A1A          599 554    ON6YYY        599 163   
QSO: 14092 RY 2024-04-07 1142 9A1A          599 555    YO3VU         599 493   
QSO: 14093 RY 2024-04-07 1143 9A1A          599 556    OZ9GA         599 133   
QSO: 14097 RY 2024-04-07 1146 9A1A          599 557    YO4BXX        599 060   
QSO: 14099 RY 2024-04-07 1150 9A1A          599 558    AO75IB        599 IB    
END-OF-LOG:
