START-OF-LOG: 3.0
CREATED-BY: Win-Test 4.19.0
CONTEST: EU-DX
LOCATION: DX
CALLSIGN: OK4RQ
CATEGORY-OPERATOR: SINGLE-OP
CATEGORY-TRANSMITTER: ONE
CATEGORY-ASSISTED: ASSISTED
CATEGORY-BAND: ALL
CATEGORY-POWER: LOW
CATEGORY-MODE: CW
CATEGORY-STATION: FIXED
CLAIMED-SCORE: 
OPERATORS: 
NAME: PAVEL POK
CERTIFICATE: NO
SOAPBOX: RIG Kenwwod TS-480SAT, 100W, ant  dipole 80 m , vertical 40-10m
QSO: 21020 CW 2024-02-03 1201 OK4RQ         599 CZ10   RM5F          599 29     0
QSO: 21035 CW 2024-02-03 1202 OK4RQ         599 CZ10   R81AWD        599 30     0
QSO: 21036 CW 2024-02-03 1202 OK4RQ         599 CZ10   UA9CTT        599 30     0
QSO: 21022 CW 2024-02-03 1203 OK4RQ         599 CZ10   UI3A          599 29     0
QSO: 21022 CW 2024-02-03 1203 OK4RQ         599 CZ10   RV3FF         599 29     0
QSO: 21022 CW 2024-02-03 1203 OK4RQ         599 CZ10   RA9JM         599 21     0
QSO: 21010 CW 2024-02-03 1204 OK4RQ         599 CZ10   P3X           599 CY05   0
QSO: 21012 CW 2024-02-03 1205 OK4RQ         599 CZ10   LZ1ND         599 BG06   0
QSO: 21015 CW 2024-02-03 1206 OK4RQ         599 CZ10   SV8OVJ        599 GR10   0
QSO: 21015 CW 2024-02-03 1206 OK4RQ         599 CZ10   EA2AZ         599 ES15   0
QSO: 21016 CW 2024-02-03 1206 OK4RQ         599 CZ10   UN6LN         599 30     0
QSO: 21017 CW 2024-02-03 1207 OK4RQ         599 CZ10   EA1X          599 ES05   0
QSO: 21038 CW 2024-02-03 1208 OK4RQ         599 CZ10   SV1DAY        599 GR01   0
QSO: 21037 CW 2024-02-03 1208 OK4RQ         599 CZ10   RD0A          599 32     0
QSO: 21038 CW 2024-02-03 1209 OK4RQ         599 CZ10   OG7F          599 FI07   0
QSO: 14012 CW 2024-02-03 1211 OK4RQ         599 CZ10   DK8ZZ         599 DE11   0
QSO: 14012 CW 2024-02-03 1211 OK4RQ         599 CZ10   EV1R          599 29     0
QSO: 14018 CW 2024-02-03 1211 OK4RQ         599 CZ10   YL7X          599 LV02   0
QSO: 14020 CW 2024-02-03 1212 OK4RQ         599 CZ10   R2FZ          599 29     0
QSO: 14038 CW 2024-02-03 1213 OK4RQ         599 CZ10   LY2BKT        599 LT01   0
QSO: 14040 CW 2024-02-03 1213 OK4RQ         599 CZ10   YT2RX         599 28     0
QSO: 14036 CW 2024-02-03 1214 OK4RQ         599 CZ10   YL1ZF         599 LV01   0
QSO: 14039 CW 2024-02-03 1214 OK4RQ         599 CZ10   LZ2CJ         599 BG02   0
QSO: 14041 CW 2024-02-03 1215 OK4RQ         599 CZ10   IU8RQW        599 IT05   0
QSO: 14043 CW 2024-02-03 1215 OK4RQ         599 CZ10   R3OM          599 29     0
QSO: 14050 CW 2024-02-03 1216 OK4RQ         599 CZ10   IQ3ME         599 IT21   0
QSO: 14045 CW 2024-02-03 1216 OK4RQ         599 CZ10   R81AWD        599 30     0
QSO: 14039 CW 2024-02-03 1217 OK4RQ         599 CZ10   EV6Z          599 29     0
QSO: 14039 CW 2024-02-03 1217 OK4RQ         599 CZ10   RN4SC         599 29     0
QSO: 14039 CW 2024-02-03 1218 OK4RQ         599 CZ10   EW1TZ         599 29     0
QSO: 14039 CW 2024-02-03 1218 OK4RQ         599 CZ10   F6HDI         599 FR06   0
QSO: 14039 CW 2024-02-03 1219 OK4RQ         599 CZ10   YU5T          599 28     0
QSO: 14039 CW 2024-02-03 1220 OK4RQ         599 CZ10   K0ZR          599 08     0
QSO: 14039 CW 2024-02-03 1220 OK4RQ         599 CZ10   OK2MBP        599 CZ07   0
QSO: 14039 CW 2024-02-03 1221 OK4RQ         599 CZ10   G3XPO         599 27     0
QSO: 14039 CW 2024-02-03 1221 OK4RQ         599 CZ10   UR4CU         599 29     0
QSO: 14039 CW 2024-02-03 1221 OK4RQ         599 CZ10   LZ2MP         599 BG02   0
QSO: 14039 CW 2024-02-03 1222 OK4RQ         599 CZ10   RN4HAB        599 30     0
QSO: 14039 CW 2024-02-03 1222 OK4RQ         599 CZ10   LZ2PS         599 BG02   0
QSO: 14039 CW 2024-02-03 1223 OK4RQ         599 CZ10   YO4BEX        599 RO02   0
QSO: 14039 CW 2024-02-03 1223 OK4RQ         599 CZ10   HA8L          599 HU03   0
QSO: 14039 CW 2024-02-03 1223 OK4RQ         599 CZ10   IV3FPX        599 IT08   0
QSO: 14039 CW 2024-02-03 1224 OK4RQ         599 CZ10   OL1T          599 CZ10   0
QSO: 14040 CW 2024-02-03 1225 OK4RQ         599 CZ10   SK0QO         599 SE01   0
QSO: 14033 CW 2024-02-03 1226 OK4RQ         599 CZ10   OH1TM         599 FI13   0
QSO: 14034 CW 2024-02-03 1227 OK4RQ         599 CZ10   OH2PM         599 FI18   0
QSO: 14031 CW 2024-02-03 1227 OK4RQ         599 CZ10   SE5T          599 SE02   0
QSO: 14029 CW 2024-02-03 1228 OK4RQ         599 CZ10   SE0B          599 SE06   0
QSO: 14027 CW 2024-02-03 1228 OK4RQ         599 CZ10   SP2FAP        599 PL15   0
QSO: 14026 CW 2024-02-03 1229 OK4RQ         599 CZ10   HA8DU         599 HU03   0
QSO: 14022 CW 2024-02-03 1229 OK4RQ         599 CZ10   HA2VH         599 HU05   0
QSO: 14022 CW 2024-02-03 1229 OK4RQ         599 CZ10   IK0YUT        599 IT20   0
QSO: 14017 CW 2024-02-03 1230 OK4RQ         599 CZ10   YQ6A          599 RO07   0
QSO: 14015 CW 2024-02-03 1230 OK4RQ         599 CZ10   E70Y          599 28     0
QSO: 14020 CW 2024-02-03 1231 OK4RQ         599 CZ10   F5SGI         599 FR03   0
QSO: 14023 CW 2024-02-03 1232 OK4RQ         599 CZ10   SV1ENG        599 GR01   0
QSO: 14021 CW 2024-02-03 1233 OK4RQ         599 CZ10   LY5G          599 LT04   0
QSO: 14028 CW 2024-02-03 1233 OK4RQ         599 CZ10   DD2D          599 DE07   0
QSO: 14033 CW 2024-02-03 1234 OK4RQ         599 CZ10   OG7F          599 FI07   0
QSO: 14035 CW 2024-02-03 1234 OK4RQ         599 CZ10   Z68BB         599 28     0
QSO: 14041 CW 2024-02-03 1234 OK4RQ         599 CZ10   SF6W          599 SE12   0
QSO: 14044 CW 2024-02-03 1235 OK4RQ         599 CZ10   IZ8EPX        599 IT05   0
QSO: 14014 CW 2024-02-03 1236 OK4RQ         599 CZ10   SM5CSS        599 SE02   0
QSO: 14016 CW 2024-02-03 1236 OK4RQ         599 CZ10   LZ7G          599 BG06   0
QSO: 14013 CW 2024-02-03 1237 OK4RQ         599 CZ10   IT9KCD        599 IT16   0
QSO: 14011 CW 2024-02-03 1237 OK4RQ         599 CZ10   RN6AT         599 29     0
QSO: 14008 CW 2024-02-03 1238 OK4RQ         599 CZ10   HG5D          599 HU03   0
QSO: 14011 CW 2024-02-03 1238 OK4RQ         599 CZ10   S51DX         599 SI02   0
QSO: 14018 CW 2024-02-03 1239 OK4RQ         599 CZ10   R7CA          599 29     0
QSO: 14037 CW 2024-02-03 1239 OK4RQ         599 CZ10   LY2J          599 LT04   0
QSO: 14038 CW 2024-02-03 1240 OK4RQ         599 CZ10   RW9AV         599 21     0
QSO: 14038 CW 2024-02-03 1240 OK4RQ         599 CZ10   UR7MZ         599 29     0
QSO: 14038 CW 2024-02-03 1241 OK4RQ         599 CZ10   RK4NB         599 29     0
QSO: 14038 CW 2024-02-03 1241 OK4RQ         599 CZ10   LZ1ZJ         599 BG06   0
QSO: 14038 CW 2024-02-03 1241 OK4RQ         599 CZ10   JA6GCE        599 45     0
QSO: 14038 CW 2024-02-03 1242 OK4RQ         599 CZ10   YO2DFA        599 RO05   0
QSO: 14038 CW 2024-02-03 1242 OK4RQ         599 CZ10   IT9RZU        599 IT16   0
QSO: 14038 CW 2024-02-03 1243 OK4RQ         599 CZ10   Z33B          599 28     0
QSO: 14038 CW 2024-02-03 1243 OK4RQ         599 CZ10   EW4A          599 29     0
QSO: 14038 CW 2024-02-03 1243 OK4RQ         599 CZ10   SF6J          599 SE12   0
QSO: 14038 CW 2024-02-03 1243 OK4RQ         599 CZ10   US7UC         599 29     0
QSO: 14038 CW 2024-02-03 1244 OK4RQ         599 CZ10   RQ9F          599 30     0
QSO: 14038 CW 2024-02-03 1244 OK4RQ         599 CZ10   DL5BAW        599 DE05   0
QSO: 14038 CW 2024-02-03 1245 OK4RQ         599 CZ10   DL9ZP         599 DE09   0
QSO: 14038 CW 2024-02-03 1246 OK4RQ         599 CZ10   HG8W          599 HU03   0
QSO: 14038 CW 2024-02-03 1246 OK4RQ         599 CZ10   YO8DOH        599 RO01   0
QSO: 14038 CW 2024-02-03 1247 OK4RQ         599 CZ10   RD4W          599 30     0
QSO: 14038 CW 2024-02-03 1248 OK4RQ         599 CZ10   LZ2CH         599 BG03   0
QSO: 21037 CW 2024-02-03 1248 OK4RQ         599 CZ10   K1RX          599 08     0
QSO: 21040 CW 2024-02-03 1249 OK4RQ         599 CZ10   LZ1QZ         599 BG04   0
QSO: 21043 CW 2024-02-03 1250 OK4RQ         599 CZ10   EA5ITT        599 ES04   0
QSO: 21044 CW 2024-02-03 1250 OK4RQ         599 CZ10   PV2K          599 15     0
QSO: 21026 CW 2024-02-03 1251 OK4RQ         599 CZ10   NR4M          599 08     0
QSO: 21020 CW 2024-02-03 1251 OK4RQ         599 CZ10   OR5T          599 BE11   0
QSO: 21022 CW 2024-02-03 1252 OK4RQ         599 CZ10   TA2DA         599 39     0
QSO: 21016 CW 2024-02-03 1252 OK4RQ         599 CZ10   RN4SS         599 29     0
QSO: 21033 CW 2024-02-03 1254 OK4RQ         599 CZ10   K3TN          599 08     0
QSO: 21033 CW 2024-02-03 1256 OK4RQ         599 CZ10   SP2FOV        599 PL11   0
QSO: 21033 CW 2024-02-03 1256 OK4RQ         599 CZ10   HA6FQ         599 HU01   0
QSO: 21033 CW 2024-02-03 1257 OK4RQ         599 CZ10   S53V          599 SI02   0
QSO: 21033 CW 2024-02-03 1257 OK4RQ         599 CZ10   HB9AMO        599 28     0
QSO: 21033 CW 2024-02-03 1257 OK4RQ         599 CZ10   YL1ZF         599 LV01   0
QSO: 28010 CW 2024-02-03 1301 OK4RQ         599 CZ10   RK4K          599 29     0
QSO: 28010 CW 2024-02-03 1302 OK4RQ         599 CZ10   RA4NCC        599 30     0
QSO: 28010 CW 2024-02-03 1303 OK4RQ         599 CZ10   N4ZR          599 08     0
QSO: 28010 CW 2024-02-03 1304 OK4RQ         599 CZ10   R4MA          599 29     0
QSO: 28010 CW 2024-02-03 1304 OK4RQ         599 CZ10   W3IO          599 08     0
QSO: 28010 CW 2024-02-03 1305 OK4RQ         599 CZ10   N4RV          599 08     0
QSO: 28010 CW 2024-02-03 1306 OK4RQ         599 CZ10   UA1ZZ         599 19     0
QSO: 28010 CW 2024-02-03 1306 OK4RQ         599 CZ10   UA3MIF        599 29     0
QSO: 28010 CW 2024-02-03 1307 OK4RQ         599 CZ10   RU9AC         599 30     0
QSO: 28010 CW 2024-02-03 1308 OK4RQ         599 CZ10   IQ2CJ         599 IT11   0
QSO: 28010 CW 2024-02-03 1309 OK4RQ         599 CZ10   K3TN          599 08     0
QSO: 28010 CW 2024-02-03 1310 OK4RQ         599 CZ10   4Z4UO         599 39     0
QSO: 28012 CW 2024-02-03 1310 OK4RQ         599 CZ10   UA9CTT        599 30     0
QSO: 28022 CW 2024-02-03 1311 OK4RQ         599 CZ10   UA4WAU        599 30     0
QSO: 28012 CW 2024-02-03 1311 OK4RQ         599 CZ10   RW7F          599 29     0
QSO: 28010 CW 2024-02-03 1311 OK4RQ         599 CZ10   NY3A          599 08     0
QSO: 28013 CW 2024-02-03 1314 OK4RQ         599 CZ10   PY2XL         599 15     0
QSO: 21015 CW 2024-02-03 1318 OK4RQ         599 CZ10   SV8DJW        599 GR10   0
QSO: 21018 CW 2024-02-03 1318 OK4RQ         599 CZ10   OH2KW         599 FI17   0
QSO: 21034 CW 2024-02-03 1319 OK4RQ         599 CZ10   RU9LA         599 30     0
QSO: 21032 CW 2024-02-03 1319 OK4RQ         599 CZ10   HA8DU         599 HU03   0
QSO: 21035 CW 2024-02-03 1320 OK4RQ         599 CZ10   IT9LKX        599 IT16   0
QSO: 21037 CW 2024-02-03 1320 OK4RQ         599 CZ10   RC6U          599 29     0
QSO: 21040 CW 2024-02-03 1321 OK4RQ         599 CZ10   NP4Z          599 11     0
QSO: 21038 CW 2024-02-03 1321 OK4RQ         599 CZ10   OH1TM         599 FI13   0
QSO: 21036 CW 2024-02-03 1322 OK4RQ         599 CZ10   UZ7E          599 29     0
QSO: 21036 CW 2024-02-03 1323 OK4RQ         599 CZ10   UG4P          599 29     0
QSO: 21036 CW 2024-02-03 1323 OK4RQ         599 CZ10   RA3YDA        599 29     0
QSO: 21036 CW 2024-02-03 1324 OK4RQ         599 CZ10   K2TQC         599 08     0
QSO: 21036 CW 2024-02-03 1324 OK4RQ         599 CZ10   UA6AA         599 29     0
QSO: 21036 CW 2024-02-03 1325 OK4RQ         599 CZ10   ES5NY         599 EE05   0
QSO: 21036 CW 2024-02-03 1326 OK4RQ         599 CZ10   UA6LCJ        599 29     0
QSO: 21036 CW 2024-02-03 1327 OK4RQ         599 CZ10   UY5TE         599 29     0
QSO: 14036 CW 2024-02-03 1328 OK4RQ         599 CZ10   OK2NO         599 CZ07   0
QSO: 14036 CW 2024-02-03 1328 OK4RQ         599 CZ10   UN7LV         599 30     0
QSO: 14036 CW 2024-02-03 1328 OK4RQ         599 CZ10   YO8TTT        599 RO01   0
QSO: 14036 CW 2024-02-03 1329 OK4RQ         599 CZ10   RA4NCC        599 30     0
QSO: 14036 CW 2024-02-03 1329 OK4RQ         599 CZ10   F5ICC         599 FR10   0
QSO: 14036 CW 2024-02-03 1330 OK4RQ         599 CZ10   G4MKR         599 27     0
QSO: 14036 CW 2024-02-03 1330 OK4RQ         599 CZ10   EW8OM         599 29     0
QSO: 14036 CW 2024-02-03 1330 OK4RQ         599 CZ10   LZ3TL         599 BG01   0
QSO: 14036 CW 2024-02-03 1331 OK4RQ         599 CZ10   RG8G          599 30     0
QSO: 14036 CW 2024-02-03 1331 OK4RQ         599 CZ10   M6W           599 27     0
QSO: 14036 CW 2024-02-03 1332 OK4RQ         599 CZ10   RX3VF         599 29     0
QSO: 14036 CW 2024-02-03 1332 OK4RQ         599 CZ10   UB8A          599 30     0
QSO: 14036 CW 2024-02-03 1333 OK4RQ         599 CZ10   UA3MIF        599 29     0
QSO: 14036 CW 2024-02-03 1333 OK4RQ         599 CZ10   SM4EMO        599 SE14   0
QSO: 14036 CW 2024-02-03 1334 OK4RQ         599 CZ10   SP7CF         599 PL04   0
QSO: 14036 CW 2024-02-03 1334 OK4RQ         599 CZ10   UG4P          599 29     0
QSO: 14036 CW 2024-02-03 1334 OK4RQ         599 CZ10   ZA1RR         599 28     0
QSO: 14036 CW 2024-02-03 1335 OK4RQ         599 CZ10   LY2LF         599 LT01   0
QSO: 14036 CW 2024-02-03 1336 OK4RQ         599 CZ10   HG6O          599 HU01   0
QSO: 14036 CW 2024-02-03 1337 OK4RQ         599 CZ10   OZ6ZL         599 DK05   0
QSO: 14036 CW 2024-02-03 1337 OK4RQ         599 CZ10   SM2M          599 SE20   0
QSO: 14036 CW 2024-02-03 1337 OK4RQ         599 CZ10   RA9MX         599 30     0
QSO: 14036 CW 2024-02-03 1339 OK4RQ         599 CZ10   PA2CHM        599 NL12   0
QSO: 14036 CW 2024-02-03 1339 OK4RQ         599 CZ10   DL4ME         599 DE16   0
QSO: 14036 CW 2024-02-03 1340 OK4RQ         599 CZ10   S52OT         599 SI01   0
QSO: 14036 CW 2024-02-03 1340 OK4RQ         599 CZ10   9H1XT         599 MT04   0
QSO: 14036 CW 2024-02-03 1340 OK4RQ         599 CZ10   UR5WX         599 29     0
QSO: 14036 CW 2024-02-03 1341 OK4RQ         599 CZ10   DL8DWW        599 DE13   0
QSO: 14036 CW 2024-02-03 1341 OK4RQ         599 CZ10   R9LY          599 30     0
QSO: 14036 CW 2024-02-03 1342 OK4RQ         599 CZ10   LY2BAA        599 LT01   0
QSO: 14035 CW 2024-02-03 1343 OK4RQ         599 CZ10   YO7CW         599 RO03   0
QSO: 14020 CW 2024-02-03 1343 OK4RQ         599 CZ10   SM6TOL        599 SE12   0
QSO: 14006 CW 2024-02-03 1344 OK4RQ         599 CZ10   OG4Z          599 FI06   0
QSO: 14005 CW 2024-02-03 1344 OK4RQ         599 CZ10   HA3DX         599 HU07   0
QSO: 14007 CW 2024-02-03 1345 OK4RQ         599 CZ10   IQ6JU         599 IT01   0
QSO: 14009 CW 2024-02-03 1346 OK4RQ         599 CZ10   UR7R          599 29     0
QSO: 14035 CW 2024-02-03 1348 OK4RQ         599 CZ10   R1DX          599 29     0
QSO: 14007 CW 2024-02-03 1349 OK4RQ         599 CZ10   R3VL          599 29     0
QSO: 14007 CW 2024-02-03 1350 OK4RQ         599 CZ10   UA3YDI        599 29     0
QSO: 14007 CW 2024-02-03 1350 OK4RQ         599 CZ10   UN7CAW        599 30     0
QSO:  7019 CW 2024-02-03 1352 OK4RQ         599 CZ10   HG1G          599 HU06   0
QSO:  7014 CW 2024-02-03 1352 OK4RQ         599 CZ10   SP1AEN        599 PL11   0
QSO:  7014 CW 2024-02-03 1353 OK4RQ         599 CZ10   DG0KS         599 DE09   0
QSO:  7014 CW 2024-02-03 1353 OK4RQ         599 CZ10   DK5TX         599 DE10   0
QSO:  7014 CW 2024-02-03 1354 OK4RQ         599 CZ10   DM3M          599 DE12   0
QSO:  7014 CW 2024-02-03 1354 OK4RQ         599 CZ10   E74EW         599 28     0
QSO:  7014 CW 2024-02-03 1354 OK4RQ         599 CZ10   DL2NBY        599 DE02   0
QSO:  7014 CW 2024-02-03 1357 OK4RQ         599 CZ10   HA1RJ         599 HU06   0
QSO:  7014 CW 2024-02-03 1357 OK4RQ         599 CZ10   YT2B          599 28     0
QSO:  7014 CW 2024-02-03 1357 OK4RQ         599 CZ10   S51J          599 SI01   0
QSO:  7014 CW 2024-02-03 1358 OK4RQ         599 CZ10   OM2XW         599 SK03   0
QSO:  7014 CW 2024-02-03 1358 OK4RQ         599 CZ10   HA4FY         599 HU05   0
QSO:  7014 CW 2024-02-03 1359 OK4RQ         599 CZ10   ON4DN         599 BE03   0
QSO:  7014 CW 2024-02-03 1400 OK4RQ         599 CZ10   DL9GBY        599 28     0
QSO:  7014 CW 2024-02-03 1400 OK4RQ         599 CZ10   HA2KMR        599 HU05   0
QSO:  7022 CW 2024-02-03 1401 OK4RQ         599 CZ10   HA8LCA        599 HU03   0
QSO:  7017 CW 2024-02-03 1402 OK4RQ         599 CZ10   HA7A          599 HU04   0
QSO:  7013 CW 2024-02-03 1402 OK4RQ         599 CZ10   S58MU         599 SI05   0
QSO:  7010 CW 2024-02-03 1402 OK4RQ         599 CZ10   YR0K          599 RO01   0
QSO:  7012 CW 2024-02-03 1403 OK4RQ         599 CZ10   YU0T          599 28     0
QSO:  7019 CW 2024-02-03 1403 OK4RQ         599 CZ10   DL1LOD        599 DE13   0
QSO:  7020 CW 2024-02-03 1404 OK4RQ         599 CZ10   HA8DU         599 HU03   0
QSO:  7024 CW 2024-02-03 1404 OK4RQ         599 CZ10   DD5M          599 DE02   0
QSO: 14016 CW 2024-02-03 1405 OK4RQ         599 CZ10   M4T           599 27     0
QSO: 14010 CW 2024-02-03 1406 OK4RQ         599 CZ10   SM5X          599 SE15   0
QSO: 14022 CW 2024-02-03 1407 OK4RQ         599 CZ10   OH2KW         599 FI17   0
QSO: 14023 CW 2024-02-03 1407 OK4RQ         599 CZ10   UA9XX         599 20     0
QSO: 14026 CW 2024-02-03 1408 OK4RQ         599 CZ10   9A3YT         599 HR04   0
QSO: 14030 CW 2024-02-03 1408 OK4RQ         599 CZ10   OZ1AAR        599 DK01   0
QSO: 14027 CW 2024-02-03 1409 OK4RQ         599 CZ10   RL3T          599 29     0
QSO: 14018 CW 2024-02-03 1410 OK4RQ         599 CZ10   LA8HGA        599 18     0
QSO: 14010 CW 2024-02-03 1410 OK4RQ         599 CZ10   EA3NO         599 ES02   0
QSO: 14012 CW 2024-02-03 1411 OK4RQ         599 CZ10   LZ3ZZ         599 BG06   0
QSO: 14020 CW 2024-02-03 1411 OK4RQ         599 CZ10   LZ5DI         599 BG05   0
QSO: 14013 CW 2024-02-03 1412 OK4RQ         599 CZ10   RU9LA         599 30     0
QSO: 14026 CW 2024-02-03 1413 OK4RQ         599 CZ10   EU8U          599 29     0
QSO: 14026 CW 2024-02-03 1413 OK4RQ         599 CZ10   R9XS          599 20     0
QSO: 14026 CW 2024-02-03 1413 OK4RQ         599 CZ10   YL3FW         599 LV01   0
QSO: 14026 CW 2024-02-03 1414 OK4RQ         599 CZ10   UC0A          599 32     0
QSO: 14026 CW 2024-02-03 1414 OK4RQ         599 CZ10   YO3GEK        599 RO02   0
QSO: 14026 CW 2024-02-03 1415 OK4RQ         599 CZ10   DL9GBY        599 28     0
QSO: 14026 CW 2024-02-03 1415 OK4RQ         599 CZ10   R4ACY         599 29     0
QSO: 14026 CW 2024-02-03 1416 OK4RQ         599 CZ10   DL2TM         599 DE14   0
QSO: 14026 CW 2024-02-03 1417 OK4RQ         599 CZ10   PA2A          599 NL10   0
QSO: 14026 CW 2024-02-03 1417 OK4RQ         599 CZ10   IZ3XEF        599 IT21   0
QSO: 14026 CW 2024-02-03 1417 OK4RQ         599 CZ10   RZ4AZ         599 29     0
QSO: 14026 CW 2024-02-03 1418 OK4RQ         599 CZ10   OK2NAJ        599 CZ08   0
QSO: 14026 CW 2024-02-03 1419 OK4RQ         599 CZ10   UA9UAE        599 31     0
QSO: 14026 CW 2024-02-03 1419 OK4RQ         599 CZ10   HA5JI         599 HU03   0
QSO: 14026 CW 2024-02-03 1420 OK4RQ         599 CZ10   ON/DL4JU      599 BE09   0
QSO: 14026 CW 2024-02-03 1421 OK4RQ         599 CZ10   RW7F          599 29     0
QSO: 14027 CW 2024-02-03 1422 OK4RQ         599 CZ10   OZ3SM         599 DK01   0
QSO: 14041 CW 2024-02-03 1424 OK4RQ         599 CZ10   SM0Q          599 SE01   0
QSO: 14041 CW 2024-02-03 1424 OK4RQ         599 CZ10   IZ8EFD        599 IT06   0
QSO: 21040 CW 2024-02-03 1425 OK4RQ         599 CZ10   IK2GZU        599 IT11   0
QSO: 21021 CW 2024-02-03 1426 OK4RQ         599 CZ10   9H1XT         599 MT04   0
QSO: 21017 CW 2024-02-03 1427 OK4RQ         599 CZ10   F5IN          599 FR04   0
QSO: 21013 CW 2024-02-03 1427 OK4RQ         599 CZ10   KU2M          599 08     0
QSO: 21014 CW 2024-02-03 1427 OK4RQ         599 CZ10   K1RM          599 08     0
QSO: 21010 CW 2024-02-03 1428 OK4RQ         599 CZ10   EA1CS         599 ES14   0
QSO: 21011 CW 2024-02-03 1428 OK4RQ         599 CZ10   KG9N          599 08     0
QSO: 21013 CW 2024-02-03 1429 OK4RQ         599 CZ10   CR3DX         599 PT06   0
QSO: 21018 CW 2024-02-03 1429 OK4RQ         599 CZ10   RA3BQ         599 29     0
QSO: 21009 CW 2024-02-03 1431 OK4RQ         599 CZ10   SM2M          599 SE20   0
QSO: 21011 CW 2024-02-03 1431 OK4RQ         599 CZ10   RT5C          599 29     0
QSO: 21018 CW 2024-02-03 1431 OK4RQ         599 CZ10   R3ZZ          599 29     0
QSO: 21027 CW 2024-02-03 1432 OK4RQ         599 CZ10   LZ4AE         599 BG01   0
QSO: 21017 CW 2024-02-03 1433 OK4RQ         599 CZ10   SD6M          599 SE12   0
QSO: 21016 CW 2024-02-03 1433 OK4RQ         599 CZ10   SV1ENG        599 GR01   0
QSO: 21008 CW 2024-02-03 1434 OK4RQ         599 CZ10   NY3A          599 08     0
QSO: 21008 CW 2024-02-03 1435 OK4RQ         599 CZ10   LY7T          599 LT02   0
QSO: 21009 CW 2024-02-03 1436 OK4RQ         599 CZ10   DL2NBY        599 DE02   0
QSO: 21009 CW 2024-02-03 1437 OK4RQ         599 CZ10   UA3XFO        599 29     0
QSO: 28020 CW 2024-02-03 1440 OK4RQ         599 CZ10   RA3YDA        599 29     0
QSO: 28020 CW 2024-02-03 1440 OK4RQ         599 CZ10   W1GD          599 08     0
QSO: 14015 CW 2024-02-03 1442 OK4RQ         599 CZ10   R7MM          599 29     0
QSO: 14004 CW 2024-02-03 1442 OK4RQ         599 CZ10   ES5NY         599 EE05   0
QSO: 14010 CW 2024-02-03 1443 OK4RQ         599 CZ10   P3X           599 CY05   0
QSO: 14010 CW 2024-02-03 1443 OK4RQ         599 CZ10   P3X           599 CY05   0
QSO: 14011 CW 2024-02-03 1444 OK4RQ         599 CZ10   OL5W          599 CT11   0
QSO: 14014 CW 2024-02-03 1445 OK4RQ         599 CZ10   LZ5EE         599 BG01   0
QSO: 14017 CW 2024-02-03 1446 OK4RQ         599 CZ10   OK1OA         599 CZ06   0
QSO: 14020 CW 2024-02-03 1446 OK4RQ         599 CZ10   UA3RBR        599 29     0
QSO: 14012 CW 2024-02-03 1447 OK4RQ         599 CZ10   CR5O          599 PT05   0
QSO: 14011 CW 2024-02-03 1448 OK4RQ         599 CZ10   OK5M          599 CZ03   0
QSO: 14014 CW 2024-02-03 1448 OK4RQ         599 CZ10   SK3W          599 SE17   0
QSO: 14021 CW 2024-02-03 1449 OK4RQ         599 CZ10   F5OZC         599 FR12   0
QSO: 14024 CW 2024-02-03 1449 OK4RQ         599 CZ10   ES7A          599 EE05   0
QSO: 14031 CW 2024-02-03 1450 OK4RQ         599 CZ10   R1QE          599 29     0
QSO: 14031 CW 2024-02-03 1451 OK4RQ         599 CZ10   YB2IQ         599 54     0
QSO: 14031 CW 2024-02-03 1451 OK4RQ         599 CZ10   YO4DW         599 RO03   0
QSO: 14031 CW 2024-02-03 1452 OK4RQ         599 CZ10   DL1JDQ        599 DE13   0
QSO: 14031 CW 2024-02-03 1452 OK4RQ         599 CZ10   R3LC          599 29     0
QSO: 14031 CW 2024-02-03 1452 OK4RQ         599 CZ10   RT5C          599 29     0
QSO: 14031 CW 2024-02-03 1453 OK4RQ         599 CZ10   YO4GOU        599 RO02   0
QSO: 14031 CW 2024-02-03 1453 OK4RQ         599 CZ10   OK2IW         599 CZ08   0
QSO: 14031 CW 2024-02-03 1454 OK4RQ         599 CZ10   YU9YAU        599 28     0
QSO: 14031 CW 2024-02-03 1454 OK4RQ         599 CZ10   LZ1HM         599 28     0
QSO: 14031 CW 2024-02-03 1455 OK4RQ         599 CZ10   IU6AIG        599 IT12   0
QSO: 14031 CW 2024-02-03 1456 OK4RQ         599 CZ10   DK1TW         599 DE01   0
QSO: 14031 CW 2024-02-03 1456 OK4RQ         599 CZ10   I1NVU         599 IT10   0
QSO: 14031 CW 2024-02-03 1457 OK4RQ         599 CZ10   RC2O          599 29     0
QSO: 14031 CW 2024-02-03 1457 OK4RQ         599 CZ10   R8WO          599 30     0
QSO: 14031 CW 2024-02-03 1458 OK4RQ         599 CZ10   OH5MQ         599 FI16   0
QSO: 14031 CW 2024-02-03 1458 OK4RQ         599 CZ10   RA4CL         599 29     0
QSO: 14031 CW 2024-02-03 1458 OK4RQ         599 CZ10   HA6FQ         599 HU01   0
QSO: 14031 CW 2024-02-03 1459 OK4RQ         599 CZ10   HG1W          599 HU06   0
QSO: 14031 CW 2024-02-03 1459 OK4RQ         599 CZ10   PA2TA         599 NL10   0
QSO: 14031 CW 2024-02-03 1500 OK4RQ         599 CZ10   HA6OZ         599 HU01   0
QSO: 14031 CW 2024-02-03 1500 OK4RQ         599 CZ10   R4WAE         599 30     0
QSO: 14017 CW 2024-02-03 1501 OK4RQ         599 CZ10   TA2DA         599 39     0
QSO: 14028 CW 2024-02-03 1502 OK4RQ         599 CZ10   YO4NT         599 RO02   0
QSO: 14023 CW 2024-02-03 1502 OK4RQ         599 CZ10   UA9CTT        599 30     0
QSO: 14007 CW 2024-02-03 1503 OK4RQ         599 CZ10   LZ4AE         599 BG01   0
QSO: 14008 CW 2024-02-03 1504 OK4RQ         599 CZ10   IR9K          599 IT16   0
QSO: 14008 CW 2024-02-03 1505 OK4RQ         599 CZ10   DL3KWR        599 DE09   0
QSO:  7025 CW 2024-02-03 1508 OK4RQ         599 CZ10   HA5UA         599 HU04   0
QSO:  7014 CW 2024-02-03 1508 OK4RQ         599 CZ10   HA6NL         599 HU01   0
QSO:  7024 CW 2024-02-03 1509 OK4RQ         599 CZ10   SN5N          599 PL06   0
QSO:  7024 CW 2024-02-03 1509 OK4RQ         599 CZ10   UA9SMU        599 30     0
QSO:  7024 CW 2024-02-03 1509 OK4RQ         599 CZ10   UR7MZ         599 29     0
QSO:  7024 CW 2024-02-03 1510 OK4RQ         599 CZ10   SN5J          599 PL08   0
QSO:  7024 CW 2024-02-03 1510 OK4RQ         599 CZ10   SP2R          599 PL11   0
QSO:  7024 CW 2024-02-03 1510 OK4RQ         599 CZ10   Z32TO         599 28     0
QSO:  7024 CW 2024-02-03 1511 OK4RQ         599 CZ10   YP5A          599 RO06   0
QSO:  7024 CW 2024-02-03 1511 OK4RQ         599 CZ10   F6HDI         599 FR06   0
QSO:  7024 CW 2024-02-03 1512 OK4RQ         599 CZ10   UZ6U          599 29     0
QSO:  7024 CW 2024-02-03 1513 OK4RQ         599 CZ10   IK0PXD        599 IT09   0
QSO:  7024 CW 2024-02-03 1513 OK4RQ         599 CZ10   SP4TKR        599 PL15   0
QSO:  7024 CW 2024-02-03 1514 OK4RQ         599 CZ10   OZ5UR         599 DK04   0
QSO:  7024 CW 2024-02-03 1515 OK4RQ         599 CZ10   LY3NX         599 LT03   0
QSO:  7027 CW 2024-02-03 1516 OK4RQ         599 CZ10   OK1OA         599 CZ06   0
QSO:  7030 CW 2024-02-03 1517 OK4RQ         599 CZ10   OZ6TL         599 DK05   0
QSO:  7021 CW 2024-02-03 1518 OK4RQ         599 CZ10   LY7M          599 LT02   0
QSO:  7017 CW 2024-02-03 1518 OK4RQ         599 CZ10   SP7IFM        599 PL14   0
QSO:  7012 CW 2024-02-03 1519 OK4RQ         599 CZ10   DD2D          599 DE07   0
QSO:  7009 CW 2024-02-03 1519 OK4RQ         599 CZ10   SP9XCN        599 PL12   0
QSO:  7017 CW 2024-02-03 1519 OK4RQ         599 CZ10   YT1A          599 28     0
QSO:  7024 CW 2024-02-03 1520 OK4RQ         599 CZ10   IQ3RP         599 IT21   0
QSO:  7022 CW 2024-02-03 1520 OK4RQ         599 CZ10   YO5AXF        599 RO06   0
QSO:  7021 CW 2024-02-03 1521 OK4RQ         599 CZ10   DL3DRN        599 DE13   0
QSO:  7020 CW 2024-02-03 1522 OK4RQ         599 CZ10   S52W          599 SI02   0
QSO:  7018 CW 2024-02-03 1522 OK4RQ         599 CZ10   E77EA         599 28     0
QSO:  7016 CW 2024-02-03 1523 OK4RQ         599 CZ10   YO3JW         599 RO02   0
QSO:  7015 CW 2024-02-03 1523 OK4RQ         599 CZ10   R9LY          599 30     0
QSO:  7033 CW 2024-02-03 1524 OK4RQ         599 CZ10   R81AWD        599 30     0
QSO:  7025 CW 2024-02-03 1524 OK4RQ         599 CZ10   RN4AO         599 29     0
QSO:  7028 CW 2024-02-03 1525 OK4RQ         599 CZ10   SP3MEP        599 PL01   0
QSO:  7019 CW 2024-02-03 1526 OK4RQ         599 CZ10   LA8HGA        599 18     0
QSO:  7011 CW 2024-02-03 1526 OK4RQ         599 CZ10   R4ACY         599 29     0
QSO:  7011 CW 2024-02-03 1526 OK4RQ         599 CZ10   EU1DC         599 29     0
QSO:  7010 CW 2024-02-03 1527 OK4RQ         599 CZ10   R6CC          599 29     0
QSO:  7019 CW 2024-02-03 1528 OK4RQ         599 CZ10   PA2W          599 NL11   0
QSO:  7023 CW 2024-02-03 1528 OK4RQ         599 CZ10   OG7F          599 FI07   0
QSO:  7021 CW 2024-02-03 1529 OK4RQ         599 CZ10   UY5OO         599 29     0
QSO:  7021 CW 2024-02-03 1530 OK4RQ         599 CZ10   SP3VT         599 PL01   0
QSO:  7026 CW 2024-02-03 1530 OK4RQ         599 CZ10   SM2M          599 SE20   0
QSO:  7021 CW 2024-02-03 1530 OK4RQ         599 CZ10   HA1AS         599 HU06   0
QSO:  7021 CW 2024-02-03 1531 OK4RQ         599 CZ10   9A1CCY        599 HR03   0
QSO:  7021 CW 2024-02-03 1531 OK4RQ         599 CZ10   EW8G          599 29     0
QSO:  7021 CW 2024-02-03 1531 OK4RQ         599 CZ10   S56A          599 SI06   0
QSO:  7021 CW 2024-02-03 1531 OK4RQ         599 CZ10   RU9AC         599 30     0
QSO:  7021 CW 2024-02-03 1532 OK4RQ         599 CZ10   HG1W          599 HU06   0
QSO:  7021 CW 2024-02-03 1532 OK4RQ         599 CZ10   HG6O          599 HU01   0
QSO:  7021 CW 2024-02-03 1533 OK4RQ         599 CZ10   HG8W          599 HU03   0
QSO:  7021 CW 2024-02-03 1533 OK4RQ         599 CZ10   RX3VF         599 29     0
QSO:  7021 CW 2024-02-03 1535 OK4RQ         599 CZ10   DH6DAO        599 DE10   0
QSO:  7021 CW 2024-02-03 1535 OK4RQ         599 CZ10   SE6F          599 SE12   0
QSO:  7021 CW 2024-02-03 1535 OK4RQ         599 CZ10   UA4C          599 29     0
QSO:  7021 CW 2024-02-03 1536 OK4RQ         599 CZ10   RT4M          599 29     0
QSO:  7021 CW 2024-02-03 1537 OK4RQ         599 CZ10   DJ9MH         599 DE02   0
QSO:  7021 CW 2024-02-03 1537 OK4RQ         599 CZ10   S54X          599 SI04   0
QSO:  7021 CW 2024-02-03 1537 OK4RQ         599 CZ10   SP4G          599 PL15   0
QSO:  7021 CW 2024-02-03 1538 OK4RQ         599 CZ10   PD1RP         599 NL04   0
QSO:  7021 CW 2024-02-03 1538 OK4RQ         599 CZ10   EA3O          599 ES02   0
QSO:  7021 CW 2024-02-03 1539 OK4RQ         599 CZ10   PA3EVY        599 NL12   0
QSO:  7021 CW 2024-02-03 1539 OK4RQ         599 CZ10   UC0A          599 32     0
QSO:  7021 CW 2024-02-03 1540 OK4RQ         599 CZ10   DL1ATZ        599 DE16   0
QSO:  7021 CW 2024-02-03 1540 OK4RQ         599 CZ10   YO4FPF        599 RO02   0
QSO:  7023 CW 2024-02-03 1541 OK4RQ         599 CZ10   SK3W          599 SE17   0
QSO:  7018 CW 2024-02-03 1543 OK4RQ         599 CZ10   HA4A          599 HU05   0
QSO:  3523 CW 2024-02-03 1808 OK4RQ         599 CZ10   OE1CIW        599 AT01   0
QSO:  3522 CW 2024-02-03 1809 OK4RQ         599 CZ10   HA0LC         599 HU02   0
QSO:  3517 CW 2024-02-03 1810 OK4RQ         599 CZ10   OK1DOL        599 CZ10   0
QSO:  3515 CW 2024-02-03 1811 OK4RQ         599 CZ10   DO2XU         599 DE08   0
QSO:  3514 CW 2024-02-03 1811 OK4RQ         599 CZ10   LZ4AE         599 BG01   0
QSO:  3509 CW 2024-02-03 1811 OK4RQ         599 CZ10   SP9XCN        599 PL12   0
QSO:  3518 CW 2024-02-03 1811 OK4RQ         599 CZ10   LZ3ZZ         599 BG06   0
QSO:  3513 CW 2024-02-03 1812 OK4RQ         599 CZ10   SE5T          599 SE02   0
QSO:  3512 CW 2024-02-03 1813 OK4RQ         599 CZ10   LZ1ZJ         599 BG06   0
QSO:  3514 CW 2024-02-03 1813 OK4RQ         599 CZ10   IV3SKB        599 IT08   0
QSO:  3516 CW 2024-02-03 1814 OK4RQ         599 CZ10   E7CW          599 28     0
QSO:  3521 CW 2024-02-03 1814 OK4RQ         599 CZ10   SP1NY         599 PL16   0
QSO:  3522 CW 2024-02-03 1815 OK4RQ         599 CZ10   DM1LM         599 DE14   0
QSO:  3522 CW 2024-02-03 1815 OK4RQ         599 CZ10   YT1WA         599 28     0
QSO:  3522 CW 2024-02-03 1815 OK4RQ         599 CZ10   RW7F          599 29     0
QSO:  3522 CW 2024-02-03 1816 OK4RQ         599 CZ10   R7KX          599 29     0
QSO:  3522 CW 2024-02-03 1816 OK4RQ         599 CZ10   PA3AAV        599 NL08   0
QSO:  3522 CW 2024-02-03 1816 OK4RQ         599 CZ10   YO8DOH        599 RO01   0
QSO:  3522 CW 2024-02-03 1817 OK4RQ         599 CZ10   UT1WW         599 29     0
QSO:  3522 CW 2024-02-03 1817 OK4RQ         599 CZ10   OK2EQ         599 CZ07   0
QSO:  3522 CW 2024-02-03 1817 OK4RQ         599 CZ10   IV3EAD        599 IT08   0
QSO:  3522 CW 2024-02-03 1818 OK4RQ         599 CZ10   DL8WJM        599 DE13   0
QSO:  3522 CW 2024-02-03 1818 OK4RQ         599 CZ10   SP2R          599 PL11   0
QSO:  3522 CW 2024-02-03 1818 OK4RQ         599 CZ10   OK2BRJ        599 CZ07   0
QSO:  3522 CW 2024-02-03 1819 OK4RQ         599 CZ10   SM5CSS        599 SE02   0
QSO:  3522 CW 2024-02-03 1819 OK4RQ         599 CZ10   S56A          599 SI06   0
QSO:  3522 CW 2024-02-03 1819 OK4RQ         599 CZ10   EA3O          599 ES02   0
QSO:  3522 CW 2024-02-03 1820 OK4RQ         599 CZ10   SM2M          599 SE20   0
QSO:  3522 CW 2024-02-03 1820 OK4RQ         599 CZ10   OH6BA         599 FI08   0
QSO:  3522 CW 2024-02-03 1820 OK4RQ         599 CZ10   DK2CX         599 DE02   0
QSO:  3522 CW 2024-02-03 1821 OK4RQ         599 CZ10   9A3B          599 HR03   0
QSO:  3522 CW 2024-02-03 1821 OK4RQ         599 CZ10   UA3RBR        599 29     0
QSO:  3522 CW 2024-02-03 1822 OK4RQ         599 CZ10   HA3GC         599 HU07   0
QSO:  3522 CW 2024-02-03 1822 OK4RQ         599 CZ10   YL3CW         599 LV03   0
QSO:  3522 CW 2024-02-03 1823 OK4RQ         599 CZ10   SP8GNF        599 PL06   0
QSO:  3522 CW 2024-02-03 1823 OK4RQ         599 CZ10   YL1ZF         599 LV01   0
QSO:  3522 CW 2024-02-03 1823 OK4RQ         599 CZ10   SN7F          599 PL14   0
QSO:  3522 CW 2024-02-03 1824 OK4RQ         599 CZ10   HA8IH         599 HU03   0
QSO:  3522 CW 2024-02-03 1824 OK4RQ         599 CZ10   LY2BAA        599 LT01   0
QSO:  3522 CW 2024-02-03 1825 OK4RQ         599 CZ10   SP5LST        599 PL08   0
QSO:  3522 CW 2024-02-03 1825 OK4RQ         599 CZ10   IV3FPX        599 IT08   0
QSO:  3522 CW 2024-02-03 1825 OK4RQ         599 CZ10   9A5Y          599 HR03   0
QSO:  3522 CW 2024-02-03 1825 OK4RQ         599 CZ10   OM5KM         599 SK04   0
QSO:  3522 CW 2024-02-03 1826 OK4RQ         599 CZ10   RW4AD         599 29     0
QSO:  3522 CW 2024-02-03 1827 OK4RQ         599 CZ10   OG7F          599 FI07   0
QSO:  3522 CW 2024-02-03 1827 OK4RQ         599 CZ10   YT4T          599 28     0
QSO:  3522 CW 2024-02-03 1827 OK4RQ         599 CZ10   R3OM          599 29     0
QSO:  3522 CW 2024-02-03 1827 OK4RQ         599 CZ10   HA5JI         599 HU03   0
QSO:  3522 CW 2024-02-03 1828 OK4RQ         599 CZ10   YO2MKI        599 RO05   0
QSO:  3522 CW 2024-02-03 1828 OK4RQ         599 CZ10   SP1D          599 PL16   0
QSO:  3522 CW 2024-02-03 1828 OK4RQ         599 CZ10   P3X           599 CY05   0
QSO:  3522 CW 2024-02-03 1829 OK4RQ         599 CZ10   ZA1RR         599 28     0
QSO:  3522 CW 2024-02-03 1829 OK4RQ         599 CZ10   DF1DX         599 DE10   0
QSO:  3522 CW 2024-02-03 1829 OK4RQ         599 CZ10   LA2XNA        599 18     0
QSO:  3522 CW 2024-02-03 1830 OK4RQ         599 CZ10   HA7WP         599 HU04   0
QSO:  3522 CW 2024-02-03 1831 OK4RQ         599 CZ10   S51YI         599 SI02   0
QSO:  3522 CW 2024-02-03 1832 OK4RQ         599 CZ10   S53F          599 SI02   0
QSO:  3522 CW 2024-02-03 1832 OK4RQ         599 CZ10   DK1TW         599 DE01   0
QSO:  3522 CW 2024-02-03 1833 OK4RQ         599 CZ10   UI3A          599 29     0
QSO:  3522 CW 2024-02-03 1833 OK4RQ         599 CZ10   DL2NBY        599 DE02   0
QSO:  3522 CW 2024-02-03 1834 OK4RQ         599 CZ10   DM7AA         599 DE13   0
QSO:  3522 CW 2024-02-03 1835 OK4RQ         599 CZ10   SP7CF         599 PL04   0
QSO:  3522 CW 2024-02-03 1836 OK4RQ         599 CZ10   DL4ME         599 DE16   0
QSO:  3522 CW 2024-02-03 1836 OK4RQ         599 CZ10   HG8W          599 HU03   0
QSO:  3522 CW 2024-02-03 1837 OK4RQ         599 CZ10   UA3MIF        599 29     0
QSO:  3522 CW 2024-02-03 1838 OK4RQ         599 CZ10   RA4Y          599 29     0
QSO:  3522 CW 2024-02-03 1838 OK4RQ         599 CZ10   UZ6U          599 29     0
QSO:  3522 CW 2024-02-03 1838 OK4RQ         599 CZ10   LZ5EE         599 BG01   0
QSO:  3522 CW 2024-02-03 1838 OK4RQ         599 CZ10   HA3DX         599 HU07   0
QSO:  3522 CW 2024-02-03 1839 OK4RQ         599 CZ10   YU5T          599 28     0
QSO:  3522 CW 2024-02-03 1840 OK4RQ         599 CZ10   YU5R          599 28     0
QSO:  3522 CW 2024-02-03 1840 OK4RQ         599 CZ10   UZ5DM         599 29     0
QSO:  3522 CW 2024-02-03 1841 OK4RQ         599 CZ10   HG1W          599 HU06   0
QSO:  3522 CW 2024-02-03 1841 OK4RQ         599 CZ10   IU1HFK        599 IT10   0
QSO:  3522 CW 2024-02-03 1842 OK4RQ         599 CZ10   ON/DL4JU      599 BE09   0
QSO:  3522 CW 2024-02-03 1842 OK4RQ         599 CZ10   EV6Z          599 29     0
QSO:  3522 CW 2024-02-03 1842 OK4RQ         599 CZ10   DM3M          599 DE12   0
QSO:  3522 CW 2024-02-03 1843 OK4RQ         599 CZ10   IV3IPS        599 IT08   0
QSO:  3522 CW 2024-02-03 1843 OK4RQ         599 CZ10   HG6O          599 HU01   0
QSO:  3522 CW 2024-02-03 1843 OK4RQ         599 CZ10   LZ8E          599 BG03   0
QSO:  3522 CW 2024-02-03 1844 OK4RQ         599 CZ10   UR7MZ         599 29     0
QSO:  3522 CW 2024-02-03 1845 OK4RQ         599 CZ10   SP9DUX        599 PL12   0
QSO:  3522 CW 2024-02-03 1847 OK4RQ         599 CZ10   HA3HX         599 HU07   0
QSO:  3522 CW 2024-02-03 1847 OK4RQ         599 CZ10   IQ3ME         599 IT21   0
QSO:  3522 CW 2024-02-03 1847 OK4RQ         599 CZ10   UV1IX         599 29     0
QSO:  3522 CW 2024-02-03 1847 OK4RQ         599 CZ10   RK7X          599 29     0
QSO:  3522 CW 2024-02-03 1848 OK4RQ         599 CZ10   YT2RX         599 28     0
QSO:  3522 CW 2024-02-03 1849 OK4RQ         599 CZ10   F4VVG         599 FR06   0
QSO:  3522 CW 2024-02-03 1851 OK4RQ         599 CZ10   OK2PDN        599 CZ03   0
QSO:  3522 CW 2024-02-03 1851 OK4RQ         599 CZ10   RA3YDA        599 29     0
QSO:  3522 CW 2024-02-03 1851 OK4RQ         599 CZ10   UA4PN         599 30     0
QSO:  3522 CW 2024-02-03 1852 OK4RQ         599 CZ10   AO100RADIO    599 ES03   0
QSO:  3522 CW 2024-02-03 1852 OK4RQ         599 CZ10   SP2QG         599 PL02   0
QSO:  3522 CW 2024-02-03 1853 OK4RQ         599 CZ10   OK/UR8IF      599 CZ03   0
QSO:  3522 CW 2024-02-03 1853 OK4RQ         599 CZ10   DK2ZO         599 DE01   0
QSO:  3522 CW 2024-02-03 1854 OK4RQ         599 CZ10   SO7NA         599 PL04   0
QSO:  3522 CW 2024-02-03 1855 OK4RQ         599 CZ10   9A3YT         599 HR04   0
QSO:  3522 CW 2024-02-03 1855 OK4RQ         599 CZ10   9A1DR         599 HR01   0
QSO:  3522 CW 2024-02-03 1855 OK4RQ         599 CZ10   LY4K          599 LT03   0
QSO:  3522 CW 2024-02-03 1856 OK4RQ         599 CZ10   PC4H          599 NL08   0
QSO:  3522 CW 2024-02-03 1856 OK4RQ         599 CZ10   EW8OM         599 29     0
QSO:  3522 CW 2024-02-03 1856 OK4RQ         599 CZ10   S52KJ         599 SI02   0
QSO:  3522 CW 2024-02-03 1857 OK4RQ         599 CZ10   DD2D          599 DE07   0
QSO:  1829 CW 2024-02-03 1858 OK4RQ         599 CZ10   S52AW         599 SI02   0
QSO:  1826 CW 2024-02-03 1858 OK4RQ         599 CZ10   HG1W          599 HU06   0
QSO:  1826 CW 2024-02-03 1859 OK4RQ         599 CZ10   YT8A          599 28     0
QSO:  1826 CW 2024-02-03 1859 OK4RQ         599 CZ10   ON5LL         599 BE05   0
QSO:  1826 CW 2024-02-03 1859 OK4RQ         599 CZ10   SP2R          599 PL11   0
QSO:  1826 CW 2024-02-03 1900 OK4RQ         599 CZ10   ZA1RR         599 28     0
QSO:  1826 CW 2024-02-03 1900 OK4RQ         599 CZ10   HA6PJ         599 HU01   0
QSO:  1826 CW 2024-02-03 1900 OK4RQ         599 CZ10   UZ5DM         599 29     0
QSO:  1826 CW 2024-02-03 1901 OK4RQ         599 CZ10   YO4RDW        599 RO02   0
QSO:  1826 CW 2024-02-03 1901 OK4RQ         599 CZ10   HA6NL         599 HU01   0
QSO:  1826 CW 2024-02-03 1902 OK4RQ         599 CZ10   OE9AMJ/P      599 AT09   0
QSO:  1826 CW 2024-02-03 1902 OK4RQ         599 CZ10   IT9LKX        599 IT16   0
QSO:  1826 CW 2024-02-03 1903 OK4RQ         599 CZ10   PI4CC         599 NL10   0
QSO:  1826 CW 2024-02-03 1903 OK4RQ         599 CZ10   E79D          599 28     0
QSO:  1826 CW 2024-02-03 1903 OK4RQ         599 CZ10   DM4X          599 DE02   0
QSO:  1826 CW 2024-02-03 1904 OK4RQ         599 CZ10   DL1JDQ        599 DE13   0
QSO:  1826 CW 2024-02-03 1904 OK4RQ         599 CZ10   DL4ME         599 DE16   0
QSO:  1826 CW 2024-02-03 1905 OK4RQ         599 CZ10   SN5J          599 PL08   0
QSO:  1826 CW 2024-02-03 1906 OK4RQ         599 CZ10   OZ0B          599 DK05   0
QSO:  1822 CW 2024-02-03 1910 OK4RQ         599 CZ10   HA5JI         599 HU03   0
QSO:  1822 CW 2024-02-03 1911 OK4RQ         599 CZ10   YT1BD         599 28     0
QSO:  1822 CW 2024-02-03 1911 OK4RQ         599 CZ10   HA8MV         599 HU03   0
QSO:  1822 CW 2024-02-03 1912 OK4RQ         599 CZ10   IQ1RF         599 IT14   0
QSO:  1822 CW 2024-02-03 1912 OK4RQ         599 CZ10   HA1TI         599 HU06   0
QSO:  1829 CW 2024-02-03 1913 OK4RQ         599 CZ10   HA8DU         599 HU03   0
QSO:  1822 CW 2024-02-03 1913 OK4RQ         599 CZ10   S56A          599 SI06   0
QSO:  1831 CW 2024-02-03 1914 OK4RQ         599 CZ10   SK3W          599 SE17   0
QSO:  3524 CW 2024-02-03 1916 OK4RQ         599 CZ10   HA5BMS        599 HU04   0
QSO:  3516 CW 2024-02-03 1917 OK4RQ         599 CZ10   I3FDZ         599 IT21   0
QSO:  3516 CW 2024-02-03 1918 OK4RQ         599 CZ10   RD4A          599 29     0
QSO:  3516 CW 2024-02-03 1918 OK4RQ         599 CZ10   DL1JDQ        599 DE13   0
QSO:  3516 CW 2024-02-03 1918 OK4RQ         599 CZ10   EW8G          599 29     0
QSO:  3516 CW 2024-02-03 1919 OK4RQ         599 CZ10   HA0GK         599 HU02   0
QSO:  3516 CW 2024-02-03 1919 OK4RQ         599 CZ10   PA3ARM        599 NL06   0
QSO:  3516 CW 2024-02-03 1920 OK4RQ         599 CZ10   EU8U          599 29     0
QSO:  3516 CW 2024-02-03 1921 OK4RQ         599 CZ10   LZ1QZ         599 BG04   0
QSO:  3516 CW 2024-02-03 1921 OK4RQ         599 CZ10   OK1DRX        599 CZ11   0
QSO:  3516 CW 2024-02-03 1922 OK4RQ         599 CZ10   DL2TM         599 DE14   0
QSO:  3516 CW 2024-02-03 1922 OK4RQ         599 CZ10   UI7D          599 29     0
QSO:  3516 CW 2024-02-03 1922 OK4RQ         599 CZ10   R7MM          599 29     0
QSO:  3516 CW 2024-02-03 1923 OK4RQ         599 CZ10   LY2MC         599 LT04   0
QSO:  3516 CW 2024-02-03 1924 OK4RQ         599 CZ10   SV2TCB        599 GR03   0
QSO:  3516 CW 2024-02-03 1924 OK4RQ         599 CZ10   F6HDI         599 FR06   0
QSO:  3516 CW 2024-02-03 1925 OK4RQ         599 CZ10   DL1QQ         599 DE10   0
QSO:  3516 CW 2024-02-03 1925 OK4RQ         599 CZ10   IK3TCK        599 IT21   0
QSO:  7023 CW 2024-02-03 1927 OK4RQ         599 CZ10   OH1TM         599 FI13   0
QSO:  7019 CW 2024-02-03 1928 OK4RQ         599 CZ10   LZ1DQ         599 BG06   0
QSO:  7019 CW 2024-02-03 1928 OK4RQ         599 CZ10   R3LC          599 29     0
QSO:  7019 CW 2024-02-03 1928 OK4RQ         599 CZ10   RL3T          599 29     0
QSO:  7019 CW 2024-02-03 1929 OK4RQ         599 CZ10   SM0Q          599 SE01   0
QSO:  7019 CW 2024-02-03 1929 OK4RQ         599 CZ10   R3ZZ          599 29     0
QSO:  7019 CW 2024-02-03 1929 OK4RQ         599 CZ10   YO8/LZ4UU     599 RO01   0
QSO:  7019 CW 2024-02-03 1929 OK4RQ         599 CZ10   YU1YV         599 28     0
QSO:  7019 CW 2024-02-03 1930 OK4RQ         599 CZ10   LZ2PS         599 BG02   0
QSO:  7019 CW 2024-02-03 1930 OK4RQ         599 CZ10   YQ6A          599 RO07   0
QSO:  7019 CW 2024-02-03 1930 OK4RQ         599 CZ10   RA6L          599 29     0
QSO:  7019 CW 2024-02-03 1931 OK4RQ         599 CZ10   UI3A          599 29     0
QSO:  7019 CW 2024-02-03 1931 OK4RQ         599 CZ10   R5AV          599 29     0
QSO:  7019 CW 2024-02-03 1932 OK4RQ         599 CZ10   LZ5DI         599 BG05   0
QSO:  7019 CW 2024-02-03 1933 OK4RQ         599 CZ10   EA5/RV2A      599 ES04   0
QSO:  7019 CW 2024-02-03 1933 OK4RQ         599 CZ10   RA4NCC        599 30     0
QSO:  7019 CW 2024-02-03 1933 OK4RQ         599 CZ10   SA6AUN        599 SE12   0
QSO:  7019 CW 2024-02-03 1934 OK4RQ         599 CZ10   UA4HAZ        599 29     0
QSO:  7019 CW 2024-02-03 1934 OK4RQ         599 CZ10   YL7X          599 LV02   0
QSO:  7019 CW 2024-02-03 1935 OK4RQ         599 CZ10   EW1I          599 29     0
QSO:  7019 CW 2024-02-03 1935 OK4RQ         599 CZ10   HA7RY         599 HU04   0
QSO:  7019 CW 2024-02-03 1936 OK4RQ         599 CZ10   RV3DBK        599 29     0
QSO:  7019 CW 2024-02-03 1936 OK4RQ         599 CZ10   RM2R          599 29     0
QSO:  7019 CW 2024-02-03 1937 OK4RQ         599 CZ10   JQ3AAM        599 45     0
QSO:  7019 CW 2024-02-03 1937 OK4RQ         599 CZ10   YO3GEK        599 RO02   0
QSO:  7019 CW 2024-02-03 1937 OK4RQ         599 CZ10   JA6GCE        599 45     0
QSO:  7019 CW 2024-02-03 1938 OK4RQ         599 CZ10   OT6E          599 BE02   0
QSO:  7019 CW 2024-02-03 1938 OK4RQ         599 CZ10   RN4SS         599 29     0
QSO:  7019 CW 2024-02-03 1938 OK4RQ         599 CZ10   SP2QG         599 PL02   0
QSO:  7019 CW 2024-02-03 1939 OK4RQ         599 CZ10   RA6FUZ        599 29     0
QSO:  7019 CW 2024-02-03 1939 OK4RQ         599 CZ10   RC6U          599 29     0
QSO:  7019 CW 2024-02-03 1939 OK4RQ         599 CZ10   UA1ZZ         599 19     0
QSO:  7019 CW 2024-02-03 1940 OK4RQ         599 CZ10   YO6DMR        599 RO07   0
QSO:  7019 CW 2024-02-03 1941 OK4RQ         599 CZ10   YC3GEM        599 54     0
QSO:  7019 CW 2024-02-03 1941 OK4RQ         599 CZ10   RT5P          599 29     0
QSO:  7019 CW 2024-02-03 1942 OK4RQ         599 CZ10   UA9CTT        599 30     0
QSO:  7019 CW 2024-02-03 1942 OK4RQ         599 CZ10   EV1R          599 29     0
QSO:  7019 CW 2024-02-03 1942 OK4RQ         599 CZ10   RA4CL         599 29     0
QSO:  7019 CW 2024-02-03 1943 OK4RQ         599 CZ10   EU8U          599 29     0
QSO:  3516 CW 2024-02-03 1944 OK4RQ         599 CZ10   IK0FER        599 IT20   0
QSO:  3519 CW 2024-02-03 1945 OK4RQ         599 CZ10   PA6AA         599 NL01   0
QSO:  3516 CW 2024-02-03 1945 OK4RQ         599 CZ10   I1HJT         599 IT10   0
QSO:  3511 CW 2024-02-03 1946 OK4RQ         599 CZ10   YP3X          599 RO08   0
QSO:  3524 CW 2024-02-03 1946 OK4RQ         599 CZ10   OK2EA         599 CZ13   0
QSO:  3524 CW 2024-02-03 1947 OK4RQ         599 CZ10   PI4CC         599 NL10   0
QSO:  3527 CW 2024-02-03 1947 OK4RQ         599 CZ10   HA6NL         599 HU01   0
QSO:  3529 CW 2024-02-03 1948 OK4RQ         599 CZ10   M6W           599 27     0
QSO:  3531 CW 2024-02-03 1948 OK4RQ         599 CZ10   RL3T          599 29     0
QSO:  3539 CW 2024-02-03 1948 OK4RQ         599 CZ10   OM5NL         599 SK04   0
QSO:  3540 CW 2024-02-03 1949 OK4RQ         599 CZ10   ON9TT         599 BE04   0
QSO:  3544 CW 2024-02-03 1949 OK4RQ         599 CZ10   OK2MBP        599 CZ07   0
QSO:  3537 CW 2024-02-03 1950 OK4RQ         599 CZ10   S52AU         599 SI02   0
QSO:  3536 CW 2024-02-03 1950 OK4RQ         599 CZ10   HA8DU         599 HU03   0
QSO:  3535 CW 2024-02-03 1951 OK4RQ         599 CZ10   S54O          599 SI02   0
QSO:  3533 CW 2024-02-03 1951 OK4RQ         599 CZ10   SM6TOL        599 SE12   0
QSO:  3519 CW 2024-02-03 1952 OK4RQ         599 CZ10   ES7A          599 EE05   0
QSO:  3515 CW 2024-02-03 1952 OK4RQ         599 CZ10   LZ5R          599 BG06   0
QSO:  3514 CW 2024-02-03 1953 OK4RQ         599 CZ10   OK2NO         599 CZ07   0
QSO:  1822 CW 2024-02-03 1954 OK4RQ         599 CZ10   RW7F          599 29     0
QSO:  1822 CW 2024-02-03 1954 OK4RQ         599 CZ10   S53F          599 SI02   0
QSO:  1822 CW 2024-02-03 1955 OK4RQ         599 CZ10   YL3JD         599 LV05   0
QSO:  1822 CW 2024-02-03 1955 OK4RQ         599 CZ10   IK1YED        599 IT10   0
QSO:  1822 CW 2024-02-03 1955 OK4RQ         599 CZ10   UI7D          599 29     0
QSO:  1822 CW 2024-02-03 1956 OK4RQ         599 CZ10   DM3M          599 DE12   0
QSO:  1822 CW 2024-02-03 1956 OK4RQ         599 CZ10   ON/DL4JU      599 BE09   0
QSO:  1822 CW 2024-02-03 1957 OK4RQ         599 CZ10   SC3A          599 SE18   0
QSO:  1822 CW 2024-02-03 1957 OK4RQ         599 CZ10   OG7F          599 FI07   0
QSO:  1822 CW 2024-02-03 1958 OK4RQ         599 CZ10   LZ3ZZ         599 BG06   0
QSO:  1822 CW 2024-02-03 1958 OK4RQ         599 CZ10   DJ1MM         599 DE02   0
QSO:  1822 CW 2024-02-03 1958 OK4RQ         599 CZ10   SP2QG         599 PL02   0
QSO:  1822 CW 2024-02-03 1959 OK4RQ         599 CZ10   ER/UT1ZZ      599 29     0
QSO:  1822 CW 2024-02-03 1959 OK4RQ         599 CZ10   OL5Y          599 CZ11   0
QSO:  1828 CW 2024-02-03 2000 OK4RQ         599 CZ10   EA1X          599 ES05   0
QSO:  1822 CW 2024-02-03 2001 OK4RQ         599 CZ10   EA2AZ         599 ES15   0
QSO:  1822 CW 2024-02-03 2001 OK4RQ         599 CZ10   OE2S          599 AT02   0
QSO:  1822 CW 2024-02-03 2001 OK4RQ         599 CZ10   F6IFJ         599 FR07   0
QSO:  1822 CW 2024-02-03 2002 OK4RQ         599 CZ10   DL5AXX        599 DE07   0
QSO:  1822 CW 2024-02-03 2003 OK4RQ         599 CZ10   RA3YDA        599 29     0
QSO:  1822 CW 2024-02-03 2003 OK4RQ         599 CZ10   F6HDI         599 FR06   0
QSO:  1822 CW 2024-02-03 2004 OK4RQ         599 CZ10   DD2D          599 DE07   0
QSO:  1822 CW 2024-02-03 2004 OK4RQ         599 CZ10   HG6O          599 HU01   0
QSO:  1822 CW 2024-02-03 2004 OK4RQ         599 CZ10   SP7CF         599 PL04   0
QSO:  1822 CW 2024-02-03 2005 OK4RQ         599 CZ10   UI3A          599 29     0
QSO:  1822 CW 2024-02-03 2005 OK4RQ         599 CZ10   R7MM          599 29     0
QSO:  1822 CW 2024-02-03 2006 OK4RQ         599 CZ10   DM5GG         599 DE13   0
QSO:  1822 CW 2024-02-03 2007 OK4RQ         599 CZ10   DL4VK         599 DE02   0
QSO:  1822 CW 2024-02-03 2007 OK4RQ         599 CZ10   S52AU         599 SI02   0
QSO:  3514 CW 2024-02-03 2008 OK4RQ         599 CZ10   SK0QO         599 SE01   0
QSO:  3512 CW 2024-02-03 2008 OK4RQ         599 CZ10   F8DFP         599 FR01   0
QSO:  3509 CW 2024-02-03 2009 OK4RQ         599 CZ10   LY2BKT        599 LT01   0
QSO:  3517 CW 2024-02-03 2009 OK4RQ         599 CZ10   SM0Q          599 SE01   0
QSO:  3519 CW 2024-02-03 2009 OK4RQ         599 CZ10   9A4WY         599 HR04   0
QSO:  3519 CW 2024-02-03 2010 OK4RQ         599 CZ10   F5IN          599 FR04   0
QSO:  3518 CW 2024-02-03 2010 OK4RQ         599 CZ10   EW4A          599 29     0
QSO:  3521 CW 2024-02-03 2010 OK4RQ         599 CZ10   IQ6JU         599 IT01   0
QSO:  3523 CW 2024-02-03 2011 OK4RQ         599 CZ10   F5OZC         599 FR12   0
QSO:  3528 CW 2024-02-03 2011 OK4RQ         599 CZ10   EA1X          599 ES05   0
QSO:  3528 CW 2024-02-03 2012 OK4RQ         599 CZ10   LY7M          599 LT02   0
QSO:  3530 CW 2024-02-03 2012 OK4RQ         599 CZ10   OG4A          599 FI14   0
QSO:  3532 CW 2024-02-03 2013 OK4RQ         599 CZ10   9A6A          599 HR01   0
QSO:  3537 CW 2024-02-03 2014 OK4RQ         599 CZ10   R3LC          599 29     0
QSO:  3537 CW 2024-02-03 2015 OK4RQ         599 CZ10   DM5EA         599 DE03   0
QSO:  3537 CW 2024-02-03 2015 OK4RQ         599 CZ10   RC6U          599 29     0
QSO:  3537 CW 2024-02-03 2015 OK4RQ         599 CZ10   YO4RDW        599 RO02   0
QSO:  3537 CW 2024-02-03 2015 OK4RQ         599 CZ10   HA6IAM        599 HU01   0
QSO:  3537 CW 2024-02-03 2016 OK4RQ         599 CZ10   TA3DJ         599 39     0
QSO:  3537 CW 2024-02-03 2016 OK4RQ         599 CZ10   R3ZZ          599 29     0
QSO:  3537 CW 2024-02-03 2017 OK4RQ         599 CZ10   OK7T          599 CZ06   0
QSO:  3537 CW 2024-02-03 2017 OK4RQ         599 CZ10   PA2A          599 NL10   0
QSO:  3537 CW 2024-02-03 2017 OK4RQ         599 CZ10   I2IFT         599 IT11   0
QSO:  3537 CW 2024-02-03 2018 OK4RQ         599 CZ10   PA3MET        599 NL11   0
QSO:  3537 CW 2024-02-03 2018 OK4RQ         599 CZ10   IQ2VA         599 IT11   0
QSO:  3537 CW 2024-02-03 2019 OK4RQ         599 CZ10   HA6FQ         599 HU01   0
QSO:  3537 CW 2024-02-03 2019 OK4RQ         599 CZ10   UA1ZZ         599 19     0
QSO:  3537 CW 2024-02-03 2019 OK4RQ         599 CZ10   YU1YV         599 28     0
QSO:  3537 CW 2024-02-03 2020 OK4RQ         599 CZ10   LZ3PZ         599 BG05   0
QSO:  3537 CW 2024-02-03 2020 OK4RQ         599 CZ10   RA4PBE        599 29     0
QSO:  3537 CW 2024-02-03 2020 OK4RQ         599 CZ10   YO8BGD        599 RO01   0
QSO:  3537 CW 2024-02-03 2021 OK4RQ         599 CZ10   UD2F          599 29     0
QSO:  3537 CW 2024-02-03 2021 OK4RQ         599 CZ10   Z33B          599 28     0
QSO:  3537 CW 2024-02-03 2021 OK4RQ         599 CZ10   HA6PJ         599 HU01   0
QSO:  3514 CW 2024-02-03 2022 OK4RQ         599 CZ10   DM5GG         599 DE13   0
QSO:  3517 CW 2024-02-03 2023 OK4RQ         599 CZ10   DL1NKS        599 DE02   0
QSO:  3521 CW 2024-02-03 2023 OK4RQ         599 CZ10   SN5N          599 PL06   0
QSO:  3525 CW 2024-02-03 2024 OK4RQ         599 CZ10   LY1M          599 LT05   0
QSO:  3526 CW 2024-02-03 2024 OK4RQ         599 CZ10   HA8MV         599 HU03   0
QSO:  3520 CW 2024-02-03 2025 OK4RQ         599 CZ10   HA2VH         599 HU05   0
QSO:  3515 CW 2024-02-03 2025 OK4RQ         599 CZ10   DF7CP         599 DE09   0
QSO:  3516 CW 2024-02-03 2026 OK4RQ         599 CZ10   IK2UEX        599 IT11   0
QSO:  3513 CW 2024-02-03 2026 OK4RQ         599 CZ10   IK0EFR        599 IT20   0
QSO:  3512 CW 2024-02-03 2027 OK4RQ         599 CZ10   E77EA         599 28     0
QSO:  3511 CW 2024-02-03 2027 OK4RQ         599 CZ10   9A2X          599 HR05   0
QSO:  3512 CW 2024-02-03 2028 OK4RQ         599 CZ10   LZ5XQ         599 BG04   0
QSO:  3518 CW 2024-02-03 2028 OK4RQ         599 CZ10   SK3W          599 SE17   0
QSO:  1822 CW 2024-02-03 2029 OK4RQ         599 CZ10   HB9AMO        599 28     0
QSO:  1826 CW 2024-02-03 2030 OK4RQ         599 CZ10   9A5X          599 HR05   0
QSO:  1833 CW 2024-02-03 2030 OK4RQ         599 CZ10   IV3SKB        599 IT08   0
QSO:  1837 CW 2024-02-03 2031 OK4RQ         599 CZ10   EU8U          599 29     0
QSO:  1833 CW 2024-02-03 2031 OK4RQ         599 CZ10   PA6AA         599 NL01   0
QSO:  1822 CW 2024-02-03 2032 OK4RQ         599 CZ10   LZ5DI         599 BG05   0
QSO:  1822 CW 2024-02-03 2032 OK4RQ         599 CZ10   I1HJT         599 IT10   0
QSO:  1822 CW 2024-02-03 2033 OK4RQ         599 CZ10   RA3DS         599 29     0
QSO:  1822 CW 2024-02-03 2033 OK4RQ         599 CZ10   F6DCQ         599 FR01   0
QSO:  1822 CW 2024-02-03 2034 OK4RQ         599 CZ10   DQ6Q          599 DE15   0
QSO:  1822 CW 2024-02-03 2034 OK4RQ         599 CZ10   YT2RX         599 28     0
QSO:  1822 CW 2024-02-03 2034 OK4RQ         599 CZ10   DL3RBH        599 DE02   0
QSO:  1822 CW 2024-02-03 2035 OK4RQ         599 CZ10   OZ1AAR        599 DK01   0
QSO:  1822 CW 2024-02-03 2035 OK4RQ         599 CZ10   SP9XCN        599 PL12   0
QSO:  1822 CW 2024-02-03 2036 OK4RQ         599 CZ10   R4WW          599 30     0
QSO:  1834 CW 2024-02-03 2036 OK4RQ         599 CZ10   OL0W          599 CZ11   0
QSO:  1831 CW 2024-02-03 2038 OK4RQ         599 CZ10   ES7A          599 EE05   0
QSO:  1834 CW 2024-02-03 2038 OK4RQ         599 CZ10   UZ6U          599 29     0
QSO:  1835 CW 2024-02-03 2038 OK4RQ         599 CZ10   PA2W          599 NL11   0
QSO:  1832 CW 2024-02-03 2039 OK4RQ         599 CZ10   IQ3ME         599 IT21   0
QSO:  7017 CW 2024-02-03 2041 OK4RQ         599 CZ10   JG1LFR        599 45     0
QSO:  7017 CW 2024-02-03 2042 OK4RQ         599 CZ10   OH2KW         599 FI17   0
QSO:  7017 CW 2024-02-03 2042 OK4RQ         599 CZ10   RK4HYT        599 30     0
QSO:  7017 CW 2024-02-03 2043 OK4RQ         599 CZ10   JH8GEU        599 45     0
QSO:  7017 CW 2024-02-03 2043 OK4RQ         599 CZ10   NY3A          599 08     0
QSO:  7017 CW 2024-02-03 2044 OK4RQ         599 CZ10   R7MM          599 29     0
QSO:  7017 CW 2024-02-03 2044 OK4RQ         599 CZ10   SK0QO         599 SE01   0
QSO:  7017 CW 2024-02-03 2045 OK4RQ         599 CZ10   SV8CRL        599 GR08   0
QSO:  7017 CW 2024-02-03 2045 OK4RQ         599 CZ10   JK1ESR        599 45     0
QSO:  7017 CW 2024-02-03 2045 OK4RQ         599 CZ10   JH0ILL        599 45     0
QSO:  7017 CW 2024-02-03 2047 OK4RQ         599 CZ10   YO3GCL        599 RO07   0
QSO:  3523 CW 2024-02-03 2140 OK4RQ         599 CZ10   SP9BCH        599 PL03   0
QSO:  3522 CW 2024-02-03 2141 OK4RQ         599 CZ10   IV3UHL        599 IT08   0
QSO:  3514 CW 2024-02-03 2142 OK4RQ         599 CZ10   DF2RQ         599 DE02   0
QSO:  3512 CW 2024-02-03 2143 OK4RQ         599 CZ10   OL5Y          599 CZ11   0
QSO:  3512 CW 2024-02-03 2144 OK4RQ         599 CZ10   OZ1AAR        599 DK01   0
QSO:  3511 CW 2024-02-03 2144 OK4RQ         599 CZ10   YL3FT         599 LV05   0
QSO:  3510 CW 2024-02-03 2144 OK4RQ         599 CZ10   G4PIQ         599 27     0
QSO:  3505 CW 2024-02-03 2145 OK4RQ         599 CZ10   HA7RY         599 HU04   0
QSO:  3513 CW 2024-02-03 2145 OK4RQ         599 CZ10   IQ1RF         599 IT14   0
QSO:  3514 CW 2024-02-03 2146 OK4RQ         599 CZ10   RW1A          599 29     0
QSO:  3517 CW 2024-02-03 2147 OK4RQ         599 CZ10   YT5A          599 28     0
QSO:  3518 CW 2024-02-03 2147 OK4RQ         599 CZ10   OR5T          599 BE11   0
QSO:  3520 CW 2024-02-03 2148 OK4RQ         599 CZ10   DL3KWR        599 DE09   0
QSO:  3520 CW 2024-02-03 2149 OK4RQ         599 CZ10   DQ6Q          599 DE15   0
QSO:  3521 CW 2024-02-03 2149 OK4RQ         599 CZ10   OH1TM         599 FI13   0
QSO:  3525 CW 2024-02-03 2150 OK4RQ         599 CZ10   EA8DIG        599 ES09   0
QSO:  3527 CW 2024-02-03 2151 OK4RQ         599 CZ10   4U1A          599 AT01   0
QSO:  3528 CW 2024-02-03 2151 OK4RQ         599 CZ10   YL2VW         599 LV05   0
QSO:  3529 CW 2024-02-03 2152 OK4RQ         599 CZ10   OK1PI         599 CZ09   0
QSO:  3530 CW 2024-02-03 2152 OK4RQ         599 CZ10   SV2DSJ        599 GR03   0
QSO:  3535 CW 2024-02-03 2153 OK4RQ         599 CZ10   SP4AWE        599 PL10   0
QSO:  3536 CW 2024-02-03 2154 OK4RQ         599 CZ10   DF6PB         599 DE11   0
QSO:  3537 CW 2024-02-03 2155 OK4RQ         599 CZ10   I2WIJ         599 IT11   0
QSO:  3540 CW 2024-02-03 2155 OK4RQ         599 CZ10   HB9ARF        599 28     0
QSO:  3543 CW 2024-02-03 2156 OK4RQ         599 CZ10   DL5DBY        599 DE10   0
QSO:  3545 CW 2024-02-03 2157 OK4RQ         599 CZ10   YO2LEA        599 RO05   0
QSO:  3544 CW 2024-02-03 2158 OK4RQ         599 CZ10   SE5E          599 SE02   0
QSO:  3542 CW 2024-02-03 2158 OK4RQ         599 CZ10   IK2GWH        599 IT11   0
QSO:  3537 CW 2024-02-03 2159 OK4RQ         599 CZ10   DJ1OJ         599 DE02   0
QSO:  3524 CW 2024-02-03 2200 OK4RQ         599 CZ10   IK4DCX        599 IT07   0
QSO:  3515 CW 2024-02-03 2202 OK4RQ         599 CZ10   9A2EU         599 HR01   0
QSO:  3511 CW 2024-02-03 2204 OK4RQ         599 CZ10   EA2AZ         599 ES15   0
QSO:  3516 CW 2024-02-03 2206 OK4RQ         599 CZ10   S55OO         599 SI02   0
QSO:  3520 CW 2024-02-03 2206 OK4RQ         599 CZ10   OK1KKI        599 CZ02   0
QSO:  3530 CW 2024-02-03 2207 OK4RQ         599 CZ10   IZ8GCB        599 IT06   0
QSO:  3531 CW 2024-02-03 2208 OK4RQ         599 CZ10   DM4IM         599 DE01   0
QSO:  7004 CW 2024-02-03 2210 OK4RQ         599 CZ10   G4PIQ         599 27     0
QSO:  7013 CW 2024-02-03 2211 OK4RQ         599 CZ10   CR5O          599 PT05   0
QSO:  7017 CW 2024-02-03 2212 OK4RQ         599 CZ10   RN4HAB        599 30     0
QSO:  7018 CW 2024-02-03 2213 OK4RQ         599 CZ10   K3AJ          599 08     0
QSO:  7021 CW 2024-02-03 2213 OK4RQ         599 CZ10   SE5E          599 SE02   0
QSO:  3509 CW 2024-02-03 2215 OK4RQ         599 CZ10   IK1BPL        599 IT14   0
QSO:  3516 CW 2024-02-03 2217 OK4RQ         599 CZ10   F5SGI         599 FR03   0
QSO:  3519 CW 2024-02-03 2217 OK4RQ         599 CZ10   OP5T          599 BE04   0
QSO:  3519 CW 2024-02-03 2218 OK4RQ         599 CZ10   OZ5W          599 DK04   0
QSO:  3521 CW 2024-02-03 2220 OK4RQ         599 CZ10   IK1PMR        599 IT14   0
QSO:  3529 CW 2024-02-03 2221 OK4RQ         599 CZ10   IK2GZU        599 IT11   0
QSO:  3532 CW 2024-02-03 2221 OK4RQ         599 CZ10   PA4VHF        599 NL09   0
QSO:  3534 CW 2024-02-03 2222 OK4RQ         599 CZ10   SN1F          599 PL16   0
QSO:  3531 CW 2024-02-03 2222 OK4RQ         599 CZ10   IK0XBX        599 IT20   0
QSO:  3538 CW 2024-02-03 2223 OK4RQ         599 CZ10   F5OIH         599 FR10   0
QSO:  3542 CW 2024-02-03 2224 OK4RQ         599 CZ10   I1NVU         599 IT10   0
QSO:  3513 CW 2024-02-03 2226 OK4RQ         599 CZ10   SP2GMA        599 PL02   0
QSO:  3518 CW 2024-02-03 2227 OK4RQ         599 CZ10   ON5WL         599 BE04   0
QSO:  3522 CW 2024-02-03 2228 OK4RQ         599 CZ10   IK2AVH        599 IT11   0
QSO:  3523 CW 2024-02-03 2228 OK4RQ         599 CZ10   SC6O          599 SE12   0
QSO:  3531 CW 2024-02-03 2229 OK4RQ         599 CZ10   SQ3JPV        599 PL01   0
QSO:  3538 CW 2024-02-03 2230 OK4RQ         599 CZ10   IK6QRH        599 IT10   0
QSO:  3549 CW 2024-02-03 2232 OK4RQ         599 CZ10   DF7TS         599 DE01   0
QSO:  3549 CW 2024-02-03 2233 OK4RQ         599 CZ10   G4DDL         599 27     0
QSO:  3508 CW 2024-02-03 2236 OK4RQ         599 CZ10   9A2W          599 HR01   0
QSO:  3520 CW 2024-02-03 2237 OK4RQ         599 CZ10   HB9DCM        599 28     0
QSO:  3529 CW 2024-02-03 2238 OK4RQ         599 CZ10   DJ5CW         599 DE02   0
QSO:  3533 CW 2024-02-03 2238 OK4RQ         599 CZ10   OL1T          599 CZ10   0
QSO:  3537 CW 2024-02-03 2239 OK4RQ         599 CZ10   IT9LKX        599 IT16   0
QSO:  3538 CW 2024-02-03 2240 OK4RQ         599 CZ10   SV4FFL        599 GR11   0
QSO:  3542 CW 2024-02-03 2241 OK4RQ         599 CZ10   SP4JWR        599 PL15   0
QSO:  3534 CW 2024-02-03 2243 OK4RQ         599 CZ10   SO3O          599 PL01   0
QSO:  3526 CW 2024-02-03 2244 OK4RQ         599 CZ10   DF9ZV         599 DE07   0
QSO:  3523 CW 2024-02-03 2245 OK4RQ         599 CZ10   TA2DA         599 39     0
QSO:  3518 CW 2024-02-03 2245 OK4RQ         599 CZ10   IK4ZGO        599 IT07   0
QSO:  3509 CW 2024-02-03 2246 OK4RQ         599 CZ10   EB5A          599 ES04   0
QSO:  3514 CW 2024-02-03 2247 OK4RQ         599 CZ10   PA2W          599 NL11   0
QSO:  3527 CW 2024-02-03 2248 OK4RQ         599 CZ10   F5IND         599 FR13   0
QSO:  3529 CW 2024-02-03 2248 OK4RQ         599 CZ10   IK5MEL        599 IT19   0
QSO:  3535 CW 2024-02-03 2249 OK4RQ         599 CZ10   DK5DQ         599 DE10   0
QSO:  3539 CW 2024-02-03 2250 OK4RQ         599 CZ10   IK5MEP        599 IT19   0
QSO:  7003 CW 2024-02-03 2251 OK4RQ         599 CZ10   CR6K          599 PT07   0
QSO:  7006 CW 2024-02-03 2252 OK4RQ         599 CZ10   RW7F          599 29     0
QSO:  7009 CW 2024-02-03 2252 OK4RQ         599 CZ10   NB1N          599 08     0
QSO:  7017 CW 2024-02-03 2253 OK4RQ         599 CZ10   CT3KN         599 PT06   0
QSO:  7019 CW 2024-02-03 2254 OK4RQ         599 CZ10   CR3DX         599 PT06   0
QSO:  7020 CW 2024-02-03 2255 OK4RQ         599 CZ10   EH5EU         599 ES04   0
QSO:  7027 CW 2024-02-03 2255 OK4RQ         599 CZ10   IT9RZU        599 IT16   0
QSO:  7015 CW 2024-02-03 2256 OK4RQ         599 CZ10   P3X           599 CY05   0
QSO:  7002 CW 2024-02-03 2257 OK4RQ         599 CZ10   NP4Z          599 11     0
QSO:  7001 CW 2024-02-03 2259 OK4RQ         599 CZ10   NN3W          599 08     0
QSO:  3514 CW 2024-02-03 2301 OK4RQ         599 CZ10   9A5X          599 HR05   0
QSO:  3516 CW 2024-02-03 2302 OK4RQ         599 CZ10   DL7ON         599 DE04   0
QSO:  3518 CW 2024-02-03 2303 OK4RQ         599 CZ10   DM100FK       599 DE03   0
QSO:  3520 CW 2024-02-03 2304 OK4RQ         599 CZ10   S53M          599 SI05   0
QSO:  3524 CW 2024-02-03 2304 OK4RQ         599 CZ10   PA3GCU        599 NL12   0
QSO:  3532 CW 2024-02-03 2306 OK4RQ         599 CZ10   YL5W          599 LV03   0
QSO:  3539 CW 2024-02-03 2306 OK4RQ         599 CZ10   OE2S          599 AT02   0
QSO:  3510 CW 2024-02-03 2308 OK4RQ         599 CZ10   SF1Z          599 SE08   0
QSO:  3516 CW 2024-02-03 2309 OK4RQ         599 CZ10   IT9IVU        599 IT16   0
QSO:  3522 CW 2024-02-03 2310 OK4RQ         599 CZ10   OK1OA         599 CZ06   0
QSO:  3530 CW 2024-02-03 2310 OK4RQ         599 CZ10   DJ4MX         599 DE02   0
QSO:  3540 CW 2024-02-03 2312 OK4RQ         599 CZ10   F4WEF         599 FR10   0
QSO:  3549 CW 2024-02-03 2312 OK4RQ         599 CZ10   SP3CW         599 PL01   0
QSO:  3517 CW 2024-02-03 2314 OK4RQ         599 CZ10   HB9IIH        599 28     0
QSO:  3517 CW 2024-02-03 2315 OK4RQ         599 CZ10   YL7X          599 LV02   0
QSO:  3528 CW 2024-02-03 2316 OK4RQ         599 CZ10   OH2KW         599 FI17   0
QSO:  3518 CW 2024-02-03 2316 OK4RQ         599 CZ10   EW1I          599 29     0
QSO:  3514 CW 2024-02-03 2318 OK4RQ         599 CZ10   M4T           599 27     0
QSO:  3534 CW 2024-02-03 2319 OK4RQ         599 CZ10   DK9IP         599 DE01   0
QSO:  3543 CW 2024-02-03 2320 OK4RQ         599 CZ10   DL1DAW        599 DE10   0
QSO:  3544 CW 2024-02-03 2321 OK4RQ         599 CZ10   DL5RMH        599 DE02   0
QSO:  3525 CW 2024-02-03 2322 OK4RQ         599 CZ10   YQ6A          599 RO07   0
QSO:  3521 CW 2024-02-03 2324 OK4RQ         599 CZ10   OZ3SM         599 DK01   0
QSO:  3510 CW 2024-02-03 2325 OK4RQ         599 CZ10   OK2TJ         599 CZ03   0
QSO:  7004 CW 2024-02-03 2327 OK4RQ         599 CZ10   W1KM          599 08     0
QSO:  7006 CW 2024-02-03 2327 OK4RQ         599 CZ10   VA2WA         599 04     0
QSO:  7007 CW 2024-02-03 2328 OK4RQ         599 CZ10   UT6ER         599 29     0
QSO:  7006 CW 2024-02-03 2330 OK4RQ         599 CZ10   VA1MM         599 09     0
QSO:  7010 CW 2024-02-03 2331 OK4RQ         599 CZ10   DL7ON         599 DE04   0
QSO:  7016 CW 2024-02-03 2331 OK4RQ         599 CZ10   HA5JI         599 HU03   0
QSO:  7022 CW 2024-02-03 2332 OK4RQ         599 CZ10   EA2AZ         599 ES15   0
QSO:  1827 CW 2024-02-03 2334 OK4RQ         599 CZ10   DK9IP         599 DE01   0
QSO:  1826 CW 2024-02-03 2334 OK4RQ         599 CZ10   DL3KWR        599 DE09   0
QSO:  1831 CW 2024-02-03 2335 OK4RQ         599 CZ10   9A2EU         599 HR01   0
QSO:  1832 CW 2024-02-03 2336 OK4RQ         599 CZ10   OE5TXF        599 AT05   0
QSO:  1833 CW 2024-02-03 2336 OK4RQ         599 CZ10   OL6D          599 CZ10   0
QSO:  3515 CW 2024-02-03 2339 OK4RQ         599 CZ10   DR2C          599 DE15   0
QSO:  3520 CW 2024-02-03 2340 OK4RQ         599 CZ10   LZ3TL         599 BG01   0
QSO:  3541 CW 2024-02-03 2340 OK4RQ         599 CZ10   HA5OM         599 HU04   0
QSO:  3519 CW 2024-02-03 2340 OK4RQ         599 CZ10   CR6K          599 PT07   0
QSO:  3517 CW 2024-02-03 2342 OK4RQ         599 CZ10   PA0GJV        599 NL09   0
QSO:  3528 CW 2024-02-03 2344 OK4RQ         599 CZ10   ON5LL         599 BE05   0
QSO:  3517 CW 2024-02-03 2345 OK4RQ         599 CZ10   SQ9FMU        599 PL12   0
QSO:  3517 CW 2024-02-03 2345 OK4RQ         599 CZ10   SN5J          599 PL08   0
QSO:  3517 CW 2024-02-03 2348 OK4RQ         599 CZ10   SN4D          599 PL15   0
QSO:  3517 CW 2024-02-03 2348 OK4RQ         599 CZ10   DJ1MM         599 DE02   0
QSO:  3550 CW 2024-02-03 2350 OK4RQ         599 CZ10   SP9GMI        599 PL12   0
QSO:  3537 CW 2024-02-03 2353 OK4RQ         599 CZ10   EU1A          599 29     0
QSO:  3510 CW 2024-02-03 2354 OK4RQ         599 CZ10   RA3DS         599 29     0
QSO:  7010 CW 2024-02-03 2356 OK4RQ         599 CZ10   RW1A          599 29     0
QSO:  7015 CW 2024-02-03 2357 OK4RQ         599 CZ10   RN3BL         599 29     0
QSO:  7009 CW 2024-02-03 2358 OK4RQ         599 CZ10   9A5X          599 HR05   0
QSO:  7012 CW 2024-02-03 2358 OK4RQ         599 CZ10   LZ3ZZ         599 BG06   0
QSO:  3518 CW 2024-02-04 0452 OK4RQ         599 CZ10   I6FDJ         599 IT12   0
QSO:  7004 CW 2024-02-04 0454 OK4RQ         599 CZ10   N3UA          599 08     0
QSO:  7005 CW 2024-02-04 0454 OK4RQ         599 CZ10   K9OM          599 08     0
QSO:  7005 CW 2024-02-04 0455 OK4RQ         599 CZ10   VE3MIS        599 04     0
QSO:  7001 CW 2024-02-04 0456 OK4RQ         599 CZ10   PV2K          599 15     0
QSO:  7016 CW 2024-02-04 0457 OK4RQ         599 CZ10   R4BZ          599 29     0
QSO:  7027 CW 2024-02-04 0500 OK4RQ         599 CZ10   EA6NB         599 ES13   0
QSO:  7022 CW 2024-02-04 0500 OK4RQ         599 CZ10   UA6LCJ        599 29     0
QSO:  7013 CW 2024-02-04 0502 OK4RQ         599 CZ10   RW3AI         599 29     0
QSO:  3517 CW 2024-02-04 0503 OK4RQ         599 CZ10   DL3KWF        599 DE09   0
QSO:  3535 CW 2024-02-04 0504 OK4RQ         599 CZ10   OL8R          599 CZ11   0
QSO:  3510 CW 2024-02-04 0505 OK4RQ         599 CZ10   R7RF          599 29     0
QSO:  3521 CW 2024-02-04 0506 OK4RQ         599 CZ10   SV1BJW        599 GR01   0
QSO:  3531 CW 2024-02-04 0507 OK4RQ         599 CZ10   E73Y          599 28     0
QSO:  3508 CW 2024-02-04 0510 OK4RQ         599 CZ10   NY3A          599 08     0
QSO:  3507 CW 2024-02-04 0511 OK4RQ         599 CZ10   K9OM          599 08     0
QSO:  3509 CW 2024-02-04 0512 OK4RQ         599 CZ10   IT9ORA        599 IT16   0
QSO:  3531 CW 2024-02-04 0513 OK4RQ         599 CZ10   SV8OVJ        599 GR10   0
QSO:  7010 CW 2024-02-04 0516 OK4RQ         599 CZ10   HA3DX         599 HU07   0
QSO:  7008 CW 2024-02-04 0517 OK4RQ         599 CZ10   RA4Y          599 29     0
QSO:  7015 CW 2024-02-04 0517 OK4RQ         599 CZ10   TA3DJ         599 39     0
QSO:  7020 CW 2024-02-04 0518 OK4RQ         599 CZ10   R3OM          599 29     0
QSO:  7015 CW 2024-02-04 0520 OK4RQ         599 CZ10   SV8OVJ        599 GR10   0
QSO:  7019 CW 2024-02-04 0522 OK4RQ         599 CZ10   SV1BJW        599 GR01   0
QSO:  7009 CW 2024-02-04 0523 OK4RQ         599 CZ10   UA3RBR        599 29     0
QSO:  7003 CW 2024-02-04 0524 OK4RQ         599 CZ10   SV1JG         599 GR01   0
QSO:  7002 CW 2024-02-04 0524 OK4RQ         599 CZ10   YO6SSW        599 RO07   0
QSO:  7022 CW 2024-02-04 0525 OK4RQ         599 CZ10   YO6FGZ        599 RO07   0
QSO:  7031 CW 2024-02-04 0526 OK4RQ         599 CZ10   SV1DAY        599 GR01   0
QSO:  3519 CW 2024-02-04 0528 OK4RQ         599 CZ10   DD5M          599 DE02   0
QSO:  3514 CW 2024-02-04 0530 OK4RQ         599 CZ10   LZ5DI         599 BG05   0
QSO:  3539 CW 2024-02-04 0531 OK4RQ         599 CZ10   SP9KAO        599 PL03   0
QSO:  3536 CW 2024-02-04 0533 OK4RQ         599 CZ10   DL8HK         599 DE12   0
QSO:  3534 CW 2024-02-04 0535 OK4RQ         599 CZ10   S51Z          599 SI04   0
QSO:  3519 CW 2024-02-04 0539 OK4RQ         599 CZ10   HB9AMO        599 28     0
QSO:  3519 CW 2024-02-04 0539 OK4RQ         599 CZ10   DF6FQ         599 DE02   0
QSO:  3519 CW 2024-02-04 0539 OK4RQ         599 CZ10   SE6K          599 SE11   0
QSO:  3521 CW 2024-02-04 0541 OK4RQ         599 CZ10   LY5G          599 LT04   0
QSO:  3519 CW 2024-02-04 0543 OK4RQ         599 CZ10   ER/UT1ZZ      599 29     0
QSO:  3519 CW 2024-02-04 0543 OK4RQ         599 CZ10   OK2BFN        599 CZ13   0
QSO:  3519 CW 2024-02-04 0545 OK4RQ         599 CZ10   ES3RF         599 EE03   0
QSO:  3519 CW 2024-02-04 0546 OK4RQ         599 CZ10   DL1ROT        599 DE04   0
QSO:  3509 CW 2024-02-04 0546 OK4RQ         599 CZ10   OK5M          599 CZ03   0
QSO:  3508 CW 2024-02-04 0548 OK4RQ         599 CZ10   EA6NB         599 ES13   0
QSO:  3511 CW 2024-02-04 0548 OK4RQ         599 CZ10   S52W          599 SI02   0
QSO:  3526 CW 2024-02-04 0549 OK4RQ         599 CZ10   OL0W          599 CZ11   0
QSO:  3521 CW 2024-02-04 0549 OK4RQ         599 CZ10   DL100ANA      599 DE08   0
QSO:  3536 CW 2024-02-04 0550 OK4RQ         599 CZ10   SP3CYY        599 PL01   0
QSO:  3516 CW 2024-02-04 0551 OK4RQ         599 CZ10   HA8WY         599 HU03   0
QSO:  7018 CW 2024-02-04 0553 OK4RQ         599 CZ10   EW8OM         599 29     0
QSO:  7021 CW 2024-02-04 0553 OK4RQ         599 CZ10   PA3AAV        599 NL08   0
QSO:  7022 CW 2024-02-04 0554 OK4RQ         599 CZ10   YU5T          599 28     0
QSO:  7024 CW 2024-02-04 0555 OK4RQ         599 CZ10   UA6AA         599 29     0
QSO:  7008 CW 2024-02-04 0556 OK4RQ         599 CZ10   EW1M          599 29     0
QSO:  7016 CW 2024-02-04 0558 OK4RQ         599 CZ10   IC8JOH        599 IT06   0
QSO:  7006 CW 2024-02-04 0559 OK4RQ         599 CZ10   YO8DOH        599 RO01   0
QSO:  7022 CW 2024-02-04 0600 OK4RQ         599 CZ10   SE5T          599 SE02   0
QSO:  3514 CW 2024-02-04 0602 OK4RQ         599 CZ10   DL3DRN        599 DE13   0
QSO:  3517 CW 2024-02-04 0602 OK4RQ         599 CZ10   LY2J          599 LT04   0
QSO:  3527 CW 2024-02-04 0603 OK4RQ         599 CZ10   PA3EVY        599 NL12   0
QSO:  3519 CW 2024-02-04 0604 OK4RQ         599 CZ10   YO4NT         599 RO02   0
QSO:  3519 CW 2024-02-04 0607 OK4RQ         599 CZ10   OZ5UR         599 DK04   0
QSO:  3518 CW 2024-02-04 0610 OK4RQ         599 CZ10   OR5O          599 BE01   0
QSO:  3515 CW 2024-02-04 0612 OK4RQ         599 CZ10   F5ROX         599 FR04   0
QSO:  3510 CW 2024-02-04 0612 OK4RQ         599 CZ10   IC8JOH        599 IT06   0
QSO:  7006 CW 2024-02-04 0613 OK4RQ         599 CZ10   YP3X          599 RO08   0
QSO:  7005 CW 2024-02-04 0613 OK4RQ         599 CZ10   LY2BKT        599 LT01   0
QSO:  7003 CW 2024-02-04 0614 OK4RQ         599 CZ10   YT2RX         599 28     0
QSO:  7003 CW 2024-02-04 0615 OK4RQ         599 CZ10   KM5G          599 07     0
QSO:  7015 CW 2024-02-04 0616 OK4RQ         599 CZ10   YL5W          599 LV03   0
QSO:  7022 CW 2024-02-04 0618 OK4RQ         599 CZ10   IK4ZHH        599 IT07   0
QSO:  7021 CW 2024-02-04 0619 OK4RQ         599 CZ10   HA5OM         599 HU04   0
QSO:  7016 CW 2024-02-04 0622 OK4RQ         599 CZ10   ZA1RR         599 28     0
QSO:  7008 CW 2024-02-04 0623 OK4RQ         599 CZ10   EW4A          599 29     0
QSO:  7011 CW 2024-02-04 0623 OK4RQ         599 CZ10   LY2J          599 LT04   0
QSO:  7019 CW 2024-02-04 0624 OK4RQ         599 CZ10   HA2VH         599 HU05   0
QSO:  7030 CW 2024-02-04 0624 OK4RQ         599 CZ10   R7RF          599 29     0
QSO:  7034 CW 2024-02-04 0625 OK4RQ         599 CZ10   IT9LKX        599 IT16   0
QSO:  7036 CW 2024-02-04 0626 OK4RQ         599 CZ10   Z68BB         599 28     0
QSO:  7025 CW 2024-02-04 0628 OK4RQ         599 CZ10   IT9IVU        599 IT16   0
QSO:  7023 CW 2024-02-04 0628 OK4RQ         599 CZ10   IV3IPS        599 IT08   0
QSO:  7019 CW 2024-02-04 0629 OK4RQ         599 CZ10   SN1F          599 PL16   0
QSO:  7012 CW 2024-02-04 0631 OK4RQ         599 CZ10   IQ1RF         599 IT14   0
QSO:  7006 CW 2024-02-04 0632 OK4RQ         599 CZ10   IK2UEX        599 IT11   0
QSO:  7003 CW 2024-02-04 0632 OK4RQ         599 CZ10   YO4NT         599 RO02   0
QSO:  7008 CW 2024-02-04 0633 OK4RQ         599 CZ10   YT7BA         599 28     0
QSO:  7012 CW 2024-02-04 0633 OK4RQ         599 CZ10   OZ5W          599 DK04   0
QSO:  7017 CW 2024-02-04 0633 OK4RQ         599 CZ10   DL3KWF        599 DE09   0
QSO:  7029 CW 2024-02-04 0634 OK4RQ         599 CZ10   IQ3ME         599 IT21   0
QSO:  7036 CW 2024-02-04 0634 OK4RQ         599 CZ10   E72U          599 28     0
QSO:  7031 CW 2024-02-04 0635 OK4RQ         599 CZ10   YO4TL         599 RO02   0
QSO:  7021 CW 2024-02-04 0636 OK4RQ         599 CZ10   IV3UHL        599 IT08   0
QSO:  7016 CW 2024-02-04 0637 OK4RQ         599 CZ10   F5IN          599 FR04   0
QSO:  7010 CW 2024-02-04 0638 OK4RQ         599 CZ10   HA5G          599 HU04   0
QSO:  7009 CW 2024-02-04 0639 OK4RQ         599 CZ10   S53F          599 SI02   0
QSO:  7009 CW 2024-02-04 0640 OK4RQ         599 CZ10   HA8WY         599 HU03   0
QSO:  7007 CW 2024-02-04 0641 OK4RQ         599 CZ10   SP1D          599 PL16   0
QSO:  7005 CW 2024-02-04 0641 OK4RQ         599 CZ10   OE1CIW        599 AT01   0
QSO:  7012 CW 2024-02-04 0642 OK4RQ         599 CZ10   IK2SND        599 IT11   0
QSO:  7011 CW 2024-02-04 0642 OK4RQ         599 CZ10   OK2NO         599 CZ07   0
QSO:  7013 CW 2024-02-04 0643 OK4RQ         599 CZ10   OK4T          599 CZ04   0
QSO:  7020 CW 2024-02-04 0644 OK4RQ         599 CZ10   IZ2GRG        599 IT11   0
QSO:  7032 CW 2024-02-04 0645 OK4RQ         599 CZ10   PA3FQA        599 NL09   0
QSO:  7033 CW 2024-02-04 0645 OK4RQ         599 CZ10   OK6OK         599 CZ07   0
QSO:  7039 CW 2024-02-04 0646 OK4RQ         599 CZ10   OK2MBP        599 CZ07   0
QSO:  7029 CW 2024-02-04 0647 OK4RQ         599 CZ10   DM5EA         599 DE03   0
QSO:  7024 CW 2024-02-04 0648 OK4RQ         599 CZ10   OR5O          599 BE01   0
QSO:  7019 CW 2024-02-04 0648 OK4RQ         599 CZ10   ON4CT         599 BE10   0
QSO:  7020 CW 2024-02-04 0649 OK4RQ         599 CZ10   ES7A          599 EE05   0
QSO:  7012 CW 2024-02-04 0650 OK4RQ         599 CZ10   OK7T          599 CZ06   0
QSO:  7008 CW 2024-02-04 0651 OK4RQ         599 CZ10   9A3JH         599 HR04   0
QSO:  7004 CW 2024-02-04 0651 OK4RQ         599 CZ10   HA3HO         599 HU07   0
QSO:  7013 CW 2024-02-04 0652 OK4RQ         599 CZ10   DM100FK       599 DE03   0
QSO:  7018 CW 2024-02-04 0654 OK4RQ         599 CZ10   ON4EM         599 BE01   0
QSO:  7028 CW 2024-02-04 0654 OK4RQ         599 CZ10   TA2DA         599 39     0
QSO:  7036 CW 2024-02-04 0654 OK4RQ         599 CZ10   SP9KAO        599 PL03   0
QSO:  7038 CW 2024-02-04 0655 OK4RQ         599 CZ10   DJ5CW         599 DE02   0
QSO:  7038 CW 2024-02-04 0655 OK4RQ         599 CZ10   OK1DM         599 CZ12   0
QSO:  7036 CW 2024-02-04 0656 OK4RQ         599 CZ10   IK5MEP        599 IT19   0
QSO:  7018 CW 2024-02-04 0703 OK4RQ         599 CZ10   YT5A          599 28     0
QSO:  7021 CW 2024-02-04 0703 OK4RQ         599 CZ10   OL0W          599 CZ11   0
QSO:  7020 CW 2024-02-04 0704 OK4RQ         599 CZ10   SD6M          599 SE12   0
QSO:  7019 CW 2024-02-04 0705 OK4RQ         599 CZ10   DM2DZM        599 DE13   0
QSO:  7039 CW 2024-02-04 0705 OK4RQ         599 CZ10   F5OIH         599 FR10   0
QSO:  7018 CW 2024-02-04 0706 OK4RQ         599 CZ10   F5OZC         599 FR12   0
QSO:  7009 CW 2024-02-04 0706 OK4RQ         599 CZ10   ES5NY         599 EE05   0
QSO:  7006 CW 2024-02-04 0707 OK4RQ         599 CZ10   LZ5EE         599 BG01   0
QSO:  7007 CW 2024-02-04 0707 OK4RQ         599 CZ10   OH3MZ         599 FI13   0
QSO:  7011 CW 2024-02-04 0708 OK4RQ         599 CZ10   OM7LM         599 SK06   0
QSO:  7021 CW 2024-02-04 0709 OK4RQ         599 CZ10   DL100ANA      599 DE08   0
QSO:  7029 CW 2024-02-04 0709 OK4RQ         599 CZ10   HA3OU         599 HU07   0
QSO:  7030 CW 2024-02-04 0710 OK4RQ         599 CZ10   HB9AMO        599 28     0
QSO:  7038 CW 2024-02-04 0710 OK4RQ         599 CZ10   DQ6Q          599 DE15   0
QSO:  7035 CW 2024-02-04 0711 OK4RQ         599 CZ10   OM5NL         599 SK04   0
QSO:  7022 CW 2024-02-04 0712 OK4RQ         599 CZ10   DM5GG         599 DE13   0
QSO:  7007 CW 2024-02-04 0713 OK4RQ         599 CZ10   S55N          599 SI03   0
QSO:  7006 CW 2024-02-04 0714 OK4RQ         599 CZ10   OE5TXF        599 AT05   0
QSO:  7005 CW 2024-02-04 0714 OK4RQ         599 CZ10   PA3DBS        599 NL07   0
QSO:  7004 CW 2024-02-04 0715 OK4RQ         599 CZ10   SF1Z          599 SE08   0
QSO:  7002 CW 2024-02-04 0716 OK4RQ         599 CZ10   DL4ME         599 DE16   0
QSO:  7003 CW 2024-02-04 0717 OK4RQ         599 CZ10   PA6AA         599 NL01   0
QSO:  7009 CW 2024-02-04 0717 OK4RQ         599 CZ10   IK1RQQ        599 IT14   0
QSO:  7017 CW 2024-02-04 0718 OK4RQ         599 CZ10   SM5CSS        599 SE02   0
QSO:  7023 CW 2024-02-04 0718 OK4RQ         599 CZ10   SP2GMA        599 PL02   0
QSO:  7030 CW 2024-02-04 0719 OK4RQ         599 CZ10   PA4VHF        599 NL09   0
QSO:  7011 CW 2024-02-04 0721 OK4RQ         599 CZ10   SP3GTS        599 PL07   0
QSO:  7019 CW 2024-02-04 0721 OK4RQ         599 CZ10   IN3GYO        599 IT18   0
QSO:  7018 CW 2024-02-04 0722 OK4RQ         599 CZ10   IK5MEL        599 IT19   0
QSO:  7004 CW 2024-02-04 0724 OK4RQ         599 CZ10   IK1PMR        599 IT14   0
QSO:  7001 CW 2024-02-04 0725 OK4RQ         599 CZ10   YO2LEA        599 RO05   0
QSO:  7007 CW 2024-02-04 0725 OK4RQ         599 CZ10   IK1BPL        599 IT14   0
QSO:  7009 CW 2024-02-04 0726 OK4RQ         599 CZ10   OP5T          599 BE04   0
QSO:  7014 CW 2024-02-04 0727 OK4RQ         599 CZ10   ON9TT         599 BE04   0
QSO:  7036 CW 2024-02-04 0727 OK4RQ         599 CZ10   F6AGM         599 FR11   0
QSO:  7026 CW 2024-02-04 0728 OK4RQ         599 CZ10   LZ1DQ         599 BG06   0
QSO:  7020 CW 2024-02-04 0728 OK4RQ         599 CZ10   IQ6JU         599 IT01   0
QSO:  7013 CW 2024-02-04 0729 OK4RQ         599 CZ10   DR2C          599 DE15   0
QSO:  7019 CW 2024-02-04 0730 OK4RQ         599 CZ10   F6DCQ         599 FR01   0
QSO:  7010 CW 2024-02-04 0730 OK4RQ         599 CZ10   YO3XX         599 RO08   0
QSO:  7005 CW 2024-02-04 0731 OK4RQ         599 CZ10   OZ1AAR        599 DK01   0
QSO:  7019 CW 2024-02-04 0732 OK4RQ         599 CZ10   S53V          599 SI02   0
QSO:  7008 CW 2024-02-04 0732 OK4RQ         599 CZ10   OK5M          599 CZ03   0
QSO:  7023 CW 2024-02-04 0733 OK4RQ         599 CZ10   PC1PM         599 NL03   0
QSO:  7017 CW 2024-02-04 0734 OK4RQ         599 CZ10   SP9DLY        599 PL02   0
QSO:  7017 CW 2024-02-04 0735 OK4RQ         599 CZ10   DF4ZL         599 DE07   0
QSO:  7017 CW 2024-02-04 0735 OK4RQ         599 CZ10   9A1DR         599 HR01   0
QSO:  7017 CW 2024-02-04 0736 OK4RQ         599 CZ10   DG7NFX        599 DE02   0
QSO:  7017 CW 2024-02-04 0736 OK4RQ         599 CZ10   F5ICC         599 FR10   0
QSO:  7017 CW 2024-02-04 0737 OK4RQ         599 CZ10   DL8HK         599 DE12   0
QSO:  7017 CW 2024-02-04 0737 OK4RQ         599 CZ10   HA6IAM        599 HU01   0
QSO:  7017 CW 2024-02-04 0738 OK4RQ         599 CZ10   RA3DS         599 29     0
QSO:  7017 CW 2024-02-04 0738 OK4RQ         599 CZ10   IV3FPX        599 IT08   0
QSO:  7017 CW 2024-02-04 0738 OK4RQ         599 CZ10   OK2NAJ        599 CZ08   0
QSO:  7017 CW 2024-02-04 0740 OK4RQ         599 CZ10   IK2CZQ        599 IT11   0
QSO:  7017 CW 2024-02-04 0740 OK4RQ         599 CZ10   SE0B          599 SE06   0
QSO:  7017 CW 2024-02-04 0741 OK4RQ         599 CZ10   HB9ARF        599 28     0
QSO:  7017 CW 2024-02-04 0741 OK4RQ         599 CZ10   HA6FQ         599 HU01   0
QSO:  7017 CW 2024-02-04 0741 OK4RQ         599 CZ10   HA6PJ         599 HU01   0
QSO:  7017 CW 2024-02-04 0742 OK4RQ         599 CZ10   DL5ARM        599 DE02   0
QSO:  7017 CW 2024-02-04 0742 OK4RQ         599 CZ10   9A6A          599 HR01   0
QSO:  7017 CW 2024-02-04 0742 OK4RQ         599 CZ10   HB9CIC        599 28     0
QSO:  7017 CW 2024-02-04 0743 OK4RQ         599 CZ10   PA2TA         599 NL10   0
QSO:  7017 CW 2024-02-04 0743 OK4RQ         599 CZ10   HA8AP         599 HU03   0
QSO:  7017 CW 2024-02-04 0743 OK4RQ         599 CZ10   YU1AT         599 28     0
QSO:  7017 CW 2024-02-04 0744 OK4RQ         599 CZ10   HB9CMW        599 28     0
QSO:  7017 CW 2024-02-04 0745 OK4RQ         599 CZ10   OM0MM         599 SK07   0
QSO:  7017 CW 2024-02-04 0745 OK4RQ         599 CZ10   OK4X          599 CZ12   0
QSO:  7017 CW 2024-02-04 0745 OK4RQ         599 CZ10   DL4XU         599 DE06   0
QSO:  7017 CW 2024-02-04 0746 OK4RQ         599 CZ10   DL9GMC        599 DE09   0
QSO:  7017 CW 2024-02-04 0746 OK4RQ         599 CZ10   PA3GCU        599 NL12   0
QSO:  7017 CW 2024-02-04 0747 OK4RQ         599 CZ10   DL2TM         599 DE14   0
QSO:  7023 CW 2024-02-04 0747 OK4RQ         599 CZ10   IQ2VA         599 IT11   0
QSO:  7023 CW 2024-02-04 0748 OK4RQ         599 CZ10   OZ7BQ         599 DK01   0
QSO:  7018 CW 2024-02-04 0749 OK4RQ         599 CZ10   IN3MNS        599 IT18   0
QSO:  7016 CW 2024-02-04 0751 OK4RQ         599 CZ10   OK1AY         599 CZ10   0
QSO:  7024 CW 2024-02-04 0752 OK4RQ         599 CZ10   YU7KW         599 28     0
QSO: 14006 CW 2024-02-04 0753 OK4RQ         599 CZ10   YP3X          599 RO08   0
QSO: 14008 CW 2024-02-04 0754 OK4RQ         599 CZ10   YL3FT         599 LV05   0
QSO: 14013 CW 2024-02-04 0754 OK4RQ         599 CZ10   YT4W          599 28     0
QSO: 14017 CW 2024-02-04 0754 OK4RQ         599 CZ10   R3ZZ          599 29     0
QSO: 14019 CW 2024-02-04 0755 OK4RQ         599 CZ10   F5OHM         599 FR04   0
QSO: 14023 CW 2024-02-04 0756 OK4RQ         599 CZ10   LZ3V          599 BG05   0
QSO: 14026 CW 2024-02-04 0757 OK4RQ         599 CZ10   LY4K          599 LT03   0
QSO: 14027 CW 2024-02-04 0758 OK4RQ         599 CZ10   SD6M          599 SE12   0
QSO: 14033 CW 2024-02-04 0759 OK4RQ         599 CZ10   SV1DAY        599 GR01   0
QSO: 14034 CW 2024-02-04 0759 OK4RQ         599 CZ10   E73Y          599 28     0
QSO: 14036 CW 2024-02-04 0800 OK4RQ         599 CZ10   ES1BH         599 EE01   0
QSO: 14038 CW 2024-02-04 0801 OK4RQ         599 CZ10   F5OIH         599 FR10   0
QSO: 14039 CW 2024-02-04 0801 OK4RQ         599 CZ10   EA2AZ         599 ES15   0
QSO: 14040 CW 2024-02-04 0802 OK4RQ         599 CZ10   Z35M          599 28     0
QSO: 14002 CW 2024-02-04 0803 OK4RQ         599 CZ10   PV2K          599 15     0
QSO: 14008 CW 2024-02-04 0803 OK4RQ         599 CZ10   EW1M          599 29     0
QSO: 14012 CW 2024-02-04 0803 OK4RQ         599 CZ10   RU9AC         599 30     0
QSO: 14012 CW 2024-02-04 0804 OK4RQ         599 CZ10   UZ5DM         599 29     0
QSO: 14015 CW 2024-02-04 0805 OK4RQ         599 CZ10   IQ1RF         599 IT14   0
QSO: 14019 CW 2024-02-04 0805 OK4RQ         599 CZ10   4K6FO         599 29     0
QSO: 14031 CW 2024-02-04 0807 OK4RQ         599 CZ10   SV1BJW        599 GR01   0
QSO: 14027 CW 2024-02-04 0808 OK4RQ         599 CZ10   F5IN          599 FR04   0
QSO: 14010 CW 2024-02-04 0810 OK4RQ         599 CZ10   SV8OVJ        599 GR10   0
QSO: 14020 CW 2024-02-04 0811 OK4RQ         599 CZ10   HA8IB         599 HU03   0
QSO: 14022 CW 2024-02-04 0811 OK4RQ         599 CZ10   IT9IVU        599 IT16   0
QSO: 14026 CW 2024-02-04 0812 OK4RQ         599 CZ10   OG4A          599 FI14   0
QSO: 14027 CW 2024-02-04 0812 OK4RQ         599 CZ10   F8DFP         599 FR01   0
QSO: 14029 CW 2024-02-04 0813 OK4RQ         599 CZ10   F6AGM         599 FR11   0
QSO: 14045 CW 2024-02-04 0814 OK4RQ         599 CZ10   IZ2GRG        599 IT11   0
QSO: 14011 CW 2024-02-04 0814 OK4RQ         599 CZ10   YU1YV         599 28     0
QSO: 14011 CW 2024-02-04 0815 OK4RQ         599 CZ10   HB9AMO        599 28     0
QSO: 14011 CW 2024-02-04 0816 OK4RQ         599 CZ10   YO2LEA        599 RO05   0
QSO: 14011 CW 2024-02-04 0816 OK4RQ         599 CZ10   F6DCQ         599 FR01   0
QSO: 14011 CW 2024-02-04 0816 OK4RQ         599 CZ10   ON4EM         599 BE01   0
QSO: 14011 CW 2024-02-04 0816 OK4RQ         599 CZ10   R7RF          599 29     0
QSO: 14011 CW 2024-02-04 0817 OK4RQ         599 CZ10   YO4FPF        599 RO02   0
QSO: 14011 CW 2024-02-04 0818 OK4RQ         599 CZ10   9A6A          599 HR01   0
QSO: 14011 CW 2024-02-04 0818 OK4RQ         599 CZ10   UI3A          599 29     0
QSO: 14011 CW 2024-02-04 0818 OK4RQ         599 CZ10   E70NA         599 28     0
QSO: 14024 CW 2024-02-04 0819 OK4RQ         599 CZ10   EA4HKF        599 ES08   0
QSO: 14021 CW 2024-02-04 0820 OK4RQ         599 CZ10   ON6FC         599 BE11   0
QSO: 14023 CW 2024-02-04 0821 OK4RQ         599 CZ10   OZ6TL         599 DK05   0
QSO: 14022 CW 2024-02-04 0822 OK4RQ         599 CZ10   OZ5W          599 DK04   0
QSO: 14029 CW 2024-02-04 0822 OK4RQ         599 CZ10   YO6FNA        599 RO07   0
QSO: 14034 CW 2024-02-04 0823 OK4RQ         599 CZ10   IK5MEL        599 IT19   0
QSO: 14035 CW 2024-02-04 0824 OK4RQ         599 CZ10   LY5T          599 LT05   0
QSO: 14046 CW 2024-02-04 0826 OK4RQ         599 CZ10   ER/UT1ZZ      599 29     0
QSO: 14037 CW 2024-02-04 0827 OK4RQ         599 CZ10   SV4FFL        599 GR11   0
QSO: 14030 CW 2024-02-04 0828 OK4RQ         599 CZ10   E72U          599 28     0
QSO: 14015 CW 2024-02-04 0828 OK4RQ         599 CZ10   PA3AAV        599 NL08   0
QSO: 14007 CW 2024-02-04 0829 OK4RQ         599 CZ10   OP5T          599 BE04   0
QSO: 14016 CW 2024-02-04 0831 OK4RQ         599 CZ10   R7FO          599 29     0
QSO: 14023 CW 2024-02-04 0831 OK4RQ         599 CZ10   YO6SSW        599 RO07   0
QSO: 14031 CW 2024-02-04 0832 OK4RQ         599 CZ10   IK5MEP        599 IT19   0
QSO: 14034 CW 2024-02-04 0832 OK4RQ         599 CZ10   ON4ZD         599 BE02   0
QSO: 14041 CW 2024-02-04 0833 OK4RQ         599 CZ10   YT5M          599 28     0
QSO: 14036 CW 2024-02-04 0833 OK4RQ         599 CZ10   LY2SA         599 LT05   0
QSO: 14028 CW 2024-02-04 0834 OK4RQ         599 CZ10   SC3A          599 SE18   0
QSO: 14017 CW 2024-02-04 0837 OK4RQ         599 CZ10   CR3DX         599 PT06   0
QSO: 14018 CW 2024-02-04 0841 OK4RQ         599 CZ10   IK8UND        599 IT06   0
QSO: 21010 CW 2024-02-04 0843 OK4RQ         599 CZ10   R7MM          599 29     0
QSO: 21011 CW 2024-02-04 0843 OK4RQ         599 CZ10   RT5P          599 29     0
QSO: 21016 CW 2024-02-04 0844 OK4RQ         599 CZ10   IT9KCD        599 IT16   0
QSO: 21019 CW 2024-02-04 0844 OK4RQ         599 CZ10   RN4HAB        599 30     0
QSO: 21024 CW 2024-02-04 0845 OK4RQ         599 CZ10   RN4AO         599 29     0
QSO: 21029 CW 2024-02-04 0845 OK4RQ         599 CZ10   UA4FCO        599 29     0
QSO: 21031 CW 2024-02-04 0846 OK4RQ         599 CZ10   R8LA          599 30     0
QSO: 21032 CW 2024-02-04 0847 OK4RQ         599 CZ10   UR5ECW        599 29     0
QSO: 21040 CW 2024-02-04 0848 OK4RQ         599 CZ10   IZ8EPX        599 IT05   0
QSO: 21010 CW 2024-02-04 0849 OK4RQ         599 CZ10   UA9XX         599 20     0
QSO: 21018 CW 2024-02-04 0850 OK4RQ         599 CZ10   HA8FK         599 HU03   0
QSO: 21025 CW 2024-02-04 0850 OK4RQ         599 CZ10   IT9ORA        599 IT16   0
QSO:  7012 CW 2024-02-04 0851 OK4RQ         599 CZ10   9A4WY         599 HR04   0
QSO:  7008 CW 2024-02-04 0852 OK4RQ         599 CZ10   IK2EGL        599 IT11   0
QSO:  7010 CW 2024-02-04 0853 OK4RQ         599 CZ10   F6FJE         599 FR08   0
QSO:  7016 CW 2024-02-04 0853 OK4RQ         599 CZ10   SQ4NR         599 PL15   0
QSO:  7020 CW 2024-02-04 0854 OK4RQ         599 CZ10   IZ3NVR        599 IT21   0
QSO:  7025 CW 2024-02-04 0854 OK4RQ         599 CZ10   OK1KKI        599 CZ02   0
QSO:  7012 CW 2024-02-04 0856 OK4RQ         599 CZ10   OE2S          599 AT02   0
QSO:  7009 CW 2024-02-04 0857 OK4RQ         599 CZ10   S52AU         599 SI02   0
QSO:  7013 CW 2024-02-04 0858 OK4RQ         599 CZ10   SP2MKT        599 PL02   0
QSO:  7016 CW 2024-02-04 0859 OK4RQ         599 CZ10   DL1JDQ        599 DE13   0
QSO:  7014 CW 2024-02-04 0859 OK4RQ         599 CZ10   I2CZQ         599 IT11   0
QSO:  7012 CW 2024-02-04 0900 OK4RQ         599 CZ10   IV3/HB9CAT    599 IT08   0
QSO: 14038 CW 2024-02-04 0901 OK4RQ         599 CZ10   I2IFT         599 IT11   0
QSO: 14049 CW 2024-02-04 0901 OK4RQ         599 CZ10   F5PHY         599 FR10   0
QSO: 14032 CW 2024-02-04 0903 OK4RQ         599 CZ10   PC6R          599 NL08   0
QSO: 14004 CW 2024-02-04 0904 OK4RQ         599 CZ10   M3AWD         599 27     0
QSO: 14014 CW 2024-02-04 0906 OK4RQ         599 CZ10   PA3DBS        599 NL07   0
QSO: 14016 CW 2024-02-04 0907 OK4RQ         599 CZ10   HA8WY         599 HU03   0
QSO: 14030 CW 2024-02-04 0908 OK4RQ         599 CZ10   SE5E          599 SE02   0
QSO: 14016 CW 2024-02-04 0908 OK4RQ         599 CZ10   SP2QG         599 PL02   0
QSO: 14016 CW 2024-02-04 0909 OK4RQ         599 CZ10   9A5X          599 HR05   0
QSO: 14021 CW 2024-02-04 0911 OK4RQ         599 CZ10   RW9DX         599 30     0
QSO: 14031 CW 2024-02-04 0917 OK4RQ         599 CZ10   I0GOJ         599 IT09   0
QSO: 14034 CW 2024-02-04 0918 OK4RQ         599 CZ10   DQ6Q          599 DE15   0
QSO: 14011 CW 2024-02-04 0918 OK4RQ         599 CZ10   2E0CVN        599 27     0
QSO: 21004 CW 2024-02-04 0919 OK4RQ         599 CZ10   SE5E          599 SE02   0
QSO: 21028 CW 2024-02-04 0921 OK4RQ         599 CZ10   YL5W          599 LV03   0
QSO: 28035 CW 2024-02-04 0925 OK4RQ         599 CZ10   RD0A          599 32     0
QSO: 28036 CW 2024-02-04 0926 OK4RQ         599 CZ10   5B4AOF        599 CY03   0
QSO: 28038 CW 2024-02-04 0928 OK4RQ         599 CZ10   RN3BL         599 29     0
QSO: 28037 CW 2024-02-04 0928 OK4RQ         599 CZ10   RN4HAB        599 30     0
QSO: 28030 CW 2024-02-04 0929 OK4RQ         599 CZ10   UN8PT         599 30     0
QSO: 28032 CW 2024-02-04 0929 OK4RQ         599 CZ10   UC0A          599 32     0
QSO: 28020 CW 2024-02-04 0930 OK4RQ         599 CZ10   UA6AK         599 29     0
QSO: 28015 CW 2024-02-04 0930 OK4RQ         599 CZ10   R9LY          599 30     0
QSO: 28022 CW 2024-02-04 0932 OK4RQ         599 CZ10   UI3A          599 29     0
QSO: 28022 CW 2024-02-04 0932 OK4RQ         599 CZ10   RK7X          599 29     0
QSO: 21008 CW 2024-02-04 0933 OK4RQ         599 CZ10   YL2KO         599 LV05   0
QSO: 21030 CW 2024-02-04 0935 OK4RQ         599 CZ10   4K6FO         599 29     0
QSO: 21041 CW 2024-02-04 0936 OK4RQ         599 CZ10   EW1TO         599 29     0
QSO: 21017 CW 2024-02-04 0937 OK4RQ         599 CZ10   G4PIQ         599 27     0
QSO: 21012 CW 2024-02-04 0937 OK4RQ         599 CZ10   YO3APJ        599 RO08   0
QSO: 14007 CW 2024-02-04 0939 OK4RQ         599 CZ10   OE5TXF        599 AT05   0
QSO: 14004 CW 2024-02-04 0939 OK4RQ         599 CZ10   SF1Z          599 SE08   0
QSO: 14002 CW 2024-02-04 0940 OK4RQ         599 CZ10   NY3A          599 08     0
QSO: 14005 CW 2024-02-04 0940 OK4RQ         599 CZ10   SP1NY         599 PL16   0
QSO: 14005 CW 2024-02-04 0941 OK4RQ         599 CZ10   I1HJT         599 IT10   0
QSO: 14006 CW 2024-02-04 0941 OK4RQ         599 CZ10   LZ1GU         599 BG05   0
QSO: 14007 CW 2024-02-04 0942 OK4RQ         599 CZ10   I6FDJ         599 IT12   0
QSO: 14008 CW 2024-02-04 0943 OK4RQ         599 CZ10   EA1CS         599 ES14   0
QSO: 14016 CW 2024-02-04 0944 OK4RQ         599 CZ10   YO4NA         599 RO02   0
QSO: 14032 CW 2024-02-04 0945 OK4RQ         599 CZ10   YO4TL         599 RO02   0
QSO: 14041 CW 2024-02-04 0946 OK4RQ         599 CZ10   YO8THR        599 RO01   0
QSO: 14049 CW 2024-02-04 0947 OK4RQ         599 CZ10   S52AU         599 SI02   0
QSO: 14050 CW 2024-02-04 0948 OK4RQ         599 CZ10   YT2ISM        599 28     0
QSO: 14040 CW 2024-02-04 0948 OK4RQ         599 CZ10   OL8R          599 CZ11   0
QSO: 14027 CW 2024-02-04 0950 OK4RQ         599 CZ10   IV3UHL        599 IT08   0
QSO: 14022 CW 2024-02-04 0950 OK4RQ         599 CZ10   G4PIQ         599 27     0
QSO: 14020 CW 2024-02-04 0951 OK4RQ         599 CZ10   ON6FC         599 BE11   0
QSO: 14016 CW 2024-02-04 0951 OK4RQ         599 CZ10   E77EA         599 28     0
QSO: 14010 CW 2024-02-04 0952 OK4RQ         599 CZ10   RN4AO         599 29     0
QSO: 14010 CW 2024-02-04 0953 OK4RQ         599 CZ10   ON9TT         599 BE04   0
QSO: 14004 CW 2024-02-04 0953 OK4RQ         599 CZ10   SV1AZL        599 GR01   0
QSO: 14016 CW 2024-02-04 0955 OK4RQ         599 CZ10   OR5T          599 BE11   0
QSO: 14019 CW 2024-02-04 0955 OK4RQ         599 CZ10   EC1RS         599 ES17   0
QSO: 14027 CW 2024-02-04 0957 OK4RQ         599 CZ10   LY5W          599 LT03   0
QSO: 14031 CW 2024-02-04 0957 OK4RQ         599 CZ10   SD6F          599 SE12   0
QSO: 14034 CW 2024-02-04 0958 OK4RQ         599 CZ10   SP2MKI        599 PL02   0
QSO: 14038 CW 2024-02-04 0958 OK4RQ         599 CZ10   SD4W          599 SE12   0
QSO: 14041 CW 2024-02-04 0959 OK4RQ         599 CZ10   YU7KW         599 28     0
QSO: 14030 CW 2024-02-04 1000 OK4RQ         599 CZ10   ER3KAZ        599 29     0
QSO: 14026 CW 2024-02-04 1000 OK4RQ         599 CZ10   E70X          599 28     0
QSO: 14012 CW 2024-02-04 1001 OK4RQ         599 CZ10   OZ7BQ         599 DK01   0
QSO:  7012 CW 2024-02-04 1002 OK4RQ         599 CZ10   OE6JOZ        599 AT06   0
QSO:  7010 CW 2024-02-04 1002 OK4RQ         599 CZ10   OL9R          599 CZ11   0
QSO:  7016 CW 2024-02-04 1003 OK4RQ         599 CZ10   DM2RN         599 DE14   0
QSO:  7021 CW 2024-02-04 1003 OK4RQ         599 CZ10   SO3O          599 PL01   0
QSO:  7020 CW 2024-02-04 1006 OK4RQ         599 CZ10   IK1RAG        599 IT14   0
QSO:  7020 CW 2024-02-04 1007 OK4RQ         599 CZ10   IK3SCB        599 IT21   0
QSO:  7020 CW 2024-02-04 1007 OK4RQ         599 CZ10   DA3T          599 DE13   0
QSO:  7011 CW 2024-02-04 1008 OK4RQ         599 CZ10   DK3GI         599 DE02   0
QSO: 14021 CW 2024-02-04 1011 OK4RQ         599 CZ10   S53F          599 SI02   0
QSO: 14028 CW 2024-02-04 1012 OK4RQ         599 CZ10   PA4VHF        599 NL09   0
QSO: 14042 CW 2024-02-04 1013 OK4RQ         599 CZ10   YO8PUF        599 RO01   0
QSO: 14046 CW 2024-02-04 1013 OK4RQ         599 CZ10   SN7O          599 PL04   0
QSO: 14037 CW 2024-02-04 1014 OK4RQ         599 CZ10   PG2AA         599 NL08   0
QSO: 14034 CW 2024-02-04 1014 OK4RQ         599 CZ10   IK4DCX        599 IT07   0
QSO: 14033 CW 2024-02-04 1016 OK4RQ         599 CZ10   YL2VW         599 LV05   0
QSO: 14016 CW 2024-02-04 1017 OK4RQ         599 CZ10   HA8TP         599 HU03   0
QSO: 14014 CW 2024-02-04 1017 OK4RQ         599 CZ10   RA3BQ         599 29     0
QSO: 14018 CW 2024-02-04 1018 OK4RQ         599 CZ10   PA3ARM        599 NL06   0
QSO: 14012 CW 2024-02-04 1020 OK4RQ         599 CZ10   9H1CG         599 MT03   0
QSO: 14009 CW 2024-02-04 1020 OK4RQ         599 CZ10   OM3CW         599 SK02   0
QSO: 14015 CW 2024-02-04 1021 OK4RQ         599 CZ10   IK2UEX        599 IT11   0
QSO: 14030 CW 2024-02-04 1022 OK4RQ         599 CZ10   UA1ZZ         599 19     0
QSO: 14017 CW 2024-02-04 1023 OK4RQ         599 CZ10   SQ4NR         599 PL15   0
QSO: 14017 CW 2024-02-04 1024 OK4RQ         599 CZ10   SN5J          599 PL08   0
QSO: 14017 CW 2024-02-04 1024 OK4RQ         599 CZ10   PA3DSB        599 NL07   0
QSO: 14017 CW 2024-02-04 1024 OK4RQ         599 CZ10   G4EBK         599 27     0
QSO: 14017 CW 2024-02-04 1025 OK4RQ         599 CZ10   PA3DRL        599 NL04   0
QSO: 14017 CW 2024-02-04 1026 OK4RQ         599 CZ10   IZ5BBS        599 IT19   0
QSO: 14017 CW 2024-02-04 1027 OK4RQ         599 CZ10   LY2MC         599 LT04   0
QSO: 14017 CW 2024-02-04 1027 OK4RQ         599 CZ10   DJ5AN         599 DE08   0
QSO: 14017 CW 2024-02-04 1027 OK4RQ         599 CZ10   UR4QWW        599 29     0
QSO: 14017 CW 2024-02-04 1028 OK4RQ         599 CZ10   DL1EMA        599 DE10   0
QSO: 14038 CW 2024-02-04 1029 OK4RQ         599 CZ10   PA3FQA        599 NL09   0
QSO: 14031 CW 2024-02-04 1030 OK4RQ         599 CZ10   OK4T          599 CZ04   0
QSO: 14017 CW 2024-02-04 1031 OK4RQ         599 CZ10   EA4XT         599 ES08   0
QSO: 14003 CW 2024-02-04 1032 OK4RQ         599 CZ10   IZ8GUQ        599 IT04   0
QSO: 14005 CW 2024-02-04 1033 OK4RQ         599 CZ10   SP2HMT        599 PL11   0
QSO: 14018 CW 2024-02-04 1033 OK4RQ         599 CZ10   PA7KY         599 NL01   0
QSO: 14042 CW 2024-02-04 1035 OK4RQ         599 CZ10   SV2SKD        599 GR03   0
QSO: 14032 CW 2024-02-04 1035 OK4RQ         599 CZ10   CT3KN         599 PT06   0
QSO: 14020 CW 2024-02-04 1036 OK4RQ         599 CZ10   OK2EA         599 CZ13   0
QSO: 21016 CW 2024-02-04 1038 OK4RQ         599 CZ10   SK3W          599 SE17   0
QSO: 21017 CW 2024-02-04 1038 OK4RQ         599 CZ10   ES7A          599 EE05   0
QSO: 21020 CW 2024-02-04 1039 OK4RQ         599 CZ10   UT3QZ         599 29     0
QSO: 21024 CW 2024-02-04 1039 OK4RQ         599 CZ10   LA8OM         599 18     0
QSO: 21039 CW 2024-02-04 1040 OK4RQ         599 CZ10   SV4FFL        599 GR11   0
QSO: 21048 CW 2024-02-04 1040 OK4RQ         599 CZ10   SV2SKD        599 GR03   0
QSO: 21041 CW 2024-02-04 1041 OK4RQ         599 CZ10   LZ5DI         599 BG05   0
QSO: 21041 CW 2024-02-04 1043 OK4RQ         599 CZ10   RA3DS         599 29     0
QSO: 21041 CW 2024-02-04 1043 OK4RQ         599 CZ10   IT9RZU        599 IT16   0
QSO: 21012 CW 2024-02-04 1044 OK4RQ         599 CZ10   AO100RADIO    599 ES03   0
QSO: 21005 CW 2024-02-04 1045 OK4RQ         599 CZ10   SV1BJW        599 GR01   0
QSO: 21007 CW 2024-02-04 1045 OK4RQ         599 CZ10   RW7F          599 29     0
QSO: 21007 CW 2024-02-04 1045 OK4RQ         599 CZ10   UA6LCN        599 29     0
QSO: 21026 CW 2024-02-04 1047 OK4RQ         599 CZ10   OG4A          599 FI14   0
QSO: 28006 CW 2024-02-04 1048 OK4RQ         599 CZ10   R7MM          599 29     0
QSO: 28006 CW 2024-02-04 1049 OK4RQ         599 CZ10   OG5O          599 FI17   0
QSO: 28011 CW 2024-02-04 1050 OK4RQ         599 CZ10   P3X           599 CY05   0
QSO: 28014 CW 2024-02-04 1050 OK4RQ         599 CZ10   R1DX          599 29     0
QSO: 28016 CW 2024-02-04 1052 OK4RQ         599 CZ10   CT1DRB        599 PT05   0
QSO: 28017 CW 2024-02-04 1052 OK4RQ         599 CZ10   RN4SS         599 29     0
QSO: 28019 CW 2024-02-04 1053 OK4RQ         599 CZ10   4K6FO         599 29     0
QSO: 28036 CW 2024-02-04 1054 OK4RQ         599 CZ10   UN5G          599 31     0
QSO: 28042 CW 2024-02-04 1054 OK4RQ         599 CZ10   RA3AGF        599 29     0
QSO: 28008 CW 2024-02-04 1057 OK4RQ         599 CZ10   EA4HKF        599 ES08   0
QSO: 28008 CW 2024-02-04 1058 OK4RQ         599 CZ10   9A5X          599 HR05   0
QSO: 28009 CW 2024-02-04 1058 OK4RQ         599 CZ10   R7FO          599 29     0
QSO: 28013 CW 2024-02-04 1059 OK4RQ         599 CZ10   CT1GFK        599 PT03   0
QSO: 28016 CW 2024-02-04 1100 OK4RQ         599 CZ10   HA5JI         599 HU03   0
QSO: 28021 CW 2024-02-04 1101 OK4RQ         599 CZ10   PA4VHF        599 NL09   0
QSO: 28047 CW 2024-02-04 1104 OK4RQ         599 CZ10   RN4AO         599 29     0
QSO: 28024 CW 2024-02-04 1105 OK4RQ         599 CZ10   EA1X          599 ES05   0
QSO: 21001 CW 2024-02-04 1107 OK4RQ         599 CZ10   SV1AZL        599 GR01   0
QSO: 21005 CW 2024-02-04 1108 OK4RQ         599 CZ10   RU4SO         599 29     0
QSO: 21009 CW 2024-02-04 1108 OK4RQ         599 CZ10   R4BZ          599 29     0
QSO: 21007 CW 2024-02-04 1108 OK4RQ         599 CZ10   EU8U          599 29     0
QSO: 21019 CW 2024-02-04 1111 OK4RQ         599 CZ10   YO4NT         599 RO02   0
QSO: 21021 CW 2024-02-04 1111 OK4RQ         599 CZ10   OK1OA         599 CZ06   0
QSO: 21022 CW 2024-02-04 1112 OK4RQ         599 CZ10   YO3GEK        599 RO02   0
QSO: 21035 CW 2024-02-04 1114 OK4RQ         599 CZ10   UC1A          599 29     0
QSO: 21005 CW 2024-02-04 1116 OK4RQ         599 CZ10   M6W           599 27     0
QSO: 21003 CW 2024-02-04 1118 OK4RQ         599 CZ10   SV2HUD        599 GR03   0
QSO: 14009 CW 2024-02-04 1119 OK4RQ         599 CZ10   LA8OM         599 18     0
QSO: 14009 CW 2024-02-04 1120 OK4RQ         599 CZ10   IQ2CJ         599 IT11   0
QSO: 14017 CW 2024-02-04 1121 OK4RQ         599 CZ10   UT3EV         599 29     0
QSO: 14016 CW 2024-02-04 1122 OK4RQ         599 CZ10   IK7MIY        599 IT03   0
QSO: 14020 CW 2024-02-04 1122 OK4RQ         599 CZ10   IZ8GCB        599 IT06   0
QSO: 14022 CW 2024-02-04 1123 OK4RQ         599 CZ10   SP2R          599 PL11   0
QSO: 14027 CW 2024-02-04 1124 OK4RQ         599 CZ10   YL5W          599 LV03   0
QSO: 14041 CW 2024-02-04 1125 OK4RQ         599 CZ10   YU1ML         599 28     0
QSO: 14042 CW 2024-02-04 1126 OK4RQ         599 CZ10   DL0GEO        599 DE08   0
QSO: 14035 CW 2024-02-04 1126 OK4RQ         599 CZ10   4U1A          599 AT01   0
QSO: 14031 CW 2024-02-04 1127 OK4RQ         599 CZ10   EA1X          599 ES05   0
QSO: 14004 CW 2024-02-04 1128 OK4RQ         599 CZ10   LZ8E          599 BG03   0
QSO: 14002 CW 2024-02-04 1129 OK4RQ         599 CZ10   PA6AA         599 NL01   0
QSO: 14004 CW 2024-02-04 1129 OK4RQ         599 CZ10   HB90G         599 28     0
QSO: 14010 CW 2024-02-04 1130 OK4RQ         599 CZ10   RL5A          599 29     0
QSO: 14023 CW 2024-02-04 1131 OK4RQ         599 CZ10   ON5LL         599 BE05   0
QSO: 14040 CW 2024-02-04 1131 OK4RQ         599 CZ10   IK2SND        599 IT11   0
QSO: 14049 CW 2024-02-04 1132 OK4RQ         599 CZ10   IT9LKX        599 IT16   0
QSO: 14047 CW 2024-02-04 1133 OK4RQ         599 CZ10   UA1CUR        599 29     0
QSO:  7018 CW 2024-02-04 1134 OK4RQ         599 CZ10   SP5OXJ        599 PL08   0
QSO: 21008 CW 2024-02-04 1134 OK4RQ         599 CZ10   UV1IX         599 29     0
QSO: 21009 CW 2024-02-04 1136 OK4RQ         599 CZ10   OE5TXF        599 AT05   0
QSO: 21017 CW 2024-02-04 1136 OK4RQ         599 CZ10   IT9DKI        599 IT16   0
QSO: 21020 CW 2024-02-04 1137 OK4RQ         599 CZ10   OK4T          599 CZ04   0
QSO: 21032 CW 2024-02-04 1137 OK4RQ         599 CZ10   EB5A          599 ES04   0
QSO: 28010 CW 2024-02-04 1139 OK4RQ         599 CZ10   RT4W          599 30     0
QSO: 28011 CW 2024-02-04 1139 OK4RQ         599 CZ10   EA7LM         599 ES01   0
QSO: 28016 CW 2024-02-04 1139 OK4RQ         599 CZ10   RL3T          599 29     0
QSO: 28018 CW 2024-02-04 1140 OK4RQ         599 CZ10   LZ4TX         599 BG03   0
QSO: 28035 CW 2024-02-04 1141 OK4RQ         599 CZ10   CR6K          599 PT07   0
QSO: 21011 CW 2024-02-04 1143 OK4RQ         599 CZ10   RX6FJ         599 29     0
QSO: 14019 CW 2024-02-04 1145 OK4RQ         599 CZ10   CT7BJG        599 PT02   0
QSO: 14020 CW 2024-02-04 1146 OK4RQ         599 CZ10   RC6U          599 29     0
QSO: 14034 CW 2024-02-04 1148 OK4RQ         599 CZ10   LZ1QZ         599 BG04   0
QSO: 14046 CW 2024-02-04 1148 OK4RQ         599 CZ10   IQ2VA         599 IT11   0
QSO: 14013 CW 2024-02-04 1149 OK4RQ         599 CZ10   K3AJ          599 08     0
QSO: 14003 CW 2024-02-04 1149 OK4RQ         599 CZ10   UT1WW         599 29     0
QSO: 14010 CW 2024-02-04 1150 OK4RQ         599 CZ10   EB5A          599 ES04   0
QSO: 14011 CW 2024-02-04 1150 OK4RQ         599 CZ10   EA1DP         599 ES07   0
QSO: 14012 CW 2024-02-04 1151 OK4RQ         599 CZ10   NB1N          599 08     0
QSO: 14011 CW 2024-02-04 1152 OK4RQ         599 CZ10   AO100RADIO    599 ES03   0
QSO: 14014 CW 2024-02-04 1153 OK4RQ         599 CZ10   YO8BDW        599 RO01   0
QSO: 21009 CW 2024-02-04 1155 OK4RQ         599 CZ10   W1KM          599 08     0
QSO: 21022 CW 2024-02-04 1156 OK4RQ         599 CZ10   F5OIH         599 FR10   0
QSO: 21027 CW 2024-02-04 1159 OK4RQ         599 CZ10   9K2NO         599 39     0
END-OF-LOG:
