START-OF-LOG: 3.0
CREATED-BY: HMRA public 9A HRS HF Robot downloader
CONTEST: 9A-DX
CALLSIGN: EA1X
OPERATORS: EA1X
CATEGORY: B05
CATEGORY-OPERATOR: SINGLE-OP
CATEGORY-BAND: ALL
CATEGORY-MODE: CW
CATEGORY-POWER: LOW
CLAIMED-SCORE: 393965
SOAPBOX: Recreated from 9A HRS HF Robot public QSO table for Croatian DX Contest 2024.
SOAPBOX: Public error-summary rows are ignored.
SOAPBOX: Source: https://www.hamradio.hr/hfrobot/hfcc_log.php?What=vloghtm&CID=2024-12-21&ID=EA1X
SOAPBOX: Source category label: B05 - Single Operator, All Bands, CW, Low Power.
SOAPBOX: Published QSO count: 1212.
QSO: 21022 CW 2024-12-21 1400 EA1X          599 0001 37    UI3A          599 0000 29   
QSO: 28029 CW 2024-12-21 1400 EA1X          599 0002 37    ZA1RR         599 0000 28   
QSO: 21022 CW 2024-12-21 1400 EA1X          599 0003 37    HA5GF         599 0000 28   
QSO: 28029 CW 2024-12-21 1400 EA1X          599 0004 37    S57Q          599 0000 28   
QSO: 28029 CW 2024-12-21 1400 EA1X          599 0005 37    VE3VN         599 0000 04   
QSO: 28029 CW 2024-12-21 1401 EA1X          599 0006 37    YO4FHU        599 0000 28   
QSO: 21022 CW 2024-12-21 1401 EA1X          599 0007 37    YB1LCD        599 0000 54   
QSO: 28029 CW 2024-12-21 1402 EA1X          599 0008 37    UT8W          599 0000 29   
QSO: 21022 CW 2024-12-21 1402 EA1X          599 0009 37    RT4M          599 0000 29   
QSO: 21022 CW 2024-12-21 1402 EA1X          599 0010 37    IU8PWS        599 0000 28   
QSO: 28029 CW 2024-12-21 1402 EA1X          599 0011 37    UW1M          599 0000 29   
QSO: 21022 CW 2024-12-21 1403 EA1X          599 0012 37    UW1M          599 0000 29   
QSO: 21022 CW 2024-12-21 1403 EA1X          599 0013 37    YQ6A          599 0000 28   
QSO: 28029 CW 2024-12-21 1403 EA1X          599 0014 37    R3LC          599 0000 29   
QSO: 28029 CW 2024-12-21 1404 EA1X          599 0015 37    SM6F          599 0000 18   
QSO: 21022 CW 2024-12-21 1404 EA1X          599 0016 37    RC1W          599 0000 29   
QSO: 28029 CW 2024-12-21 1404 EA1X          599 0017 37    N3AM          599 0000 08   
QSO: 21022 CW 2024-12-21 1404 EA1X          599 0018 37    UX1VX         599 0000 29   
QSO: 21022 CW 2024-12-21 1404 EA1X          599 0019 37    DJ2XY         599 0000 28   
QSO: 21022 CW 2024-12-21 1405 EA1X          599 0020 37    RD4F          599 0000 29   
QSO: 28029 CW 2024-12-21 1406 EA1X          599 0021 37    RW4HFH        599 0000 30   
QSO: 21022 CW 2024-12-21 1407 EA1X          599 0022 37    ZA1RR         599 0000 28   
QSO: 28029 CW 2024-12-21 1408 EA1X          599 0023 37    W1GD          599 0000 08   
QSO: 28029 CW 2024-12-21 1408 EA1X          599 0024 37    OZ5UR         599 0000 18   
QSO: 28029 CW 2024-12-21 1408 EA1X          599 0025 37    YU1YV         599 0000 28   
QSO: 28029 CW 2024-12-21 1409 EA1X          599 0026 37    K8GL          599 0000 08   
QSO: 21022 CW 2024-12-21 1409 EA1X          599 0027 37    F6GGCI        599 0000 27   
QSO: 28029 CW 2024-12-21 1409 EA1X          599 0028 37    SM6R          599 0000 18   
QSO: 21022 CW 2024-12-21 1409 EA1X          599 0029 37    DL8ULF        599 0000 28   
QSO: 21022 CW 2024-12-21 1409 EA1X          599 0030 37    DF9SJ         599 0000 28   
QSO: 21022 CW 2024-12-21 1409 EA1X          599 0031 37    SM5IMO        599 0000 18   
QSO: 28029 CW 2024-12-21 1410 EA1X          599 0032 37    RT9A          599 0000 30   
QSO: 21022 CW 2024-12-21 1410 EA1X          599 0033 37    OH2KW         599 0000 18   
QSO: 21022 CW 2024-12-21 1410 EA1X          599 0034 37    UX2HB         599 0000 29   
QSO: 21022 CW 2024-12-21 1410 EA1X          599 0035 37    UP0L          599 0000 30   
QSO: 21022 CW 2024-12-21 1411 EA1X          599 0036 37    LZ5R          599 0000 28   
QSO: 28029 CW 2024-12-21 1411 EA1X          599 0037 37    RA3AGF        599 0000 29   
QSO: 28029 CW 2024-12-21 1412 EA1X          599 0038 37    IK8UND        599 0000 28   
QSO: 21022 CW 2024-12-21 1412 EA1X          599 0039 37    N3AM          599 0000 08   
QSO: 28029 CW 2024-12-21 1412 EA1X          599 0040 37    OK6OK         599 0000 28   
QSO: 21022 CW 2024-12-21 1412 EA1X          599 0041 37    EW8OM         599 0000 29   
QSO: 28029 CW 2024-12-21 1412 EA1X          599 0042 37    OM3EI         599 0000 28   
QSO: 28029 CW 2024-12-21 1413 EA1X          599 0043 37    HA0LZ         599 0000 28   
QSO: 21022 CW 2024-12-21 1413 EA1X          599 0044 37    RA7SI         599 0000 28   
QSO: 28029 CW 2024-12-21 1413 EA1X          599 0045 37    LZ1VKD        599 0000 28   
QSO: 21022 CW 2024-12-21 1413 EA1X          599 0046 37    EA5ITT        599 0000 37   
QSO: 28029 CW 2024-12-21 1414 EA1X          599 0047 37    SN5J          599 0000 28   
QSO: 28029 CW 2024-12-21 1414 EA1X          599 0048 37    LZ7DX         599 0000 28   
QSO: 21022 CW 2024-12-21 1414 EA1X          599 0049 37    W1GD          599 0000 08   
QSO: 28029 CW 2024-12-21 1414 EA1X          599 0050 37    SP7OGP        599 0000 28   
QSO: 21022 CW 2024-12-21 1414 EA1X          599 0051 37    UP7L          599 0000 30   
QSO: 21022 CW 2024-12-21 1415 EA1X          599 0052 37    OK1KTI        599 0000 28   
QSO: 28029 CW 2024-12-21 1415 EA1X          599 0053 37    9A1CAL        599 0000 CK   
QSO: 21022 CW 2024-12-21 1415 EA1X          599 0054 37    YB1HR         599 0000 54   
QSO: 21022 CW 2024-12-21 1415 EA1X          599 0055 37    4Z5LU         599 0000 39   
QSO: 28029 CW 2024-12-21 1416 EA1X          599 0056 37    DL1DQW        599 0000 28   
QSO: 21022 CW 2024-12-21 1416 EA1X          599 0057 37    DC1YY         599 0000 28   
QSO: 28029 CW 2024-12-21 1417 EA1X          599 0058 37    OM3YFT        599 0000 28   
QSO: 28029 CW 2024-12-21 1417 EA1X          599 0059 37    HA6NL         599 0000 28   
QSO: 21022 CW 2024-12-21 1417 EA1X          599 0060 37    ES5NY         599 0000 29   
QSO: 21022 CW 2024-12-21 1417 EA1X          599 0061 37    DL1CW         599 0000 28   
QSO: 21022 CW 2024-12-21 1417 EA1X          599 0062 37    DK3WN         599 0000 28   
QSO: 28029 CW 2024-12-21 1419 EA1X          599 0063 37    UR4LTX        599 0000 29   
QSO: 21022 CW 2024-12-21 1420 EA1X          599 0064 37    UD6M          599 0000 29   
QSO: 21022 CW 2024-12-21 1420 EA1X          599 0065 37    RD5D          599 0000 29   
QSO: 21022 CW 2024-12-21 1421 EA1X          599 0066 37    9A5CW         599 0000 PU   
QSO: 28029 CW 2024-12-21 1421 EA1X          599 0067 37    DL5AZZ        599 0000 28   
QSO: 21022 CW 2024-12-21 1421 EA1X          599 0068 37    DG0KS         599 0000 28   
QSO: 28029 CW 2024-12-21 1422 EA1X          599 0069 37    YU7KW         599 0000 28   
QSO: 21022 CW 2024-12-21 1422 EA1X          599 0070 37    RV3FF         599 0000 29   
QSO: 28029 CW 2024-12-21 1422 EA1X          599 0071 37    HA5BA         599 0000 28   
QSO: 21022 CW 2024-12-21 1422 EA1X          599 0072 37    VE3VN         599 0000 04   
QSO: 28029 CW 2024-12-21 1422 EA1X          599 0073 37    SP9DLY        599 0000 28   
QSO: 21022 CW 2024-12-21 1423 EA1X          599 0074 37    RT9A          599 0000 30   
QSO: 28029 CW 2024-12-21 1423 EA1X          599 0075 37    E70Y          599 0000 28   
QSO: 28029 CW 2024-12-21 1423 EA1X          599 0076 37    UI3A          599 0000 29   
QSO: 28029 CW 2024-12-21 1424 EA1X          599 0077 37    YO5AXF        599 0000 28   
QSO: 28029 CW 2024-12-21 1424 EA1X          599 0078 37    LY2CO         599 0000 29   
QSO: 28029 CW 2024-12-21 1425 EA1X          599 0079 37    EW1TZ         599 0000 29   
QSO: 28029 CW 2024-12-21 1425 EA1X          599 0080 37    IT9VDQ        599 0000 28   
QSO: 21022 CW 2024-12-21 1425 EA1X          599 0081 37    OZ30EU        599 0000 18   
QSO: 28029 CW 2024-12-21 1425 EA1X          599 0082 37    OK3DM         599 0000 28   
QSO: 28029 CW 2024-12-21 1426 EA1X          599 0083 37    IK3SWB        599 0000 28   
QSO: 28029 CW 2024-12-21 1426 EA1X          599 0084 37    LY4AA         599 0000 29   
QSO: 21022 CW 2024-12-21 1426 EA1X          599 0085 37    YO4FHU        599 0000 28   
QSO: 21022 CW 2024-12-21 1427 EA1X          599 0086 37    RN1AO         599 0000 29   
QSO: 21022 CW 2024-12-21 1427 EA1X          599 0087 37    LY2SA         599 0000 29   
QSO: 28029 CW 2024-12-21 1427 EA1X          599 0088 37    NN4SS         599 0000 08   
QSO: 28029 CW 2024-12-21 1427 EA1X          599 0089 37    YU8A          599 0000 28   
QSO: 28029 CW 2024-12-21 1428 EA1X          599 0090 37    OM8MM         599 0000 28   
QSO: 21022 CW 2024-12-21 1428 EA1X          599 0091 37    SN5J          599 0000 28   
QSO: 28029 CW 2024-12-21 1429 EA1X          599 0092 37    EU1DM         599 0000 29   
QSO: 21022 CW 2024-12-21 1429 EA1X          599 0093 37    Z36W          599 0000 28   
QSO: 28029 CW 2024-12-21 1429 EA1X          599 0094 37    9A5ST         599 0000 ST   
QSO: 21022 CW 2024-12-21 1430 EA1X          599 0095 37    YO4DW         599 0000 28   
QSO: 21022 CW 2024-12-21 1430 EA1X          599 0096 37    UY2RA         599 0000 29   
QSO: 28029 CW 2024-12-21 1430 EA1X          599 0097 37    LZ5VV         599 0000 28   
QSO: 21022 CW 2024-12-21 1431 EA1X          599 0098 37    PC5Q          599 0000 27   
QSO: 21022 CW 2024-12-21 1432 EA1X          599 0099 37    ON5JT         599 0000 27   
QSO: 21022 CW 2024-12-21 1432 EA1X          599 0100 37    RM2U          599 0000 29   
QSO: 28029 CW 2024-12-21 1433 EA1X          599 0101 37    OH7CW         599 0000 18   
QSO: 21022 CW 2024-12-21 1433 EA1X          599 0102 37    EA3FZT        599 0000 37   
QSO: 21022 CW 2024-12-21 1433 EA1X          599 0103 37    SP7OGP        599 0000 28   
QSO: 28029 CW 2024-12-21 1433 EA1X          599 0104 37    4U1A          599 0000 28   
QSO: 28029 CW 2024-12-21 1434 EA1X          599 0105 37    9A3B          599 0000 OS   
QSO: 28029 CW 2024-12-21 1434 EA1X          599 0106 37    9A5CW         599 0000 PU   
QSO: 21022 CW 2024-12-21 1434 EA1X          599 0107 37    OT6E          599 0000 27   
QSO: 21022 CW 2024-12-21 1434 EA1X          599 0108 37    SP9DLY        599 0000 28   
QSO: 28029 CW 2024-12-21 1435 EA1X          599 0109 37    IT9RZU        599 0000 28   
QSO: 21022 CW 2024-12-21 1435 EA1X          599 0110 37    OK1DKE        599 0000 28   
QSO: 21022 CW 2024-12-21 1435 EA1X          599 0111 37    OP7T          599 0000 27   
QSO: 21022 CW 2024-12-21 1436 EA1X          599 0112 37    YU1YV         599 0000 28   
QSO: 28029 CW 2024-12-21 1436 EA1X          599 0113 37    SM0SYP        599 0000 18   
QSO: 21022 CW 2024-12-21 1436 EA1X          599 0114 37    PA2A          599 0000 27   
QSO: 28029 CW 2024-12-21 1437 EA1X          599 0115 37    OE3KAB        599 0000 28   
QSO: 21022 CW 2024-12-21 1437 EA1X          599 0116 37    OH1TS         599 0000 18   
QSO: 28029 CW 2024-12-21 1438 EA1X          599 0117 37    OH5MU         599 0000 18   
QSO: 28029 CW 2024-12-21 1438 EA1X          599 0118 37    SP9DUX        599 0000 28   
QSO: 28029 CW 2024-12-21 1438 EA1X          599 0119 37    E74O          599 0000 28   
QSO: 28029 CW 2024-12-21 1439 EA1X          599 0120 37    HG6O          599 0000 28   
QSO: 21022 CW 2024-12-21 1439 EA1X          599 0121 37    YB1LCD        599 0000 54   
QSO: 21022 CW 2024-12-21 1439 EA1X          599 0122 37    UW5IM         599 0000 29   
QSO: 28029 CW 2024-12-21 1440 EA1X          599 0123 37    S55OO         599 0000 28   
QSO: 21022 CW 2024-12-21 1440 EA1X          599 0124 37    9A1CAL        599 0000 CK   
QSO: 28029 CW 2024-12-21 1440 EA1X          599 0125 37    LY2MC         599 0000 29   
QSO: 28029 CW 2024-12-21 1440 EA1X          599 0126 37    YL24YOTA      599 0000 29   
QSO: 21022 CW 2024-12-21 1441 EA1X          599 0127 37    PC1PM         599 0000 27   
QSO: 28029 CW 2024-12-21 1441 EA1X          599 0128 37    UR3LPM        599 0000 29   
QSO: 21022 CW 2024-12-21 1441 EA1X          599 0129 37    IV3IPS        599 0000 28   
QSO: 28029 CW 2024-12-21 1441 EA1X          599 0130 37    VA3TNM        599 0000 04   
QSO: 28029 CW 2024-12-21 1441 EA1X          599 0131 37    YU3DX         599 0000 28   
QSO: 28029 CW 2024-12-21 1442 EA1X          599 0132 37    EI5KF         599 0000 27   
QSO: 21022 CW 2024-12-21 1442 EA1X          599 0133 37    SM5CSS        599 0000 18   
QSO: 28029 CW 2024-12-21 1442 EA1X          599 0134 37    YO4AAC        599 0000 28   
QSO: 21022 CW 2024-12-21 1443 EA1X          599 0135 37    IK1PMR        599 0000 28   
QSO: 21022 CW 2024-12-21 1443 EA1X          599 0136 37    GI4NKB        599 0000 27   
QSO: 28029 CW 2024-12-21 1443 EA1X          599 0137 37    HA2EOU        599 0000 28   
QSO: 21022 CW 2024-12-21 1443 EA1X          599 0138 37    UY5OO         599 0000 29   
QSO: 28029 CW 2024-12-21 1444 EA1X          599 0139 37    WJ2D          599 0000 08   
QSO: 21022 CW 2024-12-21 1444 EA1X          599 0140 37    RK2M          599 0000 29   
QSO: 28029 CW 2024-12-21 1444 EA1X          599 0141 37    SP2HMY        599 0000 28   
QSO: 28029 CW 2024-12-21 1444 EA1X          599 0142 37    SM3M          599 0000 18   
QSO: 21022 CW 2024-12-21 1445 EA1X          599 0143 37    IZ4JMA        599 0000 28   
QSO: 21022 CW 2024-12-21 1445 EA1X          599 0144 37    DO1AYJ        599 0000 28   
QSO: 28029 CW 2024-12-21 1445 EA1X          599 0145 37    K2GO          599 0000 08   
QSO: 21022 CW 2024-12-21 1445 EA1X          599 0146 37    DL6JF         599 0000 28   
QSO: 21022 CW 2024-12-21 1446 EA1X          599 0147 37    DO2XU         599 0000 28   
QSO: 28029 CW 2024-12-21 1446 EA1X          599 0148 37    OH2OA         599 0000 18   
QSO: 21022 CW 2024-12-21 1446 EA1X          599 0149 37    RA3BQ         599 0000 29   
QSO: 28029 CW 2024-12-21 1446 EA1X          599 0150 37    UZ7E          599 0000 29   
QSO: 21022 CW 2024-12-21 1446 EA1X          599 0151 37    IU8RQW        599 0000 28   
QSO: 21022 CW 2024-12-21 1447 EA1X          599 0152 37    SV1AJO        599 0000 28   
QSO: 21022 CW 2024-12-21 1447 EA1X          599 0153 37    DM5WW         599 0000 28   
QSO: 21022 CW 2024-12-21 1447 EA1X          599 0154 37    OH6BA         599 0000 18   
QSO: 21022 CW 2024-12-21 1448 EA1X          599 0155 37    LY2CO         599 0000 29   
QSO: 28029 CW 2024-12-21 1448 EA1X          599 0156 37    9A3TA         599 0000 DJ   
QSO: 21022 CW 2024-12-21 1448 EA1X          599 0157 37    PA3DSB        599 0000 27   
QSO: 28029 CW 2024-12-21 1449 EA1X          599 0158 37    E7CW          599 0000 28   
QSO: 28029 CW 2024-12-21 1449 EA1X          599 0159 37    K2IRM         599 0000 08   
QSO: 21022 CW 2024-12-21 1449 EA1X          599 0160 37    EW1TZ         599 0000 29   
QSO: 28029 CW 2024-12-21 1449 EA1X          599 0161 37    OH6UE         599 0000 18   
QSO: 21022 CW 2024-12-21 1449 EA1X          599 0162 37    RK3P          599 0000 29   
QSO: 21022 CW 2024-12-21 1450 EA1X          599 0163 37    SV5DKL        599 0000 28   
QSO: 21022 CW 2024-12-21 1450 EA1X          599 0164 37    E77EA         599 0000 28   
QSO: 28029 CW 2024-12-21 1450 EA1X          599 0165 37    OM5NL         599 0000 28   
QSO: 21022 CW 2024-12-21 1450 EA1X          599 0166 37    YO4AR         599 0000 28   
QSO: 28029 CW 2024-12-21 1451 EA1X          599 0167 37    9A5O          599 0000 KC   
QSO: 21022 CW 2024-12-21 1451 EA1X          599 0168 37    OZ1CTZ        599 0000 18   
QSO: 28029 CW 2024-12-21 1451 EA1X          599 0169 37    SP4DEU        599 0000 28   
QSO: 21022 CW 2024-12-21 1451 EA1X          599 0170 37    UR5R          599 0000 29   
QSO: 21022 CW 2024-12-21 1451 EA1X          599 0171 37    UR3LPM        599 0000 29   
QSO: 28029 CW 2024-12-21 1452 EA1X          599 0172 37    KG4W          599 0000 08   
QSO: 21022 CW 2024-12-21 1452 EA1X          599 0173 37    UA3YDI        599 0000 29   
QSO: 21022 CW 2024-12-21 1452 EA1X          599 0174 37    OK6Y          599 0000 28   
QSO: 21022 CW 2024-12-21 1452 EA1X          599 0175 37    HB9BXE        599 0000 28   
QSO: 28029 CW 2024-12-21 1452 EA1X          599 0176 37    IU8PWS        599 0000 28   
QSO: 21022 CW 2024-12-21 1452 EA1X          599 0177 37    UZ7E          599 0000 29   
QSO: 28029 CW 2024-12-21 1452 EA1X          599 0178 37    YO7ARZ        599 0000 28   
QSO: 28029 CW 2024-12-21 1453 EA1X          599 0179 37    Z35F          599 0000 28   
QSO: 21022 CW 2024-12-21 1453 EA1X          599 0180 37    PA6AA         599 0000 27   
QSO: 28029 CW 2024-12-21 1453 EA1X          599 0181 37    LZ5ZM         599 0000 28   
QSO: 21022 CW 2024-12-21 1453 EA1X          599 0182 37    R8TT          599 0000 30   
QSO: 28029 CW 2024-12-21 1453 EA1X          599 0183 37    UY5LW         599 0000 29   
QSO: 28029 CW 2024-12-21 1454 EA1X          599 0184 37    9A5Y          599 0000 DA   
QSO: 21022 CW 2024-12-21 1454 EA1X          599 0185 37    SP2HMY        599 0000 28   
QSO: 21022 CW 2024-12-21 1454 EA1X          599 0186 37    YO2GL         599 0000 28   
QSO: 21022 CW 2024-12-21 1454 EA1X          599 0187 37    DJ9DZ         599 0000 28   
QSO: 21022 CW 2024-12-21 1454 EA1X          599 0188 37    UR5EJ         599 0000 29   
QSO: 21022 CW 2024-12-21 1455 EA1X          599 0189 37    SQ1BVG        599 0000 28   
QSO: 21022 CW 2024-12-21 1455 EA1X          599 0190 37    NJ4Q          599 0000 08   
QSO: 21022 CW 2024-12-21 1456 EA1X          599 0191 37    IQ9RG         599 0000 28   
QSO: 21022 CW 2024-12-21 1456 EA1X          599 0192 37    HA3GC         599 0000 28   
QSO: 21022 CW 2024-12-21 1456 EA1X          599 0193 37    IW3FVZ        599 0000 28   
QSO: 21022 CW 2024-12-21 1457 EA1X          599 0194 37    HA5MA         599 0000 28   
QSO: 21022 CW 2024-12-21 1457 EA1X          599 0195 37    UA6HFI        599 0000 29   
QSO: 28029 CW 2024-12-21 1457 EA1X          599 0196 37    VA3TNM        599 0000 04   
QSO: 28029 CW 2024-12-21 1457 EA1X          599 0197 37    YO3AK         599 0000 28   
QSO: 21022 CW 2024-12-21 1457 EA1X          599 0198 37    S51VC         599 0000 28   
QSO: 21022 CW 2024-12-21 1458 EA1X          599 0199 37    RU7K          599 0000 29   
QSO: 28029 CW 2024-12-21 1458 EA1X          599 0200 37    UT2II         599 0000 29   
QSO: 21022 CW 2024-12-21 1458 EA1X          599 0201 37    DL3CX         599 0000 28   
QSO: 28029 CW 2024-12-21 1459 EA1X          599 0202 37    YO8AXP        599 0000 28   
QSO: 21022 CW 2024-12-21 1459 EA1X          599 0203 37    4X6FR         599 0000 39   
QSO: 28029 CW 2024-12-21 1459 EA1X          599 0204 37    W0UA          599 0000 07   
QSO: 28029 CW 2024-12-21 1500 EA1X          599 0205 37    TA2DA         599 0000 39   
QSO: 28029 CW 2024-12-21 1500 EA1X          599 0206 37    UY2RA         599 0000 29   
QSO: 28029 CW 2024-12-21 1500 EA1X          599 0207 37    ZA1F          599 0000 28   
QSO: 28029 CW 2024-12-21 1500 EA1X          599 0208 37    OH7DIV        599 0000 18   
QSO: 28029 CW 2024-12-21 1501 EA1X          599 0209 37    IU8RIA        599 0000 28   
QSO: 28029 CW 2024-12-21 1501 EA1X          599 0210 37    HG6C          599 0000 28   
QSO: 28029 CW 2024-12-21 1501 EA1X          599 0211 37    LY2SA         599 0000 29   
QSO: 21022 CW 2024-12-21 1502 EA1X          599 0212 37    YU4ETA        599 0000 28   
QSO: 28029 CW 2024-12-21 1504 EA1X          599 0213 37    W2QL          599 0000 08   
QSO: 28029 CW 2024-12-21 1504 EA1X          599 0214 37    YU1AO         599 0000 28   
QSO: 21013 CW 2024-12-21 1505 EA1X          599 0215 37    9A3SMS        599 0000 DU   
QSO: 21025 CW 2024-12-21 1505 EA1X          599 0216 37    PY2NY         599 0000 15   
QSO: 28029 CW 2024-12-21 1506 EA1X          599 0217 37    YO4DW         599 0000 28   
QSO: 28027 CW 2024-12-21 1506 EA1X          599 0218 37    9A7V          599 0000 VZ   
QSO: 21022 CW 2024-12-21 1507 EA1X          599 0219 37    HS8NKB        599 0000 49   
QSO: 28025 CW 2024-12-21 1508 EA1X          599 0220 37    9A3YT         599 0000 RI   
QSO: 21022 CW 2024-12-21 1508 EA1X          599 0221 37    SM5DXR        599 0000 18   
QSO: 21022 CW 2024-12-21 1508 EA1X          599 0222 37    KQ4R          599 0000 08   
QSO: 21022 CW 2024-12-21 1509 EA1X          599 0223 37    DL1JDQ        599 0000 28   
QSO: 21022 CW 2024-12-21 1509 EA1X          599 0224 37    DL7DZ         599 0000 28   
QSO: 28009 CW 2024-12-21 1510 EA1X          599 0225 37    PY3TD         599 0000 15   
QSO: 21022 CW 2024-12-21 1510 EA1X          599 0226 37    SN5N          599 0000 28   
QSO: 28021 CW 2024-12-21 1510 EA1X          599 0227 37    VE1ANU        599 0000 09   
QSO: 21022 CW 2024-12-21 1511 EA1X          599 0228 37    YB1IUQ        599 0000 54   
QSO: 28008 CW 2024-12-21 1511 EA1X          599 0229 37    NA8V          599 0000 08   
QSO: 21022 CW 2024-12-21 1512 EA1X          599 0230 37    OK5SA         599 0000 28   
QSO: 28023 CW 2024-12-21 1512 EA1X          599 0231 37    CR6K          599 0000 37   
QSO: 21022 CW 2024-12-21 1513 EA1X          599 0232 37    I2IFT         599 0000 28   
QSO: 21022 CW 2024-12-21 1513 EA1X          599 0233 37    HA2EOU        599 0000 28   
QSO: 21022 CW 2024-12-21 1514 EA1X          599 0234 37    WA1Z          599 0000 08   
QSO: 21022 CW 2024-12-21 1514 EA1X          599 0235 37    LZ5DI         599 0000 28   
QSO: 14030 CW 2024-12-21 1516 EA1X          599 0236 37    RT9A          599 0000 30   
QSO: 14030 CW 2024-12-21 1516 EA1X          599 0237 37    M4N           599 0000 27   
QSO: 21022 CW 2024-12-21 1516 EA1X          599 0238 37    WN4AT         599 0000 08   
QSO: 14030 CW 2024-12-21 1516 EA1X          599 0239 37    PA3DBS        599 0000 27   
QSO: 14030 CW 2024-12-21 1517 EA1X          599 0240 37    UP7L          599 0000 30   
QSO: 21022 CW 2024-12-21 1517 EA1X          599 0241 37    OL7D          599 0000 28   
QSO: 21022 CW 2024-12-21 1517 EA1X          599 0242 37    DK9DA         599 0000 28   
QSO: 14030 CW 2024-12-21 1517 EA1X          599 0243 37    SM6IQD        599 0000 18   
QSO: 14030 CW 2024-12-21 1518 EA1X          599 0244 37    PA0RDT        599 0000 27   
QSO: 21022 CW 2024-12-21 1518 EA1X          599 0245 37    OE3KAB        599 0000 28   
QSO: 21022 CW 2024-12-21 1518 EA1X          599 0246 37    SM2M          599 0000 18   
QSO: 14030 CW 2024-12-21 1518 EA1X          599 0247 37    LZ2MP         599 0000 28   
QSO: 21022 CW 2024-12-21 1518 EA1X          599 0248 37    9A4AA         599 0000 RI   
QSO: 14030 CW 2024-12-21 1518 EA1X          599 0249 37    YT6X          599 0000 28   
QSO: 21022 CW 2024-12-21 1519 EA1X          599 0250 37    LZ7DX         599 0000 28   
QSO: 14030 CW 2024-12-21 1519 EA1X          599 0251 37    DJ0YI         599 0000 28   
QSO: 14030 CW 2024-12-21 1519 EA1X          599 0252 37    SQ1PSA        599 0000 28   
QSO: 21022 CW 2024-12-21 1519 EA1X          599 0253 37    HA5AX         599 0000 28   
QSO: 14030 CW 2024-12-21 1519 EA1X          599 0254 37    IZ4JMA        599 0000 28   
QSO: 14030 CW 2024-12-21 1520 EA1X          599 0255 37    DL3CX         599 0000 28   
QSO: 14030 CW 2024-12-21 1520 EA1X          599 0256 37    EA3NO         599 0000 37   
QSO: 14030 CW 2024-12-21 1520 EA1X          599 0257 37    SP2GMA        599 0000 28   
QSO: 21022 CW 2024-12-21 1521 EA1X          599 0258 37    DH6BH         599 0000 28   
QSO: 14030 CW 2024-12-21 1521 EA1X          599 0259 37    RA3BQ         599 0000 29   
QSO: 14030 CW 2024-12-21 1521 EA1X          599 0260 37    SP2HMY        599 0000 28   
QSO: 14030 CW 2024-12-21 1522 EA1X          599 0261 37    UV1IX         599 0000 29   
QSO: 14030 CW 2024-12-21 1522 EA1X          599 0262 37    DL1JDQ        599 0000 28   
QSO: 21022 CW 2024-12-21 1522 EA1X          599 0263 37    DL4XU         599 0000 28   
QSO: 21022 CW 2024-12-21 1523 EA1X          599 0264 37    OK2IW         599 0000 28   
QSO: 14030 CW 2024-12-21 1523 EA1X          599 0265 37    UI3A          599 0000 29   
QSO: 21022 CW 2024-12-21 1523 EA1X          599 0266 37    IK3SWB        599 0000 28   
QSO: 14030 CW 2024-12-21 1524 EA1X          599 0267 37    SP9DLY        599 0000 28   
QSO: 14030 CW 2024-12-21 1524 EA1X          599 0268 37    RV3ZN         599 0000 29   
QSO: 14030 CW 2024-12-21 1526 EA1X          599 0269 37    SP2QG         599 0000 28   
QSO: 14030 CW 2024-12-21 1527 EA1X          599 0270 37    UR5WX         599 0000 29   
QSO: 14030 CW 2024-12-21 1528 EA1X          599 0271 37    IT9VDQ        599 0000 28   
QSO: 21022 CW 2024-12-21 1528 EA1X          599 0272 37    HA0LZ         599 0000 28   
QSO: 14030 CW 2024-12-21 1529 EA1X          599 0273 37    SP2DKI        599 0000 28   
QSO: 14030 CW 2024-12-21 1529 EA1X          599 0274 37    HA3GC         599 0000 28   
QSO: 14030 CW 2024-12-21 1529 EA1X          599 0275 37    OK1DKE        599 0000 28   
QSO: 14030 CW 2024-12-21 1530 EA1X          599 0276 37    LZ1VKD        599 0000 28   
QSO: 14030 CW 2024-12-21 1530 EA1X          599 0277 37    IZ4FST        599 0000 28   
QSO: 14030 CW 2024-12-21 1531 EA1X          599 0278 37    OK1FCA        599 0000 28   
QSO: 14030 CW 2024-12-21 1531 EA1X          599 0279 37    DJ2XY         599 0000 28   
QSO: 14030 CW 2024-12-21 1531 EA1X          599 0280 37    OK5SA         599 0000 28   
QSO: 14030 CW 2024-12-21 1532 EA1X          599 0281 37    YO4AR         599 0000 28   
QSO: 14030 CW 2024-12-21 1532 EA1X          599 0282 37    RJ3F          599 0000 29   
QSO: 14030 CW 2024-12-21 1532 EA1X          599 0283 37    OM5NL         599 0000 28   
QSO: 14030 CW 2024-12-21 1533 EA1X          599 0284 37    LZ7DX         599 0000 28   
QSO: 14030 CW 2024-12-21 1533 EA1X          599 0285 37    DL9ZP         599 0000 28   
QSO: 14030 CW 2024-12-21 1533 EA1X          599 0286 37    DL2NBY        599 0000 28   
QSO: 14030 CW 2024-12-21 1534 EA1X          599 0287 37    DL5MFW        599 0000 28   
QSO: 14030 CW 2024-12-21 1534 EA1X          599 0288 37    UC5D          599 0000 29   
QSO: 21009 CW 2024-12-21 1534 EA1X          599 0289 37    9A5Y          599 0000 DA   
QSO: 14030 CW 2024-12-21 1534 EA1X          599 0290 37    SA7DXR        599 0000 18   
QSO: 14030 CW 2024-12-21 1535 EA1X          599 0291 37    IU8PWS        599 0000 28   
QSO: 14030 CW 2024-12-21 1535 EA1X          599 0292 37    UR4LSN        599 0000 29   
QSO: 21015 CW 2024-12-21 1536 EA1X          599 0293 37    YQ8E          599 0000 28   
QSO: 14030 CW 2024-12-21 1536 EA1X          599 0294 37    DL7DZ         599 0000 28   
QSO: 14030 CW 2024-12-21 1536 EA1X          599 0295 37    IU3BRO        599 0000 28   
QSO: 14030 CW 2024-12-21 1536 EA1X          599 0296 37    LY2MM         599 0000 29   
QSO: 14030 CW 2024-12-21 1536 EA1X          599 0297 37    HB9BXE        599 0000 28   
QSO: 14030 CW 2024-12-21 1537 EA1X          599 0298 37    RL2Y          599 0000 29   
QSO: 14030 CW 2024-12-21 1537 EA1X          599 0299 37    OK8KM         599 0000 28   
QSO: 14030 CW 2024-12-21 1538 EA1X          599 0300 37    UW1M          599 0000 29   
QSO: 14030 CW 2024-12-21 1538 EA1X          599 0301 37    HA5AX         599 0000 28   
QSO: 21002 CW 2024-12-21 1538 EA1X          599 0302 37    K1LZ          599 0000 08   
QSO: 14030 CW 2024-12-21 1539 EA1X          599 0303 37    9A2IK         599 0000 RI   
QSO: 21010 CW 2024-12-21 1539 EA1X          599 0304 37    K0EJ          599 0000 08   
QSO: 14030 CW 2024-12-21 1540 EA1X          599 0305 37    OM3ZU         599 0000 28   
QSO: 14030 CW 2024-12-21 1540 EA1X          599 0306 37    DL3RDM        599 0000 28   
QSO: 14030 CW 2024-12-21 1541 EA1X          599 0307 37    UR3LPM        599 0000 29   
QSO: 14030 CW 2024-12-21 1541 EA1X          599 0308 37    SM6TOL        599 0000 18   
QSO: 21016 CW 2024-12-21 1541 EA1X          599 0309 37    K1ZZ          599 0000 08   
QSO: 14030 CW 2024-12-21 1542 EA1X          599 0310 37    E74E          599 0000 28   
QSO: 14030 CW 2024-12-21 1543 EA1X          599 0311 37    PA0JED        599 0000 27   
QSO: 14030 CW 2024-12-21 1543 EA1X          599 0312 37    EW1TZ         599 0000 29   
QSO: 14030 CW 2024-12-21 1543 EA1X          599 0313 37    EI5KF         599 0000 27   
QSO: 14030 CW 2024-12-21 1543 EA1X          599 0314 37    ZA1F          599 0000 28   
QSO: 21022 CW 2024-12-21 1544 EA1X          599 0315 37    9A4W          599 0000 ST   
QSO: 21023 CW 2024-12-21 1544 EA1X          599 0316 37    HA3NU         599 0000 28   
QSO: 21024 CW 2024-12-21 1545 EA1X          599 0317 37    G4BJM         599 0000 27   
QSO: 14030 CW 2024-12-21 1545 EA1X          599 0318 37    DK3WN         599 0000 28   
QSO: 14030 CW 2024-12-21 1545 EA1X          599 0319 37    IU8RIA        599 0000 28   
QSO: 14030 CW 2024-12-21 1546 EA1X          599 0320 37    YU9YAU        599 0000 28   
QSO: 21029 CW 2024-12-21 1546 EA1X          599 0321 37    E7CW          599 0000 28   
QSO: 14030 CW 2024-12-21 1546 EA1X          599 0322 37    PC5Q          599 0000 27   
QSO: 14030 CW 2024-12-21 1547 EA1X          599 0323 37    UZ7E          599 0000 29   
QSO: 14030 CW 2024-12-21 1547 EA1X          599 0324 37    S59AA         599 0000 28   
QSO: 14030 CW 2024-12-21 1547 EA1X          599 0325 37    EW8G          599 0000 29   
QSO: 21030 CW 2024-12-21 1547 EA1X          599 0326 37    K8GL          599 0000 08   
QSO: 14030 CW 2024-12-21 1549 EA1X          599 0327 37    SN5J          599 0000 28   
QSO: 14030 CW 2024-12-21 1549 EA1X          599 0328 37    G3VIP         599 0000 27   
QSO: 21032 CW 2024-12-21 1549 EA1X          599 0329 37    OM5NL         599 0000 28   
QSO: 14030 CW 2024-12-21 1550 EA1X          599 0330 37    YL2AG         599 0000 29   
QSO: 14030 CW 2024-12-21 1550 EA1X          599 0331 37    OK1FGU        599 0000 28   
QSO: 14030 CW 2024-12-21 1551 EA1X          599 0332 37    HA0LZ         599 0000 28   
QSO: 21036 CW 2024-12-21 1551 EA1X          599 0333 37    LZ1ND         599 0000 28   
QSO: 14030 CW 2024-12-21 1551 EA1X          599 0334 37    OZ3ACB        599 0000 18   
QSO: 14030 CW 2024-12-21 1552 EA1X          599 0335 37    UW5IM         599 0000 29   
QSO: 14030 CW 2024-12-21 1552 EA1X          599 0336 37    HA3HX         599 0000 28   
QSO: 14030 CW 2024-12-21 1552 EA1X          599 0337 37    YL2NK         599 0000 29   
QSO: 14030 CW 2024-12-21 1553 EA1X          599 0338 37    IU5RDL        599 0000 28   
QSO: 14030 CW 2024-12-21 1553 EA1X          599 0339 37    F6CEL         599 0000 27   
QSO: 14030 CW 2024-12-21 1553 EA1X          599 0340 37    OK1OA         599 0000 28   
QSO: 14030 CW 2024-12-21 1553 EA1X          599 0341 37    DL5AXX        599 0000 28   
QSO: 14030 CW 2024-12-21 1554 EA1X          599 0342 37    LY7W          599 0000 29   
QSO: 14030 CW 2024-12-21 1554 EA1X          599 0343 37    9A2GA         599 0000 ZG   
QSO: 21040 CW 2024-12-21 1555 EA1X          599 0344 37    SV8GGI        599 0000 28   
QSO: 14030 CW 2024-12-21 1555 EA1X          599 0345 37    G4FJW         599 0000 27   
QSO: 14030 CW 2024-12-21 1555 EA1X          599 0346 37    4X6FR         599 0000 39   
QSO: 14030 CW 2024-12-21 1556 EA1X          599 0347 37    UR5R          599 0000 29   
QSO: 14030 CW 2024-12-21 1556 EA1X          599 0348 37    OP7T          599 0000 27   
QSO: 14030 CW 2024-12-21 1556 EA1X          599 0349 37    IV3IPS        599 0000 28   
QSO: 14030 CW 2024-12-21 1557 EA1X          599 0350 37    VE9MR         599 0000 09   
QSO: 14030 CW 2024-12-21 1557 EA1X          599 0351 37    SV1FWV        599 0000 28   
QSO: 14030 CW 2024-12-21 1558 EA1X          599 0352 37    RK3P          599 0000 29   
QSO: 14030 CW 2024-12-21 1558 EA1X          599 0353 37    OM8MM         599 0000 28   
QSO: 14030 CW 2024-12-21 1558 EA1X          599 0354 37    SC7DX         599 0000 18   
QSO: 14030 CW 2024-12-21 1558 EA1X          599 0355 37    SQ6MIH        599 0000 28   
QSO: 14030 CW 2024-12-21 1559 EA1X          599 0356 37    PG1AT         599 0000 27   
QSO: 14030 CW 2024-12-21 1559 EA1X          599 0357 37    ON6MG         599 0000 27   
QSO: 14030 CW 2024-12-21 1559 EA1X          599 0358 37    S57NAW        599 0000 28   
QSO: 14030 CW 2024-12-21 1600 EA1X          599 0359 37    EA5ITT        599 0000 37   
QSO: 14030 CW 2024-12-21 1600 EA1X          599 0360 37    DL1RCD        599 0000 28   
QSO: 21027 CW 2024-12-21 1600 EA1X          599 0361 37    CR3DX         599 0000 36   
QSO: 14030 CW 2024-12-21 1601 EA1X          599 0362 37    UT3EU         599 0000 29   
QSO: 21034 CW 2024-12-21 1601 EA1X          599 0363 37    CR6K          599 0000 37   
QSO: 14030 CW 2024-12-21 1601 EA1X          599 0364 37    YU1YV         599 0000 28   
QSO: 14030 CW 2024-12-21 1601 EA1X          599 0365 37    SP2MKI        599 0000 28   
QSO: 14030 CW 2024-12-21 1602 EA1X          599 0366 37    S51VC         599 0000 28   
QSO: 21020 CW 2024-12-21 1602 EA1X          599 0367 37    9A3B          599 0000 OS   
QSO: 14030 CW 2024-12-21 1602 EA1X          599 0368 37    OM5WW         599 0000 28   
QSO: 21020 CW 2024-12-21 1602 EA1X          599 0369 37    ER4A          599 0000 29   
QSO: 21070 CW 2024-12-21 1603 EA1X          599 0370 37    9A0KG         599 0000 ST   
QSO: 14030 CW 2024-12-21 1603 EA1X          599 0371 37    YO2NAA        599 0000 28   
QSO: 14030 CW 2024-12-21 1604 EA1X          599 0372 37    F8GNV         599 0000 27   
QSO: 14030 CW 2024-12-21 1604 EA1X          599 0373 37    9A5M          599 0000 OS   
QSO: 28037 CW 2024-12-21 1604 EA1X          599 0374 37    K1NV          599 0000 08   
QSO: 14030 CW 2024-12-21 1604 EA1X          599 0375 37    DM2DZM        599 0000 28   
QSO: 14030 CW 2024-12-21 1605 EA1X          599 0376 37    YO9IUP        599 0000 28   
QSO: 14030 CW 2024-12-21 1606 EA1X          599 0377 37    YB9ELS        599 0000 51   
QSO: 14030 CW 2024-12-21 1607 EA1X          599 0378 37    PA2A          599 0000 27   
QSO: 14030 CW 2024-12-21 1607 EA1X          599 0379 37    UD3B          599 0000 29   
QSO: 14030 CW 2024-12-21 1607 EA1X          599 0380 37    SP1R          599 0000 28   
QSO: 14030 CW 2024-12-21 1607 EA1X          599 0381 37    VE2FK         599 0000 09   
QSO: 14030 CW 2024-12-21 1608 EA1X          599 0382 37    G4OZG         599 0000 27   
QSO: 14030 CW 2024-12-21 1608 EA1X          599 0383 37    PA2TA         599 0000 27   
QSO: 14030 CW 2024-12-21 1608 EA1X          599 0384 37    HA2EOU        599 0000 28   
QSO: 14030 CW 2024-12-21 1609 EA1X          599 0385 37    YU1AO         599 0000 28   
QSO: 14030 CW 2024-12-21 1610 EA1X          599 0386 37    LY4AA         599 0000 29   
QSO: 14030 CW 2024-12-21 1610 EA1X          599 0387 37    YU8A          599 0000 28   
QSO: 21030 CW 2024-12-21 1610 EA1X          599 0388 37    YU7KW         599 0000 28   
QSO: 14030 CW 2024-12-21 1610 EA1X          599 0389 37    9A2EY         599 0000 ZG   
QSO: 14030 CW 2024-12-21 1611 EA1X          599 0390 37    DL1JHW        599 0000 28   
QSO: 21030 CW 2024-12-21 1611 EA1X          599 0391 37    HA5BA         599 0000 28   
QSO: 14030 CW 2024-12-21 1611 EA1X          599 0392 37    UZ1U          599 0000 29   
QSO: 14030 CW 2024-12-21 1612 EA1X          599 0393 37    OL7D          599 0000 28   
QSO: 21030 CW 2024-12-21 1612 EA1X          599 0394 37    WJ2D          599 0000 08   
QSO: 14030 CW 2024-12-21 1612 EA1X          599 0395 37    PA0RBA        599 0000 27   
QSO: 21030 CW 2024-12-21 1613 EA1X          599 0396 37    DM2DZM        599 0000 28   
QSO: 14030 CW 2024-12-21 1613 EA1X          599 0397 37    HA5MA         599 0000 28   
QSO: 21030 CW 2024-12-21 1613 EA1X          599 0398 37    SP9DUX        599 0000 28   
QSO: 14030 CW 2024-12-21 1613 EA1X          599 0399 37    UY2RA         599 0000 29   
QSO: 21030 CW 2024-12-21 1613 EA1X          599 0400 37    YT6X          599 0000 28   
QSO: 14030 CW 2024-12-21 1614 EA1X          599 0401 37    SV1GSX        599 0000 28   
QSO: 21030 CW 2024-12-21 1614 EA1X          599 0402 37    OK4RQ         599 0000 28   
QSO: 21030 CW 2024-12-21 1615 EA1X          599 0403 37    W2YC          599 0000 08   
QSO: 14030 CW 2024-12-21 1617 EA1X          599 0404 37    ON4VP         599 0000 27   
QSO: 21030 CW 2024-12-21 1617 EA1X          599 0405 37    YO7ARZ        599 0000 28   
QSO: 14030 CW 2024-12-21 1618 EA1X          599 0406 37    R3OQ          599 0000 29   
QSO: 14030 CW 2024-12-21 1618 EA1X          599 0407 37    ON5JT         599 0000 27   
QSO: 21030 CW 2024-12-21 1618 EA1X          599 0408 37    9A1W          599 0000 ZG   
QSO: 14030 CW 2024-12-21 1619 EA1X          599 0409 37    VU2TMP        599 0000 41   
QSO: 14030 CW 2024-12-21 1619 EA1X          599 0410 37    DM4AA         599 0000 28   
QSO: 14030 CW 2024-12-21 1619 EA1X          599 0411 37    YL3NU         599 0000 29   
QSO: 14030 CW 2024-12-21 1619 EA1X          599 0412 37    OH3MZ         599 0000 18   
QSO: 14030 CW 2024-12-21 1620 EA1X          599 0413 37    YO6EL         599 0000 28   
QSO: 14030 CW 2024-12-21 1620 EA1X          599 0414 37    9A2UN         599 0000 ST   
QSO: 21030 CW 2024-12-21 1621 EA1X          599 0415 37    S57Q          599 0000 28   
QSO: 14030 CW 2024-12-21 1621 EA1X          599 0416 37    IZ4FST        599 0000 28   
QSO: 14030 CW 2024-12-21 1622 EA1X          599 0417 37    IT9PPG        599 0000 28   
QSO: 14030 CW 2024-12-21 1622 EA1X          599 0418 37    LZ5R          599 0000 28   
QSO: 21030 CW 2024-12-21 1622 EA1X          599 0419 37    KR2AA         599 0000 08   
QSO: 21030 CW 2024-12-21 1622 EA1X          599 0420 37    SQ6MIH        599 0000 28   
QSO: 14030 CW 2024-12-21 1622 EA1X          599 0421 37    M0HWT         599 0000 27   
QSO: 21030 CW 2024-12-21 1623 EA1X          599 0422 37    F5JFU         599 0000 27   
QSO: 14030 CW 2024-12-21 1623 EA1X          599 0423 37    UA6HFI        599 0000 29   
QSO: 21030 CW 2024-12-21 1623 EA1X          599 0424 37    SM6TOL        599 0000 18   
QSO: 14030 CW 2024-12-21 1624 EA1X          599 0425 37    LY7T          599 0000 29   
QSO: 21030 CW 2024-12-21 1624 EA1X          599 0426 37    OG5O          599 0000 18   
QSO: 14030 CW 2024-12-21 1625 EA1X          599 0427 37    9A1CCU        599 0000 KT   
QSO: 21030 CW 2024-12-21 1625 EA1X          599 0428 37    OE3VIA        599 0000 28   
QSO: 14030 CW 2024-12-21 1625 EA1X          599 0429 37    4U1A          599 0000 28   
QSO: 21030 CW 2024-12-21 1627 EA1X          599 0430 37    YT2RX         599 0000 28   
QSO: 14030 CW 2024-12-21 1627 EA1X          599 0431 37    HA8TP         599 0000 28   
QSO: 14030 CW 2024-12-21 1628 EA1X          599 0432 37    UX5VK         599 0000 29   
QSO: 14030 CW 2024-12-21 1628 EA1X          599 0433 37    RT4M          599 0000 29   
QSO: 14030 CW 2024-12-21 1628 EA1X          599 0434 37    9A1DR         599 0000 ZG   
QSO: 14030 CW 2024-12-21 1629 EA1X          599 0435 37    9A2MF         599 0000 PU   
QSO: 21030 CW 2024-12-21 1629 EA1X          599 0436 37    9A3SM         599 0000 ZG   
QSO: 14030 CW 2024-12-21 1629 EA1X          599 0437 37    NA8V          599 0000 08   
QSO: 14030 CW 2024-12-21 1630 EA1X          599 0438 37    HS8NKB        599 0000 49   
QSO: 21030 CW 2024-12-21 1630 EA1X          599 0439 37    9A5TV         599 0000 VZ   
QSO: 14030 CW 2024-12-21 1630 EA1X          599 0440 37    G0TZZ         599 0000 27   
QSO: 14030 CW 2024-12-21 1630 EA1X          599 0441 37    ER4A          599 0000 29   
QSO: 14030 CW 2024-12-21 1631 EA1X          599 0442 37    IU8RQW        599 0000 28   
QSO: 14030 CW 2024-12-21 1632 EA1X          599 0443 37    SV1ME         599 0000 28   
QSO: 21030 CW 2024-12-21 1632 EA1X          599 0444 37    S56A          599 0000 28   
QSO: 21030 CW 2024-12-21 1633 EA1X          599 0445 37    N9RV          599 0000 06   
QSO: 14030 CW 2024-12-21 1633 EA1X          599 0446 37    G4NNC         599 0000 27   
QSO: 21030 CW 2024-12-21 1634 EA1X          599 0447 37    OZ3ACB        599 0000 18   
QSO: 14030 CW 2024-12-21 1634 EA1X          599 0448 37    TA2DA         599 0000 39   
QSO: 14030 CW 2024-12-21 1635 EA1X          599 0449 37    OG7F          599 0000 18   
QSO: 14030 CW 2024-12-21 1635 EA1X          599 0450 37    UA3XFO        599 0000 29   
QSO: 21030 CW 2024-12-21 1636 EA1X          599 0451 37    K1RO          599 0000 08   
QSO: 21033 CW 2024-12-21 1637 EA1X          599 0452 37    N5RZ          599 0000 07   
QSO: 21013 CW 2024-12-21 1638 EA1X          599 0453 37    9A2M          599 0000 VK   
QSO: 14030 CW 2024-12-21 1638 EA1X          599 0454 37    DL0GEO        599 0000 28   
QSO: 14030 CW 2024-12-21 1639 EA1X          599 0455 37    K1ZZ          599 0000 08   
QSO: 14030 CW 2024-12-21 1639 EA1X          599 0456 37    YU7KW         599 0000 28   
QSO: 14030 CW 2024-12-21 1640 EA1X          599 0457 37    OK4RQ         599 0000 28   
QSO: 14030 CW 2024-12-21 1641 EA1X          599 0458 37    IZ5BBS        599 0000 28   
QSO: 21034 CW 2024-12-21 1642 EA1X          599 0459 37    9A7Y          599 0000 PU   
QSO: 21018 CW 2024-12-21 1649 EA1X          599 0460 37    VE9KK         599 0000 09   
QSO: 21018 CW 2024-12-21 1649 EA1X          599 0461 37    VE7ZO         599 0000 02   
QSO: 21010 CW 2024-12-21 1650 EA1X          599 0462 37    K3WW          599 0000 08   
QSO: 21010 CW 2024-12-21 1651 EA1X          599 0463 37    K2GO          599 0000 08   
QSO: 21016 CW 2024-12-21 1651 EA1X          599 0464 37    AI0Y          599 0000 07   
QSO: 21022 CW 2024-12-21 1651 EA1X          599 0465 37    AB2E          599 0000 08   
QSO: 21021 CW 2024-12-21 1652 EA1X          599 0466 37    N3QE          599 0000 08   
QSO: 21029 CW 2024-12-21 1653 EA1X          599 0467 37    F5IN          599 0000 27   
QSO: 21035 CW 2024-12-21 1653 EA1X          599 0468 37    OY1CT         599 0000 18   
QSO: 14032 CW 2024-12-21 1655 EA1X          599 0469 37    EA4AOC        599 0000 37   
QSO: 14045 CW 2024-12-21 1656 EA1X          599 0470 37    9A5O          599 0000 KC   
QSO: 14017 CW 2024-12-21 1656 EA1X          599 0471 37    9A5X          599 0000 VZ   
QSO: 14014 CW 2024-12-21 1656 EA1X          599 0472 37    HB9RB         599 0000 28   
QSO: 14027 CW 2024-12-21 1658 EA1X          599 0473 37    SP9KJU        599 0000 28   
QSO: 14027 CW 2024-12-21 1659 EA1X          599 0474 37    DL5JS         599 0000 28   
QSO: 14027 CW 2024-12-21 1659 EA1X          599 0475 37    SP3PDO        599 0000 28   
QSO: 14027 CW 2024-12-21 1659 EA1X          599 0476 37    DJ0MEK        599 0000 28   
QSO: 14027 CW 2024-12-21 1700 EA1X          599 0477 37    DL4XU         599 0000 28   
QSO: 14027 CW 2024-12-21 1700 EA1X          599 0478 37    OM3CPF        599 0000 28   
QSO: 14027 CW 2024-12-21 1700 EA1X          599 0479 37    UA3LID        599 0000 29   
QSO: 14027 CW 2024-12-21 1701 EA1X          599 0480 37    RZ4AZ         599 0000 29   
QSO: 14027 CW 2024-12-21 1702 EA1X          599 0481 37    DG0KS         599 0000 28   
QSO: 14027 CW 2024-12-21 1703 EA1X          599 0482 37    IK1PMR        599 0000 28   
QSO: 07026 CW 2024-12-21 1703 EA1X          599 0483 37    RA1TU         599 0000 29   
QSO: 07026 CW 2024-12-21 1704 EA1X          599 0484 37    SP3VT         599 0000 28   
QSO: 07026 CW 2024-12-21 1704 EA1X          599 0485 37    SN5N          599 0000 28   
QSO: 07026 CW 2024-12-21 1704 EA1X          599 0486 37    SP2MKT        599 0000 28   
QSO: 07026 CW 2024-12-21 1705 EA1X          599 0487 37    IK2QIK        599 0000 28   
QSO: 07026 CW 2024-12-21 1705 EA1X          599 0488 37    LY2SA         599 0000 29   
QSO: 14027 CW 2024-12-21 1705 EA1X          599 0489 37    S50DK         599 0000 28   
QSO: 07026 CW 2024-12-21 1706 EA1X          599 0490 37    DL4FDM        599 0000 28   
QSO: 14027 CW 2024-12-21 1706 EA1X          599 0491 37    DL1CW         599 0000 28   
QSO: 07026 CW 2024-12-21 1707 EA1X          599 0492 37    Z32TO         599 0000 28   
QSO: 07026 CW 2024-12-21 1707 EA1X          599 0493 37    OM0EE         599 0000 28   
QSO: 14027 CW 2024-12-21 1708 EA1X          599 0494 37    4X1OM         599 0000 39   
QSO: 07026 CW 2024-12-21 1708 EA1X          599 0495 37    HA8A          599 0000 28   
QSO: 14027 CW 2024-12-21 1708 EA1X          599 0496 37    IK3OBX        599 0000 28   
QSO: 14027 CW 2024-12-21 1708 EA1X          599 0497 37    YL2BJ         599 0000 29   
QSO: 07026 CW 2024-12-21 1708 EA1X          599 0498 37    HB9BXE        599 0000 28   
QSO: 14027 CW 2024-12-21 1709 EA1X          599 0499 37    SP9DUX        599 0000 28   
QSO: 07026 CW 2024-12-21 1709 EA1X          599 0500 37    PA3AAV        599 0000 27   
QSO: 07026 CW 2024-12-21 1709 EA1X          599 0501 37    UZ7E          599 0000 29   
QSO: 07026 CW 2024-12-21 1710 EA1X          599 0502 37    OG7F          599 0000 18   
QSO: 07026 CW 2024-12-21 1710 EA1X          599 0503 37    OH3GZ         599 0000 18   
QSO: 07026 CW 2024-12-21 1711 EA1X          599 0504 37    EA5ITT        599 0000 37   
QSO: 14027 CW 2024-12-21 1712 EA1X          599 0505 37    IT9/DK6XZ     599 0000 28   
QSO: 07026 CW 2024-12-21 1712 EA1X          599 0506 37    LZ5M          599 0000 28   
QSO: 07026 CW 2024-12-21 1712 EA1X          599 0507 37    HG6C          599 0000 28   
QSO: 07026 CW 2024-12-21 1713 EA1X          599 0508 37    F5ICC         599 0000 27   
QSO: 14027 CW 2024-12-21 1713 EA1X          599 0509 37    VA1MM         599 0000 09   
QSO: 07026 CW 2024-12-21 1713 EA1X          599 0510 37    YL7X          599 0000 29   
QSO: 07026 CW 2024-12-21 1713 EA1X          599 0511 37    YP5A          599 0000 28   
QSO: 07026 CW 2024-12-21 1713 EA1X          599 0512 37    ES3RF         599 0000 29   
QSO: 07026 CW 2024-12-21 1714 EA1X          599 0513 37    OK1KF         599 0000 28   
QSO: 07026 CW 2024-12-21 1714 EA1X          599 0514 37    SV1AJO        599 0000 28   
QSO: 07026 CW 2024-12-21 1714 EA1X          599 0515 37    SQ6MIH        599 0000 28   
QSO: 14027 CW 2024-12-21 1714 EA1X          599 0516 37    IN3MNS        599 0000 28   
QSO: 14027 CW 2024-12-21 1715 EA1X          599 0517 37    9A5CW         599 0000 PU   
QSO: 07026 CW 2024-12-21 1715 EA1X          599 0518 37    DL5JS         599 0000 28   
QSO: 07026 CW 2024-12-21 1716 EA1X          599 0519 37    MM0GGG        599 0000 27   
QSO: 07026 CW 2024-12-21 1716 EA1X          599 0520 37    IZ4JMA        599 0000 28   
QSO: 07026 CW 2024-12-21 1716 EA1X          599 0521 37    LY2MM         599 0000 29   
QSO: 07026 CW 2024-12-21 1717 EA1X          599 0522 37    UW1M          599 0000 29   
QSO: 07026 CW 2024-12-21 1718 EA1X          599 0523 37    DL2NBY        599 0000 28   
QSO: 07026 CW 2024-12-21 1718 EA1X          599 0524 37    HB9HIH        599 0000 28   
QSO: 07026 CW 2024-12-21 1719 EA1X          599 0525 37    UW5IM         599 0000 29   
QSO: 07026 CW 2024-12-21 1719 EA1X          599 0526 37    UX1VX         599 0000 29   
QSO: 07026 CW 2024-12-21 1720 EA1X          599 0527 37    DJ2XY         599 0000 28   
QSO: 07026 CW 2024-12-21 1720 EA1X          599 0528 37    OH3MZ         599 0000 18   
QSO: 07026 CW 2024-12-21 1721 EA1X          599 0529 37    RM1T          599 0000 29   
QSO: 07026 CW 2024-12-21 1721 EA1X          599 0530 37    PC5Q          599 0000 27   
QSO: 21015 CW 2024-12-21 1721 EA1X          599 0531 37    DL5AXX        599 0000 28   
QSO: 07026 CW 2024-12-21 1721 EA1X          599 0532 37    ZA1F          599 0000 28   
QSO: 07026 CW 2024-12-21 1722 EA1X          599 0533 37    E73QI         599 0000 28   
QSO: 07026 CW 2024-12-21 1723 EA1X          599 0534 37    HA2EOU        599 0000 28   
QSO: 07026 CW 2024-12-21 1723 EA1X          599 0535 37    HA3DX         599 0000 28   
QSO: 07026 CW 2024-12-21 1724 EA1X          599 0536 37    HA5JI         599 0000 28   
QSO: 07029 CW 2024-12-21 1725 EA1X          599 0537 37    9A2NA         599 0000 PU   
QSO: 07027 CW 2024-12-21 1726 EA1X          599 0538 37    9A7V          599 0000 VZ   
QSO: 07015 CW 2024-12-21 1727 EA1X          599 0539 37    4L8A          599 0000 29   
QSO: 07020 CW 2024-12-21 1728 EA1X          599 0540 37    9A2MF         599 0000 PU   
QSO: 07003 CW 2024-12-21 1730 EA1X          599 0541 37    DJ9DZ         599 0000 28   
QSO: 07011 CW 2024-12-21 1730 EA1X          599 0542 37    F6KRK         599 0000 27   
QSO: 14013 CW 2024-12-21 1731 EA1X          599 0543 37    S51DX         599 0000 28   
QSO: 14029 CW 2024-12-21 1732 EA1X          599 0544 37    9A5W          599 0000 ZG   
QSO: 07016 CW 2024-12-21 1734 EA1X          599 0545 37    DL0NS         599 0000 28   
QSO: 07016 CW 2024-12-21 1734 EA1X          599 0546 37    IK8UND        599 0000 28   
QSO: 07016 CW 2024-12-21 1735 EA1X          599 0547 37    PA5N          599 0000 27   
QSO: 14037 CW 2024-12-21 1736 EA1X          599 0548 37    9A8M          599 0000 NA   
QSO: 07016 CW 2024-12-21 1737 EA1X          599 0549 37    UW3WF         599 0000 29   
QSO: 14018 CW 2024-12-21 1737 EA1X          599 0550 37    HA7TM         599 0000 28   
QSO: 07016 CW 2024-12-21 1737 EA1X          599 0551 37    4U1A          599 0000 28   
QSO: 07016 CW 2024-12-21 1737 EA1X          599 0552 37    OK6Y          599 0000 28   
QSO: 07016 CW 2024-12-21 1738 EA1X          599 0553 37    DJ0MEK        599 0000 28   
QSO: 07016 CW 2024-12-21 1738 EA1X          599 0554 37    HA1YA         599 0000 28   
QSO: 07016 CW 2024-12-21 1739 EA1X          599 0555 37    SP9DLY        599 0000 28   
QSO: 07016 CW 2024-12-21 1739 EA1X          599 0556 37    9A1DR         599 0000 ZG   
QSO: 07016 CW 2024-12-21 1739 EA1X          599 0557 37    9A2NB         599 0000 PU   
QSO: 07016 CW 2024-12-21 1739 EA1X          599 0558 37    YT6X          599 0000 28   
QSO: 07016 CW 2024-12-21 1740 EA1X          599 0559 37    LZ1ZM         599 0000 28   
QSO: 07016 CW 2024-12-21 1740 EA1X          599 0560 37    S52NY         599 0000 28   
QSO: 07016 CW 2024-12-21 1740 EA1X          599 0561 37    I3JUK         599 0000 28   
QSO: 07016 CW 2024-12-21 1740 EA1X          599 0562 37    DJ1PQ         599 0000 28   
QSO: 07016 CW 2024-12-21 1741 EA1X          599 0563 37    SD4W          599 0000 18   
QSO: 07016 CW 2024-12-21 1742 EA1X          599 0564 37    ON7JC         599 0000 27   
QSO: 07016 CW 2024-12-21 1742 EA1X          599 0565 37    F/DK9HE       599 0000 27   
QSO: 07016 CW 2024-12-21 1743 EA1X          599 0566 37    YO2NAA        599 0000 28   
QSO: 07016 CW 2024-12-21 1744 EA1X          599 0567 37    EA4AOC        599 0000 37   
QSO: 07016 CW 2024-12-21 1745 EA1X          599 0568 37    SQ9TX         599 0000 28   
QSO: 07010 CW 2024-12-21 1747 EA1X          599 0569 37    9A5ST         599 0000 ST   
QSO: 07028 CW 2024-12-21 1748 EA1X          599 0570 37    9A3SM         599 0000 ZG   
QSO: 14037 CW 2024-12-21 1749 EA1X          599 0571 37    9A7R          599 0000 KA   
QSO: 14014 CW 2024-12-21 1749 EA1X          599 0572 37    9A2M          599 0000 VK   
QSO: 14015 CW 2024-12-21 1750 EA1X          599 0573 37    9A1CAL        599 0000 CK   
QSO: 14024 CW 2024-12-21 1750 EA1X          599 0574 37    9A4W          599 0000 ST   
QSO: 14027 CW 2024-12-21 1751 EA1X          599 0575 37    9A3B          599 0000 OS   
QSO: 14046 CW 2024-12-21 1751 EA1X          599 0576 37    9A0KG         599 0000 ST   
QSO: 14030 CW 2024-12-21 1752 EA1X          599 0577 37    N3RD          599 0000 08   
QSO: 14020 CW 2024-12-21 1754 EA1X          599 0578 37    EA3X          599 0000 37   
QSO: 07012 CW 2024-12-21 1755 EA1X          599 0579 37    9A2M          599 0000 VK   
QSO: 07026 CW 2024-12-21 1928 EA1X          599 0580 37    S51RW         599 0000 28   
QSO: 07026 CW 2024-12-21 1929 EA1X          599 0581 37    LY5W          599 0000 29   
QSO: 07026 CW 2024-12-21 1930 EA1X          599 0582 37    SN5J          599 0000 28   
QSO: 03530 CW 2024-12-21 1930 EA1X          599 0583 37    9A5Y          599 0000 DA   
QSO: 03530 CW 2024-12-21 1930 EA1X          599 0584 37    E77EA         599 0000 28   
QSO: 07026 CW 2024-12-21 1930 EA1X          599 0585 37    E77R          599 0000 28   
QSO: 03530 CW 2024-12-21 1930 EA1X          599 0586 37    ON5JT         599 0000 27   
QSO: 03530 CW 2024-12-21 1930 EA1X          599 0587 37    SP3MEP        599 0000 28   
QSO: 03530 CW 2024-12-21 1931 EA1X          599 0588 37    SP9DLY        599 0000 28   
QSO: 03530 CW 2024-12-21 1931 EA1X          599 0589 37    SP3FSM        599 0000 28   
QSO: 07026 CW 2024-12-21 1931 EA1X          599 0590 37    LZ7DX         599 0000 28   
QSO: 03530 CW 2024-12-21 1931 EA1X          599 0591 37    SM5CSS        599 0000 18   
QSO: 03530 CW 2024-12-21 1932 EA1X          599 0592 37    ES7A          599 0000 29   
QSO: 03530 CW 2024-12-21 1932 EA1X          599 0593 37    ON6MG         599 0000 27   
QSO: 03530 CW 2024-12-21 1933 EA1X          599 0594 37    DL5AXX        599 0000 28   
QSO: 03530 CW 2024-12-21 1933 EA1X          599 0595 37    UA3LID        599 0000 29   
QSO: 03530 CW 2024-12-21 1933 EA1X          599 0596 37    HA8A          599 0000 28   
QSO: 07026 CW 2024-12-21 1933 EA1X          599 0597 37    4X6FR         599 0000 39   
QSO: 03530 CW 2024-12-21 1934 EA1X          599 0598 37    RA1TU         599 0000 29   
QSO: 07026 CW 2024-12-21 1934 EA1X          599 0599 37    G1SCT         599 0000 27   
QSO: 07026 CW 2024-12-21 1935 EA1X          599 0600 37    S51W          599 0000 28   
QSO: 03530 CW 2024-12-21 1935 EA1X          599 0601 37    DL1DQW        599 0000 28   
QSO: 03530 CW 2024-12-21 1935 EA1X          599 0602 37    DL1JDQ        599 0000 28   
QSO: 07026 CW 2024-12-21 1936 EA1X          599 0603 37    S55G          599 0000 28   
QSO: 07026 CW 2024-12-21 1936 EA1X          599 0604 37    LZ1QN         599 0000 28   
QSO: 07026 CW 2024-12-21 1936 EA1X          599 0605 37    YU1AT         599 0000 28   
QSO: 03530 CW 2024-12-21 1936 EA1X          599 0606 37    EA4AOC        599 0000 37   
QSO: 03530 CW 2024-12-21 1936 EA1X          599 0607 37    OK4RQ         599 0000 28   
QSO: 03530 CW 2024-12-21 1937 EA1X          599 0608 37    UW1M          599 0000 29   
QSO: 07026 CW 2024-12-21 1937 EA1X          599 0609 37    R3QX          599 0000 29   
QSO: 07026 CW 2024-12-21 1938 EA1X          599 0610 37    HA3LN         599 0000 28   
QSO: 03530 CW 2024-12-21 1938 EA1X          599 0611 37    HA1YA         599 0000 28   
QSO: 03530 CW 2024-12-21 1938 EA1X          599 0612 37    LZ1ZJ         599 0000 28   
QSO: 07026 CW 2024-12-21 1938 EA1X          599 0613 37    SP7OGP        599 0000 28   
QSO: 03530 CW 2024-12-21 1938 EA1X          599 0614 37    G8N           599 0000 27   
QSO: 07026 CW 2024-12-21 1938 EA1X          599 0615 37    UX7IW         599 0000 29   
QSO: 03530 CW 2024-12-21 1939 EA1X          599 0616 37    SP7OGP        599 0000 28   
QSO: 07026 CW 2024-12-21 1939 EA1X          599 0617 37    SV8SXV        599 0000 28   
QSO: 03530 CW 2024-12-21 1939 EA1X          599 0618 37    9A2NB         599 0000 PU   
QSO: 07026 CW 2024-12-21 1940 EA1X          599 0619 37    DL1RNW        599 0000 28   
QSO: 07026 CW 2024-12-21 1940 EA1X          599 0620 37    OM5R          599 0000 28   
QSO: 07026 CW 2024-12-21 1940 EA1X          599 0621 37    RL5A          599 0000 29   
QSO: 07026 CW 2024-12-21 1940 EA1X          599 0622 37    UA6GO         599 0000 29   
QSO: 07026 CW 2024-12-21 1941 EA1X          599 0623 37    SP2HHX        599 0000 28   
QSO: 03530 CW 2024-12-21 1941 EA1X          599 0624 37    DJ1MM         599 0000 28   
QSO: 07026 CW 2024-12-21 1941 EA1X          599 0625 37    DL7DZ         599 0000 28   
QSO: 07026 CW 2024-12-21 1941 EA1X          599 0626 37    DD7NT         599 0000 28   
QSO: 07026 CW 2024-12-21 1942 EA1X          599 0627 37    S51MF         599 0000 28   
QSO: 07026 CW 2024-12-21 1942 EA1X          599 0628 37    G0PZA         599 0000 27   
QSO: 07026 CW 2024-12-21 1942 EA1X          599 0629 37    NB1N          599 0000 08   
QSO: 07026 CW 2024-12-21 1943 EA1X          599 0630 37    HA4FY         599 0000 28   
QSO: 03530 CW 2024-12-21 1943 EA1X          599 0631 37    RD4A          599 0000 29   
QSO: 07026 CW 2024-12-21 1943 EA1X          599 0632 37    OK2BFN        599 0000 28   
QSO: 03530 CW 2024-12-21 1943 EA1X          599 0633 37    IK1PMR        599 0000 28   
QSO: 07026 CW 2024-12-21 1944 EA1X          599 0634 37    DK9DA         599 0000 28   
QSO: 07026 CW 2024-12-21 1944 EA1X          599 0635 37    S52ZD         599 0000 28   
QSO: 07026 CW 2024-12-21 1945 EA1X          599 0636 37    OK1KTI        599 0000 28   
QSO: 07026 CW 2024-12-21 1945 EA1X          599 0637 37    SP7JDI        599 0000 28   
QSO: 07026 CW 2024-12-21 1946 EA1X          599 0638 37    RA3BQ         599 0000 29   
QSO: 03530 CW 2024-12-21 1946 EA1X          599 0639 37    OK6OK         599 0000 28   
QSO: 07026 CW 2024-12-21 1946 EA1X          599 0640 37    SP9DUX        599 0000 28   
QSO: 03530 CW 2024-12-21 1946 EA1X          599 0641 37    OK5D          599 0000 28   
QSO: 03530 CW 2024-12-21 1947 EA1X          599 0642 37    F5PAL         599 0000 27   
QSO: 07026 CW 2024-12-21 1947 EA1X          599 0643 37    DL1BUG        599 0000 28   
QSO: 03530 CW 2024-12-21 1947 EA1X          599 0644 37    LA3MHA        599 0000 18   
QSO: 03530 CW 2024-12-21 1947 EA1X          599 0645 37    SP8GNF        599 0000 28   
QSO: 03530 CW 2024-12-21 1948 EA1X          599 0646 37    F5CC          599 0000 27   
QSO: 07025 CW 2024-12-21 1948 EA1X          599 0647 37    EW1TZ         599 0000 29   
QSO: 03530 CW 2024-12-21 1948 EA1X          599 0648 37    PC4E          599 0000 27   
QSO: 07025 CW 2024-12-21 1948 EA1X          599 0649 37    YT5R          599 0000 28   
QSO: 03530 CW 2024-12-21 1948 EA1X          599 0650 37    YU7KW         599 0000 28   
QSO: 07025 CW 2024-12-21 1949 EA1X          599 0651 37    9A4BA         599 0000 OS   
QSO: 03530 CW 2024-12-21 1949 EA1X          599 0652 37    DL1CW         599 0000 28   
QSO: 07025 CW 2024-12-21 1949 EA1X          599 0653 37    R1DX          599 0000 29   
QSO: 03530 CW 2024-12-21 1949 EA1X          599 0654 37    I74R          599 0000 28   
QSO: 07025 CW 2024-12-21 1950 EA1X          599 0655 37    IK1PMR        599 0000 28   
QSO: 03530 CW 2024-12-21 1950 EA1X          599 0656 37    IZ6CRK        599 0000 28   
QSO: 03530 CW 2024-12-21 1950 EA1X          599 0657 37    LZ3QE         599 0000 28   
QSO: 03530 CW 2024-12-21 1950 EA1X          599 0658 37    HB9IAB        599 0000 28   
QSO: 03530 CW 2024-12-21 1951 EA1X          599 0659 37    G3RLE         599 0000 27   
QSO: 07025 CW 2024-12-21 1951 EA1X          599 0660 37    SP9JZT        599 0000 28   
QSO: 07025 CW 2024-12-21 1952 EA1X          599 0661 37    WA2T          599 0000 08   
QSO: 07025 CW 2024-12-21 1952 EA1X          599 0662 37    PA0RDT        599 0000 27   
QSO: 07025 CW 2024-12-21 1953 EA1X          599 0663 37    UA3LID        599 0000 29   
QSO: 03530 CW 2024-12-21 1953 EA1X          599 0664 37    OZ3ACB        599 0000 18   
QSO: 03530 CW 2024-12-21 1953 EA1X          599 0665 37    HA3LN         599 0000 28   
QSO: 07025 CW 2024-12-21 1954 EA1X          599 0666 37    LY2A          599 0000 29   
QSO: 07025 CW 2024-12-21 1954 EA1X          599 0667 37    UR5EJ         599 0000 29   
QSO: 03530 CW 2024-12-21 1955 EA1X          599 0668 37    R8TT          599 0000 30   
QSO: 03530 CW 2024-12-21 1955 EA1X          599 0669 37    OM3BY         599 0000 28   
QSO: 07025 CW 2024-12-21 1955 EA1X          599 0670 37    F6IIT         599 0000 27   
QSO: 03530 CW 2024-12-21 1956 EA1X          599 0671 37    DL6JF         599 0000 28   
QSO: 03530 CW 2024-12-21 1956 EA1X          599 0672 37    YT6X          599 0000 28   
QSO: 03530 CW 2024-12-21 1956 EA1X          599 0673 37    9A3YT         599 0000 RI   
QSO: 03530 CW 2024-12-21 1956 EA1X          599 0674 37    EW1M          599 0000 29   
QSO: 07025 CW 2024-12-21 1956 EA1X          599 0675 37    WA1Z          599 0000 08   
QSO: 03530 CW 2024-12-21 1957 EA1X          599 0676 37    YL7X          599 0000 29   
QSO: 03530 CW 2024-12-21 1957 EA1X          599 0677 37    IK8UND        599 0000 28   
QSO: 07025 CW 2024-12-21 1957 EA1X          599 0678 37    DM4KM         599 0000 28   
QSO: 03530 CW 2024-12-21 1958 EA1X          599 0679 37    HA4ZS         599 0000 28   
QSO: 07025 CW 2024-12-21 1958 EA1X          599 0680 37    PA0JED        599 0000 27   
QSO: 03530 CW 2024-12-21 1958 EA1X          599 0681 37    S53V          599 0000 28   
QSO: 03530 CW 2024-12-21 1958 EA1X          599 0682 37    HA7NK         599 0000 28   
QSO: 03530 CW 2024-12-21 1958 EA1X          599 0683 37    EW1TZ         599 0000 29   
QSO: 03530 CW 2024-12-21 1959 EA1X          599 0684 37    YU9YAU        599 0000 28   
QSO: 03530 CW 2024-12-21 1959 EA1X          599 0685 37    OK2IW         599 0000 28   
QSO: 07025 CW 2024-12-21 1959 EA1X          599 0686 37    YO6OEV        599 0000 28   
QSO: 03530 CW 2024-12-21 1959 EA1X          599 0687 37    RU9AC         599 0000 30   
QSO: 07025 CW 2024-12-21 2000 EA1X          599 0688 37    SP2QG         599 0000 28   
QSO: 03530 CW 2024-12-21 2000 EA1X          599 0689 37    DL7LX         599 0000 28   
QSO: 03530 CW 2024-12-21 2000 EA1X          599 0690 37    DK2ZO         599 0000 28   
QSO: 07025 CW 2024-12-21 2001 EA1X          599 0691 37    ES2MC         599 0000 29   
QSO: 03530 CW 2024-12-21 2001 EA1X          599 0692 37    OK2MBP        599 0000 28   
QSO: 07025 CW 2024-12-21 2001 EA1X          599 0693 37    IU8PWS        599 0000 28   
QSO: 03530 CW 2024-12-21 2002 EA1X          599 0694 37    DL8ULF        599 0000 28   
QSO: 07025 CW 2024-12-21 2002 EA1X          599 0695 37    UR3LPM        599 0000 29   
QSO: 03530 CW 2024-12-21 2002 EA1X          599 0696 37    DL2W          599 0000 28   
QSO: 07025 CW 2024-12-21 2002 EA1X          599 0697 37    M6NXW         599 0000 27   
QSO: 03530 CW 2024-12-21 2002 EA1X          599 0698 37    S57Q          599 0000 28   
QSO: 03530 CW 2024-12-21 2003 EA1X          599 0699 37    LY2CX         599 0000 29   
QSO: 07025 CW 2024-12-21 2003 EA1X          599 0700 37    SQ9FMU        599 0000 28   
QSO: 07025 CW 2024-12-21 2003 EA1X          599 0701 37    9A1CAL        599 0000 CK   
QSO: 07025 CW 2024-12-21 2003 EA1X          599 0702 37    K2NV          599 0000 08   
QSO: 03530 CW 2024-12-21 2003 EA1X          599 0703 37    EA8BW         599 0000 36   
QSO: 07025 CW 2024-12-21 2004 EA1X          599 0704 37    S55N          599 0000 28   
QSO: 07025 CW 2024-12-21 2004 EA1X          599 0705 37    DJ0MEB        599 0000 28   
QSO: 03530 CW 2024-12-21 2004 EA1X          599 0706 37    DK3WN         599 0000 28   
QSO: 07025 CW 2024-12-21 2005 EA1X          599 0707 37    R6TQ          599 0000 29   
QSO: 03530 CW 2024-12-21 2005 EA1X          599 0708 37    SN5J          599 0000 28   
QSO: 07025 CW 2024-12-21 2005 EA1X          599 0709 37    G3RLE         599 0000 27   
QSO: 07025 CW 2024-12-21 2005 EA1X          599 0710 37    VE9KK         599 0000 09   
QSO: 07025 CW 2024-12-21 2005 EA1X          599 0711 37    DL6JF         599 0000 28   
QSO: 07025 CW 2024-12-21 2006 EA1X          599 0712 37    F6GCI         599 0000 27   
QSO: 03530 CW 2024-12-21 2007 EA1X          599 0713 37    4U1A          599 0000 28   
QSO: 03530 CW 2024-12-21 2007 EA1X          599 0714 37    Z36W          599 0000 28   
QSO: 03530 CW 2024-12-21 2008 EA1X          599 0715 37    SP7JLH        599 0000 28   
QSO: 07025 CW 2024-12-21 2008 EA1X          599 0716 37    PD5BS         599 0000 27   
QSO: 07025 CW 2024-12-21 2008 EA1X          599 0717 37    SV1ME         599 0000 28   
QSO: 07025 CW 2024-12-21 2009 EA1X          599 0718 37    9A/IZ3NVR     599 0000 ZG   
QSO: 07025 CW 2024-12-21 2009 EA1X          599 0719 37    IT9/DK6XZ     599 0000 28   
QSO: 07025 CW 2024-12-21 2009 EA1X          599 0720 37    G8N           599 0000 27   
QSO: 07025 CW 2024-12-21 2010 EA1X          599 0721 37    EA8BW         599 0000 36   
QSO: 03530 CW 2024-12-21 2010 EA1X          599 0722 37    E70X          599 0000 28   
QSO: 07025 CW 2024-12-21 2011 EA1X          599 0723 37    PA1MUC        599 0000 27   
QSO: 03530 CW 2024-12-21 2011 EA1X          599 0724 37    E72U          599 0000 28   
QSO: 07025 CW 2024-12-21 2011 EA1X          599 0725 37    9A5M          599 0000 OS   
QSO: 03530 CW 2024-12-21 2011 EA1X          599 0726 37    IZ3ZOO        599 0000 28   
QSO: 07025 CW 2024-12-21 2012 EA1X          599 0727 37    9A2UN         599 0000 ST   
QSO: 03530 CW 2024-12-21 2012 EA1X          599 0728 37    EA1IQM        599 0000 37   
QSO: 07025 CW 2024-12-21 2012 EA1X          599 0729 37    S50R          599 0000 28   
QSO: 07025 CW 2024-12-21 2013 EA1X          599 0730 37    EI5KF         599 0000 27   
QSO: 03530 CW 2024-12-21 2013 EA1X          599 0731 37    OZ1AAR        599 0000 18   
QSO: 07025 CW 2024-12-21 2013 EA1X          599 0732 37    RK3DK         599 0000 29   
QSO: 03530 CW 2024-12-21 2013 EA1X          599 0733 37    9A2L          599 0000 VZ   
QSO: 07025 CW 2024-12-21 2014 EA1X          599 0734 37    F5PAL         599 0000 27   
QSO: 03530 CW 2024-12-21 2014 EA1X          599 0735 37    S57NAW        599 0000 28   
QSO: 03530 CW 2024-12-21 2014 EA1X          599 0736 37    S52WD         599 0000 28   
QSO: 03530 CW 2024-12-21 2015 EA1X          599 0737 37    F5IND         599 0000 27   
QSO: 07025 CW 2024-12-21 2016 EA1X          599 0738 37    YU3DX         599 0000 28   
QSO: 07025 CW 2024-12-21 2017 EA1X          599 0739 37    G3P           599 0000 27   
QSO: 03530 CW 2024-12-21 2018 EA1X          599 0740 37    SN5N          599 0000 28   
QSO: 07025 CW 2024-12-21 2018 EA1X          599 0741 37    K2GO          599 0000 08   
QSO: 03530 CW 2024-12-21 2018 EA1X          599 0742 37    DL7DZ         599 0000 28   
QSO: 03530 CW 2024-12-21 2018 EA1X          599 0743 37    DL0NS         599 0000 28   
QSO: 03530 CW 2024-12-21 2020 EA1X          599 0744 37    DM2RN         599 0000 28   
QSO: 03530 CW 2024-12-21 2020 EA1X          599 0745 37    PA3DRL        599 0000 27   
QSO: 03530 CW 2024-12-21 2020 EA1X          599 0746 37    OG5O          599 0000 18   
QSO: 01827 CW 2024-12-21 2021 EA1X          599 0747 37    OZ5W          599 0000 18   
QSO: 03530 CW 2024-12-21 2022 EA1X          599 0748 37    YO5AVN        599 0000 28   
QSO: 01827 CW 2024-12-21 2023 EA1X          599 0749 37    DJ9DZ         599 0000 28   
QSO: 03530 CW 2024-12-21 2024 EA1X          599 0750 37    DR7T          599 0000 28   
QSO: 01828 CW 2024-12-21 2025 EA1X          599 0751 37    HA3NU         599 0000 28   
QSO: 03530 CW 2024-12-21 2026 EA1X          599 0752 37    K1LZ          599 0000 08   
QSO: 01823 CW 2024-12-21 2026 EA1X          599 0753 37    9A7V          599 0000 VZ   
QSO: 03530 CW 2024-12-21 2027 EA1X          599 0754 37    LY2A          599 0000 29   
QSO: 03530 CW 2024-12-21 2027 EA1X          599 0755 37    PA0RDT        599 0000 27   
QSO: 01824 CW 2024-12-21 2027 EA1X          599 0756 37    SN1T          599 0000 28   
QSO: 01827 CW 2024-12-21 2028 EA1X          599 0757 37    SM2M          599 0000 18   
QSO: 03530 CW 2024-12-21 2028 EA1X          599 0758 37    SM6TOL        599 0000 18   
QSO: 01830 CW 2024-12-21 2029 EA1X          599 0759 37    S570EOP       599 0000 28   
QSO: 03530 CW 2024-12-21 2030 EA1X          599 0760 37    IT9/DK6XZ     599 0000 28   
QSO: 01830 CW 2024-12-21 2031 EA1X          599 0761 37    SQ6ZH         599 0000 28   
QSO: 01830 CW 2024-12-21 2031 EA1X          599 0762 37    DL5KVV        599 0000 28   
QSO: 01830 CW 2024-12-21 2032 EA1X          599 0763 37    S53M          599 0000 28   
QSO: 01830 CW 2024-12-21 2032 EA1X          599 0764 37    EA1IQM        599 0000 37   
QSO: 03530 CW 2024-12-21 2034 EA1X          599 0765 37    OK2BRJ        599 0000 28   
QSO: 01830 CW 2024-12-21 2034 EA1X          599 0766 37    DL1BUG        599 0000 28   
QSO: 01830 CW 2024-12-21 2034 EA1X          599 0767 37    DL1NKS        599 0000 28   
QSO: 03530 CW 2024-12-21 2034 EA1X          599 0768 37    S525PMC       599 0000 28   
QSO: 01830 CW 2024-12-21 2034 EA1X          599 0769 37    G3RLE         599 0000 27   
QSO: 01830 CW 2024-12-21 2035 EA1X          599 0770 37    IZ3SQW        599 0000 28   
QSO: 03530 CW 2024-12-21 2035 EA1X          599 0771 37    HA2OS         599 0000 28   
QSO: 03530 CW 2024-12-21 2036 EA1X          599 0772 37    IK3SWB        599 0000 28   
QSO: 01833 CW 2024-12-21 2037 EA1X          599 0773 37    9A2R          599 0000 KA   
QSO: 03530 CW 2024-12-21 2038 EA1X          599 0774 37    SN1T          599 0000 28   
QSO: 07029 CW 2024-12-21 2039 EA1X          599 0775 37    9A5W          599 0000 ZG   
QSO: 07029 CW 2024-12-21 2040 EA1X          599 0776 37    ZA1RR         599 0000 28   
QSO: 07019 CW 2024-12-21 2041 EA1X          599 0777 37    9A8M          599 0000 NA   
QSO: 07013 CW 2024-12-21 2042 EA1X          599 0778 37    R8TT          599 0000 30   
QSO: 03530 CW 2024-12-21 2043 EA1X          599 0779 37    DM2DZM        599 0000 28   
QSO: 07018 CW 2024-12-21 2043 EA1X          599 0780 37    VE3EJ         599 0000 04   
QSO: 03530 CW 2024-12-21 2044 EA1X          599 0781 37    9A2GA         599 0000 ZG   
QSO: 07015 CW 2024-12-21 2044 EA1X          599 0782 37    9A2R          599 0000 KA   
QSO: 03530 CW 2024-12-21 2045 EA1X          599 0783 37    YU3DX         599 0000 28   
QSO: 03530 CW 2024-12-21 2045 EA1X          599 0784 37    9A6M          599 0000 KZ   
QSO: 03530 CW 2024-12-21 2045 EA1X          599 0785 37    UZ7E          599 0000 29   
QSO: 07025 CW 2024-12-21 2045 EA1X          599 0786 37    9A4W          599 0000 ST   
QSO: 03530 CW 2024-12-21 2045 EA1X          599 0787 37    G4BRK         599 0000 27   
QSO: 07030 CW 2024-12-21 2046 EA1X          599 0788 37    9A2AJ         599 0000 PZ   
QSO: 03530 CW 2024-12-21 2046 EA1X          599 0789 37    SQ7MIH        599 0000 28   
QSO: 03530 CW 2024-12-21 2046 EA1X          599 0790 37    DF7C          599 0000 28   
QSO: 03530 CW 2024-12-21 2047 EA1X          599 0791 37    DL4ME         599 0000 28   
QSO: 03530 CW 2024-12-21 2048 EA1X          599 0792 37    EA3FZT        599 0000 37   
QSO: 07030 CW 2024-12-21 2048 EA1X          599 0793 37    G4DBW         599 0000 27   
QSO: 07030 CW 2024-12-21 2048 EA1X          599 0794 37    OH7DIV        599 0000 18   
QSO: 07030 CW 2024-12-21 2048 EA1X          599 0795 37    9A7DX         599 0000 DA   
QSO: 03530 CW 2024-12-21 2049 EA1X          599 0796 37    9A3SM         599 0000 ZG   
QSO: 07030 CW 2024-12-21 2049 EA1X          599 0797 37    YT7X          599 0000 28   
QSO: 07030 CW 2024-12-21 2050 EA1X          599 0798 37    M4N           599 0000 27   
QSO: 03512 CW 2024-12-21 2050 EA1X          599 0799 37    9A3B          599 0000 OS   
QSO: 03511 CW 2024-12-21 2051 EA1X          599 0800 37    CR3DX         599 0000 36   
QSO: 07030 CW 2024-12-21 2051 EA1X          599 0801 37    N3QE          599 0000 08   
QSO: 07030 CW 2024-12-21 2052 EA1X          599 0802 37    W1GD          599 0000 08   
QSO: 03510 CW 2024-12-21 2054 EA1X          599 0803 37    9A2X          599 0000 VZ   
QSO: 03513 CW 2024-12-21 2055 EA1X          599 0804 37    9A4BA         599 0000 OS   
QSO: 03552 CW 2024-12-21 2056 EA1X          599 0805 37    9A5TV         599 0000 VZ   
QSO: 03530 CW 2024-12-21 2058 EA1X          599 0806 37    IZ3SQW        599 0000 28   
QSO: 07030 CW 2024-12-21 2058 EA1X          599 0807 37    W1FJ          599 0000 08   
QSO: 07030 CW 2024-12-21 2059 EA1X          599 0808 37    IW3ILM        599 0000 28   
QSO: 03530 CW 2024-12-21 2059 EA1X          599 0809 37    UV1IX         599 0000 29   
QSO: 03530 CW 2024-12-21 2059 EA1X          599 0810 37    S57KM         599 0000 28   
QSO: 03530 CW 2024-12-21 2100 EA1X          599 0811 37    9A7DX         599 0000 DA   
QSO: 03530 CW 2024-12-21 2101 EA1X          599 0812 37    HA6NL         599 0000 28   
QSO: 07030 CW 2024-12-21 2101 EA1X          599 0813 37    RW9DX         599 0000 30   
QSO: 07030 CW 2024-12-21 2102 EA1X          599 0814 37    DK9IP         599 0000 28   
QSO: 03530 CW 2024-12-21 2102 EA1X          599 0815 37    YU5T          599 0000 28   
QSO: 07030 CW 2024-12-21 2102 EA1X          599 0816 37    VE9DXC        599 0000 09   
QSO: 03530 CW 2024-12-21 2102 EA1X          599 0817 37    DL2NBY        599 0000 28   
QSO: 07030 CW 2024-12-21 2104 EA1X          599 0818 37    DL4XU         599 0000 28   
QSO: 07030 CW 2024-12-21 2105 EA1X          599 0819 37    LX1FWF        599 0000 27   
QSO: 07030 CW 2024-12-21 2105 EA1X          599 0820 37    K1NW          599 0000 08   
QSO: 07030 CW 2024-12-21 2105 EA1X          599 0821 37    GI4SJQ        599 0000 27   
QSO: 07030 CW 2024-12-21 2106 EA1X          599 0822 37    EU1DM         599 0000 29   
QSO: 07030 CW 2024-12-21 2106 EA1X          599 0823 37    VE3VN         599 0000 04   
QSO: 07030 CW 2024-12-21 2106 EA1X          599 0824 37    LZ1ZJ         599 0000 28   
QSO: 07030 CW 2024-12-21 2106 EA1X          599 0825 37    NJ4Q          599 0000 08   
QSO: 07030 CW 2024-12-21 2107 EA1X          599 0826 37    RM4F          599 0000 29   
QSO: 07030 CW 2024-12-21 2108 EA1X          599 0827 37    LZ5I          599 0000 28   
QSO: 03550 CW 2024-12-21 2108 EA1X          599 0828 37    9A2AJ         599 0000 PZ   
QSO: 07030 CW 2024-12-21 2109 EA1X          599 0829 37    E74HS         599 0000 28   
QSO: 03540 CW 2024-12-21 2109 EA1X          599 0830 37    9A2KI         599 0000 SB   
QSO: 07030 CW 2024-12-21 2110 EA1X          599 0831 37    LZ2HT         599 0000 28   
QSO: 03516 CW 2024-12-21 2110 EA1X          599 0832 37    9A5X          599 0000 VZ   
QSO: 07030 CW 2024-12-21 2111 EA1X          599 0833 37    EA5YU         599 0000 37   
QSO: 07030 CW 2024-12-21 2111 EA1X          599 0834 37    OK2QA         599 0000 28   
QSO: 03524 CW 2024-12-21 2112 EA1X          599 0835 37    4Z4KX         599 0000 39   
QSO: 01828 CW 2024-12-21 2113 EA1X          599 0836 37    F5IN          599 0000 27   
QSO: 01822 CW 2024-12-21 2114 EA1X          599 0837 37    VK6LW         599 0000 58   
QSO: 01822 CW 2024-12-21 2115 EA1X          599 0838 37    9A2KD         599 0000 SK   
QSO: 07027 CW 2024-12-21 2115 EA1X          599 0839 37    9A4M          599 0000 SK   
QSO: 01827 CW 2024-12-21 2117 EA1X          599 0840 37    IK2SWB        599 0000 28   
QSO: 07001 CW 2024-12-21 2119 EA1X          599 0841 37    K7SV          599 0000 08   
QSO: 01830 CW 2024-12-21 2120 EA1X          599 0842 37    PA0RDT        599 0000 27   
QSO: 01824 CW 2024-12-21 2122 EA1X          599 0843 37    DL2OM         599 0000 28   
QSO: 01830 CW 2024-12-21 2122 EA1X          599 0844 37    HA7TM         599 0000 28   
QSO: 07032 CW 2024-12-21 2126 EA1X          599 0845 37    WP3Z          599 0000 11   
QSO: 01834 CW 2024-12-21 2129 EA1X          599 0846 37    DL4ME         599 0000 28   
QSO: 03512 CW 2024-12-21 2130 EA1X          599 0847 37    EB5A          599 0000 37   
QSO: 07029 CW 2024-12-21 2137 EA1X          599 0848 37    K1ZZ          599 0000 08   
QSO: 07029 CW 2024-12-21 2138 EA1X          599 0849 37    SP4TKR        599 0000 28   
QSO: 07029 CW 2024-12-21 2138 EA1X          599 0850 37    S570EOP       599 0000 28   
QSO: 07029 CW 2024-12-21 2138 EA1X          599 0851 37    G0TRT         599 0000 27   
QSO: 07029 CW 2024-12-21 2139 EA1X          599 0852 37    RA6L          599 0000 29   
QSO: 07029 CW 2024-12-21 2139 EA1X          599 0853 37    OM3CPF        599 0000 28   
QSO: 07029 CW 2024-12-21 2140 EA1X          599 0854 37    PA3DSB        599 0000 27   
QSO: 07029 CW 2024-12-21 2140 EA1X          599 0855 37    F6HDI         599 0000 27   
QSO: 03524 CW 2024-12-21 2140 EA1X          599 0856 37    9A4M          599 0000 SK   
QSO: 07029 CW 2024-12-21 2141 EA1X          599 0857 37    KC1XX         599 0000 08   
QSO: 07029 CW 2024-12-21 2142 EA1X          599 0858 37    NN1SS         599 0000 08   
QSO: 07029 CW 2024-12-21 2142 EA1X          599 0859 37    UA3MIF        599 0000 29   
QSO: 03522 CW 2024-12-21 2145 EA1X          599 0860 37    9A8M          599 0000 NA   
QSO: 07025 CW 2024-12-21 2147 EA1X          599 0861 37    YT9A          599 0000 28   
QSO: 07011 CW 2024-12-21 2148 EA1X          599 0862 37    K3UL          599 0000 08   
QSO: 07018 CW 2024-12-21 2148 EA1X          599 0863 37    W1UE          599 0000 08   
QSO: 01822 CW 2024-12-21 2155 EA1X          599 0864 37    RW1A          599 0000 29   
QSO: 01827 CW 2024-12-21 2155 EA1X          599 0865 37    SP7M          599 0000 28   
QSO: 03529 CW 2024-12-21 2200 EA1X          599 0866 37    9A0KG         599 0000 ST   
QSO: 07021 CW 2024-12-21 2203 EA1X          599 0867 37    F5BMI         599 0000 27   
QSO: 03524 CW 2024-12-21 2204 EA1X          599 0868 37    HB9BXE        599 0000 28   
QSO: 03524 CW 2024-12-21 2204 EA1X          599 0869 37    S52ON         599 0000 28   
QSO: 03524 CW 2024-12-21 2205 EA1X          599 0870 37    LZ1ZM         599 0000 28   
QSO: 03528 CW 2024-12-21 2207 EA1X          599 0871 37    9A5CW         599 0000 PU   
QSO: 07013 CW 2024-12-21 2208 EA1X          599 0872 37    9A/W3WM       599 0000 ZG   
QSO: 07006 CW 2024-12-21 2209 EA1X          599 0873 37    WA3AAN        599 0000 08   
QSO: 03530 CW 2024-12-21 2210 EA1X          599 0874 37    G4BJM         599 0000 27   
QSO: 03530 CW 2024-12-21 2211 EA1X          599 0875 37    OK2QA         599 0000 28   
QSO: 03531 CW 2024-12-21 2211 EA1X          599 0876 37    E79D          599 0000 28   
QSO: 03532 CW 2024-12-21 2212 EA1X          599 0877 37    AO24YOTA      599 0000 37   
QSO: 03535 CW 2024-12-21 2212 EA1X          599 0878 37    YL24YOTA      599 0000 29   
QSO: 03536 CW 2024-12-21 2213 EA1X          599 0879 37    IK1BPL        599 0000 28   
QSO: 03538 CW 2024-12-21 2214 EA1X          599 0880 37    S55OO         599 0000 28   
QSO: 03539 CW 2024-12-21 2215 EA1X          599 0881 37    S58MU         599 0000 28   
QSO: 03541 CW 2024-12-21 2217 EA1X          599 0882 37    OK1AGE        599 0000 28   
QSO: 07006 CW 2024-12-21 2218 EA1X          599 0883 37    YU2M          599 0000 28   
QSO: 07007 CW 2024-12-21 2219 EA1X          599 0884 37    AJ1AJ         599 0000 08   
QSO: 03524 CW 2024-12-21 2221 EA1X          599 0885 37    OZ5W          599 0000 18   
QSO: 03512 CW 2024-12-21 2222 EA1X          599 0886 37    EI5KF         599 0000 27   
QSO: 03518 CW 2024-12-21 2223 EA1X          599 0887 37    LZ5DI         599 0000 28   
QSO: 07021 CW 2024-12-21 2223 EA1X          599 0888 37    9A5CW         599 0000 PU   
QSO: 07021 CW 2024-12-21 2224 EA1X          599 0889 37    CR3DX         599 0000 36   
QSO: 07038 CW 2024-12-21 2225 EA1X          599 0890 37    9A2KI         599 0000 SB   
QSO: 07020 CW 2024-12-21 2225 EA1X          599 0891 37    N3RD          599 0000 08   
QSO: 07022 CW 2024-12-21 2226 EA1X          599 0892 37    KR2AA         599 0000 08   
QSO: 07025 CW 2024-12-21 2228 EA1X          599 0893 37    DL6KVA        599 0000 28   
QSO: 07026 CW 2024-12-21 2228 EA1X          599 0894 37    VA3AR         599 0000 04   
QSO: 07027 CW 2024-12-21 2229 EA1X          599 0895 37    CR6K          599 0000 37   
QSO: 07028 CW 2024-12-21 2229 EA1X          599 0896 37    PA3ARM        599 0000 27   
QSO: 07030 CW 2024-12-21 2230 EA1X          599 0897 37    SP3HRN        599 0000 28   
QSO: 07037 CW 2024-12-21 2231 EA1X          599 0898 37    IQ2CJ         599 0000 28   
QSO: 07025 CW 2024-12-21 2231 EA1X          599 0899 37    F8KCF         599 0000 27   
QSO: 03531 CW 2024-12-21 2233 EA1X          599 0900 37    9A2R          599 0000 KA   
QSO: 07022 CW 2024-12-21 2233 EA1X          599 0901 37    OK6OK         599 0000 28   
QSO: 07022 CW 2024-12-21 2234 EA1X          599 0902 37    M1X           599 0000 27   
QSO: 07022 CW 2024-12-21 2234 EA1X          599 0903 37    GI4NKB        599 0000 27   
QSO: 07022 CW 2024-12-21 2234 EA1X          599 0904 37    PE2K          599 0000 27   
QSO: 03514 CW 2024-12-21 2235 EA1X          599 0905 37    SP3CW         599 0000 28   
QSO: 07022 CW 2024-12-21 2236 EA1X          599 0906 37    K1TH          599 0000 08   
QSO: 07022 CW 2024-12-21 2236 EA1X          599 0907 37    WJ2D          599 0000 08   
QSO: 07022 CW 2024-12-21 2237 EA1X          599 0908 37    OG5O          599 0000 18   
QSO: 07022 CW 2024-12-21 2237 EA1X          599 0909 37    OL7D          599 0000 28   
QSO: 07022 CW 2024-12-21 2237 EA1X          599 0910 37    9A2GA         599 0000 ZG   
QSO: 07022 CW 2024-12-21 2237 EA1X          599 0911 37    S55KA         599 0000 28   
QSO: 07022 CW 2024-12-21 2238 EA1X          599 0912 37    SP2MKI        599 0000 28   
QSO: 07022 CW 2024-12-21 2238 EA1X          599 0913 37    LY2CO         599 0000 29   
QSO: 07022 CW 2024-12-21 2238 EA1X          599 0914 37    UZ1U          599 0000 29   
QSO: 07001 CW 2024-12-21 2242 EA1X          599 0915 37    K1LZ          599 0000 08   
QSO: 07004 CW 2024-12-21 2242 EA1X          599 0916 37    EA3AR         599 0000 37   
QSO: 07007 CW 2024-12-21 2244 EA1X          599 0917 37    ON4EM         599 0000 27   
QSO: 07027 CW 2024-12-22 0825 EA1X          599 0918 37    OH2KW         599 0000 18   
QSO: 07007 CW 2024-12-22 0826 EA1X          599 0919 37    S58MU         599 0000 28   
QSO: 07011 CW 2024-12-22 0827 EA1X          599 0920 37    OK1KKI        599 0000 28   
QSO: 07013 CW 2024-12-22 0827 EA1X          599 0921 37    E70T          599 0000 28   
QSO: 07014 CW 2024-12-22 0827 EA1X          599 0922 37    SE4E          599 0000 18   
QSO: 07016 CW 2024-12-22 0828 EA1X          599 0923 37    DK2ZO         599 0000 28   
QSO: 07017 CW 2024-12-22 0829 EA1X          599 0924 37    DL5YM         599 0000 28   
QSO: 07018 CW 2024-12-22 0830 EA1X          599 0925 37    PA3DBS        599 0000 27   
QSO: 07018 CW 2024-12-22 0830 EA1X          599 0926 37    IU4JNR        599 0000 28   
QSO: 07019 CW 2024-12-22 0832 EA1X          599 0927 37    SP2FAP        599 0000 28   
QSO: 28031 CW 2024-12-22 0832 EA1X          599 0928 37    9A8M          599 0000 NA   
QSO: 28041 CW 2024-12-22 0833 EA1X          599 0929 37    9A2AJ         599 0000 PZ   
QSO: 28056 CW 2024-12-22 0833 EA1X          599 0930 37    UN5G          599 0000 31   
QSO: 07031 CW 2024-12-22 0834 EA1X          599 0931 37    9A5TV         599 0000 VZ   
QSO: 07008 CW 2024-12-22 0835 EA1X          599 0932 37    NA8V          599 0000 08   
QSO: 07010 CW 2024-12-22 0840 EA1X          599 0933 37    OZ1AAR        599 0000 18   
QSO: 07019 CW 2024-12-22 0842 EA1X          599 0934 37    9A1LAF        599 0000 SK   
QSO: 28021 CW 2024-12-22 0844 EA1X          599 0935 37    S53M          599 0000 28   
QSO: 28021 CW 2024-12-22 0844 EA1X          599 0936 37    HA5AX         599 0000 28   
QSO: 28021 CW 2024-12-22 0844 EA1X          599 0937 37    UA3MIF        599 0000 29   
QSO: 21022 CW 2024-12-22 0845 EA1X          599 0938 37    US3EW         599 0000 29   
QSO: 28021 CW 2024-12-22 0846 EA1X          599 0939 37    9A7DX         599 0000 DA   
QSO: 21022 CW 2024-12-22 0846 EA1X          599 0940 37    OK3DM         599 0000 28   
QSO: 28021 CW 2024-12-22 0847 EA1X          599 0941 37    OK1KTI        599 0000 28   
QSO: 28021 CW 2024-12-22 0847 EA1X          599 0942 37    SP3FSM        599 0000 28   
QSO: 21022 CW 2024-12-22 0847 EA1X          599 0943 37    IZ3ZOO        599 0000 28   
QSO: 21022 CW 2024-12-22 0848 EA1X          599 0944 37    SV8SYK        599 0000 28   
QSO: 28021 CW 2024-12-22 0848 EA1X          599 0945 37    LA7SI         599 0000 18   
QSO: 21022 CW 2024-12-22 0848 EA1X          599 0946 37    DR2C          599 0000 28   
QSO: 28021 CW 2024-12-22 0849 EA1X          599 0947 37    S52WD         599 0000 28   
QSO: 21022 CW 2024-12-22 0849 EA1X          599 0948 37    IU1QZX        599 0000 28   
QSO: 21022 CW 2024-12-22 0850 EA1X          599 0949 37    EA4AOC        599 0000 37   
QSO: 21022 CW 2024-12-22 0850 EA1X          599 0950 37    LY3CY         599 0000 29   
QSO: 21047 CW 2024-12-22 0852 EA1X          599 0951 37    9A2R          599 0000 KA   
QSO: 21041 CW 2024-12-22 0853 EA1X          599 0952 37    9A7V          599 0000 VZ   
QSO: 28021 CW 2024-12-22 0853 EA1X          599 0953 37    DR2C          599 0000 28   
QSO: 28021 CW 2024-12-22 0853 EA1X          599 0954 37    UX1CL         599 0000 29   
QSO: 28021 CW 2024-12-22 0854 EA1X          599 0955 37    S52W          599 0000 28   
QSO: 28021 CW 2024-12-22 0854 EA1X          599 0956 37    RX3VF         599 0000 29   
QSO: 28021 CW 2024-12-22 0854 EA1X          599 0957 37    SN5N          599 0000 28   
QSO: 28021 CW 2024-12-22 0855 EA1X          599 0958 37    OZ5W          599 0000 18   
QSO: 21009 CW 2024-12-22 0856 EA1X          599 0959 37    S52WD         599 0000 28   
QSO: 28021 CW 2024-12-22 0857 EA1X          599 0960 37    DL6DVU        599 0000 28   
QSO: 28021 CW 2024-12-22 0857 EA1X          599 0961 37    RA1QN         599 0000 29   
QSO: 21009 CW 2024-12-22 0857 EA1X          599 0962 37    DL4ME         599 0000 28   
QSO: 28021 CW 2024-12-22 0857 EA1X          599 0963 37    RJ3F          599 0000 29   
QSO: 21009 CW 2024-12-22 0858 EA1X          599 0964 37    YO4NT         599 0000 28   
QSO: 28021 CW 2024-12-22 0858 EA1X          599 0965 37    9A8A          599 0000 VZ   
QSO: 28021 CW 2024-12-22 0859 EA1X          599 0966 37    DL6JF         599 0000 28   
QSO: 21009 CW 2024-12-22 0859 EA1X          599 0967 37    SP7JDI        599 0000 28   
QSO: 21009 CW 2024-12-22 0900 EA1X          599 0968 37    Z33F          599 0000 28   
QSO: 28021 CW 2024-12-22 0902 EA1X          599 0969 37    UT4LW         599 0000 29   
QSO: 21009 CW 2024-12-22 0902 EA1X          599 0970 37    SD1A          599 0000 18   
QSO: 28021 CW 2024-12-22 0902 EA1X          599 0971 37    IU3BRO        599 0000 28   
QSO: 28021 CW 2024-12-22 0903 EA1X          599 0972 37    R4WH          599 0000 30   
QSO: 21009 CW 2024-12-22 0905 EA1X          599 0973 37    UA3XFO        599 0000 29   
QSO: 21009 CW 2024-12-22 0905 EA1X          599 0974 37    IU3BRO        599 0000 28   
QSO: 21009 CW 2024-12-22 0905 EA1X          599 0975 37    LZ1VKD        599 0000 28   
QSO: 28024 CW 2024-12-22 0906 EA1X          599 0976 37    9A2CT         599 0000 ZG   
QSO: 21009 CW 2024-12-22 0906 EA1X          599 0977 37    DJ2AX         599 0000 28   
QSO: 21009 CW 2024-12-22 0906 EA1X          599 0978 37    UA3LID        599 0000 29   
QSO: 28051 CW 2024-12-22 0907 EA1X          599 0979 37    9A5TV         599 0000 VZ   
QSO: 21009 CW 2024-12-22 0907 EA1X          599 0980 37    DF7WY         599 0000 28   
QSO: 21009 CW 2024-12-22 0907 EA1X          599 0981 37    UW3WF         599 0000 29   
QSO: 21009 CW 2024-12-22 0908 EA1X          599 0982 37    S59DBC        599 0000 28   
QSO: 28058 CW 2024-12-22 0909 EA1X          599 0983 37    UN3M          599 0000 30   
QSO: 21010 CW 2024-12-22 0909 EA1X          599 0984 37    G1SCT         599 0000 27   
QSO: 14024 CW 2024-12-22 0910 EA1X          599 0985 37    9A2AJ         599 0000 PZ   
QSO: 21010 CW 2024-12-22 0911 EA1X          599 0986 37    US1VM         599 0000 29   
QSO: 21010 CW 2024-12-22 0912 EA1X          599 0987 37    DJ0YI         599 0000 28   
QSO: 21010 CW 2024-12-22 0913 EA1X          599 0988 37    IK3TCK        599 0000 28   
QSO: 21010 CW 2024-12-22 0913 EA1X          599 0989 37    JL1QZC        599 0000 45   
QSO: 14029 CW 2024-12-22 0914 EA1X          599 0990 37    9A2KI         599 0000 SB   
QSO: 21010 CW 2024-12-22 0915 EA1X          599 0991 37    R2HL          599 0000 29   
QSO: 21010 CW 2024-12-22 0915 EA1X          599 0992 37    RA1TU         599 0000 29   
QSO: 14026 CW 2024-12-22 0915 EA1X          599 0993 37    9A3MA         599 0000 SI   
QSO: 21010 CW 2024-12-22 0917 EA1X          599 0994 37    DL0TN         599 0000 28   
QSO: 14023 CW 2024-12-22 0917 EA1X          599 0995 37    JH1OGC        599 0000 45   
QSO: 14023 CW 2024-12-22 0917 EA1X          599 0996 37    YT1A          599 0000 28   
QSO: 14023 CW 2024-12-22 0917 EA1X          599 0997 37    SP2XX         599 0000 28   
QSO: 21044 CW 2024-12-22 0918 EA1X          599 0998 37    9A8M          599 0000 NA   
QSO: 14023 CW 2024-12-22 0919 EA1X          599 0999 37    IN3OWY        599 0000 28   
QSO: 21051 CW 2024-12-22 0919 EA1X          599 1000 37    9A/IZ3NVR     599 0000 ZG   
QSO: 14023 CW 2024-12-22 0920 EA1X          599 1001 37    DA3T          599 0000 28   
QSO: 14023 CW 2024-12-22 0923 EA1X          599 1002 37    EA8BW         599 0000 36   
QSO: 14023 CW 2024-12-22 0923 EA1X          599 1003 37    EA5IYL        599 0000 37   
QSO: 14023 CW 2024-12-22 0923 EA1X          599 1004 37    DR2C          599 0000 28   
QSO: 14023 CW 2024-12-22 0924 EA1X          599 1005 37    PA5FN         599 0000 27   
QSO: 21043 CW 2024-12-22 0924 EA1X          599 1006 37    9A2AJ         599 0000 PZ   
QSO: 14023 CW 2024-12-22 0924 EA1X          599 1007 37    OE5TXF        599 0000 28   
QSO: 14023 CW 2024-12-22 0924 EA1X          599 1008 37    DL3DRN        599 0000 28   
QSO: 14023 CW 2024-12-22 0925 EA1X          599 1009 37    ZA1RR         599 0000 28   
QSO: 14023 CW 2024-12-22 0925 EA1X          599 1010 37    F5ICC         599 0000 27   
QSO: 14023 CW 2024-12-22 0925 EA1X          599 1011 37    ON7XT         599 0000 27   
QSO: 14023 CW 2024-12-22 0926 EA1X          599 1012 37    RK3TD         599 0000 29   
QSO: 14023 CW 2024-12-22 0926 EA1X          599 1013 37    EA6SK         599 0000 37   
QSO: 14023 CW 2024-12-22 0927 EA1X          599 1014 37    JL1QOC        599 0000 45   
QSO: 21012 CW 2024-12-22 0927 EA1X          599 1015 37    SQ9MZ         599 0000 28   
QSO: 21012 CW 2024-12-22 0928 EA1X          599 1016 37    S59A          599 0000 28   
QSO: 21012 CW 2024-12-22 0928 EA1X          599 1017 37    ON6MG         599 0000 27   
QSO: 14023 CW 2024-12-22 0929 EA1X          599 1018 37    S50R          599 0000 28   
QSO: 21012 CW 2024-12-22 0929 EA1X          599 1019 37    UF5A          599 0000 29   
QSO: 14023 CW 2024-12-22 0930 EA1X          599 1020 37    OZ1AAR        599 0000 18   
QSO: 14023 CW 2024-12-22 0931 EA1X          599 1021 37    IK0EFR        599 0000 28   
QSO: 14023 CW 2024-12-22 0931 EA1X          599 1022 37    S52WD         599 0000 28   
QSO: 21046 CW 2024-12-22 0932 EA1X          599 1023 37    9A7R          599 0000 KA   
QSO: 14023 CW 2024-12-22 0932 EA1X          599 1024 37    EA5YU         599 0000 37   
QSO: 14023 CW 2024-12-22 0932 EA1X          599 1025 37    SV1SYM        599 0000 28   
QSO: 14023 CW 2024-12-22 0933 EA1X          599 1026 37    LB2WD         599 0000 18   
QSO: 21006 CW 2024-12-22 0933 EA1X          599 1027 37    OQ5M          599 0000 27   
QSO: 14015 CW 2024-12-22 0934 EA1X          599 1028 37    CR3DX         599 0000 36   
QSO: 14023 CW 2024-12-22 0935 EA1X          599 1029 37    OK2IW         599 0000 28   
QSO: 21008 CW 2024-12-22 0936 EA1X          599 1030 37    IZ3SQW        599 0000 28   
QSO: 14023 CW 2024-12-22 0936 EA1X          599 1031 37    DL8JJ         599 0000 28   
QSO: 28019 CW 2024-12-22 0937 EA1X          599 1032 37    9A3SM         599 0000 ZG   
QSO: 28021 CW 2024-12-22 0938 EA1X          599 1033 37    SE4E          599 0000 18   
QSO: 14023 CW 2024-12-22 0939 EA1X          599 1034 37    DL1THB        599 0000 28   
QSO: 28021 CW 2024-12-22 0939 EA1X          599 1035 37    EA8BW         599 0000 36   
QSO: 14023 CW 2024-12-22 0939 EA1X          599 1036 37    OZ5W          599 0000 18   
QSO: 14023 CW 2024-12-22 0940 EA1X          599 1037 37    PA3GPX        599 0000 27   
QSO: 28021 CW 2024-12-22 0940 EA1X          599 1038 37    SE5T          599 0000 18   
QSO: 28021 CW 2024-12-22 0940 EA1X          599 1039 37    DL1JDQ        599 0000 28   
QSO: 14023 CW 2024-12-22 0941 EA1X          599 1040 37    LZ2PS         599 0000 28   
QSO: 14023 CW 2024-12-22 0941 EA1X          599 1041 37    DL1ROT        599 0000 28   
QSO: 14023 CW 2024-12-22 0941 EA1X          599 1042 37    LY2BAA        599 0000 29   
QSO: 28021 CW 2024-12-22 0941 EA1X          599 1043 37    YT2RX         599 0000 28   
QSO: 14023 CW 2024-12-22 0942 EA1X          599 1044 37    HB9CMW        599 0000 28   
QSO: 14023 CW 2024-12-22 0942 EA1X          599 1045 37    DJ9RR         599 0000 28   
QSO: 28021 CW 2024-12-22 0942 EA1X          599 1046 37    YU7D          599 0000 28   
QSO: 14023 CW 2024-12-22 0943 EA1X          599 1047 37    LZ4AE         599 0000 28   
QSO: 14023 CW 2024-12-22 0943 EA1X          599 1048 37    DF7WY         599 0000 28   
QSO: 28021 CW 2024-12-22 0943 EA1X          599 1049 37    RK2M          599 0000 29   
QSO: 28021 CW 2024-12-22 0943 EA1X          599 1050 37    OK2ON         599 0000 28   
QSO: 14023 CW 2024-12-22 0944 EA1X          599 1051 37    LY2A          599 0000 29   
QSO: 14023 CW 2024-12-22 0944 EA1X          599 1052 37    UT3SO         599 0000 29   
QSO: 14023 CW 2024-12-22 0944 EA1X          599 1053 37    S57Q          599 0000 28   
QSO: 14023 CW 2024-12-22 0944 EA1X          599 1054 37    DC2HB         599 0000 28   
QSO: 28021 CW 2024-12-22 0944 EA1X          599 1055 37    SM5CSS        599 0000 18   
QSO: 14023 CW 2024-12-22 0945 EA1X          599 1056 37    OK8KM         599 0000 28   
QSO: 14023 CW 2024-12-22 0945 EA1X          599 1057 37    EA5XA         599 0000 37   
QSO: 14023 CW 2024-12-22 0946 EA1X          599 1058 37    G4OMG         599 0000 27   
QSO: 14023 CW 2024-12-22 0946 EA1X          599 1059 37    9A3YT         599 0000 RI   
QSO: 14023 CW 2024-12-22 0946 EA1X          599 1060 37    F5JFU         599 0000 27   
QSO: 28021 CW 2024-12-22 0946 EA1X          599 1061 37    US7UK         599 0000 29   
QSO: 14023 CW 2024-12-22 0947 EA1X          599 1062 37    S52WAU        599 0000 28   
QSO: 28021 CW 2024-12-22 0948 EA1X          599 1063 37    Z35M          599 0000 28   
QSO: 14023 CW 2024-12-22 0948 EA1X          599 1064 37    OH2KW         599 0000 18   
QSO: 14023 CW 2024-12-22 0948 EA1X          599 1065 37    E77F          599 0000 28   
QSO: 14023 CW 2024-12-22 0950 EA1X          599 1066 37    UZ1P          599 0000 29   
QSO: 14023 CW 2024-12-22 0950 EA1X          599 1067 37    E72U          599 0000 28   
QSO: 28021 CW 2024-12-22 0950 EA1X          599 1068 37    UY7LM         599 0000 29   
QSO: 14023 CW 2024-12-22 0951 EA1X          599 1069 37    SF0A          599 0000 18   
QSO: 28059 CW 2024-12-22 0951 EA1X          599 1070 37    9A/IZ3NRV     599 0000 ZG   
QSO: 14017 CW 2024-12-22 1036 EA1X          599 1071 37    LY5W          599 0000 29   
QSO: 14017 CW 2024-12-22 1037 EA1X          599 1072 37    DL1NKB        599 0000 28   
QSO: 14017 CW 2024-12-22 1037 EA1X          599 1073 37    ON4CLF        599 0000 27   
QSO: 14017 CW 2024-12-22 1037 EA1X          599 1074 37    ON4CT         599 0000 27   
QSO: 21025 CW 2024-12-22 1038 EA1X          599 1075 37    EA8BW         599 0000 36   
QSO: 14017 CW 2024-12-22 1039 EA1X          599 1076 37    G3VQO         599 0000 27   
QSO: 21025 CW 2024-12-22 1039 EA1X          599 1077 37    YU3DX         599 0000 28   
QSO: 14017 CW 2024-12-22 1040 EA1X          599 1078 37    DK9DA         599 0000 28   
QSO: 21025 CW 2024-12-22 1040 EA1X          599 1079 37    DK2KT         599 0000 28   
QSO: 21025 CW 2024-12-22 1040 EA1X          599 1080 37    R9XS          599 0000 20   
QSO: 21025 CW 2024-12-22 1040 EA1X          599 1081 37    DL7LX         599 0000 28   
QSO: 21025 CW 2024-12-22 1041 EA1X          599 1082 37    PA3DZM        599 0000 27   
QSO: 14017 CW 2024-12-22 1041 EA1X          599 1083 37    SO5CW         599 0000 28   
QSO: 21025 CW 2024-12-22 1041 EA1X          599 1084 37    SP6AEG        599 0000 28   
QSO: 21025 CW 2024-12-22 1041 EA1X          599 1085 37    M4N           599 0000 27   
QSO: 21025 CW 2024-12-22 1042 EA1X          599 1086 37    E72U          599 0000 28   
QSO: 14017 CW 2024-12-22 1042 EA1X          599 1087 37    LY2SA         599 0000 29   
QSO: 21025 CW 2024-12-22 1042 EA1X          599 1088 37    DL1BUG        599 0000 28   
QSO: 14017 CW 2024-12-22 1043 EA1X          599 1089 37    YT3X          599 0000 28   
QSO: 21025 CW 2024-12-22 1043 EA1X          599 1090 37    UX1CL         599 0000 29   
QSO: 21025 CW 2024-12-22 1043 EA1X          599 1091 37    UA3MIF        599 0000 29   
QSO: 21025 CW 2024-12-22 1044 EA1X          599 1092 37    YU9YAU        599 0000 28   
QSO: 21025 CW 2024-12-22 1045 EA1X          599 1093 37    RV3DBK        599 0000 29   
QSO: 21025 CW 2024-12-22 1045 EA1X          599 1094 37    D1M           599 0000 29   
QSO: 14017 CW 2024-12-22 1046 EA1X          599 1095 37    OK2ON         599 0000 28   
QSO: 21025 CW 2024-12-22 1046 EA1X          599 1096 37    R4AC          599 0000 29   
QSO: 14017 CW 2024-12-22 1046 EA1X          599 1097 37    DK7HA         599 0000 28   
QSO: 21025 CW 2024-12-22 1046 EA1X          599 1098 37    HB9BGF        599 0000 28   
QSO: 21025 CW 2024-12-22 1047 EA1X          599 1099 37    TK4TH         599 0000 28   
QSO: 14017 CW 2024-12-22 1047 EA1X          599 1100 37    G4UCJ         599 0000 27   
QSO: 14017 CW 2024-12-22 1048 EA1X          599 1101 37    DK3AX         599 0000 28   
QSO: 21025 CW 2024-12-22 1048 EA1X          599 1102 37    E73RB         599 0000 28   
QSO: 14017 CW 2024-12-22 1048 EA1X          599 1103 37    F8KGW         599 0000 27   
QSO: 14017 CW 2024-12-22 1049 EA1X          599 1104 37    EB5A          599 0000 37   
QSO: 14017 CW 2024-12-22 1050 EA1X          599 1105 37    IK2ULV        599 0000 28   
QSO: 21025 CW 2024-12-22 1050 EA1X          599 1106 37    DL4FDM        599 0000 28   
QSO: 14017 CW 2024-12-22 1050 EA1X          599 1107 37    IU8RIA        599 0000 28   
QSO: 21025 CW 2024-12-22 1051 EA1X          599 1108 37    PE2K          599 0000 27   
QSO: 21025 CW 2024-12-22 1051 EA1X          599 1109 37    9A5G          599 0000 RI   
QSO: 21025 CW 2024-12-22 1052 EA1X          599 1110 37    DK2FG         599 0000 28   
QSO: 21025 CW 2024-12-22 1052 EA1X          599 1111 37    G3ZBU         599 0000 27   
QSO: 21025 CW 2024-12-22 1052 EA1X          599 1112 37    PY3TD         599 0000 15   
QSO: 21025 CW 2024-12-22 1053 EA1X          599 1113 37    OM0EE         599 0000 28   
QSO: 28039 CW 2024-12-22 1054 EA1X          599 1114 37    LZ1ZJ         599 0000 28   
QSO: 21025 CW 2024-12-22 1054 EA1X          599 1115 37    PA5WT         599 0000 27   
QSO: 28039 CW 2024-12-22 1054 EA1X          599 1116 37    SP7JDI        599 0000 28   
QSO: 28039 CW 2024-12-22 1055 EA1X          599 1117 37    LA2XNA        599 0000 18   
QSO: 21025 CW 2024-12-22 1055 EA1X          599 1118 37    SQ1PSA        599 0000 28   
QSO: 21025 CW 2024-12-22 1055 EA1X          599 1119 37    RU9AC         599 0000 30   
QSO: 21025 CW 2024-12-22 1055 EA1X          599 1120 37    9A2MF         599 0000 PU   
QSO: 28039 CW 2024-12-22 1055 EA1X          599 1121 37    DL1BUG        599 0000 28   
QSO: 28039 CW 2024-12-22 1056 EA1X          599 1122 37    DL8UKW        599 0000 28   
QSO: 28039 CW 2024-12-22 1056 EA1X          599 1123 37    ES2MC         599 0000 29   
QSO: 21025 CW 2024-12-22 1056 EA1X          599 1124 37    OK1FCA        599 0000 28   
QSO: 21025 CW 2024-12-22 1056 EA1X          599 1125 37    PA3GPX        599 0000 27   
QSO: 28039 CW 2024-12-22 1058 EA1X          599 1126 37    UW5U          599 0000 29   
QSO: 21025 CW 2024-12-22 1058 EA1X          599 1127 37    PA0JED        599 0000 27   
QSO: 21025 CW 2024-12-22 1058 EA1X          599 1128 37    YO4NA         599 0000 28   
QSO: 28055 CW 2024-12-22 1059 EA1X          599 1129 37    9A2KI         599 0000 SB   
QSO: 21025 CW 2024-12-22 1100 EA1X          599 1130 37    DM4KM         599 0000 28   
QSO: 28016 CW 2024-12-22 1100 EA1X          599 1131 37    9A2GA         599 0000 ZG   
QSO: 21025 CW 2024-12-22 1100 EA1X          599 1132 37    F5PBM         599 0000 27   
QSO: 28033 CW 2024-12-22 1102 EA1X          599 1133 37    OY1CT         599 0000 18   
QSO: 14021 CW 2024-12-22 1103 EA1X          599 1134 37    ON9KVE        599 0000 27   
QSO: 21025 CW 2024-12-22 1104 EA1X          599 1135 37    OK2TJ         599 0000 28   
QSO: 21025 CW 2024-12-22 1104 EA1X          599 1136 37    IT9/DK6XZ     599 0000 28   
QSO: 14021 CW 2024-12-22 1104 EA1X          599 1137 37    S50R          599 0000 28   
QSO: 21025 CW 2024-12-22 1104 EA1X          599 1138 37    RA1QN         599 0000 29   
QSO: 21025 CW 2024-12-22 1105 EA1X          599 1139 37    F8GNV         599 0000 27   
QSO: 14021 CW 2024-12-22 1105 EA1X          599 1140 37    OK1FIA        599 0000 28   
QSO: 14033 CW 2024-12-22 1106 EA1X          599 1141 37    9A2X          599 0000 VZ   
QSO: 14000 CW 2024-12-22 1107 EA1X          599 1142 37    W1UE          599 0000 08   
QSO: 21025 CW 2024-12-22 1107 EA1X          599 1143 37    ES5KF         599 0000 27   
QSO: 21025 CW 2024-12-22 1108 EA1X          599 1144 37    SP2MKI        599 0000 28   
QSO: 21025 CW 2024-12-22 1108 EA1X          599 1145 37    E70NA         599 0000 28   
QSO: 21025 CW 2024-12-22 1108 EA1X          599 1146 37    EW8G          599 0000 29   
QSO: 14020 CW 2024-12-22 1110 EA1X          599 1147 37    G4BJM         599 0000 27   
QSO: 21025 CW 2024-12-22 1110 EA1X          599 1148 37    SP1GDK        599 0000 28   
QSO: 21025 CW 2024-12-22 1111 EA1X          599 1149 37    DJ1MM         599 0000 28   
QSO: 21025 CW 2024-12-22 1112 EA1X          599 1150 37    HB9CDH        599 0000 28   
QSO: 14027 CW 2024-12-22 1112 EA1X          599 1151 37    DJ9DZ         599 0000 28   
QSO: 14029 CW 2024-12-22 1113 EA1X          599 1152 37    HG6O          599 0000 28   
QSO: 21025 CW 2024-12-22 1113 EA1X          599 1153 37    UW5U          599 0000 29   
QSO: 14030 CW 2024-12-22 1114 EA1X          599 1154 37    CT7BJG        599 0000 37   
QSO: 21026 CW 2024-12-22 1115 EA1X          599 1155 37    PU2UAF        599 0000 15   
QSO: 21027 CW 2024-12-22 1116 EA1X          599 1156 37    9A/W3WM       599 0000 ZG   
QSO: 14036 CW 2024-12-22 1116 EA1X          599 1157 37    I2IFT         599 0000 28   
QSO: 14036 CW 2024-12-22 1116 EA1X          599 1158 37    SN5N          599 0000 28   
QSO: 14036 CW 2024-12-22 1117 EA1X          599 1159 37    IK8UND        599 0000 28   
QSO: 21020 CW 2024-12-22 1117 EA1X          599 1160 37    OH7CW         599 0000 18   
QSO: 14036 CW 2024-12-22 1117 EA1X          599 1161 37    F5OIH         599 0000 27   
QSO: 21030 CW 2024-12-22 1119 EA1X          599 1162 37    LZ1JZ         599 0000 28   
QSO: 21033 CW 2024-12-22 1120 EA1X          599 1163 37    SE5T          599 0000 18   
QSO: 21033 CW 2024-12-22 1120 EA1X          599 1164 37    EA1G          599 0000 37   
QSO: 21034 CW 2024-12-22 1121 EA1X          599 1165 37    GI4SJQ        599 0000 27   
QSO: 21037 CW 2024-12-22 1121 EA1X          599 1166 37    HG6O          599 0000 28   
QSO: 21038 CW 2024-12-22 1122 EA1X          599 1167 37    DL0MFL        599 0000 28   
QSO: 21049 CW 2024-12-22 1123 EA1X          599 1168 37    OH0/LX1NO     599 0000 18   
QSO: 21006 CW 2024-12-22 1124 EA1X          599 1169 37    YL24YOTA      599 0000 29   
QSO: 14041 CW 2024-12-22 1125 EA1X          599 1170 37    9A7V          599 0000 VZ   
QSO: 14009 CW 2024-12-22 1128 EA1X          599 1171 37    SD6F          599 0000 18   
QSO: 14010 CW 2024-12-22 1128 EA1X          599 1172 37    IZ3SQW        599 0000 28   
QSO: 21024 CW 2024-12-22 1129 EA1X          599 1173 37    LY4AA         599 0000 29   
QSO: 14027 CW 2024-12-22 1131 EA1X          599 1174 37    S570EOP       599 0000 28   
QSO: 21024 CW 2024-12-22 1131 EA1X          599 1175 37    OK2PDN        599 0000 28   
QSO: 21024 CW 2024-12-22 1132 EA1X          599 1176 37    IK2ULV        599 0000 28   
QSO: 21024 CW 2024-12-22 1132 EA1X          599 1177 37    OK2KUB        599 0000 28   
QSO: 21024 CW 2024-12-22 1132 EA1X          599 1178 37    SD6F          599 0000 18   
QSO: 21024 CW 2024-12-22 1133 EA1X          599 1179 37    DL8TG         599 0000 28   
QSO: 14034 CW 2024-12-22 1133 EA1X          599 1180 37    SN1T          599 0000 28   
QSO: 21024 CW 2024-12-22 1134 EA1X          599 1181 37    UT2II         599 0000 29   
QSO: 21024 CW 2024-12-22 1134 EA1X          599 1182 37    DL1YCF        599 0000 28   
QSO: 14034 CW 2024-12-22 1134 EA1X          599 1183 37    IW3FVZ        599 0000 28   
QSO: 14036 CW 2024-12-22 1135 EA1X          599 1184 37    F5IN          599 0000 27   
QSO: 21024 CW 2024-12-22 1136 EA1X          599 1185 37    RN4SC         599 0000 29   
QSO: 14038 CW 2024-12-22 1136 EA1X          599 1186 37    SV1PMQ        599 0000 28   
QSO: 28052 CW 2024-12-22 1139 EA1X          599 1187 37    SV1JFL        599 0000 28   
QSO: 28052 CW 2024-12-22 1140 EA1X          599 1188 37    UT3SO         599 0000 29   
QSO: 28052 CW 2024-12-22 1141 EA1X          599 1189 37    LA/G3SWC      599 0000 18   
QSO: 14040 CW 2024-12-22 1141 EA1X          599 1190 37    UT4LW         599 0000 29   
QSO: 28052 CW 2024-12-22 1142 EA1X          599 1191 37    E72U          599 0000 28   
QSO: 14040 CW 2024-12-22 1142 EA1X          599 1192 37    K2SSS         599 0000 08   
QSO: 28052 CW 2024-12-22 1142 EA1X          599 1193 37    R8TT          599 0000 30   
QSO: 14040 CW 2024-12-22 1143 EA1X          599 1194 37    NB1N          599 0000 08   
QSO: 14040 CW 2024-12-22 1144 EA1X          599 1195 37    SO7NA         599 0000 28   
QSO: 14040 CW 2024-12-22 1145 EA1X          599 1196 37    S55G          599 0000 28   
QSO: 14040 CW 2024-12-22 1145 EA1X          599 1197 37    W2YC          599 0000 08   
QSO: 14040 CW 2024-12-22 1146 EA1X          599 1198 37    G4TJJ         599 0000 27   
QSO: 14040 CW 2024-12-22 1146 EA1X          599 1199 37    S55KA         599 0000 28   
QSO: 28019 CW 2024-12-22 1147 EA1X          599 1200 37    SF0A          599 0000 18   
QSO: 14040 CW 2024-12-22 1147 EA1X          599 1201 37    SP2HHX        599 0000 28   
QSO: 28024 CW 2024-12-22 1147 EA1X          599 1202 37    9A4W          599 0000 ST   
QSO: 14051 CW 2024-12-22 1149 EA1X          599 1203 37    9A/IZ3NVR     599 0000 ZG   
QSO: 28042 CW 2024-12-22 1150 EA1X          599 1204 37    YL3NU         599 0000 29   
QSO: 28045 CW 2024-12-22 1152 EA1X          599 1205 37    9A1UN         599 0000 PU   
QSO: 28013 CW 2024-12-22 1155 EA1X          599 1206 37    R8WO          599 0000 30   
QSO: 14018 CW 2024-12-22 1157 EA1X          599 1207 37    N4TB          599 0000 08   
QSO: 14019 CW 2024-12-22 1157 EA1X          599 1208 37    S53M          599 0000 28   
QSO: 14020 CW 2024-12-22 1157 EA1X          599 1209 37    OM3CW         599 0000 28   
QSO: 14023 CW 2024-12-22 1159 EA1X          599 1210 37    KC1XX         599 0000 08   
QSO: 21027 CW 2024-12-22 1200 EA1X          599 1211 37    9A4M          599 0000 SK   
QSO: 21052 CW 2024-12-22 1201 EA1X          599 1212 37    9A1UN         599 0000 PU   
END-OF-LOG:
