START-OF-LOG: 3.0
CREATED-BY: reconstructed-log-builder
CONTEST: RUSSIAN-DX
CALLSIGN: UA5L
LOCATION: 
CATEGORY: CHECKLOG
CATEGORY-OPERATOR: SINGLE-OP
CATEGORY-BAND: ALL
CATEGORY-MODE: MIXED
CATEGORY-POWER: UNKNOWN
CATEGORY-ASSISTED: NON-ASSISTED
CATEGORY-TRANSMITTER: ONE
CATEGORY-STATION: UNKNOWN
CATEGORY-OVERLAY: 
OPERATORS: UA5L
CLAIMED-SCORE: 
CLUB: 
NAME: 
SOAPBOX: RECONSTRUCTED MOCKUP LOG - NOT AN OFFICIAL SUBMISSION.
SOAPBOX: Derived from submitted logs for RUSSIAN-DX RussianDXContest/2021.
QSO:  7000 CW 2021-03-20 1201 UA5L          599 SM EU8F          599 0003
QSO:  7015 CW 2021-03-20 1201 UA5L          599 SM US1VM         599 0001
QSO:  7000 CW 2021-03-20 1202 UA5L          599 SM DF4TS         599 0002
QSO:  7015 CW 2021-03-20 1202 UA5L          599 SM S52AW         599 0002
QSO:  7015 CW 2021-03-20 1202 UA5L          599 SM SP9XCN        599 0004
QSO:  7015 CW 2021-03-20 1203 UA5L          599 SM YL2NK         599 0004
QSO:  7015 CW 2021-03-20 1203 UA5L          599 SM YL7X          599 0004
QSO:  7015 CW 2021-03-20 1204 UA5L          599 SM PA3EMN        599 0001
QSO:  7000 CW 2021-03-20 1205 UA5L          599 SM HA4FY         599 0006
QSO:  7015 CW 2021-03-20 1205 UA5L          599 SM OE2E          599 0005
QSO:  7015 CW 2021-03-20 1205 UA5L          599 SM SP7AH         599 0003
QSO:  7000 CW 2021-03-20 1206 UA5L          599 SM OK5D          599 0005
QSO:  7015 CW 2021-03-20 1206 UA5L          599 SM DL5JQ         599 0005
QSO:  7015 CW 2021-03-20 1206 UA5L          599 SM OK1HCG        599 0005
QSO:  7000 CW 2021-03-20 1208 UA5L          599 SM SP2FAP        599 0008
QSO:  7015 CW 2021-03-20 1208 UA5L          599 SM SP4JCQ        599 0001
QSO:  7000 CW 2021-03-20 1209 UA5L          599 SM UR4LIN        599 0004
QSO:  7015 CW 2021-03-20 1209 UA5L          599 SM SP1AEN        599 0013
QSO:  7000 CW 2021-03-20 1210 UA5L          599 SM HG6C          599 0008
QSO:  7015 CW 2021-03-20 1212 UA5L          599 SM DL6RDE        599 0015
QSO:  7015 CW 2021-03-20 1212 UA5L          599 SM HG8K          599 0013
QSO:  7015 CW 2021-03-20 1212 UA5L          599 SM UR7QC         599 0018
QSO:  7015 CW 2021-03-20 1212 UA5L          599 SM YU1UO         599 0008
QSO:  7015 CW 2021-03-20 1213 UA5L          599 SM DL8WAA        599 0005
QSO:  7015 CW 2021-03-20 1213 UA5L          599 SM EV1R          599 0016
QSO:  7015 CW 2021-03-20 1213 UA5L          599 SM PA4O          599 0022
QSO:  7015 CW 2021-03-20 1214 UA5L          599 SM IT9RBW        599 0019
QSO:  7015 CW 2021-03-20 1215 UA5L          599 SM IK2WAD        599 0001
QSO:  7015 CW 2021-03-20 1215 UA5L          599 SM S52AW         599 0006
QSO:  7000 CW 2021-03-20 1216 UA5L          599 SM HA5CRT        599 0002
QSO:  7015 CW 2021-03-20 1216 UA5L          599 SM LY2OM         599 0010
QSO:  7030 CW 2021-03-20 1216 UA5L          599 SM S58MU         599 0001
QSO:  7000 CW 2021-03-20 1217 UA5L          599 SM JL1UTS        599 0007
QSO:  7000 CW 2021-03-20 1218 UA5L          599 SM UN7LAN        599 0009
QSO:  7015 CW 2021-03-20 1218 UA5L          599 SM IK4ZGO        599 0011
QSO:  7015 CW 2021-03-20 1218 UA5L          599 SM YT4W          599 0027
QSO:  7015 CW 2021-03-20 1219 UA5L          599 SM DL2DCX        599 0008
QSO:  7015 CW 2021-03-20 1220 UA5L          599 SM HA8RD         599 0004
QSO:  7015 CW 2021-03-20 1220 UA5L          599 SM IK7MIY        599 0008
QSO:  7015 CW 2021-03-20 1222 UA5L          599 SM EU6RO         599 0010
QSO:  7015 CW 2021-03-20 1222 UA5L          599 SM PA1BX         599 0012
QSO:  7015 CW 2021-03-20 1222 UA5L          599 SM SC3A          599 0005
QSO:  7015 CW 2021-03-20 1223 UA5L          599 SM S51YI         599 0036
QSO:  7015 CW 2021-03-20 1224 UA5L          599 SM SE6K          599 0011
QSO:  7015 CW 2021-03-20 1224 UA5L          599 SM UW5ZM         599 0041
QSO:  7015 CW 2021-03-20 1224 UA5L          599 SM YO3LW         599 0012
QSO:  7015 CW 2021-03-20 1225 UA5L          599 SM SQ9S          599 0010
QSO:  7015 CW 2021-03-20 1226 UA5L          599 SM EI5KF         599 0044
QSO:  7000 CW 2021-03-20 1227 UA5L          599 SM HA3MU         599 0019
QSO:  7015 CW 2021-03-20 1227 UA5L          599 SM SM5MX         599 0003
QSO:  7000 CW 2021-03-20 1229 UA5L          599 SM SP5CJQ        599 0026
QSO:  7015 CW 2021-03-20 1229 UA5L          599 SM DL8ULF        599 0013
QSO:  7015 CW 2021-03-20 1229 UA5L          599 SM YO4AJ         599 0008
QSO:  7000 CW 2021-03-20 1231 UA5L          599 SM UR5IFB        599 0015
QSO:  7015 CW 2021-03-20 1231 UA5L          599 SM UT3EK         599 0028
QSO:  7015 CW 2021-03-20 1232 UA5L          599 SM OK2NO         599 0012
QSO:  7015 CW 2021-03-20 1233 UA5L          599 SM HA1RJ         599 0037
QSO:  7015 CW 2021-03-20 1233 UA5L          599 SM SM5CBN        599 0007
QSO:  7015 CW 2021-03-20 1234 UA5L          599 SM YO4RIW        599 0005
QSO:  7025 CW 2021-03-20 1236 UA5L          599 SM YP5A          599 0042
QSO:  7000 CW 2021-03-20 1237 UA5L          599 SM DL2RTJ        599 0009
QSO:  7015 CW 2021-03-20 1237 UA5L          599 SM DL4FN         599 0033
QSO:  7015 CW 2021-03-20 1237 UA5L          599 SM DR1D          599 0049
QSO:  7014 CW 2021-03-20 1238 UA5L          599 SM 9A9R          599 0044
QSO:  7016 CW 2021-03-20 1239 UA5L          599 SM 4O4T          599 0066
QSO:  7000 CW 2021-03-20 1240 UA5L          599 SM YT1AC         599 0008
QSO:  7015 CW 2021-03-20 1240 UA5L          599 SM LC0X          599 0034
QSO:  7015 CW 2021-03-20 1240 UA5L          599 SM SE4E          599 0041
QSO:  7000 CW 2021-03-20 1241 UA5L          599 SM OH7KC         599 0012
QSO:  7015 CW 2021-03-20 1241 UA5L          599 SM OH6BA         599 0023
QSO:  7021 CW 2021-03-20 1244 UA5L          599 SM YO3LW         599 0035
QSO:  7015 CW 2021-03-20 1245 UA5L          599 SM SE5E          599 0087
QSO:  7015 CW 2021-03-20 1247 UA5L          599 SM EW7DK         599 0008
QSO:  7033 CW 2021-03-20 1247 UA5L          599 SM UW5Y          599 0002
QSO:  7026 CW 2021-03-20 1248 UA5L          599 SM UZ3U          599 0010
QSO:  7015 CW 2021-03-20 1251 UA5L          599 SM BG3ILY        599 0009
QSO: 21027 CW 2021-03-20 1252 UA5L          599 SM F5VBU         599 0028
QSO:  7015 CW 2021-03-20 1252 UA5L          599 SM DF4ZL         599 0033
QSO:  7000 CW 2021-03-20 1253 UA5L          599 SM SP4JWR        599 0023
QSO:  7015 CW 2021-03-20 1254 UA5L          599 SM 9A5D          599 0004
QSO:  7015 CW 2021-03-20 1255 UA5L          599 SM UY2IG         599 0043
QSO:  7015 CW 2021-03-20 1255 UA5L          599 SM YP0K          599 0059
QSO:  7015 CW 2021-03-20 1257 UA5L          599 SM OH1NOA        599 0038
QSO:  7015 CW 2021-03-20 1258 UA5L          599 SM DK1WU         599 0058
QSO:  7020 CW 2021-03-20 1258 UA5L          599 SM LY7R          599 0046
QSO:  7015 CW 2021-03-20 1259 UA5L          599 SM BG5TOX        599 0012
QSO:  7000 CW 2021-03-20 1301 UA5L          599 SM OH2YL         599 0064
QSO:  7012 CW 2021-03-20 1302 UA5L          599 SM HA8TP         599 0015
QSO:  7105 PH 2021-03-20 1306 UA5L          59 SM S51YI         59 0081
QSO:  7000 PH 2021-03-20 1307 UA5L          59 SM SN3N          59 0026
QSO:  7105 PH 2021-03-20 1307 UA5L          59 SM EW8LM         59 0030
QSO:  7125 PH 2021-03-20 1311 UA5L          59 SM UW5Y          59 0034
QSO:  7145 PH 2021-03-20 1316 UA5L          59 SM EV1R          59 0124
QSO:  7027 CW 2021-03-20 1317 UA5L          599 SM SN5N          599 0068
QSO:  7156 PH 2021-03-20 1320 UA5L          59 SM SO4R          59 0074
QSO:  7168 PH 2021-03-20 1320 UA5L          59 SM YT0W          59 0081
QSO:  7149 PH 2021-03-20 1322 UA5L          59 SM SP8R          59 0029
QSO:  7162 PH 2021-03-20 1327 UA5L          59 SM SP4SHD        59 0047
QSO:  7162 PH 2021-03-20 1330 UA5L          59 SM D1CTT         59 0021
QSO:  7163 PH 2021-03-20 1330 UA5L          59 SM SP6VWX        59 0016
QSO:  7163 PH 2021-03-20 1330 UA5L          59 SM SP8CHI        59 0024
QSO:  7000 PH 2021-03-20 1331 UA5L          59 SM UN7LAN        59 0066
QSO:  7080 PH 2021-03-20 1332 UA5L          59 SM JA7NVF        59 0060
QSO:  7163 PH 2021-03-20 1332 UA5L          59 SM SQ7CL         59 0035
QSO:  7163 PH 2021-03-20 1334 UA5L          59 SM LC0X          59 0096
QSO:  7163 PH 2021-03-20 1335 UA5L          59 SM BD4TS         59 0032
QSO:  7163 PH 2021-03-20 1335 UA5L          59 SM LY4A          59 0180
QSO:  7163 PH 2021-03-20 1336 UA5L          59 SM DL6RDE        59 0118
QSO:  7000 PH 2021-03-20 1339 UA5L          59 SM YU4PTL        59 0009
QSO:  7162 PH 2021-03-20 1339 UA5L          59 SM UP5B          59 0037
QSO:  7163 PH 2021-03-20 1339 UA5L          59 SM SO9I          59 0178
QSO:  7034 PH 2021-03-20 1340 UA5L          59 SM US1VM         59 0097
QSO:  7162 PH 2021-03-20 1340 UA5L          59 SM UT2MZ         59 0062
QSO:  7162 PH 2021-03-20 1340 UA5L          59 SM YL7X          59 0122
QSO:  7000 PH 2021-03-20 1341 UA5L          59 SM ES8SX         59 0035
QSO:  7162 PH 2021-03-20 1341 UA5L          59 SM ER3CT         59 0054
QSO:  7163 PH 2021-03-20 1341 UA5L          59 SM SP5WAZ        59 0058
QSO:  7020 PH 2021-03-20 1342 UA5L          59 SM UY1IP         59 0055
QSO:  7163 PH 2021-03-20 1342 UA5L          59 SM BU2EP         59 0012
QSO:  7000 PH 2021-03-20 1343 UA5L          59 SM UW5EMC        59 0006
QSO:  7163 PH 2021-03-20 1343 UA5L          59 SM BU2EQ         59 0025
QSO:  7162 PH 2021-03-20 1345 UA5L          59 SM LZ5R          59 0324
QSO:  7163 PH 2021-03-20 1346 UA5L          59 SM BH1MCB        59 0024
QSO:  7016 CW 2021-03-20 1349 UA5L          599 SM JG3WDN        599 0052
QSO:  7016 CW 2021-03-20 1349 UA5L          599 SM VK2IA         599 0154
QSO:  7017 CW 2021-03-20 1349 UA5L          599 SM UR6EA         599 0181
QSO:  7017 CW 2021-03-20 1350 UA5L          599 SM BH7PFH        599 0044
QSO:  7017 CW 2021-03-20 1350 UA5L          599 SM DL1NEO        599 0096
QSO:  7016 CW 2021-03-20 1351 UA5L          599 SM LY6A          599 0176
QSO:  7017 CW 2021-03-20 1351 UA5L          599 SM OE5TXF        599 0096
QSO:  7000 CW 2021-03-20 1352 UA5L          599 SM UR4IZ         599 0084
QSO:  7016 CW 2021-03-20 1352 UA5L          599 SM G6T           599 0151
QSO:  7017 CW 2021-03-20 1352 UA5L          599 SM LZ3YY         599 0105
QSO:  7000 CW 2021-03-20 1353 UA5L          599 SM 9A3DML        599 0031
QSO:  7000 CW 2021-03-20 1355 UA5L          599 SM JQ1UXN        599 0036
QSO:  7000 CW 2021-03-20 1357 UA5L          599 SM ON3ND         599 0041
QSO:  7016 CW 2021-03-20 1357 UA5L          599 SM DF8AE         599 0049
QSO:  7016 CW 2021-03-20 1400 UA5L          599 SM LY9A          599 0095
QSO:  7016 CW 2021-03-20 1400 UA5L          599 SM YT0W          599 0126
QSO:  7017 CW 2021-03-20 1400 UA5L          599 SM VR2CC         599 0098
QSO:  7017 CW 2021-03-20 1401 UA5L          599 SM JN3SAC        599 0033
QSO:  7016 CW 2021-03-20 1402 UA5L          599 SM LZ6F          599 0124
QSO:  7017 CW 2021-03-20 1402 UA5L          599 SM GM3YEH        599 0041
QSO:  7000 CW 2021-03-20 1403 UA5L          599 SM OM7SR         599 0015
QSO:  7000 CW 2021-03-20 1404 UA5L          599 SM UV3QF         599 0057
QSO:  7000 CW 2021-03-20 1404 UA5L          599 SM UY7LM         599 0041
QSO:  7016 CW 2021-03-20 1404 UA5L          599 SM JI1RXQ        599 0063
QSO:  7017 CW 2021-03-20 1404 UA5L          599 SM SP8CGU        599 0015
QSO:  7040 CW 2021-03-20 1404 UA5L          599 SM YT9WW         599 0039
QSO:  7016 CW 2021-03-20 1405 UA5L          599 SM HA2G          599 0035
QSO:  7017 CW 2021-03-20 1405 UA5L          599 SM BA1RB         599 0036
QSO:  7017 CW 2021-03-20 1409 UA5L          599 SM JA6GCE        599 0075
QSO:  7000 CW 2021-03-20 1410 UA5L          599 SM SN5WD         599 0030
QSO:  7000 CW 2021-03-20 1410 UA5L          599 SM UR7MZ         599 0156
QSO:  7017 CW 2021-03-20 1410 UA5L          599 SM BD6OT         599 0051
QSO:  7000 CW 2021-03-20 1411 UA5L          599 SM HA8BT         599 0088
QSO:  7000 CW 2021-03-20 1411 UA5L          599 SM OK1ITK        599 0031
QSO:  7017 CW 2021-03-20 1411 UA5L          599 SM JG6JAV        599 0021
QSO:  7016 CW 2021-03-20 1412 UA5L          599 SM SQ8N          599 0032
QSO:  7017 CW 2021-03-20 1412 UA5L          599 SM M3D           599 0051
QSO:  7017 CW 2021-03-20 1413 UA5L          599 SM JA6WFM        599 0081
QSO:  7000 CW 2021-03-20 1414 UA5L          599 SM I6FDJ         599 0084
QSO:  7017 CW 2021-03-20 1414 UA5L          599 SM IK3QAR        599 0084
QSO:  7016 CW 2021-03-20 1415 UA5L          599 SM DK7OG         599 0002
QSO:  7017 CW 2021-03-20 1415 UA5L          599 SM DL4MFM        599 0017
QSO:  7000 CW 2021-03-20 1417 UA5L          599 SM JA1AYO        599 0030
QSO:  7000 CW 2021-03-20 1417 UA5L          599 SM JA6BWH        599 0039
QSO:  7016 CW 2021-03-20 1417 UA5L          599 SM US2E          599 0079
QSO:  7017 CW 2021-03-20 1418 UA5L          599 SM S54X          599 0107
QSO:  7017 CW 2021-03-20 1419 UA5L          599 SM HA6NL         599 0094
QSO:  7017 CW 2021-03-20 1419 UA5L          599 SM JL3ZHU        599 0025
QSO:  7016 CW 2021-03-20 1420 UA5L          599 SM UT4LW         599 0276
QSO:  7017 CW 2021-03-20 1421 UA5L          599 SM DL7URH        599 0060
QSO:  7017 CW 2021-03-20 1421 UA5L          599 SM SN5A          599 0007
QSO:  7017 CW 2021-03-20 1421 UA5L          599 SM SP5WAZ        599 0079
QSO:  7017 CW 2021-03-20 1422 UA5L          599 SM OH1MM         599 0013
QSO:  7016 CW 2021-03-20 1423 UA5L          599 SM TM2Y          599 0174
QSO:  7017 CW 2021-03-20 1423 UA5L          599 SM JA6FFK        599 0034
QSO:  7000 CW 2021-03-20 1424 UA5L          599 SM DL1RTS        599 0054
QSO:  7000 CW 2021-03-20 1424 UA5L          599 SM JH7UJU        599 0025
QSO:  7016 CW 2021-03-20 1424 UA5L          599 SM OZ0X          599 0019
QSO:  7017 CW 2021-03-20 1426 UA5L          599 SM BG0CAB        599 0010
QSO:  7017 CW 2021-03-20 1426 UA5L          599 SM SP1NY         599 0237
QSO:  7000 CW 2021-03-20 1427 UA5L          599 SM OK1PFM        599 0012
QSO:  7017 CW 2021-03-20 1429 UA5L          599 SM PE1BQE        599 0043
QSO:  7017 CW 2021-03-20 1429 UA5L          599 SM YO8DOH        599 0114
QSO:  7016 CW 2021-03-20 1430 UA5L          599 SM US5ABI        599 0033
QSO:  7000 CW 2021-03-20 1431 UA5L          599 SM UZ1U          599 0084
QSO:  7000 CW 2021-03-20 1431 UA5L          599 SM YL3GQ         599 0096
QSO:  7017 CW 2021-03-20 1431 UA5L          599 SM JE4MHL        599 0072
QSO:  7017 CW 2021-03-20 1431 UA5L          599 SM YU5R          599 0047
QSO:  7000 CW 2021-03-20 1432 UA5L          599 SM DL2LSM        599 0015
QSO:  7017 CW 2021-03-20 1432 UA5L          599 SM OZ5E          599 0031
QSO:  7017 CW 2021-03-20 1432 UA5L          599 SM PA3AAV        599 0246
QSO:  7000 CW 2021-03-20 1434 UA5L          599 SM OG5G          599 0017
QSO:  7017 CW 2021-03-20 1434 UA5L          599 SM BI8CZM        599 0038
QSO:  7017 CW 2021-03-20 1435 UA5L          599 SM BG4NMT        599 0020
QSO:  7017 CW 2021-03-20 1436 UA5L          599 SM YL2NK         599 0059
QSO:  1834 CW 2021-03-20 1438 UA5L          599 SM LY3B          599 0004
QSO:  7017 CW 2021-03-20 1438 UA5L          599 SM JH1EAQ        599 0094
QSO:  7000 CW 2021-03-20 1439 UA5L          599 SM UN7LDR        599 0091
QSO:  7016 CW 2021-03-20 1439 UA5L          599 SM JK8PBO        599 0046
QSO:  7016 CW 2021-03-20 1439 UA5L          599 SM JM1MTE        599 0054
QSO:  7000 CW 2021-03-20 1440 UA5L          599 SM UN6G          599 0119
QSO:  7016 CW 2021-03-20 1440 UA5L          599 SM HG7T          599 0006
QSO:  7016 CW 2021-03-20 1440 UA5L          599 SM UV1IX         599 0008
QSO:  7017 CW 2021-03-20 1440 UA5L          599 SM OH2ID         599 0067
QSO:  7000 CW 2021-03-20 1442 UA5L          599 SM JR1MEG/1      599 0057
QSO:  7000 CW 2021-03-20 1442 UA5L          599 SM YO6LB         599 0065
QSO:  7017 CW 2021-03-20 1443 UA5L          599 SM LZ8E          599 0287
QSO:  7017 CW 2021-03-20 1444 UA5L          599 SM OK1HEH        599 0082
QSO:  7006 CW 2021-03-20 1450 UA5L          599 SM LZ9W          599 0067
QSO:  7004 CW 2021-03-20 1453 UA5L          599 SM BY1CY         599 0084
QSO:  7007 CW 2021-03-20 1453 UA5L          599 SM UP7L          599 0260
QSO:  7007 CW 2021-03-20 1454 UA5L          599 SM UP7L          599 0262
QSO:  7000 PH 2021-03-20 1500 UA5L          59 SM SP6ZHP        59 0079
QSO:  7000 PH 2021-03-20 1500 UA5L          59 SM UZ1U          59 0109
QSO:  7200 PH 2021-03-20 1500 UA5L          59 SM UZ3U          59 0213
QSO:  7000 PH 2021-03-20 1501 UA5L          59 SM YB7WR         59 0076
QSO:  7159 PH 2021-03-20 1502 UA5L          59 SM OZ4NA         59 0051
QSO:  7158 PH 2021-03-20 1503 UA5L          59 SM JG2CNZ        59 0039
QSO:  7000 PH 2021-03-20 1504 UA5L          59 SM UN7LAS        59 0018
QSO:  7159 PH 2021-03-20 1505 UA5L          59 SM IZ2ZQP        59 0031
QSO:  7000 PH 2021-03-20 1506 UA5L          59 SM SP5TE         59 0066
QSO:  7000 PH 2021-03-20 1507 UA5L          59 SM ER1CS         59 0031
QSO:  7159 PH 2021-03-20 1507 UA5L          59 SM DX7EVM        59 0050
QSO:  7000 PH 2021-03-20 1508 UA5L          59 SM ER5DX         59 0109
QSO:  7000 PH 2021-03-20 1511 UA5L          59 SM 9A1CVG        59 0008
QSO:  7149 PH 2021-03-20 1511 UA5L          59 SM SN5Z          59 0046
QSO:  7149 PH 2021-03-20 1511 UA5L          59 SM SP5XSD        59 0009
QSO:  7173 PH 2021-03-20 1514 UA5L          59 SM SN2B          59 0120
QSO:  7128 PH 2021-03-20 1515 UA5L          59 SM JH4UYB        59 0179
QSO:  7200 PH 2021-03-20 1515 UA5L          59 SM DL2SAX        59 0210
QSO:  7136 PH 2021-03-20 1519 UA5L          59 SM HA4M          59 0217
QSO:  7146 PH 2021-03-20 1519 UA5L          59 SM 4U1A          59 0346
QSO:  7148 PH 2021-03-20 1520 UA5L          59 SM DK4VW         59 0114
QSO:  7149 PH 2021-03-20 1520 UA5L          59 SM YO7WC         59 0194
QSO:  7000 PH 2021-03-20 1522 UA5L          59 SM DL9UP         59 0117
QSO:  7149 PH 2021-03-20 1522 UA5L          59 SM HA8TP         59 0128
QSO:  7149 PH 2021-03-20 1522 UA5L          59 SM SM2S          59 0100
QSO:  7149 PH 2021-03-20 1522 UA5L          59 SM SP9N          59 0314
QSO:  7149 PH 2021-03-20 1523 UA5L          59 SM YU4ANA        59 0024
QSO:  7000 PH 2021-03-20 1528 UA5L          59 SM SP9ODM        59 0025
QSO:  7149 PH 2021-03-20 1529 UA5L          59 SM DJ4MX         59 0218
QSO:  7149 PH 2021-03-20 1529 UA5L          59 SM YC9VIZ        59 0073
QSO:  7149 PH 2021-03-20 1530 UA5L          59 SM JA8COE        59 0119
QSO:  7149 PH 2021-03-20 1532 UA5L          59 SM UT7IS         59 0062
QSO:  7000 PH 2021-03-20 1533 UA5L          59 SM UV3QF         59 0086
QSO:  7000 PH 2021-03-20 1534 UA5L          59 SM BA4IT         59 0006
QSO:  7132 PH 2021-03-20 1536 UA5L          59 SM SP9EMI        59 0067
QSO:  7000 PH 2021-03-20 1537 UA5L          59 SM SP8DHJ        59 0017
QSO:  7133 PH 2021-03-20 1537 UA5L          59 SM DJ4MH         59 0121
QSO:  7133 PH 2021-03-20 1537 UA5L          59 SM DL1ABR        59 0024
QSO:  7000 PH 2021-03-20 1538 UA5L          59 SM DL7NV         59 0021
QSO:  7000 PH 2021-03-20 1539 UA5L          59 SM 9A3SC         59 0015
QSO:  7000 PH 2021-03-20 1539 UA5L          59 SM SQ2EAN        59 0058
QSO:  7000 PH 2021-03-20 1540 UA5L          59 SM G7COU         59 0018
QSO:  7132 PH 2021-03-20 1540 UA5L          59 SM SN4D          59 0011
QSO:  7133 PH 2021-03-20 1540 UA5L          59 SM JA6GCE        59 0114
QSO:  7132 PH 2021-03-20 1541 UA5L          59 SM HG6N          59 0654
QSO:  7133 PH 2021-03-20 1541 UA5L          59 SM SA6SKA        59 0049
QSO:  7133 PH 2021-03-20 1544 UA5L          59 SM DL2PK         59 0043
QSO:  7133 PH 2021-03-20 1545 UA5L          59 SM F6GPT         59 0038
QSO:  7132 PH 2021-03-20 1546 UA5L          59 SM DR3W          59 0078
QSO:  7133 PH 2021-03-20 1546 UA5L          59 SM IQ4FA         59 0118
QSO:  7133 PH 2021-03-20 1546 UA5L          59 SM IQ6AN         59 0196
QSO:  7000 PH 2021-03-20 1547 UA5L          59 SM ON8AH         59 0092
QSO:  7133 PH 2021-03-20 1547 UA5L          59 SM A42K          59 0610
QSO:  7133 PH 2021-03-20 1547 UA5L          59 SM DG6TOM        59 0058
QSO:  7133 PH 2021-03-20 1547 UA5L          59 SM DL2DCX        59 0081
QSO:  7000 PH 2021-03-20 1548 UA5L          59 SM UT7QL         59 0150
QSO:  7132 PH 2021-03-20 1548 UA5L          59 SM 9A3AG         59 0013
QSO:  7133 PH 2021-03-20 1548 UA5L          59 SM SP1HN         59 0009
QSO:  7000 PH 2021-03-20 1549 UA5L          59 SM S51CK         59 0187
QSO:  7132 PH 2021-03-20 1549 UA5L          59 SM UP2L          59 0218
QSO:  7133 PH 2021-03-20 1549 UA5L          59 SM 9A9J          59 0092
QSO:  7133 PH 2021-03-20 1549 UA5L          59 SM HB9EP         59 0024
QSO:  7000 PH 2021-03-20 1550 UA5L          59 SM OK6OK         59 0069
QSO:  7133 PH 2021-03-20 1550 UA5L          59 SM IU7KDY        59 0054
QSO:  7133 PH 2021-03-20 1550 UA5L          59 SM SN9H          59 0014
QSO:  7000 PH 2021-03-20 1551 UA5L          59 SM DH4PSG        59 0064
QSO:  7132 PH 2021-03-20 1552 UA5L          59 SM IK7YTT        59 0368
QSO:  7132 PH 2021-03-20 1553 UA5L          59 SM YB7OO         59 0002
QSO:  7132 PH 2021-03-20 1554 UA5L          59 SM EF3O          59 0138
QSO:  7132 PH 2021-03-20 1554 UA5L          59 SM OK1OA         59 0139
QSO:  7132 PH 2021-03-20 1554 UA5L          59 SM YU3DKO        59 0029
QSO:  7133 PH 2021-03-20 1554 UA5L          59 SM 8S0C          59 0140
QSO:  7133 PH 2021-03-20 1554 UA5L          59 SM SN8K          59 0041
QSO:  7133 PH 2021-03-20 1555 UA5L          59 SM SP6DVP        59 0062
QSO:  7133 PH 2021-03-20 1556 UA5L          59 SM LZ1W          59 0012
QSO:  7130 PH 2021-03-20 1557 UA5L          59 SM S58MU         59 0019
QSO:  7000 PH 2021-03-20 1601 UA5L          59 SM M0PLX/M       59 0060
QSO:  7000 PH 2021-03-20 1602 UA5L          59 SM DM5DM         59 0096
QSO:  7103 PH 2021-03-20 1604 UA5L          59 SM 9A5Y          59 0203
QSO:  7022 CW 2021-03-20 1608 UA5L          599 SM 9A7A          599 0243
QSO:  7021 CW 2021-03-20 1609 UA5L          599 SM OH2BA         599 0176
QSO:  7022 CW 2021-03-20 1609 UA5L          599 SM OM7LW         599 0234
QSO:  7021 CW 2021-03-20 1610 UA5L          599 SM DL9EE         599 0284
QSO:  7022 CW 2021-03-20 1610 UA5L          599 SM OK2BLD        599 0038
QSO:  7022 CW 2021-03-20 1610 UA5L          599 SM SQ3R          599 0111
QSO:  7021 CW 2021-03-20 1611 UA5L          599 SM DK2OY         599 0228
QSO:  7022 CW 2021-03-20 1611 UA5L          599 SM S57C          599 0191
QSO:  7000 CW 2021-03-20 1612 UA5L          599 SM YU5T          599 0034
QSO:  7022 CW 2021-03-20 1612 UA5L          599 SM DM2RN         599 0035
QSO:  7021 CW 2021-03-20 1613 UA5L          599 SM I2VXJ         599 0102
QSO:  7022 CW 2021-03-20 1613 UA5L          599 SM IZ3KKE        599 0101
QSO:  7022 CW 2021-03-20 1613 UA5L          599 SM SP8R          599 0190
QSO:  7000 CW 2021-03-20 1614 UA5L          599 SM OK2PDK        599 0066
QSO:  7000 CW 2021-03-20 1614 UA5L          599 HM UN7JX         599 0110
QSO:  7022 CW 2021-03-20 1615 UA5L          599 SM SP2MKT        599 0069
QSO:  7022 CW 2021-03-20 1616 UA5L          599 SM BG8DIV        599 0061
QSO:  7000 CW 2021-03-20 1617 UA5L          599 SM DD0VS         599 0059
QSO:  7022 CW 2021-03-20 1617 UA5L          599 SM BA7QT         599 0091
QSO:  7022 CW 2021-03-20 1617 UA5L          599 SM LZ1QZ         599 0276
QSO:  7021 CW 2021-03-20 1618 UA5L          599 SM HA9PP         599 0161
QSO:  7021 CW 2021-03-20 1618 UA5L          599 SM YU1YV         599 0145
QSO:  7022 CW 2021-03-20 1619 UA5L          599 SM DL5ARM        599 0104
QSO:  7000 CW 2021-03-20 1620 UA5L          599 SM DM5JBN        599 0060
QSO:  7021 CW 2021-03-20 1620 UA5L          599 SM DL5LYM        599 0155
QSO:  7022 CW 2021-03-20 1620 UA5L          599 SM LA1U          599 0039
QSO:  7022 CW 2021-03-20 1620 UA5L          599 SM SD3A          599 0053
QSO:  7021 CW 2021-03-20 1621 UA5L          599 SM DJ4MX         599 0253
QSO:  7021 CW 2021-03-20 1621 UA5L          599 SM OK2ZV         599 0154
QSO:  7021 CW 2021-03-20 1621 UA5L          599 SM SP5CJQ        599 0078
QSO:  7000 CW 2021-03-20 1622 UA5L          599 SM DD7NT         599 0074
QSO:  7022 CW 2021-03-20 1622 UA5L          599 SM YO4RDW        599 0135
QSO:  7000 CW 2021-03-20 1623 UA5L          599 SM OK1KDN        599 0084
QSO:  7022 CW 2021-03-20 1623 UA5L          599 SM DJ9RR         599 0152
QSO:  7000 CW 2021-03-20 1624 UA5L          599 SM OK1DKU        599 0061
QSO:  7021 CW 2021-03-20 1624 UA5L          599 SM EI0W          599 0407
QSO:  7022 CW 2021-03-20 1624 UA5L          599 SM OU2I          599 0183
QSO:  7021 CW 2021-03-20 1625 UA5L          599 SM HG6N          599 0732
QSO:  7022 CW 2021-03-20 1625 UA5L          599 SM JI1ALP        599 0047
QSO:  7022 CW 2021-03-20 1626 UA5L          599 SM OR5T          599 0149
QSO:  7022 CW 2021-03-20 1626 UA5L          599 SM S56C          599 0084
QSO:  7021 CW 2021-03-20 1627 UA5L          599 SM DL5SE         599 0217
QSO:  7021 CW 2021-03-20 1627 UA5L          599 SM DL5XJ         599 0210
QSO:  7021 CW 2021-03-20 1627 UA5L          599 SM SM3EVR        599 0137
QSO:  7021 CW 2021-03-20 1628 UA5L          599 SM UW1M          599 0509
QSO:  7021 CW 2021-03-20 1629 UA5L          599 SM S57X          599 0071
QSO:  7022 CW 2021-03-20 1629 UA5L          599 SM SK0QO         599 0154
QSO:  7022 CW 2021-03-20 1629 UA5L          599 SM YO4NF         599 0280
QSO:  7022 CW 2021-03-20 1630 UA5L          599 SM SQ3RX         599 0248
QSO:  7000 CW 2021-03-20 1632 UA5L          599 SM DJ7UC         599 0227
QSO:  7000 CW 2021-03-20 1632 UA5L          599 SM OM5VS         599 0024
QSO:  7000 CW 2021-03-20 1632 UA5L          599 SM OM8VL         599 0083
QSO:  7022 CW 2021-03-20 1633 UA5L          599 SM OM2RA         599 0042
QSO:  7022 CW 2021-03-20 1633 UA5L          599 SM SM6BZV        599 0029
QSO:  7000 CW 2021-03-20 1634 UA5L          599 SM OM3BA         599 0028
QSO:  7021 CW 2021-03-20 1634 UA5L          599 SM DL1TS         599 0041
QSO:  7022 CW 2021-03-20 1634 UA5L          599 SM F6HDI         599 0076
QSO:  7022 CW 2021-03-20 1634 UA5L          599 SM YU3A          599 0227
QSO:  7000 CW 2021-03-20 1635 UA5L          599 SM IN3NJB        599 0078
QSO:  7000 CW 2021-03-20 1635 UA5L          599 SM SP2EPV        599 0056
QSO:  7022 CW 2021-03-20 1635 UA5L          599 SM SV1AJO        599 0114
QSO:  7000 CW 2021-03-20 1636 UA5L          599 SM OK1DVA        599 0112
QSO:  7021 CW 2021-03-20 1636 UA5L          599 SM DK2LO         599 0125
QSO:  7000 CW 2021-03-20 1637 UA5L          599 SM DL2A          599 0295
QSO:  7000 CW 2021-03-20 1637 UA5L          599 SM IK1RAG        599 0044
QSO:  7021 CW 2021-03-20 1638 UA5L          599 SM DK9OY         599 0187
QSO:  7021 CW 2021-03-20 1638 UA5L          599 SM OE1TKW        599 0166
QSO:  7022 CW 2021-03-20 1638 UA5L          599 SM DL2YMR        599 0011
QSO:  7022 CW 2021-03-20 1638 UA5L          599 SM YQ6A          599 0393
QSO:  7022 CW 2021-03-20 1639 UA5L          599 SM OL5Y          599 0267
QSO:  7022 CW 2021-03-20 1639 UA5L          599 SM SP9LAS        599 0069
QSO:  7000 CW 2021-03-20 1640 UA5L          599 SM IV3EAD        599 0023
QSO:  7000 CW 2021-03-20 1640 UA5L          599 SM OM3CPF        599 0159
QSO:  7022 CW 2021-03-20 1640 UA5L          599 SM PA9M          599 0151
QSO:  7022 CW 2021-03-20 1640 UA5L          599 SM SP2R          599 0043
QSO:  7021 CW 2021-03-20 1641 UA5L          599 SM OK4RQ         599 0284
QSO:  7022 CW 2021-03-20 1641 UA5L          599 SM LA5FJA        599 0059
QSO:  7022 CW 2021-03-20 1641 UA5L          599 SM YO3GNF        599 0150
QSO:  7000 CW 2021-03-20 1642 UA5L          599 SM DF1PY         599 0110
QSO:  7021 CW 2021-03-20 1642 UA5L          599 SM SM6FPC        599 0140
QSO:  7000 CW 2021-03-20 1643 UA5L          599 SM DL5CC         599 0029
QSO:  7021 CW 2021-03-20 1643 UA5L          599 SM DJ2QV         599 0196
QSO:  7021 CW 2021-03-20 1643 UA5L          599 SM OG6N          599 0201
QSO:  7022 CW 2021-03-20 1643 UA5L          599 SM DK2AT         599 0113
QSO:  7000 CW 2021-03-20 1644 UA5L          599 SM F5TVG         599 0062
QSO:  7021 CW 2021-03-20 1644 UA5L          599 SM OL3Z          599 0629
QSO:  7022 CW 2021-03-20 1644 UA5L          599 SM OM4DU         599 0051
QSO:  7021 CW 2021-03-20 1645 UA5L          599 SM F5VBU         599 0123
QSO:  7022 CW 2021-03-20 1645 UA5L          599 SM DL4ME         599 0107
QSO:  7022 CW 2021-03-20 1645 UA5L          599 SM HA7HQ         599 0101
QSO:  7000 CW 2021-03-20 1646 UA5L          599 SM HA0IL         599 0099
QSO:  7021 CW 2021-03-20 1646 UA5L          599 SM PE2K          599 0110
QSO:  7021 CW 2021-03-20 1647 UA5L          599 SM DJ9AO         599 0267
QSO:  7022 CW 2021-03-20 1647 UA5L          599 SM OZ4CG         599 0119
QSO:  7022 CW 2021-03-20 1649 UA5L          599 SM G4DBW         599 0105
QSO:  7022 CW 2021-03-20 1650 UA5L          599 SM OU4N          599 0070
QSO:  7032 CW 2021-03-20 1650 UA5L          599 SM OH0T          599 0760
QSO:  7040 CW 2021-03-20 1650 UA5L          599 SM 4L6QL         599 0108
QSO:  7022 CW 2021-03-20 1651 UA5L          599 SM HB9DVZ        599 0096
QSO:  7000 CW 2021-03-20 1652 UA5L          599 SM DK1WS         599 0073
QSO:  7000 CW 2021-03-20 1652 UA5L          599 SM DL2DXA        599 0137
QSO:  7021 CW 2021-03-20 1652 UA5L          599 SM DK1KC         599 0153
QSO:  7022 CW 2021-03-20 1652 UA5L          599 SM SP2ADY        599 0067
QSO:  7000 CW 2021-03-20 1654 UA5L          599 SM UN7FW         599 0175
QSO:  7021 CW 2021-03-20 1654 UA5L          599 SM DR2C          599 0021
QSO:  7000 CW 2021-03-20 1656 UA5L          599 SM DL1LSW        599 0021
QSO:  7022 CW 2021-03-20 1656 UA5L          599 SM DJ1MM         599 0072
QSO:  7022 CW 2021-03-20 1656 UA5L          599 SM DL1RTL        599 0150
QSO:  7021 CW 2021-03-20 1657 UA5L          599 SM DL0RUS        599 0155
QSO:  7022 CW 2021-03-20 1657 UA5L          599 SM 9A5Y          599 0305
QSO:  7022 CW 2021-03-20 1657 UA5L          599 SM DL8UAT        599 0214
QSO:  7021 CW 2021-03-20 1658 UA5L          599 SM SM7IUN        599 0092
QSO:  7022 CW 2021-03-20 1658 UA5L          599 SM SN7O          599 0360
QSO:  7000 CW 2021-03-20 1659 UA5L          599 SM HA9RP         599 0013
QSO:  7021 CW 2021-03-20 1700 UA5L          599 SM DL4VK         599 0099
QSO:  7022 CW 2021-03-20 1700 UA5L          599 SM I2IFT         599 0175
QSO:  7022 CW 2021-03-20 1700 UA5L          599 SM YO4AAC        599 0183
QSO:  7000 CW 2021-03-20 1701 UA5L          599 SM DM3ZF         599 0090
QSO:  7021 CW 2021-03-20 1701 UA5L          599 SM SP2LNW        599 0359
QSO:  7022 CW 2021-03-20 1701 UA5L          599 SM IK3YBX        599 0112
QSO:  7022 CW 2021-03-20 1701 UA5L          599 SM PA0MIR        599 0071
QSO:  7000 CW 2021-03-20 1702 UA5L          599 SM Z33B          599 0165
QSO:  7021 CW 2021-03-20 1702 UA5L          599 SM E7DX          599 1056
QSO:  7021 CW 2021-03-20 1702 UA5L          599 SM SM2U          599 0230
QSO:  7021 CW 2021-03-20 1702 UA5L          599 SM UN9GD         599 0128
QSO:  7022 CW 2021-03-20 1702 UA5L          599 SM LZ1MC         599 0137
QSO:  7021 CW 2021-03-20 1703 UA5L          599 SM DK1TW         599 0047
QSO:  7021 CW 2021-03-20 1703 UA5L          599 SM Z39A          599 0011
QSO:  1823 CW 2021-03-20 1704 UA5L          599 SM 9A5W          599 0069
QSO:  1823 CW 2021-03-20 1704 UA5L          599 SM UW1M          599 0604
QSO:  7021 CW 2021-03-20 1704 UA5L          599 SM UR5WX         599 0085
QSO:  7000 CW 2021-03-20 1705 UA5L          599 SM YO8ST         599 0045
QSO:  7022 CW 2021-03-20 1705 UA5L          599 SM DL5ME         599 0033
QSO:  1823 CW 2021-03-20 1706 UA5L          599 SM SN1T          599 0013
QSO:  7022 CW 2021-03-20 1706 UA5L          599 SM DL1CW         599 0151
QSO:  7022 CW 2021-03-20 1706 UA5L          599 SM G4DDL         599 0104
QSO:  7022 CW 2021-03-20 1706 UA5L          599 SM SP9DLY        599 0147
QSO:  1824 CW 2021-03-20 1707 UA5L          599 SM OG4T          599 0017
QSO:  1824 CW 2021-03-20 1707 UA5L          599 SM OH1RX         599 0185
QSO:  7021 CW 2021-03-20 1707 UA5L          599 SM G3XLG         599 0095
QSO:  7022 CW 2021-03-20 1707 UA5L          599 SM LZ1RW         599 0136
QSO:  1800 CW 2021-03-20 1708 UA5L          599 SM UN6T          599 0053
QSO:  7000 CW 2021-03-20 1708 UA5L          599 SM DL1VDL        599 0202
QSO:  7021 CW 2021-03-20 1708 UA5L          599 SM HB9DQL        599 0301
QSO:  7021 CW 2021-03-20 1708 UA5L          599 SM OZ8SW         599 0074
QSO:  7022 CW 2021-03-20 1708 UA5L          599 SM 9A4R          599 0038
QSO:  7000 CW 2021-03-20 1709 UA5L          599 SM IK5MEP        599 0005
QSO:  7022 CW 2021-03-20 1709 UA5L          599 SM IK3OCD        599 0040
QSO:  7022 CW 2021-03-20 1709 UA5L          599 SM LA8AW         599 0023
QSO:  1824 CW 2021-03-20 1710 UA5L          599 SM HA8BE         599 0043
QSO:  7000 CW 2021-03-20 1710 UA5L          599 SM YU1ML         599 0057
QSO:  7021 CW 2021-03-20 1710 UA5L          599 SM UP2L          599 0431
QSO:  7022 CW 2021-03-20 1710 UA5L          599 SM PC1PM         599 0183
QSO:  7022 CW 2021-03-20 1710 UA5L          599 SM YO8WW         599 0063
QSO:  1823 CW 2021-03-20 1711 UA5L          599 SM LZ9W          599 0027
QSO:  1823 CW 2021-03-20 1711 UA5L          599 SM UK7AL         599 0029
QSO:  7000 CW 2021-03-20 1711 UA5L          599 SM HA2EOU        599 0044
QSO:  7021 CW 2021-03-20 1711 UA5L          599 SM DH0GHU        599 0182
QSO:  7000 CW 2021-03-20 1712 UA5L          599 SM PA0RBA        599 0073
QSO:  7021 CW 2021-03-20 1712 UA5L          599 SM IK4UPB        599 0041
QSO:  1823 CW 2021-03-20 1713 UA5L          599 SM LZ5R          599 1213
QSO:  7022 CW 2021-03-20 1713 UA5L          599 SM DF2KK         599 0197
QSO:  7022 CW 2021-03-20 1713 UA5L          599 SM IT9RGY        599 0179
QSO:  7000 CW 2021-03-20 1714 UA5L          599 SM DH0JAE        599 0077
QSO:  7022 CW 2021-03-20 1714 UA5L          599 SM HA1WD         599 0150
QSO:  7022 CW 2021-03-20 1714 UA5L          599 SM HA7VK         599 0066
QSO:  7022 CW 2021-03-20 1714 UA5L          599 SM IK2SND        599 0299
QSO:  7021 CW 2021-03-20 1715 UA5L          599 SM DL6GCE        599 0018
QSO:  7022 CW 2021-03-20 1715 UA5L          599 SM SV1BJW        599 0213
QSO:  7021 CW 2021-03-20 1716 UA5L          599 SM EA2KV         599 0016
QSO:  7021 CW 2021-03-20 1716 UA5L          599 SM Z32TO         599 0129
QSO:  7022 CW 2021-03-20 1716 UA5L          599 SM EC3AIT        599 0008
QSO:  7022 CW 2021-03-20 1716 UA5L          599 SM LZ3ZZ         599 0563
QSO:  1823 CW 2021-03-20 1717 UA5L          599 SM OL3Z          599 0686
QSO:  7000 CW 2021-03-20 1717 UA5L          599 SM DL1CC         599 0020
QSO:  7021 CW 2021-03-20 1717 UA5L          599 SM DL1ATZ        599 0049
QSO:  1800 CW 2021-03-20 1718 UA5L          599 SM SP3AMO        599 0005
QSO:  1824 CW 2021-03-20 1718 UA5L          599 SM SP4JCQ        599 0299
QSO:  7021 CW 2021-03-20 1718 UA5L          599 SM EW8DX         599 0401
QSO:  7022 CW 2021-03-20 1718 UA5L          599 SM DL4AC         599 0128
QSO:  7022 CW 2021-03-20 1718 UA5L          599 SM LZ1QN         599 0295
QSO:  7022 CW 2021-03-20 1719 UA5L          599 SM ER3R          599 0139
QSO:  7022 CW 2021-03-20 1719 UA5L          599 SM OM4O          599 0061
QSO:  1823 CW 2021-03-20 1720 UA5L          599 SM UZ3U          599 0029
QSO:  1824 CW 2021-03-20 1720 UA5L          599 SM YO5AJR        599 0026
QSO:  7021 CW 2021-03-20 1720 UA5L          599 SM DJ5IW         599 0115
QSO:  7021 CW 2021-03-20 1720 UA5L          599 SM F5NKX         599 0062
QSO:  7022 CW 2021-03-20 1720 UA5L          599 SM S57NAW        599 0061
QSO:  1824 CW 2021-03-20 1721 UA5L          599 SM OK1Z          599 0033
QSO:  7021 CW 2021-03-20 1721 UA5L          599 SM M8A           599 0055
QSO:  7022 CW 2021-03-20 1721 UA5L          599 SM M5G           599 0008
QSO:  7024 CW 2021-03-20 1721 UA5L          599 SM HA5UX         599 0089
QSO:  1823 CW 2021-03-20 1722 UA5L          599 SM UP2L          599 0020
QSO:  1823 CW 2021-03-20 1722 UA5L          599 SM US6EX         599 0054
QSO:  7022 CW 2021-03-20 1722 UA5L          599 SM HA0IM         599 0023
QSO:  7022 CW 2021-03-20 1722 UA5L          599 SM HA9RC         599 0072
QSO:  7022 CW 2021-03-20 1722 UA5L          599 SM HG1A          599 0265
QSO:  7021 CW 2021-03-20 1723 UA5L          599 SM DK1FT         599 0209
QSO:  7021 CW 2021-03-20 1723 UA5L          599 SM HA2KMR        599 0242
QSO:  7022 CW 2021-03-20 1723 UA5L          599 SM IK2UEX        599 0171
QSO:  7000 CW 2021-03-20 1724 UA5L          599 SM HG6C          599 0154
QSO:  7021 CW 2021-03-20 1724 UA5L          599 SM OK1FMX        599 0104
QSO:  7022 CW 2021-03-20 1724 UA5L          599 SM YO9WF         599 0499
QSO:  7022 CW 2021-03-20 1725 UA5L          599 SM HA3OU         599 0253
QSO:  7022 CW 2021-03-20 1725 UA5L          599 SM OK8AU         599 0214
QSO:  7022 CW 2021-03-20 1725 UA5L          599 SM S57U          599 0071
QSO:  7022 CW 2021-03-20 1725 UA5L          599 SM YP8T          599 0366
QSO:  1823 CW 2021-03-20 1726 UA5L          599 SM YO5YM         599 0111
QSO:  7022 CW 2021-03-20 1726 UA5L          599 SM ZL1IF         599 0133
QSO:  7021 CW 2021-03-20 1727 UA5L          599 SM M0BLF         599 0010
QSO:  7021 CW 2021-03-20 1727 UA5L          599 SM OM5ZW         599 0701
QSO:  7000 CW 2021-03-20 1728 UA5L          599 HM HB9HQX        599 0044
QSO:  7000 CW 2021-03-20 1728 UA5L          599 SM Z32U          599 0311
QSO:  7021 CW 2021-03-20 1728 UA5L          599 SM DJ8EW         599 0212
QSO:  7022 CW 2021-03-20 1728 UA5L          599 SM SP7CF         599 0135
QSO:  1800 CW 2021-03-20 1729 UA5L          599 SM UR7MZ         599 0382
QSO:  7022 CW 2021-03-20 1729 UA5L          599 SM OK2EA         599 0131
QSO:  7022 CW 2021-03-20 1729 UA5L          599 SM YU1A          599 0336
QSO: 14000 CW 2021-03-20 1730 UA5L          599 SR UT6ER         599 0052
QSO:  7022 CW 2021-03-20 1730 UA5L          599 SM BA7NO         599 0069
QSO:  7022 CW 2021-03-20 1730 UA5L          599 SM LZ6E          599 0336
QSO:  1824 CW 2021-03-20 1731 UA5L          599 SM SM1NJC        599 0038
QSO:  7021 CW 2021-03-20 1731 UA5L          599 SM DC6O          599 0293
QSO:  7021 CW 2021-03-20 1732 UA5L          599 SM DA2X          599 0172
QSO:  7021 CW 2021-03-20 1732 UA5L          599 SM DD5M          599 0228
QSO:  7022 CW 2021-03-20 1732 UA5L          599 SM YU1LA         599 0177
QSO:  7022 CW 2021-03-20 1733 UA5L          599 SM DA0T          599 0234
QSO:  7022 CW 2021-03-20 1733 UA5L          599 SM OK5SA         599 0087
QSO:  7000 CW 2021-03-20 1734 UA5L          599 SM SM5DXR        599 0120
QSO:  7021 CW 2021-03-20 1734 UA5L          599 SM G4BJM         599 0041
QSO:  7022 CW 2021-03-20 1734 UA5L          599 SM I1NVU         599 0017
QSO:  7021 CW 2021-03-20 1735 UA5L          599 SM DL8MBS        599 0063
QSO:  7022 CW 2021-03-20 1735 UA5L          599 SM LA8OM         599 0337
QSO:  1824 CW 2021-03-20 1736 UA5L          599 SM OM2XW         599 0010
QSO:  7022 CW 2021-03-20 1736 UA5L          599 SM LZ1FH         599 0125
QSO:  1819 CW 2021-03-20 1737 UA5L          599 SM JH4UTP        599 0337
QSO:  7022 CW 2021-03-20 1738 UA5L          599 SM ON5JT         599 0025
QSO:  7021 CW 2021-03-20 1739 UA5L          599 SM DK2CX         599 0003
QSO:  7021 CW 2021-03-20 1739 UA5L          599 SM F5RQQ         599 0025
QSO:  7021 CW 2021-03-20 1740 UA5L          599 SM SP4Z          599 0382
QSO:  7022 CW 2021-03-20 1740 UA5L          599 SM HA8WY         599 0036
QSO:  7000 CW 2021-03-20 1741 UA5L          599 SM DL1EKO        599 0173
QSO:  7000 CW 2021-03-20 1741 UA5L          599 SM UY2ZZ         599 0012
QSO:  7022 CW 2021-03-20 1741 UA5L          599 SM DF3VM         599 0427
QSO:  7000 CW 2021-03-20 1742 UA5L          599 SM DL4DRW        599 0039
QSO:  1824 CW 2021-03-20 1743 UA5L          599 SM IC8POF        599 0024
QSO:  7021 CW 2021-03-20 1743 UA5L          599 SM SP3VT         599 0036
QSO:  7012 CW 2021-03-20 1744 UA5L          599 SM P3X           599 1147
QSO:  7037 CW 2021-03-20 1745 UA5L          599 SM IS0/OM3RM     599 0666
QSO:  1823 CW 2021-03-20 1747 UA5L          599 SM OK2ZV         599 0198
QSO:  1823 CW 2021-03-20 1748 UA5L          599 SM LY5XX         599 0283
QSO:  1824 CW 2021-03-20 1748 UA5L          599 SM HA8VV         599 0287
QSO:  7169 PH 2021-03-20 1748 UA5L          59 SM OM6H          59 0096
QSO:  7144 PH 2021-03-20 1750 UA5L          59 SM DF9PX         59 0007
QSO:  7144 PH 2021-03-20 1750 UA5L          59 SM E7DX          59 1230
QSO:  7144 PH 2021-03-20 1751 UA5L          59 SM I4AUM         59 0069
QSO:  1824 CW 2021-03-20 1752 UA5L          599 SM SE6K          599 0088
QSO:  1823 CW 2021-03-20 1753 UA5L          599 SM E7DX          599 1240
QSO:  7000 PH 2021-03-20 1753 UA5L          59 SM SV2HJW        59 0010
QSO:  7082 PH 2021-03-20 1754 UA5L          59 SM DG8AM         59 0041
QSO:  7083 PH 2021-03-20 1754 UA5L          59 SM DL2BDA        59 0113
QSO:  7000 PH 2021-03-20 1755 UA5L          59 SM DK0BM         59 0083
QSO:  7083 PH 2021-03-20 1755 UA5L          59 SM PC2K          59 0144
QSO:  1824 CW 2021-03-20 1757 UA5L          599 SM OK2VWB        599 0087
QSO:  7083 PH 2021-03-20 1757 UA5L          59 SM PC4DX         59 0060
QSO:  7083 PH 2021-03-20 1758 UA5L          59 SM DL9HB         59 0036
QSO:  7083 PH 2021-03-20 1758 UA5L          59 SM HB9ON         59 0127
QSO:  7083 PH 2021-03-20 1758 UA5L          59 SM YU5R          59 0328
QSO:  1822 CW 2021-03-20 1759 UA5L          599 SM OH0T          599 0962
QSO:  1811 CW 2021-03-20 1800 UA5L          599 SM P3AA          599 0639
QSO:  7083 PH 2021-03-20 1800 UA5L          59 SM SQ1BHH        59 0027
QSO:  7000 PH 2021-03-20 1802 UA5L          59 SM SQ9KQS        59 0066
QSO:  7113 PH 2021-03-20 1802 UA5L          59 SM J42L          59 0833
QSO:  7091 PH 2021-03-20 1803 UA5L          59 SM ES9C          59 0737
QSO:  7000 PH 2021-03-20 1804 UA5L          59 SM IZ8XXE        59 0326
QSO:  1824 CW 2021-03-20 1805 UA5L          599 SM UR7GO         599 0650
QSO:  1824 CW 2021-03-20 1806 UA5L          599 SM YL1ZF         599 0391
QSO:  7162 PH 2021-03-20 1806 UA5L          59 SM A71MM         59 0023
QSO:  1824 CW 2021-03-20 1807 UA5L          599 SM HA7SBQ        599 0153
QSO:  1824 CW 2021-03-20 1807 UA5L          599 SM OL3W          599 0025
QSO:  7000 PH 2021-03-20 1807 UA5L          59 SM IK0PHY        59 0577
QSO:  7000 PH 2021-03-20 1807 UA5L          59 SM YT8WW         59 0274
QSO:  1824 CW 2021-03-20 1808 UA5L          599 SM DR5X          599 0037
QSO:  1824 CW 2021-03-20 1808 UA5L          599 SM OM4DU         599 0071
QSO:  7119 PH 2021-03-20 1808 UA5L          59 SM YP8T          59 0426
QSO:  7160 PH 2021-03-20 1809 UA5L          59 SM 9K9A          59 0927
QSO:  1800 CW 2021-03-20 1811 UA5L          599 SM UR5ZTH        599 0145
QSO:  7171 PH 2021-03-20 1811 UA5L          59 SM 3Z1K          59 0167
QSO:  7000 PH 2021-03-20 1812 UA5L          59 SM IK3SSW        59 0050
QSO:  7164 PH 2021-03-20 1812 UA5L          59 SM SN6L          59 0214
QSO:  7164 PH 2021-03-20 1813 UA5L          59 SM F4HRG         59 0054
QSO:  7164 PH 2021-03-20 1813 UA5L          59 SM PA2PKZ        59 0257
QSO:  1824 CW 2021-03-20 1814 UA5L          599 SM DJ9DZ         599 0275
QSO:  7000 PH 2021-03-20 1814 UA5L          59 SM EA3HJO        59 0133
QSO:  7000 PH 2021-03-20 1814 UA5L          59 SM EA3T          59 0027
QSO:  7000 PH 2021-03-20 1815 UA5L          59 SM IU3LYJ        59 0086
QSO:  7164 PH 2021-03-20 1815 UA5L          59 SM IZ6CST        59 0027
QSO:  7164 PH 2021-03-20 1816 UA5L          59 SM DK9BM         59 0016
QSO:  7164 PH 2021-03-20 1816 UA5L          59 SM F5IVP         59 0023
QSO:  7000 PH 2021-03-20 1817 UA5L          59 SM OK2BRX        59 0073
QSO:  7000 PH 2021-03-20 1817 UA5L          59 SM SZ21PF        59 0100
QSO:  7164 PH 2021-03-20 1817 UA5L          59 SM F4IEX         59 0014
QSO:  7164 PH 2021-03-20 1818 UA5L          59 SM HA5T          59 0169
QSO:  7164 PH 2021-03-20 1818 UA5L          59 SM LZ1UBO        59 0072
QSO:  7164 PH 2021-03-20 1820 UA5L          59 SM DJ9HX         59 0067
QSO:  7164 PH 2021-03-20 1820 UA5L          59 SM F4GDO         59 0053
QSO:  7195 PH 2021-03-20 1820 UA5L          59 SM F5PSA         59 0061
QSO:  7164 PH 2021-03-20 1821 UA5L          59 SM DK2LO         59 0173
QSO:  7000 PH 2021-03-20 1822 UA5L          59 SM DB5SM         59 0112
QSO:  7164 PH 2021-03-20 1823 UA5L          59 SM DP6A          59 0130
QSO:  7164 PH 2021-03-20 1823 UA5L          59 SM IZ5CMC        59 0110
QSO:  7164 PH 2021-03-20 1823 UA5L          59 SM ON5RZ         59 0003
QSO:  7000 PH 2021-03-20 1824 UA5L          59 SM IU7EDX        59 0003
QSO:  7000 PH 2021-03-20 1824 UA5L          59 SM SV2CXI        59 0084
QSO:  7164 PH 2021-03-20 1825 UA5L          59 SM PA3DNA        59 0090
QSO:  7164 PH 2021-03-20 1825 UA5L          59 SM S57NAW        59 0072
QSO:  7000 PH 2021-03-20 1826 UA5L          59 SM DU1R          59 0161
QSO:  1874 PH 2021-03-20 1828 UA5L          59 SM UT1AN         59 0360
QSO:  7159 PH 2021-03-20 1828 UA5L          59 SM UW5ZM         59 0655
QSO:  7176 PH 2021-03-20 1829 UA5L          59 SM HB9NE         59 0314
QSO:  7154 PH 2021-03-20 1830 UA5L          59 SM DA0BCC        59 0521
QSO:  1853 PH 2021-03-20 1832 UA5L          59 SM SP8R          59 0006
QSO:  7020 CW 2021-03-20 1832 UA5L          599 SM LA0CX         599 0070
QSO:  7002 CW 2021-03-20 1834 UA5L          599 SM E2A           599 0255
QSO:  7031 CW 2021-03-20 1834 UA5L          599 SM 3V8SS         599 0812
QSO:  1838 CW 2021-03-20 1835 UA5L          599 SM EV5A          599 0283
QSO:  7000 CW 2021-03-20 1837 UA5L          599 SM JO7KMB        599 0017
QSO:  7000 CW 2021-03-20 1838 UA5L          599 SM DL6AG         599 0142
QSO:  7019 CW 2021-03-20 1838 UA5L          599 SM EA5L          599 0045
QSO:  7019 CW 2021-03-20 1839 UA5L          599 SM CR6K          599 0995
QSO:  7019 CW 2021-03-20 1839 UA5L          599 SM DF6PB         599 0181
QSO:  7019 CW 2021-03-20 1839 UA5L          599 SM IZ3SQW        599 0331
QSO:  7019 CW 2021-03-20 1839 UA5L          599 SM SF1Z          599 0053
QSO:  7000 CW 2021-03-20 1840 UA5L          599 SM OK2MBP        599 0276
QSO:  7019 CW 2021-03-20 1841 UA5L          599 SM DL1QQ         599 0046
QSO:  7019 CW 2021-03-20 1841 UA5L          599 SM DL7ON         599 0455
QSO:  1800 CW 2021-03-20 1842 UA5L          599 SM Z35F          599 0041
QSO:  7019 CW 2021-03-20 1842 UA5L          599 SM LY4L          599 0587
QSO:  7019 CW 2021-03-20 1842 UA5L          599 SM Z36W          599 0156
QSO:  1826 CW 2021-03-20 1843 UA5L          599 SM OZ1AAR        599 0158
QSO:  7019 CW 2021-03-20 1843 UA5L          599 SM HG6Y          599 0026
QSO:  7019 CW 2021-03-20 1843 UA5L          599 SM S53V          599 0367
QSO:  7019 CW 2021-03-20 1843 UA5L          599 SM SO0N          599 0007
QSO:  7019 CW 2021-03-20 1844 UA5L          599 SM HB9CZF        599 0010
QSO:  7019 CW 2021-03-20 1844 UA5L          599 SM IK2LFF        599 0447
QSO:  7019 CW 2021-03-20 1845 UA5L          599 SM EA5GIE        599 0066
QSO:  7019 CW 2021-03-20 1845 UA5L          599 SM IZ2DLV        599 0238
QSO:  7019 CW 2021-03-20 1845 UA5L          599 SM IZ3GNG        599 0049
QSO:  1824 CW 2021-03-20 1846 UA5L          599 SM HG6N          599 1064
QSO:  7019 CW 2021-03-20 1846 UA5L          599 SM DL4DZ         599 0097
QSO:  7019 CW 2021-03-20 1846 UA5L          599 SM DM7CW         599 0112
QSO:  7019 CW 2021-03-20 1846 UA5L          599 SM F4GYM         599 0032
QSO:  1824 CW 2021-03-20 1847 UA5L          599 SM UT4LW         599 0772
QSO:  1824 CW 2021-03-20 1847 UA5L          599 SM UT5ECZ        599 0018
QSO:  7019 CW 2021-03-20 1847 UA5L          599 SM DD2D          599 0571
QSO:  7019 CW 2021-03-20 1847 UA5L          599 SM HA9TA         599 0077
QSO:  7019 CW 2021-03-20 1847 UA5L          599 SM HB7X          599 0514
QSO:  1810 CW 2021-03-20 1848 UA5L          599 SM DL5KVV        599 0020
QSO:  1824 CW 2021-03-20 1848 UA5L          599 SM DL0MCM        599 0017
QSO:  1824 CW 2021-03-20 1848 UA5L          599 SM LY7Z          599 0175
QSO:  7000 CW 2021-03-20 1848 UA5L          599 SM OK1DKU        599 0114
QSO:  7000 CW 2021-03-20 1848 UA5L          599 SM YT6M          599 0168
QSO:  7019 CW 2021-03-20 1848 UA5L          599 SM OK2BFN        599 0179
QSO:  7019 CW 2021-03-20 1848 UA5L          599 SM OK2HIJ        599 0074
QSO:  1824 CW 2021-03-20 1850 UA5L          599 SM SE5E          599 0497
QSO:  7019 CW 2021-03-20 1850 UA5L          599 SM DJ5MW         599 0725
QSO:  7019 CW 2021-03-20 1850 UA5L          599 SM DL1MAJ        599 0149
QSO:  7019 CW 2021-03-20 1850 UA5L          599 SM IZ2BMM        599 0028
QSO:  7019 CW 2021-03-20 1850 UA5L          599 SM YO8BSE        599 0068
QSO:  7000 CW 2021-03-20 1851 UA5L          599 SM DM5DM         599 0167
QSO:  7019 CW 2021-03-20 1851 UA5L          599 SM DJ9HX         599 0088
QSO:  7019 CW 2021-03-20 1851 UA5L          599 SM DL4KG         599 0068
QSO:  7019 CW 2021-03-20 1851 UA5L          599 SM SP5UD         599 0095
QSO:  7019 CW 2021-03-20 1852 UA5L          599 SM DK5CF         599 0057
QSO:  7019 CW 2021-03-20 1852 UA5L          599 SM DK9IP         599 0230
QSO:  1824 CW 2021-03-20 1853 UA5L          599 SM DL7ON         599 0467
QSO:  1824 CW 2021-03-20 1853 UA5L          599 SM EF3O          599 0259
QSO:  7019 CW 2021-03-20 1853 UA5L          599 SM LZ2RS         599 0223
QSO:  1824 CW 2021-03-20 1854 UA5L          599 SM YL2CV         599 0254
QSO:  7000 CW 2021-03-20 1854 UA5L          599 SM F5ICC         599 0010
QSO:  7019 CW 2021-03-20 1854 UA5L          599 SM E29TGW        599 0221
QSO:  1824 CW 2021-03-20 1855 UA5L          599 SM LZ8E          599 0741
QSO:  7000 CW 2021-03-20 1856 UA5L          599 SM IT9AXZ        599 0086
QSO:  1800 CW 2021-03-20 1857 UA5L          599 SM JA4CUU        599 0019
QSO:  1800 CW 2021-03-20 1857 UA5L          599 SM UN7LDR        599 0290
QSO:  1824 CW 2021-03-20 1857 UA5L          599 SM YU7D          599 0100
QSO:  7019 CW 2021-03-20 1857 UA5L          599 SM DL7YS         599 0019
QSO:  7019 CW 2021-03-20 1857 UA5L          599 SM OE6MMD        599 0059
QSO:  7019 CW 2021-03-20 1858 UA5L          599 SM IV3SKB        599 0560
QSO:  7019 CW 2021-03-20 1858 UA5L          599 SM YO4DG         599 0235
QSO:  7000 CW 2021-03-20 1859 UA5L          599 SM DL5ZL         599 0049
QSO:  7019 CW 2021-03-20 1859 UA5L          599 SM DF5EG         599 0156
QSO:  7019 CW 2021-03-20 1859 UA5L          599 SM DL6RAI        599 0364
QSO:  7019 CW 2021-03-20 1900 UA5L          599 SM CT7AUP        599 0241
QSO:  7019 CW 2021-03-20 1900 UA5L          599 SM DM7AA         599 0052
QSO:  7019 CW 2021-03-20 1900 UA5L          599 SM OM5UM         599 0064
QSO:  7019 CW 2021-03-20 1900 UA5L          599 SM S57Q          599 0372
QSO:  1824 CW 2021-03-20 1901 UA5L          599 SM HG6O          599 0389
QSO:  1824 CW 2021-03-20 1901 UA5L          599 SM HG7T          599 0089
QSO:  7019 CW 2021-03-20 1901 UA5L          599 SM HA5JI         599 0688
QSO:  7019 CW 2021-03-20 1901 UA5L          599 SM OZ7BQ         599 0142
QSO:  1824 CW 2021-03-20 1902 UA5L          599 SM DL8DWW        599 0222
QSO:  7000 CW 2021-03-20 1902 UA5L          599 SM DL1BUG        599 0258
QSO:  7019 CW 2021-03-20 1902 UA5L          599 SM Z35Y          599 0309
QSO:  7000 CW 2021-03-20 1903 UA5L          599 SM DL4MCA        599 0021
QSO:  7019 CW 2021-03-20 1903 UA5L          599 SM 9A3DF         599 0066
QSO:  7019 CW 2021-03-20 1903 UA5L          599 SM OM8ON         599 0157
QSO:  1824 CW 2021-03-20 1904 UA5L          599 SM P3X           599 1415
QSO:  7019 CW 2021-03-20 1904 UA5L          599 SM OL6P          599 0291
QSO:  1824 CW 2021-03-20 1905 UA5L          599 SM LA7XK         599 0030
QSO:  1824 CW 2021-03-20 1905 UA5L          599 SM US5ABI        599 0084
QSO:  7019 CW 2021-03-20 1905 UA5L          599 SM MM9I          599 0471
QSO:  7000 CW 2021-03-20 1906 UA5L          599 SM DL9GMC        599 0108
QSO:  7019 CW 2021-03-20 1906 UA5L          599 SM YL1ZF         599 0455
QSO:  1800 CW 2021-03-20 1907 UA5L          599 SM SM5AOG        599 0032
QSO:  1824 CW 2021-03-20 1907 UA5L          599 SM DL1DQW        599 0194
QSO:  1824 CW 2021-03-20 1907 UA5L          599 SM S53O          599 0088
QSO:  7019 CW 2021-03-20 1907 UA5L          599 SM DL4DTL        599 0076
QSO:  7019 CW 2021-03-20 1908 UA5L          599 SM HA7UI         599 0346
QSO:  7019 CW 2021-03-20 1908 UA5L          599 SM LA2HFA        599 0087
QSO:  7019 CW 2021-03-20 1909 UA5L          599 SM DK7A          599 0273
QSO:  7019 CW 2021-03-20 1909 UA5L          599 SM IK0HBN        599 0104
QSO:  1824 CW 2021-03-20 1910 UA5L          599 SM 9A5Y          599 0047
QSO:  7019 CW 2021-03-20 1910 UA5L          599 SM HA5OM         599 0216
QSO:  7029 CW 2021-03-20 1910 UA5L          599 SM SP2XX         599 0124
QSO:  1824 CW 2021-03-20 1911 UA5L          599 SM DL2SAX        599 0544
QSO:  7022 CW 2021-03-20 1920 UA5L          599 SM YR9F          599 0294
QSO:  7011 CW 2021-03-20 1921 UA5L          599 SM OM3CW         599 0280
QSO:  7032 CW 2021-03-20 1921 UA5L          599 SM IQ2CJ         599 0830
QSO:  7168 PH 2021-03-20 1926 UA5L          59 SM YU1UO         59 0184
QSO:  7168 PH 2021-03-20 1927 UA5L          59 SM DF9XV         59 0282
QSO:  7168 PH 2021-03-20 1927 UA5L          59 SM HB9FEX        59 0007
QSO:  7168 PH 2021-03-20 1927 UA5L          59 SM LZ3SD         59 0098
QSO:  7168 PH 2021-03-20 1927 UA5L          59 SM PE1EWR        59 0086
QSO:  7000 PH 2021-03-20 1928 UA5L          59 SM E7GZ          59 0168
QSO:  7168 PH 2021-03-20 1929 UA5L          59 SM OE1HHB        59 0055
QSO:  7000 PH 2021-03-20 1930 UA5L          59 SM YO5CTS        59 0028
QSO:  7000 PH 2021-03-20 1930 UA5L          59 SM Z35U          59 0034
QSO:  7168 PH 2021-03-20 1930 UA5L          59 SM DK2CX         59 0134
QSO:  7000 PH 2021-03-20 1931 UA5L          59 SM I4XNN         59 0163
QSO:  7000 PH 2021-03-20 1931 UA5L          59 SM YO9XC         59 0293
QSO:  7168 PH 2021-03-20 1931 UA5L          59 SM IT9FRX        59 0441
QSO:  7168 PH 2021-03-20 1932 UA5L          59 SM EB5A          59 0930
QSO:  7168 PH 2021-03-20 1932 UA5L          59 SM PA1BK         59 0053
QSO:  7168 PH 2021-03-20 1932 UA5L          59 SM S52AW         59 0586
QSO:  1829 CW 2021-03-20 1933 UA5L          599 SM UT7CR         599 0853
QSO:  7168 PH 2021-03-20 1933 UA5L          59 SM EA2AOO/P      59 0083
QSO:  7168 PH 2021-03-20 1933 UA5L          59 SM OE3LZA        59 0121
QSO:  7168 PH 2021-03-20 1933 UA5L          59 SM SP9XCN        59 0454
QSO:  1829 CW 2021-03-20 1934 UA5L          599 SM 9A7A          599 0028
QSO:  7168 PH 2021-03-20 1934 UA5L          59 SM DL1MAJ        59 0179
QSO:  7168 PH 2021-03-20 1934 UA5L          59 SM IK6QRH        59 0028
QSO:  1828 CW 2021-03-20 1935 UA5L          599 SM DA2X          599 0031
QSO:  1829 CW 2021-03-20 1935 UA5L          599 SM PA9M          599 0229
QSO:  7000 PH 2021-03-20 1935 UA5L          59 SM DK8K          59 0172
QSO:  7168 PH 2021-03-20 1935 UA5L          59 SM 9A3DF         59 0075
QSO:  7168 PH 2021-03-20 1935 UA5L          59 SM EE7P          59 0361
QSO:  7000 PH 2021-03-20 1936 UA5L          59 SM SV4SCL        59 0067
QSO:  7168 PH 2021-03-20 1936 UA5L          59 SM IK2LFF        59 0482
QSO:  7168 PH 2021-03-20 1936 UA5L          59 SM YT4W          59 0640
QSO:  1828 CW 2021-03-20 1937 UA5L          599 SM EU8U          599 0624
QSO:  7168 PH 2021-03-20 1938 UA5L          59 SM LY5AX         59 0287
QSO:  7168 PH 2021-03-20 1939 UA5L          59 SM HB9BOI        59 0173
QSO:  1828 CW 2021-03-20 1940 UA5L          599 SM UT9EZ         599 0182
QSO:  7000 PH 2021-03-20 1940 UA5L          59 SM SP2BZ         59 0048
QSO:  7168 PH 2021-03-20 1940 UA5L          59 SM F1IKA         59 0054
QSO:  7192 PH 2021-03-20 1940 UA5L          59 SM SP3P          59 0148
QSO:  1800 CW 2021-03-20 1941 UA5L          599 SM UR5LF         599 0287
QSO:  7000 PH 2021-03-20 1941 UA5L          59 SM IV3KKW        59 0161
QSO:  7000 PH 2021-03-20 1941 UA5L          59 SM MU0GSY        59 0077
QSO:  7168 PH 2021-03-20 1941 UA5L          59 SM PA0KDV        59 0135
QSO:  1828 CW 2021-03-20 1942 UA5L          599 SM YT8A          599 0326
QSO:  7000 PH 2021-03-20 1942 UA5L          59 SM EA1FDJ        59 0061
QSO:  7168 PH 2021-03-20 1942 UA5L          59 SM EA4DL         59 0010
QSO:  7000 PH 2021-03-20 1943 UA5L          59 SM F4HER         59 0074
QSO:  7151 PH 2021-03-20 1943 UA5L          59 SM IW1FRU        59 0065
QSO:  1828 CW 2021-03-20 1944 UA5L          599 SM S51MM         599 0054
QSO:  1829 CW 2021-03-20 1944 UA5L          599 SM SO4R          599 0096
QSO:  1829 CW 2021-03-20 1944 UA5L          599 SM YL1ZX         599 0011
QSO:  7168 PH 2021-03-20 1944 UA5L          59 SM DK7AM         59 0164
QSO:  7168 PH 2021-03-20 1944 UA5L          59 SM IW3IAU        59 0012
QSO:  7000 PH 2021-03-20 1945 UA5L          59 SM 9A5VS         59 0036
QSO:  7000 PH 2021-03-20 1945 UA5L          59 SM DL9YJ         59 0046
QSO:  7000 PH 2021-03-20 1945 UA5L          59 SM EA1OT         59 0036
QSO:  7168 PH 2021-03-20 1946 UA5L          59 SM OK6AB         59 0172
QSO:  7167 PH 2021-03-20 1947 UA5L          59 SM DL8MEF        59 0018
QSO:  7168 PH 2021-03-20 1948 UA5L          59 SM ON4CJR        59 0018
QSO:  7168 PH 2021-03-20 1949 UA5L          59 SM M3ZZF         59 0041
QSO:  7168 PH 2021-03-20 1949 UA5L          59 SM PA2CVD        59 0097
QSO:  1800 CW 2021-03-20 1950 UA5L          599 SM SM6IQD        599 0016
QSO:  1828 CW 2021-03-20 1950 UA5L          599 SM UR4EI         599 0093
QSO:  7168 PH 2021-03-20 1950 UA5L          59 SM M0NJW         59 0055
QSO:  1810 CW 2021-03-20 1951 UA5L          599 SM OK5ET         599 0010
QSO:  1829 CW 2021-03-20 1951 UA5L          599 SM SN5J          599 0204
QSO:  7168 PH 2021-03-20 1951 UA5L          59 SM ON1DU         59 0054
QSO:  1829 CW 2021-03-20 1952 UA5L          599 SM S52W          599 0024
QSO:  7000 PH 2021-03-20 1952 UA5L          59 SM IU1HJF        59 0037
QSO:  1828 CW 2021-03-20 1953 UA5L          599 SM SP2LNW        599 0529
QSO:  7069 PH 2021-03-20 1953 UA5L          59 SM EI0W          59 0676
QSO:  1828 CW 2021-03-20 1954 UA5L          599 SM DA0T          599 0361
QSO:  7163 PH 2021-03-20 1954 UA5L          59 SM ED8W          59 0701
QSO:  7182 PH 2021-03-20 1954 UA5L          59 SM LZ2YO         59 0109
QSO:  1828 CW 2021-03-20 1955 UA5L          599 SM OZ8SW         599 0102
QSO:  1829 CW 2021-03-20 1955 UA5L          599 SM DL5SFC        599 0011
QSO:  7133 PH 2021-03-20 1955 UA5L          59 SM 9A5D          59 0582
QSO:  7157 PH 2021-03-20 1955 UA5L          59 SM G6MC          59 0402
QSO:  1829 CW 2021-03-20 1956 UA5L          599 SM OK8AU         599 0341
QSO:  7144 PH 2021-03-20 1956 UA5L          59 SM HZ1TL         59 0472
QSO:  7161 PH 2021-03-20 1956 UA5L          59 SM A71AM         59 0826
QSO:  1828 CW 2021-03-20 1957 UA5L          599 SM DL6RAI        599 0417
QSO:  1828 CW 2021-03-20 1958 UA5L          599 SM DK2LO         599 0223
QSO:  7136 PH 2021-03-20 1958 UA5L          59 SM DP6A          59 0255
QSO:  7000 PH 2021-03-20 2000 UA5L          59 SM F4HLB         59 0094
QSO:  1800 CW 2021-03-20 2002 UA5L          599 SM UR5IUY        599 0118
QSO:  1828 CW 2021-03-20 2003 UA5L          599 SM DP6A          599 0010
QSO:  1814 CW 2021-03-20 2005 UA5L          599 SM TM6M          599 0037
QSO:  7013 CW 2021-03-20 2005 UA5L          599 SM F5IN          599 0707
QSO:  7024 CW 2021-03-20 2005 UA5L          599 SM HB9ARF        599 0361
QSO:  7034 CW 2021-03-20 2005 UA5L          599 SM GM4AFF        599 0616
QSO:  1829 CW 2021-03-20 2006 UA5L          599 SM ER3R          599 0290
QSO:  1829 CW 2021-03-20 2007 UA5L          599 SM EA2AZ         599 0233
QSO:  7035 CW 2021-03-20 2007 UA5L          599 SM JH4UTP        599 0419
QSO:  1828 CW 2021-03-20 2008 UA5L          599 SM DC6O          599 0412
QSO:  1829 CW 2021-03-20 2008 UA5L          599 SM DL7URH        599 0345
QSO:  1828 CW 2021-03-20 2009 UA5L          599 SM DK3A          599 0222
QSO:  1829 CW 2021-03-20 2009 UA5L          599 SM LZ6E          599 0521
QSO:  1829 CW 2021-03-20 2009 UA5L          599 SM SE6J          599 0077
QSO:  7029 CW 2021-03-20 2009 UA5L          599 SM OK2QA         599 0121
QSO:  1829 CW 2021-03-20 2010 UA5L          599 SM IT9RGY        599 0247
QSO:  1829 CW 2021-03-20 2012 UA5L          599 SM SE4E          599 0436
QSO:  7003 CW 2021-03-20 2012 UA5L          599 SM SC0T          599 0055
QSO:  1828 CW 2021-03-20 2013 UA5L          599 SM S51RE         599 0052
QSO:  1828 CW 2021-03-20 2013 UA5L          599 SM UT5VX         599 0038
QSO:  7017 CW 2021-03-20 2013 UA5L          599 SM IV3AZV        599 0181
QSO:  7030 CW 2021-03-20 2013 UA5L          599 SM ES7GN         599 0647
QSO:  1828 CW 2021-03-20 2014 UA5L          599 SM EW8DX         599 0648
QSO:  1829 CW 2021-03-20 2014 UA5L          599 SM OL5Y          599 0489
QSO:  7012 CW 2021-03-20 2014 UA5L          599 SM IK1PMR        599 0393
QSO:  7023 CW 2021-03-20 2014 UA5L          599 SM LZ3QE         599 0431
QSO:  7000 CW 2021-03-20 2015 UA5L          599 SM UR7GO         599 0848
QSO:  7046 CW 2021-03-20 2015 UA5L          599 SM IF9A          599 0597
QSO:  7029 CW 2021-03-20 2016 UA5L          599 SM HG6O          599 0462
QSO:  7044 CW 2021-03-20 2016 UA5L          599 SM EA8RM         599 0800
QSO:  7006 CW 2021-03-20 2018 UA5L          599 SM K1ZZ          599 0711
QSO:  7001 CW 2021-03-20 2021 UA5L          599 SM VE3NNT        599 0550
QSO:  7019 CW 2021-03-20 2022 UA5L          599 SM K1AR          599 0212
QSO:  7043 CW 2021-03-20 2022 UA5L          599 SM F6IRA         599 0443
QSO:  7148 PH 2021-03-20 2023 UA5L          59 SM PC2T          59 0110
QSO:  7039 CW 2021-03-20 2026 UA5L          599 SM K3AJ          599 0014
QSO:  7026 CW 2021-03-20 2028 UA5L          599 SM 9H1PI         599 0501
QSO:  7000 CW 2021-03-20 2029 UA5L          599 SM 9G5FI         599 0750
QSO:  7008 CW 2021-03-20 2033 UA5L          599 SM I4IKW         599 0038
QSO:  7012 CW 2021-03-20 2034 UA5L          599 SM DL2SAX        599 0626
QSO:  7019 CW 2021-03-20 2035 UA5L          599 SM TA2DA/3       599 0272
QSO:  7022 CW 2021-03-20 2037 UA5L          599 SM LZ1QV         599 0196
QSO:  7021 CW 2021-03-20 2038 UA5L          599 SM DL2TM         599 0036
QSO:  7022 CW 2021-03-20 2038 UA5L          599 SM 9A3XV         599 0097
QSO:  7021 CW 2021-03-20 2039 UA5L          599 SM DJ3XA         599 0051
QSO:  7022 CW 2021-03-20 2039 UA5L          599 SM 9M6NA         599 0268
QSO:  7000 CW 2021-03-20 2040 UA5L          599 SM 9A1DR         599 0105
QSO:  7021 CW 2021-03-20 2040 UA5L          599 SM HA8TKS        599 0229
QSO:  7021 CW 2021-03-20 2040 UA5L          599 SM YT8A          599 0363
QSO:  7022 CW 2021-03-20 2041 UA5L          599 SM ON4TTT        599 0030
QSO:  7000 CW 2021-03-20 2043 UA5L          599 SM HA8WZ         599 0155
QSO:  7021 CW 2021-03-20 2044 UA5L          599 SM E70A          599 0003
QSO:  7022 CW 2021-03-20 2044 UA5L          599 SM PA2TA         599 0163
QSO:  7021 CW 2021-03-20 2045 UA5L          599 SM EA5GX         599 0089
QSO:  7021 CW 2021-03-20 2046 UA5L          599 SM DJ9DZ         599 0408
QSO:  7022 CW 2021-03-20 2046 UA5L          599 SM DK5AI         599 0067
QSO:  7000 CW 2021-03-20 2047 UA5L          599 SM SP1R/MM       599 0127
QSO:  7021 CW 2021-03-20 2047 UA5L          599 SM DL0LA         599 0137
QSO:  7022 CW 2021-03-20 2047 UA5L          599 SM PA3DSB        599 0015
QSO:  7021 CW 2021-03-20 2048 UA5L          599 SM F5JFU         599 0110
QSO:  7022 CW 2021-03-20 2048 UA5L          599 SM I1MMN         599 0040
QSO:  7021 CW 2021-03-20 2049 UA5L          599 SM DL5JS         599 0208
QSO:  7022 CW 2021-03-20 2049 UA5L          599 SM PE3T          599 0088
QSO:  7000 CW 2021-03-20 2050 UA5L          599 SM OK1MBZ        599 0104
QSO:  7000 CW 2021-03-20 2051 UA5L          599 SM PA7MDJ        599 0011
QSO:  7021 CW 2021-03-20 2051 UA5L          599 SM I2WIJ         599 0253
QSO:  7022 CW 2021-03-20 2051 UA5L          599 SM LZ1YF         599 0066
QSO:  7000 CW 2021-03-20 2053 UA5L          599 SM YU1MI         599 0055
QSO:  7022 CW 2021-03-20 2053 UA5L          599 SM DM6EE         599 0128
QSO:  7021 CW 2021-03-20 2054 UA5L          599 SM DL0DX         599 0215
QSO:  7041 CW 2021-03-20 2057 UA5L          599 SM TA7I          599 0175
QSO:  7012 CW 2021-03-20 2058 UA5L          599 SM BY1CY         599 0237
QSO:  7005 CW 2021-03-20 2059 UA5L          599 MO YP0HQ         599 0380
QSO:  7008 CW 2021-03-20 2059 UA5L          599 SM 4X6FR         599 1240
QSO:  7041 CW 2021-03-20 2059 UA5L          599 SM YO9HP         599 0369
QSO:  7035 CW 2021-03-20 2100 UA5L          599 SM UP5B          599 0358
QSO:  7020 CW 2021-03-20 2102 UA5L          599 SM ES9C          599 1100
QSO:  7020 CW 2021-03-20 2103 UA5L          599 SM W3UA          599 0827
QSO:  7021 CW 2021-03-20 2103 UA5L          599 SM G4EBK         599 0116
QSO:  7021 CW 2021-03-20 2103 UA5L          599 SM IK2CFD        599 0075
QSO:  7000 CW 2021-03-20 2104 UA5L          599 SM DL6RBH        599 0025
QSO:  7021 CW 2021-03-20 2104 UA5L          599 SM CR5O          599 0510
QSO:  7000 CW 2021-03-20 2105 UA5L          599 SM DA3T          599 0253
QSO:  7020 CW 2021-03-20 2105 UA5L          599 SM YU1LM/QRP     599 0069
QSO:  7021 CW 2021-03-20 2106 UA5L          599 SM N3RD          599 0380
QSO:  7021 CW 2021-03-20 2106 UA5L          599 SM YO9IUP        599 0091
QSO:  7020 CW 2021-03-20 2107 UA5L          599 SM HB9AMO        599 0271
QSO:  7021 CW 2021-03-20 2107 UA5L          599 SM M4J           599 0094
QSO:  7020 CW 2021-03-20 2108 UA5L          599 SM OL7O          599 0216
QSO:  7021 CW 2021-03-20 2108 UA5L          599 SM N3RS          599 0605
QSO:  7000 CW 2021-03-20 2109 UA5L          599 SM OK2NAJ        599 0128
QSO:  7000 CW 2021-03-20 2110 UA5L          599 SM 9A2EY         599 0191
QSO:  7020 CW 2021-03-20 2110 UA5L          599 SM F8EBY         599 0032
QSO:  7021 CW 2021-03-20 2110 UA5L          599 SM VA2UR         599 0181
QSO:  7000 CW 2021-03-20 2111 UA5L          599 SM OK2CSU        599 0108
QSO:  7021 CW 2021-03-20 2111 UA5L          599 SM N4RV          599 0098
QSO:  7000 CW 2021-03-20 2112 UA5L          599 SM DL7UXG        599 0001
QSO:  7020 CW 2021-03-20 2112 UA5L          599 SM DL6KVA        599 0538
QSO:  7020 CW 2021-03-20 2112 UA5L          599 SM SP9ICU        599 0104
QSO:  7000 CW 2021-03-20 2113 UA5L          599 SM DL7AYM        599 0010
QSO:  7021 CW 2021-03-20 2113 UA5L          599 SM N6AR          599 0451
QSO:  7021 CW 2021-03-20 2114 UA5L          599 SM DK2ZO         599 0061
QSO:  7021 CW 2021-03-20 2114 UA5L          599 SM OK1SI         599 0153
QSO:  7020 CW 2021-03-20 2115 UA5L          599 SM CS7AMH        599 0573
QSO:  7021 CW 2021-03-20 2116 UA5L          599 SU UW1WA         599 0074
QSO:  1829 CW 2021-03-20 2117 UA5L          599 SM HB7X          599 0732
QSO:  7021 CW 2021-03-20 2117 UA5L          599 SM DJ0YI         599 0161
QSO:  7021 CW 2021-03-20 2117 UA5L          599 SM YT9A          599 0053
QSO:  1826 CW 2021-03-20 2118 UA5L          599 SM G6T           599 0684
QSO:  7000 CW 2021-03-20 2118 UA5L          599 SM DL2NFC        599 0151
QSO:  7020 CW 2021-03-20 2118 UA5L          599 SM C4W           599 1054
QSO:  1838 CW 2021-03-20 2119 UA5L          599 SM OT6M          599 0007
QSO:  7021 CW 2021-03-20 2119 UA5L          599 SM WA3EKL        599 0024
QSO:  1820 CW 2021-03-20 2120 UA5L          599 SM F6AUS         599 0203
QSO:  1820 CW 2021-03-20 2121 UA5L          599 SM SP1NY         599 0796
QSO:  7021 CW 2021-03-20 2121 UA5L          599 SM OZ8AE         599 0211
QSO:  1800 CW 2021-03-20 2124 UA5L          599 SM UX2MF         599 0537
QSO:  1800 CW 2021-03-20 2125 UA5L          599 SM UZ1U          599 0311
QSO:  1821 CW 2021-03-20 2125 UA5L          599 SM DK9IP         599 0345
QSO:  1820 CW 2021-03-20 2126 UA5L          599 SM OK2BFN        599 0279
QSO:  1821 CW 2021-03-20 2126 UA5L          599 SM DK7A          599 0387
QSO:  1821 CW 2021-03-20 2126 UA5L          599 SM OZ2TF         599 0323
QSO:  7010 CW 2021-03-20 2126 UA5L          599 SM ZF5T          599 0752
QSO:  1820 CW 2021-03-20 2127 UA5L          599 SM DD2D          599 0703
QSO:  1821 CW 2021-03-20 2128 UA5L          599 SM SQ3R          599 0183
QSO:  1821 CW 2021-03-20 2128 UA5L          599 SM YO2GL         599 0042
QSO:  1832 CW 2021-03-20 2128 UA5L          599 SM DJ3RA         599 0137
QSO:  1820 CW 2021-03-20 2130 UA5L          599 SM D1CTT         599 0271
QSO:  1820 CW 2021-03-20 2130 UA5L          599 SM DJ5MO         599 0404
QSO:  7011 CW 2021-03-20 2130 UA5L          599 SM YO4DW         599 0418
QSO:  1821 CW 2021-03-20 2132 UA5L          599 SM PA5KT         599 0268
QSO:  7008 CW 2021-03-20 2132 UA5L          599 SM IC8FBU        599 0119
QSO:  7000 CW 2021-03-20 2133 UA5L          599 SM E7/Z35M       599 0175
QSO:  1821 CW 2021-03-20 2134 UA5L          599 SM HA8WY         599 0205
QSO:  1821 CW 2021-03-20 2134 UA5L          599 SM YU5R          599 0104
QSO:  7000 PH 2021-03-20 2135 UA5L          59 SM YT4TT         59 0103
QSO:  7144 PH 2021-03-20 2135 UA5L          59 SM DJ2VA         59 0038
QSO:  1821 CW 2021-03-20 2136 UA5L          599 SM YO4RDW        599 0254
QSO:  7000 PH 2021-03-20 2136 UA5L          59 SM IT9FIQ        59 0200
QSO:  1800 CW 2021-03-20 2137 UA5L          599 SM DL7AU         599 0044
QSO:  1820 CW 2021-03-20 2137 UA5L          599 SM YO9WF         599 0808
QSO:  1821 CW 2021-03-20 2138 UA5L          599 SM SM5CSS        599 0180
QSO:  7000 PH 2021-03-20 2138 UA5L          59 SM DL1DJH        59 0068
QSO:  7144 PH 2021-03-20 2138 UA5L          59 SM IZ1SAI        59 0123
QSO:  7144 PH 2021-03-20 2138 UA5L          59 SM YO7OWI        59 0075
QSO:  1820 CW 2021-03-20 2139 UA5L          599 SM OH5Z          599 1133
QSO:  1821 CW 2021-03-20 2139 UA5L          599 SM SP7JLH        599 0334
QSO:  7000 PH 2021-03-20 2139 UA5L          59 SM E70DX         59 0072
QSO:  7000 PH 2021-03-20 2139 UA5L          59 SM PA3J          59 0038
QSO:  7000 PH 2021-03-20 2139 UA5L          59 SM Z32CPU        59 0027
QSO:  7144 PH 2021-03-20 2139 UA5L          59 SM E78T          59 0291
QSO:  1800 CW 2021-03-20 2140 UA5L          599 SM DL1NKS        599 0326
QSO:  7144 PH 2021-03-20 2140 UA5L          59 SM PE9JAN        59 0075
QSO:  7000 PH 2021-03-20 2141 UA5L          59 SM YO7HHE        59 0055
QSO:  1812 CW 2021-03-20 2142 UA5L          599 SM OE6MMD        599 0268
QSO:  1817 CW 2021-03-20 2145 UA5L          599 SM YT6T          599 0070
QSO:  7000 PH 2021-03-20 2145 UA5L          59 SM Z34PEC        59 0014
QSO:  7144 PH 2021-03-20 2145 UA5L          59 SM IZ3KKE        59 0219
QSO:  7000 PH 2021-03-20 2146 UA5L          59 SM DJ4DN         59 0081
QSO:  1824 CW 2021-03-20 2148 UA5L          599 SM LA0CX         599 0311
QSO:  7144 PH 2021-03-20 2148 UA5L          59 SM CT1IQI        59 0024
QSO:  7200 PH 2021-03-20 2148 UA5L          59 SM PA2TMS        59 0094
QSO:  1830 CW 2021-03-20 2149 UA5L          599 SM SP8R          599 0175
QSO:  7000 PH 2021-03-20 2149 UA5L          59 SM YU5EQP        59 0027
QSO:  7144 PH 2021-03-20 2149 UA5L          59 SM EA6PT         59 0127
QSO:  7144 PH 2021-03-20 2149 UA5L          59 SM HI3LT         59 0008
QSO:  7050 PH 2021-03-20 2150 UA5L          59 SM IK0ZSK        59 0022
QSO:  1835 CW 2021-03-20 2151 UA5L          599 SM OH1F          599 0929
QSO:  1800 CW 2021-03-20 2152 UA5L          599 SM LB6GG         599 0446
QSO:  1835 CW 2021-03-20 2152 UA5L          599 SM LY7R          599 0526
QSO:  7029 CW 2021-03-20 2152 UA5L          599 SM IK6QRH        599 0049
QSO:  7029 CW 2021-03-20 2153 UA5L          599 SM AA3B          599 0872
QSO:  7029 CW 2021-03-20 2153 UA5L          599 SM EA8OM         599 0244
QSO:  1800 CW 2021-03-20 2154 UA5L          599 SM IV3EAD        599 0143
QSO:  1837 CW 2021-03-20 2154 UA5L          599 SM DJ5MW         599 1014
QSO:  7029 CW 2021-03-20 2154 UA5L          599 SM 4Z5PN         599 0107
QSO:  7029 CW 2021-03-20 2154 UA5L          599 SM IK2AOO        599 0114
QSO:  1800 CW 2021-03-20 2155 UA5L          599 SM OM8VL         599 0229
QSO:  1837 CW 2021-03-20 2155 UA5L          599 SM OG6N          599 0450
QSO:  1837 CW 2021-03-20 2156 UA5L          599 SM OH1X          599 0098
QSO:  7028 CW 2021-03-20 2156 UA5L          599 SM EA1WH         599 0288
QSO:  7029 CW 2021-03-20 2157 UA5L          599 SM AB2E          599 0017
QSO:  1800 CW 2021-03-20 2158 UA5L          599 SM YL2PP         599 0364
QSO:  7028 CW 2021-03-20 2159 UA5L          599 SM IT9QGH        599 0163
QSO:  7029 CW 2021-03-20 2201 UA5L          599 SM CT1DRB        599 0373
QSO:  7029 CW 2021-03-20 2201 UA5L          599 SM K3EW          599 0101
QSO:  7000 CW 2021-03-20 2202 UA5L          599 SM EI8JX         599 0168
QSO:  7029 CW 2021-03-20 2202 UA5L          599 SM K3ZU          599 0061
QSO:  7030 CW 2021-03-20 2202 UA5L          599 SM YT5A          599 1101
QSO:  7028 CW 2021-03-20 2203 UA5L          599 SM E74UK         599 0083
QSO:  7029 CW 2021-03-20 2203 UA5L          599 SM IZ3DVU        599 0109
QSO:  7000 CW 2021-03-20 2204 UA5L          599 SM LZ7H          599 0206
QSO:  7028 CW 2021-03-20 2204 UA5L          599 SM EB7A          599 0859
QSO:  7028 CW 2021-03-20 2204 UA5L          599 SM IZ4JMA        599 0438
QSO:  7000 CW 2021-03-20 2205 UA5L          599 SM EA5IUY        599 0050
QSO:  7020 CW 2021-03-20 2206 UA5L          599 SM DL4XU         599 0188
QSO:  7029 CW 2021-03-20 2206 UA5L          599 SM OK2YZ         599 0235
QSO:  7000 CW 2021-03-20 2208 UA5L          599 SM IV3UHL        599 0227
QSO:  7029 CW 2021-03-20 2208 UA5L          599 SM DD1JN         599 0180
QSO:  7030 CW 2021-03-20 2208 UA5L          599 SM LZ1BY         599 0011
QSO:  7029 CW 2021-03-20 2210 UA5L          599 SM CB4R          599 0084
QSO:  7029 CW 2021-03-20 2211 UA5L          599 SM CT1ELZ        599 0213
QSO:  7029 CW 2021-03-20 2211 UA5L          599 SM DK3WN         599 0063
QSO:  7029 CW 2021-03-20 2211 UA5L          599 SM OQ4U          599 0105
QSO:  7040 CW 2021-03-20 2211 UA5L          599 SM PV8AJ         599 0009
QSO:  7029 CW 2021-03-20 2212 UA5L          599 SM DL2BIS        599 0002
QSO:  7029 CW 2021-03-20 2212 UA5L          599 SM VA2EBI        599 0183
QSO:  1833 CW 2021-03-20 2213 UA5L          599 SM DL9EE         599 0610
QSO:  1833 CW 2021-03-20 2213 UA5L          599 SM OM5ZW         599 1155
QSO:  1834 CW 2021-03-20 2213 UA5L          599 SM DL1NEO        599 0435
QSO:  1834 CW 2021-03-20 2213 UA5L          599 SM SP2EWQ        599 0198
QSO:  1834 CW 2021-03-20 2213 UA5L          599 SM UW5Y          599 0115
QSO:  1800 CW 2021-03-20 2214 UA5L          599 SM DR7B          599 0249
QSO:  1833 CW 2021-03-20 2214 UA5L          599 SM LY6A          599 1082
QSO:  1834 CW 2021-03-20 2214 UA5L          599 SM SM0HRP        599 0353
QSO:  1834 CW 2021-03-20 2214 UA5L          599 SM UT1DX         599 0202
QSO:  1800 CW 2021-03-20 2215 UA5L          599 SM UY7RR         599 0247
QSO:  1833 CW 2021-03-20 2215 UA5L          599 SM DL5XJ         599 0306
QSO:  1834 CW 2021-03-20 2215 UA5L          599 SM OH2KW         599 0536
QSO:  7000 CW 2021-03-20 2215 UA5L          599 SM PY2EX         599 0215
QSO:  1800 CW 2021-03-20 2216 UA5L          599 SM OM8VL         599 0244
QSO:  1833 CW 2021-03-20 2216 UA5L          599 SM DJ4MX         599 0546
QSO:  1834 CW 2021-03-20 2216 UA5L          599 SM EA5YU         599 0176
QSO:  7000 CW 2021-03-20 2216 UA5L          599 SM W1JQ          599 0062
QSO:  7029 CW 2021-03-20 2216 UA5L          599 SM F4DVX         599 0180
QSO:  7029 CW 2021-03-20 2216 UA5L          599 SM IZ8GCB        599 0507
QSO:  1833 CW 2021-03-20 2217 UA5L          599 SM LZ1UQ         599 0316
QSO:  1833 CW 2021-03-20 2217 UA5L          599 SM YU7KW         599 0581
QSO:  1834 CW 2021-03-20 2217 UA5L          599 SM YO8DOH        599 0493
QSO:  7000 CW 2021-03-20 2217 UA5L          599 SM LU8VCC        599 0023
QSO:  7029 CW 2021-03-20 2217 UA5L          599 SM M3ECT         599 0171
QSO:  7029 CW 2021-03-20 2217 UA5L          599 SM PI4FL         599 0023
QSO:  1832 CW 2021-03-20 2218 UA5L          599 SM DJ1YF         599 0131
QSO:  1834 CW 2021-03-20 2218 UA5L          599 SM OL6D          599 0020
QSO:  7028 CW 2021-03-20 2218 UA5L          599 SM DL2NBU        599 0117
QSO:  7029 CW 2021-03-20 2218 UA5L          599 SM EA5O          599 0067
QSO:  7029 CW 2021-03-20 2218 UA5L          599 SM HA8VV         599 0515
QSO:  7029 CW 2021-03-20 2218 UA5L          599 SM W4TG          599 0020
QSO:  1833 CW 2021-03-20 2219 UA5L          599 SM DP8M          599 0405
QSO:  1833 CW 2021-03-20 2219 UA5L          599 SM SP4Z          599 0760
QSO:  7000 CW 2021-03-20 2219 UA5L          599 SM EI7CC         599 0042
QSO:  1810 CW 2021-03-20 2220 UA5L          599 SM SP2XX         599 0232
QSO:  1833 CW 2021-03-20 2220 UA5L          599 SM I2WIJ         599 0415
QSO:  1834 CW 2021-03-20 2220 UA5L          599 SM OM3CQ         599 0370
QSO:  1834 CW 2021-03-20 2220 UA5L          599 SM SK0QO         599 0429
QSO:  7000 CW 2021-03-20 2220 UA5L          599 SM YC7YGR        599 0072
QSO:  7028 CW 2021-03-20 2220 UA5L          599 SM G3P           599 0228
QSO:  1823 CW 2021-03-20 2221 UA5L          599 SM LY2MM         599 0396
QSO:  1833 CW 2021-03-20 2221 UA5L          599 SM DK5PD         599 0656
QSO:  7029 CW 2021-03-20 2221 UA5L          599 SM DK5WO         599 0208
QSO:  7029 CW 2021-03-20 2221 UA5L          599 SM OH1RX         599 0353
QSO:  7028 CW 2021-03-20 2222 UA5L          599 SM G0OSK         599 0026
QSO:  7029 CW 2021-03-20 2222 UA5L          599 SM K8PK          599 0080
QSO:  7029 CW 2021-03-20 2223 UA5L          599 SM BG6GQE        599 0074
QSO:  7029 CW 2021-03-20 2224 UA5L          599 SM IT9UFP        599 0083
QSO:  7029 CW 2021-03-20 2224 UA5L          599 SM S53M          599 1066
QSO:  7000 CW 2021-03-20 2225 UA5L          599 SM DL0FTL        599 0055
QSO:  7000 CW 2021-03-20 2225 UA5L          599 SM IQ5OX         599 0030
QSO:  1838 CW 2021-03-20 2226 UA5L          599 SM CR6K          599 1613
QSO:  7000 CW 2021-03-20 2226 UA5L          599 SM IK3ORD        599 0041
QSO:  7000 CW 2021-03-20 2227 UA5L          599 SM G4GZG         599 0043
QSO:  7028 CW 2021-03-20 2227 UA5L          599 SM DD1LD         599 0014
QSO:  7029 CW 2021-03-20 2227 UA5L          599 SM EC5AGM        599 0009
QSO:  1827 CW 2021-03-20 2228 UA5L          599 SM SX9V          599 0071
QSO:  1828 CW 2021-03-20 2232 UA5L          599 SM EI5KF         599 1039
QSO:  1822 CW 2021-03-20 2234 UA5L          599 SM IZ3SQW        599 0469
QSO:  1822 CW 2021-03-20 2234 UA5L          599 SM YT5A          599 1133
QSO:  1823 CW 2021-03-20 2234 UA5L          599 SM DF3VM         599 0740
QSO:  1822 CW 2021-03-20 2235 UA5L          599 SM DK9OY         599 0397
QSO:  1822 CW 2021-03-20 2235 UA5L          599 SM OK1FKD        599 0105
QSO:  1822 CW 2021-03-20 2237 UA5L          599 SM DK5JI         599 0038
QSO:  1849 PH 2021-03-20 2252 UA5L          59 SM J42L          59 1289
QSO:  1863 PH 2021-03-20 2253 UA5L          59 SM DL7BC         59 0496
QSO:  1862 PH 2021-03-20 2254 UA5L          59 SM E7DX          59 2201
QSO:  1862 PH 2021-03-20 2257 UA5L          59 SM SO4R          59 0291
QSO:  1862 PH 2021-03-20 2257 UA5L          59 SM YT5A          59 1162
QSO:  1863 PH 2021-03-20 2258 UA5L          59 SM OZ1FHU        59 0112
QSO:  1862 PH 2021-03-20 2259 UA5L          59 SM S57AL         59 1051
QSO:  1862 PH 2021-03-20 2301 UA5L          59 SM OL6D          59 0058
QSO:  1863 PH 2021-03-20 2301 UA5L          59 SM SM1NJC        59 0101
QSO:  1800 PH 2021-03-20 2302 UA5L          59 SM 9A3SC         59 0139
QSO:  1800 PH 2021-03-20 2302 UA5L          59 SM OM4M          59 0256
QSO:  1862 PH 2021-03-20 2303 UA5L          59 SM DL2SAX        59 0797
QSO:  1863 PH 2021-03-20 2303 UA5L          59 SM SB5X          59 0084
QSO:  1863 PH 2021-03-20 2303 UA5L          59 SM YO8BSE        59 0153
QSO:  1862 PH 2021-03-20 2304 UA5L          59 SM 8S0C          59 0315
QSO:  1862 PH 2021-03-20 2304 UA5L          59 SM TM2Y          59 1067
QSO:  1828 CW 2021-03-20 2308 UA5L          599 SM LY9A          599 0588
QSO:  1829 CW 2021-03-20 2309 UA5L          599 SM DK3WW         599 0537
QSO:  1829 CW 2021-03-20 2310 UA5L          599 SM SD6F          599 0156
QSO:  1828 CW 2021-03-20 2311 UA5L          599 SM DK2OY         599 0661
QSO:  1828 CW 2021-03-20 2311 UA5L          599 SM ES9C          599 1260
QSO:  1829 CW 2021-03-20 2311 UA5L          599 SM UR6EA         599 0867
QSO:  1800 CW 2021-03-20 2312 UA5L          599 SM EW2ES         599 0434
QSO:  1829 CW 2021-03-20 2313 UA5L          599 SM DL8UAT        599 0466
QSO:  1828 CW 2021-03-20 2314 UA5L          599 SM LY4L          599 0965
QSO:  1829 CW 2021-03-20 2314 UA5L          599 SM OL6P          599 0490
QSO:  1828 CW 2021-03-20 2316 UA5L          599 SM DH0GHU        599 0351
QSO:  1829 CW 2021-03-20 2316 UA5L          599 SM OK2EA         599 0558
QSO:  1800 CW 2021-03-20 2317 UA5L          599 SM DL1BUG        599 0452
QSO:  1828 CW 2021-03-20 2317 UA5L          599 SM EI0W          599 0928
QSO:  1829 CW 2021-03-20 2317 UA5L          599 SM SF1Z          599 0239
QSO:  1829 CW 2021-03-20 2319 UA5L          599 SM ON6NL         599 0687
QSO:  1829 CW 2021-03-20 2319 UA5L          599 SM SF5O          599 0188
QSO:  1810 CW 2021-03-20 2326 UA5L          599 SM LY4ZZ         599 0257
QSO:  1816 CW 2021-03-20 2327 UA5L          599 SM LA8HGA        599 0424
QSO:  1819 CW 2021-03-20 2328 UA5L          599 SM HB9DQL        599 0717
QSO:  1827 CW 2021-03-20 2329 UA5L          599 SM OZ0X          599 0173
QSO:  1839 CW 2021-03-20 2331 UA5L          599 SM 3V8SS         599 1211
QSO:  1832 CW 2021-03-20 2333 UA5L          599 SM HA5JI         599 1054
QSO:  1835 CW 2021-03-20 2333 UA5L          599 SM 3Z1K          599 0047
QSO:  1831 CW 2021-03-20 2334 UA5L          599 SM 4U1GSC        599 0950
QSO:  1831 CW 2021-03-20 2334 UA5L          599 SM ON4IA         599 0232
QSO:  1828 CW 2021-03-20 2335 UA5L          599 SM OU2I          599 0433
QSO:  1829 CW 2021-03-20 2335 UA5L          599 SM G3KHZ         599 0507
QSO:  1812 CW 2021-03-20 2338 UA5L          599 SM OZ4CG         599 0237
QSO:  1812 CW 2021-03-20 2339 UA5L          599 SM TM1W          599 0565
QSO:  1800 CW 2021-03-20 2340 UA5L          599 SM OK1CZ         599 0103
QSO:  1813 CW 2021-03-20 2340 UA5L          599 SM TM2Y          599 1145
QSO:  1832 CW 2021-03-20 2342 UA5L          599 SM IK2CLB        599 0127
QSO:  1839 CW 2021-03-20 2343 UA5L          599 SM LY7T          599 0221
QSO:  1857 PH 2021-03-20 2343 UA5L          59 SM SP9N          59 0989
QSO:  1833 CW 2021-03-20 2344 UA5L          599 SM EW1I          599 0694
QSO:  1834 CW 2021-03-20 2344 UA5L          599 SM IR2D          599 0162
QSO:  1816 CW 2021-03-20 2347 UA5L          599 SM G3P           599 0341
QSO:  1816 CW 2021-03-20 2347 UA5L          599 SM S57Q          599 0644
QSO:  1825 CW 2021-03-20 2349 UA5L          599 SM G4DDL         599 0199
QSO:  1825 CW 2021-03-20 2351 UA5L          599 SM K2QMF         599 0395
QSO:  1825 CW 2021-03-20 2351 UA5L          599 SM SP9XCN        599 0705
QSO:  1800 CW 2021-03-20 2352 UA5L          599 SM UW6M          599 0407
QSO:  1825 CW 2021-03-20 2352 UA5L          599 SM DA0BCC        599 0827
QSO:  1825 CW 2021-03-20 2353 UA5L          599 SM DL4VK         599 0265
QSO:  1825 CW 2021-03-20 2353 UA5L          599 SM GM4AFF        599 0925
QSO:  1825 CW 2021-03-20 2353 UA5L          599 SM LA5LJA        599 0314
QSO:  1825 CW 2021-03-20 2354 UA5L          599 SM PE6Q          599 0598
QSO:  1825 CW 2021-03-20 2356 UA5L          599 SM YL3JA         599 0333
QSO:  1825 CW 2021-03-20 2357 UA5L          599 SM K1ZM          599 0019
QSO:  1825 CW 2021-03-20 2358 UA5L          599 SM OM7LW         599 0648
QSO:  1825 CW 2021-03-21 0000 UA5L          599 SM AA3B          599 1124
QSO:  1825 CW 2021-03-21 0000 UA5L          599 SM SP2MKT        599 0314
QSO:  1825 CW 2021-03-21 0001 UA5L          599 SM F4DVX         599 0245
QSO:  1825 CW 2021-03-21 0004 UA5L          599 SM DK3BK         599 0196
QSO:  1825 CW 2021-03-21 0004 UA5L          599 SM F8KCF         599 0211
QSO:  1825 CW 2021-03-21 0004 UA5L          599 SM SM2U          599 0192
QSO:  1825 CW 2021-03-21 0005 UA5L          599 SM F6IRA         599 0663
QSO:  1825 CW 2021-03-21 0005 UA5L          599 SM HA0LC         599 0630
QSO:  1825 CW 2021-03-21 0005 UA5L          599 SM HB9AMO        599 0376
QSO:  1825 CW 2021-03-21 0005 UA5L          599 SM M0NDZ         599 0110
QSO:  1825 CW 2021-03-21 0006 UA5L          599 SM F6DCQ         599 0408
QSO:  1825 CW 2021-03-21 0007 UA5L          599 SM 9A7T          599 0060
QSO:  1825 CW 2021-03-21 0007 UA5L          599 SM DK3WN         599 0095
QSO:  1825 CW 2021-03-21 0007 UA5L          599 SM LX1ER         599 0202
QSO:  1825 CW 2021-03-21 0007 UA5L          599 SM M3ECT         599 0216
QSO:  1825 CW 2021-03-21 0008 UA5L          599 SM DL2NBU        599 0206
QSO:  1825 CW 2021-03-21 0012 UA5L          599 SM DL7UVO        599 0009
QSO:  1800 CW 2021-03-21 0013 UA5L          599 SM DF8V          599 0240
QSO:  1825 CW 2021-03-21 0014 UA5L          599 SM LY2TS         599 0363
QSO:  1825 CW 2021-03-21 0014 UA5L          599 SM S53M          599 1244
QSO:  1825 CW 2021-03-21 0014 UA5L          599 SM SQ3WW         599 0196
QSO:  1800 CW 2021-03-21 0015 UA5L          599 SM YO4SI         599 0111
QSO:  1800 CW 2021-03-21 0019 UA5L          599 SM EW1TO         599 0326
QSO:  1825 CW 2021-03-21 0019 UA5L          599 SM IZ8GCB        599 0586
QSO:  1825 CW 2021-03-21 0019 UA5L          599 SM SB3W          599 0022
QSO:  1825 CW 2021-03-21 0020 UA5L          599 SM YU1YV         599 0443
QSO:  1825 CW 2021-03-21 0021 UA5L          599 SM PA5WT         599 0372
QSO:  1825 CW 2021-03-21 0021 UA5L          599 SM SN7O          599 0828
QSO:  1825 CW 2021-03-21 0022 UA5L          599 SM DL4ZA         599 0161
QSO:  1825 CW 2021-03-21 0022 UA5L          599 SM DR3W          599 0053
QSO:  1825 CW 2021-03-21 0022 UA5L          599 SM EX8MJ         599 0264
QSO:  1825 CW 2021-03-21 0022 UA5L          599 SM OZ5E          599 0063
QSO:  1825 CW 2021-03-21 0023 UA5L          599 SM OK1FMX        599 0236
QSO:  1825 CW 2021-03-21 0023 UA5L          599 SM SP2HMT        599 0344
QSO:  1825 CW 2021-03-21 0024 UA5L          599 SM DL5AXX        599 0303
QSO:  1825 CW 2021-03-21 0025 UA5L          599 SM DL5JQ         599 0403
QSO:  1825 CW 2021-03-21 0025 UA5L          599 SM OM7JG         599 0676
QSO:  1825 CW 2021-03-21 0025 UA5L          599 SM SM5EPO        599 0055
QSO:  1800 CW 2021-03-21 0027 UA5L          599 SM 9G5FI         599 1025
QSO:  1825 CW 2021-03-21 0028 UA5L          599 SM DF5EG         599 0289
QSO:  1830 CW 2021-03-21 0029 UA5L          599 SM DL1EKO        599 0473
QSO:  1824 CW 2021-03-21 0032 UA5L          599 SM UP5B          599 0069
QSO:  1825 CW 2021-03-21 0032 UA5L          599 SM S54X          599 0587
QSO:  1850 PH 2021-03-21 0036 UA5L          59 SM SQ7CL         59 0438
QSO:  1850 PH 2021-03-21 0037 UA5L          59 SM PA0KDV        59 0242
QSO:  1850 PH 2021-03-21 0041 UA5L          59 SM 9A5D          59 0038
QSO:  1850 PH 2021-03-21 0041 UA5L          59 SM PA0KDV        59 0244
QSO:  1850 PH 2021-03-21 0041 UA5L          59 SM SO5MAX        59 0054
QSO:  1851 PH 2021-03-21 0043 UA5L          59 SM US6EX         59 0447
QSO:  7025 CW 2021-03-21 0045 UA5L          599 SM UT7CR         599 1328
QSO:  1851 PH 2021-03-21 0046 UA5L          59 SM DL2NBJ        59 0114
QSO:  7025 CW 2021-03-21 0047 UA5L          599 SM IT9RZU        599 0613
QSO:  7025 CW 2021-03-21 0049 UA5L          599 SM N2AA          599 0277
QSO:  1852 PH 2021-03-21 0050 UA5L          59 SM OZ1KVM        59 0169
QSO:  7025 CW 2021-03-21 0050 UA5L          599 SM IZ4ZZB        599 1059
QSO:  1826 CW 2021-03-21 0051 UA5L          599 SM 4U1A          599 0767
QSO:  1824 CW 2021-03-21 0052 UA5L          599 SM HB9ON         599 0006
QSO:  1830 CW 2021-03-21 0053 UA5L          599 SM DJ9AO         599 0776
QSO:  1830 CW 2021-03-21 0053 UA5L          599 SM N4AF          599 0363
QSO:  7008 CW 2021-03-21 0053 UA5L          599 SM 9A0KG         599 0615
QSO:  7018 CW 2021-03-21 0056 UA5L          599 SM YU7HD         599 0672
QSO:  7021 CW 2021-03-21 0057 UA5L          599 SM 9A7W          599 0276
QSO:  1832 CW 2021-03-21 0100 UA5L          599 SM HA6NL         599 0597
QSO:  1831 CW 2021-03-21 0101 UA5L          599 SM DR2C          599 0190
QSO:  7014 CW 2021-03-21 0103 UA5L          599 SM DK5PD         599 0784
QSO:  1800 CW 2021-03-21 0106 UA5L          599 SM TA1NAI        599 0126
QSO:  1831 CW 2021-03-21 0106 UA5L          599 SM DK5WO         599 0282
QSO:  7019 CW 2021-03-21 0106 UA5L          599 SM PY1ZV         599 0062
QSO:  1830 CW 2021-03-21 0107 UA5L          599 SM DK1KC         599 0430
QSO:  1830 CW 2021-03-21 0107 UA5L          599 SM DL5LYM        599 0638
QSO:  7155 PH 2021-03-21 0113 UA5L          59 SM LZ9W          59 1031
QSO:  7155 PH 2021-03-21 0113 UA5L          59 SM PY4AZ         59 0184
QSO:  7154 PH 2021-03-21 0114 UA5L          59 SM HB9DUR        59 0349
QSO:  7155 PH 2021-03-21 0114 UA5L          59 SM PY2KNK        59 0346
QSO:  7155 PH 2021-03-21 0114 UA5L          59 SM TA3LHH        59 0205
QSO:  1814 CW 2021-03-21 0115 UA5L          599 SM VA2EW         599 1102
QSO:  7154 PH 2021-03-21 0117 UA5L          59 SM WB2ZAB        59 0059
QSO:  1813 CW 2021-03-21 0118 UA5L          599 SM W1UE          599 0778
QSO:  7000 PH 2021-03-21 0118 UA5L          59 SM PY9MP         59 0027
QSO:  1833 CW 2021-03-21 0119 UA5L          599 SM SM5IMO        599 0189
QSO:  7000 PH 2021-03-21 0119 UA5L          59 SM YY5FBD        59 0024
QSO:  7000 PH 2021-03-21 0120 UA5L          59 -- WA2VUY        59 0007
QSO:  7154 PH 2021-03-21 0120 UA5L          59 SM CT2HUU        59 0137
QSO:  1848 PH 2021-03-21 0121 UA5L          59 SM SN1T          59 0490
QSO:  7155 PH 2021-03-21 0121 UA5L          59 SM PY2CX         59 0149
QSO:  1848 PH 2021-03-21 0122 UA5L          59 SM DL1MHJ        59 0200
QSO:  1848 PH 2021-03-21 0123 UA5L          59 SM YO2GL         59 0093
QSO:  1848 PH 2021-03-21 0125 UA5L          59 SM D1CTT         59 0404
QSO:  1848 PH 2021-03-21 0125 UA5L          59 SM LZ9W          59 0273
QSO:  1847 PH 2021-03-21 0126 UA5L          59 SM EW8MZ         59 0160
QSO:  1800 PH 2021-03-21 0127 UA5L          59 SM DL1GWS        59 0064
QSO:  1848 PH 2021-03-21 0130 UA5L          59 SM UR5EPG        59 0078
QSO:  7155 PH 2021-03-21 0131 UA5L          59 SM AC3LZ         59 0122
QSO:  1850 PH 2021-03-21 0132 UA5L          59 SM F4DVX         59 0301
QSO:  1816 CW 2021-03-21 0133 UA5L          599 SM 4X6FR         599 1595
QSO:  7155 PH 2021-03-21 0133 UA5L          59 SM K2LE          59 0466
QSO:  1877 PH 2021-03-21 0135 UA5L          59 SM OZ5E          59 0131
QSO:  1865 PH 2021-03-21 0136 UA5L          59 SM 9A5W          59 0639
QSO:  1862 PH 2021-03-21 0137 UA5L          59 SM SN2B          59 0634
QSO:  1872 PH 2021-03-21 0138 UA5L          59 SM YP0C          59 0851
QSO:  1881 PH 2021-03-21 0138 UA5L          59 SM DR3W          59 0091
QSO:  1857 PH 2021-03-21 0139 UA5L          59 SM HA8BE         59 0374
QSO:  7023 CW 2021-03-21 0139 UA5L          599 SM OH5Z          599 1478
QSO:  7023 CW 2021-03-21 0139 UA5L          599 SM PY2KC         599 0194
QSO:  7023 CW 2021-03-21 0140 UA5L          599 SM SY1BFI        599 0147
QSO:  1847 PH 2021-03-21 0141 UA5L          59 SM I0IJ          59 0133
QSO:  7023 CW 2021-03-21 0141 UA5L          599 SM K5ZD          599 0467
QSO:  1810 CW 2021-03-21 0142 UA5L          599 SM OG7A          599 0901
QSO:  7023 CW 2021-03-21 0143 UA5L          599 SM PY5AMF        599 0268
QSO:  1800 CW 2021-03-21 0144 UA5L          599 SM 9A2AJ         599 0814
QSO:  1843 CW 2021-03-21 0147 UA5L          599 SM ZF5T          599 1197
QSO:  1800 CW 2021-03-21 0150 UA5L          599 SM KM1R          599 0029
QSO:  1828 CW 2021-03-21 0151 UA5L          599 SM N3RS          599 0874
QSO:  1828 CW 2021-03-21 0154 UA5L          599 SM SP3CW         599 0194
QSO:  7041 CW 2021-03-21 0157 UA5L          599 SM CX5UA         599 0146
QSO:  1826 CW 2021-03-21 0158 UA5L          599 SM DM6V          599 0020
QSO:  7033 CW 2021-03-21 0158 UA5L          599 SM IK5VLL        599 0148
QSO:  1829 CW 2021-03-21 0159 UA5L          599 SM MM9I          599 0938
QSO:  7000 CW 2021-03-21 0200 UA5L          599 SM OA4DX         599 0229
QSO:  1825 CW 2021-03-21 0201 UA5L          599 SM YU1A          599 0018
QSO:  1832 CW 2021-03-21 0202 UA5L          599 SM IZ4ZZB        599 1122
QSO:  1836 CW 2021-03-21 0202 UA5L          599 SM OQ5M          599 1396
QSO:  1800 CW 2021-03-21 0203 UA5L          599 SM OK2MBP        599 0631
QSO:  1837 CW 2021-03-21 0203 UA5L          599 SM C4W           599 1385
QSO:  7000 CW 2021-03-21 0204 UA5L          599 SM FG8NY         599 0211
QSO:  1838 CW 2021-03-21 0205 UA5L          599 SM NP2X          599 1252
QSO:  1800 CW 2021-03-21 0206 UA5L          599 SM Z32U          599 0948
QSO:  7034 CW 2021-03-21 0206 UA5L          599 SM OQ5M          599 1399
QSO:  1824 CW 2021-03-21 0208 UA5L          599 SM SN7Q          599 1344
QSO:  7034 CW 2021-03-21 0208 UA5L          599 SM LU5BE         599 0057
QSO:  7000 CW 2021-03-21 0209 UA5L          599 SM PY4ARS        599 0155
QSO:  7033 CW 2021-03-21 0210 UA5L          599 SM UN7JX         599 0310
QSO:  7034 CW 2021-03-21 0211 UA5L          599 SM OG7A          599 0915
QSO:  7000 CW 2021-03-21 0212 UA5L          599 SM IT9ORA        599 0057
QSO:  7033 CW 2021-03-21 0212 UA5L          599 SM 4U1GSC        599 1104
QSO:  1849 PH 2021-03-21 0213 UA5L          59 SM IQ4FA         59 0082
QSO:  1853 PH 2021-03-21 0215 UA5L          59 SM OM2XW         59 0435
QSO:  1863 PH 2021-03-21 0216 UA5L          59 SM HG6N          59 1898
QSO:  1870 PH 2021-03-21 0217 UA5L          59 SM LY9A          59 0704
QSO:  1845 PH 2021-03-21 0219 UA5L          59 SM LY4A          59 1321
QSO:  1867 PH 2021-03-21 0220 UA5L          59 SM DK3A          59 0457
QSO:  1867 PH 2021-03-21 0220 UA5L          59 SM SP1FRC        59 0083
QSO:  1868 PH 2021-03-21 0222 UA5L          59 SM UW5Y          59 0022
QSO:  1868 PH 2021-03-21 0222 UA5L          59 SM YO5AJR        59 0352
QSO:  1867 PH 2021-03-21 0223 UA5L          59 SM LY4L          59 1213
QSO:  7019 CW 2021-03-21 0246 UA5L          599 SO UK8ICU        599 0152
QSO:  1837 CW 2021-03-21 0248 UA5L          599 SM HZ7C          599 0764
QSO:  7018 CW 2021-03-21 0248 UA5L          599 SM UN7EV         599 0050
QSO:  7018 CW 2021-03-21 0249 UA5L          599 SM K5GN          599 0371
QSO:  1850 PH 2021-03-21 0254 UA5L          59 SM HG7T          59 0265
QSO:  1851 PH 2021-03-21 0254 UA5L          59 SM DL1MHJ        59 0233
QSO:  1889 PH 2021-03-21 0256 UA5L          59 SM DA0T          59 0685
QSO:  7002 CW 2021-03-21 0256 UA5L          599 SM DA0BCC        599 1050
QSO:  1884 PH 2021-03-21 0257 UA5L          59 SM OK1Z          59 0420
QSO:  7020 CW 2021-03-21 0257 UA5L          599 SM WP3C          599 0988
QSO:  7025 CW 2021-03-21 0257 UA5L          599 SM S52W          599 0398
QSO:  1877 PH 2021-03-21 0258 UA5L          59 SM DF9XV         59 0542
QSO:  1863 PH 2021-03-21 0259 UA5L          59 SM YU5R          59 0333
QSO:  7019 CW 2021-03-21 0301 UA5L          599 SM OH1F          599 1296
QSO:  1831 CW 2021-03-21 0302 UA5L          599 SM EU1A          599 0312
QSO:  1800 CW 2021-03-21 0303 UA5L          599 SM HA8WZ         599 0277
QSO:  1835 CW 2021-03-21 0303 UA5L          599 SM YQ6A          599 1303
QSO:  1838 CW 2021-03-21 0305 UA5L          599 SM UT3IZ         599 0476
QSO:  7000 PH 2021-03-21 0306 UA5L          59 SM UP9L          59 0203
QSO:  7000 PH 2021-03-21 0307 UA5L          59 SM LU7DUE        59 0101
QSO:  7125 PH 2021-03-21 0307 UA5L          59 SM S57AL         59 1292
QSO:  7000 PH 2021-03-21 0308 UA5L          59 SM OH3MM         59 0091
QSO:  7125 PH 2021-03-21 0308 UA5L          59 SM CA4PSH        59 0012
QSO:  7125 PH 2021-03-21 0309 UA5L          59 SM 9A7A          59 1009
QSO:  7125 PH 2021-03-21 0311 UA5L          59 SM PT5J          59 0780
QSO:  7125 PH 2021-03-21 0311 UA5L          59 SM PY2BBQ        59 0064
QSO:  7125 PH 2021-03-21 0312 UA5L          59 SM IV3RJT        59 0164
QSO:  7125 PH 2021-03-21 0312 UA5L          59 SM YU7HD         59 0813
QSO:  7125 PH 2021-03-21 0313 UA5L          59 SM PY1ZV         59 0116
QSO:  7125 PH 2021-03-21 0314 UA5L          59 SM DL1MHJ        59 0241
QSO:  7000 PH 2021-03-21 0315 UA5L          59 SM PT7ZT         59 0237
QSO:  7125 PH 2021-03-21 0315 UA5L          59 SM 2E1HJW        59 0078
QSO:  7000 PH 2021-03-21 0319 UA5L          59 SM LU6KA         59 0045
QSO:  7022 CW 2021-03-21 0326 UA5L          599 SM 3Z0X          599 0438
QSO:  7020 CW 2021-03-21 0329 UA5L          599 SM YO7CW         599 0365
QSO:  7000 CW 2021-03-21 0330 UA5L          599 SM UT1QQ         599 0333
QSO:  7000 CW 2021-03-21 0331 UA5L          599 SM E7GZ          599 0345
QSO:  7019 CW 2021-03-21 0332 UA5L          599 SM DP8M          599 0484
QSO:  7020 CW 2021-03-21 0341 UA5L          599 SM YT5YTT        599 0451
QSO:  7019 CW 2021-03-21 0344 UA5L          599 SM PV8AAS        599 0068
QSO:  7020 CW 2021-03-21 0344 UA5L          599 SM AZ1A          599 0068
QSO:  7020 CW 2021-03-21 0345 UA5L          599 SM S51J          599 0437
QSO:  7020 CW 2021-03-21 0348 UA5L          599 SM TA1NCT        599 0015
QSO:  7000 CW 2021-03-21 0352 UA5L          599 SM PY2ITM        599 0023
QSO:  7019 CW 2021-03-21 0353 UA5L          599 SM EU1A          599 0374
QSO:  7020 CW 2021-03-21 0354 UA5L          599 SM PU5UAI        599 0017
QSO:  7020 CW 2021-03-21 0356 UA5L          599 SM HB9CVQ        599 1051
QSO:  7020 CW 2021-03-21 0356 UA5L          599 SM K4MM          599 0102
QSO:  7000 CW 2021-03-21 0359 UA5L          599 SM DR7B          599 0657
QSO:  7019 CW 2021-03-21 0400 UA5L          599 SM 4X1ST         599 0160
QSO:  7039 CW 2021-03-21 0400 UA5L          599 SM HZ7C          599 0853
QSO:  7020 CW 2021-03-21 0406 UA5L          599 SM PA6X          599 0160
QSO:  7000 CW 2021-03-21 0410 UA5L          599 SM 9A4BA         599 0016
QSO:  7020 CW 2021-03-21 0410 UA5L          599 SM YO4FHU        599 0339
QSO:  7020 CW 2021-03-21 0413 UA5L          599 SM YL2EA         599 0167
QSO:  7019 CW 2021-03-21 0414 UA5L          599 SM DJ5AN         599 0514
QSO:  7020 CW 2021-03-21 0415 UA5L          599 SM 9A7T          599 0248
QSO:  7000 CW 2021-03-21 0418 UA5L          599 SM K3ZO          599 0613
QSO:  7028 CW 2021-03-21 0418 UA5L          599 SM LZ5R          599 2936
QSO:  1826 CW 2021-03-21 0419 UA5L          599 SM F5IN          599 1116
QSO:  7019 CW 2021-03-21 0419 UA5L          599 SM F6DCQ         599 0564
QSO:  1826 CW 2021-03-21 0422 UA5L          599 SM MI5I          599 0487
QSO:  7020 CW 2021-03-21 0422 UA5L          599 SM K6AW          599 0098
QSO:  7019 CW 2021-03-21 0423 UA5L          599 SM DK3WW         599 0776
QSO:  7019 CW 2021-03-21 0423 UA5L          599 SM YO4GO         599 0298
QSO:  7019 CW 2021-03-21 0425 UA5L          599 SM DL3JAN        599 0376
QSO:  7019 CW 2021-03-21 0426 UA5L          599 SM YO9GR         599 0191
QSO:  7000 CW 2021-03-21 0427 UA5L          599 SM DA0FFR        599 0256
QSO:  7019 CW 2021-03-21 0427 UA5L          599 SM K2SX          599 0182
QSO:  7019 CW 2021-03-21 0433 UA5L          599 SM D1CTT         599 0519
QSO:  7019 CW 2021-03-21 0434 UA5L          599 SM NK4O          599 0177
QSO:  7019 CW 2021-03-21 0441 UA5L          599 SM ZA1EM         599 0303
QSO:  7017 CW 2021-03-21 0444 UA5L          599 SM US2IR         599 0489
QSO:  7154 PH 2021-03-21 0447 UA5L          59 SM DJ5AN         59 0537
QSO:  7124 PH 2021-03-21 0454 UA5L          59 SM DL7URH        59 0601
QSO:  7000 PH 2021-03-21 0457 UA5L          59 SM DJ4WM         59 0090
QSO:  7000 PH 2021-03-21 0458 UA5L          59 SM LC5C          59 0137
QSO:  7124 PH 2021-03-21 0458 UA5L          59 SM DA2X          59 0437
QSO:  7020 PH 2021-03-21 0459 UA5L          59 SM UR4MF         59 0237
QSO:  7124 PH 2021-03-21 0500 UA5L          59 SM DA0T          59 0744
QSO:  7000 PH 2021-03-21 0501 UA5L          59 SM YT6M          59 0631
QSO:  7124 PH 2021-03-21 0502 UA5L          59 SM S55X          59 0105
QSO:  7124 PH 2021-03-21 0502 UA5L          59 SM SV3RPQ        59 0457
QSO:  7124 PH 2021-03-21 0503 UA5L          59 SM PV8AAS        59 0081
QSO:  7124 PH 2021-03-21 0503 UA5L          59 SM PY5QW         59 0742
QSO:  7124 PH 2021-03-21 0503 UA5L          59 SM S52W          59 0490
QSO:  7000 PH 2021-03-21 0505 UA5L          59 SM UT4EK         59 0302
QSO:  7000 PH 2021-03-21 0506 UA5L          59 SM DL1GWS        59 0136
QSO:  7124 PH 2021-03-21 0507 UA5L          59 SM YY5RAB        59 0051
QSO:  7108 PH 2021-03-21 0508 UA5L          59 SM YO7CW         59 0486
QSO:  7124 PH 2021-03-21 0512 UA5L          59 SM LA9RY         59 0107
QSO:  7000 PH 2021-03-21 0513 UA5L          59 SM LU3HS         59 0005
QSO:  7123 PH 2021-03-21 0516 UA5L          59 SM YL3JA         59 0556
QSO:  7123 PH 2021-03-21 0517 UA5L          59 SM HG7T          59 1013
QSO:  7124 PH 2021-03-21 0517 UA5L          59 SM OZ1KVM        59 0183
QSO:  7123 PH 2021-03-21 0518 UA5L          59 SM F8KCF         59 0270
QSO:  7124 PH 2021-03-21 0519 UA5L          59 SM PD3MDM        59 0319
QSO:  7123 PH 2021-03-21 0522 UA5L          59 SM DK5MB         59 0265
QSO:  7124 PH 2021-03-21 0522 UA5L          59 SM 9A6DJX        59 0110
QSO:  7124 PH 2021-03-21 0522 UA5L          59 SM OE1XA         59 0077
QSO:  7124 PH 2021-03-21 0522 UA5L          59 SM YP3A          59 0174
QSO:  7000 PH 2021-03-21 0532 UA5L          59 SM F5OHM         59 0029
QSO:  7175 PH 2021-03-21 0534 UA5L          59 SM OZ5E          59 0517
QSO:  7023 CW 2021-03-21 0540 UA5L          599 SM SO4R          599 0700
QSO:  7014 CW 2021-03-21 0546 UA5L          599 SM HA8LCA        599 0219
QSO:  7000 CW 2021-03-21 0547 UA5L          599 SM IK3UNA        599 0623
QSO:  7014 CW 2021-03-21 0548 UA5L          599 SM TA2SE/3       599 0271
QSO:  7022 CW 2021-03-21 0553 UA5L          599 SM SP3JIA        599 0059
QSO:  7022 CW 2021-03-21 0555 UA5L          599 SM 4Z5LU         599 0062
QSO:  7022 CW 2021-03-21 0555 UA5L          599 SM EW8OM         599 0321
QSO:  7022 CW 2021-03-21 0556 UA5L          599 SM UT5IA         599 0063
QSO:  7022 CW 2021-03-21 0557 UA5L          599 SM SP3CCT        599 0057
QSO:  7022 CW 2021-03-21 0557 UA5L          599 SM SP3JUN        599 0057
QSO:  7004 CW 2021-03-21 0601 UA5L          599 SM K2LE          599 0590
QSO:  7014 CW 2021-03-21 0603 UA5L          599 SM OM8AA         599 0401
QSO:  7025 CW 2021-03-21 0607 UA5L          599 SM IU1JCZ        599 0182
QSO:  7026 CW 2021-03-21 0607 UA5L          599 SM SP3HLM        599 0869
QSO:  7033 CW 2021-03-21 0608 UA5L          599 SM S57Q          599 0904
QSO:  7000 CW 2021-03-21 0610 UA5L          599 SM LB6GG         599 0797
QSO:  7000 PH 2021-03-21 0615 UA5L          59 SM OM4M          59 0343
QSO:  7147 PH 2021-03-21 0615 UA5L          59 SM LZ1MC         59 0397
QSO:  7000 PH 2021-03-21 0616 UA5L          59 SM SP5X          59 0174
QSO:  7147 PH 2021-03-21 0616 UA5L          59 SM LA7TN         59 0054
QSO:  7147 PH 2021-03-21 0616 UA5L          59 SM SE4E          59 0746
QSO:  7000 PH 2021-03-21 0617 UA5L          59 SM DL5AWE        59 0159
QSO:  7000 PH 2021-03-21 0617 UA5L          59 SM YO8RZJ        59 0264
QSO:  7147 PH 2021-03-21 0617 UA5L          59 SM YO9IAB        59 0122
QSO:  7000 PH 2021-03-21 0620 UA5L          59 SM F6EKU         59 0078
QSO:  7000 PH 2021-03-21 0621 UA5L          59 SM G8ZRE         59 0060
QSO:  7042 CW 2021-03-21 0628 UA5L          599 SM YL1ZX         599 0144
QSO:  7034 CW 2021-03-21 0629 UA5L          599 SM OH2KW         599 0659
QSO:  7025 CW 2021-03-21 0630 UA5L          599 SM SP3CW         599 0361
QSO:  7018 CW 2021-03-21 0631 UA5L          599 SM DL7CX         599 0163
QSO:  7011 CW 2021-03-21 0632 UA5L          599 SM UT5VX         599 0210
QSO:  7007 CW 2021-03-21 0633 UA5L          599 SM SM5IMO        599 0363
QSO:  7000 CW 2021-03-21 0636 UA5L          599 SM OK2QX         599 0306
QSO:  7017 CW 2021-03-21 0637 UA5L          599 SM OK1DM         599 0079
QSO:  7019 CW 2021-03-21 0638 UA5L          599 SM LA8HGA        599 0473
QSO:  7021 CW 2021-03-21 0639 UA5L          599 SM LA7THA        599 0376
QSO:  7021 CW 2021-03-21 0641 UA5L          599 SM YO6FGZ        599 0123
QSO:  7038 CW 2021-03-21 0642 UA5L          599 SM 9A1AA         599 0301
QSO:  7040 CW 2021-03-21 0644 UA5L          599 SM OE9WGI        599 0301
QSO:  7032 CW 2021-03-21 0646 UA5L          599 SM DL5YM         599 0587
QSO:  7041 CW 2021-03-21 0647 UA5L          599 SM UT4NY         599 0492
QSO:  7022 CW 2021-03-21 0652 UA5L          599 SM HA8DU         599 0829
QSO:  7013 CW 2021-03-21 0655 UA5L          599 SM DL1EFW        599 0138
QSO:  7013 CW 2021-03-21 0656 UA5L          599 SM DL70TRS       599 0435
QSO:  7013 CW 2021-03-21 0657 UA5L          599 SM HA0LC         599 0882
QSO:  7013 CW 2021-03-21 0657 UA5L          599 SM YL2CV         599 0546
QSO:  7000 CW 2021-03-21 0658 UA5L          599 SM DH1TST        599 0024
QSO:  7013 CW 2021-03-21 0658 UA5L          599 SM DK8NT         599 0249
QSO:  7013 CW 2021-03-21 0659 UA5L          599 SM 9A3MA         599 0054
QSO:  7014 CW 2021-03-21 0659 UA5L          599 SM YL2LW         599 0037
QSO:  7000 CW 2021-03-21 0700 UA5L          599 SM UX2IJ         599 0293
QSO:  7013 CW 2021-03-21 0700 UA5L          599 SM EU1FQ         599 0143
QSO:  7013 CW 2021-03-21 0700 UA5L          599 SM US3IZ         599 0257
QSO:  7000 CW 2021-03-21 0701 UA5L          599 SM EW1TO         599 0376
QSO:  7013 CW 2021-03-21 0701 UA5L          599 SM OM5MX         599 0124
QSO:  7013 CW 2021-03-21 0702 UA5L          599 SM HI3LT         599 0125
QSO:  7013 CW 2021-03-21 0702 UA5L          599 SM SQ2HEB        599 0054
QSO:  7000 CW 2021-03-21 0704 UA5L          599 SM ON7CC         599 0063
QSO:  7000 CW 2021-03-21 0705 UA5L          599 SM LZ1AQ         599 0482
QSO:  7009 CW 2021-03-21 0705 UA5L          599 SM MD2C          599 0547
QSO:  7014 CW 2021-03-21 0707 UA5L          599 SM DG7NFX        599 0287
QSO:  7013 CW 2021-03-21 0708 UA5L          599 SM K1MM          599 0985
QSO:  7013 CW 2021-03-21 0709 UA5L          599 SM MM3N          599 0229
QSO:  7000 CW 2021-03-21 0710 UA5L          599 SM ON4KLG        599 0068
QSO:  7013 CW 2021-03-21 0711 UA5L          599 SM DJ1YFK        599 0202
QSO:  7013 CW 2021-03-21 0711 UA5L          599 SM SM5COP        599 0021
QSO:  7000 CW 2021-03-21 0712 UA5L          599 SM DL5CL         599 0084
QSO:  7013 CW 2021-03-21 0713 UA5L          599 SM DG0KS         599 0154
QSO:  7013 CW 2021-03-21 0713 UA5L          599 SM OK2VX         599 0063
QSO:  7013 CW 2021-03-21 0713 UA5L          599 SM PA5KT         599 0522
QSO:  7000 CW 2021-03-21 0714 UA5L          599 SM OM7PY         599 0212
QSO:  7004 CW 2021-03-21 0716 UA5L          599 SM DL6DH         599 0006
QSO:  7008 CW 2021-03-21 0717 UA5L          599 SM EA1CS         599 0414
QSO:  7013 CW 2021-03-21 0717 UA5L          599 SM EV5A          599 0487
QSO:  7013 CW 2021-03-21 0719 UA5L          599 SM G4RWD         599 0180
QSO:  7013 CW 2021-03-21 0720 UA5L          599 SM HA7MF         599 0612
QSO:  7013 CW 2021-03-21 0722 UA5L          599 SM DL1THB        599 0083
QSO:  7013 CW 2021-03-21 0723 UA5L          599 SM EA2AZ         599 0332
QSO:  7000 CW 2021-03-21 0726 UA5L          599 SM OK1FCA        599 0070
QSO:  7013 CW 2021-03-21 0726 UA5L          599 SM G4RMV         599 0139
QSO:  7000 CW 2021-03-21 0727 UA5L          599 SM ON6QS         599 0065
QSO:  7011 CW 2021-03-21 0729 UA5L          599 SM LZ1ND         599 0054
QSO:  7000 CW 2021-03-21 0730 UA5L          599 SM SM7RYR        599 0245
QSO:  7009 CW 2021-03-21 0731 UA5L          599 SM HB9ON         599 0435
QSO:  7023 CW 2021-03-21 0733 UA5L          599 SM PA3DBS        599 0118
QSO:  7017 CW 2021-03-21 0736 UA5L          599 SM LZ3V          599 0210
QSO:  7023 CW 2021-03-21 0737 UA5L          599 SM SQ8LUU        599 0341
QSO:  7037 CW 2021-03-21 0740 UA5L          599 SM SD6M          599 0079
QSO:  7023 CW 2021-03-21 0741 UA5L          599 SM DL4ZA         599 0254
QSO:  7026 CW 2021-03-21 0742 UA5L          599 SM I3FIY         599 0434
QSO:  7029 CW 2021-03-21 0742 UA5L          599 SM IK0YUT        599 0237
QSO:  7031 CW 2021-03-21 0742 UA5L          599 SM HA6PJ         599 0560
QSO:  7027 CW 2021-03-21 0743 UA5L          599 SM OM6AL         599 0602
QSO:  7002 CW 2021-03-21 0746 UA5L          599 SM SP5UD         599 0252
QSO:  7005 CW 2021-03-21 0746 UA5L          599 SM SO6C          599 0057
QSO:  7020 CW 2021-03-21 0748 UA5L          599 SM IK4VET        599 0250
QSO:  7029 CW 2021-03-21 0748 UA5L          599 SM DL4CF         599 0154
QSO:  7036 CW 2021-03-21 0750 UA5L          599 SM PA3ARM        599 0089
QSO:  7100 PH 2021-03-21 0751 UA5L          59 SM DH1PAL        59 0192
QSO:  7136 PH 2021-03-21 0752 UA5L          59 SM SM5MX         59 0042
QSO:  7136 PH 2021-03-21 0755 UA5L          59 SM EW8MZ         59 0213
QSO:  7136 PH 2021-03-21 0800 UA5L          59 SM SA5HUB        59 0044
QSO:  7114 PH 2021-03-21 0801 UA5L          59 SM DR1D          59 1680
QSO:  7014 CW 2021-03-21 0806 UA5L          599 SM OM8LM         599 0149
QSO:  7000 PH 2021-03-21 0809 UA5L          59 SM DH1OK         59 0083
QSO:  7000 CW 2021-03-21 0810 UA5L          599 SM 9A3TU         599 0173
QSO:  7014 CW 2021-03-21 0810 UA5L          599 SM PA3GRM        599 0171
QSO:  7014 CW 2021-03-21 0811 UA5L          599 SM PG5V          599 0098
QSO:  7000 CW 2021-03-21 0813 UA5L          599 SM YO7LYM        599 0148
QSO:  7014 CW 2021-03-21 0814 UA5L          599 SM LY5O          599 0401
QSO:  7014 CW 2021-03-21 0815 UA5L          599 SM OH1X          599 0152
QSO:  7014 CW 2021-03-21 0816 UA5L          599 SM SV1GRB        599 0078
QSO:  7031 CW 2021-03-21 0817 UA5L          599 SM LX1NO         599 0390
QSO:  7000 CW 2021-03-21 0819 UA5L          599 SM DL1NKS        599 0693
QSO:  7014 CW 2021-03-21 0820 UA5L          599 SM LZ7O          599 0036
QSO:  7014 CW 2021-03-21 0821 UA5L          599 SM OH3KAV        599 0128
QSO:  7000 CW 2021-03-21 0822 UA5L          599 SM SM6OEF        599 0138
QSO:  7014 CW 2021-03-21 0824 UA5L          599 SM PA2DK         599 0139
QSO:  7010 CW 2021-03-21 0826 UA5L          599 SM DJ3RA         599 0265
QSO:  7014 CW 2021-03-21 0829 UA5L          599 SM HA4TI         599 0008
QSO:  7014 CW 2021-03-21 0831 UA5L          599 SM M1X           599 0409
QSO:  7014 CW 2021-03-21 0831 UA5L          599 SM OK1FKD        599 0238
QSO:  7008 CW 2021-03-21 0832 UA5L          599 SM LY7T          599 0442
QSO:  7036 CW 2021-03-21 0835 UA5L          599 SM SP2GMA        599 0361
QSO:  7000 CW 2021-03-21 0837 UA5L          599 SM IV3UHL        599 0347
QSO:  7018 CW 2021-03-21 0838 UA5L          599 SM G4BUO         599 0197
QSO:  7037 CW 2021-03-21 0841 UA5L          599 SM LY4T          599 0606
QSO:  7032 CW 2021-03-21 0842 UA5L          599 SM OM8LA         599 0194
QSO:  7020 CW 2021-03-21 0852 UA5L          599 SM SP7JLH        599 0725
QSO:  7022 CW 2021-03-21 0853 UA5L          599 SM OK1OA         599 0710
QSO:  7031 CW 2021-03-21 0855 UA5L          599 SM US3EW         599 0198
QSO:  7000 CW 2021-03-21 0856 UA5L          599 SM SM6NT         599 0144
QSO: 14057 CW 2021-03-21 0858 UA5L          599 SM OL5Y          599 0996
QSO:  7028 CW 2021-03-21 0858 UA5L          599 SM YL3FW         599 0333
QSO:  7153 PH 2021-03-21 0913 UA5L          59 SM HA5MIG        59 0157
QSO:  7156 PH 2021-03-21 0915 UA5L          59 SM DL0LK         59 0423
QSO:  7168 PH 2021-03-21 0916 UA5L          59 SM YL3FW         59 0341
QSO:  7024 CW 2021-03-21 0918 UA5L          599 SM OO9O          599 0063
QSO:  7029 CW 2021-03-21 0919 UA5L          599 SM SP2DKI        599 0065
QSO:  7143 PH 2021-03-21 0925 UA5L          59 SM OZ1FHU        59 0207
QSO:  7000 PH 2021-03-21 0927 UA5L          59 SM SP7RFF        59 0538
QSO:  7172 PH 2021-03-21 0931 UA5L          59 SM UT3EK         59 0287
QSO:  7004 CW 2021-03-21 0932 UA5L          599 SM UW5ZM         599 1514
QSO:  7009 CW 2021-03-21 0933 UA5L          599 SM SP9FOW        599 0064
QSO:  7013 CW 2021-03-21 0933 UA5L          599 SM OK1PI         599 0609
QSO:  7017 CW 2021-03-21 0934 UA5L          599 SM DK3YD         599 0213
QSO:  7024 CW 2021-03-21 0937 UA5L          599 SM IZ4DZD        599 0060
QSO:  7025 CW 2021-03-21 0938 UA5L          599 SM PA3DRL        599 0001
QSO:  7025 CW 2021-03-21 0945 UA5L          599 SM ES3RF         599 0110
QSO:  7024 CW 2021-03-21 0946 UA5L          599 SM LY4BF         599 0121
QSO:  7024 CW 2021-03-21 0946 UA5L          599 SM SQ2RH         599 0122
QSO:  7025 CW 2021-03-21 0948 UA5L          599 SM DK2FG         599 0325
QSO:  7025 CW 2021-03-21 0949 UA5L          599 SM G4OZG         599 0127
QSO:  7000 CW 2021-03-21 0950 UA5L          599 SM DJ2XY         599 0075
QSO:  7000 CW 2021-03-21 0952 UA5L          599 SM PA2W          599 0110
QSO:  7008 CW 2021-03-21 0953 UA5L          599 SM S57WJ         599 0127
QSO:  7022 CW 2021-03-21 0956 UA5L          599 SM DH7KU         599 0035
QSO:  7033 CW 2021-03-21 0957 UA5L          599 SM PA0VAJ        599 0339
QSO:  7019 CW 2021-03-21 1001 UA5L          599 SM LZ4UX         599 0020
QSO:  7165 PH 2021-03-21 1009 UA5L          59 SM IU4KET        59 0051
QSO:  7018 CW 2021-03-21 1015 UA5L          599 SM SP8HWM        599 0117
QSO:  7030 CW 2021-03-21 1019 UA5L          599 SM DL3YM         599 0035
QSO:  7030 CW 2021-03-21 1019 UA5L          599 SM PA7RA         599 0108
QSO:  7000 CW 2021-03-21 1027 UA5L          599 SM SQ9FMU        599 0213
QSO:  7000 PH 2021-03-21 1031 UA5L          59 SM SQ5SUL        59 0040
QSO:  7179 PH 2021-03-21 1033 UA5L          59 SM G1RVD         59 0126
QSO:  7001 CW 2021-03-21 1040 UA5L          599 SM DL5RMH        599 0194
QSO:  7147 PH 2021-03-21 1042 UA5L          59 SM OH0TS         59 0053
QSO:  7016 CW 2021-03-21 1046 UA5L          599 SM PA5N          599 0118
QSO:  7013 CW 2021-03-21 1048 UA5L          599 SM YU1KT         599 0328
QSO:  7000 CW 2021-03-21 1050 UA5L          599 SM DL8UNF        599 0067
QSO:  7029 CW 2021-03-21 1051 UA5L          599 SM IZ5IOV        599 0044
QSO:  7030 CW 2021-03-21 1052 UA5L          599 SM PE1RDP        599 0165
QSO:  7035 CW 2021-03-21 1054 UA5L          599 SM HB9EP         599 0305
QSO:  7029 CW 2021-03-21 1055 UA5L          599 SM SP9KDA        599 0153
QSO:  7014 CW 2021-03-21 1057 UA5L          599 SM YT7KM         599 0122
QSO:  7016 CW 2021-03-21 1058 UA5L          599 SM DK4WA         599 0083
QSO:  7013 CW 2021-03-21 1110 UA5L          599 SM DJ9DJ         599 0157
QSO:  7013 CW 2021-03-21 1112 UA5L          599 SM SP9EMI        599 0200
QSO:  7006 CW 2021-03-21 1113 UA5L          599 SM SN2S          599 0119
QSO:  7013 CW 2021-03-21 1115 UA5L          599 SM OK7CM         599 0374
QSO:  7013 CW 2021-03-21 1116 UA5L          599 SM LY2TS         599 0407
QSO:  7013 CW 2021-03-21 1116 UA5L          599 SM SM0Q          599 0410
QSO:  7013 CW 2021-03-21 1116 UA5L          599 SM YO5ODT        599 0293
QSO:  7013 CW 2021-03-21 1117 UA5L          599 SM SN5J          599 0716
QSO:  7013 CW 2021-03-21 1118 UA5L          599 SM F1IKA         599 0135
QSO:  7013 CW 2021-03-21 1119 UA5L          599 SM LY2MC         599 0269
QSO:  7013 CW 2021-03-21 1119 UA5L          599 SM SP2HMT        599 0570
QSO:  7013 CW 2021-03-21 1119 UA5L          599 SM UT3IZ         599 0946
QSO:  7000 CW 2021-03-21 1120 UA5L          599 SM IK0PXD        599 0210
QSO:  7013 CW 2021-03-21 1121 UA5L          599 SM EV6Z          599 0825
QSO:  7013 CW 2021-03-21 1121 UA5L          599 SM EW8G          599 0100
QSO:  7013 CW 2021-03-21 1122 UA5L          599 SM LY3B          599 0652
QSO:  7013 CW 2021-03-21 1123 UA5L          599 SM DL8TG         599 0593
QSO:  7163 PH 2021-03-21 1128 UA5L          59 SM EU8N          59 0174
QSO:  7164 PH 2021-03-21 1128 UA5L          59 SM SP1DSZ        59 0377
QSO:  7000 CW 2021-03-21 1136 UA5L          599 SM OK1FMJ        599 0169
QSO:  7000 CW 2021-03-21 1137 UA5L          599 SM DL9GMC        599 0274
QSO:  7016 CW 2021-03-21 1137 UA5L          599 SM EU8N          599 0178
QSO:  7000 CW 2021-03-21 1138 UA5L          599 SM E77C          599 0126
QSO:  7000 CW 2021-03-21 1138 UA5L          599 SM YO9CWY        599 0187
QSO:  7016 CW 2021-03-21 1142 UA5L          599 SM YU7KW         599 0884
QSO:  7029 CW 2021-03-21 1145 UA5L          599 SM UT5NR         599 0568
QSO:  7026 CW 2021-03-21 1147 UA5L          599 SM S57KM         599 0147
QSO:  7015 CW 2021-03-21 1150 UA5L          599 SM SP3MEP        599 0597
QSO:  7000 CW 2021-03-21 1151 UA5L          599 SM YL2II         599 0061
QSO:  7015 CW 2021-03-21 1153 UA5L          599 SM EW1I          599 1221
QSO:  7015 CW 2021-03-21 1153 UA5L          599 SM IU3KGO        599 0069
QSO:  7015 CW 2021-03-21 1157 UA5L          599 SM I5YKQ         599 0116
END-OF-LOG:
