START-OF-LOG: 3.0
CONTEST: CQ-WW-CW
CALLSIGN: R8CT
LOCATION: DX
CATEGORY-OPERATOR: SINGLE-OP
CATEGORY-ASSISTED: ASSISTED
CATEGORY-BAND: ALL
CATEGORY-POWER: HIGH
CATEGORY-MODE: CW
CATEGORY-TRANSMITTER: ONE
CATEGORY-STATION: FIXED
CATEGORY-OVERLAY:
GRID-LOCATOR: MO06HT
CLAIMED-SCORE: 3807978
NAME:
CLUB: URAL CONTEST GROUP
CREATED-BY: DXLog.net v2.6.23
QSO:    3514 CW 2025-11-29 0104 R8CT             599 17    R5DT             599  16      0
QSO:    1838 CW 2025-11-29 0111 R8CT             599 17    RN4HAB           599  16      1
QSO:    1838 CW 2025-11-29 0112 R8CT             599 17    DD2D             599  14      1
QSO:    1838 CW 2025-11-29 0113 R8CT             599 17    R4II             599  16      1
QSO:    1838 CW 2025-11-29 0113 R8CT             599 17    PA5KT            599  14      1
QSO:    1838 CW 2025-11-29 0114 R8CT             599 17    HG7T             599  15      1
QSO:    1838 CW 2025-11-29 0114 R8CT             599 17    UA4M             599  16      1
QSO:    1838 CW 2025-11-29 0115 R8CT             599 17    RG5A             599  16      1
QSO:    1838 CW 2025-11-29 0115 R8CT             599 17    TK0C             599  15      1
QSO:    1838 CW 2025-11-29 0116 R8CT             599 17    TM2Y             599  14      1
QSO:    1838 CW 2025-11-29 0116 R8CT             599 17    9A3JH            599  15      1
QSO:    1836 CW 2025-11-29 0117 R8CT             599 17    UA6EX            599  16      1
QSO:    1836 CW 2025-11-29 0118 R8CT             599 17    SN0R             599  15      1
QSO:    1836 CW 2025-11-29 0119 R8CT             599 17    RN3BL            599  16      1
QSO:    1836 CW 2025-11-29 0119 R8CT             599 17    LY5W             599  15      1
QSO:    1836 CW 2025-11-29 0124 R8CT             599 17    RN4SN            599  16      1
QSO:    1836 CW 2025-11-29 0124 R8CT             599 17    SO3R             599  15      1
QSO:    1836 CW 2025-11-29 0126 R8CT             599 17    EU8U             599  16      1
QSO:    1836 CW 2025-11-29 0128 R8CT             599 17    DL2OE            599  14      1
QSO:    1836 CW 2025-11-29 0128 R8CT             599 17    HG6N             599  15      1
QSO:    1836 CW 2025-11-29 0129 R8CT             599 17    UN4Q             599  17      1
QSO:    1836 CW 2025-11-29 0130 R8CT             599 17    RC3D             599  16      1
QSO:    3559 CW 2025-11-29 0131 R8CT             599 17    BG0DLA           599  23      0
QSO:    3564 CW 2025-11-29 0135 R8CT             599 17    UN0L             599  17      0
QSO:    3552 CW 2025-11-29 0137 R8CT             599 17    FY5KE            599  09      0
QSO:    3535 CW 2025-11-29 0144 R8CT             599 17    ZA1RR            599  15      0
QSO:    1831 CW 2025-11-29 0144 R8CT             599 17    OK7O             599  15      1
QSO:    1831 CW 2025-11-29 0144 R8CT             599 17    DM7C             599  14      1
QSO:    1831 CW 2025-11-29 0144 R8CT             599 17    S51W             599  15      1
QSO:    1831 CW 2025-11-29 0145 R8CT             599 17    SP4T             599  15      1
QSO:    1831 CW 2025-11-29 0145 R8CT             599 17    OH5Z             599  15      1
QSO:    1831 CW 2025-11-29 0145 R8CT             599 17    EW1SK            599  16      1
QSO:    1831 CW 2025-11-29 0146 R8CT             599 17    OH7K             599  15      1
QSO:    1831 CW 2025-11-29 0148 R8CT             599 17    HA0KS            599  15      1
QSO:    1831 CW 2025-11-29 0148 R8CT             599 17    E7DX             599  15      1
QSO:    1831 CW 2025-11-29 0150 R8CT             599 17    UA6AA            599  16      1
QSO:    1831 CW 2025-11-29 0151 R8CT             599 17    UR5CKO           599  16      1
QSO:    3552 CW 2025-11-29 0152 R8CT             599 17    CR3W             599  33      0
QSO:    3539 CW 2025-11-29 0157 R8CT             599 17    EF6T             599  14      0
QSO:    3540 CW 2025-11-29 0202 R8CT             599 17    TK0C             599  15      0
QSO:    3532 CW 2025-11-29 0204 R8CT             599 17    UA6AA            599  16      0
QSO:    3532 CW 2025-11-29 0205 R8CT             599 17    UA4M             599  16      0
QSO:    3532 CW 2025-11-29 0205 R8CT             599 17    R4II             599  16      0
QSO:    3532 CW 2025-11-29 0205 R8CT             599 17    HA6FQ            599  15      0
QSO:    3532 CW 2025-11-29 0206 R8CT             599 17    UN2E             599  17      0
QSO:    3532 CW 2025-11-29 0207 R8CT             599 17    EW2A             599  16      0
QSO:    3532 CW 2025-11-29 0207 R8CT             599 17    RU4K             599  16      0
QSO:    3532 CW 2025-11-29 0207 R8CT             599 17    R3ZP             599  16      0
QSO:    3532 CW 2025-11-29 0208 R8CT             599 17    UG4P             599  16      0
QSO:    3532 CW 2025-11-29 0208 R8CT             599 17    EW6FL            599  16      0
QSO:    3532 CW 2025-11-29 0208 R8CT             599 17    R3OQ             599  16      0
QSO:    3532 CW 2025-11-29 0209 R8CT             599 17    DP7D             599  14      0
QSO:    3532 CW 2025-11-29 0209 R8CT             599 17    OM7M             599  15      0
QSO:    1837 CW 2025-11-29 0212 R8CT             599 17    LX1NO            599  14      1
QSO:    1835 CW 2025-11-29 0212 R8CT             599 17    LZ8E             599  20      1
QSO:    3532 CW 2025-11-29 0215 R8CT             599 17    HA7UI            599  15      0
QSO:    3532 CW 2025-11-29 0216 R8CT             599 17    UN4Q             599  17      0
QSO:    3532 CW 2025-11-29 0219 R8CT             599 17    IK3ORD           599  15      0
QSO:    3515 CW 2025-11-29 0221 R8CT             599 17    SZ1A             599  20      0
QSO:    3554 CW 2025-11-29 0222 R8CT             599 17    C4W              599  20      0
QSO:    3550 CW 2025-11-29 0226 R8CT             599 17    A71WW            599  21      0
QSO:    3566 CW 2025-11-29 0226 R8CT             599 17    4Z5PN            599  20      0
QSO:    3567 CW 2025-11-29 0227 R8CT             599 17    G4IIY            599  14      0
QSO:    3562 CW 2025-11-29 0228 R8CT             599 17    HB9TOC           599  14      0
QSO:    7047 CW 2025-11-29 0236 R8CT             599 17    5X1DF            599  37      1
QSO:    7061 CW 2025-11-29 0237 R8CT             599 17    A71WW            599  21      1
QSO:    7061 CW 2025-11-29 0238 R8CT             599 17    NP3Y             599  08      1
QSO:    3534 CW 2025-11-29 0244 R8CT             599 17    4O3A             599  15      0
QSO:    3555 CW 2025-11-29 0245 R8CT             599 17    4U1A             599  15      0
QSO:    7058 CW 2025-11-29 0245 R8CT             599 17    CR3A             599  33      1
QSO:    7046 CW 2025-11-29 0247 R8CT             599 17    OZ5E             599  14      1
QSO:    7064 CW 2025-11-29 0250 R8CT             599 17    V47T             599  08      1
QSO:    7058 CW 2025-11-29 0251 R8CT             599 17    TO7A             599  08      1
QSO:    7030 CW 2025-11-29 0252 R8CT             599 17    SK3W             599  14      1
QSO:    3531 CW 2025-11-29 0253 R8CT             599 17    R4RD             599  16      0
QSO:    3531 CW 2025-11-29 0254 R8CT             599 17    S57Q             599  15      0
QSO:    7058 CW 2025-11-29 0254 R8CT             599 17    OH1VR            599  15      1
QSO:    7012 CW 2025-11-29 0255 R8CT             599 17    OH0V             599  15      1
QSO:    3531 CW 2025-11-29 0256 R8CT             599 17    SP7CF            599  15      0
QSO:    3531 CW 2025-11-29 0257 R8CT             599 17    OL0A             599  15      0
QSO:    3531 CW 2025-11-29 0258 R8CT             599 17    YT3D             599  15      0
QSO:    3531 CW 2025-11-29 0259 R8CT             599 17    DL4CF            599  14      0
QSO:    3531 CW 2025-11-29 0259 R8CT             599 17    DP9A             599  14      0
QSO:    7052 CW 2025-11-29 0300 R8CT             599 17    CR2M             599  14      1
QSO:    3531 CW 2025-11-29 0300 R8CT             599 17    PE1T             599  14      0
QSO:    3531 CW 2025-11-29 0302 R8CT             599 17    DR5A             599  14      0
QSO:    3523 CW 2025-11-29 0304 R8CT             599 17    OL5J             599  15      0
QSO:    7064 CW 2025-11-29 0305 R8CT             599 17    IB9R             599  15      1
QSO:    3523 CW 2025-11-29 0305 R8CT             599 17    R7AT             599  16      0
QSO:    7065 CW 2025-11-29 0306 R8CT             599 17    C4W              599  20      1
QSO:    7032 CW 2025-11-29 0308 R8CT             599 17    EK8A             599  21      1
QSO:    7007 CW 2025-11-29 0308 R8CT             599 17    4K6FO            599  21      1
QSO:    7003 CW 2025-11-29 0309 R8CT             599 17    YP0K             599  20      1
QSO:    7016 CW 2025-11-29 0309 R8CT             599 17    YT1A             599  15      1
QSO:    7060 CW 2025-11-29 0310 R8CT             599 17    5J1DX            599  09      1
QSO:    7045 CW 2025-11-29 0312 R8CT             599 17    PV8DX            599  11      1
QSO:    7017 CW 2025-11-29 0313 R8CT             599 17    TM7A             599  14      1
QSO:    7002 CW 2025-11-29 0314 R8CT             599 17    SZ1A             599  20      1
QSO:    7051 CW 2025-11-29 0315 R8CT             599 17    4L2M             599  21      1
QSO:    7001 CW 2025-11-29 0317 R8CT             599 17    4O3A             599  15      1
QSO:    7029 CW 2025-11-29 0318 R8CT             599 17    Z32TO            599  15      1
QSO:    7030 CW 2025-11-29 0319 R8CT             599 17    OK5Z             599  15      1
QSO:    3522 CW 2025-11-29 0322 R8CT             599 17    UA4WJ            599  16      0
QSO:    3522 CW 2025-11-29 0322 R8CT             599 17    RG5A             599  16      0
QSO:    3522 CW 2025-11-29 0322 R8CT             599 17    PI4CC            599  14      0
QSO:    3522 CW 2025-11-29 0324 R8CT             599 17    YT9X             599  15      0
QSO:    3522 CW 2025-11-29 0326 R8CT             599 17    OK2MBP           599  15      0
QSO:    3522 CW 2025-11-29 0326 R8CT             599 17    RT6A             599  16      0
QSO:    3522 CW 2025-11-29 0326 R8CT             599 17    RT9YA            599  18      0
QSO:    3522 CW 2025-11-29 0328 R8CT             599 17    DD4DA            599  14      0
QSO:   21056 CW 2025-11-29 0328 R8CT             599 17    3B8M             599  39      1
QSO:    3522 CW 2025-11-29 0328 R8CT             599 17    IK3ORD           599  15      0
QSO:    3522 CW 2025-11-29 0329 R8CT             599 17    SP9LAS           599  15      0
QSO:    3522 CW 2025-11-29 0330 R8CT             599 17    RQ3M             599  16      0
QSO:    3522 CW 2025-11-29 0330 R8CT             599 17    IZ3NYG           599  15      0
QSO:   21031 CW 2025-11-29 0331 R8CT             599 17    RM0F             599  19      1
QSO:   21025 CW 2025-11-29 0331 R8CT             599 17    BA5AU            599  24      1
QSO:   21052 CW 2025-11-29 0332 R8CT             599 17    E2M              599  26      1
QSO:    3522 CW 2025-11-29 0332 R8CT             599 17    9A1CCY           599  15      0
QSO:    3522 CW 2025-11-29 0333 R8CT             599 17    UA6LUQ           599  16      0
QSO:    3522 CW 2025-11-29 0333 R8CT             599 17    R9SS             599  16      0
QSO:   21037 CW 2025-11-29 0333 R8CT             599 17    JJ2YRE           599  25      1
QSO:    3522 CW 2025-11-29 0334 R8CT             599 17    RT9C             599  17      0
QSO:    3522 CW 2025-11-29 0334 R8CT             599 17    EU1AI            599  16      0
QSO:    3522 CW 2025-11-29 0334 R8CT             599 17    SN7O             599  15      0
QSO:   21035 CW 2025-11-29 0336 R8CT             599 17    9M6NA            599  28      1
QSO:    3522 CW 2025-11-29 0336 R8CT             599 17    RG2Y             599  16      0
QSO:   21023 CW 2025-11-29 0337 R8CT             599 17    DS1UDN           599  25      1
QSO:    3522 CW 2025-11-29 0338 R8CT             599 17    YT3E             599  15      0
QSO:   21010 CW 2025-11-29 0339 R8CT             599 17    VU2SRT           599  22      1
QSO:   21051 CW 2025-11-29 0339 R8CT             599 17    3B9KW            599  39      1
QSO:   21001 CW 2025-11-29 0340 R8CT             599 17    BY3GA            599  23      1
QSO:   28009 CW 2025-11-29 0341 R8CT             599 17    JS6TSE           599  25      1
QSO:   28045 CW 2025-11-29 0342 R8CT             599 17    AH2R             599  27      1
QSO:    3522 CW 2025-11-29 0342 R8CT             599 17    RC1W             599  16      0
QSO:    3522 CW 2025-11-29 0343 R8CT             599 17    UN7ID            599  17      0
QSO:    3522 CW 2025-11-29 0343 R8CT             599 17    YL3FT            599  15      0
QSO:    3522 CW 2025-11-29 0344 R8CT             599 17    UA3YFL           599  16      0
QSO:    3522 CW 2025-11-29 0344 R8CT             599 17    RD4F             599  16      0
QSO:    3523 CW 2025-11-29 0346 R8CT             599 17    UR6EA            599  16      0
QSO:   28030 CW 2025-11-29 0348 R8CT             599 17    JL1CNY           599  25      1
QSO:    3523 CW 2025-11-29 0348 R8CT             599 17    HG1R             599  15      0
QSO:    3523 CW 2025-11-29 0350 R8CT             599 17    DL5DTG           599  14      0
QSO:    3523 CW 2025-11-29 0350 R8CT             599 17    HG7T             599  15      0
QSO:    3523 CW 2025-11-29 0350 R8CT             599 17    OM5KM            599  15      0
QSO:   28010 CW 2025-11-29 0352 R8CT             599 17    JE4YMO           599  25      1
QSO:   28007 CW 2025-11-29 0353 R8CT             599 17    DS4EOI           599  25      1
QSO:    3523 CW 2025-11-29 0354 R8CT             599 17    S54A             599  15      0
QSO:   28004 CW 2025-11-29 0354 R8CT             599 17    JH3AIU           599  25      1
QSO:   14055 CW 2025-11-29 0357 R8CT             599 17    3B8M             599  39      1
QSO:   14056 CW 2025-11-29 0357 R8CT             599 17    RU0LL            599  19      1
QSO:   14053 CW 2025-11-29 0358 R8CT             599 17    B0A              599  23      1
QSO:   14033 CW 2025-11-29 0358 R8CT             599 17    A44A             599  21      1
QSO:   14043 CW 2025-11-29 0401 R8CT             599 17    JA7NVF           599  25      1
QSO:   14009 CW 2025-11-29 0402 R8CT             599 17    4K6FO            599  21      1
QSO:   21027 CW 2025-11-29 0404 R8CT             599 17    5X1XA            599  37      1
QSO:   21064 CW 2025-11-29 0404 R8CT             599 17    EX0M             599  17      1
QSO:   21000 CW 2025-11-29 0405 R8CT             599 17    S79/OK6RA        599  39      1
QSO:    3516 CW 2025-11-29 0406 R8CT             599 17    OK2IT            599  15      0
QSO:   21016 CW 2025-11-29 0406 R8CT             599 17    UK9AA            599  17      1
QSO:    3516 CW 2025-11-29 0407 R8CT             599 17    OM5R             599  15      0
QSO:   28036 CW 2025-11-29 0407 R8CT             599 17    UA0DAR           599  19      1
QSO:   28035 CW 2025-11-29 0408 R8CT             599 17    VR2CO            599  24      1
QSO:   28019 CW 2025-11-29 0410 R8CT             599 17    YB2VSH           599  28      1
QSO:   28018 CW 2025-11-29 0411 R8CT             599 17    B1Z              599  24      1
QSO:    7009 CW 2025-11-29 0414 R8CT             599 17    NR4M             599  05      0
QSO:    7004 CW 2025-11-29 0416 R8CT             599 17    KB3WD            599  05      0
QSO:   28008 CW 2025-11-29 0418 R8CT             599 17    BX4AFI           599  24      1
QSO:   28025 CW 2025-11-29 0420 R8CT             599 17    BG0DLA           599  23      1
QSO:    7021 CW 2025-11-29 0420 R8CT             599 17    EI8X             599  14      0
QSO:    7013 CW 2025-11-29 0421 R8CT             599 17    EF8R             599  33      0
QSO:   28026 CW 2025-11-29 0422 R8CT             599 17    JF2VAX           599  25      1
QSO:    7055 CW 2025-11-29 0423 R8CT             599 17    VE3JM            599  04      0
QSO:   28026 CW 2025-11-29 0423 R8CT             599 17    BI6NSL           599  24      1
QSO:   28026 CW 2025-11-29 0424 R8CT             599 17    JR3RJB           599  25      1
QSO:   14034 CW 2025-11-29 0425 R8CT             599 17    KH6J             599  31      1
QSO:   14023 CW 2025-11-29 0426 R8CT             599 17    BY4JN            599  24      1
QSO:    7026 CW 2025-11-29 0427 R8CT             599 17    ED9U             599  33      0
QSO:    7045 CW 2025-11-29 0427 R8CT             599 17    EF6T             599  14      0
QSO:    7027 CW 2025-11-29 0429 R8CT             599 17    LX7I             599  14      0
QSO:    7047 CW 2025-11-29 0430 R8CT             599 17    TA7I             599  20      0
QSO:    7022 CW 2025-11-29 0431 R8CT             599 17    HB9TOC           599  14      0
QSO:   28022 CW 2025-11-29 0432 R8CT             599 17    VU3GDS           599  22      1
QSO:    7058 CW 2025-11-29 0433 R8CT             599 17    LZ8E             599  20      0
QSO:   28039 CW 2025-11-29 0434 R8CT             599 17    VK9DX            599  32      1
QSO:    7059 CW 2025-11-29 0434 R8CT             599 17    V26K             599  08      0
QSO:   28033 CW 2025-11-29 0435 R8CT             599 17    ZL1BDW           599  32      1
QSO:   28048 CW 2025-11-29 0436 R8CT             599 17    E2A              599  26      1
QSO:    7028 CW 2025-11-29 0436 R8CT             599 17    9A1A             599  15      0
QSO:   28024 CW 2025-11-29 0437 R8CT             599 17    VK4J             599  30      1
QSO:    7032 CW 2025-11-29 0438 R8CT             599 17    ED1R             599  14      0
QSO:    7058 CW 2025-11-29 0439 R8CT             599 17    ZF5T             599  08      0
QSO:   28033 CW 2025-11-29 0439 R8CT             599 17    JE1NVD           599  25      1
QSO:    7005 CW 2025-11-29 0440 R8CT             599 17    G4DBW            599  14      0
QSO:    7067 CW 2025-11-29 0440 R8CT             599 17    T70A             599  15      0
QSO:    7051 CW 2025-11-29 0441 R8CT             599 17    EW6EW            599  16      0
QSO:    7051 CW 2025-11-29 0441 R8CT             599 17    RT7N             599  16      0
QSO:   21038 CW 2025-11-29 0444 R8CT             599 17    VK9DX            599  32      1
QSO:    7058 CW 2025-11-29 0450 R8CT             599 17    8P5A             599  08      0
QSO:   28057 CW 2025-11-29 0451 R8CT             599 17    3B8M             599  39      1
QSO:   21053 CW 2025-11-29 0452 R8CT             599 17    A71WW            599  21      1
QSO:    7020 CW 2025-11-29 0453 R8CT             599 17    PJ4K             599  09      0
QSO:    7013 CW 2025-11-29 0500 R8CT             599 17    E7DX             599  15      0
QSO:    7023 CW 2025-11-29 0502 R8CT             599 17    R6XD             599  16      0
QSO:    7023 CW 2025-11-29 0502 R8CT             599 17    LZ7DL            599  20      0
QSO:    7023 CW 2025-11-29 0502 R8CT             599 17    R3TE             599  16      0
QSO:    7023 CW 2025-11-29 0503 R8CT             599 17    RA3VE            599  16      0
QSO:    7023 CW 2025-11-29 0503 R8CT             599 17    TK0C             599  15      0
QSO:    7023 CW 2025-11-29 0504 R8CT             599 17    EV6Z             599  16      0
QSO:    7023 CW 2025-11-29 0504 R8CT             599 17    RW5CW            599  16      0
QSO:    7023 CW 2025-11-29 0505 R8CT             599 17    OH5Z             599  15      0
QSO:    7023 CW 2025-11-29 0505 R8CT             599 17    R2SL             599  16      0
QSO:   21007 CW 2025-11-29 0505 R8CT             599 17    RT0O             599  18      1
QSO:    7023 CW 2025-11-29 0506 R8CT             599 17    YO3JW            599  20      0
QSO:    7023 CW 2025-11-29 0506 R8CT             599 17    HA7I             599  15      0
QSO:   21004 CW 2025-11-29 0507 R8CT             599 17    4X6FR            599  20      1
QSO:   21026 CW 2025-11-29 0507 R8CT             599 17    A44A             599  21      1
QSO:    7023 CW 2025-11-29 0507 R8CT             599 17    HG9X             599  15      0
QSO:   14020 CW 2025-11-29 0511 R8CT             599 17    VK9DX            599  32      1
QSO:   14068 CW 2025-11-29 0512 R8CT             599 17    4X1MM            599  20      1
QSO:    7015 CW 2025-11-29 0515 R8CT             599 17    ES9C             599  15      0
QSO:    7015 CW 2025-11-29 0516 R8CT             599 17    EU1ST            599  16      0
QSO:    7015 CW 2025-11-29 0517 R8CT             599 17    TM2X             599  14      0
QSO:    7015 CW 2025-11-29 0518 R8CT             599 17    KC1XX            599  05      0
QSO:    7015 CW 2025-11-29 0518 R8CT             599 17    IO4M             599  15      0
QSO:    7015 CW 2025-11-29 0519 R8CT             599 17    YT2B             599  15      0
QSO:    7015 CW 2025-11-29 0520 R8CT             599 17    EW4DX            599  16      0
QSO:    7015 CW 2025-11-29 0520 R8CT             599 17    RA3BQ            599  16      0
QSO:    7015 CW 2025-11-29 0521 R8CT             599 17    DL3A             599  14      0
QSO:    7015 CW 2025-11-29 0521 R8CT             599 17    PI4CC            599  14      0
QSO:    7015 CW 2025-11-29 0521 R8CT             599 17    RG2Y             599  16      0
QSO:    7015 CW 2025-11-29 0522 R8CT             599 17    YO6KPT           599  20      0
QSO:    7015 CW 2025-11-29 0522 R8CT             599 17    K8LX             599  04      0
QSO:    7015 CW 2025-11-29 0523 R8CT             599 17    K5ZD             599  04      0
QSO:    7015 CW 2025-11-29 0523 R8CT             599 17    PA6X             599  14      0
QSO:    7015 CW 2025-11-29 0524 R8CT             599 17    HB7X             599  14      0
QSO:    7015 CW 2025-11-29 0524 R8CT             599 17    RT4M             599  16      0
QSO:    7015 CW 2025-11-29 0524 R8CT             599 17    LZ5R             599  20      0
QSO:   14058 CW 2025-11-29 0524 R8CT             599 17    P3CR             599  20      1
QSO:    7015 CW 2025-11-29 0525 R8CT             599 17    UP5B             599  17      0
QSO:    7015 CW 2025-11-29 0525 R8CT             599 17    R8CI             599  17      0
QSO:   14018 CW 2025-11-29 0527 R8CT             599 17    EK8A             599  21      1
QSO:    7021 CW 2025-11-29 0528 R8CT             599 17    SX1T             599  20      0
QSO:    7021 CW 2025-11-29 0528 R8CT             599 17    SX1T             599  20      0
QSO:    7021 CW 2025-11-29 0530 R8CT             599 17    SP8IOV           599  15      0
QSO:    7021 CW 2025-11-29 0530 R8CT             599 17    YO4AR            599  20      0
QSO:    7021 CW 2025-11-29 0531 R8CT             599 17    UA3XFO           599  16      0
QSO:    7021 CW 2025-11-29 0531 R8CT             599 17    DJ9DZ            599  14      0
QSO:   14060 CW 2025-11-29 0532 R8CT             599 17    TA3JOH           599  20      1
QSO:    7021 CW 2025-11-29 0533 R8CT             599 17    R3PLN            599  16      0
QSO:    7021 CW 2025-11-29 0533 R8CT             599 17    I2IFT            599  15      0
QSO:    7021 CW 2025-11-29 0533 R8CT             599 17    LZ9W             599  20      0
QSO:    7021 CW 2025-11-29 0534 R8CT             599 17    UA7K             599  16      0
QSO:   14044 CW 2025-11-29 0534 R8CT             599 17    PZ5DX            599  09      1
QSO:   14049 CW 2025-11-29 0534 R8CT             599 17    TK0C             599  15      1
QSO:   14039 CW 2025-11-29 0535 R8CT             599 17    LZ9W             599  20      1
QSO:    7021 CW 2025-11-29 0536 R8CT             599 17    RL2Y             599  16      0
QSO:   14018 CW 2025-11-29 0536 R8CT             599 17    LU7YS            599  13      1
QSO:   14057 CW 2025-11-29 0537 R8CT             599 17    OT7T             599  14      1
QSO:    7021 CW 2025-11-29 0537 R8CT             599 17    R9CX             599  17      0
QSO:    7021 CW 2025-11-29 0538 R8CT             599 17    IO6T             599  15      0
QSO:    7021 CW 2025-11-29 0538 R8CT             599 17    RA5G             599  16      0
QSO:    7015 CW 2025-11-29 0540 R8CT             599 17    UA3GDU           599  16      0
QSO:    7015 CW 2025-11-29 0540 R8CT             599 17    RL3T             599  16      0
QSO:    7015 CW 2025-11-29 0540 R8CT             599 17    4U1A             599  15      0
QSO:    7015 CW 2025-11-29 0542 R8CT             599 17    OM7M             599  15      0
QSO:   28007 CW 2025-11-29 0544 R8CT             599 17    TA7AZC           599  20      1
QSO:   28044 CW 2025-11-29 0544 R8CT             599 17    3B9KW            599  39      1
QSO:   28024 CW 2025-11-29 0545 R8CT             599 17    JT5DX            599  23      1
QSO:   21045 CW 2025-11-29 0546 R8CT             599 17    ZD7VJ            599  36      1
QSO:   21033 CW 2025-11-29 0547 R8CT             599 17    YU9DX            599  15      1
QSO:   14015 CW 2025-11-29 0551 R8CT             599 17    SP9JZT           599  15      0
QSO:   14015 CW 2025-11-29 0551 R8CT             599 17    HA7MF            599  15      0
QSO:   14015 CW 2025-11-29 0552 R8CT             599 17    RA9CU            599  17      0
QSO:   14015 CW 2025-11-29 0553 R8CT             599 17    R4DU             599  16      0
QSO:   14015 CW 2025-11-29 0553 R8CT             599 17    S54X             599  15      0
QSO:   14015 CW 2025-11-29 0553 R8CT             599 17    RX7T             599  16      0
QSO:   14015 CW 2025-11-29 0554 R8CT             599 17    HA3IC            599  15      0
QSO:   14015 CW 2025-11-29 0554 R8CT             599 17    UA6YH            599  16      0
QSO:   14015 CW 2025-11-29 0554 R8CT             599 17    ER/UR7FM         599  16      0
QSO:   14015 CW 2025-11-29 0555 R8CT             599 17    RZ3Z             599  16      0
QSO:   14015 CW 2025-11-29 0555 R8CT             599 17    R7CW             599  16      0
QSO:   14015 CW 2025-11-29 0555 R8CT             599 17    9A1AA            599  15      0
QSO:   14015 CW 2025-11-29 0555 R8CT             599 17    OM3CPF           599  15      0
QSO:   14015 CW 2025-11-29 0555 R8CT             599 17    YL3RZ            599  15      0
QSO:   14015 CW 2025-11-29 0556 R8CT             599 17    LZ3FN            599  20      0
QSO:   14015 CW 2025-11-29 0556 R8CT             599 17    UA0UV            599  18      0
QSO:   14015 CW 2025-11-29 0556 R8CT             599 17    Z33C             599  15      0
QSO:   14015 CW 2025-11-29 0557 R8CT             599 17    UI8C             599  17      0
QSO:   14015 CW 2025-11-29 0557 R8CT             599 17    UA6AA            599  16      0
QSO:   14015 CW 2025-11-29 0557 R8CT             599 17    RM1Q             599  16      0
QSO:   14015 CW 2025-11-29 0558 R8CT             599 17    PE1T             599  14      0
QSO:   14015 CW 2025-11-29 0558 R8CT             599 17    HG5E             599  15      0
QSO:   21025 CW 2025-11-29 0559 R8CT             599 17    YB2VSH           599  28      1
QSO:   14015 CW 2025-11-29 0559 R8CT             599 17    SP9XCN           599  15      0
QSO:   14015 CW 2025-11-29 0559 R8CT             599 17    G6T              599  14      0
QSO:   14038 CW 2025-11-29 0600 R8CT             599 17    KL7SB            599  01      0
QSO:   14015 CW 2025-11-29 0600 R8CT             599 17    SN7O             599  15      0
QSO:   14015 CW 2025-11-29 0601 R8CT             599 17    MW9W             599  14      0
QSO:   14015 CW 2025-11-29 0601 R8CT             599 17    SE4E             599  14      0
QSO:   14015 CW 2025-11-29 0601 R8CT             599 17    UP5B             599  17      0
QSO:   21013 CW 2025-11-29 0602 R8CT             599 17    DM4X             599  14      1
QSO:   14015 CW 2025-11-29 0603 R8CT             599 17    UA4CNJ           599  16      0
QSO:   14015 CW 2025-11-29 0604 R8CT             599 17    DF0HQ            599  14      0
QSO:   14015 CW 2025-11-29 0605 R8CT             599 17    OF9X             599  15      0
QSO:   14015 CW 2025-11-29 0605 R8CT             599 17    UN2E             599  17      0
QSO:   14015 CW 2025-11-29 0605 R8CT             599 17    YO3CWC           599  20      0
QSO:   14015 CW 2025-11-29 0606 R8CT             599 17    EW2ES            599  16      0
QSO:   28020 CW 2025-11-29 0646 R8CT             599 17    YU6DX            599  15      0
QSO:   28031 CW 2025-11-29 0648 R8CT             599 17    OM7M             599  15      0
QSO:   28031 CW 2025-11-29 0648 R8CT             599 17    JA2AXB           599  25      0
QSO:   28031 CW 2025-11-29 0649 R8CT             599 17    LZ5R             599  20      0
QSO:   28031 CW 2025-11-29 0650 R8CT             599 17    SP9RQH           599  15      0
QSO:   28031 CW 2025-11-29 0650 R8CT             599 17    JA3XOG           599  25      0
QSO:   28031 CW 2025-11-29 0651 R8CT             599 17    DL8RDL           599  14      0
QSO:   28031 CW 2025-11-29 0651 R8CT             599 17    RT9C             599  17      0
QSO:   28031 CW 2025-11-29 0651 R8CT             599 17    IO5M             599  15      0
QSO:   28031 CW 2025-11-29 0651 R8CT             599 17    JN3DSH           599  25      0
QSO:   28031 CW 2025-11-29 0652 R8CT             599 17    OE1UVA/3         599  15      0
QSO:   28031 CW 2025-11-29 0652 R8CT             599 17    DS5USH           599  25      0
QSO:   28024 CW 2025-11-29 0653 R8CT             599 17    TL8GD            599  36      0
QSO:   28062 CW 2025-11-29 0654 R8CT             599 17    YO3GEK           599  20      1
QSO:   28014 CW 2025-11-29 0654 R8CT             599 17    RW0A             599  18      1
QSO:   28018 CW 2025-11-29 0655 R8CT             599 17    UA7K             599  16      1
QSO:   28017 CW 2025-11-29 0655 R8CT             599 17    P3AA             599  20      1
QSO:   28031 CW 2025-11-29 0656 R8CT             599 17    DL7QU            599  14      0
QSO:   28021 CW 2025-11-29 0657 R8CT             599 17    9A4M             599  15      1
QSO:   28038 CW 2025-11-29 0658 R8CT             599 17    HA8FK            599  15      1
QSO:   28001 CW 2025-11-29 0658 R8CT             599 17    S53A             599  15      1
QSO:   28036 CW 2025-11-29 0659 R8CT             599 17    E7CW             599  15      1
QSO:   28012 CW 2025-11-29 0700 R8CT             599 17    SP8CGU           599  15      0
QSO:   28012 CW 2025-11-29 0700 R8CT             599 17    UA6EED           599  16      0
QSO:   28012 CW 2025-11-29 0701 R8CT             599 17    DM2M             599  14      0
QSO:   28012 CW 2025-11-29 0701 R8CT             599 17    4U1A             599  15      0
QSO:   28003 CW 2025-11-29 0701 R8CT             599 17    TK0C             599  15      1
QSO:   28017 CW 2025-11-29 0701 R8CT             599 17    OZ5W             599  14      1
QSO:   28012 CW 2025-11-29 0702 R8CT             599 17    LZ8R             599  20      0
QSO:   28012 CW 2025-11-29 0702 R8CT             599 17    DH8BQA           599  14      0
QSO:   28012 CW 2025-11-29 0702 R8CT             599 17    SP3LWP           599  15      0
QSO:   28012 CW 2025-11-29 0703 R8CT             599 17    DL2OM            599  14      0
QSO:   28012 CW 2025-11-29 0703 R8CT             599 17    SP2FOV           599  15      0
QSO:   28038 CW 2025-11-29 0704 R8CT             599 17    OL9Z             599  15      1
QSO:   28005 CW 2025-11-29 0705 R8CT             599 17    M6T              599  14      1
QSO:   28012 CW 2025-11-29 0706 R8CT             599 17    IP2A             599  15      0
QSO:   28040 CW 2025-11-29 0706 R8CT             599 17    EK8A             599  21      1
QSO:   28029 CW 2025-11-29 0707 R8CT             599 17    DZ3B             599  27      1
QSO:   28012 CW 2025-11-29 0707 R8CT             599 17    9A5Y             599  15      0
QSO:   28012 CW 2025-11-29 0707 R8CT             599 17    EU3A             599  16      0
QSO:   28012 CW 2025-11-29 0707 R8CT             599 17    SP5CJQ           599  15      0
QSO:   28012 CW 2025-11-29 0708 R8CT             599 17    PA3BUD           599  14      0
QSO:   28012 CW 2025-11-29 0708 R8CT             599 17    SP4LO            599  15      0
QSO:   28012 CW 2025-11-29 0708 R8CT             599 17    SN7E             599  15      0
QSO:   28012 CW 2025-11-29 0709 R8CT             599 17    IZ6BXQ           599  15      0
QSO:   28012 CW 2025-11-29 0709 R8CT             599 17    HA7I             599  15      0
QSO:   28012 CW 2025-11-29 0710 R8CT             599 17    YT1BX            599  15      0
QSO:   28012 CW 2025-11-29 0710 R8CT             599 17    YU1A             599  15      0
QSO:   28012 CW 2025-11-29 0711 R8CT             599 17    IO6T             599  15      0
QSO:   28012 CW 2025-11-29 0711 R8CT             599 17    UZ7E             599  16      0
QSO:   28012 CW 2025-11-29 0712 R8CT             599 17    SV8DJW           599  20      0
QSO:   21026 CW 2025-11-29 0713 R8CT             599 17    ZS1C             599  38      1
QSO:   28011 CW 2025-11-29 0714 R8CT             599 17    DL6VRG           599  14      0
QSO:   21045 CW 2025-11-29 0715 R8CT             599 17    DU3T             599  27      1
QSO:   28011 CW 2025-11-29 0716 R8CT             599 17    HB9AFS           599  14      0
QSO:   28011 CW 2025-11-29 0716 R8CT             599 17    SP7IIT           599  15      0
QSO:   28011 CW 2025-11-29 0716 R8CT             599 17    SP9ATE           599  15      0
QSO:   28011 CW 2025-11-29 0717 R8CT             599 17    SP5GQX           599  15      0
QSO:   28011 CW 2025-11-29 0717 R8CT             599 17    IV3IYH           599  15      0
QSO:   21039 CW 2025-11-29 0718 R8CT             599 17    OZ5W             599  14      1
QSO:   28011 CW 2025-11-29 0719 R8CT             599 17    BY4DX            599  24      0
QSO:   21008 CW 2025-11-29 0719 R8CT             599 17    9A4M             599  15      1
QSO:   28011 CW 2025-11-29 0719 R8CT             599 17    R7KA             599  16      0
QSO:   28011 CW 2025-11-29 0720 R8CT             599 17    R6FY             599  16      0
QSO:   21003 CW 2025-11-29 0720 R8CT             599 17    UN0L             599  17      1
QSO:   28011 CW 2025-11-29 0720 R8CT             599 17    SQ8Q             599  15      0
QSO:   21012 CW 2025-11-29 0721 R8CT             599 17    EF8R             599  33      1
QSO:   28011 CW 2025-11-29 0721 R8CT             599 17    R7AM             599  16      0
QSO:   28011 CW 2025-11-29 0721 R8CT             599 17    EX8MJ            599  17      0
QSO:   28011 CW 2025-11-29 0723 R8CT             599 17    DL9GK            599  14      0
QSO:   21042 CW 2025-11-29 0723 R8CT             599 17    IT9ESW           599  15      1
QSO:   21030 CW 2025-11-29 0724 R8CT             599 17    SN5X             599  15      1
QSO:   21051 CW 2025-11-29 0724 R8CT             599 17    LN8W             599  14      1
QSO:   28011 CW 2025-11-29 0724 R8CT             599 17    R7AT             599  16      0
QSO:   28011 CW 2025-11-29 0725 R8CT             599 17    IQ2ZY            599  15      0
QSO:   21001 CW 2025-11-29 0728 R8CT             599 17    4K6FO            599  21      1
QSO:   28011 CW 2025-11-29 0728 R8CT             599 17    EW8DX            599  16      0
QSO:   21053 CW 2025-11-29 0729 R8CT             599 17    SJ2W             599  14      1
QSO:   28011 CW 2025-11-29 0729 R8CT             599 17    DJ0MEK           599  14      0
QSO:   28011 CW 2025-11-29 0729 R8CT             599 17    YO4BEX           599  20      0
QSO:   21012 CW 2025-11-29 0731 R8CT             599 17    PP4T             599  11      1
QSO:   21056 CW 2025-11-29 0737 R8CT             599 17    3D2AG            599  32      1
QSO:   28026 CW 2025-11-29 0739 R8CT             599 17    UN4Q             599  17      0
QSO:   28026 CW 2025-11-29 0739 R8CT             599 17    RT7N             599  16      0
QSO:   28026 CW 2025-11-29 0739 R8CT             599 17    UA6AA            599  16      0
QSO:   28026 CW 2025-11-29 0739 R8CT             599 17    LZ5B             599  20      0
QSO:   28026 CW 2025-11-29 0741 R8CT             599 17    RG6OR            599  16      0
QSO:   21016 CW 2025-11-29 0742 R8CT             599 17    RZ1OA            599  16      1
QSO:   28046 CW 2025-11-29 0742 R8CT             599 17    ZD7VI            599  36      0
QSO:   28038 CW 2025-11-29 0743 R8CT             599 17    EF6T             599  14      0
QSO:   28063 CW 2025-11-29 0745 R8CT             599 17    OZ5E             599  14      0
QSO:   28034 CW 2025-11-29 0745 R8CT             599 17    OT7T             599  14      0
QSO:   28000 CW 2025-11-29 0745 R8CT             599 17    EF3W             599  14      0
QSO:   28016 CW 2025-11-29 0746 R8CT             599 17    SB7S             599  14      0
QSO:   21029 CW 2025-11-29 0747 R8CT             599 17    OP7B             599  14      1
QSO:   21018 CW 2025-11-29 0748 R8CT             599 17    SX1T             599  20      1
QSO:   28026 CW 2025-11-29 0748 R8CT             599 17    DK5MB            599  14      0
QSO:   21038 CW 2025-11-29 0749 R8CT             599 17    S59L             599  15      1
QSO:   28026 CW 2025-11-29 0749 R8CT             599 17    PA3ARM           599  14      0
QSO:   21022 CW 2025-11-29 0750 R8CT             599 17    CT7BJG           599  14      1
QSO:   21058 CW 2025-11-29 0751 R8CT             599 17    SV5DKL           599  20      1
QSO:   21068 CW 2025-11-29 0751 R8CT             599 17    4U1A             599  15      1
QSO:   21008 CW 2025-11-29 0752 R8CT             599 17    4O3A             599  15      1
QSO:   21028 CW 2025-11-29 0753 R8CT             599 17    MD4K             599  14      1
QSO:   21066 CW 2025-11-29 0754 R8CT             599 17    OH0X             599  15      1
QSO:   28026 CW 2025-11-29 0754 R8CT             599 17    OK2TRN           599  15      0
QSO:   28026 CW 2025-11-29 0755 R8CT             599 17    UW5Y             599  16      0
QSO:   21039 CW 2025-11-29 0755 R8CT             599 17    HB2Y             599  14      1
QSO:   21037 CW 2025-11-29 0756 R8CT             599 17    EF6B             599  14      1
QSO:   28026 CW 2025-11-29 0756 R8CT             599 17    LZ1MC            599  20      0
QSO:   28068 CW 2025-11-29 0757 R8CT             599 17    OH1D             599  15      0
QSO:   28010 CW 2025-11-29 0757 R8CT             599 17    LN8W             599  14      0
QSO:   28016 CW 2025-11-29 0758 R8CT             599 17    LX7I             599  14      0
QSO:   21011 CW 2025-11-29 0759 R8CT             599 17    GM5A             599  14      1
QSO:   21065 CW 2025-11-29 0800 R8CT             599 17    T70A             599  15      1
QSO:   21023 CW 2025-11-29 0800 R8CT             599 17    TK0C             599  15      1
QSO:   21046 CW 2025-11-29 0801 R8CT             599 17    CQ9A             599  33      1
QSO:   21063 CW 2025-11-29 0801 R8CT             599 17    OH7K             599  15      1
QSO:   21045 CW 2025-11-29 0802 R8CT             599 17    E7Y              599  15      1
QSO:   21031 CW 2025-11-29 0802 R8CT             599 17    HA5JI            599  15      1
QSO:   21044 CW 2025-11-29 0803 R8CT             599 17    OH0V             599  15      1
QSO:   21010 CW 2025-11-29 0803 R8CT             599 17    EA1X             599  14      1
QSO:   21015 CW 2025-11-29 0804 R8CT             599 17    G8X              599  14      1
QSO:   21017 CW 2025-11-29 0804 R8CT             599 17    IS0JXO           599  15      1
QSO:   21023 CW 2025-11-29 0805 R8CT             599 17    F6ARC            599  14      1
QSO:   28022 CW 2025-11-29 0806 R8CT             599 17    SF8E             599  14      0
QSO:   28022 CW 2025-11-29 0806 R8CT             599 17    DJ3HW            599  14      0
QSO:   21004 CW 2025-11-29 0807 R8CT             599 17    UR6EA            599  16      1
QSO:   28022 CW 2025-11-29 0807 R8CT             599 17    GM5X             599  14      0
QSO:   28022 CW 2025-11-29 0807 R8CT             599 17    SP2HMY           599  15      0
QSO:   21049 CW 2025-11-29 0807 R8CT             599 17    OM7M             599  15      1
QSO:   21000 CW 2025-11-29 0808 R8CT             599 17    P3AA             599  20      1
QSO:   28022 CW 2025-11-29 0808 R8CT             599 17    RU6CO            599  16      0
QSO:   28022 CW 2025-11-29 0809 R8CT             599 17    LZ8W             599  20      0
QSO:   28022 CW 2025-11-29 0809 R8CT             599 17    YO8DOH           599  20      0
QSO:   21065 CW 2025-11-29 0809 R8CT             599 17    IO4A             599  15      1
QSO:   28022 CW 2025-11-29 0810 R8CT             599 17    IO4X             599  15      0
QSO:   28022 CW 2025-11-29 0811 R8CT             599 17    OM2DT            599  15      0
QSO:   28022 CW 2025-11-29 0811 R8CT             599 17    LA9WDA           599  14      0
QSO:   28022 CW 2025-11-29 0812 R8CT             599 17    YU5R             599  15      0
QSO:   28022 CW 2025-11-29 0812 R8CT             599 17    PA4WM            599  14      0
QSO:   28022 CW 2025-11-29 0812 R8CT             599 17    E2A              599  26      0
QSO:   28022 CW 2025-11-29 0812 R8CT             599 17    OM7K             599  15      0
QSO:   28022 CW 2025-11-29 0813 R8CT             599 17    R9CX             599  17      0
QSO:   28022 CW 2025-11-29 0813 R8CT             599 17    LZ5IY            599  20      0
QSO:   28022 CW 2025-11-29 0814 R8CT             599 17    DJ0SP            599  14      0
QSO:   28019 CW 2025-11-29 0814 R8CT             599 17    ES9C             599  15      0
QSO:   28059 CW 2025-11-29 0814 R8CT             599 17    YL3NU            599  15      0
QSO:   28055 CW 2025-11-29 0815 R8CT             599 17    II9P             599  15      0
QSO:   28037 CW 2025-11-29 0815 R8CT             599 17    CN3A             599  33      0
QSO:   28022 CW 2025-11-29 0816 R8CT             599 17    SN3C             599  15      0
QSO:   28022 CW 2025-11-29 0816 R8CT             599 17    R7TQ             599  16      0
QSO:   28022 CW 2025-11-29 0816 R8CT             599 17    LZ3FN            599  20      0
QSO:   28022 CW 2025-11-29 0817 R8CT             599 17    LZ3WU            599  20      0
QSO:   28022 CW 2025-11-29 0817 R8CT             599 17    EA4BAS           599  14      0
QSO:   28022 CW 2025-11-29 0817 R8CT             599 17    BA8DV            599  24      0
QSO:   28022 CW 2025-11-29 0817 R8CT             599 17    DR5E             599  14      0
QSO:   28022 CW 2025-11-29 0818 R8CT             599 17    SP7M             599  15      0
QSO:   28022 CW 2025-11-29 0819 R8CT             599 17    BA5AW            599  24      0
QSO:   28022 CW 2025-11-29 0819 R8CT             599 17    RG5A             599  16      0
QSO:   28022 CW 2025-11-29 0820 R8CT             599 17    OK6OK            599  15      0
QSO:   28022 CW 2025-11-29 0820 R8CT             599 17    OM8FR            599  15      0
QSO:   28022 CW 2025-11-29 0821 R8CT             599 17    YO3BL            599  20      0
QSO:   28022 CW 2025-11-29 0821 R8CT             599 17    HA8L             599  15      0
QSO:   28006 CW 2025-11-29 0822 R8CT             599 17    4O3A             599  15      0
QSO:   28022 CW 2025-11-29 0824 R8CT             599 17    OM3CGN           599  15      0
QSO:   14022 CW 2025-11-29 0829 R8CT             599 17    GU4CHY           599  14      1
QSO:   14034 CW 2025-11-29 0829 R8CT             599 17    HB7X             599  14      1
QSO:   14046 CW 2025-11-29 0830 R8CT             599 17    EI7M             599  14      1
QSO:   28016 CW 2025-11-29 0831 R8CT             599 17    LZ6O             599  20      0
QSO:   28016 CW 2025-11-29 0832 R8CT             599 17    DK2TX            599  14      0
QSO:   14032 CW 2025-11-29 0832 R8CT             599 17    LN8W             599  14      1
QSO:   28016 CW 2025-11-29 0833 R8CT             599 17    YT5K             599  15      0
QSO:   28016 CW 2025-11-29 0833 R8CT             599 17    R1WAB            599  16      0
QSO:   14026 CW 2025-11-29 0834 R8CT             599 17    MI5I             599  14      1
QSO:   14043 CW 2025-11-29 0834 R8CT             599 17    GM2V             599  14      1
QSO:   14059 CW 2025-11-29 0835 R8CT             599 17    CR3B             599  33      1
QSO:   28016 CW 2025-11-29 0835 R8CT             599 17    HF5WIM           599  15      0
QSO:   28016 CW 2025-11-29 0835 R8CT             599 17    SP9XCN           599  15      0
QSO:   14052 CW 2025-11-29 0836 R8CT             599 17    EA5O             599  14      1
QSO:   28016 CW 2025-11-29 0836 R8CT             599 17    S50R             599  15      0
QSO:   28016 CW 2025-11-29 0836 R8CT             599 17    YL73R            599  15      0
QSO:   28016 CW 2025-11-29 0837 R8CT             599 17    HA5PT            599  15      0
QSO:   28016 CW 2025-11-29 0837 R8CT             599 17    PD8MD            599  14      0
QSO:   28016 CW 2025-11-29 0838 R8CT             599 17    EA3LA            599  14      0
QSO:   28016 CW 2025-11-29 0839 R8CT             599 17    YU1KT            599  15      0
QSO:   14040 CW 2025-11-29 0840 R8CT             599 17    SZ1A             599  20      1
QSO:   28016 CW 2025-11-29 0840 R8CT             599 17    SM5CSS           599  14      0
QSO:   14038 CW 2025-11-29 0840 R8CT             599 17    ES9C             599  15      1
QSO:   28016 CW 2025-11-29 0841 R8CT             599 17    LZ2AF            599  20      0
QSO:   14022 CW 2025-11-29 0841 R8CT             599 17    OZ5W             599  14      1
QSO:   28016 CW 2025-11-29 0842 R8CT             599 17    EA3NO            599  14      0
QSO:   28016 CW 2025-11-29 0842 R8CT             599 17    YO4TL            599  20      0
QSO:   14018 CW 2025-11-29 0843 R8CT             599 17    OL3R             599  15      1
QSO:   28016 CW 2025-11-29 0845 R8CT             599 17    RA6AR            599  16      0
QSO:   28011 CW 2025-11-29 0846 R8CT             599 17    9M6NA            599  28      0
QSO:   28014 CW 2025-11-29 0846 R8CT             599 17    4K6FO            599  21      0
QSO:   28020 CW 2025-11-29 0847 R8CT             599 17    OH0V             599  15      0
QSO:   28056 CW 2025-11-29 0847 R8CT             599 17    IS0KNZ           599  15      0
QSO:   28045 CW 2025-11-29 0848 R8CT             599 17    T70A             599  15      0
QSO:   28008 CW 2025-11-29 0849 R8CT             599 17    CR3A             599  33      0
QSO:   28044 CW 2025-11-29 0849 R8CT             599 17    CR6K             599  14      0
QSO:   28036 CW 2025-11-29 0851 R8CT             599 17    S51DI            599  15      0
QSO:   28036 CW 2025-11-29 0851 R8CT             599 17    DR1D             599  14      0
QSO:   14033 CW 2025-11-29 0852 R8CT             599 17    YT7X             599  15      1
QSO:   28036 CW 2025-11-29 0852 R8CT             599 17    DK3DUA           599  14      0
QSO:   28036 CW 2025-11-29 0852 R8CT             599 17    OZ1DJJ           599  14      0
QSO:   14026 CW 2025-11-29 0853 R8CT             599 17    TM4W             599  14      1
QSO:   28036 CW 2025-11-29 0854 R8CT             599 17    OK1DRX           599  15      0
QSO:   28035 CW 2025-11-29 0856 R8CT             599 17    YU0U             599  15      0
QSO:   14028 CW 2025-11-29 0857 R8CT             599 17    IQ2MI            599  15      1
QSO:   28035 CW 2025-11-29 0857 R8CT             599 17    OE3DXA           599  15      0
QSO:   28035 CW 2025-11-29 0858 R8CT             599 17    F8DBF            599  14      0
QSO:   28035 CW 2025-11-29 0858 R8CT             599 17    PC0A             599  14      0
QSO:   28035 CW 2025-11-29 0859 R8CT             599 17    2E0CVN           599  14      0
QSO:   28035 CW 2025-11-29 0859 R8CT             599 17    LZ6E             599  20      0
QSO:   14050 CW 2025-11-29 0900 R8CT             599 17    CN3A             599  33      1
QSO:   28035 CW 2025-11-29 0900 R8CT             599 17    EU8T             599  16      0
QSO:   28035 CW 2025-11-29 0900 R8CT             599 17    EW2ES            599  16      0
QSO:   28035 CW 2025-11-29 0901 R8CT             599 17    OG8M             599  15      0
QSO:   14053 CW 2025-11-29 0903 R8CT             599 17    CR2M             599  14      1
QSO:   14039 CW 2025-11-29 0904 R8CT             599 17    VK2PN            599  30      1
QSO:   28035 CW 2025-11-29 0905 R8CT             599 17    BI8CZM           599  24      0
QSO:   21057 CW 2025-11-29 0906 R8CT             599 17    II9P             599  15      1
QSO:   28065 CW 2025-11-29 0908 R8CT             599 17    V85RH            599  28      0
QSO:   28041 CW 2025-11-29 0909 R8CT             599 17    UB3A             599  16      0
QSO:   28041 CW 2025-11-29 0909 R8CT             599 17    LZ9R             599  20      0
QSO:   28041 CW 2025-11-29 0911 R8CT             599 17    F5PCV            599  14      0
QSO:   21009 CW 2025-11-29 0914 R8CT             599 17    ZM3A             599  32      1
QSO:   21020 CW 2025-11-29 1004 R8CT             599 17    VK1A             599  30      1
QSO:   28030 CW 2025-11-29 1007 R8CT             599 17    YO6HSU           599  20      0
QSO:   28030 CW 2025-11-29 1007 R8CT             599 17    EA3DR            599  14      0
QSO:   21028 CW 2025-11-29 1008 R8CT             599 17    PA3AAV           599  14      1
QSO:   21033 CW 2025-11-29 1009 R8CT             599 17    LX7I             599  14      1
QSO:   28030 CW 2025-11-29 1009 R8CT             599 17    RT6A             599  16      0
QSO:   21018 CW 2025-11-29 1010 R8CT             599 17    OL7T             599  15      1
QSO:   28030 CW 2025-11-29 1010 R8CT             599 17    OK2J             599  15      0
QSO:   28023 CW 2025-11-29 1011 R8CT             599 17    MW2I             599  14      0
QSO:   28000 CW 2025-11-29 1012 R8CT             599 17    EI2KC            599  14      0
QSO:   28032 CW 2025-11-29 1012 R8CT             599 17    R2FK             599  15      0
QSO:   28033 CW 2025-11-29 1013 R8CT             599 17    CR2M             599  14      0
QSO:   28002 CW 2025-11-29 1013 R8CT             599 17    EF8R             599  33      0
QSO:    7048 CW 2025-11-29 1014 R8CT             599 17    JA3YBK           599  25      1
QSO:    7011 CW 2025-11-29 1015 R8CT             599 17    B1Z              599  24      1
QSO:   28041 CW 2025-11-29 1016 R8CT             599 17    OG6N             599  15      0
QSO:   14025 CW 2025-11-29 1018 R8CT             599 17    XU7RRC           599  26      1
QSO:   28041 CW 2025-11-29 1019 R8CT             599 17    DL6NDW           599  14      0
QSO:   14043 CW 2025-11-29 1021 R8CT             599 17    4U1A             599  15      1
QSO:   28041 CW 2025-11-29 1022 R8CT             599 17    DK5JM            599  14      0
QSO:   28041 CW 2025-11-29 1022 R8CT             599 17    UT3UZ            599  16      0
QSO:   28041 CW 2025-11-29 1023 R8CT             599 17    OK1KDN           599  15      0
QSO:   28041 CW 2025-11-29 1023 R8CT             599 17    IZ4JMA           599  15      0
QSO:   28041 CW 2025-11-29 1023 R8CT             599 17    SO5CW            599  15      0
QSO:   28041 CW 2025-11-29 1023 R8CT             599 17    YO8FC            599  20      0
QSO:   28041 CW 2025-11-29 1024 R8CT             599 17    YO2MNZ           599  20      0
QSO:   28041 CW 2025-11-29 1024 R8CT             599 17    EW3LN            599  16      0
QSO:   28041 CW 2025-11-29 1024 R8CT             599 17    HG7J             599  15      0
QSO:   28041 CW 2025-11-29 1024 R8CT             599 17    SA6FOL           599  14      0
QSO:   28041 CW 2025-11-29 1025 R8CT             599 17    ON7KEC           599  14      0
QSO:   28041 CW 2025-11-29 1025 R8CT             599 17    DL1YAF           599  14      0
QSO:   28041 CW 2025-11-29 1026 R8CT             599 17    G4DDL            599  14      0
QSO:   21016 CW 2025-11-29 1026 R8CT             599 17    TA2DA            599  20      1
QSO:   28041 CW 2025-11-29 1027 R8CT             599 17    OK5IM            599  15      0
QSO:   28041 CW 2025-11-29 1028 R8CT             599 17    ZZ5K             599  11      0
QSO:   21006 CW 2025-11-29 1029 R8CT             599 17    GI4NKB           599  14      1
QSO:   28041 CW 2025-11-29 1030 R8CT             599 17    EA7TN            599  14      0
QSO:   28041 CW 2025-11-29 1030 R8CT             599 17    EW6EW            599  16      0
QSO:   28041 CW 2025-11-29 1031 R8CT             599 17    EW2ZC            599  16      0
QSO:   28041 CW 2025-11-29 1031 R8CT             599 17    R6XD             599  16      0
QSO:   28041 CW 2025-11-29 1032 R8CT             599 17    YO9CX            599  20      0
QSO:   21058 CW 2025-11-29 1034 R8CT             599 17    V47T             599  08      1
QSO:   28041 CW 2025-11-29 1034 R8CT             599 17    RT6A             599  16      0
QSO:   21023 CW 2025-11-29 1035 R8CT             599 17    HV0A             599  15      1
QSO:   21035 CW 2025-11-29 1036 R8CT             599 17    ES9C             599  15      1
QSO:   28041 CW 2025-11-29 1036 R8CT             599 17    R6OR             599  16      0
QSO:   21043 CW 2025-11-29 1037 R8CT             599 17    EK8A             599  21      1
QSO:   28041 CW 2025-11-29 1038 R8CT             599 17    YO9BCM           599  20      0
QSO:   28041 CW 2025-11-29 1038 R8CT             599 17    IK2GRA           599  15      0
QSO:   21043 CW 2025-11-29 1039 R8CT             599 17    CN3A             599  33      1
QSO:   28041 CW 2025-11-29 1039 R8CT             599 17    IZ5AHB           599  15      0
QSO:   28041 CW 2025-11-29 1039 R8CT             599 17    G3P              599  14      0
QSO:   21020 CW 2025-11-29 1040 R8CT             599 17    OE8XEF           599  15      1
QSO:   21034 CW 2025-11-29 1040 R8CT             599 17    EU2F             599  16      1
QSO:   21044 CW 2025-11-29 1041 R8CT             599 17    Z33B             599  15      1
QSO:   21069 CW 2025-11-29 1041 R8CT             599 17    TM8O             599  14      1
QSO:   21032 CW 2025-11-29 1042 R8CT             599 17    YO2NWW           599  20      1
QSO:   28041 CW 2025-11-29 1043 R8CT             599 17    PY2NY            599  11      0
QSO:   28041 CW 2025-11-29 1043 R8CT             599 17    RA6FUZ           599  16      0
QSO:   28041 CW 2025-11-29 1044 R8CT             599 17    EW2A             599  16      0
QSO:   28041 CW 2025-11-29 1044 R8CT             599 17    SP9BCH           599  15      0
QSO:   28041 CW 2025-11-29 1044 R8CT             599 17    LZ7M             599  20      0
QSO:   28041 CW 2025-11-29 1044 R8CT             599 17    RK7T             599  16      0
QSO:   28041 CW 2025-11-29 1045 R8CT             599 17    RN7A             599  16      0
QSO:   28041 CW 2025-11-29 1045 R8CT             599 17    IT9SSI           599  15      0
QSO:   28041 CW 2025-11-29 1045 R8CT             599 17    PW2K             599  11      0
QSO:   28041 CW 2025-11-29 1045 R8CT             599 17    HG2DX            599  15      0
QSO:   28041 CW 2025-11-29 1046 R8CT             599 17    OM8ON            599  15      0
QSO:   28041 CW 2025-11-29 1046 R8CT             599 17    F5TYY            599  14      0
QSO:   28041 CW 2025-11-29 1046 R8CT             599 17    RU1A             599  16      0
QSO:   28041 CW 2025-11-29 1047 R8CT             599 17    TA6B             599  20      0
QSO:   28041 CW 2025-11-29 1047 R8CT             599 17    IZ2OOS           599  15      0
QSO:   28068 CW 2025-11-29 1049 R8CT             599 17    RK1AQ            599  16      0
QSO:    7021 CW 2025-11-29 1050 R8CT             599 17    RA0R             599  18      1
QSO:   28041 CW 2025-11-29 1050 R8CT             599 17    LY2TS            599  15      0
QSO:    7024 CW 2025-11-29 1051 R8CT             599 17    YL2KO            599  15      1
QSO:   28041 CW 2025-11-29 1051 R8CT             599 17    IS0CAK           599  15      0
QSO:   28041 CW 2025-11-29 1052 R8CT             599 17    UT6ER            599  16      0
QSO:   28041 CW 2025-11-29 1052 R8CT             599 17    DL3YM            599  14      0
QSO:   28041 CW 2025-11-29 1053 R8CT             599 17    E73K             599  15      0
QSO:   28041 CW 2025-11-29 1053 R8CT             599 17    DJ1SL            599  14      0
QSO:   28041 CW 2025-11-29 1054 R8CT             599 17    SP2V             599  15      0
QSO:   21021 CW 2025-11-29 1054 R8CT             599 17    LZ5EE            599  20      1
QSO:   28041 CW 2025-11-29 1054 R8CT             599 17    EA7IF            599  14      0
QSO:   21014 CW 2025-11-29 1055 R8CT             599 17    JT5DX            599  23      1
QSO:   28041 CW 2025-11-29 1057 R8CT             599 17    DA2X             599  14      0
QSO:   28041 CW 2025-11-29 1057 R8CT             599 17    EU1DT            599  16      0
QSO:   14013 CW 2025-11-29 1058 R8CT             599 17    OE8XEF           599  15      1
QSO:   14040 CW 2025-11-29 1058 R8CT             599 17    CR6K             599  14      1
QSO:   28041 CW 2025-11-29 1058 R8CT             599 17    PA2A             599  14      0
QSO:   14052 CW 2025-11-29 1059 R8CT             599 17    EF6T             599  14      1
QSO:   28041 CW 2025-11-29 1100 R8CT             599 17    DJ9AO            599  14      0
QSO:   28041 CW 2025-11-29 1100 R8CT             599 17    HA3DX            599  15      0
QSO:   28041 CW 2025-11-29 1100 R8CT             599 17    EW1P             599  16      0
QSO:   28041 CW 2025-11-29 1100 R8CT             599 17    F5PRH            599  14      0
QSO:   14015 CW 2025-11-29 1101 R8CT             599 17    VR2NC            599  24      1
QSO:   28041 CW 2025-11-29 1101 R8CT             599 17    SD5M             599  14      0
QSO:   28041 CW 2025-11-29 1101 R8CT             599 17    F8FTY            599  14      0
QSO:   28041 CW 2025-11-29 1102 R8CT             599 17    YT2U             599  15      0
QSO:   14046 CW 2025-11-29 1102 R8CT             599 17    4L9M             599  21      1
QSO:   28041 CW 2025-11-29 1103 R8CT             599 17    GU4WRP           599  14      0
QSO:   21055 CW 2025-11-29 1103 R8CT             599 17    SV9DJO           599  20      1
QSO:    7031 CW 2025-11-29 1110 R8CT             599 17    RU0LL            599  19      0
QSO:   21041 CW 2025-11-29 1112 R8CT             599 17    R2FK             599  15      1
QSO:    7023 CW 2025-11-29 1119 R8CT             599 17    DS4EOI           599  25      0
QSO:   21037 CW 2025-11-29 1129 R8CT             599 17    HB0DX            599  14      1
QSO:   21061 CW 2025-11-29 1131 R8CT             599 17    KP2M             599  08      1
QSO:   14041 CW 2025-11-29 1134 R8CT             599 17    V85RH            599  28      0
QSO:   21060 CW 2025-11-29 1135 R8CT             599 17    TF3SG            599  40      1
QSO:   21030 CW 2025-11-29 1135 R8CT             599 17    VR2CO            599  24      1
QSO:   21046 CW 2025-11-29 1140 R8CT             599 17    PJ4A             599  09      1
QSO:   14031 CW 2025-11-29 1141 R8CT             599 17    LX7I             599  14      0
QSO:   21051 CW 2025-11-29 1142 R8CT             599 17    TO7A             599  08      1
QSO:   21064 CW 2025-11-29 1142 R8CT             599 17    8P5A             599  08      1
QSO:   28041 CW 2025-11-29 1144 R8CT             599 17    DL6HCC           599  14      0
QSO:    7015 CW 2025-11-29 1146 R8CT             599 17    YB2VSH           599  28      1
QSO:   28041 CW 2025-11-29 1147 R8CT             599 17    DF7EE            599  14      0
QSO:   14046 CW 2025-11-29 1147 R8CT             599 17    CB3A             599  12      1
QSO:   14001 CW 2025-11-29 1150 R8CT             599 17    KC1XX            599  05      1
QSO:   28041 CW 2025-11-29 1152 R8CT             599 17    YO6FLW           599  20      0
QSO:   28045 CW 2025-11-29 1153 R8CT             599 17    LT6T             599  13      0
QSO:   28042 CW 2025-11-29 1154 R8CT             599 17    DA1TT            599  14      0
QSO:   14010 CW 2025-11-29 1156 R8CT             599 17    YE1GXQ           599  28      1
QSO:   14033 CW 2025-11-29 1157 R8CT             599 17    ZM3A             599  32      1
QSO:   14028 CW 2025-11-29 1158 R8CT             599 17    E7DX             599  15      1
QSO:   28044 CW 2025-11-29 1158 R8CT             599 17    YO3KRM           599  20      0
QSO:   14062 CW 2025-11-29 1159 R8CT             599 17    T70A             599  15      1
QSO:   28044 CW 2025-11-29 1200 R8CT             599 17    ON5JT            599  14      0
QSO:   28044 CW 2025-11-29 1200 R8CT             599 17    DL6DVU           599  14      0
QSO:   14012 CW 2025-11-29 1202 R8CT             599 17    JT5DX            599  23      1
QSO:   28014 CW 2025-11-29 1203 R8CT             599 17    SN9A             599  15      0
QSO:   28014 CW 2025-11-29 1203 R8CT             599 17    YU2M             599  15      0
QSO:   28014 CW 2025-11-29 1204 R8CT             599 17    DD5KG            599  14      0
QSO:   28014 CW 2025-11-29 1204 R8CT             599 17    PD1B             599  14      0
QSO:   14032 CW 2025-11-29 1206 R8CT             599 17    E2A              599  26      1
QSO:   14019 CW 2025-11-29 1208 R8CT             599 17    VE3VN            599  04      1
QSO:   21018 CW 2025-11-29 1210 R8CT             599 17    9A1A             599  15      1
QSO:   21032 CW 2025-11-29 1211 R8CT             599 17    UA6LCN           599  16      0
QSO:   21014 CW 2025-11-29 1212 R8CT             599 17    IK1WEG           599  15      1
QSO:   21004 CW 2025-11-29 1213 R8CT             599 17    CR3A             599  33      1
QSO:   21048 CW 2025-11-29 1214 R8CT             599 17    G6XX             599  14      1
QSO:   21007 CW 2025-11-29 1215 R8CT             599 17    F8AAN            599  14      1
QSO:   21013 CW 2025-11-29 1216 R8CT             599 17    II1X             599  15      1
QSO:   21051 CW 2025-11-29 1218 R8CT             599 17    IZ3NYG           599  15      1
QSO:   14031 CW 2025-11-29 1219 R8CT             599 17    IS0AFM           599  15      1
QSO:   21021 CW 2025-11-29 1220 R8CT             599 17    UT3UZ            599  16      0
QSO:   21021 CW 2025-11-29 1221 R8CT             599 17    M6W              599  14      0
QSO:   21021 CW 2025-11-29 1222 R8CT             599 17    OM6AL            599  15      0
QSO:   21007 CW 2025-11-29 1223 R8CT             599 17    VK6T             599  29      0
QSO:   14007 CW 2025-11-29 1224 R8CT             599 17    BU2EO            599  24      1
QSO:   21002 CW 2025-11-29 1226 R8CT             599 17    ND3T             599  05      0
QSO:   21014 CW 2025-11-29 1227 R8CT             599 17    N2GC             599  05      0
QSO:   14059 CW 2025-11-29 1228 R8CT             599 17    ED7W             599  14      1
QSO:   14053 CW 2025-11-29 1229 R8CT             599 17    OL3A             599  15      1
QSO:   14050 CW 2025-11-29 1247 R8CT             599 17    HB0DX            599  14      1
QSO:   28004 CW 2025-11-29 1250 R8CT             599 17    9K2NO            599  21      1
QSO:   14044 CW 2025-11-29 1251 R8CT             599 17    VU2CDP           599  22      1
QSO:   14018 CW 2025-11-29 1302 R8CT             599 17    9M6NA            599  28      1
QSO:   14038 CW 2025-11-29 1317 R8CT             599 17    R2FK             599  15      1
QSO:   14060 CW 2025-11-29 1318 R8CT             599 17    A71WW            599  21      1
QSO:   14028 CW 2025-11-29 1321 R8CT             599 17    RA3DS            599  16      0
QSO:   14028 CW 2025-11-29 1321 R8CT             599 17    TM5P             599  14      0
QSO:   14028 CW 2025-11-29 1322 R8CT             599 17    K3JT             599  05      0
QSO:   14028 CW 2025-11-29 1322 R8CT             599 17    EW1TZ            599  16      0
QSO:   14028 CW 2025-11-29 1323 R8CT             599 17    RA3DS            599  16      0
QSO:   14028 CW 2025-11-29 1324 R8CT             599 17    NA3M             599  05      0
QSO:   14028 CW 2025-11-29 1324 R8CT             599 17    R1AU             599  16      0
QSO:   14028 CW 2025-11-29 1324 R8CT             599 17    RA3AN            599  16      0
QSO:   14028 CW 2025-11-29 1325 R8CT             599 17    RA3GZ            599  16      0
QSO:   14028 CW 2025-11-29 1325 R8CT             599 17    SP6AXW           599  15      0
QSO:   14024 CW 2025-11-29 1326 R8CT             599 17    YR8R             599  20      1
QSO:   14067 CW 2025-11-29 1326 R8CT             599 17    OK7K             599  15      1
QSO:   14028 CW 2025-11-29 1326 R8CT             599 17    LZ1AQ            599  20      0
QSO:   14028 CW 2025-11-29 1327 R8CT             599 17    RT9C             599  17      0
QSO:   14028 CW 2025-11-29 1328 R8CT             599 17    M6T              599  14      0
QSO:   14028 CW 2025-11-29 1328 R8CT             599 17    G2F              599  14      0
QSO:   14032 CW 2025-11-29 1330 R8CT             599 17    K9CT             599  04      1
QSO:   14028 CW 2025-11-29 1330 R8CT             599 17    PI4CC            599  14      0
QSO:   14028 CW 2025-11-29 1331 R8CT             599 17    SF8W             599  14      0
QSO:   14028 CW 2025-11-29 1331 R8CT             599 17    R7AT             599  16      0
QSO:   14052 CW 2025-11-29 1332 R8CT             599 17    OK1OPT           599  15      1
QSO:   14028 CW 2025-11-29 1332 R8CT             599 17    SO7M             599  15      0
QSO:   14028 CW 2025-11-29 1333 R8CT             599 17    UN4Q             599  17      0
QSO:   14028 CW 2025-11-29 1333 R8CT             599 17    K3PH             599  05      0
QSO:   14028 CW 2025-11-29 1333 R8CT             599 17    YU5M             599  15      0
QSO:   14028 CW 2025-11-29 1334 R8CT             599 17    RA3DNC           599  16      0
QSO:   14028 CW 2025-11-29 1334 R8CT             599 17    DL5MY            599  14      0
QSO:   14028 CW 2025-11-29 1335 R8CT             599 17    S51Z             599  15      0
QSO:   14028 CW 2025-11-29 1336 R8CT             599 17    WA3C             599  04      0
QSO:   14028 CW 2025-11-29 1336 R8CT             599 17    OM7M             599  15      0
QSO:   14015 CW 2025-11-29 1337 R8CT             599 17    IO9J             599  15      1
QSO:   14028 CW 2025-11-29 1338 R8CT             599 17    DJ1XT            599  14      0
QSO:   14028 CW 2025-11-29 1338 R8CT             599 17    SQ9RM            599  15      0
QSO:   14028 CW 2025-11-29 1338 R8CT             599 17    RT4M             599  16      0
QSO:   14014 CW 2025-11-29 1340 R8CT             599 17    G5W              599  14      1
QSO:   14028 CW 2025-11-29 1340 R8CT             599 17    YO8TNB           599  20      0
QSO:   14028 CW 2025-11-29 1340 R8CT             599 17    F4IBJ            599  14      0
QSO:   14028 CW 2025-11-29 1341 R8CT             599 17    YU1A             599  15      0
QSO:   14028 CW 2025-11-29 1341 R8CT             599 17    W2MV             599  05      0
QSO:   14028 CW 2025-11-29 1341 R8CT             599 17    YO4AAC           599  20      0
QSO:   14028 CW 2025-11-29 1342 R8CT             599 17    R7CA             599  16      0
QSO:   14028 CW 2025-11-29 1342 R8CT             599 17    F5ILS            599  14      0
QSO:   14028 CW 2025-11-29 1342 R8CT             599 17    K1ESE            599  05      0
QSO:   14028 CW 2025-11-29 1343 R8CT             599 17    DC8YZ            599  14      0
QSO:   14002 CW 2025-11-29 1344 R8CT             599 17    3W9A             599  26      1
QSO:   14028 CW 2025-11-29 1344 R8CT             599 17    UA6CC            599  16      0
QSO:   14028 CW 2025-11-29 1345 R8CT             599 17    SP5GNI           599  15      0
QSO:   14028 CW 2025-11-29 1345 R8CT             599 17    DL9ZP            599  14      0
QSO:   14028 CW 2025-11-29 1345 R8CT             599 17    HA8EN            599  15      0
QSO:   14028 CW 2025-11-29 1345 R8CT             599 17    I1RJP            599  15      0
QSO:   14028 CW 2025-11-29 1346 R8CT             599 17    SP4NKJ           599  15      0
QSO:   14028 CW 2025-11-29 1347 R8CT             599 17    HA7I             599  15      0
QSO:   14005 CW 2025-11-29 1348 R8CT             599 17    OG5O             599  15      1
QSO:   14028 CW 2025-11-29 1350 R8CT             599 17    YO8BDW           599  20      0
QSO:   14028 CW 2025-11-29 1350 R8CT             599 17    DL8WEM           599  14      0
QSO:   14028 CW 2025-11-29 1350 R8CT             599 17    Z35M             599  15      0
QSO:   14028 CW 2025-11-29 1352 R8CT             599 17    R4II             599  16      0
QSO:   14028 CW 2025-11-29 1353 R8CT             599 17    DJ2TG            599  14      0
QSO:   14028 CW 2025-11-29 1355 R8CT             599 17    EV6Z             599  16      0
QSO:   14028 CW 2025-11-29 1355 R8CT             599 17    TA3CKY           599  20      0
QSO:   14028 CW 2025-11-29 1356 R8CT             599 17    K1TTT            599  05      0
QSO:   14028 CW 2025-11-29 1356 R8CT             599 17    SQ5J             599  15      0
QSO:   14028 CW 2025-11-29 1356 R8CT             599 17    LY3AB            599  15      0
QSO:    7022 CW 2025-11-29 1358 R8CT             599 17    XU7RRC           599  26      1
QSO:   14028 CW 2025-11-29 1359 R8CT             599 17    G4RQI            599  14      0
QSO:    7024 CW 2025-11-29 1400 R8CT             599 17    EX9A             599  17      1
QSO:   14028 CW 2025-11-29 1401 R8CT             599 17    DL2NBY           599  14      0
QSO:    7016 CW 2025-11-29 1401 R8CT             599 17    BY3GA            599  23      1
QSO:   14028 CW 2025-11-29 1402 R8CT             599 17    UA4M             599  16      0
QSO:   14028 CW 2025-11-29 1402 R8CT             599 17    UT5PY            599  16      0
QSO:    3501 CW 2025-11-29 1403 R8CT             599 17    OG5B             599  15      1
QSO:   14028 CW 2025-11-29 1404 R8CT             599 17    UR6EA            599  16      0
QSO:   14065 CW 2025-11-29 1406 R8CT             599 17    R6CC             599  16      1
QSO:   14028 CW 2025-11-29 1406 R8CT             599 17    SM3PZG           599  14      0
QSO:   14028 CW 2025-11-29 1406 R8CT             599 17    9A2X             599  15      0
QSO:   14000 CW 2025-11-29 1407 R8CT             599 17    UA7K             599  16      1
QSO:    3517 CW 2025-11-29 1410 R8CT             599 17    JT5DX            599  23      1
QSO:    7006 CW 2025-11-29 1411 R8CT             599 17    RT2F             599  15      1
QSO:   14028 CW 2025-11-29 1412 R8CT             599 17    YU1NR            599  15      0
QSO:   14028 CW 2025-11-29 1412 R8CT             599 17    SQ9TX            599  15      0
QSO:   14028 CW 2025-11-29 1413 R8CT             599 17    OG7F             599  15      0
QSO:   14028 CW 2025-11-29 1413 R8CT             599 17    M2O              599  14      0
QSO:   14023 CW 2025-11-29 1415 R8CT             599 17    R1BBL            599  16      0
QSO:   14023 CW 2025-11-29 1416 R8CT             599 17    OZ7P             599  14      0
QSO:   14023 CW 2025-11-29 1417 R8CT             599 17    HB9IIO           599  14      0
QSO:   14023 CW 2025-11-29 1417 R8CT             599 17    PE2K             599  14      0
QSO:   14023 CW 2025-11-29 1418 R8CT             599 17    LB2WD            599  14      0
QSO:   14066 CW 2025-11-29 1419 R8CT             599 17    YO4NF            599  20      1
QSO:   14023 CW 2025-11-29 1419 R8CT             599 17    RZ4AZ            599  16      0
QSO:   14059 CW 2025-11-29 1420 R8CT             599 17    HG0R             599  15      1
QSO:   14057 CW 2025-11-29 1420 R8CT             599 17    DJ8PG            599  14      1
QSO:   14023 CW 2025-11-29 1421 R8CT             599 17    UA3QGT           599  16      0
QSO:   14013 CW 2025-11-29 1421 R8CT             599 17    OM2X             599  15      1
QSO:   14023 CW 2025-11-29 1421 R8CT             599 17    HB9DVZ           599  14      0
QSO:   14023 CW 2025-11-29 1423 R8CT             599 17    YO8COR           599  20      0
QSO:   14023 CW 2025-11-29 1423 R8CT             599 17    ES3YJ            599  15      0
QSO:   14023 CW 2025-11-29 1425 R8CT             599 17    EI5KO            599  14      0
QSO:   14023 CW 2025-11-29 1425 R8CT             599 17    S58D             599  15      0
QSO:   14023 CW 2025-11-29 1425 R8CT             599 17    F5AGK            599  14      0
QSO:   14023 CW 2025-11-29 1425 R8CT             599 17    I1WQR            599  15      0
QSO:   14023 CW 2025-11-29 1426 R8CT             599 17    PA7RW            599  14      0
QSO:   14003 CW 2025-11-29 1427 R8CT             599 17    OM0WR            599  15      1
QSO:   14060 CW 2025-11-29 1427 R8CT             599 17    DD1A             599  14      1
QSO:   14069 CW 2025-11-29 1428 R8CT             599 17    ON4CAU           599  14      1
QSO:    1819 CW 2025-11-29 1429 R8CT             599 17    RW0A             599  18      1
QSO:   14018 CW 2025-11-29 1430 R8CT             599 17    I3FIY            599  15      1
QSO:   14023 CW 2025-11-29 1430 R8CT             599 17    SP4R             599  15      0
QSO:   14057 CW 2025-11-29 1431 R8CT             599 17    IZ8GUQ           599  15      1
QSO:   14023 CW 2025-11-29 1432 R8CT             599 17    SA0IAT           599  14      0
QSO:   14063 CW 2025-11-29 1432 R8CT             599 17    A92GE            599  21      1
QSO:   14026 CW 2025-11-29 1433 R8CT             599 17    DL4ZA            599  14      1
QSO:   14023 CW 2025-11-29 1435 R8CT             599 17    F5VHY            599  14      0
QSO:   14040 CW 2025-11-29 1436 R8CT             599 17    S53M             599  15      1
QSO:   14020 CW 2025-11-29 1436 R8CT             599 17    IK7MIY           599  15      1
QSO:   14043 CW 2025-11-29 1437 R8CT             599 17    RA5G             599  16      1
QSO:   14008 CW 2025-11-29 1438 R8CT             599 17    SF0A             599  14      1
QSO:   14049 CW 2025-11-29 1444 R8CT             599 17    9H6A             599  15      0
QSO:   14048 CW 2025-11-29 1445 R8CT             599 17    DM4X             599  14      1
QSO:   14054 CW 2025-11-29 1446 R8CT             599 17    YT2ISM           599  15      1
QSO:   14026 CW 2025-11-29 1447 R8CT             599 17    YO9CWY           599  20      0
QSO:   14026 CW 2025-11-29 1447 R8CT             599 17    ON8GA            599  14      0
QSO:   14026 CW 2025-11-29 1447 R8CT             599 17    IZ4JMA           599  15      0
QSO:   14026 CW 2025-11-29 1448 R8CT             599 17    R3OZ             599  16      0
QSO:   14026 CW 2025-11-29 1449 R8CT             599 17    SP8IOV           599  15      0
QSO:    3527 CW 2025-11-29 1450 R8CT             599 17    JH4UYB           599  25      0
QSO:    7025 CW 2025-11-29 1455 R8CT             599 17    E25CRF           599  26      1
QSO:   14045 CW 2025-11-29 1457 R8CT             599 17    II2R             599  15      1
QSO:   14026 CW 2025-11-29 1458 R8CT             599 17    TA1NAI           599  20      0
QSO:   14026 CW 2025-11-29 1458 R8CT             599 17    R3OM             599  16      0
QSO:   14026 CW 2025-11-29 1459 R8CT             599 17    R2LM             599  16      0
QSO:   14062 CW 2025-11-29 1500 R8CT             599 17    IK8PGM           599  15      1
QSO:   14026 CW 2025-11-29 1501 R8CT             599 17    HA8TP            599  15      0
QSO:   14065 CW 2025-11-29 1507 R8CT             599 17    OK2HBR           599  15      1
QSO:   14026 CW 2025-11-29 1508 R8CT             599 17    DL9UP            599  14      0
QSO:   14028 CW 2025-11-29 1509 R8CT             599 17    RM6M             599  16      1
QSO:   14066 CW 2025-11-29 1510 R8CT             599 17    UD6M             599  16      1
QSO:   14029 CW 2025-11-29 1510 R8CT             599 17    9A1A             599  15      1
QSO:   14021 CW 2025-11-29 1511 R8CT             599 17    F6KOP            599  14      1
QSO:   14026 CW 2025-11-29 1512 R8CT             599 17    YO9GR            599  20      0
QSO:   14016 CW 2025-11-29 1512 R8CT             599 17    IK7XJA           599  15      1
QSO:   14026 CW 2025-11-29 1514 R8CT             599 17    RA4ACX           599  16      0
QSO:   14026 CW 2025-11-29 1514 R8CT             599 17    RW3QJ            599  16      0
QSO:   14037 CW 2025-11-29 1515 R8CT             599 17    TM1T             599  14      1
QSO:   14030 CW 2025-11-29 1516 R8CT             599 17    YT3X             599  15      1
QSO:   14043 CW 2025-11-29 1516 R8CT             599 17    RT6A             599  16      1
QSO:   14046 CW 2025-11-29 1518 R8CT             599 17    OM5R             599  15      1
QSO:   14033 CW 2025-11-29 1519 R8CT             599 17    OM5DX            599  15      1
QSO:   14027 CW 2025-11-29 1520 R8CT             599 17    DM0A             599  14      1
QSO:    7017 CW 2025-11-29 1523 R8CT             599 17    UR6EA            599  16      0
QSO:    7017 CW 2025-11-29 1523 R8CT             599 17    SP3MEP           599  15      0
QSO:    7017 CW 2025-11-29 1523 R8CT             599 17    SP1AEN           599  15      0
QSO:    7017 CW 2025-11-29 1524 R8CT             599 17    SP4TKR           599  15      0
QSO:    1822 CW 2025-11-29 1529 R8CT             599 17    JT5DX            599  23      0
QSO:    1811 CW 2025-11-29 1532 R8CT             599 17    4X0A             599  20      0
QSO:    7021 CW 2025-11-29 1536 R8CT             599 17    HA0VI            599  15      0
QSO:    7021 CW 2025-11-29 1536 R8CT             599 17    UA6AK            599  16      0
QSO:    7031 CW 2025-11-29 1539 R8CT             599 17    V85RH            599  28      0
QSO:    7018 CW 2025-11-29 1541 R8CT             599 17    JA6SHL           599  25      0
QSO:    7019 CW 2025-11-29 1541 R8CT             599 17    BD8CS            599  24      0
QSO:    7022 CW 2025-11-29 1542 R8CT             599 17    EW2A             599  16      0
QSO:    3508 CW 2025-11-29 1549 R8CT             599 17    E2A              599  26      0
QSO:    3523 CW 2025-11-29 1551 R8CT             599 17    OZ5W             599  14      0
QSO:    7014 CW 2025-11-29 1553 R8CT             599 17    XV9T             599  26      0
QSO:    7045 CW 2025-11-29 1555 R8CT             599 17    A44A             599  21      0
QSO:    7051 CW 2025-11-29 1637 R8CT             599 17    9M6NA            599  28      0
QSO:    7023 CW 2025-11-29 1638 R8CT             599 17    9M2A             599  28      0
QSO:    3547 CW 2025-11-29 1640 R8CT             599 17    UD2F             599  15      0
QSO:    3534 CW 2025-11-29 1641 R8CT             599 17    BA3OM            599  24      0
QSO:    3518 CW 2025-11-29 1646 R8CT             599 17    UA3AP            599  16      0
QSO:    3518 CW 2025-11-29 1646 R8CT             599 17    SP2LNW           599  15      0
QSO:    3518 CW 2025-11-29 1647 R8CT             599 17    DK2FG            599  14      0
QSO:    3518 CW 2025-11-29 1648 R8CT             599 17    BI4JCL           599  24      0
QSO:    3518 CW 2025-11-29 1648 R8CT             599 17    YO5AVN           599  20      0
QSO:    3518 CW 2025-11-29 1649 R8CT             599 17    BY1AS            599  24      0
QSO:    3518 CW 2025-11-29 1649 R8CT             599 17    LY7Z             599  15      0
QSO:    3518 CW 2025-11-29 1649 R8CT             599 17    HG1G             599  15      0
QSO:    3518 CW 2025-11-29 1650 R8CT             599 17    BG0ATE           599  23      0
QSO:    3518 CW 2025-11-29 1651 R8CT             599 17    RA3AN            599  16      0
QSO:    3518 CW 2025-11-29 1651 R8CT             599 17    E79D             599  15      0
QSO:    3518 CW 2025-11-29 1651 R8CT             599 17    UA7K             599  16      0
QSO:    3518 CW 2025-11-29 1652 R8CT             599 17    ES9C             599  15      0
QSO:    3518 CW 2025-11-29 1652 R8CT             599 17    RA4Y             599  16      0
QSO:    3518 CW 2025-11-29 1653 R8CT             599 17    RM3G             599  16      0
QSO:    3518 CW 2025-11-29 1655 R8CT             599 17    SN8A             599  15      0
QSO:    3518 CW 2025-11-29 1655 R8CT             599 17    YU1A             599  15      0
QSO:    3525 CW 2025-11-29 1657 R8CT             599 17    UA3X             599  16      0
QSO:    3525 CW 2025-11-29 1658 R8CT             599 17    EW2ES            599  16      0
QSO:    3525 CW 2025-11-29 1658 R8CT             599 17    LZ8E             599  20      0
QSO:    3525 CW 2025-11-29 1702 R8CT             599 17    RT9YW            599  18      0
QSO:    3525 CW 2025-11-29 1702 R8CT             599 17    UC8Y             599  18      0
QSO:    3525 CW 2025-11-29 1706 R8CT             599 17    JA0FVU           599  25      0
QSO:    3504 CW 2025-11-29 1707 R8CT             599 17    LN8W             599  14      0
QSO:    3512 CW 2025-11-29 1707 R8CT             599 17    OT4A             599  14      0
QSO:    3524 CW 2025-11-29 1708 R8CT             599 17    RK4FD            599  16      0
QSO:    3524 CW 2025-11-29 1709 R8CT             599 17    HA1TJ            599  15      0
QSO:    3507 CW 2025-11-29 1710 R8CT             599 17    EU2EU            599  16      0
QSO:    3568 CW 2025-11-29 1711 R8CT             599 17    S58Y             599  15      0
QSO:    3506 CW 2025-11-29 1711 R8CT             599 17    S53X             599  15      0
QSO:    3542 CW 2025-11-29 1711 R8CT             599 17    S51DX            599  15      0
QSO:    3542 CW 2025-11-29 1712 R8CT             599 17    SP2ASJ           599  15      0
QSO:    3515 CW 2025-11-29 1712 R8CT             599 17    SN3U             599  15      0
QSO:    3528 CW 2025-11-29 1713 R8CT             599 17    9A1A             599  15      0
QSO:    3529 CW 2025-11-29 1714 R8CT             599 17    OE8TED           599  15      0
QSO:    3503 CW 2025-11-29 1714 R8CT             599 17    YT6X             599  15      0
QSO:    3530 CW 2025-11-29 1715 R8CT             599 17    M6T              599  14      0
QSO:    3547 CW 2025-11-29 1716 R8CT             599 17    OM5NL            599  15      0
QSO:    3509 CW 2025-11-29 1717 R8CT             599 17    SX1T             599  20      0
QSO:    3540 CW 2025-11-29 1717 R8CT             599 17    9A2CT            599  15      0
QSO:    3511 CW 2025-11-29 1718 R8CT             599 17    SQ6ABC           599  15      0
QSO:    3533 CW 2025-11-29 1718 R8CT             599 17    DF0HQ            599  14      0
QSO:    3523 CW 2025-11-29 1719 R8CT             599 17    R5WW             599  16      0
QSO:    3545 CW 2025-11-29 1720 R8CT             599 17    SP4Z             599  15      0
QSO:    3521 CW 2025-11-29 1723 R8CT             599 17    JA3YBK           599  25      0
QSO:    3519 CW 2025-11-29 1723 R8CT             599 17    9A5M             599  15      0
QSO:    3514 CW 2025-11-29 1726 R8CT             599 17    HA8AR            599  15      0
QSO:    3534 CW 2025-11-29 1726 R8CT             599 17    HA4A             599  15      0
QSO:    3559 CW 2025-11-29 1726 R8CT             599 17    EW1I             599  16      0
QSO:    3532 CW 2025-11-29 1727 R8CT             599 17    HA7NK            599  15      0
QSO:    3528 CW 2025-11-29 1728 R8CT             599 17    R7OV             599  16      0
QSO:    1825 CW 2025-11-29 1729 R8CT             599 17    EK8A             599  21      1
QSO:    1835 CW 2025-11-29 1730 R8CT             599 17    RW3QJ            599  16      1
QSO:    1831 CW 2025-11-29 1732 R8CT             599 17    9A1A             599  15      1
QSO:    7002 CW 2025-11-29 1733 R8CT             599 17    JT5DX            599  23      0
QSO:    1829 CW 2025-11-29 1734 R8CT             599 17    ES9C             599  15      1
QSO:    1831 CW 2025-11-29 1735 R8CT             599 17    RA4W             599  16      1
QSO:    1831 CW 2025-11-29 1735 R8CT             599 17    SP9JZU           599  15      1
QSO:    1831 CW 2025-11-29 1736 R8CT             599 17    RV9CVA           599  17      1
QSO:    1831 CW 2025-11-29 1736 R8CT             599 17    UA7K             599  16      1
QSO:    1831 CW 2025-11-29 1736 R8CT             599 17    SQ7U             599  15      1
QSO:    1831 CW 2025-11-29 1737 R8CT             599 17    RY6ZAB           599  16      1
QSO:    7013 CW 2025-11-29 1738 R8CT             599 17    ER5GB            599  16      0
QSO:    7007 CW 2025-11-29 1738 R8CT             599 17    S52AW            599  15      0
QSO:    7010 CW 2025-11-29 1739 R8CT             599 17    OT7T             599  14      0
QSO:    3545 CW 2025-11-29 1740 R8CT             599 17    EK8A             599  21      0
QSO:    1831 CW 2025-11-29 1742 R8CT             599 17    RT4M             599  16      1
QSO:    1831 CW 2025-11-29 1744 R8CT             599 17    YP3X             599  20      1
QSO:    1831 CW 2025-11-29 1744 R8CT             599 17    RX4HX            599  16      1
QSO:    1831 CW 2025-11-29 1745 R8CT             599 17    9A3YT            599  15      1
QSO:    1831 CW 2025-11-29 1745 R8CT             599 17    R5AJ             599  16      1
QSO:    1831 CW 2025-11-29 1746 R8CT             599 17    YL73R            599  15      1
QSO:    1831 CW 2025-11-29 1747 R8CT             599 17    9A2NO            599  15      1
QSO:    3539 CW 2025-11-29 1749 R8CT             599 17    CN3A             599  33      0
QSO:    3520 CW 2025-11-29 1750 R8CT             599 17    9H6A             599  15      0
QSO:    3557 CW 2025-11-29 1751 R8CT             599 17    SM2U             599  14      0
QSO:    3523 CW 2025-11-29 1752 R8CT             599 17    RA3DS            599  16      0
QSO:    3523 CW 2025-11-29 1752 R8CT             599 17    RU5A             599  16      0
QSO:    3523 CW 2025-11-29 1754 R8CT             599 17    DL6DVU           599  14      0
QSO:   14066 CW 2025-11-29 1756 R8CT             599 17    VE7ACN           599  03      0
QSO:    7050 CW 2025-11-29 1757 R8CT             599 17    LN8W             599  14      1
QSO:    3515 CW 2025-11-29 1801 R8CT             599 17    F6FYA            599  14      1
QSO:    3511 CW 2025-11-29 1801 R8CT             599 17    EV6Z             599  16      1
QSO:   14053 CW 2025-11-29 1805 R8CT             599 17    CT3KN            599  33      0
QSO:    3556 CW 2025-11-29 1806 R8CT             599 17    YL73R            599  15      1
QSO:    3510 CW 2025-11-29 1808 R8CT             599 17    LZ6Y             599  20      1
QSO:    3537 CW 2025-11-29 1809 R8CT             599 17    RY6ZAB           599  16      1
QSO:    3540 CW 2025-11-29 1810 R8CT             599 17    YO4CAH           599  20      1
QSO:    3515 CW 2025-11-29 1810 R8CT             599 17    RK2M             599  16      1
QSO:    3521 CW 2025-11-29 1811 R8CT             599 17    DJ4WT            599  14      1
QSO:    3544 CW 2025-11-29 1811 R8CT             599 17    LZ9W             599  20      1
QSO:    3511 CW 2025-11-29 1812 R8CT             599 17    LA9GX            599  14      1
QSO:    3535 CW 2025-11-29 1813 R8CT             599 17    DM3ZF            599  14      1
QSO:    3534 CW 2025-11-29 1827 R8CT             599 17    A44A             599  21      1
QSO:    7003 CW 2025-11-29 1841 R8CT             599 17    4Z4KX            599  20      1
QSO:    7021 CW 2025-11-29 1841 R8CT             599 17    IP0A             599  15      1
QSO:    7031 CW 2025-11-29 1842 R8CT             599 17    HA8LLK           599  15      1
QSO:    7026 CW 2025-11-29 1843 R8CT             599 17    SQ9KDT           599  15      1
QSO:    7025 CW 2025-11-29 1843 R8CT             599 17    DF7CP            599  14      1
QSO:    1828 CW 2025-11-29 1846 R8CT             599 17    LY0UKR           599  15      0
QSO:    1828 CW 2025-11-29 1846 R8CT             599 17    S54W             599  15      0
QSO:    1826 CW 2025-11-29 1847 R8CT             599 17    LN8W             599  14      0
QSO:    1828 CW 2025-11-29 1847 R8CT             599 17    UA4CNJ           599  16      0
QSO:    1828 CW 2025-11-29 1849 R8CT             599 17    S53O             599  15      0
QSO:    1828 CW 2025-11-29 1849 R8CT             599 17    UA3MIF           599  16      0
QSO:    1828 CW 2025-11-29 1850 R8CT             599 17    UA3AP            599  16      0
QSO:    1828 CW 2025-11-29 1851 R8CT             599 17    OZ5W             599  14      0
QSO:    1828 CW 2025-11-29 1851 R8CT             599 17    R5DT             599  16      0
QSO:    1829 CW 2025-11-29 1853 R8CT             599 17    RZ6CO            599  16      0
QSO:    1829 CW 2025-11-29 1853 R8CT             599 17    JF1AMX           599  25      0
QSO:    1829 CW 2025-11-29 1855 R8CT             599 17    RA3DS            599  16      0
QSO:    1829 CW 2025-11-29 1856 R8CT             599 17    DP9A             599  14      0
QSO:    1829 CW 2025-11-29 1856 R8CT             599 17    UN3J             599  17      0
QSO:    1829 CW 2025-11-29 1858 R8CT             599 17    JR2GRX           599  25      0
QSO:    1829 CW 2025-11-29 1859 R8CT             599 17    RA4Y             599  16      0
QSO:    1829 CW 2025-11-29 1859 R8CT             599 17    8S0DX            599  14      0
QSO:    1829 CW 2025-11-29 1901 R8CT             599 17    JE2GUV           599  25      0
QSO:    1829 CW 2025-11-29 1901 R8CT             599 17    OK1ATP           599  15      0
QSO:    1829 CW 2025-11-29 1901 R8CT             599 17    R2ZU             599  16      0
QSO:    1829 CW 2025-11-29 1903 R8CT             599 17    LY4A             599  15      0
QSO:    1829 CW 2025-11-29 1905 R8CT             599 17    OK5ET            599  15      0
QSO:    3527 CW 2025-11-29 1909 R8CT             599 17    EA5KBG           599  14      1
QSO:    3541 CW 2025-11-29 1910 R8CT             599 17    EI6FR            599  14      1
QSO:    3515 CW 2025-11-29 1916 R8CT             599 17    RL3A             599  16      1
QSO:    3514 CW 2025-11-29 1921 R8CT             599 17    R3PLN            599  16      1
QSO:    3514 CW 2025-11-29 1922 R8CT             599 17    RL3T             599  16      1
QSO:    3514 CW 2025-11-29 1922 R8CT             599 17    DK1KC            599  14      1
QSO:    3514 CW 2025-11-29 1923 R8CT             599 17    UA6CC            599  16      1
QSO:    7022 CW 2025-11-29 1925 R8CT             599 17    VU2OR            599  22      1
QSO:    7005 CW 2025-11-29 1926 R8CT             599 17    OE3A             599  15      1
QSO:    1825 CW 2025-11-29 1927 R8CT             599 17    P3AA             599  20      0
QSO:    1832 CW 2025-11-29 1929 R8CT             599 17    IO4X             599  15      0
QSO:    7046 CW 2025-11-29 1930 R8CT             599 17    ZA1RR            599  15      1
QSO:    1818 CW 2025-11-29 1931 R8CT             599 17    OE5TXF           599  15      0
QSO:    3540 CW 2025-11-29 1933 R8CT             599 17    RU0LL            599  19      1
QSO:    1815 CW 2025-11-29 1933 R8CT             599 17    YT5A             599  15      0
QSO:    1817 CW 2025-11-29 1934 R8CT             599 17    SM2U             599  14      0
QSO:    1817 CW 2025-11-29 1935 R8CT             599 17    JE4YMO           599  25      0
QSO:    1817 CW 2025-11-29 1936 R8CT             599 17    SP9ATE           599  15      0
QSO:    1817 CW 2025-11-29 1936 R8CT             599 17    HA8BT            599  15      0
QSO:    1817 CW 2025-11-29 1937 R8CT             599 17    EW6FL            599  16      0
QSO:    1817 CW 2025-11-29 1938 R8CT             599 17    RT6A             599  16      0
QSO:    1817 CW 2025-11-29 1939 R8CT             599 17    EU3AA            599  16      0
QSO:    1817 CW 2025-11-29 1940 R8CT             599 17    RM1Q             599  16      0
QSO:    7018 CW 2025-11-29 1947 R8CT             599 17    3B9KW            599  39      0
QSO:    7019 CW 2025-11-29 1949 R8CT             599 17    IW7BIM           599  15      0
QSO:    7019 CW 2025-11-29 1949 R8CT             599 17    RA3DS            599  16      0
QSO:    7019 CW 2025-11-29 1949 R8CT             599 17    YO5ODT           599  20      0
QSO:    7019 CW 2025-11-29 1950 R8CT             599 17    HA6Y             599  15      0
QSO:    7019 CW 2025-11-29 1950 R8CT             599 17    M6T              599  14      0
QSO:    7019 CW 2025-11-29 1950 R8CT             599 17    RA6FUZ           599  16      0
QSO:    7019 CW 2025-11-29 1950 R8CT             599 17    YO3GNF           599  20      0
QSO:    7019 CW 2025-11-29 1951 R8CT             599 17    DL0PW            599  14      0
QSO:    7019 CW 2025-11-29 1952 R8CT             599 17    HA1WD            599  15      0
QSO:    7019 CW 2025-11-29 1952 R8CT             599 17    DQ5T             599  14      0
QSO:    7019 CW 2025-11-29 1952 R8CT             599 17    UA6CC            599  16      0
QSO:    7019 CW 2025-11-29 1952 R8CT             599 17    OM6TU            599  15      0
QSO:    7019 CW 2025-11-29 1953 R8CT             599 17    HA5PT            599  15      0
QSO:    7019 CW 2025-11-29 1954 R8CT             599 17    PA0INA           599  14      0
QSO:    7019 CW 2025-11-29 1954 R8CT             599 17    SQ9IWA           599  15      0
QSO:    7019 CW 2025-11-29 1954 R8CT             599 17    HG6N             599  15      0
QSO:    7019 CW 2025-11-29 1955 R8CT             599 17    YU1ED            599  15      0
QSO:    7019 CW 2025-11-29 1955 R8CT             599 17    DM2TO            599  14      0
QSO:    3525 CW 2025-11-29 1956 R8CT             599 17    ER5GB            599  16      1
QSO:    7019 CW 2025-11-29 1957 R8CT             599 17    HG7T             599  15      0
QSO:    7019 CW 2025-11-29 1958 R8CT             599 17    EA5AKM           599  14      0
QSO:    7019 CW 2025-11-29 1958 R8CT             599 17    DL3YM            599  14      0
QSO:    7019 CW 2025-11-29 1959 R8CT             599 17    SQ9TX            599  15      0
QSO:    7019 CW 2025-11-29 1959 R8CT             599 17    RL5A             599  16      0
QSO:    7019 CW 2025-11-29 1959 R8CT             599 17    RN1AO            599  16      0
QSO:    7019 CW 2025-11-29 1959 R8CT             599 17    OH1LA            599  15      0
QSO:    7019 CW 2025-11-29 2000 R8CT             599 17    RX6AOB           599  16      0
QSO:    7019 CW 2025-11-29 2000 R8CT             599 17    S51J             599  15      0
QSO:    7019 CW 2025-11-29 2001 R8CT             599 17    OK1AY            599  15      0
QSO:    7019 CW 2025-11-29 2001 R8CT             599 17    OK1Z             599  15      0
QSO:    7019 CW 2025-11-29 2001 R8CT             599 17    SQ3R             599  15      0
QSO:    7019 CW 2025-11-29 2001 R8CT             599 17    EW4KA            599  16      0
QSO:    7019 CW 2025-11-29 2001 R8CT             599 17    YL7X             599  15      0
QSO:    7019 CW 2025-11-29 2002 R8CT             599 17    LA6IHA           599  14      0
QSO:    7019 CW 2025-11-29 2002 R8CT             599 17    S51YI            599  15      0
QSO:    7019 CW 2025-11-29 2003 R8CT             599 17    UA4M             599  16      0
QSO:    7019 CW 2025-11-29 2003 R8CT             599 17    OK2EA            599  15      0
QSO:    7019 CW 2025-11-29 2003 R8CT             599 17    OH7XR            599  15      0
QSO:    7019 CW 2025-11-29 2004 R8CT             599 17    UI3A             599  16      0
QSO:    7019 CW 2025-11-29 2004 R8CT             599 17    DP7D             599  14      0
QSO:    7019 CW 2025-11-29 2004 R8CT             599 17    SP6TGC           599  15      0
QSO:    7019 CW 2025-11-29 2005 R8CT             599 17    UT5EPP           599  16      0
QSO:    7019 CW 2025-11-29 2005 R8CT             599 17    SP8GQU           599  15      0
QSO:    7019 CW 2025-11-29 2006 R8CT             599 17    EV4R             599  16      0
QSO:    7019 CW 2025-11-29 2007 R8CT             599 17    ES3TI            599  15      0
QSO:    7019 CW 2025-11-29 2008 R8CT             599 17    SP3JZR           599  15      0
QSO:    7019 CW 2025-11-29 2008 R8CT             599 17    OK1VK            599  15      0
QSO:    7019 CW 2025-11-29 2009 R8CT             599 17    RX7T             599  16      0
QSO:    7019 CW 2025-11-29 2009 R8CT             599 17    YT9VM            599  15      0
QSO:    7019 CW 2025-11-29 2010 R8CT             599 17    9A2KI            599  15      0
QSO:    7019 CW 2025-11-29 2010 R8CT             599 17    RN4HAB           599  16      0
QSO:    7019 CW 2025-11-29 2011 R8CT             599 17    SP9OUV           599  15      0
QSO:    7019 CW 2025-11-29 2011 R8CT             599 17    YT4T             599  15      0
QSO:    7019 CW 2025-11-29 2012 R8CT             599 17    EW1P             599  16      0
QSO:    7019 CW 2025-11-29 2012 R8CT             599 17    DJ2RG            599  14      0
QSO:    7019 CW 2025-11-29 2013 R8CT             599 17    E75RKM           599  15      0
QSO:    7019 CW 2025-11-29 2013 R8CT             599 17    YU1LA            599  15      0
QSO:    7019 CW 2025-11-29 2014 R8CT             599 17    DJ4WT            599  14      0
QSO:    7019 CW 2025-11-29 2015 R8CT             599 17    LN2T             599  14      0
QSO:    7019 CW 2025-11-29 2015 R8CT             599 17    HG8R             599  15      0
QSO:    7019 CW 2025-11-29 2015 R8CT             599 17    DL5NO            599  14      0
QSO:    7019 CW 2025-11-29 2016 R8CT             599 17    YU1YV            599  15      0
QSO:    7019 CW 2025-11-29 2017 R8CT             599 17    S57MW            599  15      0
QSO:    7019 CW 2025-11-29 2019 R8CT             599 17    S58R             599  15      0
QSO:    7019 CW 2025-11-29 2019 R8CT             599 17    SM6EAN           599  14      0
QSO:    7019 CW 2025-11-29 2020 R8CT             599 17    DL9NEI           599  14      0
QSO:    7019 CW 2025-11-29 2020 R8CT             599 17    YO/LZ4UU         599  20      0
QSO:    7019 CW 2025-11-29 2021 R8CT             599 17    S52A             599  15      0
QSO:    7019 CW 2025-11-29 2021 R8CT             599 17    OZ5W             599  14      0
QSO:    7019 CW 2025-11-29 2022 R8CT             599 17    JM1XCW           599  25      0
QSO:    7019 CW 2025-11-29 2022 R8CT             599 17    SN3C             599  15      0
QSO:    7019 CW 2025-11-29 2022 R8CT             599 17    RL4F             599  16      0
QSO:    3566 CW 2025-11-29 2027 R8CT             599 17    Z35M             599  15      1
QSO:    7020 CW 2025-11-29 2029 R8CT             599 17    UY5LW            599  16      0
QSO:    7020 CW 2025-11-29 2029 R8CT             599 17    HA2KMR           599  15      0
QSO:    7020 CW 2025-11-29 2029 R8CT             599 17    SP8R             599  15      0
QSO:    7020 CW 2025-11-29 2029 R8CT             599 17    UA6LUQ           599  16      0
QSO:    7020 CW 2025-11-29 2030 R8CT             599 17    YU1KT            599  15      0
QSO:    7020 CW 2025-11-29 2030 R8CT             599 17    DL3XM            599  14      0
QSO:    7020 CW 2025-11-29 2030 R8CT             599 17    F6EGV            599  14      0
QSO:    7020 CW 2025-11-29 2031 R8CT             599 17    LA9GX            599  14      0
QSO:    7020 CW 2025-11-29 2031 R8CT             599 17    HA7UI            599  15      0
QSO:    7020 CW 2025-11-29 2031 R8CT             599 17    OM5ALL           599  15      0
QSO:    7020 CW 2025-11-29 2031 R8CT             599 17    HA3KZ            599  15      0
QSO:    7020 CW 2025-11-29 2032 R8CT             599 17    IZ3NYG           599  15      0
QSO:    7020 CW 2025-11-29 2032 R8CT             599 17    RL3A             599  16      0
QSO:    7020 CW 2025-11-29 2032 R8CT             599 17    RX6FJ            599  16      0
QSO:    7020 CW 2025-11-29 2032 R8CT             599 17    F5VHJ            599  14      0
QSO:    7020 CW 2025-11-29 2034 R8CT             599 17    CR3W             599  33      0
QSO:    7020 CW 2025-11-29 2034 R8CT             599 17    HA6NN            599  15      0
QSO:    7020 CW 2025-11-29 2034 R8CT             599 17    YO8DOH           599  20      0
QSO:    7020 CW 2025-11-29 2035 R8CT             599 17    3Z1K             599  15      0
QSO:    3531 CW 2025-11-30 0139 R8CT             599 17    CR6K             599  14      1
QSO:    3516 CW 2025-11-30 0142 R8CT             599 17    IB9T             599  15      1
QSO:    7068 CW 2025-11-30 0148 R8CT             599 17    3B8M             599  39      0
QSO:    7053 CW 2025-11-30 0149 R8CT             599 17    CR6K             599  14      0
QSO:    3538 CW 2025-11-30 0152 R8CT             599 17    R9FT             599  17      1
QSO:    3538 CW 2025-11-30 0152 R8CT             599 17    RU1A             599  16      1
QSO:    3538 CW 2025-11-30 0153 R8CT             599 17    IO3F             599  15      1
QSO:    3526 CW 2025-11-30 0156 R8CT             599 17    9A1P             599  15      1
QSO:    3526 CW 2025-11-30 0158 R8CT             599 17    R9CX             599  17      1
QSO:    3522 CW 2025-11-30 0201 R8CT             599 17    DK3UA            599  14      1
QSO:    3522 CW 2025-11-30 0201 R8CT             599 17    LZ5R             599  20      1
QSO:    3526 CW 2025-11-30 0206 R8CT             599 17    UA4FDL           599  16      1
QSO:    7062 CW 2025-11-30 0208 R8CT             599 17    KP2B             599  08      0
QSO:    3532 CW 2025-11-30 0211 R8CT             599 17    OM4Q             599  15      1
QSO:   14037 CW 2025-11-30 0211 R8CT             599 17    3B9KW            599  39      0
QSO:    3539 CW 2025-11-30 0212 R8CT             599 17    CQ9A             599  33      1
QSO:    3530 CW 2025-11-30 0213 R8CT             599 17    IO4M             599  15      1
QSO:    7048 CW 2025-11-30 0214 R8CT             599 17    PJ2T             599  09      0
QSO:    3545 CW 2025-11-30 0215 R8CT             599 17    IP2A             599  15      1
QSO:    3551 CW 2025-11-30 0218 R8CT             599 17    OG1F             599  15      1
QSO:    3510 CW 2025-11-30 0219 R8CT             599 17    EF8R             599  33      1
QSO:    3555 CW 2025-11-30 0221 R8CT             599 17    LZ9R             599  20      1
QSO:    3528 CW 2025-11-30 0221 R8CT             599 17    SP8R             599  15      1
QSO:    3514 CW 2025-11-30 0222 R8CT             599 17    P3AA             599  20      1
QSO:    3527 CW 2025-11-30 0222 R8CT             599 17    OF9X             599  15      1
QSO:    3557 CW 2025-11-30 0223 R8CT             599 17    LZ6E             599  20      1
QSO:    1823 CW 2025-11-30 0224 R8CT             599 17    G4IIY            599  14      0
QSO:    1822 CW 2025-11-30 0226 R8CT             599 17    OM7M             599  15      0
QSO:    1819 CW 2025-11-30 0228 R8CT             599 17    OK1MNW           599  15      0
QSO:    1819 CW 2025-11-30 0228 R8CT             599 17    RA5G             599  16      0
QSO:    3532 CW 2025-11-30 0231 R8CT             599 17    LX7I             599  14      1
QSO:    1819 CW 2025-11-30 0231 R8CT             599 17    SP2LNW           599  15      0
QSO:    1819 CW 2025-11-30 0233 R8CT             599 17    OL3Z             599  15      0
QSO:    1819 CW 2025-11-30 0237 R8CT             599 17    LZ9W             599  20      0
QSO:    3516 CW 2025-11-30 0238 R8CT             599 17    G6XX             599  14      1
QSO:    3522 CW 2025-11-30 0239 R8CT             599 17    DF7A             599  14      1
QSO:    1819 CW 2025-11-30 0239 R8CT             599 17    UA4FDL           599  16      0
QSO:    3523 CW 2025-11-30 0241 R8CT             599 17    CR3A             599  33      1
QSO:    1819 CW 2025-11-30 0243 R8CT             599 17    RL6M             599  16      0
QSO:    3528 CW 2025-11-30 0243 R8CT             599 17    TA7I             599  20      1
QSO:    3502 CW 2025-11-30 0245 R8CT             599 17    OK2J             599  15      1
QSO:    3538 CW 2025-11-30 0248 R8CT             599 17    II1X             599  15      1
QSO:    1819 CW 2025-11-30 0249 R8CT             599 17    4U1A             599  15      0
QSO:    1819 CW 2025-11-30 0251 R8CT             599 17    SN2B             599  15      0
QSO:    3520 CW 2025-11-30 0251 R8CT             599 17    PA6X             599  14      1
QSO:    1819 CW 2025-11-30 0252 R8CT             599 17    UW5Y             599  16      0
QSO:    1819 CW 2025-11-30 0252 R8CT             599 17    DP7D             599  14      0
QSO:    3536 CW 2025-11-30 0253 R8CT             599 17    PA5KT            599  14      1
QSO:    1819 CW 2025-11-30 0254 R8CT             599 17    YU7KW            599  15      0
QSO:    1819 CW 2025-11-30 0254 R8CT             599 17    S53M             599  15      0
QSO:    1819 CW 2025-11-30 0254 R8CT             599 17    RW4W             599  16      0
QSO:    1819 CW 2025-11-30 0255 R8CT             599 17    HB7X             599  14      0
QSO:    1819 CW 2025-11-30 0256 R8CT             599 17    IO5O             599  15      0
QSO:    3523 CW 2025-11-30 0257 R8CT             599 17    MM9I             599  14      1
QSO:    1819 CW 2025-11-30 0258 R8CT             599 17    HA3DX            599  15      0
QSO:    1819 CW 2025-11-30 0258 R8CT             599 17    YO4FHU           599  20      0
QSO:    1819 CW 2025-11-30 0259 R8CT             599 17    SN7O             599  15      0
QSO:    1819 CW 2025-11-30 0301 R8CT             599 17    YU1LD            599  15      0
QSO:   21010 CW 2025-11-30 0303 R8CT             599 17    BX4AFI           599  24      1
QSO:    1819 CW 2025-11-30 0303 R8CT             599 17    R3OM             599  16      0
QSO:   14046 CW 2025-11-30 0305 R8CT             599 17    EX9A             599  17      1
QSO:   14050 CW 2025-11-30 0306 R8CT             599 17    PP4T             599  11      1
QSO:    1819 CW 2025-11-30 0306 R8CT             599 17    DJ0SP            599  14      0
QSO:    3517 CW 2025-11-30 0310 R8CT             599 17    IO4X             599  15      0
QSO:    3517 CW 2025-11-30 0310 R8CT             599 17    RM8G             599  17      0
QSO:    3517 CW 2025-11-30 0311 R8CT             599 17    RN3BL            599  16      0
QSO:    3517 CW 2025-11-30 0313 R8CT             599 17    OL3A             599  15      0
QSO:    7065 CW 2025-11-30 0313 R8CT             599 17    IO8T             599  15      1
QSO:    3553 CW 2025-11-30 0314 R8CT             599 17    IS0AFM           599  15      0
QSO:    3517 CW 2025-11-30 0315 R8CT             599 17    LZ1ZF            599  20      0
QSO:    3517 CW 2025-11-30 0315 R8CT             599 17    PA6Z             599  14      0
QSO:    3517 CW 2025-11-30 0316 R8CT             599 17    DL3A             599  14      0
QSO:    3517 CW 2025-11-30 0317 R8CT             599 17    DL3YM            599  14      0
QSO:    3508 CW 2025-11-30 0318 R8CT             599 17    OH0V             599  15      0
QSO:    3507 CW 2025-11-30 0319 R8CT             599 17    S53Z             599  15      0
QSO:    3518 CW 2025-11-30 0320 R8CT             599 17    9A7RR            599  15      0
QSO:    3545 CW 2025-11-30 0321 R8CT             599 17    HB7X             599  14      0
QSO:    3553 CW 2025-11-30 0322 R8CT             599 17    IO6T             599  15      0
QSO:    3534 CW 2025-11-30 0322 R8CT             599 17    II9P             599  15      0
QSO:    1831 CW 2025-11-30 0323 R8CT             599 17    CR3W             599  33      0
QSO:    1822 CW 2025-11-30 0324 R8CT             599 17    DM4X             599  14      0
QSO:   21042 CW 2025-11-30 0327 R8CT             599 17    V85RH            599  28      1
QSO:    1818 CW 2025-11-30 0328 R8CT             599 17    S56X             599  15      0
QSO:    1835 CW 2025-11-30 0329 R8CT             599 17    OZ4MM            599  14      0
QSO:    1820 CW 2025-11-30 0329 R8CT             599 17    OK2W             599  15      0
QSO:    1814 CW 2025-11-30 0329 R8CT             599 17    SP5EXA           599  15      0
QSO:    1830 CW 2025-11-30 0330 R8CT             599 17    OE2S             599  15      0
QSO:    1823 CW 2025-11-30 0330 R8CT             599 17    DL7ON            599  14      0
QSO:    3518 CW 2025-11-30 0335 R8CT             599 17    HA5PT            599  15      0
QSO:    3518 CW 2025-11-30 0335 R8CT             599 17    YU7KW            599  15      0
QSO:    7056 CW 2025-11-30 0336 R8CT             599 17    MW5Y             599  14      1
QSO:    3518 CW 2025-11-30 0336 R8CT             599 17    SP9XCN           599  15      0
QSO:    3518 CW 2025-11-30 0337 R8CT             599 17    UR7UD            599  16      0
QSO:    3518 CW 2025-11-30 0337 R8CT             599 17    RA5G             599  16      0
QSO:    3518 CW 2025-11-30 0338 R8CT             599 17    HA5PP            599  15      0
QSO:    3530 CW 2025-11-30 0340 R8CT             599 17    OH1VR            599  15      0
QSO:    3543 CW 2025-11-30 0342 R8CT             599 17    IO5O             599  15      0
QSO:    3503 CW 2025-11-30 0343 R8CT             599 17    HA8TA            599  15      0
QSO:    3534 CW 2025-11-30 0344 R8CT             599 17    OE3A             599  15      0
QSO:    3536 CW 2025-11-30 0344 R8CT             599 17    OL0W             599  15      0
QSO:    3561 CW 2025-11-30 0344 R8CT             599 17    DP6A             599  14      0
QSO:    3564 CW 2025-11-30 0346 R8CT             599 17    EA2W             599  14      0
QSO:    3563 CW 2025-11-30 0346 R8CT             599 17    LZ1FH            599  20      0
QSO:    3557 CW 2025-11-30 0347 R8CT             599 17    OL7T             599  15      0
QSO:    3552 CW 2025-11-30 0349 R8CT             599 17    RX3AEX           599  16      0
QSO:    3515 CW 2025-11-30 0350 R8CT             599 17    TM1X             599  14      0
QSO:    3511 CW 2025-11-30 0351 R8CT             599 17    HG6Z             599  15      0
QSO:    3532 CW 2025-11-30 0352 R8CT             599 17    HA3DX            599  15      0
QSO:    3555 CW 2025-11-30 0353 R8CT             599 17    I4IKW            599  15      0
QSO:    3559 CW 2025-11-30 0353 R8CT             599 17    RA1TU            599  16      0
QSO:    3534 CW 2025-11-30 0355 R8CT             599 17    SK3W             599  14      0
QSO:    3509 CW 2025-11-30 0355 R8CT             599 17    OH5Z             599  15      0
QSO:    3556 CW 2025-11-30 0356 R8CT             599 17    SP1NY            599  15      0
QSO:    3519 CW 2025-11-30 0356 R8CT             599 17    E7DX             599  15      0
QSO:    7057 CW 2025-11-30 0357 R8CT             599 17    SV9/VE3RSA       599  20      1
QSO:    3524 CW 2025-11-30 0359 R8CT             599 17    HA7RY            599  15      0
QSO:    3517 CW 2025-11-30 0359 R8CT             599 17    DH1NBE           599  14      0
QSO:    3563 CW 2025-11-30 0400 R8CT             599 17    IO4A             599  15      0
QSO:    3523 CW 2025-11-30 0401 R8CT             599 17    CR3A             599  33      0
QSO:    7052 CW 2025-11-30 0403 R8CT             599 17    PJ4A             599  09      1
QSO:    3531 CW 2025-11-30 0404 R8CT             599 17    G4BJM            599  14      0
QSO:    3514 CW 2025-11-30 0405 R8CT             599 17    DM4X             599  14      0
QSO:    3502 CW 2025-11-30 0405 R8CT             599 17    OK1PI            599  15      0
QSO:    3516 CW 2025-11-30 0406 R8CT             599 17    II2Q             599  15      0
QSO:    3530 CW 2025-11-30 0407 R8CT             599 17    I5MXX            599  15      0
QSO:    3531 CW 2025-11-30 0409 R8CT             599 17    UA6Y             599  16      0
QSO:    3527 CW 2025-11-30 0409 R8CT             599 17    DJ9DZ            599  14      0
QSO:    3569 CW 2025-11-30 0410 R8CT             599 17    YO9HP            599  20      0
QSO:    3529 CW 2025-11-30 0410 R8CT             599 17    YO6KPT           599  20      0
QSO:    3547 CW 2025-11-30 0411 R8CT             599 17    EI7M             599  14      0
QSO:    3554 CW 2025-11-30 0412 R8CT             599 17    EU4E             599  16      0
QSO:    3522 CW 2025-11-30 0412 R8CT             599 17    OL3Z             599  15      0
QSO:    3528 CW 2025-11-30 0413 R8CT             599 17    R3MAI            599  16      0
QSO:    3545 CW 2025-11-30 0414 R8CT             599 17    OM5JA            599  15      0
QSO:    3504 CW 2025-11-30 0415 R8CT             599 17    RN4HAB           599  16      0
QSO:    3539 CW 2025-11-30 0416 R8CT             599 17    DA2X             599  14      0
QSO:    3508 CW 2025-11-30 0417 R8CT             599 17    OK1KKI           599  15      0
QSO:    3536 CW 2025-11-30 0417 R8CT             599 17    S53M             599  15      0
QSO:    3526 CW 2025-11-30 0418 R8CT             599 17    G4FNL            599  14      0
QSO:    3503 CW 2025-11-30 0419 R8CT             599 17    OT7T             599  14      0
QSO:    3545 CW 2025-11-30 0419 R8CT             599 17    SN2B             599  15      0
QSO:    3514 CW 2025-11-30 0421 R8CT             599 17    RV3ZN            599  16      0
QSO:    3512 CW 2025-11-30 0422 R8CT             599 17    RT4P             599  16      0
QSO:    7039 CW 2025-11-30 0423 R8CT             599 17    UP4L             599  17      0
QSO:    7039 CW 2025-11-30 0424 R8CT             599 17    K3LR             599  05      0
QSO:    7039 CW 2025-11-30 0424 R8CT             599 17    RK9AX            599  17      0
QSO:    7039 CW 2025-11-30 0424 R8CT             599 17    UA9D             599  17      0
QSO:    7039 CW 2025-11-30 0425 R8CT             599 17    OK2J             599  15      0
QSO:    7039 CW 2025-11-30 0426 R8CT             599 17    RK3P             599  16      0
QSO:    7039 CW 2025-11-30 0426 R8CT             599 17    PW2F             599  11      0
QSO:    7039 CW 2025-11-30 0427 R8CT             599 17    RM1F             599  16      0
QSO:    7039 CW 2025-11-30 0428 R8CT             599 17    N4EXA            599  05      0
QSO:    7039 CW 2025-11-30 0429 R8CT             599 17    EU8T             599  16      0
QSO:    7039 CW 2025-11-30 0429 R8CT             599 17    I6NOA            599  15      0
QSO:    7039 CW 2025-11-30 0429 R8CT             599 17    W3LPL            599  05      0
QSO:    7039 CW 2025-11-30 0430 R8CT             599 17    IU8RIA           599  15      0
QSO:    7039 CW 2025-11-30 0430 R8CT             599 17    DL6NDW           599  14      0
QSO:    7039 CW 2025-11-30 0431 R8CT             599 17    RO6K             599  16      0
QSO:    7039 CW 2025-11-30 0431 R8CT             599 17    KA1IS            599  05      0
QSO:    7039 CW 2025-11-30 0432 R8CT             599 17    UA6AA            599  16      0
QSO:    7039 CW 2025-11-30 0432 R8CT             599 17    R9XS             599  17      0
QSO:    7037 CW 2025-11-30 0437 R8CT             599 17    RA3DNC           599  16      0
QSO:    7037 CW 2025-11-30 0439 R8CT             599 17    RC1W             599  16      0
QSO:    7037 CW 2025-11-30 0441 R8CT             599 17    W6OAT            599  03      0
QSO:   21015 CW 2025-11-30 0443 R8CT             599 17    NH2DX            599  27      1
QSO:    7030 CW 2025-11-30 0445 R8CT             599 17    MM9I             599  14      0
QSO:    7034 CW 2025-11-30 0445 R8CT             599 17    M0MNM            599  14      0
QSO:    7034 CW 2025-11-30 0446 R8CT             599 17    KB4DX            599  05      0
QSO:    7034 CW 2025-11-30 0447 R8CT             599 17    DM7W             599  14      0
QSO:    7034 CW 2025-11-30 0448 R8CT             599 17    OM7RM            599  15      0
QSO:    7034 CW 2025-11-30 0448 R8CT             599 17    N4WW             599  05      0
QSO:    7034 CW 2025-11-30 0448 R8CT             599 17    DF7A             599  14      0
QSO:    7034 CW 2025-11-30 0450 R8CT             599 17    K2TT             599  05      0
QSO:   14007 CW 2025-11-30 0451 R8CT             599 17    EF8R             599  33      1
QSO:    7034 CW 2025-11-30 0453 R8CT             599 17    EA4KD            599  14      0
QSO:    7034 CW 2025-11-30 0453 R8CT             599 17    RM6Y             599  16      0
QSO:    7034 CW 2025-11-30 0454 R8CT             599 17    WX1S             599  05      0
QSO:    7034 CW 2025-11-30 0457 R8CT             599 17    EV4R             599  16      0
QSO:    7034 CW 2025-11-30 0500 R8CT             599 17    AK1MD            599  05      0
QSO:    7034 CW 2025-11-30 0500 R8CT             599 17    EW1I             599  16      0
QSO:   14008 CW 2025-11-30 0503 R8CT             599 17    HL2BQG           599  25      0
QSO:   14050 CW 2025-11-30 0504 R8CT             599 17    PJ2T             599  09      0
QSO:   28023 CW 2025-11-30 0505 R8CT             599 17    VK1A             599  30      1
QSO:    7023 CW 2025-11-30 0512 R8CT             599 17    VE3VN            599  04      0
QSO:   28037 CW 2025-11-30 0516 R8CT             599 17    5W1SA            599  32      1
QSO:   14037 CW 2025-11-30 0518 R8CT             599 17    HC2GRC           599  10      1
QSO:    7029 CW 2025-11-30 0530 R8CT             599 17    KH6LC            599  31      0
QSO:   14014 CW 2025-11-30 0532 R8CT             599 17    PJ4K             599  09      1
QSO:   14064 CW 2025-11-30 0533 R8CT             599 17    8P5A             599  08      1
QSO:   21008 CW 2025-11-30 0542 R8CT             599 17    7Q1A             599  37      0
QSO:    7040 CW 2025-11-30 0544 R8CT             599 17    9Z4DM            599  09      0
QSO:    7045 CW 2025-11-30 0546 R8CT             599 17    J38W             599  08      0
QSO:   14027 CW 2025-11-30 0549 R8CT             599 17    OH7VHZ           599  15      0
QSO:   14027 CW 2025-11-30 0549 R8CT             599 17    DL1SKK           599  14      0
QSO:   14027 CW 2025-11-30 0550 R8CT             599 17    DM7W             599  14      0
QSO:   14027 CW 2025-11-30 0550 R8CT             599 17    9A1P             599  15      0
QSO:   14027 CW 2025-11-30 0551 R8CT             599 17    K6OK             599  03      0
QSO:   14027 CW 2025-11-30 0552 R8CT             599 17    RK6O             599  16      0
QSO:   14027 CW 2025-11-30 0553 R8CT             599 17    DL5JAG           599  14      0
QSO:   14027 CW 2025-11-30 0554 R8CT             599 17    UA9MW            599  17      0
QSO:   14027 CW 2025-11-30 0554 R8CT             599 17    RT6N             599  16      0
QSO:   14027 CW 2025-11-30 0555 R8CT             599 17    HA0MK            599  15      0
QSO:   14027 CW 2025-11-30 0555 R8CT             599 17    R5QQ             599  16      0
QSO:   14027 CW 2025-11-30 0555 R8CT             599 17    OM4Q             599  15      0
QSO:   14027 CW 2025-11-30 0556 R8CT             599 17    YO2MKI           599  20      0
QSO:   14027 CW 2025-11-30 0556 R8CT             599 17    HG8R             599  15      0
QSO:   14027 CW 2025-11-30 0556 R8CT             599 17    CR3A             599  33      0
QSO:   14027 CW 2025-11-30 0600 R8CT             599 17    IU8RIA           599  15      0
QSO:   14027 CW 2025-11-30 0601 R8CT             599 17    DG4UF            599  14      0
QSO:   14027 CW 2025-11-30 0601 R8CT             599 17    RK2A             599  16      0
QSO:   14034 CW 2025-11-30 0602 R8CT             599 17    PJ5C             599  08      0
QSO:   14007 CW 2025-11-30 0603 R8CT             599 17    P44W             599  09      0
QSO:   14027 CW 2025-11-30 0605 R8CT             599 17    9A2L             599  15      0
QSO:   14027 CW 2025-11-30 0605 R8CT             599 17    SP1C             599  15      0
QSO:   14027 CW 2025-11-30 0606 R8CT             599 17    N6AR             599  05      0
QSO:   14027 CW 2025-11-30 0606 R8CT             599 17    IO4X             599  15      0
QSO:   14027 CW 2025-11-30 0607 R8CT             599 17    DP9A             599  14      0
QSO:   14057 CW 2025-11-30 0608 R8CT             599 17    9Z4BM            599  09      0
QSO:   14027 CW 2025-11-30 0608 R8CT             599 17    RN6AT            599  16      0
QSO:   14027 CW 2025-11-30 0609 R8CT             599 17    RM9X             599  17      0
QSO:   14027 CW 2025-11-30 0609 R8CT             599 17    SQ7NSN           599  15      0
QSO:   14046 CW 2025-11-30 0609 R8CT             599 17    KP4AA            599  08      0
QSO:   14027 CW 2025-11-30 0609 R8CT             599 17    DF7A             599  14      0
QSO:   14004 CW 2025-11-30 0611 R8CT             599 17    4O3A             599  15      0
QSO:   14027 CW 2025-11-30 0611 R8CT             599 17    R8UT             599  18      0
QSO:   14027 CW 2025-11-30 0611 R8CT             599 17    OM7LW            599  15      0
QSO:   14027 CW 2025-11-30 0612 R8CT             599 17    R4LR             599  16      0
QSO:   14027 CW 2025-11-30 0612 R8CT             599 17    RX9YM            599  18      0
QSO:   14027 CW 2025-11-30 0613 R8CT             599 17    RA5BF            599  16      0
QSO:   14027 CW 2025-11-30 0613 R8CT             599 17    YO7ARZ           599  20      0
QSO:   21001 CW 2025-11-30 0614 R8CT             599 17    YL2KO            599  15      1
QSO:   14027 CW 2025-11-30 0614 R8CT             599 17    SP2AYC           599  15      0
QSO:   14027 CW 2025-11-30 0615 R8CT             599 17    EW2A             599  16      0
QSO:   14027 CW 2025-11-30 0615 R8CT             599 17    HG6Z             599  15      0
QSO:   14027 CW 2025-11-30 0615 R8CT             599 17    3Z1K             599  15      0
QSO:   14027 CW 2025-11-30 0615 R8CT             599 17    N4WW             599  05      0
QSO:   14027 CW 2025-11-30 0618 R8CT             599 17    JR1IJV           599  25      0
QSO:   14027 CW 2025-11-30 0618 R8CT             599 17    HA6W             599  15      0
QSO:   14027 CW 2025-11-30 0619 R8CT             599 17    DD5M             599  14      0
QSO:   21018 CW 2025-11-30 0623 R8CT             599 17    YO8DOH           599  20      0
QSO:   21018 CW 2025-11-30 0623 R8CT             599 17    LZ5R             599  20      0
QSO:   21018 CW 2025-11-30 0624 R8CT             599 17    BI1XJT           599  24      0
QSO:   21018 CW 2025-11-30 0624 R8CT             599 17    SM5MX            599  14      0
QSO:   21018 CW 2025-11-30 0625 R8CT             599 17    RZ4AG            599  16      0
QSO:   21018 CW 2025-11-30 0625 R8CT             599 17    RX7T             599  16      0
QSO:   21018 CW 2025-11-30 0625 R8CT             599 17    SV1IU            599  20      0
QSO:   21018 CW 2025-11-30 0625 R8CT             599 17    RW3AI            599  16      0
QSO:   21018 CW 2025-11-30 0626 R8CT             599 17    R3ZZ             599  16      0
QSO:   21018 CW 2025-11-30 0626 R8CT             599 17    SP2HWW           599  15      0
QSO:   21018 CW 2025-11-30 0626 R8CT             599 17    UA0D             599  19      0
QSO:   21018 CW 2025-11-30 0626 R8CT             599 17    OK1TA            599  15      0
QSO:   21018 CW 2025-11-30 0627 R8CT             599 17    UA6LQ            599  16      0
QSO:   21018 CW 2025-11-30 0627 R8CT             599 17    HA9A             599  15      0
QSO:   21018 CW 2025-11-30 0627 R8CT             599 17    SM3PZG           599  14      0
QSO:   21018 CW 2025-11-30 0627 R8CT             599 17    IZ4JMA           599  15      0
QSO:   21018 CW 2025-11-30 0628 R8CT             599 17    SK3W             599  14      0
QSO:   21018 CW 2025-11-30 0628 R8CT             599 17    UD0O             599  18      0
QSO:   28011 CW 2025-11-30 0629 R8CT             599 17    A44A             599  21      1
QSO:   21018 CW 2025-11-30 0629 R8CT             599 17    LZ2AE            599  20      0
QSO:   21018 CW 2025-11-30 0629 R8CT             599 17    YU2M             599  15      0
QSO:   21018 CW 2025-11-30 0629 R8CT             599 17    RT5P             599  16      0
QSO:   21018 CW 2025-11-30 0630 R8CT             599 17    SP9EML           599  15      0
QSO:   21018 CW 2025-11-30 0630 R8CT             599 17    SM6CNN           599  14      0
QSO:   21018 CW 2025-11-30 0630 R8CT             599 17    IT9GNJ           599  15      0
QSO:   21018 CW 2025-11-30 0630 R8CT             599 17    P3CR             599  20      0
QSO:   21018 CW 2025-11-30 0631 R8CT             599 17    UA6AA            599  16      0
QSO:   21018 CW 2025-11-30 0631 R8CT             599 17    RA3DNC           599  16      0
QSO:   21018 CW 2025-11-30 0631 R8CT             599 17    S50K             599  15      0
QSO:   21018 CW 2025-11-30 0631 R8CT             599 17    SN3A             599  15      0
QSO:   21018 CW 2025-11-30 0632 R8CT             599 17    BY5EA            599  24      0
QSO:   21018 CW 2025-11-30 0634 R8CT             599 17    EU6AF            599  16      0
QSO:   21018 CW 2025-11-30 0634 R8CT             599 17    R7OF             599  16      0
QSO:   21018 CW 2025-11-30 0635 R8CT             599 17    IK4RVY           599  15      0
QSO:   21018 CW 2025-11-30 0635 R8CT             599 17    UA6LUQ           599  16      0
QSO:   21018 CW 2025-11-30 0635 R8CT             599 17    YL3RZ            599  15      0
QSO:   21018 CW 2025-11-30 0636 R8CT             599 17    JH1OLB           599  25      0
QSO:   21018 CW 2025-11-30 0636 R8CT             599 17    UN4Q             599  17      0
QSO:   21018 CW 2025-11-30 0636 R8CT             599 17    IT9LKX           599  15      0
QSO:   21018 CW 2025-11-30 0637 R8CT             599 17    RA3AN            599  16      0
QSO:   21018 CW 2025-11-30 0637 R8CT             599 17    LZ1BP            599  20      0
QSO:   14037 CW 2025-11-30 0637 R8CT             599 17    KP2B             599  08      1
QSO:   21018 CW 2025-11-30 0638 R8CT             599 17    JF1LMB           599  25      0
QSO:   21018 CW 2025-11-30 0638 R8CT             599 17    R1AL             599  16      0
QSO:   21018 CW 2025-11-30 0638 R8CT             599 17    DF0HQ            599  14      0
QSO:   14045 CW 2025-11-30 0639 R8CT             599 17    VP2MMA           599  08      1
QSO:   21018 CW 2025-11-30 0640 R8CT             599 17    EW1TO            599  16      0
QSO:   21018 CW 2025-11-30 0640 R8CT             599 17    R3PIQ            599  16      0
QSO:   21018 CW 2025-11-30 0641 R8CT             599 17    HA5GF            599  15      0
QSO:   21018 CW 2025-11-30 0641 R8CT             599 17    SV7BVM           599  20      0
QSO:   21018 CW 2025-11-30 0642 R8CT             599 17    RZ3AV            599  16      0
QSO:   21018 CW 2025-11-30 0643 R8CT             599 17    EU8U             599  16      0
QSO:   21018 CW 2025-11-30 0643 R8CT             599 17    OG3B             599  15      0
QSO:   28013 CW 2025-11-30 0645 R8CT             599 17    3W9T             599  26      1
QSO:   21018 CW 2025-11-30 0646 R8CT             599 17    EU4A             599  16      0
QSO:   21018 CW 2025-11-30 0646 R8CT             599 17    OK2VWB           599  15      0
QSO:   21018 CW 2025-11-30 0646 R8CT             599 17    LZ6K             599  20      0
QSO:   21018 CW 2025-11-30 0648 R8CT             599 17    SM7PEV           599  14      0
QSO:   21018 CW 2025-11-30 0648 R8CT             599 17    DO6SR            599  14      0
QSO:   21018 CW 2025-11-30 0648 R8CT             599 17    9A5D             599  15      0
QSO:   21018 CW 2025-11-30 0649 R8CT             599 17    DL1DTR           599  14      0
QSO:   21018 CW 2025-11-30 0649 R8CT             599 17    YO9AYN           599  20      0
QSO:   21018 CW 2025-11-30 0650 R8CT             599 17    JR7IWC           599  25      0
QSO:   21018 CW 2025-11-30 0651 R8CT             599 17    RK2A             599  16      0
QSO:   21018 CW 2025-11-30 0651 R8CT             599 17    JH3CUL           599  25      0
QSO:   21018 CW 2025-11-30 0651 R8CT             599 17    UT2EF            599  16      0
QSO:   21018 CW 2025-11-30 0652 R8CT             599 17    IK3UNA           599  15      0
QSO:   21018 CW 2025-11-30 0653 R8CT             599 17    RW5CW            599  16      0
QSO:   21018 CW 2025-11-30 0653 R8CT             599 17    YU1A             599  15      0
QSO:   21018 CW 2025-11-30 0653 R8CT             599 17    J42T             599  20      0
QSO:   21018 CW 2025-11-30 0653 R8CT             599 17    RT6A             599  16      0
QSO:   28043 CW 2025-11-30 0654 R8CT             599 17    A71WW            599  21      1
QSO:   21018 CW 2025-11-30 0655 R8CT             599 17    R5QQ             599  16      0
QSO:   21018 CW 2025-11-30 0655 R8CT             599 17    SP3CYY           599  15      0
QSO:   21018 CW 2025-11-30 0656 R8CT             599 17    UA4M             599  16      0
QSO:   21018 CW 2025-11-30 0658 R8CT             599 17    HG6Z             599  15      0
QSO:   21018 CW 2025-11-30 0700 R8CT             599 17    S51TA            599  15      0
QSO:   21018 CW 2025-11-30 0700 R8CT             599 17    YO9HP            599  20      0
QSO:   21018 CW 2025-11-30 0701 R8CT             599 17    E7CW             599  15      0
QSO:   28060 CW 2025-11-30 0704 R8CT             599 17    3D2AG            599  32      1
QSO:   21019 CW 2025-11-30 0705 R8CT             599 17    DS1TUW           599  25      0
QSO:   21019 CW 2025-11-30 0706 R8CT             599 17    IV3UHL           599  15      0
QSO:   28038 CW 2025-11-30 0708 R8CT             599 17    9H6A             599  15      1
QSO:   21019 CW 2025-11-30 0708 R8CT             599 17    SM0GNS           599  14      0
QSO:   21019 CW 2025-11-30 0709 R8CT             599 17    R3OM             599  16      0
QSO:   21019 CW 2025-11-30 0709 R8CT             599 17    BD4SDX           599  24      0
QSO:   21019 CW 2025-11-30 0709 R8CT             599 17    EU8T             599  16      0
QSO:   21019 CW 2025-11-30 0710 R8CT             599 17    SN6U             599  15      0
QSO:   21018 CW 2025-11-30 0711 R8CT             599 17    ZA1EM            599  15      0
QSO:   21019 CW 2025-11-30 0712 R8CT             599 17    UX8IX            599  16      0
QSO:   21019 CW 2025-11-30 0713 R8CT             599 17    UA6LCN           599  16      0
QSO:   21019 CW 2025-11-30 0713 R8CT             599 17    DP9A             599  14      0
QSO:   21019 CW 2025-11-30 0713 R8CT             599 17    RZ1A             599  16      0
QSO:   21019 CW 2025-11-30 0713 R8CT             599 17    PA1H             599  14      0
QSO:   21019 CW 2025-11-30 0714 R8CT             599 17    YP2R             599  20      0
QSO:   21019 CW 2025-11-30 0714 R8CT             599 17    EA3DA            599  14      0
QSO:   21019 CW 2025-11-30 0714 R8CT             599 17    OH2BH            599  15      0
QSO:   21019 CW 2025-11-30 0715 R8CT             599 17    RX9YM            599  18      0
QSO:   21019 CW 2025-11-30 0716 R8CT             599 17    SN2M             599  15      0
QSO:   21019 CW 2025-11-30 0716 R8CT             599 17    R9CX             599  17      0
QSO:   21019 CW 2025-11-30 0716 R8CT             599 17    IU8PWS           599  15      0
QSO:   21019 CW 2025-11-30 0716 R8CT             599 17    YU1YV            599  15      0
QSO:   21019 CW 2025-11-30 0717 R8CT             599 17    OM8CW            599  15      0
QSO:   21019 CW 2025-11-30 0717 R8CT             599 17    RQ3M             599  16      0
QSO:   21019 CW 2025-11-30 0717 R8CT             599 17    YT1TU            599  15      0
QSO:   21019 CW 2025-11-30 0718 R8CT             599 17    DJ1SL            599  14      0
QSO:   21019 CW 2025-11-30 0719 R8CT             599 17    RA3DS            599  16      0
QSO:   21019 CW 2025-11-30 0719 R8CT             599 17    RY3F             599  16      0
QSO:   21019 CW 2025-11-30 0720 R8CT             599 17    JR6KBF           599  25      0
QSO:   21019 CW 2025-11-30 0721 R8CT             599 17    JA7MCB           599  25      0
QSO:   21019 CW 2025-11-30 0721 R8CT             599 17    S50DK            599  15      0
QSO:   21019 CW 2025-11-30 0722 R8CT             599 17    F6IIT            599  14      0
QSO:   21019 CW 2025-11-30 0722 R8CT             599 17    JA1CTZ           599  25      0
QSO:   21019 CW 2025-11-30 0723 R8CT             599 17    R6SX             599  16      0
QSO:   21019 CW 2025-11-30 0723 R8CT             599 17    JA8RUZ           599  25      0
QSO:   21019 CW 2025-11-30 0724 R8CT             599 17    9A1P             599  15      0
QSO:   21019 CW 2025-11-30 0724 R8CT             599 17    EW8R             599  16      0
QSO:   21019 CW 2025-11-30 0724 R8CT             599 17    IO3F             599  15      0
QSO:   21019 CW 2025-11-30 0725 R8CT             599 17    YL73R            599  15      0
QSO:   14033 CW 2025-11-30 0730 R8CT             599 17    5J1DX            599  09      0
QSO:   21021 CW 2025-11-30 0824 R8CT             599 17    EW1EA            599  16      0
QSO:   21021 CW 2025-11-30 0825 R8CT             599 17    LY1R             599  15      0
QSO:   21021 CW 2025-11-30 0825 R8CT             599 17    PA0JED           599  14      0
QSO:   21021 CW 2025-11-30 0825 R8CT             599 17    RU1A             599  16      0
QSO:   21021 CW 2025-11-30 0825 R8CT             599 17    F6IIT            599  14      0
QSO:   21021 CW 2025-11-30 0826 R8CT             599 17    LZ2RS            599  20      0
QSO:   21021 CW 2025-11-30 0827 R8CT             599 17    JF3IPR           599  25      0
QSO:   21021 CW 2025-11-30 0827 R8CT             599 17    RG2A             599  16      0
QSO:   21021 CW 2025-11-30 0827 R8CT             599 17    PA4CC            599  14      0
QSO:   21021 CW 2025-11-30 0827 R8CT             599 17    RK3P             599  16      0
QSO:   21021 CW 2025-11-30 0828 R8CT             599 17    9A2L             599  15      0
QSO:   21021 CW 2025-11-30 0828 R8CT             599 17    JF2VAX           599  25      0
QSO:   28027 CW 2025-11-30 0835 R8CT             599 17    7Q1A             599  37      1
QSO:   21039 CW 2025-11-30 0840 R8CT             599 17    EI7M             599  14      0
QSO:   21021 CW 2025-11-30 0841 R8CT             599 17    IP2A             599  15      0
QSO:   21021 CW 2025-11-30 0841 R8CT             599 17    RT7N             599  16      0
QSO:   21021 CW 2025-11-30 0841 R8CT             599 17    TM1X             599  14      0
QSO:   21021 CW 2025-11-30 0842 R8CT             599 17    GM3TTN           599  14      0
QSO:   21021 CW 2025-11-30 0842 R8CT             599 17    DL4AMM           599  14      0
QSO:   21021 CW 2025-11-30 0843 R8CT             599 17    SP5ENG           599  15      0
QSO:   21021 CW 2025-11-30 0844 R8CT             599 17    PA6X             599  14      0
QSO:   21021 CW 2025-11-30 0844 R8CT             599 17    DL3YM            599  14      0
QSO:   21021 CW 2025-11-30 0845 R8CT             599 17    OG6N             599  15      0
QSO:   21021 CW 2025-11-30 0845 R8CT             599 17    UA1CUR           599  16      0
QSO:   21021 CW 2025-11-30 0845 R8CT             599 17    SP8R             599  15      0
QSO:   21021 CW 2025-11-30 0846 R8CT             599 17    M6T              599  14      0
QSO:   28035 CW 2025-11-30 0846 R8CT             599 17    XU7RRC           599  26      1
QSO:   21021 CW 2025-11-30 0846 R8CT             599 17    SK6D             599  14      0
QSO:   21021 CW 2025-11-30 0847 R8CT             599 17    IU0JZI           599  15      0
QSO:   21021 CW 2025-11-30 0847 R8CT             599 17    RL3A             599  16      0
QSO:   21021 CW 2025-11-30 0847 R8CT             599 17    RU3DM            599  16      0
QSO:   21021 CW 2025-11-30 0848 R8CT             599 17    IS0ILP           599  15      0
QSO:   21021 CW 2025-11-30 0848 R8CT             599 17    MI4I             599  14      0
QSO:   21021 CW 2025-11-30 0849 R8CT             599 17    UA6CC            599  16      0
QSO:   21021 CW 2025-11-30 0849 R8CT             599 17    ER1WK            599  16      0
QSO:   21021 CW 2025-11-30 0849 R8CT             599 17    DJ0SP            599  14      0
QSO:   21021 CW 2025-11-30 0849 R8CT             599 17    SP9XCN           599  15      0
QSO:   21021 CW 2025-11-30 0850 R8CT             599 17    HA8A             599  15      0
QSO:   21021 CW 2025-11-30 0850 R8CT             599 17    EA3VN            599  14      0
QSO:   21021 CW 2025-11-30 0851 R8CT             599 17    RG5A             599  16      0
QSO:   21021 CW 2025-11-30 0851 R8CT             599 17    EU4E             599  16      0
QSO:   21021 CW 2025-11-30 0852 R8CT             599 17    OK1VK            599  15      0
QSO:   21021 CW 2025-11-30 0853 R8CT             599 17    SV2AOB           599  20      0
QSO:   21021 CW 2025-11-30 0853 R8CT             599 17    IO4M             599  15      0
QSO:   21021 CW 2025-11-30 0856 R8CT             599 17    DF2MC            599  14      0
QSO:   21021 CW 2025-11-30 0856 R8CT             599 17    LZ6W             599  20      0
QSO:   21021 CW 2025-11-30 0856 R8CT             599 17    DF7XR            599  14      0
QSO:   21021 CW 2025-11-30 0859 R8CT             599 17    R5DT             599  16      0
QSO:   21021 CW 2025-11-30 0859 R8CT             599 17    EW4DX            599  16      0
QSO:   21021 CW 2025-11-30 0900 R8CT             599 17    HB9CDH           599  14      0
QSO:   21021 CW 2025-11-30 0901 R8CT             599 17    EA4BAS           599  14      0
QSO:   21021 CW 2025-11-30 0901 R8CT             599 17    I1RJP            599  15      0
QSO:   21021 CW 2025-11-30 0903 R8CT             599 17    F6KMB            599  14      0
QSO:   21097 CW 2025-11-30 0906 R8CT             599 17    3W9A             599  26      0
QSO:   21021 CW 2025-11-30 0908 R8CT             599 17    DQ5T             599  14      0
QSO:   21021 CW 2025-11-30 0909 R8CT             599 17    DL8WEM           599  14      0
QSO:   21021 CW 2025-11-30 0909 R8CT             599 17    RA6L             599  16      0
QSO:   21021 CW 2025-11-30 0913 R8CT             599 17    DD2D             599  14      0
QSO:   21021 CW 2025-11-30 0913 R8CT             599 17    F8CRS            599  14      0
QSO:   14067 CW 2025-11-30 0914 R8CT             599 17    ZB2BU            599  14      1
QSO:   21021 CW 2025-11-30 0915 R8CT             599 17    YO8BOD           599  20      0
QSO:   21021 CW 2025-11-30 0916 R8CT             599 17    HG8R             599  15      0
QSO:   21021 CW 2025-11-30 0916 R8CT             599 17    DL5JAG           599  14      0
QSO:   21021 CW 2025-11-30 0916 R8CT             599 17    DL9DWR           599  14      0
QSO:   21021 CW 2025-11-30 0917 R8CT             599 17    DL4UNY           599  14      0
QSO:   21021 CW 2025-11-30 0917 R8CT             599 17    OL0A             599  15      0
QSO:   21021 CW 2025-11-30 0917 R8CT             599 17    OH7XR            599  15      0
QSO:   21021 CW 2025-11-30 0918 R8CT             599 17    SM3V             599  14      0
QSO:   21021 CW 2025-11-30 0918 R8CT             599 17    S51CAB           599  15      0
QSO:   21021 CW 2025-11-30 0919 R8CT             599 17    LZ1GE            599  20      0
QSO:   21021 CW 2025-11-30 0920 R8CT             599 17    HB9FAP           599  14      0
QSO:   21021 CW 2025-11-30 0920 R8CT             599 17    DL4CF            599  14      0
QSO:   28032 CW 2025-11-30 0923 R8CT             599 17    YO2CEQ           599  20      1
QSO:   28032 CW 2025-11-30 0923 R8CT             599 17    EA1R             599  14      1
QSO:   28032 CW 2025-11-30 0924 R8CT             599 17    IP8A             599  15      1
QSO:   28032 CW 2025-11-30 0925 R8CT             599 17    OH1LA            599  15      1
QSO:   21061 CW 2025-11-30 0925 R8CT             599 17    CR2M             599  14      0
QSO:   28032 CW 2025-11-30 0926 R8CT             599 17    F1RHS            599  14      1
QSO:   14086 CW 2025-11-30 0927 R8CT             599 17    GJ2A             599  14      0
QSO:   28032 CW 2025-11-30 0927 R8CT             599 17    2E0YEM           599  14      1
QSO:   28032 CW 2025-11-30 0928 R8CT             599 17    IO3F             599  15      1
QSO:   28032 CW 2025-11-30 0928 R8CT             599 17    YO6FNA           599  20      1
QSO:   28032 CW 2025-11-30 0929 R8CT             599 17    YO8SAO           599  20      1
QSO:   28032 CW 2025-11-30 0929 R8CT             599 17    SJ2W             599  14      1
QSO:   28032 CW 2025-11-30 0929 R8CT             599 17    SM6VVT           599  14      1
QSO:   28032 CW 2025-11-30 0931 R8CT             599 17    EI6KW            599  14      1
QSO:   28032 CW 2025-11-30 0931 R8CT             599 17    OH3RF            599  15      1
QSO:   28032 CW 2025-11-30 0931 R8CT             599 17    ER/UR7FM         599  16      1
QSO:   28032 CW 2025-11-30 0932 R8CT             599 17    F8CRS            599  14      1
QSO:   28032 CW 2025-11-30 0932 R8CT             599 17    YT1X             599  15      1
QSO:   28032 CW 2025-11-30 0932 R8CT             599 17    SP2EWQ           599  15      1
QSO:   28055 CW 2025-11-30 0936 R8CT             599 17    F1EEH            599  14      1
QSO:   28055 CW 2025-11-30 0937 R8CT             599 17    F5MNC            599  14      1
QSO:   14052 CW 2025-11-30 0937 R8CT             599 17    N4WW             599  05      1
QSO:   28033 CW 2025-11-30 0941 R8CT             599 17    9J2FI            599  36      0
QSO:   28042 CW 2025-11-30 0942 R8CT             599 17    CW5W             599  13      0
QSO:   28018 CW 2025-11-30 0943 R8CT             599 17    VU2YYF           599  22      0
QSO:   28018 CW 2025-11-30 0944 R8CT             599 17    F5NBX            599  14      0
QSO:   28018 CW 2025-11-30 0944 R8CT             599 17    HG7T             599  15      0
QSO:   28018 CW 2025-11-30 0944 R8CT             599 17    UA3YFL           599  16      0
QSO:   28018 CW 2025-11-30 0945 R8CT             599 17    EA3AYQ           599  14      0
QSO:   28018 CW 2025-11-30 0945 R8CT             599 17    TM1X             599  14      0
QSO:   28018 CW 2025-11-30 0945 R8CT             599 17    EA3HX            599  14      0
QSO:   28018 CW 2025-11-30 0945 R8CT             599 17    EA5IV            599  14      0
QSO:   28018 CW 2025-11-30 0946 R8CT             599 17    HA3GC            599  15      0
QSO:   28018 CW 2025-11-30 0946 R8CT             599 17    DL0FTL           599  14      0
QSO:   28018 CW 2025-11-30 0946 R8CT             599 17    DL5NAM           599  14      0
QSO:   28018 CW 2025-11-30 0946 R8CT             599 17    OK1VK            599  15      0
QSO:   28018 CW 2025-11-30 0947 R8CT             599 17    SM5KQS           599  14      0
QSO:   28018 CW 2025-11-30 0947 R8CT             599 17    SP5WAZ           599  15      0
QSO:   28018 CW 2025-11-30 0947 R8CT             599 17    YO3FF            599  20      0
QSO:   28018 CW 2025-11-30 0948 R8CT             599 17    SQ8LUU           599  15      0
QSO:   28018 CW 2025-11-30 0948 R8CT             599 17    YL3GQ            599  15      0
QSO:   28018 CW 2025-11-30 0949 R8CT             599 17    OH3MC            599  15      0
QSO:   28018 CW 2025-11-30 0949 R8CT             599 17    DM7A             599  14      0
QSO:   28018 CW 2025-11-30 0949 R8CT             599 17    S53M             599  15      0
QSO:   21055 CW 2025-11-30 0950 R8CT             599 17    XU7RRC           599  26      1
QSO:   28018 CW 2025-11-30 0951 R8CT             599 17    SE4E             599  14      0
QSO:   28018 CW 2025-11-30 0951 R8CT             599 17    S56A             599  15      0
QSO:   28018 CW 2025-11-30 0952 R8CT             599 17    DL2005W          599  14      0
QSO:   28018 CW 2025-11-30 0952 R8CT             599 17    HB9DCM           599  14      0
QSO:   28018 CW 2025-11-30 0953 R8CT             599 17    EA3BRL           599  14      0
QSO:   28018 CW 2025-11-30 0953 R8CT             599 17    OH5Z             599  15      0
QSO:   28018 CW 2025-11-30 0953 R8CT             599 17    LZ1QV            599  20      0
QSO:   21077 CW 2025-11-30 0955 R8CT             599 17    FY5FY            599  09      1
QSO:   14072 CW 2025-11-30 1000 R8CT             599 17    V47T             599  08      0
QSO:   28018 CW 2025-11-30 1002 R8CT             599 17    ZW8T             599  11      0
QSO:   28016 CW 2025-11-30 1003 R8CT             599 17    DQ5T             599  14      0
QSO:   28016 CW 2025-11-30 1003 R8CT             599 17    EW4DX            599  16      0
QSO:   28016 CW 2025-11-30 1003 R8CT             599 17    I1RJP            599  15      0
QSO:   28016 CW 2025-11-30 1005 R8CT             599 17    YO2AMU           599  20      0
QSO:   28016 CW 2025-11-30 1005 R8CT             599 17    YO6KPT           599  20      0
QSO:   28016 CW 2025-11-30 1006 R8CT             599 17    SP2GVN           599  15      0
QSO:   28016 CW 2025-11-30 1006 R8CT             599 17    DL2AKT           599  14      0
QSO:   28016 CW 2025-11-30 1007 R8CT             599 17    BY5AB            599  24      0
QSO:   28016 CW 2025-11-30 1007 R8CT             599 17    DL7LX            599  14      0
QSO:   28016 CW 2025-11-30 1007 R8CT             599 17    CT1ELZ           599  14      0
QSO:   28016 CW 2025-11-30 1008 R8CT             599 17    SK3W             599  14      0
QSO:   28016 CW 2025-11-30 1008 R8CT             599 17    SP5DIR           599  15      0
QSO:   28034 CW 2025-11-30 1011 R8CT             599 17    MD2C             599  14      0
QSO:   14003 CW 2025-11-30 1014 R8CT             599 17    3D2AG            599  32      1
QSO:   28020 CW 2025-11-30 1016 R8CT             599 17    YO2LEA           599  20      0
QSO:   28020 CW 2025-11-30 1016 R8CT             599 17    RN2FQ            599  15      0
QSO:   28020 CW 2025-11-30 1016 R8CT             599 17    DL6AG            599  14      0
QSO:   28020 CW 2025-11-30 1017 R8CT             599 17    R6OG             599  16      0
QSO:   28020 CW 2025-11-30 1017 R8CT             599 17    OL7T             599  15      0
QSO:   28020 CW 2025-11-30 1017 R8CT             599 17    SD6F             599  14      0
QSO:   28020 CW 2025-11-30 1018 R8CT             599 17    DD2D             599  14      0
QSO:   28020 CW 2025-11-30 1018 R8CT             599 17    EV1R             599  16      0
QSO:   28066 CW 2025-11-30 1026 R8CT             599 17    SV9DJO           599  20      0
QSO:   28020 CW 2025-11-30 1027 R8CT             599 17    UR6EA            599  16      0
QSO:   28020 CW 2025-11-30 1027 R8CT             599 17    YT1AR            599  15      0
QSO:   28020 CW 2025-11-30 1027 R8CT             599 17    F6KUQ            599  14      0
QSO:   28020 CW 2025-11-30 1027 R8CT             599 17    9A2L             599  15      0
QSO:   28020 CW 2025-11-30 1028 R8CT             599 17    EA8AJW           599  33      0
QSO:   28020 CW 2025-11-30 1029 R8CT             599 17    EU4E             599  16      0
QSO:   28020 CW 2025-11-30 1029 R8CT             599 17    SV9GPV           599  20      0
QSO:   28020 CW 2025-11-30 1029 R8CT             599 17    UX8IX            599  16      0
QSO:   28020 CW 2025-11-30 1030 R8CT             599 17    OK2PF            599  15      0
QSO:   28020 CW 2025-11-30 1030 R8CT             599 17    DL3KWF           599  14      0
QSO:   28020 CW 2025-11-30 1030 R8CT             599 17    DL1IG            599  14      0
QSO:   28020 CW 2025-11-30 1030 R8CT             599 17    DL1RNW           599  14      0
QSO:   28020 CW 2025-11-30 1030 R8CT             599 17    UT5EPP           599  16      0
QSO:   28020 CW 2025-11-30 1031 R8CT             599 17    DL1DQW           599  14      0
QSO:   28031 CW 2025-11-30 1031 R8CT             599 17    Z32U             599  15      0
QSO:   28020 CW 2025-11-30 1032 R8CT             599 17    IK1MJL           599  15      0
QSO:   28020 CW 2025-11-30 1032 R8CT             599 17    DO2TO            599  14      0
QSO:   28020 CW 2025-11-30 1033 R8CT             599 17    9A1P             599  15      0
QSO:   28020 CW 2025-11-30 1034 R8CT             599 17    UA6BFE           599  16      0
QSO:   28020 CW 2025-11-30 1034 R8CT             599 17    DP9A             599  14      0
QSO:   28020 CW 2025-11-30 1035 R8CT             599 17    OH3MF            599  15      0
QSO:   28020 CW 2025-11-30 1036 R8CT             599 17    YO3GNF           599  20      0
QSO:   28020 CW 2025-11-30 1036 R8CT             599 17    DO4OD            599  14      0
QSO:   28020 CW 2025-11-30 1036 R8CT             599 17    OK2BMJ           599  15      0
QSO:   28020 CW 2025-11-30 1037 R8CT             599 17    OK2PVG           599  15      0
QSO:   28020 CW 2025-11-30 1038 R8CT             599 17    EA1BDX           599  14      0
QSO:   28020 CW 2025-11-30 1038 R8CT             599 17    CT7BQH           599  14      0
QSO:   28020 CW 2025-11-30 1038 R8CT             599 17    OL5Y             599  15      0
QSO:   28020 CW 2025-11-30 1038 R8CT             599 17    CB3A             599  12      0
QSO:   28020 CW 2025-11-30 1039 R8CT             599 17    DL1FMG           599  14      0
QSO:   21028 CW 2025-11-30 1040 R8CT             599 17    NP3Y             599  08      1
QSO:   28020 CW 2025-11-30 1040 R8CT             599 17    IT9RWB           599  15      0
QSO:   28020 CW 2025-11-30 1040 R8CT             599 17    MW9W             599  14      0
QSO:   28020 CW 2025-11-30 1041 R8CT             599 17    SV1RK            599  20      0
QSO:   28020 CW 2025-11-30 1041 R8CT             599 17    SQ1BVG           599  15      0
QSO:   28020 CW 2025-11-30 1042 R8CT             599 17    DF1SD            599  14      0
QSO:   28020 CW 2025-11-30 1042 R8CT             599 17    MM7IFX           599  14      0
QSO:   28020 CW 2025-11-30 1042 R8CT             599 17    UA6EX            599  16      0
QSO:   28020 CW 2025-11-30 1043 R8CT             599 17    LA3BPA           599  14      0
QSO:   28020 CW 2025-11-30 1043 R8CT             599 17    OM7LM            599  15      0
QSO:   28020 CW 2025-11-30 1043 R8CT             599 17    DP7D             599  14      0
QSO:   28020 CW 2025-11-30 1043 R8CT             599 17    EU6O             599  16      0
QSO:   28020 CW 2025-11-30 1044 R8CT             599 17    ED1R             599  14      0
QSO:   28020 CW 2025-11-30 1044 R8CT             599 17    OK1FU            599  15      0
QSO:   28020 CW 2025-11-30 1045 R8CT             599 17    TZ4AM            599  35      0
QSO:   28020 CW 2025-11-30 1045 R8CT             599 17    EW1OW            599  16      0
QSO:   28020 CW 2025-11-30 1046 R8CT             599 17    UA1AEA           599  16      0
QSO:   21081 CW 2025-11-30 1046 R8CT             599 17    ZL7IO            599  32      1
QSO:   28020 CW 2025-11-30 1047 R8CT             599 17    OM4Z             599  15      0
QSO:   28020 CW 2025-11-30 1047 R8CT             599 17    DF2SD            599  14      0
QSO:   21051 CW 2025-11-30 1048 R8CT             599 17    P40L             599  09      1
QSO:   28020 CW 2025-11-30 1049 R8CT             599 17    9A5TW            599  15      0
QSO:   28020 CW 2025-11-30 1049 R8CT             599 17    UA1COA           599  16      0
QSO:   28020 CW 2025-11-30 1050 R8CT             599 17    TA7I             599  20      0
QSO:   28020 CW 2025-11-30 1050 R8CT             599 17    LZ8E             599  20      0
QSO:   28020 CW 2025-11-30 1050 R8CT             599 17    DF6PB            599  14      0
QSO:   28020 CW 2025-11-30 1051 R8CT             599 17    EW1FM            599  16      0
QSO:   28018 CW 2025-11-30 1053 R8CT             599 17    ZB2BU            599  14      0
QSO:   28020 CW 2025-11-30 1053 R8CT             599 17    DK2GZ            599  14      0
QSO:   28020 CW 2025-11-30 1053 R8CT             599 17    M5ADL            599  14      0
QSO:   28020 CW 2025-11-30 1054 R8CT             599 17    R5DT             599  16      0
QSO:   28020 CW 2025-11-30 1054 R8CT             599 17    DM4KM            599  14      0
QSO:   14068 CW 2025-11-30 1055 R8CT             599 17    OH0Z             599  15      0
QSO:   14068 CW 2025-11-30 1056 R8CT             599 17    V26K             599  08      0
QSO:   21021 CW 2025-11-30 1058 R8CT             599 17    PJ2T             599  09      0
QSO:   28019 CW 2025-11-30 1101 R8CT             599 17    IO6T             599  15      0
QSO:   28019 CW 2025-11-30 1103 R8CT             599 17    YO4CAH           599  20      0
QSO:   28019 CW 2025-11-30 1103 R8CT             599 17    SQ3R             599  15      0
QSO:   28019 CW 2025-11-30 1103 R8CT             599 17    RM6Y             599  16      0
QSO:   28019 CW 2025-11-30 1103 R8CT             599 17    SP2FWC           599  15      0
QSO:   28019 CW 2025-11-30 1104 R8CT             599 17    UA4M             599  16      0
QSO:   28019 CW 2025-11-30 1105 R8CT             599 17    OK8KM            599  15      0
QSO:   28019 CW 2025-11-30 1107 R8CT             599 17    G3MOT            599  14      0
QSO:   28019 CW 2025-11-30 1107 R8CT             599 17    DL1TS            599  14      0
QSO:   28019 CW 2025-11-30 1107 R8CT             599 17    TA1MK            599  20      0
QSO:   28019 CW 2025-11-30 1108 R8CT             599 17    HA5BA            599  15      0
QSO:   28019 CW 2025-11-30 1109 R8CT             599 17    G3NKS            599  14      0
QSO:   28019 CW 2025-11-30 1109 R8CT             599 17    G3SWH            599  14      0
QSO:   28019 CW 2025-11-30 1109 R8CT             599 17    E77Y             599  15      0
QSO:   28019 CW 2025-11-30 1109 R8CT             599 17    SD1A             599  14      0
QSO:   28019 CW 2025-11-30 1110 R8CT             599 17    EA1GT/QRP        599  14      0
QSO:   21017 CW 2025-11-30 1118 R8CT             599 17    PJ5C             599  08      0
QSO:   21066 CW 2025-11-30 1118 R8CT             599 17    V26K             599  08      0
QSO:   21055 CW 2025-11-30 1121 R8CT             599 17    5J1DX            599  09      0
QSO:   28061 CW 2025-11-30 1123 R8CT             599 17    D4Z              599  35      0
QSO:   21015 CW 2025-11-30 1126 R8CT             599 17    II2Q             599  15      0
QSO:   21015 CW 2025-11-30 1127 R8CT             599 17    IK6OIN           599  15      0
QSO:   21015 CW 2025-11-30 1134 R8CT             599 17    DL9DBZ           599  14      0
QSO:   21015 CW 2025-11-30 1134 R8CT             599 17    EU8N             599  16      0
QSO:   21015 CW 2025-11-30 1135 R8CT             599 17    RA5G             599  16      0
QSO:   21015 CW 2025-11-30 1135 R8CT             599 17    LY1DX            599  15      0
QSO:   21015 CW 2025-11-30 1136 R8CT             599 17    OK2WY            599  15      0
QSO:   21015 CW 2025-11-30 1136 R8CT             599 17    PJ4K             599  09      0
QSO:   21015 CW 2025-11-30 1136 R8CT             599 17    EA5RS            599  14      0
QSO:   21015 CW 2025-11-30 1137 R8CT             599 17    DJ2TG            599  14      0
QSO:   21015 CW 2025-11-30 1137 R8CT             599 17    LC3T             599  14      0
QSO:   21015 CW 2025-11-30 1137 R8CT             599 17    YO4AAC           599  20      0
QSO:   21015 CW 2025-11-30 1138 R8CT             599 17    DA2X             599  14      0
QSO:   21015 CW 2025-11-30 1138 R8CT             599 17    OK1LV            599  15      0
QSO:   21015 CW 2025-11-30 1138 R8CT             599 17    PA2A             599  14      0
QSO:   21015 CW 2025-11-30 1138 R8CT             599 17    DL5ASK           599  14      0
QSO:   21015 CW 2025-11-30 1139 R8CT             599 17    SP6AXW           599  15      0
QSO:   28040 CW 2025-11-30 1140 R8CT             599 17    PJ4K             599  09      1
QSO:   28023 CW 2025-11-30 1143 R8CT             599 17    PJ2T             599  09      0
QSO:   21017 CW 2025-11-30 1145 R8CT             599 17    OZ7BQ            599  14      0
QSO:   21017 CW 2025-11-30 1145 R8CT             599 17    PA6Y             599  14      0
QSO:   21017 CW 2025-11-30 1146 R8CT             599 17    SP7IIT           599  15      0
QSO:   21017 CW 2025-11-30 1146 R8CT             599 17    EW1P             599  16      0
QSO:   21017 CW 2025-11-30 1146 R8CT             599 17    OL3Z             599  15      0
QSO:   21017 CW 2025-11-30 1147 R8CT             599 17    IO6T             599  15      0
QSO:   21017 CW 2025-11-30 1147 R8CT             599 17    M0TDW            599  14      0
QSO:   21017 CW 2025-11-30 1147 R8CT             599 17    OE6MDF           599  15      0
QSO:   21084 CW 2025-11-30 1148 R8CT             599 17    OY1CT            599  14      0
QSO:   21085 CW 2025-11-30 1149 R8CT             599 17    Z68BG            599  15      0
QSO:   21014 CW 2025-11-30 1207 R8CT             599 17    VY2TT            599  05      0
QSO:   21018 CW 2025-11-30 1208 R8CT             599 17    J38W             599  08      0
QSO:   28030 CW 2025-11-30 1213 R8CT             599 17    NP3Y             599  08      0
QSO:   28012 CW 2025-11-30 1214 R8CT             599 17    P40L             599  09      0
QSO:   28094 CW 2025-11-30 1216 R8CT             599 17    8P5A             599  08      0
QSO:   14017 CW 2025-11-30 1220 R8CT             599 17    DL5CC            599  14      0
QSO:   14017 CW 2025-11-30 1221 R8CT             599 17    YO9HP            599  20      0
QSO:   14017 CW 2025-11-30 1221 R8CT             599 17    SP2HOU           599  15      0
QSO:   14017 CW 2025-11-30 1221 R8CT             599 17    UA3XFO           599  16      0
QSO:   14017 CW 2025-11-30 1222 R8CT             599 17    RL3A             599  16      0
QSO:   14017 CW 2025-11-30 1223 R8CT             599 17    K7LX             599  04      0
QSO:   14017 CW 2025-11-30 1223 R8CT             599 17    LZ5R             599  20      0
QSO:   14017 CW 2025-11-30 1224 R8CT             599 17    LA8OM            599  14      0
QSO:   14017 CW 2025-11-30 1225 R8CT             599 17    PA7LV            599  14      0
QSO:   14017 CW 2025-11-30 1225 R8CT             599 17    DM3PKK           599  14      0
QSO:   14017 CW 2025-11-30 1225 R8CT             599 17    UD3B             599  16      0
QSO:   14017 CW 2025-11-30 1226 R8CT             599 17    N3JT             599  05      0
QSO:   14017 CW 2025-11-30 1226 R8CT             599 17    K3WJV            599  05      0
QSO:   14017 CW 2025-11-30 1229 R8CT             599 17    OK1KDN           599  15      0
QSO:   28068 CW 2025-11-30 1233 R8CT             599 17    V26K             599  08      0
QSO:    7030 CW 2025-11-30 1245 R8CT             599 17    VK6T             599  29      1
QSO:   21004 CW 2025-11-30 1250 R8CT             599 17    ZF5T             599  08      0
QSO:   21063 CW 2025-11-30 1252 R8CT             599 17    VE3JM            599  04      0
QSO:   14015 CW 2025-11-30 1257 R8CT             599 17    SP5WAZ           599  15      0
QSO:   14015 CW 2025-11-30 1258 R8CT             599 17    IV3KKW           599  15      0
QSO:   14015 CW 2025-11-30 1259 R8CT             599 17    NN4SS            599  05      0
QSO:   14015 CW 2025-11-30 1259 R8CT             599 17    IN3ZWF           599  15      0
QSO:   14015 CW 2025-11-30 1300 R8CT             599 17    K5TU             599  04      0
QSO:   14015 CW 2025-11-30 1300 R8CT             599 17    M0CVO            599  14      0
QSO:   14015 CW 2025-11-30 1302 R8CT             599 17    HG5O             599  15      0
QSO:   14015 CW 2025-11-30 1302 R8CT             599 17    S57KM            599  15      0
QSO:   14015 CW 2025-11-30 1302 R8CT             599 17    SM0D             599  14      0
QSO:   14015 CW 2025-11-30 1303 R8CT             599 17    N1KW             599  04      0
QSO:   14015 CW 2025-11-30 1303 R8CT             599 17    R1QF             599  16      0
QSO:   14016 CW 2025-11-30 1304 R8CT             599 17    ZF5T             599  08      0
QSO:   14015 CW 2025-11-30 1305 R8CT             599 17    N3HMM            599  05      0
QSO:   21041 CW 2025-11-30 1308 R8CT             599 17    CR6K             599  14      0
QSO:   21030 CW 2025-11-30 1309 R8CT             599 17    IO4X             599  15      0
QSO:   21049 CW 2025-11-30 1311 R8CT             599 17    LA8HGA           599  14      0
QSO:   21031 CW 2025-11-30 1311 R8CT             599 17    TM2Y             599  14      0
QSO:   21051 CW 2025-11-30 1317 R8CT             599 17    HQ9X             599  07      0
QSO:    7002 CW 2025-11-30 1318 R8CT             599 17    VK9DX            599  32      1
QSO:    7023 CW 2025-11-30 1319 R8CT             599 17    R4MA             599  16      1
QSO:    7023 CW 2025-11-30 1320 R8CT             599 17    R9FE             599  17      1
QSO:    7023 CW 2025-11-30 1321 R8CT             599 17    BD5II            599  24      1
QSO:    7023 CW 2025-11-30 1322 R8CT             599 17    RN4SC            599  16      1
QSO:    7023 CW 2025-11-30 1323 R8CT             599 17    UA0UV            599  18      1
QSO:   14016 CW 2025-11-30 1538 R8CT             599 17    IO0A             599  15      0
QSO:   14062 CW 2025-11-30 1539 R8CT             599 17    CQ9A             599  33      0
QSO:   14042 CW 2025-11-30 1539 R8CT             599 17    OK7O             599  15      0
QSO:   14040 CW 2025-11-30 1540 R8CT             599 17    DL0WH            599  14      0
QSO:   14024 CW 2025-11-30 1540 R8CT             599 17    OK5WA            599  15      0
QSO:   14023 CW 2025-11-30 1541 R8CT             599 17    SN2B             599  15      0
QSO:   14038 CW 2025-11-30 1542 R8CT             599 17    S54O             599  15      0
QSO:    7013 CW 2025-11-30 1546 R8CT             599 17    SE4E             599  14      0
QSO:    7010 CW 2025-11-30 1546 R8CT             599 17    RG2A             599  16      0
QSO:    7000 CW 2025-11-30 1547 R8CT             599 17    YT5W             599  15      0
QSO:    7032 CW 2025-11-30 1548 R8CT             599 17    JA6GCE           599  25      0
QSO:    7008 CW 2025-11-30 1549 R8CT             599 17    UN4Q             599  17      0
QSO:    7020 CW 2025-11-30 1550 R8CT             599 17    B4T              599  24      0
QSO:    7023 CW 2025-11-30 1550 R8CT             599 17    HA8IB            599  15      0
QSO:    7021 CW 2025-11-30 1552 R8CT             599 17    HA8IH            599  15      0
QSO:    7031 CW 2025-11-30 1552 R8CT             599 17    HA7A             599  15      0
QSO:    7023 CW 2025-11-30 1555 R8CT             599 17    YT3D             599  15      0
QSO:    7033 CW 2025-11-30 1556 R8CT             599 17    E2A              599  26      0
QSO:    7010 CW 2025-11-30 1557 R8CT             599 17    E74BQ            599  15      0
QSO:    7016 CW 2025-11-30 1557 R8CT             599 17    9A4V             599  15      0
QSO:    7007 CW 2025-11-30 1558 R8CT             599 17    BG0DLA           599  23      0
QSO:    7004 CW 2025-11-30 1558 R8CT             599 17    R7NW             599  16      0
QSO:    7032 CW 2025-11-30 1559 R8CT             599 17    DF0HQ            599  14      0
QSO:    7011 CW 2025-11-30 1601 R8CT             599 17    G3V              599  14      0
QSO:    7030 CW 2025-11-30 1601 R8CT             599 17    SM2U             599  14      0
QSO:    7046 CW 2025-11-30 1602 R8CT             599 17    BY5EA            599  24      0
QSO:    7027 CW 2025-11-30 1603 R8CT             599 17    T88AR            599  27      0
QSO:    7024 CW 2025-11-30 1603 R8CT             599 17    JE4YMO           599  25      0
QSO:    7010 CW 2025-11-30 1609 R8CT             599 17    BY4JN            599  24      0
QSO:    7030 CW 2025-11-30 1610 R8CT             599 17    BD3TE            599  24      0
QSO:    7048 CW 2025-11-30 1610 R8CT             599 17    UN3J             599  17      0
QSO:    7003 CW 2025-11-30 1611 R8CT             599 17    3W9T             599  26      0
QSO:    7006 CW 2025-11-30 1624 R8CT             599 17    P3AA             599  20      0
QSO:    7015 CW 2025-11-30 1625 R8CT             599 17    HA8TA            599  15      0
QSO:    7046 CW 2025-11-30 1626 R8CT             599 17    DP9A             599  14      0
QSO:    7029 CW 2025-11-30 1627 R8CT             599 17    SP5CNA           599  15      0
QSO:    7031 CW 2025-11-30 1627 R8CT             599 17    OK1KKI           599  15      0
QSO:    7030 CW 2025-11-30 1628 R8CT             599 17    OL3A             599  15      0
QSO:    7025 CW 2025-11-30 1628 R8CT             599 17    RU5A             599  16      0
QSO:    7033 CW 2025-11-30 1629 R8CT             599 17    SN2B             599  15      0
QSO:    7028 CW 2025-11-30 1629 R8CT             599 17    OM0EE            599  15      0
QSO:    7022 CW 2025-11-30 1630 R8CT             599 17    YT1FZ            599  15      0
QSO:    7006 CW 2025-11-30 1630 R8CT             599 17    YT7A             599  15      0
QSO:    7047 CW 2025-11-30 1631 R8CT             599 17    Z35M             599  15      0
QSO:    7016 CW 2025-11-30 1631 R8CT             599 17    LZ6F             599  20      0
QSO:    7037 CW 2025-11-30 1636 R8CT             599 17    ZL7IO            599  32      0
QSO:    3526 CW 2025-11-30 1639 R8CT             599 17    EX9A             599  17      1
QSO:    7031 CW 2025-11-30 1640 R8CT             599 17    SM6LJU           599  14      0
QSO:    7069 CW 2025-11-30 1702 R8CT             599 17    9H6A             599  15      0
QSO:    7019 CW 2025-11-30 1706 R8CT             599 17    VK1A             599  30      0
QSO:    3504 CW 2025-11-30 1710 R8CT             599 17    3W9T             599  26      1
QSO:    7000 CW 2025-11-30 1711 R8CT             599 17    BA8BA            599  24      0
QSO:    1815 CW 2025-11-30 1713 R8CT             599 17    EX9A             599  17      1
QSO:    7048 CW 2025-11-30 1717 R8CT             599 17    JR4OZR           599  25      0
QSO:    7042 CW 2025-11-30 1719 R8CT             599 17    SP9UFT           599  15      0
QSO:    7036 CW 2025-11-30 1720 R8CT             599 17    CN3A             599  33      0
QSO:    7025 CW 2025-11-30 1720 R8CT             599 17    DL7JOM           599  14      0
QSO:    7013 CW 2025-11-30 1726 R8CT             599 17    ZM3A             599  32      0
QSO:    7060 CW 2025-11-30 1727 R8CT             599 17    XW4KV            599  26      0
QSO:    3541 CW 2025-11-30 1808 R8CT             599 17    9M6NA            599  28      1
QSO:    3520 CW 2025-11-30 1811 R8CT             599 17    XU7RRC           599  26      1
QSO:    3501 CW 2025-11-30 1814 R8CT             599 17    VL2G             599  30      1
QSO:    7061 CW 2025-11-30 1820 R8CT             599 17    YO3GEK           599  20      0
QSO:    7024 CW 2025-11-30 1821 R8CT             599 17    HG5A             599  15      0
QSO:    7010 CW 2025-11-30 1821 R8CT             599 17    9A7RR            599  15      0
QSO:    7025 CW 2025-11-30 1822 R8CT             599 17    OM4Q             599  15      0
QSO:    7026 CW 2025-11-30 1837 R8CT             599 17    LZ3QE            599  20      0
QSO:    7060 CW 2025-11-30 1837 R8CT             599 17    P3CR             599  20      0
QSO:    7021 CW 2025-11-30 1838 R8CT             599 17    RT6A             599  16      0
QSO:    7054 CW 2025-11-30 1839 R8CT             599 17    IQ6JU            599  15      0
QSO:    7020 CW 2025-11-30 1843 R8CT             599 17    HA2VH            599  15      0
QSO:    7003 CW 2025-11-30 1844 R8CT             599 17    OL7D             599  15      0
QSO:    1821 CW 2025-11-30 1845 R8CT             599 17    OH0V             599  15      1
QSO:    7035 CW 2025-11-30 1848 R8CT             599 17    RD4A             599  16      0
QSO:    7049 CW 2025-11-30 1848 R8CT             599 17    JR2GRX           599  25      0
QSO:    7050 CW 2025-11-30 1849 R8CT             599 17    DD2D             599  14      0
QSO:    7002 CW 2025-11-30 1849 R8CT             599 17    9A4M             599  15      0
QSO:    7051 CW 2025-11-30 1849 R8CT             599 17    OF9X             599  15      0
QSO:    7055 CW 2025-11-30 1851 R8CT             599 17    IP2A             599  15      0
QSO:    7031 CW 2025-11-30 1851 R8CT             599 17    EA3AR            599  14      0
QSO:    7036 CW 2025-11-30 1851 R8CT             599 17    YO4NF            599  20      0
QSO:    7015 CW 2025-11-30 1852 R8CT             599 17    RU1A             599  16      0
QSO:    7002 CW 2025-11-30 1854 R8CT             599 17    OM5DX            599  15      0
QSO:    7014 CW 2025-11-30 1855 R8CT             599 17    M6N              599  14      0
QSO:    7025 CW 2025-11-30 1855 R8CT             599 17    RM4F             599  16      0
QSO:    7026 CW 2025-11-30 1856 R8CT             599 17    YT7X             599  15      0
QSO:    7068 CW 2025-11-30 1856 R8CT             599 17    BD1IIJ           599  24      0
QSO:    7012 CW 2025-11-30 1857 R8CT             599 17    LZ5M             599  20      0
QSO:    7015 CW 2025-11-30 1859 R8CT             599 17    IO4X             599  15      0
QSO:    7015 CW 2025-11-30 1859 R8CT             599 17    UW1G             599  16      0
QSO:    7015 CW 2025-11-30 1901 R8CT             599 17    DJ7YP            599  14      0
QSO:    7015 CW 2025-11-30 1901 R8CT             599 17    DK9PY            599  14      0
QSO:    7015 CW 2025-11-30 1902 R8CT             599 17    UA1ANA           599  16      0
QSO:    7015 CW 2025-11-30 1902 R8CT             599 17    S53M             599  15      0
QSO:    7015 CW 2025-11-30 1903 R8CT             599 17    OK1MDK           599  15      0
QSO:    7015 CW 2025-11-30 1904 R8CT             599 17    YP2R             599  20      0
QSO:    7015 CW 2025-11-30 1905 R8CT             599 17    EU2F             599  16      0
QSO:    7015 CW 2025-11-30 1907 R8CT             599 17    BD4SDX           599  24      0
QSO:    7015 CW 2025-11-30 1910 R8CT             599 17    YU7EE            599  15      0
QSO:    7015 CW 2025-11-30 1912 R8CT             599 17    SK0QO            599  14      0
QSO:    7053 CW 2025-11-30 1936 R8CT             599 17    OY1CT            599  14      0
QSO:    7056 CW 2025-11-30 1937 R8CT             599 17    YT9X             599  15      0
QSO:    7008 CW 2025-11-30 1938 R8CT             599 17    IK3SSO           599  15      0
QSO:    7006 CW 2025-11-30 1939 R8CT             599 17    SP1NY            599  15      0
QSO:    7011 CW 2025-11-30 1940 R8CT             599 17    OH7K             599  15      0
QSO:    7011 CW 2025-11-30 1941 R8CT             599 17    DJ0MDR           599  14      0
QSO:    7008 CW 2025-11-30 1941 R8CT             599 17    OL3Z             599  15      0
QSO:    1831 CW 2025-11-30 1942 R8CT             599 17    BG0DLA           599  23      1
QSO:    1814 CW 2025-11-30 1943 R8CT             599 17    A71WW            599  21      1
QSO:    1827 CW 2025-11-30 1946 R8CT             599 17    RL3A             599  16      1
QSO:    1827 CW 2025-11-30 1946 R8CT             599 17    YU1A             599  15      1
QSO:    1827 CW 2025-11-30 1949 R8CT             599 17    SK3W             599  14      1
QSO:    1827 CW 2025-11-30 1949 R8CT             599 17    DK3WW            599  14      1
QSO:    1827 CW 2025-11-30 1951 R8CT             599 17    HA8WY            599  15      1
QSO:    1827 CW 2025-11-30 1952 R8CT             599 17    UN7EG            599  17      1
QSO:    1833 CW 2025-11-30 1953 R8CT             599 17    EF6T             599  14      1
QSO:    1827 CW 2025-11-30 1956 R8CT             599 17    YO7CKQ           599  20      1
QSO:    1827 CW 2025-11-30 1957 R8CT             599 17    IV3PRK           599  15      1
QSO:    1827 CW 2025-11-30 1958 R8CT             599 17    JA3YBK           599  25      1
QSO:    3538 CW 2025-11-30 2002 R8CT             599 17    DJ3HW            599  14      0
QSO:    3538 CW 2025-11-30 2002 R8CT             599 17    UW5Y             599  16      0
QSO:    3538 CW 2025-11-30 2003 R8CT             599 17    HG6N             599  15      0
QSO:    3538 CW 2025-11-30 2003 R8CT             599 17    OK1USP           599  15      0
QSO:    3538 CW 2025-11-30 2004 R8CT             599 17    DL6NBC           599  14      0
QSO:    3538 CW 2025-11-30 2005 R8CT             599 17    PA2S             599  14      0
QSO:    3538 CW 2025-11-30 2006 R8CT             599 17    JH4UTP           599  25      0
QSO:    3538 CW 2025-11-30 2007 R8CT             599 17    PA6AA            599  14      0
QSO:    3538 CW 2025-11-30 2007 R8CT             599 17    LA6IHA           599  14      0
QSO:    3538 CW 2025-11-30 2009 R8CT             599 17    RA0LMK           599  19      0
QSO:    3538 CW 2025-11-30 2009 R8CT             599 17    JI7GBI           599  25      0
QSO:    3538 CW 2025-11-30 2010 R8CT             599 17    JR2PMT           599  25      0
QSO:    3538 CW 2025-11-30 2010 R8CT             599 17    DF2AJ            599  14      0
QSO:    1821 CW 2025-11-30 2013 R8CT             599 17    R2FK             599  15      1
QSO:    3522 CW 2025-11-30 2016 R8CT             599 17    SP4AWE           599  15      0
QSO:    3522 CW 2025-11-30 2018 R8CT             599 17    RQ9F             599  17      0
QSO:    3522 CW 2025-11-30 2018 R8CT             599 17    SP9GFI           599  15      0
QSO:    3522 CW 2025-11-30 2018 R8CT             599 17    YO4NF            599  20      0
QSO:    1835 CW 2025-11-30 2027 R8CT             599 17    G6PZ             599  14      1
QSO:    3524 CW 2025-11-30 2029 R8CT             599 17    UA3MIF           599  16      0
QSO:    3524 CW 2025-11-30 2030 R8CT             599 17    RN4SS            599  16      0
QSO:    3524 CW 2025-11-30 2031 R8CT             599 17    JI1RXQ           599  25      0
QSO:    3524 CW 2025-11-30 2032 R8CT             599 17    OL4W             599  15      0
QSO:    3507 CW 2025-11-30 2035 R8CT             599 17    HL5FEI           599  25      0
QSO:    3538 CW 2025-11-30 2044 R8CT             599 17    IK3SSO           599  15      0
QSO:    3503 CW 2025-11-30 2044 R8CT             599 17    OZ5E             599  14      0
QSO:    3550 CW 2025-11-30 2045 R8CT             599 17    SP1D             599  15      0
QSO:    3505 CW 2025-11-30 2045 R8CT             599 17    HB9DCM           599  14      0
QSO:    3505 CW 2025-11-30 2046 R8CT             599 17    DL1NKS           599  14      0
QSO:    3554 CW 2025-11-30 2047 R8CT             599 17    ED1R             599  14      0
QSO:    3528 CW 2025-11-30 2049 R8CT             599 17    SM5ACQ           599  14      0
QSO:    3508 CW 2025-11-30 2050 R8CT             599 17    M5A              599  14      0
QSO:    3536 CW 2025-11-30 2051 R8CT             599 17    DR7X             599  14      0
QSO:    3537 CW 2025-11-30 2052 R8CT             599 17    DG5CST           599  14      0
QSO:    3538 CW 2025-11-30 2052 R8CT             599 17    HA1NB            599  15      0
QSO:    3526 CW 2025-11-30 2053 R8CT             599 17    YO8DOH           599  20      0
QSO:    3507 CW 2025-11-30 2053 R8CT             599 17    SM0D             599  14      0
QSO:    3534 CW 2025-11-30 2054 R8CT             599 17    RU4PU            599  16      0
QSO:    3560 CW 2025-11-30 2055 R8CT             599 17    SP6PRT           599  15      0
QSO:    3557 CW 2025-11-30 2055 R8CT             599 17    SQ8LUU           599  15      0
QSO:    3520 CW 2025-11-30 2056 R8CT             599 17    SP6GCU           599  15      0
QSO:    3545 CW 2025-11-30 2058 R8CT             599 17    OH7K             599  15      0
QSO:    3533 CW 2025-11-30 2059 R8CT             599 17    YO4AAC           599  20      0
QSO:    3529 CW 2025-11-30 2101 R8CT             599 17    LA0GE            599  14      0
QSO:    3562 CW 2025-11-30 2102 R8CT             599 17    EW3LN            599  16      0
QSO:    3564 CW 2025-11-30 2103 R8CT             599 17    PA0O             599  14      0
QSO:    3520 CW 2025-11-30 2103 R8CT             599 17    DK1NO            599  14      0
QSO:    3512 CW 2025-11-30 2104 R8CT             599 17    DL0WH            599  14      0
QSO:    3552 CW 2025-11-30 2106 R8CT             599 17    HA5MIG           599  15      0
QSO:    3529 CW 2025-11-30 2118 R8CT             599 17    YU5R             599  15      0
QSO:    3513 CW 2025-11-30 2118 R8CT             599 17    M4T              599  14      0
QSO:    3534 CW 2025-11-30 2119 R8CT             599 17    ON5WL            599  14      0
QSO:    3568 CW 2025-11-30 2120 R8CT             599 17    T70A             599  15      0
QSO:    3502 CW 2025-11-30 2122 R8CT             599 17    S53R             599  15      0
QSO:    3549 CW 2025-11-30 2122 R8CT             599 17    DL3AZ            599  14      0
QSO:    3516 CW 2025-11-30 2125 R8CT             599 17    DL1YEG           599  14      0
QSO:    3516 CW 2025-11-30 2125 R8CT             599 17    SM3V             599  14      0
QSO:    3516 CW 2025-11-30 2125 R8CT             599 17    OH1LA            599  15      0
QSO:    3516 CW 2025-11-30 2126 R8CT             599 17    SP3CW            599  15      0
QSO:    3516 CW 2025-11-30 2126 R8CT             599 17    RA9AMC           599  17      0
QSO:    3516 CW 2025-11-30 2127 R8CT             599 17    JH2FXK           599  25      0
QSO:    3516 CW 2025-11-30 2127 R8CT             599 17    RM2U             599  16      0
QSO:    3516 CW 2025-11-30 2128 R8CT             599 17    DL5XJ            599  14      0
QSO:    3516 CW 2025-11-30 2128 R8CT             599 17    UW1G             599  16      0
QSO:    3516 CW 2025-11-30 2129 R8CT             599 17    YT7X             599  15      0
QSO:    3516 CW 2025-11-30 2129 R8CT             599 17    9A7A             599  15      0
QSO:    3516 CW 2025-11-30 2130 R8CT             599 17    DL6WT            599  14      0
QSO:    7071 CW 2025-11-30 2133 R8CT             599 17    TF3SG            599  40      1
QSO:    3515 CW 2025-11-30 2134 R8CT             599 17    F6EZV            599  14      0
QSO:    3515 CW 2025-11-30 2135 R8CT             599 17    DM2M             599  14      0
QSO:    3515 CW 2025-11-30 2135 R8CT             599 17    R4RT             599  16      0
QSO:    3515 CW 2025-11-30 2136 R8CT             599 17    B4S              599  24      0
QSO:    3515 CW 2025-11-30 2137 R8CT             599 17    IK2XDE           599  15      0
QSO:    3515 CW 2025-11-30 2138 R8CT             599 17    YO8SXX           599  20      0
QSO:    3515 CW 2025-11-30 2138 R8CT             599 17    B4T              599  24      0
QSO:    3515 CW 2025-11-30 2139 R8CT             599 17    OK5WA            599  15      0
QSO:    3515 CW 2025-11-30 2140 R8CT             599 17    SC6O             599  14      0
QSO:    3515 CW 2025-11-30 2141 R8CT             599 17    DL1NEO           599  14      0
QSO:    3515 CW 2025-11-30 2141 R8CT             599 17    G4CDN            599  14      0
QSO:    3515 CW 2025-11-30 2144 R8CT             599 17    DL1ASA           599  14      0
QSO:    3515 CW 2025-11-30 2144 R8CT             599 17    G6A              599  14      0
QSO:    3515 CW 2025-11-30 2145 R8CT             599 17    LC7X             599  14      0
QSO:    3515 CW 2025-11-30 2145 R8CT             599 17    DD2D             599  14      0
QSO:    3515 CW 2025-11-30 2145 R8CT             599 17    S56C             599  15      0
QSO:    3515 CW 2025-11-30 2146 R8CT             599 17    JA7CDV           599  25      0
QSO:    3515 CW 2025-11-30 2147 R8CT             599 17    RU4PN            599  16      0
QSO:    3515 CW 2025-11-30 2147 R8CT             599 17    JF3LOP           599  25      0
QSO:    3515 CW 2025-11-30 2148 R8CT             599 17    DJ1XT            599  14      0
QSO:    3515 CW 2025-11-30 2148 R8CT             599 17    S51MM            599  15      0
QSO:    3515 CW 2025-11-30 2149 R8CT             599 17    EI2GLB           599  14      0
QSO:    3515 CW 2025-11-30 2150 R8CT             599 17    PA8KW            599  14      0
QSO:    3515 CW 2025-11-30 2151 R8CT             599 17    BD4SDX           599  24      0
QSO:    3515 CW 2025-11-30 2151 R8CT             599 17    DL4KUG           599  14      0
QSO:    3515 CW 2025-11-30 2151 R8CT             599 17    DK3GI            599  14      0
QSO:    3515 CW 2025-11-30 2152 R8CT             599 17    SE5B             599  14      0
QSO:    3515 CW 2025-11-30 2153 R8CT             599 17    JE2LPC           599  25      0
QSO:    3515 CW 2025-11-30 2153 R8CT             599 17    DK1TW            599  14      0
QSO:    3515 CW 2025-11-30 2153 R8CT             599 17    SN7Q             599  15      0
QSO:    3515 CW 2025-11-30 2154 R8CT             599 17    IU8RIA           599  15      0
QSO:    3515 CW 2025-11-30 2157 R8CT             599 17    JA0DIT           599  25      0
QSO:    3515 CW 2025-11-30 2158 R8CT             599 17    F5OWL            599  14      0
QSO:    3515 CW 2025-11-30 2158 R8CT             599 17    HG8R             599  15      0
QSO:    3515 CW 2025-11-30 2159 R8CT             599 17    UP5B             599  17      0
QSO:    3515 CW 2025-11-30 2159 R8CT             599 17    DJ2TG            599  14      0
QSO:    3515 CW 2025-11-30 2200 R8CT             599 17    JA8DNV           599  25      0
QSO:    3515 CW 2025-11-30 2201 R8CT             599 17    SV5DZR           599  20      0
QSO:    3515 CW 2025-11-30 2202 R8CT             599 17    SK0QO            599  14      0
QSO:    3515 CW 2025-11-30 2202 R8CT             599 17    TM1W             599  14      0
QSO:    3515 CW 2025-11-30 2202 R8CT             599 17    DL4ME            599  14      0
QSO:    3515 CW 2025-11-30 2205 R8CT             599 17    DJ4CW            599  14      0
QSO:    3515 CW 2025-11-30 2205 R8CT             599 17    UY2UZ            599  16      0
QSO:    3515 CW 2025-11-30 2206 R8CT             599 17    YO3GNF           599  20      0
QSO:    3515 CW 2025-11-30 2206 R8CT             599 17    RA3DNC           599  16      0
QSO:    3540 CW 2025-11-30 2214 R8CT             599 17    V85RH            599  28      0
QSO:    1811 CW 2025-11-30 2218 R8CT             599 17    4O3A             599  15      1
QSO:    3500 CW 2025-11-30 2221 R8CT             599 17    EY2Z             599  17      0
QSO:    1838 CW 2025-11-30 2224 R8CT             599 17    SZ1A             599  20      1
QSO:    1821 CW 2025-11-30 2225 R8CT             599 17    T70A             599  15      1
QSO:    3537 CW 2025-11-30 2228 R8CT             599 17    HB0DX            599  14      0
END-OF-LOG:
