START-OF-LOG: 3.0
CONTEST: CQ-WW-CW
CALLSIGN: SQ9KDT
LOCATION: DX
CATEGORY-OPERATOR: SINGLE-OP
CATEGORY-ASSISTED: NON-ASSISTED
CATEGORY-BAND: ALL
CATEGORY-POWER: HIGH
CATEGORY-MODE: CW
CATEGORY-TRANSMITTER: ONE
CATEGORY-STATION: FIXED
CATEGORY-OVERLAY: CLASSIC
GRID-LOCATOR: KO00AE
CLAIMED-SCORE: 987002
NAME: Mariusz
OPERATORS: SQ9KDT
CLUB: SP9KAO
CREATED-BY: N1MM Logger+ 1.0.11031.0
QSO:    1831 CW 2025-11-29 0148 SQ9KDT           599 15    S56C             599  15       
QSO:    1830 CW 2025-11-29 0150 SQ9KDT           599 15    HG6N             599  15       
QSO:    1830 CW 2025-11-29 0150 SQ9KDT           599 15    SM2U             599  14       
QSO:    1830 CW 2025-11-29 0151 SQ9KDT           599 15    OH5Z             599  15       
QSO:    1830 CW 2025-11-29 0152 SQ9KDT           599 15    S51RW            599  15       
QSO:    1830 CW 2025-11-29 0153 SQ9KDT           599 15    HA7I             599  15       
QSO:    1830 CW 2025-11-29 0154 SQ9KDT           599 15    TK0C             599  15       
QSO:    1830 CW 2025-11-29 0154 SQ9KDT           599 15    DL8WEM           599  14       
QSO:    1830 CW 2025-11-29 0155 SQ9KDT           599 15    DL4AMK           599  14       
QSO:    1830 CW 2025-11-29 0155 SQ9KDT           599 15    DA0T             599  14       
QSO:    1830 CW 2025-11-29 0156 SQ9KDT           599 15    OK2CDR           599  15       
QSO:    1830 CW 2025-11-29 0156 SQ9KDT           599 15    8S0DX            599  14       
QSO:    1830 CW 2025-11-29 0158 SQ9KDT           599 15    DJ2XY            599  14       
QSO:    1830 CW 2025-11-29 0158 SQ9KDT           599 15    OK2MBP           599  15       
QSO:    1830 CW 2025-11-29 0159 SQ9KDT           599 15    DP9A             599  14       
QSO:    1830 CW 2025-11-29 0200 SQ9KDT           599 15    S58W             599  15       
QSO:    1830 CW 2025-11-29 0200 SQ9KDT           599 15    DK3YD            599  14       
QSO:    1830 CW 2025-11-29 0201 SQ9KDT           599 15    UR5FEO           599  16       
QSO:    1830 CW 2025-11-29 0201 SQ9KDT           599 15    9A2NO            599  15       
QSO:    1830 CW 2025-11-29 0202 SQ9KDT           599 15    EU6AX            599  16       
QSO:    1830 CW 2025-11-29 0203 SQ9KDT           599 15    DM2M             599  14       
QSO:    1830 CW 2025-11-29 0204 SQ9KDT           599 15    YL7VR            599  15       
QSO:    1830 CW 2025-11-29 0205 SQ9KDT           599 15    S51W             599  15       
QSO:    1830 CW 2025-11-29 0206 SQ9KDT           599 15    YU7KW            599  15       
QSO:    1830 CW 2025-11-29 0206 SQ9KDT           599 15    HA8TKS           599  15       
QSO:    1830 CW 2025-11-29 0207 SQ9KDT           599 15    DL6RDR           599  14       
QSO:    1830 CW 2025-11-29 0207 SQ9KDT           599 15    OL1A             599  15       
QSO:    1830 CW 2025-11-29 0208 SQ9KDT           599 15    OP3T             599  14       
QSO:    1830 CW 2025-11-29 0209 SQ9KDT           599 15    DF7EE            599  14       
QSO:    1830 CW 2025-11-29 0209 SQ9KDT           599 15    LZ9R             599  20       
QSO:    1830 CW 2025-11-29 0210 SQ9KDT           599 15    UW3WF            599  16       
QSO:    1830 CW 2025-11-29 0210 SQ9KDT           599 15    HB9TWM           599  14       
QSO:    1830 CW 2025-11-29 0213 SQ9KDT           599 15    YO9HP            599  20       
QSO:    1830 CW 2025-11-29 0215 SQ9KDT           599 15    UA6EX            599  16       
QSO:    1830 CW 2025-11-29 0216 SQ9KDT           599 15    IK2ULV           599  15       
QSO:    1830 CW 2025-11-29 0216 SQ9KDT           599 15    M4J              599  14       
QSO:    1830 CW 2025-11-29 0217 SQ9KDT           599 15    OM5CM            599  15       
QSO:    1830 CW 2025-11-29 0218 SQ9KDT           599 15    UT1KY            599  16       
QSO:    1830 CW 2025-11-29 0219 SQ9KDT           599 15    DK3UW            599  14       
QSO:    1830 CW 2025-11-29 0220 SQ9KDT           599 15    DL1ABR           599  14       
QSO:    1830 CW 2025-11-29 0220 SQ9KDT           599 15    HG1R             599  15       
QSO:    1830 CW 2025-11-29 0222 SQ9KDT           599 15    E73T             599  15       
QSO:    1830 CW 2025-11-29 0224 SQ9KDT           599 15    S57NAW           599  15       
QSO:    1830 CW 2025-11-29 0225 SQ9KDT           599 15    OZ4MM            599  14       
QSO:    1830 CW 2025-11-29 0225 SQ9KDT           599 15    IB9T             599  15       
QSO:    1830 CW 2025-11-29 0226 SQ9KDT           599 15    OH7K             599  15       
QSO:    1830 CW 2025-11-29 0229 SQ9KDT           599 15    YU1LD            599  15       
QSO:    1830 CW 2025-11-29 0230 SQ9KDT           599 15    IK2LFF           599  15       
QSO:    1830 CW 2025-11-29 0231 SQ9KDT           599 15    DL2W             599  14       
QSO:    1830 CW 2025-11-29 0232 SQ9KDT           599 15    DJ1SL            599  14       
QSO:    1830 CW 2025-11-29 0232 SQ9KDT           599 15    UW5ZO            599  16       
QSO:    1830 CW 2025-11-29 0232 SQ9KDT           599 15    S53O             599  15       
QSO:    1830 CW 2025-11-29 0241 SQ9KDT           599 15    RM1Q             599  16       
QSO:    1830 CW 2025-11-29 0242 SQ9KDT           599 15    HA2RQ            599  15       
QSO:    1830 CW 2025-11-29 0242 SQ9KDT           599 15    EW1SK            599  16       
QSO:    1830 CW 2025-11-29 0243 SQ9KDT           599 15    OK1MNW           599  15       
QSO:    1830 CW 2025-11-29 0244 SQ9KDT           599 15    LZ2FU            599  20       
QSO:    1830 CW 2025-11-29 0244 SQ9KDT           599 15    OK5ET            599  15       
QSO:    1830 CW 2025-11-29 0245 SQ9KDT           599 15    DL6ON            599  14       
QSO:    1830 CW 2025-11-29 0245 SQ9KDT           599 15    HF1K             599  15       
QSO:    1830 CW 2025-11-29 0247 SQ9KDT           599 15    OL3A             599  15       
QSO:    1830 CW 2025-11-29 0249 SQ9KDT           599 15    UZ3U             599  16       
QSO:    1830 CW 2025-11-29 0250 SQ9KDT           599 15    LZ6E             599  20       
QSO:    1830 CW 2025-11-29 0251 SQ9KDT           599 15    9A1A             599  15       
QSO:    1830 CW 2025-11-29 0251 SQ9KDT           599 15    LY5I             599  15       
QSO:    1830 CW 2025-11-29 0252 SQ9KDT           599 15    LY0UKR           599  15       
QSO:    1830 CW 2025-11-29 0252 SQ9KDT           599 15    OZ5E             599  14       
QSO:    1830 CW 2025-11-29 0253 SQ9KDT           599 15    YL5T             599  15       
QSO:    1830 CW 2025-11-29 0254 SQ9KDT           599 15    UT8ER            599  16       
QSO:    1830 CW 2025-11-29 0255 SQ9KDT           599 15    DK1TW            599  14       
QSO:    1830 CW 2025-11-29 0256 SQ9KDT           599 15    EW2ES            599  16       
QSO:    1830 CW 2025-11-29 0256 SQ9KDT           599 15    UT3SO            599  16       
QSO:    1830 CW 2025-11-29 0258 SQ9KDT           599 15    OL3M             599  15       
QSO:    1830 CW 2025-11-29 0259 SQ9KDT           599 15    YO5ODL           599  20       
QSO:    1830 CW 2025-11-29 0302 SQ9KDT           599 15    3V8LL            599  33       
QSO:    1830 CW 2025-11-29 0303 SQ9KDT           599 15    DR4KUG           599  14       
QSO:    1830 CW 2025-11-29 0304 SQ9KDT           599 15    SM3PZG           599  14       
QSO:    1830 CW 2025-11-29 0306 SQ9KDT           599 15    LZ8E             599  20       
QSO:    1830 CW 2025-11-29 0306 SQ9KDT           599 15    OM3CPF           599  15       
QSO:    1830 CW 2025-11-29 0307 SQ9KDT           599 15    EW2A             599  16       
QSO:    1830 CW 2025-11-29 0307 SQ9KDT           599 15    SF5O             599  14       
QSO:    1830 CW 2025-11-29 0308 SQ9KDT           599 15    DL0WH            599  14       
QSO:    1830 CW 2025-11-29 0309 SQ9KDT           599 15    OK2BMU           599  15       
QSO:    1830 CW 2025-11-29 0311 SQ9KDT           599 15    RN3BL            599  16       
QSO:    1830 CW 2025-11-29 0313 SQ9KDT           599 15    RT6A             599  16       
QSO:    1830 CW 2025-11-29 0314 SQ9KDT           599 15    DL1NKS           599  14       
QSO:    1830 CW 2025-11-29 0315 SQ9KDT           599 15    R3OQ             599  16       
QSO:    1830 CW 2025-11-29 0315 SQ9KDT           599 15    SE6K             599  14       
QSO:    1830 CW 2025-11-29 0316 SQ9KDT           599 15    US6EX            599  16       
QSO:    1830 CW 2025-11-29 0317 SQ9KDT           599 15    HA3DX            599  15       
QSO:    1830 CW 2025-11-29 0317 SQ9KDT           599 15    9A7A             599  15       
QSO:    1830 CW 2025-11-29 0319 SQ9KDT           599 15    DP7D             599  14       
QSO:    1830 CW 2025-11-29 0320 SQ9KDT           599 15    UA4M             599  16       
QSO:    1830 CW 2025-11-29 0323 SQ9KDT           599 15    M0RYB            599  14       
QSO:    1830 CW 2025-11-29 0324 SQ9KDT           599 15    OL6B             599  15       
QSO:    1830 CW 2025-11-29 0328 SQ9KDT           599 15    DL0NG            599  14       
QSO:    1830 CW 2025-11-29 0328 SQ9KDT           599 15    ES9C             599  15       
QSO:    1830 CW 2025-11-29 0329 SQ9KDT           599 15    SP4T             599  15       
QSO:    1830 CW 2025-11-29 0333 SQ9KDT           599 15    DK3WW            599  14       
QSO:    1830 CW 2025-11-29 0333 SQ9KDT           599 15    DL0FTL           599  14       
QSO:    1830 CW 2025-11-29 0335 SQ9KDT           599 15    HA8A             599  15       
QSO:    1830 CW 2025-11-29 0336 SQ9KDT           599 15    E74C             599  15       
QSO:    1830 CW 2025-11-29 0336 SQ9KDT           599 15    F6EZV            599  14       
QSO:    1830 CW 2025-11-29 0339 SQ9KDT           599 15    DM3M             599  14       
QSO:    1830 CW 2025-11-29 0340 SQ9KDT           599 15    YL2GD            599  15       
QSO:    1830 CW 2025-11-29 0341 SQ9KDT           599 15    LY2NK            599  15       
QSO:    1830 CW 2025-11-29 0342 SQ9KDT           599 15    LY5G             599  15       
QSO:    1830 CW 2025-11-29 0344 SQ9KDT           599 15    S57KM            599  15       
QSO:    1830 CW 2025-11-29 0345 SQ9KDT           599 15    DM7C             599  14       
QSO:    1830 CW 2025-11-29 0345 SQ9KDT           599 15    DK8ZT            599  14       
QSO:    1830 CW 2025-11-29 0346 SQ9KDT           599 15    OM4DU            599  15       
QSO:    1830 CW 2025-11-29 0348 SQ9KDT           599 15    DP6A             599  14       
QSO:    1830 CW 2025-11-29 0352 SQ9KDT           599 15    DL2025E          599  14       
QSO:    1830 CW 2025-11-29 0352 SQ9KDT           599 15    OM7AG            599  15       
QSO:    1830 CW 2025-11-29 0353 SQ9KDT           599 15    HA8BE            599  15       
QSO:    7039 CW 2025-11-29 0402 SQ9KDT           599 15    W3LPL            599  05       
QSO:    7039 CW 2025-11-29 0403 SQ9KDT           599 15    DK0SV            599  14       
QSO:    7039 CW 2025-11-29 0404 SQ9KDT           599 15    R7OV             599  16       
QSO:    7039 CW 2025-11-29 0404 SQ9KDT           599 15    RK2M             599  16       
QSO:    7039 CW 2025-11-29 0404 SQ9KDT           599 15    PI4CC            599  14       
QSO:    7039 CW 2025-11-29 0405 SQ9KDT           599 15    UA4S             599  16       
QSO:    7039 CW 2025-11-29 0406 SQ9KDT           599 15    DR7X             599  14       
QSO:    7039 CW 2025-11-29 0406 SQ9KDT           599 15    LC2F             599  14       
QSO:    7039 CW 2025-11-29 0406 SQ9KDT           599 15    UR1HR            599  16       
QSO:    7039 CW 2025-11-29 0407 SQ9KDT           599 15    US1VM            599  16       
QSO:    7039 CW 2025-11-29 0407 SQ9KDT           599 15    TK0C             599  15       
QSO:    7039 CW 2025-11-29 0408 SQ9KDT           599 15    UD3B             599  16       
QSO:    7039 CW 2025-11-29 0409 SQ9KDT           599 15    R4RD             599  16       
QSO:    7039 CW 2025-11-29 0410 SQ9KDT           599 15    G3YMC            599  14       
QSO:    7039 CW 2025-11-29 0410 SQ9KDT           599 15    UT4LW            599  16       
QSO:    7039 CW 2025-11-29 0412 SQ9KDT           599 15    UA4WJ            599  16       
QSO:    7039 CW 2025-11-29 0413 SQ9KDT           599 15    HA7I             599  15       
QSO:    7039 CW 2025-11-29 0415 SQ9KDT           599 15    UR6EA            599  16       
QSO:    7039 CW 2025-11-29 0415 SQ9KDT           599 15    YO8BDW           599  20       
QSO:    7039 CW 2025-11-29 0415 SQ9KDT           599 15    M0NMM            599  14       
QSO:    7039 CW 2025-11-29 0416 SQ9KDT           599 15    UT2II            599  16       
QSO:    7039 CW 2025-11-29 0416 SQ9KDT           599 15    NO9E             599  05       
QSO:    7039 CW 2025-11-29 0417 SQ9KDT           599 15    YO3GNF           599  20       
QSO:    7039 CW 2025-11-29 0417 SQ9KDT           599 15    HA0LZ            599  15       
QSO:    7039 CW 2025-11-29 0418 SQ9KDT           599 15    K3LR             599  05       
QSO:    7039 CW 2025-11-29 0419 SQ9KDT           599 15    EW2A             599  16       
QSO:    7039 CW 2025-11-29 0420 SQ9KDT           599 15    EA8BW            599  33       
QSO:    7039 CW 2025-11-29 0422 SQ9KDT           599 15    DJ0SP            599  14       
QSO:    7039 CW 2025-11-29 0422 SQ9KDT           599 15    UN2E             599  17       
QSO:    7039 CW 2025-11-29 0423 SQ9KDT           599 15    R2SL             599  16       
QSO:    7039 CW 2025-11-29 0424 SQ9KDT           599 15    KC1XX            599  05       
QSO:    7039 CW 2025-11-29 0425 SQ9KDT           599 15    IO4X             599  15       
QSO:    7039 CW 2025-11-29 0425 SQ9KDT           599 15    PJ4K             599  09       
QSO:    7039 CW 2025-11-29 0426 SQ9KDT           599 15    YO4AR            599  20       
QSO:    7039 CW 2025-11-29 0426 SQ9KDT           599 15    IQ2ZY            599  15       
QSO:    7039 CW 2025-11-29 0427 SQ9KDT           599 15    US3EW            599  16       
QSO:    7039 CW 2025-11-29 0427 SQ9KDT           599 15    N2TX             599  05       
QSO:    7039 CW 2025-11-29 0429 SQ9KDT           599 15    LZ7DX            599  20       
QSO:    7039 CW 2025-11-29 0429 SQ9KDT           599 15    PA6X             599  14       
QSO:    7039 CW 2025-11-29 0430 SQ9KDT           599 15    DL1EFW           599  14       
QSO:    7039 CW 2025-11-29 0431 SQ9KDT           599 15    UX1VT            599  16       
QSO:    7039 CW 2025-11-29 0431 SQ9KDT           599 15    N4UU             599  05       
QSO:    7039 CW 2025-11-29 0432 SQ9KDT           599 15    RU1A             599  16       
QSO:    7039 CW 2025-11-29 0433 SQ9KDT           599 15    IO6T             599  15       
QSO:    7040 CW 2025-11-29 0439 SQ9KDT           599 15    RO7C             599  16       
QSO:    7040 CW 2025-11-29 0440 SQ9KDT           599 15    G6XX             599  14       
QSO:    7040 CW 2025-11-29 0440 SQ9KDT           599 15    W5HVV            599  05       
QSO:    7040 CW 2025-11-29 0441 SQ9KDT           599 15    G3XUD            599  14       
QSO:    7040 CW 2025-11-29 0441 SQ9KDT           599 15    NX3A             599  05       
QSO:    7040 CW 2025-11-29 0442 SQ9KDT           599 15    EU8T             599  16       
QSO:    7040 CW 2025-11-29 0443 SQ9KDT           599 15    UP5B             599  17       
QSO:    7040 CW 2025-11-29 0445 SQ9KDT           599 15    OZ1AAR           599  14       
QSO:    7040 CW 2025-11-29 0446 SQ9KDT           599 15    RK3LC            599  16       
QSO:    7040 CW 2025-11-29 0447 SQ9KDT           599 15    RT7N             599  16       
QSO:    7040 CW 2025-11-29 0448 SQ9KDT           599 15    MM2T             599  14       
QSO:    7040 CW 2025-11-29 0449 SQ9KDT           599 15    N1TO             599  05       
QSO:    7040 CW 2025-11-29 0449 SQ9KDT           599 15    RL3A             599  16       
QSO:    7040 CW 2025-11-29 0450 SQ9KDT           599 15    M0RYB            599  14       
QSO:    7040 CW 2025-11-29 0451 SQ9KDT           599 15    K8LX             599  04       
QSO:    7040 CW 2025-11-29 0452 SQ9KDT           599 15    LY3B             599  15       
QSO:    7040 CW 2025-11-29 0453 SQ9KDT           599 15    UR7HCX           599  16       
QSO:    7040 CW 2025-11-29 0454 SQ9KDT           599 15    K3EL             599  05       
QSO:    7040 CW 2025-11-29 0455 SQ9KDT           599 15    CR3A             599  33       
QSO:    7040 CW 2025-11-29 0456 SQ9KDT           599 15    4Z5LY            599  20       
QSO:    7040 CW 2025-11-29 0458 SQ9KDT           599 15    SV9/VE3RSA       599  20       
QSO:    7040 CW 2025-11-29 0500 SQ9KDT           599 15    W4NF             599  05       
QSO:    7040 CW 2025-11-29 0502 SQ9KDT           599 15    R3OM             599  16       
QSO:    7040 CW 2025-11-29 0503 SQ9KDT           599 15    LA8OM            599  14       
QSO:    7040 CW 2025-11-29 0503 SQ9KDT           599 15    UR5R             599  16       
QSO:    7040 CW 2025-11-29 0505 SQ9KDT           599 15    UX5UN            599  16       
QSO:    7040 CW 2025-11-29 0506 SQ9KDT           599 15    IO8T             599  15       
QSO:    7040 CW 2025-11-29 0506 SQ9KDT           599 15    RC5Z             599  16       
QSO:    7040 CW 2025-11-29 0506 SQ9KDT           599 15    SM6EAN           599  14       
QSO:    7040 CW 2025-11-29 0508 SQ9KDT           599 15    R7CW             599  16       
QSO:    1830 CW 2025-11-29 0520 SQ9KDT           599 15    OK2W             599  15       
QSO:    1830 CW 2025-11-29 0521 SQ9KDT           599 15    HA8WY            599  15       
QSO:    1830 CW 2025-11-29 0524 SQ9KDT           599 15    OK1XV            599  15       
QSO:    1830 CW 2025-11-29 0525 SQ9KDT           599 15    DF0AT            599  14       
QSO:    1830 CW 2025-11-29 0526 SQ9KDT           599 15    YO8DDQ           599  20       
QSO:    1830 CW 2025-11-29 0527 SQ9KDT           599 15    OM5R             599  15       
QSO:    1830 CW 2025-11-29 0527 SQ9KDT           599 15    HA7UI            599  15       
QSO:    1830 CW 2025-11-29 0528 SQ9KDT           599 15    LZ9W             599  20       
QSO:    1830 CW 2025-11-29 0531 SQ9KDT           599 15    HA5PP            599  15       
QSO:    1830 CW 2025-11-29 0532 SQ9KDT           599 15    SP7CF            599  15       
QSO:    1830 CW 2025-11-29 0533 SQ9KDT           599 15    OM3ZU            599  15       
QSO:    1830 CW 2025-11-29 0534 SQ9KDT           599 15    9A3JH            599  15       
QSO:    1830 CW 2025-11-29 0534 SQ9KDT           599 15    DL1AQU           599  14       
QSO:    1830 CW 2025-11-29 0535 SQ9KDT           599 15    OK1IP            599  15       
QSO:    1830 CW 2025-11-29 0537 SQ9KDT           599 15    DL8ULF           599  14       
QSO:    1830 CW 2025-11-29 0538 SQ9KDT           599 15    OK1PI            599  15       
QSO:    1830 CW 2025-11-29 0539 SQ9KDT           599 15    DK9PY            599  14       
QSO:    1830 CW 2025-11-29 0539 SQ9KDT           599 15    SP3JDZ           599  15       
QSO:    1830 CW 2025-11-29 0540 SQ9KDT           599 15    LZ2ZG            599  20       
QSO:    1830 CW 2025-11-29 0541 SQ9KDT           599 15    ON4MA            599  14       
QSO:    1830 CW 2025-11-29 0542 SQ9KDT           599 15    HB7X             599  14       
QSO:    1830 CW 2025-11-29 0542 SQ9KDT           599 15    UA7K             599  16       
QSO:    1830 CW 2025-11-29 0543 SQ9KDT           599 15    YT5A             599  15       
QSO:    1830 CW 2025-11-29 0543 SQ9KDT           599 15    OQ5M             599  14       
QSO:    1830 CW 2025-11-29 0544 SQ9KDT           599 15    PI4CC            599  14       
QSO:    1830 CW 2025-11-29 0544 SQ9KDT           599 15    YL3JD            599  15       
QSO:    1830 CW 2025-11-29 0546 SQ9KDT           599 15    IK2ANI           599  15       
QSO:    1830 CW 2025-11-29 0547 SQ9KDT           599 15    IZ0KBR           599  15       
QSO:    1830 CW 2025-11-29 0550 SQ9KDT           599 15    SN7Q             599  15       
QSO:    1830 CW 2025-11-29 0551 SQ9KDT           599 15    DL3YM            599  14       
QSO:    1830 CW 2025-11-29 0554 SQ9KDT           599 15    DR5E             599  14       
QSO:    1830 CW 2025-11-29 0554 SQ9KDT           599 15    OK1TN            599  15       
QSO:    1830 CW 2025-11-29 0555 SQ9KDT           599 15    DK1KC            599  14       
QSO:    1830 CW 2025-11-29 0557 SQ9KDT           599 15    DF7A             599  14       
QSO:    7032 CW 2025-11-29 0607 SQ9KDT           599 15    RA5G             599  16       
QSO:    7032 CW 2025-11-29 0608 SQ9KDT           599 15    YT7BW            599  15       
QSO:    7032 CW 2025-11-29 0608 SQ9KDT           599 15    RY2MM            599  16       
QSO:    7032 CW 2025-11-29 0609 SQ9KDT           599 15    K5KG             599  05       
QSO:    7032 CW 2025-11-29 0609 SQ9KDT           599 15    PJ4A             599  09       
QSO:    7032 CW 2025-11-29 0610 SQ9KDT           599 15    W4RM             599  05       
QSO:    7032 CW 2025-11-29 0611 SQ9KDT           599 15    HG1R             599  15       
QSO:    7032 CW 2025-11-29 0611 SQ9KDT           599 15    HB9GZP           599  14       
QSO:    7032 CW 2025-11-29 0612 SQ9KDT           599 15    UC4P             599  16       
QSO:    7032 CW 2025-11-29 0612 SQ9KDT           599 15    LZ9W             599  20       
QSO:    7032 CW 2025-11-29 0613 SQ9KDT           599 15    F6EZV            599  14       
QSO:    7032 CW 2025-11-29 0613 SQ9KDT           599 15    UR5EJ            599  16       
QSO:    7032 CW 2025-11-29 0613 SQ9KDT           599 15    OH1TS            599  15       
QSO:    7032 CW 2025-11-29 0614 SQ9KDT           599 15    S50A             599  15       
QSO:    7032 CW 2025-11-29 0614 SQ9KDT           599 15    RY3F             599  16       
QSO:    7032 CW 2025-11-29 0615 SQ9KDT           599 15    F4FFH            599  14       
QSO:    7032 CW 2025-11-29 0615 SQ9KDT           599 15    PD8MD            599  14       
QSO:    7032 CW 2025-11-29 0616 SQ9KDT           599 15    EV6Z             599  16       
QSO:    7032 CW 2025-11-29 0617 SQ9KDT           599 15    EI6M             599  14       
QSO:    7032 CW 2025-11-29 0618 SQ9KDT           599 15    TI2OY            599  07       
QSO:    7032 CW 2025-11-29 0619 SQ9KDT           599 15    YO3GCL           599  20       
QSO:    7032 CW 2025-11-29 0620 SQ9KDT           599 15    IW3ILM           599  15       
QSO:    7032 CW 2025-11-29 0620 SQ9KDT           599 15    UW8SM            599  16       
QSO:    7032 CW 2025-11-29 0621 SQ9KDT           599 15    F8KGW            599  14       
QSO:    7032 CW 2025-11-29 0621 SQ9KDT           599 15    YO6FLW           599  20       
QSO:    7032 CW 2025-11-29 0622 SQ9KDT           599 15    WA3C             599  04       
QSO:    7032 CW 2025-11-29 0622 SQ9KDT           599 15    DM7W             599  14       
QSO:    7032 CW 2025-11-29 0623 SQ9KDT           599 15    HB9CEY           599  14       
QSO:    7032 CW 2025-11-29 0623 SQ9KDT           599 15    LZ3QE            599  20       
QSO:    7032 CW 2025-11-29 0624 SQ9KDT           599 15    ON9CCV           599  14       
QSO:    7032 CW 2025-11-29 0624 SQ9KDT           599 15    F4BIT            599  14       
QSO:    7032 CW 2025-11-29 0624 SQ9KDT           599 15    YU1ED            599  15       
QSO:    7032 CW 2025-11-29 0625 SQ9KDT           599 15    RD4F             599  16       
QSO:    7032 CW 2025-11-29 0626 SQ9KDT           599 15    DL8RDL           599  14       
QSO:    7032 CW 2025-11-29 0627 SQ9KDT           599 15    SK3W             599  14       
QSO:    7032 CW 2025-11-29 0628 SQ9KDT           599 15    PI4KAR           599  14       
QSO:    7032 CW 2025-11-29 0629 SQ9KDT           599 15    IZ4JMA           599  15       
QSO:    7032 CW 2025-11-29 0629 SQ9KDT           599 15    SP7IIT           599  15       
QSO:    7032 CW 2025-11-29 0630 SQ9KDT           599 15    UR7HN            599  16       
QSO:    7032 CW 2025-11-29 0630 SQ9KDT           599 15    DF1HV            599  14       
QSO:    7032 CW 2025-11-29 0631 SQ9KDT           599 15    DJ3HW            599  14       
QSO:    7032 CW 2025-11-29 0632 SQ9KDT           599 15    OL0W             599  15       
QSO:    7032 CW 2025-11-29 0632 SQ9KDT           599 15    EA1AER           599  14       
QSO:    7032 CW 2025-11-29 0633 SQ9KDT           599 15    OK1YR            599  15       
QSO:    7032 CW 2025-11-29 0633 SQ9KDT           599 15    HA4FY            599  15       
QSO:    7032 CW 2025-11-29 0634 SQ9KDT           599 15    HA7UI            599  15       
QSO:    7032 CW 2025-11-29 0634 SQ9KDT           599 15    EU1DC            599  16       
QSO:    7032 CW 2025-11-29 0635 SQ9KDT           599 15    YO9HP            599  20       
QSO:    7032 CW 2025-11-29 0635 SQ9KDT           599 15    IK2ULV           599  15       
QSO:    7032 CW 2025-11-29 0635 SQ9KDT           599 15    EV4R             599  16       
QSO:    7032 CW 2025-11-29 0636 SQ9KDT           599 15    KR2Q             599  05       
QSO:    7032 CW 2025-11-29 0637 SQ9KDT           599 15    W9VW             599  04       
QSO:    7032 CW 2025-11-29 0637 SQ9KDT           599 15    R2FZ             599  16       
QSO:    7032 CW 2025-11-29 0638 SQ9KDT           599 15    HA1RJ            599  15       
QSO:    7032 CW 2025-11-29 0638 SQ9KDT           599 15    F6KOP            599  14       
QSO:    7032 CW 2025-11-29 0638 SQ9KDT           599 15    PA8MM            599  14       
QSO:    7032 CW 2025-11-29 0639 SQ9KDT           599 15    OQ5M             599  14       
QSO:    7032 CW 2025-11-29 0639 SQ9KDT           599 15    II3O             599  15       
QSO:    7032 CW 2025-11-29 0640 SQ9KDT           599 15    OM7AT            599  15       
QSO:    7032 CW 2025-11-29 0640 SQ9KDT           599 15    YL2EA            599  15       
QSO:    7032 CW 2025-11-29 0641 SQ9KDT           599 15    HA1WD            599  15       
QSO:    7032 CW 2025-11-29 0641 SQ9KDT           599 15    RK7X             599  16       
QSO:    7032 CW 2025-11-29 0641 SQ9KDT           599 15    UA7K             599  16       
QSO:    7032 CW 2025-11-29 0642 SQ9KDT           599 15    Z35M             599  15       
QSO:    7032 CW 2025-11-29 0643 SQ9KDT           599 15    LY2CO            599  15       
QSO:    7032 CW 2025-11-29 0643 SQ9KDT           599 15    K3WW             599  05       
QSO:    7032 CW 2025-11-29 0644 SQ9KDT           599 15    AG4TT            599  05       
QSO:    7032 CW 2025-11-29 0644 SQ9KDT           599 15    F5LMJ            599  14       
QSO:    7032 CW 2025-11-29 0645 SQ9KDT           599 15    W7NX             599  04       
QSO:    7032 CW 2025-11-29 0645 SQ9KDT           599 15    OK1EP            599  15       
QSO:    7032 CW 2025-11-29 0646 SQ9KDT           599 15    OM5ALL           599  15       
QSO:    7032 CW 2025-11-29 0647 SQ9KDT           599 15    ZA1F             599  15       
QSO:    7032 CW 2025-11-29 0647 SQ9KDT           599 15    PA2VS            599  14       
QSO:    7032 CW 2025-11-29 0648 SQ9KDT           599 15    HB9OK            599  14       
QSO:    7032 CW 2025-11-29 0648 SQ9KDT           599 15    RN4SS            599  16       
QSO:    7032 CW 2025-11-29 0649 SQ9KDT           599 15    DL8WAA           599  14       
QSO:    7032 CW 2025-11-29 0649 SQ9KDT           599 15    UP4L             599  17       
QSO:    7032 CW 2025-11-29 0650 SQ9KDT           599 15    DL9MFY           599  14       
QSO:    7032 CW 2025-11-29 0651 SQ9KDT           599 15    CR3W             599  33       
QSO:    7032 CW 2025-11-29 0651 SQ9KDT           599 15    S58W             599  15       
QSO:    7032 CW 2025-11-29 0652 SQ9KDT           599 15    UA3YFL           599  16       
QSO:    7032 CW 2025-11-29 0653 SQ9KDT           599 15    RV3ID            599  16       
QSO:    7032 CW 2025-11-29 0653 SQ9KDT           599 15    YT5W             599  15       
QSO:    7032 CW 2025-11-29 0654 SQ9KDT           599 15    OU4N             599  14       
QSO:    7032 CW 2025-11-29 0654 SQ9KDT           599 15    EU1DM            599  16       
QSO:    7032 CW 2025-11-29 0655 SQ9KDT           599 15    DL3NAA           599  14       
QSO:    7032 CW 2025-11-29 0655 SQ9KDT           599 15    K0ZR             599  05       
QSO:    7032 CW 2025-11-29 0656 SQ9KDT           599 15    DJ2XY            599  14       
QSO:    7032 CW 2025-11-29 0657 SQ9KDT           599 15    DF3OL            599  14       
QSO:    7032 CW 2025-11-29 0657 SQ9KDT           599 15    W7WA             599  03       
QSO:    7032 CW 2025-11-29 0658 SQ9KDT           599 15    DF7GG            599  14       
QSO:    7032 CW 2025-11-29 0659 SQ9KDT           599 15    HG5C             599  15       
QSO:    7032 CW 2025-11-29 0659 SQ9KDT           599 15    DK4LX            599  14       
QSO:    7032 CW 2025-11-29 0700 SQ9KDT           599 15    UT3N             599  16       
QSO:    7032 CW 2025-11-29 0700 SQ9KDT           599 15    UT7AXA           599  16       
QSO:    7032 CW 2025-11-29 0701 SQ9KDT           599 15    LZ2MW            599  20       
QSO:    7032 CW 2025-11-29 0701 SQ9KDT           599 15    OK1FPQ           599  15       
QSO:    7032 CW 2025-11-29 0701 SQ9KDT           599 15    DL5ARM           599  14       
QSO:    7032 CW 2025-11-29 0701 SQ9KDT           599 15    RA7R             599  16       
QSO:    7032 CW 2025-11-29 0702 SQ9KDT           599 15    OL7K             599  15       
QSO:    7032 CW 2025-11-29 0702 SQ9KDT           599 15    OK5IM            599  15       
QSO:    7032 CW 2025-11-29 0703 SQ9KDT           599 15    SK0QO            599  14       
QSO:    7032 CW 2025-11-29 0703 SQ9KDT           599 15    OK1DXX           599  15       
QSO:    7032 CW 2025-11-29 0704 SQ9KDT           599 15    YO4LHR           599  20       
QSO:    7032 CW 2025-11-29 0704 SQ9KDT           599 15    IV3DXW           599  15       
QSO:    7032 CW 2025-11-29 0705 SQ9KDT           599 15    YO8BGD           599  20       
QSO:    7032 CW 2025-11-29 0705 SQ9KDT           599 15    OK1HEH           599  15       
QSO:    7032 CW 2025-11-29 0706 SQ9KDT           599 15    YO8BDQ           599  20       
QSO:    7032 CW 2025-11-29 0708 SQ9KDT           599 15    OK1FWG           599  15       
QSO:    7032 CW 2025-11-29 0708 SQ9KDT           599 15    YO3KRM           599  20       
QSO:    7032 CW 2025-11-29 0709 SQ9KDT           599 15    YO4FHU           599  20       
QSO:    7032 CW 2025-11-29 0709 SQ9KDT           599 15    OG7F             599  15       
QSO:    7032 CW 2025-11-29 0710 SQ9KDT           599 15    G4DDL            599  14       
QSO:    7032 CW 2025-11-29 0710 SQ9KDT           599 15    UA3DPM           599  16       
QSO:    7032 CW 2025-11-29 0711 SQ9KDT           599 15    OZ5W             599  14       
QSO:    7032 CW 2025-11-29 0712 SQ9KDT           599 15    DR3W             599  14       
QSO:    7032 CW 2025-11-29 0712 SQ9KDT           599 15    HA8BE            599  15       
QSO:    7032 CW 2025-11-29 0713 SQ9KDT           599 15    K3PH             599  05       
QSO:    7032 CW 2025-11-29 0714 SQ9KDT           599 15    F6FTB            599  14       
QSO:    7032 CW 2025-11-29 0715 SQ9KDT           599 15    SV1DKR           599  20       
QSO:    7032 CW 2025-11-29 0715 SQ9KDT           599 15    DF4ZL            599  14       
QSO:    7032 CW 2025-11-29 0716 SQ9KDT           599 15    EU8AF            599  16       
QSO:    7032 CW 2025-11-29 0716 SQ9KDT           599 15    UT7W             599  16       
QSO:    7032 CW 2025-11-29 0716 SQ9KDT           599 15    HG6C             599  15       
QSO:    7032 CW 2025-11-29 0717 SQ9KDT           599 15    DM2M             599  14       
QSO:    7032 CW 2025-11-29 0717 SQ9KDT           599 15    K9CT             599  04       
QSO:    7032 CW 2025-11-29 0718 SQ9KDT           599 15    IU5HIH           599  15       
QSO:    7032 CW 2025-11-29 0719 SQ9KDT           599 15    YT1A             599  15       
QSO:    7032 CW 2025-11-29 0719 SQ9KDT           599 15    HG6Z             599  15       
QSO:    7032 CW 2025-11-29 0720 SQ9KDT           599 15    S52P             599  15       
QSO:    7032 CW 2025-11-29 0720 SQ9KDT           599 15    OK1Z             599  15       
QSO:    7032 CW 2025-11-29 0720 SQ9KDT           599 15    S57KM            599  15       
QSO:    7032 CW 2025-11-29 0720 SQ9KDT           599 15    YO4BEW           599  20       
QSO:    7032 CW 2025-11-29 0721 SQ9KDT           599 15    DH7TS            599  14       
QSO:    7032 CW 2025-11-29 0722 SQ9KDT           599 15    SM0Q             599  14       
QSO:    7032 CW 2025-11-29 0722 SQ9KDT           599 15    OK1BLU           599  15       
QSO:    7032 CW 2025-11-29 0723 SQ9KDT           599 15    OM1AVV           599  15       
QSO:    7032 CW 2025-11-29 0724 SQ9KDT           599 15    N3AD             599  05       
QSO:    7032 CW 2025-11-29 0725 SQ9KDT           599 15    DK7HA            599  14       
QSO:    7032 CW 2025-11-29 0725 SQ9KDT           599 15    SA0SAT           599  14       
QSO:    7032 CW 2025-11-29 0726 SQ9KDT           599 15    DK0OD            599  14       
QSO:    7032 CW 2025-11-29 0727 SQ9KDT           599 15    S52KJ            599  15       
QSO:    7032 CW 2025-11-29 0727 SQ9KDT           599 15    EW1I             599  16       
QSO:    7032 CW 2025-11-29 0727 SQ9KDT           599 15    9A2U             599  15       
QSO:    7032 CW 2025-11-29 0728 SQ9KDT           599 15    S51J             599  15       
QSO:    7032 CW 2025-11-29 0728 SQ9KDT           599 15    IV3WMZ           599  15       
QSO:    7032 CW 2025-11-29 0729 SQ9KDT           599 15    SM5CSS           599  14       
QSO:    7032 CW 2025-11-29 0730 SQ9KDT           599 15    AA4NC            599  05       
QSO:    7032 CW 2025-11-29 0730 SQ9KDT           599 15    YO4AAC           599  20       
QSO:    7032 CW 2025-11-29 0730 SQ9KDT           599 15    HA5PT            599  15       
QSO:    7032 CW 2025-11-29 0731 SQ9KDT           599 15    IK2XDE           599  15       
QSO:    7032 CW 2025-11-29 0731 SQ9KDT           599 15    YL7X             599  15       
QSO:    7032 CW 2025-11-29 0732 SQ9KDT           599 15    RU5X             599  16       
QSO:    7032 CW 2025-11-29 0733 SQ9KDT           599 15    DD1MAT           599  14       
QSO:    7032 CW 2025-11-29 0734 SQ9KDT           599 15    PG3N             599  14       
QSO:    7032 CW 2025-11-29 0734 SQ9KDT           599 15    PA6Y             599  14       
QSO:    7032 CW 2025-11-29 0735 SQ9KDT           599 15    DF1LX            599  14       
QSO:    7032 CW 2025-11-29 0735 SQ9KDT           599 15    KA1IS            599  05       
QSO:    7032 CW 2025-11-29 0735 SQ9KDT           599 15    DL4AMM           599  14       
QSO:    7032 CW 2025-11-29 0736 SQ9KDT           599 15    HA1TV            599  15       
QSO:    7032 CW 2025-11-29 0737 SQ9KDT           599 15    HA8WY            599  15       
QSO:    7032 CW 2025-11-29 0737 SQ9KDT           599 15    OL4W             599  15       
QSO:    7032 CW 2025-11-29 0739 SQ9KDT           599 15    YO9CB            599  20       
QSO:    7032 CW 2025-11-29 0739 SQ9KDT           599 15    LB2WD            599  14       
QSO:    7032 CW 2025-11-29 0740 SQ9KDT           599 15    YU1LA            599  15       
QSO:    7032 CW 2025-11-29 0740 SQ9KDT           599 15    PA6AA            599  14       
QSO:    7032 CW 2025-11-29 0741 SQ9KDT           599 15    OH3MZ            599  15       
QSO:    7032 CW 2025-11-29 0741 SQ9KDT           599 15    OK1AY            599  15       
QSO:    7032 CW 2025-11-29 0741 SQ9KDT           599 15    DF6QC            599  14       
QSO:    7032 CW 2025-11-29 0742 SQ9KDT           599 15    DL2DXA           599  14       
QSO:    7032 CW 2025-11-29 0744 SQ9KDT           599 15    UR5ZEP/A         599  16       
QSO:    7032 CW 2025-11-29 0747 SQ9KDT           599 15    OH7MFO           599  15       
QSO:    7032 CW 2025-11-29 0748 SQ9KDT           599 15    I2IFT            599  15       
QSO:    7032 CW 2025-11-29 0748 SQ9KDT           599 15    PA7LV            599  14       
QSO:    7032 CW 2025-11-29 0749 SQ9KDT           599 15    OK1OA            599  15       
QSO:    7032 CW 2025-11-29 0749 SQ9KDT           599 15    HG9X             599  15       
QSO:    7032 CW 2025-11-29 0749 SQ9KDT           599 15    S51CAB           599  15       
QSO:   28025 CW 2025-11-29 0800 SQ9KDT           599 15    UN4Q             599  17       
QSO:   28025 CW 2025-11-29 0800 SQ9KDT           599 15    RW4W             599  16       
QSO:   28025 CW 2025-11-29 0801 SQ9KDT           599 15    RA9Y             599  18       
QSO:   28025 CW 2025-11-29 0803 SQ9KDT           599 15    RX9CC            599  17       
QSO:   28025 CW 2025-11-29 0804 SQ9KDT           599 15    UA4M             599  16       
QSO:   28025 CW 2025-11-29 0804 SQ9KDT           599 15    UB0JCA           599  19       
QSO:   28025 CW 2025-11-29 0805 SQ9KDT           599 15    RT4M             599  16       
QSO:   28025 CW 2025-11-29 0806 SQ9KDT           599 15    BI8CZM           599  24       
QSO:   28025 CW 2025-11-29 0808 SQ9KDT           599 15    9A7A             599  15       
QSO:   28025 CW 2025-11-29 0809 SQ9KDT           599 15    EA5RS            599  14       
QSO:   28025 CW 2025-11-29 0809 SQ9KDT           599 15    BY5EA            599  24       
QSO:   28025 CW 2025-11-29 0810 SQ9KDT           599 15    UA0SBQ           599  18       
QSO:   28025 CW 2025-11-29 0812 SQ9KDT           599 15    JA6BWH           599  25       
QSO:   28025 CW 2025-11-29 0812 SQ9KDT           599 15    R9RA             599  17       
QSO:   28025 CW 2025-11-29 0813 SQ9KDT           599 15    BH4HKZ           599  24       
QSO:   28025 CW 2025-11-29 0813 SQ9KDT           599 15    DJ0SP            599  14       
QSO:   28025 CW 2025-11-29 0814 SQ9KDT           599 15    UA0SR            599  18       
QSO:   28025 CW 2025-11-29 0814 SQ9KDT           599 15    R4II             599  16       
QSO:   28025 CW 2025-11-29 0816 SQ9KDT           599 15    UA9R             599  17       
QSO:   28025 CW 2025-11-29 0817 SQ9KDT           599 15    EA4BAH           599  14       
QSO:   28025 CW 2025-11-29 0820 SQ9KDT           599 15    RM9A             599  17       
QSO:   28036 CW 2025-11-29 0833 SQ9KDT           599 15    HA1RJ            599  15       
QSO:   28036 CW 2025-11-29 0833 SQ9KDT           599 15    UA6AA            599  16       
QSO:   28036 CW 2025-11-29 0835 SQ9KDT           599 15    BY1AS            599  24       
QSO:   28036 CW 2025-11-29 0835 SQ9KDT           599 15    JE4YMO           599  25       
QSO:   28036 CW 2025-11-29 0837 SQ9KDT           599 15    UC0A             599  18       
QSO:   28036 CW 2025-11-29 0839 SQ9KDT           599 15    UA9LIF           599  17       
QSO:   28036 CW 2025-11-29 0839 SQ9KDT           599 15    RO9L             599  17       
QSO:   28036 CW 2025-11-29 0840 SQ9KDT           599 15    R4WAE            599  16       
QSO:   28036 CW 2025-11-29 0840 SQ9KDT           599 15    R4RD             599  16       
QSO:   28036 CW 2025-11-29 0841 SQ9KDT           599 15    HS0ZNV           599  26       
QSO:   28036 CW 2025-11-29 0842 SQ9KDT           599 15    DA3M             599  14       
QSO:   28036 CW 2025-11-29 0844 SQ9KDT           599 15    YO2MNZ           599  20       
QSO:   28036 CW 2025-11-29 0846 SQ9KDT           599 15    YU1JF            599  15       
QSO:   28036 CW 2025-11-29 0847 SQ9KDT           599 15    LZ3FN            599  20       
QSO:   28036 CW 2025-11-29 0847 SQ9KDT           599 15    RD8O             599  18       
QSO:   28036 CW 2025-11-29 0847 SQ9KDT           599 15    UA9YE            599  18       
QSO:   28036 CW 2025-11-29 0849 SQ9KDT           599 15    RK8I             599  18       
QSO:   21032 CW 2025-11-29 0851 SQ9KDT           599 15    M2L              599  14       
QSO:   21032 CW 2025-11-29 0852 SQ9KDT           599 15    JI3NST           599  25       
QSO:   21032 CW 2025-11-29 0853 SQ9KDT           599 15    RW4W             599  16       
QSO:   21032 CW 2025-11-29 0853 SQ9KDT           599 15    JF3BFS           599  25       
QSO:   21032 CW 2025-11-29 0854 SQ9KDT           599 15    RA6L             599  16       
QSO:   21032 CW 2025-11-29 0855 SQ9KDT           599 15    JA5DQH           599  25       
QSO:   21032 CW 2025-11-29 0856 SQ9KDT           599 15    RU0LL            599  19       
QSO:   21032 CW 2025-11-29 0856 SQ9KDT           599 15    JJ0PKS           599  25       
QSO:   21032 CW 2025-11-29 0858 SQ9KDT           599 15    R1QE             599  16       
QSO:   14033 CW 2025-11-29 1133 SQ9KDT           599 15    JA6GCE           599  25       
QSO:   14033 CW 2025-11-29 1134 SQ9KDT           599 15    OH8MBN           599  15       
QSO:   14033 CW 2025-11-29 1134 SQ9KDT           599 15    US7IB            599  16       
QSO:   14033 CW 2025-11-29 1135 SQ9KDT           599 15    HB9TWU           599  14       
QSO:   14033 CW 2025-11-29 1136 SQ9KDT           599 15    OH7XR            599  15       
QSO:   14033 CW 2025-11-29 1137 SQ9KDT           599 15    R5DT             599  16       
QSO:   14033 CW 2025-11-29 1137 SQ9KDT           599 15    K2AX             599  05       
QSO:   14033 CW 2025-11-29 1137 SQ9KDT           599 15    RM1C             599  16       
QSO:   14033 CW 2025-11-29 1137 SQ9KDT           599 15    RN6AT            599  16       
QSO:   14033 CW 2025-11-29 1138 SQ9KDT           599 15    OM3ZU            599  15       
QSO:   14033 CW 2025-11-29 1139 SQ9KDT           599 15    JA3YBK           599  25       
QSO:   14033 CW 2025-11-29 1139 SQ9KDT           599 15    WW1U             599  05       
QSO:   14033 CW 2025-11-29 1140 SQ9KDT           599 15    NX3A             599  05       
QSO:   14033 CW 2025-11-29 1141 SQ9KDT           599 15    BD4UNT           599  24       
QSO:   14033 CW 2025-11-29 1141 SQ9KDT           599 15    LZ7DL            599  20       
QSO:   14033 CW 2025-11-29 1142 SQ9KDT           599 15    N4UU             599  05       
QSO:   14033 CW 2025-11-29 1143 SQ9KDT           599 15    G4EBK            599  14       
QSO:   14032 CW 2025-11-29 1144 SQ9KDT           599 15    9A1AA            599  15       
QSO:   14032 CW 2025-11-29 1145 SQ9KDT           599 15    RM3F             599  16       
QSO:   14032 CW 2025-11-29 1145 SQ9KDT           599 15    RM4F             599  16       
QSO:   14032 CW 2025-11-29 1146 SQ9KDT           599 15    2E0OBO           599  14       
QSO:   14033 CW 2025-11-29 1147 SQ9KDT           599 15    DK6TV            599  14       
QSO:   14033 CW 2025-11-29 1147 SQ9KDT           599 15    K3PH             599  05       
QSO:   14033 CW 2025-11-29 1148 SQ9KDT           599 15    OO4O             599  14       
QSO:   14033 CW 2025-11-29 1148 SQ9KDT           599 15    RU5A             599  16       
QSO:   14033 CW 2025-11-29 1149 SQ9KDT           599 15    PA4B             599  14       
QSO:   14033 CW 2025-11-29 1149 SQ9KDT           599 15    SP9JZT           599  15       
QSO:   14033 CW 2025-11-29 1150 SQ9KDT           599 15    M0TDW            599  14       
QSO:   14033 CW 2025-11-29 1150 SQ9KDT           599 15    TK0C             599  15       
QSO:   14033 CW 2025-11-29 1151 SQ9KDT           599 15    NM4AA            599  05       
QSO:   14033 CW 2025-11-29 1151 SQ9KDT           599 15    EA8BW            599  33       
QSO:   14033 CW 2025-11-29 1152 SQ9KDT           599 15    W1FJ             599  05       
QSO:   14033 CW 2025-11-29 1153 SQ9KDT           599 15    RV6AI            599  16       
QSO:   14033 CW 2025-11-29 1154 SQ9KDT           599 15    PA7LV            599  14       
QSO:   14033 CW 2025-11-29 1155 SQ9KDT           599 15    VA3TNM           599  04       
QSO:   14033 CW 2025-11-29 1155 SQ9KDT           599 15    LZ2MP            599  20       
QSO:   14033 CW 2025-11-29 1156 SQ9KDT           599 15    PD0LFJ           599  14       
QSO:   14033 CW 2025-11-29 1156 SQ9KDT           599 15    PA1BD            599  14       
QSO:   14033 CW 2025-11-29 1157 SQ9KDT           599 15    HA8MF            599  15       
QSO:   14033 CW 2025-11-29 1157 SQ9KDT           599 15    YO3GEK           599  20       
QSO:   14033 CW 2025-11-29 1159 SQ9KDT           599 15    PC3M             599  14       
QSO:   14033 CW 2025-11-29 1159 SQ9KDT           599 15    PA3I             599  14       
QSO:   14032 CW 2025-11-29 1200 SQ9KDT           599 15    SM2IEN           599  14       
QSO:   14032 CW 2025-11-29 1201 SQ9KDT           599 15    OO4M             599  14       
QSO:   14032 CW 2025-11-29 1202 SQ9KDT           599 15    G0BKC            599  14       
QSO:   14032 CW 2025-11-29 1203 SQ9KDT           599 15    WA3C             599  04       
QSO:   14032 CW 2025-11-29 1203 SQ9KDT           599 15    M2U              599  14       
QSO:   14032 CW 2025-11-29 1203 SQ9KDT           599 15    IO6R             599  15       
QSO:   14032 CW 2025-11-29 1204 SQ9KDT           599 15    M3AWD            599  14       
QSO:   14032 CW 2025-11-29 1205 SQ9KDT           599 15    G2F              599  14       
QSO:   14032 CW 2025-11-29 1207 SQ9KDT           599 15    SE4E             599  14       
QSO:   14032 CW 2025-11-29 1208 SQ9KDT           599 15    K8LX             599  04       
QSO:   14032 CW 2025-11-29 1209 SQ9KDT           599 15    DL6FCK           599  14       
QSO:   14032 CW 2025-11-29 1209 SQ9KDT           599 15    IZ4JMA           599  15       
QSO:   14032 CW 2025-11-29 1210 SQ9KDT           599 15    G1ZHD            599  14       
QSO:   14032 CW 2025-11-29 1211 SQ9KDT           599 15    UA6AA            599  16       
QSO:   14032 CW 2025-11-29 1211 SQ9KDT           599 15    RX7T             599  16       
QSO:   14032 CW 2025-11-29 1212 SQ9KDT           599 15    AD4TJ            599  05       
QSO:   14052 CW 2025-11-29 1220 SQ9KDT           599 15    LY2MM            599  15       
QSO:   14052 CW 2025-11-29 1221 SQ9KDT           599 15    LZ2Z             599  20       
QSO:   14052 CW 2025-11-29 1222 SQ9KDT           599 15    G4P              599  14       
QSO:   14052 CW 2025-11-29 1223 SQ9KDT           599 15    K3EL             599  05       
QSO:   14052 CW 2025-11-29 1223 SQ9KDT           599 15    UC0A             599  18       
QSO:   14052 CW 2025-11-29 1224 SQ9KDT           599 15    DF7TS            599  14       
QSO:   14052 CW 2025-11-29 1225 SQ9KDT           599 15    DM2PF            599  14       
QSO:   14052 CW 2025-11-29 1226 SQ9KDT           599 15    S50DK            599  15       
QSO:   14052 CW 2025-11-29 1227 SQ9KDT           599 15    LC1D             599  14       
QSO:   14052 CW 2025-11-29 1228 SQ9KDT           599 15    N3NR             599  05       
QSO:   14052 CW 2025-11-29 1229 SQ9KDT           599 15    SG6C             599  14       
QSO:   14052 CW 2025-11-29 1229 SQ9KDT           599 15    RV1CB            599  16       
QSO:   14052 CW 2025-11-29 1230 SQ9KDT           599 15    DF4ZL            599  14       
QSO:   14052 CW 2025-11-29 1231 SQ9KDT           599 15    LY5R             599  15       
QSO:   14052 CW 2025-11-29 1231 SQ9KDT           599 15    ON7KEC           599  14       
QSO:   14052 CW 2025-11-29 1233 SQ9KDT           599 15    DC8YZ            599  14       
QSO:   14052 CW 2025-11-29 1233 SQ9KDT           599 15    ON4DN            599  14       
QSO:   14052 CW 2025-11-29 1234 SQ9KDT           599 15    W1TO             599  05       
QSO:   14052 CW 2025-11-29 1235 SQ9KDT           599 15    W2RD             599  05       
QSO:   14052 CW 2025-11-29 1235 SQ9KDT           599 15    W8FN             599  05       
QSO:   14052 CW 2025-11-29 1236 SQ9KDT           599 15    W1EQ             599  05       
QSO:   14052 CW 2025-11-29 1236 SQ9KDT           599 15    R1WAB            599  16       
QSO:   14052 CW 2025-11-29 1237 SQ9KDT           599 15    DL3NAA           599  14       
QSO:   14052 CW 2025-11-29 1237 SQ9KDT           599 15    KW1X             599  05       
QSO:   14052 CW 2025-11-29 1237 SQ9KDT           599 15    PB2X             599  14       
QSO:   14052 CW 2025-11-29 1239 SQ9KDT           599 15    K3WJV            599  05       
QSO:   14052 CW 2025-11-29 1239 SQ9KDT           599 15    IW1BCO           599  15       
QSO:   14052 CW 2025-11-29 1240 SQ9KDT           599 15    YO2MKI           599  20       
QSO:   14052 CW 2025-11-29 1241 SQ9KDT           599 15    I2JIN            599  15       
QSO:   14052 CW 2025-11-29 1242 SQ9KDT           599 15    RW3QJ            599  16       
QSO:   14052 CW 2025-11-29 1242 SQ9KDT           599 15    R6CC             599  16       
QSO:   14052 CW 2025-11-29 1242 SQ9KDT           599 15    DD5KD            599  14       
QSO:   14052 CW 2025-11-29 1244 SQ9KDT           599 15    RT4W             599  16       
QSO:   14052 CW 2025-11-29 1245 SQ9KDT           599 15    EI2IH            599  14       
QSO:   14052 CW 2025-11-29 1246 SQ9KDT           599 15    PD0SF            599  14       
QSO:   14052 CW 2025-11-29 1247 SQ9KDT           599 15    DF7C             599  14       
QSO:   14052 CW 2025-11-29 1247 SQ9KDT           599 15    UX1VX            599  16       
QSO:   14052 CW 2025-11-29 1248 SQ9KDT           599 15    K3JT             599  05       
QSO:   14052 CW 2025-11-29 1248 SQ9KDT           599 15    UA7K             599  16       
QSO:   14052 CW 2025-11-29 1249 SQ9KDT           599 15    F5MMP            599  14       
QSO:   14052 CW 2025-11-29 1250 SQ9KDT           599 15    LA/US1PM         599  14       
QSO:   14052 CW 2025-11-29 1250 SQ9KDT           599 15    R1CAA            599  16       
QSO:   14052 CW 2025-11-29 1251 SQ9KDT           599 15    9A2MF            599  15       
QSO:   14052 CW 2025-11-29 1252 SQ9KDT           599 15    NR4M             599  05       
QSO:   14052 CW 2025-11-29 1253 SQ9KDT           599 15    F6KDL            599  14       
QSO:   14052 CW 2025-11-29 1253 SQ9KDT           599 15    RA9Y             599  18       
QSO:   14052 CW 2025-11-29 1254 SQ9KDT           599 15    RN5AA            599  16       
QSO:   14052 CW 2025-11-29 1255 SQ9KDT           599 15    PA1FNW           599  14       
QSO:   14052 CW 2025-11-29 1256 SQ9KDT           599 15    YL3RZ            599  15       
QSO:   14052 CW 2025-11-29 1257 SQ9KDT           599 15    DF3QL            599  14       
QSO:   14052 CW 2025-11-29 1259 SQ9KDT           599 15    SM0Q             599  14       
QSO:   14052 CW 2025-11-29 1301 SQ9KDT           599 15    PD7CJT           599  14       
QSO:   14052 CW 2025-11-29 1302 SQ9KDT           599 15    F4AIF            599  14       
QSO:   14052 CW 2025-11-29 1303 SQ9KDT           599 15    IN3OWY           599  15       
QSO:   14052 CW 2025-11-29 1304 SQ9KDT           599 15    RA3AN            599  16       
QSO:   14052 CW 2025-11-29 1305 SQ9KDT           599 15    IZ2WYA           599  15       
QSO:   14052 CW 2025-11-29 1305 SQ9KDT           599 15    UT5EPP           599  16       
QSO:   14052 CW 2025-11-29 1306 SQ9KDT           599 15    PG2AA            599  14       
QSO:   14052 CW 2025-11-29 1306 SQ9KDT           599 15    S54X             599  15       
QSO:   14052 CW 2025-11-29 1307 SQ9KDT           599 15    IZ2BVC           599  15       
QSO:   14052 CW 2025-11-29 1308 SQ9KDT           599 15    RA4HBS           599  16       
QSO:   14052 CW 2025-11-29 1309 SQ9KDT           599 15    W1HIS            599  05       
QSO:   14052 CW 2025-11-29 1309 SQ9KDT           599 15    RA3GZ            599  16       
QSO:   14052 CW 2025-11-29 1310 SQ9KDT           599 15    RC9O             599  18       
QSO:   14052 CW 2025-11-29 1310 SQ9KDT           599 15    F4DVO            599  14       
QSO:   14052 CW 2025-11-29 1311 SQ9KDT           599 15    K5TR             599  04       
QSO:   14052 CW 2025-11-29 1312 SQ9KDT           599 15    N4ZZ             599  04       
QSO:   14052 CW 2025-11-29 1312 SQ9KDT           599 15    KD3RF            599  05       
QSO:   14052 CW 2025-11-29 1313 SQ9KDT           599 15    KB8NNU           599  04       
QSO:   14052 CW 2025-11-29 1314 SQ9KDT           599 15    OH7OFO           599  15       
QSO:   14052 CW 2025-11-29 1316 SQ9KDT           599 15    R1OA             599  16       
QSO:   14052 CW 2025-11-29 1316 SQ9KDT           599 15    RT7N             599  16       
QSO:   14052 CW 2025-11-29 1317 SQ9KDT           599 15    DL9ZP            599  14       
QSO:   14052 CW 2025-11-29 1317 SQ9KDT           599 15    YB1DOL           599  28       
QSO:   14052 CW 2025-11-29 1318 SQ9KDT           599 15    PA5P             599  14       
QSO:   14052 CW 2025-11-29 1318 SQ9KDT           599 15    PA0RDT           599  14       
QSO:   14052 CW 2025-11-29 1319 SQ9KDT           599 15    ON6QO            599  14       
QSO:   14052 CW 2025-11-29 1320 SQ9KDT           599 15    F5IYU            599  14       
QSO:   14052 CW 2025-11-29 1320 SQ9KDT           599 15    DL3KWF           599  14       
QSO:   14052 CW 2025-11-29 1321 SQ9KDT           599 15    OK1HEH           599  15       
QSO:   14052 CW 2025-11-29 1321 SQ9KDT           599 15    W9VW             599  04       
QSO:   14052 CW 2025-11-29 1322 SQ9KDT           599 15    9A2X             599  15       
QSO:   14052 CW 2025-11-29 1322 SQ9KDT           599 15    M0RYB            599  14       
QSO:   14052 CW 2025-11-29 1323 SQ9KDT           599 15    GW5P             599  14       
QSO:   14052 CW 2025-11-29 1323 SQ9KDT           599 15    E72MM            599  15       
QSO:   14052 CW 2025-11-29 1323 SQ9KDT           599 15    DJ5QV            599  14       
QSO:   14052 CW 2025-11-29 1324 SQ9KDT           599 15    EA5JA            599  14       
QSO:   14052 CW 2025-11-29 1325 SQ9KDT           599 15    OK1SFM           599  15       
QSO:   14052 CW 2025-11-29 1326 SQ9KDT           599 15    HA5CA            599  15       
QSO:   14052 CW 2025-11-29 1326 SQ9KDT           599 15    IZ2EJU           599  15       
QSO:   14052 CW 2025-11-29 1327 SQ9KDT           599 15    IV3YNB           599  15       
QSO:   14052 CW 2025-11-29 1327 SQ9KDT           599 15    HB9AYZ           599  14       
QSO:   14052 CW 2025-11-29 1327 SQ9KDT           599 15    DG1YBN           599  14       
QSO:   14052 CW 2025-11-29 1328 SQ9KDT           599 15    ES2QD            599  15       
QSO:   14052 CW 2025-11-29 1328 SQ9KDT           599 15    DL2PR            599  14       
QSO:   14052 CW 2025-11-29 1329 SQ9KDT           599 15    I6FDJ            599  15       
QSO:   14052 CW 2025-11-29 1330 SQ9KDT           599 15    DL1SBF           599  14       
QSO:   14052 CW 2025-11-29 1330 SQ9KDT           599 15    EI4KX            599  14       
QSO:   14052 CW 2025-11-29 1331 SQ9KDT           599 15    UT7AXA           599  16       
QSO:   14052 CW 2025-11-29 1331 SQ9KDT           599 15    SC6O             599  14       
QSO:   14052 CW 2025-11-29 1332 SQ9KDT           599 15    UN4Q             599  17       
QSO:   14052 CW 2025-11-29 1332 SQ9KDT           599 15    IU5HES           599  15       
QSO:   14052 CW 2025-11-29 1333 SQ9KDT           599 15    R9CX             599  17       
QSO:   14052 CW 2025-11-29 1335 SQ9KDT           599 15    M7M              599  14       
QSO:   14052 CW 2025-11-29 1335 SQ9KDT           599 15    F6FTB            599  14       
QSO:   14052 CW 2025-11-29 1336 SQ9KDT           599 15    OH8TX            599  15       
QSO:   14052 CW 2025-11-29 1336 SQ9KDT           599 15    HG5E             599  15       
QSO:   14052 CW 2025-11-29 1338 SQ9KDT           599 15    E71EZC           599  15       
QSO:   14052 CW 2025-11-29 1338 SQ9KDT           599 15    DL6MWG           599  14       
QSO:   14052 CW 2025-11-29 1339 SQ9KDT           599 15    UT4LW            599  16       
QSO:   14052 CW 2025-11-29 1339 SQ9KDT           599 15    DF7WY            599  14       
QSO:   14052 CW 2025-11-29 1339 SQ9KDT           599 15    RW4W             599  16       
QSO:   14052 CW 2025-11-29 1340 SQ9KDT           599 15    IZ1DXS           599  15       
QSO:   14052 CW 2025-11-29 1341 SQ9KDT           599 15    RT4M             599  16       
QSO:   14052 CW 2025-11-29 1341 SQ9KDT           599 15    UA1AEA           599  16       
QSO:   14052 CW 2025-11-29 1342 SQ9KDT           599 15    RK2M             599  16       
QSO:   14052 CW 2025-11-29 1342 SQ9KDT           599 15    OR4M             599  14       
QSO:   14052 CW 2025-11-29 1343 SQ9KDT           599 15    ON4CAU           599  14       
QSO:   14052 CW 2025-11-29 1344 SQ9KDT           599 15    N4DJ             599  05       
QSO:   14052 CW 2025-11-29 1345 SQ9KDT           599 15    UR3LM            599  16       
QSO:   14052 CW 2025-11-29 1345 SQ9KDT           599 15    DL0RL            599  14       
QSO:   14052 CW 2025-11-29 1346 SQ9KDT           599 15    N4QS             599  04       
QSO:   14052 CW 2025-11-29 1347 SQ9KDT           599 15    DL8XAB           599  14       
QSO:   14052 CW 2025-11-29 1348 SQ9KDT           599 15    R3MAI            599  16       
QSO:   14052 CW 2025-11-29 1350 SQ9KDT           599 15    HB9BXE           599  14       
QSO:   14052 CW 2025-11-29 1351 SQ9KDT           599 15    HB9DVZ           599  14       
QSO:   14052 CW 2025-11-29 1351 SQ9KDT           599 15    N4RF             599  05       
QSO:   14052 CW 2025-11-29 1352 SQ9KDT           599 15    R3OM             599  16       
QSO:   14052 CW 2025-11-29 1353 SQ9KDT           599 15    K8GL             599  04       
QSO:   14052 CW 2025-11-29 1353 SQ9KDT           599 15    RD1T             599  16       
QSO:   14052 CW 2025-11-29 1354 SQ9KDT           599 15    PA2PKZ           599  14       
QSO:   14052 CW 2025-11-29 1354 SQ9KDT           599 15    RM9A             599  17       
QSO:   14052 CW 2025-11-29 1356 SQ9KDT           599 15    DF8KY            599  14       
QSO:   14052 CW 2025-11-29 1356 SQ9KDT           599 15    YL3BU            599  15       
QSO:   14052 CW 2025-11-29 1357 SQ9KDT           599 15    EA3QC            599  14       
QSO:   14052 CW 2025-11-29 1358 SQ9KDT           599 15    IZ8BLZ           599  15       
QSO:   14052 CW 2025-11-29 1358 SQ9KDT           599 15    R7MP             599  16       
QSO:   14052 CW 2025-11-29 1359 SQ9KDT           599 15    VE3YAA           599  04       
QSO:   14052 CW 2025-11-29 1359 SQ9KDT           599 15    DJ2TG            599  14       
QSO:   14052 CW 2025-11-29 1400 SQ9KDT           599 15    AJ9C             599  04       
QSO:   28038 CW 2025-11-29 1414 SQ9KDT           599 15    N4ZZ             599  04       
QSO:   28038 CW 2025-11-29 1415 SQ9KDT           599 15    W3ICM            599  05       
QSO:   28038 CW 2025-11-29 1416 SQ9KDT           599 15    AC5XK            599  05       
QSO:   28038 CW 2025-11-29 1416 SQ9KDT           599 15    W2MV             599  05       
QSO:   28038 CW 2025-11-29 1417 SQ9KDT           599 15    PR1T             599  11       
QSO:   28038 CW 2025-11-29 1417 SQ9KDT           599 15    K1EO             599  05       
QSO:   28038 CW 2025-11-29 1418 SQ9KDT           599 15    N9CO             599  04       
QSO:   28038 CW 2025-11-29 1418 SQ9KDT           599 15    WC3N             599  05       
QSO:   28038 CW 2025-11-29 1419 SQ9KDT           599 15    KB8NNU           599  04       
QSO:   28038 CW 2025-11-29 1421 SQ9KDT           599 15    EA2ASB           599  14       
QSO:   28038 CW 2025-11-29 1422 SQ9KDT           599 15    WJ1U             599  05       
QSO:   28038 CW 2025-11-29 1423 SQ9KDT           599 15    W1TO             599  05       
QSO:   21037 CW 2025-11-29 1428 SQ9KDT           599 15    N1VK             599  05       
QSO:   21037 CW 2025-11-29 1428 SQ9KDT           599 15    K1TZQ            599  05       
QSO:   21037 CW 2025-11-29 1429 SQ9KDT           599 15    KS1J             599  05       
QSO:   21037 CW 2025-11-29 1429 SQ9KDT           599 15    W1TC             599  05       
QSO:   21037 CW 2025-11-29 1431 SQ9KDT           599 15    N2OO             599  05       
QSO:   21037 CW 2025-11-29 1431 SQ9KDT           599 15    WB2PJH           599  05       
QSO:   21037 CW 2025-11-29 1432 SQ9KDT           599 15    W2VM             599  05       
QSO:   21037 CW 2025-11-29 1433 SQ9KDT           599 15    ON5JT            599  14       
QSO:   21037 CW 2025-11-29 1434 SQ9KDT           599 15    2E0YEM           599  14       
QSO:   21037 CW 2025-11-29 1434 SQ9KDT           599 15    UA3AP            599  16       
QSO:   21037 CW 2025-11-29 1436 SQ9KDT           599 15    KA4RRU           599  05       
QSO:   21037 CW 2025-11-29 1436 SQ9KDT           599 15    EW8R             599  16       
QSO:   21037 CW 2025-11-29 1438 SQ9KDT           599 15    KA8HOK           599  04       
QSO:   21037 CW 2025-11-29 1439 SQ9KDT           599 15    WA8LCN           599  04       
QSO:   21037 CW 2025-11-29 1441 SQ9KDT           599 15    NE8P             599  05       
QSO:   21037 CW 2025-11-29 1441 SQ9KDT           599 15    WX8S             599  04       
QSO:   21037 CW 2025-11-29 1442 SQ9KDT           599 15    RA3AN            599  16       
QSO:   21037 CW 2025-11-29 1443 SQ9KDT           599 15    OG3B             599  15       
QSO:   21037 CW 2025-11-29 1444 SQ9KDT           599 15    K9AD             599  04       
QSO:   21037 CW 2025-11-29 1444 SQ9KDT           599 15    GM3TTN           599  14       
QSO:   21037 CW 2025-11-29 1445 SQ9KDT           599 15    KE1IH            599  05       
QSO:   21037 CW 2025-11-29 1446 SQ9KDT           599 15    W1QK             599  05       
QSO:   21037 CW 2025-11-29 1446 SQ9KDT           599 15    N2BA             599  05       
QSO:   21037 CW 2025-11-29 1447 SQ9KDT           599 15    N1TO             599  05       
QSO:   21037 CW 2025-11-29 1448 SQ9KDT           599 15    WT2J             599  05       
QSO:   21037 CW 2025-11-29 1449 SQ9KDT           599 15    K3PA             599  04       
QSO:   21037 CW 2025-11-29 1449 SQ9KDT           599 15    N5EE             599  04       
QSO:   21037 CW 2025-11-29 1450 SQ9KDT           599 15    M0TJU            599  14       
QSO:   21037 CW 2025-11-29 1451 SQ9KDT           599 15    W0ZA             599  04       
QSO:   21037 CW 2025-11-29 1453 SQ9KDT           599 15    KC1XK            599  05       
QSO:   21037 CW 2025-11-29 1453 SQ9KDT           599 15    N4EK             599  05       
QSO:   21037 CW 2025-11-29 1453 SQ9KDT           599 15    M7NMP            599  14       
QSO:   21037 CW 2025-11-29 1454 SQ9KDT           599 15    W1XX             599  05       
QSO:   21037 CW 2025-11-29 1454 SQ9KDT           599 15    W4OX             599  05       
QSO:   21037 CW 2025-11-29 1455 SQ9KDT           599 15    K4EJ             599  05       
QSO:   21037 CW 2025-11-29 1456 SQ9KDT           599 15    NX3Z             599  05       
QSO:   21037 CW 2025-11-29 1457 SQ9KDT           599 15    W4SPR            599  05       
QSO:   21037 CW 2025-11-29 1458 SQ9KDT           599 15    PJ4K             599  09       
QSO:   21037 CW 2025-11-29 1458 SQ9KDT           599 15    G4LPD            599  14       
QSO:   21037 CW 2025-11-29 1458 SQ9KDT           599 15    N3AM             599  05       
QSO:   21037 CW 2025-11-29 1459 SQ9KDT           599 15    KC1UML           599  05       
QSO:   21037 CW 2025-11-29 1459 SQ9KDT           599 15    VA2AM            599  05       
QSO:   21037 CW 2025-11-29 1500 SQ9KDT           599 15    LY2NK            599  15       
QSO:   21037 CW 2025-11-29 1502 SQ9KDT           599 15    EA2ASB           599  14       
QSO:   21037 CW 2025-11-29 1503 SQ9KDT           599 15    K3TC             599  05       
QSO:   21037 CW 2025-11-29 1503 SQ9KDT           599 15    K4BAI            599  05       
QSO:   21037 CW 2025-11-29 1505 SQ9KDT           599 15    N3UA             599  05       
QSO:   21037 CW 2025-11-29 1506 SQ9KDT           599 15    NJ0U             599  04       
QSO:   21037 CW 2025-11-29 1507 SQ9KDT           599 15    N3AD             599  05       
QSO:   21037 CW 2025-11-29 1507 SQ9KDT           599 15    DL3CF            599  14       
QSO:   21037 CW 2025-11-29 1509 SQ9KDT           599 15    K2AX             599  05       
QSO:   21037 CW 2025-11-29 1509 SQ9KDT           599 15    G5T              599  14       
QSO:   21037 CW 2025-11-29 1510 SQ9KDT           599 15    KQ4R             599  05       
QSO:   21037 CW 2025-11-29 1512 SQ9KDT           599 15    N4QS             599  04       
QSO:   21037 CW 2025-11-29 1512 SQ9KDT           599 15    N4DJ             599  05       
QSO:   21037 CW 2025-11-29 1514 SQ9KDT           599 15    W4TG             599  05       
QSO:   21037 CW 2025-11-29 1515 SQ9KDT           599 15    YT1T             599  15       
QSO:   21037 CW 2025-11-29 1517 SQ9KDT           599 15    WS6X             599  05       
QSO:    1830 CW 2025-11-29 1622 SQ9KDT           599 15    EU3AA            599  16       
QSO:    1830 CW 2025-11-29 1623 SQ9KDT           599 15    HA8BT            599  15       
QSO:    1830 CW 2025-11-29 1623 SQ9KDT           599 15    LN8W             599  14       
QSO:    1830 CW 2025-11-29 1627 SQ9KDT           599 15    SV1CKZ           599  20       
QSO:    1830 CW 2025-11-29 1628 SQ9KDT           599 15    OE1SGU           599  15       
QSO:    1830 CW 2025-11-29 1629 SQ9KDT           599 15    SQ3M             599  15       
QSO:    1830 CW 2025-11-29 1630 SQ9KDT           599 15    DL1AOB           599  14       
QSO:    1830 CW 2025-11-29 1631 SQ9KDT           599 15    S54W             599  15       
QSO:    1830 CW 2025-11-29 1633 SQ9KDT           599 15    UZ1WW            599  16       
QSO:    1830 CW 2025-11-29 1636 SQ9KDT           599 15    UT5R             599  16       
QSO:    7065 CW 2025-11-29 1645 SQ9KDT           599 15    M6T              599  14       
QSO:    7065 CW 2025-11-29 1646 SQ9KDT           599 15    RA6FUZ           599  16       
QSO:    7065 CW 2025-11-29 1646 SQ9KDT           599 15    HA8KM            599  15       
QSO:    7065 CW 2025-11-29 1647 SQ9KDT           599 15    ZA1RR            599  15       
QSO:    7065 CW 2025-11-29 1648 SQ9KDT           599 15    9A2EY            599  15       
QSO:    7037 CW 2025-11-29 1651 SQ9KDT           599 15    RV6HV            599  16       
QSO:    7037 CW 2025-11-29 1652 SQ9KDT           599 15    UA6AA            599  16       
QSO:    7037 CW 2025-11-29 1652 SQ9KDT           599 15    M3F              599  14       
QSO:    7037 CW 2025-11-29 1653 SQ9KDT           599 15    DG1NPM           599  14       
QSO:    7037 CW 2025-11-29 1653 SQ9KDT           599 15    R3HC             599  16       
QSO:    7037 CW 2025-11-29 1654 SQ9KDT           599 15    RT9A             599  17       
QSO:    7037 CW 2025-11-29 1655 SQ9KDT           599 15    RW4W             599  16       
QSO:    7037 CW 2025-11-29 1657 SQ9KDT           599 15    R3TY             599  16       
QSO:    7037 CW 2025-11-29 1657 SQ9KDT           599 15    YT1FZ            599  15       
QSO:    7037 CW 2025-11-29 1657 SQ9KDT           599 15    R4ND             599  16       
QSO:    7037 CW 2025-11-29 1658 SQ9KDT           599 15    JA1BJI           599  25       
QSO:    7037 CW 2025-11-29 1659 SQ9KDT           599 15    UA6GO            599  16       
QSO:    7037 CW 2025-11-29 1700 SQ9KDT           599 15    R9FT             599  17       
QSO:    7037 CW 2025-11-29 1700 SQ9KDT           599 15    S52ZD            599  15       
QSO:    7037 CW 2025-11-29 1702 SQ9KDT           599 15    R5DT             599  16       
QSO:    7037 CW 2025-11-29 1702 SQ9KDT           599 15    S58R             599  15       
QSO:    7037 CW 2025-11-29 1702 SQ9KDT           599 15    DJ3XA            599  14       
QSO:    7037 CW 2025-11-29 1703 SQ9KDT           599 15    SV2AEL           599  20       
QSO:    7037 CW 2025-11-29 1703 SQ9KDT           599 15    S51YI            599  15       
QSO:    7037 CW 2025-11-29 1704 SQ9KDT           599 15    PG7R             599  14       
QSO:    7037 CW 2025-11-29 1704 SQ9KDT           599 15    UA9LIF           599  17       
QSO:    7037 CW 2025-11-29 1706 SQ9KDT           599 15    JH4UTP           599  25       
QSO:    7037 CW 2025-11-29 1706 SQ9KDT           599 15    YU7WW            599  15       
QSO:    7037 CW 2025-11-29 1707 SQ9KDT           599 15    DL2PR            599  14       
QSO:    7037 CW 2025-11-29 1707 SQ9KDT           599 15    JM3UGA           599  25       
QSO:    7037 CW 2025-11-29 1708 SQ9KDT           599 15    UA4M             599  16       
QSO:    7037 CW 2025-11-29 1709 SQ9KDT           599 15    JH3CUL           599  25       
QSO:    7037 CW 2025-11-29 1709 SQ9KDT           599 15    RX7T             599  16       
QSO:    7037 CW 2025-11-29 1710 SQ9KDT           599 15    IO3A             599  15       
QSO:    7037 CW 2025-11-29 1711 SQ9KDT           599 15    LA5CIA           599  14       
QSO:    7037 CW 2025-11-29 1714 SQ9KDT           599 15    M4N              599  14       
QSO:    7037 CW 2025-11-29 1714 SQ9KDT           599 15    PA5P             599  14       
QSO:    7037 CW 2025-11-29 1715 SQ9KDT           599 15    PE1PIX           599  14       
QSO:    7037 CW 2025-11-29 1716 SQ9KDT           599 15    RX6FJ            599  16       
QSO:    7037 CW 2025-11-29 1718 SQ9KDT           599 15    YT0B             599  15       
QSO:    7037 CW 2025-11-29 1718 SQ9KDT           599 15    DJ0YI            599  14       
QSO:    7037 CW 2025-11-29 1718 SQ9KDT           599 15    IK3BVD           599  15       
QSO:    7037 CW 2025-11-29 1719 SQ9KDT           599 15    JH7MQD           599  25       
QSO:    7037 CW 2025-11-29 1720 SQ9KDT           599 15    DL4ME            599  14       
QSO:    7037 CW 2025-11-29 1720 SQ9KDT           599 15    RA9Y             599  18       
QSO:    7037 CW 2025-11-29 1721 SQ9KDT           599 15    R3QX             599  16       
QSO:    7039 CW 2025-11-29 1730 SQ9KDT           599 15    DF7C             599  14       
QSO:    7039 CW 2025-11-29 1733 SQ9KDT           599 15    I3JKI            599  15       
QSO:    7039 CW 2025-11-29 1736 SQ9KDT           599 15    R7TQ             599  16       
QSO:    7039 CW 2025-11-29 1736 SQ9KDT           599 15    M0TDW            599  14       
QSO:    7039 CW 2025-11-29 1737 SQ9KDT           599 15    PE6RR            599  14       
QSO:    7034 CW 2025-11-29 1741 SQ9KDT           599 15    PE2K             599  14       
QSO:    7034 CW 2025-11-29 1742 SQ9KDT           599 15    EA3QP            599  14       
QSO:    7034 CW 2025-11-29 1743 SQ9KDT           599 15    I2CZQ            599  15       
QSO:    7034 CW 2025-11-29 1743 SQ9KDT           599 15    RM7M             599  16       
QSO:    7034 CW 2025-11-29 1745 SQ9KDT           599 15    R6XD             599  16       
QSO:    7034 CW 2025-11-29 1745 SQ9KDT           599 15    PA2PKZ           599  14       
QSO:    7034 CW 2025-11-29 1747 SQ9KDT           599 15    F4AFE            599  14       
QSO:    7034 CW 2025-11-29 1751 SQ9KDT           599 15    HB8IIY           599  14       
QSO:    7034 CW 2025-11-29 1752 SQ9KDT           599 15    M0XXM            599  14       
QSO:    7034 CW 2025-11-29 1753 SQ9KDT           599 15    DF7IS            599  14       
QSO:    7034 CW 2025-11-29 1754 SQ9KDT           599 15    PA7BM            599  14       
QSO:    7034 CW 2025-11-29 1755 SQ9KDT           599 15    RA4ACX           599  16       
QSO:    7034 CW 2025-11-29 1756 SQ9KDT           599 15    PA2UL            599  14       
QSO:    7034 CW 2025-11-29 1757 SQ9KDT           599 15    DL4FN            599  14       
QSO:    7034 CW 2025-11-29 1803 SQ9KDT           599 15    G3VQO            599  14       
QSO:    7034 CW 2025-11-29 1804 SQ9KDT           599 15    RA9SN            599  16       
QSO:    7034 CW 2025-11-29 1804 SQ9KDT           599 15    IU0ITX           599  15       
QSO:    7034 CW 2025-11-29 1805 SQ9KDT           599 15    G4L              599  14       
QSO:    7026 CW 2025-11-29 1832 SQ9KDT           599 15    IK2RLS           599  15       
QSO:    7026 CW 2025-11-29 1832 SQ9KDT           599 15    RD6OK            599  16       
QSO:    7026 CW 2025-11-29 1833 SQ9KDT           599 15    R6OF             599  16       
QSO:    7026 CW 2025-11-29 1834 SQ9KDT           599 15    DK6TV            599  14       
QSO:    7026 CW 2025-11-29 1834 SQ9KDT           599 15    DD1A             599  14       
QSO:    7026 CW 2025-11-29 1835 SQ9KDT           599 15    RM9A             599  17       
QSO:    7026 CW 2025-11-29 1836 SQ9KDT           599 15    SV1FJP           599  20       
QSO:    7026 CW 2025-11-29 1838 SQ9KDT           599 15    PD7CJT           599  14       
QSO:    7026 CW 2025-11-29 1841 SQ9KDT           599 15    UA4WAV           599  16       
QSO:    7026 CW 2025-11-29 1842 SQ9KDT           599 15    IK2LFF           599  15       
QSO:    7026 CW 2025-11-29 1843 SQ9KDT           599 15    R8CT             599  17       
QSO:    7026 CW 2025-11-29 1843 SQ9KDT           599 15    DJ7YP            599  14       
QSO:    7026 CW 2025-11-29 1844 SQ9KDT           599 15    UX1VX            599  16       
QSO:    1832 CW 2025-11-29 2153 SQ9KDT           599 15    OE5TXF           599  15       
QSO:    1832 CW 2025-11-29 2153 SQ9KDT           599 15    UW1U             599  16       
QSO:    1832 CW 2025-11-29 2154 SQ9KDT           599 15    F6KOP            599  14       
QSO:    1832 CW 2025-11-29 2154 SQ9KDT           599 15    SN0R             599  15       
QSO:    1832 CW 2025-11-29 2155 SQ9KDT           599 15    OL7K             599  15       
QSO:    1832 CW 2025-11-29 2158 SQ9KDT           599 15    DL4VK            599  14       
QSO:    1832 CW 2025-11-29 2159 SQ9KDT           599 15    OK2TJ            599  15       
QSO:    1832 CW 2025-11-29 2200 SQ9KDT           599 15    HG7T             599  15       
QSO:    1832 CW 2025-11-29 2200 SQ9KDT           599 15    OT5L             599  14       
QSO:    1832 CW 2025-11-29 2201 SQ9KDT           599 15    YO8DOH           599  20       
QSO:    1832 CW 2025-11-29 2201 SQ9KDT           599 15    OE1TKW           599  15       
QSO:    1832 CW 2025-11-29 2202 SQ9KDT           599 15    SP7TBS           599  15       
QSO:    1832 CW 2025-11-29 2204 SQ9KDT           599 15    GM7A             599  14       
QSO:    1832 CW 2025-11-29 2205 SQ9KDT           599 15    OL4W             599  15       
QSO:    1832 CW 2025-11-29 2206 SQ9KDT           599 15    UR7HCX           599  16       
QSO:    1832 CW 2025-11-29 2207 SQ9KDT           599 15    DL3YEE           599  14       
QSO:    1832 CW 2025-11-29 2207 SQ9KDT           599 15    DL7PIA           599  14       
QSO:    1832 CW 2025-11-29 2209 SQ9KDT           599 15    DH1NSP           599  14       
QSO:    1832 CW 2025-11-29 2211 SQ9KDT           599 15    RM9A             599  17       
QSO:    1832 CW 2025-11-29 2211 SQ9KDT           599 15    UN4Q             599  17       
QSO:    1832 CW 2025-11-29 2212 SQ9KDT           599 15    DR7X             599  14       
QSO:    1832 CW 2025-11-29 2212 SQ9KDT           599 15    CN3A             599  33       
QSO:    1832 CW 2025-11-29 2213 SQ9KDT           599 15    RW3QJ            599  16       
QSO:    1832 CW 2025-11-29 2214 SQ9KDT           599 15    OZ5W             599  14       
QSO:    1832 CW 2025-11-29 2215 SQ9KDT           599 15    DL4ME            599  14       
QSO:    1832 CW 2025-11-29 2215 SQ9KDT           599 15    SM6LJU           599  14       
QSO:    1832 CW 2025-11-29 2216 SQ9KDT           599 15    R4RT             599  16       
QSO:    1832 CW 2025-11-29 2217 SQ9KDT           599 15    RM2U             599  16       
QSO:    1832 CW 2025-11-29 2217 SQ9KDT           599 15    M6T              599  14       
QSO:    1832 CW 2025-11-29 2218 SQ9KDT           599 15    OK1ATP           599  15       
QSO:    1832 CW 2025-11-29 2219 SQ9KDT           599 15    DK1FY            599  14       
QSO:    1832 CW 2025-11-29 2219 SQ9KDT           599 15    DK5WO            599  14       
QSO:    1832 CW 2025-11-29 2220 SQ9KDT           599 15    HA1AR            599  15       
QSO:    1832 CW 2025-11-29 2223 SQ9KDT           599 15    OL7T             599  15       
QSO:    1832 CW 2025-11-29 2223 SQ9KDT           599 15    OT7T             599  14       
QSO:    1832 CW 2025-11-29 2224 SQ9KDT           599 15    DL9NEI           599  14       
QSO:    1832 CW 2025-11-29 2224 SQ9KDT           599 15    IU8RIA           599  15       
QSO:    1832 CW 2025-11-29 2225 SQ9KDT           599 15    DL5ST            599  14       
QSO:    1832 CW 2025-11-29 2225 SQ9KDT           599 15    DL4KUG           599  14       
QSO:    1832 CW 2025-11-29 2226 SQ9KDT           599 15    DF7EF            599  14       
QSO:    1832 CW 2025-11-29 2226 SQ9KDT           599 15    E78ZX            599  15       
QSO:    1832 CW 2025-11-29 2227 SQ9KDT           599 15    F8FUA            599  14       
QSO:    1832 CW 2025-11-29 2229 SQ9KDT           599 15    UY0ZG            599  16       
QSO:    1832 CW 2025-11-29 2230 SQ9KDT           599 15    LY2MM            599  15       
QSO:    1832 CW 2025-11-29 2231 SQ9KDT           599 15    DF8XC            599  14       
QSO:    1832 CW 2025-11-29 2231 SQ9KDT           599 15    EU4E             599  16       
QSO:    1832 CW 2025-11-29 2232 SQ9KDT           599 15    DK1LRS           599  14       
QSO:    1832 CW 2025-11-29 2234 SQ9KDT           599 15    EC1A             599  14       
QSO:    1831 CW 2025-11-29 2234 SQ9KDT           599 15    DD1A             599  14       
QSO:    1831 CW 2025-11-29 2235 SQ9KDT           599 15    OM3CUG           599  15       
QSO:    1831 CW 2025-11-29 2237 SQ9KDT           599 15    G3T              599  14       
QSO:    1831 CW 2025-11-29 2240 SQ9KDT           599 15    HA0MK            599  15       
QSO:    1831 CW 2025-11-29 2241 SQ9KDT           599 15    OM3CDN           599  15       
QSO:    1831 CW 2025-11-29 2242 SQ9KDT           599 15    DM7A             599  14       
QSO:    3533 CW 2025-11-29 2321 SQ9KDT           599 15    DK3UA            599  14       
QSO:    3533 CW 2025-11-29 2322 SQ9KDT           599 15    YO5AVN           599  20       
QSO:    3533 CW 2025-11-29 2323 SQ9KDT           599 15    UA4M             599  16       
QSO:    3533 CW 2025-11-29 2323 SQ9KDT           599 15    HG1G             599  15       
QSO:    3533 CW 2025-11-29 2323 SQ9KDT           599 15    IP2A             599  15       
QSO:    3533 CW 2025-11-29 2324 SQ9KDT           599 15    DM4X             599  14       
QSO:    3533 CW 2025-11-29 2324 SQ9KDT           599 15    RW4W             599  16       
QSO:    3533 CW 2025-11-29 2325 SQ9KDT           599 15    DL5BTE           599  14       
QSO:    3533 CW 2025-11-29 2325 SQ9KDT           599 15    HG7T             599  15       
QSO:    3533 CW 2025-11-29 2326 SQ9KDT           599 15    YU5T             599  15       
QSO:    3533 CW 2025-11-29 2326 SQ9KDT           599 15    OK1VK            599  15       
QSO:    3533 CW 2025-11-29 2326 SQ9KDT           599 15    S54A             599  15       
QSO:    3533 CW 2025-11-29 2327 SQ9KDT           599 15    RM9A             599  17       
QSO:    3533 CW 2025-11-29 2327 SQ9KDT           599 15    G0EF             599  14       
QSO:    3533 CW 2025-11-29 2328 SQ9KDT           599 15    TK0C             599  15       
QSO:    3533 CW 2025-11-29 2328 SQ9KDT           599 15    HA6FQ            599  15       
QSO:    3533 CW 2025-11-29 2329 SQ9KDT           599 15    LZ1GE            599  20       
QSO:    3533 CW 2025-11-29 2330 SQ9KDT           599 15    DL2RUG           599  14       
QSO:    3533 CW 2025-11-29 2331 SQ9KDT           599 15    OT7T             599  14       
QSO:    3533 CW 2025-11-29 2331 SQ9KDT           599 15    HG6N             599  15       
QSO:    3533 CW 2025-11-29 2332 SQ9KDT           599 15    OK1TRJ           599  15       
QSO:    3533 CW 2025-11-29 2332 SQ9KDT           599 15    UA7K             599  16       
QSO:    3533 CW 2025-11-29 2333 SQ9KDT           599 15    E79D             599  15       
QSO:    3533 CW 2025-11-29 2333 SQ9KDT           599 15    HB7X             599  14       
QSO:    3533 CW 2025-11-29 2334 SQ9KDT           599 15    UX5UN            599  16       
QSO:    3533 CW 2025-11-29 2335 SQ9KDT           599 15    RN4SS            599  16       
QSO:    3533 CW 2025-11-29 2335 SQ9KDT           599 15    ES9C             599  15       
QSO:    3533 CW 2025-11-29 2336 SQ9KDT           599 15    DP9A             599  14       
QSO:    3533 CW 2025-11-29 2337 SQ9KDT           599 15    EA8BW            599  33       
QSO:    3533 CW 2025-11-29 2337 SQ9KDT           599 15    S56C             599  15       
QSO:    3533 CW 2025-11-29 2338 SQ9KDT           599 15    9A1CCY           599  15       
QSO:    3533 CW 2025-11-29 2339 SQ9KDT           599 15    OK1BLU           599  15       
QSO:    3533 CW 2025-11-29 2340 SQ9KDT           599 15    F5KIE            599  14       
QSO:    3533 CW 2025-11-29 2340 SQ9KDT           599 15    RT6A             599  16       
QSO:    3533 CW 2025-11-29 2340 SQ9KDT           599 15    9A1P             599  15       
QSO:    3533 CW 2025-11-29 2341 SQ9KDT           599 15    R3ZP             599  16       
QSO:    3533 CW 2025-11-29 2341 SQ9KDT           599 15    OK7O             599  15       
QSO:    3533 CW 2025-11-29 2341 SQ9KDT           599 15    SE5B             599  14       
QSO:    3533 CW 2025-11-29 2342 SQ9KDT           599 15    RN9N             599  17       
QSO:    3533 CW 2025-11-29 2342 SQ9KDT           599 15    DC4A             599  14       
QSO:    3533 CW 2025-11-29 2343 SQ9KDT           599 15    YU1A             599  15       
QSO:    3533 CW 2025-11-29 2343 SQ9KDT           599 15    OZ5W             599  14       
QSO:    3533 CW 2025-11-29 2344 SQ9KDT           599 15    G6A              599  14       
QSO:    3533 CW 2025-11-29 2344 SQ9KDT           599 15    PI4CC            599  14       
QSO:    3533 CW 2025-11-29 2344 SQ9KDT           599 15    SM5KQS           599  14       
QSO:    3533 CW 2025-11-29 2345 SQ9KDT           599 15    IO4X             599  15       
QSO:    3533 CW 2025-11-29 2345 SQ9KDT           599 15    F5MQU            599  14       
QSO:    3533 CW 2025-11-29 2346 SQ9KDT           599 15    PI4KAR           599  14       
QSO:    3533 CW 2025-11-29 2347 SQ9KDT           599 15    TM8F             599  14       
QSO:    3533 CW 2025-11-29 2347 SQ9KDT           599 15    RU4K             599  16       
QSO:    3533 CW 2025-11-29 2349 SQ9KDT           599 15    R8TT             599  16       
QSO:    3533 CW 2025-11-29 2349 SQ9KDT           599 15    OH2PM            599  15       
QSO:    3533 CW 2025-11-29 2349 SQ9KDT           599 15    OK1FKD           599  15       
QSO:    3533 CW 2025-11-29 2350 SQ9KDT           599 15    S57WW            599  15       
QSO:    3533 CW 2025-11-29 2350 SQ9KDT           599 15    DP7D             599  14       
QSO:    3533 CW 2025-11-29 2351 SQ9KDT           599 15    DF1VB            599  14       
QSO:    3533 CW 2025-11-29 2351 SQ9KDT           599 15    DL3AZ            599  14       
QSO:    3533 CW 2025-11-29 2352 SQ9KDT           599 15    SM5CSS           599  14       
QSO:    3533 CW 2025-11-29 2352 SQ9KDT           599 15    UR5WX            599  16       
QSO:    3533 CW 2025-11-29 2354 SQ9KDT           599 15    RA2FO            599  15       
QSO:    3533 CW 2025-11-29 2356 SQ9KDT           599 15    TA1NAI           599  20       
QSO:    3533 CW 2025-11-29 2356 SQ9KDT           599 15    S53K             599  15       
QSO:    3533 CW 2025-11-29 2357 SQ9KDT           599 15    SM0Q             599  14       
QSO:    3533 CW 2025-11-30 0001 SQ9KDT           599 15    RK6O             599  16       
QSO:    3533 CW 2025-11-30 0001 SQ9KDT           599 15    DL0FTL           599  14       
QSO:    3533 CW 2025-11-30 0002 SQ9KDT           599 15    IO6T             599  15       
QSO:    3533 CW 2025-11-30 0002 SQ9KDT           599 15    DL5MAE           599  14       
QSO:    3533 CW 2025-11-30 0002 SQ9KDT           599 15    UY2UZ            599  16       
QSO:    3533 CW 2025-11-30 0003 SQ9KDT           599 15    OM5KM            599  15       
QSO:    3533 CW 2025-11-30 0004 SQ9KDT           599 15    OK5IM            599  15       
QSO:    3533 CW 2025-11-30 0004 SQ9KDT           599 15    OG1F             599  15       
QSO:    3533 CW 2025-11-30 0005 SQ9KDT           599 15    DK7HA            599  14       
QSO:    3533 CW 2025-11-30 0006 SQ9KDT           599 15    EF3T             599  14       
QSO:    3533 CW 2025-11-30 0007 SQ9KDT           599 15    EW2A             599  16       
QSO:    3533 CW 2025-11-30 0007 SQ9KDT           599 15    R7OV             599  16       
QSO:    3533 CW 2025-11-30 0007 SQ9KDT           599 15    OG5B             599  15       
QSO:    3533 CW 2025-11-30 0009 SQ9KDT           599 15    HG5A             599  15       
QSO:    3533 CW 2025-11-30 0010 SQ9KDT           599 15    M4T              599  14       
QSO:    3533 CW 2025-11-30 0010 SQ9KDT           599 15    DK1MCS           599  14       
QSO:    3533 CW 2025-11-30 0011 SQ9KDT           599 15    F6KOP            599  14       
QSO:    3533 CW 2025-11-30 0011 SQ9KDT           599 15    LZ5R             599  20       
QSO:    3533 CW 2025-11-30 0014 SQ9KDT           599 15    F5LVR            599  14       
QSO:    3533 CW 2025-11-30 0014 SQ9KDT           599 15    S57KM            599  15       
QSO:    3533 CW 2025-11-30 0015 SQ9KDT           599 15    OE8TED           599  15       
QSO:    3533 CW 2025-11-30 0015 SQ9KDT           599 15    OE3A             599  15       
QSO:    3533 CW 2025-11-30 0015 SQ9KDT           599 15    S53X             599  15       
QSO:    3533 CW 2025-11-30 0016 SQ9KDT           599 15    LZ9W             599  20       
QSO:    3533 CW 2025-11-30 0016 SQ9KDT           599 15    UR5KO            599  16       
QSO:    3533 CW 2025-11-30 0017 SQ9KDT           599 15    OM7M             599  15       
QSO:    3533 CW 2025-11-30 0017 SQ9KDT           599 15    9A5M             599  15       
QSO:    3533 CW 2025-11-30 0018 SQ9KDT           599 15    E7DX             599  15       
QSO:    3533 CW 2025-11-30 0019 SQ9KDT           599 15    CR3W             599  33       
QSO:    3533 CW 2025-11-30 0020 SQ9KDT           599 15    YO3FRI           599  20       
QSO:    3533 CW 2025-11-30 0020 SQ9KDT           599 15    YT2U             599  15       
QSO:    3533 CW 2025-11-30 0021 SQ9KDT           599 15    EA3RR            599  14       
QSO:    3533 CW 2025-11-30 0021 SQ9KDT           599 15    S53Z             599  15       
QSO:    3533 CW 2025-11-30 0022 SQ9KDT           599 15    F6EZV            599  14       
QSO:    3533 CW 2025-11-30 0023 SQ9KDT           599 15    HA5PA            599  15       
QSO:    3533 CW 2025-11-30 0024 SQ9KDT           599 15    OK1DMP           599  15       
QSO:    3533 CW 2025-11-30 0024 SQ9KDT           599 15    YU3DX            599  15       
QSO:    3533 CW 2025-11-30 0025 SQ9KDT           599 15    DL2VN            599  14       
QSO:    3533 CW 2025-11-30 0026 SQ9KDT           599 15    DF0JEN           599  14       
QSO:    3533 CW 2025-11-30 0026 SQ9KDT           599 15    OL7K             599  15       
QSO:    3533 CW 2025-11-30 0026 SQ9KDT           599 15    LY2K             599  15       
QSO:    3533 CW 2025-11-30 0027 SQ9KDT           599 15    2E0CEY           599  14       
QSO:    3533 CW 2025-11-30 0027 SQ9KDT           599 15    HA8L             599  15       
QSO:    3533 CW 2025-11-30 0029 SQ9KDT           599 15    UI8C             599  17       
QSO:    7033 CW 2025-11-30 0039 SQ9KDT           599 15    N2AA             599  05       
QSO:    7033 CW 2025-11-30 0039 SQ9KDT           599 15    LZ5R             599  20       
QSO:    7033 CW 2025-11-30 0043 SQ9KDT           599 15    WK1O             599  05       
QSO:    7033 CW 2025-11-30 0044 SQ9KDT           599 15    K2AX             599  05       
QSO:    7033 CW 2025-11-30 0044 SQ9KDT           599 15    IO4M             599  15       
QSO:    7033 CW 2025-11-30 0045 SQ9KDT           599 15    K3OO             599  05       
QSO:    7033 CW 2025-11-30 0047 SQ9KDT           599 15    N5RL             599  04       
QSO:    7033 CW 2025-11-30 0048 SQ9KDT           599 15    KU8L             599  04       
QSO:    7033 CW 2025-11-30 0050 SQ9KDT           599 15    NN1SS            599  05       
QSO:    7033 CW 2025-11-30 0050 SQ9KDT           599 15    K3CCR            599  05       
QSO:    7033 CW 2025-11-30 0052 SQ9KDT           599 15    VA1RST           599  05       
QSO:    7033 CW 2025-11-30 0052 SQ9KDT           599 15    N3AM             599  05       
QSO:    7033 CW 2025-11-30 0052 SQ9KDT           599 15    W2CG             599  05       
QSO:    7033 CW 2025-11-30 0055 SQ9KDT           599 15    AI4WW            599  05       
QSO:    7033 CW 2025-11-30 0055 SQ9KDT           599 15    N2MF             599  05       
QSO:    7033 CW 2025-11-30 0056 SQ9KDT           599 15    W2XL             599  05       
QSO:    7033 CW 2025-11-30 0056 SQ9KDT           599 15    N4RV             599  05       
QSO:    7033 CW 2025-11-30 0057 SQ9KDT           599 15    W8FJ             599  05       
QSO:    7033 CW 2025-11-30 0057 SQ9KDT           599 15    AA1K             599  05       
QSO:    7033 CW 2025-11-30 0058 SQ9KDT           599 15    N2HMM            599  05       
QSO:    7033 CW 2025-11-30 0059 SQ9KDT           599 15    N2LBR            599  05       
QSO:    7033 CW 2025-11-30 0101 SQ9KDT           599 15    S52WD            599  15       
QSO:    7033 CW 2025-11-30 0104 SQ9KDT           599 15    K8ALY            599  04       
QSO:    7033 CW 2025-11-30 0105 SQ9KDT           599 15    YU2M             599  15       
QSO:    7033 CW 2025-11-30 0111 SQ9KDT           599 15    OM7M             599  15       
QSO:    7033 CW 2025-11-30 0111 SQ9KDT           599 15    N4EXA            599  05       
QSO:    7033 CW 2025-11-30 0112 SQ9KDT           599 15    W2FV             599  05       
QSO:    7033 CW 2025-11-30 0114 SQ9KDT           599 15    RN7A             599  16       
QSO:    7073 CW 2025-11-30 0116 SQ9KDT           599 15    EX9A             599  17       
QSO:    7072 CW 2025-11-30 0117 SQ9KDT           599 15    K4RUM            599  05       
QSO:    7071 CW 2025-11-30 0119 SQ9KDT           599 15    9H6A             599  15       
QSO:    7071 CW 2025-11-30 0119 SQ9KDT           599 15    ME5W             599  14       
QSO:    7070 CW 2025-11-30 0121 SQ9KDT           599 15    V47T             599  08       
QSO:    7068 CW 2025-11-30 0123 SQ9KDT           599 15    ED7W             599  14       
QSO:    7069 CW 2025-11-30 0128 SQ9KDT           599 15    3B8M             599  39       
QSO:    7065 CW 2025-11-30 0135 SQ9KDT           599 15    PJ5C             599  08       
QSO:    7063 CW 2025-11-30 0136 SQ9KDT           599 15    ZF5T             599  08       
QSO:    7062 CW 2025-11-30 0138 SQ9KDT           599 15    TC2E             599  20       
QSO:    7059 CW 2025-11-30 0146 SQ9KDT           599 15    V26K             599  08       
QSO:    7051 CW 2025-11-30 0154 SQ9KDT           599 15    RW0A             599  18       
QSO:    7050 CW 2025-11-30 0155 SQ9KDT           599 15    CQ9A             599  33       
QSO:    7048 CW 2025-11-30 0201 SQ9KDT           599 15    PJ2T             599  09       
QSO:    7046 CW 2025-11-30 0202 SQ9KDT           599 15    IB9R             599  15       
QSO:    7045 CW 2025-11-30 0203 SQ9KDT           599 15    P3CR             599  20       
QSO:    7044 CW 2025-11-30 0205 SQ9KDT           599 15    UN3J             599  17       
QSO:    7040 CW 2025-11-30 0205 SQ9KDT           599 15    NW3Y             599  05       
QSO:    7039 CW 2025-11-30 0206 SQ9KDT           599 15    HQ9X             599  07       
QSO:    7036 CW 2025-11-30 0210 SQ9KDT           599 15    PW2K             599  11       
QSO:    7035 CW 2025-11-30 0211 SQ9KDT           599 15    TM4S             599  14       
QSO:    7033 CW 2025-11-30 0212 SQ9KDT           599 15    N3RD             599  05       
QSO:    7027 CW 2025-11-30 0216 SQ9KDT           599 15    EI7M             599  14       
QSO:    7021 CW 2025-11-30 0221 SQ9KDT           599 15    N4WW             599  05       
QSO:    7016 CW 2025-11-30 0223 SQ9KDT           599 15    RA4AR            599  16       
QSO:    7015 CW 2025-11-30 0224 SQ9KDT           599 15    R7NW             599  16       
QSO:    7006 CW 2025-11-30 0227 SQ9KDT           599 15    IP0A             599  15       
QSO:    7002 CW 2025-11-30 0229 SQ9KDT           599 15    RT6A             599  16       
QSO:    7001 CW 2025-11-30 0230 SQ9KDT           599 15    P44W             599  09       
QSO:    7001 CW 2025-11-30 0230 SQ9KDT           599 15    4K6FO            599  21       
QSO:    3540 CW 2025-11-30 0605 SQ9KDT           599 15    DL3YM            599  14       
QSO:    3540 CW 2025-11-30 0606 SQ9KDT           599 15    OK1USP           599  15       
QSO:    3540 CW 2025-11-30 0606 SQ9KDT           599 15    LY7Z             599  15       
QSO:    3540 CW 2025-11-30 0607 SQ9KDT           599 15    PE6RR            599  14       
QSO:    3540 CW 2025-11-30 0607 SQ9KDT           599 15    E73X             599  15       
QSO:    3540 CW 2025-11-30 0608 SQ9KDT           599 15    OM3CPF           599  15       
QSO:    3540 CW 2025-11-30 0609 SQ9KDT           599 15    OK2PYA           599  15       
QSO:    3540 CW 2025-11-30 0609 SQ9KDT           599 15    IN3OWY           599  15       
QSO:    3540 CW 2025-11-30 0609 SQ9KDT           599 15    DL5WO            599  14       
QSO:    3540 CW 2025-11-30 0610 SQ9KDT           599 15    HB9BXE           599  14       
QSO:    3540 CW 2025-11-30 0610 SQ9KDT           599 15    DL1SAN           599  14       
QSO:    3540 CW 2025-11-30 0611 SQ9KDT           599 15    SF6W             599  14       
QSO:    3540 CW 2025-11-30 0611 SQ9KDT           599 15    OL3A             599  15       
QSO:    3540 CW 2025-11-30 0612 SQ9KDT           599 15    LY5I             599  15       
QSO:    3540 CW 2025-11-30 0612 SQ9KDT           599 15    EA5LU            599  14       
QSO:    3540 CW 2025-11-30 0613 SQ9KDT           599 15    OK1DKR           599  15       
QSO:    3540 CW 2025-11-30 0614 SQ9KDT           599 15    K4LR             599  05       
QSO:    3540 CW 2025-11-30 0614 SQ9KDT           599 15    DA0T             599  14       
QSO:    3540 CW 2025-11-30 0616 SQ9KDT           599 15    DK0OD            599  14       
QSO:    3540 CW 2025-11-30 0616 SQ9KDT           599 15    LY4K             599  15       
QSO:    3540 CW 2025-11-30 0616 SQ9KDT           599 15    YO7NSP           599  20       
QSO:    3540 CW 2025-11-30 0617 SQ9KDT           599 15    K3ZU             599  05       
QSO:    3540 CW 2025-11-30 0618 SQ9KDT           599 15    HA2VH            599  15       
QSO:    3540 CW 2025-11-30 0618 SQ9KDT           599 15    M0TDW            599  14       
QSO:    3540 CW 2025-11-30 0619 SQ9KDT           599 15    LN8W             599  14       
QSO:    3540 CW 2025-11-30 0619 SQ9KDT           599 15    PA6G             599  14       
QSO:    3540 CW 2025-11-30 0620 SQ9KDT           599 15    LY7R             599  15       
QSO:    3540 CW 2025-11-30 0622 SQ9KDT           599 15    PA6X             599  14       
QSO:    3540 CW 2025-11-30 0622 SQ9KDT           599 15    HA5PT            599  15       
QSO:    3540 CW 2025-11-30 0623 SQ9KDT           599 15    YL2NK            599  15       
QSO:    3540 CW 2025-11-30 0635 SQ9KDT           599 15    DL4FAY           599  14       
QSO:    3540 CW 2025-11-30 0635 SQ9KDT           599 15    9A1A             599  15       
QSO:    3540 CW 2025-11-30 0635 SQ9KDT           599 15    OM5MX            599  15       
QSO:    3540 CW 2025-11-30 0636 SQ9KDT           599 15    DF0AT            599  14       
QSO:    3540 CW 2025-11-30 0637 SQ9KDT           599 15    DJ3HW            599  14       
QSO:    3540 CW 2025-11-30 0638 SQ9KDT           599 15    KC1XX            599  05       
QSO:    3540 CW 2025-11-30 0639 SQ9KDT           599 15    G5Q              599  14       
QSO:    3540 CW 2025-11-30 0639 SQ9KDT           599 15    F6KDL            599  14       
QSO:    3540 CW 2025-11-30 0640 SQ9KDT           599 15    M6T              599  14       
QSO:    3540 CW 2025-11-30 0640 SQ9KDT           599 15    S55VTG           599  15       
QSO:    3540 CW 2025-11-30 0641 SQ9KDT           599 15    OU3A             599  14       
QSO:    3540 CW 2025-11-30 0642 SQ9KDT           599 15    IO3F             599  15       
QSO:    3540 CW 2025-11-30 0642 SQ9KDT           599 15    F5IDJ            599  14       
QSO:    3540 CW 2025-11-30 0644 SQ9KDT           599 15    SP4AWE           599  15       
QSO:    3540 CW 2025-11-30 0644 SQ9KDT           599 15    SM3EVR           599  14       
QSO:    3540 CW 2025-11-30 0645 SQ9KDT           599 15    OG6N             599  15       
QSO:    3540 CW 2025-11-30 0647 SQ9KDT           599 15    SD1A             599  14       
QSO:    3540 CW 2025-11-30 0648 SQ9KDT           599 15    DF2AJ            599  14       
QSO:    3540 CW 2025-11-30 0648 SQ9KDT           599 15    SE4E             599  14       
QSO:    3540 CW 2025-11-30 0649 SQ9KDT           599 15    IK2ULV           599  15       
QSO:    3540 CW 2025-11-30 0650 SQ9KDT           599 15    DD2D             599  14       
QSO:    3540 CW 2025-11-30 0650 SQ9KDT           599 15    SM6IQD           599  14       
QSO:    3540 CW 2025-11-30 0651 SQ9KDT           599 15    DL8WN            599  14       
QSO:    3540 CW 2025-11-30 0651 SQ9KDT           599 15    W3LPL            599  05       
QSO:    3540 CW 2025-11-30 0653 SQ9KDT           599 15    GE5E             599  14       
QSO:    3540 CW 2025-11-30 0653 SQ9KDT           599 15    DA3T             599  14       
QSO:    3540 CW 2025-11-30 0654 SQ9KDT           599 15    PA3EWG           599  14       
QSO:   28038 CW 2025-11-30 0700 SQ9KDT           599 15    BA3OM            599  24       
QSO:   28080 CW 2025-11-30 0701 SQ9KDT           599 15    HA5PP            599  15       
QSO:   28081 CW 2025-11-30 0701 SQ9KDT           599 15    ZW5D             599  11       
QSO:   28079 CW 2025-11-30 0703 SQ9KDT           599 15    IO3X             599  15       
QSO:   28070 CW 2025-11-30 0704 SQ9KDT           599 15    JQ1TAR           599  25       
QSO:   28069 CW 2025-11-30 0705 SQ9KDT           599 15    AH2R             599  27       
QSO:   28068 CW 2025-11-30 0707 SQ9KDT           599 15    VR2TA            599  24       
QSO:   28066 CW 2025-11-30 0709 SQ9KDT           599 15    BG0DLA           599  23       
QSO:   28066 CW 2025-11-30 0709 SQ9KDT           599 15    OG1F             599  15       
QSO:   28062 CW 2025-11-30 0711 SQ9KDT           599 15    UA9TF            599  16       
QSO:   28061 CW 2025-11-30 0712 SQ9KDT           599 15    E2M              599  26       
QSO:   28060 CW 2025-11-30 0719 SQ9KDT           599 15    3D2AG            599  32       
QSO:   28059 CW 2025-11-30 0721 SQ9KDT           599 15    7A2A             599  28       
QSO:   28058 CW 2025-11-30 0722 SQ9KDT           599 15    BY3GA            599  23       
QSO:   28058 CW 2025-11-30 0723 SQ9KDT           599 15    VU2CDP           599  22       
QSO:   28057 CW 2025-11-30 0724 SQ9KDT           599 15    VU2SRT           599  22       
QSO:   28057 CW 2025-11-30 0724 SQ9KDT           599 15    JI1RXQ           599  25       
QSO:   28056 CW 2025-11-30 0726 SQ9KDT           599 15    BA7LOK           599  24       
QSO:   28056 CW 2025-11-30 0727 SQ9KDT           599 15    OM3CW            599  15       
QSO:   28054 CW 2025-11-30 0730 SQ9KDT           599 15    RA0R             599  18       
QSO:   28052 CW 2025-11-30 0731 SQ9KDT           599 15    9A7W             599  15       
QSO:   28050 CW 2025-11-30 0734 SQ9KDT           599 15    JH1GEX           599  25       
QSO:   28046 CW 2025-11-30 0747 SQ9KDT           599 15    V85RH            599  28       
QSO:   28044 CW 2025-11-30 0748 SQ9KDT           599 15    A71WW            599  21       
QSO:   28042 CW 2025-11-30 0750 SQ9KDT           599 15    JF2QNM           599  25       
QSO:   28039 CW 2025-11-30 0751 SQ9KDT           599 15    UA9CDC           599  17       
QSO:   28039 CW 2025-11-30 0752 SQ9KDT           599 15    9M6NA            599  28       
QSO:   28039 CW 2025-11-30 0753 SQ9KDT           599 15    BY1CY            599  24       
QSO:   28032 CW 2025-11-30 0759 SQ9KDT           599 15    GM5GG            599  14       
QSO:   28029 CW 2025-11-30 0802 SQ9KDT           599 15    CR3W             599  33       
QSO:   28026 CW 2025-11-30 0806 SQ9KDT           599 15    DP9A             599  14       
QSO:   28026 CW 2025-11-30 0806 SQ9KDT           599 15    LY2K             599  15       
QSO:   28024 CW 2025-11-30 0814 SQ9KDT           599 15    VL4A             599  30       
QSO:   28023 CW 2025-11-30 0815 SQ9KDT           599 15    BY7KP            599  24       
QSO:   28019 CW 2025-11-30 0817 SQ9KDT           599 15    M6T              599  14       
QSO:   28017 CW 2025-11-30 0819 SQ9KDT           599 15    BY7WZ            599  24       
QSO:   28012 CW 2025-11-30 0825 SQ9KDT           599 15    A44A             599  21       
QSO:   28006 CW 2025-11-30 0827 SQ9KDT           599 15    UA9LAO           599  17       
QSO:   28006 CW 2025-11-30 0828 SQ9KDT           599 15    RW0A             599  18       
QSO:   28004 CW 2025-11-30 0829 SQ9KDT           599 15    EA5M             599  14       
QSO:   28001 CW 2025-11-30 0830 SQ9KDT           599 15    P3AA             599  20       
QSO:   21093 CW 2025-11-30 0836 SQ9KDT           599 15    OZ8YG            599  14       
QSO:   21092 CW 2025-11-30 0837 SQ9KDT           599 15    JH4IFF           599  25       
QSO:   21090 CW 2025-11-30 0840 SQ9KDT           599 15    RA8AL            599  17       
QSO:   21087 CW 2025-11-30 0843 SQ9KDT           599 15    SZ1A             599  20       
QSO:   21084 CW 2025-11-30 0844 SQ9KDT           599 15    CQ9A             599  33       
QSO:   21083 CW 2025-11-30 0846 SQ9KDT           599 15    RW0AJ            599  18       
QSO:   21083 CW 2025-11-30 0846 SQ9KDT           599 15    UA9AT            599  17       
QSO:   21080 CW 2025-11-30 0848 SQ9KDT           599 15    SP3Z             599  15       
QSO:   21080 CW 2025-11-30 0849 SQ9KDT           599 15    E7Y              599  15       
QSO:   21079 CW 2025-11-30 0851 SQ9KDT           599 15    RK6OQ            599  16       
QSO:   21078 CW 2025-11-30 0852 SQ9KDT           599 15    SV5DKL           599  20       
QSO:   21069 CW 2025-11-30 0857 SQ9KDT           599 15    OG1F             599  15       
QSO:   21068 CW 2025-11-30 0859 SQ9KDT           599 15    R2ZU             599  16       
QSO:   21067 CW 2025-11-30 0900 SQ9KDT           599 15    LZ1ND            599  20       
QSO:   21066 CW 2025-11-30 0900 SQ9KDT           599 15    BG0DLA           599  23       
QSO:   21065 CW 2025-11-30 0902 SQ9KDT           599 15    LX7I             599  14       
QSO:   21063 CW 2025-11-30 0904 SQ9KDT           599 15    EA1X             599  14       
QSO:   21061 CW 2025-11-30 0905 SQ9KDT           599 15    BI6LFJ           599  24       
QSO:   21059 CW 2025-11-30 0907 SQ9KDT           599 15    PC5C             599  14       
QSO:   21059 CW 2025-11-30 0908 SQ9KDT           599 15    UD6M             599  16       
QSO:   21058 CW 2025-11-30 0912 SQ9KDT           599 15    A65B             599  21       
QSO:   21054 CW 2025-11-30 0914 SQ9KDT           599 15    P3CR             599  20       
QSO:   21050 CW 2025-11-30 0917 SQ9KDT           599 15    CR6K             599  14       
QSO:   21036 CW 2025-11-30 0918 SQ9KDT           599 15    M6N              599  14       
QSO:   21035 CW 2025-11-30 0919 SQ9KDT           599 15    LZ6C             599  20       
QSO:   21034 CW 2025-11-30 0923 SQ9KDT           599 15    OL5Y             599  15       
QSO:   21022 CW 2025-11-30 0925 SQ9KDT           599 15    UA4M             599  16       
QSO:   21016 CW 2025-11-30 0926 SQ9KDT           599 15    UC5D             599  16       
QSO:   21015 CW 2025-11-30 0927 SQ9KDT           599 15    R8KC             599  17       
QSO:   21015 CW 2025-11-30 0929 SQ9KDT           599 15    IO4M             599  15       
QSO:   21005 CW 2025-11-30 0931 SQ9KDT           599 15    OK1KKI           599  15       
QSO:   14093 CW 2025-11-30 0949 SQ9KDT           599 15    OL0A             599  15       
QSO:   14087 CW 2025-11-30 0950 SQ9KDT           599 15    GJ2A             599  14       
QSO:   14086 CW 2025-11-30 0951 SQ9KDT           599 15    OM7K             599  15       
QSO:   14086 CW 2025-11-30 0952 SQ9KDT           599 15    ED1R             599  14       
QSO:   14083 CW 2025-11-30 0954 SQ9KDT           599 15    UA5B             599  16       
QSO:   14078 CW 2025-11-30 0954 SQ9KDT           599 15    UA9AT            599  17       
QSO:   14071 CW 2025-11-30 0956 SQ9KDT           599 15    LA9GX            599  14       
QSO:   14071 CW 2025-11-30 0959 SQ9KDT           599 15    TC2E             599  20       
QSO:   14066 CW 2025-11-30 1001 SQ9KDT           599 15    LX7I             599  14       
QSO:   14064 CW 2025-11-30 1003 SQ9KDT           599 15    TA3JOH           599  20       
QSO:   14060 CW 2025-11-30 1005 SQ9KDT           599 15    BY4JN            599  24       
QSO:   14060 CW 2025-11-30 1006 SQ9KDT           599 15    UN9L             599  17       
QSO:   14057 CW 2025-11-30 1007 SQ9KDT           599 15    RG2A             599  16       
QSO:   14055 CW 2025-11-30 1010 SQ9KDT           599 15    Z35M             599  15       
QSO:   14054 CW 2025-11-30 1011 SQ9KDT           599 15    9A1P             599  15       
QSO:   14052 CW 2025-11-30 1012 SQ9KDT           599 15    3Z1K             599  15       
QSO:   14050 CW 2025-11-30 1015 SQ9KDT           599 15    IP2A             599  15       
QSO:   14048 CW 2025-11-30 1016 SQ9KDT           599 15    OF9X             599  15       
QSO:   14044 CW 2025-11-30 1020 SQ9KDT           599 15    P3X              599  20       
QSO:   14040 CW 2025-11-30 1022 SQ9KDT           599 15    RA5G             599  16       
QSO:   14033 CW 2025-11-30 1023 SQ9KDT           599 15    IB9T             599  15       
QSO:   14033 CW 2025-11-30 1024 SQ9KDT           599 15    YT3X             599  15       
QSO:   14026 CW 2025-11-30 1105 SQ9KDT           599 15    M6T              599  14       
QSO:   14021 CW 2025-11-30 1109 SQ9KDT           599 15    VK9DX            599  32       
QSO:   14019 CW 2025-11-30 1112 SQ9KDT           599 15    DM0A             599  14       
QSO:   14018 CW 2025-11-30 1113 SQ9KDT           599 15    LO7H             599  13       
QSO:   14011 CW 2025-11-30 1115 SQ9KDT           599 15    SV1JGE           599  20       
QSO:   14005 CW 2025-11-30 1116 SQ9KDT           599 15    4O3A             599  15       
QSO:   14059 CW 2025-11-30 1119 SQ9KDT           599 15    OH0V             599  15       
QSO:   14052 CW 2025-11-30 1120 SQ9KDT           599 15    LZ5R             599  20       
QSO:   14052 CW 2025-11-30 1121 SQ9KDT           599 15    OL3A             599  15       
QSO:   14052 CW 2025-11-30 1122 SQ9KDT           599 15    R3BDF            599  16       
QSO:   14052 CW 2025-11-30 1122 SQ9KDT           599 15    R3DDP            599  16       
QSO:   14052 CW 2025-11-30 1124 SQ9KDT           599 15    YT2ZE            599  15       
QSO:   14052 CW 2025-11-30 1124 SQ9KDT           599 15    IO4M             599  15       
QSO:   14052 CW 2025-11-30 1125 SQ9KDT           599 15    LZ9W             599  20       
QSO:   14052 CW 2025-11-30 1125 SQ9KDT           599 15    UA9CU            599  17       
QSO:   14052 CW 2025-11-30 1126 SQ9KDT           599 15    RL9O             599  18       
QSO:   14052 CW 2025-11-30 1128 SQ9KDT           599 15    LA8OM            599  14       
QSO:   14052 CW 2025-11-30 1129 SQ9KDT           599 15    PC1PM            599  14       
QSO:   14052 CW 2025-11-30 1129 SQ9KDT           599 15    R9XS             599  17       
QSO:   14052 CW 2025-11-30 1130 SQ9KDT           599 15    N1DE             599  05       
QSO:   14052 CW 2025-11-30 1131 SQ9KDT           599 15    JA7FTR           599  25       
QSO:   14052 CW 2025-11-30 1132 SQ9KDT           599 15    US1UP            599  16       
QSO:   14052 CW 2025-11-30 1133 SQ9KDT           599 15    HG6N             599  15       
QSO:   14052 CW 2025-11-30 1134 SQ9KDT           599 15    F5SGI            599  14       
QSO:   14052 CW 2025-11-30 1134 SQ9KDT           599 15    RV9CM            599  17       
QSO:   14052 CW 2025-11-30 1135 SQ9KDT           599 15    OZ5E             599  14       
QSO:   14052 CW 2025-11-30 1135 SQ9KDT           599 15    JE5JHZ           599  25       
QSO:   14052 CW 2025-11-30 1136 SQ9KDT           599 15    R6KX             599  16       
QSO:   14052 CW 2025-11-30 1137 SQ9KDT           599 15    Z33C             599  15       
QSO:   14052 CW 2025-11-30 1137 SQ9KDT           599 15    YU5T             599  15       
QSO:   14052 CW 2025-11-30 1137 SQ9KDT           599 15    RK9UM            599  18       
QSO:   14052 CW 2025-11-30 1139 SQ9KDT           599 15    DJ9CN            599  14       
QSO:   14052 CW 2025-11-30 1140 SQ9KDT           599 15    BY5EA            599  24       
QSO:   14052 CW 2025-11-30 1141 SQ9KDT           599 15    UR6EA            599  16       
QSO:   14052 CW 2025-11-30 1142 SQ9KDT           599 15    OM7M             599  15       
QSO:   14052 CW 2025-11-30 1143 SQ9KDT           599 15    HL3AMO           599  25       
QSO:   14052 CW 2025-11-30 1143 SQ9KDT           599 15    JH4UYB           599  25       
QSO:   14052 CW 2025-11-30 1144 SQ9KDT           599 15    UA3SDN           599  16       
QSO:   14052 CW 2025-11-30 1145 SQ9KDT           599 15    DL2NBY           599  14       
QSO:   14052 CW 2025-11-30 1146 SQ9KDT           599 15    UN7CAW           599  17       
QSO:   14052 CW 2025-11-30 1147 SQ9KDT           599 15    R5ACQ            599  16       
QSO:   14052 CW 2025-11-30 1148 SQ9KDT           599 15    DL1YAF           599  14       
QSO:   14052 CW 2025-11-30 1148 SQ9KDT           599 15    RT2H             599  16       
QSO:   14052 CW 2025-11-30 1149 SQ9KDT           599 15    RA6AR            599  16       
QSO:   14052 CW 2025-11-30 1150 SQ9KDT           599 15    EM7Q             599  16       
QSO:   14052 CW 2025-11-30 1150 SQ9KDT           599 15    RK0S             599  18       
QSO:   14052 CW 2025-11-30 1151 SQ9KDT           599 15    UD0O             599  18       
QSO:   14052 CW 2025-11-30 1152 SQ9KDT           599 15    RN4HAB           599  16       
QSO:   14052 CW 2025-11-30 1153 SQ9KDT           599 15    UA3YDI           599  16       
QSO:   14052 CW 2025-11-30 1153 SQ9KDT           599 15    KC1XX            599  05       
QSO:   14052 CW 2025-11-30 1154 SQ9KDT           599 15    BH6KOK           599  24       
QSO:   14052 CW 2025-11-30 1155 SQ9KDT           599 15    RC6AA            599  16       
QSO:   14052 CW 2025-11-30 1155 SQ9KDT           599 15    RT4F             599  16       
QSO:   14052 CW 2025-11-30 1155 SQ9KDT           599 15    PE2K             599  14       
QSO:   14052 CW 2025-11-30 1156 SQ9KDT           599 15    R9AE             599  17       
QSO:   14052 CW 2025-11-30 1156 SQ9KDT           599 15    HL5ZBP           599  25       
QSO:   14052 CW 2025-11-30 1157 SQ9KDT           599 15    W1NT             599  05       
QSO:   14052 CW 2025-11-30 1157 SQ9KDT           599 15    HG1R             599  15       
QSO:   14052 CW 2025-11-30 1200 SQ9KDT           599 15    SV2AEL           599  20       
QSO:   14052 CW 2025-11-30 1201 SQ9KDT           599 15    SV1AZL           599  20       
QSO:   28013 CW 2025-11-30 1206 SQ9KDT           599 15    HA2UH            599  15       
QSO:   28013 CW 2025-11-30 1209 SQ9KDT           599 15    UA6MA            599  16       
QSO:   21006 CW 2025-11-30 1212 SQ9KDT           599 15    UN4Q             599  17       
QSO:   21006 CW 2025-11-30 1213 SQ9KDT           599 15    DD2D             599  14       
QSO:   21006 CW 2025-11-30 1214 SQ9KDT           599 15    UA6LCN           599  16       
QSO:   21006 CW 2025-11-30 1214 SQ9KDT           599 15    UN7LAN           599  17       
QSO:   21006 CW 2025-11-30 1214 SQ9KDT           599 15    RA9Y             599  18       
QSO:   21006 CW 2025-11-30 1215 SQ9KDT           599 15    SM6CNN           599  14       
QSO:   21006 CW 2025-11-30 1216 SQ9KDT           599 15    HA5GF            599  15       
QSO:   21006 CW 2025-11-30 1216 SQ9KDT           599 15    R4IO             599  16       
QSO:   21006 CW 2025-11-30 1217 SQ9KDT           599 15    YO9AYN           599  20       
QSO:   21006 CW 2025-11-30 1218 SQ9KDT           599 15    OM7M             599  15       
QSO:   21006 CW 2025-11-30 1218 SQ9KDT           599 15    K3ZA             599  05       
QSO:   21006 CW 2025-11-30 1219 SQ9KDT           599 15    F5KLE            599  14       
QSO:   21006 CW 2025-11-30 1219 SQ9KDT           599 15    OH6LEZ           599  15       
QSO:   21006 CW 2025-11-30 1220 SQ9KDT           599 15    M0RYB            599  14       
QSO:   21006 CW 2025-11-30 1220 SQ9KDT           599 15    LA8OM            599  14       
QSO:   21006 CW 2025-11-30 1221 SQ9KDT           599 15    UA3RBR           599  16       
QSO:   21006 CW 2025-11-30 1222 SQ9KDT           599 15    UT5ZC/QRP        599  16       
QSO:   21006 CW 2025-11-30 1223 SQ9KDT           599 15    LA6IHA           599  14       
QSO:   21006 CW 2025-11-30 1224 SQ9KDT           599 15    9A5D             599  15       
QSO:   21006 CW 2025-11-30 1224 SQ9KDT           599 15    HG5C             599  15       
QSO:   21006 CW 2025-11-30 1225 SQ9KDT           599 15    SM3OMO           599  14       
QSO:   21006 CW 2025-11-30 1225 SQ9KDT           599 15    UP5B             599  17       
QSO:   21006 CW 2025-11-30 1225 SQ9KDT           599 15    M0XXM            599  14       
QSO:   21006 CW 2025-11-30 1225 SQ9KDT           599 15    N3NR             599  05       
QSO:   21006 CW 2025-11-30 1226 SQ9KDT           599 15    K1RO             599  05       
QSO:   21006 CW 2025-11-30 1226 SQ9KDT           599 15    R3MAI            599  16       
QSO:   21006 CW 2025-11-30 1227 SQ9KDT           599 15    RV6HV            599  16       
QSO:   21006 CW 2025-11-30 1228 SQ9KDT           599 15    WA3OFR           599  05       
QSO:   21006 CW 2025-11-30 1228 SQ9KDT           599 15    ED1S             599  14       
QSO:   21006 CW 2025-11-30 1229 SQ9KDT           599 15    UA4C             599  16       
QSO:   21006 CW 2025-11-30 1230 SQ9KDT           599 15    PY2QT            599  11       
QSO:   21006 CW 2025-11-30 1230 SQ9KDT           599 15    RU9AC            599  17       
QSO:   21006 CW 2025-11-30 1231 SQ9KDT           599 15    EA1ND            599  14       
QSO:   21006 CW 2025-11-30 1231 SQ9KDT           599 15    OK2GD            599  15       
QSO:   21006 CW 2025-11-30 1231 SQ9KDT           599 15    M6W              599  14       
QSO:   21006 CW 2025-11-30 1232 SQ9KDT           599 15    TK0C             599  15       
QSO:   21006 CW 2025-11-30 1232 SQ9KDT           599 15    LA7TO            599  14       
QSO:   21006 CW 2025-11-30 1233 SQ9KDT           599 15    G0LZL            599  14       
QSO:   21006 CW 2025-11-30 1234 SQ9KDT           599 15    G4RKO            599  14       
QSO:   21006 CW 2025-11-30 1234 SQ9KDT           599 15    LA8AW            599  14       
QSO:   21006 CW 2025-11-30 1235 SQ9KDT           599 15    UA6LQ            599  16       
QSO:   21006 CW 2025-11-30 1235 SQ9KDT           599 15    F6JSZ            599  14       
QSO:   21006 CW 2025-11-30 1236 SQ9KDT           599 15    W1WIM            599  05       
QSO:   21006 CW 2025-11-30 1237 SQ9KDT           599 15    UO8L             599  17       
QSO:   21006 CW 2025-11-30 1237 SQ9KDT           599 15    K3QF             599  05       
QSO:   21006 CW 2025-11-30 1238 SQ9KDT           599 15    K3ATO            599  05       
QSO:   21006 CW 2025-11-30 1239 SQ9KDT           599 15    F6IIT            599  14       
QSO:   21006 CW 2025-11-30 1239 SQ9KDT           599 15    SV8DJW           599  20       
QSO:   21006 CW 2025-11-30 1240 SQ9KDT           599 15    N3ZP             599  05       
QSO:   21006 CW 2025-11-30 1240 SQ9KDT           599 15    EA3TJ            599  14       
QSO:   21006 CW 2025-11-30 1241 SQ9KDT           599 15    HA5JI            599  15       
QSO:   21006 CW 2025-11-30 1242 SQ9KDT           599 15    YU2M             599  15       
QSO:   21006 CW 2025-11-30 1243 SQ9KDT           599 15    M7TEI            599  14       
QSO:   21006 CW 2025-11-30 1243 SQ9KDT           599 15    P3X              599  20       
QSO:   21006 CW 2025-11-30 1245 SQ9KDT           599 15    G4P              599  14       
QSO:   21006 CW 2025-11-30 1245 SQ9KDT           599 15    LZ9W             599  20       
QSO:   21006 CW 2025-11-30 1246 SQ9KDT           599 15    9A1P             599  15       
QSO:   21006 CW 2025-11-30 1247 SQ9KDT           599 15    R3ZZ             599  16       
QSO:   21006 CW 2025-11-30 1247 SQ9KDT           599 15    W1GD             599  05       
QSO:   21006 CW 2025-11-30 1248 SQ9KDT           599 15    UN3M             599  17       
QSO:   21006 CW 2025-11-30 1250 SQ9KDT           599 15    EA4R             599  14       
QSO:   21006 CW 2025-11-30 1250 SQ9KDT           599 15    OK1DUG           599  15       
QSO:   21006 CW 2025-11-30 1251 SQ9KDT           599 15    RW9DX            599  17       
QSO:   21006 CW 2025-11-30 1251 SQ9KDT           599 15    HA9A             599  15       
QSO:   21006 CW 2025-11-30 1252 SQ9KDT           599 15    G3RLE            599  14       
QSO:   21006 CW 2025-11-30 1253 SQ9KDT           599 15    RM9A             599  17       
QSO:   21006 CW 2025-11-30 1254 SQ9KDT           599 15    K9CT             599  04       
QSO:   21006 CW 2025-11-30 1254 SQ9KDT           599 15    TA1NAI           599  20       
QSO:   21006 CW 2025-11-30 1255 SQ9KDT           599 15    AB4I             599  05       
QSO:   21006 CW 2025-11-30 1256 SQ9KDT           599 15    G0TMX            599  14       
QSO:   21006 CW 2025-11-30 1257 SQ9KDT           599 15    OE2CGR           599  15       
QSO:   21006 CW 2025-11-30 1257 SQ9KDT           599 15    W2GS             599  04       
QSO:   21006 CW 2025-11-30 1257 SQ9KDT           599 15    LC2D             599  14       
QSO:   21006 CW 2025-11-30 1258 SQ9KDT           599 15    AA4R             599  04       
QSO:   21006 CW 2025-11-30 1258 SQ9KDT           599 15    OH0X             599  15       
QSO:   21006 CW 2025-11-30 1259 SQ9KDT           599 15    OM5CM            599  15       
QSO:   21006 CW 2025-11-30 1259 SQ9KDT           599 15    OH1CH            599  15       
QSO:   21006 CW 2025-11-30 1259 SQ9KDT           599 15    RZ1OA            599  16       
QSO:   21006 CW 2025-11-30 1300 SQ9KDT           599 15    SM7PEV           599  14       
QSO:   21006 CW 2025-11-30 1300 SQ9KDT           599 15    PY2MM            599  11       
QSO:   21006 CW 2025-11-30 1301 SQ9KDT           599 15    NE2V             599  05       
QSO:   21006 CW 2025-11-30 1302 SQ9KDT           599 15    NX3A             599  05       
QSO:   21006 CW 2025-11-30 1303 SQ9KDT           599 15    NZ8V             599  04       
QSO:   21006 CW 2025-11-30 1304 SQ9KDT           599 15    TF3VS            599  40       
QSO:   21006 CW 2025-11-30 1304 SQ9KDT           599 15    R9MM             599  17       
QSO:   21006 CW 2025-11-30 1305 SQ9KDT           599 15    W3MA             599  05       
QSO:   21006 CW 2025-11-30 1306 SQ9KDT           599 15    NR3Z             599  05       
QSO:   21006 CW 2025-11-30 1306 SQ9KDT           599 15    YU7AA            599  15       
QSO:   21006 CW 2025-11-30 1307 SQ9KDT           599 15    HA8AT            599  15       
QSO:   21006 CW 2025-11-30 1308 SQ9KDT           599 15    YL2BJ            599  15       
QSO:   21006 CW 2025-11-30 1309 SQ9KDT           599 15    G0MTN            599  14       
QSO:   21006 CW 2025-11-30 1309 SQ9KDT           599 15    WA2QAU           599  05       
QSO:   21006 CW 2025-11-30 1310 SQ9KDT           599 15    NF3R             599  05       
QSO:   21006 CW 2025-11-30 1310 SQ9KDT           599 15    G3XOZ            599  14       
QSO:   21006 CW 2025-11-30 1311 SQ9KDT           599 15    NC2Y             599  05       
QSO:   21006 CW 2025-11-30 1312 SQ9KDT           599 15    RT4M             599  16       
QSO:   21006 CW 2025-11-30 1312 SQ9KDT           599 15    ES9C             599  15       
QSO:   21006 CW 2025-11-30 1313 SQ9KDT           599 15    G3ZBU            599  14       
QSO:   21006 CW 2025-11-30 1314 SQ9KDT           599 15    R4RD             599  16       
QSO:   21006 CW 2025-11-30 1314 SQ9KDT           599 15    SM5CSS           599  14       
QSO:   21006 CW 2025-11-30 1315 SQ9KDT           599 15    UA4QK            599  16       
QSO:   21006 CW 2025-11-30 1315 SQ9KDT           599 15    G3RTU            599  14       
QSO:   21006 CW 2025-11-30 1315 SQ9KDT           599 15    W2KA             599  05       
QSO:   21006 CW 2025-11-30 1316 SQ9KDT           599 15    RZ9AM            599  17       
QSO:   21006 CW 2025-11-30 1318 SQ9KDT           599 15    RT2H             599  16       
QSO:   21006 CW 2025-11-30 1318 SQ9KDT           599 15    DO6IR            599  14       
QSO:   21006 CW 2025-11-30 1319 SQ9KDT           599 15    PA2A             599  14       
QSO:   21006 CW 2025-11-30 1319 SQ9KDT           599 15    F6JOE            599  14       
QSO:   21006 CW 2025-11-30 1320 SQ9KDT           599 15    F5JU             599  14       
QSO:   21006 CW 2025-11-30 1321 SQ9KDT           599 15    UI8C             599  17       
QSO:   21006 CW 2025-11-30 1323 SQ9KDT           599 15    S51A             599  15       
QSO:   21006 CW 2025-11-30 1324 SQ9KDT           599 15    KG9X             599  04       
QSO:   21006 CW 2025-11-30 1324 SQ9KDT           599 15    M0QVE            599  14       
QSO:   21006 CW 2025-11-30 1325 SQ9KDT           599 15    LY4T             599  15       
QSO:   21006 CW 2025-11-30 1325 SQ9KDT           599 15    AE2DX            599  05       
QSO:   21006 CW 2025-11-30 1326 SQ9KDT           599 15    K2SD             599  05       
QSO:   21006 CW 2025-11-30 1327 SQ9KDT           599 15    YL2GD            599  15       
QSO:   21006 CW 2025-11-30 1327 SQ9KDT           599 15    W1CSM            599  05       
QSO:   21006 CW 2025-11-30 1328 SQ9KDT           599 15    LY4L             599  15       
QSO:   21006 CW 2025-11-30 1329 SQ9KDT           599 15    KI9A             599  04       
QSO:   21006 CW 2025-11-30 1329 SQ9KDT           599 15    IK2RLS           599  15       
QSO:   21006 CW 2025-11-30 1330 SQ9KDT           599 15    ON4CT            599  14       
QSO:   21006 CW 2025-11-30 1330 SQ9KDT           599 15    RD9DX            599  17       
QSO:   21006 CW 2025-11-30 1331 SQ9KDT           599 15    IT9GNJ           599  15       
QSO:   21006 CW 2025-11-30 1331 SQ9KDT           599 15    N0AX             599  04       
QSO:   21006 CW 2025-11-30 1332 SQ9KDT           599 15    M6T              599  14       
QSO:   21006 CW 2025-11-30 1332 SQ9KDT           599 15    RA9QAT           599  17       
QSO:   21006 CW 2025-11-30 1332 SQ9KDT           599 15    NN4SS            599  05       
QSO:   21006 CW 2025-11-30 1333 SQ9KDT           599 15    LZ1BP            599  20       
QSO:   21006 CW 2025-11-30 1335 SQ9KDT           599 15    NA3M             599  05       
QSO:   21006 CW 2025-11-30 1335 SQ9KDT           599 15    KS3F             599  05       
QSO:   21006 CW 2025-11-30 1336 SQ9KDT           599 15    NR4M             599  05       
QSO:   21006 CW 2025-11-30 1338 SQ9KDT           599 15    RC2O             599  16       
QSO:   21006 CW 2025-11-30 1338 SQ9KDT           599 15    UA9XO            599  17       
QSO:   21006 CW 2025-11-30 1339 SQ9KDT           599 15    G4DDL            599  14       
QSO:   21006 CW 2025-11-30 1340 SQ9KDT           599 15    TM8O             599  14       
QSO:   21006 CW 2025-11-30 1340 SQ9KDT           599 15    N5JR             599  04       
QSO:   21006 CW 2025-11-30 1340 SQ9KDT           599 15    W8BG             599  04       
QSO:   21006 CW 2025-11-30 1342 SQ9KDT           599 15    G8AJM            599  14       
QSO:   21006 CW 2025-11-30 1342 SQ9KDT           599 15    WA3C             599  04       
QSO:   21006 CW 2025-11-30 1342 SQ9KDT           599 15    ND4V             599  04       
QSO:   21006 CW 2025-11-30 1343 SQ9KDT           599 15    WC3N             599  05       
QSO:   21006 CW 2025-11-30 1344 SQ9KDT           599 15    W1ZZ             599  05       
QSO:   21006 CW 2025-11-30 1344 SQ9KDT           599 15    K5QR             599  04       
QSO:   21006 CW 2025-11-30 1345 SQ9KDT           599 15    K3CCR            599  05       
QSO:   21006 CW 2025-11-30 1345 SQ9KDT           599 15    MI4I             599  14       
QSO:   21006 CW 2025-11-30 1346 SQ9KDT           599 15    IT9LKX           599  15       
QSO:   21006 CW 2025-11-30 1346 SQ9KDT           599 15    SM2IEN           599  14       
QSO:   21006 CW 2025-11-30 1347 SQ9KDT           599 15    RT9A             599  17       
QSO:   21006 CW 2025-11-30 1348 SQ9KDT           599 15    N2DA             599  05       
QSO:   21006 CW 2025-11-30 1348 SQ9KDT           599 15    G4FVK            599  14       
QSO:   21006 CW 2025-11-30 1349 SQ9KDT           599 15    F5IAE            599  14       
QSO:   21006 CW 2025-11-30 1350 SQ9KDT           599 15    UA3PI            599  16       
QSO:   21006 CW 2025-11-30 1352 SQ9KDT           599 15    G0JDK            599  14       
QSO:   21006 CW 2025-11-30 1353 SQ9KDT           599 15    WA8RCN           599  04       
QSO:   28086 CW 2025-11-30 1445 SQ9KDT           599 15    KC1XX            599  05       
QSO:   28086 CW 2025-11-30 1449 SQ9KDT           599 15    K9CT             599  04       
QSO:   28086 CW 2025-11-30 1451 SQ9KDT           599 15    W1UK             599  05       
QSO:   28086 CW 2025-11-30 1453 SQ9KDT           599 15    N3AM             599  05       
QSO:   28140 CW 2025-11-30 1455 SQ9KDT           599 15    PW2F             599  11       
QSO:   28140 CW 2025-11-30 1456 SQ9KDT           599 15    WA1S             599  05       
QSO:   28134 CW 2025-11-30 1457 SQ9KDT           599 15    KP2/PA1CC        599  08       
QSO:   28131 CW 2025-11-30 1458 SQ9KDT           599 15    K1LT             599  04       
QSO:   28128 CW 2025-11-30 1459 SQ9KDT           599 15    W4NF             599  05       
QSO:   28122 CW 2025-11-30 1507 SQ9KDT           599 15    K5KG             599  05       
QSO:   28121 CW 2025-11-30 1508 SQ9KDT           599 15    3B8M             599  39       
QSO:   28115 CW 2025-11-30 1513 SQ9KDT           599 15    XR1D             599  12       
QSO:   28110 CW 2025-11-30 1514 SQ9KDT           599 15    N5AW             599  04       
QSO:   28103 CW 2025-11-30 1515 SQ9KDT           599 15    K2PS             599  05       
QSO:   28103 CW 2025-11-30 1515 SQ9KDT           599 15    K1TTT            599  05       
QSO:   28102 CW 2025-11-30 1516 SQ9KDT           599 15    K2AX             599  05       
QSO:   28096 CW 2025-11-30 1518 SQ9KDT           599 15    K8GL             599  04       
QSO:   28072 CW 2025-11-30 1521 SQ9KDT           599 15    KG4AA            599  08       
QSO:   28067 CW 2025-11-30 1523 SQ9KDT           599 15    PJ4K             599  09       
QSO:   28059 CW 2025-11-30 1524 SQ9KDT           599 15    K8MFO            599  04       
QSO:   28058 CW 2025-11-30 1526 SQ9KDT           599 15    NN7CW            599  05       
QSO:   28061 CW 2025-11-30 1530 SQ9KDT           599 15    K1DG             599  05       
QSO:   28054 CW 2025-11-30 1532 SQ9KDT           599 15    K1KI             599  05       
QSO:   28050 CW 2025-11-30 1533 SQ9KDT           599 15    NN1SS            599  05       
QSO:   28045 CW 2025-11-30 1535 SQ9KDT           599 15    ZF1A             599  08       
QSO:   28041 CW 2025-11-30 1545 SQ9KDT           599 15    N2TX             599  05       
QSO:   28027 CW 2025-11-30 1546 SQ9KDT           599 15    K3WW             599  05       
QSO:   21113 CW 2025-11-30 1549 SQ9KDT           599 15    K8GU             599  04       
QSO:   21112 CW 2025-11-30 1550 SQ9KDT           599 15    VA3SP            599  04       
QSO:   21082 CW 2025-11-30 1552 SQ9KDT           599 15    W1TO             599  05       
QSO:   21081 CW 2025-11-30 1553 SQ9KDT           599 15    CR2M             599  14       
QSO:   21081 CW 2025-11-30 1556 SQ9KDT           599 15    XE2X             599  06       
QSO:   21079 CW 2025-11-30 1557 SQ9KDT           599 15    WA3A             599  05       
QSO:   21078 CW 2025-11-30 1557 SQ9KDT           599 15    K9MA             599  04       
QSO:   21062 CW 2025-11-30 1559 SQ9KDT           599 15    N4UU             599  05       
QSO:   14064 CW 2025-11-30 1603 SQ9KDT           599 15    CR3W             599  33       
QSO:   14038 CW 2025-11-30 1608 SQ9KDT           599 15    R7OV             599  16       
QSO:   14038 CW 2025-11-30 1608 SQ9KDT           599 15    K3LR             599  05       
QSO:   14038 CW 2025-11-30 1609 SQ9KDT           599 15    K3ZA             599  05       
QSO:   14038 CW 2025-11-30 1609 SQ9KDT           599 15    MW9W             599  14       
QSO:   14038 CW 2025-11-30 1609 SQ9KDT           599 15    DK1WU            599  14       
QSO:   14038 CW 2025-11-30 1610 SQ9KDT           599 15    K9CT             599  04       
QSO:   14038 CW 2025-11-30 1611 SQ9KDT           599 15    SJ2W             599  14       
QSO:   14038 CW 2025-11-30 1611 SQ9KDT           599 15    GM4EZR           599  14       
QSO:   14038 CW 2025-11-30 1612 SQ9KDT           599 15    UR5EU            599  16       
QSO:   14038 CW 2025-11-30 1613 SQ9KDT           599 15    SA2OLM           599  14       
QSO:   14038 CW 2025-11-30 1614 SQ9KDT           599 15    DF5JI            599  14       
QSO:   14038 CW 2025-11-30 1616 SQ9KDT           599 15    GW4W             599  14       
QSO:   14038 CW 2025-11-30 1616 SQ9KDT           599 15    US1VM            599  16       
QSO:   14038 CW 2025-11-30 1618 SQ9KDT           599 15    UA4M             599  16       
QSO:   14038 CW 2025-11-30 1619 SQ9KDT           599 15    DD4DA            599  14       
QSO:   14038 CW 2025-11-30 1619 SQ9KDT           599 15    SD1A             599  14       
QSO:   14038 CW 2025-11-30 1620 SQ9KDT           599 15    PJ4K             599  09       
QSO:   14038 CW 2025-11-30 1622 SQ9KDT           599 15    DD2JB            599  14       
QSO:   14038 CW 2025-11-30 1622 SQ9KDT           599 15    F4EMK            599  14       
QSO:   14038 CW 2025-11-30 1624 SQ9KDT           599 15    VE7CV            599  03       
QSO:   14038 CW 2025-11-30 1625 SQ9KDT           599 15    WQ7X             599  03       
QSO:   14038 CW 2025-11-30 1625 SQ9KDT           599 15    OH3HZ            599  15       
QSO:   14038 CW 2025-11-30 1626 SQ9KDT           599 15    DJ3GE            599  14       
QSO:   14038 CW 2025-11-30 1626 SQ9KDT           599 15    RC6U             599  16       
QSO:   14038 CW 2025-11-30 1627 SQ9KDT           599 15    LN2T             599  14       
QSO:   14038 CW 2025-11-30 1627 SQ9KDT           599 15    UZ7E             599  16       
QSO:   14038 CW 2025-11-30 1628 SQ9KDT           599 15    CT1ANO           599  14       
QSO:   14038 CW 2025-11-30 1628 SQ9KDT           599 15    W6OAT            599  03       
QSO:   14038 CW 2025-11-30 1630 SQ9KDT           599 15    ON3RLF           599  14       
QSO:   14038 CW 2025-11-30 1632 SQ9KDT           599 15    YO3CVG           599  20       
QSO:   14038 CW 2025-11-30 1632 SQ9KDT           599 15    K3IE             599  04       
QSO:   14038 CW 2025-11-30 1633 SQ9KDT           599 15    NA3M             599  05       
QSO:   14038 CW 2025-11-30 1634 SQ9KDT           599 15    EA3DA            599  14       
QSO:   14038 CW 2025-11-30 1635 SQ9KDT           599 15    UT2II            599  16       
QSO:   14038 CW 2025-11-30 1636 SQ9KDT           599 15    RL3A             599  16       
QSO:   14038 CW 2025-11-30 1637 SQ9KDT           599 15    EA3DMN           599  14       
QSO:   14038 CW 2025-11-30 1637 SQ9KDT           599 15    NF9V             599  04       
QSO:   14038 CW 2025-11-30 1639 SQ9KDT           599 15    N2AA             599  05       
QSO:   14038 CW 2025-11-30 1639 SQ9KDT           599 15    KT8E             599  03       
QSO:   14038 CW 2025-11-30 1640 SQ9KDT           599 15    HG7T             599  15       
QSO:   14038 CW 2025-11-30 1642 SQ9KDT           599 15    OG1F             599  15       
QSO:   14038 CW 2025-11-30 1642 SQ9KDT           599 15    DL8QS            599  14       
QSO:   14038 CW 2025-11-30 1643 SQ9KDT           599 15    LZ2PS            599  20       
QSO:   14038 CW 2025-11-30 1643 SQ9KDT           599 15    OZ5W             599  14       
QSO:   14038 CW 2025-11-30 1645 SQ9KDT           599 15    UR4QFP           599  16       
QSO:   14038 CW 2025-11-30 1646 SQ9KDT           599 15    DD1A             599  14       
QSO:   21021 CW 2025-11-30 1648 SQ9KDT           599 15    UA6AA            599  16       
QSO:   21020 CW 2025-11-30 1651 SQ9KDT           599 15    NY3A             599  05       
QSO:   21020 CW 2025-11-30 1651 SQ9KDT           599 15    N2AA             599  05       
QSO:   21020 CW 2025-11-30 1652 SQ9KDT           599 15    N4WW             599  05       
QSO:   21020 CW 2025-11-30 1652 SQ9KDT           599 15    PI4CC            599  14       
QSO:   21020 CW 2025-11-30 1655 SQ9KDT           599 15    W3LPL            599  05       
QSO:   21020 CW 2025-11-30 1656 SQ9KDT           599 15    W3LL             599  05       
QSO:    3540 CW 2025-11-30 1902 SQ9KDT           599 15    UR5EJ            599  16       
QSO:    3540 CW 2025-11-30 1903 SQ9KDT           599 15    RL3A             599  16       
QSO:    3537 CW 2025-11-30 1906 SQ9KDT           599 15    PA2A             599  14       
QSO:    3537 CW 2025-11-30 1907 SQ9KDT           599 15    R6OF             599  16       
QSO:    3537 CW 2025-11-30 1909 SQ9KDT           599 15    G4CDN            599  14       
QSO:    3537 CW 2025-11-30 1910 SQ9KDT           599 15    S53AR            599  15       
QSO:    3537 CW 2025-11-30 1910 SQ9KDT           599 15    UN4Q             599  17       
QSO:    3537 CW 2025-11-30 1911 SQ9KDT           599 15    R2EG             599  16       
QSO:    3537 CW 2025-11-30 1912 SQ9KDT           599 15    EW2ES            599  16       
QSO:    3537 CW 2025-11-30 1913 SQ9KDT           599 15    S57AJ            599  15       
QSO:    3537 CW 2025-11-30 1914 SQ9KDT           599 15    OH3MZ            599  15       
QSO:    3537 CW 2025-11-30 1915 SQ9KDT           599 15    DL2DXA           599  14       
QSO:    3537 CW 2025-11-30 1915 SQ9KDT           599 15    DM4KM            599  14       
QSO:    3537 CW 2025-11-30 1917 SQ9KDT           599 15    F5MOO            599  14       
QSO:    3537 CW 2025-11-30 1917 SQ9KDT           599 15    RG2A             599  16       
QSO:    3537 CW 2025-11-30 1918 SQ9KDT           599 15    PE1T             599  14       
QSO:    3537 CW 2025-11-30 1918 SQ9KDT           599 15    RK7X             599  16       
QSO:    3537 CW 2025-11-30 1919 SQ9KDT           599 15    9A2EY            599  15       
QSO:    3537 CW 2025-11-30 1919 SQ9KDT           599 15    SM2U             599  14       
QSO:    3537 CW 2025-11-30 1920 SQ9KDT           599 15    SP9LAS           599  15       
QSO:    3537 CW 2025-11-30 1920 SQ9KDT           599 15    UZ1U             599  16       
QSO:    3537 CW 2025-11-30 1920 SQ9KDT           599 15    DL2TM            599  14       
QSO:    3537 CW 2025-11-30 1922 SQ9KDT           599 15    EW2R             599  16       
QSO:    3537 CW 2025-11-30 1923 SQ9KDT           599 15    US5WDV           599  16       
QSO:    3537 CW 2025-11-30 1924 SQ9KDT           599 15    OK1FLC           599  15       
QSO:    3537 CW 2025-11-30 1924 SQ9KDT           599 15    OL4W             599  15       
QSO:    3537 CW 2025-11-30 1924 SQ9KDT           599 15    YO4NF            599  20       
QSO:    3537 CW 2025-11-30 1925 SQ9KDT           599 15    OZ3SM            599  14       
QSO:    3537 CW 2025-11-30 1925 SQ9KDT           599 15    LA5LJA           599  14       
QSO:    3537 CW 2025-11-30 1926 SQ9KDT           599 15    2E0YEM           599  14       
QSO:    3537 CW 2025-11-30 1926 SQ9KDT           599 15    YU1AT            599  15       
QSO:    3537 CW 2025-11-30 1927 SQ9KDT           599 15    S57X             599  15       
QSO:    3537 CW 2025-11-30 1927 SQ9KDT           599 15    EW6EW            599  16       
QSO:    3537 CW 2025-11-30 1928 SQ9KDT           599 15    OK1SI            599  15       
QSO:    3537 CW 2025-11-30 1928 SQ9KDT           599 15    RG2Y             599  16       
QSO:    3537 CW 2025-11-30 1928 SQ9KDT           599 15    RD4F             599  16       
QSO:    3537 CW 2025-11-30 1928 SQ9KDT           599 15    UT6EE            599  16       
QSO:    3537 CW 2025-11-30 1929 SQ9KDT           599 15    YT3BL            599  15       
QSO:    3537 CW 2025-11-30 1929 SQ9KDT           599 15    EU4E             599  16       
QSO:    3537 CW 2025-11-30 1929 SQ9KDT           599 15    R3PLN            599  16       
QSO:    3537 CW 2025-11-30 1930 SQ9KDT           599 15    OM5NL            599  15       
QSO:    3537 CW 2025-11-30 1930 SQ9KDT           599 15    UW5Y             599  16       
QSO:    3537 CW 2025-11-30 1931 SQ9KDT           599 15    RA5G             599  16       
QSO:    3537 CW 2025-11-30 1931 SQ9KDT           599 15    LZ1ZJ            599  20       
QSO:    3537 CW 2025-11-30 1932 SQ9KDT           599 15    DM2PF            599  14       
QSO:    3537 CW 2025-11-30 1932 SQ9KDT           599 15    SP3MKS           599  15       
QSO:    3537 CW 2025-11-30 1933 SQ9KDT           599 15    DF0SQ            599  14       
QSO:    3537 CW 2025-11-30 1934 SQ9KDT           599 15    YO4FHU           599  20       
QSO:    3537 CW 2025-11-30 1935 SQ9KDT           599 15    UI3F             599  16       
QSO:    3537 CW 2025-11-30 1935 SQ9KDT           599 15    HA3FMR           599  15       
QSO:    3537 CW 2025-11-30 1936 SQ9KDT           599 15    UT7NI            599  16       
QSO:    3537 CW 2025-11-30 1938 SQ9KDT           599 15    UA6AA            599  16       
QSO:    3537 CW 2025-11-30 1938 SQ9KDT           599 15    YO8BDW           599  20       
QSO:    3537 CW 2025-11-30 1939 SQ9KDT           599 15    PE1EEC           599  14       
QSO:    3537 CW 2025-11-30 1939 SQ9KDT           599 15    DK7EO            599  14       
QSO:    3537 CW 2025-11-30 1940 SQ9KDT           599 15    LC3T             599  14       
QSO:    3537 CW 2025-11-30 1942 SQ9KDT           599 15    YL2QV            599  15       
QSO:    3537 CW 2025-11-30 1943 SQ9KDT           599 15    TA6C             599  20       
QSO:    3537 CW 2025-11-30 1944 SQ9KDT           599 15    OL5Y             599  15       
QSO:    3537 CW 2025-11-30 1944 SQ9KDT           599 15    S51WX            599  15       
QSO:    3537 CW 2025-11-30 1944 SQ9KDT           599 15    DM2M             599  14       
QSO:    3537 CW 2025-11-30 1945 SQ9KDT           599 15    PC4H             599  14       
QSO:    3537 CW 2025-11-30 1946 SQ9KDT           599 15    US7UC            599  16       
QSO:    3537 CW 2025-11-30 1946 SQ9KDT           599 15    UT1WW            599  16       
QSO:    3537 CW 2025-11-30 1946 SQ9KDT           599 15    DL4DRW           599  14       
QSO:    3537 CW 2025-11-30 1947 SQ9KDT           599 15    RV3AJ            599  16       
QSO:    3537 CW 2025-11-30 1948 SQ9KDT           599 15    ER3UA            599  16       
QSO:    3537 CW 2025-11-30 1949 SQ9KDT           599 15    PA0RDT           599  14       
QSO:    3537 CW 2025-11-30 1950 SQ9KDT           599 15    DL2AMT           599  14       
QSO:    3537 CW 2025-11-30 1951 SQ9KDT           599 15    YU1LM            599  15       
QSO:    3537 CW 2025-11-30 1951 SQ9KDT           599 15    DL1MAJ           599  14       
QSO:    3537 CW 2025-11-30 1952 SQ9KDT           599 15    IW3IFJ           599  15       
QSO:    3537 CW 2025-11-30 1953 SQ9KDT           599 15    YO8RIX           599  20       
QSO:    3537 CW 2025-11-30 1954 SQ9KDT           599 15    DH2RTW           599  14       
QSO:    3537 CW 2025-11-30 1954 SQ9KDT           599 15    R2PU             599  16       
QSO:    3537 CW 2025-11-30 1954 SQ9KDT           599 15    OK1TN            599  15       
QSO:    3537 CW 2025-11-30 1955 SQ9KDT           599 15    DK3UW            599  14       
QSO:    3537 CW 2025-11-30 1955 SQ9KDT           599 15    SG5O             599  14       
QSO:    3537 CW 2025-11-30 1956 SQ9KDT           599 15    R5FQ             599  16       
QSO:    3537 CW 2025-11-30 1956 SQ9KDT           599 15    YL3NU            599  15       
QSO:    3537 CW 2025-11-30 1957 SQ9KDT           599 15    I4IKW            599  15       
QSO:    3537 CW 2025-11-30 1959 SQ9KDT           599 15    YO2CJX           599  20       
QSO:    3537 CW 2025-11-30 1959 SQ9KDT           599 15    OG6F             599  15       
QSO:    3537 CW 2025-11-30 2000 SQ9KDT           599 15    DM5M             599  14       
QSO:    3537 CW 2025-11-30 2001 SQ9KDT           599 15    ES3RF            599  15       
QSO:    3537 CW 2025-11-30 2002 SQ9KDT           599 15    DL6NBC           599  14       
QSO:    3537 CW 2025-11-30 2003 SQ9KDT           599 15    EW8G             599  16       
QSO:    3537 CW 2025-11-30 2003 SQ9KDT           599 15    PA2S             599  14       
QSO:    3537 CW 2025-11-30 2004 SQ9KDT           599 15    OK7AZ            599  15       
QSO:    3537 CW 2025-11-30 2005 SQ9KDT           599 15    LA6IHA           599  14       
QSO:    3537 CW 2025-11-30 2006 SQ9KDT           599 15    LA8OM            599  14       
QSO:    3537 CW 2025-11-30 2006 SQ9KDT           599 15    LZ1MC            599  20       
QSO:    3537 CW 2025-11-30 2007 SQ9KDT           599 15    PA6AA            599  14       
QSO:    3537 CW 2025-11-30 2008 SQ9KDT           599 15    DL4AMJ           599  14       
QSO:    3537 CW 2025-11-30 2009 SQ9KDT           599 15    DL3LJ            599  14       
QSO:    3537 CW 2025-11-30 2009 SQ9KDT           599 15    F4IBJ            599  14       
QSO:    3537 CW 2025-11-30 2010 SQ9KDT           599 15    OK1UKC           599  15       
QSO:    3537 CW 2025-11-30 2011 SQ9KDT           599 15    DJ1SL            599  14       
QSO:    3537 CW 2025-11-30 2011 SQ9KDT           599 15    DJ0SP            599  14       
QSO:    3537 CW 2025-11-30 2012 SQ9KDT           599 15    S51VC            599  15       
QSO:    3537 CW 2025-11-30 2012 SQ9KDT           599 15    ZA1F             599  15       
QSO:    3537 CW 2025-11-30 2012 SQ9KDT           599 15    DL5ARM           599  14       
QSO:    3537 CW 2025-11-30 2013 SQ9KDT           599 15    DL4FDM           599  14       
QSO:    3537 CW 2025-11-30 2014 SQ9KDT           599 15    OK2WY            599  15       
QSO:    3537 CW 2025-11-30 2016 SQ9KDT           599 15    P3AA             599  20       
QSO:    7051 CW 2025-11-30 2025 SQ9KDT           599 15    JI0VWL           599  25       
QSO:    7043 CW 2025-11-30 2032 SQ9KDT           599 15    EA2KV            599  14       
QSO:    7030 CW 2025-11-30 2035 SQ9KDT           599 15    P3X              599  20       
QSO:    7019 CW 2025-11-30 2036 SQ9KDT           599 15    B1Z              599  24       
QSO:    7010 CW 2025-11-30 2040 SQ9KDT           599 15    5X1DF            599  37       
QSO:    7010 CW 2025-11-30 2040 SQ9KDT           599 15    HG7T             599  15       
QSO:    7009 CW 2025-11-30 2041 SQ9KDT           599 15    JH4UYB           599  25       
QSO:    7006 CW 2025-11-30 2049 SQ9KDT           599 15    BD8CS            599  24       
QSO:    7003 CW 2025-11-30 2050 SQ9KDT           599 15    EA1X             599  14       
QSO:    7000 CW 2025-11-30 2051 SQ9KDT           599 15    BA8BA            599  24       
QSO:    7053 CW 2025-11-30 2054 SQ9KDT           599 15    NP3A             599  08       
QSO:    7031 CW 2025-11-30 2057 SQ9KDT           599 15    N3JT             599  05       
QSO:    7031 CW 2025-11-30 2058 SQ9KDT           599 15    F4ACR            599  14       
QSO:    7031 CW 2025-11-30 2058 SQ9KDT           599 15    4Z1DZ            599  20       
QSO:    7031 CW 2025-11-30 2059 SQ9KDT           599 15    F5NIB            599  14       
QSO:    7031 CW 2025-11-30 2100 SQ9KDT           599 15    GU4WRP           599  14       
QSO:    7031 CW 2025-11-30 2101 SQ9KDT           599 15    9K2ES            599  21       
QSO:    7031 CW 2025-11-30 2101 SQ9KDT           599 15    UZ7E             599  16       
QSO:    7031 CW 2025-11-30 2102 SQ9KDT           599 15    N3RS             599  05       
QSO:    7031 CW 2025-11-30 2103 SQ9KDT           599 15    BG0DLA           599  23       
QSO:    7031 CW 2025-11-30 2104 SQ9KDT           599 15    M5M              599  14       
QSO:    7031 CW 2025-11-30 2105 SQ9KDT           599 15    IT9AJP           599  15       
QSO:    7031 CW 2025-11-30 2106 SQ9KDT           599 15    EI9C             599  14       
QSO:    7031 CW 2025-11-30 2107 SQ9KDT           599 15    E7DX             599  15       
QSO:    7031 CW 2025-11-30 2108 SQ9KDT           599 15    F4IBJ            599  14       
QSO:    7031 CW 2025-11-30 2111 SQ9KDT           599 15    K5ZD             599  05       
QSO:    7031 CW 2025-11-30 2111 SQ9KDT           599 15    TA3CKY           599  20       
QSO:    7031 CW 2025-11-30 2113 SQ9KDT           599 15    BY5EA            599  24       
QSO:    7031 CW 2025-11-30 2115 SQ9KDT           599 15    JE5JHZ           599  25       
QSO:    7031 CW 2025-11-30 2115 SQ9KDT           599 15    NA3M             599  05       
QSO:    7031 CW 2025-11-30 2117 SQ9KDT           599 15    F5MQU            599  14       
QSO:    7078 CW 2025-11-30 2228 SQ9KDT           599 15    JA3YBK           599  25       
QSO:    7069 CW 2025-11-30 2230 SQ9KDT           599 15    KB3WD            599  05       
QSO:    7067 CW 2025-11-30 2233 SQ9KDT           599 15    B0A              599  23       
QSO:    7065 CW 2025-11-30 2236 SQ9KDT           599 15    BA3WW            599  24       
QSO:    7064 CW 2025-11-30 2237 SQ9KDT           599 15    VE3JM            599  04       
QSO:    7070 CW 2025-11-30 2238 SQ9KDT           599 15    OY1CT            599  14       
QSO:    7048 CW 2025-11-30 2251 SQ9KDT           599 15    EA3CWT           599  14       
QSO:    7048 CW 2025-11-30 2252 SQ9KDT           599 15    W2MV             599  05       
QSO:    7048 CW 2025-11-30 2255 SQ9KDT           599 15    EX8MJ            599  17       
QSO:    7048 CW 2025-11-30 2256 SQ9KDT           599 15    RG2Y             599  16       
QSO:    3564 CW 2025-11-30 2303 SQ9KDT           599 15    9H6A             599  15       
QSO:    3559 CW 2025-11-30 2305 SQ9KDT           599 15    HG5O             599  15       
QSO:    3558 CW 2025-11-30 2306 SQ9KDT           599 15    OH0V             599  15       
QSO:    3549 CW 2025-11-30 2307 SQ9KDT           599 15    OK7T             599  15       
QSO:    3544 CW 2025-11-30 2309 SQ9KDT           599 15    OK2QA            599  15       
QSO:    3540 CW 2025-11-30 2310 SQ9KDT           599 15    A44A             599  21       
QSO:    3538 CW 2025-11-30 2313 SQ9KDT           599 15    EG1R             599  14       
QSO:    3555 CW 2025-11-30 2315 SQ9KDT           599 15    YT6X             599  15       
QSO:    3555 CW 2025-11-30 2316 SQ9KDT           599 15    RA4HBS           599  16       
QSO:    3555 CW 2025-11-30 2317 SQ9KDT           599 15    DF7A             599  14       
QSO:    3555 CW 2025-11-30 2317 SQ9KDT           599 15    DD2JB            599  14       
QSO:    3555 CW 2025-11-30 2317 SQ9KDT           599 15    IK0VVP           599  15       
QSO:    3555 CW 2025-11-30 2318 SQ9KDT           599 15    S52F             599  15       
QSO:    3555 CW 2025-11-30 2319 SQ9KDT           599 15    DK3WN            599  14       
QSO:    3555 CW 2025-11-30 2319 SQ9KDT           599 15    OK2CDR           599  15       
QSO:    3555 CW 2025-11-30 2319 SQ9KDT           599 15    OK2J             599  15       
QSO:    3555 CW 2025-11-30 2320 SQ9KDT           599 15    LZ3TL            599  20       
QSO:    3555 CW 2025-11-30 2320 SQ9KDT           599 15    G6XX             599  14       
QSO:    3555 CW 2025-11-30 2321 SQ9KDT           599 15    DF2LH            599  14       
QSO:    3555 CW 2025-11-30 2322 SQ9KDT           599 15    RM4F             599  16       
QSO:    3555 CW 2025-11-30 2322 SQ9KDT           599 15    DJ1MM            599  14       
QSO:    3555 CW 2025-11-30 2323 SQ9KDT           599 15    OK5WA            599  15       
QSO:    3555 CW 2025-11-30 2323 SQ9KDT           599 15    UY4WWA           599  16       
QSO:    3555 CW 2025-11-30 2324 SQ9KDT           599 15    9A3DML           599  15       
QSO:    3555 CW 2025-11-30 2325 SQ9KDT           599 15    E73RB            599  15       
QSO:    3555 CW 2025-11-30 2325 SQ9KDT           599 15    9A3QB            599  15       
QSO:    3555 CW 2025-11-30 2326 SQ9KDT           599 15    OQ5M             599  14       
QSO:    3555 CW 2025-11-30 2326 SQ9KDT           599 15    SG1A             599  20       
QSO:    3555 CW 2025-11-30 2327 SQ9KDT           599 15    OL3M             599  15       
QSO:    3555 CW 2025-11-30 2328 SQ9KDT           599 15    UA3MIF           599  16       
QSO:    3555 CW 2025-11-30 2329 SQ9KDT           599 15    UR6EA            599  16       
QSO:    3555 CW 2025-11-30 2330 SQ9KDT           599 15    SB6F             599  14       
QSO:    3555 CW 2025-11-30 2331 SQ9KDT           599 15    DJ2TG            599  14       
QSO:    3555 CW 2025-11-30 2332 SQ9KDT           599 15    HA5OO            599  15       
QSO:    3555 CW 2025-11-30 2333 SQ9KDT           599 15    IU1QYF           599  15       
QSO:    3555 CW 2025-11-30 2336 SQ9KDT           599 15    IQ3ME            599  15       
QSO:    3555 CW 2025-11-30 2336 SQ9KDT           599 15    HA8WY            599  15       
QSO:    3555 CW 2025-11-30 2337 SQ9KDT           599 15    M5A              599  14       
QSO:    3555 CW 2025-11-30 2338 SQ9KDT           599 15    OZ4O             599  14       
QSO:    3555 CW 2025-11-30 2338 SQ9KDT           599 15    M5M              599  14       
QSO:    3555 CW 2025-11-30 2339 SQ9KDT           599 15    LA4PM            599  14       
QSO:    3555 CW 2025-11-30 2340 SQ9KDT           599 15    LY2MM            599  15       
QSO:    3555 CW 2025-11-30 2341 SQ9KDT           599 15    IU0EBV           599  15       
QSO:    3555 CW 2025-11-30 2341 SQ9KDT           599 15    RU1A             599  16       
QSO:    3555 CW 2025-11-30 2344 SQ9KDT           599 15    OK2ZLD           599  15       
QSO:    3555 CW 2025-11-30 2345 SQ9KDT           599 15    OL3Z             599  15       
QSO:    3555 CW 2025-11-30 2345 SQ9KDT           599 15    HA7UI            599  15       
QSO:    3555 CW 2025-11-30 2345 SQ9KDT           599 15    G0ORC            599  14       
QSO:    3555 CW 2025-11-30 2346 SQ9KDT           599 15    OM3TBG           599  15       
QSO:    3555 CW 2025-11-30 2347 SQ9KDT           599 15    LA0GE            599  14       
QSO:    3555 CW 2025-11-30 2348 SQ9KDT           599 15    GM7A             599  14       
QSO:    3555 CW 2025-11-30 2348 SQ9KDT           599 15    OM1HG            599  15       
QSO:    3555 CW 2025-11-30 2349 SQ9KDT           599 15    DH1ME            599  14       
QSO:    3555 CW 2025-11-30 2349 SQ9KDT           599 15    N2AA             599  05       
QSO:    3555 CW 2025-11-30 2350 SQ9KDT           599 15    LY2J             599  15       
QSO:    3555 CW 2025-11-30 2350 SQ9KDT           599 15    DJ1XT            599  14       
QSO:    3555 CW 2025-11-30 2351 SQ9KDT           599 15    SM3V             599  14       
QSO:    3555 CW 2025-11-30 2351 SQ9KDT           599 15    LA3BPA           599  14       
QSO:    3555 CW 2025-11-30 2352 SQ9KDT           599 15    YR3A             599  20       
QSO:    3555 CW 2025-11-30 2353 SQ9KDT           599 15    YO8SXX           599  20       
QSO:    3555 CW 2025-11-30 2354 SQ9KDT           599 15    IK2SGB           599  15       
QSO:    3555 CW 2025-11-30 2354 SQ9KDT           599 15    DL3RDM           599  14       
QSO:    3555 CW 2025-11-30 2357 SQ9KDT           599 15    SG6C             599  14       
QSO:    3555 CW 2025-11-30 2358 SQ9KDT           599 15    UT0CK            599  16       
QSO:    3555 CW 2025-11-30 2359 SQ9KDT           599 15    M4E              599  14       
END-OF-LOG:
