START-OF-LOG: 3.0
CREATED-BY: reconstructed-log-builder
CONTEST: RUSSIAN-DX
CALLSIGN: RL4F
LOCATION: 
CATEGORY: CHECKLOG
CATEGORY-OPERATOR: SINGLE-OP
CATEGORY-BAND: ALL
CATEGORY-MODE: MIXED
CATEGORY-POWER: UNKNOWN
CATEGORY-ASSISTED: NON-ASSISTED
CATEGORY-TRANSMITTER: ONE
CATEGORY-STATION: UNKNOWN
CATEGORY-OVERLAY: 
OPERATORS: RL4F
CLAIMED-SCORE: 
CLUB: 
NAME: 
SOAPBOX: RECONSTRUCTED MOCKUP LOG - NOT AN OFFICIAL SUBMISSION.
SOAPBOX: Derived from submitted logs for RUSSIAN-DX RussianDXContest/2020.
QSO: 14030 CW 2020-03-21 1200 RL4F          599 PE 4O4A          599 0001
QSO: 14030 CW 2020-03-21 1200 RL4F          599 PE NB1N          599 0001
QSO: 14000 CW 2020-03-21 1201 RL4F          599 PE YT5M          599 0001
QSO: 14030 CW 2020-03-21 1201 RL4F          599 PE GM4AFF        599 0004
QSO: 14030 CW 2020-03-21 1201 RL4F          599 PE SP3CYY        599 0001
QSO: 14030 CW 2020-03-21 1202 RL4F          599 PE HA3OU         599 0004
QSO: 14030 CW 2020-03-21 1202 RL4F          599 PE LN5O          599 0003
QSO: 14030 CW 2020-03-21 1202 RL4F          599 PE NA3M          599 0001
QSO: 14000 CW 2020-03-21 1203 RL4F          599 PE LZ2PS         599 0002
QSO: 14030 CW 2020-03-21 1203 RL4F          599 PE SE5E          599 0006
QSO: 14000 CW 2020-03-21 1204 RL4F          599 PE OK1FCA        599 0003
QSO: 14030 CW 2020-03-21 1204 RL4F          599 PE SP4G          599 0005
QSO: 14030 CW 2020-03-21 1205 RL4F          599 PE G0JJG         599 0006
QSO: 14030 CW 2020-03-21 1205 RL4F          599 PE HA8IB         599 0009
QSO: 14000 CW 2020-03-21 1206 RL4F          599 PE DL2RMC        599 0003
QSO: 14029 CW 2020-03-21 1206 RL4F          599 PE SP4Z          599 0006
QSO: 14030 CW 2020-03-21 1206 RL4F          599 PE DL3KUD        599 0006
QSO: 14030 CW 2020-03-21 1206 RL4F          599 PE LY2NY         599 0005
QSO: 14030 CW 2020-03-21 1206 RL4F          599 PE SM5DXT        599 0006
QSO: 14030 CW 2020-03-21 1207 RL4F          599 PE OL8M          599 0015
QSO: 14030 CW 2020-03-21 1207 RL4F          599 PE YT5N          599 0009
QSO: 14000 CW 2020-03-21 1208 RL4F          599 PE OM3CQ         599 0006
QSO: 14030 CW 2020-03-21 1208 RL4F          599 PE LZ3YY         599 0011
QSO: 14030 CW 2020-03-21 1208 RL4F          599 PE OZ1THC        599 0002
QSO: 14040 CW 2020-03-21 1208 RL4F          599 PE HA5BA         599 0001
QSO: 14029 CW 2020-03-21 1209 RL4F          599 PE EA1WH         599 0009
QSO: 14030 CW 2020-03-21 1209 RL4F          599 PE IK4VET        599 0016
QSO: 14030 CW 2020-03-21 1209 RL4F          599 PE PA1BX         599 0004
QSO: 14029 CW 2020-03-21 1210 RL4F          599 PE SP2LNW        599 0011
QSO: 14030 CW 2020-03-21 1210 RL4F          599 PE HG6N          599 0035
QSO: 14030 CW 2020-03-21 1210 RL4F          599 PE LZ0M          599 0013
QSO: 14030 CW 2020-03-21 1211 RL4F          599 PE OM5ZW         599 0030
QSO: 14030 CW 2020-03-21 1211 RL4F          599 PE VE3VN         599 0005
QSO: 14030 CW 2020-03-21 1212 RL4F          599 PE 9A0BB         599 0013
QSO: 14030 CW 2020-03-21 1212 RL4F          599 PE DL5SFC        599 0004
QSO: 14030 CW 2020-03-21 1212 RL4F          599 PE SP4W          599 0013
QSO: 14030 CW 2020-03-21 1212 RL4F          599 PE YO3GNF        599 0007
QSO: 14000 CW 2020-03-21 1213 RL4F          599 PE HB9AYZ        599 0011
QSO: 14009 CW 2020-03-21 1213 RL4F          599 PE OZ4FF         599 0007
QSO: 14030 CW 2020-03-21 1213 RL4F          599 PE CR5O          599 0016
QSO: 14030 CW 2020-03-21 1213 RL4F          599 PE EE2E          599 0006
QSO: 14030 CW 2020-03-21 1213 RL4F          599 PE SP2GMA        599 0001
QSO: 14000 CW 2020-03-21 1214 RL4F          599 PE EA5CP         599 0005
QSO: 14030 CW 2020-03-21 1214 RL4F          599 PE DJ4MH         599 0014
QSO: 14030 CW 2020-03-21 1215 RL4F          599 PE DL4WA         599 0019
QSO: 14030 CW 2020-03-21 1215 RL4F          599 PE DL5KBO        599 0004
QSO: 14030 CW 2020-03-21 1215 RL4F          599 PE E74Y          599 0007
QSO: 14030 CW 2020-03-21 1215 RL4F          599 PE SM5CSS        599 0011
QSO: 14030 CW 2020-03-21 1216 RL4F          599 PE LZ4W          599 0023
QSO: 14029 CW 2020-03-21 1217 RL4F          599 PE DK3QZ         599 0014
QSO: 14030 CW 2020-03-21 1217 RL4F          599 PE F5RQQ         599 0007
QSO: 14030 CW 2020-03-21 1217 RL4F          599 PE PG8M          599 0003
QSO: 14030 CW 2020-03-21 1217 RL4F          599 PE S52GP         599 0009
QSO: 14030 CW 2020-03-21 1217 RL4F          599 PE SP3A          599 0025
QSO: 14030 CW 2020-03-21 1217 RL4F          599 PE W2MV          599 0018
QSO: 14000 CW 2020-03-21 1218 RL4F          599 PE DJ7UC         599 0012
QSO: 14000 CW 2020-03-21 1218 RL4F          599 PE DK5QN         599 0013
QSO: 14000 CW 2020-03-21 1218 RL4F          599 PE OK2ABU        599 0012
QSO: 14030 CW 2020-03-21 1219 RL4F          599 PE DK1AX         599 0025
QSO: 14030 CW 2020-03-21 1219 RL4F          599 PE DL1NEO        599 0018
QSO: 14030 CW 2020-03-21 1219 RL4F          599 PE HA6NL         599 0021
QSO: 14030 CW 2020-03-21 1219 RL4F          599 PE N4AF          599 0027
QSO: 14000 CW 2020-03-21 1220 RL4F          599 PE DF5LW         599 0016
QSO: 14030 CW 2020-03-21 1220 RL4F          599 PE N3AM          599 0008
QSO: 14030 CW 2020-03-21 1220 RL4F          599 PE N4CF          599 0008
QSO: 14030 CW 2020-03-21 1220 RL4F          599 PE OZ7BQ         599 0001
QSO: 14029 CW 2020-03-21 1221 RL4F          599 PE HG6O          599 0029
QSO: 14030 CW 2020-03-21 1221 RL4F          599 PE F5NZY         599 0001
QSO: 14030 CW 2020-03-21 1221 RL4F          599 PE K4RUM         599 0013
QSO: 14030 CW 2020-03-21 1222 RL4F          599 PE EX8MJ         599 0006
QSO: 14030 CW 2020-03-21 1222 RL4F          599 PE YU1LM/QRP     599 0009
QSO: 14000 CW 2020-03-21 1223 RL4F          599 PE YU8A          599 0015
QSO: 14030 CW 2020-03-21 1223 RL4F          599 PE 9A5Y          599 0066
QSO: 14030 CW 2020-03-21 1223 RL4F          599 PE ES2DJ         599 0011
QSO: 14030 CW 2020-03-21 1223 RL4F          599 PE SP7P          599 0023
QSO: 14029 CW 2020-03-21 1224 RL4F          599 PE S57K          599 0029
QSO: 14030 CW 2020-03-21 1224 RL4F          599 PE IV3FPX        599 0009
QSO: 14030 CW 2020-03-21 1225 RL4F          599 PE AC3BU         599 0017
QSO: 14030 CW 2020-03-21 1225 RL4F          599 PE LY3B          599 0038
QSO: 14030 CW 2020-03-21 1225 RL4F          599 PE N4CF          599 0010
QSO: 14000 CW 2020-03-21 1226 RL4F          599 PE EU4U          599 0023
QSO: 14030 CW 2020-03-21 1226 RL4F          599 PE HG8C          599 0019
QSO: 14030 CW 2020-03-21 1226 RL4F          599 PE LY2BAA        599 0010
QSO: 14030 CW 2020-03-21 1226 RL4F          599 PE OZ1ADL        599 0010
QSO: 14030 CW 2020-03-21 1226 RL4F          599 PE PA3DAT        599 0010
QSO: 14030 CW 2020-03-21 1227 RL4F          599 PE I1JTQ         599 0012
QSO: 14030 CW 2020-03-21 1227 RL4F          599 PE OH1RX         599 0004
QSO: 14030 CW 2020-03-21 1227 RL4F          599 PE VE1OP         599 0010
QSO: 14030 CW 2020-03-21 1228 RL4F          599 PE DL1PAN        599 0011
QSO: 14030 CW 2020-03-21 1228 RL4F          599 PE KO8SCA        599 0002
QSO: 14030 CW 2020-03-21 1228 RL4F          599 PE PA2PCH        599 0022
QSO: 14030 CW 2020-03-21 1229 RL4F          599 PE CO2RQ         599 0004
QSO: 14030 CW 2020-03-21 1229 RL4F          599 PE EA1G          599 0006
QSO: 14030 CW 2020-03-21 1229 RL4F          599 PE OK1HFM        599 0011
QSO: 14030 CW 2020-03-21 1229 RL4F          599 PE OZ8AE         599 0024
QSO: 14030 CW 2020-03-21 1230 RL4F          599 PE DD5KG         599 0011
QSO: 14030 CW 2020-03-21 1230 RL4F          599 PE SM6FPC        599 0014
QSO: 14030 CW 2020-03-21 1230 RL4F          599 PE UN2G          599 0013
QSO: 14000 CW 2020-03-21 1232 RL4F          599 PE HA2MN         599 0024
QSO: 14000 CW 2020-03-21 1232 RL4F          599 PE OK1FKD        599 0011
QSO: 14030 CW 2020-03-21 1232 RL4F          599 PE SV9DJO        599 0008
QSO: 14000 CW 2020-03-21 1233 RL4F          599 PE OK2MBP        599 0035
QSO: 14025 CW 2020-03-21 1233 RL4F          599 PE K3UL          599 0014
QSO: 14030 CW 2020-03-21 1233 RL4F          599 PE LZ1FH         599 0026
QSO: 14006 CW 2020-03-21 1234 RL4F          599 PE DL4XU         599 0012
QSO: 14030 CW 2020-03-21 1234 RL4F          599 PE S53V          599 0049
QSO: 14030 CW 2020-03-21 1234 RL4F          599 PE WB4TDH        599 0008
QSO: 14030 CW 2020-03-21 1235 RL4F          599 PE N4ADC         599 0041
QSO: 14030 CW 2020-03-21 1236 RL4F          599 PE OT5Q          599 0029
QSO: 14030 CW 2020-03-21 1236 RL4F          599 PE YL3JA         599 0015
QSO: 14030 CW 2020-03-21 1237 RL4F          599 PE LY5AX         599 0013
QSO: 14030 CW 2020-03-21 1237 RL4F          599 PE PC3T          599 0025
QSO: 14029 CW 2020-03-21 1238 RL4F          599 PE LA6DW         599 0010
QSO: 14030 CW 2020-03-21 1238 RL4F          599 PE DJ1YFK        599 0042
QSO: 14030 CW 2020-03-21 1238 RL4F          599 PE W8CAR         599 0024
QSO: 14030 CW 2020-03-21 1239 RL4F          599 PE EA5DO         599 0003
QSO: 14030 CW 2020-03-21 1239 RL4F          599 PE HA9PP         599 0029
QSO: 14030 CW 2020-03-21 1239 RL4F          599 PE YU1UO         599 0013
QSO: 14000 CW 2020-03-21 1240 RL4F          599 PE OK1DVA        599 0007
QSO: 14030 CW 2020-03-21 1240 RL4F          599 PE KR2AA         599 0023
QSO: 14030 CW 2020-03-21 1240 RL4F          599 PE PA0JED        599 0009
QSO: 14030 CW 2020-03-21 1241 RL4F          599 PE LY9Y          599 0052
QSO: 14030 CW 2020-03-21 1241 RL4F          599 PE OL5W          599 0030
QSO: 14030 CW 2020-03-21 1241 RL4F          599 PE SM6GBM        599 0029
QSO: 14030 CW 2020-03-21 1241 RL4F          599 PE SP7JLH        599 0007
QSO: 14030 CW 2020-03-21 1241 RL4F          599 PE SP7LIE        599 0047
QSO: 14000 CW 2020-03-21 1242 RL4F          599 PE DL0SW         599 0006
QSO: 14030 CW 2020-03-21 1242 RL4F          599 PE CT1ELZ        599 0008
QSO: 14030 CW 2020-03-21 1242 RL4F          599 PE DJ8QP         599 0027
QSO: 14000 CW 2020-03-21 1243 RL4F          599 PE DL3ARM        599 0009
QSO: 14000 CW 2020-03-21 1243 RL4F          599 PE DL9ZP         599 0043
QSO: 14030 CW 2020-03-21 1243 RL4F          599 PE K3WA          599 0024
QSO: 14030 CW 2020-03-21 1244 RL4F          599 PE VE3NNT        599 0034
QSO: 14000 CW 2020-03-21 1245 RL4F          599 PE LZ1BP         599 0019
QSO: 14029 CW 2020-03-21 1245 RL4F          599 PE OH1NOA        599 0037
QSO: 14030 CW 2020-03-21 1245 RL4F          599 PE PA3ARM        599 0017
QSO: 14000 CW 2020-03-21 1246 RL4F          599 PE SK5A          599 0052
QSO: 14029 CW 2020-03-21 1246 RL4F          599 PE EI3Z          599 0013
QSO: 14030 CW 2020-03-21 1246 RL4F          599 PE KS1J          599 0002
QSO: 14000 CW 2020-03-21 1247 RL4F          599 PE OK2GG         599 0028
QSO: 14030 CW 2020-03-21 1247 RL4F          599 PE DA2X          599 0069
QSO: 14030 CW 2020-03-21 1247 RL4F          599 PE DK2OY         599 0037
QSO: 14030 CW 2020-03-21 1248 RL4F          599 PE KI3C          599 0008
QSO: 14030 CW 2020-03-21 1248 RL4F          599 PE VE3NE         599 0025
QSO: 14000 CW 2020-03-21 1249 RL4F          599 PE YT2ISM        599 0069
QSO: 14029 CW 2020-03-21 1249 RL4F          599 PE 9A2NO         599 0071
QSO: 14030 CW 2020-03-21 1249 RL4F          599 PE PA3EEG        599 0014
QSO: 14000 CW 2020-03-21 1250 RL4F          599 PE W1JQ          599 0007
QSO: 14030 CW 2020-03-21 1250 RL4F          599 PE DJ5IW         599 0027
QSO: 14030 CW 2020-03-21 1250 RL4F          599 PE N8BJQ         599 0048
QSO: 14000 CW 2020-03-21 1251 RL4F          599 PE OM6TU         599 0012
QSO: 14029 CW 2020-03-21 1251 RL4F          599 PE DK9OY         599 0034
QSO: 14030 CW 2020-03-21 1251 RL4F          599 PE G4SGI         599 0015
QSO: 14030 CW 2020-03-21 1251 RL4F          599 PE SD6F          599 0028
QSO: 14000 CW 2020-03-21 1252 RL4F          599 PE I6FDJ         599 0023
QSO: 14030 CW 2020-03-21 1252 RL4F          599 PE HB9CIC        599 0045
QSO: 14030 CW 2020-03-21 1252 RL4F          599 PE LY5G          599 0032
QSO: 14030 CW 2020-03-21 1252 RL4F          599 PE SD6M          599 0042
QSO: 14029 CW 2020-03-21 1253 RL4F          599 PE N1UR          599 0062
QSO: 14030 CW 2020-03-21 1253 RL4F          599 PE KS1J          599 0009
QSO: 14030 CW 2020-03-21 1253 RL4F          599 PE SN7O          599 0053
QSO: 14030 CW 2020-03-21 1253 RL4F          599 PE YO3IRM        599 0032
QSO: 14000 CW 2020-03-21 1254 RL4F          599 PE HB9IAB        599 0002
QSO: 14000 CW 2020-03-21 1254 RL4F          599 PE LB6GG         599 0027
QSO: 14000 CW 2020-03-21 1254 RL4F          599 PE PA5GU         599 0034
QSO: 14000 CW 2020-03-21 1255 RL4F          599 PE SQ9FQY        599 0018
QSO: 14030 CW 2020-03-21 1255 RL4F          599 PE G9F           599 0026
QSO: 14030 CW 2020-03-21 1256 RL4F          599 PE DK1FT         599 0059
QSO: 14030 CW 2020-03-21 1256 RL4F          599 PE DP4X          599 0035
QSO: 14030 CW 2020-03-21 1256 RL4F          599 PE GW4OKT        599 0013
QSO: 14030 CW 2020-03-21 1256 RL4F          599 PE MM3N          599 0032
QSO: 14000 CW 2020-03-21 1257 RL4F          599 PE LA7SI         599 0038
QSO: 14030 CW 2020-03-21 1257 RL4F          599 PE EC2DX         599 0044
QSO: 14030 CW 2020-03-21 1257 RL4F          599 PE JI1RXQ        599 0033
QSO: 14030 CW 2020-03-21 1257 RL4F          599 PE N9NC          599 0046
QSO: 14000 CW 2020-03-21 1258 RL4F          599 PE GW4MVA        599 0028
QSO: 14030 CW 2020-03-21 1258 RL4F          599 PE OM3CM         599 0017
QSO: 14030 CW 2020-03-21 1258 RL4F          599 PE S54X          599 0023
QSO: 14000 CW 2020-03-21 1259 RL4F          599 PE DA2025C       599 0022
QSO: 14030 CW 2020-03-21 1259 RL4F          599 PE EA8RM         599 0136
QSO: 14030 CW 2020-03-21 1259 RL4F          599 PE OM2XA         599 0021
QSO: 14030 CW 2020-03-21 1300 RL4F          599 PE OM2XA         599 0022
QSO: 14000 CW 2020-03-21 1301 RL4F          599 PE DL2AWW        599 0001
QSO: 14029 CW 2020-03-21 1301 RL4F          599 PE DL6RAI        599 0073
QSO: 14030 CW 2020-03-21 1302 RL4F          599 PE HA8TKS        599 0002
QSO: 14030 CW 2020-03-21 1302 RL4F          599 PE OE1ABV        599 0024
QSO: 14030 CW 2020-03-21 1302 RL4F          599 PE SP7OGP        599 0007
QSO: 14030 CW 2020-03-21 1303 RL4F          599 PE PA6X          599 0046
QSO: 14000 CW 2020-03-21 1304 RL4F          599 PE OK1LV         599 0027
QSO: 14000 CW 2020-03-21 1304 RL4F          599 PE OK2MPB        599 0015
QSO: 14029 CW 2020-03-21 1304 RL4F          599 PE YO2IS         599 0068
QSO: 14000 CW 2020-03-21 1305 RL4F          599 PE ON4LY         599 0012
QSO: 14030 CW 2020-03-21 1305 RL4F          599 PE LY4L          599 0091
QSO: 14030 CW 2020-03-21 1305 RL4F          599 PE NS2N          599 0017
QSO: 14030 CW 2020-03-21 1305 RL4F          599 PE UT3EK         599 0049
QSO: 14000 CW 2020-03-21 1306 RL4F          599 PE SF6W          599 0048
QSO: 14029 CW 2020-03-21 1306 RL4F          599 PE LA6K          599 0043
QSO: 14030 CW 2020-03-21 1307 RL4F          599 PE EA1VT         599 0019
QSO: 14030 CW 2020-03-21 1307 RL4F          599 PE OM4O          599 0024
QSO: 14030 CW 2020-03-21 1308 RL4F          599 PE G3P           599 0060
QSO: 14000 CW 2020-03-21 1309 RL4F          599 PE 9A2EY         599 0059
QSO: 14000 CW 2020-03-21 1309 RL4F          599 PE PA0ZAV        599 0017
QSO: 14030 CW 2020-03-21 1309 RL4F          599 PE KU8E          599 0027
QSO: 14030 CW 2020-03-21 1309 RL4F          599 PE SN8T          599 0034
QSO: 14030 CW 2020-03-21 1310 RL4F          599 PE DJ2QV         599 0097
QSO: 14030 CW 2020-03-21 1310 RL4F          599 PE YL7A          599 0066
QSO: 14030 CW 2020-03-21 1310 RL4F          599 PE YT6W          599 0093
QSO: 14030 CW 2020-03-21 1311 RL4F          599 PE DF1LON        599 0008
QSO: 14030 CW 2020-03-21 1311 RL4F          599 PE GW4J          599 0016
QSO: 14030 CW 2020-03-21 1312 RL4F          599 PE PA5WT         599 0044
QSO: 14030 CW 2020-03-21 1312 RL4F          599 PE S52W          599 0049
QSO: 14030 CW 2020-03-21 1313 RL4F          599 PE DL4ME         599 0027
QSO: 14030 CW 2020-03-21 1313 RL4F          599 PE HG4I          599 0094
QSO: 14030 CW 2020-03-21 1314 RL4F          599 PE 9A5MPV        599 0006
QSO: 14030 CW 2020-03-21 1314 RL4F          599 PE K4WW          599 0035
QSO: 14030 CW 2020-03-21 1314 RL4F          599 PE OG66X         599 0108
QSO: 14030 CW 2020-03-21 1314 RL4F          599 PE ON6LR         599 0018
QSO: 14000 CW 2020-03-21 1315 RL4F          599 PE Z35W          599 0034
QSO: 14030 CW 2020-03-21 1315 RL4F          599 PE JA1BJI        599 0081
QSO: 14030 CW 2020-03-21 1316 RL4F          599 PE K5FUV         599 0031
QSO: 14000 CW 2020-03-21 1317 RL4F          599 PE F6EYB         599 0033
QSO: 14000 CW 2020-03-21 1317 RL4F          599 PE OK8KM         599 0015
QSO: 14030 CW 2020-03-21 1317 RL4F          599 PE DF2CH         599 0025
QSO: 14030 CW 2020-03-21 1317 RL4F          599 PE SQ1WO         599 0003
QSO: 14030 CW 2020-03-21 1318 RL4F          599 PE K8AJS         599 0045
QSO: 14000 CW 2020-03-21 1319 RL4F          599 PE F8NAN         599 0023
QSO: 14030 CW 2020-03-21 1319 RL4F          599 PE DL4FN         599 0013
QSO: 14030 CW 2020-03-21 1319 RL4F          599 PE ED4T          599 0065
QSO: 14000 CW 2020-03-21 1320 RL4F          599 PE K8GL          599 0054
QSO: 14030 CW 2020-03-21 1320 RL4F          599 PE DF5EG         599 0060
QSO: 14030 CW 2020-03-21 1320 RL4F          599 PE K4BAI         599 0085
QSO: 14030 CW 2020-03-21 1320 RL4F          599 PE PA2A          599 0054
QSO: 14000 CW 2020-03-21 1321 RL4F          599 PE DM5JBN        599 0002
QSO: 14000 CW 2020-03-21 1322 RL4F          599 PE OM3BA         599 0042
QSO: 14030 CW 2020-03-21 1322 RL4F          599 PE F5IYC         599 0018
QSO: 14030 CW 2020-03-21 1323 RL4F          599 PE 4Z5LU         599 0027
QSO: 14030 CW 2020-03-21 1323 RL4F          599 PE HG8R          599 0153
QSO: 14000 CW 2020-03-21 1324 RL4F          599 PE OK1DM         599 0019
QSO: 14030 CW 2020-03-21 1324 RL4F          599 PE K1DJ          599 0008
QSO: 14030 CW 2020-03-21 1325 RL4F          599 PE W1GD          599 0022
QSO: 14030 CW 2020-03-21 1326 RL4F          599 PE F4VSQ         599 0094
QSO: 14030 CW 2020-03-21 1326 RL4F          599 PE IV3JCC        599 0107
QSO: 14030 CW 2020-03-21 1326 RL4F          599 PE OK1HEH        599 0046
QSO: 14030 CW 2020-03-21 1327 RL4F          599 PE 4Z5LY         599 0134
QSO: 14030 CW 2020-03-21 1327 RL4F          599 PE DL5ARM        599 0040
QSO: 14030 CW 2020-03-21 1327 RL4F          599 PE DM7W          599 0094
QSO: 14030 CW 2020-03-21 1327 RL4F          599 PE S57NAW        599 0048
QSO: 14030 CW 2020-03-21 1328 RL4F          599 PE DL6DH         599 0028
QSO: 14030 CW 2020-03-21 1328 RL4F          599 PE LZ1ZJ         599 0085
QSO: 14030 CW 2020-03-21 1328 RL4F          599 PE S57Q          599 0086
QSO: 14030 CW 2020-03-21 1329 RL4F          599 PE DM3PKK        599 0033
QSO: 14030 CW 2020-03-21 1329 RL4F          599 PE F5HTR         599 0035
QSO: 14028 CW 2020-03-21 1330 RL4F          599 PE DK1TW         599 0022
QSO: 14029 CW 2020-03-21 1330 RL4F          599 PE F5PBM         599 0011
QSO: 14029 CW 2020-03-21 1330 RL4F          599 PE PE2K          599 0035
QSO: 14030 CW 2020-03-21 1330 RL4F          599 PE N6AR          599 0043
QSO: 14030 CW 2020-03-21 1331 RL4F          599 PE OE2E          599 0037
QSO: 14030 CW 2020-03-21 1332 RL4F          599 PE G3RFH         599 0019
QSO: 14030 CW 2020-03-21 1332 RL4F          599 PE OE1CIW        599 0019
QSO: 14030 CW 2020-03-21 1333 RL4F          599 PE IT9LKX        599 0051
QSO: 14030 CW 2020-03-21 1333 RL4F          599 PE K0SR          599 0047
QSO: 14030 CW 2020-03-21 1333 RL4F          599 PE LZ1UQ         599 0050
QSO: 14030 CW 2020-03-21 1334 RL4F          599 PE IK3OII        599 0013
QSO: 14030 CW 2020-03-21 1334 RL4F          599 PE K0AP          599 0007
QSO: 14000 CW 2020-03-21 1335 RL4F          599 PE DL1SL         599 0009
QSO: 14030 CW 2020-03-21 1335 RL4F          599 PE OZ0B          599 0046
QSO: 14030 CW 2020-03-21 1335 RL4F          599 PE YO5BRZ        599 0047
QSO: 14030 CW 2020-03-21 1336 RL4F          599 PE DL5SE         599 0076
QSO: 14030 CW 2020-03-21 1336 RL4F          599 PE F6CEL         599 0024
QSO: 14030 CW 2020-03-21 1336 RL4F          599 PE WW4XX         599 0045
QSO: 14000 CW 2020-03-21 1337 RL4F          599 PE DL5CL         599 0036
QSO: 14000 CW 2020-03-21 1337 RL4F          599 PE DL6AG         599 0061
QSO: 14030 CW 2020-03-21 1337 RL4F          599 PE LZ4A          599 0136
QSO: 14030 CW 2020-03-21 1337 RL4F          599 PE W4SPR         599 0005
QSO: 14030 CW 2020-03-21 1337 RL4F          599 PE YU3A          599 0076
QSO: 14030 CW 2020-03-21 1338 RL4F          599 PE HB9ON         599 0108
QSO: 14030 CW 2020-03-21 1338 RL4F          599 PE IK2XDE        599 0054
QSO: 14030 CW 2020-03-21 1338 RL4F          599 PE M3D           599 0101
QSO: 14030 CW 2020-03-21 1338 RL4F          599 PE PA3BFH        599 0024
QSO: 14000 CW 2020-03-21 1339 RL4F          599 PE IU3BPW        599 0004
QSO: 14030 CW 2020-03-21 1339 RL4F          599 PE 2E0FTD        599 0013
QSO: 14030 CW 2020-03-21 1339 RL4F          599 PE N4QS          599 0036
QSO: 14030 CW 2020-03-21 1341 RL4F          599 PE IK3QAR        599 0045
QSO: 14030 CW 2020-03-21 1341 RL4F          599 PE LZ1GE         599 0030
QSO: 14030 CW 2020-03-21 1341 RL4F          599 PE OM0R          599 0102
QSO: 14029 CW 2020-03-21 1342 RL4F          599 PE HG5DX         599 0047
QSO: 14029 CW 2020-03-21 1342 RL4F          599 PE K5GN          599 0095
QSO: 14030 CW 2020-03-21 1342 RL4F          599 PE HA1TNX        599 0053
QSO: 14030 CW 2020-03-21 1342 RL4F          599 PE IT9RGY        599 0047
QSO: 14030 CW 2020-03-21 1343 RL4F          599 PE IT9GNJ        599 0046
QSO: 14030 CW 2020-03-21 1343 RL4F          599 PE S56A          599 0082
QSO: 14030 CW 2020-03-21 1343 RL4F          599 PE W1FJ          599 0041
QSO: 14000 CW 2020-03-21 1345 RL4F          599 PE SP9JZT        599 0004
QSO: 14029 CW 2020-03-21 1345 RL4F          599 PE DL8MBS        599 0014
QSO: 14030 CW 2020-03-21 1345 RL4F          599 PE IZ2GRG        599 0122
QSO: 14030 CW 2020-03-21 1346 RL4F          599 PE DL1QQ         599 0047
QSO: 14030 CW 2020-03-21 1346 RL4F          599 PE F8FQJ         599 0007
QSO: 14030 CW 2020-03-21 1346 RL4F          599 PE VO1HP         599 0054
QSO: 14030 CW 2020-03-21 1347 RL4F          599 PE MU2K          599 0148
QSO: 14030 CW 2020-03-21 1347 RL4F          599 PE N3OC          599 0042
QSO: 14030 CW 2020-03-21 1347 RL4F          599 PE SC0T          599 0038
QSO: 14030 CW 2020-03-21 1348 RL4F          599 PE DL5MO         599 0077
QSO: 14029 CW 2020-03-21 1349 RL4F          599 PE OM7LW         599 0100
QSO: 14030 CW 2020-03-21 1350 RL4F          599 PE N4UA          599 0054
QSO: 14188 PH 2020-03-21 1352 RL4F          59 PE F5PAL         59 0103
QSO: 14188 PH 2020-03-21 1353 RL4F          59 PE HA7PO         59 0033
QSO: 14188 PH 2020-03-21 1353 RL4F          59 PE LA8RTA        59 0003
QSO: 14000 PH 2020-03-21 1354 RL4F          59 PE DL0WM         59 0041
QSO: 14000 PH 2020-03-21 1354 RL4F          59 PE EA2ECA        59 0020
QSO: 14000 PH 2020-03-21 1355 RL4F          59 PE PA4HM         59 0041
QSO: 14200 PH 2020-03-21 1355 RL4F          59 PE DF0DIG        59 0084
QSO: 14299 PH 2020-03-21 1355 RL4F          59 PE IZ2KPE        59 0006
QSO: 14299 PH 2020-03-21 1356 RL4F          59 PE OZ4NA         59 0026
QSO: 14299 PH 2020-03-21 1356 RL4F          59 PE PA4GDR        59 0010
QSO: 14000 PH 2020-03-21 1357 RL4F          59 PE IU5ICR        59 0023
QSO: 14298 PH 2020-03-21 1357 RL4F          59 PE F8KLY         59 0188
QSO: 14299 PH 2020-03-21 1357 RL4F          59 PE DL9NEI        59 0004
QSO: 14000 PH 2020-03-21 1358 RL4F          59 PE DJ4DN         59 0050
QSO: 14299 PH 2020-03-21 1358 RL4F          59 PE IU4FNO        59 0097
QSO: 14299 PH 2020-03-21 1358 RL4F          59 PE S52ON         59 0034
QSO: 14000 PH 2020-03-21 1359 RL4F          59 PE IZ2LQD        59 0014
QSO: 14000 PH 2020-03-21 1359 RL4F          59 PE OK1NYD        59 0001
QSO: 14000 PH 2020-03-21 1400 RL4F          59 PE YT1RK         59 0036
QSO: 14298 PH 2020-03-21 1400 RL4F          59 PE DL0XM         59 0046
QSO: 14299 PH 2020-03-21 1400 RL4F          59 PE 9A7T          59 0138
QSO: 14299 PH 2020-03-21 1400 RL4F          59 PE S52OT         59 0081
QSO: 14299 PH 2020-03-21 1400 RL4F          59 PE W3FOX         59 0016
QSO: 14000 PH 2020-03-21 1401 RL4F          59 PE IZ7XUQ        59 0044
QSO: 14299 PH 2020-03-21 1401 RL4F          59 PE 9A7A          59 0246
QSO: 14000 PH 2020-03-21 1402 RL4F          59 PE LZ1BP         59 0105
QSO: 14000 PH 2020-03-21 1402 RL4F          59 PE SP3PW         59 0039
QSO: 14298 PH 2020-03-21 1402 RL4F          59 PE DK7MCX        59 0054
QSO: 14299 PH 2020-03-21 1402 RL4F          59 PE HA3JO         59 0011
QSO: 14299 PH 2020-03-21 1404 RL4F          59 PE GM0WRR        59 0014
QSO: 14299 PH 2020-03-21 1404 RL4F          59 PE IK2XRO        59 0009
QSO: 14299 PH 2020-03-21 1404 RL4F          59 PE OZ1ADL        59 0054
QSO: 14298 PH 2020-03-21 1405 RL4F          59 PE ON6GMT        59 0005
QSO: 14299 PH 2020-03-21 1405 RL4F          59 PE IK3AES        59 0025
QSO: 14000 PH 2020-03-21 1407 RL4F          59 PE PF1SCT        59 0037
QSO: 14298 PH 2020-03-21 1408 RL4F          59 PE DK9BM         59 0027
QSO: 14000 PH 2020-03-21 1409 RL4F          59 PE EA2WD         59 0039
QSO: 14000 PH 2020-03-21 1409 RL4F          59 PE HG1VN         59 0011
QSO: 14298 PH 2020-03-21 1409 RL4F          59 PE OK4K          59 0031
QSO: 14299 PH 2020-03-21 1409 RL4F          59 PE DK9IP         59 0133
QSO: 14000 PH 2020-03-21 1410 RL4F          59 PE LZ1ST         59 0006
QSO: 14200 PH 2020-03-21 1413 RL4F          59 PE EA3NA         59 0025
QSO: 14286 PH 2020-03-21 1413 RL4F          59 PE F5LIW         59 0076
QSO: 14000 PH 2020-03-21 1414 RL4F          59 PE IN3EHR/6      59 0031
QSO: 14287 PH 2020-03-21 1414 RL4F          59 PE W2MV          59 0077
QSO: 14287 PH 2020-03-21 1415 RL4F          59 PE YT8A          59 0108
QSO: 14000 PH 2020-03-21 1417 RL4F          59 PE F6DRP         59 0030
QSO: 14000 PH 2020-03-21 1417 RL4F          59 PE IK2TDM        59 0121
QSO: 14000 PH 2020-03-21 1417 RL4F          59 PE IV3KKW        59 0031
QSO: 14000 PH 2020-03-21 1418 RL4F          59 PE LA2GKA        59 0037
QSO: 14000 PH 2020-03-21 1418 RL4F          59 PE S56WYB        59 0064
QSO: 14000 PH 2020-03-21 1419 RL4F          59 PE OK1ULL        59 0053
QSO: 14286 PH 2020-03-21 1419 RL4F          59 PE WB2ZAB        59 0016
QSO: 14287 PH 2020-03-21 1419 RL4F          59 PE DK3T          59 0332
QSO: 14287 PH 2020-03-21 1419 RL4F          59 PE W2JV          59 0043
QSO: 14287 PH 2020-03-21 1420 RL4F          59 PE DL4WA         59 0142
QSO: 14287 PH 2020-03-21 1420 RL4F          59 PE HB2K          59 0100
QSO: 14287 PH 2020-03-21 1420 RL4F          59 PE IK2LFF        59 0208
QSO: 14287 PH 2020-03-21 1421 RL4F          59 PE 9A2NO         59 0178
QSO: 14287 PH 2020-03-21 1421 RL4F          59 PE IZ8DFO        59 0046
QSO: 14287 PH 2020-03-21 1421 RL4F          59 PE TM2F          59 0078
QSO: 14287 PH 2020-03-21 1422 RL4F          59 PE HB9NE         59 0189
QSO: 14287 PH 2020-03-21 1422 RL4F          59 PE J42L          59 0381
QSO: 14000 PH 2020-03-21 1423 RL4F          59 PE E73RB         59 0020
QSO: 14000 PH 2020-03-21 1423 RL4F          59 PE EA3KT         59 0001
QSO: 14000 PH 2020-03-21 1423 RL4F          59 PE IQ5ZP         59 0021
QSO: 14287 PH 2020-03-21 1423 RL4F          59 PE 9A5Y          59 0266
QSO: 14287 PH 2020-03-21 1423 RL4F          59 PE CT1HIX        59 0076
QSO: 14287 PH 2020-03-21 1423 RL4F          59 PE IU2IBU        59 0014
QSO: 14000 PH 2020-03-21 1424 RL4F          59 PE IW2NEF        59 0031
QSO: 14000 PH 2020-03-21 1424 RL4F          59 PE OK6AB         59 0060
QSO: 14287 PH 2020-03-21 1424 RL4F          59 PE DL5MO         59 0105
QSO: 14287 PH 2020-03-21 1424 RL4F          59 PE LX1FP         59 0068
QSO: 14287 PH 2020-03-21 1425 RL4F          59 PE OM7RU         59 0088
QSO: 14287 PH 2020-03-21 1425 RL4F          59 PE PA2CVD        59 0046
QSO: 14287 PH 2020-03-21 1426 RL4F          59 PE 3Z50DVP       59 0065
QSO: 14287 PH 2020-03-21 1426 RL4F          59 PE SP6VWX        59 0066
QSO: 14000 PH 2020-03-21 1427 RL4F          59 PE IU3LYJ        59 0054
QSO: 14287 PH 2020-03-21 1427 RL4F          59 PE S55BA         59 0052
QSO: 14000 PH 2020-03-21 1428 RL4F          59 PE EC5AN         59 0009
QSO: 14287 PH 2020-03-21 1428 RL4F          59 PE IK2SYI        59 0030
QSO: 14287 PH 2020-03-21 1428 RL4F          59 PE IW3IAU        59 0035
QSO: 14287 PH 2020-03-21 1428 RL4F          59 PE LA2T          59 0063
QSO: 14287 PH 2020-03-21 1430 RL4F          59 PE DB1RLE        59 0011
QSO: 14287 PH 2020-03-21 1430 RL4F          59 PE KC1XX         59 0378
QSO: 14000 PH 2020-03-21 1431 RL4F          59 PE IZ5CMI        59 0067
QSO: 14287 PH 2020-03-21 1431 RL4F          59 PE DL5IC         59 0009
QSO: 14287 PH 2020-03-21 1431 RL4F          59 PE F4BKV         59 0185
QSO: 14287 PH 2020-03-21 1431 RL4F          59 PE IK8UND        59 0197
QSO: 14000 PH 2020-03-21 1432 RL4F          59 PE PA0AWH        59 0018
QSO: 14287 PH 2020-03-21 1432 RL4F          59 PE OE1HHB        59 0080
QSO: 14287 PH 2020-03-21 1432 RL4F          59 PE PA6X          59 0099
QSO: 14000 PH 2020-03-21 1433 RL4F          59 PE IU6FUB        59 0003
QSO: 14000 PH 2020-03-21 1433 RL4F          59 PE IZ3KKE        59 0052
QSO: 14287 PH 2020-03-21 1434 RL4F          59 PE EA1ACP        59 0099
QSO: 14287 PH 2020-03-21 1434 RL4F          59 PE IZ8IEV        59 0099
QSO: 14287 PH 2020-03-21 1434 RL4F          59 PE YT0W          59 0338
QSO: 14000 PH 2020-03-21 1435 RL4F          59 PE DL7NV         59 0042
QSO: 14287 PH 2020-03-21 1435 RL4F          59 PE 9A6DJX        59 0061
QSO: 14287 PH 2020-03-21 1435 RL4F          59 PE DJ4MH         59 0107
QSO: 14287 PH 2020-03-21 1435 RL4F          59 PE IZ4COW        59 0222
QSO: 14287 PH 2020-03-21 1435 RL4F          59 PE ON7TG         59 0077
QSO: 14287 PH 2020-03-21 1436 RL4F          59 PE LA7WRA        59 0043
QSO: 14287 PH 2020-03-21 1436 RL4F          59 PE SP3PWL        59 0074
QSO: 14287 PH 2020-03-21 1437 RL4F          59 PE IZ0BVU        59 0086
QSO: 14000 PH 2020-03-21 1438 RL4F          59 PE OZ1DYI        59 0044
QSO: 14287 PH 2020-03-21 1438 RL4F          59 PE F1PNJ         59 0014
QSO: 14287 PH 2020-03-21 1438 RL4F          59 PE K5ZD          59 0319
QSO: 14286 PH 2020-03-21 1439 RL4F          59 PE PA0JNH        59 0070
QSO: 14287 PH 2020-03-21 1439 RL4F          59 PE EA3FP         59 0020
QSO: 14287 PH 2020-03-21 1440 RL4F          59 PE HB9EFJ        59 0058
QSO: 14287 PH 2020-03-21 1440 RL4F          59 PE K3AJ          59 0131
QSO: 14287 PH 2020-03-21 1440 RL4F          59 PE NN1C          59 0166
QSO: 14000 PH 2020-03-21 1441 RL4F          59 PE OE3HLB        59 0032
QSO: 14287 PH 2020-03-21 1441 RL4F          59 PE OZ1KVM        59 0058
QSO: 14287 PH 2020-03-21 1441 RL4F          59 PE PA8KW         59 0015
QSO: 14287 PH 2020-03-21 1442 RL4F          59 PE IT9UFP        59 0020
QSO: 14287 PH 2020-03-21 1442 RL4F          59 PE LZ1W          59 0015
QSO: 14287 PH 2020-03-21 1442 RL4F          59 PE PA1TO         59 0002
QSO: 14287 PH 2020-03-21 1442 RL4F          59 PE PC1PM         59 0060
QSO: 14287 PH 2020-03-21 1443 RL4F          59 PE NN1C          59 0170
QSO:  7000 PH 2020-03-21 1443 RL4F          59 PE IU3FSE        59 0014
QSO: 14287 PH 2020-03-21 1444 RL4F          59 PE I1JTQ         59 0037
QSO: 14000 PH 2020-03-21 1445 RL4F          59 PE G0RXA         59 0004
QSO: 14287 PH 2020-03-21 1445 RL4F          59 PE IV3BCA        59 0014
QSO: 14287 PH 2020-03-21 1446 RL4F          59 PE DL9HB         59 0028
QSO: 14287 PH 2020-03-21 1446 RL4F          59 PE HB9CIC        59 0121
QSO: 14286 PH 2020-03-21 1447 RL4F          59 PE DK6VCO        59 0030
QSO: 14287 PH 2020-03-21 1448 RL4F          59 PE GU0UVH        59 0015
QSO: 14287 PH 2020-03-21 1449 RL4F          59 PE OZ30EU        59 0095
QSO: 14000 PH 2020-03-21 1452 RL4F          59 PE 9A5IVA        59 0038
QSO: 14283 PH 2020-03-21 1452 RL4F          59 PE EA8DO         59 0226
QSO: 14036 CW 2020-03-21 1503 RL4F          599 PE DH0GHU        599 0053
QSO: 14036 CW 2020-03-21 1503 RL4F          599 PE DJ3WE         599 0085
QSO: 14036 CW 2020-03-21 1503 RL4F          599 PE OK7T          599 0074
QSO: 14000 CW 2020-03-21 1505 RL4F          599 PE G3VQO         599 0012
QSO: 14036 CW 2020-03-21 1505 RL4F          599 PE DL1ARJ        599 0025
QSO: 14036 CW 2020-03-21 1505 RL4F          599 PE OZ6TL         599 0067
QSO: 14000 CW 2020-03-21 1506 RL4F          599 PE F8NAN         599 0064
QSO: 14000 PH 2020-03-21 1506 RL4F          59 PE HB9RUD        59 0015
QSO: 14036 CW 2020-03-21 1506 RL4F          599 PE DL4HG         599 0082
QSO: 14000 CW 2020-03-21 1507 RL4F          599 PE DJ3HW         599 0042
QSO: 14035 CW 2020-03-21 1507 RL4F          599 PE EB5F          599 0116
QSO: 14036 CW 2020-03-21 1507 RL4F          599 PE PA3GRM        599 0044
QSO: 14036 CW 2020-03-21 1508 RL4F          599 PE M7K           599 0290
QSO: 14036 CW 2020-03-21 1509 RL4F          599 PE DL9NEI        599 0025
QSO: 14036 CW 2020-03-21 1509 RL4F          599 PE IT9RZU        599 0097
QSO: 14036 CW 2020-03-21 1509 RL4F          599 PE K5KU          599 0134
QSO: 14000 CW 2020-03-21 1510 RL4F          599 PE IK1BPL        599 0054
QSO: 14036 CW 2020-03-21 1510 RL4F          599 PE DJ5MO         599 0080
QSO: 14036 CW 2020-03-21 1510 RL4F          599 PE HB9GFT        599 0052
QSO: 14036 CW 2020-03-21 1512 RL4F          599 PE I3FDZ         599 0070
QSO: 14001 CW 2020-03-21 1514 RL4F          599 PE K1LZ          599 0368
QSO: 14006 CW 2020-03-21 1514 RL4F          599 PE K3WW          599 0489
QSO: 14011 CW 2020-03-21 1515 RL4F          599 PE AA3B          599 0409
QSO: 14000 CW 2020-03-21 1517 RL4F          599 PE DL1VDL        599 0074
QSO: 14000 CW 2020-03-21 1519 RL4F          599 PE YT6M          599 0110
QSO: 14036 CW 2020-03-21 1520 RL4F          599 PE DJ8EW         599 0146
QSO: 14036 CW 2020-03-21 1520 RL4F          599 PE S51ZJ         599 0017
QSO: 14163 PH 2020-03-21 1523 RL4F          59 PE LZ1ND         59 0303
QSO: 14150 PH 2020-03-21 1524 RL4F          59 PE PA2VS         59 0031
QSO: 14150 PH 2020-03-21 1525 RL4F          59 PE 5B4AIF        59 0144
QSO: 14150 PH 2020-03-21 1526 RL4F          59 PE PA0RBL        59 0050
QSO: 14209 PH 2020-03-21 1526 RL4F          59 PE DL6MDG        59 0062
QSO: 14000 PH 2020-03-21 1527 RL4F          59 PE IZ2KXC        59 0079
QSO: 14000 PH 2020-03-21 1528 RL4F          59 PE EA1DHB        59 0044
QSO: 14150 PH 2020-03-21 1528 RL4F          59 PE DL1GWS        59 0096
QSO: 14150 PH 2020-03-21 1528 RL4F          59 PE LZ5R          59 0709
QSO: 14150 PH 2020-03-21 1529 RL4F          59 PE EA3CI         59 0295
QSO: 14150 PH 2020-03-21 1529 RL4F          59 PE IZ2JQP        59 0078
QSO: 14150 PH 2020-03-21 1529 RL4F          59 PE IZ6JPK        59 0091
QSO: 14150 PH 2020-03-21 1529 RL4F          59 PE PD3W          59 0051
QSO: 14000 PH 2020-03-21 1530 RL4F          59 PE DJ6DO         59 0043
QSO: 14000 PH 2020-03-21 1530 RL4F          59 PE DL1RTO        59 0051
QSO: 14150 PH 2020-03-21 1530 RL4F          59 PE PC3T          59 0246
QSO: 14000 PH 2020-03-21 1532 RL4F          59 PE OV1RR         59 0098
QSO: 14150 PH 2020-03-21 1533 RL4F          59 PE DJ1MV         59 0036
QSO: 14150 PH 2020-03-21 1533 RL4F          59 PE DL9BBE        59 0063
QSO: 14150 PH 2020-03-21 1533 RL4F          59 PE EA5GI         59 0151
QSO: 14150 PH 2020-03-21 1534 RL4F          59 PE EE7P          59 0085
QSO: 14150 PH 2020-03-21 1534 RL4F          59 PE PD1BU         59 0079
QSO: 14150 PH 2020-03-21 1534 RL4F          59 PE SV3SKM        59 0068
QSO: 14000 PH 2020-03-21 1535 RL4F          59 PE YT2ISM        59 0294
QSO: 14150 PH 2020-03-21 1536 RL4F          59 PE DJ2VA         59 0034
QSO: 14150 PH 2020-03-21 1536 RL4F          59 PE PD75DX        59 0094
QSO: 14150 PH 2020-03-21 1537 RL4F          59 PE SV2YC         59 0049
QSO: 14150 PH 2020-03-21 1539 RL4F          59 PE PD5W          59 0027
QSO: 14150 PH 2020-03-21 1540 RL4F          59 PE PE1RMO        59 0062
QSO: 14150 PH 2020-03-21 1541 RL4F          59 PE IT9ZMX        59 0010
QSO: 14263 PH 2020-03-21 1541 RL4F          59 PE DK7AM         59 0034
QSO: 14150 PH 2020-03-21 1542 RL4F          59 PE MM0DXH        59 0052
QSO: 14000 PH 2020-03-21 1543 RL4F          59 PE DG6TOM        59 0015
QSO: 14000 PH 2020-03-21 1543 RL4F          59 PE DJ6NL         59 0057
QSO: 14150 PH 2020-03-21 1543 RL4F          59 PE DG1IU         59 0014
QSO: 14150 PH 2020-03-21 1544 RL4F          59 PE PD5ISW        59 0067
QSO: 14000 PH 2020-03-21 1545 RL4F          59 PE DG1SR         59 0013
QSO: 14150 PH 2020-03-21 1545 RL4F          59 PE CT2KNA        59 0064
QSO: 14150 PH 2020-03-21 1545 RL4F          59 PE PH2A          59 0058
QSO: 14000 PH 2020-03-21 1546 RL4F          59 PE F8DVD         59 0150
QSO: 14000 PH 2020-03-21 1547 RL4F          59 PE IK5AEQ        59 0037
QSO: 14000 PH 2020-03-21 1547 RL4F          59 PE IU0DUM        59 0097
QSO: 14150 PH 2020-03-21 1547 RL4F          59 PE DM4L          59 0032
QSO: 14150 PH 2020-03-21 1547 RL4F          59 PE DM6V          59 0343
QSO: 14200 PH 2020-03-21 1548 RL4F          59 PE DH0GDS        59 0053
QSO: 14000 PH 2020-03-21 1549 RL4F          59 PE DL1NKS        59 0212
QSO: 14150 PH 2020-03-21 1550 RL4F          59 PE E75CV         59 0063
QSO: 14150 PH 2020-03-21 1550 RL4F          59 PE MM3AWD        59 0221
QSO: 14150 PH 2020-03-21 1551 RL4F          59 PE ED1N          59 0001
QSO: 14150 PH 2020-03-21 1552 RL4F          59 PE DK1IP         59 0139
QSO: 14150 PH 2020-03-21 1552 RL4F          59 PE F4HZZ         59 0015
QSO: 14000 PH 2020-03-21 1554 RL4F          59 PE DG7NFX        59 0141
QSO: 14150 PH 2020-03-21 1554 RL4F          59 PE DL2BDA        59 0083
QSO: 14150 PH 2020-03-21 1555 RL4F          59 PE PE1EWR        59 0058
QSO: 14000 PH 2020-03-21 1556 RL4F          59 PE IT9FRX        59 0323
QSO: 14150 PH 2020-03-21 1556 RL4F          59 PE DL0ZZ         59 0046
QSO: 14150 PH 2020-03-21 1556 RL4F          59 PE PC2T          59 0074
QSO: 14150 PH 2020-03-21 1556 RL4F          59 PE S56AX         59 0019
QSO: 14150 PH 2020-03-21 1557 RL4F          59 PE IU3FSE        59 0039
QSO: 14150 PH 2020-03-21 1558 RL4F          59 PE IU4FIT        59 0012
QSO: 14150 PH 2020-03-21 1558 RL4F          59 PE ON6LR         59 0069
QSO: 14000 PH 2020-03-21 1559 RL4F          59 PE IW3HV         59 0007
QSO: 14150 PH 2020-03-21 1559 RL4F          59 PE PA3ELQ        59 0051
QSO: 14150 PH 2020-03-21 1559 RL4F          59 PE PD2TW         59 0017
QSO: 14000 PH 2020-03-21 1600 RL4F          59 PE EA1T          59 0039
QSO: 14150 PH 2020-03-21 1601 RL4F          59 PE PD0WVB        59 0030
QSO: 14150 PH 2020-03-21 1602 RL4F          59 PE HB9TPN        59 0006
QSO: 14150 PH 2020-03-21 1602 RL4F          59 PE OS0S          59 0124
QSO: 14000 PH 2020-03-21 1607 RL4F          59 PE DJ3HW         59 0072
QSO: 14150 PH 2020-03-21 1607 RL4F          59 PE OK2ZA         59 0318
QSO: 14200 PH 2020-03-21 1608 RL4F          59 PE F5POJ         59 0034
QSO: 14150 PH 2020-03-21 1609 RL4F          59 PE IT9IDR        59 0037
QSO: 14000 PH 2020-03-21 1610 RL4F          59 PE G4JFS         59 0031
QSO: 14000 PH 2020-03-21 1610 RL4F          59 PE M0PLX/M       59 0040
QSO: 14150 PH 2020-03-21 1610 RL4F          59 PE IK4OMU        59 0063
QSO: 14000 PH 2020-03-21 1611 RL4F          59 PE M8C           59 0101
QSO: 14150 PH 2020-03-21 1611 RL4F          59 PE DG1EAD        59 0039
QSO: 14000 PH 2020-03-21 1612 RL4F          59 PE ON3UN         59 0026
QSO: 14150 PH 2020-03-21 1612 RL4F          59 PE IU2DGV        59 0014
QSO: 14150 PH 2020-03-21 1613 RL4F          59 PE IT9WKU        59 0022
QSO: 14150 PH 2020-03-21 1613 RL4F          59 PE MU2K          59 0415
QSO: 14000 CW 2020-03-21 1620 RL4F          599 PE CN8YR         599 0017
QSO: 14030 CW 2020-03-21 1626 RL4F          599 PE PA0INA        599 0050
QSO: 14030 CW 2020-03-21 1627 RL4F          599 PE 9A5CW         599 0098
QSO: 14030 CW 2020-03-21 1627 RL4F          599 PE CR5E          599 0629
QSO: 14030 CW 2020-03-21 1627 RL4F          599 PE HB9AMO        599 0075
QSO: 14030 CW 2020-03-21 1627 RL4F          599 PE IU1LCU        599 0176
QSO: 14000 CW 2020-03-21 1628 RL4F          599 PE DL5ZL         599 0063
QSO: 14000 CW 2020-03-21 1628 RL4F          599 PE UY5ZZ         599 0407
QSO: 14031 CW 2020-03-21 1628 RL4F          599 PE W1RM          599 0034
QSO: 14030 CW 2020-03-21 1629 RL4F          599 PE DL9YAJ        599 0008
QSO: 14031 CW 2020-03-21 1629 RL4F          599 PE IK1JJM        599 0242
QSO: 14000 CW 2020-03-21 1630 RL4F          599 PE OK1CRM        599 0137
QSO: 14030 CW 2020-03-21 1630 RL4F          599 PE DD5M          599 0182
QSO: 14000 CW 2020-03-21 1631 RL4F          599 PE Z33B          599 0044
QSO: 14030 CW 2020-03-21 1632 RL4F          599 PE IK1YRA        599 0087
QSO: 14031 CW 2020-03-21 1632 RL4F          599 PE IK3YBX        599 0124
QSO: 14030 CW 2020-03-21 1633 RL4F          599 PE DL1MAJ        599 0082
QSO: 14030 CW 2020-03-21 1633 RL4F          599 PE OG6N          599 0246
QSO: 14000 CW 2020-03-21 1634 RL4F          599 PE DL1NKS        599 0243
QSO: 14000 CW 2020-03-21 1634 RL4F          599 PE Z33ST         599 0027
QSO: 14031 CW 2020-03-21 1635 RL4F          599 PE DK3WW         599 0218
QSO: 14039 CW 2020-03-21 1638 RL4F          599 PE 4L8A          599 0644
QSO: 14052 CW 2020-03-21 1640 RL4F          599 PE 7Z1SJ         599 0297
QSO: 14030 CW 2020-03-21 1643 RL4F          599 PE DG6UAX        599 0094
QSO: 14030 CW 2020-03-21 1644 RL4F          599 PE DL1ATZ        599 0222
QSO: 14030 CW 2020-03-21 1644 RL4F          599 PE S57X          599 0058
QSO: 14030 CW 2020-03-21 1645 RL4F          599 PE UW1M          599 0460
QSO: 14030 CW 2020-03-21 1646 RL4F          599 PE G3SQU         599 0041
QSO: 14030 CW 2020-03-21 1647 RL4F          599 PE DJ6TB         599 0063
QSO: 14031 CW 2020-03-21 1648 RL4F          599 PE SN1W          599 0106
QSO: 14000 CW 2020-03-21 1649 RL4F          599 PE IW3ILM        599 0056
QSO: 14000 CW 2020-03-21 1650 RL4F          599 PE E74X          599 0178
QSO: 14000 CW 2020-03-21 1650 RL4F          599 PE S58MU         599 0172
QSO: 14031 CW 2020-03-21 1651 RL4F          599 PE OO9O          599 0034
QSO: 14030 CW 2020-03-21 1652 RL4F          599 PE DL1EFW        599 0064
QSO: 14030 CW 2020-03-21 1652 RL4F          599 PE HB9ARF        599 0253
QSO: 14030 CW 2020-03-21 1652 RL4F          599 PE PD0HF         599 0039
QSO: 14030 CW 2020-03-21 1654 RL4F          599 PE HB9TPN        599 0026
QSO: 14030 CW 2020-03-21 1654 RL4F          599 PE OM3BY         599 0037
QSO: 14030 CW 2020-03-21 1656 RL4F          599 PE DL1GBQ        599 0040
QSO: 14030 CW 2020-03-21 1656 RL4F          599 PE IV3TRK        599 0018
QSO: 14030 CW 2020-03-21 1657 RL4F          599 PE DL1DBR        599 0013
QSO: 14031 CW 2020-03-21 1657 RL4F          599 PE EA5YU         599 0078
QSO: 14000 CW 2020-03-21 1658 RL4F          599 PE DH1TST        599 0020
QSO: 14030 CW 2020-03-21 1658 RL4F          599 PE ED8M          599 0085
QSO: 14000 CW 2020-03-21 1659 RL4F          599 PE DL0RD         599 0175
QSO: 14030 CW 2020-03-21 1659 RL4F          599 PE F1TRE         599 0045
QSO: 14031 CW 2020-03-21 1659 RL4F          599 PE DM3MM         599 0266
QSO: 14030 CW 2020-03-21 1700 RL4F          599 PE DD1LD         599 0157
QSO: 14030 CW 2020-03-21 1700 RL4F          599 PE IZ2FLX        599 0168
QSO: 14030 CW 2020-03-21 1701 RL4F          599 PE ON5ZZ         599 0037
QSO: 14031 CW 2020-03-21 1701 RL4F          599 PE F6HDI         599 0050
QSO: 14000 CW 2020-03-21 1702 RL4F          599 PE F5PRH         599 0080
QSO: 14018 CW 2020-03-21 1713 RL4F          599 PE HB9DQL        599 0225
QSO: 14255 PH 2020-03-21 1714 RL4F          59 PE SV9DJO        59 0574
QSO: 14258 PH 2020-03-21 1719 RL4F          59 PE IU0NLR        59 0012
QSO: 14258 PH 2020-03-21 1720 RL4F          59 PE F4IDT         59 0019
QSO: 14258 PH 2020-03-21 1721 RL4F          59 PE F4DSK         59 0045
QSO: 14037 CW 2020-03-21 1738 RL4F          599 PE EA6FO         599 0430
QSO: 14035 CW 2020-03-21 1742 RL4F          599 PE G4PVM         599 0215
QSO: 14000 CW 2020-03-21 1743 RL4F          599 OE F4HPZ         599 0008
QSO: 14000 CW 2020-03-21 1744 RL4F          599 PE PY4ARS        599 0064
QSO: 14035 CW 2020-03-21 1744 RL4F          599 PE EB5A          599 0223
QSO: 14252 PH 2020-03-21 1750 RL4F          59 PE PY2NY         59 0208
QSO:  7032 CW 2020-03-21 1754 RL4F          599 PE F5HTR         599 0133
QSO:  7033 CW 2020-03-21 1755 RL4F          599 PE BA7QT         599 0240
QSO:  7033 CW 2020-03-21 1755 RL4F          599 PE HL1VAU        599 0197
QSO:  7033 CW 2020-03-21 1755 RL4F          599 PE SM5DXT        599 0196
QSO:  7032 CW 2020-03-21 1756 RL4F          599 PE DL1QQ         599 0152
QSO:  7032 CW 2020-03-21 1756 RL4F          599 PE YR8D          599 0373
QSO:  7032 CW 2020-03-21 1757 RL4F          599 PE S57X          599 0109
QSO:  7033 CW 2020-03-21 1757 RL4F          599 PE DL4ME         599 0332
QSO:  7033 CW 2020-03-21 1757 RL4F          599 PE YL2CV         599 0178
QSO:  7000 CW 2020-03-21 1758 RL4F          599 PE LY2J          599 0310
QSO:  7032 CW 2020-03-21 1758 RL4F          599 PE I4VEQ         599 0081
QSO:  7033 CW 2020-03-21 1758 RL4F          599 PE JA1BJI        599 0266
QSO:  7032 CW 2020-03-21 1759 RL4F          599 PE ES7A          599 0631
QSO:  7032 CW 2020-03-21 1759 RL4F          599 PE IK4ZGO        599 0146
QSO:  7032 CW 2020-03-21 1800 RL4F          599 PE DR5X          599 0477
QSO:  7033 CW 2020-03-21 1800 RL4F          599 PE 9A5Y          599 0662
QSO:  7033 CW 2020-03-21 1800 RL4F          599 PE S53V          599 0338
QSO:  7032 CW 2020-03-21 1801 RL4F          599 PE SM6FPC        599 0183
QSO:  7033 CW 2020-03-21 1801 RL4F          599 PE EE2E          599 0253
QSO:  7033 CW 2020-03-21 1801 RL4F          599 PE OZ1ADL        599 0121
QSO:  7033 CW 2020-03-21 1802 RL4F          599 PE HS8HEX        599 0036
QSO:  7033 CW 2020-03-21 1802 RL4F          599 PE JH1EAQ        599 0186
QSO:  7033 CW 2020-03-21 1803 RL4F          599 PE DM3PKK        599 0196
QSO:  7033 CW 2020-03-21 1803 RL4F          599 PE F6HDI         599 0079
QSO:  7033 CW 2020-03-21 1803 RL4F          599 PE HB9DVZ        599 0141
QSO:  7000 CW 2020-03-21 1804 RL4F          599 PE SP1C          599 0151
QSO:  7032 CW 2020-03-21 1804 RL4F          599 PE OK2BFN        599 0222
QSO:  7033 CW 2020-03-21 1804 RL4F          599 PE SP7P          599 0191
QSO:  7033 CW 2020-03-21 1804 RL4F          599 PE UW2M          599 0877
QSO:  7032 CW 2020-03-21 1805 RL4F          599 PE HG6N          599 1013
QSO:  7033 CW 2020-03-21 1805 RL4F          599 PE DL1NEO        599 0240
QSO:  7033 CW 2020-03-21 1805 RL4F          599 PE SP2QG         599 0349
QSO:  7032 CW 2020-03-21 1806 RL4F          599 PE EW8DX         599 0366
QSO:  7032 CW 2020-03-21 1807 RL4F          599 PE DK1FT         599 0254
QSO:  7032 CW 2020-03-21 1807 RL4F          599 PE DL0MFL        599 0382
QSO:  7032 CW 2020-03-21 1807 RL4F          599 PE DL1IAO        599 0501
QSO:  7032 CW 2020-03-21 1807 RL4F          599 PE IK4VET        599 0380
QSO:  7032 CW 2020-03-21 1807 RL4F          599 PE YT6W          599 0370
QSO:  7033 CW 2020-03-21 1808 RL4F          599 PE F6GGA         599 0121
QSO:  7033 CW 2020-03-21 1809 RL4F          599 PE DR7T          599 0075
QSO:  7032 CW 2020-03-21 1810 RL4F          599 PE SP3A          599 0348
QSO:  7033 CW 2020-03-21 1810 RL4F          599 PE LZ0M          599 0345
QSO:  7038 CW 2020-03-21 1811 RL4F          599 PE ZM1A          599 0500
QSO:  7041 CW 2020-03-21 1813 RL4F          599 PE JH4UTP        599 0317
QSO:  1800 CW 2020-03-21 1816 RL4F          599 PE UT8IO         599 0078
QSO:  1836 CW 2020-03-21 1816 RL4F          599 PE 9A5W          599 0147
QSO:  1836 CW 2020-03-21 1816 RL4F          599 PE UT3EK         599 0270
QSO:  1836 CW 2020-03-21 1817 RL4F          599 PE UR7MZ         599 0416
QSO:  1836 CW 2020-03-21 1818 RL4F          599 PE UT4LW         599 0645
QSO:  1836 CW 2020-03-21 1820 RL4F          599 PE UW1M          599 0628
QSO:  1836 CW 2020-03-21 1821 RL4F          599 PE YO5AJR        599 0032
QSO:  1836 CW 2020-03-21 1822 RL4F          599 PE US1VM         599 0314
QSO:  7000 PH 2020-03-21 1836 RL4F          59 PE TA1API        59 0061
QSO:  7093 PH 2020-03-21 1837 RL4F          59 PE YO3FLM        59 0109
QSO:  7093 PH 2020-03-21 1838 RL4F          59 PE IT9YVO        59 0355
QSO:  7093 PH 2020-03-21 1838 RL4F          59 PE IZ5EME        59 0101
QSO:  7093 PH 2020-03-21 1838 RL4F          59 PE IZ8IEV        59 0280
QSO:  7093 PH 2020-03-21 1838 RL4F          59 PE PE1EWR        59 0086
QSO:  7000 PH 2020-03-21 1839 RL4F          59 PE IK2TDM        59 0280
QSO:  7000 PH 2020-03-21 1839 RL4F          59 PE SP5XSD        59 0036
QSO:  7093 PH 2020-03-21 1839 RL4F          59 PE DK2TS         59 0019
QSO:  7093 PH 2020-03-21 1839 RL4F          59 PE EA3XL         59 0048
QSO:  7093 PH 2020-03-21 1839 RL4F          59 PE F4HJO         59 0346
QSO:  7000 PH 2020-03-21 1840 RL4F          59 PE IZ2GNQ        59 0006
QSO:  7000 PH 2020-03-21 1840 RL4F          59 PE OM6H          59 0038
QSO:  7000 PH 2020-03-21 1840 RL4F          59 PE SP3W          59 0054
QSO:  7093 PH 2020-03-21 1840 RL4F          59 PE SN5T          59 0321
QSO:  7093 PH 2020-03-21 1841 RL4F          59 PE 8S0C          59 0171
QSO:  7093 PH 2020-03-21 1841 RL4F          59 PE EA3FP         59 0085
QSO:  7093 PH 2020-03-21 1841 RL4F          59 PE HA1TIB        59 0041
QSO:  7090 PH 2020-03-21 1842 RL4F          59 PE DK7WV         59 0017
QSO:  7093 PH 2020-03-21 1842 RL4F          59 PE PA2HD         59 0033
QSO:  7093 PH 2020-03-21 1842 RL4F          59 PE PD0WVB        59 0049
QSO:  7093 PH 2020-03-21 1842 RL4F          59 PE S53MM         59 0610
QSO:  7093 PH 2020-03-21 1843 RL4F          59 PE DL1IAO        59 0534
QSO:  7093 PH 2020-03-21 1843 RL4F          59 PE S52ON         59 0112
QSO:  7093 PH 2020-03-21 1843 RL4F          59 PE TM2F          59 0162
QSO:  7093 PH 2020-03-21 1845 RL4F          59 PE SP7MU         59 0134
QSO:  7093 PH 2020-03-21 1845 RL4F          59 PE SV2AEL        59 0049
QSO:  7093 PH 2020-03-21 1846 RL4F          59 PE ED1R          59 0274
QSO:  7093 PH 2020-03-21 1846 RL4F          59 PE MM3AWD        59 0352
QSO:  7000 PH 2020-03-21 1847 RL4F          59 PE E73PS         59 0001
QSO:  7000 PH 2020-03-21 1847 RL4F          59 PE HA8EV         59 0131
QSO:  7080 PH 2020-03-21 1847 RL4F          59 PE F5POJ         59 0045
QSO:  7093 PH 2020-03-21 1847 RL4F          59 PE LZ1JZ         59 0209
QSO:  7093 PH 2020-03-21 1848 RL4F          59 PE HA6PJ         59 0199
QSO:  7093 PH 2020-03-21 1848 RL4F          59 PE SP4SHD        59 0151
QSO:  7093 PH 2020-03-21 1849 RL4F          59 PE SQ9DXN        59 0167
QSO:  7092 PH 2020-03-21 1850 RL4F          59 PE OK2ZA         59 0431
QSO:  7093 PH 2020-03-21 1850 RL4F          59 PE 9A5Y          59 0748
QSO:  7093 PH 2020-03-21 1850 RL4F          59 PE EB1BCG        59 0083
QSO:  7093 PH 2020-03-21 1850 RL4F          59 PE J42L          59 0924
QSO:  7093 PH 2020-03-21 1850 RL4F          59 PE PA0FEV        59 0014
QSO:  7092 PH 2020-03-21 1851 RL4F          59 PE F5LIW         59 0248
QSO:  7093 PH 2020-03-21 1851 RL4F          59 PE M2L           59 0209
QSO:  7093 PH 2020-03-21 1851 RL4F          59 PE PD2DX         59 0015
QSO:  7093 PH 2020-03-21 1852 RL4F          59 PE DL1GWS        59 0157
QSO:  7093 PH 2020-03-21 1852 RL4F          59 PE LZ2JU         59 0093
QSO:  7093 PH 2020-03-21 1852 RL4F          59 PE OZ4NA         59 0098
QSO:  7093 PH 2020-03-21 1852 RL4F          59 PE YO8BSE        59 0104
QSO:  7093 PH 2020-03-21 1853 RL4F          59 PE G6MC          59 0269
QSO:  7093 PH 2020-03-21 1853 RL4F          59 PE GM0WRR        59 0042
QSO:  7093 PH 2020-03-21 1853 RL4F          59 PE HB2K          59 0267
QSO:  7093 PH 2020-03-21 1853 RL4F          59 PE LC4C          59 0032
QSO:  7093 PH 2020-03-21 1853 RL4F          59 PE PA1TO         59 0125
QSO:  7093 PH 2020-03-21 1854 RL4F          59 PE A42K          59 0459
QSO:  7093 PH 2020-03-21 1854 RL4F          59 PE F5BMI         59 0030
QSO:  7093 PH 2020-03-21 1854 RL4F          59 PE HG6N          59 1169
QSO:  7093 PH 2020-03-21 1855 RL4F          59 PE G7H           59 0046
QSO:  7093 PH 2020-03-21 1855 RL4F          59 PE PD5ISW        59 0090
QSO:  7093 PH 2020-03-21 1855 RL4F          59 PE PH0AS         59 0034
QSO:  7000 PH 2020-03-21 1856 RL4F          59 PE LZ1DM         59 0088
QSO:  7093 PH 2020-03-21 1856 RL4F          59 PE F4DZF         59 0047
QSO:  7093 PH 2020-03-21 1856 RL4F          59 PE LZ5IY         59 0057
QSO:  7093 PH 2020-03-21 1857 RL4F          59 PE EA5GI         59 0367
QSO:  7093 PH 2020-03-21 1857 RL4F          59 PE IK7YTT        59 0704
QSO:  7093 PH 2020-03-21 1857 RL4F          59 PE OT6M          59 0048
QSO:  7000 PH 2020-03-21 1858 RL4F          59 PE DJ6NL         59 0077
QSO:  7000 PH 2020-03-21 1859 RL4F          59 PE YB6MIX        59 0042
QSO:  7093 PH 2020-03-21 1900 RL4F          59 PE EA7LL         59 0476
QSO:  7093 PH 2020-03-21 1900 RL4F          59 PE PA8KW         59 0072
QSO:  7000 PH 2020-03-21 1901 RL4F          59 PE A71GO         59 0068
QSO:  7092 PH 2020-03-21 1901 RL4F          59 PE SQ5Q          59 0101
QSO:  7093 PH 2020-03-21 1902 RL4F          59 PE MU2K          59 0639
QSO:  7000 PH 2020-03-21 1903 RL4F          59 PE OZ1DYI        59 0084
QSO:  7093 PH 2020-03-21 1903 RL4F          59 PE PA0RBL        59 0072
QSO:  7000 PH 2020-03-21 1904 RL4F          59 PE SP8ALT        59 0140
QSO:  7093 PH 2020-03-21 1904 RL4F          59 PE YB0JVZ        59 0056
QSO:  7000 PH 2020-03-21 1905 RL4F          59 PE OM5WW         59 0172
QSO:  7000 PH 2020-03-21 1905 RL4F          59 PE OV1RR         59 0119
QSO:  7093 PH 2020-03-21 1905 RL4F          59 PE 9A5MX         59 0265
QSO:  7093 PH 2020-03-21 1905 RL4F          59 PE IK4LZH        59 0295
QSO:  7093 PH 2020-03-21 1905 RL4F          59 PE SP7O          59 0216
QSO:  7000 PH 2020-03-21 1906 RL4F          59 PE YO6OBK        59 0055
QSO:  7093 PH 2020-03-21 1906 RL4F          59 PE EA7I          59 0397
QSO:  7093 PH 2020-03-21 1906 RL4F          59 PE OK4DZ         59 0118
QSO:  7093 PH 2020-03-21 1907 RL4F          59 PE DF70DARC      59 0253
QSO:  7000 PH 2020-03-21 1908 RL4F          59 PE IU8LUM        59 0027
QSO:  7093 PH 2020-03-21 1909 RL4F          59 PE LY2BKT        59 0355
QSO:  7093 PH 2020-03-21 1909 RL4F          59 PE SP1JQJ        59 0044
QSO:  7092 PH 2020-03-21 1910 RL4F          59 PE OH2GEK        59 0103
QSO:  7093 PH 2020-03-21 1910 RL4F          59 PE LA2T          59 0098
QSO:  7000 PH 2020-03-21 1911 RL4F          59 PE DK8K          59 0090
QSO:  7000 PH 2020-03-21 1911 RL4F          59 PE M0PLX/M       59 0092
QSO:  7000 PH 2020-03-21 1911 RL4F          59 PE OK6AB         59 0160
QSO:  7093 PH 2020-03-21 1911 RL4F          59 PE 3Z1K          59 0062
QSO:  7000 PH 2020-03-21 1912 RL4F          59 PE IN3EHR/6      59 0093
QSO:  7093 PH 2020-03-21 1912 RL4F          59 PE IU1MVI        59 0019
QSO:  7093 PH 2020-03-21 1912 RL4F          59 PE LZ1W          59 0037
QSO:  7093 PH 2020-03-21 1913 RL4F          59 PE HB9NE         59 0633
QSO:  7093 PH 2020-03-21 1913 RL4F          59 PE LA2ZKA        59 0001
QSO:  7093 PH 2020-03-21 1913 RL4F          59 PE SP8CHI        59 0038
QSO:  7092 PH 2020-03-21 1914 RL4F          59 PE PA0JNH        59 0193
QSO:  7093 PH 2020-03-21 1914 RL4F          59 PE PD2TW         59 0042
QSO:  7000 PH 2020-03-21 1915 RL4F          59 PE LY5GT         59 0158
QSO:  7000 PH 2020-03-21 1915 RL4F          59 PE LZ3DJ         59 0015
QSO:  7030 CW 2020-03-21 1918 RL4F          599 PE EA6FO         599 0522
QSO:  7037 CW 2020-03-21 1920 RL4F          599 PE DJ8EW         599 0245
QSO:  7038 CW 2020-03-21 1920 RL4F          599 PE DL3KUD        599 0098
QSO:  7038 CW 2020-03-21 1920 RL4F          599 PE SP1AEN        599 0217
QSO:  7038 CW 2020-03-21 1920 RL4F          599 PE SP2R          599 0109
QSO:  7038 CW 2020-03-21 1921 RL4F          599 PE HB9FKK        599 0116
QSO:  7000 CW 2020-03-21 1922 RL4F          599 PE S58MU         599 0248
QSO:  7038 CW 2020-03-21 1922 RL4F          599 PE IU1LCU        599 0255
QSO:  7000 CW 2020-03-21 1923 RL4F          599 PE SM7RYR        599 0186
QSO:  7038 CW 2020-03-21 1923 RL4F          599 PE AA4LS         599 0758
QSO:  7038 CW 2020-03-21 1923 RL4F          599 PE MM3AWD        599 0392
QSO:  7000 CW 2020-03-21 1924 RL4F          599 PE SM5LW         599 0090
QSO:  7037 CW 2020-03-21 1925 RL4F          599 PE DL5JQ         599 0252
QSO:  7038 CW 2020-03-21 1926 RL4F          599 PE ON6LR         599 0071
QSO:  7038 CW 2020-03-21 1926 RL4F          599 PE ON7CK         599 0010
QSO:  7037 CW 2020-03-21 1927 RL4F          599 PE F6AUS         599 0178
QSO:  7038 CW 2020-03-21 1927 RL4F          599 PE I2IFT         599 0207
QSO:  7038 CW 2020-03-21 1927 RL4F          599 PE SP2MKT        599 0116
QSO:  7000 CW 2020-03-21 1928 RL4F          599 PE OM4CI         599 0061
QSO:  7038 CW 2020-03-21 1928 RL4F          599 PE EA3DN         599 0020
QSO:  7038 CW 2020-03-21 1928 RL4F          599 PE PG5V          599 0125
QSO:  7000 CW 2020-03-21 1929 RL4F          599 PE OK1CRM        599 0220
QSO:  7037 CW 2020-03-21 1929 RL4F          599 PE YP5A          599 0415
QSO:  7037 CW 2020-03-21 1930 RL4F          599 PE DK1TW         599 0101
QSO:  7000 CW 2020-03-21 1931 RL4F          599 PE IT9RBW        599 0197
QSO:  7037 CW 2020-03-21 1931 RL4F          599 PE DD1LD         599 0193
QSO:  7038 CW 2020-03-21 1931 RL4F          599 PE S56A          599 0219
QSO:  7000 CW 2020-03-21 1932 RL4F          599 PE YU5T          599 0222
QSO:  7037 CW 2020-03-21 1932 RL4F          599 PE F6BEE         599 0443
QSO:  7038 CW 2020-03-21 1932 RL4F          599 PE SP9DLY        599 0181
QSO:  7038 CW 2020-03-21 1933 RL4F          599 PE IK1YRA        599 0115
QSO:  7038 CW 2020-03-21 1933 RL4F          599 PE OZ4CG         599 0249
QSO:  7038 CW 2020-03-21 1933 RL4F          599 PE SP5CNA        599 0239
QSO:  7038 CW 2020-03-21 1934 RL4F          599 PE 9A4R          599 0019
QSO:  7038 CW 2020-03-21 1934 RL4F          599 PE OM5UM         599 0056
QSO:  7038 CW 2020-03-21 1934 RL4F          599 PE S53M          599 0813
QSO:  7038 CW 2020-03-21 1934 RL4F          599 PE YT5YTT        599 0135
QSO:  7000 CW 2020-03-21 1935 RL4F          599 PE S51RE         599 0016
QSO:  7038 CW 2020-03-21 1935 RL4F          599 PE PG6F          599 0117
QSO:  7000 CW 2020-03-21 1936 RL4F          599 PE OM3CQ         599 0298
QSO:  7037 CW 2020-03-21 1936 RL4F          599 PE OM3PA         599 0191
QSO:  7037 CW 2020-03-21 1936 RL4F          599 PE PC3T          599 0461
QSO:  7038 CW 2020-03-21 1936 RL4F          599 PE F8DGY         599 0437
QSO:  7037 CW 2020-03-21 1938 RL4F          599 PE DM7CW         599 0171
QSO:  7038 CW 2020-03-21 1938 RL4F          599 PE HG5D          599 0399
QSO:  7038 CW 2020-03-21 1939 RL4F          599 PE RA0LQ/MM      599 0066
QSO:  7003 CW 2020-03-21 1948 RL4F          599 PE MU2K          599 0716
QSO:  7000 CW 2020-03-21 1949 RL4F          599 PE 4O4T          599 0714
QSO:  7020 CW 2020-03-21 1949 RL4F          599 PE P3X           599 1401
QSO:  7037 CW 2020-03-21 1950 RL4F          599 PE DL6RDE        599 0380
QSO:  7038 CW 2020-03-21 1951 RL4F          599 PE YU3A          599 0272
QSO:  7010 CW 2020-03-21 1953 RL4F          599 PE M0DXR         599 0278
QSO:  7038 CW 2020-03-21 1955 RL4F          599 PE SP3PWL        599 0224
QSO: 14021 CW 2020-03-22 0247 RL4F          599 PE JA7NVF        599 0481
QSO: 14019 CW 2020-03-22 0249 RL4F          599 PE E2A           599 0813
QSO: 14025 CW 2020-03-22 0256 RL4F          599 PE JE1NVD        599 0160
QSO: 14025 CW 2020-03-22 0256 RL4F          599 PE JH1EAQ        599 0430
QSO: 14000 CW 2020-03-22 0258 RL4F          599 PE UN7GF         599 0102
QSO: 14025 CW 2020-03-22 0259 RL4F          599 PE UN9GD         599 0280
QSO: 14025 CW 2020-03-22 0300 RL4F          599 PE JL8XSO        599 0232
QSO: 14025 CW 2020-03-22 0300 RL4F          599 PE JR6GIM        599 0096
QSO: 14025 CW 2020-03-22 0302 RL4F          599 PE UP7L          599 0419
QSO: 14024 CW 2020-03-22 0305 RL4F          599 PE JT1CO         599 1051
QSO: 14014 CW 2020-03-22 0308 RL4F          599 PE BY4DX         599 0070
QSO: 14000 CW 2020-03-22 0312 RL4F          599 PE JQ1NGT        599 0089
QSO: 14025 CW 2020-03-22 0313 RL4F          599 PE BG8DIV        599 0061
QSO: 14025 CW 2020-03-22 0315 RL4F          599 PE JA0IOF        599 0038
QSO: 14025 CW 2020-03-22 0316 RL4F          599 PE VR2GP         599 0132
QSO: 14025 CW 2020-03-22 0325 RL4F          599 PE UP2L          599 0457
QSO: 14000 CW 2020-03-22 0326 RL4F          599 PE JK2VOC        599 0055
QSO: 14025 CW 2020-03-22 0327 RL4F          599 PE BD7JNA        599 0159
QSO: 14010 CW 2020-03-22 0330 RL4F          599 PE JA6GCE        599 0928
QSO: 14031 CW 2020-03-22 0337 RL4F          599 PE BU2EO         599 0185
QSO: 14228 PH 2020-03-22 0341 RL4F          59 PE EW6W          59 1836
QSO: 14228 PH 2020-03-22 0342 RL4F          59 PE UN9GD         59 0316
QSO: 14228 PH 2020-03-22 0345 RL4F          59 PE A71AM         59 0845
QSO: 14000 PH 2020-03-22 0346 RL4F          59 PE BG7BES        59 0044
QSO: 14009 CW 2020-03-22 0359 RL4F          599 PE 4X4DZ         599 0702
QSO: 14009 CW 2020-03-22 0359 RL4F          599 PE BI8CZM        599 0108
QSO: 14009 CW 2020-03-22 0400 RL4F          599 PE 4Z4AK         599 0792
QSO: 14009 CW 2020-03-22 0403 RL4F          599 PE JG1LFR        599 0126
QSO: 14009 CW 2020-03-22 0406 RL4F          599 PE BG3IAY        599 0188
QSO: 14031 CW 2020-03-22 0407 RL4F          599 PE T6AA          599 1392
QSO: 14009 CW 2020-03-22 0410 RL4F          599 PE JR3RIU        599 0073
QSO: 14009 CW 2020-03-22 0411 RL4F          599 PE JA2XYO        599 0287
QSO: 14018 CW 2020-03-22 0415 RL4F          599 PE ZM1A          599 0874
QSO: 14007 CW 2020-03-22 0430 RL4F          599 PE JH4UTP        599 0694
QSO: 14024 CW 2020-03-22 0431 RL4F          599 PE BG1WNU        599 0265
QSO: 14029 CW 2020-03-22 0432 RL4F          599 PE BI4SSB        599 0264
QSO: 14228 PH 2020-03-22 0441 RL4F          59 PE UN4PG         59 0142
QSO: 14000 PH 2020-03-22 0442 RL4F          59 PE UN6G          59 0458
QSO: 14228 PH 2020-03-22 0442 RL4F          59 PE 4X4DZ         59 0730
QSO: 14000 PH 2020-03-22 0446 RL4F          59 PE VU2YVK        59 0022
QSO: 14000 PH 2020-03-22 0447 RL4F          59 PE JA3KKE        59 0007
QSO: 14193 PH 2020-03-22 0450 RL4F          59 PE JT1BV         59 0155
QSO: 14000 PH 2020-03-22 0457 RL4F          59 PE UN6T          59 0323
QSO: 14000 PH 2020-03-22 0459 RL4F          59 PE FR4QT         59 0398
QSO: 14000 PH 2020-03-22 0501 RL4F          59 PE SV2CXI        59 0076
QSO: 14228 PH 2020-03-22 0502 RL4F          59 PE UZ3A          59 1287
QSO: 14228 PH 2020-03-22 0503 RL4F          59 PE IK7YTT        59 1209
QSO: 14242 PH 2020-03-22 0508 RL4F          59 PE BI4SSB        59 0308
QSO: 14023 CW 2020-03-22 0511 RL4F          599 PE 9A5D          599 1005
QSO: 14000 CW 2020-03-22 0512 RL4F          599 PE JH1NXU        599 0030
QSO: 14023 CW 2020-03-22 0512 RL4F          599 PE ES5RR         599 1888
QSO: 14000 CW 2020-03-22 0515 RL4F          599 PE JF3KCH        599 0065
QSO: 14000 CW 2020-03-22 0518 RL4F          599 PE JA3UWB        599 0112
QSO: 14023 CW 2020-03-22 0518 RL4F          599 PE BY1OK         599 0383
QSO: 14023 CW 2020-03-22 0519 RL4F          599 PE 7K4VPV        599 0073
QSO: 14023 CW 2020-03-22 0519 RL4F          599 PE BG5BDY        599 0080
QSO: 14000 CW 2020-03-22 0520 RL4F          599 PE JH8GEU        599 0054
QSO: 14000 CW 2020-03-22 0520 RL4F          599 PE JJ1QLT        599 0035
QSO: 14023 CW 2020-03-22 0522 RL4F          599 PE JJ3TBB        599 0031
QSO: 14023 CW 2020-03-22 0522 RL4F          599 PE SV1BJW        599 0302
QSO: 14000 CW 2020-03-22 0523 RL4F          599 PE F5PHY         599 0107
QSO: 14000 CW 2020-03-22 0524 RL4F          599 PE UN6G          599 0486
QSO: 14000 CW 2020-03-22 0525 RL4F          599 PE JA7SSP        599 0030
QSO: 14000 CW 2020-03-22 0527 RL4F          599 PE JR1NKN        599 0058
QSO: 14023 CW 2020-03-22 0527 RL4F          599 PE BG9XD         599 0045
QSO: 14000 CW 2020-03-22 0528 RL4F          599 PE JR1MEG/1      599 0204
QSO: 14023 CW 2020-03-22 0529 RL4F          599 PE WH7W          599 0006
QSO: 14017 CW 2020-03-22 0534 RL4F          599 PE P3X           599 2664
QSO: 14000 PH 2020-03-22 0540 RL4F          59 PE UN7GF         59 0191
QSO: 14143 PH 2020-03-22 0541 RL4F          59 PE UN8PT         59 0228
QSO: 14247 PH 2020-03-22 0541 RL4F          59 PE 9K9A          59 0971
QSO: 14183 PH 2020-03-22 0544 RL4F          59 PE HB2U          59 0760
QSO: 14007 CW 2020-03-22 0551 RL4F          599 PE ZR2A/4        599 1255
QSO: 14009 CW 2020-03-22 0604 RL4F          599 PE BA7QT         599 0537
QSO: 14009 CW 2020-03-22 0606 RL4F          599 PE JA6FFK        599 0128
QSO: 14009 CW 2020-03-22 0606 RL4F          599 PE SV9FBP        599 0027
QSO: 14000 CW 2020-03-22 0607 RL4F          599 PE JA6BWH        599 0146
QSO: 14000 CW 2020-03-22 0608 RL4F          599 PE JE1RRK        599 0001
QSO: 14024 CW 2020-03-22 0614 RL4F          599 PE KL7SB         599 0621
QSO: 14007 CW 2020-03-22 0615 RL4F          599 PE OH0X          599 1066
QSO: 14017 CW 2020-03-22 0617 RL4F          599 PE UN7CN         599 0163
QSO: 14000 CW 2020-03-22 0623 RL4F          599 PE 9M6ZAE        599 0232
QSO: 14004 CW 2020-03-22 0627 RL4F          599 PE LZ5R          599 2665
QSO: 14004 CW 2020-03-22 0628 RL4F          599 PE LZ1ND         599 0575
QSO: 14004 CW 2020-03-22 0628 RL4F          599 PE YT3X          599 1095
QSO: 14004 CW 2020-03-22 0630 RL4F          599 PE YR8D          599 0905
QSO: 14048 CW 2020-03-22 0632 RL4F          599 PE 4U1A          599 1440
QSO: 14000 CW 2020-03-22 0634 RL4F          599 PE SP5LJP/MM     599 0206
QSO: 14019 CW 2020-03-22 0640 RL4F          599 PE DK9IP         599 0994
QSO: 14018 CW 2020-03-22 0645 RL4F          599 PE OM5RM         599 0875
QSO: 14018 CW 2020-03-22 0645 RL4F          599 PE ON5JT         599 0622
QSO: 14018 CW 2020-03-22 0648 RL4F          599 PE LZ1ZM         599 0497
QSO: 14036 CW 2020-03-22 0651 RL4F          599 PE DL1RNN        599 0153
QSO: 14000 CW 2020-03-22 0652 RL4F          599 PE LZ1DQ         599 0234
QSO: 14035 CW 2020-03-22 0655 RL4F          599 PE DJ5MW         599 1817
QSO: 14035 CW 2020-03-22 0655 RL4F          599 PE YO8DOH        599 0728
QSO: 14000 CW 2020-03-22 0656 RL4F          599 PE DL2DRM        599 0033
QSO: 14000 CW 2020-03-22 0656 RL4F          599 PE IK0NOJ        599 0076
QSO: 14035 CW 2020-03-22 0657 RL4F          599 PE LZ1JZ         599 0400
QSO: 14035 CW 2020-03-22 0658 RL4F          599 PE IK8CNT        599 1407
QSO: 14035 CW 2020-03-22 0658 RL4F          599 PE SQ3PMX        599 0118
QSO: 14036 CW 2020-03-22 0658 RL4F          599 PE OR2A          599 0203
QSO: 14036 CW 2020-03-22 0658 RL4F          599 PE SP8R          599 0465
QSO: 14000 CW 2020-03-22 0659 RL4F          599 PE F5VIF         599 0028
QSO: 14035 CW 2020-03-22 0659 RL4F          599 PE SN2W          599 0126
QSO: 14000 CW 2020-03-22 0700 RL4F          599 PE UT5ZC         599 0107
QSO: 14035 CW 2020-03-22 0700 RL4F          599 PE IK2TKX        599 0061
QSO: 14234 PH 2020-03-22 0703 RL4F          59 PE F4HJO         59 0505
QSO: 14000 PH 2020-03-22 0704 RL4F          59 PE IZ5WTV        59 0055
QSO: 14234 PH 2020-03-22 0704 RL4F          59 PE DF70DARC      59 0384
QSO: 14234 PH 2020-03-22 0704 RL4F          59 PE DF9PX         59 0040
QSO: 14234 PH 2020-03-22 0705 RL4F          59 PE HG6N          59 2338
QSO: 14234 PH 2020-03-22 0705 RL4F          59 PE LZ2YO         59 0468
QSO: 14234 PH 2020-03-22 0705 RL4F          59 PE SV2SIF        59 0037
QSO: 14000 PH 2020-03-22 0706 RL4F          59 PE SE5W          59 0179
QSO: 14234 PH 2020-03-22 0706 RL4F          59 PE DK2TS         59 0039
QSO: 14234 PH 2020-03-22 0706 RL4F          59 PE S55X          59 0304
QSO: 14000 PH 2020-03-22 0707 RL4F          59 PE OM4M          59 0156
QSO: 14000 PH 2020-03-22 0707 RL4F          59 PE Z35W          59 0198
QSO: 14234 PH 2020-03-22 0708 RL4F          59 PE SQ9LPO        59 0310
QSO: 14234 PH 2020-03-22 0708 RL4F          59 PE YP7P          59 0824
QSO: 14234 PH 2020-03-22 0709 RL4F          59 PE E70T          59 1917
QSO: 14234 PH 2020-03-22 0709 RL4F          59 PE SP1GA         59 0658
QSO: 14000 PH 2020-03-22 0710 RL4F          59 PE YO8RZJ        59 0137
QSO: 14233 PH 2020-03-22 0710 RL4F          59 PE HB9ARF        59 0838
QSO: 14234 PH 2020-03-22 0710 RL4F          59 PE HB9FLX        59 0024
QSO: 14234 PH 2020-03-22 0710 RL4F          59 PE SP3P          59 0278
QSO: 14000 PH 2020-03-22 0711 RL4F          59 PE OG2X          59 0153
QSO: 14233 PH 2020-03-22 0711 RL4F          59 PE DJ5AN         59 0603
QSO: 14234 PH 2020-03-22 0711 RL4F          59 PE SA6SKA        59 0115
QSO: 14234 PH 2020-03-22 0711 RL4F          59 PE YO3FLM        59 0149
QSO: 14234 PH 2020-03-22 0712 RL4F          59 PE F4FTA         59 0326
QSO: 14234 PH 2020-03-22 0713 RL4F          59 PE SE4E          59 0902
QSO: 14234 PH 2020-03-22 0714 RL4F          59 PE F1GRH         59 0171
QSO: 14234 PH 2020-03-22 0714 RL4F          59 PE SV2DSJ        59 0570
QSO: 14234 PH 2020-03-22 0715 RL4F          59 PE OK2TS         59 0077
QSO: 14234 PH 2020-03-22 0717 RL4F          59 PE LZ1UQ         59 0438
QSO: 14000 PH 2020-03-22 0718 RL4F          59 PE UN7FW         59 0584
QSO: 14234 PH 2020-03-22 0719 RL4F          59 PE IZ2KPE        59 0184
QSO: 14234 PH 2020-03-22 0719 RL4F          59 PE VK5GR         59 0002
QSO: 14000 PH 2020-03-22 0720 RL4F          59 PE YO6XK         59 0079
QSO: 14234 PH 2020-03-22 0720 RL4F          59 PE SB5X          59 0085
QSO: 14000 PH 2020-03-22 0721 RL4F          59 PE DF2FM         59 0013
QSO: 14000 PH 2020-03-22 0721 RL4F          59 PE YU3MUP        59 0040
QSO: 14000 PH 2020-03-22 0723 RL4F          59 PE SK5A          59 0418
QSO: 14000 PH 2020-03-22 0724 RL4F          59 PE LZ1DQ         59 0250
QSO: 14233 PH 2020-03-22 0724 RL4F          59 PE UP2L          59 0781
QSO: 14234 PH 2020-03-22 0726 RL4F          59 PE DL1IAO        59 1275
QSO: 14234 PH 2020-03-22 0726 RL4F          59 PE SP4SHD        59 0365
QSO: 14234 PH 2020-03-22 0726 RL4F          59 PE YO9HP         59 1174
QSO: 14237 PH 2020-03-22 0727 RL4F          59 PE EA8CNR        59 0111
QSO: 14237 PH 2020-03-22 0727 RL4F          59 PE TK4RB         59 0665
QSO: 14236 PH 2020-03-22 0728 RL4F          59 PE EI7M          59 1548
QSO: 14237 PH 2020-03-22 0728 RL4F          59 PE SQ3M          59 0526
QSO: 14126 PH 2020-03-22 0730 RL4F          59 PE C4W           59 1072
QSO: 14306 PH 2020-03-22 0730 RL4F          59 PE S53MM         59 1534
QSO: 14237 PH 2020-03-22 0731 RL4F          59 PE DJ5MW         59 1861
QSO: 14000 PH 2020-03-22 0732 RL4F          59 PE E73PS         59 0199
QSO: 14000 PH 2020-03-22 0732 RL4F          59 PE F5OHM         59 0409
QSO: 14000 PH 2020-03-22 0732 RL4F          59 PE SP8ALT        59 0206
QSO: 14000 PH 2020-03-22 0733 RL4F          59 PE IK4MTF        59 0059
QSO: 14237 PH 2020-03-22 0733 RL4F          59 PE OK4DZ         59 0169
QSO: 14000 PH 2020-03-22 0734 RL4F          59 PE F6GTX         59 0013
QSO: 14000 PH 2020-03-22 0734 RL4F          59 PE IK7RVY        59 0031
QSO: 14245 PH 2020-03-22 0734 RL4F          59 PE SP9RQH        59 0011
QSO: 14000 PH 2020-03-22 0737 RL4F          59 PE DL9YJ         59 0081
QSO: 14000 PH 2020-03-22 0737 RL4F          59 PE IZ2ABI        59 0096
QSO: 14237 PH 2020-03-22 0737 RL4F          59 PE IZ0COG        59 0148
QSO: 14237 PH 2020-03-22 0738 RL4F          59 PE LZ1QN         59 0612
QSO: 14237 PH 2020-03-22 0738 RL4F          59 PE SQ7OVT        59 0092
QSO: 14000 PH 2020-03-22 0739 RL4F          59 PE IK2QLX        59 0037
QSO: 14237 PH 2020-03-22 0739 RL4F          59 PE HB9DVZ        59 0298
QSO: 14000 PH 2020-03-22 0741 RL4F          59 PE 9A5CZK        59 0066
QSO: 14000 PH 2020-03-22 0741 RL4F          59 PE TA2BS         59 0107
QSO: 14237 PH 2020-03-22 0741 RL4F          59 PE DB9AN         59 0009
QSO: 14237 PH 2020-03-22 0741 RL4F          59 PE OG6N          59 0803
QSO: 14000 PH 2020-03-22 0742 RL4F          59 PE F5PHY         59 0164
QSO: 14237 PH 2020-03-22 0743 RL4F          59 PE SP8N          59 0511
QSO: 14237 PH 2020-03-22 0743 RL4F          59 PE SQ1BHH        59 0130
QSO: 14000 PH 2020-03-22 0745 RL4F          59 PE IQ0WV         59 0184
QSO: 14000 PH 2020-03-22 0746 RL4F          59 PE SV8NBI        59 0057
QSO: 14237 PH 2020-03-22 0746 RL4F          59 PE IT9BYS        59 0077
QSO: 14237 PH 2020-03-22 0747 RL4F          59 PE SO9I          59 1211
QSO: 14000 PH 2020-03-22 0748 RL4F          59 PE SP8BOZ        59 0063
QSO: 14236 PH 2020-03-22 0749 RL4F          59 PE LY5XX         59 0579
QSO: 14237 PH 2020-03-22 0749 RL4F          59 PE OH9GGY        59 0105
QSO: 14000 PH 2020-03-22 0750 RL4F          59 PE DL8UV         59 0052
QSO: 14237 PH 2020-03-22 0752 RL4F          59 PE IU2KMA        59 0118
QSO: 14237 PH 2020-03-22 0752 RL4F          59 PE UR2Y          59 0752
QSO: 14000 PH 2020-03-22 0753 RL4F          59 PE DK0BM         59 0213
QSO: 14236 PH 2020-03-22 0753 RL4F          59 PE EA5DFV        59 0776
QSO: 14236 PH 2020-03-22 0753 RL4F          59 PE LY4L          59 1474
QSO: 14000 PH 2020-03-22 0756 RL4F          59 PE IZ3KKE        59 0333
QSO: 14237 PH 2020-03-22 0756 RL4F          59 PE S57K          59 0983
QSO: 14237 PH 2020-03-22 0757 RL4F          59 PE SP1MWN        59 0244
QSO: 14237 PH 2020-03-22 0758 RL4F          59 PE PA75WBP       59 0005
QSO: 14033 CW 2020-03-22 0802 RL4F          599 PE DL0MFL        599 0990
QSO: 14033 CW 2020-03-22 0802 RL4F          599 PE Z32U          599 0097
QSO: 14000 CW 2020-03-22 0803 RL4F          599 PE JP1GUW        599 0011
QSO: 14000 CW 2020-03-22 0803 RL4F          599 PE SP9JZT        599 0313
QSO: 14033 CW 2020-03-22 0804 RL4F          599 PE F6GGA         599 0189
QSO: 14008 CW 2020-03-22 0809 RL4F          599 PE SP9DLY        599 0482
QSO: 14008 CW 2020-03-22 0810 RL4F          599 PE ES7A          599 1872
QSO: 14008 CW 2020-03-22 0810 RL4F          599 PE OQ5M          599 1816
QSO: 14008 CW 2020-03-22 0811 RL4F          599 PE EA3NT         599 0053
QSO: 14008 CW 2020-03-22 0813 RL4F          599 PE DM3F          599 0102
QSO: 14000 CW 2020-03-22 0814 RL4F          599 PE JO7KMB        599 0124
QSO: 14005 CW 2020-03-22 0814 RL4F          599 PE LZ1QN         599 0645
QSO: 14000 CW 2020-03-22 0815 RL4F          599 PE JG2RFJ        599 0032
QSO: 14005 CW 2020-03-22 0816 RL4F          599 PE HL1VAU        599 0353
QSO: 14005 CW 2020-03-22 0816 RL4F          599 PE LZ9W          599 0792
QSO: 14004 CW 2020-03-22 0818 RL4F          599 PE UN8PT         599 0308
QSO: 14005 CW 2020-03-22 0818 RL4F          599 PE JF2OZH        599 0012
QSO: 14005 CW 2020-03-22 0818 RL4F          599 PE UW1G          599 0506
QSO: 14004 CW 2020-03-22 0819 RL4F          599 PE DK2LO         599 0276
QSO: 14004 CW 2020-03-22 0819 RL4F          599 PE DL0XM         599 0255
QSO: 14004 CW 2020-03-22 0820 RL4F          599 PE I4VEQ         599 0185
QSO: 14005 CW 2020-03-22 0820 RL4F          599 PE DF3VM         599 0069
QSO: 14004 CW 2020-03-22 0821 RL4F          599 PE OM3DX         599 0048
QSO: 14005 CW 2020-03-22 0821 RL4F          599 PE PA5TT         599 0104
QSO: 14000 CW 2020-03-22 0822 RL4F          599 PE IZ8EFD        599 0316
QSO: 14005 CW 2020-03-22 0822 RL4F          599 PE SP2AEK        599 0152
QSO: 14005 CW 2020-03-22 0823 RL4F          599 PE LZ3FN         599 1738
QSO: 14005 CW 2020-03-22 0824 RL4F          599 PE S53M          599 1868
QSO: 14004 CW 2020-03-22 0825 RL4F          599 PE LY5XX         599 0603
QSO: 14005 CW 2020-03-22 0825 RL4F          599 PE IK2AOO        599 0543
QSO: 14004 CW 2020-03-22 0826 RL4F          599 PE OH2PM         599 0385
QSO: 14000 CW 2020-03-22 0827 RL4F          599 PE YO9CWY        599 0197
QSO: 14004 CW 2020-03-22 0827 RL4F          599 PE IK8UND        599 1126
QSO: 14005 CW 2020-03-22 0827 RL4F          599 PE ES2JJ         599 0072
QSO: 14005 CW 2020-03-22 0827 RL4F          599 PE YT5YTT        599 0371
QSO: 14000 CW 2020-03-22 0828 RL4F          599 PE OK2BOB        599 0252
QSO: 14004 CW 2020-03-22 0828 RL4F          599 PE UR7MZ         599 0660
QSO: 14005 CW 2020-03-22 0828 RL4F          599 PE DL5ARM        599 0406
QSO: 14004 CW 2020-03-22 0829 RL4F          599 PE UT4LW         599 1694
QSO: 14005 CW 2020-03-22 0829 RL4F          599 PE UT5C          599 1824
QSO: 14005 CW 2020-03-22 0831 RL4F          599 PE SP9GFI        599 0976
QSO: 14000 CW 2020-03-22 0832 RL4F          599 PE F5ICC         599 0334
QSO: 14005 CW 2020-03-22 0832 RL4F          599 PE DJ6OZ         599 0132
QSO: 14005 CW 2020-03-22 0832 RL4F          599 PE OH1X          599 0656
QSO: 14005 CW 2020-03-22 0833 RL4F          599 PE EU1A          599 1914
QSO: 14005 CW 2020-03-22 0833 RL4F          599 PE OK1CZ         599 0320
QSO: 14005 CW 2020-03-22 0833 RL4F          599 PE SP2MKT        599 0296
QSO: 14005 CW 2020-03-22 0833 RL4F          599 PE YO4NF         599 1103
QSO: 14000 CW 2020-03-22 0834 RL4F          599 PE YO5DAS        599 0159
QSO: 14004 CW 2020-03-22 0834 RL4F          599 PE SQ5LNU        599 0124
QSO: 14005 CW 2020-03-22 0835 RL4F          599 PE DL6KVA        599 0887
QSO: 14005 CW 2020-03-22 0836 RL4F          599 PE SM6CUK        599 0103
QSO: 14004 CW 2020-03-22 0837 RL4F          599 PE DL5XJ         599 0104
QSO: 14005 CW 2020-03-22 0837 RL4F          599 PE DG0KS         599 0103
QSO: 14005 CW 2020-03-22 0838 RL4F          599 PE LZ7G          599 2034
QSO: 14004 CW 2020-03-22 0839 RL4F          599 PE LZ7M          599 0430
QSO: 14004 CW 2020-03-22 0839 RL4F          599 PE OM3PA         599 0540
QSO: 14005 CW 2020-03-22 0839 RL4F          599 PE SM6A          599 0226
QSO: 14247 PH 2020-03-22 0840 RL4F          59 PE KL7SB         59 0817
QSO: 14194 PH 2020-03-22 0843 RL4F          59 PE LC9A          59 0074
QSO: 14194 PH 2020-03-22 0844 RL4F          59 PE SM8B          59 0114
QSO: 14194 PH 2020-03-22 0844 RL4F          59 PE YU7ONE        59 0130
QSO: 14000 PH 2020-03-22 0845 RL4F          59 PE DL9ZP         59 0316
QSO: 14194 PH 2020-03-22 0845 RL4F          59 PE SP4TB         59 0231
QSO: 14194 PH 2020-03-22 0846 RL4F          59 PE SQ5Q          59 0137
QSO: 14000 PH 2020-03-22 0847 RL4F          59 PE OK2BRX        59 0157
QSO: 14194 PH 2020-03-22 0847 RL4F          59 PE IZ2KRZ        59 0035
QSO: 14194 PH 2020-03-22 0847 RL4F          59 PE OH2GEK        59 0306
QSO: 14000 PH 2020-03-22 0850 RL4F          59 PE YO2LEA        59 0351
QSO: 14195 PH 2020-03-22 0850 RL4F          59 PE IU4JIC        59 0100
QSO: 14195 PH 2020-03-22 0850 RL4F          59 PE OH6ECM        59 0334
QSO: 14195 PH 2020-03-22 0851 RL4F          59 PE OH5BQ         59 0190
QSO: 14196 PH 2020-03-22 0851 RL4F          59 PE OR4T          59 0019
QSO: 14196 PH 2020-03-22 0852 RL4F          59 PE PA3DNA        59 0098
QSO: 14195 PH 2020-03-22 0853 RL4F          59 PE DL8MEF        59 0107
QSO: 14196 PH 2020-03-22 0853 RL4F          59 PE IT9HHL        59 0051
QSO: 14000 PH 2020-03-22 0854 RL4F          59 PE LZ2OQ/1       59 0044
QSO: 14000 PH 2020-03-22 0856 RL4F          59 PE YO8THG        59 0208
QSO: 14323 PH 2020-03-22 0856 RL4F          59 PE MI0I          59 0472
QSO: 14330 PH 2020-03-22 0856 RL4F          59 PE OE3DEC        59 0055
QSO: 14206 PH 2020-03-22 0857 RL4F          59 PE 9A5D          59 1254
QSO: 14148 PH 2020-03-22 0858 RL4F          59 PE UN9L          59 1601
QSO: 14100 PH 2020-03-22 0859 RL4F          59 PE UN7CN         59 0275
QSO: 14268 PH 2020-03-22 0901 RL4F          59 PE G6MC          59 0698
QSO: 14000 PH 2020-03-22 0902 RL4F          59 PE UY5ZZ         59 0828
QSO: 14264 PH 2020-03-22 0902 RL4F          59 PE EA7I          59 0551
QSO: 14164 PH 2020-03-22 0903 RL4F          59 PE 4L8A          59 1307
QSO: 14199 PH 2020-03-22 0906 RL4F          59 PE S50S          59 0870
QSO: 14050 CW 2020-03-22 0909 RL4F          599 PE D4Z           599 0944
QSO: 14000 CW 2020-03-22 0911 RL4F          599 PE DK3AX         599 0004
QSO: 14000 CW 2020-03-22 0911 RL4F          599 PE EA5ITT        599 0310
QSO: 14006 CW 2020-03-22 0912 RL4F          599 PE DL2MAN        599 0191
QSO: 14006 CW 2020-03-22 0913 RL4F          599 PE 2E0CVN        599 0319
QSO: 14006 CW 2020-03-22 0913 RL4F          599 PE DK2ZO         599 0128
QSO: 14006 CW 2020-03-22 0913 RL4F          599 PE LA8OM         599 0479
QSO: 14000 CW 2020-03-22 0914 RL4F          599 PE DK2AMS        599 0164
QSO: 14006 CW 2020-03-22 0914 RL4F          599 PE SP2HFH        599 0078
QSO: 14005 CW 2020-03-22 0915 RL4F          599 PE OK1FCJ        599 0136
QSO: 14006 CW 2020-03-22 0915 RL4F          599 PE ON7CK         599 0033
QSO: 14000 CW 2020-03-22 0916 RL4F          599 PE LZ1VKD        599 0427
QSO: 14006 CW 2020-03-22 0916 RL4F          599 PE SM0HRP        599 1235
QSO: 14006 CW 2020-03-22 0916 RL4F          599 PE YU7D          599 0417
QSO: 14000 CW 2020-03-22 0917 RL4F          599 PE DL1AWC        599 0039
QSO: 14005 CW 2020-03-22 0917 RL4F          599 PE EA5JX         599 0039
QSO: 14006 CW 2020-03-22 0917 RL4F          599 PE DH8BQA        599 0064
QSO: 14006 CW 2020-03-22 0917 RL4F          599 PE IZ3NVR        599 0456
QSO: 14005 CW 2020-03-22 0918 RL4F          599 PE IU8HPD        599 0771
QSO: 14006 CW 2020-03-22 0918 RL4F          599 PE HA6PJ         599 0625
QSO: 14006 CW 2020-03-22 0918 RL4F          599 PE I1NVU         599 0194
QSO: 14006 CW 2020-03-22 0918 RL4F          599 PE PC1PM         599 0280
QSO: 14000 CW 2020-03-22 0919 RL4F          599 PE EU1LR         599 0056
QSO: 14000 CW 2020-03-22 0919 RL4F          599 PE OM2DT         599 0168
QSO: 14006 CW 2020-03-22 0919 RL4F          599 PE IK2SND        599 0533
QSO: 14006 CW 2020-03-22 0919 RL4F          599 PE OL7O          599 0128
QSO: 14000 CW 2020-03-22 0921 RL4F          599 PE OH5ZA         599 0040
QSO: 14005 CW 2020-03-22 0922 RL4F          599 PE DJ5TT         599 0071
QSO: 14005 CW 2020-03-22 0922 RL4F          599 PE OK3X          599 0932
QSO: 14006 CW 2020-03-22 0922 RL4F          599 PE M2G           599 0652
QSO: 14000 CW 2020-03-22 0923 RL4F          599 PE IU6AIG        599 0049
QSO: 14005 CW 2020-03-22 0923 RL4F          599 PE F6AUS         599 0370
QSO: 14006 CW 2020-03-22 0923 RL4F          599 PE DK5KK         599 0355
QSO: 14005 CW 2020-03-22 0924 RL4F          599 PE IZ8EYP        599 0251
QSO: 14006 CW 2020-03-22 0924 RL4F          599 PE OK2SG         599 0117
QSO: 14006 CW 2020-03-22 0924 RL4F          599 PE SP2R          599 0219
QSO: 14006 CW 2020-03-22 0925 RL4F          599 PE DD2ML         599 0133
QSO: 14006 CW 2020-03-22 0926 RL4F          599 PE GM4X          599 0148
QSO: 14006 CW 2020-03-22 0926 RL4F          599 PE OM5UM         599 0133
QSO: 14040 CW 2020-03-22 0928 RL4F          599 PE 9H1CG         599 0055
QSO: 14005 CW 2020-03-22 0929 RL4F          599 PE UN7JID        599 0350
QSO: 14006 CW 2020-03-22 0929 RL4F          599 PE M1X           599 0524
QSO: 14005 CW 2020-03-22 0930 RL4F          599 PE F5PHW         599 0221
QSO: 14005 CW 2020-03-22 0930 RL4F          599 PE YT8A          599 0744
QSO: 14005 CW 2020-03-22 0931 RL4F          599 PE E77W          599 0537
QSO: 14005 CW 2020-03-22 0931 RL4F          599 PE HA8V          599 0191
QSO: 14005 CW 2020-03-22 0931 RL4F          599 PE YT0Z          599 1868
QSO: 14000 CW 2020-03-22 0932 RL4F          599 PE M7DX          599 0672
QSO: 14006 CW 2020-03-22 0932 RL4F          599 PE F6GCP         599 0022
QSO: 14006 CW 2020-03-22 0932 RL4F          599 PE PA4O          599 1062
QSO: 14006 CW 2020-03-22 0932 RL4F          599 PE SP3P          599 0345
QSO: 14006 CW 2020-03-22 0934 RL4F          599 PE HA8A          599 1838
QSO: 14006 CW 2020-03-22 0934 RL4F          599 PE OK2FD         599 0463
QSO: 14000 CW 2020-03-22 0935 RL4F          599 PE F5MNO         599 0036
QSO: 14006 CW 2020-03-22 0935 RL4F          599 PE LZ2HR         599 0485
QSO: 14000 CW 2020-03-22 0936 RL4F          599 PE YO7ARZ        599 0183
QSO: 14005 CW 2020-03-22 0936 RL4F          599 PE DL1IAO        599 1409
QSO: 14006 CW 2020-03-22 0936 RL4F          599 PE UN4PG         599 0460
QSO: 14005 CW 2020-03-22 0937 RL4F          599 PE D1CTT         599 0713
QSO: 14005 CW 2020-03-22 0937 RL4F          599 PE YT1HA         599 0589
QSO: 14006 CW 2020-03-22 0937 RL4F          599 PE EA1AER        599 0105
QSO: 14005 CW 2020-03-22 0939 RL4F          599 PE DL1RTL        599 0505
QSO: 14005 CW 2020-03-22 0939 RL4F          599 PE OE2LCM        599 0305
QSO: 14006 CW 2020-03-22 0939 RL4F          599 PE HA1SU         599 0084
QSO: 14006 CW 2020-03-22 0940 RL4F          599 PE EA3FZT        599 0513
QSO: 14006 CW 2020-03-22 0940 RL4F          599 PE EC3A          599 0320
QSO: 14000 CW 2020-03-22 0941 RL4F          599 PE TA2BS         599 0123
QSO: 14006 CW 2020-03-22 0942 RL4F          599 PE EU6O          599 0286
QSO: 14006 CW 2020-03-22 0942 RL4F          599 PE LZ3RR         599 0105
QSO: 14006 CW 2020-03-22 0942 RL4F          599 PE OK5OK         599 0269
QSO: 14000 CW 2020-03-22 0943 RL4F          599 PE DA3T          599 0154
QSO: 14005 CW 2020-03-22 0943 RL4F          599 PE DR5X          599 1464
QSO: 14006 CW 2020-03-22 0943 RL4F          599 PE SP3JUN        599 0117
QSO: 14000 CW 2020-03-22 0944 RL4F          599 PE UR6QS         599 0291
QSO: 14005 CW 2020-03-22 0944 RL4F          599 PE DL1THB        599 0182
QSO: 14000 CW 2020-03-22 0945 RL4F          599 PE F5MA          599 0037
QSO: 14006 CW 2020-03-22 0945 RL4F          599 PE IK4RQE        599 0169
QSO: 14000 CW 2020-03-22 0946 RL4F          599 PE F5KLE         599 0043
QSO: 14005 CW 2020-03-22 0946 RL4F          599 PE ED5N          599 1956
QSO: 14006 CW 2020-03-22 0946 RL4F          599 PE IK2EGL        599 0383
QSO: 14005 CW 2020-03-22 0947 RL4F          599 PE EA2BNU        599 0380
QSO: 14005 CW 2020-03-22 0948 RL4F          599 PE OE1TKW        599 0636
QSO: 14006 CW 2020-03-22 0948 RL4F          599 PE LZ3TL         599 0046
QSO: 14006 CW 2020-03-22 0948 RL4F          599 PE PA3GDD        599 0183
QSO: 14006 CW 2020-03-22 0948 RL4F          599 PE SM2BJS        599 0203
QSO: 14005 CW 2020-03-22 0949 RL4F          599 PE OH5BQ         599 0214
QSO: 14000 CW 2020-03-22 0950 RL4F          599 PE F5BTH         599 0002
QSO: 14006 CW 2020-03-22 0950 RL4F          599 PE PF5X          599 0125
QSO: 14052 CW 2020-03-22 0951 RL4F          599 PE OY1CT         599 0663
QSO: 14005 CW 2020-03-22 0954 RL4F          599 PE DJ7A          599 0164
QSO: 14005 CW 2020-03-22 0954 RL4F          599 PE DL7CX         599 0479
QSO: 14005 CW 2020-03-22 0954 RL4F          599 PE OK2BFN        599 0903
QSO: 14006 CW 2020-03-22 0955 RL4F          599 PE HA7VK         599 0262
QSO: 14005 CW 2020-03-22 0956 RL4F          599 PE F5NKX         599 0063
QSO: 14005 CW 2020-03-22 0957 RL4F          599 PE DJ1MM         599 0215
QSO: 14005 CW 2020-03-22 0957 RL4F          599 PE DK2BJ         599 0149
QSO: 14006 CW 2020-03-22 0957 RL4F          599 PE DJ1MM         599 0215
QSO: 14006 CW 2020-03-22 0957 RL4F          599 PE F6FFA         599 0072
QSO: 14000 CW 2020-03-22 0958 RL4F          599 PE HG0Y          599 0284
QSO: 14006 CW 2020-03-22 0958 RL4F          599 PE EF5R          599 0505
QSO: 14005 CW 2020-03-22 0959 RL4F          599 PE OM5CM         599 0084
QSO: 14005 CW 2020-03-22 0959 RL4F          599 PE UT4NY         599 0802
QSO: 14006 CW 2020-03-22 0959 RL4F          599 PE EA1AOQ        599 0469
QSO: 14000 CW 2020-03-22 1000 RL4F          599 PE DJ9SN         599 0140
QSO: 14006 CW 2020-03-22 1000 RL4F          599 PE SP3MEP        599 0069
QSO: 14005 CW 2020-03-22 1001 RL4F          599 PE UR7HCX        599 0266
QSO: 14006 CW 2020-03-22 1001 RL4F          599 PE DL9SEV        599 0261
QSO: 14006 CW 2020-03-22 1002 RL4F          599 PE DF7XR         599 0090
QSO: 14006 CW 2020-03-22 1002 RL4F          599 PE SP1C          599 0440
QSO: 14006 CW 2020-03-22 1003 RL4F          599 PE GD5F          599 0160
QSO: 14006 CW 2020-03-22 1003 RL4F          599 PE GM3A          599 0417
QSO: 14005 CW 2020-03-22 1004 RL4F          599 PE EW8DX         599 1416
QSO: 14006 CW 2020-03-22 1004 RL4F          599 PE DK5WO         599 0361
QSO: 14006 CW 2020-03-22 1004 RL4F          599 PE DL5AZZ        599 0075
QSO: 14006 CW 2020-03-22 1005 RL4F          599 PE DL1JHW        599 0048
QSO: 14005 CW 2020-03-22 1006 RL4F          599 PE DJ9MH         599 0320
QSO: 14006 CW 2020-03-22 1007 RL4F          599 PE IT9PPG        599 0166
QSO: 14006 CW 2020-03-22 1007 RL4F          599 PE SM6PPS        599 0120
QSO: 14000 CW 2020-03-22 1008 RL4F          599 PE IU3BPW        599 0017
QSO: 14005 CW 2020-03-22 1008 RL4F          599 PE DM6V          599 1751
QSO: 14005 CW 2020-03-22 1008 RL4F          599 PE DQ4Q          599 1276
QSO: 14005 CW 2020-03-22 1009 RL4F          599 PE DL1TS         599 0184
QSO: 14006 CW 2020-03-22 1009 RL4F          599 PE DL1CW         599 0632
QSO: 14006 CW 2020-03-22 1010 RL4F          599 PE LZ5DD         599 0587
QSO: 14006 CW 2020-03-22 1010 RL4F          599 PE PA9M          599 0256
QSO: 14005 CW 2020-03-22 1011 RL4F          599 PE TF3DC         599 0093
QSO: 14006 CW 2020-03-22 1011 RL4F          599 PE PC7E          599 0088
QSO: 14006 CW 2020-03-22 1012 RL4F          599 PE MM3AWD        599 1010
QSO: 14006 CW 2020-03-22 1012 RL4F          599 PE US1Q          599 1107
QSO: 14005 CW 2020-03-22 1013 RL4F          599 PE EA8KW         599 0511
QSO: 14006 CW 2020-03-22 1013 RL4F          599 PE OM4AY         599 0190
QSO: 14000 CW 2020-03-22 1014 RL4F          599 PE IK2CZQ        599 0157
QSO: 14005 CW 2020-03-22 1014 RL4F          599 PE DL6FBL        599 2031
QSO: 14006 CW 2020-03-22 1014 RL4F          599 PE SV1ENG        599 1013
QSO: 14000 CW 2020-03-22 1016 RL4F          599 PE DL1SKK        599 0050
QSO: 14006 CW 2020-03-22 1016 RL4F          599 PE ES2JJ         599 0103
QSO: 14006 CW 2020-03-22 1016 RL4F          599 PE LZ1OJ         599 0201
QSO: 14000 CW 2020-03-22 1017 RL4F          599 PE HA3HK         599 0433
QSO: 14006 CW 2020-03-22 1017 RL4F          599 PE G0ORH         599 0300
QSO: 14006 CW 2020-03-22 1017 RL4F          599 PE PG2AA         599 0144
QSO: 14005 CW 2020-03-22 1018 RL4F          599 PE DL1WA         599 0534
QSO: 14005 CW 2020-03-22 1018 RL4F          599 PE DL3DW         599 0467
QSO: 14005 CW 2020-03-22 1018 RL4F          599 PE SN5N          599 0934
QSO: 14023 CW 2020-03-22 1018 RL4F          599 PE DJ3RA         599 0264
QSO: 14000 CW 2020-03-22 1019 RL4F          599 PE EA8AQM        599 0031
QSO: 14000 CW 2020-03-22 1019 RL4F          599 PE SP2HMY        599 0100
QSO: 14005 CW 2020-03-22 1019 RL4F          599 PE OE3K          599 2501
QSO: 14006 CW 2020-03-22 1020 RL4F          599 PE SP3PWL        599 0578
QSO: 14000 CW 2020-03-22 1021 RL4F          599 PE ON3ND         599 0300
QSO: 14005 CW 2020-03-22 1021 RL4F          599 PE PA0JNH        599 0449
QSO: 14005 CW 2020-03-22 1022 RL4F          599 PE DK2AT         599 0211
QSO: 14005 CW 2020-03-22 1022 RL4F          599 PE UR5XMM        599 0265
QSO: 14006 CW 2020-03-22 1022 RL4F          599 PE OU2I          599 0879
QSO: 14005 CW 2020-03-22 1024 RL4F          599 PE S53EOP        599 0453
QSO: 14000 CW 2020-03-22 1025 RL4F          599 PE SP50ENV       599 0207
QSO: 14006 CW 2020-03-22 1025 RL4F          599 PE IK2JUB        599 0065
QSO: 14006 CW 2020-03-22 1025 RL4F          599 PE SD6F          599 0245
QSO: 14010 CW 2020-03-22 1025 RL4F          599 PE DF2WZ         599 0012
QSO: 14016 CW 2020-03-22 1025 RL4F          599 PE OZ5KU         599 0179
QSO: 14006 CW 2020-03-22 1026 RL4F          599 PE OZ5UR         599 0140
QSO: 14006 CW 2020-03-22 1026 RL4F          599 PE S55N          599 0165
QSO: 14000 CW 2020-03-22 1027 RL4F          599 PE UT4EK         599 0618
QSO: 14006 CW 2020-03-22 1027 RL4F          599 PE DJ0AH         599 0290
QSO: 14005 CW 2020-03-22 1028 RL4F          599 PE DK3YD         599 0548
QSO: 14006 CW 2020-03-22 1029 RL4F          599 PE IZ2FNI        599 0059
QSO: 14005 CW 2020-03-22 1030 RL4F          599 PE EW8G          599 0060
QSO: 14006 CW 2020-03-22 1030 RL4F          599 PE ON6NL         599 0717
QSO: 14005 CW 2020-03-22 1032 RL4F          599 PE D1A           599 0243
QSO: 14006 CW 2020-03-22 1032 RL4F          599 PE PD0JMH        599 0035
QSO: 14000 CW 2020-03-22 1033 RL4F          599 PE EI7CC         599 0038
QSO: 14006 CW 2020-03-22 1033 RL4F          599 PE GD4EIP        599 0318
QSO: 14006 CW 2020-03-22 1034 RL4F          599 PE G1SCT         599 0114
QSO: 14006 CW 2020-03-22 1034 RL4F          599 PE PE1BQE        599 0134
QSO: 14000 CW 2020-03-22 1035 RL4F          599 PE DL5ZL         599 0224
QSO: 14006 CW 2020-03-22 1035 RL4F          599 PE UT1DX         599 0209
QSO: 14006 CW 2020-03-22 1036 RL4F          599 PE G4IIY         599 0788
QSO: 14000 CW 2020-03-22 1037 RL4F          599 PE UN6T          599 0511
QSO: 14005 CW 2020-03-22 1037 RL4F          599 PE 9A1AA         599 1343
QSO: 14138 PH 2020-03-22 1038 RL4F          59 PE ER3CT         59 0274
QSO: 14000 PH 2020-03-22 1040 RL4F          59 PE IZ8GUQ        59 0236
QSO: 14171 PH 2020-03-22 1041 RL4F          59 PE LX1ER         59 0480
QSO: 14000 PH 2020-03-22 1042 RL4F          59 PE DL5DM         59 0025
QSO: 14171 PH 2020-03-22 1042 RL4F          59 PE SE5L          59 0192
QSO: 14000 PH 2020-03-22 1044 RL4F          59 PE LC5C          59 0131
QSO: 14171 PH 2020-03-22 1044 RL4F          59 PE TA1MK         59 0081
QSO: 14171 PH 2020-03-22 1044 RL4F          59 PE YT4ZZ         59 0241
QSO: 14000 PH 2020-03-22 1045 RL4F          59 PE 9A1SZ         59 0016
QSO: 14000 PH 2020-03-22 1045 RL4F          59 PE TA3NEB        59 0089
QSO: 14171 PH 2020-03-22 1046 RL4F          59 PE IK0PHY        59 0400
QSO: 14000 PH 2020-03-22 1047 RL4F          59 PE YO9CWY        59 0238
QSO: 14171 PH 2020-03-22 1048 RL4F          59 PE SP8K          59 1277
QSO: 14171 PH 2020-03-22 1050 RL4F          59 PE SQ1WO         59 0083
QSO: 14171 PH 2020-03-22 1053 RL4F          59 PE SM7DQV        59 0112
QSO: 14171 PH 2020-03-22 1054 RL4F          59 PE LZ1GE         59 0288
QSO: 14171 PH 2020-03-22 1054 RL4F          59 PE S53BB         59 0399
QSO: 14171 PH 2020-03-22 1055 RL4F          59 PE HB9FXU        59 0028
QSO: 14000 PH 2020-03-22 1056 RL4F          59 PE SQ2EAN        59 0182
QSO: 14171 PH 2020-03-22 1057 RL4F          59 PE PD75WR        59 0029
QSO: 14000 PH 2020-03-22 1059 RL4F          59 PE IT9KXK        59 0050
QSO: 14171 PH 2020-03-22 1059 RL4F          59 PE SQ9DXN        59 0425
QSO: 14010 PH 2020-03-22 1100 RL4F          59 PE DG1LS         59 0057
QSO: 14172 PH 2020-03-22 1101 RL4F          59 PE IU2GGL        59 0088
QSO: 14000 PH 2020-03-22 1102 RL4F          59 PE DF4SR         59 0069
QSO: 14000 PH 2020-03-22 1102 RL4F          59 PE F4BHW         59 0284
QSO: 14172 PH 2020-03-22 1102 RL4F          59 PE EA3AQ         59 0190
QSO: 14200 PH 2020-03-22 1102 RL4F          59 PE ON8AH         59 0032
QSO: 14172 PH 2020-03-22 1103 RL4F          59 PE 2I0WMN        59 0055
QSO: 14172 PH 2020-03-22 1103 RL4F          59 PE LZ2HR         59 0545
QSO: 14172 PH 2020-03-22 1105 RL4F          59 PE 8S0C          59 0617
QSO: 14172 PH 2020-03-22 1105 RL4F          59 PE DL0LK         59 0222
QSO: 14172 PH 2020-03-22 1105 RL4F          59 PE PA5W          59 0038
QSO: 14000 PH 2020-03-22 1106 RL4F          59 PE DK8HE         59 0030
QSO: 14172 PH 2020-03-22 1106 RL4F          59 PE SN3R          59 0054
QSO: 14172 PH 2020-03-22 1107 RL4F          59 PE DK1AX         59 0488
QSO: 14172 PH 2020-03-22 1107 RL4F          59 PE IK4LZH        59 0658
QSO: 14172 PH 2020-03-22 1107 RL4F          59 PE IT9OPR        59 0142
QSO: 14172 PH 2020-03-22 1107 RL4F          59 PE OE2E          59 0165
QSO: 14000 PH 2020-03-22 1108 RL4F          59 PE IZ6WSJ        59 0312
QSO: 14000 PH 2020-03-22 1108 RL4F          59 PE OM6H          59 0135
QSO: 14172 PH 2020-03-22 1108 RL4F          59 PE EB1BCG        59 0144
QSO: 14172 PH 2020-03-22 1109 RL4F          59 PE F4HRM         59 0262
QSO: 14172 PH 2020-03-22 1109 RL4F          59 PE SP1FRC        59 0124
QSO: 14000 PH 2020-03-22 1110 RL4F          59 PE HG0R          59 1499
QSO: 14172 PH 2020-03-22 1110 RL4F          59 PE IZ7ECL        59 0348
QSO: 14172 PH 2020-03-22 1110 RL4F          59 PE PD9X          59 0106
QSO: 14172 PH 2020-03-22 1111 RL4F          59 PE ES4RD         59 0272
QSO: 14172 PH 2020-03-22 1111 RL4F          59 PE IK5JRZ        59 0059
QSO: 14172 PH 2020-03-22 1111 RL4F          59 PE YT4W          59 0978
QSO: 14172 PH 2020-03-22 1112 RL4F          59 PE EB3A          59 0159
QSO: 14172 PH 2020-03-22 1112 RL4F          59 PE PF6X          59 0069
QSO: 14172 PH 2020-03-22 1113 RL4F          59 PE EA1L          59 0717
QSO: 14172 PH 2020-03-22 1113 RL4F          59 PE EA5TS         59 0065
QSO: 14172 PH 2020-03-22 1114 RL4F          59 PE DL6RBH        59 0076
QSO: 14172 PH 2020-03-22 1114 RL4F          59 PE M6BIR         59 0056
QSO: 14172 PH 2020-03-22 1114 RL4F          59 PE MI0UGB        59 0076
QSO: 14172 PH 2020-03-22 1114 RL4F          59 PE SP9KAO        59 0302
QSO: 14172 PH 2020-03-22 1115 RL4F          59 PE A42K          59 0922
QSO: 14172 PH 2020-03-22 1115 RL4F          59 PE G8NVX         59 0043
QSO: 14000 PH 2020-03-22 1116 RL4F          59 PE SP3W          59 0143
QSO: 14000 PH 2020-03-22 1117 RL4F          59 PE OM5WW         59 0532
QSO: 14172 PH 2020-03-22 1118 RL4F          59 PE ES7A          59 2059
QSO: 14172 PH 2020-03-22 1118 RL4F          59 PE UT1DX         59 0230
QSO: 14000 PH 2020-03-22 1119 RL4F          59 PE HA8EV         59 0245
QSO: 14000 PH 2020-03-22 1119 RL4F          59 PE TA3LHH        59 0475
QSO: 14172 PH 2020-03-22 1119 RL4F          59 PE DF2RG         59 0170
QSO: 14172 PH 2020-03-22 1119 RL4F          59 PE OK1OA         59 0674
QSO: 14172 PH 2020-03-22 1120 RL4F          59 PE CT1FOQ        59 0067
QSO: 14172 PH 2020-03-22 1120 RL4F          59 PE PY4AZ         59 0710
QSO: 14172 PH 2020-03-22 1120 RL4F          59 PE SV3SFK        59 0163
QSO: 14172 PH 2020-03-22 1121 RL4F          59 PE PA5CT         59 0173
QSO: 14172 PH 2020-03-22 1121 RL4F          59 PE SQ9DXT        59 0199
QSO: 14000 PH 2020-03-22 1124 RL4F          59 PE DM6HB         59 0017
QSO: 14000 PH 2020-03-22 1125 RL4F          59 PE M7DX          59 0846
QSO: 14000 PH 2020-03-22 1126 RL4F          59 PE DL2RMC        59 0731
QSO: 14172 PH 2020-03-22 1126 RL4F          59 PE OE3LZA        59 0671
QSO: 14172 PH 2020-03-22 1127 RL4F          59 PE A73A          59 0488
QSO: 14172 PH 2020-03-22 1127 RL4F          59 PE EC3AIT        59 0037
QSO: 14172 PH 2020-03-22 1127 RL4F          59 PE YL1ZX         59 0197
QSO: 14172 PH 2020-03-22 1129 RL4F          59 PE DJ6TB         59 0147
QSO: 14172 PH 2020-03-22 1129 RL4F          59 PE PC4AD         59 0168
QSO: 21000 PH 2020-03-22 1129 RL4F          59 PE DL7NV         59 0191
QSO: 14172 PH 2020-03-22 1131 RL4F          59 PE EA3XR         59 0042
QSO: 14172 PH 2020-03-22 1132 RL4F          59 PE F8FUA         59 0116
QSO: 14172 PH 2020-03-22 1132 RL4F          59 PE SM6BZV        59 0007
QSO: 14172 PH 2020-03-22 1132 RL4F          59 PE SN5T          59 0122
QSO: 14000 PH 2020-03-22 1136 RL4F          59 PE IW2DFS        59 0097
QSO: 14000 PH 2020-03-22 1136 RL4F          59 PE SP3QFZ        59 0074
QSO: 14171 PH 2020-03-22 1136 RL4F          59 PE GS0SP         59 0009
QSO: 14000 PH 2020-03-22 1137 RL4F          59 PE DL1KP         59 0087
QSO: 14172 PH 2020-03-22 1138 RL4F          59 PE TA4PR         59 0045
QSO: 14172 PH 2020-03-22 1139 RL4F          59 PE EA7LL         59 0768
QSO: 14015 CW 2020-03-22 1141 RL4F          599 PE N2NT          599 1796
QSO: 14016 CW 2020-03-22 1141 RL4F          599 PE EA1WX         599 0400
QSO: 14016 CW 2020-03-22 1141 RL4F          599 PE SP8N          599 0637
QSO: 14016 CW 2020-03-22 1142 RL4F          599 PE PA0RHA        599 0302
QSO: 14016 CW 2020-03-22 1142 RL4F          599 PE PE1FJN        599 0151
QSO: 14016 CW 2020-03-22 1142 RL4F          599 PE UT1AA         599 0725
QSO: 14015 CW 2020-03-22 1143 RL4F          599 PE YT4W          599 1003
QSO: 14016 CW 2020-03-22 1143 RL4F          599 PE DF4XX         599 0412
QSO: 14016 CW 2020-03-22 1143 RL4F          599 PE N3RD          599 1075
QSO: 14016 CW 2020-03-22 1143 RL4F          599 PE YT7KM         599 0267
QSO: 14015 CW 2020-03-22 1144 RL4F          599 PE ER3DX         599 0533
QSO: 14016 CW 2020-03-22 1144 RL4F          599 PE SM0Y          599 0030
QSO: 14015 CW 2020-03-22 1145 RL4F          599 PE OM7AT         599 0063
QSO: 14016 CW 2020-03-22 1145 RL4F          599 PE 9A7A          599 1138
QSO: 14016 CW 2020-03-22 1145 RL4F          599 PE LY2TS         599 0558
QSO: 14015 CW 2020-03-22 1146 RL4F          599 PE DL7ON         599 1270
QSO: 14016 CW 2020-03-22 1147 RL4F          599 PE K5ZD          599 1809
QSO: 14015 CW 2020-03-22 1148 RL4F          599 PE DG7RO         599 0197
QSO: 14016 CW 2020-03-22 1148 RL4F          599 PE SM3OMO        599 0113
QSO: 14016 CW 2020-03-22 1148 RL4F          599 PE YU5R          599 1848
QSO: 14000 CW 2020-03-22 1149 RL4F          599 PE DF3CE         599 0122
QSO: 14015 CW 2020-03-22 1149 RL4F          599 PE DK1KC         599 0747
QSO: 14016 CW 2020-03-22 1149 RL4F          599 PE HA3HX         599 0036
QSO: 14015 CW 2020-03-22 1150 RL4F          599 PE DL5JS         599 0923
QSO: 14015 CW 2020-03-22 1150 RL4F          599 PE SM7IUN        599 0435
QSO: 14016 CW 2020-03-22 1150 RL4F          599 PE DK5JI         599 0053
QSO: 14016 CW 2020-03-22 1150 RL4F          599 PE OH1TM         599 0696
QSO: 14016 CW 2020-03-22 1151 RL4F          599 PE NR4M          599 1067
QSO: 14016 CW 2020-03-22 1152 RL4F          599 PE N3RS          599 0923
QSO: 14016 CW 2020-03-22 1152 RL4F          599 PE OK8AW         599 0161
QSO: 14015 CW 2020-03-22 1153 RL4F          599 PE DK1FT         599 0420
QSO: 14015 CW 2020-03-22 1153 RL4F          599 PE F6BEE         599 1277
QSO: 14016 CW 2020-03-22 1153 RL4F          599 PE KA1IS         599 0413
QSO: 14000 CW 2020-03-22 1154 RL4F          599 PE LY2J          599 1056
QSO: 14015 CW 2020-03-22 1154 RL4F          599 PE EW1I          599 1344
QSO: 14015 CW 2020-03-22 1155 RL4F          599 PE 9A5D          599 1557
QSO: 14016 CW 2020-03-22 1155 RL4F          599 PE EA2BD         599 0194
QSO: 14000 CW 2020-03-22 1156 RL4F          599 PE SQ9FMU        599 0191
QSO: 14016 CW 2020-03-22 1157 RL4F          599 PE DM4L          599 0236
QSO: 14015 CW 2020-03-22 1158 RL4F          599 PE OK1OA         599 0724
QSO: 14016 CW 2020-03-22 1158 RL4F          599 PE G3RLE         599 0210
QSO: 14016 CW 2020-03-22 1159 RL4F          599 PE HA7SBQ        599 0326
QSO: 14016 CW 2020-03-22 1159 RL4F          599 PE YL2CV         599 0579
END-OF-LOG:
