START-OF-LOG: 3.0
CONTEST: ARRL-10
CALLSIGN: N4EXA
LOCATION: WCF
CATEGORY-OPERATOR: SINGLE-OP
CATEGORY-ASSISTED: ASSISTED
CATEGORY-POWER: HIGH
CATEGORY-BAND: 10M
CATEGORY-MODE: MIXED
CATEGORY-TRANSMITTER: ONE
CATEGORY-STATION: FIXED
OPERATORS: 
CLUB: Florida Contest Group
CREATED-BY: DXLOG.NET V2.6.23
HQ-CATEGORY: Single Operator Unlimited, Mixed Mode, High Power
HQ-GRID-LOCATOR: EL88UF
QSO: 28059 CW 2025-12-13 0000 N4EXA 599 FL N3CW 599 VA
QSO: 28059 CW 2025-12-13 0000 N4EXA 599 FL NW0M 599 MO
QSO: 28059 CW 2025-12-13 0000 N4EXA 599 FL WB8BZK 599 IL
QSO: 28059 CW 2025-12-13 0001 N4EXA 599 FL AC2YD 599 NJ
QSO: 28059 CW 2025-12-13 0002 N4EXA 599 FL KU2M 599 NJ
QSO: 28059 CW 2025-12-13 0003 N4EXA 599 FL W4WKU 599 KY
QSO: 28059 CW 2025-12-13 0003 N4EXA 599 FL VE6BBP 599 AB
QSO: 28059 CW 2025-12-13 0004 N4EXA 599 FL N9XX 599 WI
QSO: 28059 CW 2025-12-13 0004 N4EXA 599 FL K0SM 599 NY
QSO: 28059 CW 2025-12-13 0004 N4EXA 599 FL N2OO 599 NJ
QSO: 28059 CW 2025-12-13 0005 N4EXA 599 FL SJ2W 599 003
QSO: 28059 CW 2025-12-13 0005 N4EXA 599 FL W7GTF 599 WA
QSO: 28059 CW 2025-12-13 0018 N4EXA 599 FL N9OK 599 IL
QSO: 28059 CW 2025-12-13 0018 N4EXA 599 FL KU2C 599 PA
QSO: 28060 CW 2025-12-13 0019 N4EXA 599 FL W1GD 599 MA
QSO: 28060 CW 2025-12-13 0020 N4EXA 599 FL K1DG 599 NH
QSO: 28060 CW 2025-12-13 0021 N4EXA 599 FL WB7FJG 599 WA
QSO: 28060 CW 2025-12-13 0022 N4EXA 599 FL K3ONW 599 PA
QSO: 28060 CW 2025-12-13 0022 N4EXA 599 FL K3SV 599 FL
QSO: 28060 CW 2025-12-13 0022 N4EXA 599 FL W9AV 599 WI
QSO: 28060 CW 2025-12-13 0023 N4EXA 599 FL W9FY 599 IL
QSO: 28060 CW 2025-12-13 0023 N4EXA 599 FL K4BSK 599 NC
QSO: 28060 CW 2025-12-13 0024 N4EXA 599 FL JA3XOG 599 017
QSO: 28060 CW 2025-12-13 0024 N4EXA 599 FL KK6TV 599 CA
QSO: 28060 CW 2025-12-13 0024 N4EXA 599 FL K2SX 599 NC
QSO: 28060 CW 2025-12-13 0025 N4EXA 599 FL NU0G 599 IA
QSO: 28060 CW 2025-12-13 0025 N4EXA 599 FL K3CT 599 PA
QSO: 28060 CW 2025-12-13 0026 N4EXA 599 FL W1WBB 599 RI
QSO: 28060 CW 2025-12-13 0026 N4EXA 599 FL W2CDO 599 MD
QSO: 28060 CW 2025-12-13 0026 N4EXA 599 FL NA3M 599 MD
QSO: 28060 CW 2025-12-13 0026 N4EXA 599 FL KW4GF 599 VA
QSO: 28060 CW 2025-12-13 0027 N4EXA 599 FL WE9R 599 WI
QSO: 28060 CW 2025-12-13 0027 N4EXA 599 FL N3AM 599 MD
QSO: 28060 CW 2025-12-13 0027 N4EXA 599 FL KY0Q 599 IL
QSO: 28060 CW 2025-12-13 0028 N4EXA 599 FL W8CS 599 SC
QSO: 28060 CW 2025-12-13 0028 N4EXA 599 FL K1LT 599 OH
QSO: 28060 CW 2025-12-13 0029 N4EXA 599 FL KR2AA 599 NY
QSO: 28060 CW 2025-12-13 0029 N4EXA 599 FL N3ZV 599 VA
QSO: 28060 CW 2025-12-13 0029 N4EXA 599 FL AB8RL 599 WV
QSO: 28060 CW 2025-12-13 0030 N4EXA 599 FL AD9CA 599 IL
QSO: 28060 CW 2025-12-13 0030 N4EXA 599 FL N2YO 599 VA
QSO: 28060 CW 2025-12-13 0030 N4EXA 599 FL W3FIZ 599 PA
QSO: 28060 CW 2025-12-13 0030 N4EXA 599 FL WA4JUK 599 VA
QSO: 28060 CW 2025-12-13 0031 N4EXA 599 FL K3GW 599 PA
QSO: 28060 CW 2025-12-13 0031 N4EXA 599 FL AA4DD 599 TN
QSO: 28060 CW 2025-12-13 0031 N4EXA 599 FL W5VS 599 VA
QSO: 28060 CW 2025-12-13 0031 N4EXA 599 FL K5ZD 599 OH
QSO: 28060 CW 2025-12-13 0032 N4EXA 599 FL KX1X 599 MA
QSO: 28060 CW 2025-12-13 0032 N4EXA 599 FL W9YK 599 IL
QSO: 28060 CW 2025-12-13 0032 N4EXA 599 FL K7SV 599 VA
QSO: 28060 CW 2025-12-13 0033 N4EXA 599 FL VA3OKG 599 ON
QSO: 28060 CW 2025-12-13 0033 N4EXA 599 FL WT9U 599 IN
QSO: 28060 CW 2025-12-13 0033 N4EXA 599 FL K8EG 599 OH
QSO: 28060 CW 2025-12-13 0034 N4EXA 599 FL WO9B 599 WI
QSO: 28060 CW 2025-12-13 0034 N4EXA 599 FL N4AO 599 FL
QSO: 28060 CW 2025-12-13 0034 N4EXA 599 FL W9QL 599 IL
QSO: 28060 CW 2025-12-13 0034 N4EXA 599 FL N4LSJ 599 OH
QSO: 28060 CW 2025-12-13 0035 N4EXA 599 FL VA3CW 599 ON
QSO: 28060 CW 2025-12-13 0035 N4EXA 599 FL N9MSG 599 IL
QSO: 28060 CW 2025-12-13 0036 N4EXA 599 FL N3UA 599 VA
QSO: 28060 CW 2025-12-13 0036 N4EXA 599 FL W9XT 599 WI
QSO: 28060 CW 2025-12-13 0036 N4EXA 599 FL W2CN 599 NJ
QSO: 28060 CW 2025-12-13 0036 N4EXA 599 FL K9WA 599 IL
QSO: 28060 CW 2025-12-13 0037 N4EXA 599 FL KG9X 599 IL
QSO: 28060 CW 2025-12-13 0037 N4EXA 599 FL KW4CW 599 VA
QSO: 28060 CW 2025-12-13 0037 N4EXA 599 FL W0PR 599 MN
QSO: 28060 CW 2025-12-13 0037 N4EXA 599 FL VE3JM 599 ON
QSO: 28060 CW 2025-12-13 0038 N4EXA 599 FL AC5XK 599 DC
QSO: 28060 CW 2025-12-13 0038 N4EXA 599 FL KC4TEO 599 AL
QSO: 28060 CW 2025-12-13 0039 N4EXA 599 FL VE3OIL 599 ON
QSO: 28060 CW 2025-12-13 0039 N4EXA 599 FL K9JWI 599 IN
QSO: 28060 CW 2025-12-13 0039 N4EXA 599 FL KV8Q 599 OH
QSO: 28060 CW 2025-12-13 0039 N4EXA 599 FL WB9VGO 599 IL
QSO: 28060 CW 2025-12-13 0040 N4EXA 599 FL KB3WD 599 MD
QSO: 28060 CW 2025-12-13 0040 N4EXA 599 FL KC9EE 599 IL
QSO: 28060 CW 2025-12-13 0040 N4EXA 599 FL K8MP 599 OH
QSO: 28060 CW 2025-12-13 0040 N4EXA 599 FL WR2G 599 NJ
QSO: 28060 CW 2025-12-13 0041 N4EXA 599 FL NN4SS 599 SC
QSO: 28060 CW 2025-12-13 0041 N4EXA 599 FL KC1RWM 599 MA
QSO: 28060 CW 2025-12-13 0041 N4EXA 599 FL NA8V 599 MI
QSO: 28060 CW 2025-12-13 0041 N4EXA 599 FL K8MFO 599 OH
QSO: 28060 CW 2025-12-13 0042 N4EXA 599 FL NW8U 599 WV
QSO: 28060 CW 2025-12-13 0042 N4EXA 599 FL K3MD 599 PA
QSO: 28060 CW 2025-12-13 0042 N4EXA 599 FL WA4PGM 599 VA
QSO: 28060 CW 2025-12-13 0043 N4EXA 599 FL N2WK 599 NY
QSO: 28060 CW 2025-12-13 0043 N4EXA 599 FL VA3UX 599 ON
QSO: 28060 CW 2025-12-13 0044 N4EXA 599 FL W9VQ 599 IL
QSO: 28060 CW 2025-12-13 0044 N4EXA 599 FL K0VR 599 MN
QSO: 28060 CW 2025-12-13 0044 N4EXA 599 FL K1GG 599 VA
QSO: 28060 CW 2025-12-13 0044 N4EXA 599 FL W9KXQ 599 IL
QSO: 28060 CW 2025-12-13 0044 N4EXA 599 FL N0UI 599 MO
QSO: 28060 CW 2025-12-13 0045 N4EXA 599 FL W0ZP 599 IN
QSO: 28060 CW 2025-12-13 0045 N4EXA 599 FL K9CT 599 IL
QSO: 28060 CW 2025-12-13 0045 N4EXA 599 FL W3IP 599 VA
QSO: 28060 CW 2025-12-13 0045 N4EXA 599 FL KA4RRU 599 VA
QSO: 28060 CW 2025-12-13 0046 N4EXA 599 FL KJ6XC 599 OH
QSO: 28060 CW 2025-12-13 0046 N4EXA 599 FL NU4B 599 TN
QSO: 28060 CW 2025-12-13 0046 N4EXA 599 FL K2SSS 599 NY
QSO: 28060 CW 2025-12-13 0047 N4EXA 599 FL KB1EFS 599 MA
QSO: 28060 CW 2025-12-13 0047 N4EXA 599 FL N4GG 599 GA
QSO: 28060 CW 2025-12-13 0047 N4EXA 599 FL K4RDU 599 VA
QSO: 28060 CW 2025-12-13 0047 N4EXA 599 FL AA5JF 599 GA
QSO: 28060 CW 2025-12-13 0048 N4EXA 599 FL W6UB 599 TN
QSO: 28060 CW 2025-12-13 0048 N4EXA 599 FL K2RB 599 CT
QSO: 28060 CW 2025-12-13 0049 N4EXA 599 FL K8PK 599 OH
QSO: 28060 CW 2025-12-13 0049 N4EXA 599 FL W1KM 599 MA
QSO: 28060 CW 2025-12-13 0049 N4EXA 599 FL K9GY 599 IL
QSO: 28060 CW 2025-12-13 0050 N4EXA 599 FL N0YY 599 VA
QSO: 28060 CW 2025-12-13 0050 N4EXA 599 FL N3RD 599 PA
QSO: 28060 CW 2025-12-13 0050 N4EXA 599 FL W4IX 599 SC
QSO: 28060 CW 2025-12-13 0050 N4EXA 599 FL N8HRZ 599 OH
QSO: 28060 CW 2025-12-13 0050 N4EXA 599 FL N7US 599 IL
QSO: 28060 CW 2025-12-13 0051 N4EXA 599 FL N4CF 599 VA
QSO: 28060 CW 2025-12-13 0051 N4EXA 599 FL N9NE 599 WI
QSO: 28060 CW 2025-12-13 0051 N4EXA 599 FL VA3FF 599 ON
QSO: 28060 CW 2025-12-13 0052 N4EXA 599 FL KA0PQW 599 MN
QSO: 28060 CW 2025-12-13 0052 N4EXA 599 FL KB0EO 599 MN
QSO: 28060 CW 2025-12-13 0052 N4EXA 599 FL K2QB 599 NY
QSO: 28060 CW 2025-12-13 0052 N4EXA 599 FL N6NT 599 NC
QSO: 28060 CW 2025-12-13 0053 N4EXA 599 FL KC5AAV 599 KY
QSO: 28060 CW 2025-12-13 0053 N4EXA 599 FL K9BGL 599 IL
QSO: 28060 CW 2025-12-13 0053 N4EXA 599 FL N2LK 599 DE
QSO: 28060 CW 2025-12-13 0054 N4EXA 599 FL KK1W 599 MA
QSO: 28060 CW 2025-12-13 0054 N4EXA 599 FL N2AXX 599 NJ
QSO: 28060 CW 2025-12-13 0054 N4EXA 599 FL W2YC 599 NJ
QSO: 28060 CW 2025-12-13 0055 N4EXA 599 FL WB2PJH 599 NJ
QSO: 28060 CW 2025-12-13 0055 N4EXA 599 FL K3QP 599 PA
QSO: 28060 CW 2025-12-13 0055 N4EXA 599 FL WA3AER 599 MD
QSO: 28060 CW 2025-12-13 0056 N4EXA 599 FL AC0C 599 KS
QSO: 28060 CW 2025-12-13 0056 N4EXA 599 FL WB0QLU 599 MO
QSO: 28060 CW 2025-12-13 0056 N4EXA 599 FL N0UR 599 MN
QSO: 28060 CW 2025-12-13 0057 N4EXA 599 FL AA2TH 599 NY
QSO: 28060 CW 2025-12-13 0057 N4EXA 599 FL N5EP 599 IL
QSO: 28060 CW 2025-12-13 0057 N4EXA 599 FL AF4JF 599 MO
QSO: 28060 CW 2025-12-13 0058 N4EXA 599 FL N4QWF 599 VA
QSO: 28060 CW 2025-12-13 0058 N4EXA 599 FL WT2P 599 IL
QSO: 28060 CW 2025-12-13 0058 N4EXA 599 FL K9PW 599 IL
QSO: 28060 CW 2025-12-13 0058 N4EXA 599 FL N2NC 599 NJ
QSO: 28060 CW 2025-12-13 0059 N4EXA 599 FL KW4YA 599 KY
QSO: 28060 CW 2025-12-13 0059 N4EXA 599 FL N9EXL 599 IL
QSO: 28060 CW 2025-12-13 0059 N4EXA 599 FL K0KEX 599 MO
QSO: 28060 CW 2025-12-13 0100 N4EXA 599 FL AB9YC 599 IL
QSO: 28060 CW 2025-12-13 0100 N4EXA 599 FL AI6O 599 MO
QSO: 28060 CW 2025-12-13 0101 N4EXA 599 FL K0TRL 599 KS
QSO: 28060 CW 2025-12-13 0101 N4EXA 599 FL W0EWD 599 IA
QSO: 28060 CW 2025-12-13 0101 N4EXA 599 FL KC3MAL 599 IA
QSO: 28060 CW 2025-12-13 0102 N4EXA 599 FL W3FAY 599 MD
QSO: 28060 CW 2025-12-13 0102 N4EXA 599 FL N4WRE 599 NC
QSO: 28060 CW 2025-12-13 0102 N4EXA 599 FL WB9HFK 599 IL
QSO: 28060 CW 2025-12-13 0102 N4EXA 599 FL N5WNG 599 TX
QSO: 28060 CW 2025-12-13 0103 N4EXA 599 FL KF4AV 599 KY
QSO: 28060 CW 2025-12-13 0103 N4EXA 599 FL KF9D 599 IL
QSO: 28060 CW 2025-12-13 0104 N4EXA 599 FL KT4O 599 TN
QSO: 28060 CW 2025-12-13 0104 N4EXA 599 FL NQ5M 599 OK
QSO: 28060 CW 2025-12-13 0104 N4EXA 599 FL KD8W 599 OH
QSO: 28060 CW 2025-12-13 0105 N4EXA 599 FL KS4YX 599 SC
QSO: 28060 CW 2025-12-13 0105 N4EXA 599 FL K2YAZ 599 MI
QSO: 28060 CW 2025-12-13 0106 N4EXA 599 FL W8ZN 599 VA
QSO: 28060 CW 2025-12-13 0106 N4EXA 599 FL K4FR 599 KY
QSO: 28060 CW 2025-12-13 0106 N4EXA 599 FL K4QPL 599 NC
QSO: 28060 CW 2025-12-13 0106 N4EXA 599 FL N2PP 599 NY
QSO: 28060 CW 2025-12-13 0107 N4EXA 599 FL K9MA 599 WI
QSO: 28060 CW 2025-12-13 0107 N4EXA 599 FL N9BSO 599 MO
QSO: 28060 CW 2025-12-13 0108 N4EXA 599 FL W0VX 599 TX
QSO: 28060 CW 2025-12-13 0108 N4EXA 599 FL W3TB 599 TN
QSO: 28060 CW 2025-12-13 0108 N4EXA 599 FL W8FJ 599 PA
QSO: 28060 CW 2025-12-13 0108 N4EXA 599 FL W2RQ 599 NJ
QSO: 28060 CW 2025-12-13 0108 N4EXA 599 FL KG4W 599 VA
QSO: 28060 CW 2025-12-13 0109 N4EXA 599 FL WI5D 599 MO
QSO: 28060 CW 2025-12-13 0109 N4EXA 599 FL AA4NO 599 NC
QSO: 28060 CW 2025-12-13 0109 N4EXA 599 FL K4FTO 599 VA
QSO: 28060 CW 2025-12-13 0110 N4EXA 599 FL W4NF 599 VA
QSO: 28060 CW 2025-12-13 0110 N4EXA 599 FL W0ZB 599 MO
QSO: 28060 CW 2025-12-13 0110 N4EXA 599 FL AD4EB 599 TN
QSO: 28060 CW 2025-12-13 0110 N4EXA 599 FL W4RM 599 NC
QSO: 28060 CW 2025-12-13 0110 N4EXA 599 FL K9NO 599 IL
QSO: 28060 CW 2025-12-13 0111 N4EXA 599 FL N5CO 599 OK
QSO: 28060 CW 2025-12-13 0111 N4EXA 599 FL K0PG 599 IL
QSO: 28060 CW 2025-12-13 0111 N4EXA 599 FL K1ZZI 599 SC
QSO: 28060 CW 2025-12-13 0111 N4EXA 599 FL W4UT 599 TN
QSO: 28060 CW 2025-12-13 0112 N4EXA 599 FL WR5O 599 TX
QSO: 28060 CW 2025-12-13 0112 N4EXA 599 FL AC9S 599 IL
QSO: 28060 CW 2025-12-13 0113 N4EXA 599 FL W4AC 599 FL
QSO: 28060 CW 2025-12-13 0113 N4EXA 599 FL VE3NE 599 ON
QSO: 28060 CW 2025-12-13 0113 N4EXA 599 FL K1DW 599 TX
QSO: 28060 CW 2025-12-13 0113 N4EXA 599 FL KD4S 599 SC
QSO: 28060 CW 2025-12-13 0114 N4EXA 599 FL VE3GSI 599 ON
QSO: 28060 CW 2025-12-13 0114 N4EXA 599 FL W4TG 599 VA
QSO: 28060 CW 2025-12-13 0115 N4EXA 599 FL N9GUN 599 IL
QSO: 28060 CW 2025-12-13 0115 N4EXA 599 FL ND4X 599 KY
QSO: 28060 CW 2025-12-13 0115 N4EXA 599 FL KA2DDX 599 NY
QSO: 28060 CW 2025-12-13 0116 N4EXA 599 FL KE0YI 599 IL
QSO: 28060 CW 2025-12-13 0116 N4EXA 599 FL N1XI 599 NC
QSO: 28060 CW 2025-12-13 0116 N4EXA 599 FL NC3Y 599 MD
QSO: 28060 CW 2025-12-13 0117 N4EXA 599 FL W2ELS 599 NY
QSO: 28060 CW 2025-12-13 0117 N4EXA 599 FL KB0V 599 IL
QSO: 28060 CW 2025-12-13 0117 N4EXA 599 FL WK2G 599 PA
QSO: 28060 CW 2025-12-13 0118 N4EXA 599 FL K0HB 599 MN
QSO: 28060 CW 2025-12-13 0118 N4EXA 599 FL WB0CJB 599 TN
QSO: 28060 CW 2025-12-13 0119 N4EXA 599 FL WC8VOA 599 OH
QSO: 28060 CW 2025-12-13 0120 N4EXA 599 FL K0IL 599 NE
QSO: 28060 CW 2025-12-13 0120 N4EXA 599 FL N9HDE 599 IA
QSO: 28060 CW 2025-12-13 0120 N4EXA 599 FL KA2FIR 599 NJ
QSO: 28060 CW 2025-12-13 0120 N4EXA 599 FL KD0EE 599 IN
QSO: 28060 CW 2025-12-13 0121 N4EXA 599 FL NS3T 599 MD
QSO: 28060 CW 2025-12-13 0121 N4EXA 599 FL KM4FO 599 KY
QSO: 28060 CW 2025-12-13 0121 N4EXA 599 FL K0TT 599 MN
QSO: 28060 CW 2025-12-13 0122 N4EXA 599 FL AA7V 599 AZ
QSO: 28060 CW 2025-12-13 0123 N4EXA 599 FL K5WSN 599 TX
QSO: 28060 CW 2025-12-13 0123 N4EXA 599 FL WB9QVR 599 IN
QSO: 28060 CW 2025-12-13 0123 N4EXA 599 FL W3SM 599 CT
QSO: 28060 CW 2025-12-13 0124 N4EXA 599 FL N9TF 599 TN
QSO: 28060 CW 2025-12-13 0124 N4EXA 599 FL N9DJ 599 IL
QSO: 28060 CW 2025-12-13 0124 N4EXA 599 FL WW4XX 599 GA
QSO: 28060 CW 2025-12-13 0125 N4EXA 599 FL KK4DF 599 NC
QSO: 28060 CW 2025-12-13 0125 N4EXA 599 FL N8LJ 599 MI
QSO: 28060 CW 2025-12-13 0126 N4EXA 599 FL K2HYD 599 VA
QSO: 28060 CW 2025-12-13 0127 N4EXA 599 FL K8QKY 599 MI
QSO: 28060 CW 2025-12-13 0127 N4EXA 599 FL N3ST 599 PA
QSO: 28060 CW 2025-12-13 0127 N4EXA 599 FL W3UL 599 PA
QSO: 28060 CW 2025-12-13 0128 N4EXA 599 FL K1HTV 599 VA
QSO: 28060 CW 2025-12-13 0128 N4EXA 599 FL N0HJZ 599 MN
QSO: 28060 CW 2025-12-13 0128 N4EXA 599 FL N4OO 599 GA
QSO: 28060 CW 2025-12-13 0128 N4EXA 599 FL WT9Q 599 WI
QSO: 28060 CW 2025-12-13 0129 N4EXA 599 FL N2PX 599 NC
QSO: 28060 CW 2025-12-13 0129 N4EXA 599 FL K3WW 599 NJ
QSO: 28060 CW 2025-12-13 0129 N4EXA 599 FL K0KX 599 SD
QSO: 28060 CW 2025-12-13 0130 N4EXA 599 FL WT3K 599 MD
QSO: 28060 CW 2025-12-13 0130 N4EXA 599 FL K8ZT 599 OH
QSO: 28060 CW 2025-12-13 0131 N4EXA 599 FL K7CS 599 IL
QSO: 28060 CW 2025-12-13 0131 N4EXA 599 FL N5AU 599 TX
QSO: 28060 CW 2025-12-13 0132 N4EXA 599 FL WB3X 599 SC
QSO: 28060 CW 2025-12-13 0133 N4EXA 599 FL K9UIY 599 IL
QSO: 28060 CW 2025-12-13 0133 N4EXA 599 FL K3JT 599 WV
QSO: 28060 CW 2025-12-13 0133 N4EXA 599 FL KS9W 599 IL
QSO: 28060 CW 2025-12-13 0134 N4EXA 599 FL K3RV 599 VA
QSO: 28060 CW 2025-12-13 0135 N4EXA 599 FL WA8ZBT 599 TX
QSO: 28060 CW 2025-12-13 0135 N4EXA 599 FL N8OO 599 LA
QSO: 28060 CW 2025-12-13 0135 N4EXA 599 FL K3TC 599 MD
QSO: 28060 CW 2025-12-13 0135 N4EXA 599 FL KC9EOQ 599 IL
QSO: 28060 CW 2025-12-13 0136 N4EXA 599 FL W2DEN 599 GA
QSO: 28060 CW 2025-12-13 0136 N4EXA 599 FL N9FZ 599 GA
QSO: 28060 CW 2025-12-13 0137 N4EXA 599 FL N0XR 599 IA
QSO: 28060 CW 2025-12-13 0137 N4EXA 599 FL N8II 599 WV
QSO: 28060 CW 2025-12-13 0138 N4EXA 599 FL WF4W 599 GA
QSO: 28060 CW 2025-12-13 0138 N4EXA 599 FL W9RNY 599 IL
QSO: 28060 CW 2025-12-13 0138 N4EXA 599 FL NQ4Y 599 TN
QSO: 28060 CW 2025-12-13 0138 N4EXA 599 FL K4KO 599 TN
QSO: 28060 CW 2025-12-13 0138 N4EXA 599 FL W2GD 599 PA
QSO: 28060 CW 2025-12-13 0139 N4EXA 599 FL AA8P 599 OH
QSO: 28060 CW 2025-12-13 0139 N4EXA 599 FL KY4GS 599 SC
QSO: 28060 CW 2025-12-13 0140 N4EXA 599 FL K5CI 599 TX
QSO: 28060 CW 2025-12-13 0140 N4EXA 599 FL K2LNS 599 PA
QSO: 28060 CW 2025-12-13 0140 N4EXA 599 FL AI9K 599 IL
QSO: 28060 CW 2025-12-13 0141 N4EXA 599 FL N3MN 599 VA
QSO: 28060 CW 2025-12-13 0141 N4EXA 599 FL KA2DDX 599 NY
QSO: 28060 CW 2025-12-13 0141 N4EXA 599 FL KZ3P 599 SC
QSO: 28060 CW 2025-12-13 0142 N4EXA 599 FL WA8RCN 599 OH
QSO: 28060 CW 2025-12-13 0142 N4EXA 599 FL WA5BDU 599 AR
QSO: 28060 CW 2025-12-13 0143 N4EXA 599 FL N2TX 599 NY
QSO: 28060 CW 2025-12-13 0143 N4EXA 599 FL K3TN 599 MD
QSO: 28060 CW 2025-12-13 0143 N4EXA 599 FL N4ZZ 599 TN
QSO: 28060 CW 2025-12-13 0144 N4EXA 599 FL ND4X 599 KY
QSO: 28060 CW 2025-12-13 0145 N4EXA 599 FL KB8TYJ 599 MI
QSO: 28060 CW 2025-12-13 0145 N4EXA 599 FL KE8PX 599 OH
QSO: 28060 CW 2025-12-13 0146 N4EXA 599 FL KD2KW 599 TX
QSO: 28060 CW 2025-12-13 0146 N4EXA 599 FL K1GU 599 TN
QSO: 28060 CW 2025-12-13 0146 N4EXA 599 FL WA3KCP 599 PA
QSO: 28060 CW 2025-12-13 0146 N4EXA 599 FL NY3A 599 PA
QSO: 28060 CW 2025-12-13 0147 N4EXA 599 FL W3CT 599 PA
QSO: 28060 CW 2025-12-13 0147 N4EXA 599 FL W8EH 599 OH
QSO: 28060 CW 2025-12-13 0147 N4EXA 599 FL N4OGW 599 MS
QSO: 28060 CW 2025-12-13 0148 N4EXA 599 FL WX8V 599 KY
QSO: 28060 CW 2025-12-13 0148 N4EXA 599 FL W3RMO 599 MD
QSO: 28060 CW 2025-12-13 0148 N4EXA 599 FL WB8BPU 599 MD
QSO: 28060 CW 2025-12-13 0149 N4EXA 599 FL W5EN 599 AR
QSO: 28060 CW 2025-12-13 0149 N4EXA 599 FL K9BRS 599 IN
QSO: 28060 CW 2025-12-13 0150 N4EXA 599 FL AG4EP 599 KY
QSO: 28060 CW 2025-12-13 0150 N4EXA 599 FL W9RE 599 IN
QSO: 28060 CW 2025-12-13 0150 N4EXA 599 FL K4MI 599 VA
QSO: 28060 CW 2025-12-13 0151 N4EXA 599 FL KT4XA 599 AL
QSO: 28060 CW 2025-12-13 0152 N4EXA 599 FL AA4CF 599 GA
QSO: 28060 CW 2025-12-13 0153 N4EXA 599 FL N2DGQ 599 NJ
QSO: 28060 CW 2025-12-13 0153 N4EXA 599 FL K4HQK 599 VA
QSO: 28060 CW 2025-12-13 0153 N4EXA 599 FL WD5ABC 599 TX
QSO: 28060 CW 2025-12-13 0154 N4EXA 599 FL N1NQD 599 NY
QSO: 28060 CW 2025-12-13 0154 N4EXA 599 FL W5TM 599 OK
QSO: 28060 CW 2025-12-13 0154 N4EXA 599 FL K8BB 599 MI
QSO: 28060 CW 2025-12-13 0155 N4EXA 599 FL N2NT 599 NJ
QSO: 28060 CW 2025-12-13 0155 N4EXA 599 FL N2BJ 599 IL
QSO: 28060 CW 2025-12-13 0155 N4EXA 599 FL KG5RXG 599 TX
QSO: 28060 CW 2025-12-13 0155 N4EXA 599 FL KO4TFE 599 KY
QSO: 28060 CW 2025-12-13 0156 N4EXA 599 FL K5VR 599 AR
QSO: 28060 CW 2025-12-13 0157 N4EXA 599 FL WD0BGZ 599 NE
QSO: 28060 CW 2025-12-13 0157 N4EXA 599 FL WB5BHS 599 AR
QSO: 28060 CW 2025-12-13 0157 N4EXA 599 FL K5LY 599 TX
QSO: 28060 CW 2025-12-13 0158 N4EXA 599 FL KD3RF 599 PA
QSO: 28060 CW 2025-12-13 0158 N4EXA 599 FL N4SD 599 VA
QSO: 28060 CW 2025-12-13 0158 N4EXA 599 FL K3TEJ 599 PA
QSO: 28060 CW 2025-12-13 0159 N4EXA 599 FL WA9LKZ 599 IL
QSO: 28060 CW 2025-12-13 0200 N4EXA 599 FL AC6ZM 599 TN
QSO: 28060 CW 2025-12-13 0200 N4EXA 599 FL NN8B 599 OH
QSO: 28060 CW 2025-12-13 0201 N4EXA 599 FL AB0S 599 NE
QSO: 28060 CW 2025-12-13 0202 N4EXA 599 FL KN4SA 599 NC
QSO: 28060 CW 2025-12-13 0202 N4EXA 599 FL K5MV 599 TX
QSO: 28060 CW 2025-12-13 0203 N4EXA 599 FL N2MM 599 NJ
QSO: 28385 PH 2025-12-13 0206 N4EXA 59 FL W4NP 59 TN
QSO: 28385 PH 2025-12-13 0206 N4EXA 59 FL KF4TY 59 TN
QSO: 28385 PH 2025-12-13 0206 N4EXA 59 FL KO4BWN 59 GA
QSO: 28385 PH 2025-12-13 0207 N4EXA 59 FL KN4LIU 59 TN
QSO: 28385 PH 2025-12-13 0207 N4EXA 59 FL N0MMA 59 IA
QSO: 28385 PH 2025-12-13 0207 N4EXA 59 FL ND4X 59 KY
QSO: 28385 PH 2025-12-13 0207 N4EXA 59 FL W5GCX 59 TX
QSO: 28385 PH 2025-12-13 0208 N4EXA 59 FL N5LYG 59 TX
QSO: 28385 PH 2025-12-13 0208 N4EXA 59 FL AC9S 59 IL
QSO: 28385 PH 2025-12-13 0208 N4EXA 59 FL KU4GZ 59 NC
QSO: 28385 PH 2025-12-13 0208 N4EXA 59 FL WZ8DX 59 OH
QSO: 28385 PH 2025-12-13 0208 N4EXA 59 FL KR5DX 59 TX
QSO: 28385 PH 2025-12-13 0208 N4EXA 59 FL KD9YOO 59 IN
QSO: 28385 PH 2025-12-13 0208 N4EXA 59 FL KJ6TQ 59 MO
QSO: 28385 PH 2025-12-13 0209 N4EXA 59 FL KZ3P 59 SC
QSO: 28385 PH 2025-12-13 0209 N4EXA 59 FL K3SV 59 FL
QSO: 28385 PH 2025-12-13 0209 N4EXA 59 FL AF1US 59 TN
QSO: 28385 PH 2025-12-13 0209 N4EXA 59 FL K9UC 59 TN
QSO: 28385 PH 2025-12-13 0209 N4EXA 59 FL KE9DLP 59 IL
QSO: 28385 PH 2025-12-13 0210 N4EXA 59 FL N9OK 59 IL
QSO: 28385 PH 2025-12-13 0210 N4EXA 59 FL KN4UQM 59 NC
QSO: 28385 PH 2025-12-13 0210 N4EXA 59 FL KC5SW 59 TX
QSO: 28385 PH 2025-12-13 0210 N4EXA 59 FL NA4DX 59 MO
QSO: 28385 PH 2025-12-13 0210 N4EXA 59 FL KB0V 59 IL
QSO: 28385 PH 2025-12-13 0210 N4EXA 59 FL W8MJ 59 MI
QSO: 28385 PH 2025-12-13 0211 N4EXA 59 FL K5WVF 59 MS
QSO: 28385 PH 2025-12-13 0211 N4EXA 59 FL N0LFK 59 KS
QSO: 28385 PH 2025-12-13 0211 N4EXA 59 FL AI5G 59 MO
QSO: 28385 PH 2025-12-13 0212 N4EXA 59 FL KE0YI 59 IL
QSO: 28385 PH 2025-12-13 0212 N4EXA 59 FL KD9DWU 59 IN
QSO: 28385 PH 2025-12-13 0212 N4EXA 59 FL W4AMP 59 GA
QSO: 28385 PH 2025-12-13 0212 N4EXA 59 FL WA9YI 59 IN
QSO: 28385 PH 2025-12-13 0213 N4EXA 59 FL KF0OSW 59 MO
QSO: 28385 PH 2025-12-13 0213 N4EXA 59 FL KC9RHF 59 IL
QSO: 28385 PH 2025-12-13 0213 N4EXA 59 FL KD9NHZ 59 IL
QSO: 28385 PH 2025-12-13 0214 N4EXA 59 FL AC6ZM 59 TN
QSO: 28385 PH 2025-12-13 0214 N4EXA 59 FL N4VC 59 TN
QSO: 28385 PH 2025-12-13 0214 N4EXA 59 FL KE8UTL 59 IL
QSO: 28385 PH 2025-12-13 0214 N4EXA 59 FL KE8NZY 59 OH
QSO: 28385 PH 2025-12-13 0214 N4EXA 59 FL K2DRH 59 IL
QSO: 28385 PH 2025-12-13 0215 N4EXA 59 FL K9RS 59 DE
QSO: 28385 PH 2025-12-13 0215 N4EXA 59 FL W5LO 59 TX
QSO: 28385 PH 2025-12-13 0215 N4EXA 59 FL N5TOY 59 GA
QSO: 28385 PH 2025-12-13 0216 N4EXA 59 FL K0GOB 59 MO
QSO: 28385 PH 2025-12-13 0216 N4EXA 59 FL KJ4HRL 59 TN
QSO: 28385 PH 2025-12-13 0216 N4EXA 59 FL KB6DAD 59 AL
QSO: 28385 PH 2025-12-13 0216 N4EXA 59 FL WH6VL 59 TX
QSO: 28385 PH 2025-12-13 0217 N4EXA 59 FL W4NYY 59 VA
QSO: 28385 PH 2025-12-13 0217 N4EXA 59 FL KF4TY 59 TN
QSO: 28385 PH 2025-12-13 0217 N4EXA 59 FL K9BRS 59 IN
QSO: 28385 PH 2025-12-13 0217 N4EXA 59 FL KY4DMD 59 KY
QSO: 28385 PH 2025-12-13 0218 N4EXA 59 FL KR4HPQ 59 KY
QSO: 28385 PH 2025-12-13 0218 N4EXA 59 FL W5FYX 59 TX
QSO: 28385 PH 2025-12-13 0218 N4EXA 59 FL KE9CRX 59 IL
QSO: 28385 PH 2025-12-13 0218 N4EXA 59 FL KR5DX 59 TX
QSO: 28385 PH 2025-12-13 0219 N4EXA 59 FL WA5SOG 59 AR
QSO: 28385 PH 2025-12-13 0219 N4EXA 59 FL W5GCX 59 TX
QSO: 28385 PH 2025-12-13 0220 N4EXA 59 FL KC4ZMB 59 AL
QSO: 28385 PH 2025-12-13 0220 N4EXA 59 FL AE0MO 59 KS
QSO: 28385 PH 2025-12-13 0220 N4EXA 59 FL KG4VCR 59 KY
QSO: 28385 PH 2025-12-13 0220 N4EXA 59 FL AE8GS 59 OH
QSO: 28385 PH 2025-12-13 0221 N4EXA 59 FL KO4EVC 59 TN
QSO: 28385 PH 2025-12-13 0221 N4EXA 59 FL WA5LFD 59 TX
QSO: 28385 PH 2025-12-13 0221 N4EXA 59 FL WB8BZK 59 IL
QSO: 28385 PH 2025-12-13 0221 N4EXA 59 FL AA0F 59 TX
QSO: 28385 PH 2025-12-13 0222 N4EXA 59 FL KJ5MPR 59 OK
QSO: 28385 PH 2025-12-13 0222 N4EXA 59 FL K4HWS 59 TN
QSO: 28385 PH 2025-12-13 0222 N4EXA 59 FL KQ4SRE 59 KY
QSO: 28385 PH 2025-12-13 0222 N4EXA 59 FL W4NF 59 VA
QSO: 28385 PH 2025-12-13 0222 N4EXA 59 FL WB8SAG 59 OH
QSO: 28385 PH 2025-12-13 0223 N4EXA 59 FL N9DJ 59 IL
QSO: 28385 PH 2025-12-13 0223 N4EXA 59 FL KI4HEJ 59 KY
QSO: 28385 PH 2025-12-13 0223 N4EXA 59 FL KD0JLE 59 KS
QSO: 28385 PH 2025-12-13 0223 N4EXA 59 FL KJ5JYJ 59 TX
QSO: 28385 PH 2025-12-13 0224 N4EXA 59 FL K5FK 59 TX
QSO: 28385 PH 2025-12-13 0224 N4EXA 59 FL W7XB 59 AL
QSO: 28385 PH 2025-12-13 0224 N4EXA 59 FL K4TG 59 KY
QSO: 28385 PH 2025-12-13 0224 N4EXA 59 FL KA9W 59 IL
QSO: 28385 PH 2025-12-13 0225 N4EXA 59 FL K2SHN 59 AR
QSO: 28385 PH 2025-12-13 0225 N4EXA 59 FL K0FD 59 MO
QSO: 28385 PH 2025-12-13 0225 N4EXA 59 FL WB4WXE 59 GA
QSO: 28385 PH 2025-12-13 0225 N4EXA 59 FL KM4IYW 59 TN
QSO: 28385 PH 2025-12-13 0226 N4EXA 59 FL K3DNE 59 SC
QSO: 28385 PH 2025-12-13 0226 N4EXA 59 FL AI5R 59 TX
QSO: 28385 PH 2025-12-13 0227 N4EXA 59 FL KB9UDK 59 IN
QSO: 28385 PH 2025-12-13 0227 N4EXA 59 FL W5MHZ 59 OK
QSO: 28385 PH 2025-12-13 0227 N4EXA 59 FL W4WKU 59 KY
QSO: 28385 PH 2025-12-13 0227 N4EXA 59 FL WB0TEV 59 TX
QSO: 28385 PH 2025-12-13 0228 N4EXA 59 FL KR4IAN 59 KY
QSO: 28385 PH 2025-12-13 0229 N4EXA 59 FL K5AWJ 59 TX
QSO: 28385 PH 2025-12-13 0229 N4EXA 59 FL K5WVF 59 MS
QSO: 28385 PH 2025-12-13 0229 N4EXA 59 FL KG5KRZ 59 LA
QSO: 28385 PH 2025-12-13 0229 N4EXA 59 FL K5FNE 59 TX
QSO: 28385 PH 2025-12-13 0229 N4EXA 59 FL AA5AH 59 TX
QSO: 28385 PH 2025-12-13 0230 N4EXA 59 FL W5JWP 59 TX
QSO: 28385 PH 2025-12-13 0230 N4EXA 59 FL KR4ECT 59 KY
QSO: 28385 PH 2025-12-13 0231 N4EXA 59 FL N5CDL 59 TX
QSO: 28385 PH 2025-12-13 0231 N4EXA 59 FL KR4BHV 59 GA
QSO: 28385 PH 2025-12-13 0231 N4EXA 59 FL W8ZN 59 VA
QSO: 28385 PH 2025-12-13 0231 N4EXA 59 FL AE5T 59 LA
QSO: 28385 PH 2025-12-13 0232 N4EXA 59 FL AC2N 59 FL
QSO: 28385 PH 2025-12-13 0232 N4EXA 59 FL W4EE 59 FL
QSO: 28385 PH 2025-12-13 0232 N4EXA 59 FL KT4XA 59 AL
QSO: 28385 PH 2025-12-13 0233 N4EXA 59 FL W5KBW 59 OH
QSO: 28385 PH 2025-12-13 0233 N4EXA 59 FL K7USN 59 AL
QSO: 28385 PH 2025-12-13 0233 N4EXA 59 FL WD8SCV 59 OH
QSO: 28385 PH 2025-12-13 0233 N4EXA 59 FL W0MB 59 MO
QSO: 28385 PH 2025-12-13 0234 N4EXA 59 FL N4PSE 59 NC
QSO: 28385 PH 2025-12-13 0234 N4EXA 59 FL K3IE 59 TN
QSO: 28385 PH 2025-12-13 0234 N4EXA 59 FL WF4DX 59 FL
QSO: 28385 PH 2025-12-13 0234 N4EXA 59 FL N4PV 59 AL
QSO: 28385 PH 2025-12-13 0235 N4EXA 59 FL KD9YBI 59 IN
QSO: 28385 PH 2025-12-13 0235 N4EXA 59 FL AA4BM 59 AL
QSO: 28385 PH 2025-12-13 0236 N4EXA 59 FL KO4UQB 59 GA
QSO: 28385 PH 2025-12-13 0236 N4EXA 59 FL KN4OWS 59 GA
QSO: 28385 PH 2025-12-13 0236 N4EXA 59 FL N9PC 59 LA
QSO: 28385 PH 2025-12-13 0236 N4EXA 59 FL K3LL 59 PA
QSO: 28385 PH 2025-12-13 0237 N4EXA 59 FL AF4PX 59 GA
QSO: 28385 PH 2025-12-13 0237 N4EXA 59 FL KI5OFD 59 TX
QSO: 28385 PH 2025-12-13 0238 N4EXA 59 FL KN9DXD 59 IN
QSO: 28385 PH 2025-12-13 0238 N4EXA 59 FL AC0WL 59 MO
QSO: 28385 PH 2025-12-13 0239 N4EXA 59 FL W1CTN 59 NC
QSO: 28385 PH 2025-12-13 0240 N4EXA 59 FL KZ4WR 59 NC
QSO: 28385 PH 2025-12-13 0240 N4EXA 59 FL WF4K 59 GA
QSO: 28385 PH 2025-12-13 0240 N4EXA 59 FL N9TF 59 TN
QSO: 28385 PH 2025-12-13 0241 N4EXA 59 FL KD5J 59 AR
QSO: 28385 PH 2025-12-13 0241 N4EXA 59 FL AI5RX 59 TX
QSO: 28385 PH 2025-12-13 0241 N4EXA 59 FL W5HL 59 NM
QSO: 28385 PH 2025-12-13 0241 N4EXA 59 FL KD5AMY 59 TX
QSO: 28385 PH 2025-12-13 0243 N4EXA 59 FL KJ4ZBD 59 TN
QSO: 28385 PH 2025-12-13 0243 N4EXA 59 FL W9IKE 59 IN
QSO: 28385 PH 2025-12-13 0243 N4EXA 59 FL KB9ELS 59 AR
QSO: 28385 PH 2025-12-13 0243 N4EXA 59 FL WB4CS 59 AL
QSO: 28385 PH 2025-12-13 0244 N4EXA 59 FL WD5DW 59 TX
QSO: 28385 PH 2025-12-13 0244 N4EXA 59 FL KE9DHP 59 IL
QSO: 28385 PH 2025-12-13 0245 N4EXA 59 FL KE9CIP 59 IL
QSO: 28385 PH 2025-12-13 0246 N4EXA 59 FL KR4ECT 59 KY
QSO: 28385 PH 2025-12-13 0248 N4EXA 59 FL KO4PV 59 NC
QSO: 28385 PH 2025-12-13 0249 N4EXA 59 FL AB5KM 59 TX
QSO: 28385 PH 2025-12-13 0250 N4EXA 59 FL N4CN 59 GA
QSO: 28385 PH 2025-12-13 0250 N4EXA 59 FL K9MWM 59 CO
QSO: 28385 PH 2025-12-13 0250 N4EXA 59 FL KI9A 59 IL
QSO: 28385 PH 2025-12-13 0251 N4EXA 59 FL KG5AXZ 59 TX
QSO: 28385 PH 2025-12-13 0251 N4EXA 59 FL KD5EF 59 OK
QSO: 28385 PH 2025-12-13 0252 N4EXA 59 FL K9IVN 59 IL
QSO: 28385 PH 2025-12-13 0252 N4EXA 59 FL KM4RO 59 KY
QSO: 28385 PH 2025-12-13 0252 N4EXA 59 FL W0SGR 59 GA
QSO: 28385 PH 2025-12-13 0252 N4EXA 59 FL K0EJ 59 TN
QSO: 28385 PH 2025-12-13 0252 N4EXA 59 FL W8OX 59 OH
QSO: 28385 PH 2025-12-13 0253 N4EXA 59 FL KC8UHS 59 MI
QSO: 28385 PH 2025-12-13 0254 N4EXA 59 FL KF8BXT 59 OH
QSO: 28385 PH 2025-12-13 0254 N4EXA 59 FL KD5ILA 59 AR
QSO: 28385 PH 2025-12-13 0255 N4EXA 59 FL AA4CF 59 GA
QSO: 28385 PH 2025-12-13 0255 N4EXA 59 FL KG4C 59 KY
QSO: 28385 PH 2025-12-13 0255 N4EXA 59 FL AF4PX 59 GA
QSO: 28385 PH 2025-12-13 0256 N4EXA 59 FL K4BTR 59 KY
QSO: 28385 PH 2025-12-13 0256 N4EXA 59 FL KR4HWR 59 TN
QSO: 28385 PH 2025-12-13 0256 N4EXA 59 FL W4UW 59 TN
QSO: 28385 PH 2025-12-13 0257 N4EXA 59 FL KM4C 59 NC
QSO: 28385 PH 2025-12-13 0258 N4EXA 59 FL AE0WA 59 MO
QSO: 28385 PH 2025-12-13 0258 N4EXA 59 FL K5ZD 59 OH
QSO: 28385 PH 2025-12-13 0259 N4EXA 59 FL N4OO 59 GA
QSO: 28385 PH 2025-12-13 0259 N4EXA 59 FL WI4L 59 GA
QSO: 28385 PH 2025-12-13 0302 N4EXA 59 FL N4BCD 59 TN
QSO: 28385 PH 2025-12-13 0302 N4EXA 59 FL W4RM 59 NC
QSO: 28062 CW 2025-12-13 0305 N4EXA 599 FL K1KI 599 CT
QSO: 28062 CW 2025-12-13 0305 N4EXA 599 FL WA2CP 599 NY
QSO: 28062 CW 2025-12-13 0305 N4EXA 599 FL N4SS 599 KY
QSO: 28062 CW 2025-12-13 0306 N4EXA 599 FL AJ2Y 599 GA
QSO: 28062 CW 2025-12-13 0306 N4EXA 599 FL WF7T 599 TN
QSO: 28062 CW 2025-12-13 0308 N4EXA 599 FL W3US 599 FL
QSO: 28062 CW 2025-12-13 0308 N4EXA 599 FL W4WF 599 FL
QSO: 28062 CW 2025-12-13 0308 N4EXA 599 FL K3IE 599 TN
QSO: 28062 CW 2025-12-13 0310 N4EXA 599 FL NJ4P 599 TN
QSO: 28062 CW 2025-12-13 0310 N4EXA 599 FL N4OX 599 FL
QSO: 28062 CW 2025-12-13 0310 N4EXA 599 FL K5TA 599 NM
QSO: 28062 CW 2025-12-13 0311 N4EXA 599 FL WA5LFD 599 TX
QSO: 28062 CW 2025-12-13 0311 N4EXA 599 FL K4EAK 599 GA
QSO: 28062 CW 2025-12-13 0312 N4EXA 599 FL WD5EEI 599 TX
QSO: 28062 CW 2025-12-13 0312 N4EXA 599 FL K0AV 599 CO
QSO: 28062 CW 2025-12-13 0313 N4EXA 599 FL N4UU 599 FL
QSO: 28062 CW 2025-12-13 0313 N4EXA 599 FL WO4O 599 FL
QSO: 28062 CW 2025-12-13 0313 N4EXA 599 FL N1WR 599 VA
QSO: 28062 CW 2025-12-13 0314 N4EXA 599 FL N4IJ 599 NC
QSO: 28062 CW 2025-12-13 0315 N4EXA 599 FL KN4A 599 AL
QSO: 28062 CW 2025-12-13 0315 N4EXA 599 FL W4UEF 599 NC
QSO: 28062 CW 2025-12-13 0316 N4EXA 599 FL KE4EA 599 SC
QSO: 28062 CW 2025-12-13 0316 N4EXA 599 FL K9CW 599 IL
QSO: 28062 CW 2025-12-13 0318 N4EXA 599 FL W4SDX 599 TN
QSO: 28062 CW 2025-12-13 0318 N4EXA 599 FL ND4U 599 TN
QSO: 28062 CW 2025-12-13 0319 N4EXA 599 FL N2GC 599 NY
QSO: 28062 CW 2025-12-13 0320 N4EXA 599 FL N0XM 599 KS
QSO: 28062 CW 2025-12-13 0320 N4EXA 599 FL KS4YX 599 SC
QSO: 28062 CW 2025-12-13 0321 N4EXA 599 FL KY4DMD 599 KY
QSO: 28062 CW 2025-12-13 0321 N4EXA 599 FL K5TS 599 LA
QSO: 28062 CW 2025-12-13 0322 N4EXA 599 FL KU8E 599 GA
QSO: 28062 CW 2025-12-13 0323 N4EXA 599 FL N3AIU 599 AZ
QSO: 28062 CW 2025-12-13 0323 N4EXA 599 FL K2PS 599 FL
QSO: 28062 CW 2025-12-13 0324 N4EXA 599 FL KI5ZND 599 AR
QSO: 28062 CW 2025-12-13 0325 N4EXA 599 FL AG4WY 599 GA
QSO: 28062 CW 2025-12-13 0327 N4EXA 599 FL WI4L 599 GA
QSO: 28062 CW 2025-12-13 0327 N4EXA 599 FL NR7T 599 UT
QSO: 28062 CW 2025-12-13 0327 N4EXA 599 FL W5KI 599 AR
QSO: 28062 CW 2025-12-13 0328 N4EXA 599 FL K4AB 599 AL
QSO: 28062 CW 2025-12-13 0328 N4EXA 599 FL W0DOS 599 MO
QSO: 28062 CW 2025-12-13 0329 N4EXA 599 FL W4KRN 599 VA
QSO: 28062 CW 2025-12-13 0329 N4EXA 599 FL W4RIN 599 GA
QSO: 28062 CW 2025-12-13 0329 N4EXA 599 FL AA4NC 599 NC
QSO: 28062 CW 2025-12-13 0329 N4EXA 599 FL K5RM 599 AR
QSO: 28062 CW 2025-12-13 0330 N4EXA 599 FL WN4AFP 599 SC
QSO: 28062 CW 2025-12-13 0330 N4EXA 599 FL N0ZIB 599 MO
QSO: 28062 CW 2025-12-13 0336 N4EXA 599 FL KR5DX 599 TX
QSO: 28062 CW 2025-12-13 0338 N4EXA 599 FL K1TO 599 FL
QSO: 28062 CW 2025-12-13 0340 N4EXA 599 FL K3TS 599 PA
QSO: 28062 CW 2025-12-13 0341 N4EXA 599 FL AI5G 599 MO
QSO: 28062 CW 2025-12-13 0341 N4EXA 599 FL K5DXR 599 OK
QSO: 28062 CW 2025-12-13 0343 N4EXA 599 FL K5KG 599 FL
QSO: 28062 CW 2025-12-13 0344 N4EXA 599 FL NN7CW 599 FL
QSO: 28062 CW 2025-12-13 0345 N4EXA 599 FL K0KEX 599 MO
QSO: 28062 CW 2025-12-13 0346 N4EXA 599 FL K2SG 599 FL
QSO: 28007 CW 2025-12-13 0350 N4EXA 599 FL N4KM 599 FL
QSO: 28006 CW 2025-12-13 0350 N4EXA 599 FL KE2D 599 NJ
QSO: 28033 CW 2025-12-13 0351 N4EXA 599 FL K0XF 599 CO
QSO: 28028 CW 2025-12-13 0353 N4EXA 599 FL K3ILC 599 CO
QSO: 28017 CW 2025-12-13 0354 N4EXA 599 FL AJ9C 599 IN
QSO: 28031 CW 2025-12-13 0355 N4EXA 599 FL W0ZA 599 NE
QSO: 28018 CW 2025-12-13 0358 N4EXA 599 FL NN4N 599 FL
QSO: 28036 CW 2025-12-13 0401 N4EXA 599 FL WB4TDH 599 FL
QSO: 28036 CW 2025-12-13 0401 N4EXA 599 FL KA8G 599 OH
QSO: 28036 CW 2025-12-13 0407 N4EXA 599 FL K0KEX 599 MO
QSO: 28007 CW 2025-12-13 0410 N4EXA 599 FL K5UZ 599 AR
QSO: 28019 CW 2025-12-13 0416 N4EXA 599 FL WF4DX 599 FL
QSO: 28027 CW 2025-12-13 0419 N4EXA 599 FL KW8N 599 OH
QSO: 28019 CW 2025-12-13 0420 N4EXA 599 FL K9RS 599 DE
QSO: 28003 CW 2025-12-13 0426 N4EXA 599 FL KW8N 599 OH
QSO: 28003 CW 2025-12-13 0430 N4EXA 599 FL KE4EB 599 VA
QSO: 28003 CW 2025-12-13 0434 N4EXA 599 FL KE0IZE 599 IA
QSO: 28003 CW 2025-12-13 0437 N4EXA 599 FL KE4EB 599 VA
QSO: 28002 CW 2025-12-13 1051 N4EXA 599 FL K1LZ 599 ME
QSO: 28040 CW 2025-12-13 1103 N4EXA 599 FL E7DX 599 501
QSO: 28052 CW 2025-12-13 1122 N4EXA 599 FL G4BJM 599 230
QSO: 28036 CW 2025-12-13 1124 N4EXA 599 FL IO5O 599 253
QSO: 28029 CW 2025-12-13 1124 N4EXA 599 FL K6RO 599 ME
QSO: 28023 CW 2025-12-13 1126 N4EXA 599 FL UW5Y 599 294
QSO: 28013 CW 2025-12-13 1127 N4EXA 599 FL OM8CW 599 346
QSO: 28009 CW 2025-12-13 1128 N4EXA 599 FL EF5Y 599 498
QSO: 28010 CW 2025-12-13 1130 N4EXA 599 FL II2Q 599 392
QSO: 28026 CW 2025-12-13 1134 N4EXA 599 FL OM7M 599 440
QSO: 28028 CW 2025-12-13 1134 N4EXA 599 FL IO6T 599 423
QSO: 28033 CW 2025-12-13 1136 N4EXA 599 FL N1LN 599 NC
QSO: 28034 CW 2025-12-13 1137 N4EXA 599 FL YT3X 599 514
QSO: 28061 CW 2025-12-13 1139 N4EXA 599 FL IK3VUT 599 212
QSO: 28062 CW 2025-12-13 1142 N4EXA 599 FL YP8T 599 286
QSO: 28086 CW 2025-12-13 1149 N4EXA 599 FL 9Z4BM 599 253
QSO: 28049 CW 2025-12-13 1152 N4EXA 599 FL OK3C 599 424
QSO: 28047 CW 2025-12-13 1154 N4EXA 599 FL M0DHO 599 309
QSO: 28035 CW 2025-12-13 1157 N4EXA 599 FL DM5GG 599 055
QSO: 28032 CW 2025-12-13 1158 N4EXA 599 FL S57Q 599 295
QSO: 28030 CW 2025-12-13 1201 N4EXA 599 FL N2UR 599 MA
QSO: 28025 CW 2025-12-13 1203 N4EXA 599 FL 8P5A 599 386
QSO: 28024 CW 2025-12-13 1203 N4EXA 599 FL DL3DXX 599 019
QSO: 28023 CW 2025-12-13 1204 N4EXA 599 FL OM8A 599 105
QSO: 28023 CW 2025-12-13 1204 N4EXA 599 FL FM5BH 599 352
QSO: 28022 CW 2025-12-13 1204 N4EXA 599 FL HA5JI 599 422
QSO: 28019 CW 2025-12-13 1208 N4EXA 599 FL YU5R 599 225
QSO: 28014 CW 2025-12-13 1209 N4EXA 599 FL F8DGY 599 246
QSO: 28013 CW 2025-12-13 1209 N4EXA 599 FL HG3N 599 410
QSO: 28013 CW 2025-12-13 1210 N4EXA 599 FL LY6O 599 038
QSO: 28011 CW 2025-12-13 1211 N4EXA 599 FL YT0Z 599 475
QSO: 28010 CW 2025-12-13 1212 N4EXA 599 FL TM8O 599 422
QSO: 28008 CW 2025-12-13 1214 N4EXA 599 FL HA8FK 599 373
QSO: 28008 CW 2025-12-13 1215 N4EXA 599 FL LZ4TX 599 348
QSO: 28005 CW 2025-12-13 1216 N4EXA 599 FL 9A5Y 599 792
QSO: 28005 CW 2025-12-13 1218 N4EXA 599 FL SP1NY 599 107
QSO: 28011 CW 2025-12-13 1220 N4EXA 599 FL HB2T 599 179
QSO: 28008 CW 2025-12-13 1221 N4EXA 599 FL OT6M 599 323
QSO: 28018 CW 2025-12-13 1222 N4EXA 599 FL SV1JG 599 209
QSO: 28025 CW 2025-12-13 1223 N4EXA 599 FL MI5I 599 239
QSO: 28027 CW 2025-12-13 1226 N4EXA 599 FL EA6NB 599 040
QSO: 28029 CW 2025-12-13 1227 N4EXA 599 FL M5B 599 144
QSO: 28038 CW 2025-12-13 1228 N4EXA 599 FL S53R 599 057
QSO: 28039 CW 2025-12-13 1228 N4EXA 599 FL EA4KD 599 052
QSO: 28040 CW 2025-12-13 1229 N4EXA 599 FL IQ2VA 599 077
QSO: 28040 CW 2025-12-13 1229 N4EXA 599 FL E70Y 599 135
QSO: 28040 CW 2025-12-13 1230 N4EXA 599 FL EA5ITT 599 074
QSO: 28040 CW 2025-12-13 1230 N4EXA 599 FL PA5KT 599 077
QSO: 28040 CW 2025-12-13 1231 N4EXA 599 FL EA8BW 599 414
QSO: 28040 CW 2025-12-13 1231 N4EXA 599 FL UA6LCN 599 321
QSO: 28040 CW 2025-12-13 1232 N4EXA 599 FL DL8WN 599 044
QSO: 28040 CW 2025-12-13 1233 N4EXA 599 FL DJ9AO 599 101
QSO: 28040 CW 2025-12-13 1233 N4EXA 599 FL G3SZG 599 003
QSO: 28040 CW 2025-12-13 1234 N4EXA 599 FL YU7FY 599 050
QSO: 28040 CW 2025-12-13 1234 N4EXA 599 FL EA1X 599 225
QSO: 28040 CW 2025-12-13 1234 N4EXA 599 FL DF5EN 599 063
QSO: 28040 CW 2025-12-13 1235 N4EXA 599 FL DL1YBI 599 096
QSO: 28040 CW 2025-12-13 1235 N4EXA 599 FL UA6Y 599 060
QSO: 28040 CW 2025-12-13 1236 N4EXA 599 FL OM6AL 599 095
QSO: 28040 CW 2025-12-13 1237 N4EXA 599 FL SN7Q 599 235
QSO: 28040 CW 2025-12-13 1237 N4EXA 599 FL EU8U 599 240
QSO: 28040 CW 2025-12-13 1238 N4EXA 599 FL G4ZFE 599 128
QSO: 28040 CW 2025-12-13 1238 N4EXA 599 FL SM5LW 599 029
QSO: 28040 CW 2025-12-13 1239 N4EXA 599 FL OM3CPF 599 054
QSO: 28040 CW 2025-12-13 1239 N4EXA 599 FL US7IM 599 065
QSO: 28040 CW 2025-12-13 1240 N4EXA 599 FL YU9YAU 599 023
QSO: 28040 CW 2025-12-13 1241 N4EXA 599 FL DK9PK 599 003
QSO: 28040 CW 2025-12-13 1241 N4EXA 599 FL SV1AZL 599 131
QSO: 28040 CW 2025-12-13 1242 N4EXA 599 FL OK1XC 599 079
QSO: 28040 CW 2025-12-13 1242 N4EXA 599 FL SP9JZT 599 092
QSO: 28040 CW 2025-12-13 1243 N4EXA 599 FL RA4ACX 599 185
QSO: 28040 CW 2025-12-13 1244 N4EXA 599 FL OK1DO 599 065
QSO: 28040 CW 2025-12-13 1244 N4EXA 599 FL PC0A 599 334
QSO: 28040 CW 2025-12-13 1245 N4EXA 599 FL RZ4AG 599 226
QSO: 28040 CW 2025-12-13 1246 N4EXA 599 FL SV5DZR 599 064
QSO: 28040 CW 2025-12-13 1246 N4EXA 599 FL DJ7RL 599 021
QSO: 28040 CW 2025-12-13 1246 N4EXA 599 FL PA6AA 599 105
QSO: 28040 CW 2025-12-13 1247 N4EXA 599 FL TA6B 599 070
QSO: 28040 CW 2025-12-13 1247 N4EXA 599 FL YL2PJ 599 084
QSO: 28040 CW 2025-12-13 1248 N4EXA 599 FL YO3GEK 599 162
QSO: 28040 CW 2025-12-13 1248 N4EXA 599 FL PC1PM 599 082
QSO: 28040 CW 2025-12-13 1249 N4EXA 599 FL DL1JDQ 599 063
QSO: 28040 CW 2025-12-13 1250 N4EXA 599 FL IZ3ETC 599 067
QSO: 28040 CW 2025-12-13 1251 N4EXA 599 FL AB8DF 599 MI
QSO: 28040 CW 2025-12-13 1251 N4EXA 599 FL EV4R 599 060
QSO: 28040 CW 2025-12-13 1252 N4EXA 599 FL LY5W 599 116
QSO: 28040 CW 2025-12-13 1252 N4EXA 599 FL SP2MKI 599 050
QSO: 28040 CW 2025-12-13 1253 N4EXA 599 FL SO9C 599 040
QSO: 28040 CW 2025-12-13 1253 N4EXA 599 FL YT2RX 599 125
QSO: 28040 CW 2025-12-13 1253 N4EXA 599 FL PG6M 599 084
QSO: 28040 CW 2025-12-13 1254 N4EXA 599 FL SP3FSM 599 058
QSO: 28040 CW 2025-12-13 1254 N4EXA 599 FL F6JOE 599 011
QSO: 28040 CW 2025-12-13 1254 N4EXA 599 FL YU1YV 599 211
QSO: 28040 CW 2025-12-13 1255 N4EXA 599 FL EF7O 599 135
QSO: 28040 CW 2025-12-13 1255 N4EXA 599 FL 2E0YEM 599 079
QSO: 28040 CW 2025-12-13 1255 N4EXA 599 FL VE3DZ 599 ON
QSO: 28040 CW 2025-12-13 1255 N4EXA 599 FL LZ6W 599 048
QSO: 28040 CW 2025-12-13 1256 N4EXA 599 FL PA2W 599 021
QSO: 28040 CW 2025-12-13 1256 N4EXA 599 FL OE5TXF 599 154
QSO: 28040 CW 2025-12-13 1257 N4EXA 599 FL UA4C 599 396
QSO: 28040 CW 2025-12-13 1257 N4EXA 599 FL UT8EU 599 330
QSO: 28040 CW 2025-12-13 1258 N4EXA 599 FL UA4M 599 621
QSO: 28040 CW 2025-12-13 1258 N4EXA 599 FL UW5IM 599 117
QSO: 28040 CW 2025-12-13 1259 N4EXA 599 FL LA8OM 599 197
QSO: 28040 CW 2025-12-13 1300 N4EXA 599 FL YL2NK 599 050
QSO: 28040 CW 2025-12-13 1300 N4EXA 599 FL DL7USW/P 599 002
QSO: 28040 CW 2025-12-13 1301 N4EXA 599 FL M2A 599 166
QSO: 28040 CW 2025-12-13 1301 N4EXA 599 FL UT4WA 599 086
QSO: 28040 CW 2025-12-13 1301 N4EXA 599 FL UX1VT 599 071
QSO: 28040 CW 2025-12-13 1302 N4EXA 599 FL SN8T 599 157
QSO: 28040 CW 2025-12-13 1303 N4EXA 599 FL DL9ZP 599 073
QSO: 28040 CW 2025-12-13 1303 N4EXA 599 FL PA3DUU 599 034
QSO: 28040 CW 2025-12-13 1304 N4EXA 599 FL LZ7A 599 073
QSO: 28040 CW 2025-12-13 1305 N4EXA 599 FL F5VHY 599 102
QSO: 28040 CW 2025-12-13 1305 N4EXA 599 FL R7OV 599 064
QSO: 28040 CW 2025-12-13 1306 N4EXA 599 FL S59MA 599 043
QSO: 28040 CW 2025-12-13 1306 N4EXA 599 FL YO4FZX 599 008
QSO: 28040 CW 2025-12-13 1307 N4EXA 599 FL DK3DUA 599 009
QSO: 28040 CW 2025-12-13 1307 N4EXA 599 FL S53K 599 112
QSO: 28040 CW 2025-12-13 1307 N4EXA 599 FL OZ5W 599 244
QSO: 28040 CW 2025-12-13 1308 N4EXA 599 FL UA5R 599 211
QSO: 28040 CW 2025-12-13 1308 N4EXA 599 FL DL5ASK 599 050
QSO: 28040 CW 2025-12-13 1309 N4EXA 599 FL DL7VNG 599 055
QSO: 28040 CW 2025-12-13 1310 N4EXA 599 FL UA3LID 599 143
QSO: 28040 CW 2025-12-13 1310 N4EXA 599 FL DL7VRG 599 055
QSO: 28040 CW 2025-12-13 1311 N4EXA 599 FL YU1LA 599 085
QSO: 28040 CW 2025-12-13 1312 N4EXA 599 FL PC4Y 599 004
QSO: 28040 CW 2025-12-13 1312 N4EXA 599 FL DL2TM 599 081
QSO: 28040 CW 2025-12-13 1313 N4EXA 599 FL OG3B 599 292
QSO: 28040 CW 2025-12-13 1314 N4EXA 599 FL OH3MZ 599 087
QSO: 28040 CW 2025-12-13 1314 N4EXA 599 FL OK2HBY 599 094
QSO: 28040 CW 2025-12-13 1315 N4EXA 599 FL DJ4MH 599 131
QSO: 28040 CW 2025-12-13 1315 N4EXA 599 FL OH1TS 599 031
QSO: 28040 CW 2025-12-13 1316 N4EXA 599 FL DL2AXM 599 005
QSO: 28040 CW 2025-12-13 1317 N4EXA 599 FL SM6M 599 065
QSO: 28040 CW 2025-12-13 1317 N4EXA 599 FL G4MKR 599 125
QSO: 28040 CW 2025-12-13 1319 N4EXA 599 FL YO4NF 599 251
QSO: 28040 CW 2025-12-13 1319 N4EXA 599 FL UT3UZ 599 068
QSO: 28040 CW 2025-12-13 1320 N4EXA 599 FL R1FB 599 068
QSO: 28042 CW 2025-12-13 1321 N4EXA 599 FL E7CW 599 446
QSO: 28056 CW 2025-12-13 1323 N4EXA 599 FL CT7BJG 599 435
QSO: 28057 CW 2025-12-13 1324 N4EXA 599 FL PJ4W 599 177
QSO: 28058 CW 2025-12-13 1325 N4EXA 599 FL EU1A 599 365
QSO: 28067 CW 2025-12-13 1326 N4EXA 599 FL OH0X 599 493
QSO: 28068 CW 2025-12-13 1326 N4EXA 599 FL ES2MC 599 391
QSO: 28077 CW 2025-12-13 1327 N4EXA 599 FL IU2SZF 599 028
QSO: 28077 CW 2025-12-13 1328 N4EXA 599 FL SP6DHH 599 052
QSO: 28077 CW 2025-12-13 1328 N4EXA 599 FL K4RUM 599 NY
QSO: 28077 CW 2025-12-13 1328 N4EXA 599 FL UR5ECW 599 263
QSO: 28077 CW 2025-12-13 1329 N4EXA 599 FL EW3LN 599 092
QSO: 28077 CW 2025-12-13 1329 N4EXA 599 FL UA3QGT 599 010
QSO: 28077 CW 2025-12-13 1329 N4EXA 599 FL OK2EQ 599 104
QSO: 28077 CW 2025-12-13 1330 N4EXA 599 FL DJ2RG 599 090
QSO: 28077 CW 2025-12-13 1330 N4EXA 599 FL RA7R 599 169
QSO: 28077 CW 2025-12-13 1331 N4EXA 599 FL S56A 599 062
QSO: 28077 CW 2025-12-13 1331 N4EXA 599 FL SO6I 599 127
QSO: 28077 CW 2025-12-13 1332 N4EXA 599 FL SP2DKI 599 043
QSO: 28077 CW 2025-12-13 1332 N4EXA 599 FL OM7AG 599 049
QSO: 28077 CW 2025-12-13 1332 N4EXA 599 FL OH1WZ 599 023
QSO: 28077 CW 2025-12-13 1334 N4EXA 599 FL HG2DX 599 114
QSO: 28077 CW 2025-12-13 1334 N4EXA 599 FL EV1R 599 230
QSO: 28077 CW 2025-12-13 1334 N4EXA 599 FL 9J2BO 599 005
QSO: 28077 CW 2025-12-13 1335 N4EXA 599 FL OK7NV 599 011
QSO: 28077 CW 2025-12-13 1335 N4EXA 599 FL IK0FUX 599 146
QSO: 28077 CW 2025-12-13 1336 N4EXA 599 FL E74J 599 028
QSO: 28077 CW 2025-12-13 1337 N4EXA 599 FL SP2R 599 039
QSO: 28077 CW 2025-12-13 1337 N4EXA 599 FL WN7S 599 VA
QSO: 28077 CW 2025-12-13 1338 N4EXA 599 FL PE1PIX 599 087
QSO: 28077 CW 2025-12-13 1339 N4EXA 599 FL 4U1A 599 260
QSO: 28077 CW 2025-12-13 1340 N4EXA 599 FL G3MOT 599 103
QSO: 28077 CW 2025-12-13 1340 N4EXA 599 FL DR9Z 599 035
QSO: 28077 CW 2025-12-13 1340 N4EXA 599 FL DL4XU 599 073
QSO: 28077 CW 2025-12-13 1341 N4EXA 599 FL SN5X 599 250
QSO: 28077 CW 2025-12-13 1343 N4EXA 599 FL OK1PFM 599 029
QSO: 28330 PH 2025-12-13 1345 N4EXA 59 FL IO6T 59 659
QSO: 28311 PH 2025-12-13 1346 N4EXA 59 FL 9A2CT 59 286
QSO: 28337 PH 2025-12-13 1346 N4EXA 59 FL M6T 59 558
QSO: 28332 PH 2025-12-13 1347 N4EXA 59 FL F4GTD 59 131
QSO: 28346 PH 2025-12-13 1347 N4EXA 59 FL EA6MR 59 264
QSO: 28366 PH 2025-12-13 1348 N4EXA 59 FL HG0R 59 406
QSO: 28388 PH 2025-12-13 1348 N4EXA 59 FL DL2ARD 59 697
QSO: 28396 PH 2025-12-13 1349 N4EXA 59 FL OM7M 59 771
QSO: 28410 PH 2025-12-13 1349 N4EXA 59 FL P3X 59 1106
QSO: 28420 PH 2025-12-13 1350 N4EXA 59 FL YO2LPI 59 189
QSO: 28436 PH 2025-12-13 1350 N4EXA 59 FL EI7M 59 564
QSO: 28443 PH 2025-12-13 1351 N4EXA 59 FL PT5J 59 1128
QSO: 28438 PH 2025-12-13 1351 N4EXA 59 FL E7DX 59 979
QSO: 28740 PH 2025-12-13 1351 N4EXA 59 FL 8S8S 59 184
QSO: 28699 PH 2025-12-13 1352 N4EXA 59 FL UA7K 59 251
QSO: 28696 PH 2025-12-13 1353 N4EXA 59 FL UZ7C 59 400
QSO: 28506 PH 2025-12-13 1353 N4EXA 59 FL YT1X 59 035
QSO: 28508 PH 2025-12-13 1354 N4EXA 59 FL OT2A 59 459
QSO: 28550 PH 2025-12-13 1354 N4EXA 59 FL SV1SJJ 59 203
QSO: 28567 PH 2025-12-13 1355 N4EXA 59 FL FM8QR 59 043
QSO: 28546 PH 2025-12-13 1355 N4EXA 59 FL GM5G 59 340
QSO: 28501 PH 2025-12-13 1355 N4EXA 59 FL ED7W 59 680
QSO: 28582 PH 2025-12-13 1356 N4EXA 59 FL IS0GQX 59 159
QSO: 28580 PH 2025-12-13 1357 N4EXA 59 FL J88IH 59 273
QSO: 28663 PH 2025-12-13 1357 N4EXA 59 FL FG5GP 59 183
QSO: 28653 PH 2025-12-13 1358 N4EXA 59 FL OL26WRTC 59 190
QSO: 28677 PH 2025-12-13 1358 N4EXA 59 FL PA6G 59 141
QSO: 28590 PH 2025-12-13 1358 N4EXA 59 FL SO5D 59 189
QSO: 28480 PH 2025-12-13 1359 N4EXA 59 FL 4M5A 59 264
QSO: 28491 PH 2025-12-13 1359 N4EXA 59 FL CQ9A 59 1017
QSO: 28604 PH 2025-12-13 1400 N4EXA 59 FL CT7BOD 59 422
QSO: 28614 PH 2025-12-13 1402 N4EXA 59 FL HA4WQ 59 037
QSO: 28614 PH 2025-12-13 1402 N4EXA 59 FL F6KOP 59 038
QSO: 28614 PH 2025-12-13 1402 N4EXA 59 FL F4EQN 59 150
QSO: 28614 PH 2025-12-13 1402 N4EXA 59 FL VE9CZ 59 NB
QSO: 28614 PH 2025-12-13 1403 N4EXA 59 FL PD4V 59 021
QSO: 28614 PH 2025-12-13 1403 N4EXA 59 FL DL4TKD 59 044
QSO: 28614 PH 2025-12-13 1403 N4EXA 59 FL PC2K 59 146
QSO: 28614 PH 2025-12-13 1403 N4EXA 59 FL DJ9MC 59 014
QSO: 28614 PH 2025-12-13 1404 N4EXA 59 FL DK2AY 59 044
QSO: 28614 PH 2025-12-13 1405 N4EXA 59 FL KD3G 59 WV
QSO: 28614 PH 2025-12-13 1405 N4EXA 59 FL HA5OAF 59 026
QSO: 28614 PH 2025-12-13 1405 N4EXA 59 FL F4FIP 59 087
QSO: 28614 PH 2025-12-13 1405 N4EXA 59 FL F5OWT 59 119
QSO: 28614 PH 2025-12-13 1406 N4EXA 59 FL DF7FO 59 003
QSO: 28614 PH 2025-12-13 1406 N4EXA 59 FL IZ0CLS 59 036
QSO: 28614 PH 2025-12-13 1407 N4EXA 59 FL HA8KM 59 020
QSO: 28614 PH 2025-12-13 1407 N4EXA 59 FL D4C 59 1193
QSO: 28614 PH 2025-12-13 1407 N4EXA 59 FL YO3AK 59 092
QSO: 28614 PH 2025-12-13 1408 N4EXA 59 FL S58AT 59 033
QSO: 28614 PH 2025-12-13 1408 N4EXA 59 FL EA3JDR 59 038
QSO: 28614 PH 2025-12-13 1409 N4EXA 59 FL G5KKW 59 019
QSO: 28614 PH 2025-12-13 1410 N4EXA 59 FL HB9SHI 59 018
QSO: 28614 PH 2025-12-13 1410 N4EXA 59 FL DJ4MH 59 170
QSO: 28614 PH 2025-12-13 1410 N4EXA 59 FL HA8G 59 050
QSO: 28614 PH 2025-12-13 1411 N4EXA 59 FL M7VTG 59 012
QSO: 28614 PH 2025-12-13 1412 N4EXA 59 FL M7MPY 59 019
QSO: 28614 PH 2025-12-13 1412 N4EXA 59 FL F4MUD 59 001
QSO: 28614 PH 2025-12-13 1413 N4EXA 59 FL N3ALN 59 MD
QSO: 28614 PH 2025-12-13 1413 N4EXA 59 FL TM6M 59 549
QSO: 28614 PH 2025-12-13 1413 N4EXA 59 FL WK2M 59 NY
QSO: 28614 PH 2025-12-13 1413 N4EXA 59 FL YL3OI 59 057
QSO: 28614 PH 2025-12-13 1414 N4EXA 59 FL SO0O 59 107
QSO: 28614 PH 2025-12-13 1415 N4EXA 59 FL IP9A 59 559
QSO: 28614 PH 2025-12-13 1415 N4EXA 59 FL PA6AA 59 158
QSO: 28614 PH 2025-12-13 1415 N4EXA 59 FL DO1YFF 59 005
QSO: 28614 PH 2025-12-13 1415 N4EXA 59 FL G7FPE 59 006
QSO: 28614 PH 2025-12-13 1416 N4EXA 59 FL G0LZL 59 119
QSO: 28614 PH 2025-12-13 1416 N4EXA 59 FL OZ5FN 59 050
QSO: 28614 PH 2025-12-13 1417 N4EXA 59 FL W4SEK 59 NJ
QSO: 28614 PH 2025-12-13 1417 N4EXA 59 FL LZ5K 59 162
QSO: 28614 PH 2025-12-13 1417 N4EXA 59 FL SN7T 59 288
QSO: 28614 PH 2025-12-13 1418 N4EXA 59 FL YO2LEA 59 055
QSO: 28614 PH 2025-12-13 1418 N4EXA 59 FL IK2GAU 59 023
QSO: 28614 PH 2025-12-13 1418 N4EXA 59 FL 9A5KV 59 103
QSO: 28614 PH 2025-12-13 1419 N4EXA 59 FL S53MR 59 033
QSO: 28614 PH 2025-12-13 1419 N4EXA 59 FL WA1PQY 59 MA
QSO: 28614 PH 2025-12-13 1419 N4EXA 59 FL DC1LEX 59 040
QSO: 28614 PH 2025-12-13 1420 N4EXA 59 FL E74S 59 045
QSO: 28614 PH 2025-12-13 1420 N4EXA 59 FL PA3CGJ 59 080
QSO: 28614 PH 2025-12-13 1421 N4EXA 59 FL F5NUI 59 037
QSO: 28614 PH 2025-12-13 1421 N4EXA 59 FL SV3RPQ 59 420
QSO: 28614 PH 2025-12-13 1421 N4EXA 59 FL GM4GAZ/M 59 023
QSO: 28614 PH 2025-12-13 1422 N4EXA 59 FL SV1SSK 59 121
QSO: 28614 PH 2025-12-13 1422 N4EXA 59 FL DG8DP 59 037
QSO: 28614 PH 2025-12-13 1423 N4EXA 59 FL PD2RSW 59 066
QSO: 28614 PH 2025-12-13 1423 N4EXA 59 FL DO7LT 59 033
QSO: 28614 PH 2025-12-13 1423 N4EXA 59 FL SQ2HZ 59 009
QSO: 28614 PH 2025-12-13 1424 N4EXA 59 FL EA1FSG 59 096
QSO: 28614 PH 2025-12-13 1425 N4EXA 59 FL PD7EB 59 067
QSO: 28614 PH 2025-12-13 1425 N4EXA 59 FL NQ9A 59 WI
QSO: 28614 PH 2025-12-13 1426 N4EXA 59 FL F8FKI 59 283
QSO: 28614 PH 2025-12-13 1426 N4EXA 59 FL DL4FDB 59 009
QSO: 28614 PH 2025-12-13 1427 N4EXA 59 FL I4VOS 59 017
QSO: 28614 PH 2025-12-13 1427 N4EXA 59 FL DG0OBU 59 015
QSO: 28614 PH 2025-12-13 1427 N4EXA 59 FL TA7OYG 59 107
QSO: 28614 PH 2025-12-13 1428 N4EXA 59 FL DF8QB 59 072
QSO: 28614 PH 2025-12-13 1428 N4EXA 59 FL N9XO 59 IL
QSO: 28614 PH 2025-12-13 1429 N4EXA 59 FL SV5DKR 59 013
QSO: 28614 PH 2025-12-13 1430 N4EXA 59 FL DG3RAP 59 007
QSO: 28614 PH 2025-12-13 1432 N4EXA 59 FL G4MFU 59 008
QSO: 28614 PH 2025-12-13 1432 N4EXA 59 FL G4ACS 59 024
QSO: 28614 PH 2025-12-13 1432 N4EXA 59 FL ON3AR 59 042
QSO: 28614 PH 2025-12-13 1432 N4EXA 59 FL DL2LBK 59 075
QSO: 28614 PH 2025-12-13 1434 N4EXA 59 FL HB3HUP 59 026
QSO: 28614 PH 2025-12-13 1434 N4EXA 59 FL DC7DX 59 022
QSO: 28614 PH 2025-12-13 1435 N4EXA 59 FL F1PNJ 59 031
QSO: 28614 PH 2025-12-13 1435 N4EXA 59 FL LX1FP 59 030
QSO: 28614 PH 2025-12-13 1435 N4EXA 59 FL M1T 59 133
QSO: 28614 PH 2025-12-13 1435 N4EXA 59 FL VE3WMI 59 ON
QSO: 28614 PH 2025-12-13 1436 N4EXA 59 FL DF4JV 59 004
QSO: 28614 PH 2025-12-13 1437 N4EXA 59 FL PE1EWR 59 023
QSO: 28614 PH 2025-12-13 1437 N4EXA 59 FL PD1JT 59 082
QSO: 28614 PH 2025-12-13 1438 N4EXA 59 FL VE9ML 59 NB
QSO: 28614 PH 2025-12-13 1438 N4EXA 59 FL MI0AYR 59 002
QSO: 28614 PH 2025-12-13 1438 N4EXA 59 FL G0ILO 59 065
QSO: 28614 PH 2025-12-13 1440 N4EXA 59 FL DK2BO 59 004
QSO: 28614 PH 2025-12-13 1440 N4EXA 59 FL SP8XXN 59 086
QSO: 28614 PH 2025-12-13 1440 N4EXA 59 FL HA2RJ 59 074
QSO: 28614 PH 2025-12-13 1441 N4EXA 59 FL OK2BQZ 59 020
QSO: 28614 PH 2025-12-13 1441 N4EXA 59 FL II2XMAS 59 001
QSO: 28614 PH 2025-12-13 1441 N4EXA 59 FL 5B4XF 59 003
QSO: 28614 PH 2025-12-13 1441 N4EXA 59 FL EA4HRU 59 023
QSO: 28614 PH 2025-12-13 1442 N4EXA 59 FL OK2PWX 59 077
QSO: 28614 PH 2025-12-13 1442 N4EXA 59 FL PD2WL 59 027
QSO: 28614 PH 2025-12-13 1442 N4EXA 59 FL KE3UY 59 DE
QSO: 28614 PH 2025-12-13 1442 N4EXA 59 FL EI8CE 59 192
QSO: 28614 PH 2025-12-13 1442 N4EXA 59 FL M1AQR 59 035
QSO: 28614 PH 2025-12-13 1443 N4EXA 59 FL NW8U 59 WV
QSO: 28614 PH 2025-12-13 1443 N4EXA 59 FL PD0MGX 59 052
QSO: 28614 PH 2025-12-13 1443 N4EXA 59 FL TM5B 59 083
QSO: 28614 PH 2025-12-13 1443 N4EXA 59 FL DC1AT 59 010
QSO: 28614 PH 2025-12-13 1444 N4EXA 59 FL K4CGY 59 VA
QSO: 28614 PH 2025-12-13 1444 N4EXA 59 FL HA5TU 59 027
QSO: 28614 PH 2025-12-13 1444 N4EXA 59 FL PD5LDB 59 020
QSO: 28614 PH 2025-12-13 1445 N4EXA 59 FL TI5FSP 59 010
QSO: 28614 PH 2025-12-13 1445 N4EXA 59 FL DO1UTE 59 096
QSO: 28614 PH 2025-12-13 1446 N4EXA 59 FL F6DRP 59 032
QSO: 28614 PH 2025-12-13 1446 N4EXA 59 FL S53ZO 59 052
QSO: 28614 PH 2025-12-13 1447 N4EXA 59 FL G2X 59 119
QSO: 28614 PH 2025-12-13 1447 N4EXA 59 FL G4TBQ 59 011
QSO: 28614 PH 2025-12-13 1448 N4EXA 59 FL DO2SGW 59 002
QSO: 28614 PH 2025-12-13 1448 N4EXA 59 FL PD0DEF 59 008
QSO: 28614 PH 2025-12-13 1449 N4EXA 59 FL M7FTM 59 121
QSO: 28614 PH 2025-12-13 1449 N4EXA 59 FL OK2BRX 59 082
QSO: 28614 PH 2025-12-13 1449 N4EXA 59 FL CT2IMG 59 308
QSO: 28614 PH 2025-12-13 1449 N4EXA 59 FL MM7JNT 59 068
QSO: 28614 PH 2025-12-13 1450 N4EXA 59 FL OK2JF 59 013
QSO: 28614 PH 2025-12-13 1450 N4EXA 59 FL HG6K 59 102
QSO: 28614 PH 2025-12-13 1450 N4EXA 59 FL M9OTT 59 041
QSO: 28614 PH 2025-12-13 1450 N4EXA 59 FL F4VPL 59 008
QSO: 28614 PH 2025-12-13 1451 N4EXA 59 FL M7ANI 59 025
QSO: 28614 PH 2025-12-13 1451 N4EXA 59 FL HB9DSP 59 069
QSO: 28614 PH 2025-12-13 1451 N4EXA 59 FL VE1RPX 59 NS
QSO: 28614 PH 2025-12-13 1451 N4EXA 59 FL M7YLO 59 009
QSO: 28614 PH 2025-12-13 1451 N4EXA 59 FL IK8EQG 59 037
QSO: 28614 PH 2025-12-13 1452 N4EXA 59 FL KD3BEL 59 DE
QSO: 28614 PH 2025-12-13 1452 N4EXA 59 FL 8S0C 59 210
QSO: 28614 PH 2025-12-13 1453 N4EXA 59 FL M0TTQ 59 134
QSO: 28614 PH 2025-12-13 1453 N4EXA 59 FL F4MMH 59 037
QSO: 28614 PH 2025-12-13 1453 N4EXA 59 FL DO8BW 59 002
QSO: 28614 PH 2025-12-13 1454 N4EXA 59 FL F4EIK 59 006
QSO: 28614 PH 2025-12-13 1454 N4EXA 59 FL DL2FQ 59 156
QSO: 28614 PH 2025-12-13 1455 N4EXA 59 FL IZ2DVI 59 122
QSO: 28614 PH 2025-12-13 1455 N4EXA 59 FL DL3LAB 59 119
QSO: 28614 PH 2025-12-13 1455 N4EXA 59 FL ON4AUP 59 018
QSO: 28614 PH 2025-12-13 1455 N4EXA 59 FL EA3KT 59 092
QSO: 28614 PH 2025-12-13 1456 N4EXA 59 FL EA4DE 59 023
QSO: 28614 PH 2025-12-13 1457 N4EXA 59 FL IT9RGY 59 383
QSO: 28614 PH 2025-12-13 1457 N4EXA 59 FL N1PGA 59 MA
QSO: 28614 PH 2025-12-13 1458 N4EXA 59 FL DL3SBI 59 092
QSO: 28614 PH 2025-12-13 1458 N4EXA 59 FL DK5DS 59 005
QSO: 28614 PH 2025-12-13 1458 N4EXA 59 FL M0TZM 59 129
QSO: 28614 PH 2025-12-13 1459 N4EXA 59 FL F4FRG 59 136
QSO: 28614 PH 2025-12-13 1459 N4EXA 59 FL HB9DDS 59 002
QSO: 28614 PH 2025-12-13 1459 N4EXA 59 FL PD1TV 59 085
QSO: 28614 PH 2025-12-13 1459 N4EXA 59 FL IP3G 59 262
QSO: 28614 PH 2025-12-13 1500 N4EXA 59 FL W2NTN 59 NJ
QSO: 28614 PH 2025-12-13 1501 N4EXA 59 FL EA7LHS 59 009
QSO: 28614 PH 2025-12-13 1502 N4EXA 59 FL N2GXJ 59 NJ
QSO: 28614 PH 2025-12-13 1502 N4EXA 59 FL IK1XPK 59 018
QSO: 28614 PH 2025-12-13 1502 N4EXA 59 FL DG5MLA 59 016
QSO: 28614 PH 2025-12-13 1502 N4EXA 59 FL IK3SSJ 59 041
QSO: 28614 PH 2025-12-13 1502 N4EXA 59 FL G1OVK 59 078
QSO: 28614 PH 2025-12-13 1503 N4EXA 59 FL SG0X 59 031
QSO: 28614 PH 2025-12-13 1503 N4EXA 59 FL IW7EGQ 59 133
QSO: 28614 PH 2025-12-13 1503 N4EXA 59 FL DF5GZ 59 104
QSO: 28614 PH 2025-12-13 1504 N4EXA 59 FL YU7KP 59 105
QSO: 28614 PH 2025-12-13 1505 N4EXA 59 FL YT1P 59 083
QSO: 28614 PH 2025-12-13 1505 N4EXA 59 FL EE7R 59 314
QSO: 28614 PH 2025-12-13 1506 N4EXA 59 FL SK6AW 59 137
QSO: 28614 PH 2025-12-13 1507 N4EXA 59 FL F5PAL 59 211
QSO: 28614 PH 2025-12-13 1507 N4EXA 59 FL DR7B 59 348
QSO: 28614 PH 2025-12-13 1508 N4EXA 59 FL OE8DLE 59 001
QSO: 28614 PH 2025-12-13 1508 N4EXA 59 FL F4HWS 59 056
QSO: 28614 PH 2025-12-13 1508 N4EXA 59 FL PA1BK 59 024
QSO: 28614 PH 2025-12-13 1509 N4EXA 59 FL DL6HBQ 59 025
QSO: 28614 PH 2025-12-13 1509 N4EXA 59 FL PD4CW 59 032
QSO: 28614 PH 2025-12-13 1509 N4EXA 59 FL PD7DVA 59 010
QSO: 28614 PH 2025-12-13 1510 N4EXA 59 FL DL9UW 59 023
QSO: 28614 PH 2025-12-13 1510 N4EXA 59 FL IU2SZF 59 084
QSO: 28614 PH 2025-12-13 1510 N4EXA 59 FL 9A1CBM 59 398
QSO: 28614 PH 2025-12-13 1512 N4EXA 59 FL F4JHQ 59 120
QSO: 28614 PH 2025-12-13 1512 N4EXA 59 FL ON5RZ 59 036
QSO: 28614 PH 2025-12-13 1513 N4EXA 59 FL F5MLJ 59 127
QSO: 28614 PH 2025-12-13 1514 N4EXA 59 FL F1ROA 59 068
QSO: 28614 PH 2025-12-13 1514 N4EXA 59 FL N3NTJ 59 PA
QSO: 28614 PH 2025-12-13 1515 N4EXA 59 FL M0MCV 59 106
QSO: 28614 PH 2025-12-13 1516 N4EXA 59 FL DL4SKH 59 017
QSO: 28514 PH 2025-12-13 1518 N4EXA 59 FL MW0YVK 59 148
QSO: 28496 PH 2025-12-13 1519 N4EXA 59 FL VP2MAA 59 415
QSO: 28619 PH 2025-12-13 1519 N4EXA 59 FL TI1I 59 079
QSO: 28660 PH 2025-12-13 1519 N4EXA 59 FL CA6SNT 59 244
QSO: 28463 PH 2025-12-13 1520 N4EXA 59 FL HK3EA 59 186
QSO: 28344 PH 2025-12-13 1521 N4EXA 59 FL EU1A 59 514
QSO: 28105 CW 2025-12-13 1522 N4EXA 599 FL PJ2T 599 908
QSO: 28499 PH 2025-12-13 1523 N4EXA 59 FL HP1XV 59 415
QSO: 28555 PH 2025-12-13 1523 N4EXA 59 FL YN9H 59 016
QSO: 28457 PH 2025-12-13 1524 N4EXA 59 FL CN8PA 59 388
QSO: 28451 PH 2025-12-13 1524 N4EXA 59 FL CX2TQ 59 292
QSO: 28088 CW 2025-12-13 1525 N4EXA 599 FL KP2M 599 602
QSO: 28081 CW 2025-12-13 1525 N4EXA 599 FL LX1NO 599 404
QSO: 28067 CW 2025-12-13 1525 N4EXA 599 FL MW2I 599 387
QSO: 28057 CW 2025-12-13 1526 N4EXA 599 FL TI8X 599 501
QSO: 28020 CW 2025-12-13 1527 N4EXA 599 FL FY5KE 599 1190
QSO: 28011 CW 2025-12-13 1527 N4EXA 599 FL CW5W 599 1152
QSO: 28009 CW 2025-12-13 1528 N4EXA 599 FL P3X 599 1338
QSO: 28053 CW 2025-12-13 1528 N4EXA 599 FL VY2TT 599 PE
QSO: 28022 CW 2025-12-13 1528 N4EXA 599 FL VA2WA 599 QC
QSO: 28058 CW 2025-12-13 1529 N4EXA 599 FL VA1EET 599 NS
QSO: 28355 PH 2025-12-13 1529 N4EXA 59 FL VA2SJ 59 QC
QSO: 28473 PH 2025-12-13 1530 N4EXA 59 FL VY2OM 59 PE
QSO: 28003 CW 2025-12-13 1531 N4EXA 599 FL NP3A 599 629
QSO: 28039 CW 2025-12-13 1532 N4EXA 599 FL GM3YOR 599 122
QSO: 28009 CW 2025-12-13 1532 N4EXA 599 FL HK1NA 599 848
QSO: 28039 CW 2025-12-13 1532 N4EXA 599 FL ZW8T 599 200
QSO: 28605 PH 2025-12-13 1533 N4EXA 59 FL KW7MM 59 AZ
QSO: 28043 CW 2025-12-13 1534 N4EXA 599 FL N9RV 599 MT
QSO: 28114 CW 2025-12-13 1536 N4EXA 599 FL TF3EO 599 314
QSO: 28442 PH 2025-12-13 1537 N4EXA 59 FL KP4WW 59 602
QSO: 28005 CW 2025-12-13 1538 N4EXA 599 FL S58M 599 149
QSO: 28405 PH 2025-12-13 1539 N4EXA 59 FL HC2PY 59 320
QSO: 28099 CW 2025-12-13 1542 N4EXA 599 FL IW3IFJ 599 090
QSO: 28099 CW 2025-12-13 1543 N4EXA 599 FL GW4W 599 109
QSO: 28099 CW 2025-12-13 1543 N4EXA 599 FL EI2S 599 1046
QSO: 28099 CW 2025-12-13 1544 N4EXA 599 FL DL2NBY 599 496
QSO: 28099 CW 2025-12-13 1544 N4EXA 599 FL YL2VW 599 244
QSO: 28099 CW 2025-12-13 1545 N4EXA 599 FL DL1QW 599 282
QSO: 28099 CW 2025-12-13 1546 N4EXA 599 FL ON5WL 599 042
QSO: 28099 CW 2025-12-13 1547 N4EXA 599 FL DK7XX 599 179
QSO: 28099 CW 2025-12-13 1548 N4EXA 599 FL K1HTJ 599 VT
QSO: 28099 CW 2025-12-13 1549 N4EXA 599 FL SV1CEI 599 045
QSO: 28099 CW 2025-12-13 1549 N4EXA 599 FL HB9AFH 599 044
QSO: 28099 CW 2025-12-13 1550 N4EXA 599 FL G4FKA 599 038
QSO: 28099 CW 2025-12-13 1551 N4EXA 599 FL HA7I 599 458
QSO: 28099 CW 2025-12-13 1551 N4EXA 599 FL LA6IHA 599 119
QSO: 28099 CW 2025-12-13 1551 N4EXA 599 FL KC7V 599 AZ
QSO: 28099 CW 2025-12-13 1552 N4EXA 599 FL VE3QO 599 ON
QSO: 28099 CW 2025-12-13 1553 N4EXA 599 FL OK1AYU 599 008
QSO: 28099 CW 2025-12-13 1553 N4EXA 599 FL OM3GI 599 137
QSO: 28099 CW 2025-12-13 1554 N4EXA 599 FL SP2EWQ 599 288
QSO: 28099 CW 2025-12-13 1554 N4EXA 599 FL EA7OR 599 142
QSO: 28099 CW 2025-12-13 1555 N4EXA 599 FL OK4RQ 599 177
QSO: 28099 CW 2025-12-13 1556 N4EXA 599 FL LZ1NK 599 661
QSO: 28099 CW 2025-12-13 1556 N4EXA 599 FL KG1V 599 NH
QSO: 28099 CW 2025-12-13 1556 N4EXA 599 FL 9A5E 599 053
QSO: 28099 CW 2025-12-13 1557 N4EXA 599 FL HA0SA 599 221
QSO: 28099 CW 2025-12-13 1558 N4EXA 599 FL EA1TG 599 034
QSO: 28099 CW 2025-12-13 1558 N4EXA 599 FL DJ1XT 599 089
QSO: 28099 CW 2025-12-13 1559 N4EXA 599 FL SP2QCW 599 047
QSO: 28099 CW 2025-12-13 1600 N4EXA 599 FL DL7LX 599 112
QSO: 28099 CW 2025-12-13 1600 N4EXA 599 FL W0ETT 599 CO
QSO: 28099 CW 2025-12-13 1601 N4EXA 599 FL OH1NA 599 276
QSO: 28099 CW 2025-12-13 1602 N4EXA 599 FL G4BUE 599 042
QSO: 28099 CW 2025-12-13 1602 N4EXA 599 FL EA3NO 599 337
QSO: 28099 CW 2025-12-13 1604 N4EXA 599 FL F5IDJ 599 083
QSO: 28099 CW 2025-12-13 1604 N4EXA 599 FL G3YMC 599 136
QSO: 28099 CW 2025-12-13 1605 N4EXA 599 FL OK1OA 599 153
QSO: 28099 CW 2025-12-13 1608 N4EXA 599 FL AI2U 599 NY
QSO: 28099 CW 2025-12-13 1608 N4EXA 599 FL EA4EPY 599 154
QSO: 28099 CW 2025-12-13 1609 N4EXA 599 FL YL0YOTA 599 468
QSO: 28099 CW 2025-12-13 1610 N4EXA 599 FL F1MLN 599 019
QSO: 28099 CW 2025-12-13 1610 N4EXA 599 FL DL2026CT 599 061
QSO: 28099 CW 2025-12-13 1611 N4EXA 599 FL OH2KI 599 024
QSO: 28099 CW 2025-12-13 1611 N4EXA 599 FL DL1ROT 599 081
QSO: 28099 CW 2025-12-13 1612 N4EXA 599 FL KB9S 599 WI
QSO: 28099 CW 2025-12-13 1612 N4EXA 599 FL 9A2CT 599 486
QSO: 28099 CW 2025-12-13 1613 N4EXA 599 FL OK1FCA 599 040
QSO: 28099 CW 2025-12-13 1613 N4EXA 599 FL W1WIM 599 MA
QSO: 28099 CW 2025-12-13 1614 N4EXA 599 FL K5XU 599 MS
QSO: 28099 CW 2025-12-13 1614 N4EXA 599 FL F5VV 599 236
QSO: 28099 CW 2025-12-13 1615 N4EXA 599 FL N5XE 599 OK
QSO: 28099 CW 2025-12-13 1615 N4EXA 599 FL KS4EHL 599 FL
QSO: 28099 CW 2025-12-13 1615 N4EXA 599 FL KQ7I 599 OR
QSO: 28099 CW 2025-12-13 1616 N4EXA 599 FL AA2A 599 MA
QSO: 28099 CW 2025-12-13 1616 N4EXA 599 FL K0EA 599 MN
QSO: 28099 CW 2025-12-13 1617 N4EXA 599 FL PA4AO 599 037
QSO: 28099 CW 2025-12-13 1618 N4EXA 599 FL VA7MG 599 BC
QSO: 28099 CW 2025-12-13 1618 N4EXA 599 FL PA4PA 599 144
QSO: 28099 CW 2025-12-13 1619 N4EXA 599 FL OK2PVG 599 078
QSO: 28099 CW 2025-12-13 1619 N4EXA 599 FL OH1CH 599 061
QSO: 28099 CW 2025-12-13 1621 N4EXA 599 FL SF0A 599 115
QSO: 28099 CW 2025-12-13 1621 N4EXA 599 FL YR8R 599 212
QSO: 28099 CW 2025-12-13 1622 N4EXA 599 FL NK2Y 599 NY
QSO: 28099 CW 2025-12-13 1623 N4EXA 599 FL SP2FAP 599 101
QSO: 28099 CW 2025-12-13 1623 N4EXA 599 FL 4X1MM 599 926
QSO: 28099 CW 2025-12-13 1624 N4EXA 599 FL W0YBS 599 CO
QSO: 28099 CW 2025-12-13 1624 N4EXA 599 FL WA2AEY 599 NY
QSO: 28099 CW 2025-12-13 1625 N4EXA 599 FL G3RWF 599 137
QSO: 28099 CW 2025-12-13 1625 N4EXA 599 FL DJ4MX 599 038
QSO: 28099 CW 2025-12-13 1625 N4EXA 599 FL K9WO 599 WI
QSO: 28099 CW 2025-12-13 1627 N4EXA 599 FL DL3DRN 599 122
QSO: 28099 CW 2025-12-13 1627 N4EXA 599 FL IT9SSI 599 016
QSO: 28099 CW 2025-12-13 1628 N4EXA 599 FL ON6NL 599 290
QSO: 28099 CW 2025-12-13 1628 N4EXA 599 FL F5OQK 599 180
QSO: 28099 CW 2025-12-13 1630 N4EXA 599 FL DJ3GE 599 017
QSO: 28099 CW 2025-12-13 1631 N4EXA 599 FL W1OP 599 RI
QSO: 28099 CW 2025-12-13 1632 N4EXA 599 FL MM7IFX 599 009
QSO: 28099 CW 2025-12-13 1632 N4EXA 599 FL K8MR 599 FL
QSO: 28099 CW 2025-12-13 1632 N4EXA 599 FL F5PHW 599 175
QSO: 28099 CW 2025-12-13 1633 N4EXA 599 FL DK3WW 599 250
QSO: 28099 CW 2025-12-13 1633 N4EXA 599 FL YR8I 599 501
QSO: 28099 CW 2025-12-13 1633 N4EXA 599 FL W5XX 599 MS
QSO: 28099 CW 2025-12-13 1634 N4EXA 599 FL S52A 599 171
QSO: 28099 CW 2025-12-13 1635 N4EXA 599 FL K4ORD 599 VA
QSO: 28099 CW 2025-12-13 1635 N4EXA 599 FL N2JJ 599 NY
QSO: 28099 CW 2025-12-13 1635 N4EXA 599 FL W9FFA 599 IN
QSO: 28099 CW 2025-12-13 1636 N4EXA 599 FL F5JU 599 109
QSO: 28099 CW 2025-12-13 1636 N4EXA 599 FL N1CEO 599 MA
QSO: 28099 CW 2025-12-13 1636 N4EXA 599 FL LA3BPA 599 183
QSO: 28099 CW 2025-12-13 1637 N4EXA 599 FL W1ARY 599 CT
QSO: 28099 CW 2025-12-13 1637 N4EXA 599 FL IC8FBU 599 234
QSO: 28099 CW 2025-12-13 1637 N4EXA 599 FL EF5Q 599 253
QSO: 28099 CW 2025-12-13 1638 N4EXA 599 FL VA2IW 599 QC
QSO: 28099 CW 2025-12-13 1638 N4EXA 599 FL 9A5D 599 761
QSO: 28099 CW 2025-12-13 1639 N4EXA 599 FL SP4JFR 599 172
QSO: 28099 CW 2025-12-13 1639 N4EXA 599 FL OM2X 599 657
QSO: 28099 CW 2025-12-13 1640 N4EXA 599 FL DL4FAY 599 381
QSO: 28099 CW 2025-12-13 1641 N4EXA 599 FL SM5GLC 599 052
QSO: 28099 CW 2025-12-13 1642 N4EXA 599 FL WB2CPU 599 MA
QSO: 28099 CW 2025-12-13 1642 N4EXA 599 FL VE2/UR7QC 599 QC
QSO: 28099 CW 2025-12-13 1643 N4EXA 599 FL EI4II 599 055
QSO: 28099 CW 2025-12-13 1643 N4EXA 599 FL SN1T 599 285
QSO: 28099 CW 2025-12-13 1644 N4EXA 599 FL EA3CWT 599 111
QSO: 28099 CW 2025-12-13 1645 N4EXA 599 FL EA4M 599 083
QSO: 28099 CW 2025-12-13 1645 N4EXA 599 FL OL7D 599 441
QSO: 28099 CW 2025-12-13 1646 N4EXA 599 FL WE0Q 599 MN
QSO: 28099 CW 2025-12-13 1646 N4EXA 599 FL KQ1P 599 ME
QSO: 28099 CW 2025-12-13 1647 N4EXA 599 FL PY3IP 599 019
QSO: 28099 CW 2025-12-13 1647 N4EXA 599 FL N0TJN 599 MN
QSO: 28099 CW 2025-12-13 1647 N4EXA 599 FL DL1RNW 599 197
QSO: 28099 CW 2025-12-13 1648 N4EXA 599 FL F9CI 599 072
QSO: 28099 CW 2025-12-13 1648 N4EXA 599 FL SF1Z 599 196
QSO: 28099 CW 2025-12-13 1649 N4EXA 599 FL K0AD 599 MN
QSO: 28099 CW 2025-12-13 1650 N4EXA 599 FL EA3OH 599 105
QSO: 28099 CW 2025-12-13 1650 N4EXA 599 FL NO2D 599 CO
QSO: 28099 CW 2025-12-13 1651 N4EXA 599 FL DL5RMH 599 326
QSO: 28099 CW 2025-12-13 1652 N4EXA 599 FL NZ4N 599 NC
QSO: 28099 CW 2025-12-13 1652 N4EXA 599 FL WB9PRG 599 AZ
QSO: 28099 CW 2025-12-13 1653 N4EXA 599 FL N2RI 599 NY
QSO: 28099 CW 2025-12-13 1653 N4EXA 599 FL LA5LJA 599 116
QSO: 28099 CW 2025-12-13 1653 N4EXA 599 FL W6FB 599 CA
QSO: 28099 CW 2025-12-13 1654 N4EXA 599 FL SP7CF 599 018
QSO: 28099 CW 2025-12-13 1655 N4EXA 599 FL R2FG 599 544
QSO: 28099 CW 2025-12-13 1655 N4EXA 599 FL KC0V 599 CO
QSO: 28099 CW 2025-12-13 1656 N4EXA 599 FL W6TED 599 CA
QSO: 28099 CW 2025-12-13 1656 N4EXA 599 FL LB1UK 599 097
QSO: 28099 CW 2025-12-13 1656 N4EXA 599 FL KM4HI 599 FL
QSO: 28099 CW 2025-12-13 1657 N4EXA 599 FL DO7IW 599 054
QSO: 28099 CW 2025-12-13 1658 N4EXA 599 FL VE3TM 599 ON
QSO: 28099 CW 2025-12-13 1658 N4EXA 599 FL OK1KF 599 045
QSO: 28099 CW 2025-12-13 1658 N4EXA 599 FL W0PB 599 IA
QSO: 28099 CW 2025-12-13 1659 N4EXA 599 FL K6KM 599 CA
QSO: 28099 CW 2025-12-13 1700 N4EXA 599 FL PA0O 599 339
QSO: 28099 CW 2025-12-13 1700 N4EXA 599 FL K1RIF 599 MA
QSO: 28099 CW 2025-12-13 1701 N4EXA 599 FL DH8WE 599 059
QSO: 28099 CW 2025-12-13 1701 N4EXA 599 FL PA3AAV 599 545
QSO: 28099 CW 2025-12-13 1702 N4EXA 599 FL K7WP 599 AZ
QSO: 28099 CW 2025-12-13 1702 N4EXA 599 FL DK3AX 599 037
QSO: 28099 CW 2025-12-13 1702 N4EXA 599 FL PA3I 599 015
QSO: 28099 CW 2025-12-13 1702 N4EXA 599 FL N1NN 599 MA
QSO: 28099 CW 2025-12-13 1703 N4EXA 599 FL DL8TG 599 079
QSO: 28099 CW 2025-12-13 1703 N4EXA 599 FL G3RKF 599 077
QSO: 28099 CW 2025-12-13 1703 N4EXA 599 FL KV0I 599 NE
QSO: 28099 CW 2025-12-13 1704 N4EXA 599 FL PY3TR 599 057
QSO: 28099 CW 2025-12-13 1704 N4EXA 599 FL KW7Q 599 CO
QSO: 28099 CW 2025-12-13 1706 N4EXA 599 FL VA6WWW 599 AB
QSO: 28099 CW 2025-12-13 1706 N4EXA 599 FL CX2AM 599 053
QSO: 28099 CW 2025-12-13 1706 N4EXA 599 FL DL1EFW 599 076
QSO: 28099 CW 2025-12-13 1707 N4EXA 599 FL OK7PN 599 091
QSO: 28099 CW 2025-12-13 1707 N4EXA 599 FL W0ELT 599 WI
QSO: 28099 CW 2025-12-13 1707 N4EXA 599 FL G3SWH 599 323
QSO: 28099 CW 2025-12-13 1708 N4EXA 599 FL SN3C 599 738
QSO: 28099 CW 2025-12-13 1708 N4EXA 599 FL PX1C 599 032
QSO: 28099 CW 2025-12-13 1708 N4EXA 599 FL K6NR 599 AZ
QSO: 28099 CW 2025-12-13 1708 N4EXA 599 FL VA3FH 599 ON
QSO: 28099 CW 2025-12-13 1709 N4EXA 599 FL W1FJ 599 MA
QSO: 28099 CW 2025-12-13 1709 N4EXA 599 FL SN5R 599 081
QSO: 28099 CW 2025-12-13 1710 N4EXA 599 FL EA7Q 599 070
QSO: 28099 CW 2025-12-13 1710 N4EXA 599 FL SN1F 599 098
QSO: 28099 CW 2025-12-13 1710 N4EXA 599 FL PA5WT 599 473
QSO: 28099 CW 2025-12-13 1711 N4EXA 599 FL N7CW 599 AZ
QSO: 28099 CW 2025-12-13 1711 N4EXA 599 FL DL5IAH 599 102
QSO: 28099 CW 2025-12-13 1712 N4EXA 599 FL W6TK 599 OR
QSO: 28099 CW 2025-12-13 1712 N4EXA 599 FL N7UVH 599 ID
QSO: 28099 CW 2025-12-13 1713 N4EXA 599 FL K0CN 599 MN
QSO: 28099 CW 2025-12-13 1713 N4EXA 599 FL I1GXV 599 068
QSO: 28099 CW 2025-12-13 1714 N4EXA 599 FL W2GDJ 599 NY
QSO: 28099 CW 2025-12-13 1714 N4EXA 599 FL G3T 599 076
QSO: 28099 CW 2025-12-13 1715 N4EXA 599 FL W7UT 599 SD
QSO: 28099 CW 2025-12-13 1715 N4EXA 599 FL WB2WFJ 599 VT
QSO: 28099 CW 2025-12-13 1715 N4EXA 599 FL OK1PI 599 294
QSO: 28099 CW 2025-12-13 1716 N4EXA 599 FL KJ0I 599 CO
QSO: 28099 CW 2025-12-13 1716 N4EXA 599 FL YQ8T 599 785
QSO: 28099 CW 2025-12-13 1716 N4EXA 599 FL PD8L 599 018
QSO: 28099 CW 2025-12-13 1716 N4EXA 599 FL VA7OO 599 BC
QSO: 28099 CW 2025-12-13 1717 N4EXA 599 FL PH3BDJ 599 035
QSO: 28099 CW 2025-12-13 1717 N4EXA 599 FL WT8P 599 WA
QSO: 28099 CW 2025-12-13 1718 N4EXA 599 FL K7CW 599 WA
QSO: 28099 CW 2025-12-13 1718 N4EXA 599 FL K5QQ 599 MO
QSO: 28099 CW 2025-12-13 1719 N4EXA 599 FL IK2AIT 599 022
QSO: 28099 CW 2025-12-13 1719 N4EXA 599 FL ON9TT 599 029
QSO: 28099 CW 2025-12-13 1719 N4EXA 599 FL KD7H 599 WA
QSO: 28099 CW 2025-12-13 1720 N4EXA 599 FL AD1C 599 CO
QSO: 28099 CW 2025-12-13 1721 N4EXA 599 FL G0LZL 599 191
QSO: 28099 CW 2025-12-13 1721 N4EXA 599 FL KI5GTR 599 AR
QSO: 28099 CW 2025-12-13 1722 N4EXA 599 FL K0JJR 599 MN
QSO: 28099 CW 2025-12-13 1723 N4EXA 599 FL N1IBM 599 VT
QSO: 28099 CW 2025-12-13 1723 N4EXA 599 FL W7GF 599 OR
QSO: 28099 CW 2025-12-13 1723 N4EXA 599 FL IW2JBB 599 016
QSO: 28099 CW 2025-12-13 1724 N4EXA 599 FL NN7O 599 OR
QSO: 28099 CW 2025-12-13 1725 N4EXA 599 FL W2SKI 599 TX
QSO: 28099 CW 2025-12-13 1726 N4EXA 599 FL DL0BQ 599 381
QSO: 28099 CW 2025-12-13 1726 N4EXA 599 FL WA7G 599 CA
QSO: 28099 CW 2025-12-13 1726 N4EXA 599 FL VA3SP 599 ON
QSO: 28099 CW 2025-12-13 1728 N4EXA 599 FL F8FTY 599 235
QSO: 28099 CW 2025-12-13 1728 N4EXA 599 FL AB1J 599 MA
QSO: 28099 CW 2025-12-13 1729 N4EXA 599 FL WJ1U 599 NH
QSO: 28099 CW 2025-12-13 1730 N4EXA 599 FL PY1XW 599 031
QSO: 28099 CW 2025-12-13 1730 N4EXA 599 FL PY4ZAG 599 035
QSO: 28099 CW 2025-12-13 1731 N4EXA 599 FL LU1AEE 599 058
QSO: 28099 CW 2025-12-13 1732 N4EXA 599 FL VE3FH 599 ON
QSO: 28099 CW 2025-12-13 1732 N4EXA 599 FL VA6RCN 599 AB
QSO: 28099 CW 2025-12-13 1733 N4EXA 599 FL G3BOY 599 202
QSO: 28099 CW 2025-12-13 1734 N4EXA 599 FL K6NA 599 CA
QSO: 28099 CW 2025-12-13 1734 N4EXA 599 FL K0KT 599 IA
QSO: 28099 CW 2025-12-13 1734 N4EXA 599 FL N7EAT 599 OR
QSO: 28099 CW 2025-12-13 1735 N4EXA 599 FL OZ1AXG 599 228
QSO: 28099 CW 2025-12-13 1735 N4EXA 599 FL F5ICC 599 175
QSO: 28099 CW 2025-12-13 1736 N4EXA 599 FL K0VG 599 MN
QSO: 28099 CW 2025-12-13 1736 N4EXA 599 FL AA1NK 599 MA
QSO: 28099 CW 2025-12-13 1737 N4EXA 599 FL K9ABR 599 IL
QSO: 28099 CW 2025-12-13 1737 N4EXA 599 FL WN4AAA 599 OR
QSO: 28099 CW 2025-12-13 1738 N4EXA 599 FL F8PDR 599 083
QSO: 28099 CW 2025-12-13 1739 N4EXA 599 FL YP2R 599 297
QSO: 28099 CW 2025-12-13 1740 N4EXA 599 FL PY1DI 599 026
QSO: 28099 CW 2025-12-13 1740 N4EXA 599 FL DH8BQA 599 708
QSO: 28099 CW 2025-12-13 1740 N4EXA 599 FL PD9DX 599 192
QSO: 28099 CW 2025-12-13 1741 N4EXA 599 FL DM3PKK 599 185
QSO: 28099 CW 2025-12-13 1741 N4EXA 599 FL K7TZ 599 WA
QSO: 28099 CW 2025-12-13 1742 N4EXA 599 FL DL5ME 599 144
QSO: 28099 CW 2025-12-13 1742 N4EXA 599 FL PY4LH 599 140
QSO: 28099 CW 2025-12-13 1742 N4EXA 599 FL PA2TA 599 151
QSO: 28099 CW 2025-12-13 1743 N4EXA 599 FL ED7K 599 074
QSO: 28099 CW 2025-12-13 1743 N4EXA 599 FL WA1T 599 NH
QSO: 28099 CW 2025-12-13 1744 N4EXA 599 FL DF6RI 599 071
QSO: 28099 CW 2025-12-13 1744 N4EXA 599 FL N0XT 599 MN
QSO: 28099 CW 2025-12-13 1745 N4EXA 599 FL EA1CS 599 188
QSO: 28099 CW 2025-12-13 1745 N4EXA 599 FL PA2A 599 304
QSO: 28099 CW 2025-12-13 1745 N4EXA 599 FL LA8AW 599 120
QSO: 28099 CW 2025-12-13 1745 N4EXA 599 FL PY2UDB 599 085
QSO: 28099 CW 2025-12-13 1746 N4EXA 599 FL N0BUI 599 MN
QSO: 28099 CW 2025-12-13 1746 N4EXA 599 FL W7TMT 599 WA
QSO: 28099 CW 2025-12-13 1747 N4EXA 599 FL KD7GB 599 WA
QSO: 28099 CW 2025-12-13 1747 N4EXA 599 FL K9PG 599 IL
QSO: 28099 CW 2025-12-13 1749 N4EXA 599 FL G0JOS 599 033
QSO: 28099 CW 2025-12-13 1749 N4EXA 599 FL NU6N 599 CA
QSO: 28099 CW 2025-12-13 1749 N4EXA 599 FL OZ1ADL 599 492
QSO: 28099 CW 2025-12-13 1750 N4EXA 599 FL G4FEV 599 077
QSO: 28099 CW 2025-12-13 1750 N4EXA 599 FL K5EK 599 NC
QSO: 28099 CW 2025-12-13 1751 N4EXA 599 FL OL26WRTC 599 487
QSO: 28099 CW 2025-12-13 1751 N4EXA 599 FL K7JQ 599 AZ
QSO: 28099 CW 2025-12-13 1751 N4EXA 599 FL KI7Y 599 OR
QSO: 28099 CW 2025-12-13 1751 N4EXA 599 FL OE1EMS 599 631
QSO: 28099 CW 2025-12-13 1752 N4EXA 599 FL N9CIQ 599 WI
QSO: 28099 CW 2025-12-13 1752 N4EXA 599 FL W8KA 599 AZ
QSO: 28099 CW 2025-12-13 1752 N4EXA 599 FL OA4SS 599 042
QSO: 28099 CW 2025-12-13 1753 N4EXA 599 FL EI3HY 599 004
QSO: 28099 CW 2025-12-13 1753 N4EXA 599 FL F4FIP 599 136
QSO: 28099 CW 2025-12-13 1754 N4EXA 599 FL VA2CZ 599 QC
QSO: 28099 CW 2025-12-13 1754 N4EXA 599 FL M0MPM 599 014
QSO: 28099 CW 2025-12-13 1755 N4EXA 599 FL DL1WA 599 375
QSO: 28099 CW 2025-12-13 1756 N4EXA 599 FL ZZ1A 599 100
QSO: 28099 CW 2025-12-13 1756 N4EXA 599 FL DF1PU 599 055
QSO: 28099 CW 2025-12-13 1757 N4EXA 599 FL K8NVR 599 OH
QSO: 28099 CW 2025-12-13 1758 N4EXA 599 FL G3ZGC 599 042
QSO: 28099 CW 2025-12-13 1758 N4EXA 599 FL YT4T 599 050
QSO: 28099 CW 2025-12-13 1759 N4EXA 599 FL F4FFH 599 279
QSO: 28099 CW 2025-12-13 1800 N4EXA 599 FL YU7DX 599 554
QSO: 28099 CW 2025-12-13 1800 N4EXA 599 FL PY2QT 599 237
QSO: 28099 CW 2025-12-13 1801 N4EXA 599 FL PY2RSA 599 130
QSO: 28099 CW 2025-12-13 1801 N4EXA 599 FL DL0WW 599 464
QSO: 28099 CW 2025-12-13 1803 N4EXA 599 FL KA0LDG 599 ND
QSO: 28066 CW 2025-12-13 1805 N4EXA 599 FL XE2S 599 SON
QSO: 28004 CW 2025-12-13 1807 N4EXA 599 FL N7YK 599 NV
QSO: 28062 CW 2025-12-13 1807 N4EXA 599 FL VO2AC 599 LB
QSO: 28009 CW 2025-12-13 1808 N4EXA 599 FL KN7T 599 WA
QSO: 28014 CW 2025-12-13 1809 N4EXA 599 FL NS0R 599 KS
QSO: 28015 CW 2025-12-13 1809 N4EXA 599 FL CX5A 599 489
QSO: 28016 CW 2025-12-13 1810 N4EXA 599 FL K1BX 599 NH
QSO: 28017 CW 2025-12-13 1810 N4EXA 599 FL KW1X 599 MA
QSO: 28017 CW 2025-12-13 1810 N4EXA 599 FL CT1BOH 599 257
QSO: 28019 CW 2025-12-13 1811 N4EXA 599 FL PV5N 599 126
QSO: 28019 CW 2025-12-13 1812 N4EXA 599 FL F5NBX 599 697
QSO: 28021 CW 2025-12-13 1812 N4EXA 599 FL W1RCR 599 FL
QSO: 28024 CW 2025-12-13 1813 N4EXA 599 FL KM3T 599 NH
QSO: 28028 CW 2025-12-13 1813 N4EXA 599 FL TM6M 599 959
QSO: 28034 CW 2025-12-13 1813 N4EXA 599 FL NT6X 599 CA
QSO: 28021 CW 2025-12-13 1814 N4EXA 599 FL N6WM 599 CA
QSO: 28036 CW 2025-12-13 1815 N4EXA 599 FL NB1N 599 MA
QSO: 28368 PH 2025-12-13 1817 N4EXA 59 FL PJ4W 59 652
QSO: 28434 PH 2025-12-13 1817 N4EXA 59 FL LU7YZ 59 435
QSO: 28658 PH 2025-12-13 1818 N4EXA 59 FL 9Z4CT 59 179
QSO: 28733 PH 2025-12-13 1820 N4EXA 59 FL K6KM 59 CA
QSO: 28642 PH 2025-12-13 1820 N4EXA 59 FL J79WTA 59 187
QSO: 28597 PH 2025-12-13 1821 N4EXA 59 FL N0AT 59 MN
QSO: 28560 PH 2025-12-13 1822 N4EXA 59 FL AF1T 59 NH
QSO: 28514 PH 2025-12-13 1823 N4EXA 59 FL XE3R 59 COL
QSO: 28550 PH 2025-12-13 1823 N4EXA 59 FL VE4SG 59 MB
QSO: 28504 PH 2025-12-13 1824 N4EXA 59 FL VA6SZ 59 AB
QSO: 28448 PH 2025-12-13 1824 N4EXA 59 FL VA7RR 59 BC
QSO: 28003 CW 2025-12-13 1826 N4EXA 599 FL WA7NB 599 AZ
QSO: 28011 CW 2025-12-13 1826 N4EXA 599 FL K6RB 599 CA
QSO: 28011 CW 2025-12-13 1827 N4EXA 599 FL WJ9B 599 ID
QSO: 28013 CW 2025-12-13 1827 N4EXA 599 FL N5XZ 599 TX
QSO: 28015 CW 2025-12-13 1827 N4EXA 599 FL LS5H 599 425
QSO: 28013 CW 2025-12-13 1828 N4EXA 599 FL K6RC 599 CA
QSO: 28016 CW 2025-12-13 1828 N4EXA 599 FL N5RZ 599 TX
QSO: 28026 CW 2025-12-13 1829 N4EXA 599 FL K6TOP 599 CA
QSO: 28025 CW 2025-12-13 1829 N4EXA 599 FL K6ZH 599 CA
QSO: 28035 CW 2025-12-13 1829 N4EXA 599 FL K6LL 599 AZ
QSO: 28037 CW 2025-12-13 1830 N4EXA 599 FL N6TV 599 CA
QSO: 28038 CW 2025-12-13 1831 N4EXA 599 FL N3RS 599 PA
QSO: 28003 CW 2025-12-13 1832 N4EXA 599 FL PY5ZHP 599 172
QSO: 28024 CW 2025-12-13 1832 N4EXA 599 FL KD1MC 599 ME
QSO: 28476 PH 2025-12-13 1833 N4EXA 59 FL K7RL 59 WA
QSO: 28304 PH 2025-12-13 1834 N4EXA 59 FL W0SD 59 SD
QSO: 28022 CW 2025-12-13 1835 N4EXA 599 FL VE9KK 599 NB
QSO: 28017 CW 2025-12-13 1836 N4EXA 599 FL AH6KO 599 HI
QSO: 28040 CW 2025-12-13 1836 N4EXA 599 FL VE5GC 599 SK
QSO: 28455 PH 2025-12-13 1837 N4EXA 59 FL W7TNY 59 OR
QSO: 28356 PH 2025-12-13 1839 N4EXA 59 FL AF1R 59 MA
QSO: 28356 PH 2025-12-13 1839 N4EXA 59 FL W1BOY 59 ME
QSO: 28356 PH 2025-12-13 1840 N4EXA 59 FL N5SUJ 59 TX
QSO: 28356 PH 2025-12-13 1840 N4EXA 59 FL N5GI 59 FL
QSO: 28356 PH 2025-12-13 1840 N4EXA 59 FL VA6RCN 59 AB
QSO: 28356 PH 2025-12-13 1841 N4EXA 59 FL VE7SAR 59 BC
QSO: 28356 PH 2025-12-13 1841 N4EXA 59 FL N0EX 59 MN
QSO: 28356 PH 2025-12-13 1841 N4EXA 59 FL N9NAV 59 WI
QSO: 28356 PH 2025-12-13 1841 N4EXA 59 FL WM7C 59 CA
QSO: 28356 PH 2025-12-13 1842 N4EXA 59 FL F8FTY 59 274
QSO: 28356 PH 2025-12-13 1842 N4EXA 59 FL ED8T 59 135
QSO: 28356 PH 2025-12-13 1843 N4EXA 59 FL PU5MFI 59 026
QSO: 28356 PH 2025-12-13 1843 N4EXA 59 FL K6DAV 59 CA
QSO: 28356 PH 2025-12-13 1843 N4EXA 59 FL AB7I 59 WA
QSO: 28356 PH 2025-12-13 1843 N4EXA 59 FL K9JJJ 59 WI
QSO: 28356 PH 2025-12-13 1844 N4EXA 59 FL W9NZ 59 IL
QSO: 28356 PH 2025-12-13 1844 N4EXA 59 FL AC7GL 59 ID
QSO: 28356 PH 2025-12-13 1845 N4EXA 59 FL VC9A 59 NB
QSO: 28356 PH 2025-12-13 1845 N4EXA 59 FL PU4JOE 59 117
QSO: 28356 PH 2025-12-13 1846 N4EXA 59 FL PJ4DX 59 344
QSO: 28356 PH 2025-12-13 1846 N4EXA 59 FL K0CAO 59 NB
QSO: 28356 PH 2025-12-13 1846 N4EXA 59 FL WB1DX 59 MA
QSO: 28356 PH 2025-12-13 1846 N4EXA 59 FL W1DRV 59 MA
QSO: 28356 PH 2025-12-13 1847 N4EXA 59 FL TM7J 59 1139
QSO: 28356 PH 2025-12-13 1847 N4EXA 59 FL PP5KJ 59 017
QSO: 28356 PH 2025-12-13 1847 N4EXA 59 FL WB0YYE 59 NE
QSO: 28356 PH 2025-12-13 1847 N4EXA 59 FL KB1DY 59 MA
QSO: 28356 PH 2025-12-13 1848 N4EXA 59 FL KC0JRW 59 NE
QSO: 28356 PH 2025-12-13 1848 N4EXA 59 FL AI0M 59 MN
QSO: 28356 PH 2025-12-13 1848 N4EXA 59 FL N1ECT 59 RI
QSO: 28356 PH 2025-12-13 1848 N4EXA 59 FL KC7HF 59 OR
QSO: 28356 PH 2025-12-13 1848 N4EXA 59 FL K0BBB 59 MN
QSO: 28356 PH 2025-12-13 1849 N4EXA 59 FL LU5EA 59 253
QSO: 28356 PH 2025-12-13 1849 N4EXA 59 FL K0VH 59 MN
QSO: 28356 PH 2025-12-13 1849 N4EXA 59 FL K0DJD 59 MN
QSO: 28356 PH 2025-12-13 1849 N4EXA 59 FL KJ7LLX 59 WA
QSO: 28356 PH 2025-12-13 1850 N4EXA 59 FL W5GAD 59 LA
QSO: 28356 PH 2025-12-13 1850 N4EXA 59 FL KG9IV 59 WI
QSO: 28356 PH 2025-12-13 1850 N4EXA 59 FL NZ2S 59 WA
QSO: 28356 PH 2025-12-13 1851 N4EXA 59 FL N6TQS 59 CA
QSO: 28356 PH 2025-12-13 1851 N4EXA 59 FL XE1JAV 59 HGO
QSO: 28356 PH 2025-12-13 1851 N4EXA 59 FL WX6G 59 CA
QSO: 28356 PH 2025-12-13 1851 N4EXA 59 FL 4M5B 59 115
QSO: 28356 PH 2025-12-13 1852 N4EXA 59 FL SM2EKM 59 073
QSO: 28356 PH 2025-12-13 1852 N4EXA 59 FL N7QOZ 59 WA
QSO: 28356 PH 2025-12-13 1852 N4EXA 59 FL AA1HO 59 MA
QSO: 28356 PH 2025-12-13 1853 N4EXA 59 FL CX7AT 59 047
QSO: 28356 PH 2025-12-13 1853 N4EXA 59 FL KS6F 59 CA
QSO: 28356 PH 2025-12-13 1853 N4EXA 59 FL K6RE 59 CA
QSO: 28356 PH 2025-12-13 1854 N4EXA 59 FL KF0RFZ 59 NE
QSO: 28356 PH 2025-12-13 1854 N4EXA 59 FL N7VGO 59 WA
QSO: 28356 PH 2025-12-13 1854 N4EXA 59 FL W6AAE 59 CA
QSO: 28356 PH 2025-12-13 1854 N4EXA 59 FL VA6AGR 59 AB
QSO: 28356 PH 2025-12-13 1855 N4EXA 59 FL WA7EMT 59 OR
QSO: 28356 PH 2025-12-13 1855 N4EXA 59 FL WN6A 59 CA
QSO: 28356 PH 2025-12-13 1855 N4EXA 59 FL W6MX 59 CA
QSO: 28356 PH 2025-12-13 1856 N4EXA 59 FL XE1AQY 59 COL
QSO: 28356 PH 2025-12-13 1856 N4EXA 59 FL K1KP 59 MA
QSO: 28356 PH 2025-12-13 1856 N4EXA 59 FL VE3BKM 59 ON
QSO: 28356 PH 2025-12-13 1857 N4EXA 59 FL WZ8C 59 MI
QSO: 28356 PH 2025-12-13 1857 N4EXA 59 FL CX7RM 59 119
QSO: 28356 PH 2025-12-13 1857 N4EXA 59 FL W6WZZ 59 CA
QSO: 28356 PH 2025-12-13 1857 N4EXA 59 FL N0ZBO 59 MN
QSO: 28356 PH 2025-12-13 1857 N4EXA 59 FL W0WTF 59 MN
QSO: 28356 PH 2025-12-13 1858 N4EXA 59 FL WR7X 59 OR
QSO: 28356 PH 2025-12-13 1858 N4EXA 59 FL AE6SF 59 CA
QSO: 28356 PH 2025-12-13 1858 N4EXA 59 FL KC1QEM 59 MA
QSO: 28356 PH 2025-12-13 1858 N4EXA 59 FL KM7CCG 59 WA
QSO: 28356 PH 2025-12-13 1859 N4EXA 59 FL N7WLC 59 CA
QSO: 28356 PH 2025-12-13 1859 N4EXA 59 FL KF0OZP 59 MN
QSO: 28356 PH 2025-12-13 1900 N4EXA 59 FL KK7ED 59 AZ
QSO: 28356 PH 2025-12-13 1900 N4EXA 59 FL AI7EQ 59 OR
QSO: 28356 PH 2025-12-13 1900 N4EXA 59 FL VE2ZDR 59 QC
QSO: 28356 PH 2025-12-13 1901 N4EXA 59 FL XE2JT 59 SIN
QSO: 28356 PH 2025-12-13 1901 N4EXA 59 FL N7WR 59 OR
QSO: 28356 PH 2025-12-13 1901 N4EXA 59 FL N7EAT 59 OR
QSO: 28356 PH 2025-12-13 1901 N4EXA 59 FL N1DAE 59 ME
QSO: 28356 PH 2025-12-13 1902 N4EXA 59 FL CE7BV 59 017
QSO: 28356 PH 2025-12-13 1903 N4EXA 59 FL K0SIX 59 MN
QSO: 28356 PH 2025-12-13 1903 N4EXA 59 FL KK7MBX 59 AZ
QSO: 28356 PH 2025-12-13 1904 N4EXA 59 FL KF0MJU 59 SD
QSO: 28356 PH 2025-12-13 1904 N4EXA 59 FL N3EG 59 WA
QSO: 28356 PH 2025-12-13 1904 N4EXA 59 FL KJ7DMI 59 ME
QSO: 28356 PH 2025-12-13 1905 N4EXA 59 FL D4M 59 661
QSO: 28356 PH 2025-12-13 1905 N4EXA 59 FL K1HC 59 ME
QSO: 28356 PH 2025-12-13 1905 N4EXA 59 FL VE7CV 59 BC
QSO: 28356 PH 2025-12-13 1906 N4EXA 59 FL KB1LUO 59 ME
QSO: 28356 PH 2025-12-13 1906 N4EXA 59 FL NU1D 59 ME
QSO: 28356 PH 2025-12-13 1906 N4EXA 59 FL WB9WKT 59 WI
QSO: 28356 PH 2025-12-13 1906 N4EXA 59 FL HK1J 59 032
QSO: 28356 PH 2025-12-13 1907 N4EXA 59 FL K6KS 59 CA
QSO: 28356 PH 2025-12-13 1907 N4EXA 59 FL ZZ5K 59 447
QSO: 28356 PH 2025-12-13 1907 N4EXA 59 FL KD7DPS 59 AZ
QSO: 28356 PH 2025-12-13 1908 N4EXA 59 FL K0BSA 59 MN
QSO: 28356 PH 2025-12-13 1908 N4EXA 59 FL KO6CCU 59 CA
QSO: 28356 PH 2025-12-13 1908 N4EXA 59 FL YY5MFR 59 051
QSO: 28356 PH 2025-12-13 1909 N4EXA 59 FL W0ZC 59 KS
QSO: 28356 PH 2025-12-13 1910 N4EXA 59 FL KW5RF 59 AR
QSO: 28356 PH 2025-12-13 1910 N4EXA 59 FL KM7CCM 59 WA
QSO: 28356 PH 2025-12-13 1910 N4EXA 59 FL KF0SIG 59 MN
QSO: 28356 PH 2025-12-13 1911 N4EXA 59 FL W7CO 59 OR
QSO: 28356 PH 2025-12-13 1911 N4EXA 59 FL K0KDS 59 IA
QSO: 28356 PH 2025-12-13 1911 N4EXA 59 FL KC9LBO 59 WI
QSO: 28356 PH 2025-12-13 1911 N4EXA 59 FL AZ1D 59 1015
QSO: 28356 PH 2025-12-13 1911 N4EXA 59 FL KA7A 59 OR
QSO: 28356 PH 2025-12-13 1912 N4EXA 59 FL KJ5MNH 59 TX
QSO: 28356 PH 2025-12-13 1912 N4EXA 59 FL K7TBS 59 ID
QSO: 28356 PH 2025-12-13 1912 N4EXA 59 FL KD0B 59 MN
QSO: 28356 PH 2025-12-13 1913 N4EXA 59 FL KW7WP 59 OR
QSO: 28356 PH 2025-12-13 1914 N4EXA 59 FL PY2AD 59 104
QSO: 28356 PH 2025-12-13 1914 N4EXA 59 FL PU2USM 59 055
QSO: 28356 PH 2025-12-13 1914 N4EXA 59 FL TI3JVH 59 003
QSO: 28356 PH 2025-12-13 1915 N4EXA 59 FL VE3UZX 59 ON
QSO: 28356 PH 2025-12-13 1915 N4EXA 59 FL K7QXG 59 OR
QSO: 28356 PH 2025-12-13 1915 N4EXA 59 FL J88IH 59 343
QSO: 28356 PH 2025-12-13 1915 N4EXA 59 FL N6LB 59 WA
QSO: 28356 PH 2025-12-13 1916 N4EXA 59 FL K7PET 59 OR
QSO: 28356 PH 2025-12-13 1916 N4EXA 59 FL K7RST 59 AZ
QSO: 28356 PH 2025-12-13 1916 N4EXA 59 FL KD8VTT 59 MI
QSO: 28356 PH 2025-12-13 1917 N4EXA 59 FL KA7RRA 59 WA
QSO: 28356 PH 2025-12-13 1917 N4EXA 59 FL HK2EMJ 59 017
QSO: 28356 PH 2025-12-13 1917 N4EXA 59 FL W6AAM 59 CA
QSO: 28356 PH 2025-12-13 1917 N4EXA 59 FL KB0PVB 59 CO
QSO: 28356 PH 2025-12-13 1918 N4EXA 59 FL N6GR 59 NM
QSO: 28356 PH 2025-12-13 1918 N4EXA 59 FL W0MGR 59 MN
QSO: 28356 PH 2025-12-13 1918 N4EXA 59 FL WK0B 59 MN
QSO: 28356 PH 2025-12-13 1918 N4EXA 59 FL KC7H 59 WA
QSO: 28356 PH 2025-12-13 1919 N4EXA 59 FL VA4HZ 59 MB
QSO: 28356 PH 2025-12-13 1919 N4EXA 59 FL KE9SA 59 WI
QSO: 28356 PH 2025-12-13 1919 N4EXA 59 FL WB0TML 59 ND
QSO: 28356 PH 2025-12-13 1919 N4EXA 59 FL L77D 59 081
QSO: 28356 PH 2025-12-13 1920 N4EXA 59 FL KB7GFL 59 WA
QSO: 28356 PH 2025-12-13 1920 N4EXA 59 FL XE2CS 59 SON
QSO: 28356 PH 2025-12-13 1921 N4EXA 59 FL KM7N 59 AZ
QSO: 28356 PH 2025-12-13 1922 N4EXA 59 FL N3UA 59 VA
QSO: 28356 PH 2025-12-13 1922 N4EXA 59 FL PY4DK 59 058
QSO: 28356 PH 2025-12-13 1922 N4EXA 59 FL TI2ASM 59 013
QSO: 28356 PH 2025-12-13 1923 N4EXA 59 FL KI5MPX 59 TX
QSO: 28356 PH 2025-12-13 1923 N4EXA 59 FL CE4JC 59 056
QSO: 28356 PH 2025-12-13 1923 N4EXA 59 FL NN5D 59 NM
QSO: 28356 PH 2025-12-13 1924 N4EXA 59 FL ZV4WDM 59 026
QSO: 28356 PH 2025-12-13 1924 N4EXA 59 FL N2GJ 59 NM
QSO: 28356 PH 2025-12-13 1924 N4EXA 59 FL TI2JAB 59 063
QSO: 28356 PH 2025-12-13 1925 N4EXA 59 FL KB6JFL 59 CA
QSO: 28356 PH 2025-12-13 1925 N4EXA 59 FL KO6NO 59 CA
QSO: 28356 PH 2025-12-13 1925 N4EXA 59 FL VE2IAA 59 QC
QSO: 28356 PH 2025-12-13 1926 N4EXA 59 FL KM6TFY 59 CA
QSO: 28356 PH 2025-12-13 1927 N4EXA 59 FL KF0ONK 59 MN
QSO: 28356 PH 2025-12-13 1927 N4EXA 59 FL K7XE 59 CA
QSO: 28356 PH 2025-12-13 1928 N4EXA 59 FL KA0UNB 59 NE
QSO: 28356 PH 2025-12-13 1928 N4EXA 59 FL VE3JT 59 ON
QSO: 28356 PH 2025-12-13 1928 N4EXA 59 FL VE2IAG 59 QC
QSO: 28356 PH 2025-12-13 1928 N4EXA 59 FL CE1KR 59 087
QSO: 28356 PH 2025-12-13 1928 N4EXA 59 FL W0CN 59 MN
QSO: 28356 PH 2025-12-13 1929 N4EXA 59 FL WB0BZD 59 WA
QSO: 28356 PH 2025-12-13 1929 N4EXA 59 FL KE7LBB 59 WY
QSO: 28356 PH 2025-12-13 1929 N4EXA 59 FL WV7X 59 WA
QSO: 28356 PH 2025-12-13 1930 N4EXA 59 FL KO6KWT 59 CA
QSO: 28356 PH 2025-12-13 1930 N4EXA 59 FL K6UF 59 CA
QSO: 28356 PH 2025-12-13 1931 N4EXA 59 FL N0POH 59 CO
QSO: 28356 PH 2025-12-13 1931 N4EXA 59 FL LU1EHX 59 125
QSO: 28356 PH 2025-12-13 1931 N4EXA 59 FL W0PMO 59 MN
QSO: 28356 PH 2025-12-13 1932 N4EXA 59 FL NV7JB 59 NV
QSO: 28356 PH 2025-12-13 1932 N4EXA 59 FL KF0SIG 59 MN
QSO: 28356 PH 2025-12-13 1933 N4EXA 59 FL W0IVJ 59 CO
QSO: 28356 PH 2025-12-13 1933 N4EXA 59 FL VE7YAH 59 BC
QSO: 28356 PH 2025-12-13 1934 N4EXA 59 FL KA1NHM 59 NH
QSO: 28356 PH 2025-12-13 1934 N4EXA 59 FL W7CXX 59 UT
QSO: 28356 PH 2025-12-13 1934 N4EXA 59 FL N2IC 59 NM
QSO: 28356 PH 2025-12-13 1935 N4EXA 59 FL KB9VBR 59 WI
QSO: 28356 PH 2025-12-13 1936 N4EXA 59 FL W9OD 59 WI
QSO: 28356 PH 2025-12-13 1936 N4EXA 59 FL KC1AHI 59 MA
QSO: 28356 PH 2025-12-13 1936 N4EXA 59 FL W7ZB 59 OR
QSO: 28356 PH 2025-12-13 1937 N4EXA 59 FL N6LB 59 WA
QSO: 28356 PH 2025-12-13 1938 N4EXA 59 FL KT6VO 59 CA
QSO: 28356 PH 2025-12-13 1938 N4EXA 59 FL TI1L 59 038
QSO: 28356 PH 2025-12-13 1938 N4EXA 59 FL WB0ULX 59 SD
QSO: 28356 PH 2025-12-13 1939 N4EXA 59 FL N7WLC 59 CA
QSO: 28356 PH 2025-12-13 1939 N4EXA 59 FL HJ3KOS 59 075
QSO: 28356 PH 2025-12-13 1939 N4EXA 59 FL KD7JR 59 AZ
QSO: 28356 PH 2025-12-13 1940 N4EXA 59 FL K7JPF 59 AR
QSO: 28356 PH 2025-12-13 1940 N4EXA 59 FL KG0O 59 WI
QSO: 28356 PH 2025-12-13 1941 N4EXA 59 FL N0SHR 59 MN
QSO: 28356 PH 2025-12-13 1941 N4EXA 59 FL N1TKO 59 MA
QSO: 28356 PH 2025-12-13 1942 N4EXA 59 FL N9TTX 59 WI
QSO: 28356 PH 2025-12-13 1942 N4EXA 59 FL TI1M 59 050
QSO: 28356 PH 2025-12-13 1943 N4EXA 59 FL K1TTW 59 VT
QSO: 28356 PH 2025-12-13 1943 N4EXA 59 FL W5JJT 59 NM
QSO: 28356 PH 2025-12-13 1943 N4EXA 59 FL K1AKP 59 MA
QSO: 28356 PH 2025-12-13 1943 N4EXA 59 FL K1BIF 59 VT
QSO: 28356 PH 2025-12-13 1944 N4EXA 59 FL WJ1U 59 NH
QSO: 28356 PH 2025-12-13 1944 N4EXA 59 FL N9WHM 59 IA
QSO: 28356 PH 2025-12-13 1945 N4EXA 59 FL N7LRG 59 WA
QSO: 28356 PH 2025-12-13 1945 N4EXA 59 FL W3LR 59 FL
QSO: 28356 PH 2025-12-13 1945 N4EXA 59 FL K1PWG 59 NH
QSO: 28356 PH 2025-12-13 1945 N4EXA 59 FL AJ0CM 59 MN
QSO: 28356 PH 2025-12-13 1946 N4EXA 59 FL NS6T 59 CA
QSO: 28356 PH 2025-12-13 1946 N4EXA 59 FL W6AGZ 59 OR
QSO: 28356 PH 2025-12-13 1946 N4EXA 59 FL KG7AV 59 OR
QSO: 28356 PH 2025-12-13 1947 N4EXA 59 FL N1MZW 59 NH
QSO: 28356 PH 2025-12-13 1948 N4EXA 59 FL N1IBM 59 VT
QSO: 28356 PH 2025-12-13 1948 N4EXA 59 FL AF0BU 59 MN
QSO: 28356 PH 2025-12-13 1949 N4EXA 59 FL AI7OZ 59 WA
QSO: 28356 PH 2025-12-13 1949 N4EXA 59 FL N6RY 59 MI
QSO: 28356 PH 2025-12-13 1949 N4EXA 59 FL K6OK 59 CA
QSO: 28356 PH 2025-12-13 1950 N4EXA 59 FL PP2CC 59 106
QSO: 28356 PH 2025-12-13 1950 N4EXA 59 FL VE7EDZ 59 BC
QSO: 28356 PH 2025-12-13 1950 N4EXA 59 FL PY2HT 59 345
QSO: 28356 PH 2025-12-13 1951 N4EXA 59 FL KC1SOW 59 NH
QSO: 28356 PH 2025-12-13 1951 N4EXA 59 FL KB1NHQ 59 VT
QSO: 28356 PH 2025-12-13 1953 N4EXA 59 FL NI0K 59 MN
QSO: 28356 PH 2025-12-13 1953 N4EXA 59 FL W0ZQ 59 MN
QSO: 28356 PH 2025-12-13 1953 N4EXA 59 FL CX2TQ 59 388
QSO: 28356 PH 2025-12-13 1953 N4EXA 59 FL LT7L 59 148
QSO: 28356 PH 2025-12-13 1954 N4EXA 59 FL CA1NPK 59 082
QSO: 28356 PH 2025-12-13 1954 N4EXA 59 FL HJ5LVR 59 030
QSO: 28356 PH 2025-12-13 1954 N4EXA 59 FL K0AUG 59 MN
QSO: 28356 PH 2025-12-13 1955 N4EXA 59 FL KN6REL 59 CA
QSO: 28356 PH 2025-12-13 1955 N4EXA 59 FL PU2NOR 59 032
QSO: 28356 PH 2025-12-13 1956 N4EXA 59 FL W7EDC 59 OR
QSO: 28356 PH 2025-12-13 1956 N4EXA 59 FL N5BNU 59 TX
QSO: 28356 PH 2025-12-13 1957 N4EXA 59 FL W8BFX 59 WA
QSO: 28356 PH 2025-12-13 1957 N4EXA 59 FL K6LR 59 NV
QSO: 28356 PH 2025-12-13 1957 N4EXA 59 FL KG7COA 59 AZ
QSO: 28356 PH 2025-12-13 1958 N4EXA 59 FL KA2G 59 SC
QSO: 28356 PH 2025-12-13 1958 N4EXA 59 FL AZ6H 59 121
QSO: 28356 PH 2025-12-13 1958 N4EXA 59 FL K0AD 59 MN
QSO: 28356 PH 2025-12-13 1958 N4EXA 59 FL WB0PTO 59 WI
QSO: 28356 PH 2025-12-13 1959 N4EXA 59 FL KF0UCC 59 MN
QSO: 28356 PH 2025-12-13 1959 N4EXA 59 FL KC1NY 59 WY
QSO: 28356 PH 2025-12-13 2000 N4EXA 59 FL KL7IWC 59 AK
QSO: 28356 PH 2025-12-13 2000 N4EXA 59 FL PY3VV 59 015
QSO: 28356 PH 2025-12-13 2000 N4EXA 59 FL KJ7IZ 59 MN
QSO: 28356 PH 2025-12-13 2001 N4EXA 59 FL NC0B 59 CO
QSO: 28356 PH 2025-12-13 2001 N4EXA 59 FL KE6VZ 59 CA
QSO: 28356 PH 2025-12-13 2001 N4EXA 59 FL KB0NES 59 MN
QSO: 28356 PH 2025-12-13 2002 N4EXA 59 FL VA3KRJ 59 ON
QSO: 28356 PH 2025-12-13 2002 N4EXA 59 FL KK7TLL 59 WA
QSO: 28356 PH 2025-12-13 2002 N4EXA 59 FL PP2CS 59 041
QSO: 28356 PH 2025-12-13 2002 N4EXA 59 FL W0FLT 59 ND
QSO: 28356 PH 2025-12-13 2003 N4EXA 59 FL PW8AO 59 118
QSO: 28356 PH 2025-12-13 2003 N4EXA 59 FL K0LTL 59 MN
QSO: 28356 PH 2025-12-13 2004 N4EXA 59 FL VE3REV 59 ON
QSO: 28356 PH 2025-12-13 2004 N4EXA 59 FL KF6ESD 59 NV
QSO: 28356 PH 2025-12-13 2004 N4EXA 59 FL W7TBD 59 OR
QSO: 28356 PH 2025-12-13 2004 N4EXA 59 FL KG4DXC 59 MI
QSO: 28356 PH 2025-12-13 2006 N4EXA 59 FL N0NTM 59 SD
QSO: 28356 PH 2025-12-13 2006 N4EXA 59 FL N2JJ 59 NY
QSO: 28356 PH 2025-12-13 2006 N4EXA 59 FL NG0C 59 MN
QSO: 28356 PH 2025-12-13 2007 N4EXA 59 FL VA7OO 59 BC
QSO: 28356 PH 2025-12-13 2007 N4EXA 59 FL VE3OJN 59 ON
QSO: 28356 PH 2025-12-13 2008 N4EXA 59 FL KP4AAB 59 1632
QSO: 28356 PH 2025-12-13 2008 N4EXA 59 FL KF0MHN 59 MN
QSO: 28356 PH 2025-12-13 2009 N4EXA 59 FL NB1T 59 ME
QSO: 28356 PH 2025-12-13 2010 N4EXA 59 FL W7YOZ 59 WA
QSO: 28356 PH 2025-12-13 2010 N4EXA 59 FL PP5WEB 59 013
QSO: 28356 PH 2025-12-13 2011 N4EXA 59 FL PU4ELT 59 002
QSO: 28356 PH 2025-12-13 2011 N4EXA 59 FL TI2WM 59 301
QSO: 28356 PH 2025-12-13 2011 N4EXA 59 FL KB7KLT 59 OR
QSO: 28356 PH 2025-12-13 2011 N4EXA 59 FL PU1JSV 59 184
QSO: 28356 PH 2025-12-13 2012 N4EXA 59 FL W5EPL 59 MS
QSO: 28356 PH 2025-12-13 2013 N4EXA 59 FL VY2GF 59 PE
QSO: 28356 PH 2025-12-13 2013 N4EXA 59 FL KA7EXM 59 OR
QSO: 28356 PH 2025-12-13 2014 N4EXA 59 FL KC1VCN 59 MA
QSO: 28356 PH 2025-12-13 2014 N4EXA 59 FL K6GHA 59 CA
QSO: 28356 PH 2025-12-13 2015 N4EXA 59 FL KO6DRM 59 CA
QSO: 28356 PH 2025-12-13 2015 N4EXA 59 FL VE3OLP 59 ON
QSO: 28356 PH 2025-12-13 2016 N4EXA 59 FL AE0VD 59 MN
QSO: 28356 PH 2025-12-13 2016 N4EXA 59 FL KB1FTB 59 MA
QSO: 28356 PH 2025-12-13 2016 N4EXA 59 FL N7TCO 59 WA
QSO: 28356 PH 2025-12-13 2017 N4EXA 59 FL KE6PO 59 WA
QSO: 28356 PH 2025-12-13 2018 N4EXA 59 FL W7ZKI 59 WA
QSO: 28356 PH 2025-12-13 2018 N4EXA 59 FL WW4LL 59 GA
QSO: 28356 PH 2025-12-13 2018 N4EXA 59 FL KF6ALC 59 CA
QSO: 28356 PH 2025-12-13 2019 N4EXA 59 FL KK7RYB 59 WA
QSO: 28356 PH 2025-12-13 2019 N4EXA 59 FL XE1CKJ 59 GTO
QSO: 28356 PH 2025-12-13 2020 N4EXA 59 FL VE7IEF 59 BC
QSO: 28356 PH 2025-12-13 2021 N4EXA 59 FL W9OS 59 FL
QSO: 28356 PH 2025-12-13 2021 N4EXA 59 FL K0VG 59 MN
QSO: 28356 PH 2025-12-13 2022 N4EXA 59 FL KB0QHS 59 MN
QSO: 28356 PH 2025-12-13 2022 N4EXA 59 FL XE2T 59 SON
QSO: 28356 PH 2025-12-13 2022 N4EXA 59 FL W7SYF 59 OR
QSO: 28356 PH 2025-12-13 2022 N4EXA 59 FL KN6VTC 59 CA
QSO: 28356 PH 2025-12-13 2023 N4EXA 59 FL TI5RTZ 59 027
QSO: 28356 PH 2025-12-13 2023 N4EXA 59 FL VE7GDE 59 BC
QSO: 28356 PH 2025-12-13 2024 N4EXA 59 FL KV1J 59 ME
QSO: 28356 PH 2025-12-13 2024 N4EXA 59 FL PY5MM 59 097
QSO: 28356 PH 2025-12-13 2024 N4EXA 59 FL PU2MCY 59 007
QSO: 28356 PH 2025-12-13 2026 N4EXA 59 FL K8ROX 59 OH
QSO: 28356 PH 2025-12-13 2026 N4EXA 59 FL KT0AD 59 MN
QSO: 28356 PH 2025-12-13 2026 N4EXA 59 FL PY4LR 59 048
QSO: 28356 PH 2025-12-13 2027 N4EXA 59 FL HJ4V 59 090
QSO: 28356 PH 2025-12-13 2027 N4EXA 59 FL CB4A 59 202
QSO: 28356 PH 2025-12-13 2028 N4EXA 59 FL PX2U 59 155
QSO: 28356 PH 2025-12-13 2028 N4EXA 59 FL W5VYC 59 NM
QSO: 28356 PH 2025-12-13 2029 N4EXA 59 FL KF7KB 59 WA
QSO: 28340 PH 2025-12-13 2031 N4EXA 59 FL PJ2T 59 1734
QSO: 28045 CW 2025-12-13 2033 N4EXA 599 FL J35X 599 231
QSO: 28101 CW 2025-12-13 2033 N4EXA 599 FL VP2MAA 599 740
QSO: 28069 CW 2025-12-13 2034 N4EXA 599 FL CB1D 599 340
QSO: 28099 CW 2025-12-13 2036 N4EXA 599 FL PW2K 599 902
QSO: 28099 CW 2025-12-13 2041 N4EXA 599 FL WK1O 599 MA
QSO: 28099 CW 2025-12-13 2041 N4EXA 599 FL W6TDX 599 OR
QSO: 28099 CW 2025-12-13 2041 N4EXA 599 FL N4BAA 599 IN
QSO: 28099 CW 2025-12-13 2042 N4EXA 599 FL AA3B 599 PA
QSO: 28099 CW 2025-12-13 2042 N4EXA 599 FL W7WXR 599 ND
QSO: 28099 CW 2025-12-13 2043 N4EXA 599 FL N2SQW 599 NY
QSO: 28099 CW 2025-12-13 2044 N4EXA 599 FL LU1HLH 599 346
QSO: 28099 CW 2025-12-13 2044 N4EXA 599 FL K7RAT 599 OR
QSO: 28099 CW 2025-12-13 2045 N4EXA 599 FL PY4WJ 599 090
QSO: 28099 CW 2025-12-13 2045 N4EXA 599 FL K1IB 599 VT
QSO: 28099 CW 2025-12-13 2046 N4EXA 599 FL N2JJ 599 NY
QSO: 28099 CW 2025-12-13 2046 N4EXA 599 FL K6NIA 599 CA
QSO: 28099 CW 2025-12-13 2047 N4EXA 599 FL WN6W 599 OR
QSO: 28099 CW 2025-12-13 2049 N4EXA 599 FL W9DKB 599 WI
QSO: 28099 CW 2025-12-13 2050 N4EXA 599 FL N7JI 599 OR
QSO: 28099 CW 2025-12-13 2051 N4EXA 599 FL VE3AQ 599 ON
QSO: 28099 CW 2025-12-13 2051 N4EXA 599 FL K0MLD 599 CO
QSO: 28099 CW 2025-12-13 2051 N4EXA 599 FL K7BWC 599 UT
QSO: 28099 CW 2025-12-13 2053 N4EXA 599 FL KN6BAZ 599 CA
QSO: 28099 CW 2025-12-13 2053 N4EXA 599 FL W1STR 599 MA
QSO: 28099 CW 2025-12-13 2054 N4EXA 599 FL W0ZF 599 MN
QSO: 28099 CW 2025-12-13 2055 N4EXA 599 FL NI1Q 599 CT
QSO: 28099 CW 2025-12-13 2056 N4EXA 599 FL N7DB 599 OR
QSO: 28099 CW 2025-12-13 2056 N4EXA 599 FL VE6WQ 599 AB
QSO: 28027 CW 2025-12-13 2059 N4EXA 599 FL XE2E 599 BCS
QSO: 28403 PH 2025-12-13 2100 N4EXA 59 FL N9RV 59 MT
QSO: 28506 PH 2025-12-13 2103 N4EXA 59 FL PY2RSA 59 184
QSO: 28007 CW 2025-12-13 2105 N4EXA 599 FL VP9I 599 1096
QSO: 28003 CW 2025-12-13 2106 N4EXA 599 FL WG3J 599 MD
QSO: 28007 CW 2025-12-13 2106 N4EXA 599 FL K7RL 599 WA
QSO: 28009 CW 2025-12-13 2107 N4EXA 599 FL N2MF 599 NY
QSO: 28018 CW 2025-12-13 2107 N4EXA 599 FL N0AT 599 MN
QSO: 28023 CW 2025-12-13 2107 N4EXA 599 FL K1BX 599 NH
QSO: 28024 CW 2025-12-13 2108 N4EXA 599 FL VE3EJ 599 ON
QSO: 28030 CW 2025-12-13 2108 N4EXA 599 FL KD7ND 599 AZ
QSO: 28032 CW 2025-12-13 2109 N4EXA 599 FL K0ZR 599 VA
QSO: 28031 CW 2025-12-13 2109 N4EXA 599 FL K7RI 599 WA
QSO: 28033 CW 2025-12-13 2111 N4EXA 599 FL NO5Z 599 NM
QSO: 28041 CW 2025-12-13 2111 N4EXA 599 FL KN7K 599 OR
QSO: 28041 CW 2025-12-13 2111 N4EXA 599 FL VA7DX 599 BC
QSO: 28042 CW 2025-12-13 2112 N4EXA 599 FL W6EU 599 CA
QSO: 28043 CW 2025-12-13 2113 N4EXA 599 FL AJ6V 599 CA
QSO: 28045 CW 2025-12-13 2113 N4EXA 599 FL K0BH 599 CO
QSO: 28048 CW 2025-12-13 2114 N4EXA 599 FL N5AW 599 TX
QSO: 28046 CW 2025-12-13 2114 N4EXA 599 FL W6PH 599 CA
QSO: 28046 CW 2025-12-13 2115 N4EXA 599 FL WC6H 599 CA
QSO: 28044 CW 2025-12-13 2115 N4EXA 599 FL W7RG 599 WA
QSO: 28048 CW 2025-12-13 2116 N4EXA 599 FL N7VM 599 CA
QSO: 28064 CW 2025-12-13 2117 N4EXA 599 FL K0MF 599 CO
QSO: 28066 CW 2025-12-13 2118 N4EXA 599 FL W6YX 599 CA
QSO: 28060 CW 2025-12-13 2118 N4EXA 599 FL W6OAT 599 CA
QSO: 28069 CW 2025-12-13 2119 N4EXA 599 FL KP2B 599 1292
QSO: 28067 CW 2025-12-13 2119 N4EXA 599 FL PW2E 599 337
QSO: 28050 CW 2025-12-13 2120 N4EXA 599 FL PY2EL 599 309
QSO: 28091 CW 2025-12-13 2121 N4EXA 599 FL WD0T 599 SD
QSO: 28095 CW 2025-12-13 2121 N4EXA 599 FL XR2K 599 372
QSO: 28108 CW 2025-12-13 2122 N4EXA 599 FL WP4TZ 599 870
QSO: 28112 CW 2025-12-13 2122 N4EXA 599 FL 4A2DX 599 AGS
QSO: 28118 CW 2025-12-13 2123 N4EXA 599 FL KM9R 599 NV
QSO: 28005 CW 2025-12-13 2125 N4EXA 599 FL ND8DX 599 OH
QSO: 28043 CW 2025-12-13 2125 N4EXA 599 FL VE7NZ 599 BC
QSO: 28044 CW 2025-12-13 2125 N4EXA 599 FL W7CXX 599 UT
QSO: 28063 CW 2025-12-13 2126 N4EXA 599 FL K7BG 599 SD
QSO: 28128 CW 2025-12-13 2127 N4EXA 599 FL OA4DKN 599 239
QSO: 28302 PH 2025-12-13 2128 N4EXA 59 FL PR1T 59 1588
QSO: 28300 PH 2025-12-13 2129 N4EXA 59 FL YY5ALI 59 176
QSO: 28340 PH 2025-12-13 2129 N4EXA 59 FL VE3JM 59 ON
QSO: 28365 PH 2025-12-13 2130 N4EXA 59 FL HK3C 59 411
QSO: 28425 PH 2025-12-13 2131 N4EXA 59 FL K3EST 59 CA
QSO: 28078 CW 2025-12-13 2132 N4EXA 599 FL PY1VOY 599 089
QSO: 28324 PH 2025-12-13 2132 N4EXA 59 FL W0PSY 59 CO
QSO: 28486 PH 2025-12-13 2134 N4EXA 59 FL KF0SIG 59 MN
QSO: 28486 PH 2025-12-13 2136 N4EXA 59 FL PP1WW 59 421
QSO: 28486 PH 2025-12-13 2137 N4EXA 59 FL K7UAP 59 WA
QSO: 28486 PH 2025-12-13 2137 N4EXA 59 FL W0GFE 59 ND
QSO: 28486 PH 2025-12-13 2137 N4EXA 59 FL N0RO 59 MN
QSO: 28486 PH 2025-12-13 2138 N4EXA 59 FL N7IR 59 AZ
QSO: 28486 PH 2025-12-13 2138 N4EXA 59 FL KA5SDS 59 NM
QSO: 28486 PH 2025-12-13 2139 N4EXA 59 FL KI5WTR 59 NM
QSO: 28486 PH 2025-12-13 2139 N4EXA 59 FL N0IP 59 MN
QSO: 28486 PH 2025-12-13 2139 N4EXA 59 FL VA7LEC 59 BC
QSO: 28486 PH 2025-12-13 2140 N4EXA 59 FL CE4KS 59 292
QSO: 28486 PH 2025-12-13 2141 N4EXA 59 FL WV7HS 59 AZ
QSO: 28486 PH 2025-12-13 2141 N4EXA 59 FL NA4DA 59 FL
QSO: 28486 PH 2025-12-13 2142 N4EXA 59 FL K0RJK 59 CO
QSO: 28486 PH 2025-12-13 2143 N4EXA 59 FL VE7CKZ 59 BC
QSO: 28486 PH 2025-12-13 2143 N4EXA 59 FL K5TA 59 NM
QSO: 28486 PH 2025-12-13 2143 N4EXA 59 FL VE7DYH 59 BC
QSO: 28486 PH 2025-12-13 2144 N4EXA 59 FL WP4TRV 59 028
QSO: 28486 PH 2025-12-13 2145 N4EXA 59 FL KT3M 59 CO
QSO: 28486 PH 2025-12-13 2145 N4EXA 59 FL VJ2X 59 367
QSO: 28486 PH 2025-12-13 2146 N4EXA 59 FL VE7DAQ 59 BC
QSO: 28486 PH 2025-12-13 2146 N4EXA 59 FL N7NWL 59 AZ
QSO: 28486 PH 2025-12-13 2147 N4EXA 59 FL NP4ET 59 232
QSO: 28486 PH 2025-12-13 2147 N4EXA 59 FL WA9URF 59 WI
QSO: 28486 PH 2025-12-13 2148 N4EXA 59 FL K7GPS 59 AZ
QSO: 28486 PH 2025-12-13 2148 N4EXA 59 FL K1CL 59 ME
QSO: 28486 PH 2025-12-13 2150 N4EXA 59 FL K7ULS 59 UT
QSO: 28486 PH 2025-12-13 2150 N4EXA 59 FL KK7MBX 59 AZ
QSO: 28572 PH 2025-12-13 2152 N4EXA 59 FL FS5GL 59 050
QSO: 28486 PH 2025-12-13 2154 N4EXA 59 FL KF0URH 59 MN
QSO: 28486 PH 2025-12-13 2154 N4EXA 59 FL W0NP 59 CO
QSO: 28485 PH 2025-12-13 2156 N4EXA 59 FL VE9WRS 59 NB
QSO: 28485 PH 2025-12-13 2156 N4EXA 59 FL YV4RCT 59 013
QSO: 28018 CW 2025-12-13 2159 N4EXA 599 FL ZL4TT 599 175
QSO: 28065 CW 2025-12-13 2200 N4EXA 599 FL FK8IK 599 1011
QSO: 28001 CW 2025-12-13 2201 N4EXA 599 FL D4C 599 2559
QSO: 28428 PH 2025-12-13 2201 N4EXA 59 FL FK8GM 59 218
QSO: 28485 PH 2025-12-13 2203 N4EXA 59 FL WA7TT 59 ID
QSO: 28485 PH 2025-12-13 2204 N4EXA 59 FL XQ1CY 59 143
QSO: 28485 PH 2025-12-13 2205 N4EXA 59 FL PY4LH 59 300
QSO: 28485 PH 2025-12-13 2206 N4EXA 59 FL KA1AQ 59 FL
QSO: 28485 PH 2025-12-13 2207 N4EXA 59 FL N0PVW 59 CO
QSO: 28485 PH 2025-12-13 2207 N4EXA 59 FL KA0WWT 59 NV
QSO: 28485 PH 2025-12-13 2208 N4EXA 59 FL W0XW 59 MN
QSO: 28485 PH 2025-12-13 2209 N4EXA 59 FL WW0WB 59 CO
QSO: 28485 PH 2025-12-13 2209 N4EXA 59 FL KV5A 59 NM
QSO: 28485 PH 2025-12-13 2210 N4EXA 59 FL YV5BRB 59 083
QSO: 28485 PH 2025-12-13 2211 N4EXA 59 FL K0RQ 59 ND
QSO: 28670 PH 2025-12-13 2214 N4EXA 59 FL ZW2A 59 598
QSO: 28598 PH 2025-12-13 2216 N4EXA 59 FL PW2K 59 1098
QSO: 28556 PH 2025-12-13 2217 N4EXA 59 FL CE2LE 59 413
QSO: 28513 PH 2025-12-13 2218 N4EXA 59 FL AY3W 59 324
QSO: 28499 PH 2025-12-13 2218 N4EXA 59 FL FM5BH 59 1682
QSO: 28482 PH 2025-12-13 2219 N4EXA 59 FL ZZ2O 59 1257
QSO: 28462 PH 2025-12-13 2219 N4EXA 59 FL NT6X 59 CA
QSO: 28082 CW 2025-12-13 2221 N4EXA 599 FL HC2GRC 599 548
QSO: 28092 CW 2025-12-13 2222 N4EXA 599 FL FS/IK2GWH 599 292
QSO: 28012 CW 2025-12-13 2223 N4EXA 599 FL KH6AQ 599 HI
QSO: 28026 CW 2025-12-13 2224 N4EXA 599 FL K6XX 599 CA
QSO: 28032 CW 2025-12-13 2224 N4EXA 599 FL N2IC 599 NM
QSO: 28063 CW 2025-12-13 2226 N4EXA 599 FL WW6W 599 ND
QSO: 28063 CW 2025-12-13 2227 N4EXA 599 FL W1NV 599 CO
QSO: 28063 CW 2025-12-13 2227 N4EXA 599 FL W4SIG 599 UT
QSO: 28063 CW 2025-12-13 2228 N4EXA 599 FL XE2IF 599 BCS
QSO: 28063 CW 2025-12-13 2229 N4EXA 599 FL AE2DX 599 FL
QSO: 28063 CW 2025-12-13 2230 N4EXA 599 FL WB7GR 599 WY
QSO: 28063 CW 2025-12-13 2230 N4EXA 599 FL WN6A 599 CA
QSO: 28063 CW 2025-12-13 2232 N4EXA 599 FL JA0FVU 599 468
QSO: 28063 CW 2025-12-13 2232 N4EXA 599 FL JA1RPK 599 059
QSO: 28063 CW 2025-12-13 2233 N4EXA 599 FL JR2NMJ 599 085
QSO: 28063 CW 2025-12-13 2233 N4EXA 599 FL WD6ERS 599 AZ
QSO: 28063 CW 2025-12-13 2235 N4EXA 599 FL VE5VA 599 SK
QSO: 28063 CW 2025-12-13 2236 N4EXA 599 FL JA1BJI 599 441
QSO: 28063 CW 2025-12-13 2237 N4EXA 599 FL W7ES 599 AZ
QSO: 28063 CW 2025-12-13 2237 N4EXA 599 FL WD7R 599 AZ
QSO: 28063 CW 2025-12-13 2238 N4EXA 599 FL W6KGP 599 WY
QSO: 28063 CW 2025-12-13 2240 N4EXA 599 FL VE5VG 599 SK
QSO: 28063 CW 2025-12-13 2241 N4EXA 599 FL JH1WFS 599 130
QSO: 28063 CW 2025-12-13 2242 N4EXA 599 FL JM1SMY 599 214
QSO: 28063 CW 2025-12-13 2243 N4EXA 599 FL AB7R 599 ID
QSO: 28063 CW 2025-12-13 2244 N4EXA 599 FL N6MU 599 CA
QSO: 28063 CW 2025-12-13 2244 N4EXA 599 FL KA0WWT 599 NV
QSO: 28331 PH 2025-12-13 2245 N4EXA 59 FL AB6GS 59 WY
QSO: 28063 CW 2025-12-13 2245 N4EXA 599 FL N7BBQ 599 AZ
QSO: 28063 CW 2025-12-13 2247 N4EXA 599 FL K5HDU 599 UT
QSO: 28063 CW 2025-12-13 2247 N4EXA 599 FL K5TT 599 AZ
QSO: 28063 CW 2025-12-13 2248 N4EXA 599 FL KO4VW 599 GA
QSO: 28063 CW 2025-12-13 2249 N4EXA 599 FL KL7VX 599 AK
QSO: 28063 CW 2025-12-13 2249 N4EXA 599 FL WB4VAM 599 AZ
QSO: 28063 CW 2025-12-13 2249 N4EXA 599 FL W7KPL 599 AZ
QSO: 28063 CW 2025-12-13 2250 N4EXA 599 FL NN7A 599 CO
QSO: 28063 CW 2025-12-13 2250 N4EXA 599 FL JQ1CIV 599 194
QSO: 28452 PH 2025-12-13 2252 N4EXA 59 FL VA5DX 59 SK
QSO: 28063 CW 2025-12-13 2254 N4EXA 599 FL W6JBR 599 CA
QSO: 28063 CW 2025-12-13 2254 N4EXA 599 FL N7HYV 599 NV
QSO: 28063 CW 2025-12-13 2254 N4EXA 599 FL W4LOO 599 UT
QSO: 28063 CW 2025-12-13 2255 N4EXA 599 FL WA7BNM 599 CA
QSO: 28063 CW 2025-12-13 2255 N4EXA 599 FL W4IDX 599 AZ
QSO: 28063 CW 2025-12-13 2257 N4EXA 599 FL JH7VHZ 599 292
QSO: 28350 PH 2025-12-13 2300 N4EXA 59 FL ZM4T 59 518
QSO: 28349 PH 2025-12-13 2300 N4EXA 59 FL LU1VM 59 223
QSO: 28555 PH 2025-12-13 2302 N4EXA 59 FL KH6TU 59 HI
QSO: 28063 CW 2025-12-13 2304 N4EXA 599 FL W7WHO 599 OR
QSO: 28020 CW 2025-12-13 2310 N4EXA 599 FL N6XI 599 CA
QSO: 28028 CW 2025-12-13 2311 N4EXA 599 FL K7NEW 599 WA
QSO: 28312 PH 2025-12-13 2313 N4EXA 59 FL CE4PS 59 783
QSO: 28371 PH 2025-12-13 2313 N4EXA 59 FL K6AM 59 CA
QSO: 28444 PH 2025-12-13 2314 N4EXA 59 FL CE4JZO 59 030
QSO: 28459 PH 2025-12-13 2315 N4EXA 59 FL WC6H 59 CA
QSO: 28462 PH 2025-12-13 2316 N4EXA 59 FL N6KN 59 CA
QSO: 28477 PH 2025-12-13 2316 N4EXA 59 FL PR2N 59 814
QSO: 28497 PH 2025-12-13 2317 N4EXA 59 FL LP1H 59 1836
QSO: 28518 PH 2025-12-13 2317 N4EXA 59 FL LO7H 59 119
QSO: 28468 PH 2025-12-13 2318 N4EXA 59 FL CB8E 59 313
QSO: 28527 PH 2025-12-13 2318 N4EXA 59 FL CB6LR 59 543
QSO: 28507 PH 2025-12-13 2319 N4EXA 59 FL L75M 59 134
QSO: 28573 PH 2025-12-13 2320 N4EXA 59 FL XR7T 59 989
QSO: 28667 PH 2025-12-13 2321 N4EXA 59 FL CX8BG 59 238
QSO: 28425 PH 2025-12-13 2322 N4EXA 59 FL PY2BN 59 120
QSO: 28343 PH 2025-12-13 2323 N4EXA 59 FL CX2RA 59 128
QSO: 28005 CW 2025-12-13 2325 N4EXA 599 FL PY2NY 599 214
QSO: 28001 CW 2025-12-13 2326 N4EXA 599 FL KP4AA 599 2169
QSO: 28024 CW 2025-12-13 2329 N4EXA 599 FL N6PN 599 CA
QSO: 28068 CW 2025-12-13 2330 N4EXA 599 FL K6KM 599 CA
QSO: 28007 CW 2025-12-13 2336 N4EXA 599 FL K6ACW 599 CA
QSO: 28035 CW 2025-12-13 2339 N4EXA 599 FL NX6T 599 CA
QSO: 28037 CW 2025-12-13 2339 N4EXA 599 FL W6KC 599 CA
QSO: 28306 PH 2025-12-13 2341 N4EXA 59 FL HC2GRC 59 593
QSO: 28022 CW 2025-12-13 2349 N4EXA 599 FL WH7T 599 HI
QSO: 28044 CW 2025-12-13 2351 N4EXA 599 FL LU7HF 599 422
QSO: 28051 CW 2025-12-13 2353 N4EXA 599 FL PY2NA 599 293
QSO: 28501 PH 2025-12-13 2356 N4EXA 59 FL LU7HDJ 59 038
QSO: 28434 PH 2025-12-13 2359 N4EXA 59 FL LU3DK 59 104
QSO: 28497 PH 2025-12-14 0004 N4EXA 59 FL PY2RFA 59 110
QSO: 28031 CW 2025-12-14 0030 N4EXA 599 FL K3AJ 599 MD
QSO: 28005 CW 2025-12-14 1115 N4EXA 599 FL KN2D 599 FL
QSO: 28003 CW 2025-12-14 1127 N4EXA 599 FL AA1K 599 DE
QSO: 28011 CW 2025-12-14 1129 N4EXA 599 FL W4RN 599 VA
QSO: 28003 CW 2025-12-14 1153 N4EXA 599 FL ED7W 599 1531
QSO: 28011 CW 2025-12-14 1155 N4EXA 599 FL W4RN 599 VA
QSO: 28028 CW 2025-12-14 1158 N4EXA 599 FL N4BP 599 FL
QSO: 28023 CW 2025-12-14 1206 N4EXA 599 FL W3RJ 599 PA
QSO: 28007 CW 2025-12-14 1209 N4EXA 599 FL N4KS 599 FL
QSO: 28000 CW 2025-12-14 1210 N4EXA 599 FL LZ9W 599 1324
QSO: 28019 CW 2025-12-14 1212 N4EXA 599 FL K3RA 599 MD
QSO: 28062 CW 2025-12-14 1215 N4EXA 599 FL M6T 599 1480
QSO: 28066 CW 2025-12-14 1219 N4EXA 599 FL YU7KW 599 489
QSO: 28049 CW 2025-12-14 1225 N4EXA 599 FL 9J2FI 599 1544
QSO: 28032 CW 2025-12-14 1230 N4EXA 599 FL OK2W 599 511
QSO: 28029 CW 2025-12-14 1233 N4EXA 599 FL 7Q2T 599 1710
QSO: 28022 CW 2025-12-14 1235 N4EXA 599 FL NM4AA 599 FL
QSO: 28012 CW 2025-12-14 1237 N4EXA 599 FL II2S 599 1589
QSO: 28084 CW 2025-12-14 1241 N4EXA 599 FL GM3YTS 599 235
QSO: 28082 CW 2025-12-14 1241 N4EXA 599 FL S51MM 599 789
QSO: 28068 CW 2025-12-14 1243 N4EXA 599 FL RG6G 599 1385
QSO: 28060 CW 2025-12-14 1246 N4EXA 599 FL EA6SX 599 741
QSO: 28027 CW 2025-12-14 1249 N4EXA 599 FL OQ2X 599 896
QSO: 28026 CW 2025-12-14 1251 N4EXA 599 FL N3QE 599 MD
QSO: 28024 CW 2025-12-14 1252 N4EXA 599 FL S51DX 599 076
QSO: 28020 CW 2025-12-14 1254 N4EXA 599 FL IZ5EKV 599 255
QSO: 28014 CW 2025-12-14 1255 N4EXA 599 FL TM1X 599 751
QSO: 28012 CW 2025-12-14 1256 N4EXA 599 FL R3ZZ 599 840
QSO: 28043 CW 2025-12-14 1303 N4EXA 599 FL R7LV 599 471
QSO: 28036 CW 2025-12-14 1304 N4EXA 599 FL DA1DX 599 918
QSO: 28032 CW 2025-12-14 1306 N4EXA 599 FL FM5BH 599 1983
QSO: 28027 CW 2025-12-14 1307 N4EXA 599 FL F6HKA 599 532
QSO: 28026 CW 2025-12-14 1308 N4EXA 599 FL 9A4WY 599 103
QSO: 28015 CW 2025-12-14 1309 N4EXA 599 FL MM0T 599 822
QSO: 28015 CW 2025-12-14 1310 N4EXA 599 FL YU6DX 599 777
QSO: 28014 CW 2025-12-14 1311 N4EXA 599 FL MM1E 599 263
QSO: 28009 CW 2025-12-14 1312 N4EXA 599 FL S59A 599 112
QSO: 28009 CW 2025-12-14 1313 N4EXA 599 FL HA3DX 599 966
QSO: 28003 CW 2025-12-14 1316 N4EXA 599 FL OL0W 599 623
QSO: 28039 CW 2025-12-14 1318 N4EXA 599 FL IS0AFM 599 204
QSO: 28065 CW 2025-12-14 1318 N4EXA 599 FL F5MYK 599 535
QSO: 28064 CW 2025-12-14 1319 N4EXA 599 FL 9A1CBM 599 795
QSO: 28070 CW 2025-12-14 1320 N4EXA 599 FL DK8ZB 599 454
QSO: 28067 CW 2025-12-14 1320 N4EXA 599 FL G2E 599 404
QSO: 28052 CW 2025-12-14 1321 N4EXA 599 FL EF6T 599 861
QSO: 28056 CW 2025-12-14 1322 N4EXA 599 FL DK5DQ 599 741
QSO: 28057 CW 2025-12-14 1323 N4EXA 599 FL OK1DOL 599 132
QSO: 28084 CW 2025-12-14 1323 N4EXA 599 FL DL0WH 599 558
QSO: 28091 CW 2025-12-14 1323 N4EXA 599 FL S51DI 599 558
QSO: 28000 CW 2025-12-14 1324 N4EXA 599 FL DC4A 599 024
QSO: 28005 CW 2025-12-14 1325 N4EXA 599 FL DL3UB 599 049
QSO: 28007 CW 2025-12-14 1325 N4EXA 599 FL DR7B 599 561
QSO: 28019 CW 2025-12-14 1327 N4EXA 599 FL M2G 599 618
QSO: 28024 CW 2025-12-14 1327 N4EXA 599 FL OE2S 599 646
QSO: 28026 CW 2025-12-14 1328 N4EXA 599 FL M4T 599 742
QSO: 28035 CW 2025-12-14 1329 N4EXA 599 FL OQ0Q 599 459
QSO: 28033 CW 2025-12-14 1330 N4EXA 599 FL EI7M 599 1725
QSO: 28098 CW 2025-12-14 1331 N4EXA 599 FL IO5M 599 763
QSO: 28098 CW 2025-12-14 1332 N4EXA 599 FL 4Z5ML 599 783
QSO: 28098 CW 2025-12-14 1333 N4EXA 599 FL S58Y 599 013
QSO: 28098 CW 2025-12-14 1333 N4EXA 599 FL YU9A 599 005
QSO: 28098 CW 2025-12-14 1334 N4EXA 599 FL UA6HFI 599 197
QSO: 28098 CW 2025-12-14 1334 N4EXA 599 FL SV8GGI 599 186
QSO: 28098 CW 2025-12-14 1335 N4EXA 599 FL YL3NU 599 176
QSO: 28098 CW 2025-12-14 1336 N4EXA 599 FL 9A925T 599 343
QSO: 28098 CW 2025-12-14 1336 N4EXA 599 FL HB9FAP 599 836
QSO: 28098 CW 2025-12-14 1336 N4EXA 599 FL PE4A 599 093
QSO: 28098 CW 2025-12-14 1337 N4EXA 599 FL LY1CT 599 045
QSO: 28098 CW 2025-12-14 1338 N4EXA 599 FL PA0GJV 599 435
QSO: 28098 CW 2025-12-14 1338 N4EXA 599 FL OK2FD 599 029
QSO: 28098 CW 2025-12-14 1339 N4EXA 599 FL SK0QO 599 432
QSO: 28098 CW 2025-12-14 1339 N4EXA 599 FL F5PLC 599 174
QSO: 28098 CW 2025-12-14 1340 N4EXA 599 FL HB0WR 599 153
QSO: 28098 CW 2025-12-14 1341 N4EXA 599 FL RD6OK 599 057
QSO: 28098 CW 2025-12-14 1341 N4EXA 599 FL YO2CMI 599 048
QSO: 28098 CW 2025-12-14 1342 N4EXA 599 FL DK2OY 599 194
QSO: 28098 CW 2025-12-14 1342 N4EXA 599 FL OK2CMW 599 034
QSO: 28098 CW 2025-12-14 1343 N4EXA 599 FL S53V 599 307
QSO: 28098 CW 2025-12-14 1343 N4EXA 599 FL SN1O 599 048
QSO: 28098 CW 2025-12-14 1343 N4EXA 599 FL HB9HTF 599 006
QSO: 28098 CW 2025-12-14 1345 N4EXA 599 FL DJ7UC 599 191
QSO: 28098 CW 2025-12-14 1347 N4EXA 599 FL F5NKX 599 237
QSO: 28098 CW 2025-12-14 1347 N4EXA 599 FL SN5N 599 343
QSO: 28098 CW 2025-12-14 1347 N4EXA 599 FL F1ADG 599 088
QSO: 28098 CW 2025-12-14 1348 N4EXA 599 FL OK1MAW 599 112
QSO: 28098 CW 2025-12-14 1348 N4EXA 599 FL EA5O 599 909
QSO: 28098 CW 2025-12-14 1348 N4EXA 599 FL OK1TN 599 251
QSO: 28098 CW 2025-12-14 1348 N4EXA 599 FL UR5FIL 599 280
QSO: 28098 CW 2025-12-14 1349 N4EXA 599 FL DF7CP 599 102
QSO: 28098 CW 2025-12-14 1350 N4EXA 599 FL DD6CW 599 254
QSO: 28098 CW 2025-12-14 1351 N4EXA 599 FL SA7DXR 599 043
QSO: 28098 CW 2025-12-14 1351 N4EXA 599 FL PA6G 599 407
QSO: 28098 CW 2025-12-14 1351 N4EXA 599 FL UW3WF 599 129
QSO: 28098 CW 2025-12-14 1352 N4EXA 599 FL IV3EAD 599 006
QSO: 28098 CW 2025-12-14 1353 N4EXA 599 FL HA8BE 599 272
QSO: 28098 CW 2025-12-14 1353 N4EXA 599 FL PG3R 599 054
QSO: 28098 CW 2025-12-14 1354 N4EXA 599 FL E77Y 599 223
QSO: 28098 CW 2025-12-14 1355 N4EXA 599 FL PA2REH 599 144
QSO: 28098 CW 2025-12-14 1356 N4EXA 599 FL EU4E 599 696
QSO: 28051 CW 2025-12-14 1400 N4EXA 599 FL CT3KN 599 792
QSO: 28385 PH 2025-12-14 1400 N4EXA 59 FL OD5KU 59 1443
QSO: 28555 PH 2025-12-14 1403 N4EXA 59 FL PB0AFZ 59 206
QSO: 28555 PH 2025-12-14 1403 N4EXA 59 FL HA0SA 59 374
QSO: 28555 PH 2025-12-14 1404 N4EXA 59 FL IO1X 59 022
QSO: 28555 PH 2025-12-14 1404 N4EXA 59 FL 9A5Y 59 2432
QSO: 28555 PH 2025-12-14 1404 N4EXA 59 FL IZ6JPK 59 074
QSO: 28555 PH 2025-12-14 1404 N4EXA 59 FL DL2AAK 59 107
QSO: 28555 PH 2025-12-14 1405 N4EXA 59 FL F1ADG 59 098
QSO: 28555 PH 2025-12-14 1405 N4EXA 59 FL EA8XNX 59 264
QSO: 28555 PH 2025-12-14 1405 N4EXA 59 FL HB9NE 59 1233
QSO: 28555 PH 2025-12-14 1406 N4EXA 59 FL IU5KYZ/M 59 001
QSO: 28555 PH 2025-12-14 1407 N4EXA 59 FL IU2QBG 59 048
QSO: 28555 PH 2025-12-14 1407 N4EXA 59 FL F5AOL 59 037
QSO: 28555 PH 2025-12-14 1408 N4EXA 59 FL HB9EUI 59 002
QSO: 28555 PH 2025-12-14 1409 N4EXA 59 FL YO3VVV 59 045
QSO: 28555 PH 2025-12-14 1410 N4EXA 59 FL GM4ULS 59 020
QSO: 28555 PH 2025-12-14 1410 N4EXA 59 FL HB9SNR 59 147
QSO: 28555 PH 2025-12-14 1410 N4EXA 59 FL HB9EYP 59 138
QSO: 28555 PH 2025-12-14 1410 N4EXA 59 FL HK1PLA 59 046
QSO: 28555 PH 2025-12-14 1410 N4EXA 59 FL DL2GMI 59 064
QSO: 28555 PH 2025-12-14 1411 N4EXA 59 FL IK4UQE 59 061
QSO: 28555 PH 2025-12-14 1411 N4EXA 59 FL HB3YOR 59 096
QSO: 28555 PH 2025-12-14 1412 N4EXA 59 FL F4JIB 59 124
QSO: 28555 PH 2025-12-14 1413 N4EXA 59 FL DL6NAN 59 086
QSO: 28555 PH 2025-12-14 1413 N4EXA 59 FL SQ2PHG 59 715
QSO: 28555 PH 2025-12-14 1413 N4EXA 59 FL WB3AFS 59 AZ
QSO: 28555 PH 2025-12-14 1414 N4EXA 59 FL IU2UFF 59 100
QSO: 28555 PH 2025-12-14 1415 N4EXA 59 FL DM800KM 59 094
QSO: 28555 PH 2025-12-14 1415 N4EXA 59 FL HK3ESF 59 052
QSO: 28555 PH 2025-12-14 1416 N4EXA 59 FL IW5EKR/M 59 019
QSO: 28555 PH 2025-12-14 1416 N4EXA 59 FL IK2OFS 59 002
QSO: 28086 CW 2025-12-14 1419 N4EXA 599 FL TK5MH 599 186
QSO: 28641 PH 2025-12-14 1420 N4EXA 59 FL VO2AC 59 LB
QSO: 28353 PH 2025-12-14 1421 N4EXA 59 FL VO1GO 59 NF
QSO: 28354 PH 2025-12-14 1426 N4EXA 59 FL FP5AC 59 486
QSO: 28555 PH 2025-12-14 1427 N4EXA 59 FL DL0BQ 59 649
QSO: 28555 PH 2025-12-14 1428 N4EXA 59 FL XE2Q 59 SON
QSO: 28555 PH 2025-12-14 1429 N4EXA 59 FL GM4CUX 59 012
QSO: 28555 PH 2025-12-14 1430 N4EXA 59 FL IT9BCC 59 298
QSO: 28555 PH 2025-12-14 1431 N4EXA 59 FL PD0RKO 59 125
QSO: 28555 PH 2025-12-14 1433 N4EXA 59 FL DO3TX 59 204
QSO: 28555 PH 2025-12-14 1435 N4EXA 59 FL SP7OQI 59 014
QSO: 28555 PH 2025-12-14 1435 N4EXA 59 FL EA4HRU 59 081
QSO: 28555 PH 2025-12-14 1435 N4EXA 59 FL OE6PBD 59 028
QSO: 28555 PH 2025-12-14 1436 N4EXA 59 FL IB1A 59 001
QSO: 28555 PH 2025-12-14 1437 N4EXA 59 FL TI2LCO 59 068
QSO: 28555 PH 2025-12-14 1437 N4EXA 59 FL LX3AA 59 179
QSO: 28555 PH 2025-12-14 1437 N4EXA 59 FL OK1OA 59 363
QSO: 28555 PH 2025-12-14 1438 N4EXA 59 FL TI1K 59 1835
QSO: 28555 PH 2025-12-14 1439 N4EXA 59 FL DL9SDR 59 001
QSO: 28555 PH 2025-12-14 1441 N4EXA 59 FL SO6I 59 582
QSO: 28659 PH 2025-12-14 1442 N4EXA 59 FL IO4X 59 118
QSO: 28650 PH 2025-12-14 1443 N4EXA 59 FL PI4DX 59 1437
QSO: 28614 PH 2025-12-14 1444 N4EXA 59 FL DR1D 59 1409
QSO: 28640 PH 2025-12-14 1444 N4EXA 59 FL OE9MON 59 232
QSO: 28532 PH 2025-12-14 1445 N4EXA 59 FL HB9CVQ 59 469
QSO: 28523 PH 2025-12-14 1445 N4EXA 59 FL OT6M 59 987
QSO: 28526 PH 2025-12-14 1446 N4EXA 59 FL OR1X 59 1105
QSO: 28527 PH 2025-12-14 1446 N4EXA 59 FL EA6URP 59 976
QSO: 28607 PH 2025-12-14 1447 N4EXA 59 FL OZ1ADL 59 738
QSO: 28611 PH 2025-12-14 1447 N4EXA 59 FL GM5X 59 1486
QSO: 28519 PH 2025-12-14 1448 N4EXA 59 FL MM2N 59 1260
QSO: 28506 PH 2025-12-14 1448 N4EXA 59 FL DL5IC 59 219
QSO: 28451 PH 2025-12-14 1449 N4EXA 59 FL II9P 59 1234
QSO: 28441 PH 2025-12-14 1449 N4EXA 59 FL IZ5EKV 59 365
QSO: 28394 PH 2025-12-14 1450 N4EXA 59 FL VP2MAA 59 1113
QSO: 28351 PH 2025-12-14 1450 N4EXA 59 FL TI1T 59 1651
QSO: 28344 PH 2025-12-14 1451 N4EXA 59 FL 9A1P 59 1883
QSO: 28337 PH 2025-12-14 1451 N4EXA 59 FL HB2Y 59 1224
QSO: 28315 PH 2025-12-14 1452 N4EXA 59 FL DJ0IF 59 739
QSO: 28319 PH 2025-12-14 1452 N4EXA 59 FL F8KFZ/P 59 796
QSO: 28119 CW 2025-12-14 1453 N4EXA 599 FL F6EMA 599 391
QSO: 28113 CW 2025-12-14 1454 N4EXA 599 FL OK6Y 599 646
QSO: 28111 CW 2025-12-14 1454 N4EXA 599 FL DL1NKS 599 324
QSO: 28067 CW 2025-12-14 1455 N4EXA 599 FL DK8ZZ 599 171
QSO: 28067 CW 2025-12-14 1455 N4EXA 599 FL IK3UNA 599 805
QSO: 28051 CW 2025-12-14 1456 N4EXA 599 FL OK1FPS 599 465
QSO: 28034 CW 2025-12-14 1458 N4EXA 599 FL 5Z4VJ 599 1591
QSO: 28006 CW 2025-12-14 1500 N4EXA 599 FL OQ5M 599 1044
QSO: 28007 CW 2025-12-14 1501 N4EXA 599 FL IT9RGY 599 867
QSO: 28010 CW 2025-12-14 1502 N4EXA 599 FL YT8A 599 121
QSO: 28020 CW 2025-12-14 1502 N4EXA 599 FL ON7PQ 599 100
QSO: 28026 CW 2025-12-14 1503 N4EXA 599 FL OR5T 599 179
QSO: 28027 CW 2025-12-14 1504 N4EXA 599 FL G4BUO 599 858
QSO: 28017 CW 2025-12-14 1505 N4EXA 599 FL DK3BK 599 031
QSO: 28029 CW 2025-12-14 1506 N4EXA 599 FL G4DRS 599 159
QSO: 28027 CW 2025-12-14 1506 N4EXA 599 FL IK1WEG 599 213
QSO: 28333 PH 2025-12-14 1509 N4EXA 59 FL OP2A 59 748
QSO: 28337 PH 2025-12-14 1509 N4EXA 59 FL F4DSK 59 032
QSO: 28362 PH 2025-12-14 1510 N4EXA 59 FL VA1MM 59 NS
QSO: 28374 PH 2025-12-14 1510 N4EXA 59 FL TI8X 59 1564
QSO: 28426 PH 2025-12-14 1511 N4EXA 59 FL TM1C 59 1846
QSO: 28458 PH 2025-12-14 1512 N4EXA 59 FL OK2PVF 59 097
QSO: 28478 PH 2025-12-14 1512 N4EXA 59 FL IO5O 59 1456
QSO: 28508 PH 2025-12-14 1513 N4EXA 59 FL EA7Z 59 158
QSO: 28559 PH 2025-12-14 1513 N4EXA 59 FL MM0TFU 59 244
QSO: 28701 PH 2025-12-14 1514 N4EXA 59 FL VY2TT 59 PE
QSO: 28448 PH 2025-12-14 1516 N4EXA 59 FL DF8XC 59 528
QSO: 28441 PH 2025-12-14 1516 N4EXA 59 FL F5IDJ 59 336
QSO: 28396 PH 2025-12-14 1516 N4EXA 59 FL ED7R 59 738
QSO: 28378 PH 2025-12-14 1517 N4EXA 59 FL DL0WW 59 672
QSO: 28379 PH 2025-12-14 1517 N4EXA 59 FL OR2F 59 1156
QSO: 28355 PH 2025-12-14 1518 N4EXA 59 FL F2GL 59 142
QSO: 28315 PH 2025-12-14 1519 N4EXA 59 FL F5NBX 59 974
QSO: 28098 CW 2025-12-14 1520 N4EXA 599 FL OR4M 599 103
QSO: 28095 CW 2025-12-14 1521 N4EXA 599 FL DM4X 599 255
QSO: 28092 CW 2025-12-14 1521 N4EXA 599 FL W8CAR 599 OH
QSO: 28079 CW 2025-12-14 1523 N4EXA 599 FL IK2SND 599 277
QSO: 28079 CW 2025-12-14 1523 N4EXA 599 FL OK2QA 599 115
QSO: 28079 CW 2025-12-14 1523 N4EXA 599 FL IZ4JMA 599 333
QSO: 28079 CW 2025-12-14 1524 N4EXA 599 FL PA3GDD 599 089
QSO: 28079 CW 2025-12-14 1524 N4EXA 599 FL K6WSC 599 AZ
QSO: 28079 CW 2025-12-14 1528 N4EXA 599 FL F6FET 599 055
QSO: 28035 CW 2025-12-14 1531 N4EXA 599 FL YT6A 599 1029
QSO: 28000 CW 2025-12-14 1532 N4EXA 599 FL EI6JK 599 140
QSO: 28016 CW 2025-12-14 1533 N4EXA 599 FL F5IN 599 084
QSO: 28660 PH 2025-12-14 1534 N4EXA 59 FL TF3SG 59 084
QSO: 28024 CW 2025-12-14 1535 N4EXA 599 FL F6KRK 599 1123
QSO: 28024 CW 2025-12-14 1535 N4EXA 599 FL DL5AXX 599 334
QSO: 28030 CW 2025-12-14 1537 N4EXA 599 FL VA1MM 599 NS
QSO: 28030 CW 2025-12-14 1537 N4EXA 599 FL IK2YCW 599 929
QSO: 28136 CW 2025-12-14 1539 N4EXA 599 FL IO4X 599 228
QSO: 28118 CW 2025-12-14 1540 N4EXA 599 FL IT9ESW 599 241
QSO: 28118 CW 2025-12-14 1540 N4EXA 599 FL DJ6GI 599 094
QSO: 28118 CW 2025-12-14 1541 N4EXA 599 FL DL8WEM 599 381
QSO: 28118 CW 2025-12-14 1541 N4EXA 599 FL AJ4F 599 TX
QSO: 28118 CW 2025-12-14 1542 N4EXA 599 FL OK1VK 599 345
QSO: 28118 CW 2025-12-14 1543 N4EXA 599 FL DL2OE 599 152
QSO: 28118 CW 2025-12-14 1543 N4EXA 599 FL ON5JT 599 522
QSO: 28118 CW 2025-12-14 1546 N4EXA 599 FL HA3NF 599 758
QSO: 28118 CW 2025-12-14 1547 N4EXA 599 FL EA2AZ 599 623
QSO: 28118 CW 2025-12-14 1549 N4EXA 599 FL G4PVM 599 169
QSO: 28118 CW 2025-12-14 1550 N4EXA 599 FL K6LIE 599 NM
QSO: 28044 CW 2025-12-14 1552 N4EXA 599 FL ZD7BG 599 680
QSO: 28020 CW 2025-12-14 1555 N4EXA 599 FL EA4KA 599 617
QSO: 28022 CW 2025-12-14 1556 N4EXA 599 FL G3P 599 079
QSO: 28529 PH 2025-12-14 1559 N4EXA 59 FL EA1FW 59 146
QSO: 28606 PH 2025-12-14 1600 N4EXA 59 FL EA1YD 59 315
QSO: 28652 PH 2025-12-14 1600 N4EXA 59 FL N4OX 59 FL
QSO: 28672 PH 2025-12-14 1600 N4EXA 59 FL EA3CI 59 690
QSO: 28758 PH 2025-12-14 1601 N4EXA 59 FL NJ4P 59 TN
QSO: 28516 PH 2025-12-14 1602 N4EXA 59 FL DK3T 59 603
QSO: 28523 PH 2025-12-14 1602 N4EXA 59 FL CT7AUE 59 1755
QSO: 28505 PH 2025-12-14 1603 N4EXA 59 FL WA7NB 59 AZ
QSO: 28455 PH 2025-12-14 1603 N4EXA 59 FL 4A5E 59 QRO
QSO: 28452 PH 2025-12-14 1604 N4EXA 59 FL TM3A 59 745
QSO: 28547 PH 2025-12-14 1604 N4EXA 59 FL HK1NA 59 2812
QSO: 28563 PH 2025-12-14 1605 N4EXA 59 FL ED5E 59 901
QSO: 28585 PH 2025-12-14 1606 N4EXA 59 FL VO1CH 59 NF
QSO: 28611 PH 2025-12-14 1606 N4EXA 59 FL VE1OR 59 NS
QSO: 28644 PH 2025-12-14 1607 N4EXA 59 FL K1BX 59 NH
QSO: 28666 PH 2025-12-14 1607 N4EXA 59 FL CE4KK 59 616
QSO: 28675 PH 2025-12-14 1609 N4EXA 59 FL KI5WTR 59 NM
QSO: 28675 PH 2025-12-14 1611 N4EXA 59 FL NV6B 59 ID
QSO: 28520 PH 2025-12-14 1612 N4EXA 59 FL XE1ZTW 59 EMX
QSO: 28043 CW 2025-12-14 1617 N4EXA 599 FL F8KGW 599 468
QSO: 28026 CW 2025-12-14 1617 N4EXA 599 FL VA2UR 599 QC
QSO: 28011 CW 2025-12-14 1618 N4EXA 599 FL F8AAN 599 143
QSO: 28028 CW 2025-12-14 1619 N4EXA 599 FL EA5DF 599 719
QSO: 28035 CW 2025-12-14 1620 N4EXA 599 FL W7JET 599 AZ
QSO: 28040 CW 2025-12-14 1621 N4EXA 599 FL TF3W 599 840
QSO: 28054 CW 2025-12-14 1623 N4EXA 599 FL EB7KA 599 384
QSO: 28054 CW 2025-12-14 1623 N4EXA 599 FL WM9C 599 IL
QSO: 28061 CW 2025-12-14 1624 N4EXA 599 FL G6XX 599 198
QSO: 28062 CW 2025-12-14 1625 N4EXA 599 FL W6SX 599 CA
QSO: 28065 CW 2025-12-14 1627 N4EXA 599 FL N9CO 599 IL
QSO: 28070 CW 2025-12-14 1630 N4EXA 599 FL GM5X 599 1757
QSO: 28081 CW 2025-12-14 1631 N4EXA 599 FL F6PTT 599 1372
QSO: 28094 CW 2025-12-14 1631 N4EXA 599 FL N6KN 599 CA
QSO: 28300 PH 2025-12-14 1632 N4EXA 59 FL HC4ER 59 191
QSO: 28472 PH 2025-12-14 1639 N4EXA 59 FL CU2CO 59 530
QSO: 28306 PH 2025-12-14 1640 N4EXA 59 FL V55Y 59 1820
QSO: 28059 CW 2025-12-14 1641 N4EXA 599 FL TT1GD 599 703
QSO: 28079 CW 2025-12-14 1643 N4EXA 599 FL KA6BIM 599 OR
QSO: 28079 CW 2025-12-14 1643 N4EXA 599 FL YV8AD 599 255
QSO: 28079 CW 2025-12-14 1643 N4EXA 599 FL NU6S 599 CA
QSO: 28079 CW 2025-12-14 1645 N4EXA 599 FL VE7XF 599 BC
QSO: 28079 CW 2025-12-14 1645 N4EXA 599 FL VE4DL 599 MB
QSO: 28079 CW 2025-12-14 1647 N4EXA 599 FL W0UC 599 MN
QSO: 28079 CW 2025-12-14 1648 N4EXA 599 FL VA7MM 599 BC
QSO: 28079 CW 2025-12-14 1650 N4EXA 599 FL KV1J 599 ME
QSO: 28079 CW 2025-12-14 1651 N4EXA 599 FL WA1S 599 FL
QSO: 28079 CW 2025-12-14 1652 N4EXA 599 FL LT4E 599 034
QSO: 28079 CW 2025-12-14 1653 N4EXA 599 FL AA0AW 599 MN
QSO: 28385 PH 2025-12-14 1654 N4EXA 59 FL TM0T 59 256
QSO: 28079 CW 2025-12-14 1655 N4EXA 599 FL N5EE 599 AR
QSO: 28079 CW 2025-12-14 1656 N4EXA 599 FL W9ILY 599 IL
QSO: 28079 CW 2025-12-14 1657 N4EXA 599 FL N1TO 599 FL
QSO: 28079 CW 2025-12-14 1657 N4EXA 599 FL K7SS 599 WA
QSO: 28079 CW 2025-12-14 1658 N4EXA 599 FL OR2F 599 1222
QSO: 28079 CW 2025-12-14 1658 N4EXA 599 FL AD7N 599 UT
QSO: 28079 CW 2025-12-14 1659 N4EXA 599 FL W0BET 599 CO
QSO: 28079 CW 2025-12-14 1700 N4EXA 599 FL KM6ERJ 599 CA
QSO: 28079 CW 2025-12-14 1702 N4EXA 599 FL VY2OX 599 PE
QSO: 28079 CW 2025-12-14 1702 N4EXA 599 FL CE4KS 599 672
QSO: 28079 CW 2025-12-14 1703 N4EXA 599 FL W4EF 599 CA
QSO: 28079 CW 2025-12-14 1703 N4EXA 599 FL VE9AA 599 NB
QSO: 28079 CW 2025-12-14 1704 N4EXA 599 FL W0ZQ 599 MN
QSO: 28079 CW 2025-12-14 1705 N4EXA 599 FL W1AO 599 ME
QSO: 28079 CW 2025-12-14 1707 N4EXA 599 FL K7HBN 599 WA
QSO: 28079 CW 2025-12-14 1709 N4EXA 599 FL G0MBV 599 262
QSO: 28079 CW 2025-12-14 1711 N4EXA 599 FL K0VBU 599 KS
QSO: 28079 CW 2025-12-14 1712 N4EXA 599 FL WA7YAZ 599 UT
QSO: 28079 CW 2025-12-14 1713 N4EXA 599 FL K6JJR 599 CA
QSO: 28079 CW 2025-12-14 1714 N4EXA 599 FL G0SKW 599 040
QSO: 28079 CW 2025-12-14 1714 N4EXA 599 FL VE9ML 599 NB
QSO: 28109 CW 2025-12-14 1719 N4EXA 599 FL XE2X 599 TAM
QSO: 28001 CW 2025-12-14 1719 N4EXA 599 FL EA8RM 599 674
QSO: 28006 CW 2025-12-14 1720 N4EXA 599 FL AB3CX 599 NY
QSO: 28009 CW 2025-12-14 1720 N4EXA 599 FL EA7A 599 634
QSO: 28012 CW 2025-12-14 1721 N4EXA 599 FL W8XAL 599 CO
QSO: 28016 CW 2025-12-14 1722 N4EXA 599 FL NG7M 599 UT
QSO: 28021 CW 2025-12-14 1723 N4EXA 599 FL NW6P 599 CA
QSO: 28022 CW 2025-12-14 1723 N4EXA 599 FL NW6P 599 CA
QSO: 28025 CW 2025-12-14 1724 N4EXA 599 FL N6RV 599 CA
QSO: 28024 CW 2025-12-14 1726 N4EXA 599 FL K5BG 599 TX
QSO: 28036 CW 2025-12-14 1727 N4EXA 599 FL PU2ONX 599 354
QSO: 28039 CW 2025-12-14 1728 N4EXA 599 FL N4VI 599 CO
QSO: 28038 CW 2025-12-14 1729 N4EXA 599 FL TM2Y 599 693
QSO: 28057 CW 2025-12-14 1730 N4EXA 599 FL NE8P 599 OH
QSO: 28066 CW 2025-12-14 1731 N4EXA 599 FL K5PI 599 TX
QSO: 28067 CW 2025-12-14 1731 N4EXA 599 FL N5JJ 599 TX
QSO: 28117 CW 2025-12-14 1732 N4EXA 599 FL N7GP 599 AZ
QSO: 28338 PH 2025-12-14 1734 N4EXA 59 FL FY5KE 59 3363
QSO: 28707 PH 2025-12-14 1735 N4EXA 59 FL PZ5TW 59 240
QSO: 28015 CW 2025-12-14 1736 N4EXA 599 FL CR3DX 599 1421
QSO: 28048 CW 2025-12-14 1739 N4EXA 599 FL K5NZ 599 TX
QSO: 28051 CW 2025-12-14 1739 N4EXA 599 FL PJ4PA 599 736
QSO: 28099 CW 2025-12-14 1740 N4EXA 599 FL PY3OZ 599 1844
QSO: 28350 PH 2025-12-14 1741 N4EXA 59 FL ZW2T 59 175
QSO: 28335 PH 2025-12-14 1742 N4EXA 59 FL KV0Q 59 CO
QSO: 28368 PH 2025-12-14 1742 N4EXA 59 FL K7WXB 59 UT
QSO: 28387 PH 2025-12-14 1743 N4EXA 59 FL K0BF 59 CO
QSO: 28447 PH 2025-12-14 1744 N4EXA 59 FL K0EU 59 CO
QSO: 28450 PH 2025-12-14 1745 N4EXA 59 FL K0XF 59 CO
QSO: 28563 PH 2025-12-14 1746 N4EXA 59 FL CX1AR 59 732
QSO: 28643 PH 2025-12-14 1747 N4EXA 59 FL CV6T 59 643
QSO: 28655 PH 2025-12-14 1747 N4EXA 59 FL PX5X 59 1933
QSO: 28625 PH 2025-12-14 1748 N4EXA 59 FL PU2VLW 59 1131
QSO: 28474 PH 2025-12-14 1748 N4EXA 59 FL NX6T 59 CA
QSO: 28460 PH 2025-12-14 1749 N4EXA 59 FL KT6VV 59 NV
QSO: 28421 PH 2025-12-14 1750 N4EXA 59 FL NO5Z 59 NM
QSO: 28433 PH 2025-12-14 1751 N4EXA 59 FL K0YR 59 MN
QSO: 28405 PH 2025-12-14 1752 N4EXA 59 FL AD6WL 59 CA
QSO: 28361 PH 2025-12-14 1752 N4EXA 59 FL F6PTT 59 1755
QSO: 28069 CW 2025-12-14 1753 N4EXA 599 FL K7NT 599 WA
QSO: 28060 CW 2025-12-14 1754 N4EXA 599 FL NO9E 599 GA
QSO: 28315 PH 2025-12-14 1755 N4EXA 59 FL N0DL 59 SD
QSO: 28311 PH 2025-12-14 1755 N4EXA 59 FL KP4AA 59 3337
QSO: 28034 CW 2025-12-14 1756 N4EXA 599 FL EC4C 599 1033
QSO: 28357 PH 2025-12-14 1757 N4EXA 59 FL NP2X 59 004
QSO: 28016 CW 2025-12-14 1758 N4EXA 599 FL VE4GV 599 MB
QSO: 28020 CW 2025-12-14 1759 N4EXA 599 FL NJ6D 599 AZ
QSO: 28008 CW 2025-12-14 1759 N4EXA 599 FL N7XU 599 OR
QSO: 28023 CW 2025-12-14 1800 N4EXA 599 FL LT7D 599 440
QSO: 28029 CW 2025-12-14 1800 N4EXA 599 FL N2RC 599 NY
QSO: 28028 CW 2025-12-14 1801 N4EXA 599 FL K0SN 599 MT
QSO: 28032 CW 2025-12-14 1802 N4EXA 599 FL N0IM 599 CO
QSO: 28046 CW 2025-12-14 1802 N4EXA 599 FL LT6T 599 1179
QSO: 28056 CW 2025-12-14 1803 N4EXA 599 FL AD5A 599 TX
QSO: 28050 CW 2025-12-14 1806 N4EXA 599 FL VA7OM 599 BC
QSO: 28064 CW 2025-12-14 1806 N4EXA 599 FL VE7WO 599 BC
QSO: 28317 PH 2025-12-14 1806 N4EXA 59 FL VE7ZO 59 BC
QSO: 28351 PH 2025-12-14 1807 N4EXA 59 FL K7RI 59 WA
QSO: 28374 PH 2025-12-14 1807 N4EXA 59 FL WP4RF 59 462
QSO: 28386 PH 2025-12-14 1808 N4EXA 59 FL LT3E 59 2517
QSO: 28403 PH 2025-12-14 1809 N4EXA 59 FL N2GG 59 NM
QSO: 28478 PH 2025-12-14 1811 N4EXA 59 FL FS4WBS 59 240
QSO: 28490 PH 2025-12-14 1811 N4EXA 59 FL PJ4PA 59 843
QSO: 28486 PH 2025-12-14 1811 N4EXA 59 FL CV1R 59 376
QSO: 28521 PH 2025-12-14 1811 N4EXA 59 FL CW5W 59 3323
QSO: 28519 PH 2025-12-14 1812 N4EXA 59 FL N0XT 59 MN
QSO: 28549 PH 2025-12-14 1813 N4EXA 59 FL VE4GV 59 MB
QSO: 28567 PH 2025-12-14 1813 N4EXA 59 FL N6RV 59 CA
QSO: 28614 PH 2025-12-14 1814 N4EXA 59 FL WM9C 59 IL
QSO: 28669 PH 2025-12-14 1814 N4EXA 59 FL W7GES 59 AZ
QSO: 28687 PH 2025-12-14 1814 N4EXA 59 FL PU2UAF 59 267
QSO: 28713 PH 2025-12-14 1815 N4EXA 59 FL VE7NZ 59 BC
QSO: 28685 PH 2025-12-14 1815 N4EXA 59 FL PT1M 59 757
QSO: 28560 PH 2025-12-14 1816 N4EXA 59 FL PY2VZ 59 073
QSO: 28552 PH 2025-12-14 1817 N4EXA 59 FL K9MU 59 WI
QSO: 28460 PH 2025-12-14 1817 N4EXA 59 FL K0JU 59 CO
QSO: 28457 PH 2025-12-14 1818 N4EXA 59 FL LS2D 59 1408
QSO: 28436 PH 2025-12-14 1819 N4EXA 59 FL KK7TZP 59 WY
QSO: 28378 PH 2025-12-14 1819 N4EXA 59 FL N7GP 59 AZ
QSO: 28315 PH 2025-12-14 1820 N4EXA 59 FL KM3T 59 NH
QSO: 28081 CW 2025-12-14 1821 N4EXA 599 FL KN0V 599 MN
QSO: 28055 CW 2025-12-14 1822 N4EXA 599 FL HK1MW 599 1395
QSO: 28060 CW 2025-12-14 1823 N4EXA 599 FL KH6TU 599 HI
QSO: 28035 CW 2025-12-14 1824 N4EXA 599 FL N7EPD 599 WA
QSO: 28029 CW 2025-12-14 1824 N4EXA 599 FL K4SO 599 VA
QSO: 28049 CW 2025-12-14 1826 N4EXA 599 FL VE2FK 599 QC
QSO: 28065 CW 2025-12-14 1827 N4EXA 599 FL KP3W 599 318
QSO: 28068 CW 2025-12-14 1827 N4EXA 599 FL K4IU 599 MN
QSO: 28059 CW 2025-12-14 1828 N4EXA 599 FL W8MJ 599 MI
QSO: 28329 PH 2025-12-14 1828 N4EXA 59 FL N0HJZ 59 MN
QSO: 28314 PH 2025-12-14 1830 N4EXA 59 FL W0ADL 59 MN
QSO: 28314 PH 2025-12-14 1831 N4EXA 59 FL KM7CSZ 59 OR
QSO: 28314 PH 2025-12-14 1833 N4EXA 59 FL AA0AW 59 MN
QSO: 28314 PH 2025-12-14 1833 N4EXA 59 FL K9KDA 59 OR
QSO: 28314 PH 2025-12-14 1834 N4EXA 59 FL KF0UWE 59 NE
QSO: 28314 PH 2025-12-14 1834 N4EXA 59 FL CB4K 59 709
QSO: 28314 PH 2025-12-14 1835 N4EXA 59 FL EA8XNX 59 300
QSO: 28314 PH 2025-12-14 1835 N4EXA 59 FL KB0ARZ 59 NE
QSO: 28314 PH 2025-12-14 1836 N4EXA 59 FL DK5KMA 59 598
QSO: 28314 PH 2025-12-14 1836 N4EXA 59 FL N7AME 59 WA
QSO: 28314 PH 2025-12-14 1838 N4EXA 59 FL FM4SR 59 013
QSO: 28314 PH 2025-12-14 1839 N4EXA 59 FL PU3EMK 59 209
QSO: 28314 PH 2025-12-14 1839 N4EXA 59 FL KT7E 59 OR
QSO: 28314 PH 2025-12-14 1840 N4EXA 59 FL K7CRS 59 OR
QSO: 28314 PH 2025-12-14 1841 N4EXA 59 FL W0RX 59 MN
QSO: 28314 PH 2025-12-14 1841 N4EXA 59 FL KK7KQP 59 OR
QSO: 28314 PH 2025-12-14 1842 N4EXA 59 FL KD0BGA 59 MN
QSO: 28314 PH 2025-12-14 1843 N4EXA 59 FL CB3A 59 339
QSO: 28314 PH 2025-12-14 1844 N4EXA 59 FL K0TT 59 MN
QSO: 28314 PH 2025-12-14 1845 N4EXA 59 FL K5RIC 59 NM
QSO: 28314 PH 2025-12-14 1850 N4EXA 59 FL NS7U 59 WA
QSO: 28314 PH 2025-12-14 1850 N4EXA 59 FL KO6HTT 59 CA
QSO: 28314 PH 2025-12-14 1851 N4EXA 59 FL W5RAW 59 TX
QSO: 28465 PH 2025-12-14 1854 N4EXA 59 FL XE1CQ 59 GTO
QSO: 28083 CW 2025-12-14 1855 N4EXA 599 FL K9YC 599 CA
QSO: 28048 CW 2025-12-14 1855 N4EXA 599 FL NX5M 599 TX
QSO: 28084 CW 2025-12-14 1859 N4EXA 599 FL N6IE 599 CA
QSO: 28084 CW 2025-12-14 1900 N4EXA 599 FL VK1A 599 1151
QSO: 28084 CW 2025-12-14 1900 N4EXA 599 FL AB7RW 599 WA
QSO: 28084 CW 2025-12-14 1900 N4EXA 599 FL KI0D 599 SD
QSO: 28084 CW 2025-12-14 1901 N4EXA 599 FL N1CGP 599 ME
QSO: 28084 CW 2025-12-14 1902 N4EXA 599 FL N2ZX 599 NY
QSO: 28084 CW 2025-12-14 1902 N4EXA 599 FL K1VMT 599 VT
QSO: 28084 CW 2025-12-14 1903 N4EXA 599 FL HB9NE 599 1474
QSO: 28084 CW 2025-12-14 1904 N4EXA 599 FL PY2IQ 599 225
QSO: 28084 CW 2025-12-14 1905 N4EXA 599 FL F5SGI 599 427
QSO: 28084 CW 2025-12-14 1906 N4EXA 599 FL VA7RN 599 BC
QSO: 28084 CW 2025-12-14 1907 N4EXA 599 FL NS0Q 599 ND
QSO: 28084 CW 2025-12-14 1907 N4EXA 599 FL WA1S 599 FL
QSO: 28084 CW 2025-12-14 1908 N4EXA 599 FL KO9V 599 CO
QSO: 28084 CW 2025-12-14 1909 N4EXA 599 FL VA7DZ 599 BC
QSO: 28084 CW 2025-12-14 1911 N4EXA 599 FL K6NV 599 CA
QSO: 28084 CW 2025-12-14 1912 N4EXA 599 FL KR7D 599 WA
QSO: 28084 CW 2025-12-14 1913 N4EXA 599 FL W7FD 599 NV
QSO: 28084 CW 2025-12-14 1913 N4EXA 599 FL VE4XT 599 MB
QSO: 28084 CW 2025-12-14 1914 N4EXA 599 FL PY4XX 599 265
QSO: 28084 CW 2025-12-14 1915 N4EXA 599 FL WU7T 599 WA
QSO: 28084 CW 2025-12-14 1916 N4EXA 599 FL N7MU 599 WA
QSO: 28084 CW 2025-12-14 1917 N4EXA 599 FL VE2MFD 599 QC
QSO: 28084 CW 2025-12-14 1918 N4EXA 599 FL AB5ZA 599 MT
QSO: 28084 CW 2025-12-14 1920 N4EXA 599 FL K0FX 599 CO
QSO: 28084 CW 2025-12-14 1922 N4EXA 599 FL N7LRG 599 WA
QSO: 28084 CW 2025-12-14 1924 N4EXA 599 FL K6UF 599 CA
QSO: 28004 CW 2025-12-14 1925 N4EXA 599 FL K6AM 599 CA
QSO: 28027 CW 2025-12-14 1927 N4EXA 599 FL K6JS 599 CA
QSO: 28041 CW 2025-12-14 1928 N4EXA 599 FL NC1M 599 MA
QSO: 28058 CW 2025-12-14 1929 N4EXA 599 FL W1WEF 599 CT
QSO: 28064 CW 2025-12-14 1930 N4EXA 599 FL KS1J 599 RI
QSO: 28072 CW 2025-12-14 1930 N4EXA 599 FL K6EI 599 CA
QSO: 28081 CW 2025-12-14 1930 N4EXA 599 FL K3TW 599 FL
QSO: 28028 CW 2025-12-14 1932 N4EXA 599 FL K5CM 599 OK
QSO: 28055 CW 2025-12-14 1934 N4EXA 599 FL W1UU 599 MA
QSO: 28055 CW 2025-12-14 1935 N4EXA 599 FL K6ZGW 599 CA
QSO: 28055 CW 2025-12-14 1936 N4EXA 599 FL VE3TG 599 ON
QSO: 28055 CW 2025-12-14 1937 N4EXA 599 FL N0IP 599 MN
QSO: 28055 CW 2025-12-14 1937 N4EXA 599 FL K4XL 599 VA
QSO: 28055 CW 2025-12-14 1938 N4EXA 599 FL VE3VN 599 ON
QSO: 28055 CW 2025-12-14 1938 N4EXA 599 FL W0PMO 599 MN
QSO: 28055 CW 2025-12-14 1938 N4EXA 599 FL NA1EE 599 ME
QSO: 28055 CW 2025-12-14 1938 N4EXA 599 FL K0AE 599 CO
QSO: 28055 CW 2025-12-14 1939 N4EXA 599 FL EA5C 599 330
QSO: 28055 CW 2025-12-14 1939 N4EXA 599 FL VE7OSH 599 BC
QSO: 28055 CW 2025-12-14 1940 N4EXA 599 FL AL7T 599 MN
QSO: 28055 CW 2025-12-14 1941 N4EXA 599 FL K0AOZ 599 MN
QSO: 28055 CW 2025-12-14 1941 N4EXA 599 FL N7IR 599 AZ
QSO: 28055 CW 2025-12-14 1941 N4EXA 599 FL KH6CJJ 599 HI
QSO: 28055 CW 2025-12-14 1942 N4EXA 599 FL VE2QV 599 QC
QSO: 28055 CW 2025-12-14 1942 N4EXA 599 FL K5MR 599 TX
QSO: 28055 CW 2025-12-14 1944 N4EXA 599 FL K9QC 599 WI
QSO: 28055 CW 2025-12-14 1945 N4EXA 599 FL W1AST 599 MA
QSO: 28055 CW 2025-12-14 1945 N4EXA 599 FL W7FN 599 WA
QSO: 28055 CW 2025-12-14 1945 N4EXA 599 FL KZ9V 599 WI
QSO: 28055 CW 2025-12-14 1946 N4EXA 599 FL VE2HEW 599 QC
QSO: 28055 CW 2025-12-14 1946 N4EXA 599 FL N7SE 599 CO
QSO: 28055 CW 2025-12-14 1946 N4EXA 599 FL N6YEU 599 CA
QSO: 28055 CW 2025-12-14 1947 N4EXA 599 FL K0GD 599 CO
QSO: 28055 CW 2025-12-14 1947 N4EXA 599 FL NJ1Q 599 RI
QSO: 28055 CW 2025-12-14 1948 N4EXA 599 FL WA1LAD 599 RI
QSO: 28055 CW 2025-12-14 1948 N4EXA 599 FL KA8HDE 599 MN
QSO: 28055 CW 2025-12-14 1948 N4EXA 599 FL KF9LI 599 NM
QSO: 28055 CW 2025-12-14 1949 N4EXA 599 FL W0XXX 599 MN
QSO: 28055 CW 2025-12-14 1951 N4EXA 599 FL NY7N 599 AZ
QSO: 28055 CW 2025-12-14 1951 N4EXA 599 FL AA6MU 599 CA
QSO: 28055 CW 2025-12-14 1953 N4EXA 599 FL WA7PVE 599 WA
QSO: 28055 CW 2025-12-14 1953 N4EXA 599 FL VE7AHT 599 BC
QSO: 28055 CW 2025-12-14 1954 N4EXA 599 FL K0TC 599 MN
QSO: 28055 CW 2025-12-14 1954 N4EXA 599 FL W7LHT 599 WA
QSO: 28055 CW 2025-12-14 1956 N4EXA 599 FL W2NO 599 NJ
QSO: 28055 CW 2025-12-14 1958 N4EXA 599 FL W9ERE 599 CO
QSO: 28055 CW 2025-12-14 1959 N4EXA 599 FL KW7WP 599 OR
QSO: 28055 CW 2025-12-14 1959 N4EXA 599 FL W0PSY 599 CO
QSO: 28055 CW 2025-12-14 2000 N4EXA 599 FL N2MM 599 NJ
QSO: 28055 CW 2025-12-14 2001 N4EXA 599 FL KI6OY 599 CA
QSO: 28002 CW 2025-12-14 2003 N4EXA 599 FL K0EJ 599 TN
QSO: 28012 CW 2025-12-14 2003 N4EXA 599 FL K1JB 599 ME
QSO: 28003 CW 2025-12-14 2003 N4EXA 599 FL N9NC 599 NH
QSO: 28033 CW 2025-12-14 2005 N4EXA 599 FL W0YK 599 CA
QSO: 28033 CW 2025-12-14 2005 N4EXA 599 FL W0PI 599 MN
QSO: 28044 CW 2025-12-14 2006 N4EXA 599 FL NQ2W 599 NY
QSO: 28045 CW 2025-12-14 2007 N4EXA 599 FL ZM4T 599 806
QSO: 28062 CW 2025-12-14 2007 N4EXA 599 FL N7DD 599 AZ
QSO: 28064 CW 2025-12-14 2009 N4EXA 599 FL N6RK 599 CA
QSO: 28351 PH 2025-12-14 2010 N4EXA 59 FL W0SJE 59 CO
QSO: 28386 PH 2025-12-14 2012 N4EXA 59 FL K9JY 59 VT
QSO: 28457 PH 2025-12-14 2014 N4EXA 59 FL N1YFL 59 VT
QSO: 28457 PH 2025-12-14 2014 N4EXA 59 FL N0TJN 59 MN
QSO: 28457 PH 2025-12-14 2015 N4EXA 59 FL K6FEU 59 UT
QSO: 28457 PH 2025-12-14 2016 N4EXA 59 FL KC1BB 59 AZ
QSO: 28457 PH 2025-12-14 2016 N4EXA 59 FL KE0QEQ 59 SD
QSO: 28457 PH 2025-12-14 2016 N4EXA 59 FL HJ4CL 59 069
QSO: 28457 PH 2025-12-14 2017 N4EXA 59 FL KC7DB 59 AZ
QSO: 28457 PH 2025-12-14 2018 N4EXA 59 FL KC1TUF 59 MA
QSO: 28457 PH 2025-12-14 2018 N4EXA 59 FL NQ9N 59 WI
QSO: 28457 PH 2025-12-14 2018 N4EXA 59 FL NN7O 59 OR
QSO: 28457 PH 2025-12-14 2019 N4EXA 59 FL KA1VF 59 MA
QSO: 28457 PH 2025-12-14 2020 N4EXA 59 FL KI5MFF 59 NM
QSO: 28457 PH 2025-12-14 2020 N4EXA 59 FL LU8YE 59 1090
QSO: 28457 PH 2025-12-14 2020 N4EXA 59 FL VE2HIT 59 QC
QSO: 28457 PH 2025-12-14 2021 N4EXA 59 FL K0EA 59 MN
QSO: 28457 PH 2025-12-14 2021 N4EXA 59 FL KG1E 59 MA
QSO: 28457 PH 2025-12-14 2021 N4EXA 59 FL AC1PK 59 NH
QSO: 28457 PH 2025-12-14 2022 N4EXA 59 FL KF7MAX 59 AZ
QSO: 28457 PH 2025-12-14 2022 N4EXA 59 FL KF0HZI 59 MN
QSO: 28457 PH 2025-12-14 2022 N4EXA 59 FL N8MD 59 MN
QSO: 28457 PH 2025-12-14 2022 N4EXA 59 FL K9WO 59 WI
QSO: 28457 PH 2025-12-14 2023 N4EXA 59 FL N6HEW 59 NM
QSO: 28457 PH 2025-12-14 2023 N4EXA 59 FL WA9ETL 59 WI
QSO: 28457 PH 2025-12-14 2023 N4EXA 59 FL N7JI 59 OR
QSO: 28457 PH 2025-12-14 2025 N4EXA 59 FL VA7FBA 59 BC
QSO: 28457 PH 2025-12-14 2025 N4EXA 59 FL N0CDA 59 CO
QSO: 28457 PH 2025-12-14 2027 N4EXA 59 FL VY2MG 59 PE
QSO: 28457 PH 2025-12-14 2028 N4EXA 59 FL WA7BZI 59 WA
QSO: 28457 PH 2025-12-14 2029 N4EXA 59 FL HK4LRM 59 194
QSO: 28457 PH 2025-12-14 2029 N4EXA 59 FL VE1GRP 59 NS
QSO: 28457 PH 2025-12-14 2030 N4EXA 59 FL KZ9V 59 WI
QSO: 28457 PH 2025-12-14 2031 N4EXA 59 FL VA2RO 59 QC
QSO: 28457 PH 2025-12-14 2032 N4EXA 59 FL KF0SAJ 59 IA
QSO: 28457 PH 2025-12-14 2032 N4EXA 59 FL W1NV 59 CO
QSO: 28457 PH 2025-12-14 2032 N4EXA 59 FL HK4ZZ 59 142
QSO: 28457 PH 2025-12-14 2033 N4EXA 59 FL K7QFE 59 OR
QSO: 28457 PH 2025-12-14 2035 N4EXA 59 FL K0OB 59 MN
QSO: 28457 PH 2025-12-14 2035 N4EXA 59 FL WD0HCJ 59 MN
QSO: 28457 PH 2025-12-14 2035 N4EXA 59 FL K5DQI 59 NM
QSO: 28457 PH 2025-12-14 2035 N4EXA 59 FL AC7MX 59 WA
QSO: 28457 PH 2025-12-14 2036 N4EXA 59 FL KF0OUH 59 MN
QSO: 28457 PH 2025-12-14 2036 N4EXA 59 FL NY1E 59 ME
QSO: 28457 PH 2025-12-14 2036 N4EXA 59 FL AL1VE 59 WA
QSO: 28457 PH 2025-12-14 2037 N4EXA 59 FL K4IU 59 MN
QSO: 28457 PH 2025-12-14 2037 N4EXA 59 FL K0DG 59 NE
QSO: 28457 PH 2025-12-14 2039 N4EXA 59 FL W7TVC 59 OR
QSO: 28457 PH 2025-12-14 2039 N4EXA 59 FL K7JPF 59 OR
QSO: 28457 PH 2025-12-14 2039 N4EXA 59 FL N1DRS 59 MA
QSO: 28457 PH 2025-12-14 2039 N4EXA 59 FL W2AD 59 AZ
QSO: 28457 PH 2025-12-14 2039 N4EXA 59 FL WI0O 59 MN
QSO: 28457 PH 2025-12-14 2041 N4EXA 59 FL K0TG 59 MN
QSO: 28457 PH 2025-12-14 2041 N4EXA 59 FL KB7BIB 59 AZ
QSO: 28457 PH 2025-12-14 2042 N4EXA 59 FL N2JIM 59 MN
QSO: 28457 PH 2025-12-14 2043 N4EXA 59 FL VA3GD 59 ON
QSO: 28457 PH 2025-12-14 2045 N4EXA 59 FL KM7BAW 59 AZ
QSO: 28457 PH 2025-12-14 2046 N4EXA 59 FL W0BTV 59 CO
QSO: 28457 PH 2025-12-14 2047 N4EXA 59 FL K0RC 59 MN
QSO: 28457 PH 2025-12-14 2047 N4EXA 59 FL KG7WLJ 59 WA
QSO: 28457 PH 2025-12-14 2048 N4EXA 59 FL PY3PA 59 347
QSO: 28457 PH 2025-12-14 2049 N4EXA 59 FL VE2DNT 59 QC
QSO: 28457 PH 2025-12-14 2050 N4EXA 59 FL VE7VBR 59 BC
QSO: 28457 PH 2025-12-14 2051 N4EXA 59 FL ND0C 59 MN
QSO: 28457 PH 2025-12-14 2051 N4EXA 59 FL KF0MCY 59 MN
QSO: 28457 PH 2025-12-14 2051 N4EXA 59 FL KJ1A 59 ME
QSO: 28457 PH 2025-12-14 2053 N4EXA 59 FL VE4DL 59 MB
QSO: 28457 PH 2025-12-14 2053 N4EXA 59 FL VE2IAA 59 QC
QSO: 28457 PH 2025-12-14 2053 N4EXA 59 FL N0GEC 59 CO
QSO: 28457 PH 2025-12-14 2054 N4EXA 59 FL N1EK 59 MD
QSO: 28457 PH 2025-12-14 2055 N4EXA 59 FL K7GPS 59 AZ
QSO: 28457 PH 2025-12-14 2055 N4EXA 59 FL KC0MJY 59 CO
QSO: 28457 PH 2025-12-14 2056 N4EXA 59 FL PY2KQ 59 104
QSO: 28457 PH 2025-12-14 2057 N4EXA 59 FL VE4TQ 59 MB
QSO: 28457 PH 2025-12-14 2058 N4EXA 59 FL KF0FEI 59 CO
QSO: 28457 PH 2025-12-14 2058 N4EXA 59 FL CE1WY 59 265
QSO: 28457 PH 2025-12-14 2100 N4EXA 59 FL KL7P 59 AK
QSO: 28457 PH 2025-12-14 2100 N4EXA 59 FL WW6W 59 ND
QSO: 28619 PH 2025-12-14 2104 N4EXA 59 FL KL7KK 59 AK
QSO: 28619 PH 2025-12-14 2105 N4EXA 59 FL AL7LO 59 AK
QSO: 28619 PH 2025-12-14 2106 N4EXA 59 FL HK4T 59 132
QSO: 28619 PH 2025-12-14 2106 N4EXA 59 FL KE0QEQ 59 SD
QSO: 28619 PH 2025-12-14 2106 N4EXA 59 FL PY2CP 59 142
QSO: 28619 PH 2025-12-14 2107 N4EXA 59 FL KA1ZD 59 CT
QSO: 28619 PH 2025-12-14 2108 N4EXA 59 FL AF0FC 59 SD
QSO: 28619 PH 2025-12-14 2109 N4EXA 59 FL PU1WTC 59 663
QSO: 28619 PH 2025-12-14 2110 N4EXA 59 FL PT5I 59 060
QSO: 28619 PH 2025-12-14 2112 N4EXA 59 FL KD1MC 59 ME
QSO: 28657 PH 2025-12-14 2113 N4EXA 59 FL ZP6SKY 59 108
QSO: 28620 PH 2025-12-14 2115 N4EXA 59 FL K7YDL 59 AZ
QSO: 28620 PH 2025-12-14 2116 N4EXA 59 FL WA4AH 59 FL
QSO: 28620 PH 2025-12-14 2116 N4EXA 59 FL VA2PL 59 QC
QSO: 28620 PH 2025-12-14 2117 N4EXA 59 FL KL0F 59 AK
QSO: 28620 PH 2025-12-14 2118 N4EXA 59 FL LU1ANG 59 080
QSO: 28620 PH 2025-12-14 2118 N4EXA 59 FL NA8V 59 MI
QSO: 28028 CW 2025-12-14 2122 N4EXA 599 FL LT3E 599 2854
QSO: 28024 CW 2025-12-14 2123 N4EXA 599 FL LW2DHD 599 983
QSO: 28036 CW 2025-12-14 2124 N4EXA 599 FL KR2Q 599 NJ
QSO: 28034 CW 2025-12-14 2124 N4EXA 599 FL VE7IO 599 BC
QSO: 28038 CW 2025-12-14 2124 N4EXA 599 FL VE2FKE 599 QC
QSO: 28049 CW 2025-12-14 2125 N4EXA 599 FL ZM3A 599 797
QSO: 28058 CW 2025-12-14 2126 N4EXA 599 FL CE2SV 599 091
QSO: 28062 CW 2025-12-14 2127 N4EXA 599 FL CB3A 599 395
QSO: 28063 CW 2025-12-14 2127 N4EXA 599 FL K6RIM 599 CA
QSO: 28084 CW 2025-12-14 2128 N4EXA 599 FL PY2SNX 599 644
QSO: 28119 CW 2025-12-14 2128 N4EXA 599 FL PR1T 599 2974
QSO: 28078 CW 2025-12-14 2130 N4EXA 599 FL CA4OMQ 599 264
QSO: 28111 CW 2025-12-14 2132 N4EXA 599 FL XQ3WD 599 1082
QSO: 28093 CW 2025-12-14 2133 N4EXA 599 FL W6ZBA 599 CA
QSO: 28069 CW 2025-12-14 2138 N4EXA 599 FL PY5CV 599 137
QSO: 28069 CW 2025-12-14 2139 N4EXA 599 FL WA6KHK 599 CA
QSO: 28069 CW 2025-12-14 2142 N4EXA 599 FL AK6A 599 OR
QSO: 28069 CW 2025-12-14 2143 N4EXA 599 FL W4AC 599 FL
QSO: 28069 CW 2025-12-14 2144 N4EXA 599 FL VE4SI 599 MB
QSO: 28649 PH 2025-12-14 2147 N4EXA 59 FL KD6CWI 59 CA
QSO: 28647 PH 2025-12-14 2148 N4EXA 59 FL PJ2A 59 499
QSO: 28647 PH 2025-12-14 2148 N4EXA 59 FL W6PMD 59 CA
QSO: 28647 PH 2025-12-14 2149 N4EXA 59 FL K3AJ 59 MD
QSO: 28647 PH 2025-12-14 2151 N4EXA 59 FL W6ZBA 59 CA
QSO: 28647 PH 2025-12-14 2152 N4EXA 59 FL KN6OKY 59 CA
QSO: 28647 PH 2025-12-14 2152 N4EXA 59 FL KE0MTF 59 MN
QSO: 28647 PH 2025-12-14 2153 N4EXA 59 FL KF0FEI 59 CO
QSO: 28647 PH 2025-12-14 2155 N4EXA 59 FL PU2OXB 59 068
QSO: 28647 PH 2025-12-14 2155 N4EXA 59 FL KC7ILX 59 AZ
QSO: 28647 PH 2025-12-14 2155 N4EXA 59 FL PU2MIW 59 106
QSO: 28647 PH 2025-12-14 2157 N4EXA 59 FL WQ6D 59 CA
QSO: 28647 PH 2025-12-14 2157 N4EXA 59 FL YY4EBD 59 160
QSO: 28647 PH 2025-12-14 2158 N4EXA 59 FL K6WM 59 CA
QSO: 28647 PH 2025-12-14 2158 N4EXA 59 FL KW6X 59 CA
QSO: 28647 PH 2025-12-14 2159 N4EXA 59 FL KN6VQR 59 CA
QSO: 28647 PH 2025-12-14 2200 N4EXA 59 FL PU2UJB 59 070
QSO: 28032 CW 2025-12-14 2203 N4EXA 599 FL K0TER 599 CO
QSO: 28006 CW 2025-12-14 2204 N4EXA 599 FL LW1D 599 391
QSO: 28009 CW 2025-12-14 2205 N4EXA 599 FL PY3TD 599 515
QSO: 28040 CW 2025-12-14 2207 N4EXA 599 FL PY5AMF 599 923
QSO: 28041 CW 2025-12-14 2208 N4EXA 599 FL N7AGP 599 MT
QSO: 28043 CW 2025-12-14 2208 N4EXA 599 FL K0XF 599 CO
QSO: 28050 CW 2025-12-14 2209 N4EXA 599 FL VE3AT 599 ON
QSO: 28056 CW 2025-12-14 2210 N4EXA 599 FL PY1KO 599 272
QSO: 28070 CW 2025-12-14 2210 N4EXA 599 FL N2WKS 599 NJ
QSO: 28082 CW 2025-12-14 2211 N4EXA 599 FL NC6V 599 CA
QSO: 28094 CW 2025-12-14 2212 N4EXA 599 FL ZX2X 599 380
QSO: 28098 CW 2025-12-14 2212 N4EXA 599 FL LU3WC 599 1113
QSO: 28091 CW 2025-12-14 2213 N4EXA 599 FL LW9EKA 599 151
QSO: 28068 CW 2025-12-14 2216 N4EXA 599 FL JE1LFX 599 593
QSO: 28069 CW 2025-12-14 2217 N4EXA 599 FL JS1NDM 599 078
QSO: 28069 CW 2025-12-14 2217 N4EXA 599 FL AL1G 599 AK
QSO: 28086 CW 2025-12-14 2218 N4EXA 599 FL PY5VE 599 381
QSO: 28031 CW 2025-12-14 2223 N4EXA 599 FL JH1GEX 599 199
QSO: 28037 CW 2025-12-14 2224 N4EXA 599 FL LU8YE 599 1202
QSO: 28061 CW 2025-12-14 2229 N4EXA 599 FL LU9GBR 599 384
QSO: 28061 CW 2025-12-14 2230 N4EXA 599 FL JE1CKA 599 420
QSO: 28547 PH 2025-12-14 2235 N4EXA 59 FL JA8COE 59 475
QSO: 28008 CW 2025-12-14 2236 N4EXA 599 FL JS1OYN 599 1014
QSO: 28007 CW 2025-12-14 2237 N4EXA 599 FL VK2GR 599 591
QSO: 28049 CW 2025-12-14 2238 N4EXA 599 FL W1SRD 599 CA
QSO: 28469 PH 2025-12-14 2241 N4EXA 59 FL N7ENS 59 ID
QSO: 28469 PH 2025-12-14 2244 N4EXA 59 FL KK7YIJ 59 WA
QSO: 28469 PH 2025-12-14 2246 N4EXA 59 FL WB7RCW 59 AZ
QSO: 28469 PH 2025-12-14 2247 N4EXA 59 FL NH6XO 59 HI
QSO: 28469 PH 2025-12-14 2248 N4EXA 59 FL W7AEK 59 AZ
QSO: 28469 PH 2025-12-14 2248 N4EXA 59 FL WL7COQ 59 ID
QSO: 28469 PH 2025-12-14 2249 N4EXA 59 FL KA7PTW 59 AZ
QSO: 28469 PH 2025-12-14 2250 N4EXA 59 FL K0IP 59 ID
QSO: 28469 PH 2025-12-14 2250 N4EXA 59 FL AC7JK 59 ID
QSO: 28469 PH 2025-12-14 2252 N4EXA 59 FL WE8RV 59 AZ
QSO: 28469 PH 2025-12-14 2253 N4EXA 59 FL W6SR 59 CA
QSO: 28469 PH 2025-12-14 2254 N4EXA 59 FL KO6ST 59 CA
QSO: 28469 PH 2025-12-14 2256 N4EXA 59 FL W4LE 59 FL
QSO: 28469 PH 2025-12-14 2257 N4EXA 59 FL WC7M 59 ID
QSO: 28469 PH 2025-12-14 2258 N4EXA 59 FL KE9TP 59 AZ
QSO: 28469 PH 2025-12-14 2300 N4EXA 59 FL K4ARP 59 NV
QSO: 28469 PH 2025-12-14 2300 N4EXA 59 FL VJ2W 59 132
QSO: 28469 PH 2025-12-14 2302 N4EXA 59 FL AC4G 59 TN
QSO: 28331 PH 2025-12-14 2305 N4EXA 59 FL NR6Q 59 CA
QSO: 28469 PH 2025-12-14 2305 N4EXA 59 FL K6TQ 59 CA
QSO: 28469 PH 2025-12-14 2306 N4EXA 59 FL N7HYV 59 NV
QSO: 28469 PH 2025-12-14 2306 N4EXA 59 FL WB7QMR 59 AZ
QSO: 28469 PH 2025-12-14 2306 N4EXA 59 FL KL4CZ 59 FL
QSO: 28469 PH 2025-12-14 2308 N4EXA 59 FL KC7X 59 AZ
QSO: 28469 PH 2025-12-14 2310 N4EXA 59 FL KG7COA 59 AZ
QSO: 28469 PH 2025-12-14 2310 N4EXA 59 FL NY7N 59 AZ
QSO: 28469 PH 2025-12-14 2311 N4EXA 59 FL KO6JLD 59 CA
QSO: 28469 PH 2025-12-14 2312 N4EXA 59 FL XE2BY 59 BAC
QSO: 28469 PH 2025-12-14 2312 N4EXA 59 FL W6WG 59 CA
QSO: 28469 PH 2025-12-14 2314 N4EXA 59 FL K4WNM 59 FL
QSO: 28469 PH 2025-12-14 2314 N4EXA 59 FL KE7MU 59 AZ
QSO: 28469 PH 2025-12-14 2314 N4EXA 59 FL KD7DPS 59 AZ
QSO: 28469 PH 2025-12-14 2315 N4EXA 59 FL N6ZE 59 CA
QSO: 28469 PH 2025-12-14 2316 N4EXA 59 FL W6SC 59 CA
QSO: 28469 PH 2025-12-14 2316 N4EXA 59 FL KN6Y 59 CA
QSO: 28469 PH 2025-12-14 2317 N4EXA 59 FL KG6OKI 59 CA
QSO: 28469 PH 2025-12-14 2317 N4EXA 59 FL KL4CZ 59 FL
QSO: 28009 CW 2025-12-14 2325 N4EXA 599 FL W6SR 599 CA
END-OF-LOG: