START-OF-LOG: 3.0
CONTEST: IARU-HF
CALLSIGN: KH7Q
LOCATION: DX
CATEGORY-OPERATOR: SINGLE-OP
CATEGORY-ASSISTED: NON-ASSISTED
CATEGORY-POWER: HIGH
CATEGORY-BAND: ALL
CATEGORY-MODE: CW
CATEGORY-TRANSMITTER: ONE
CATEGORY-STATION: 
OPERATORS: N6TV @KH6YY
CREATED-BY: WIN-TEST 4.55.0
HQ-CATEGORY: Single Operator, CW Only, High Power
HQ-GRID-LOCATOR: BL01XP
QSO: 7010 CW 2025-07-12 1200 KH7Q 599 61 AI5IN 599 07 0
QSO: 7010 CW 2025-07-12 1200 KH7Q 599 61 XE2S 599 10 0
QSO: 7010 CW 2025-07-12 1200 KH7Q 599 61 K5WA 599 07 0
QSO: 7010 CW 2025-07-12 1200 KH7Q 599 61 K0TRL 599 07 0
QSO: 7010 CW 2025-07-12 1201 KH7Q 599 61 HL2IDT 599 44 0
QSO: 7010 CW 2025-07-12 1201 KH7Q 599 61 K4IU 599 07 0
QSO: 7010 CW 2025-07-12 1201 KH7Q 599 61 JH7IXX 599 45 0
QSO: 7010 CW 2025-07-12 1202 KH7Q 599 61 JG1UQD 599 45 0
QSO: 7010 CW 2025-07-12 1202 KH7Q 599 61 VE7ZO 599 02 0
QSO: 7010 CW 2025-07-12 1202 KH7Q 599 61 JA9RPU 599 45 0
QSO: 7010 CW 2025-07-12 1203 KH7Q 599 61 VA7DZ 599 02 0
QSO: 7010 CW 2025-07-12 1203 KH7Q 599 61 W8BI 599 08 0
QSO: 7010 CW 2025-07-12 1203 KH7Q 599 61 WA0WWW 599 06 0
QSO: 7010 CW 2025-07-12 1203 KH7Q 599 61 N9NB 599 08 0
QSO: 7010 CW 2025-07-12 1203 KH7Q 599 61 NM5M 599 07 0
QSO: 7010 CW 2025-07-12 1204 KH7Q 599 61 KA0PQW 599 07 0
QSO: 7010 CW 2025-07-12 1204 KH7Q 599 61 N0BUI 599 07 0
QSO: 7010 CW 2025-07-12 1204 KH7Q 599 61 KE0UI 599 07 0
QSO: 7010 CW 2025-07-12 1205 KH7Q 599 61 6K0GA 599 44 0
QSO: 7010 CW 2025-07-12 1205 KH7Q 599 61 UA0D 599 33 0
QSO: 7010 CW 2025-07-12 1205 KH7Q 599 61 NE5A 599 07 0
QSO: 7010 CW 2025-07-12 1206 KH7Q 599 61 W2YC 599 08 0
QSO: 7010 CW 2025-07-12 1206 KH7Q 599 61 JQ3ALW 599 45 0
QSO: 7010 CW 2025-07-12 1206 KH7Q 599 61 W0ZB 599 07 0
QSO: 7010 CW 2025-07-12 1207 KH7Q 599 61 W6UM 599 06 0
QSO: 7010 CW 2025-07-12 1207 KH7Q 599 61 K5NZ 599 07 0
QSO: 7010 CW 2025-07-12 1207 KH7Q 599 61 KR2Q 599 08 0
QSO: 7010 CW 2025-07-12 1207 KH7Q 599 61 N6RK 599 06 0
QSO: 7010 CW 2025-07-12 1207 KH7Q 599 61 VJ3A 599 59 0
QSO: 7010 CW 2025-07-12 1208 KH7Q 599 61 JJ2CDL 599 45 0
QSO: 7010 CW 2025-07-12 1208 KH7Q 599 61 N7AT 599 06 0
QSO: 7010 CW 2025-07-12 1208 KH7Q 599 61 K8MP 599 08 0
QSO: 7010 CW 2025-07-12 1208 KH7Q 599 61 W1NN 599 08 0
QSO: 7010 CW 2025-07-12 1209 KH7Q 599 61 KT7E 599 06 0
QSO: 7010 CW 2025-07-12 1209 KH7Q 599 61 K2WK 599 08 0
QSO: 7010 CW 2025-07-12 1209 KH7Q 599 61 K7NT 599 06 0
QSO: 7010 CW 2025-07-12 1209 KH7Q 599 61 N6MU 599 06 0
QSO: 7010 CW 2025-07-12 1210 KH7Q 599 61 KI9A 599 08 0
QSO: 7010 CW 2025-07-12 1210 KH7Q 599 61 N5CHA 599 07 0
QSO: 7010 CW 2025-07-12 1211 KH7Q 599 61 WN4AFP 599 08 0
QSO: 7010 CW 2025-07-12 1211 KH7Q 599 61 N7CW 599 06 0
QSO: 7010 CW 2025-07-12 1211 KH7Q 599 61 WA8KAN 599 08 0
QSO: 7010 CW 2025-07-12 1211 KH7Q 599 61 KM5X 599 07 0
QSO: 7010 CW 2025-07-12 1211 KH7Q 599 61 W6KK 599 06 0
QSO: 7010 CW 2025-07-12 1212 KH7Q 599 61 NW0M 599 07 0
QSO: 7010 CW 2025-07-12 1212 KH7Q 599 61 W8MJ 599 08 0
QSO: 7010 CW 2025-07-12 1212 KH7Q 599 61 N4AO 599 08 0
QSO: 7010 CW 2025-07-12 1213 KH7Q 599 61 JA1CJP 599 R3 0
QSO: 7010 CW 2025-07-12 1213 KH7Q 599 61 JH4UTP 599 45 0
QSO: 7010 CW 2025-07-12 1214 KH7Q 599 61 JF2SKV 599 45 0
QSO: 7010 CW 2025-07-12 1214 KH7Q 599 61 VA7RR 599 02 0
QSO: 7010 CW 2025-07-12 1214 KH7Q 599 61 W7MTL 599 06 0
QSO: 7010 CW 2025-07-12 1214 KH7Q 599 61 JH6WHN 599 45 0
QSO: 7010 CW 2025-07-12 1215 KH7Q 599 61 KE4KY 599 08 0
QSO: 7010 CW 2025-07-12 1215 KH7Q 599 61 VE7BC 599 02 0
QSO: 7010 CW 2025-07-12 1215 KH7Q 599 61 N0AV 599 07 0
QSO: 7010 CW 2025-07-12 1216 KH7Q 599 61 JG1LFR 599 45 0
QSO: 7010 CW 2025-07-12 1216 KH7Q 599 61 JE1PMQ 599 45 0
QSO: 7010 CW 2025-07-12 1216 KH7Q 599 61 WO4O 599 08 0
QSO: 7010 CW 2025-07-12 1216 KH7Q 599 61 JA2HNP 599 45 0
QSO: 7010 CW 2025-07-12 1217 KH7Q 599 61 JA1UXV 599 45 0
QSO: 7010 CW 2025-07-12 1217 KH7Q 599 61 N5RZ 599 07 0
QSO: 7010 CW 2025-07-12 1217 KH7Q 599 61 JF1WNT 599 45 0
QSO: 7010 CW 2025-07-12 1218 KH7Q 599 61 JA1SCE 599 45 0
QSO: 7010 CW 2025-07-12 1218 KH7Q 599 61 JA2KKA 599 45 0
QSO: 7010 CW 2025-07-12 1218 KH7Q 599 61 JI1HFJ 599 45 0
QSO: 7010 CW 2025-07-12 1219 KH7Q 599 61 K4RO 599 08 0
QSO: 7010 CW 2025-07-12 1219 KH7Q 599 61 VJ3U 599 59 0
QSO: 7010 CW 2025-07-12 1219 KH7Q 599 61 VL2B 599 59 0
QSO: 7010 CW 2025-07-12 1219 KH7Q 599 61 JO7GVC 599 45 0
QSO: 7010 CW 2025-07-12 1220 KH7Q 599 61 JK1AFB 599 45 0
QSO: 7010 CW 2025-07-12 1220 KH7Q 599 61 K3WW 599 08 0
QSO: 7010 CW 2025-07-12 1220 KH7Q 599 61 N9TF 599 08 0
QSO: 7010 CW 2025-07-12 1221 KH7Q 599 61 JE3PTA 599 45 0
QSO: 7010 CW 2025-07-12 1221 KH7Q 599 61 K9OM 599 08 0
QSO: 7010 CW 2025-07-12 1221 KH7Q 599 61 KM7W 599 07 0
QSO: 7010 CW 2025-07-12 1221 KH7Q 599 61 K0AD 599 07 0
QSO: 7010 CW 2025-07-12 1222 KH7Q 599 61 K7BTW 599 06 0
QSO: 7010 CW 2025-07-12 1222 KH7Q 599 61 NN3W 599 08 0
QSO: 7010 CW 2025-07-12 1222 KH7Q 599 61 JK1ESR 599 45 0
QSO: 7010 CW 2025-07-12 1222 KH7Q 599 61 JA5QYR 599 45 0
QSO: 7010 CW 2025-07-12 1223 KH7Q 599 61 NE9U 599 07 0
QSO: 7010 CW 2025-07-12 1223 KH7Q 599 61 K6KM 599 06 0
QSO: 7010 CW 2025-07-12 1223 KH7Q 599 61 K0BH 599 07 0
QSO: 7010 CW 2025-07-12 1224 KH7Q 599 61 KD7ND 599 06 0
QSO: 7010 CW 2025-07-12 1224 KH7Q 599 61 JE8UHY 599 45 0
QSO: 7010 CW 2025-07-12 1224 KH7Q 599 61 N4VI 599 07 0
QSO: 7010 CW 2025-07-12 1224 KH7Q 599 61 K7HBN 599 06 0
QSO: 7010 CW 2025-07-12 1225 KH7Q 599 61 JS1OYN 599 45 0
QSO: 7010 CW 2025-07-12 1225 KH7Q 599 61 K5UV 599 07 0
QSO: 7010 CW 2025-07-12 1225 KH7Q 599 61 W9XT 599 08 0
QSO: 7010 CW 2025-07-12 1226 KH7Q 599 61 K1ZE 599 08 0
QSO: 7010 CW 2025-07-12 1226 KH7Q 599 61 WA0LIF 599 07 0
QSO: 7010 CW 2025-07-12 1227 KH7Q 599 61 K2ZR 599 08 0
QSO: 7010 CW 2025-07-12 1227 KH7Q 599 61 W7XE 599 06 0
QSO: 7010 CW 2025-07-12 1227 KH7Q 599 61 KA8HDE 599 07 0
QSO: 7010 CW 2025-07-12 1228 KH7Q 599 61 N8PE 599 08 0
QSO: 7010 CW 2025-07-12 1228 KH7Q 599 61 JA3VOV 599 45 0
QSO: 7010 CW 2025-07-12 1229 KH7Q 599 61 JK1AFB 599 45 0
QSO: 7010 CW 2025-07-12 1231 KH7Q 599 61 JA1RVO 599 45 0
QSO: 7010 CW 2025-07-12 1231 KH7Q 599 61 W5GCX 599 07 0
QSO: 7010 CW 2025-07-12 1232 KH7Q 599 61 AD8J 599 08 0
QSO: 7010 CW 2025-07-12 1232 KH7Q 599 61 JA1MZM 599 45 0
QSO: 7010 CW 2025-07-12 1232 KH7Q 599 61 BH4BFS 599 44 0
QSO: 7010 CW 2025-07-12 1233 KH7Q 599 61 JA1CP 599 45 0
QSO: 7010 CW 2025-07-12 1233 KH7Q 599 61 JN6FRH 599 45 0
QSO: 7010 CW 2025-07-12 1233 KH7Q 599 61 JN7LMI 599 45 0
QSO: 7010 CW 2025-07-12 1233 KH7Q 599 61 VE3EJ 599 04 0
QSO: 7010 CW 2025-07-12 1234 KH7Q 599 61 N6TJ 599 06 0
QSO: 7010 CW 2025-07-12 1234 KH7Q 599 61 VE3MGY 599 04 0
QSO: 7010 CW 2025-07-12 1234 KH7Q 599 61 AA0FO 599 07 0
QSO: 7010 CW 2025-07-12 1235 KH7Q 599 61 JH1CTV 599 45 0
QSO: 7010 CW 2025-07-12 1235 KH7Q 599 61 N7DX 599 06 0
QSO: 7010 CW 2025-07-12 1235 KH7Q 599 61 XV9T 599 49 0
QSO: 7010 CW 2025-07-12 1235 KH7Q 599 61 JA2DHF 599 45 0
QSO: 7010 CW 2025-07-12 1235 KH7Q 599 61 AJ6V 599 06 0
QSO: 7010 CW 2025-07-12 1236 KH7Q 599 61 KL5DX 599 01 0
QSO: 7010 CW 2025-07-12 1236 KH7Q 599 61 N7VM 599 06 0
QSO: 7010 CW 2025-07-12 1236 KH7Q 599 61 N5NEN 599 07 0
QSO: 7010 CW 2025-07-12 1236 KH7Q 599 61 NI6W 599 06 0
QSO: 7010 CW 2025-07-12 1237 KH7Q 599 61 JG2CNZ 599 45 0
QSO: 7010 CW 2025-07-12 1237 KH7Q 599 61 W7SW 599 06 0
QSO: 7010 CW 2025-07-12 1237 KH7Q 599 61 E20HHK 599 49 0
QSO: 7010 CW 2025-07-12 1238 KH7Q 599 61 BA4TB 599 44 0
QSO: 7010 CW 2025-07-12 1238 KH7Q 599 61 DX0HQ 599 PARA 0
QSO: 7010 CW 2025-07-12 1238 KH7Q 599 61 JA1TBA 599 45 0
QSO: 7010 CW 2025-07-12 1238 KH7Q 599 61 JH0NEC 599 45 0
QSO: 7010 CW 2025-07-12 1239 KH7Q 599 61 HS8JWH 599 49 0
QSO: 7010 CW 2025-07-12 1239 KH7Q 599 61 DU1JIG 599 50 0
QSO: 7010 CW 2025-07-12 1239 KH7Q 599 61 W0ECC 599 07 0
QSO: 7010 CW 2025-07-12 1240 KH7Q 599 61 JA4VNE 599 45 0
QSO: 7010 CW 2025-07-12 1240 KH7Q 599 61 JE6WGT 599 45 0
QSO: 7010 CW 2025-07-12 1241 KH7Q 599 61 JA4OEL 599 45 0
QSO: 7010 CW 2025-07-12 1241 KH7Q 599 61 JM8RWJ 599 45 0
QSO: 7010 CW 2025-07-12 1241 KH7Q 599 61 K7AZT 599 06 0
QSO: 7010 CW 2025-07-12 1242 KH7Q 599 61 N4QS 599 08 0
QSO: 7010 CW 2025-07-12 1242 KH7Q 599 61 K4BAI 599 08 0
QSO: 7010 CW 2025-07-12 1242 KH7Q 599 61 JA9CWJ 599 45 0
QSO: 7010 CW 2025-07-12 1243 KH7Q 599 61 N8KS 599 08 0
QSO: 7010 CW 2025-07-12 1243 KH7Q 599 61 JH1OXV 599 45 0
QSO: 7010 CW 2025-07-12 1243 KH7Q 599 61 KA6BIM 599 06 0
QSO: 7010 CW 2025-07-12 1243 KH7Q 599 61 JR4FLW 599 45 0
QSO: 7010 CW 2025-07-12 1244 KH7Q 599 61 JJ1QLT 599 45 0
QSO: 7010 CW 2025-07-12 1245 KH7Q 599 61 4G1GHY 599 50 0
QSO: 7010 CW 2025-07-12 1245 KH7Q 599 61 VA7ST 599 02 0
QSO: 7010 CW 2025-07-12 1245 KH7Q 599 61 N0RC 599 07 0
QSO: 7010 CW 2025-07-12 1246 KH7Q 599 61 N9BD 599 06 0
QSO: 7010 CW 2025-07-12 1246 KH7Q 599 61 JA6BZI 599 45 0
QSO: 7010 CW 2025-07-12 1247 KH7Q 599 61 JR1MEG 599 45 0
QSO: 7010 CW 2025-07-12 1247 KH7Q 599 61 BG6QAL 599 44 0
QSO: 7010 CW 2025-07-12 1247 KH7Q 599 61 JA3NUT 599 45 0
QSO: 7010 CW 2025-07-12 1248 KH7Q 599 61 NS4T 599 08 0
QSO: 7010 CW 2025-07-12 1249 KH7Q 599 61 BH3FZK 599 44 0
QSO: 7010 CW 2025-07-12 1249 KH7Q 599 61 K2PO 599 06 0
QSO: 7010 CW 2025-07-12 1249 KH7Q 599 61 JH1MTR/4 599 45 0
QSO: 7010 CW 2025-07-12 1250 KH7Q 599 61 BG3GEF 599 44 0
QSO: 7010 CW 2025-07-12 1250 KH7Q 599 61 JH0ILL 599 45 0
QSO: 7010 CW 2025-07-12 1250 KH7Q 599 61 JR1LEV 599 45 0
QSO: 7010 CW 2025-07-12 1251 KH7Q 599 61 VE6BBP 599 02 0
QSO: 7010 CW 2025-07-12 1251 KH7Q 599 61 JA6WFM 599 45 0
QSO: 7010 CW 2025-07-12 1252 KH7Q 599 61 NS0R 599 07 0
QSO: 7010 CW 2025-07-12 1252 KH7Q 599 61 AD4EB 599 08 0
QSO: 7010 CW 2025-07-12 1253 KH7Q 599 61 JH0IGG 599 45 0
QSO: 7010 CW 2025-07-12 1253 KH7Q 599 61 JI2MED 599 45 0
QSO: 7010 CW 2025-07-12 1254 KH7Q 599 61 BH4HKZ 599 44 0
QSO: 7010 CW 2025-07-12 1254 KH7Q 599 61 JN1THL 599 45 0
QSO: 7010 CW 2025-07-12 1254 KH7Q 599 61 JH0RNN 599 45 0
QSO: 7010 CW 2025-07-12 1254 KH7Q 599 61 JA3VQW 599 45 0
QSO: 7010 CW 2025-07-12 1255 KH7Q 599 61 JI1RXQ 599 45 0
QSO: 7010 CW 2025-07-12 1255 KH7Q 599 61 JA1CBF 599 45 0
QSO: 7010 CW 2025-07-12 1255 KH7Q 599 61 JM3QML 599 45 0
QSO: 7010 CW 2025-07-12 1256 KH7Q 599 61 JM4WUZ 599 45 0
QSO: 7010 CW 2025-07-12 1256 KH7Q 599 61 JH9FCP 599 45 0
QSO: 7010 CW 2025-07-12 1257 KH7Q 599 61 JL1UCH 599 45 0
QSO: 7010 CW 2025-07-12 1257 KH7Q 599 61 JR1DVB 599 45 0
QSO: 7010 CW 2025-07-12 1258 KH7Q 599 61 K9CT 599 08 0
QSO: 3527 CW 2025-07-12 1258 KH7Q 599 61 8N8HQ 599 JARL 0
QSO: 7010 CW 2025-07-12 1259 KH7Q 599 61 JA6FOF 599 45 0
QSO: 7010 CW 2025-07-12 1300 KH7Q 599 61 WQ6X 599 06 0
QSO: 7010 CW 2025-07-12 1300 KH7Q 599 61 RA0LMK 599 34 0
QSO: 7010 CW 2025-07-12 1301 KH7Q 599 61 JA8RWU 599 45 0
QSO: 7010 CW 2025-07-12 1301 KH7Q 599 61 JG2TSL 599 45 0
QSO: 7010 CW 2025-07-12 1302 KH7Q 599 61 E29TGW 599 49 0
QSO: 7010 CW 2025-07-12 1302 KH7Q 599 61 JA7FFN 599 45 0
QSO: 7010 CW 2025-07-12 1302 KH7Q 599 61 K6NA 599 06 0
QSO: 7010 CW 2025-07-12 1303 KH7Q 599 61 DX3H 599 50 0
QSO: 7010 CW 2025-07-12 1305 KH7Q 599 61 W6YI 599 06 0
QSO: 7010 CW 2025-07-12 1306 KH7Q 599 61 W6QR 599 06 0
QSO: 7010 CW 2025-07-12 1306 KH7Q 599 61 JH6OPP 599 45 0
QSO: 7010 CW 2025-07-12 1307 KH7Q 599 61 JA3JM 599 45 0
QSO: 7010 CW 2025-07-12 1307 KH7Q 599 61 JA2QVP 599 45 0
QSO: 7010 CW 2025-07-12 1307 KH7Q 599 61 VL2Y 599 59 0
QSO: 7010 CW 2025-07-12 1308 KH7Q 599 61 JE7SRK 599 45 0
QSO: 7010 CW 2025-07-12 1309 KH7Q 599 61 VK5T 599 59 0
QSO: 7010 CW 2025-07-12 1310 KH7Q 599 61 KS7T 599 06 0
QSO: 7010 CW 2025-07-12 1310 KH7Q 599 61 N6HI 599 06 0
QSO: 7010 CW 2025-07-12 1311 KH7Q 599 61 KC7V 599 06 0
QSO: 3514 CW 2025-07-12 1312 KH7Q 599 61 JF3BFS 599 45 0
QSO: 7010 CW 2025-07-12 1313 KH7Q 599 61 JE5HTN 599 45 0
QSO: 7010 CW 2025-07-12 1313 KH7Q 599 61 JF6XEB 599 45 0
QSO: 7010 CW 2025-07-12 1314 KH7Q 599 61 JH7QXJ 599 45 0
QSO: 7010 CW 2025-07-12 1315 KH7Q 599 61 JA1IAZ 599 45 0
QSO: 7010 CW 2025-07-12 1315 KH7Q 599 61 JE8PHS 599 45 0
QSO: 7010 CW 2025-07-12 1316 KH7Q 599 61 DU1CX 599 50 0
QSO: 7010 CW 2025-07-12 1316 KH7Q 599 61 JK1RSJ 599 45 0
QSO: 7010 CW 2025-07-12 1316 KH7Q 599 61 JH7TIX 599 45 0
QSO: 7010 CW 2025-07-12 1317 KH7Q 599 61 JM8ONP 599 45 0
QSO: 7010 CW 2025-07-12 1318 KH7Q 599 61 JF2RVJ 599 45 0
QSO: 7010 CW 2025-07-12 1318 KH7Q 599 61 BG4MDO 599 44 0
QSO: 7010 CW 2025-07-12 1319 KH7Q 599 61 N6RK 599 06 0
QSO: 7010 CW 2025-07-12 1320 KH7Q 599 61 K7GK 599 06 0
QSO: 7010 CW 2025-07-12 1321 KH7Q 599 61 BY1OK 599 44 0
QSO: 7010 CW 2025-07-12 1321 KH7Q 599 61 JJ0WAJ 599 45 0
QSO: 7010 CW 2025-07-12 1321 KH7Q 599 61 JI1DCW 599 45 0
QSO: 7010 CW 2025-07-12 1322 KH7Q 599 61 JA2YNI 599 45 0
QSO: 7010 CW 2025-07-12 1322 KH7Q 599 61 JO4MTH 599 45 0
QSO: 7010 CW 2025-07-12 1323 KH7Q 599 61 JQ1NGT 599 45 0
QSO: 7010 CW 2025-07-12 1323 KH7Q 599 61 7K1MAG/2 599 45 0
QSO: 7010 CW 2025-07-12 1323 KH7Q 599 61 JA3LIL 599 45 0
QSO: 14025 CW 2025-07-12 1324 KH7Q 599 61 VA3RAC 599 RAC 0
QSO: 7010 CW 2025-07-12 1324 KH7Q 599 61 JK1TCV 599 45 0
QSO: 7010 CW 2025-07-12 1326 KH7Q 599 61 UD0O 599 32 0
QSO: 7010 CW 2025-07-12 1326 KH7Q 599 61 JH1WOY 599 45 0
QSO: 7010 CW 2025-07-12 1327 KH7Q 599 61 JF3ITH 599 45 0
QSO: 7010 CW 2025-07-12 1327 KH7Q 599 61 JF9JTS 599 45 0
QSO: 7010 CW 2025-07-12 1328 KH7Q 599 61 JE7SRK 599 45 0
QSO: 7010 CW 2025-07-12 1329 KH7Q 599 61 JA6JNF 599 45 0
QSO: 14032 CW 2025-07-12 1329 KH7Q 599 61 HL2BQG 599 44 0
QSO: 7010 CW 2025-07-12 1330 KH7Q 599 61 7L3JAR 599 45 0
QSO: 7010 CW 2025-07-12 1333 KH7Q 599 61 7I1I 599 54 0
QSO: 7010 CW 2025-07-12 1334 KH7Q 599 61 E24ZST 599 49 0
QSO: 7010 CW 2025-07-12 1335 KH7Q 599 61 JF6UFB 599 45 0
QSO: 7010 CW 2025-07-12 1340 KH7Q 599 61 E2WRTC 599 49 0
QSO: 7010 CW 2025-07-12 1340 KH7Q 599 61 K7GS 599 06 0
QSO: 7010 CW 2025-07-12 1342 KH7Q 599 61 JF2TSS 599 45 0
QSO: 7010 CW 2025-07-12 1343 KH7Q 599 61 JM7SKE 599 45 0
QSO: 14006 CW 2025-07-12 1345 KH7Q 599 61 N7DX 599 06 0
QSO: 14011 CW 2025-07-12 1346 KH7Q 599 61 KT7E 599 06 0
QSO: 14011 CW 2025-07-12 1347 KH7Q 599 61 OH5Z 599 18 0
QSO: 14011 CW 2025-07-12 1347 KH7Q 599 61 R0SBI 599 32 0
QSO: 14011 CW 2025-07-12 1348 KH7Q 599 61 JH1LTP 599 45 0
QSO: 14011 CW 2025-07-12 1349 KH7Q 599 61 W9XT 599 08 0
QSO: 14011 CW 2025-07-12 1349 KH7Q 599 61 N9CIQ 599 07 0
QSO: 14011 CW 2025-07-12 1349 KH7Q 599 61 W5ZN 599 AC 0
QSO: 14011 CW 2025-07-12 1350 KH7Q 599 61 N2IC 599 07 0
QSO: 14011 CW 2025-07-12 1350 KH7Q 599 61 W4NZ 599 08 0
QSO: 14011 CW 2025-07-12 1350 KH7Q 599 61 K6RIM 599 06 0
QSO: 14011 CW 2025-07-12 1351 KH7Q 599 61 K0KX 599 07 0
QSO: 14011 CW 2025-07-12 1351 KH7Q 599 61 K7GS 599 06 0
QSO: 14011 CW 2025-07-12 1351 KH7Q 599 61 HL1VAU 599 44 0
QSO: 14011 CW 2025-07-12 1351 KH7Q 599 61 KA8HDE 599 07 0
QSO: 14011 CW 2025-07-12 1352 KH7Q 599 61 AD4EB 599 08 0
QSO: 14011 CW 2025-07-12 1352 KH7Q 599 61 N9CK 599 08 0
QSO: 14011 CW 2025-07-12 1352 KH7Q 599 61 N5RZ 599 07 0
QSO: 14011 CW 2025-07-12 1352 KH7Q 599 61 K0EA 599 07 0
QSO: 14011 CW 2025-07-12 1353 KH7Q 599 61 W3KB 599 08 0
QSO: 14011 CW 2025-07-12 1353 KH7Q 599 61 JA1CJP 599 R3 0
QSO: 14011 CW 2025-07-12 1353 KH7Q 599 61 VE3CT 599 04 0
QSO: 14011 CW 2025-07-12 1353 KH7Q 599 61 WA9JBR 599 07 0
QSO: 14011 CW 2025-07-12 1354 KH7Q 599 61 K5UV 599 07 0
QSO: 14011 CW 2025-07-12 1354 KH7Q 599 61 KE8DAX 599 08 0
QSO: 14011 CW 2025-07-12 1354 KH7Q 599 61 N4AO 599 08 0
QSO: 14011 CW 2025-07-12 1354 KH7Q 599 61 VA3TMV 599 04 0
QSO: 14011 CW 2025-07-12 1355 KH7Q 599 61 AB5XM 599 07 0
QSO: 14011 CW 2025-07-12 1355 KH7Q 599 61 N7RVD 599 06 0
QSO: 14011 CW 2025-07-12 1355 KH7Q 599 61 HI3/DL4SDW 599 11 0
QSO: 14011 CW 2025-07-12 1356 KH7Q 599 61 N0AX 599 07 0
QSO: 14011 CW 2025-07-12 1356 KH7Q 599 61 W1NN 599 08 0
QSO: 14011 CW 2025-07-12 1356 KH7Q 599 61 W2CG 599 08 0
QSO: 14011 CW 2025-07-12 1356 KH7Q 599 61 NJ3K 599 08 0
QSO: 14011 CW 2025-07-12 1357 KH7Q 599 61 WA4JUK 599 08 0
QSO: 14011 CW 2025-07-12 1357 KH7Q 599 61 8N6HQ 599 JARL 0
QSO: 14011 CW 2025-07-12 1357 KH7Q 599 61 KC9UJS 599 08 0
QSO: 14011 CW 2025-07-12 1358 KH7Q 599 61 AB9YC 599 08 0
QSO: 14011 CW 2025-07-12 1358 KH7Q 599 61 K6KM 599 06 0
QSO: 14011 CW 2025-07-12 1358 KH7Q 599 61 W0ZB 599 07 0
QSO: 14011 CW 2025-07-12 1358 KH7Q 599 61 KB8PGW 599 08 0
QSO: 14011 CW 2025-07-12 1358 KH7Q 599 61 N7US 599 08 0
QSO: 14011 CW 2025-07-12 1359 KH7Q 599 61 VA7DZ 599 02 0
QSO: 14011 CW 2025-07-12 1359 KH7Q 599 61 WC9C 599 08 0
QSO: 14011 CW 2025-07-12 1359 KH7Q 599 61 N6MU 599 06 0
QSO: 14011 CW 2025-07-12 1400 KH7Q 599 61 K8CN 599 08 0
QSO: 14011 CW 2025-07-12 1400 KH7Q 599 61 JN1THL 599 45 0
QSO: 14011 CW 2025-07-12 1400 KH7Q 599 61 KV8Q 599 08 0
QSO: 14011 CW 2025-07-12 1401 KH7Q 599 61 W0VX 599 07 0
QSO: 14011 CW 2025-07-12 1401 KH7Q 599 61 NV3K 599 08 0
QSO: 14011 CW 2025-07-12 1401 KH7Q 599 61 N4CD 599 07 0
QSO: 14011 CW 2025-07-12 1402 KH7Q 599 61 K4FN 599 08 0
QSO: 14011 CW 2025-07-12 1402 KH7Q 599 61 W7TVC 599 06 0
QSO: 14011 CW 2025-07-12 1402 KH7Q 599 61 W6UM 599 06 0
QSO: 14011 CW 2025-07-12 1402 KH7Q 599 61 K9CW 599 08 0
QSO: 14011 CW 2025-07-12 1403 KH7Q 599 61 N7OR 599 06 0
QSO: 14011 CW 2025-07-12 1403 KH7Q 599 61 KC9EE 599 08 0
QSO: 14011 CW 2025-07-12 1403 KH7Q 599 61 N7AT 599 06 0
QSO: 14011 CW 2025-07-12 1403 KH7Q 599 61 W0ECC 599 07 0
QSO: 14011 CW 2025-07-12 1404 KH7Q 599 61 K4YFH 599 08 0
QSO: 14011 CW 2025-07-12 1404 KH7Q 599 61 K7WP 599 06 0
QSO: 14011 CW 2025-07-12 1405 KH7Q 599 61 W6IA 599 06 0
QSO: 14011 CW 2025-07-12 1405 KH7Q 599 61 N9TK 599 08 0
QSO: 14011 CW 2025-07-12 1405 KH7Q 599 61 VE3EJ 599 04 0
QSO: 14011 CW 2025-07-12 1405 KH7Q 599 61 RW0UM 599 33 0
QSO: 14011 CW 2025-07-12 1406 KH7Q 599 61 WJ1U 599 08 0
QSO: 14011 CW 2025-07-12 1406 KH7Q 599 61 AD4ES 599 08 0
QSO: 14011 CW 2025-07-12 1406 KH7Q 599 61 W5VS 599 08 0
QSO: 14011 CW 2025-07-12 1407 KH7Q 599 61 K7HBN 599 06 0
QSO: 14011 CW 2025-07-12 1407 KH7Q 599 61 N6NT 599 08 0
QSO: 14011 CW 2025-07-12 1407 KH7Q 599 61 W6YX 599 06 0
QSO: 14011 CW 2025-07-12 1408 KH7Q 599 61 NE9U 599 07 0
QSO: 14011 CW 2025-07-12 1408 KH7Q 599 61 W8FJ 599 08 0
QSO: 14011 CW 2025-07-12 1409 KH7Q 599 61 WO4O 599 08 0
QSO: 14011 CW 2025-07-12 1409 KH7Q 599 61 N8PE 599 08 0
QSO: 14011 CW 2025-07-12 1409 KH7Q 599 61 KA6BIM 599 06 0
QSO: 14011 CW 2025-07-12 1410 KH7Q 599 61 W4LT 599 08 0
QSO: 14011 CW 2025-07-12 1410 KH7Q 599 61 WO9B 599 08 0
QSO: 14011 CW 2025-07-12 1410 KH7Q 599 61 WW4LL 599 08 0
QSO: 14011 CW 2025-07-12 1410 KH7Q 599 61 K2PO 599 06 0
QSO: 14011 CW 2025-07-12 1411 KH7Q 599 61 K9OM 599 08 0
QSO: 14011 CW 2025-07-12 1411 KH7Q 599 61 VE7BGP 599 02 0
QSO: 14011 CW 2025-07-12 1411 KH7Q 599 61 K9CT 599 08 0
QSO: 14011 CW 2025-07-12 1411 KH7Q 599 61 JF1KML 599 45 0
QSO: 14011 CW 2025-07-12 1412 KH7Q 599 61 JH7IXX 599 45 0
QSO: 14011 CW 2025-07-12 1412 KH7Q 599 61 JH1SBE 599 45 0
QSO: 14011 CW 2025-07-12 1412 KH7Q 599 61 W5GCX 599 07 0
QSO: 14011 CW 2025-07-12 1413 KH7Q 599 61 W3FW 599 08 0
QSO: 14011 CW 2025-07-12 1413 KH7Q 599 61 K7GK 599 06 0
QSO: 14011 CW 2025-07-12 1413 KH7Q 599 61 N8KR 599 08 0
QSO: 14011 CW 2025-07-12 1413 KH7Q 599 61 WN4AT 599 08 0
QSO: 14011 CW 2025-07-12 1414 KH7Q 599 61 W3US 599 08 0
QSO: 14011 CW 2025-07-12 1414 KH7Q 599 61 KN4A 599 08 0
QSO: 14011 CW 2025-07-12 1414 KH7Q 599 61 W0TT 599 07 0
QSO: 14011 CW 2025-07-12 1414 KH7Q 599 61 WA3AER 599 08 0
QSO: 14011 CW 2025-07-12 1415 KH7Q 599 61 W1QK 599 08 0
QSO: 14011 CW 2025-07-12 1415 KH7Q 599 61 K6NA 599 06 0
QSO: 14011 CW 2025-07-12 1415 KH7Q 599 61 AI2U 599 08 0
QSO: 14011 CW 2025-07-12 1415 KH7Q 599 61 W7MTL 599 06 0
QSO: 14011 CW 2025-07-12 1415 KH7Q 599 61 JE0UXR 599 45 0
QSO: 14011 CW 2025-07-12 1416 KH7Q 599 61 VA3SP 599 04 0
QSO: 14011 CW 2025-07-12 1416 KH7Q 599 61 W9DC 599 08 0
QSO: 14011 CW 2025-07-12 1416 KH7Q 599 61 VE7ZO 599 02 0
QSO: 14011 CW 2025-07-12 1417 KH7Q 599 61 JN6FRH 599 45 0
QSO: 14011 CW 2025-07-12 1417 KH7Q 599 61 KQ4MHE 599 08 0
QSO: 14011 CW 2025-07-12 1418 KH7Q 599 61 W6KK 599 06 0
QSO: 14011 CW 2025-07-12 1418 KH7Q 599 61 N9BD 599 06 0
QSO: 14011 CW 2025-07-12 1418 KH7Q 599 61 N6IE 599 06 0
QSO: 14011 CW 2025-07-12 1418 KH7Q 599 61 N0UY 599 07 0
QSO: 14011 CW 2025-07-12 1419 KH7Q 599 61 JA1RPK 599 45 0
QSO: 14011 CW 2025-07-12 1419 KH7Q 599 61 KM5X 599 07 0
QSO: 14011 CW 2025-07-12 1419 KH7Q 599 61 K6XX 599 06 0
QSO: 14011 CW 2025-07-12 1419 KH7Q 599 61 N1RM 599 08 0
QSO: 14011 CW 2025-07-12 1420 KH7Q 599 61 JM1VNJ 599 45 0
QSO: 14011 CW 2025-07-12 1420 KH7Q 599 61 KD7ND 599 06 0
QSO: 14011 CW 2025-07-12 1420 KH7Q 599 61 KV8O 599 08 0
QSO: 14011 CW 2025-07-12 1421 KH7Q 599 61 K3JT 599 08 0
QSO: 14011 CW 2025-07-12 1421 KH7Q 599 61 WD6T 599 06 0
QSO: 14011 CW 2025-07-12 1421 KH7Q 599 61 WQ6X 599 06 0
QSO: 14011 CW 2025-07-12 1422 KH7Q 599 61 N0WM 599 07 0
QSO: 14011 CW 2025-07-12 1422 KH7Q 599 61 K3TS 599 08 0
QSO: 14011 CW 2025-07-12 1422 KH7Q 599 61 K4EJ 599 08 0
QSO: 14011 CW 2025-07-12 1422 KH7Q 599 61 JE1TSD 599 45 0
QSO: 14011 CW 2025-07-12 1423 KH7Q 599 61 RN0D 599 33 0
QSO: 14011 CW 2025-07-12 1424 KH7Q 599 61 JR4FLW 599 45 0
QSO: 14011 CW 2025-07-12 1424 KH7Q 599 61 BH4HKZ 599 44 0
QSO: 14011 CW 2025-07-12 1424 KH7Q 599 61 RU0LL 599 34 0
QSO: 14011 CW 2025-07-12 1424 KH7Q 599 61 B4HQ 599 CRAC 0
QSO: 14011 CW 2025-07-12 1425 KH7Q 599 61 K4BAI 599 08 0
QSO: 14011 CW 2025-07-12 1425 KH7Q 599 61 JJ1XBQ 599 45 0
QSO: 14011 CW 2025-07-12 1425 KH7Q 599 61 KS7T 599 06 0
QSO: 14011 CW 2025-07-12 1425 KH7Q 599 61 K0AD 599 07 0
QSO: 14011 CW 2025-07-12 1426 KH7Q 599 61 WA5LFD 599 07 0
QSO: 14011 CW 2025-07-12 1426 KH7Q 599 61 W2DON 599 06 0
QSO: 14011 CW 2025-07-12 1426 KH7Q 599 61 JO6NZN 599 45 0
QSO: 14011 CW 2025-07-12 1426 KH7Q 599 61 W9OD 599 08 0
QSO: 14011 CW 2025-07-12 1427 KH7Q 599 61 K0XF 599 07 0
QSO: 14011 CW 2025-07-12 1427 KH7Q 599 61 K8GT 599 08 0
QSO: 14011 CW 2025-07-12 1427 KH7Q 599 61 N2HMM 599 08 0
QSO: 14011 CW 2025-07-12 1427 KH7Q 599 61 AI0Y 599 07 0
QSO: 14011 CW 2025-07-12 1428 KH7Q 599 61 W0ETT 599 07 0
QSO: 14011 CW 2025-07-12 1428 KH7Q 599 61 N4JVP 599 08 0
QSO: 14011 CW 2025-07-12 1428 KH7Q 599 61 VA7RR 599 02 0
QSO: 14011 CW 2025-07-12 1428 KH7Q 599 61 E24ZST 599 49 0
QSO: 14011 CW 2025-07-12 1429 KH7Q 599 61 RC0CD 599 34 0
QSO: 14011 CW 2025-07-12 1429 KH7Q 599 61 KA5M 599 07 0
QSO: 14011 CW 2025-07-12 1429 KH7Q 599 61 K7NT 599 06 0
QSO: 14011 CW 2025-07-12 1430 KH7Q 599 61 JI1SAI 599 45 0
QSO: 14011 CW 2025-07-12 1430 KH7Q 599 61 7L1ETP 599 45 0
QSO: 14011 CW 2025-07-12 1430 KH7Q 599 61 NV9L 599 08 0
QSO: 14011 CW 2025-07-12 1430 KH7Q 599 61 K7JQ 599 06 0
QSO: 14011 CW 2025-07-12 1431 KH7Q 599 61 WN4AFP 599 08 0
QSO: 14011 CW 2025-07-12 1431 KH7Q 599 61 JE8PHS 599 45 0
QSO: 14011 CW 2025-07-12 1431 KH7Q 599 61 NS0R 599 07 0
QSO: 14011 CW 2025-07-12 1431 KH7Q 599 61 WR7T 599 06 0
QSO: 14011 CW 2025-07-12 1432 KH7Q 599 61 BH3FZK 599 44 0
QSO: 14011 CW 2025-07-12 1432 KH7Q 599 61 N5KO 599 06 0
QSO: 14011 CW 2025-07-12 1432 KH7Q 599 61 N9TF 599 08 0
QSO: 14011 CW 2025-07-12 1432 KH7Q 599 61 N2GC 599 08 0
QSO: 14011 CW 2025-07-12 1433 KH7Q 599 61 N3KN 599 08 0
QSO: 14011 CW 2025-07-12 1433 KH7Q 599 61 AA6AA 599 06 0
QSO: 14011 CW 2025-07-12 1433 KH7Q 599 61 JA4MLR 599 45 0
QSO: 14011 CW 2025-07-12 1433 KH7Q 599 61 W9ILY 599 08 0
QSO: 14011 CW 2025-07-12 1434 KH7Q 599 61 JI1DCW 599 45 0
QSO: 14011 CW 2025-07-12 1434 KH7Q 599 61 N6CW 599 06 0
QSO: 14011 CW 2025-07-12 1434 KH7Q 599 61 K7QA 599 06 0
QSO: 14011 CW 2025-07-12 1434 KH7Q 599 61 KT5V 599 07 0
QSO: 14011 CW 2025-07-12 1434 KH7Q 599 61 KW7Q 599 07 0
QSO: 14011 CW 2025-07-12 1435 KH7Q 599 61 WB2PJH 599 08 0
QSO: 14011 CW 2025-07-12 1435 KH7Q 599 61 KR7X 599 06 0
QSO: 14011 CW 2025-07-12 1436 KH7Q 599 61 K0DME 599 07 0
QSO: 14011 CW 2025-07-12 1436 KH7Q 599 61 KE4KY 599 08 0
QSO: 14011 CW 2025-07-12 1436 KH7Q 599 61 W9VQ 599 08 0
QSO: 14011 CW 2025-07-12 1436 KH7Q 599 61 NW0M 599 07 0
QSO: 14011 CW 2025-07-12 1437 KH7Q 599 61 VE7CV 599 02 0
QSO: 14011 CW 2025-07-12 1437 KH7Q 599 61 JG2CNZ 599 45 0
QSO: 14011 CW 2025-07-12 1437 KH7Q 599 61 N4PSE 599 08 0
QSO: 14011 CW 2025-07-12 1437 KH7Q 599 61 N6PF 599 06 0
QSO: 14011 CW 2025-07-12 1438 KH7Q 599 61 NK6A 599 06 0
QSO: 14011 CW 2025-07-12 1438 KH7Q 599 61 VE3SSJ 599 04 0
QSO: 14011 CW 2025-07-12 1438 KH7Q 599 61 WF3T 599 08 0
QSO: 14011 CW 2025-07-12 1438 KH7Q 599 61 K0ZR 599 08 0
QSO: 14011 CW 2025-07-12 1439 KH7Q 599 61 TI2OY 599 11 0
QSO: 14011 CW 2025-07-12 1439 KH7Q 599 61 WN6A 599 06 0
QSO: 14011 CW 2025-07-12 1439 KH7Q 599 61 W4YY 599 08 0
QSO: 14011 CW 2025-07-12 1439 KH7Q 599 61 AF8A 599 08 0
QSO: 14011 CW 2025-07-12 1440 KH7Q 599 61 JO2QLV 599 45 0
QSO: 14011 CW 2025-07-12 1440 KH7Q 599 61 KM7W 599 07 0
QSO: 14011 CW 2025-07-12 1440 KH7Q 599 61 K9CPO 599 08 0
QSO: 14011 CW 2025-07-12 1441 KH7Q 599 61 JQ3ALW 599 45 0
QSO: 14011 CW 2025-07-12 1441 KH7Q 599 61 JA6BWH 599 45 0
QSO: 14011 CW 2025-07-12 1442 KH7Q 599 61 BG6QLL 599 44 0
QSO: 14011 CW 2025-07-12 1442 KH7Q 599 61 W4NF 599 08 0
QSO: 14011 CW 2025-07-12 1442 KH7Q 599 61 SK9HQ 599 SSA 0
QSO: 14011 CW 2025-07-12 1443 KH7Q 599 61 N5VU 599 07 0
QSO: 14011 CW 2025-07-12 1443 KH7Q 599 61 WJ1X 599 08 0
QSO: 14011 CW 2025-07-12 1444 KH7Q 599 61 WQ5O 599 08 0
QSO: 14011 CW 2025-07-12 1444 KH7Q 599 61 N9CO 599 08 0
QSO: 14011 CW 2025-07-12 1445 KH7Q 599 61 W0BF 599 06 0
QSO: 14011 CW 2025-07-12 1445 KH7Q 599 61 N9NB 599 08 0
QSO: 14011 CW 2025-07-12 1445 KH7Q 599 61 K9UQN 599 08 0
QSO: 14011 CW 2025-07-12 1446 KH7Q 599 61 W4RJF 599 08 0
QSO: 14011 CW 2025-07-12 1446 KH7Q 599 61 JK1JHU 599 45 0
QSO: 14011 CW 2025-07-12 1446 KH7Q 599 61 K1ZE 599 08 0
QSO: 14011 CW 2025-07-12 1447 KH7Q 599 61 JF1PEQ 599 45 0
QSO: 14011 CW 2025-07-12 1447 KH7Q 599 61 JH4NJQ 599 45 0
QSO: 14011 CW 2025-07-12 1447 KH7Q 599 61 VE3NE 599 04 0
QSO: 14011 CW 2025-07-12 1447 KH7Q 599 61 N0RC 599 07 0
QSO: 14011 CW 2025-07-12 1448 KH7Q 599 61 JG1LFR 599 45 0
QSO: 14011 CW 2025-07-12 1448 KH7Q 599 61 JE5JRY 599 45 0
QSO: 14011 CW 2025-07-12 1449 KH7Q 599 61 UA5R 599 29 0
QSO: 14011 CW 2025-07-12 1450 KH7Q 599 61 UN4Q 599 31 0
QSO: 14011 CW 2025-07-12 1450 KH7Q 599 61 EW8DX 599 29 0
QSO: 14011 CW 2025-07-12 1451 KH7Q 599 61 UC0A 599 32 0
QSO: 14011 CW 2025-07-12 1451 KH7Q 599 61 JA6BZI 599 45 0
QSO: 14011 CW 2025-07-12 1452 KH7Q 599 61 JL2TAW 599 45 0
QSO: 14011 CW 2025-07-12 1452 KH7Q 599 61 RA0R 599 32 0
QSO: 14011 CW 2025-07-12 1453 KH7Q 599 61 W7CT 599 06 0
QSO: 14011 CW 2025-07-12 1454 KH7Q 599 61 AL7JX 599 01 0
QSO: 14011 CW 2025-07-12 1454 KH7Q 599 61 EW1I 599 29 0
QSO: 14011 CW 2025-07-12 1455 KH7Q 599 61 S50HQ 599 ZRS 0
QSO: 14011 CW 2025-07-12 1455 KH7Q 599 61 OM6NM 599 28 0
QSO: 14011 CW 2025-07-12 1456 KH7Q 599 61 OL8R 599 28 0
QSO: 14011 CW 2025-07-12 1456 KH7Q 599 61 RX9WN 599 30 0
QSO: 14011 CW 2025-07-12 1457 KH7Q 599 61 RK3TT 599 29 0
QSO: 14011 CW 2025-07-12 1457 KH7Q 599 61 JH4UTP 599 45 0
QSO: 14011 CW 2025-07-12 1457 KH7Q 599 61 RW9DX 599 30 0
QSO: 14011 CW 2025-07-12 1458 KH7Q 599 61 RT4F 599 29 0
QSO: 14011 CW 2025-07-12 1502 KH7Q 599 61 YT0HQ 599 SRS 0
QSO: 14011 CW 2025-07-12 1503 KH7Q 599 61 R7MM 599 29 0
QSO: 14011 CW 2025-07-12 1504 KH7Q 599 61 WA0WWW 599 06 0
QSO: 14011 CW 2025-07-12 1505 KH7Q 599 61 K1DJ 599 08 0
QSO: 14011 CW 2025-07-12 1507 KH7Q 599 61 NN7O 599 06 0
QSO: 14011 CW 2025-07-12 1509 KH7Q 599 61 UA0D 599 33 0
QSO: 14011 CW 2025-07-12 1509 KH7Q 599 61 9J2FI 599 53 0
QSO: 14011 CW 2025-07-12 1509 KH7Q 599 61 KR2Q 599 08 0
QSO: 14011 CW 2025-07-12 1510 KH7Q 599 61 EU4E 599 29 0
QSO: 14011 CW 2025-07-12 1511 KH7Q 599 61 BI4NHW 599 44 0
QSO: 14011 CW 2025-07-12 1512 KH7Q 599 61 JO4MJU 599 45 0
QSO: 14011 CW 2025-07-12 1513 KH7Q 599 61 BI1XJT 599 44 0
QSO: 14011 CW 2025-07-12 1513 KH7Q 599 61 JF1WNT 599 45 0
QSO: 14011 CW 2025-07-12 1514 KH7Q 599 61 JK2VOC 599 45 0
QSO: 14011 CW 2025-07-12 1514 KH7Q 599 61 JG3LLB 599 45 0
QSO: 14011 CW 2025-07-12 1514 KH7Q 599 61 JA1HLR 599 45 0
QSO: 14011 CW 2025-07-12 1515 KH7Q 599 61 JQ1NGT 599 45 0
QSO: 14011 CW 2025-07-12 1515 KH7Q 599 61 JR0SYV 599 45 0
QSO: 14011 CW 2025-07-12 1515 KH7Q 599 61 JA6ELV 599 45 0
QSO: 14011 CW 2025-07-12 1515 KH7Q 599 61 JI1HFJ 599 45 0
QSO: 14011 CW 2025-07-12 1516 KH7Q 599 61 BY1HT 599 44 0
QSO: 14011 CW 2025-07-12 1516 KH7Q 599 61 JH7QXJ 599 45 0
QSO: 14011 CW 2025-07-12 1519 KH7Q 599 61 BG7WJH 599 44 0
QSO: 14011 CW 2025-07-12 1519 KH7Q 599 61 JI1RXQ 599 45 0
QSO: 14011 CW 2025-07-12 1520 KH7Q 599 61 JS2NYJ 599 45 0
QSO: 14011 CW 2025-07-12 1520 KH7Q 599 61 RM9A 599 30 0
QSO: 14011 CW 2025-07-12 1520 KH7Q 599 61 UN7Q 599 31 0
QSO: 14011 CW 2025-07-12 1521 KH7Q 599 61 KD2FSS 599 06 0
QSO: 14011 CW 2025-07-12 1522 KH7Q 599 61 RU9AC 599 30 0
QSO: 14011 CW 2025-07-12 1522 KH7Q 599 61 K3MD 599 08 0
QSO: 14011 CW 2025-07-12 1523 KH7Q 599 61 R0MM 599 34 0
QSO: 14011 CW 2025-07-12 1524 KH7Q 599 61 K9JY 599 08 0
QSO: 14011 CW 2025-07-12 1524 KH7Q 599 61 WB0TUA 599 07 0
QSO: 14011 CW 2025-07-12 1525 KH7Q 599 61 W1FJ 599 08 0
QSO: 14011 CW 2025-07-12 1525 KH7Q 599 61 KD2FSS 599 06 0
QSO: 14011 CW 2025-07-12 1526 KH7Q 599 61 VA2EBI 599 04 0
QSO: 14011 CW 2025-07-12 1527 KH7Q 599 61 N9EEE 599 08 0
QSO: 14011 CW 2025-07-12 1528 KH7Q 599 61 KI6IT 599 06 0
QSO: 14011 CW 2025-07-12 1529 KH7Q 599 61 NA6O 599 06 0
QSO: 14011 CW 2025-07-12 1529 KH7Q 599 61 HI3/DL4SDW 599 11 0
QSO: 14011 CW 2025-07-12 1529 KH7Q 599 61 ND8DX 599 08 0
QSO: 14011 CW 2025-07-12 1530 KH7Q 599 61 K1BZ 599 08 0
QSO: 14011 CW 2025-07-12 1530 KH7Q 599 61 K6AR 599 06 0
QSO: 14011 CW 2025-07-12 1530 KH7Q 599 61 N0BUI 599 07 0
QSO: 14011 CW 2025-07-12 1530 KH7Q 599 61 K2KW 599 08 0
QSO: 14011 CW 2025-07-12 1531 KH7Q 599 61 K9WO 599 08 0
QSO: 14011 CW 2025-07-12 1531 KH7Q 599 61 K0II 599 08 0
QSO: 21037 CW 2025-07-12 1532 KH7Q 599 61 HL0HQ 599 KARL 0
QSO: 14011 CW 2025-07-12 1532 KH7Q 599 61 K3WW 599 08 0
QSO: 7012 CW 2025-07-12 1534 KH7Q 599 61 8N2HQ 599 JARL 0
QSO: 7003 CW 2025-07-12 1535 KH7Q 599 61 B1HQ 599 CRAC 0
QSO: 14011 CW 2025-07-12 1536 KH7Q 599 61 KH6CJJ 599 61 0
QSO: 14011 CW 2025-07-12 1536 KH7Q 599 61 NW3Y 599 08 0
QSO: 14011 CW 2025-07-12 1536 KH7Q 599 61 KW1X 599 08 0
QSO: 14011 CW 2025-07-12 1537 KH7Q 599 61 K7NEW 599 06 0
QSO: 14011 CW 2025-07-12 1538 KH7Q 599 61 KN4JN 599 08 0
QSO: 14011 CW 2025-07-12 1539 KH7Q 599 61 RM4F 599 29 0
QSO: 14011 CW 2025-07-12 1540 KH7Q 599 61 K1AV 599 08 0
QSO: 14011 CW 2025-07-12 1540 KH7Q 599 61 W3PU 599 08 0
QSO: 14011 CW 2025-07-12 1540 KH7Q 599 61 AK1MD 599 08 0
QSO: 14011 CW 2025-07-12 1540 KH7Q 599 61 AB5SE 599 07 0
QSO: 14011 CW 2025-07-12 1541 KH7Q 599 61 KE4CR 599 08 0
QSO: 14011 CW 2025-07-12 1541 KH7Q 599 61 K8AZ 599 08 0
QSO: 14011 CW 2025-07-12 1542 KH7Q 599 61 NE8P 599 08 0
QSO: 7023 CW 2025-07-12 1543 KH7Q 599 61 RA0R 599 32 0
QSO: 14011 CW 2025-07-12 1544 KH7Q 599 61 K6NO 599 06 0
QSO: 14011 CW 2025-07-12 1545 KH7Q 599 61 N6GEO 599 06 0
QSO: 14011 CW 2025-07-12 1545 KH7Q 599 61 K7BTW 599 06 0
QSO: 14011 CW 2025-07-12 1545 KH7Q 599 61 N6AN 599 06 0
QSO: 14011 CW 2025-07-12 1545 KH7Q 599 61 N4ZZ 599 08 0
QSO: 14011 CW 2025-07-12 1546 KH7Q 599 61 KG2MM 599 08 0
QSO: 14011 CW 2025-07-12 1547 KH7Q 599 61 OH2HQ 599 SRAL 0
QSO: 14011 CW 2025-07-12 1547 KH7Q 599 61 K6EZ 599 06 0
QSO: 14011 CW 2025-07-12 1550 KH7Q 599 61 K3IE 599 08 0
QSO: 14011 CW 2025-07-12 1552 KH7Q 599 61 W0IZ 599 07 0
QSO: 14011 CW 2025-07-12 1552 KH7Q 599 61 WN6A 599 06 0
QSO: 14011 CW 2025-07-12 1552 KH7Q 599 61 K0FX 599 07 0
QSO: 14011 CW 2025-07-12 1553 KH7Q 599 61 N2HC 599 06 0
QSO: 14011 CW 2025-07-12 1553 KH7Q 599 61 WE6Z 599 06 0
QSO: 14011 CW 2025-07-12 1554 KH7Q 599 61 K7SV 599 08 0
QSO: 14011 CW 2025-07-12 1555 KH7Q 599 61 K6NPA 599 06 0
QSO: 14011 CW 2025-07-12 1555 KH7Q 599 61 KM5G 599 07 0
QSO: 21017 CW 2025-07-12 1556 KH7Q 599 61 K5VV 599 07 0
QSO: 21017 CW 2025-07-12 1556 KH7Q 599 61 WJ9B 599 06 0
QSO: 21017 CW 2025-07-12 1556 KH7Q 599 61 N7DR 599 07 0
QSO: 21017 CW 2025-07-12 1557 KH7Q 599 61 K7MOA 599 07 0
QSO: 21017 CW 2025-07-12 1557 KH7Q 599 61 VE3EJ 599 04 0
QSO: 14011 CW 2025-07-12 1559 KH7Q 599 61 RA3DS 599 29 0
QSO: 14011 CW 2025-07-12 1559 KH7Q 599 61 W1UE 599 08 0
QSO: 14011 CW 2025-07-12 1559 KH7Q 599 61 K5TT 599 06 0
QSO: 14011 CW 2025-07-12 1559 KH7Q 599 61 W4ATL 599 08 0
QSO: 21017 CW 2025-07-12 1600 KH7Q 599 61 NE8P 599 08 0
QSO: 21017 CW 2025-07-12 1600 KH7Q 599 61 W6YX 599 06 0
QSO: 21017 CW 2025-07-12 1600 KH7Q 599 61 W3PU 599 08 0
QSO: 21017 CW 2025-07-12 1600 KH7Q 599 61 NI6W 599 06 0
QSO: 21017 CW 2025-07-12 1601 KH7Q 599 61 N7AT 599 06 0
QSO: 21017 CW 2025-07-12 1601 KH7Q 599 61 KD7ND 599 06 0
QSO: 21017 CW 2025-07-12 1601 KH7Q 599 61 WO4O 599 08 0
QSO: 21017 CW 2025-07-12 1601 KH7Q 599 61 N6GEO 599 06 0
QSO: 21017 CW 2025-07-12 1601 KH7Q 599 61 N4AO 599 08 0
QSO: 21017 CW 2025-07-12 1602 KH7Q 599 61 K9RS 599 08 0
QSO: 21017 CW 2025-07-12 1602 KH7Q 599 61 K6FA 599 06 0
QSO: 14011 CW 2025-07-12 1603 KH7Q 599 61 KC7V 599 06 0
QSO: 21017 CW 2025-07-12 1603 KH7Q 599 61 K0MPH 599 07 0
QSO: 14011 CW 2025-07-12 1604 KH7Q 599 61 N5UM 599 07 0
QSO: 14011 CW 2025-07-12 1605 KH7Q 599 61 WI0WA 599 07 0
QSO: 21017 CW 2025-07-12 1605 KH7Q 599 61 WW4LL 599 08 0
QSO: 21017 CW 2025-07-12 1606 KH7Q 599 61 NB6G 599 06 0
QSO: 21017 CW 2025-07-12 1607 KH7Q 599 61 K2ZR 599 08 0
QSO: 21017 CW 2025-07-12 1607 KH7Q 599 61 N6MU 599 06 0
QSO: 14011 CW 2025-07-12 1607 KH7Q 599 61 K4IU 599 07 0
QSO: 14011 CW 2025-07-12 1608 KH7Q 599 61 WN7S 599 08 0
QSO: 21017 CW 2025-07-12 1608 KH7Q 599 61 K6ICS 599 06 0
QSO: 14011 CW 2025-07-12 1608 KH7Q 599 61 WS4Y 599 08 0
QSO: 21017 CW 2025-07-12 1609 KH7Q 599 61 N5ER 599 07 0
QSO: 14011 CW 2025-07-12 1609 KH7Q 599 61 KO9V 599 07 0
QSO: 21017 CW 2025-07-12 1609 KH7Q 599 61 AA6AA 599 06 0
QSO: 21017 CW 2025-07-12 1610 KH7Q 599 61 N5CHA 599 07 0
QSO: 21017 CW 2025-07-12 1610 KH7Q 599 61 NK4O 599 08 0
QSO: 14011 CW 2025-07-12 1611 KH7Q 599 61 N3RJ 599 08 0
QSO: 21017 CW 2025-07-12 1611 KH7Q 599 61 N6AR 599 08 0
QSO: 21017 CW 2025-07-12 1611 KH7Q 599 61 N4ZZ 599 08 0
QSO: 21017 CW 2025-07-12 1611 KH7Q 599 61 WD6T 599 06 0
QSO: 21017 CW 2025-07-12 1612 KH7Q 599 61 N5RZ 599 07 0
QSO: 21017 CW 2025-07-12 1612 KH7Q 599 61 K2KW 599 08 0
QSO: 14011 CW 2025-07-12 1612 KH7Q 599 61 WA2JQK 599 08 0
QSO: 14011 CW 2025-07-12 1612 KH7Q 599 61 W9MAK 599 06 0
QSO: 21017 CW 2025-07-12 1613 KH7Q 599 61 AC4G 599 08 0
QSO: 21017 CW 2025-07-12 1613 KH7Q 599 61 N6DHZ 599 06 0
QSO: 21017 CW 2025-07-12 1613 KH7Q 599 61 NE9U 599 07 0
QSO: 21017 CW 2025-07-12 1614 KH7Q 599 61 AB4I 599 08 0
QSO: 21017 CW 2025-07-12 1614 KH7Q 599 61 WM9C 599 08 0
QSO: 21017 CW 2025-07-12 1614 KH7Q 599 61 K0AD 599 07 0
QSO: 21017 CW 2025-07-12 1614 KH7Q 599 61 N2PP 599 08 0
QSO: 21017 CW 2025-07-12 1615 KH7Q 599 61 KR2Q 599 08 0
QSO: 21017 CW 2025-07-12 1615 KH7Q 599 61 NK6A 599 06 0
QSO: 21017 CW 2025-07-12 1615 KH7Q 599 61 W2YC 599 08 0
QSO: 21017 CW 2025-07-12 1616 KH7Q 599 61 N0AX 599 07 0
QSO: 21017 CW 2025-07-12 1617 KH7Q 599 61 WW2P 599 08 0
QSO: 21017 CW 2025-07-12 1617 KH7Q 599 61 K7NT 599 06 0
QSO: 21017 CW 2025-07-12 1617 KH7Q 599 61 W9XT 599 08 0
QSO: 21017 CW 2025-07-12 1617 KH7Q 599 61 KE4KY 599 08 0
QSO: 21017 CW 2025-07-12 1618 KH7Q 599 61 AD4EB 599 08 0
QSO: 21017 CW 2025-07-12 1618 KH7Q 599 61 W1UE 599 08 0
QSO: 21017 CW 2025-07-12 1619 KH7Q 599 61 KV8Q 599 08 0
QSO: 21017 CW 2025-07-12 1619 KH7Q 599 61 N7VM 599 06 0
QSO: 21017 CW 2025-07-12 1619 KH7Q 599 61 K9CW 599 08 0
QSO: 21017 CW 2025-07-12 1619 KH7Q 599 61 NV9L 599 08 0
QSO: 21017 CW 2025-07-12 1620 KH7Q 599 61 N3AD 599 08 0
QSO: 21017 CW 2025-07-12 1620 KH7Q 599 61 N9RV 599 06 0
QSO: 21017 CW 2025-07-12 1620 KH7Q 599 61 W1GD 599 08 0
QSO: 21017 CW 2025-07-12 1620 KH7Q 599 61 NA8V 599 08 0
QSO: 21017 CW 2025-07-12 1621 KH7Q 599 61 W4BHJ 599 08 0
QSO: 21017 CW 2025-07-12 1621 KH7Q 599 61 N2GC 599 08 0
QSO: 21017 CW 2025-07-12 1621 KH7Q 599 61 KX4UI 599 08 0
QSO: 21017 CW 2025-07-12 1622 KH7Q 599 61 K9CT 599 08 0
QSO: 21017 CW 2025-07-12 1622 KH7Q 599 61 K7HBN 599 06 0
QSO: 21017 CW 2025-07-12 1623 KH7Q 599 61 N6TJ 599 06 0
QSO: 21017 CW 2025-07-12 1623 KH7Q 599 61 K7QA 599 06 0
QSO: 21017 CW 2025-07-12 1624 KH7Q 599 61 WB9HFK 599 08 0
QSO: 21017 CW 2025-07-12 1624 KH7Q 599 61 NV3K 599 08 0
QSO: 21017 CW 2025-07-12 1624 KH7Q 599 61 N9NB 599 08 0
QSO: 21017 CW 2025-07-12 1624 KH7Q 599 61 W6KK 599 06 0
QSO: 21017 CW 2025-07-12 1625 KH7Q 599 61 K2QO 599 08 0
QSO: 21017 CW 2025-07-12 1625 KH7Q 599 61 WX0B 599 07 0
QSO: 21017 CW 2025-07-12 1625 KH7Q 599 61 K2RET 599 08 0
QSO: 21017 CW 2025-07-12 1626 KH7Q 599 61 N6AN 599 06 0
QSO: 21017 CW 2025-07-12 1626 KH7Q 599 61 NA5YO 599 07 0
QSO: 21017 CW 2025-07-12 1626 KH7Q 599 61 AD5A 599 07 0
QSO: 21017 CW 2025-07-12 1627 KH7Q 599 61 W6UM 599 06 0
QSO: 21017 CW 2025-07-12 1627 KH7Q 599 61 KG5VK 599 07 0
QSO: 21017 CW 2025-07-12 1627 KH7Q 599 61 VE7ZO 599 02 0
QSO: 21017 CW 2025-07-12 1628 KH7Q 599 61 KM5G 599 07 0
QSO: 21017 CW 2025-07-12 1628 KH7Q 599 61 NW3Y 599 08 0
QSO: 21017 CW 2025-07-12 1629 KH7Q 599 61 KD8DEU 599 08 0
QSO: 21017 CW 2025-07-12 1629 KH7Q 599 61 W3LSW 599 08 0
QSO: 21017 CW 2025-07-12 1629 KH7Q 599 61 KC5DCT 599 07 0
QSO: 21017 CW 2025-07-12 1630 KH7Q 599 61 AB9YC 599 08 0
QSO: 21017 CW 2025-07-12 1630 KH7Q 599 61 K0FX 599 07 0
QSO: 21017 CW 2025-07-12 1630 KH7Q 599 61 K3JT 599 08 0
QSO: 21017 CW 2025-07-12 1631 KH7Q 599 61 N7SE 599 07 0
QSO: 21017 CW 2025-07-12 1631 KH7Q 599 61 NJ3K 599 08 0
QSO: 21017 CW 2025-07-12 1631 KH7Q 599 61 W3TB 599 08 0
QSO: 21017 CW 2025-07-12 1631 KH7Q 599 61 K6KM 599 06 0
QSO: 21017 CW 2025-07-12 1632 KH7Q 599 61 K7WP 599 06 0
QSO: 21017 CW 2025-07-12 1632 KH7Q 599 61 N5CO 599 07 0
QSO: 21017 CW 2025-07-12 1633 KH7Q 599 61 NS0R 599 07 0
QSO: 21017 CW 2025-07-12 1633 KH7Q 599 61 K7JQ 599 06 0
QSO: 21017 CW 2025-07-12 1634 KH7Q 599 61 WN4AFP 599 08 0
QSO: 21017 CW 2025-07-12 1635 KH7Q 599 61 K5TT 599 06 0
QSO: 21017 CW 2025-07-12 1635 KH7Q 599 61 K8GL 599 08 0
QSO: 21017 CW 2025-07-12 1640 KH7Q 599 61 WA2QAU 599 08 0
QSO: 21017 CW 2025-07-12 1640 KH7Q 599 61 K0KX 599 07 0
QSO: 21017 CW 2025-07-12 1641 KH7Q 599 61 WI7N 599 06 0
QSO: 21017 CW 2025-07-12 1642 KH7Q 599 61 W0PB 599 07 0
QSO: 21017 CW 2025-07-12 1642 KH7Q 599 61 W7KPL 599 06 0
QSO: 21017 CW 2025-07-12 1642 KH7Q 599 61 K2PO 599 06 0
QSO: 21017 CW 2025-07-12 1643 KH7Q 599 61 K4IU 599 07 0
QSO: 21017 CW 2025-07-12 1643 KH7Q 599 61 KC3MX 599 08 0
QSO: 21017 CW 2025-07-12 1644 KH7Q 599 61 N6MJ 599 08 0
QSO: 21017 CW 2025-07-12 1644 KH7Q 599 61 KJ5T 599 07 0
QSO: 21017 CW 2025-07-12 1644 KH7Q 599 61 N4UU 599 08 0
QSO: 21017 CW 2025-07-12 1646 KH7Q 599 61 K3TW 599 08 0
QSO: 21017 CW 2025-07-12 1646 KH7Q 599 61 AA2IL 599 06 0
QSO: 21017 CW 2025-07-12 1646 KH7Q 599 61 K2MK 599 08 0
QSO: 21017 CW 2025-07-12 1646 KH7Q 599 61 K9WX 599 08 0
QSO: 21017 CW 2025-07-12 1646 KH7Q 599 61 N2IC 599 07 0
QSO: 21017 CW 2025-07-12 1647 KH7Q 599 61 WJ1U 599 08 0
QSO: 21017 CW 2025-07-12 1648 KH7Q 599 61 W0XM 599 07 0
QSO: 21017 CW 2025-07-12 1649 KH7Q 599 61 WI0WA 599 07 0
QSO: 21017 CW 2025-07-12 1649 KH7Q 599 61 N4AF 599 08 0
QSO: 21017 CW 2025-07-12 1650 KH7Q 599 61 WA2JQK 599 08 0
QSO: 21017 CW 2025-07-12 1650 KH7Q 599 61 K6RJ 599 06 0
QSO: 21017 CW 2025-07-12 1651 KH7Q 599 61 N4QS 599 08 0
QSO: 21017 CW 2025-07-12 1652 KH7Q 599 61 N7US 599 08 0
QSO: 21017 CW 2025-07-12 1652 KH7Q 599 61 VE3NE 599 04 0
QSO: 21017 CW 2025-07-12 1652 KH7Q 599 61 W5GCX 599 07 0
QSO: 21017 CW 2025-07-12 1652 KH7Q 599 61 KO4VW 599 08 0
QSO: 21017 CW 2025-07-12 1653 KH7Q 599 61 W6FB 599 07 0
QSO: 21017 CW 2025-07-12 1653 KH7Q 599 61 NA6O 599 06 0
QSO: 21017 CW 2025-07-12 1653 KH7Q 599 61 NW0M 599 07 0
QSO: 21017 CW 2025-07-12 1653 KH7Q 599 61 N3XF 599 08 0
QSO: 21017 CW 2025-07-12 1654 KH7Q 599 61 N6NT 599 08 0
QSO: 21017 CW 2025-07-12 1654 KH7Q 599 61 AD4ES 599 08 0
QSO: 21017 CW 2025-07-12 1655 KH7Q 599 61 WA2LMC 599 08 0
QSO: 21017 CW 2025-07-12 1655 KH7Q 599 61 K4AB 599 08 0
QSO: 21017 CW 2025-07-12 1655 KH7Q 599 61 KH6CJJ 599 61 0
QSO: 21017 CW 2025-07-12 1656 KH7Q 599 61 W8FJ 599 08 0
QSO: 21017 CW 2025-07-12 1656 KH7Q 599 61 W5JAW 599 07 0
QSO: 21017 CW 2025-07-12 1657 KH7Q 599 61 WA7BNM 599 06 0
QSO: 21016 CW 2025-07-12 1700 KH7Q 599 61 K7GK 599 06 0
QSO: 21016 CW 2025-07-12 1701 KH7Q 599 61 K3MM 599 08 0
QSO: 21016 CW 2025-07-12 1703 KH7Q 599 61 N6CW 599 06 0
QSO: 21016 CW 2025-07-12 1703 KH7Q 599 61 N7ZZ 599 08 0
QSO: 21016 CW 2025-07-12 1704 KH7Q 599 61 WN6W 599 06 0
QSO: 21016 CW 2025-07-12 1705 KH7Q 599 61 W9ILY 599 08 0
QSO: 21016 CW 2025-07-12 1707 KH7Q 599 61 AI0Y 599 07 0
QSO: 21016 CW 2025-07-12 1708 KH7Q 599 61 W3US 599 08 0
QSO: 21016 CW 2025-07-12 1709 KH7Q 599 61 N4OX 599 08 0
QSO: 21016 CW 2025-07-12 1709 KH7Q 599 61 W0TT 599 07 0
QSO: 21016 CW 2025-07-12 1709 KH7Q 599 61 K6RIM 599 06 0
QSO: 21016 CW 2025-07-12 1709 KH7Q 599 61 K3AJ 599 08 0
QSO: 21016 CW 2025-07-12 1711 KH7Q 599 61 KY7M 599 07 0
QSO: 14024 CW 2025-07-12 1712 KH7Q 599 61 W1AW/KP4 599 ARRL 0
QSO: 21016 CW 2025-07-12 1712 KH7Q 599 61 KT7E 599 06 0
QSO: 21016 CW 2025-07-12 1713 KH7Q 599 61 K5OY 599 07 0
QSO: 14022 CW 2025-07-12 1717 KH7Q 599 61 DA0HQ 599 DARC 0
QSO: 14022 CW 2025-07-12 1717 KH7Q 599 61 VE7UBA 599 02 0
QSO: 21015 CW 2025-07-12 1718 KH7Q 599 61 KE6QR 599 06 0
QSO: 21015 CW 2025-07-12 1719 KH7Q 599 61 K8AZ 599 08 0
QSO: 21015 CW 2025-07-12 1719 KH7Q 599 61 N4NM 599 08 0
QSO: 21015 CW 2025-07-12 1719 KH7Q 599 61 PY2UDB 599 15 0
QSO: 21015 CW 2025-07-12 1720 KH7Q 599 61 K1DJ 599 08 0
QSO: 21015 CW 2025-07-12 1723 KH7Q 599 61 KK6TV 599 06 0
QSO: 21015 CW 2025-07-12 1723 KH7Q 599 61 KV1I 599 07 0
QSO: 21015 CW 2025-07-12 1723 KH7Q 599 61 W4NZ 599 08 0
QSO: 21015 CW 2025-07-12 1724 KH7Q 599 61 N5TJ 599 07 0
QSO: 21015 CW 2025-07-12 1724 KH7Q 599 61 N9BD 599 06 0
QSO: 21015 CW 2025-07-12 1725 KH7Q 599 61 K1MK 599 08 0
QSO: 21015 CW 2025-07-12 1731 KH7Q 599 61 WA3AER 599 08 0
QSO: 21015 CW 2025-07-12 1731 KH7Q 599 61 K3WW 599 08 0
QSO: 14022 CW 2025-07-12 1732 KH7Q 599 61 EU1DC 599 29 0
QSO: 14020 CW 2025-07-12 1736 KH7Q 599 61 YR0HQ 599 FRR 0
QSO: 14033 CW 2025-07-12 1737 KH7Q 599 61 5Z4VJ 599 48 0
QSO: 14032 CW 2025-07-12 1738 KH7Q 599 61 RK9M 599 30 0
QSO: 14016 CW 2025-07-12 1746 KH7Q 599 61 K1IMI 599 08 0
QSO: 14016 CW 2025-07-12 1747 KH7Q 599 61 RN4HAB 599 30 0
QSO: 14016 CW 2025-07-12 1747 KH7Q 599 61 NC6V 599 06 0
QSO: 14016 CW 2025-07-12 1748 KH7Q 599 61 N6IC 599 06 0
QSO: 14016 CW 2025-07-12 1748 KH7Q 599 61 TM0HQ 599 REF 0
QSO: 14016 CW 2025-07-12 1749 KH7Q 599 61 N6SPP 599 06 0
QSO: 14016 CW 2025-07-12 1750 KH7Q 599 61 N7LR 599 06 0
QSO: 21015 CW 2025-07-12 1753 KH7Q 599 61 WS4C 599 08 0
QSO: 21015 CW 2025-07-12 1754 KH7Q 599 61 K9OM 599 08 0
QSO: 21015 CW 2025-07-12 1755 KH7Q 599 61 VA7DZ 599 02 0
QSO: 21015 CW 2025-07-12 1756 KH7Q 599 61 N7DX 599 06 0
QSO: 14016 CW 2025-07-12 1756 KH7Q 599 61 NW6P 599 06 0
QSO: 14016 CW 2025-07-12 1757 KH7Q 599 61 N7VM 599 06 0
QSO: 21015 CW 2025-07-12 1758 KH7Q 599 61 W5DXR 599 06 0
QSO: 21015 CW 2025-07-12 1759 KH7Q 599 61 KI6IT 599 06 0
QSO: 21015 CW 2025-07-12 1759 KH7Q 599 61 VA7RR 599 02 0
QSO: 14016 CW 2025-07-12 1800 KH7Q 599 61 K2WK 599 08 0
QSO: 14016 CW 2025-07-12 1802 KH7Q 599 61 K2ZR 599 08 0
QSO: 21015 CW 2025-07-12 1802 KH7Q 599 61 AF9W 599 06 0
QSO: 14016 CW 2025-07-12 1802 KH7Q 599 61 VA6WWW 599 02 0
QSO: 21015 CW 2025-07-12 1803 KH7Q 599 61 W0ZB 599 07 0
QSO: 21015 CW 2025-07-12 1804 KH7Q 599 61 N6IE 599 06 0
QSO: 21015 CW 2025-07-12 1804 KH7Q 599 61 N7IR 599 06 0
QSO: 21015 CW 2025-07-12 1804 KH7Q 599 61 N1RM 599 08 0
QSO: 21015 CW 2025-07-12 1805 KH7Q 599 61 VA6CCW 599 02 0
QSO: 21015 CW 2025-07-12 1807 KH7Q 599 61 K0II 599 08 0
QSO: 14016 CW 2025-07-12 1807 KH7Q 599 61 KD1MC 599 08 0
QSO: 21015 CW 2025-07-12 1808 KH7Q 599 61 VA2EBI 599 04 0
QSO: 21015 CW 2025-07-12 1808 KH7Q 599 61 II4HQ 599 ARI 0
QSO: 14016 CW 2025-07-12 1808 KH7Q 599 61 KE0UI 599 07 0
QSO: 21015 CW 2025-07-12 1809 KH7Q 599 61 N1LN 599 08 0
QSO: 21015 CW 2025-07-12 1810 KH7Q 599 61 K3MD 599 08 0
QSO: 14016 CW 2025-07-12 1810 KH7Q 599 61 K2SE 599 08 0
QSO: 21015 CW 2025-07-12 1810 KH7Q 599 61 WT9U 599 08 0
QSO: 14016 CW 2025-07-12 1810 KH7Q 599 61 W7VJ 599 06 0
QSO: 21015 CW 2025-07-12 1811 KH7Q 599 61 WJ9B 599 06 0
QSO: 21015 CW 2025-07-12 1811 KH7Q 599 61 WO9B 599 08 0
QSO: 14016 CW 2025-07-12 1811 KH7Q 599 61 VE7BC 599 02 0
QSO: 14016 CW 2025-07-12 1812 KH7Q 599 61 W4MLB 599 08 0
QSO: 14016 CW 2025-07-12 1812 KH7Q 599 61 K8PK 599 08 0
QSO: 14016 CW 2025-07-12 1812 KH7Q 599 61 K3EST 599 06 0
QSO: 14016 CW 2025-07-12 1812 KH7Q 599 61 NI6W 599 06 0
QSO: 14016 CW 2025-07-12 1813 KH7Q 599 61 KD7KDO 599 06 0
QSO: 14016 CW 2025-07-12 1814 KH7Q 599 61 KC7MDT 599 07 0
QSO: 14016 CW 2025-07-12 1815 KH7Q 599 61 W6VLD 599 06 0
QSO: 14016 CW 2025-07-12 1815 KH7Q 599 61 N9RV 599 06 0
QSO: 21015 CW 2025-07-12 1816 KH7Q 599 61 NG7X 599 06 0
QSO: 14016 CW 2025-07-12 1816 KH7Q 599 61 N7DEY 599 06 0
QSO: 21015 CW 2025-07-12 1817 KH7Q 599 61 K5KG 599 08 0
QSO: 14016 CW 2025-07-12 1817 KH7Q 599 61 K6TXA 599 06 0
QSO: 21015 CW 2025-07-12 1818 KH7Q 599 61 W2RQ 599 08 0
QSO: 14016 CW 2025-07-12 1818 KH7Q 599 61 K5KG 599 08 0
QSO: 21015 CW 2025-07-12 1818 KH7Q 599 61 KE8NN 599 06 0
QSO: 21015 CW 2025-07-12 1819 KH7Q 599 61 K3CCR 599 08 0
QSO: 21015 CW 2025-07-12 1819 KH7Q 599 61 KJ6JUS 599 06 0
QSO: 21015 CW 2025-07-12 1820 KH7Q 599 61 NA9J 599 08 0
QSO: 21015 CW 2025-07-12 1822 KH7Q 599 61 KT8X 599 08 0
QSO: 21015 CW 2025-07-12 1823 KH7Q 599 61 WA2CP 599 08 0
QSO: 21015 CW 2025-07-12 1823 KH7Q 599 61 N2HC 599 06 0
QSO: 21015 CW 2025-07-12 1823 KH7Q 599 61 K5VR 599 07 0
QSO: 21015 CW 2025-07-12 1824 KH7Q 599 61 W0BF 599 06 0
QSO: 21015 CW 2025-07-12 1824 KH7Q 599 61 K1JB 599 08 0
QSO: 21015 CW 2025-07-12 1824 KH7Q 599 61 4A2DX 599 10 0
QSO: 21015 CW 2025-07-12 1824 KH7Q 599 61 NC6V 599 06 0
QSO: 21015 CW 2025-07-12 1825 KH7Q 599 61 K6NO 599 06 0
QSO: 21015 CW 2025-07-12 1825 KH7Q 599 61 VE6SH/7 599 AC 0
QSO: 21015 CW 2025-07-12 1827 KH7Q 599 61 AJ6V 599 06 0
QSO: 21015 CW 2025-07-12 1827 KH7Q 599 61 K6NR 599 06 0
QSO: 21015 CW 2025-07-12 1828 KH7Q 599 61 K7NN 599 06 0
QSO: 21015 CW 2025-07-12 1828 KH7Q 599 61 K8RGI 599 08 0
QSO: 21015 CW 2025-07-12 1828 KH7Q 599 61 WA8MDC 599 08 0
QSO: 21015 CW 2025-07-12 1829 KH7Q 599 61 W2CCC 599 08 0
QSO: 21015 CW 2025-07-12 1830 KH7Q 599 61 N6YU 599 06 0
QSO: 21015 CW 2025-07-12 1830 KH7Q 599 61 K4XU 599 06 0
QSO: 21015 CW 2025-07-12 1831 KH7Q 599 61 HI3Y 599 11 0
QSO: 21015 CW 2025-07-12 1831 KH7Q 599 61 KD1MC 599 08 0
QSO: 21015 CW 2025-07-12 1831 KH7Q 599 61 VE6RST 599 02 0
QSO: 21015 CW 2025-07-12 1833 KH7Q 599 61 K0TRL 599 07 0
QSO: 21015 CW 2025-07-12 1834 KH7Q 599 61 K9JWI 599 08 0
QSO: 21015 CW 2025-07-12 1834 KH7Q 599 61 W2UP 599 07 0
QSO: 21015 CW 2025-07-12 1834 KH7Q 599 61 NW6P 599 06 0
QSO: 21015 CW 2025-07-12 1835 KH7Q 599 61 W6SC 599 06 0
QSO: 21015 CW 2025-07-12 1837 KH7Q 599 61 VA7ST 599 02 0
QSO: 21015 CW 2025-07-12 1837 KH7Q 599 61 KA6BIM 599 06 0
QSO: 21015 CW 2025-07-12 1839 KH7Q 599 61 VE7CV 599 02 0
QSO: 21015 CW 2025-07-12 1839 KH7Q 599 61 W2NO 599 08 0
QSO: 21015 CW 2025-07-12 1840 KH7Q 599 61 W5MX 599 08 0
QSO: 28027 CW 2025-07-12 1842 KH7Q 599 61 K6NA 599 06 0
QSO: 21015 CW 2025-07-12 1843 KH7Q 599 61 KM7W 599 07 0
QSO: 21015 CW 2025-07-12 1845 KH7Q 599 61 W1DGL 599 06 0
QSO: 21015 CW 2025-07-12 1846 KH7Q 599 61 N2NL 599 08 0
QSO: 21015 CW 2025-07-12 1846 KH7Q 599 61 K6EE 599 06 0
QSO: 21015 CW 2025-07-12 1848 KH7Q 599 61 N4KGY 599 06 0
QSO: 21015 CW 2025-07-12 1849 KH7Q 599 61 WN7S 599 08 0
QSO: 21015 CW 2025-07-12 1849 KH7Q 599 61 AD8J 599 08 0
QSO: 21015 CW 2025-07-12 1852 KH7Q 599 61 KI6OY 599 06 0
QSO: 21015 CW 2025-07-12 1854 KH7Q 599 61 YV5IAL 599 12 0
QSO: 21015 CW 2025-07-12 1854 KH7Q 599 61 WA0WWW 599 06 0
QSO: 21015 CW 2025-07-12 1855 KH7Q 599 61 KD7ND 599 06 0
QSO: 21015 CW 2025-07-12 1855 KH7Q 599 61 K0BH 599 07 0
QSO: 21015 CW 2025-07-12 1856 KH7Q 599 61 N7JI 599 06 0
QSO: 21015 CW 2025-07-12 1856 KH7Q 599 61 W0UA 599 07 0
QSO: 14029 CW 2025-07-12 1900 KH7Q 599 61 AJ6V 599 06 0
QSO: 21015 CW 2025-07-12 1901 KH7Q 599 61 K7AZT 599 06 0
QSO: 21015 CW 2025-07-12 1902 KH7Q 599 61 AA0FO 599 07 0
QSO: 21015 CW 2025-07-12 1905 KH7Q 599 61 N7ON 599 06 0
QSO: 14034 CW 2025-07-12 1905 KH7Q 599 61 R4LR 599 29 0
QSO: 14034 CW 2025-07-12 1907 KH7Q 599 61 AL7JK 599 01 0
QSO: 14034 CW 2025-07-12 1907 KH7Q 599 61 K1MK 599 08 0
QSO: 21015 CW 2025-07-12 1907 KH7Q 599 61 W0IZ 599 07 0
QSO: 21015 CW 2025-07-12 1908 KH7Q 599 61 W6EO 599 06 0
QSO: 21028 CW 2025-07-12 1913 KH7Q 599 61 W7GF 599 06 0
QSO: 21028 CW 2025-07-12 1914 KH7Q 599 61 W8JJ 599 08 0
QSO: 21028 CW 2025-07-12 1914 KH7Q 599 61 KR7X 599 06 0
QSO: 14034 CW 2025-07-12 1914 KH7Q 599 61 K4AB 599 08 0
QSO: 14034 CW 2025-07-12 1915 KH7Q 599 61 W3PU 599 08 0
QSO: 14034 CW 2025-07-12 1916 KH7Q 599 61 N8PW 599 08 0
QSO: 21028 CW 2025-07-12 1917 KH7Q 599 61 KC7V 599 06 0
QSO: 14034 CW 2025-07-12 1917 KH7Q 599 61 KH6TU 599 61 0
QSO: 21028 CW 2025-07-12 1918 KH7Q 599 61 N0RC 599 07 0
QSO: 21028 CW 2025-07-12 1918 KH7Q 599 61 N6MZ 599 06 0
QSO: 21028 CW 2025-07-12 1922 KH7Q 599 61 KL5DX 599 01 0
QSO: 21028 CW 2025-07-12 1924 KH7Q 599 61 W4LT 599 08 0
QSO: 21028 CW 2025-07-12 1925 KH7Q 599 61 KB9S 599 07 0
QSO: 21028 CW 2025-07-12 1926 KH7Q 599 61 N5NEN 599 07 0
QSO: 21028 CW 2025-07-12 1926 KH7Q 599 61 TM0HQ 599 REF 0
QSO: 21028 CW 2025-07-12 1927 KH7Q 599 61 W6AYC 599 06 0
QSO: 21028 CW 2025-07-12 1929 KH7Q 599 61 HI3/DL4SDW 599 11 0
QSO: 21028 CW 2025-07-12 1930 KH7Q 599 61 N4PSE 599 08 0
QSO: 21028 CW 2025-07-12 1930 KH7Q 599 61 K6NA 599 06 0
QSO: 21028 CW 2025-07-12 1930 KH7Q 599 61 W2XL 599 08 0
QSO: 21028 CW 2025-07-12 1930 KH7Q 599 61 KA8HDE 599 07 0
QSO: 21028 CW 2025-07-12 1931 KH7Q 599 61 KT3M 599 07 0
QSO: 21028 CW 2025-07-12 1931 KH7Q 599 61 K8GT 599 08 0
QSO: 21028 CW 2025-07-12 1933 KH7Q 599 61 N6RK 599 06 0
QSO: 28027 CW 2025-07-12 1935 KH7Q 599 61 NT6Q 599 06 0
QSO: 21028 CW 2025-07-12 1935 KH7Q 599 61 W0ECC 599 07 0
QSO: 21028 CW 2025-07-12 1935 KH7Q 599 61 AK1MD 599 08 0
QSO: 21028 CW 2025-07-12 1935 KH7Q 599 61 AB5SE 599 07 0
QSO: 21028 CW 2025-07-12 1936 KH7Q 599 61 W9MAK 599 06 0
QSO: 21028 CW 2025-07-12 1936 KH7Q 599 61 KI1G 599 08 0
QSO: 21028 CW 2025-07-12 1937 KH7Q 599 61 XE1AY 599 10 0
QSO: 21028 CW 2025-07-12 1937 KH7Q 599 61 VA3RAC 599 RAC 0
QSO: 21028 CW 2025-07-12 1937 KH7Q 599 61 KD2FSS 599 06 0
QSO: 21028 CW 2025-07-12 1938 KH7Q 599 61 KR5DX 599 07 0
QSO: 21028 CW 2025-07-12 1938 KH7Q 599 61 KH6TU 599 61 0
QSO: 28009 CW 2025-07-12 1939 KH7Q 599 61 KH6TU 599 61 0
QSO: 28009 CW 2025-07-12 1940 KH7Q 599 61 N9RV 599 06 0
QSO: 21028 CW 2025-07-12 1942 KH7Q 599 61 N7DEY 599 06 0
QSO: 21028 CW 2025-07-12 1942 KH7Q 599 61 KS7T 599 06 0
QSO: 21028 CW 2025-07-12 1944 KH7Q 599 61 VE3MV 599 04 0
QSO: 21028 CW 2025-07-12 1944 KH7Q 599 61 AD1C 599 07 0
QSO: 21028 CW 2025-07-12 1945 KH7Q 599 61 NJ1F 599 08 0
QSO: 21028 CW 2025-07-12 1945 KH7Q 599 61 W1NN 599 08 0
QSO: 21028 CW 2025-07-12 1946 KH7Q 599 61 VE6KC 599 02 0
QSO: 21028 CW 2025-07-12 1947 KH7Q 599 61 W7CUI 599 06 0
QSO: 21028 CW 2025-07-12 1947 KH7Q 599 61 NI1Q 599 08 0
QSO: 21028 CW 2025-07-12 1948 KH7Q 599 61 WA2MCR 599 08 0
QSO: 14000 CW 2025-07-12 1949 KH7Q 599 61 W2RQ 599 08 0
QSO: 14013 CW 2025-07-12 1952 KH7Q 599 61 ZF5T 599 11 0
QSO: 14011 CW 2025-07-12 1953 KH7Q 599 61 K4ZW 599 08 0
QSO: 14006 CW 2025-07-12 1954 KH7Q 599 61 ND3T 599 08 0
QSO: 14005 CW 2025-07-12 1954 KH7Q 599 61 AA4NC 599 08 0
QSO: 14015 CW 2025-07-12 1955 KH7Q 599 61 CR3A 599 36 0
QSO: 21026 CW 2025-07-12 1956 KH7Q 599 61 K0VBU 599 07 0
QSO: 14021 CW 2025-07-12 1957 KH7Q 599 61 W1KM 599 08 0
QSO: 14023 CW 2025-07-12 1958 KH7Q 599 61 N4VI 599 07 0
QSO: 21026 CW 2025-07-12 1958 KH7Q 599 61 K6RWM 599 06 0
QSO: 14024 CW 2025-07-12 1959 KH7Q 599 61 NA8V 599 08 0
QSO: 21026 CW 2025-07-12 1959 KH7Q 599 61 W3FIZ 599 08 0
QSO: 21026 CW 2025-07-12 2000 KH7Q 599 61 KX2P 599 07 0
QSO: 21026 CW 2025-07-12 2000 KH7Q 599 61 KF6NCX 599 06 0
QSO: 21026 CW 2025-07-12 2002 KH7Q 599 61 PU1JSV 599 15 0
QSO: 21026 CW 2025-07-12 2003 KH7Q 599 61 N7RDJ 599 06 0
QSO: 21026 CW 2025-07-12 2004 KH7Q 599 61 KG5U 599 07 0
QSO: 14029 CW 2025-07-12 2004 KH7Q 599 61 EA8RM 599 36 0
QSO: 21026 CW 2025-07-12 2005 KH7Q 599 61 VE3CT 599 04 0
QSO: 21026 CW 2025-07-12 2006 KH7Q 599 61 VE6TL 599 02 0
QSO: 21026 CW 2025-07-12 2006 KH7Q 599 61 VE7BC 599 02 0
QSO: 21026 CW 2025-07-12 2007 KH7Q 599 61 N0AV 599 07 0
QSO: 21026 CW 2025-07-12 2007 KH7Q 599 61 K6YK 599 06 0
QSO: 14025 CW 2025-07-12 2008 KH7Q 599 61 K6ACW 599 06 0
QSO: 14007 CW 2025-07-12 2011 KH7Q 599 61 KD7H 599 06 0
QSO: 21026 CW 2025-07-12 2012 KH7Q 599 61 W0ZB 599 07 0
QSO: 21026 CW 2025-07-12 2013 KH7Q 599 61 K0ZR 599 08 0
QSO: 21026 CW 2025-07-12 2014 KH7Q 599 61 NE2V 599 08 0
QSO: 21026 CW 2025-07-12 2015 KH7Q 599 61 ZF5T 599 11 0
QSO: 14013 CW 2025-07-12 2017 KH7Q 599 61 N1LN 599 08 0
QSO: 21027 CW 2025-07-12 2017 KH7Q 599 61 NN6DX 599 06 0
QSO: 21027 CW 2025-07-12 2019 KH7Q 599 61 K7GS 599 06 0
QSO: 14013 CW 2025-07-12 2023 KH7Q 599 61 KH6LC 599 61 0
QSO: 14013 CW 2025-07-12 2025 KH7Q 599 61 JA1GZV 599 45 0
QSO: 21027 CW 2025-07-12 2026 KH7Q 599 61 NP2X 599 11 0
QSO: 21027 CW 2025-07-12 2027 KH7Q 599 61 K7AZT 599 06 0
QSO: 14013 CW 2025-07-12 2027 KH7Q 599 61 JF2UPM 599 45 0
QSO: 14013 CW 2025-07-12 2030 KH7Q 599 61 NJ4Q 599 08 0
QSO: 21027 CW 2025-07-12 2031 KH7Q 599 61 KE0UI 599 07 0
QSO: 14013 CW 2025-07-12 2034 KH7Q 599 61 K5IMC 599 07 0
QSO: 14013 CW 2025-07-12 2034 KH7Q 599 61 VL4A 599 55 0
QSO: 14013 CW 2025-07-12 2035 KH7Q 599 61 JA3JM 599 45 0
QSO: 14013 CW 2025-07-12 2037 KH7Q 599 61 AE4JM 599 08 0
QSO: 14013 CW 2025-07-12 2044 KH7Q 599 61 JA6WFM 599 45 0
QSO: 21027 CW 2025-07-12 2047 KH7Q 599 61 K5LY 599 07 0
QSO: 21027 CW 2025-07-12 2048 KH7Q 599 61 N5KO 599 06 0
QSO: 21027 CW 2025-07-12 2052 KH7Q 599 61 W9BF 599 07 0
QSO: 21027 CW 2025-07-12 2053 KH7Q 599 61 NT6X 599 06 0
QSO: 21027 CW 2025-07-12 2055 KH7Q 599 61 OH2HQ 599 SRAL 0
QSO: 21027 CW 2025-07-12 2055 KH7Q 599 61 SK9HQ 599 SSA 0
QSO: 14029 CW 2025-07-12 2057 KH7Q 599 61 KG5U 599 07 0
QSO: 21027 CW 2025-07-12 2100 KH7Q 599 61 K7CA 599 06 0
QSO: 14029 CW 2025-07-12 2100 KH7Q 599 61 KD2FSS 599 06 0
QSO: 14028 CW 2025-07-12 2102 KH7Q 599 61 VL4A 599 55 0
QSO: 14028 CW 2025-07-12 2102 KH7Q 599 61 K4BAI 599 08 0
QSO: 21027 CW 2025-07-12 2103 KH7Q 599 61 WH7T 599 61 0
QSO: 14028 CW 2025-07-12 2104 KH7Q 599 61 VE7UF 599 02 0
QSO: 14028 CW 2025-07-12 2104 KH7Q 599 61 VE1ANF 599 09 0
QSO: 14028 CW 2025-07-12 2104 KH7Q 599 61 K2MK 599 08 0
QSO: 21027 CW 2025-07-12 2106 KH7Q 599 61 VA1CHP 599 09 0
QSO: 21027 CW 2025-07-12 2108 KH7Q 599 61 W7STV 599 06 0
QSO: 21027 CW 2025-07-12 2110 KH7Q 599 61 W3KB 599 08 0
QSO: 14028 CW 2025-07-12 2110 KH7Q 599 61 NT6Q 599 06 0
QSO: 21027 CW 2025-07-12 2112 KH7Q 599 61 AB2E 599 08 0
QSO: 21027 CW 2025-07-12 2112 KH7Q 599 61 AE4JM 599 08 0
QSO: 14028 CW 2025-07-12 2113 KH7Q 599 61 N2PP 599 08 0
QSO: 14028 CW 2025-07-12 2113 KH7Q 599 61 K6RJ 599 06 0
QSO: 14028 CW 2025-07-12 2114 KH7Q 599 61 JA3AVO 599 45 0
QSO: 14028 CW 2025-07-12 2115 KH7Q 599 61 JK1TCV 599 45 0
QSO: 14028 CW 2025-07-12 2116 KH7Q 599 61 JH5FXP 599 45 0
QSO: 14028 CW 2025-07-12 2116 KH7Q 599 61 JA2AXB 599 45 0
QSO: 21027 CW 2025-07-12 2117 KH7Q 599 61 WA9AQN 599 08 0
QSO: 14028 CW 2025-07-12 2117 KH7Q 599 61 NT6X 599 06 0
QSO: 14028 CW 2025-07-12 2118 KH7Q 599 61 JA1PCM 599 45 0
QSO: 14028 CW 2025-07-12 2118 KH7Q 599 61 JO7KMB 599 45 0
QSO: 14028 CW 2025-07-12 2118 KH7Q 599 61 JM4WUZ 599 45 0
QSO: 14028 CW 2025-07-12 2119 KH7Q 599 61 JS1OYN 599 45 0
QSO: 14028 CW 2025-07-12 2122 KH7Q 599 61 JH1EAQ 599 45 0
QSO: 21027 CW 2025-07-12 2122 KH7Q 599 61 W6RQ 599 06 0
QSO: 21027 CW 2025-07-12 2122 KH7Q 599 61 VA6WWW 599 02 0
QSO: 14028 CW 2025-07-12 2123 KH7Q 599 61 N5TJ 599 07 0
QSO: 21027 CW 2025-07-12 2124 KH7Q 599 61 WA3KCP 599 08 0
QSO: 14028 CW 2025-07-12 2124 KH7Q 599 61 JA7EVH 599 45 0
QSO: 14028 CW 2025-07-12 2124 KH7Q 599 61 JK1HIY 599 45 0
QSO: 14028 CW 2025-07-12 2126 KH7Q 599 61 N4GO 599 08 0
QSO: 21027 CW 2025-07-12 2126 KH7Q 599 61 JS1OYN 599 45 0
QSO: 21027 CW 2025-07-12 2127 KH7Q 599 61 K5LJ 599 07 0
QSO: 21027 CW 2025-07-12 2131 KH7Q 599 61 JJ1TNX 599 45 0
QSO: 21027 CW 2025-07-12 2131 KH7Q 599 61 JQ1NGT 599 45 0
QSO: 21027 CW 2025-07-12 2132 KH7Q 599 61 AG6JA 599 06 0
QSO: 21027 CW 2025-07-12 2132 KH7Q 599 61 JJ1LBJ 599 45 0
QSO: 14028 CW 2025-07-12 2132 KH7Q 599 61 N9XX 599 08 0
QSO: 14028 CW 2025-07-12 2133 KH7Q 599 61 W1JQ 599 08 0
QSO: 14028 CW 2025-07-12 2134 KH7Q 599 61 W0UC 599 07 0
QSO: 14028 CW 2025-07-12 2135 KH7Q 599 61 K0RC 599 07 0
QSO: 21027 CW 2025-07-12 2135 KH7Q 599 61 RN0D 599 33 0
QSO: 21027 CW 2025-07-12 2136 KH7Q 599 61 W0ETT 599 07 0
QSO: 14028 CW 2025-07-12 2136 KH7Q 599 61 K7EA 599 06 0
QSO: 14028 CW 2025-07-12 2137 KH7Q 599 61 KJ6JUS 599 06 0
QSO: 21027 CW 2025-07-12 2137 KH7Q 599 61 N7OR 599 06 0
QSO: 14028 CW 2025-07-12 2138 KH7Q 599 61 VE3NNT 599 04 0
QSO: 14028 CW 2025-07-12 2138 KH7Q 599 61 KK6TV 599 06 0
QSO: 14028 CW 2025-07-12 2139 KH7Q 599 61 K0BH 599 07 0
QSO: 14028 CW 2025-07-12 2139 KH7Q 599 61 K6CSL 599 06 0
QSO: 14028 CW 2025-07-12 2139 KH7Q 599 61 AL7T 599 07 0
QSO: 21027 CW 2025-07-12 2140 KH7Q 599 61 KM7DX 599 06 0
QSO: 21027 CW 2025-07-12 2141 KH7Q 599 61 BH4BFS 599 44 0
QSO: 21027 CW 2025-07-12 2141 KH7Q 599 61 JH1EAQ 599 45 0
QSO: 21027 CW 2025-07-12 2141 KH7Q 599 61 JE1NVD 599 45 0
QSO: 21027 CW 2025-07-12 2142 KH7Q 599 61 JI1RXQ 599 45 0
QSO: 21027 CW 2025-07-12 2142 KH7Q 599 61 JA7MAD 599 45 0
QSO: 14028 CW 2025-07-12 2144 KH7Q 599 61 W8GF 599 08 0
QSO: 14028 CW 2025-07-12 2145 KH7Q 599 61 AI5EG 599 07 0
QSO: 14028 CW 2025-07-12 2147 KH7Q 599 61 JE1NVD 599 45 0
QSO: 21027 CW 2025-07-12 2147 KH7Q 599 61 N7UVH 599 06 0
QSO: 21027 CW 2025-07-12 2201 KH7Q 599 61 K6NV 599 06 0
QSO: 21027 CW 2025-07-12 2202 KH7Q 599 61 RC0L 599 34 0
QSO: 21027 CW 2025-07-12 2202 KH7Q 599 61 W7CT 599 06 0
QSO: 21027 CW 2025-07-12 2207 KH7Q 599 61 WQ6X 599 06 0
QSO: 21027 CW 2025-07-12 2208 KH7Q 599 61 NT6Q 599 06 0
QSO: 21027 CW 2025-07-12 2210 KH7Q 599 61 JE0UXR 599 45 0
QSO: 21027 CW 2025-07-12 2211 KH7Q 599 61 JL1EXY 599 45 0
QSO: 21027 CW 2025-07-12 2212 KH7Q 599 61 JA2GAL 599 45 0
QSO: 21027 CW 2025-07-12 2213 KH7Q 599 61 JO1KTD 599 45 0
QSO: 21027 CW 2025-07-12 2214 KH7Q 599 61 JG6JAV 599 45 0
QSO: 21027 CW 2025-07-12 2214 KH7Q 599 61 JO6NZN 599 45 0
QSO: 21027 CW 2025-07-12 2216 KH7Q 599 61 JM1SMY 599 45 0
QSO: 21027 CW 2025-07-12 2217 KH7Q 599 61 JF1KML 599 45 0
QSO: 21027 CW 2025-07-12 2217 KH7Q 599 61 JA1PCM 599 45 0
QSO: 21027 CW 2025-07-12 2219 KH7Q 599 61 JF1HAJ 599 45 0
QSO: 21027 CW 2025-07-12 2219 KH7Q 599 61 UA0D 599 33 0
QSO: 21027 CW 2025-07-12 2220 KH7Q 599 61 JH7UJU 599 45 0
QSO: 21027 CW 2025-07-12 2220 KH7Q 599 61 JA1RPK 599 45 0
QSO: 21027 CW 2025-07-12 2220 KH7Q 599 61 JA0FVU 599 45 0
QSO: 21027 CW 2025-07-12 2221 KH7Q 599 61 JK1MLY 599 45 0
QSO: 21027 CW 2025-07-12 2222 KH7Q 599 61 JA2AXB 599 45 0
QSO: 21027 CW 2025-07-12 2225 KH7Q 599 61 JG1LFR 599 45 0
QSO: 21027 CW 2025-07-12 2227 KH7Q 599 61 JA1RYC 599 45 0
QSO: 21027 CW 2025-07-12 2228 KH7Q 599 61 JF3EIG 599 45 0
QSO: 21027 CW 2025-07-12 2228 KH7Q 599 61 BI4KYT 599 44 0
QSO: 28029 CW 2025-07-12 2230 KH7Q 599 61 ZL6HQ 599 NZART 0
QSO: 21027 CW 2025-07-12 2230 KH7Q 599 61 JO7KMB 599 45 0
QSO: 21027 CW 2025-07-12 2230 KH7Q 599 61 JI1HFJ 599 45 0
QSO: 21027 CW 2025-07-12 2231 KH7Q 599 61 JF3BFS 599 45 0
QSO: 28027 CW 2025-07-12 2231 KH7Q 599 61 VL2A 599 55 0
QSO: 21027 CW 2025-07-12 2233 KH7Q 599 61 DX0HQ 599 PARA 0
QSO: 21027 CW 2025-07-12 2235 KH7Q 599 61 JA9RPU 599 45 0
QSO: 21027 CW 2025-07-12 2235 KH7Q 599 61 7L3JAR 599 45 0
QSO: 21027 CW 2025-07-12 2237 KH7Q 599 61 K6XX 599 06 0
QSO: 21026 CW 2025-07-12 2238 KH7Q 599 61 W0EET 599 07 0
QSO: 21026 CW 2025-07-12 2239 KH7Q 599 61 N7RVD 599 06 0
QSO: 28011 CW 2025-07-12 2240 KH7Q 599 61 8N2HQ 599 JARL 0
QSO: 21026 CW 2025-07-12 2241 KH7Q 599 61 PY2QT 599 15 0
QSO: 28022 CW 2025-07-12 2242 KH7Q 599 61 B5HQ 599 CRAC 0
QSO: 21026 CW 2025-07-12 2242 KH7Q 599 61 W3FV 599 08 0
QSO: 21026 CW 2025-07-12 2243 KH7Q 599 61 K5TR 599 07 0
QSO: 21026 CW 2025-07-12 2243 KH7Q 599 61 W7HJL 599 06 0
QSO: 21026 CW 2025-07-12 2243 KH7Q 599 61 N7EPD 599 06 0
QSO: 28028 CW 2025-07-12 2246 KH7Q 599 61 W6UM 599 06 0
QSO: 28028 CW 2025-07-12 2247 KH7Q 599 61 VL2B 599 59 0
QSO: 28028 CW 2025-07-12 2249 KH7Q 599 61 W6KK 599 06 0
QSO: 21026 CW 2025-07-12 2249 KH7Q 599 61 JJ1JVC 599 45 0
QSO: 21026 CW 2025-07-12 2250 KH7Q 599 61 JH6OPP 599 45 0
QSO: 28028 CW 2025-07-12 2251 KH7Q 599 61 K5TR 599 07 0
QSO: 21026 CW 2025-07-12 2251 KH7Q 599 61 YE4IJ 599 54 0
QSO: 28028 CW 2025-07-12 2251 KH7Q 599 61 K6XX 599 06 0
QSO: 21026 CW 2025-07-12 2253 KH7Q 599 61 JR4FLW 599 45 0
QSO: 21026 CW 2025-07-12 2255 KH7Q 599 61 JA6WFM 599 45 0
QSO: 28028 CW 2025-07-12 2256 KH7Q 599 61 K6KM 599 06 0
QSO: 28028 CW 2025-07-12 2256 KH7Q 599 61 NI6W 599 06 0
QSO: 21026 CW 2025-07-12 2257 KH7Q 599 61 N8KH 599 08 0
QSO: 28028 CW 2025-07-12 2259 KH7Q 599 61 N5RZ 599 07 0
QSO: 21026 CW 2025-07-12 2300 KH7Q 599 61 JR4VEV 599 45 0
QSO: 21026 CW 2025-07-12 2300 KH7Q 599 61 VL2B 599 59 0
QSO: 28028 CW 2025-07-12 2301 KH7Q 599 61 K6CSL 599 06 0
QSO: 21026 CW 2025-07-12 2303 KH7Q 599 61 YC9FAR 599 54 0
QSO: 28028 CW 2025-07-12 2305 KH7Q 599 61 W6IA 599 06 0
QSO: 28028 CW 2025-07-12 2308 KH7Q 599 61 K6RIM 599 06 0
QSO: 28028 CW 2025-07-12 2309 KH7Q 599 61 NC6V 599 06 0
QSO: 28028 CW 2025-07-12 2310 KH7Q 599 61 WX0B 599 07 0
QSO: 21026 CW 2025-07-12 2311 KH7Q 599 61 KK4R 599 08 0
QSO: 21026 CW 2025-07-12 2312 KH7Q 599 61 K5PI 599 07 0
QSO: 28028 CW 2025-07-12 2312 KH7Q 599 61 KI6OY 599 06 0
QSO: 21026 CW 2025-07-12 2312 KH7Q 599 61 WB2TQE 599 08 0
QSO: 21026 CW 2025-07-12 2312 KH7Q 599 61 K1VMT 599 08 0
QSO: 21026 CW 2025-07-12 2313 KH7Q 599 61 WB4TDH 599 08 0
QSO: 21026 CW 2025-07-12 2315 KH7Q 599 61 N7DEY 599 06 0
QSO: 21026 CW 2025-07-12 2316 KH7Q 599 61 N6TTV 599 06 0
QSO: 21026 CW 2025-07-12 2317 KH7Q 599 61 AA4NC 599 08 0
QSO: 28028 CW 2025-07-12 2317 KH7Q 599 61 N6TTV 599 06 0
QSO: 21026 CW 2025-07-12 2318 KH7Q 599 61 AC0C 599 07 0
QSO: 21027 CW 2025-07-12 2319 KH7Q 599 61 K1GQ 599 08 0
QSO: 28028 CW 2025-07-12 2320 KH7Q 599 61 K6WAS 599 06 0
QSO: 28028 CW 2025-07-12 2320 KH7Q 599 61 K5PI 599 07 0
QSO: 21026 CW 2025-07-12 2321 KH7Q 599 61 K0IR 599 07 0
QSO: 21026 CW 2025-07-12 2321 KH7Q 599 61 W7GTF 599 06 0
QSO: 21026 CW 2025-07-12 2321 KH7Q 599 61 VE6SH/7 599 AC 0
QSO: 28028 CW 2025-07-12 2322 KH7Q 599 61 N7VM 599 06 0
QSO: 21026 CW 2025-07-12 2324 KH7Q 599 61 K5AM 599 07 0
QSO: 21026 CW 2025-07-12 2326 KH7Q 599 61 W6NV 599 06 0
QSO: 21026 CW 2025-07-12 2326 KH7Q 599 61 K3WJV 599 08 0
QSO: 21026 CW 2025-07-12 2327 KH7Q 599 61 7K1CPT 599 45 0
QSO: 21026 CW 2025-07-12 2328 KH7Q 599 61 BA4TB 599 44 0
QSO: 28028 CW 2025-07-12 2329 KH7Q 599 61 WA2EDJ 599 06 0
QSO: 28028 CW 2025-07-12 2329 KH7Q 599 61 BH4BFS 599 44 0
QSO: 21026 CW 2025-07-12 2329 KH7Q 599 61 JM1SZY 599 45 0
QSO: 21026 CW 2025-07-12 2330 KH7Q 599 61 JH0NEC 599 45 0
QSO: 28028 CW 2025-07-12 2331 KH7Q 599 61 K7GK 599 06 0
QSO: 28028 CW 2025-07-12 2335 KH7Q 599 61 N6MU 599 06 0
QSO: 28028 CW 2025-07-12 2336 KH7Q 599 61 N6GEO 599 06 0
QSO: 21026 CW 2025-07-12 2337 KH7Q 599 61 VJ5W 599 59 0
QSO: 28028 CW 2025-07-12 2337 KH7Q 599 61 N6IE 599 06 0
QSO: 28028 CW 2025-07-12 2338 KH7Q 599 61 VL2Y 599 59 0
QSO: 28028 CW 2025-07-12 2339 KH7Q 599 61 K5AM 599 07 0
QSO: 28028 CW 2025-07-12 2340 KH7Q 599 61 KF6NCX 599 06 0
QSO: 28028 CW 2025-07-12 2341 KH7Q 599 61 NN6U 599 06 0
QSO: 28028 CW 2025-07-12 2341 KH7Q 599 61 K5TT 599 06 0
QSO: 28028 CW 2025-07-12 2342 KH7Q 599 61 JS1OYN 599 45 0
QSO: 28028 CW 2025-07-12 2343 KH7Q 599 61 JH6WHN 599 45 0
QSO: 28028 CW 2025-07-12 2343 KH7Q 599 61 JJ1LBJ 599 45 0
QSO: 28028 CW 2025-07-12 2344 KH7Q 599 61 JI3KDH 599 45 0
QSO: 21026 CW 2025-07-12 2346 KH7Q 599 61 VK2COS 599 59 0
QSO: 28028 CW 2025-07-12 2347 KH7Q 599 61 JA6FFK 599 45 0
QSO: 28028 CW 2025-07-12 2348 KH7Q 599 61 JI1RXQ 599 45 0
QSO: 21026 CW 2025-07-12 2351 KH7Q 599 61 VK7BO 599 59 0
QSO: 21026 CW 2025-07-12 2352 KH7Q 599 61 VK3NX 599 59 0
QSO: 21026 CW 2025-07-12 2353 KH7Q 599 61 VE7UF 599 02 0
QSO: 28028 CW 2025-07-12 2353 KH7Q 599 61 JF3BFS 599 45 0
QSO: 21026 CW 2025-07-12 2354 KH7Q 599 61 NN6U 599 06 0
QSO: 28028 CW 2025-07-12 2355 KH7Q 599 61 JO7KMB 599 45 0
QSO: 28028 CW 2025-07-12 2356 KH7Q 599 61 WQ6X 599 06 0
QSO: 21026 CW 2025-07-12 2358 KH7Q 599 61 VL2Y 599 59 0
QSO: 21026 CW 2025-07-13 0000 KH7Q 599 61 AA1K 599 08 0
QSO: 21026 CW 2025-07-13 0002 KH7Q 599 61 N9NC 599 08 0
QSO: 21026 CW 2025-07-13 0004 KH7Q 599 61 ZL1IF 599 60 0
QSO: 28028 CW 2025-07-13 0004 KH7Q 599 61 WH7T 599 61 0
QSO: 28028 CW 2025-07-13 0004 KH7Q 599 61 YB1HR 599 54 0
QSO: 28028 CW 2025-07-13 0005 KH7Q 599 61 VL2G 599 59 0
QSO: 21026 CW 2025-07-13 0005 KH7Q 599 61 W2A 599 08 0
QSO: 21026 CW 2025-07-13 0012 KH7Q 599 61 JA8RWU 599 45 0
QSO: 21026 CW 2025-07-13 0016 KH7Q 599 61 VR2VRC 599 44 0
QSO: 28021 CW 2025-07-13 0018 KH7Q 599 61 RX0L 599 34 0
QSO: 21026 CW 2025-07-13 0021 KH7Q 599 61 JE5HTN 599 45 0
QSO: 21026 CW 2025-07-13 0025 KH7Q 599 61 YD4FYI 599 54 0
QSO: 14053 CW 2025-07-13 0026 KH7Q 599 61 CT3KN 599 36 0
QSO: 14053 CW 2025-07-13 0028 KH7Q 599 61 OM7K 599 28 0
QSO: 14046 CW 2025-07-13 0034 KH7Q 599 61 WB5BHS 599 07 0
QSO: 14046 CW 2025-07-13 0034 KH7Q 599 61 W4GD 599 08 0
QSO: 14046 CW 2025-07-13 0034 KH7Q 599 61 KG1V 599 08 0
QSO: 14046 CW 2025-07-13 0034 KH7Q 599 61 NM5M 599 07 0
QSO: 14046 CW 2025-07-13 0035 KH7Q 599 61 NE2V 599 08 0
QSO: 14046 CW 2025-07-13 0035 KH7Q 599 61 ED0HQ 599 URE 0
QSO: 14046 CW 2025-07-13 0036 KH7Q 599 61 N7BBQ 599 06 0
QSO: 14046 CW 2025-07-13 0036 KH7Q 599 61 K0MPH 599 07 0
QSO: 14046 CW 2025-07-13 0036 KH7Q 599 61 W2UP 599 07 0
QSO: 14046 CW 2025-07-13 0037 KH7Q 599 61 N2YO 599 08 0
QSO: 14046 CW 2025-07-13 0038 KH7Q 599 61 WB3C 599 08 0
QSO: 14046 CW 2025-07-13 0038 KH7Q 599 61 N8CC 599 08 0
QSO: 14046 CW 2025-07-13 0039 KH7Q 599 61 F6AGM 599 27 0
QSO: 14046 CW 2025-07-13 0039 KH7Q 599 61 N5MF 599 07 0
QSO: 14046 CW 2025-07-13 0039 KH7Q 599 61 W4IX 599 08 0
QSO: 14046 CW 2025-07-13 0040 KH7Q 599 61 K0AE 599 07 0
QSO: 14046 CW 2025-07-13 0040 KH7Q 599 61 K0TRL 599 07 0
QSO: 14046 CW 2025-07-13 0041 KH7Q 599 61 YU7KW 599 28 0
QSO: 14046 CW 2025-07-13 0041 KH7Q 599 61 VA3TNM 599 04 0
QSO: 14046 CW 2025-07-13 0042 KH7Q 599 61 W7KPL 599 06 0
QSO: 14046 CW 2025-07-13 0042 KH7Q 599 61 K7IPT 599 06 0
QSO: 14046 CW 2025-07-13 0042 KH7Q 599 61 AD5A 599 07 0
QSO: 14046 CW 2025-07-13 0043 KH7Q 599 61 WE0Q 599 07 0
QSO: 14046 CW 2025-07-13 0044 KH7Q 599 61 KL2AV 579 01 0
QSO: 14046 CW 2025-07-13 0045 KH7Q 599 61 K4SO 599 08 0
QSO: 14046 CW 2025-07-13 0045 KH7Q 599 61 KC3M 599 08 0
QSO: 14046 CW 2025-07-13 0045 KH7Q 599 61 KZ2V 599 06 0
QSO: 14046 CW 2025-07-13 0045 KH7Q 599 61 K6KR 599 06 0
QSO: 14046 CW 2025-07-13 0046 KH7Q 599 61 W6KH 599 06 0
QSO: 14046 CW 2025-07-13 0046 KH7Q 599 61 KE2D 599 08 0
QSO: 14046 CW 2025-07-13 0046 KH7Q 599 61 W0DOS 599 07 0
QSO: 14046 CW 2025-07-13 0046 KH7Q 599 61 W8MJ 599 08 0
QSO: 14046 CW 2025-07-13 0047 KH7Q 599 61 N6HD 599 07 0
QSO: 14046 CW 2025-07-13 0048 KH7Q 599 61 YU1QU 599 28 0
QSO: 14046 CW 2025-07-13 0048 KH7Q 599 61 9A0HQ 599 HRS 0
QSO: 14046 CW 2025-07-13 0049 KH7Q 599 61 VE6KC 599 02 0
QSO: 14046 CW 2025-07-13 0050 KH7Q 599 61 II4HQ 599 ARI 0
QSO: 14046 CW 2025-07-13 0050 KH7Q 599 61 VY1AAA 599 02 0
QSO: 14046 CW 2025-07-13 0050 KH7Q 599 61 W0EAR 599 07 0
QSO: 14046 CW 2025-07-13 0051 KH7Q 599 61 NN6DX 599 06 0
QSO: 14046 CW 2025-07-13 0051 KH7Q 599 61 N6BDX 599 08 0
QSO: 14046 CW 2025-07-13 0055 KH7Q 599 61 W5MT 599 07 0
QSO: 14046 CW 2025-07-13 0056 KH7Q 599 61 WW3S 599 08 0
QSO: 14046 CW 2025-07-13 0056 KH7Q 599 61 AD1C 599 07 0
QSO: 14046 CW 2025-07-13 0056 KH7Q 599 61 YT3D 599 28 0
QSO: 14046 CW 2025-07-13 0056 KH7Q 599 61 K4FTO 599 08 0
QSO: 14046 CW 2025-07-13 0057 KH7Q 599 61 W6RQ 599 06 0
QSO: 14046 CW 2025-07-13 0057 KH7Q 599 61 KA3DRR 599 06 0
QSO: 14046 CW 2025-07-13 0057 KH7Q 599 61 N7UVH 599 06 0
QSO: 14046 CW 2025-07-13 0058 KH7Q 599 61 9A925T 599 28 0
QSO: 14046 CW 2025-07-13 0059 KH7Q 599 61 N0AV 599 07 0
QSO: 14046 CW 2025-07-13 0100 KH7Q 599 61 KV0I 599 07 0
QSO: 14046 CW 2025-07-13 0100 KH7Q 599 61 N7VS 599 06 0
QSO: 14046 CW 2025-07-13 0101 KH7Q 599 61 N4CWZ 599 08 0
QSO: 14046 CW 2025-07-13 0101 KH7Q 599 61 N0AV 599 07 0
QSO: 14046 CW 2025-07-13 0101 KH7Q 599 61 PY4BZ 599 15 0
QSO: 14046 CW 2025-07-13 0102 KH7Q 599 61 W1HRB 599 08 0
QSO: 21026 CW 2025-07-13 0102 KH7Q 599 61 JG1UKW 599 45 0
QSO: 14046 CW 2025-07-13 0102 KH7Q 599 61 NA4J 599 08 0
QSO: 14046 CW 2025-07-13 0102 KH7Q 599 61 N6EK 599 06 0
QSO: 21026 CW 2025-07-13 0103 KH7Q 599 61 9V1YC 599 54 0
QSO: 21024 CW 2025-07-13 0104 KH7Q 599 61 VL2A 599 55 0
QSO: 14046 CW 2025-07-13 0104 KH7Q 599 61 AC4G 599 08 0
QSO: 14046 CW 2025-07-13 0105 KH7Q 599 61 AA4DD 599 08 0
QSO: 21003 CW 2025-07-13 0106 KH7Q 599 61 B1HQ 599 CRAC 0
QSO: 14046 CW 2025-07-13 0107 KH7Q 599 61 KG6HM 599 06 0
QSO: 21000 CW 2025-07-13 0108 KH7Q 599 61 8N2HQ 599 JARL 0
QSO: 14046 CW 2025-07-13 0109 KH7Q 599 61 KA0PQW 599 07 0
QSO: 14046 CW 2025-07-13 0109 KH7Q 599 61 N9NC 599 08 0
QSO: 14046 CW 2025-07-13 0109 KH7Q 599 61 KI6OY 599 06 0
QSO: 14046 CW 2025-07-13 0109 KH7Q 599 61 N6RK 599 06 0
QSO: 14046 CW 2025-07-13 0110 KH7Q 599 61 N4GG 599 08 0
QSO: 14046 CW 2025-07-13 0110 KH7Q 599 61 WA8LRW 599 08 0
QSO: 14046 CW 2025-07-13 0111 KH7Q 599 61 N6AR 599 08 0
QSO: 14046 CW 2025-07-13 0111 KH7Q 599 61 CQ9A 599 36 0
QSO: 14046 CW 2025-07-13 0113 KH7Q 599 61 AA4NO 599 08 0
QSO: 21045 CW 2025-07-13 0114 KH7Q 599 61 BH7FFR 599 44 0
QSO: 14046 CW 2025-07-13 0114 KH7Q 599 61 W2YR 599 08 0
QSO: 14046 CW 2025-07-13 0114 KH7Q 599 61 N6KN 599 06 0
QSO: 14046 CW 2025-07-13 0115 KH7Q 599 61 WA2MCR 599 08 0
QSO: 21038 CW 2025-07-13 0116 KH7Q 599 61 JA7NVF 599 45 0
QSO: 21034 CW 2025-07-13 0117 KH7Q 599 61 ZL6HQ 599 NZART 0
QSO: 14046 CW 2025-07-13 0117 KH7Q 599 61 WR5O 599 07 0
QSO: 14046 CW 2025-07-13 0119 KH7Q 599 61 W6OAT 599 06 0
QSO: 14046 CW 2025-07-13 0121 KH7Q 599 61 VE1RSM 599 09 0
QSO: 14046 CW 2025-07-13 0121 KH7Q 599 61 WA4APB 599 08 0
QSO: 14046 CW 2025-07-13 0122 KH7Q 599 61 W2CCC 599 08 0
QSO: 21028 CW 2025-07-13 0123 KH7Q 599 61 VK7GN 599 59 0
QSO: 14046 CW 2025-07-13 0124 KH7Q 599 61 K3HW 599 08 0
QSO: 14046 CW 2025-07-13 0124 KH7Q 599 61 AA0FO 599 07 0
QSO: 14046 CW 2025-07-13 0125 KH7Q 599 61 NN6U 599 06 0
QSO: 14046 CW 2025-07-13 0125 KH7Q 599 61 NJ1F 599 08 0
QSO: 14046 CW 2025-07-13 0125 KH7Q 599 61 KI7WX 599 08 0
QSO: 14046 CW 2025-07-13 0127 KH7Q 599 61 KI5GTR 599 07 0
QSO: 14046 CW 2025-07-13 0127 KH7Q 599 61 KC4TEO 599 08 0
QSO: 14046 CW 2025-07-13 0127 KH7Q 599 61 N2BJ 599 08 0
QSO: 14046 CW 2025-07-13 0128 KH7Q 599 61 WD0GTY 599 07 0
QSO: 14046 CW 2025-07-13 0128 KH7Q 599 61 K5WA 599 07 0
QSO: 14046 CW 2025-07-13 0129 KH7Q 599 61 N6MA 599 08 0
QSO: 14046 CW 2025-07-13 0130 KH7Q 599 61 W6ZQ 599 06 0
QSO: 14046 CW 2025-07-13 0130 KH7Q 599 61 PY4XX 599 15 0
QSO: 14046 CW 2025-07-13 0130 KH7Q 599 61 KY0Q 599 08 0
QSO: 14046 CW 2025-07-13 0131 KH7Q 599 61 N4TOL 599 08 0
QSO: 14046 CW 2025-07-13 0132 KH7Q 599 61 KN4RD 599 07 0
QSO: 14046 CW 2025-07-13 0133 KH7Q 599 61 W3DVY 599 06 0
QSO: 14046 CW 2025-07-13 0133 KH7Q 599 61 LW8DQ 599 14 0
QSO: 14046 CW 2025-07-13 0134 KH7Q 599 61 W6AYC 599 06 0
QSO: 14046 CW 2025-07-13 0135 KH7Q 599 61 GR2HQ 599 RSGB 0
QSO: 14046 CW 2025-07-13 0136 KH7Q 599 61 E7DX 599 28 0
QSO: 14046 CW 2025-07-13 0136 KH7Q 599 61 N3RA 599 08 0
QSO: 14046 CW 2025-07-13 0136 KH7Q 599 61 NU7I 599 06 0
QSO: 14046 CW 2025-07-13 0139 KH7Q 599 61 N7ESU 599 06 0
QSO: 21016 CW 2025-07-13 0140 KH7Q 599 61 KH6LC 599 61 0
QSO: 14046 CW 2025-07-13 0140 KH7Q 599 61 W1FM 599 08 0
QSO: 14046 CW 2025-07-13 0141 KH7Q 599 61 KM3T 599 08 0
QSO: 14046 CW 2025-07-13 0141 KH7Q 599 61 KZ2T 599 07 0
QSO: 14046 CW 2025-07-13 0142 KH7Q 599 61 W4JKC 599 08 0
QSO: 14046 CW 2025-07-13 0143 KH7Q 599 61 K0IL 599 07 0
QSO: 14046 CW 2025-07-13 0143 KH7Q 599 61 II9I 599 28 0
QSO: 14046 CW 2025-07-13 0144 KH7Q 599 61 N7ZZ 599 08 0
QSO: 21016 CW 2025-07-13 0144 KH7Q 599 61 DX9EVM 599 50 0
QSO: 14046 CW 2025-07-13 0144 KH7Q 599 61 K2YG 599 08 0
QSO: 14046 CW 2025-07-13 0144 KH7Q 599 61 K3YDX 599 08 0
QSO: 14046 CW 2025-07-13 0145 KH7Q 599 61 K0VSH 599 08 0
QSO: 21016 CW 2025-07-13 0145 KH7Q 599 61 JQ3ALW 599 45 0
QSO: 14046 CW 2025-07-13 0146 KH7Q 599 61 P44W 599 11 0
QSO: 14046 CW 2025-07-13 0146 KH7Q 599 61 N4NM 599 08 0
QSO: 14046 CW 2025-07-13 0146 KH7Q 599 61 VE5ZX 599 03 0
QSO: 14046 CW 2025-07-13 0147 KH7Q 599 61 W8XAL 599 07 0
QSO: 14046 CW 2025-07-13 0147 KH7Q 599 61 KB9S 599 07 0
QSO: 14046 CW 2025-07-13 0148 KH7Q 599 61 HG0HQ 599 MRASZ 0
QSO: 14046 CW 2025-07-13 0148 KH7Q 599 61 K5PI 599 07 0
QSO: 21016 CW 2025-07-13 0150 KH7Q 599 61 JA3NUT 599 45 0
QSO: 14046 CW 2025-07-13 0151 KH7Q 599 61 KD9UYC 599 61 0
QSO: 14046 CW 2025-07-13 0151 KH7Q 599 61 N3AD 599 08 0
QSO: 14046 CW 2025-07-13 0152 KH7Q 599 61 KE0TT 599 07 0
QSO: 21016 CW 2025-07-13 0152 KH7Q 599 61 JA2GHP 599 45 0
QSO: 21016 CW 2025-07-13 0152 KH7Q 599 61 JP3REM 599 45 0
QSO: 14046 CW 2025-07-13 0153 KH7Q 599 61 XE1AY 599 10 0
QSO: 21016 CW 2025-07-13 0153 KH7Q 599 61 JH2XQY 599 45 0
QSO: 14046 CW 2025-07-13 0153 KH7Q 599 61 LU7U 599 14 0
QSO: 21016 CW 2025-07-13 0154 KH7Q 599 61 JR1MEG 599 45 0
QSO: 14046 CW 2025-07-13 0154 KH7Q 599 61 KW7WP 599 06 0
QSO: 14046 CW 2025-07-13 0154 KH7Q 599 61 K1GQ 599 08 0
QSO: 21016 CW 2025-07-13 0154 KH7Q 599 61 JH1OXV 599 45 0
QSO: 21016 CW 2025-07-13 0155 KH7Q 599 61 JH1XUP 599 45 0
QSO: 21016 CW 2025-07-13 0156 KH7Q 599 61 JA1KPF 599 45 0
QSO: 14046 CW 2025-07-13 0157 KH7Q 599 61 PY2NDX 599 15 0
QSO: 14046 CW 2025-07-13 0157 KH7Q 599 61 WA2LMC 599 08 0
QSO: 21016 CW 2025-07-13 0158 KH7Q 599 61 JP1NDO 599 45 0
QSO: 14046 CW 2025-07-13 0158 KH7Q 599 61 II8K 599 28 0
QSO: 14046 CW 2025-07-13 0159 KH7Q 599 61 K1EO 599 08 0
QSO: 21016 CW 2025-07-13 0159 KH7Q 599 61 JI4WHS 599 45 0
QSO: 14046 CW 2025-07-13 0159 KH7Q 599 61 W8BI 599 08 0
QSO: 14046 CW 2025-07-13 0159 KH7Q 599 61 WX8S 599 08 0
QSO: 14046 CW 2025-07-13 0200 KH7Q 599 61 K2CJ 599 08 0
QSO: 21016 CW 2025-07-13 0200 KH7Q 599 61 JK1ESR 599 45 0
QSO: 14046 CW 2025-07-13 0200 KH7Q 599 61 XE2S 599 10 0
QSO: 14046 CW 2025-07-13 0200 KH7Q 599 61 WB0CJB 599 08 0
QSO: 14046 CW 2025-07-13 0201 KH7Q 599 61 W2VQ 599 08 0
QSO: 14046 CW 2025-07-13 0201 KH7Q 599 61 N2JJ 599 08 0
QSO: 14046 CW 2025-07-13 0202 KH7Q 599 61 VE6BIR/3 599 04 0
QSO: 14046 CW 2025-07-13 0202 KH7Q 599 61 PP5AX 599 15 0
QSO: 21016 CW 2025-07-13 0204 KH7Q 599 61 JH4UTP 599 45 0
QSO: 21016 CW 2025-07-13 0204 KH7Q 599 61 RW0CR 599 34 0
QSO: 14046 CW 2025-07-13 0204 KH7Q 599 61 K0NW 599 06 0
QSO: 14046 CW 2025-07-13 0205 KH7Q 599 61 K3VA 599 08 0
QSO: 14046 CW 2025-07-13 0205 KH7Q 599 61 KJ5T 599 07 0
QSO: 14046 CW 2025-07-13 0206 KH7Q 599 61 WS9M 599 08 0
QSO: 21016 CW 2025-07-13 0206 KH7Q 599 61 JJ2CDL 599 45 0
QSO: 21016 CW 2025-07-13 0207 KH7Q 599 61 JR0CWZ 599 45 0
QSO: 21016 CW 2025-07-13 0208 KH7Q 599 61 JE7SRK 599 45 0
QSO: 14046 CW 2025-07-13 0208 KH7Q 599 61 N1AU 599 08 0
QSO: 14046 CW 2025-07-13 0209 KH7Q 599 61 KR6C 599 06 0
QSO: 14046 CW 2025-07-13 0211 KH7Q 599 61 WA4DT 599 08 0
QSO: 14046 CW 2025-07-13 0211 KH7Q 599 61 K3UA 599 08 0
QSO: 21016 CW 2025-07-13 0211 KH7Q 599 61 JA7FFN 599 45 0
QSO: 14046 CW 2025-07-13 0211 KH7Q 599 61 N5CHA 599 07 0
QSO: 14046 CW 2025-07-13 0212 KH7Q 599 61 AC0C 599 07 0
QSO: 14046 CW 2025-07-13 0212 KH7Q 599 61 WB9VGO 599 08 0
QSO: 14046 CW 2025-07-13 0212 KH7Q 599 61 KM9R 599 06 0
QSO: 21016 CW 2025-07-13 0213 KH7Q 599 61 PU2UAF 599 15 0
QSO: 14046 CW 2025-07-13 0213 KH7Q 599 61 NN3Q 599 08 0
QSO: 14046 CW 2025-07-13 0213 KH7Q 599 61 WA1FMM 599 07 0
QSO: 14046 CW 2025-07-13 0214 KH7Q 599 61 KE6QR 599 06 0
QSO: 14046 CW 2025-07-13 0214 KH7Q 599 61 KA3JNN 599 08 0
QSO: 14046 CW 2025-07-13 0214 KH7Q 599 61 K6DF 599 06 0
QSO: 14046 CW 2025-07-13 0215 KH7Q 599 61 KX2P 599 07 0
QSO: 21016 CW 2025-07-13 0215 KH7Q 599 61 JH3RSH 599 45 0
QSO: 21016 CW 2025-07-13 0216 KH7Q 599 61 RT0F 599 34 0
QSO: 14046 CW 2025-07-13 0217 KH7Q 599 61 K4ORD 599 08 0
QSO: 14046 CW 2025-07-13 0217 KH7Q 599 61 K8MV 599 08 0
QSO: 14046 CW 2025-07-13 0219 KH7Q 599 61 W0BV 599 07 0
QSO: 14046 CW 2025-07-13 0220 KH7Q 599 61 N7ON 599 06 0
QSO: 14046 CW 2025-07-13 0221 KH7Q 599 61 N6NO 599 06 0
QSO: 14046 CW 2025-07-13 0222 KH7Q 599 61 W0YJT 599 07 0
QSO: 14046 CW 2025-07-13 0222 KH7Q 599 61 VE6RST 599 02 0
QSO: 14046 CW 2025-07-13 0222 KH7Q 599 61 PY1KB 599 15 0
QSO: 21015 CW 2025-07-13 0222 KH7Q 599 61 JN1GFR 599 45 0
QSO: 14046 CW 2025-07-13 0223 KH7Q 599 61 KB9OWD 599 08 0
QSO: 14046 CW 2025-07-13 0223 KH7Q 599 61 WN6W 599 06 0
QSO: 21015 CW 2025-07-13 0224 KH7Q 599 61 JK1RSJ 599 45 0
QSO: 14046 CW 2025-07-13 0224 KH7Q 599 61 WA2CP 599 08 0
QSO: 14046 CW 2025-07-13 0228 KH7Q 599 61 K4NMR 599 08 0
QSO: 14046 CW 2025-07-13 0228 KH7Q 599 61 N4OA 599 08 0
QSO: 14046 CW 2025-07-13 0229 KH7Q 599 61 WA6URY 599 06 0
QSO: 14046 CW 2025-07-13 0230 KH7Q 599 61 VA7XU 599 02 0
QSO: 14046 CW 2025-07-13 0230 KH7Q 599 61 W4CMG 599 08 0
QSO: 14046 CW 2025-07-13 0231 KH7Q 599 61 K9NW 599 08 0
QSO: 14046 CW 2025-07-13 0231 KH7Q 599 61 VA7ST 599 02 0
QSO: 14046 CW 2025-07-13 0232 KH7Q 599 61 NE7D 599 06 0
QSO: 14046 CW 2025-07-13 0232 KH7Q 599 61 VE3AQ 599 04 0
QSO: 14046 CW 2025-07-13 0232 KH7Q 599 61 W3LSW 599 08 0
QSO: 14046 CW 2025-07-13 0233 KH7Q 599 61 PY2TEN 599 15 0
QSO: 14046 CW 2025-07-13 0234 KH7Q 599 61 N3SD 599 08 0
QSO: 14046 CW 2025-07-13 0234 KH7Q 599 61 WN6A 599 06 0
QSO: 14046 CW 2025-07-13 0234 KH7Q 599 61 K9RS 599 08 0
QSO: 14046 CW 2025-07-13 0236 KH7Q 599 61 K0JV 599 07 0
QSO: 21014 CW 2025-07-13 0236 KH7Q 599 61 JA1CBF 599 45 0
QSO: 14046 CW 2025-07-13 0236 KH7Q 599 61 K3WJV 599 08 0
QSO: 21014 CW 2025-07-13 0237 KH7Q 599 61 W7VJ 599 06 0
QSO: 14046 CW 2025-07-13 0237 KH7Q 599 61 W5LA 599 07 0
QSO: 14046 CW 2025-07-13 0238 KH7Q 599 61 AF6N 599 06 0
QSO: 14046 CW 2025-07-13 0239 KH7Q 599 61 W8JJ 599 08 0
QSO: 14046 CW 2025-07-13 0239 KH7Q 599 61 W9GOL 599 08 0
QSO: 14046 CW 2025-07-13 0240 KH7Q 599 61 VE6TL 599 02 0
QSO: 14046 CW 2025-07-13 0241 KH7Q 599 61 W4BR 599 08 0
QSO: 14046 CW 2025-07-13 0241 KH7Q 599 61 AF6N 599 06 0
QSO: 14046 CW 2025-07-13 0242 KH7Q 599 61 VE3GMZ 599 04 0
QSO: 14046 CW 2025-07-13 0242 KH7Q 599 61 N7IR 599 06 0
QSO: 21014 CW 2025-07-13 0243 KH7Q 599 61 6K0GA 599 44 0
QSO: 21014 CW 2025-07-13 0243 KH7Q 599 61 RD0A 599 32 0
QSO: 14046 CW 2025-07-13 0244 KH7Q 599 61 KB6A 599 06 0
QSO: 14046 CW 2025-07-13 0245 KH7Q 599 61 N6HI 599 06 0
QSO: 14046 CW 2025-07-13 0246 KH7Q 599 61 AD0CH 599 07 0
QSO: 14046 CW 2025-07-13 0246 KH7Q 599 61 K8KHZ 599 08 0
QSO: 14046 CW 2025-07-13 0247 KH7Q 599 61 AH7RF 599 61 0
QSO: 14046 CW 2025-07-13 0248 KH7Q 599 61 N5DEX 599 07 0
QSO: 14046 CW 2025-07-13 0248 KH7Q 599 61 AA2IL 599 06 0
QSO: 14046 CW 2025-07-13 0248 KH7Q 599 61 KG6HM 599 06 0
QSO: 21014 CW 2025-07-13 0248 KH7Q 599 61 KZ2V 599 06 0
QSO: 14046 CW 2025-07-13 0250 KH7Q 599 61 K6NT 599 06 0
QSO: 14046 CW 2025-07-13 0250 KH7Q 599 61 K2RET 599 08 0
QSO: 14046 CW 2025-07-13 0250 KH7Q 599 61 KV0Q 599 07 0
QSO: 14046 CW 2025-07-13 0251 KH7Q 599 61 N9EXL 599 07 0
QSO: 14046 CW 2025-07-13 0252 KH7Q 599 61 WS4C 599 08 0
QSO: 14046 CW 2025-07-13 0253 KH7Q 599 61 WA4IPU 599 08 0
QSO: 14046 CW 2025-07-13 0256 KH7Q 599 61 PY4KU 599 15 0
QSO: 14046 CW 2025-07-13 0257 KH7Q 599 61 K7DWI 599 07 0
QSO: 14046 CW 2025-07-13 0259 KH7Q 599 61 NO2D 599 07 0
QSO: 14046 CW 2025-07-13 0300 KH7Q 599 61 KJ9C 599 06 0
QSO: 14046 CW 2025-07-13 0300 KH7Q 599 61 W5TM 599 07 0
QSO: 28031 CW 2025-07-13 0301 KH7Q 599 61 PY2NDX 599 15 0
QSO: 28031 CW 2025-07-13 0301 KH7Q 599 61 PY1KB 599 15 0
QSO: 14046 CW 2025-07-13 0302 KH7Q 599 61 K3YP 599 08 0
QSO: 14046 CW 2025-07-13 0303 KH7Q 599 61 W0PB 599 07 0
QSO: 14046 CW 2025-07-13 0303 KH7Q 599 61 N6XK 599 06 0
QSO: 14046 CW 2025-07-13 0306 KH7Q 599 61 K9MA 599 08 0
QSO: 21014 CW 2025-07-13 0311 KH7Q 599 61 PY2NDX 599 15 0
QSO: 21014 CW 2025-07-13 0313 KH7Q 599 61 N6XK 599 06 0
QSO: 21014 CW 2025-07-13 0314 KH7Q 599 61 BA4DL 599 44 0
QSO: 21014 CW 2025-07-13 0317 KH7Q 599 61 PP5AX 599 15 0
QSO: 21014 CW 2025-07-13 0320 KH7Q 599 61 PS2T 599 15 0
QSO: 28028 CW 2025-07-13 0321 KH7Q 599 61 PS2T 599 15 0
QSO: 21014 CW 2025-07-13 0323 KH7Q 599 61 BD7IOP 599 44 0
QSO: 14041 CW 2025-07-13 0324 KH7Q 599 61 ZL6HQ 599 NZART 0
QSO: 21014 CW 2025-07-13 0325 KH7Q 599 61 JA6ELV 599 45 0
QSO: 21014 CW 2025-07-13 0326 KH7Q 599 61 JA6FFK 599 45 0
QSO: 14038 CW 2025-07-13 0327 KH7Q 599 61 N5JJ 599 07 0
QSO: 14034 CW 2025-07-13 0329 KH7Q 599 61 LZ0HQ 599 BFRA 0
QSO: 14032 CW 2025-07-13 0331 KH7Q 599 61 KK4R 599 08 0
QSO: 21014 CW 2025-07-13 0331 KH7Q 599 61 VR2GP 599 44 0
QSO: 14026 CW 2025-07-13 0333 KH7Q 599 61 W1GD 599 08 0
QSO: 14025 CW 2025-07-13 0334 KH7Q 599 61 AH6KO 599 61 0
QSO: 14029 CW 2025-07-13 0335 KH7Q 599 61 K3RA 599 08 0
QSO: 14029 CW 2025-07-13 0335 KH7Q 599 61 AB2E 599 08 0
QSO: 14029 CW 2025-07-13 0335 KH7Q 599 61 K8ZT 599 08 0
QSO: 14029 CW 2025-07-13 0336 KH7Q 599 61 LT4RCA 599 RCA 0
QSO: 14029 CW 2025-07-13 0336 KH7Q 599 61 WA7BNM 599 06 0
QSO: 14029 CW 2025-07-13 0337 KH7Q 599 61 N9OVQ 599 08 0
QSO: 14029 CW 2025-07-13 0337 KH7Q 599 61 WB4TDH 599 08 0
QSO: 14029 CW 2025-07-13 0337 KH7Q 599 61 ND8DX 599 08 0
QSO: 14029 CW 2025-07-13 0340 KH7Q 599 61 NK4O 599 08 0
QSO: 14029 CW 2025-07-13 0341 KH7Q 599 61 R3ST 599 29 0
QSO: 14029 CW 2025-07-13 0341 KH7Q 599 61 W6FB 599 07 0
QSO: 14029 CW 2025-07-13 0345 KH7Q 599 61 K0BF 599 07 0
QSO: 14029 CW 2025-07-13 0346 KH7Q 599 61 K4YJ 599 08 0
QSO: 14029 CW 2025-07-13 0346 KH7Q 599 61 R4HQ 599 SRR 0
QSO: 14029 CW 2025-07-13 0347 KH7Q 599 61 N7MW 599 06 0
QSO: 14029 CW 2025-07-13 0347 KH7Q 599 61 N9NB 599 08 0
QSO: 14029 CW 2025-07-13 0348 KH7Q 599 61 WU8T 599 06 0
QSO: 14029 CW 2025-07-13 0348 KH7Q 599 61 N6TC 599 06 0
QSO: 14029 CW 2025-07-13 0348 KH7Q 599 61 VY2TT 599 09 0
QSO: 21038 CW 2025-07-13 0349 KH7Q 599 61 BA3OM 599 44 0
QSO: 14029 CW 2025-07-13 0351 KH7Q 599 61 VE6AX 599 02 0
QSO: 14029 CW 2025-07-13 0351 KH7Q 599 61 W7STV 599 06 0
QSO: 14029 CW 2025-07-13 0352 KH7Q 599 61 W6NV 599 06 0
QSO: 14029 CW 2025-07-13 0352 KH7Q 599 61 K3AJ 599 08 0
QSO: 14029 CW 2025-07-13 0352 KH7Q 599 61 RK9A 599 30 0
QSO: 14029 CW 2025-07-13 0353 KH7Q 599 61 K3FH 599 08 0
QSO: 14029 CW 2025-07-13 0353 KH7Q 599 61 W2ANZ 599 08 0
QSO: 14029 CW 2025-07-13 0353 KH7Q 599 61 KB6B 599 07 0
QSO: 14029 CW 2025-07-13 0354 KH7Q 599 61 KF6NCX 599 06 0
QSO: 14029 CW 2025-07-13 0355 KH7Q 599 61 N9HDE 599 07 0
QSO: 14029 CW 2025-07-13 0356 KH7Q 599 61 K7TD 599 07 0
QSO: 14029 CW 2025-07-13 0357 KH7Q 599 61 N6TJ 599 06 0
QSO: 14029 CW 2025-07-13 0359 KH7Q 599 61 PW2F 599 15 0
QSO: 14029 CW 2025-07-13 0359 KH7Q 599 61 K7YIC 599 06 0
QSO: 14029 CW 2025-07-13 0401 KH7Q 599 61 AD4ES 599 08 0
QSO: 21021 CW 2025-07-13 0401 KH7Q 599 61 E2WRTC 599 49 0
QSO: 14029 CW 2025-07-13 0402 KH7Q 599 61 TI2MOT 599 11 0
QSO: 14029 CW 2025-07-13 0402 KH7Q 599 61 VE6BBP 599 02 0
QSO: 14029 CW 2025-07-13 0403 KH7Q 599 61 N3FCP 599 08 0
QSO: 14029 CW 2025-07-13 0404 KH7Q 599 61 W3ZGD 599 08 0
QSO: 14029 CW 2025-07-13 0404 KH7Q 599 61 VE3JM 599 04 0
QSO: 28019 CW 2025-07-13 0405 KH7Q 599 61 DX0HQ 599 PARA 0
QSO: 14029 CW 2025-07-13 0406 KH7Q 599 61 WA9FET 599 08 0
QSO: 14029 CW 2025-07-13 0407 KH7Q 599 61 WB3X 599 08 0
QSO: 14029 CW 2025-07-13 0408 KH7Q 599 61 WA2EDJ 599 06 0
QSO: 14029 CW 2025-07-13 0408 KH7Q 599 61 WD4ELG 599 08 0
QSO: 14029 CW 2025-07-13 0409 KH7Q 599 61 WU8T 599 06 0
QSO: 14029 CW 2025-07-13 0410 KH7Q 599 61 VL2Y 599 59 0
QSO: 14029 CW 2025-07-13 0410 KH7Q 599 61 K5LY 599 07 0
QSO: 28027 CW 2025-07-13 0412 KH7Q 599 61 BA7LOK 599 44 0
QSO: 14029 CW 2025-07-13 0415 KH7Q 599 61 LZ0HQ 599 BFRA 0
QSO: 14029 CW 2025-07-13 0415 KH7Q 599 61 W7CO 599 06 0
QSO: 14029 CW 2025-07-13 0415 KH7Q 599 61 W7POE 599 06 0
QSO: 14029 CW 2025-07-13 0416 KH7Q 599 61 VY1CO 599 02 0
QSO: 14029 CW 2025-07-13 0416 KH7Q 599 61 EV1R 599 29 0
QSO: 14029 CW 2025-07-13 0417 KH7Q 599 61 WH6R 599 61 0
QSO: 14029 CW 2025-07-13 0417 KH7Q 599 61 K1VUT 599 08 0
QSO: 14029 CW 2025-07-13 0418 KH7Q 599 61 K9ZMU 599 08 0
QSO: 14029 CW 2025-07-13 0418 KH7Q 599 61 K7SS 599 06 0
QSO: 14029 CW 2025-07-13 0418 KH7Q 599 61 W6SC 599 06 0
QSO: 14029 CW 2025-07-13 0419 KH7Q 599 61 AF5CC 599 07 0
QSO: 14029 CW 2025-07-13 0419 KH7Q 599 61 NU0V 599 07 0
QSO: 14029 CW 2025-07-13 0419 KH7Q 599 61 N9EXL 599 07 0
QSO: 14029 CW 2025-07-13 0420 KH7Q 599 61 K9GL 599 08 0
QSO: 14029 CW 2025-07-13 0421 KH7Q 599 61 W0EET 599 07 0
QSO: 14029 CW 2025-07-13 0421 KH7Q 599 61 NH6HE/W7 599 06 0
QSO: 21028 CW 2025-07-13 0422 KH7Q 599 61 7K4VPV 599 45 0
QSO: 14029 CW 2025-07-13 0422 KH7Q 599 61 NN3W 599 08 0
QSO: 14029 CW 2025-07-13 0423 KH7Q 599 61 KO4VW 599 08 0
QSO: 21043 CW 2025-07-13 0424 KH7Q 599 61 E2HQ 599 RAST 0
QSO: 21013 CW 2025-07-13 0425 KH7Q 599 61 VR2CO 599 44 0
QSO: 21013 CW 2025-07-13 0425 KH7Q 599 61 JR2JWI 599 45 0
QSO: 21013 CW 2025-07-13 0426 KH7Q 599 61 BA3AX 599 44 0
QSO: 14029 CW 2025-07-13 0427 KH7Q 599 61 PY3TD 599 15 0
QSO: 14029 CW 2025-07-13 0427 KH7Q 599 61 JE5HTN 599 45 0
QSO: 14029 CW 2025-07-13 0428 KH7Q 599 61 AI6HD 599 06 0
QSO: 21013 CW 2025-07-13 0431 KH7Q 599 61 JF2SKV 599 45 0
QSO: 21013 CW 2025-07-13 0434 KH7Q 599 61 JH6LIQ 599 45 0
QSO: 21013 CW 2025-07-13 0434 KH7Q 599 61 JM1LQI 599 45 0
QSO: 21013 CW 2025-07-13 0435 KH7Q 599 61 RM9A 599 30 0
QSO: 21013 CW 2025-07-13 0435 KH7Q 599 61 JH1FQW 599 45 0
QSO: 21013 CW 2025-07-13 0436 KH7Q 599 61 JN6FRH 599 45 0
QSO: 21013 CW 2025-07-13 0436 KH7Q 599 61 JA1UOC 599 45 0
QSO: 21013 CW 2025-07-13 0436 KH7Q 599 61 JE2PCY 599 45 0
QSO: 21013 CW 2025-07-13 0436 KH7Q 599 61 JE8PHS 599 45 0
QSO: 21013 CW 2025-07-13 0437 KH7Q 599 61 JH7QLR 599 45 0
QSO: 21013 CW 2025-07-13 0437 KH7Q 599 61 4E1AGW 599 50 0
QSO: 21013 CW 2025-07-13 0438 KH7Q 599 61 DU1CX 599 50 0
QSO: 21013 CW 2025-07-13 0438 KH7Q 599 61 JL1AQA 599 45 0
QSO: 21013 CW 2025-07-13 0439 KH7Q 599 61 JR2BYJ 599 45 0
QSO: 21013 CW 2025-07-13 0440 KH7Q 599 61 JA2JRS 599 45 0
QSO: 21013 CW 2025-07-13 0440 KH7Q 599 61 JA3MDU 599 45 0
QSO: 21013 CW 2025-07-13 0441 KH7Q 599 61 JE2OTM 599 45 0
QSO: 21013 CW 2025-07-13 0441 KH7Q 599 61 BH4HKZ 599 44 0
QSO: 21013 CW 2025-07-13 0441 KH7Q 599 61 JM7SKE 599 45 0
QSO: 21013 CW 2025-07-13 0443 KH7Q 599 61 BG0DLA 599 42 0
QSO: 21013 CW 2025-07-13 0443 KH7Q 599 61 R5AF/0 599 34 0
QSO: 21013 CW 2025-07-13 0445 KH7Q 599 61 HL1VAU 599 44 0
QSO: 21013 CW 2025-07-13 0446 KH7Q 599 61 JR1CXW 599 45 0
QSO: 21013 CW 2025-07-13 0446 KH7Q 599 61 JA1CJP 599 R3 0
QSO: 21013 CW 2025-07-13 0447 KH7Q 599 61 VR2NC 599 44 0
QSO: 21013 CW 2025-07-13 0447 KH7Q 599 61 JK1QDZ 599 45 0
QSO: 21013 CW 2025-07-13 0448 KH7Q 599 61 BH4GUU 599 44 0
QSO: 21013 CW 2025-07-13 0448 KH7Q 599 61 JH1KMC 599 45 0
QSO: 21013 CW 2025-07-13 0448 KH7Q 599 61 JH1LTP 599 45 0
QSO: 21013 CW 2025-07-13 0449 KH7Q 599 61 JH1WFS 599 45 0
QSO: 21013 CW 2025-07-13 0449 KH7Q 599 61 7N4QGT 599 45 0
QSO: 21013 CW 2025-07-13 0450 KH7Q 599 61 BD7IAL 599 44 0
QSO: 21013 CW 2025-07-13 0450 KH7Q 599 61 JA6BZI 599 45 0
QSO: 21013 CW 2025-07-13 0451 KH7Q 599 61 JA6GCE 599 45 0
QSO: 21013 CW 2025-07-13 0451 KH7Q 599 61 JM1DUI 599 45 0
QSO: 21013 CW 2025-07-13 0452 KH7Q 599 61 BA7LOK 599 44 0
QSO: 21013 CW 2025-07-13 0455 KH7Q 599 61 BI8CZM 599 43 0
QSO: 14029 CW 2025-07-13 0457 KH7Q 599 61 N0NR 599 07 0
QSO: 14026 CW 2025-07-13 0500 KH7Q 599 61 K3KU 599 08 0
QSO: 14026 CW 2025-07-13 0501 KH7Q 599 61 WW6W 599 07 0
QSO: 14026 CW 2025-07-13 0501 KH7Q 599 61 K8MP 599 08 0
QSO: 14026 CW 2025-07-13 0501 KH7Q 599 61 VE3MA 599 04 0
QSO: 14026 CW 2025-07-13 0502 KH7Q 599 61 N7FKI 599 06 0
QSO: 14026 CW 2025-07-13 0503 KH7Q 599 61 WD8DSB 599 08 0
QSO: 14026 CW 2025-07-13 0504 KH7Q 599 61 JH1WFS 599 45 0
QSO: 14026 CW 2025-07-13 0504 KH7Q 599 61 JI1BBN 599 45 0
QSO: 14026 CW 2025-07-13 0505 KH7Q 599 61 K5ZD 599 08 0
QSO: 14026 CW 2025-07-13 0506 KH7Q 599 61 RT0F 599 34 0
QSO: 14026 CW 2025-07-13 0506 KH7Q 599 61 K5RX 599 07 0
QSO: 14026 CW 2025-07-13 0507 KH7Q 599 61 WD0ANB 599 07 0
QSO: 14026 CW 2025-07-13 0507 KH7Q 599 61 JR1LEV 599 45 0
QSO: 14026 CW 2025-07-13 0507 KH7Q 599 61 K6ICS 599 06 0
QSO: 14026 CW 2025-07-13 0507 KH7Q 599 61 JE6WGT 599 45 0
QSO: 14026 CW 2025-07-13 0508 KH7Q 599 61 JA9CWJ 599 45 0
QSO: 14026 CW 2025-07-13 0508 KH7Q 599 61 KD2TT 599 08 0
QSO: 14026 CW 2025-07-13 0509 KH7Q 599 61 W6UL 599 06 0
QSO: 14026 CW 2025-07-13 0509 KH7Q 599 61 K5TR 599 07 0
QSO: 14026 CW 2025-07-13 0509 KH7Q 599 61 VE7OSH 599 02 0
QSO: 14026 CW 2025-07-13 0510 KH7Q 599 61 KC5DCT 599 07 0
QSO: 14026 CW 2025-07-13 0510 KH7Q 599 61 VR2GP 599 44 0
QSO: 14026 CW 2025-07-13 0511 KH7Q 599 61 JF8FSH 599 45 0
QSO: 14026 CW 2025-07-13 0512 KH7Q 599 61 N1NQD 599 08 0
QSO: 14026 CW 2025-07-13 0512 KH7Q 599 61 JH0NEC 599 45 0
QSO: 14026 CW 2025-07-13 0512 KH7Q 599 61 KH6M 599 08 0
QSO: 14026 CW 2025-07-13 0512 KH7Q 599 61 VA7MM 599 02 0
QSO: 14026 CW 2025-07-13 0513 KH7Q 599 61 7K4VPV 599 45 0
QSO: 14026 CW 2025-07-13 0514 KH7Q 599 61 KW9A 599 07 0
QSO: 14026 CW 2025-07-13 0514 KH7Q 599 61 JQ1CIV 599 45 0
QSO: 14026 CW 2025-07-13 0514 KH7Q 599 61 AA4IB 599 08 0
QSO: 14026 CW 2025-07-13 0515 KH7Q 599 61 JM1SZY 599 45 0
QSO: 14026 CW 2025-07-13 0515 KH7Q 599 61 JJ2CDL 599 45 0
QSO: 14026 CW 2025-07-13 0515 KH7Q 599 61 JA2QVP 599 45 0
QSO: 14026 CW 2025-07-13 0516 KH7Q 599 61 JK1QDZ 599 45 0
QSO: 14026 CW 2025-07-13 0516 KH7Q 599 61 JA2GHP 599 45 0
QSO: 14026 CW 2025-07-13 0517 KH7Q 599 61 WO1N 599 08 0
QSO: 14026 CW 2025-07-13 0519 KH7Q 599 61 DA1TT 599 28 0
QSO: 14026 CW 2025-07-13 0519 KH7Q 599 61 E72U 599 28 0
QSO: 14026 CW 2025-07-13 0520 KH7Q 599 61 N6TTV 599 06 0
QSO: 14026 CW 2025-07-13 0520 KH7Q 599 61 AC6ZM 599 08 0
QSO: 14026 CW 2025-07-13 0520 KH7Q 599 61 K3MM 599 08 0
QSO: 14026 CW 2025-07-13 0521 KH7Q 599 61 KA2MGE 599 08 0
QSO: 14026 CW 2025-07-13 0523 KH7Q 599 61 RG0A 599 32 0
QSO: 14026 CW 2025-07-13 0523 KH7Q 599 61 BG0DLA 599 42 0
QSO: 14026 CW 2025-07-13 0524 KH7Q 599 61 BA7LOK 599 44 0
QSO: 14026 CW 2025-07-13 0524 KH7Q 599 61 JF2SKV 599 45 0
QSO: 14026 CW 2025-07-13 0524 KH7Q 599 61 JH7UJU 599 45 0
QSO: 14026 CW 2025-07-13 0525 KH7Q 599 61 JP1NDO 599 45 0
QSO: 14026 CW 2025-07-13 0525 KH7Q 599 61 HB9CZF 599 28 0
QSO: 14026 CW 2025-07-13 0526 KH7Q 599 61 OK6Y 599 28 0
QSO: 14026 CW 2025-07-13 0526 KH7Q 599 61 OK1KKI 599 28 0
QSO: 14026 CW 2025-07-13 0526 KH7Q 599 61 JA1CP 599 45 0
QSO: 14026 CW 2025-07-13 0527 KH7Q 599 61 WM9C 599 08 0
QSO: 14026 CW 2025-07-13 0527 KH7Q 599 61 I1NVU 599 28 0
QSO: 14026 CW 2025-07-13 0527 KH7Q 599 61 R6CC 599 29 0
QSO: 14026 CW 2025-07-13 0528 KH7Q 599 61 DA1MT 599 28 0
QSO: 14026 CW 2025-07-13 0529 KH7Q 599 61 OF60AP 599 18 0
QSO: 14026 CW 2025-07-13 0530 KH7Q 599 61 KN6BU 599 08 0
QSO: 14026 CW 2025-07-13 0531 KH7Q 599 61 JO4CFV 599 45 0
QSO: 14026 CW 2025-07-13 0531 KH7Q 599 61 SN1F 599 28 0
QSO: 14026 CW 2025-07-13 0531 KH7Q 599 61 RQ9O 599 31 0
QSO: 14026 CW 2025-07-13 0532 KH7Q 599 61 K4PV 599 08 0
QSO: 14026 CW 2025-07-13 0532 KH7Q 599 61 SP1NY 599 28 0
QSO: 14026 CW 2025-07-13 0534 KH7Q 599 61 WY1U 599 08 0
QSO: 14026 CW 2025-07-13 0534 KH7Q 599 61 AC5XK 599 08 0
QSO: 14026 CW 2025-07-13 0534 KH7Q 599 61 N6PN 599 06 0
QSO: 14026 CW 2025-07-13 0534 KH7Q 599 61 JK8PBO 599 45 0
QSO: 14026 CW 2025-07-13 0536 KH7Q 599 61 AK6GR 599 06 0
QSO: 14026 CW 2025-07-13 0537 KH7Q 599 61 N7JI 599 06 0
QSO: 14026 CW 2025-07-13 0537 KH7Q 599 61 JA9RPU 599 45 0
QSO: 14026 CW 2025-07-13 0538 KH7Q 599 61 EU1FQ 599 29 0
QSO: 14026 CW 2025-07-13 0540 KH7Q 599 61 ZL1T 599 60 0
QSO: 14027 CW 2025-07-13 0544 KH7Q 599 61 JA8RWU 599 45 0
QSO: 14027 CW 2025-07-13 0544 KH7Q 599 61 KU8E 599 08 0
QSO: 14027 CW 2025-07-13 0545 KH7Q 599 61 JE2LUN 599 45 0
QSO: 14027 CW 2025-07-13 0546 KH7Q 599 61 AG6RT 599 06 0
QSO: 14027 CW 2025-07-13 0546 KH7Q 599 61 JA6FFK 599 45 0
QSO: 14027 CW 2025-07-13 0546 KH7Q 599 61 JG1FMA 599 45 0
QSO: 14027 CW 2025-07-13 0547 KH7Q 599 61 UA6LCN 599 29 0
QSO: 14027 CW 2025-07-13 0547 KH7Q 599 61 BH4GUU 599 44 0
QSO: 14027 CW 2025-07-13 0548 KH7Q 599 61 NG7X 599 06 0
QSO: 14027 CW 2025-07-13 0548 KH7Q 599 61 N5ER 599 07 0
QSO: 14027 CW 2025-07-13 0548 KH7Q 599 61 JA1SJR 599 45 0
QSO: 14027 CW 2025-07-13 0549 KH7Q 599 61 YU7KMN 599 28 0
QSO: 14027 CW 2025-07-13 0549 KH7Q 599 61 W2VM 599 08 0
QSO: 14027 CW 2025-07-13 0550 KH7Q 599 61 JP3REM 599 45 0
QSO: 14027 CW 2025-07-13 0550 KH7Q 599 61 RU1A 599 29 0
QSO: 14027 CW 2025-07-13 0550 KH7Q 599 61 JA7NVF 599 45 0
QSO: 14027 CW 2025-07-13 0551 KH7Q 599 61 K3TW 599 08 0
QSO: 14027 CW 2025-07-13 0552 KH7Q 599 61 JA0GSG 599 45 0
QSO: 14027 CW 2025-07-13 0552 KH7Q 599 61 7K1CPT 599 45 0
QSO: 14027 CW 2025-07-13 0552 KH7Q 599 61 UA0D 599 33 0
QSO: 14027 CW 2025-07-13 0552 KH7Q 599 61 KN0V 599 07 0
QSO: 14027 CW 2025-07-13 0553 KH7Q 599 61 OK1DO 599 28 0
QSO: 14027 CW 2025-07-13 0554 KH7Q 599 61 W3EEK 599 08 0
QSO: 14027 CW 2025-07-13 0554 KH7Q 599 61 KP2M 599 11 0
QSO: 14027 CW 2025-07-13 0555 KH7Q 599 61 RC9X 599 20 0
QSO: 14027 CW 2025-07-13 0556 KH7Q 599 61 JA3MEV 599 45 0
QSO: 14027 CW 2025-07-13 0556 KH7Q 599 61 AG6RT 599 06 0
QSO: 14027 CW 2025-07-13 0556 KH7Q 599 61 JG2AIG 599 45 0
QSO: 14029 CW 2025-07-13 0604 KH7Q 599 61 SN0HQ 599 PZK 0
QSO: 14028 CW 2025-07-13 0604 KH7Q 599 61 E7HQ 599 ARABH 0
QSO: 14027 CW 2025-07-13 0606 KH7Q 599 61 YT9X 599 28 0
QSO: 14027 CW 2025-07-13 0607 KH7Q 599 61 YL5W 599 29 0
QSO: 14025 CW 2025-07-13 0609 KH7Q 599 61 W3RJ 599 08 0
QSO: 14023 CW 2025-07-13 0614 KH7Q 599 61 HB9HQ 599 USKA 0
QSO: 14022 CW 2025-07-13 0615 KH7Q 599 61 JA1CBF 599 45 0
QSO: 14022 CW 2025-07-13 0616 KH7Q 599 61 JH7TIX 599 45 0
QSO: 14022 CW 2025-07-13 0616 KH7Q 599 61 BG2GI 599 33 0
QSO: 14022 CW 2025-07-13 0618 KH7Q 599 61 JH1CTV 599 45 0
QSO: 14022 CW 2025-07-13 0620 KH7Q 599 61 DU1JIG 599 50 0
QSO: 14022 CW 2025-07-13 0621 KH7Q 599 61 JL1FAR 599 45 0
QSO: 14022 CW 2025-07-13 0622 KH7Q 599 61 JE3PTA 599 45 0
QSO: 14022 CW 2025-07-13 0622 KH7Q 599 61 JA2DHF 599 45 0
QSO: 14022 CW 2025-07-13 0623 KH7Q 599 61 JQ1PCX 599 45 0
QSO: 14022 CW 2025-07-13 0624 KH7Q 599 61 JH2CMH 599 45 0
QSO: 14022 CW 2025-07-13 0624 KH7Q 599 61 BY1OK 599 44 0
QSO: 14022 CW 2025-07-13 0626 KH7Q 599 61 JA1SCE 599 45 0
QSO: 14021 CW 2025-07-13 0633 KH7Q 599 61 6K0GA 599 44 0
QSO: 14020 CW 2025-07-13 0633 KH7Q 599 61 WX0B 599 07 0
QSO: 14021 CW 2025-07-13 0636 KH7Q 599 61 I2IFT 599 28 0
QSO: 14021 CW 2025-07-13 0636 KH7Q 599 61 JA4SRG 599 45 0
QSO: 14021 CW 2025-07-13 0636 KH7Q 599 61 9Z4BM 599 11 0
QSO: 14021 CW 2025-07-13 0637 KH7Q 599 61 JG1QZW 599 45 0
QSO: 14021 CW 2025-07-13 0637 KH7Q 599 61 JI1PPU 599 45 0
QSO: 14021 CW 2025-07-13 0638 KH7Q 599 61 DJ0IF 599 28 0
QSO: 14021 CW 2025-07-13 0638 KH7Q 599 61 KL0D 599 01 0
QSO: 14021 CW 2025-07-13 0638 KH7Q 599 61 JA8GAK 599 45 0
QSO: 14021 CW 2025-07-13 0639 KH7Q 599 61 JR7ASO 599 45 0
QSO: 14021 CW 2025-07-13 0639 KH7Q 599 61 N6MZ 599 06 0
QSO: 14021 CW 2025-07-13 0639 KH7Q 599 61 JO1WIZ 599 45 0
QSO: 14021 CW 2025-07-13 0640 KH7Q 599 61 W7XE 599 06 0
QSO: 14021 CW 2025-07-13 0640 KH7Q 599 61 WB2WPM 599 08 0
QSO: 14021 CW 2025-07-13 0641 KH7Q 599 61 II4HQ 599 ARI 0
QSO: 14021 CW 2025-07-13 0641 KH7Q 599 61 S53R 599 28 0
QSO: 14021 CW 2025-07-13 0641 KH7Q 599 61 DS5DNO 599 44 0
QSO: 14021 CW 2025-07-13 0642 KH7Q 599 61 UA0UV 599 33 0
QSO: 14021 CW 2025-07-13 0642 KH7Q 599 61 JA4VNE 599 45 0
QSO: 14021 CW 2025-07-13 0642 KH7Q 599 61 JI2MED 599 45 0
QSO: 14021 CW 2025-07-13 0643 KH7Q 599 61 E29TGW 599 49 0
QSO: 14021 CW 2025-07-13 0643 KH7Q 599 61 JE2BOM 599 45 0
QSO: 14021 CW 2025-07-13 0645 KH7Q 599 61 PA6AA 599 27 0
QSO: 14021 CW 2025-07-13 0645 KH7Q 599 61 S50HQ 599 ZRS 0
QSO: 14021 CW 2025-07-13 0645 KH7Q 599 61 K0VBU 599 07 0
QSO: 14021 CW 2025-07-13 0646 KH7Q 599 61 IK2FYH 599 28 0
QSO: 14021 CW 2025-07-13 0647 KH7Q 599 61 ON4PQ 599 27 0
QSO: 14021 CW 2025-07-13 0647 KH7Q 599 61 EU6O 599 29 0
QSO: 14021 CW 2025-07-13 0648 KH7Q 599 61 HA3NU 599 28 0
QSO: 14021 CW 2025-07-13 0648 KH7Q 599 61 F6HKA 599 27 0
QSO: 14021 CW 2025-07-13 0649 KH7Q 599 61 UA3UBT 599 29 0
QSO: 14021 CW 2025-07-13 0649 KH7Q 599 61 DK0PO 599 28 0
QSO: 14021 CW 2025-07-13 0649 KH7Q 599 61 G4DJX 599 27 0
QSO: 14021 CW 2025-07-13 0650 KH7Q 599 61 DA3M 599 28 0
QSO: 14021 CW 2025-07-13 0650 KH7Q 599 61 JE8ATX 599 45 0
QSO: 14021 CW 2025-07-13 0650 KH7Q 599 61 NR7Z 599 06 0
QSO: 14021 CW 2025-07-13 0651 KH7Q 599 61 HA0HV 599 28 0
QSO: 14021 CW 2025-07-13 0652 KH7Q 599 61 F4CVO 599 27 0
QSO: 14021 CW 2025-07-13 0652 KH7Q 599 61 I4TJE 599 28 0
QSO: 14021 CW 2025-07-13 0653 KH7Q 599 61 9A2TD 599 28 0
QSO: 14021 CW 2025-07-13 0654 KH7Q 599 61 DL3IAS 599 28 0
QSO: 14021 CW 2025-07-13 0655 KH7Q 599 61 GB9WR 599 27 0
QSO: 14021 CW 2025-07-13 0656 KH7Q 599 61 SP1AEN 599 28 0
QSO: 14021 CW 2025-07-13 0656 KH7Q 599 61 OM2X 599 28 0
QSO: 14021 CW 2025-07-13 0657 KH7Q 599 61 G3P 599 27 0
QSO: 14021 CW 2025-07-13 0658 KH7Q 599 61 JA8BKI 599 45 0
QSO: 14021 CW 2025-07-13 0658 KH7Q 599 61 R3AQ 599 29 0
QSO: 14021 CW 2025-07-13 0659 KH7Q 599 61 BG2LAU 599 44 0
QSO: 14021 CW 2025-07-13 0659 KH7Q 599 61 W6FB 599 07 0
QSO: 14021 CW 2025-07-13 0659 KH7Q 599 61 JR1MEG 599 45 0
QSO: 14021 CW 2025-07-13 0659 KH7Q 599 61 JI4WHS 599 45 0
QSO: 14021 CW 2025-07-13 0700 KH7Q 599 61 JH1FQW 599 45 0
QSO: 14021 CW 2025-07-13 0700 KH7Q 599 61 IK1RQQ 599 28 0
QSO: 14021 CW 2025-07-13 0700 KH7Q 599 61 DL6BBT 599 28 0
QSO: 14021 CW 2025-07-13 0701 KH7Q 599 61 SP6GCU 599 28 0
QSO: 14021 CW 2025-07-13 0702 KH7Q 599 61 LZ1MS 599 28 0
QSO: 14021 CW 2025-07-13 0702 KH7Q 599 61 R5AF/0 599 34 0
QSO: 14021 CW 2025-07-13 0702 KH7Q 599 61 US5VX 599 29 0
QSO: 14021 CW 2025-07-13 0703 KH7Q 599 61 DL5YM 599 28 0
QSO: 14021 CW 2025-07-13 0703 KH7Q 599 61 RW0AR 599 32 0
QSO: 14021 CW 2025-07-13 0704 KH7Q 599 61 F4CVO 599 27 0
QSO: 14021 CW 2025-07-13 0705 KH7Q 599 61 DL8TV 599 28 0
QSO: 14021 CW 2025-07-13 0705 KH7Q 599 61 DL6KVA 599 28 0
QSO: 14021 CW 2025-07-13 0705 KH7Q 599 61 GB2WR 599 27 0
QSO: 14021 CW 2025-07-13 0706 KH7Q 599 61 UA3AGW 599 29 0
QSO: 14021 CW 2025-07-13 0706 KH7Q 599 61 ZS1C 599 57 0
QSO: 14021 CW 2025-07-13 0706 KH7Q 599 61 VK4WTN 599 55 0
QSO: 14021 CW 2025-07-13 0708 KH7Q 599 61 DX0HQ 599 PARA 0
QSO: 14021 CW 2025-07-13 0709 KH7Q 599 61 PY2NY 599 15 0
QSO: 14021 CW 2025-07-13 0709 KH7Q 599 61 AC7RX 599 06 0
QSO: 14021 CW 2025-07-13 0710 KH7Q 599 61 EU1DX 599 29 0
QSO: 14021 CW 2025-07-13 0710 KH7Q 599 61 JK1NSR 599 45 0
QSO: 14021 CW 2025-07-13 0711 KH7Q 599 61 JJ0WAJ 599 45 0
QSO: 14021 CW 2025-07-13 0712 KH7Q 599 61 JJ1CZR 599 45 0
QSO: 14021 CW 2025-07-13 0712 KH7Q 599 61 4E1AGW 599 50 0
QSO: 14021 CW 2025-07-13 0712 KH7Q 599 61 N6MJ 599 08 0
QSO: 14021 CW 2025-07-13 0713 KH7Q 599 61 JA2KKA 599 45 0
QSO: 14021 CW 2025-07-13 0713 KH7Q 599 61 JJ1VFE 599 45 0
QSO: 14021 CW 2025-07-13 0713 KH7Q 599 61 JO3OEF 599 45 0
QSO: 14021 CW 2025-07-13 0714 KH7Q 599 61 JH8JYV 599 45 0
QSO: 14021 CW 2025-07-13 0714 KH7Q 599 61 JF2OZH 599 45 0
QSO: 14021 CW 2025-07-13 0714 KH7Q 599 61 BI4KYT 599 44 0
QSO: 14021 CW 2025-07-13 0715 KH7Q 599 61 HB9BAS 599 28 0
QSO: 14021 CW 2025-07-13 0715 KH7Q 599 61 JA6FOF 599 45 0
QSO: 14021 CW 2025-07-13 0716 KH7Q 599 61 ES3RF 599 29 0
QSO: 14021 CW 2025-07-13 0716 KH7Q 599 61 RA3DS 599 29 0
QSO: 14021 CW 2025-07-13 0717 KH7Q 599 61 R0QC 599 23 0
QSO: 14021 CW 2025-07-13 0717 KH7Q 599 61 JA3KRK 599 45 0
QSO: 14021 CW 2025-07-13 0718 KH7Q 599 61 JF6KKC 599 45 0
QSO: 14021 CW 2025-07-13 0718 KH7Q 599 61 ZL1IF 599 60 0
QSO: 14021 CW 2025-07-13 0718 KH7Q 599 61 JE8UHY 599 45 0
QSO: 14021 CW 2025-07-13 0719 KH7Q 599 61 JR7AQL 599 45 0
QSO: 14021 CW 2025-07-13 0720 KH7Q 599 61 JO4MTH 599 45 0
QSO: 14021 CW 2025-07-13 0721 KH7Q 599 61 DL9YCS 599 28 0
QSO: 14021 CW 2025-07-13 0721 KH7Q 599 61 JA1IAZ 599 45 0
QSO: 14021 CW 2025-07-13 0722 KH7Q 599 61 HB9BUN 599 28 0
QSO: 14021 CW 2025-07-13 0722 KH7Q 599 61 DM3M 599 28 0
QSO: 14021 CW 2025-07-13 0723 KH7Q 599 61 OZ1KZX 599 18 0
QSO: 14021 CW 2025-07-13 0724 KH7Q 599 61 JR1PST 599 45 0
QSO: 14021 CW 2025-07-13 0725 KH7Q 599 61 OL3R 599 28 0
QSO: 28030 CW 2025-07-13 0727 KH7Q 599 61 VR2T 599 44 0
QSO: 14021 CW 2025-07-13 0728 KH7Q 599 61 JE7WWU 599 45 0
QSO: 14021 CW 2025-07-13 0729 KH7Q 599 61 SM6F 599 18 0
QSO: 14021 CW 2025-07-13 0730 KH7Q 599 61 VE7SZ 599 02 0
QSO: 21034 CW 2025-07-13 0730 KH7Q 599 61 7D1D 599 54 0
QSO: 14021 CW 2025-07-13 0731 KH7Q 599 61 MM2T 599 27 0
QSO: 14021 CW 2025-07-13 0731 KH7Q 599 61 N5XZ 599 07 0
QSO: 14021 CW 2025-07-13 0732 KH7Q 599 61 JA3PXI 599 45 0
QSO: 14021 CW 2025-07-13 0733 KH7Q 599 61 K6KR 599 06 0
QSO: 14021 CW 2025-07-13 0737 KH7Q 599 61 BA7MT 599 44 0
QSO: 21025 CW 2025-07-13 0739 KH7Q 599 61 VR2HK 599 HARTS 0
QSO: 21019 CW 2025-07-13 0740 KH7Q 599 61 YB9ELS 599 54 0
QSO: 14024 CW 2025-07-13 0740 KH7Q 599 61 JA4OEL 599 45 0
QSO: 14024 CW 2025-07-13 0741 KH7Q 599 61 JA1OHD 599 45 0
QSO: 14024 CW 2025-07-13 0742 KH7Q 599 61 JA6GCE 599 45 0
QSO: 7036 CW 2025-07-13 0744 KH7Q 599 61 K7WP 599 06 0
QSO: 7031 CW 2025-07-13 0745 KH7Q 599 61 N5JJ 599 07 0
QSO: 7027 CW 2025-07-13 0746 KH7Q 599 61 K1DJ 599 08 0
QSO: 7026 CW 2025-07-13 0747 KH7Q 599 61 WW4LL 599 08 0
QSO: 7025 CW 2025-07-13 0747 KH7Q 599 61 N0TT 599 07 0
QSO: 7009 CW 2025-07-13 0749 KH7Q 599 61 W0UA 599 07 0
QSO: 7005 CW 2025-07-13 0750 KH7Q 599 61 KA3DRR 599 06 0
QSO: 7004 CW 2025-07-13 0750 KH7Q 599 61 VE3JM 599 04 0
QSO: 7003 CW 2025-07-13 0751 KH7Q 599 61 N6MJ 599 08 0
QSO: 7002 CW 2025-07-13 0751 KH7Q 599 61 WP3Z 599 11 0
QSO: 7015 CW 2025-07-13 0752 KH7Q 599 61 JE1NVD 599 45 0
QSO: 7015 CW 2025-07-13 0753 KH7Q 599 61 W4IX 599 08 0
QSO: 7015 CW 2025-07-13 0753 KH7Q 599 61 K8AZ 599 08 0
QSO: 7015 CW 2025-07-13 0753 KH7Q 599 61 N1RM 599 08 0
QSO: 7015 CW 2025-07-13 0753 KH7Q 599 61 K3MM 599 08 0
QSO: 7015 CW 2025-07-13 0754 KH7Q 599 61 JH2MYN 599 45 0
QSO: 7015 CW 2025-07-13 0754 KH7Q 599 61 N6IE 599 06 0
QSO: 7015 CW 2025-07-13 0754 KH7Q 599 61 VE7SZ 599 02 0
QSO: 7015 CW 2025-07-13 0754 KH7Q 599 61 W6DN 599 06 0
QSO: 7015 CW 2025-07-13 0754 KH7Q 599 61 N0AX 599 07 0
QSO: 7015 CW 2025-07-13 0755 KH7Q 599 61 WB4TDH 599 08 0
QSO: 7015 CW 2025-07-13 0757 KH7Q 599 61 PW2F 599 15 0
QSO: 7015 CW 2025-07-13 0757 KH7Q 599 61 K8ZT 599 08 0
QSO: 7015 CW 2025-07-13 0758 KH7Q 599 61 ZL1IF 599 60 0
QSO: 7015 CW 2025-07-13 0758 KH7Q 599 61 KC9EE 599 08 0
QSO: 7015 CW 2025-07-13 0758 KH7Q 599 61 NV9L 599 08 0
QSO: 7015 CW 2025-07-13 0758 KH7Q 599 61 ND3T 599 08 0
QSO: 7015 CW 2025-07-13 0759 KH7Q 599 61 KM9R 599 06 0
QSO: 7015 CW 2025-07-13 0759 KH7Q 599 61 N4OA 599 08 0
QSO: 7015 CW 2025-07-13 0759 KH7Q 599 61 JG2AIG 599 45 0
QSO: 1821 CW 2025-07-13 0800 KH7Q 599 61 KA6BIM 599 06 0
QSO: 7015 CW 2025-07-13 0800 KH7Q 599 61 WM9C 599 08 0
QSO: 1821 CW 2025-07-13 0801 KH7Q 599 61 N9RV 599 06 0
QSO: 1817 CW 2025-07-13 0802 KH7Q 599 61 K2PO 599 06 0
QSO: 1817 CW 2025-07-13 0803 KH7Q 599 61 N7VM 599 06 0
QSO: 3529 CW 2025-07-13 0805 KH7Q 599 61 KH6TU 599 61 0
QSO: 3529 CW 2025-07-13 0805 KH7Q 599 61 KM7W 599 07 0
QSO: 3529 CW 2025-07-13 0806 KH7Q 599 61 VE3EJ 599 04 0
QSO: 3529 CW 2025-07-13 0806 KH7Q 599 61 N5RZ 599 07 0
QSO: 3529 CW 2025-07-13 0807 KH7Q 599 61 KM9R 599 06 0
QSO: 3529 CW 2025-07-13 0807 KH7Q 599 61 N6IE 599 06 0
QSO: 3529 CW 2025-07-13 0807 KH7Q 599 61 N6MJ 599 08 0
QSO: 3529 CW 2025-07-13 0808 KH7Q 599 61 WA8LRW 599 08 0
QSO: 3529 CW 2025-07-13 0808 KH7Q 599 61 AH7RF 599 61 0
QSO: 3529 CW 2025-07-13 0809 KH7Q 599 61 K3WW 599 08 0
QSO: 3529 CW 2025-07-13 0810 KH7Q 599 61 VE7ZO 599 02 0
QSO: 3529 CW 2025-07-13 0811 KH7Q 599 61 W0ZB 599 07 0
QSO: 3529 CW 2025-07-13 0811 KH7Q 599 61 N5CHA 599 07 0
QSO: 3529 CW 2025-07-13 0811 KH7Q 599 61 KH6CJJ 599 61 0
QSO: 3529 CW 2025-07-13 0812 KH7Q 599 61 W1KM 599 08 0
QSO: 3529 CW 2025-07-13 0812 KH7Q 599 61 W8VE 599 08 0
QSO: 3529 CW 2025-07-13 0813 KH7Q 599 61 W1GD 599 08 0
QSO: 3529 CW 2025-07-13 0814 KH7Q 599 61 N7DX 599 06 0
QSO: 7015 CW 2025-07-13 0814 KH7Q 599 61 KE0TT 599 07 0
QSO: 7015 CW 2025-07-13 0814 KH7Q 599 61 VE3NE 599 04 0
QSO: 3529 CW 2025-07-13 0815 KH7Q 599 61 K1MK 599 08 0
QSO: 3529 CW 2025-07-13 0816 KH7Q 599 61 WB4TDH 599 08 0
QSO: 7015 CW 2025-07-13 0816 KH7Q 599 61 W3PU 599 08 0
QSO: 7015 CW 2025-07-13 0816 KH7Q 599 61 W1KM 599 08 0
QSO: 7015 CW 2025-07-13 0816 KH7Q 599 61 JA7ODY 599 45 0
QSO: 7015 CW 2025-07-13 0817 KH7Q 599 61 N4TB 599 08 0
QSO: 3527 CW 2025-07-13 0819 KH7Q 599 61 K8MP 599 08 0
QSO: 7014 CW 2025-07-13 0823 KH7Q 599 61 JA1PCM 599 45 0
QSO: 7014 CW 2025-07-13 0824 KH7Q 599 61 K4YJ 599 08 0
QSO: 7014 CW 2025-07-13 0824 KH7Q 599 61 W1GD 599 08 0
QSO: 7014 CW 2025-07-13 0824 KH7Q 599 61 JG6JAV 599 45 0
QSO: 7014 CW 2025-07-13 0825 KH7Q 599 61 VE3OZO 599 04 0
QSO: 7014 CW 2025-07-13 0825 KH7Q 599 61 KD1MC 599 08 0
QSO: 7014 CW 2025-07-13 0825 KH7Q 599 61 JE2PCY 599 45 0
QSO: 7014 CW 2025-07-13 0826 KH7Q 599 61 JM1VNJ 599 45 0
QSO: 7014 CW 2025-07-13 0826 KH7Q 599 61 N8IK 599 08 0
QSO: 7014 CW 2025-07-13 0826 KH7Q 599 61 WU8T 599 06 0
QSO: 7014 CW 2025-07-13 0827 KH7Q 599 61 NP2X 599 11 0
QSO: 7014 CW 2025-07-13 0828 KH7Q 599 61 NJ3K 599 08 0
QSO: 7014 CW 2025-07-13 0828 KH7Q 599 61 JI2IWB 599 45 0
QSO: 7014 CW 2025-07-13 0828 KH7Q 599 61 KA1IOR 599 08 0
QSO: 7014 CW 2025-07-13 0829 KH7Q 599 61 JJ1XQU 599 45 0
QSO: 7014 CW 2025-07-13 0830 KH7Q 599 61 W6JBR 599 06 0
QSO: 7014 CW 2025-07-13 0830 KH7Q 599 61 AI6HD 599 06 0
QSO: 7014 CW 2025-07-13 0830 KH7Q 599 61 AH7RF 599 61 0
QSO: 7014 CW 2025-07-13 0830 KH7Q 599 61 KH6LC 599 61 0
QSO: 7014 CW 2025-07-13 0831 KH7Q 599 61 JR3IAO 599 45 0
QSO: 7014 CW 2025-07-13 0831 KH7Q 599 61 WA8LRW 599 08 0
QSO: 7014 CW 2025-07-13 0832 KH7Q 599 61 JA6ELV 599 45 0
QSO: 7014 CW 2025-07-13 0832 KH7Q 599 61 JH1WFS 599 45 0
QSO: 7014 CW 2025-07-13 0832 KH7Q 599 61 JH1EAQ 599 45 0
QSO: 7014 CW 2025-07-13 0833 KH7Q 599 61 JF2RVJ 599 45 0
QSO: 7014 CW 2025-07-13 0833 KH7Q 599 61 7K1CPT 599 45 0
QSO: 7014 CW 2025-07-13 0834 KH7Q 599 61 K1MK 599 08 0
QSO: 7014 CW 2025-07-13 0834 KH7Q 599 61 JI1BBN 599 45 0
QSO: 7014 CW 2025-07-13 0834 KH7Q 599 61 W2A 599 08 0
QSO: 7014 CW 2025-07-13 0835 KH7Q 599 61 JI3NOP 599 45 0
QSO: 7014 CW 2025-07-13 0835 KH7Q 599 61 WI0WA 599 07 0
QSO: 7014 CW 2025-07-13 0836 KH7Q 599 61 VA3SP 599 04 0
QSO: 7014 CW 2025-07-13 0837 KH7Q 599 61 JI4JGD 599 45 0
QSO: 14026 CW 2025-07-13 0843 KH7Q 599 61 E29TGW 599 49 0
QSO: 14026 CW 2025-07-13 0843 KH7Q 599 61 JI3NOP 599 45 0
QSO: 14026 CW 2025-07-13 0844 KH7Q 599 61 YB9ELS 599 54 0
QSO: 14026 CW 2025-07-13 0844 KH7Q 599 61 BI4MPH 599 44 0
QSO: 14026 CW 2025-07-13 0844 KH7Q 599 61 JM8RWJ 599 45 0
QSO: 14026 CW 2025-07-13 0845 KH7Q 599 61 YB1HR 599 54 0
QSO: 14026 CW 2025-07-13 0845 KH7Q 599 61 S54K 599 28 0
QSO: 14026 CW 2025-07-13 0845 KH7Q 599 61 JK1BVN 599 45 0
QSO: 14026 CW 2025-07-13 0846 KH7Q 599 61 UA3QGT 599 29 0
QSO: 14026 CW 2025-07-13 0846 KH7Q 599 61 JH7NXV 599 45 0
QSO: 14026 CW 2025-07-13 0846 KH7Q 599 61 JA7MCB 599 45 0
QSO: 14026 CW 2025-07-13 0847 KH7Q 599 61 DL1VDL 599 28 0
QSO: 14026 CW 2025-07-13 0848 KH7Q 599 61 JH3EUJ 599 45 0
QSO: 14026 CW 2025-07-13 0848 KH7Q 599 61 JK1EJP 599 45 0
QSO: 14026 CW 2025-07-13 0848 KH7Q 599 61 HL3EJE 599 44 0
QSO: 14026 CW 2025-07-13 0849 KH7Q 599 61 DU1WBX 599 50 0
QSO: 14026 CW 2025-07-13 0849 KH7Q 599 61 JI7FBM 599 45 0
QSO: 14026 CW 2025-07-13 0849 KH7Q 599 61 JA1WRI 599 45 0
QSO: 14026 CW 2025-07-13 0851 KH7Q 599 61 HB9BHW 599 28 0
QSO: 14026 CW 2025-07-13 0851 KH7Q 599 61 OE5HIL 599 28 0
QSO: 14026 CW 2025-07-13 0852 KH7Q 599 61 RD1A/MM 599 75 0
QSO: 14026 CW 2025-07-13 0853 KH7Q 599 61 JH2XQY 599 45 0
QSO: 14026 CW 2025-07-13 0854 KH7Q 599 61 JF1QLX 599 45 0
QSO: 14026 CW 2025-07-13 0855 KH7Q 599 61 BI8CZM 599 43 0
QSO: 14026 CW 2025-07-13 0856 KH7Q 599 61 DL5XU 599 28 0
QSO: 14026 CW 2025-07-13 0857 KH7Q 599 61 JR3BVX 599 45 0
QSO: 14026 CW 2025-07-13 0857 KH7Q 599 61 JR2NMJ 599 45 0
QSO: 14026 CW 2025-07-13 0857 KH7Q 599 61 BI6PPD 599 44 0
QSO: 14026 CW 2025-07-13 0858 KH7Q 599 61 IK2SAU 599 28 0
QSO: 14026 CW 2025-07-13 0858 KH7Q 599 61 JA5KJD/1 599 45 0
QSO: 14026 CW 2025-07-13 0858 KH7Q 599 61 BH4BFS 599 44 0
QSO: 14026 CW 2025-07-13 0859 KH7Q 599 61 JI1AEP 599 45 0
QSO: 1821 CW 2025-07-13 0900 KH7Q 599 61 VE7ZO 599 02 0
QSO: 14026 CW 2025-07-13 0903 KH7Q 599 61 OL7T 599 28 0
QSO: 14026 CW 2025-07-13 0904 KH7Q 599 61 JW/AH7V 599 18 0
QSO: 14026 CW 2025-07-13 0904 KH7Q 599 61 BI8AD 599 43 0
QSO: 14026 CW 2025-07-13 0905 KH7Q 599 61 JQ1FEP 599 45 0
QSO: 14026 CW 2025-07-13 0905 KH7Q 599 61 OG3B 599 18 0
QSO: 14026 CW 2025-07-13 0905 KH7Q 599 61 JH7XMO 599 45 0
QSO: 14026 CW 2025-07-13 0906 KH7Q 599 61 JR8BHW 599 45 0
QSO: 3517 CW 2025-07-13 0906 KH7Q 599 61 WJ9B 599 06 0
QSO: 14026 CW 2025-07-13 0906 KH7Q 599 61 RD8D 599 30 0
QSO: 3516 CW 2025-07-13 0907 KH7Q 599 61 ZL6HQ 599 NZART 0
QSO: 14026 CW 2025-07-13 0907 KH7Q 599 61 JF6CYD 599 45 0
QSO: 14026 CW 2025-07-13 0908 KH7Q 599 61 BG2TFW 599 44 0
QSO: 14026 CW 2025-07-13 0908 KH7Q 599 61 JA3XOG 599 45 0
QSO: 14026 CW 2025-07-13 0908 KH7Q 599 61 JA3NUT 599 45 0
QSO: 14026 CW 2025-07-13 0909 KH7Q 599 61 UA3UBT 599 29 0
QSO: 14026 CW 2025-07-13 0910 KH7Q 599 61 JJ1QLT 599 45 0
QSO: 14026 CW 2025-07-13 0911 KH7Q 599 61 R8TT 599 30 0
QSO: 14026 CW 2025-07-13 0912 KH7Q 599 61 DK3GI 599 28 0
QSO: 14026 CW 2025-07-13 0912 KH7Q 599 61 BI3BX 599 44 0
QSO: 14026 CW 2025-07-13 0912 KH7Q 599 61 7N2SPK 599 45 0
QSO: 14026 CW 2025-07-13 0915 KH7Q 599 61 N4OX 599 08 0
QSO: 14026 CW 2025-07-13 0915 KH7Q 599 61 HS8NKB 599 49 0
QSO: 14026 CW 2025-07-13 0915 KH7Q 599 61 JF9QCX 599 45 0
QSO: 14026 CW 2025-07-13 0916 KH7Q 599 61 JH2KIL 599 45 0
QSO: 14026 CW 2025-07-13 0917 KH7Q 599 61 JO1ATH 599 45 0
QSO: 14026 CW 2025-07-13 0917 KH7Q 599 61 HS8FLU 599 49 0
QSO: 14026 CW 2025-07-13 0918 KH7Q 599 61 JN1GFR 599 45 0
QSO: 14026 CW 2025-07-13 0919 KH7Q 599 61 UD0O 599 32 0
QSO: 3528 CW 2025-07-13 0922 KH7Q 599 61 WI0WA 599 07 0
QSO: 3529 CW 2025-07-13 0922 KH7Q 599 61 AA4NC 599 08 0
QSO: 3529 CW 2025-07-13 0923 KH7Q 599 61 K6NA 599 06 0
QSO: 3529 CW 2025-07-13 0923 KH7Q 599 61 ND3T 599 08 0
QSO: 3529 CW 2025-07-13 0924 KH7Q 599 61 N3FCP 599 08 0
QSO: 3529 CW 2025-07-13 0924 KH7Q 599 61 W6YX 599 06 0
QSO: 3529 CW 2025-07-13 0925 KH7Q 599 61 NN3W 599 08 0
QSO: 3529 CW 2025-07-13 0925 KH7Q 599 61 WD6T 599 06 0
QSO: 3529 CW 2025-07-13 0925 KH7Q 599 61 N4AO 599 08 0
QSO: 3529 CW 2025-07-13 0926 KH7Q 599 61 N5JJ 599 07 0
QSO: 3529 CW 2025-07-13 0927 KH7Q 599 61 K1ZM 599 08 0
QSO: 3529 CW 2025-07-13 0927 KH7Q 599 61 ZL1NZ 599 60 0
QSO: 3529 CW 2025-07-13 0927 KH7Q 599 61 N4TB 599 08 0
QSO: 3529 CW 2025-07-13 0928 KH7Q 599 61 K5WA 599 07 0
QSO: 3529 CW 2025-07-13 0928 KH7Q 599 61 N9NB 599 08 0
QSO: 3529 CW 2025-07-13 0928 KH7Q 599 61 N9CK 599 08 0
QSO: 3529 CW 2025-07-13 0930 KH7Q 599 61 K8AZ 599 08 0
QSO: 3529 CW 2025-07-13 0930 KH7Q 599 61 NP2X 599 11 0
QSO: 3529 CW 2025-07-13 0931 KH7Q 599 61 WJ1U 599 08 0
QSO: 3529 CW 2025-07-13 0931 KH7Q 599 61 K7GK 599 06 0
QSO: 3529 CW 2025-07-13 0931 KH7Q 599 61 N4UU 599 08 0
QSO: 7018 CW 2025-07-13 0933 KH7Q 599 61 AA4NC 599 08 0
QSO: 7018 CW 2025-07-13 0934 KH7Q 599 61 VE7UF 599 02 0
QSO: 7018 CW 2025-07-13 0934 KH7Q 599 61 JM1LQI 599 45 0
QSO: 7018 CW 2025-07-13 0934 KH7Q 599 61 JI1SAI 599 45 0
QSO: 7018 CW 2025-07-13 0935 KH7Q 599 61 JA6FFK 599 45 0
QSO: 7018 CW 2025-07-13 0935 KH7Q 599 61 W3KB 599 08 0
QSO: 7018 CW 2025-07-13 0935 KH7Q 599 61 VY2TT 599 09 0
QSO: 7018 CW 2025-07-13 0936 KH7Q 599 61 K8GT 599 08 0
QSO: 7018 CW 2025-07-13 0936 KH7Q 599 61 JA9MAT 599 45 0
QSO: 7018 CW 2025-07-13 0937 KH7Q 599 61 JH1UES 599 45 0
QSO: 7018 CW 2025-07-13 0937 KH7Q 599 61 JH1SBJ 599 45 0
QSO: 7018 CW 2025-07-13 0937 KH7Q 599 61 JA4SRG 599 45 0
QSO: 7018 CW 2025-07-13 0938 KH7Q 599 61 JR1LQK 599 45 0
QSO: 7018 CW 2025-07-13 0939 KH7Q 599 61 JH2KIL 599 45 0
QSO: 7018 CW 2025-07-13 0941 KH7Q 599 61 K2MK 599 08 0
QSO: 7018 CW 2025-07-13 0942 KH7Q 599 61 VE1RSM 599 09 0
QSO: 7018 CW 2025-07-13 0942 KH7Q 599 61 JA0LDB 599 45 0
QSO: 7018 CW 2025-07-13 0944 KH7Q 599 61 W1UE 599 08 0
QSO: 7018 CW 2025-07-13 0944 KH7Q 599 61 AD5A 599 07 0
QSO: 7018 CW 2025-07-13 0944 KH7Q 599 61 JF2UPM 599 45 0
QSO: 7018 CW 2025-07-13 0945 KH7Q 599 61 BH4GUU 599 44 0
QSO: 7018 CW 2025-07-13 0946 KH7Q 599 61 WD8DSB 599 08 0
QSO: 7018 CW 2025-07-13 0946 KH7Q 599 61 W6FB 599 07 0
QSO: 7018 CW 2025-07-13 0946 KH7Q 599 61 P44W 599 11 0
QSO: 7018 CW 2025-07-13 0947 KH7Q 599 61 VR2VRC 599 44 0
QSO: 7018 CW 2025-07-13 0947 KH7Q 599 61 JS2RLB 599 45 0
QSO: 7018 CW 2025-07-13 0949 KH7Q 599 61 WD6T 599 06 0
QSO: 7018 CW 2025-07-13 0950 KH7Q 599 61 VK6M 599 58 0
QSO: 7018 CW 2025-07-13 0950 KH7Q 599 61 AE5GT 599 07 0
QSO: 7018 CW 2025-07-13 0950 KH7Q 599 61 K4AB 599 08 0
QSO: 7018 CW 2025-07-13 0951 KH7Q 599 61 NE5A 599 07 0
QSO: 7018 CW 2025-07-13 0951 KH7Q 599 61 K9RS 599 08 0
QSO: 7018 CW 2025-07-13 0952 KH7Q 599 61 KG1V 599 08 0
QSO: 7018 CW 2025-07-13 0952 KH7Q 599 61 K1JB 599 08 0
QSO: 7018 CW 2025-07-13 0952 KH7Q 599 61 VE3MV 599 04 0
QSO: 7018 CW 2025-07-13 0952 KH7Q 599 61 WN6W 599 06 0
QSO: 7018 CW 2025-07-13 0953 KH7Q 599 61 PY2NY 599 15 0
QSO: 7018 CW 2025-07-13 0953 KH7Q 599 61 JS1PDC 599 45 0
QSO: 7018 CW 2025-07-13 0954 KH7Q 599 61 N9CK 599 08 0
QSO: 7018 CW 2025-07-13 0954 KH7Q 599 61 JM1SMY 599 45 0
QSO: 7018 CW 2025-07-13 0954 KH7Q 599 61 N7ZZ 599 08 0
QSO: 7018 CW 2025-07-13 0955 KH7Q 599 61 BI4KYT 599 44 0
QSO: 7018 CW 2025-07-13 0955 KH7Q 599 61 JL1LNC 599 45 0
QSO: 7018 CW 2025-07-13 0956 KH7Q 599 61 N3RJ 599 08 0
QSO: 7018 CW 2025-07-13 0956 KH7Q 599 61 K5KG 599 08 0
QSO: 7018 CW 2025-07-13 0956 KH7Q 599 61 JH7UJU 599 45 0
QSO: 7018 CW 2025-07-13 0957 KH7Q 599 61 KK2A 599 08 0
QSO: 7018 CW 2025-07-13 0957 KH7Q 599 61 JH1LTP 599 45 0
QSO: 7018 CW 2025-07-13 0957 KH7Q 599 61 7D1D 599 54 0
QSO: 7018 CW 2025-07-13 0958 KH7Q 599 61 KS8W 599 08 0
QSO: 7018 CW 2025-07-13 0958 KH7Q 599 61 W4OX 599 08 0
QSO: 7018 CW 2025-07-13 0958 KH7Q 599 61 JF3DCH 599 45 0
QSO: 7018 CW 2025-07-13 0958 KH7Q 599 61 JR6RMV 599 45 0
QSO: 7018 CW 2025-07-13 0959 KH7Q 599 61 JA2PSV 599 45 0
QSO: 7018 CW 2025-07-13 1000 KH7Q 599 61 KM3T 599 08 0
QSO: 1821 CW 2025-07-13 1001 KH7Q 599 61 AH7RF 599 61 0
QSO: 1830 CW 2025-07-13 1005 KH7Q 599 61 VE7UF 599 02 0
QSO: 7018 CW 2025-07-13 1006 KH7Q 599 61 AK1MD 599 08 0
QSO: 7018 CW 2025-07-13 1007 KH7Q 599 61 JA1WRI 599 45 0
QSO: 7018 CW 2025-07-13 1007 KH7Q 599 61 JE0UXR 599 45 0
QSO: 7018 CW 2025-07-13 1008 KH7Q 599 61 JH1XUP 599 45 0
QSO: 7018 CW 2025-07-13 1008 KH7Q 599 61 JL1QOC 599 45 0
QSO: 7018 CW 2025-07-13 1008 KH7Q 599 61 K2QO 599 08 0
QSO: 7018 CW 2025-07-13 1009 KH7Q 599 61 JK0ABX 599 45 0
QSO: 7018 CW 2025-07-13 1009 KH7Q 599 61 DU1WBX 599 50 0
QSO: 7018 CW 2025-07-13 1010 KH7Q 599 61 JK1FFB 599 45 0
QSO: 7018 CW 2025-07-13 1010 KH7Q 599 61 JR8QFG 599 45 0
QSO: 7018 CW 2025-07-13 1010 KH7Q 599 61 AA1K 599 08 0
QSO: 7018 CW 2025-07-13 1010 KH7Q 599 61 JO3JYE 599 45 0
QSO: 7018 CW 2025-07-13 1011 KH7Q 599 61 W2RQ 599 08 0
QSO: 7018 CW 2025-07-13 1011 KH7Q 599 61 JQ1ZYQ 599 45 0
QSO: 7018 CW 2025-07-13 1011 KH7Q 599 61 KG4W 599 08 0
QSO: 7018 CW 2025-07-13 1012 KH7Q 599 61 W1AW/KP4 599 ARRL 0
QSO: 7018 CW 2025-07-13 1012 KH7Q 599 61 JN1GFR 599 45 0
QSO: 7018 CW 2025-07-13 1012 KH7Q 599 61 K3CCR 599 08 0
QSO: 7018 CW 2025-07-13 1013 KH7Q 599 61 JE6JZP 599 45 0
QSO: 7018 CW 2025-07-13 1013 KH7Q 599 61 NE2V 599 08 0
QSO: 7018 CW 2025-07-13 1014 KH7Q 599 61 JR0SYV 599 45 0
QSO: 7018 CW 2025-07-13 1014 KH7Q 599 61 K9NW 599 08 0
QSO: 7018 CW 2025-07-13 1016 KH7Q 599 61 BD7NQA 599 44 0
QSO: 7018 CW 2025-07-13 1016 KH7Q 599 61 N4UU 599 08 0
QSO: 7018 CW 2025-07-13 1017 KH7Q 599 61 K8GL 599 08 0
QSO: 7018 CW 2025-07-13 1017 KH7Q 599 61 JR3EXE 599 45 0
QSO: 7018 CW 2025-07-13 1019 KH7Q 599 61 WA2LMC 599 08 0
QSO: 7018 CW 2025-07-13 1019 KH7Q 599 61 JF1KML 599 45 0
QSO: 7018 CW 2025-07-13 1019 KH7Q 599 61 WJ1U 599 08 0
QSO: 7018 CW 2025-07-13 1020 KH7Q 599 61 JA0BJY 599 45 0
QSO: 7018 CW 2025-07-13 1020 KH7Q 599 61 JG3UCV 599 45 0
QSO: 7018 CW 2025-07-13 1020 KH7Q 599 61 WP3C 599 11 0
QSO: 7018 CW 2025-07-13 1021 KH7Q 599 61 JR2NMJ 599 45 0
QSO: 7018 CW 2025-07-13 1022 KH7Q 599 61 JA1APE 599 45 0
QSO: 7018 CW 2025-07-13 1023 KH7Q 599 61 W1FJ 599 08 0
QSO: 7018 CW 2025-07-13 1023 KH7Q 599 61 JJ1VFE 599 45 0
QSO: 7018 CW 2025-07-13 1023 KH7Q 599 61 AI9T 599 08 0
QSO: 7018 CW 2025-07-13 1024 KH7Q 599 61 NN1SS 599 08 0
QSO: 7018 CW 2025-07-13 1024 KH7Q 599 61 KB9S 599 07 0
QSO: 7018 CW 2025-07-13 1024 KH7Q 599 61 VE3AQ 599 04 0
QSO: 7018 CW 2025-07-13 1024 KH7Q 599 61 JJ3QJI 599 45 0
QSO: 7018 CW 2025-07-13 1025 KH7Q 599 61 JL1MWI 599 45 0
QSO: 7018 CW 2025-07-13 1025 KH7Q 599 61 W2DXE 599 08 0
QSO: 7018 CW 2025-07-13 1025 KH7Q 599 61 KO4DCD 599 08 0
QSO: 7018 CW 2025-07-13 1027 KH7Q 599 61 BD7KBH 599 44 0
QSO: 7018 CW 2025-07-13 1027 KH7Q 599 61 KV8O 599 08 0
QSO: 7018 CW 2025-07-13 1028 KH7Q 599 61 KV8Q 599 08 0
QSO: 7018 CW 2025-07-13 1028 KH7Q 599 61 JA6GCE 599 45 0
QSO: 7018 CW 2025-07-13 1029 KH7Q 599 61 W4ATL 599 08 0
QSO: 7018 CW 2025-07-13 1029 KH7Q 599 61 N2GC 599 08 0
QSO: 7018 CW 2025-07-13 1030 KH7Q 599 61 K8CN 599 08 0
QSO: 7018 CW 2025-07-13 1030 KH7Q 599 61 JA9XAT 599 45 0
QSO: 7018 CW 2025-07-13 1030 KH7Q 599 61 VE3CT 599 04 0
QSO: 7018 CW 2025-07-13 1030 KH7Q 599 61 K0FX 599 07 0
QSO: 7018 CW 2025-07-13 1031 KH7Q 599 61 AB9YC 599 08 0
QSO: 7018 CW 2025-07-13 1033 KH7Q 599 61 N0BM 599 07 0
QSO: 7018 CW 2025-07-13 1034 KH7Q 599 61 KN4A 599 08 0
QSO: 7018 CW 2025-07-13 1034 KH7Q 599 61 BG2TFW 599 44 0
QSO: 7018 CW 2025-07-13 1034 KH7Q 599 61 N3DI 599 08 0
QSO: 7018 CW 2025-07-13 1035 KH7Q 599 61 K9UQN 599 08 0
QSO: 7018 CW 2025-07-13 1035 KH7Q 599 61 K5XU 599 07 0
QSO: 7018 CW 2025-07-13 1035 KH7Q 599 61 W4SK 599 08 0
QSO: 7018 CW 2025-07-13 1035 KH7Q 599 61 KN2D 599 08 0
QSO: 7018 CW 2025-07-13 1037 KH7Q 599 61 N2YO 599 08 0
QSO: 7018 CW 2025-07-13 1037 KH7Q 599 61 JE2BOM 599 45 0
QSO: 7018 CW 2025-07-13 1037 KH7Q 599 61 JF3BFS 599 45 0
QSO: 7018 CW 2025-07-13 1038 KH7Q 599 61 K3AJ 599 08 0
QSO: 7018 CW 2025-07-13 1038 KH7Q 599 61 K2KW 599 08 0
QSO: 7018 CW 2025-07-13 1038 KH7Q 599 61 K9WX 599 08 0
QSO: 7018 CW 2025-07-13 1038 KH7Q 599 61 AC5XK 599 08 0
QSO: 7018 CW 2025-07-13 1039 KH7Q 599 61 W2VQ 599 08 0
QSO: 7018 CW 2025-07-13 1039 KH7Q 599 61 JA7IUX 599 45 0
QSO: 7018 CW 2025-07-13 1039 KH7Q 599 61 KE4SC 599 08 0
QSO: 7018 CW 2025-07-13 1041 KH7Q 599 61 JM2TSY 599 45 0
QSO: 7018 CW 2025-07-13 1042 KH7Q 599 61 N0UY 599 07 0
QSO: 7018 CW 2025-07-13 1042 KH7Q 599 61 KE3ZT 599 08 0
QSO: 7018 CW 2025-07-13 1043 KH7Q 599 61 KP4TF 599 11 0
QSO: 7018 CW 2025-07-13 1043 KH7Q 599 61 W2QL 599 08 0
QSO: 7018 CW 2025-07-13 1044 KH7Q 599 61 JR2BYJ 599 45 0
QSO: 7018 CW 2025-07-13 1044 KH7Q 599 61 AF4T 599 08 0
QSO: 7018 CW 2025-07-13 1045 KH7Q 599 61 K2VRT 599 08 0
QSO: 7018 CW 2025-07-13 1046 KH7Q 599 61 JA6BWH 599 45 0
QSO: 7018 CW 2025-07-13 1047 KH7Q 599 61 BI3AO 599 44 0
QSO: 7018 CW 2025-07-13 1047 KH7Q 599 61 VE3TW 599 04 0
QSO: 7018 CW 2025-07-13 1047 KH7Q 599 61 WA4IPU 599 08 0
QSO: 7018 CW 2025-07-13 1049 KH7Q 599 61 PT9DX 599 15 0
QSO: 7018 CW 2025-07-13 1049 KH7Q 599 61 NY3B 599 08 0
QSO: 7018 CW 2025-07-13 1049 KH7Q 599 61 VE4SI 599 03 0
QSO: 7018 CW 2025-07-13 1050 KH7Q 599 61 JI1AVY 599 45 0
QSO: 7018 CW 2025-07-13 1050 KH7Q 599 61 JH7XMO 599 45 0
QSO: 7018 CW 2025-07-13 1050 KH7Q 599 61 K1GU 599 08 0
QSO: 7018 CW 2025-07-13 1050 KH7Q 599 61 JR8BHW 599 45 0
QSO: 7018 CW 2025-07-13 1051 KH7Q 599 61 JA1EZK 599 45 0
QSO: 7018 CW 2025-07-13 1052 KH7Q 599 61 NK4O 599 08 0
QSO: 7018 CW 2025-07-13 1052 KH7Q 599 61 JR7AQL 599 45 0
QSO: 7018 CW 2025-07-13 1052 KH7Q 599 61 WX0B 599 07 0
QSO: 7018 CW 2025-07-13 1052 KH7Q 599 61 N8EM 599 08 0
QSO: 7018 CW 2025-07-13 1054 KH7Q 599 61 VK6M 599 58 0
QSO: 7018 CW 2025-07-13 1054 KH7Q 599 61 9V1YC 599 54 0
QSO: 7018 CW 2025-07-13 1055 KH7Q 599 61 JA4GQD 599 45 0
QSO: 7018 CW 2025-07-13 1055 KH7Q 599 61 E2HQ 599 RAST 0
QSO: 7018 CW 2025-07-13 1055 KH7Q 599 61 BD4LB 599 44 0
QSO: 3500 CW 2025-07-13 1058 KH7Q 599 61 RT0F 599 34 0
QSO: 3522 CW 2025-07-13 1059 KH7Q 599 61 AI5IN 599 07 0
QSO: 3523 CW 2025-07-13 1059 KH7Q 599 61 N9RV 599 06 0
QSO: 3528 CW 2025-07-13 1100 KH7Q 599 61 KD7ND 599 06 0
QSO: 7018 CW 2025-07-13 1100 KH7Q 599 61 K5DC 599 07 0
QSO: 7018 CW 2025-07-13 1101 KH7Q 599 61 K1BZ 599 08 0
QSO: 7018 CW 2025-07-13 1101 KH7Q 599 61 K3TS 599 08 0
QSO: 7018 CW 2025-07-13 1102 KH7Q 599 61 RC0L 599 34 0
QSO: 7018 CW 2025-07-13 1102 KH7Q 599 61 E2HQ 599 RAST 0
QSO: 7018 CW 2025-07-13 1102 KH7Q 599 61 VE3FH 599 04 0
QSO: 7018 CW 2025-07-13 1102 KH7Q 599 61 K4FR 599 08 0
QSO: 7018 CW 2025-07-13 1102 KH7Q 599 61 N1LN 599 08 0
QSO: 7018 CW 2025-07-13 1103 KH7Q 599 61 DX9EVM 599 50 0
QSO: 7018 CW 2025-07-13 1103 KH7Q 599 61 VA2EBI 599 04 0
QSO: 7018 CW 2025-07-13 1104 KH7Q 599 61 4E1AGW 599 50 0
QSO: 7018 CW 2025-07-13 1104 KH7Q 599 61 JI4WHS 599 45 0
QSO: 7018 CW 2025-07-13 1105 KH7Q 599 61 JE3DFY 599 45 0
QSO: 7018 CW 2025-07-13 1105 KH7Q 599 61 JA6CYL 599 45 0
QSO: 7018 CW 2025-07-13 1105 KH7Q 599 61 NE2U 599 08 0
QSO: 7018 CW 2025-07-13 1106 KH7Q 599 61 JP1KSI 599 45 0
QSO: 7018 CW 2025-07-13 1106 KH7Q 599 61 JH9CEN 599 45 0
QSO: 7018 CW 2025-07-13 1106 KH7Q 599 61 N6NT 599 08 0
QSO: 7018 CW 2025-07-13 1107 KH7Q 599 61 JA6UDI 599 45 0
QSO: 7018 CW 2025-07-13 1107 KH7Q 599 61 JA7GNX 599 45 0
QSO: 7018 CW 2025-07-13 1107 KH7Q 599 61 JO3OEF 599 45 0
QSO: 7018 CW 2025-07-13 1107 KH7Q 599 61 JE2LUN 599 45 0
QSO: 7018 CW 2025-07-13 1108 KH7Q 599 61 WB9VGO 599 08 0
QSO: 7018 CW 2025-07-13 1108 KH7Q 599 61 BD3QT 599 44 0
QSO: 7018 CW 2025-07-13 1108 KH7Q 599 61 BH3FZK 599 44 0
QSO: 7018 CW 2025-07-13 1109 KH7Q 599 61 R5AF/0 599 34 0
QSO: 7018 CW 2025-07-13 1109 KH7Q 599 61 JA3HZT 599 45 0
QSO: 7018 CW 2025-07-13 1110 KH7Q 599 61 JK8CEE 599 45 0
QSO: 7018 CW 2025-07-13 1110 KH7Q 599 61 KS9W 599 08 0
QSO: 7018 CW 2025-07-13 1110 KH7Q 599 61 JA0XQO/1 599 45 0
QSO: 7018 CW 2025-07-13 1110 KH7Q 599 61 K1VUT 599 08 0
QSO: 7018 CW 2025-07-13 1111 KH7Q 599 61 KC0INP 599 07 0
QSO: 7018 CW 2025-07-13 1111 KH7Q 599 61 JH8DBI 599 45 0
QSO: 7018 CW 2025-07-13 1111 KH7Q 599 61 VK4DRK 599 55 0
QSO: 7018 CW 2025-07-13 1112 KH7Q 599 61 K3QIA 599 08 0
QSO: 7018 CW 2025-07-13 1112 KH7Q 599 61 K7QA 599 06 0
QSO: 7018 CW 2025-07-13 1113 KH7Q 599 61 JA3XOG 599 45 0
QSO: 7018 CW 2025-07-13 1113 KH7Q 599 61 N8CC 599 08 0
QSO: 7018 CW 2025-07-13 1113 KH7Q 599 61 N4MU 579 08 0
QSO: 7018 CW 2025-07-13 1114 KH7Q 599 61 JG6QFC 599 45 0
QSO: 7018 CW 2025-07-13 1114 KH7Q 599 61 WN7S 599 08 0
QSO: 7018 CW 2025-07-13 1115 KH7Q 599 61 YV6BXN 599 12 0
QSO: 7018 CW 2025-07-13 1115 KH7Q 599 61 R0MM 599 34 0
QSO: 7018 CW 2025-07-13 1115 KH7Q 599 61 KI0MZ 599 07 0
QSO: 7018 CW 2025-07-13 1116 KH7Q 599 61 JR4VEV 599 45 0
QSO: 7018 CW 2025-07-13 1116 KH7Q 599 61 K2KA 599 08 0
QSO: 7018 CW 2025-07-13 1116 KH7Q 599 61 N2ZA 599 08 0
QSO: 7018 CW 2025-07-13 1117 KH7Q 599 61 UA0C 599 34 0
QSO: 3526 CW 2025-07-13 1118 KH7Q 599 61 JA7NVF 599 45 0
QSO: 7018 CW 2025-07-13 1118 KH7Q 599 61 NU4E 599 08 0
QSO: 3522 CW 2025-07-13 1118 KH7Q 599 61 JH4UTP 599 45 0
QSO: 7018 CW 2025-07-13 1119 KH7Q 599 61 BG2EZM 599 33 0
QSO: 7018 CW 2025-07-13 1120 KH7Q 599 61 N4CWZ 599 08 0
QSO: 7018 CW 2025-07-13 1120 KH7Q 599 61 WA3AFS 599 08 0
QSO: 7018 CW 2025-07-13 1120 KH7Q 599 61 W8VE 599 08 0
QSO: 7018 CW 2025-07-13 1121 KH7Q 599 61 JF3EIG 599 45 0
QSO: 7018 CW 2025-07-13 1122 KH7Q 599 61 N9MSG 599 08 0
QSO: 7018 CW 2025-07-13 1122 KH7Q 599 61 WG3J 599 08 0
QSO: 7018 CW 2025-07-13 1123 KH7Q 599 61 K0XF 599 07 0
QSO: 7018 CW 2025-07-13 1123 KH7Q 599 61 NN3Q 599 08 0
QSO: 7018 CW 2025-07-13 1124 KH7Q 599 61 W1FM 599 08 0
QSO: 7018 CW 2025-07-13 1124 KH7Q 599 61 VE3NFN 599 04 0
QSO: 3520 CW 2025-07-13 1125 KH7Q 599 61 JF2FIU 599 45 0
QSO: 7018 CW 2025-07-13 1126 KH7Q 599 61 JK1GPC 599 45 0
QSO: 7018 CW 2025-07-13 1126 KH7Q 599 61 K2NV 599 08 0
QSO: 7018 CW 2025-07-13 1127 KH7Q 599 61 BI4JCR 599 44 0
QSO: 7018 CW 2025-07-13 1127 KH7Q 599 61 W8JJ 599 08 0
QSO: 7018 CW 2025-07-13 1128 KH7Q 599 61 JR7ASO 599 45 0
QSO: 7018 CW 2025-07-13 1128 KH7Q 599 61 7K4GUR 599 45 0
QSO: 7018 CW 2025-07-13 1128 KH7Q 599 61 JJ1LBJ 599 45 0
QSO: 7018 CW 2025-07-13 1129 KH7Q 599 61 K5TR 599 07 0
QSO: 7018 CW 2025-07-13 1129 KH7Q 599 61 N8EA 599 08 0
QSO: 7018 CW 2025-07-13 1130 KH7Q 599 61 JG1QZW 599 45 0
QSO: 7018 CW 2025-07-13 1130 KH7Q 599 61 WU8T 599 06 0
QSO: 7018 CW 2025-07-13 1131 KH7Q 599 61 JJ2YDV 599 45 0
QSO: 7018 CW 2025-07-13 1133 KH7Q 599 61 BG2GI 599 33 0
QSO: 7018 CW 2025-07-13 1133 KH7Q 599 61 WJ9B 599 06 0
QSO: 7018 CW 2025-07-13 1133 KH7Q 599 61 WQ5O 599 08 0
QSO: 7018 CW 2025-07-13 1134 KH7Q 599 61 W3FV 599 08 0
QSO: 7018 CW 2025-07-13 1134 KH7Q 599 61 JG1RNK 599 45 0
QSO: 7018 CW 2025-07-13 1134 KH7Q 599 61 JS2KWL 599 45 0
QSO: 7018 CW 2025-07-13 1135 KH7Q 599 61 KG2MM 599 08 0
QSO: 7018 CW 2025-07-13 1135 KH7Q 599 61 WB2WPM 599 08 0
QSO: 7018 CW 2025-07-13 1135 KH7Q 599 61 JH4NJQ 599 45 0
QSO: 7018 CW 2025-07-13 1135 KH7Q 599 61 VA3TNM 599 04 0
QSO: 7018 CW 2025-07-13 1136 KH7Q 599 61 VE6RST 599 02 0
QSO: 7018 CW 2025-07-13 1137 KH7Q 599 61 K1VMT 599 08 0
QSO: 7018 CW 2025-07-13 1138 KH7Q 599 61 W1WIM 599 08 0
QSO: 14022 CW 2025-07-13 1139 KH7Q 599 61 9V1YC 599 54 0
QSO: 7018 CW 2025-07-13 1140 KH7Q 599 61 KZ4KG 599 08 0
QSO: 7018 CW 2025-07-13 1141 KH7Q 599 61 N5TJ 599 07 0
QSO: 7018 CW 2025-07-13 1141 KH7Q 599 61 BH6KOK 599 44 0
QSO: 7018 CW 2025-07-13 1141 KH7Q 599 61 RU0LL 599 34 0
QSO: 7018 CW 2025-07-13 1142 KH7Q 599 61 NG7X 599 06 0
QSO: 7018 CW 2025-07-13 1142 KH7Q 599 61 NA8V 599 08 0
QSO: 7018 CW 2025-07-13 1143 KH7Q 599 61 JI1FGX/DU9 599 50 0
QSO: 7018 CW 2025-07-13 1143 KH7Q 599 61 BU2EP 599 44 0
QSO: 7018 CW 2025-07-13 1145 KH7Q 599 61 JK7UST 599 45 0
QSO: 14014 CW 2025-07-13 1146 KH7Q 599 61 YF8HYV 599 54 0
QSO: 7018 CW 2025-07-13 1147 KH7Q 599 61 JA7XRH 599 45 0
QSO: 7018 CW 2025-07-13 1147 KH7Q 599 61 W6YX 599 06 0
QSO: 14011 CW 2025-07-13 1148 KH7Q 599 61 BA4DL 599 44 0
QSO: 14002 CW 2025-07-13 1149 KH7Q 599 61 BD1IIJ 599 44 0
QSO: 14000 CW 2025-07-13 1150 KH7Q 599 61 T30TTT 599 65 0
QSO: 7018 CW 2025-07-13 1151 KH7Q 599 61 K3IE 599 08 0
QSO: 7018 CW 2025-07-13 1152 KH7Q 599 61 N7US 599 08 0
QSO: 7018 CW 2025-07-13 1153 KH7Q 599 61 VE3CW 599 04 0
QSO: 7018 CW 2025-07-13 1153 KH7Q 599 61 W9YK 599 08 0
QSO: 7018 CW 2025-07-13 1155 KH7Q 599 61 JS2BGJ 599 45 0
QSO: 7018 CW 2025-07-13 1156 KH7Q 599 61 RT0F 599 34 0
QSO: 7018 CW 2025-07-13 1158 KH7Q 599 61 BY1QH 599 44 0
QSO: 7018 CW 2025-07-13 1158 KH7Q 599 61 BI3BX 599 44 0
QSO: 7018 CW 2025-07-13 1159 KH7Q 599 61 JO4MJU 599 45 0
QSO: 7018 CW 2025-07-13 1159 KH7Q 599 61 JM8LND 599 45 0
END-OF-LOG: