START-OF-LOG: 3.0
CREATED-BY: reconstructed-log-builder
CONTEST: IARU-HF
CALLSIGN: B8HQ
LOCATION: 
CATEGORY: CHECKLOG
CATEGORY-OPERATOR: SINGLE-OP
CATEGORY-BAND: ALL
CATEGORY-MODE: MIXED
CATEGORY-POWER: UNKNOWN
CATEGORY-ASSISTED: NON-ASSISTED
CATEGORY-TRANSMITTER: ONE
CATEGORY-STATION: UNKNOWN
CATEGORY-OVERLAY: 
OPERATORS: B8HQ
CLAIMED-SCORE: 
CLUB: 
NAME: 
SOAPBOX: RECONSTRUCTED MOCKUP LOG - NOT AN OFFICIAL SUBMISSION.
SOAPBOX: Derived from submitted logs for IARU-HF ARRL/iaru_hf_world_championship/2023.
QSO: 21000 CW 2023-07-08 1202 B8HQ          599 CRAC XV9G          599 49
QSO: 21024 CW 2023-07-08 1202 B8HQ          599 CRAC OM7LW         599 28
QSO: 21024 CW 2023-07-08 1202 B8HQ          599 CRAC VR2CO         599 44
QSO: 21023 CW 2023-07-08 1203 B8HQ          599 CRAC I46V          599 28
QSO: 28000 CW 2023-07-08 1204 B8HQ          599 CRAC JH9FCP        599 45
QSO: 28017 CW 2023-07-08 1204 B8HQ          599 CRAC BD4UN         599 44
QSO: 21023 CW 2023-07-08 1205 B8HQ          599 CRAC JA8RWU        599 45
QSO: 28017 CW 2023-07-08 1205 B8HQ          599 CRAC JL1LNC        599 45
QSO: 14027 CW 2023-07-08 1206 B8HQ          599 CRAC JH7VHZ        599 45
QSO: 14247 PH 2023-07-08 1206 B8HQ          59 CRAC BA6KC         59 44
QSO: 21023 CW 2023-07-08 1206 B8HQ          599 CRAC E29AHU        599 49
QSO: 21023 CW 2023-07-08 1206 B8HQ          599 CRAC SP9XCN        599 28
QSO: 28017 CW 2023-07-08 1206 B8HQ          599 CRAC BH4FUO        599 44
QSO: 14247 PH 2023-07-08 1207 B8HQ          59 43 BH2SMF        59 44
QSO: 14026 CW 2023-07-08 1208 B8HQ          599 CRAC W8GJK         599 06
QSO: 14027 CW 2023-07-08 1208 B8HQ          599 CRAC JE1NVD        599 45
QSO: 14000 CW 2023-07-08 1209 B8HQ          599 CRAC JM8FEI        599 45
QSO: 21023 CW 2023-07-08 1209 B8HQ          599 CRAC BG3ODZ        599 44
QSO: 21023 CW 2023-07-08 1209 B8HQ          599 CRAC RC8SC         599 30
QSO: 14026 CW 2023-07-08 1210 B8HQ          599 CRAC 9V1ZV         599 54
QSO: 14026 CW 2023-07-08 1210 B8HQ          599 CRAC BI4MPH        599 44
QSO: 21023 CW 2023-07-08 1210 B8HQ          599 CRAC UA3RBR        599 29
QSO: 21023 CW 2023-07-08 1210 B8HQ          599 CRAC UW1M          599 29
QSO: 14027 CW 2023-07-08 1211 B8HQ          599 CRAC JA1IAZ        599 45
QSO: 21023 CW 2023-07-08 1211 B8HQ          599 CRAC SO0N          599 28
QSO: 14000 CW 2023-07-08 1212 B8HQ          599 CRAC 7K1CPT        599 45
QSO: 21023 CW 2023-07-08 1212 B8HQ          599 CRAC IZ8GCB        599 28
QSO: 21024 CW 2023-07-08 1212 B8HQ          599 CRAC UA4M          599 29
QSO: 28017 CW 2023-07-08 1214 B8HQ          599 CRAC BG4HYK        599 44
QSO: 14000 PH 2023-07-08 1215 B8HQ          59 CRAC LT4RCA        59 RCA
QSO: 14027 CW 2023-07-08 1215 B8HQ          599 CRAC BD7JNA        599 44
QSO: 21024 CW 2023-07-08 1215 B8HQ          599 CRAC RF9C          599 30
QSO: 14027 CW 2023-07-08 1216 B8HQ          599 CRAC JA3JM         599 45
QSO: 28000 CW 2023-07-08 1216 B8HQ          599 CRAC JA2HYD        599 45
QSO: 14230 PH 2023-07-08 1219 B8HQ          59 CRAC 4F1EBD        59 50
QSO: 21000 CW 2023-07-08 1219 B8HQ          599 CRAC E20XMG        599 49
QSO: 21023 CW 2023-07-08 1219 B8HQ          599 CRAC RM9A          599 30
QSO: 21000 CW 2023-07-08 1220 B8HQ          599 CRAC JH6EXF        599 45
QSO: 14026 CW 2023-07-08 1222 B8HQ          599 CRAC RA9MX         599 30
QSO: 21023 CW 2023-07-08 1222 B8HQ          599 CRAC BD3TE         599 44
QSO: 28000 CW 2023-07-08 1222 B8HQ          599 RAC JA2XLV        599 45
QSO: 21023 CW 2023-07-08 1223 B8HQ          599 CRAC RC9J          599 21
QSO: 28017 CW 2023-07-08 1223 B8HQ          599 CRAC JA8RWU        599 45
QSO: 21023 CW 2023-07-08 1225 B8HQ          599 CRAC BH3QKK        599 44
QSO: 28017 CW 2023-07-08 1225 B8HQ          599 KRAC JH1JNJ        599 45
QSO: 14026 CW 2023-07-08 1226 B8HQ          599 CRSA UA0UV         599 33
QSO: 21023 CW 2023-07-08 1226 B8HQ          599 CRAC R4WAE         599 30
QSO: 21024 CW 2023-07-08 1226 B8HQ          599 CRAC HA5JI         599 28
QSO: 14000 CW 2023-07-08 1227 B8HQ          599 CRAC JA2HYD        599 45
QSO: 14027 CW 2023-07-08 1227 B8HQ          599 CRAC JH1FNU        599 45
QSO: 14000 CW 2023-07-08 1228 B8HQ          599 CRAC JK2VOC        599 45
QSO: 21023 CW 2023-07-08 1228 B8HQ          599 CRAC UI3A          599 29
QSO: 14026 CW 2023-07-08 1229 B8HQ          599 CRAC BA3AX         599 44
QSO: 14026 CW 2023-07-08 1229 B8HQ          599 CRAC JH7XGN        599 45
QSO: 14026 CW 2023-07-08 1229 B8HQ          599 CRAC XQ3SK         599 14
QSO: 14026 CW 2023-07-08 1230 B8HQ          599 CRAC CX5FK         599 14
QSO: 14027 CW 2023-07-08 1230 B8HQ          599 CRAC JA4GQD        599 45
QSO: 21023 CW 2023-07-08 1230 B8HQ          599 CRAC LZ2PL         599 28
QSO: 21023 CW 2023-07-08 1230 B8HQ          599 CRSA UT2UB         599 29
QSO: 21023 CW 2023-07-08 1231 B8HQ          599 CRAC RG8U          599 31
QSO: 14026 CW 2023-07-08 1232 B8HQ          599 CRAC RT4M          599 29
QSO: 14026 CW 2023-07-08 1232 B8HQ          599 CRAC RW0AJ         599 32
QSO: 14027 CW 2023-07-08 1232 B8HQ          599 CRAC JN1THL        599 45
QSO: 14027 CW 2023-07-08 1232 B8HQ          599 CRAC N2BJ          599 08
QSO: 14000 CW 2023-07-08 1233 B8HQ          599 CRAC JJ1QLT        599 45
QSO: 14026 CW 2023-07-08 1233 B8HQ          599 CRAC JN7TAN        599 45
QSO: 21023 CW 2023-07-08 1233 B8HQ          599 CRAC UA6GO         599 29
QSO: 21024 CW 2023-07-08 1233 B8HQ          599 CRAC HG8W          599 28
QSO: 14026 CW 2023-07-08 1234 B8HQ          599 CRAC JO7KMB        599 45
QSO: 14026 CW 2023-07-08 1234 B8HQ          599 CRAC RD0A          599 32
QSO: 28017 CW 2023-07-08 1234 B8HQ          599 CRAC JM8LND        599 45
QSO: 28017 CW 2023-07-08 1235 B8HQ          599 CRAC JH1EAQ        599 45
QSO: 14027 CW 2023-07-08 1236 B8HQ          599 CRAC DS2CXN        599 44
QSO: 21024 CW 2023-07-08 1236 B8HQ          599 CRAC HS8HEX        599 49
QSO: 21023 CW 2023-07-08 1237 B8HQ          599 CRAC DL7ON         599 28
QSO: 21023 CW 2023-07-08 1237 B8HQ          599 CRAC RM5F          599 29
QSO: 28017 CW 2023-07-08 1237 B8HQ          599 CRAC JN4MMO        599 45
QSO: 14026 CW 2023-07-08 1238 B8HQ          599 CRAC K9ZO          599 08
QSO: 14237 PH 2023-07-08 1238 B8HQ          59 CRAC BI1NEN        59 44
QSO: 21023 CW 2023-07-08 1238 B8HQ          599 CRAC DM5GG         599 28
QSO: 14000 CW 2023-07-08 1239 B8HQ          599 CRAC JE8UHY        599 45
QSO: 14026 CW 2023-07-08 1239 B8HQ          599 CRAC BD2RJ         599 44
QSO: 21000 CW 2023-07-08 1239 B8HQ          599 CRAC JE2HCJ        599 45
QSO: 21023 CW 2023-07-08 1239 B8HQ          599 CRAC UP2L          599 30
QSO: 28000 CW 2023-07-08 1239 B8HQ          599 CRAC JH1NXU        599 45
QSO: 14026 CW 2023-07-08 1240 B8HQ          599 CRSA R0SBI         599 32
QSO: 21023 CW 2023-07-08 1240 B8HQ          599 CRAC RN3QO         599 29
QSO: 21000 CW 2023-07-08 1241 B8HQ          599 CRAC RW3X          599 29
QSO: 28017 CW 2023-07-08 1241 B8HQ          599 CRAC JR2PMT        599 45
QSO: 14027 CW 2023-07-08 1242 B8HQ          599 CRAC BH4RRG        599 44
QSO: 28000 CW 2023-07-08 1242 B8HQ          599 CRAC JH8IYN        599 45
QSO: 21023 CW 2023-07-08 1243 B8HQ          599 CRAC UI7D          599 29
QSO: 21024 CW 2023-07-08 1243 B8HQ          599 CRAC YB1NWP        599 54
QSO:  7000 PH 2023-07-08 1243 B8HQ          59 CRAC 7A3HQ         59 ORARI
QSO: 28017 CW 2023-07-08 1244 B8HQ          599 CRAC AT1HQ         599 ARSI
QSO: 14027 CW 2023-07-08 1245 B8HQ          599 CRAC UG4P          599 30
QSO: 21023 CW 2023-07-08 1245 B8HQ          599 CRAC RT9A          599 30
QSO: 14000 CW 2023-07-08 1246 B8HQ          599 CRAC XV9G          599 49
QSO: 28017 CW 2023-07-08 1247 B8HQ          599 CRAC JI1BBN        599 45
QSO: 28017 CW 2023-07-08 1248 B8HQ          599 CRAC 7L1FFH        599 45
QSO: 21023 CW 2023-07-08 1249 B8HQ          599 CRAC R3AQ          599 29
QSO: 14000 PH 2023-07-08 1250 B8HQ          59 43 CE6CGX        59 14
QSO: 14026 CW 2023-07-08 1250 B8HQ          599 CRAC UR7MZ         599 29
QSO: 21023 CW 2023-07-08 1250 B8HQ          599 CRAC SP2QG         599 28
QSO: 14000 CW 2023-07-08 1251 B8HQ          599 CRAC JJ1LBJ        599 45
QSO: 21023 CW 2023-07-08 1251 B8HQ          599 CRAC HS8JWH        599 49
QSO: 14000 CW 2023-07-08 1252 B8HQ          599 CRAC JE2DOD        599 45
QSO: 21023 CW 2023-07-08 1252 B8HQ          599 CRAC R3ZZ          599 29
QSO: 28017 CW 2023-07-08 1252 B8HQ          599 CRAC BH2SMF        599 44
QSO: 14027 CW 2023-07-08 1253 B8HQ          599 CRAC JO7GVC        599 45
QSO: 21023 CW 2023-07-08 1254 B8HQ          599 CRAC BD2RJ         599 44
QSO: 21023 CW 2023-07-08 1254 B8HQ          599 CRAC DL6NDW        599 28
QSO: 28000 CW 2023-07-08 1254 B8HQ          599 CRAC JJ1LBJ        599 45
QSO: 28017 CW 2023-07-08 1254 B8HQ          599 CRAC BH6MWC        599 44
QSO: 14026 CW 2023-07-08 1255 B8HQ          599 CRAC UP2L          599 30
QSO: 28017 CW 2023-07-08 1255 B8HQ          599 CRAC HS8JWH        599 49
QSO: 14026 CW 2023-07-08 1256 B8HQ          599 CRAC BI1GRI        599 44
QSO: 14027 CW 2023-07-08 1256 B8HQ          599 CRAC VE7RAC        599 RAC
QSO: 14000 CW 2023-07-08 1257 B8HQ          599 CRAC JK7DWD        599 45
QSO: 14027 CW 2023-07-08 1257 B8HQ          599 CRAC N7RVD         599 06
QSO: 14250 PH 2023-07-08 1257 B8HQ          59 CRAC YB1DX         59 54
QSO: 21023 CW 2023-07-08 1257 B8HQ          599 CRAC S53V          599 28
QSO:  7093 PH 2023-07-08 1257 B8HQ          59 CRAC BA7LRT        59 44
QSO: 14027 CW 2023-07-08 1258 B8HQ          599 CRAC JA6FFK        599 45
QSO: 21000 CW 2023-07-08 1258 B8HQ          599 CRAC YD2UWF        599 54
QSO: 14000 CW 2023-07-08 1259 B8HQ          599 CRAC HL0HQ         599 KARL
QSO: 14000 CW 2023-07-08 1300 B8HQ          599 CRAC JH2RIH        599 45
QSO: 21023 CW 2023-07-08 1300 B8HQ          599 CRAC BA5CW         599 44
QSO: 14000 CW 2023-07-08 1301 B8HQ          599 CRAC JK1BVN        599 45
QSO: 28017 CW 2023-07-08 1301 B8HQ          599 CRAC JG2TSL        599 45
QSO: 14027 CW 2023-07-08 1302 B8HQ          599 CRAC K0AP          599 07
QSO: 14027 CW 2023-07-08 1302 B8HQ          599 CRAC W0VQ          599 06
QSO: 21024 CW 2023-07-08 1302 B8HQ          599 CRAC BA3AX         599 44
QSO: 14237 PH 2023-07-08 1303 B8HQ          59 CRAC BH3SCC        59 44
QSO: 14237 PH 2023-07-08 1303 B8HQ          59 CRAC BH6MWC        59 44
QSO: 21023 CW 2023-07-08 1303 B8HQ          599 CRAC BY1RX         599 44
QSO: 14000 CW 2023-07-08 1304 B8HQ          599 CRAC JK1TCV        599 45
QSO: 14237 PH 2023-07-08 1304 B8HQ          59 CRAC BD4VGZ        59 44
QSO: 21000 CW 2023-07-08 1304 B8HQ          599 CRAC YB7XO         599 54
QSO: 14027 CW 2023-07-08 1305 B8HQ          599 CRAC JO3OEF        599 45
QSO: 14027 CW 2023-07-08 1305 B8HQ          599 CRAC RU0LL         599 34
QSO: 21000 CW 2023-07-08 1305 B8HQ          599 CRAC YF3AJJ        599 54
QSO: 14026 CW 2023-07-08 1306 B8HQ          599 CRAC ND7K          599 6
QSO: 14027 CW 2023-07-08 1306 B8HQ          599 CRAC VR2CO         599 44
QSO: 14033 CW 2023-07-08 1306 B8HQ          599 CRAC LV1D          599 14
QSO: 21023 CW 2023-07-08 1306 B8HQ          599 CRAC BD3OD         599 44
QSO: 14027 CW 2023-07-08 1307 B8HQ          599 CRAC E2HQ          599 RAST
QSO: 14237 PH 2023-07-08 1307 B8HQ          59 CRAC BG6LH         59 44
QSO: 28017 CW 2023-07-08 1307 B8HQ          599 CRAC BA6KC         599 44
QSO: 28017 CW 2023-07-08 1307 B8HQ          599 CRAC JM1SMY        599 45
QSO: 14026 CW 2023-07-08 1308 B8HQ          599 CRAC UA4C          599 29
QSO: 14027 CW 2023-07-08 1308 B8HQ          599 CARA BH2UBD        599 44
QSO: 21024 CW 2023-07-08 1308 B8HQ          599 CRAC BH2RMX        599 44
QSO:  7093 PH 2023-07-08 1308 B8HQ          59 CRCA BG5IQK        59 44
QSO:  7093 PH 2023-07-08 1308 B8HQ          59 CRAC BG5LU         59 44
QSO: 14237 PH 2023-07-08 1309 B8HQ          59 CRAC JA8IJI        59 45
QSO: 21023 CW 2023-07-08 1309 B8HQ          599 CRAC JS1KKY        599 45
QSO: 14027 CW 2023-07-08 1310 B8HQ          599 CRAC WA7CPA        599 06
QSO: 21000 CW 2023-07-08 1311 B8HQ          599 CRAC JJ1LBJ        599 45
QSO: 14000 CW 2023-07-08 1312 B8HQ          599 CRAC JA2KKA        599 45
QSO: 14027 CW 2023-07-08 1312 B8HQ          599 CRAC JG5UWK        599 45
QSO: 21000 CW 2023-07-08 1312 B8HQ          599 CRAC JM8FEI        599 45
QSO: 21023 CW 2023-07-08 1312 B8HQ          599 CRAC BG4NMT        599 44
QSO:  7093 PH 2023-07-08 1312 B8HQ          59 CRAC BI1JBV        59 44
QSO: 14027 CW 2023-07-08 1313 B8HQ          599 CRAC BA3MM         599 44
QSO: 14000 CW 2023-07-08 1315 B8HQ          599 CRAC E20XMG        599 49
QSO: 14027 CW 2023-07-08 1315 B8HQ          599 CRAC K7UT          599 06
QSO: 21024 CW 2023-07-08 1315 B8HQ          599 CRAC BH6MWC        599 44
QSO:  7093 PH 2023-07-08 1315 B8HQ          59 CRAC BD4SVU        59 44
QSO: 21023 CW 2023-07-08 1316 B8HQ          599 CRAC RU1A          599 29
QSO: 14026 CW 2023-07-08 1317 B8HQ          599 CRAC RT9A          599 30
QSO: 14237 PH 2023-07-08 1317 B8HQ          59 CRAC JR8PPG        59 45
QSO: 14026 CW 2023-07-08 1318 B8HQ          599 CRAC BV3FG         599 44
QSO: 14027 CW 2023-07-08 1318 B8HQ          599 CRAC 7K4VPV        599 45
QSO: 21024 CW 2023-07-08 1318 B8HQ          599 CRAC SN0HQ         599 PZK
QSO: 14027 CW 2023-07-08 1319 B8HQ          599 CRAC DS1TUW        599 44
QSO: 21000 CW 2023-07-08 1319 B8HQ          599 CRAC JK7UST        599 45
QSO: 14000 PH 2023-07-08 1320 B8HQ          59 CRAC JG2RFJ        59 45
QSO: 14026 CW 2023-07-08 1320 B8HQ          599 CRAC JO6NZN        599 45
QSO: 14027 CW 2023-07-08 1320 B8HQ          599 CRAC IK1RGK        599 28
QSO: 28000 CW 2023-07-08 1320 B8HQ          599 CRAC JM8FEI        599 45
QSO: 14027 CW 2023-07-08 1321 B8HQ          599 CRAC RC9A          599 30
QSO: 14027 CW 2023-07-08 1322 B8HQ          599 CRAC JA2AXB        599 45
QSO: 14027 CW 2023-07-08 1322 B8HQ          599 CRAC N7AT          599 06
QSO: 14027 CW 2023-07-08 1322 B8HQ          599 CRAC W7TVC         599 06
QSO: 21023 CW 2023-07-08 1322 B8HQ          599 CRAC HL1VAU        599 44
QSO: 21024 CW 2023-07-08 1322 B8HQ          599 CRAC JH1EAQ        599 45
QSO: 28017 CW 2023-07-08 1322 B8HQ          599 CRAC BH2RMX        599 44
QSO: 14026 CW 2023-07-08 1323 B8HQ          599 CRAC JR2PMT        599 45
QSO: 14027 CW 2023-07-08 1323 B8HQ          599 CRAC W7YAQ         599 6
QSO: 14237 PH 2023-07-08 1323 B8HQ          59 CRAC RC9J          59 21
QSO: 14000 CW 2023-07-08 1324 B8HQ          599 CRAC BH9BJI        599 43
QSO: 21023 CW 2023-07-08 1324 B8HQ          599 CRAC BD4UN         599 44
QSO: 14000 CW 2023-07-08 1325 B8HQ          599 CRAC JH8IYN        599 45
QSO: 21024 CW 2023-07-08 1325 B8HQ          599 CRAC JH1CTV        599 45
QSO: 28017 CW 2023-07-08 1325 B8HQ          599 CRAC BI4MPH        599 44
QSO: 14027 CW 2023-07-08 1326 B8HQ          599 CRAC RN3QO         599 29
QSO: 21023 CW 2023-07-08 1326 B8HQ          599 CRAC JA6BZI        599 45
QSO: 14000 PH 2023-07-08 1327 B8HQ          59 CRAC DX0HQ         59 PARA
QSO: 14026 CW 2023-07-08 1327 B8HQ          599 CRAC RA3VX         599 29
QSO: 21000 CW 2023-07-08 1327 B8HQ          599 CRAC JH4PUS        599 45
QSO: 21023 CW 2023-07-08 1327 B8HQ          599 CRAC JA1MZM        599 45
QSO: 14027 CW 2023-07-08 1328 B8HQ          599 CRAC JQ3BAV        599 45
QSO: 14027 CW 2023-07-08 1328 B8HQ          599 CRAC VE7LWW        599 02
QSO: 28017 CW 2023-07-08 1328 B8HQ          599 CRAC JS1OYN        599 45
QSO: 14027 CW 2023-07-08 1329 B8HQ          599 CRAC KA5M          599 7
QSO: 21023 CW 2023-07-08 1329 B8HQ          599 CRAC BG3GEF        599 44
QSO: 21023 CW 2023-07-08 1329 B8HQ          599 CRAC RZ0L          599 34
QSO: 28017 CW 2023-07-08 1329 B8HQ          599 CRAC JE2BOM        599 45
QSO: 14027 CW 2023-07-08 1331 B8HQ          599 CRAC JA1CJP        599 R3
QSO: 21024 CW 2023-07-08 1331 B8HQ          599 CRAC BA3MM         599 44
QSO: 21024 CW 2023-07-08 1331 B8HQ          599 CRAC BG6LH         59 44
QSO: 14027 CW 2023-07-08 1332 B8HQ          599 CRAC K6OK          599 06
QSO: 14027 CW 2023-07-08 1333 B8HQ          599 CRAC KW6AA         599 06
QSO:  7000 PH 2023-07-08 1334 B8HQ          59 CRAC BG5BAA        59 44
QSO:  7093 PH 2023-07-08 1335 B8HQ          59 CRAC BI8FRF        59 43
QSO: 14027 CW 2023-07-08 1336 B8HQ          599 CRAC HL2IDT        599 44
QSO: 21023 CW 2023-07-08 1336 B8HQ          599 CRAC JI3NOP        599 45
QSO: 28017 CW 2023-07-08 1336 B8HQ          599 CRAC JA1MZM        599 45
QSO: 21024 CW 2023-07-08 1337 B8HQ          599 CRAC BH1IZQ        599 44
QSO: 21023 CW 2023-07-08 1338 B8HQ          599 CRAC SM5EPO        599 18
QSO: 21023 CW 2023-07-08 1340 B8HQ          599 CRAC JF1LMB        599 45
QSO: 14026 CW 2023-07-08 1341 B8HQ          599 CRAC SP2LNW        599 28
QSO: 14026 CW 2023-07-08 1342 B8HQ          599 CRAC UG4A          599 29
QSO: 21023 CW 2023-07-08 1342 B8HQ          599 CRAC JA9CWJ        599 45
QSO: 21023 CW 2023-07-08 1342 B8HQ          599 CRAC UN7FW         599 31
QSO: 14027 CW 2023-07-08 1343 B8HQ          599 CRAC I1NVU         599 28
QSO: 21000 CW 2023-07-08 1343 B8HQ          599 CRAC JA2XLV        599 45
QSO: 14027 CW 2023-07-08 1344 B8HQ          599 CRAC JA6BZI        599 45
QSO: 14027 CW 2023-07-08 1344 B8HQ          599 CRAC RM9A          599 30
QSO: 14027 CW 2023-07-08 1344 B8HQ          599 CRAC W7ZR          599 06
QSO: 14027 CW 2023-07-08 1345 B8HQ          599 CRAC BG3GEF        599 44
QSO: 14230 PH 2023-07-08 1345 B8HQ          59 CRAC BI1JBV        59 44
QSO: 14000 CW 2023-07-08 1346 B8HQ          599 CRAC JA5NSR        599 45
QSO: 14027 CW 2023-07-08 1346 B8HQ          599 CRAC K7GK          599 06
QSO: 21023 CW 2023-07-08 1346 B8HQ          599 CRAC BA6KC         599 44
QSO: 14027 CW 2023-07-08 1347 B8HQ          599 CRAC JM1KNI        599 45
QSO: 21000 CW 2023-07-08 1348 B8HQ          599 CRAC 7K1CPT        599 45
QSO: 14027 CW 2023-07-08 1349 B8HQ          599 CRAC KA6BIM        599 06
QSO: 21023 CW 2023-07-08 1349 B8HQ          599 CRAC BH4FUO        599 44
QSO: 14026 CW 2023-07-08 1350 B8HQ          599 CRAC R5AJ          599 29
QSO: 14027 CW 2023-07-08 1350 B8HQ          599 CRAC N6WT          599 06
QSO: 14237 PH 2023-07-08 1350 B8HQ          59 CRAC BH3XZT        59 44
QSO: 14237 PH 2023-07-08 1350 B8HQ          59 CRAC KT7E          59 06
QSO: 21023 CW 2023-07-08 1350 B8HQ          599 CRAC JE1NVD        599 45
QSO: 14026 CW 2023-07-08 1351 B8HQ          599 CRAC BY1AS         599 44
QSO: 14237 PH 2023-07-08 1351 B8HQ          59 CRAC JA6CVR        59 45
QSO: 21023 CW 2023-07-08 1351 B8HQ          599 CRAC JG6YLY        599 45
QSO: 14026 CW 2023-07-08 1352 B8HQ          599 CRAC DL4WA         599 28
QSO: 21023 CW 2023-07-08 1352 B8HQ          599 CRAC HS8KAY        599 49
QSO: 21023 CW 2023-07-08 1352 B8HQ          599 CRAC JH1FNU        599 45
QSO: 14026 CW 2023-07-08 1353 B8HQ          599 CRAC RT4G          599 29
QSO: 14026 CW 2023-07-08 1353 B8HQ          599 CRAC UA6CC         599 29
QSO: 14027 CW 2023-07-08 1353 B8HQ          599 CRAC CX1AA         599 RCU
QSO: 28500 PH 2023-07-08 1353 B8HQ          59 CRAC 8N2HQ         59 JARL
QSO: 14000 CW 2023-07-08 1354 B8HQ          599 CRAC RT0O          599 32
QSO: 14027 CW 2023-07-08 1354 B8HQ          599 CRAC W4IDX         599 06
QSO: 21023 CW 2023-07-08 1354 B8HQ          599 CRAC JE2BOM        599 45
QSO: 28000 CW 2023-07-08 1354 B8HQ          599 CRAC CX1AA         599 RCU
QSO: 14026 CW 2023-07-08 1355 B8HQ          599 CRAC DL7ON         599 28
QSO: 14027 CW 2023-07-08 1355 B8HQ          599 CRAC WA7BNM        599 06
QSO: 21023 CW 2023-07-08 1355 B8HQ          599 CRAC JR8PPG        599 45
QSO:  7093 PH 2023-07-08 1355 B8HQ          59 CRAC BD4SYH        59 44
QSO: 14026 CW 2023-07-08 1356 B8HQ          599 CRAC UN8PT         599 30
QSO: 14027 CW 2023-07-08 1356 B8HQ          599 43 BI6LFJ        599 44
QSO: 28000 CW 2023-07-08 1356 B8HQ          599 CRAC LT4RCA        599 RCA
QSO: 14026 CW 2023-07-08 1358 B8HQ          599 CRAC WJ9B          599 6
QSO: 21000 CW 2023-07-08 1358 B8HQ          599 CAC JH1NLF        599 45
QSO: 14026 CW 2023-07-08 1359 B8HQ          599 CRAC RM5F          599 29
QSO: 28021 CW 2023-07-08 1359 B8HQ          599 CRAC 8N8HQ         599 JARL
QSO: 14000 CW 2023-07-08 1400 B8HQ          599 CTARL JF1JDG        599 45
QSO: 21023 CW 2023-07-08 1400 B8HQ          599 CRAC JR2PMT        599 45
QSO: 14026 CW 2023-07-08 1403 B8HQ          599 CRAC R3AQ          599 29
QSO: 14212 PH 2023-07-08 1405 B8HQ          59 CRAC BD7MCP        59 44
QSO: 21023 CW 2023-07-08 1405 B8HQ          599 CRAC RK3DK         599 29
QSO: 21023 CW 2023-07-08 1405 B8HQ          599 CRAC W0VX          599 07
QSO: 14208 PH 2023-07-08 1406 B8HQ          59 CRAC BH4XBU        59 44
QSO: 21024 CW 2023-07-08 1406 B8HQ          599 CRAC JI1HFJ        599 45
QSO: 21023 CW 2023-07-08 1407 B8HQ          599 CRAC JA1CJP        599 R3
QSO: 21023 CW 2023-07-08 1407 B8HQ          599 CRAC JF1SQC        599 45
QSO: 14026 CW 2023-07-08 1408 B8HQ          599 CRAC UN9GD         599 31
QSO: 14027 CW 2023-07-08 1408 B8HQ          599 CRAC OL5Y          599 28
QSO: 14027 CW 2023-07-08 1408 B8HQ          599 CRAC R4KO          599 29
QSO: 21023 CW 2023-07-08 1408 B8HQ          599 CRAC JR2NMJ        599 45
QSO: 21023 CW 2023-07-08 1409 B8HQ          599 CRAC JF2RVJ        599 45
QSO: 14026 CW 2023-07-08 1410 B8HQ          599 CRAC EU1AI         599 29
QSO: 14000 PH 2023-07-08 1411 B8HQ          59 CRAC JA7MCB        59 45
QSO: 14026 CW 2023-07-08 1411 B8HQ          599 CRAC UI7D          599 29
QSO: 21023 CW 2023-07-08 1411 B8HQ          599 CRAC BH4RRG        599 44
QSO: 14027 CW 2023-07-08 1412 B8HQ          599 CRAC UY2UZ         599 29
QSO: 21023 CW 2023-07-08 1412 B8HQ          599 CRAC EF4HQ         599 URE
QSO: 21023 CW 2023-07-08 1413 B8HQ          599 CRAC RC6U          599 29
QSO: 21023 CW 2023-07-08 1414 B8HQ          599 CRAC I46Y          599 28
QSO: 21023 CW 2023-07-08 1414 B8HQ          599 CRAC RD8D          599 30
QSO: 21023 CW 2023-07-08 1415 B8HQ          599 CRAC UN0L          599 30
QSO: 21024 CW 2023-07-08 1415 B8HQ          599 CRAC IZ8JFL        599 28
QSO: 14026 CW 2023-07-08 1416 B8HQ          599 CRAC RG8U          599 31
QSO: 14027 CW 2023-07-08 1416 B8HQ          599 CRAC BI8CZM        599 43
QSO: 14027 CW 2023-07-08 1417 B8HQ          599 CRAC UR1YAA        599 29
QSO: 21023 CW 2023-07-08 1417 B8HQ          599 CRAC 4L9M          599 29
QSO:  7140 PH 2023-07-08 1417 B8HQ          59 CRAC DX0HQ         59 PARA
QSO: 21024 CW 2023-07-08 1419 B8HQ          599 CRAC R4PBF         599 29
QSO: 21023 CW 2023-07-08 1420 B8HQ          599 CRAC UT5UGR        599 29
QSO: 21024 CW 2023-07-08 1420 B8HQ          599 CRAC BA4DL         599 44
QSO: 14027 CW 2023-07-08 1421 B8HQ          599 CRAC JM8LND        599 45
QSO: 21000 CW 2023-07-08 1421 B8HQ          599 CRAC UA4FDL        599 29
QSO: 21023 CW 2023-07-08 1421 B8HQ          599 CRAC UA4C          599 29
QSO: 21023 CW 2023-07-08 1421 B8HQ          599 CRAC YL7X          599 29
QSO: 14000 PH 2023-07-08 1423 B8HQ          59 CRAC DX1EVM        59 50
QSO: 14026 CW 2023-07-08 1423 B8HQ          599 CRAC DD2D          599 28
QSO: 21023 CW 2023-07-08 1423 B8HQ          599 CRAC OG6N          599 18
QSO: 14027 CW 2023-07-08 1424 B8HQ          599 CRAC UA3AP         599 29
QSO: 21024 CW 2023-07-08 1424 B8HQ          599 CRAC LA2AB         599 18
QSO: 14027 CW 2023-07-08 1425 B8HQ          599 CRAC UI3A          599 29
QSO: 21023 CW 2023-07-08 1425 B8HQ          599 CRAC HB1A          599 28
QSO: 21023 CW 2023-07-08 1425 B8HQ          599 CRAC RK2M          599 29
QSO: 21023 CW 2023-07-08 1425 B8HQ          599 CRAC UN4Q          599 31
QSO: 14027 CW 2023-07-08 1426 B8HQ          599 CRAC IK1PMR        599 28
QSO: 21023 CW 2023-07-08 1426 B8HQ          599 CRAC RT6N          599 29
QSO: 21024 CW 2023-07-08 1426 B8HQ          599 CRAC LZ6E          599 28
QSO: 28025 CW 2023-07-08 1426 B8HQ          599 CRAC RW9USA        599 31
QSO: 14026 CW 2023-07-08 1427 B8HQ          599 CRAC UA3RBR        599 29
QSO: 14027 CW 2023-07-08 1427 B8HQ          599 CRAC BG6GQE        599 44
QSO: 14180 PH 2023-07-08 1427 B8HQ          59 CRAC 4E9VVN        59 50
QSO: 21023 CW 2023-07-08 1427 B8HQ          599 CRAC GR2HQ         599 RSGB
QSO: 28024 CW 2023-07-08 1427 B8HQ          599 CRAC RC9J          599 21
QSO: 14026 CW 2023-07-08 1428 B8HQ          599 CRAC UA5L          599 29
QSO: 21023 CW 2023-07-08 1428 B8HQ          599 CRAC S58M          599 28
QSO: 21024 CW 2023-07-08 1428 B8HQ          599 CRAC LZ3BB         599 28
QSO: 14026 CW 2023-07-08 1429 B8HQ          599 CRAC R7MM          599 29
QSO: 21023 CW 2023-07-08 1429 B8HQ          599 CRAC UN8GA         599 31
QSO: 21000 CW 2023-07-08 1432 B8HQ          599 CRAC YB1IQE        599 54
QSO: 21023 CW 2023-07-08 1432 B8HQ          599 CRAC SM5CIL        599 18
QSO: 21023 CW 2023-07-08 1433 B8HQ          599 CRAC R4IO          599 29
QSO: 14026 CW 2023-07-08 1434 B8HQ          599 CRSA RN6AT         599 29
QSO: 14027 CW 2023-07-08 1434 B8HQ          599 CRAC N6RK          599 06
QSO: 14027 CW 2023-07-08 1434 B8HQ          599 CRAC R1DX          599 29
QSO: 21000 CW 2023-07-08 1434 B8HQ          599 CRAC CT2FEY        599 37
QSO: 21000 CW 2023-07-08 1434 B8HQ          599 CRAC YU1YV         599 28
QSO: 14026 CW 2023-07-08 1435 B8HQ          599 CRAC RD8D          599 30
QSO: 21024 CW 2023-07-08 1435 B8HQ          599 CRAC RL5A          599 29
QSO: 14027 CW 2023-07-08 1436 B8HQ          599 CRAC SP2R          599 28
QSO: 21023 CW 2023-07-08 1436 B8HQ          599 CRAC DK3YD         599 28
QSO: 21023 CW 2023-07-08 1436 B8HQ          599 CRAC UA6LCJ        599 29
QSO: 21024 CW 2023-07-08 1436 B8HQ          599 CRAC OH1X          599 18
QSO: 28016 CW 2023-07-08 1436 B8HQ          599 CRAC YT0HQ         599 SRS
QSO: 14026 CW 2023-07-08 1437 B8HQ          599 CRAC RU9AC         599 30
QSO: 14026 CW 2023-07-08 1437 B8HQ          599 CRAC YL7X          599 29
QSO: 21024 CW 2023-07-08 1437 B8HQ          599 CRAC BY7KP         599 44
QSO: 14026 CW 2023-07-08 1438 B8HQ          599 CRAC UA6LCN        599 29
QSO: 21023 CW 2023-07-08 1438 B8HQ          599 CRAC K1LZ          599 8
QSO: 21023 CW 2023-07-08 1438 B8HQ          599 CRAC RU6MO         599 29
QSO: 21023 CW 2023-07-08 1439 B8HQ          599 CRAC EU8U          599 29
QSO: 21023 CW 2023-07-08 1439 B8HQ          599 CRAC R4HQ          599 SRR
QSO: 14026 CW 2023-07-08 1440 B8HQ          599 CRAC R4WAE         599 30
QSO: 14027 CW 2023-07-08 1440 B8HQ          599 CRAC UA4S          599 29
QSO: 21023 CW 2023-07-08 1441 B8HQ          599 CRAC YO4FPF        599 28
QSO: 21024 CW 2023-07-08 1441 B8HQ          599 CRAC LZ5Y          599 28
QSO: 21023 CW 2023-07-08 1442 B8HQ          599 CRAC K2CJ          599 08
QSO: 14000 PH 2023-07-08 1443 B8HQ          59 CRAC KH7M          59 61
QSO: 21000 CW 2023-07-08 1443 B8HQ          599 CRAC 9A7B          599 28
QSO: 21023 CW 2023-07-08 1444 B8HQ          599 CRAC DA0HQ         599 DARC
QSO: 21023 CW 2023-07-08 1444 B8HQ          599 CRAC UG4P          599 30
QSO: 21024 CW 2023-07-08 1444 B8HQ          599 CRAC II8K          599 28
QSO: 21024 CW 2023-07-08 1445 B8HQ          599 CRAC 4Z5LY         599 39
QSO: 14270 PH 2023-07-08 1446 B8HQ          59 CRAC JA8RWU        59 45
QSO: 21000 CW 2023-07-08 1446 B8HQ          599 CRAC RX6AM         599 29
QSO: 21023 CW 2023-07-08 1446 B8HQ          599 CRAC EU1AI         599 29
QSO: 21023 CW 2023-07-08 1446 B8HQ          599 CRAC HA6P          599 28
QSO: 21024 CW 2023-07-08 1446 B8HQ          599 CRAC 9A3YT         599 28
QSO: 21000 CW 2023-07-08 1447 B8HQ          599 CRAC I6FDJ         599 28
QSO: 21023 CW 2023-07-08 1447 B8HQ          599 CRAC RG2Y          599 29
QSO: 21023 CW 2023-07-08 1447 B8HQ          599 CRAC UG4A          599 29
QSO: 21000 CW 2023-07-08 1448 B8HQ          599 CRAC YL5W          599 29
QSO: 21023 CW 2023-07-08 1448 B8HQ          599 CRAC G3RWF         599 27
QSO: 21023 CW 2023-07-08 1448 B8HQ          599 CRAC YT0HQ         599 SRS
QSO: 21023 CW 2023-07-08 1449 B8HQ          599 CRAC UB8A          599 30
QSO: 28012 CW 2023-07-08 1449 B8HQ          599 CRAC UI7D          599 29
QSO: 14193 PH 2023-07-08 1450 B8HQ          59 CRAC BI8FRF        59 43
QSO: 21023 CW 2023-07-08 1450 B8HQ          599 CRAC NR4M          599 08
QSO: 21023 CW 2023-07-08 1451 B8HQ          599 CRAC DL6RDE        599 28
QSO: 14180 PH 2023-07-08 1452 B8HQ          59 43 BG0CAB        59 42
QSO: 21023 CW 2023-07-08 1452 B8HQ          599 CRAC CT1DRB        599 37
QSO: 21023 CW 2023-07-08 1452 B8HQ          599 CRAC YO4DG         599 28
QSO: 28025 CW 2023-07-08 1452 B8HQ          599 CRAC BH4TQX        599 44
QSO: 21000 CW 2023-07-08 1453 B8HQ          599 CARC DL1NKS        599 28
QSO: 21023 CW 2023-07-08 1453 B8HQ          599 CRAC IO4A          599 28
QSO: 21023 CW 2023-07-08 1454 B8HQ          599 CRAC DJ1OJ         599 28
QSO: 21023 CW 2023-07-08 1454 B8HQ          599 CRAC JR4OZR        599 45
QSO: 21023 CW 2023-07-08 1455 B8HQ          599 CRAC DF1MM         599 28
QSO: 21023 CW 2023-07-08 1455 B8HQ          599 CRAC UR7MZ         599 29
QSO: 21023 CW 2023-07-08 1457 B8HQ          599 CRAC MI5I          599 27
QSO: 21023 CW 2023-07-08 1457 B8HQ          599 CRAC RC9A          599 30
QSO: 21023 CW 2023-07-08 1457 B8HQ          599 CRAC UN8PT         599 30
QSO: 28025 CW 2023-07-08 1457 B8HQ          599 CRAC JG1LFR        599 45
QSO: 21000 CW 2023-07-08 1458 B8HQ          599 CRAC YO4CSL        599 28
QSO: 21023 CW 2023-07-08 1458 B8HQ          599 CRAC EV6Z          599 29
QSO: 21023 CW 2023-07-08 1459 B8HQ          599 CRAC I46Q          599 28
QSO: 21024 CW 2023-07-08 1500 B8HQ          599 CRAC OK1TDX        599 28
QSO: 14201 PH 2023-07-08 1501 B8HQ          59 CRAC RM9A          59 30
QSO: 21024 CW 2023-07-08 1501 B8HQ          599 CRAC LZ4W          599 28
QSO: 21024 CW 2023-07-08 1501 B8HQ          599 CRAC N2BJ          599 08
QSO: 21023 CW 2023-07-08 1502 B8HQ          599 CRAC S51NM         599 28
QSO: 21023 CW 2023-07-08 1503 B8HQ          599 CRAC II3O          599 28
QSO: 21023 CW 2023-07-08 1503 B8HQ          599 CRAC IV3FPX        599 28
QSO: 21023 CW 2023-07-08 1504 B8HQ          599 CRAC RA9MX         599 30
QSO: 21023 CW 2023-07-08 1505 B8HQ          599 CRAC EW8OM         599 29
QSO: 21024 CW 2023-07-08 1505 B8HQ          599 CRAC M2G           599 27
QSO: 21024 CW 2023-07-08 1505 B8HQ          599 CRAC SV2BXA        599 28
QSO: 21023 CW 2023-07-08 1506 B8HQ          599 CRAC DA0RR         599 28
QSO: 21023 CW 2023-07-08 1506 B8HQ          599 CRAC EW1TZ         599 29
QSO: 21023 CW 2023-07-08 1506 B8HQ          599 CRAC RT3C          599 29
QSO: 21023 CW 2023-07-08 1508 B8HQ          599 CRAC WA8Y          599 08
QSO: 21000 CW 2023-07-08 1509 B8HQ          599 CRAC RA7KY         599 29
QSO: 21023 CW 2023-07-08 1509 B8HQ          599 CRAC SP2R          599 28
QSO: 14000 PH 2023-07-08 1510 B8HQ          59 CRAC BG5BAA        59 44
QSO: 21023 CW 2023-07-08 1510 B8HQ          599 CRAC F8FTY         599 27
QSO: 21023 CW 2023-07-08 1512 B8HQ          599 CRAC RU5X          599 29
QSO:  7149 PH 2023-07-08 1512 B8HQ          59 CRAC BD7MCP        59 44
QSO: 21000 CW 2023-07-08 1513 B8HQ          599 CRAC E74EW         599 28
QSO: 21023 CW 2023-07-08 1514 B8HQ          599 CRAC 9A/S58Y       599 28
QSO: 21023 CW 2023-07-08 1515 B8HQ          599 CRAC YO4AAC        599 28
QSO: 14052 CW 2023-07-08 1517 B8HQ          599 CRAC RA5A          599 29
QSO: 21000 CW 2023-07-08 1517 B8HQ          599 CRAC DL2AWA        599 28
QSO: 14257 PH 2023-07-08 1518 B8HQ          59 CRAC RT4G          59 29
QSO: 21023 CW 2023-07-08 1519 B8HQ          599 CRAC K4OV          599 08
QSO: 21023 CW 2023-07-08 1519 B8HQ          599 CRAC OK4RQ         599 28
QSO: 21000 CW 2023-07-08 1520 B8HQ          599 CRAC LZ1AQ         599 28
QSO: 14260 PH 2023-07-08 1521 B8HQ          59 CRAC 7A3HQ         59 ORARI
QSO: 21023 CW 2023-07-08 1521 B8HQ          599 CRAC W2CS          599 8
QSO: 21023 CW 2023-07-08 1521 B8HQ          599 CRAC YO9HP         599 28
QSO: 14275 PH 2023-07-08 1522 B8HQ          59 CRAC YB0AGW        59 54
QSO: 21023 CW 2023-07-08 1522 B8HQ          599 CRAC EU1FQ         599 29
QSO: 21023 CW 2023-07-08 1522 B8HQ          599 CRAC I1NVU         599 28
QSO: 21023 CW 2023-07-08 1523 B8HQ          599 CRAC EI5KF         599 27
QSO: 21023 CW 2023-07-08 1523 B8HQ          599 CRAC EW8DX         599 29
QSO: 21023 CW 2023-07-08 1523 B8HQ          599 CRAC S52WD         599 28
QSO: 21023 CW 2023-07-08 1524 B8HQ          599 CRAC YL2EA         599 29
QSO: 14000 CW 2023-07-08 1525 B8HQ          59 CRAC BH2VZC        59 44
QSO: 14044 CW 2023-07-08 1526 B8HQ          599 CRAC BH4TQX        599 44
QSO: 14284 PH 2023-07-08 1526 B8HQ          59 CRAC 9A0HQ         59 HRS
QSO: 21000 CW 2023-07-08 1526 B8HQ          599 CRAC UN7ZZ         599 30
QSO: 21023 CW 2023-07-08 1526 B8HQ          599 43 YO6OEV        599 28
QSO: 21023 CW 2023-07-08 1526 B8HQ          599 CRAC YT9X          599 28
QSO: 21023 CW 2023-07-08 1527 B8HQ          599 CRAC UA6CC         599 29
QSO: 21023 CW 2023-07-08 1528 B8HQ          599 CRAC EU3A          599 29
QSO: 21023 CW 2023-07-08 1528 B8HQ          599 CRAC EW4M          599 29
QSO: 14044 CW 2023-07-08 1529 B8HQ          599 CRAC HL1VAU        599 44
QSO: 21023 CW 2023-07-08 1530 B8HQ          599 CRAC 9A1AA         599 28
QSO: 21023 CW 2023-07-08 1530 B8HQ          599 CRAC IZ3XEF        599 28
QSO: 21023 CW 2023-07-08 1530 B8HQ          599 CRAC UR4UWY        599 29
QSO: 14000 CW 2023-07-08 1531 B8HQ          599 CRAC YR0HQ         599 FRR
QSO: 14044 CW 2023-07-08 1531 B8HQ          599 CRAC OL3R          599 28
QSO: 21023 CW 2023-07-08 1531 B8HQ          599 CRAC HA5AQ         599 28
QSO: 21023 CW 2023-07-08 1531 B8HQ          599 CRAC YL2KO         599 29
QSO: 21023 CW 2023-07-08 1532 B8HQ          599 CRAC IK3SWB        599 28
QSO: 21023 CW 2023-07-08 1532 B8HQ          599 CRAC OM5NL         599 28
QSO: 21023 CW 2023-07-08 1532 B8HQ          599 CRAC RN3BL         599 29
QSO: 21023 CW 2023-07-08 1533 B8HQ          599 CRAC RW3DY         599 29
QSO: 14044 CW 2023-07-08 1534 B8HQ          599 CRAC S50HQ         599 ZRS
QSO: 21023 CW 2023-07-08 1534 B8HQ          599 CRAC BG6QAL        599 44
QSO: 21023 CW 2023-07-08 1534 B8HQ          599 CRAC OM5MX         599 28
QSO: 21023 CW 2023-07-08 1534 B8HQ          599 CRAC RU0LL         599 34
QSO: 21023 CW 2023-07-08 1536 B8HQ          599 CRAC EA1IQM        599 37
QSO: 21023 CW 2023-07-08 1536 B8HQ          599 CRAC S50E          599 28
QSO:  7165 PH 2023-07-08 1536 B8HQ          59 CARC YC0BBJ        59 54
QSO: 21023 CW 2023-07-08 1537 B8HQ          599 CRAC BG4HYK        599 44
QSO: 21023 CW 2023-07-08 1537 B8HQ          599 CRAC HB9BAS        599 28
QSO: 14044 CW 2023-07-08 1538 B8HQ          599 CRAC RL5A          599 29
QSO: 21000 CW 2023-07-08 1538 B8HQ          599 CRAC DL9JON        599 28
QSO: 21023 CW 2023-07-08 1538 B8HQ          599 CRAC UA4S          599 29
QSO: 14044 CW 2023-07-08 1539 B8HQ          599 43 BH3QKK        599 44
QSO: 14240 PH 2023-07-08 1539 B8HQ          59 CRAC YT1A          59 28
QSO: 14044 CW 2023-07-08 1540 B8HQ          599 CRAC R8TT          599 30
QSO: 14044 CW 2023-07-08 1540 B8HQ          599 CRAC UA4M          599 29
QSO: 21023 CW 2023-07-08 1540 B8HQ          599 CRAC HA0LZ         599 28
QSO: 21023 CW 2023-07-08 1541 B8HQ          599 CRAC N3RS          599 08
QSO: 21023 CW 2023-07-08 1542 B8HQ          599 CRAC OM8AA         599 28
QSO: 21023 CW 2023-07-08 1543 B8HQ          599 CRAC WJ2D          599 08
QSO: 21023 CW 2023-07-08 1544 B8HQ          599 CRAC CT1EHK        599 37
QSO: 21023 CW 2023-07-08 1545 B8HQ          599 CRAC DP6R          599 28
QSO: 21000 CW 2023-07-08 1546 B8HQ          599 CRAC DL2LRT        599 28
QSO: 21023 CW 2023-07-08 1546 B8HQ          599 CRAC W3MA          599 08
QSO: 21023 CW 2023-07-08 1547 B8HQ          599 CRAC DL4WA         599 28
QSO: 21023 CW 2023-07-08 1547 B8HQ          599 CRAC EA3NO         599 37
QSO: 21023 CW 2023-07-08 1548 B8HQ          599 CRAC RC9X          599 20
QSO: 21000 CW 2023-07-08 1549 B8HQ          599 CRAC IU2JWF        599 28
QSO: 21023 CW 2023-07-08 1549 B8HQ          599 CRAC DK3GI         599 14
QSO: 21024 CW 2023-07-08 1550 B8HQ          599 CRAC LZ4ZP         599 28
QSO: 21010 CW 2023-07-08 1551 B8HQ          599 CRAC DL4FDM        599 28
QSO: 14204 PH 2023-07-08 1552 B8HQ          59 CRAC HG0HQ         59 MRASZ
QSO: 21023 CW 2023-07-08 1554 B8HQ          599 CRAC P3N           599 39
QSO: 21023 CW 2023-07-08 1554 B8HQ          599 CRAC TM0HQ         599 REF
QSO: 21023 CW 2023-07-08 1555 B8HQ          599 CRAC R1DX          599 29
QSO: 21023 CW 2023-07-08 1556 B8HQ          599 CRAC W2TB          599 08
QSO: 21023 CW 2023-07-08 1557 B8HQ          599 CRAC EU2F          599 29
QSO: 21023 CW 2023-07-08 1557 B8HQ          599 CRAC RK3T          599 29
QSO: 21023 CW 2023-07-08 1558 B8HQ          599 CRAC YO5AVN        599 28
QSO: 14044 CW 2023-07-08 1559 B8HQ          599 CRAC RK3DK         599 29
QSO: 14044 CW 2023-07-08 1559 B8HQ          599 CRAC RN3BL         599 29
QSO: 14044 CW 2023-07-08 1600 B8HQ          599 CRAC R3ZZ          599 29
QSO: 21023 CW 2023-07-08 1600 B8HQ          599 CRAC YO4FHU        599 28
QSO: 21023 CW 2023-07-08 1600 B8HQ          599 CRAC YO4KAK        599 28
QSO: 14044 CW 2023-07-08 1601 B8HQ          599 CRAC 9A3YT         599 28
QSO: 21023 CW 2023-07-08 1601 B8HQ          599 CRAC 9A0HQ         599 HRS
QSO: 14044 CW 2023-07-08 1602 B8HQ          599 CRAC RC6U          599 29
QSO: 21023 CW 2023-07-08 1602 B8HQ          599 CRAC PV2K          599 15
QSO: 14044 CW 2023-07-08 1603 B8HQ          599 CRAC HG5D          599 28
QSO: 21023 CW 2023-07-08 1603 B8HQ          599 43 BG6HOK        599 44
QSO: 21023 CW 2023-07-08 1603 B8HQ          599 CRAC LT4RCA        599 RCA
QSO: 21023 CW 2023-07-08 1603 B8HQ          599 CRAC NC1CC         599 8
QSO: 14044 CW 2023-07-08 1605 B8HQ          599 CRAC UT4LW         599 29
QSO: 21023 CW 2023-07-08 1607 B8HQ          599 CRAC OK7W          599 28
QSO: 14000 CW 2023-07-08 1608 B8HQ          599 CRAC RW3X          599 29
QSO: 21023 CW 2023-07-08 1608 B8HQ          599 CRAC HG5D          599 28
QSO: 21023 CW 2023-07-08 1609 B8HQ          599 CRAC RN6AT         599 29
QSO: 21023 CW 2023-07-08 1610 B8HQ          599 CRAC K8LX          599 08
QSO: 21023 CW 2023-07-08 1610 B8HQ          599 CRAC UA6LCN        599 29
QSO: 21023 CW 2023-07-08 1612 B8HQ          599 CRAC IK1PMR        599 28
QSO: 21000 CW 2023-07-08 1613 B8HQ          599 CRAC HS0ZOK        599 49
QSO: 21023 CW 2023-07-08 1613 B8HQ          599 CRAC DD2D          599 28
QSO:  7000 PH 2023-07-08 1613 B8HQ          59 43 DX8CAD        59 50
QSO: 14000 CW 2023-07-08 1614 B8HQ          599 CRAC YO2DFA        599 28
QSO: 14044 CW 2023-07-08 1615 B8HQ          599 CRAC EU4E          599 29
QSO: 21023 CW 2023-07-08 1615 B8HQ          599 CRAC YB1HR         599 54
QSO: 21023 CW 2023-07-08 1616 B8HQ          599 CRAC AB3CX         599 08
QSO: 14044 CW 2023-07-08 1617 B8HQ          599 CRAC DL6RDE        599 28
QSO: 14044 CW 2023-07-08 1617 B8HQ          599 CRAC EU8U          599 29
QSO: 21006 CW 2023-07-08 1617 B8HQ          599 CRAC ES7A          599 29
QSO: 21000 CW 2023-07-08 1619 B8HQ          599 43 YB2VYY        599 54
QSO:  7188 PH 2023-07-08 1619 B8HQ          59 CRAC 8N2HQ         59 JARL
QSO: 14044 CW 2023-07-08 1620 B8HQ          599 CRAC HG3N          599 28
QSO: 14044 CW 2023-07-08 1621 B8HQ          599 CRAC YT0HQ         599 SRS
QSO: 21023 CW 2023-07-08 1623 B8HQ          599 CRAC W1QK          599 08
QSO: 14044 CW 2023-07-08 1624 B8HQ          599 CRAC BA5CW         599 44
QSO: 21023 CW 2023-07-08 1624 B8HQ          599 CRAC RG6G          599 29
QSO: 21000 CW 2023-07-08 1627 B8HQ          599 CRAC PU1LEO        599 15
QSO: 14044 CW 2023-07-08 1628 B8HQ          599 CRAC DM3M          599 28
QSO: 14044 CW 2023-07-08 1628 B8HQ          599 CRAC LY5W          599 29
QSO: 21023 CW 2023-07-08 1629 B8HQ          599 CRAC JS1OYN        599 45
QSO: 14044 CW 2023-07-08 1630 B8HQ          599 CRAC YO4FHU        599 28
QSO: 21023 CW 2023-07-08 1630 B8HQ          599 CRAC II2S          599 28
QSO: 21023 CW 2023-07-08 1630 B8HQ          599 CRAC K0RF          599 07
QSO: 21023 CW 2023-07-08 1631 B8HQ          599 CRAC AE1T          599 08
QSO: 21023 CW 2023-07-08 1633 B8HQ          599 CRAC KQ2M          599 5
QSO: 14044 CW 2023-07-08 1634 B8HQ          599 CRAC UC7A          599 29
QSO: 14044 CW 2023-07-08 1636 B8HQ          599 CRAC LZ1QN         599 28
QSO: 14044 CW 2023-07-08 1638 B8HQ          599 CRAC BD3OD         599 44
QSO: 21023 CW 2023-07-08 1638 B8HQ          599 CRAC WC3N          599 08
QSO: 14044 CW 2023-07-08 1640 B8HQ          599 CRAC EU6O          599 29
QSO: 14044 CW 2023-07-08 1640 B8HQ          599 CRAC OH1F          599 18
QSO: 21023 CW 2023-07-08 1640 B8HQ          599 CRAC K5QR          599 07
QSO: 14044 CW 2023-07-08 1641 B8HQ          599 CRAC YL7A          599 29
QSO: 21023 CW 2023-07-08 1641 B8HQ          599 CRAC KL7RA         599 1
QSO: 21023 CW 2023-07-08 1642 B8HQ          599 CRAC W5JK          599 07
QSO: 21023 CW 2023-07-08 1643 B8HQ          599 CRAC NG7M          599 06
QSO: 14044 CW 2023-07-08 1644 B8HQ          599 CRAC RU6MO         599 29
QSO: 14044 CW 2023-07-08 1645 B8HQ          599 CRAC UW2U          599 29
QSO: 28048 CW 2023-07-08 1646 B8HQ          599 CRAC ZP5AA         599 RCP
QSO: 14044 CW 2023-07-08 1647 B8HQ          599 CRAC LZ4ZP         599 28
QSO: 21023 CW 2023-07-08 1647 B8HQ          599 CRAC YU5R          599 28
QSO: 14044 CW 2023-07-08 1648 B8HQ          599 CRAC HG5C          599 28
QSO: 14000 CW 2023-07-08 1649 B8HQ          599 CRAC DL7DZ         599 28
QSO: 14045 CW 2023-07-08 1650 B8HQ          599 CRAC HA5JI         599 28
QSO: 21023 CW 2023-07-08 1650 B8HQ          599 CRAC WO4O          599 08
QSO: 14044 CW 2023-07-08 1651 B8HQ          599 CRAC GR2HQ         599 RSGB
QSO: 21000 CW 2023-07-08 1651 B8HQ          599 CRAC LB2WD         599 18
QSO: 14044 CW 2023-07-08 1653 B8HQ          599 CRAC OM7K          599 28
QSO: 21023 CW 2023-07-08 1653 B8HQ          599 CRAC AD4EB         599 08
QSO: 21023 CW 2023-07-08 1654 B8HQ          599 CRAC K7NT          599 7
QSO: 14044 CW 2023-07-08 1655 B8HQ          599 CRAC EA2KV         599 37
QSO: 21023 CW 2023-07-08 1655 B8HQ          599 CRAC VE6WQ         599 02
QSO: 21023 CW 2023-07-08 1656 B8HQ          599 CRAC N5OT          599 07
QSO: 21023 CW 2023-07-08 1656 B8HQ          599 CRTC PY2NA         599 15
QSO: 21023 CW 2023-07-08 1656 B8HQ          599 CRAC YC1JEL        599 54
QSO: 14044 CW 2023-07-08 1657 B8HQ          599 CRAC EF4HQ         599 URE
QSO: 14044 CW 2023-07-08 1659 B8HQ          599 CRAC YR0K          599 28
QSO: 14000 CW 2023-07-08 1701 B8HQ          599 CRAC OK1KTI        599 28
QSO: 14044 CW 2023-07-08 1703 B8HQ          599 CRAC UX1VX         599 29
QSO: 14045 CW 2023-07-08 1703 B8HQ          599 CRAC EU4T          599 29
QSO: 14000 CW 2023-07-08 1704 B8HQ          599 CRAC YL5W          599 29
QSO: 14044 CW 2023-07-08 1704 B8HQ          599 CRAC LZ2PL         599 28
QSO: 21023 CW 2023-07-08 1705 B8HQ          599 CRAC W1TO          599 08
QSO: 14044 CW 2023-07-08 1706 B8HQ          599 CRAC DL3DW         599 28
QSO: 14044 CW 2023-07-08 1706 B8HQ          599 CRAC DM5GG         599 28
QSO: 21023 CW 2023-07-08 1706 B8HQ          599 CRAC N4AF          599 8
QSO: 14044 CW 2023-07-08 1711 B8HQ          599 CRAC YO4DG         599 28
QSO: 21023 CW 2023-07-08 1711 B8HQ          599 BRAC VE7AX         599 02
QSO: 14044 CW 2023-07-08 1712 B8HQ          599 CRAC RA5G          599 29
QSO: 21023 CW 2023-07-08 1712 B8HQ          599 CRAC NS2N          599 08
QSO: 14303 PH 2023-07-08 1713 B8HQ          59 CRAC BD1KV         59 44
QSO: 14044 CW 2023-07-08 1714 B8HQ          599 CRAC HG8W          599 28
QSO: 14044 CW 2023-07-08 1714 B8HQ          599 CRAC PA6HQ         599 VERON
QSO: 14044 CW 2023-07-08 1716 B8HQ          599 CRAC HG8W          599 28
QSO: 14044 CW 2023-07-08 1717 B8HQ          599 CRAC DF1MM         599 28
QSO: 21023 CW 2023-07-08 1717 B8HQ          599 CRAC AE1T          599 08
QSO: 21023 CW 2023-07-08 1719 B8HQ          599 CRAC BV3FG         599 44
QSO: 14000 CW 2023-07-08 1720 B8HQ          599 CRAC OE4EIE        599 28
QSO:  7178 PH 2023-07-08 1720 B8HQ          59 CRAC DA0HQ         59 DARC
QSO: 14044 CW 2023-07-08 1721 B8HQ          599 CRAC DX0HQ         599 PARA
QSO: 14044 CW 2023-07-08 1721 B8HQ          599 CRAC UR2Y          599 29
QSO: 21023 CW 2023-07-08 1721 B8HQ          599 CRAC 9M2A          599 MARTS
QSO: 21023 CW 2023-07-08 1723 B8HQ          599 CRAC JA0FVU        599 45
QSO: 14000 CW 2023-07-08 1724 B8HQ          599 CRAC IZ8EFD        599 28
QSO: 14044 CW 2023-07-08 1725 B8HQ          599 CRAC BG6TVZ        599 44
QSO: 14044 CW 2023-07-08 1727 B8HQ          599 CRAC OM5MX         599 28
QSO: 14044 CW 2023-07-08 1727 B8HQ          599 CRAC YB2MM         599 54
QSO: 21023 CW 2023-07-08 1727 B8HQ          599 CRAC N7DX          599 06
QSO: 14044 CW 2023-07-08 1728 B8HQ          599 CRAC GR2HQ         599 RSGB
QSO: 14044 CW 2023-07-08 1728 B8HQ          599 CRAC SN5N          599 28
QSO: 14307 PH 2023-07-08 1728 B8HQ          59 CRAC 4I1EAY        59 50
QSO: 21023 CW 2023-07-08 1731 B8HQ          599 CRAC BG8KVC        599 43
QSO:  7155 PH 2023-07-08 1731 B8HQ          59 CRAC YT0HQ         59 SRS
QSO: 14044 CW 2023-07-08 1732 B8HQ          599 CRAC 8N3HQ         599 JARL
QSO: 21023 CW 2023-07-08 1732 B8HQ          599 CRAC VE7LWW        599 02
QSO: 14044 CW 2023-07-08 1734 B8HQ          599 CRAC IV3FPX        599 28
QSO: 14044 CW 2023-07-08 1734 B8HQ          599 CRAC IZ8JFL        599 28
QSO: 14307 PH 2023-07-08 1734 B8HQ          59 CRAC YB8DUL        59 54
QSO:  7127 PH 2023-07-08 1736 B8HQ          59 CRAC S50HQ         59 ZRS
QSO: 14044 CW 2023-07-08 1737 B8HQ          599 CRAC RU1A          599 29
QSO: 14044 CW 2023-07-08 1738 B8HQ          599 CRAC RK9CYA        599 30
QSO: 14044 CW 2023-07-08 1739 B8HQ          599 CRAC DA0HQ         599 DARC
QSO: 14044 CW 2023-07-08 1739 B8HQ          599 CRAC RT5P          599 29
QSO: 14044 CW 2023-07-08 1740 B8HQ          599 CRAC EI5KF         599 27
QSO: 21023 CW 2023-07-08 1740 B8HQ          599 CRAC K1FOC         599 08
QSO: 14044 CW 2023-07-08 1741 B8HQ          599 CRAC UA6LCJ        599 29
QSO: 21023 CW 2023-07-08 1741 B8HQ          599 CRAC SK9HQ         599 SSA
QSO:  7108 PH 2023-07-08 1741 B8HQ          59 CRAC II9HQ         59 ARI
QSO: 14044 CW 2023-07-08 1742 B8HQ          599 CRAC II2S          599 28
QSO: 14000 CW 2023-07-08 1743 B8HQ          599 CRAC JH8GEU        599 45
QSO: 14044 CW 2023-07-08 1744 B8HQ          599 CRAC UW1M          599 29
QSO: 14044 CW 2023-07-08 1745 B8HQ          599 CRAC S53V          599 28
QSO: 14044 CW 2023-07-08 1746 B8HQ          599 CRAC 9A5D          599 28
QSO: 14044 CW 2023-07-08 1746 B8HQ          599 CRAC RA7R          599 29
QSO: 14044 CW 2023-07-08 1749 B8HQ          599 CRAC HS8KAY        599 49
QSO:  7000 PH 2023-07-08 1749 B8HQ          59 CRAC DX9EVM        59 50
QSO: 14044 CW 2023-07-08 1750 B8HQ          599 CRAC EA2BD         599 37
QSO: 14044 CW 2023-07-08 1751 B8HQ          599 CRAC SP5GQX        599 28
QSO: 14044 CW 2023-07-08 1751 B8HQ          599 CRAC TM0HQ         599 REF
QSO: 14044 CW 2023-07-08 1752 B8HQ          599 CRAC OM7LW         599 28
QSO: 14044 CW 2023-07-08 1752 B8HQ          599 CRAC YU5R          599 28
QSO: 14044 CW 2023-07-08 1753 B8HQ          599 CRAC DL4ME         599 28
QSO: 21022 CW 2023-07-08 1753 B8HQ          599 CRAC OH2HQ         599 SRAL
QSO: 14044 CW 2023-07-08 1754 B8HQ          599 CRAC LY2TS         599 29
QSO: 14044 CW 2023-07-08 1755 B8HQ          599 CRAC YO5AVN        599 28
QSO: 14044 CW 2023-07-08 1756 B8HQ          599 CRAC DL6NDW        599 28
QSO: 14044 CW 2023-07-08 1756 B8HQ          599 CRAC DR7T          599 28
QSO: 14044 CW 2023-07-08 1757 B8HQ          599 CRAC OG6N          599 18
QSO: 14045 CW 2023-07-08 1757 B8HQ          599 CRAC RX3MM         599 29
QSO: 14044 CW 2023-07-08 1758 B8HQ          599 CRAC R7KX          599 29
QSO: 14044 CW 2023-07-08 1759 B8HQ          599 CRAC R3DCX         599 29
QSO: 21043 CW 2023-07-08 1759 B8HQ          599 CRAC OM3HQ         599 SARA
QSO: 14044 CW 2023-07-08 1805 B8HQ          599 CRAC HA7UI         599 28
QSO:  7149 PH 2023-07-08 1805 B8HQ          59 CRAC 9A0HQ         59 HRS
QSO: 14044 CW 2023-07-08 1806 B8HQ          599 CRAC IK2CLB        599 28
QSO: 14044 CW 2023-07-08 1807 B8HQ          599 CRAC EW1TZ         599 29
QSO: 14044 CW 2023-07-08 1808 B8HQ          599 CRAC YL3GX         599 29
QSO: 14325 PH 2023-07-08 1808 B8HQ          59 CRAC ED3C          59 37
QSO: 14322 PH 2023-07-08 1809 B8HQ          59 CRAC EA3CI         59 37
QSO: 14310 PH 2023-07-08 1810 B8HQ          59 CRAC II2S          59 28
QSO: 14044 CW 2023-07-08 1811 B8HQ          599 CRAC EC3A          599 37
QSO: 14044 CW 2023-07-08 1811 B8HQ          599 CRAC UR5WX         599 29
QSO: 21055 CW 2023-07-08 1812 B8HQ          599 CRAC EI0HQ         599 IRTS
QSO: 14044 CW 2023-07-08 1813 B8HQ          599 CRAC YU7KW         599 28
QSO: 14044 CW 2023-07-08 1814 B8HQ          599 CRAK SP4JFR        599 28
QSO: 14044 CW 2023-07-08 1815 B8HQ          599 CRAC RU7M          599 29
QSO: 14044 CW 2023-07-08 1816 B8HQ          599 CRAC EU3A          599 29
QSO: 14044 CW 2023-07-08 1816 B8HQ          599 CRAC YL1ZX         599 29
QSO: 21164 CW 2023-07-08 1816 B8HQ          599 CRAC E7HQ          599 ARABH
QSO: 14045 CW 2023-07-08 1818 B8HQ          599 CRAC LZ5N          599 28
QSO: 14044 CW 2023-07-08 1819 B8HQ          599 CRAC YO4RDW        599 28
QSO:  7000 PH 2023-07-08 1822 B8HQ          59 CRAC YR0HQ         59 FRR
QSO: 14044 CW 2023-07-08 1824 B8HQ          599 CRAC DF0RW         599 28
QSO:  7158 PH 2023-07-08 1824 B8HQ          59 CRAC UA4S          59 29
QSO: 14000 CW 2023-07-08 1827 B8HQ          599 CRAC LZ2PS         599 28
QSO: 21029 CW 2023-07-08 1828 B8HQ          599 CRAC Z30HQ         599 RSM
QSO: 14044 CW 2023-07-08 1829 B8HQ          599 CRAC DL3KUD        599 28
QSO: 14044 CW 2023-07-08 1830 B8HQ          599 CRAC OM8AA         599 28
QSO: 21000 CW 2023-07-08 1830 B8HQ          599 CRAC HB9HQ         599 USKA
QSO:  7161 PH 2023-07-08 1831 B8HQ          59 CRAC TM0HQ         59 REF
QSO: 14044 CW 2023-07-08 1832 B8HQ          599 CRAC SP2QG         599 28
QSO: 21033 CW 2023-07-08 1832 B8HQ          599 CRAC SN0HQ         599 PZK
QSO: 14044 CW 2023-07-08 1834 B8HQ          599 CRAC YT9X          599 28
QSO: 14044 CW 2023-07-08 1835 B8HQ          599 CRAC HA7MF         599 28
QSO: 14044 CW 2023-07-08 1837 B8HQ          599 CRAC II8K          599 28
QSO: 14044 CW 2023-07-08 1839 B8HQ          599 CRAC EW4M          599 29
QSO: 14044 CW 2023-07-08 1840 B8HQ          599 CRAC OP0HQ         599 UBA
QSO: 14044 CW 2023-07-08 1841 B8HQ          599 CRAC LN8W          599 18
QSO: 14044 CW 2023-07-08 1841 B8HQ          599 CRAC YL1ZF         599 29
QSO: 14044 CW 2023-07-08 1845 B8HQ          599 CRAC PY1VOY        599 15
QSO: 14044 CW 2023-07-08 1846 B8HQ          599 CRAC SP9DLY        599 28
QSO: 21025 CW 2023-07-08 1846 B8HQ          599 CRAC 9A5D          599 28
QSO: 21026 CW 2023-07-08 1846 B8HQ          599 CRAC PY2XL         599 15
QSO: 14000 CW 2023-07-08 1847 B8HQ          599 CRAC DL9LM         599 28
QSO: 21026 CW 2023-07-08 1847 B8HQ          599 CRAC LY2TS         599 29
QSO: 21025 CW 2023-07-08 1848 B8HQ          599 CRAC DL3JAN        599 28
QSO: 14044 CW 2023-07-08 1849 B8HQ          599 CRAC E7HQ          599 ARABH
QSO: 21026 CW 2023-07-08 1849 B8HQ          599 CRAC 9A3NC         599 28
QSO: 21026 CW 2023-07-08 1849 B8HQ          599 CRAC DK6AS         599 28
QSO: 21000 CW 2023-07-08 1851 B8HQ          599 CRAC DA0BCC        599 28
QSO: 14044 CW 2023-07-08 1852 B8HQ          599 CRAC DP6R          599 28
QSO: 14044 CW 2023-07-08 1852 B8HQ          599 CRAC YO3BL         599 28
QSO: 14044 CW 2023-07-08 1853 B8HQ          599 CRAC 3Z0X          599 28
QSO: 21026 CW 2023-07-08 1853 B8HQ          599 CRAC DL0RM         599 28
QSO: 21025 CW 2023-07-08 1854 B8HQ          599 CRAC G3P           599 27
QSO: 21025 CW 2023-07-08 1856 B8HQ          599 CRAC HG6N          599 28
QSO: 21026 CW 2023-07-08 1857 B8HQ          599 CRAC ON5SV         599 27
QSO: 21026 CW 2023-07-08 1858 B8HQ          599 CRAC IK0TUM        599 28
QSO: 21025 CW 2023-07-08 1859 B8HQ          599 CRAC HG3N          599 28
QSO: 21026 CW 2023-07-08 1859 B8HQ          599 CRAC DJ3CS         599 28
QSO: 21025 CW 2023-07-08 1900 B8HQ          599 CRAC T77LA         599 28
QSO: 14044 CW 2023-07-08 1901 B8HQ          599 CRAC SP7IIT        599 28
QSO: 14000 PH 2023-07-08 1902 B8HQ          59 CRAC IK2AVH        59 28
QSO: 21026 CW 2023-07-08 1902 B8HQ          599 CRAC SP9DLY        599 28
QSO: 21025 CW 2023-07-08 1903 B8HQ          599 CRAC RU7M          599 29
QSO: 14044 CW 2023-07-08 1904 B8HQ          599 CRAC EV1R          599 29
QSO: 21026 CW 2023-07-08 1904 B8HQ          599 CRAC SP3BBS        599 28
QSO: 14261 PH 2023-07-08 1905 B8HQ          59 CRAC OM3HQ         59 SARA
QSO: 21026 CW 2023-07-08 1905 B8HQ          599 CRAC SP4JFR        599 28
QSO: 14044 CW 2023-07-08 1906 B8HQ          599 CRAC SQ9DXN        599 28
QSO: 21025 CW 2023-07-08 1908 B8HQ          599 CRAC HG6C          599 28
QSO: 21000 CW 2023-07-08 1909 B8HQ          599 CRAC LZ1VKD        599 28
QSO: 21025 CW 2023-07-08 1910 B8HQ          599 CRAC ND7K          599 6
QSO: 14228 PH 2023-07-08 1911 B8HQ          59 CRAC BY1AS         59 44
QSO: 21026 CW 2023-07-08 1911 B8HQ          599 CRAC EA3FZT        599 37
QSO: 21010 CW 2023-07-08 1912 B8HQ          599 CRAC F4CZV         599 27
QSO: 21026 CW 2023-07-08 1912 B8HQ          599 CRAC PA0O          599 27
QSO: 14259 PH 2023-07-08 1913 B8HQ          59 CRAC S50HQ         59 ZRS
QSO: 21000 CW 2023-07-08 1913 B8HQ          599 CRAC DL9MWG        599 28
QSO: 21026 CW 2023-07-08 1913 B8HQ          599 CRAC I44B          599 28
QSO: 14044 CW 2023-07-08 1914 B8HQ          599 CRAC SO0N          599 28
QSO: 21026 CW 2023-07-08 1914 B8HQ          599 CRAC EW1M          599 29
QSO: 21026 CW 2023-07-08 1916 B8HQ          599 CRAC LY5W          599 29
QSO: 14044 CW 2023-07-08 1918 B8HQ          599 CRAC YO8AXP        599 28
QSO: 14045 CW 2023-07-08 1918 B8HQ          599 CRAC OK2YZ         599 28
QSO: 14288 PH 2023-07-08 1918 B8HQ          59 CRAC SN0HQ         59 PZK
QSO: 21025 CW 2023-07-08 1920 B8HQ          599 CRAL IZ4JMA        599 28
QSO: 21026 CW 2023-07-08 1920 B8HQ          599 CRAC 8S3DX         599 18
QSO:  7166 PH 2023-07-08 1920 B8HQ          59 CRAC BG0CAB        59 42
QSO: 21025 CW 2023-07-08 1921 B8HQ          599 CRAC I47L          599 28
QSO: 21026 CW 2023-07-08 1921 B8HQ          599 CRAC DJ3GE         599 28
QSO: 21026 CW 2023-07-08 1922 B8HQ          599 CRAC LZ1BP         599 28
QSO: 14044 CW 2023-07-08 1923 B8HQ          599 CRAC YL2PJ         599 29
QSO: 21000 CW 2023-07-08 1923 B8HQ          599 CRAC UW3WF         599 29
QSO:  7144 PH 2023-07-08 1923 B8HQ          59 CRAC IK0PHY        59 28
QSO: 14044 CW 2023-07-08 1924 B8HQ          599 CRAC LZ3BB         599 28
QSO: 14044 CW 2023-07-08 1924 B8HQ          599 CRAC ON4CAS        599 27
QSO: 14044 CW 2023-07-08 1925 B8HQ          599 CRAC OK7W          599 28
QSO: 21026 CW 2023-07-08 1925 B8HQ          599 CRAC LZ5DD         599 28
QSO: 14044 CW 2023-07-08 1927 B8HQ          599 CRAC LT4RCA        599 RCA
QSO: 21000 CW 2023-07-08 1927 B8HQ          599 CRAC OK2HBR        599 28
QSO: 21025 CW 2023-07-08 1929 B8HQ          599 CRAC HB9ARF        599 28
QSO: 21026 CW 2023-07-08 1929 B8HQ          599 CRAC SC6O          599 18
QSO: 14044 CW 2023-07-08 1930 B8HQ          599 CRAC P3X           599 39
QSO:  7184 PH 2023-07-08 1931 B8HQ          59 CRAC IB8A          59 28
QSO: 14044 CW 2023-07-08 1932 B8HQ          599 CRAC UA3LID        599 29
QSO: 21025 CW 2023-07-08 1932 B8HQ          599 CRAC I43V          599 28
QSO: 21025 CW 2023-07-08 1932 B8HQ          599 CRAC I4JEE         599 28
QSO: 14044 CW 2023-07-08 1933 B8HQ          599 CRAC JA8RWU        599 45
QSO: 21026 CW 2023-07-08 1933 B8HQ          599 CRAC RT5P          599 29
QSO: 21026 CW 2023-07-08 1933 B8HQ          599 CRAC YO6ZS         599 28
QSO: 21025 CW 2023-07-08 1934 B8HQ          599 CRAC HA7UI         599 28
QSO: 21000 CW 2023-07-08 1935 B8HQ          599 CRAC LZ3PZ         599 28
QSO: 21026 CW 2023-07-08 1935 B8HQ          599 CRAC I44C          599 28
QSO: 21026 CW 2023-07-08 1936 B8HQ          599 CRAC DL4AC         599 28
QSO: 21025 CW 2023-07-08 1938 B8HQ          599 CRAC G7C           599 27
QSO: 21026 CW 2023-07-08 1939 B8HQ          599 CRAC M0RYB         599 27
QSO: 21026 CW 2023-07-08 1940 B8HQ          599 CRAC LN8W          599 18
QSO: 21026 CW 2023-07-08 1941 B8HQ          599 CRAC DM3M          599 28
QSO:  7145 PH 2023-07-08 1941 B8HQ          59 CRAC GR2HQ         59 RSGB
QSO:  7136 PH 2023-07-08 1942 B8HQ          59 CRAC RA3OA         59 29
QSO: 21026 CW 2023-07-08 1943 B8HQ          599 CRAC I42L          599 28
QSO:  7114 PH 2023-07-08 1944 B8HQ          59 CRAC LZ0HQ         59 BFRA
QSO: 14261 PH 2023-07-08 1945 B8HQ          59 CRAC UP2L          59 30
QSO: 21025 CW 2023-07-08 1945 B8HQ          599 CRAC HA2E          599 28
QSO: 21026 CW 2023-07-08 1945 B8HQ          599 CRAC UZ1WW         599 29
QSO: 21025 CW 2023-07-08 1946 B8HQ          599 CRAC DL5JQ         599 28
QSO: 14292 PH 2023-07-08 1948 B8HQ          59 CRAC TM0HQ         59 REF
QSO:  7086 PH 2023-07-08 1948 B8HQ          59 CRAC OH1F          59 18
QSO: 14044 CW 2023-07-08 1950 B8HQ          599 CRAC 8S3DX         599 18
QSO:  7099 PH 2023-07-08 1950 B8HQ          59 CRAC II2S          59 28
QSO: 14000 PH 2023-07-08 1951 B8HQ          59 CRAC 9A0HQ         59 HRS
QSO: 14044 CW 2023-07-08 1951 B8HQ          599 CRAC IK3SWB        599 28
QSO: 21000 CW 2023-07-08 1952 B8HQ          599 CRAC DL2VM         599 28
QSO: 21025 CW 2023-07-08 1952 B8HQ          599 CRAC DL6WT         599 28
QSO: 14044 CW 2023-07-08 1955 B8HQ          599 CRAC LZ6E          599 28
QSO: 14044 CW 2023-07-08 1956 B8HQ          599 CRAC LZ1QB         599 28
QSO: 14044 CW 2023-07-08 1957 B8HQ          599 CRAC OK1VK         599 28
QSO: 21026 CW 2023-07-08 1957 B8HQ          599 CRAC SP8CGU        599 28
QSO: 21026 CW 2023-07-08 1957 B8HQ          599 CRAC YO8DOH        599 28
QSO: 21026 CW 2023-07-08 1958 B8HQ          599 CRAC I46F          599 28
QSO: 21026 CW 2023-07-08 2003 B8HQ          599 CRAC LY3CY         599 29
QSO: 21000 CW 2023-07-08 2004 B8HQ          599 CRAC DM3CW         599 28
QSO: 21000 CW 2023-07-08 2004 B8HQ          599 CRAC F6ETI         599 27
QSO: 14226 PH 2023-07-08 2005 B8HQ          59 CRAC YO3VU         59 28
QSO: 14216 PH 2023-07-08 2009 B8HQ          59 CRAC OK7O          59 28
QSO: 21026 CW 2023-07-08 2009 B8HQ          599 CARC S57DX         599 28
QSO: 21000 CW 2023-07-08 2010 B8HQ          599 CRAC BG5GOC        599 44
QSO:  7002 CW 2023-07-08 2013 B8HQ          599 CRAC TM0HQ         599 REF
QSO:  7182 PH 2023-07-08 2017 B8HQ          59 CRAC OZ1HQ         59 EDR
QSO: 21026 CW 2023-07-08 2018 B8HQ          599 CRAC IK1RGK        599 28
QSO: 21026 CW 2023-07-08 2020 B8HQ          599 CRAC DK2TG         599 28
QSO: 21026 CW 2023-07-08 2021 B8HQ          599 CRAC PA5N          599 27
QSO: 21026 CW 2023-07-08 2022 B8HQ          599 CRAC YO4NF         599 28
QSO: 14053 CW 2023-07-08 2023 B8HQ          599 CRAC HA6P          599 28
QSO: 21026 CW 2023-07-08 2023 B8HQ          599 CRAC K1JB          599 08
QSO: 21026 CW 2023-07-08 2025 B8HQ          599 CRAC LZ2PL         599 28
QSO:  7137 PH 2023-07-08 2025 B8HQ          59 CRAC RA5G          59 29
QSO: 14048 CW 2023-07-08 2027 B8HQ          599 CRAC JA7NVF        599 45
QSO:  7140 PH 2023-07-08 2027 B8HQ          59 CRAC R4HQ          59 SRR
QSO: 14000 PH 2023-07-08 2028 B8HQ          59 CRAC HL0HQ         59 KARL
QSO: 21026 CW 2023-07-08 2028 B8HQ          599 CRAC UC7A          599 29
QSO: 21026 CW 2023-07-08 2029 B8HQ          599 CRAC EA5O          599 37
QSO: 14000 PH 2023-07-08 2030 B8HQ          59 CRAC IK3UNA        59 28
QSO: 21026 CW 2023-07-08 2030 B8HQ          599 CRAC E70Y          599 28
QSO: 21026 CW 2023-07-08 2030 B8HQ          599 CRAC EW4A          599 29
QSO: 21025 CW 2023-07-08 2032 B8HQ          599 CRAC F8EBY         599 27
QSO: 21024 CW 2023-07-08 2034 B8HQ          599 CRAC IT9MRM        599 028
QSO: 21025 CW 2023-07-08 2035 B8HQ          599 CRAC DF8XC         599 28
QSO: 21026 CW 2023-07-08 2036 B8HQ          599 CRAC W1KM          599 08
QSO: 21026 CW 2023-07-08 2037 B8HQ          599 CRAC HA6PJ         599 28
QSO: 21026 CW 2023-07-08 2038 B8HQ          599 CRAC K3ZU          599 08
QSO: 21025 CW 2023-07-08 2039 B8HQ          599 CRC IK1JJM        599 28
QSO: 14230 PH 2023-07-08 2041 B8HQ          59 CRAC V85AHV        59 54
QSO: 21025 CW 2023-07-08 2042 B8HQ          599 CRAC I43C          599 28
QSO:  7089 PH 2023-07-08 2042 B8HQ          59 CRAC ED3C          59 37
QSO: 14044 CW 2023-07-08 2044 B8HQ          599 CRAC YO4NF         599 28
QSO: 14162 PH 2023-07-08 2044 B8HQ          59 CRAC 9A1AA         59 28
QSO: 21026 CW 2023-07-08 2046 B8HQ          599 CRAC N2YO          599 08
QSO: 14044 CW 2023-07-08 2047 B8HQ          599 CRAC S52WD         599 28
QSO: 14175 PH 2023-07-08 2047 B8HQ          59 CRAC F8KGM         59 27
QSO: 14209 PH 2023-07-08 2048 B8HQ          59 CRAC YT0HQ         59 SRS
QSO: 21026 CW 2023-07-08 2048 B8HQ          599 CRAC N2GC          599 08
QSO: 21026 CW 2023-07-08 2049 B8HQ          599 CRAC K9NW          599 08
QSO: 21026 CW 2023-07-08 2049 B8HQ          599 CRAC KR2Q          599 08
QSO: 21026 CW 2023-07-08 2049 B8HQ          599 CRAC WY3A          599 08
QSO: 21026 CW 2023-07-08 2050 B8HQ          599 CRAC W7YAQ         599 6
QSO: 14044 CW 2023-07-08 2052 B8HQ          599 CRAC MD2C          599 27
QSO: 14044 CW 2023-07-08 2052 B8HQ          599 CRAC SV2SKD        599 28
QSO: 21026 CW 2023-07-08 2052 B8HQ          599 CRAC W1GD          599 08
QSO: 21026 CW 2023-07-08 2053 B8HQ          599 CRAC W7VO          599 06
QSO:  7117 PH 2023-07-08 2053 B8HQ          59 CRAC OH2HQ         59 SRAL
QSO: 21026 CW 2023-07-08 2054 B8HQ          599 CRAC VE3TAZ        599 4
QSO: 14042 CW 2023-07-08 2056 B8HQ          599 CRAC BY1RX         599 44
QSO: 14269 PH 2023-07-08 2056 B8HQ          59 CRAC EV1R          59 29
QSO:  7158 PH 2023-07-08 2056 B8HQ          59 CRAC OR1X          59 27
QSO: 14044 CW 2023-07-08 2058 B8HQ          599 CRAC TA3D          599 39
QSO: 21026 CW 2023-07-08 2059 B8HQ          599 CRAC CE3WW         599 14
QSO: 14044 CW 2023-07-08 2100 B8HQ          599 CRAC HG6N          599 28
QSO: 14044 CW 2023-07-08 2101 B8HQ          599 CRAC DL6WT         599 28
QSO: 21026 CW 2023-07-08 2101 B8HQ          599 CRAC AA1ON         599 08
QSO: 21026 CW 2023-07-08 2102 B8HQ          599 CRAC K1IMI         599 08
QSO: 14044 CW 2023-07-08 2103 B8HQ          599 CRAC PX2A          599 15
QSO: 21026 CW 2023-07-08 2104 B8HQ          599 CRAC KP2M          599 11
QSO: 21025 CW 2023-07-08 2105 B8HQ          599 CRAC VE3AT         599 04
QSO: 21025 CW 2023-07-08 2106 B8HQ          599 CRAC K8AZ          599 8
QSO: 21025 CW 2023-07-08 2108 B8HQ          599 CRAC JH7XGN        599 45
QSO:  7167 PH 2023-07-08 2108 B8HQ          59 43 OM0M          59 28
QSO:  7131 PH 2023-07-08 2112 B8HQ          59 CRAC RU1A          59 29
QSO: 21025 CW 2023-07-08 2113 B8HQ          599 CRAC W9RE          599 08
QSO: 21026 CW 2023-07-08 2113 B8HQ          599 CRAC AA6AA         599 06
QSO: 14044 CW 2023-07-08 2115 B8HQ          599 CRAC IT9IVU        599 28
QSO: 14044 CW 2023-07-08 2116 B8HQ          599 CARC DH6BH         599 28
QSO: 14044 CW 2023-07-08 2116 B8HQ          599 CRAC EW4A          599 29
QSO: 14044 CW 2023-07-08 2117 B8HQ          599 CRAC YO8DOH        599 28
QSO:  7002 CW 2023-07-08 2117 B8HQ          599 CRAC II8K          599 28
QSO: 21026 CW 2023-07-08 2118 B8HQ          599 CRAC JA1SCE        599 45
QSO: 21026 CW 2023-07-08 2118 B8HQ          599 CRAC JA7ACM        599 45
QSO: 21025 CW 2023-07-08 2119 B8HQ          599 CRAC N7DR          599 7
QSO: 21026 CW 2023-07-08 2121 B8HQ          599 CRAC K2LE          599 08
QSO:  7000 PH 2023-07-08 2121 B8HQ          59 CRAC SN0HQ         59 PZK
QSO: 21026 CW 2023-07-08 2122 B8HQ          599 CRAC W3UA          599 8
QSO:  7184 PH 2023-07-08 2125 B8HQ          59 CRAC Z30HQ         59 RSM
QSO: 21026 CW 2023-07-08 2127 B8HQ          599 CRAC W2QL          599 08
QSO:  7164 PH 2023-07-08 2129 B8HQ          59 CRAC HG0HQ         59 MRASZ
QSO: 21025 CW 2023-07-08 2131 B8HQ          599 CRAC K9MMS         599 8
QSO: 21026 CW 2023-07-08 2131 B8HQ          599 CRAC VE3NNT        599 04
QSO: 21026 CW 2023-07-08 2133 B8HQ          599 CRAC K1SM          599 08
QSO: 21025 CW 2023-07-08 2134 B8HQ          599 CRAC JA1QOW        599 45
QSO:  7134 PH 2023-07-08 2134 B8HQ          59 CRAC SP3H          59 28
QSO: 21000 CW 2023-07-08 2135 B8HQ          599 CRAC JH8IYN        599 45
QSO: 21026 CW 2023-07-08 2135 B8HQ          599 CRAC NO9E          599 08
QSO:  7107 PH 2023-07-08 2136 B8HQ          59 CRAC S52WW         59 28
QSO: 21026 CW 2023-07-08 2137 B8HQ          599 CRAC CX1AA         599 RCU
QSO: 21026 CW 2023-07-08 2137 B8HQ          599 CRAC VE3CT         599 04
QSO:  7105 PH 2023-07-08 2137 B8HQ          59 CRAC EF4HQ         59 URE
QSO: 14058 CW 2023-07-08 2138 B8HQ          599 CRAC OK4RQ         599 28
QSO: 21026 CW 2023-07-08 2138 B8HQ          599 CRAC K7EG          599 06
QSO: 21026 CW 2023-07-08 2138 B8HQ          599 CRAC WO1N          599 08
QSO: 21026 CW 2023-07-08 2139 B8HQ          599 CRAC N6WM          599 06
QSO: 21000 CW 2023-07-08 2140 B8HQ          599 CRAC JJ1XVA        599 45
QSO: 21026 CW 2023-07-08 2141 B8HQ          599 CRAC 7K4VPV        599 45
QSO: 21026 CW 2023-07-08 2142 B8HQ          599 CRAC JM8LND        599 45
QSO: 14058 CW 2023-07-08 2143 B8HQ          599 CRAC OK2ZV         599 28
QSO: 21000 CW 2023-07-08 2143 B8HQ          599 CRAC JS2BGJ        599 45
QSO: 14044 CW 2023-07-08 2144 B8HQ          599 CRAC AB4SF         599 08
QSO: 21000 CW 2023-07-08 2144 B8HQ          599 CRAC JH0MUC        599 45
QSO: 21026 CW 2023-07-08 2144 B8HQ          599 CRAC JN4MMO        599 45
QSO: 21000 CW 2023-07-08 2145 B8HQ          599 CRAC JH1UES        599 45
QSO: 21000 CW 2023-07-08 2145 B8HQ          599 CRAC JH2RMU        599 45
QSO: 21026 CW 2023-07-08 2145 B8HQ          599 CRAC JG1LFR        599 45
QSO: 21026 CW 2023-07-08 2145 B8HQ          599 CRAC JG1TGQ        599 45
QSO: 21025 CW 2023-07-08 2146 B8HQ          599 CRAC N2NT          599 8
QSO: 21000 CW 2023-07-08 2147 B8HQ          599 CRAC JH2RIH        599 45
QSO: 21000 CW 2023-07-08 2150 B8HQ          599 CRAC JO4MTH        599 45
QSO: 21000 CW 2023-07-08 2150 B8HQ          599 CRAC JP7SJI        599 45
QSO: 21026 CW 2023-07-08 2151 B8HQ          599 CRAC K0MD          599 07
QSO: 21025 CW 2023-07-08 2152 B8HQ          599 CRAC KM3T          599 8
QSO: 21026 CW 2023-07-08 2152 B8HQ          599 CRAC JA2AXB        599 45
QSO: 21000 CW 2023-07-08 2154 B8HQ          599 CRAC JA5NSR        599 45
QSO: 21026 CW 2023-07-08 2154 B8HQ          599 CRAC JA2KPW        599 45
QSO: 21026 CW 2023-07-08 2155 B8HQ          599 CRAC AA3S          599 08
QSO: 21026 CW 2023-07-08 2157 B8HQ          599 CRAC W1FM          599 08
QSO: 14058 CW 2023-07-08 2158 B8HQ          599 CRAC JH7IXX        599 45
QSO: 21026 CW 2023-07-08 2158 B8HQ          599 CRAC BD7JIR        599 44
QSO: 21026 CW 2023-07-08 2158 B8HQ          599 CRAC KZ5D          599 07
QSO: 21026 CW 2023-07-08 2159 B8HQ          599 CRAC K3MM          599 08
QSO: 21026 CW 2023-07-08 2200 B8HQ          599 44 K7GS          599 6
QSO: 21026 CW 2023-07-08 2202 B8HQ          599 CRAC W5ZN          599 AC
QSO: 21026 CW 2023-07-08 2203 B8HQ          599 43 BH3PLA        599 44
QSO: 21026 CW 2023-07-08 2204 B8HQ          599 CRAC JA6FFK        599 45
QSO: 28023 CW 2023-07-08 2206 B8HQ          599 CRAC JA1SCE        599 45
QSO: 14058 CW 2023-07-08 2207 B8HQ          599 CRAC UT5UGR        599 29
QSO: 28023 CW 2023-07-08 2207 B8HQ          599 CRAC JG6YLY        599 45
QSO: 21026 CW 2023-07-08 2209 B8HQ          599 CRAC VA7KO         599 02
QSO: 28022 CW 2023-07-08 2209 B8HQ          599 CRAC BV3FG         599 44
QSO: 21000 CW 2023-07-08 2211 B8HQ          599 CRAC JF1HAJ        599 45
QSO: 28023 CW 2023-07-08 2211 B8HQ          599 CRAC BD7JIR        599 44
QSO: 28023 CW 2023-07-08 2211 B8HQ          599 CRAC JA9CWJ        599 45
QSO: 28000 CW 2023-07-08 2212 B8HQ          599 CRAC JH1UES        599 45
QSO: 21025 CW 2023-07-08 2214 B8HQ          599 CRAC JA7MAD        599 45
QSO: 21026 CW 2023-07-08 2215 B8HQ          599 CRAC BH3EMZ        599 44
QSO: 21026 CW 2023-07-08 2215 B8HQ          599 CRAC K7AR          599 06
QSO: 28023 CW 2023-07-08 2215 B8HQ          599 CRAC 7K4VPV        599 45
QSO: 21026 CW 2023-07-08 2216 B8HQ          599 CRAC K3AU          599 08
QSO: 21026 CW 2023-07-08 2216 B8HQ          599 CRAC N3AD          599 08
QSO: 21025 CW 2023-07-08 2218 B8HQ          599 CRAC VE3JM         599 4
QSO: 21026 CW 2023-07-08 2218 B8HQ          599 CRAC JH1JNJ        599 45
QSO: 21000 CW 2023-07-08 2219 B8HQ          599 CRAC JA2KKA        599 45
QSO: 28000 CW 2023-07-08 2219 B8HQ          599 CRAC JM3FUW        599 45
QSO: 21026 CW 2023-07-08 2220 B8HQ          599 CRAC JR1UJX        599 45
QSO: 28000 CW 2023-07-08 2220 B8HQ          599 CRAC JA0BJY        599 45
QSO: 21026 CW 2023-07-08 2221 B8HQ          599 CRAC KA6BIM        599 06
QSO: 14058 CW 2023-07-08 2222 B8HQ          599 CRAC BA6KC         599 44
QSO: 28022 CW 2023-07-08 2222 B8HQ          599 CRAC BH3EMZ        599 44
QSO: 28023 CW 2023-07-08 2222 B8HQ          599 CRAC BA5CW         599 44
QSO: 21025 CW 2023-07-08 2223 B8HQ          599 CRAC WB2ZAB        599 8
QSO: 21026 CW 2023-07-08 2223 B8HQ          599 CRAC JL3ZHU        599 45
QSO: 28000 CW 2023-07-08 2224 B8HQ          599 CRAC JA5NSR        599 45
QSO: 28022 CW 2023-07-08 2224 B8HQ          599 CRAC JO7KMB        599 45
QSO: 21025 CW 2023-07-08 2225 B8HQ          599 CRAC NR3X          599 8
QSO: 14058 CW 2023-07-08 2226 B8HQ          599 CRAC II8K          599 28
QSO: 21026 CW 2023-07-08 2226 B8HQ          599 CRAC K9RS          599 08
QSO: 21026 CW 2023-07-08 2226 B8HQ          599 CRAC VA3DF         599 04
QSO: 21026 CW 2023-07-08 2227 B8HQ          599 CRAC JG6JAV        599 45
QSO: 21026 CW 2023-07-08 2228 B8HQ          599 CRAC RV9UP         599 31
QSO: 28025 CW 2023-07-08 2228 B8HQ          599 CRAC JK1EJP        599 45
QSO: 21026 CW 2023-07-08 2229 B8HQ          599 CRAC N7AT          599 06
QSO: 21026 CW 2023-07-08 2229 B8HQ          599 CRAC WI9WI         599 7
QSO: 28000 CW 2023-07-08 2230 B8HQ          599 CRAC JH6EXF        599 45
QSO: 28000 CW 2023-07-08 2230 B8HQ          599 CRAC JH7UJU        599 45
QSO: 21026 CW 2023-07-08 2231 B8HQ          599 CRAC K6NA          599 06
QSO: 28000 CW 2023-07-08 2231 B8HQ          599 CRAC JA2KKA        599 45
QSO: 28025 CW 2023-07-08 2231 B8HQ          599 CRAC JH7XGN        599 45
QSO: 28025 CW 2023-07-08 2231 B8HQ          599 CRAC JI1RXQ        599 45
QSO: 21026 CW 2023-07-08 2232 B8HQ          599 CRAC JH1ASG        599 45
QSO: 28025 CW 2023-07-08 2232 B8HQ          599 CRAC JI1HFJ        599 45
QSO: 21026 CW 2023-07-08 2233 B8HQ          599 CRAC K4ZW          599 8
QSO: 28025 CW 2023-07-08 2233 B8HQ          599 CRAC JA7NVF        599 45
QSO: 21025 CW 2023-07-08 2234 B8HQ          599 CRAC BA7LOK        599 44
QSO: 21000 CW 2023-07-08 2235 B8HQ          599 CRAC JR1NKN        599 45
QSO: 21000 CW 2023-07-08 2235 B8HQ          599 CRAC JR2NTC        599 45
QSO: 21026 CW 2023-07-08 2236 B8HQ          599 CRAC JA2GHP        599 45
QSO: 21026 CW 2023-07-08 2236 B8HQ          599 CRAC W1PR          599 06
QSO: 28025 CW 2023-07-08 2236 B8HQ          599 CRAC JE2VYM        599 45
QSO: 14058 CW 2023-07-08 2238 B8HQ          599 CRAC OE0HQ         599 OV
QSO: 21026 CW 2023-07-08 2238 B8HQ          599 CRAC K0BJ          599 07
QSO: 28025 CW 2023-07-08 2238 B8HQ          599 TRRAC JF1OVA        599 45
QSO: 21025 CW 2023-07-08 2240 B8HQ          599 CRAC JK1HIY        599 45
QSO: 21026 CW 2023-07-08 2240 B8HQ          599 CRAC VE9AA         599 09
QSO: 21025 CW 2023-07-08 2241 B8HQ          599 CRAC N2NL          599 8
QSO: 28025 CW 2023-07-08 2241 B8HQ          599 CRAC BD2RJ         599 44
QSO: 28000 CW 2023-07-08 2242 B8HQ          599 CRAC JA3VOV        599 45
QSO: 28025 CW 2023-07-08 2242 B8HQ          599 CRAC JA2GHP        599 45
QSO: 21000 CW 2023-07-08 2244 B8HQ          599 CRAC JA1LKY        599 45
QSO: 28000 CW 2023-07-08 2244 B8HQ          599 CRAC JE1QHP        599 45
QSO: 28025 CW 2023-07-08 2244 B8HQ          599 CRAC BH4RRG        599 44
QSO: 21026 CW 2023-07-08 2245 B8HQ          599 CRAC W7ZR          599 06
QSO: 28000 CW 2023-07-08 2245 B8HQ          599 CRAC JG1UKW        599 45
QSO: 21026 CW 2023-07-08 2246 B8HQ          599 CRAC K3AJ          599 08
QSO: 21026 CW 2023-07-08 2246 B8HQ          599 CRAC KB1NO         599 08
QSO: 14058 CW 2023-07-08 2248 B8HQ          599 CRAC BG4NMT        599 44
QSO: 21026 CW 2023-07-08 2249 B8HQ          599 CRAC N5AW          599 07
QSO: 21026 CW 2023-07-08 2250 B8HQ          599 CRAC N0TA          599 07
QSO: 21029 CW 2023-07-08 2250 B8HQ          599 CRAC JF2FIU        599 45
QSO: 28025 CW 2023-07-08 2251 B8HQ          599 CRAC JF9JTS        599 45
QSO: 28025 CW 2023-07-08 2251 B8HQ          599 CRAC RU0LL         599 34
QSO: 21026 CW 2023-07-08 2252 B8HQ          599 CRAC JJ1XBQ        599 45
QSO: 28025 CW 2023-07-08 2252 B8HQ          599 CRAC JH4UYB        599 45
QSO: 21000 CW 2023-07-08 2253 B8HQ          599 CRAC K0XF          599 07
QSO: 21025 CW 2023-07-08 2253 B8HQ          599 CRAC K5TR          599 7
QSO: 28024 CW 2023-07-08 2253 B8HQ          599 CRAC JF1LMB        599 45
QSO: 21026 CW 2023-07-08 2254 B8HQ          599 CRAC JA1UXV        599 45
QSO: 21026 CW 2023-07-08 2254 B8HQ          599 CRAC JK1ESR        599 45
QSO: 28000 PH 2023-07-08 2254 B8HQ          59 CRAC JM7SKE        59 45
QSO: 21026 CW 2023-07-08 2255 B8HQ          599 CRAC AD4ES         599 08
QSO: 28025 CW 2023-07-08 2255 B8HQ          599 CRAC JE1NVD        599 45
QSO: 14058 CW 2023-07-08 2256 B8HQ          599 CRAC IZ3XEF        599 28
QSO: 28000 CW 2023-07-08 2257 B8HQ          599 CRAC JH1MTR/4      599 45
QSO: 28025 CW 2023-07-08 2258 B8HQ          599 CRAC JE3AKU        599 45
QSO: 28490 PH 2023-07-08 2258 B8HQ          599 CRAC BG8KVC        599 43
QSO: 21026 CW 2023-07-08 2259 B8HQ          599 CRAC W6SC          599 06
QSO: 28025 CW 2023-07-08 2259 B8HQ          599 CRAC JG8TDZ        599 45
QSO: 21026 CW 2023-07-08 2300 B8HQ          599 CRAC JG1EIQ        599 45
QSO: 28025 CW 2023-07-08 2301 B8HQ          599 CRAC JA6FFK        599 45
QSO: 28490 PH 2023-07-08 2301 B8HQ          59 CRAC JJ0PKS        59 45
QSO: 21026 CW 2023-07-08 2302 B8HQ          599 CRAC BH4TQX        599 44
QSO: 21026 CW 2023-07-08 2303 B8HQ          599 CRAC JH4UYB        599 45
QSO: 21026 CW 2023-07-08 2304 B8HQ          599 CRAC JA6GCE        599 45
QSO: 21026 CW 2023-07-08 2304 B8HQ          599 CRAC N6WT          599 06
QSO: 21026 CW 2023-07-08 2304 B8HQ          599 CRAC NQ7R          599 06
QSO: 28025 CW 2023-07-08 2304 B8HQ          599 CRAC HL2IDT        599 44
QSO: 28025 CW 2023-07-08 2304 B8HQ          599 CRAC JA1CJP        599 R3
QSO: 14000 CW 2023-07-08 2305 B8HQ          599 CRAC JN1FAO        599 45
QSO: 21025 CW 2023-07-08 2305 B8HQ          599 CRAC N9RV          599 6
QSO: 28000 CW 2023-07-08 2305 B8HQ          599 CRAC JR1NKN        599 45
QSO: 21026 CW 2023-07-08 2306 B8HQ          599 CRAC K0FX          599 07
QSO: 28025 CW 2023-07-08 2306 B8HQ          599 CRAC BH3QKK        599 44
QSO: 21000 CW 2023-07-08 2307 B8HQ          599 CRAC JE1QHP        599 45
QSO: 28000 CW 2023-07-08 2307 B8HQ          599 CRAC JF3BFS        599 45
QSO: 28000 CW 2023-07-08 2307 B8HQ          599 CRAC JJ1QLT        599 45
QSO: 28490 PH 2023-07-08 2309 B8HQ          59 CRAC BH3QKK        59 44
QSO: 21026 CW 2023-07-08 2310 B8HQ          599 CRAC AD8J          599 8
QSO: 14058 CW 2023-07-08 2311 B8HQ          599 CRAC RC0CD         599 34
QSO: 21026 CW 2023-07-08 2311 B8HQ          599 CRAC JR5CAG        599 45
QSO: 28490 PH 2023-07-08 2311 B8HQ          59 CRAC JG8TDZ        59 45
QSO: 21000 CW 2023-07-08 2313 B8HQ          599 CRAC JK1TCV        599 45
QSO: 28025 CW 2023-07-08 2313 B8HQ          599 CRAC LO7H          599 14
QSO: 14057 CW 2023-07-08 2314 B8HQ          599 CRAC JA7MAD        599 45
QSO: 21026 CW 2023-07-08 2315 B8HQ          599 CRAC BG2LAU        599 44
QSO: 21000 CW 2023-07-08 2316 B8HQ          599 CRAC JG1SRO        599 45
QSO: 21026 CW 2023-07-08 2316 B8HQ          599 CRAC JE3AKU        599 45
QSO: 21026 CW 2023-07-08 2319 B8HQ          599 CRAC JE6WOQ        599 45
QSO: 21000 CW 2023-07-08 2320 B8HQ          599 CRAC JA3XOG        599 45
QSO: 21025 CW 2023-07-08 2320 B8HQ          599 CRAC JH7IXX        599 45
QSO: 21025 CW 2023-07-08 2320 B8HQ          599 CRAC N6TV          599 6
QSO: 21026 CW 2023-07-08 2320 B8HQ          599 CRAC BH2UBD        599 44
QSO: 28025 CW 2023-07-08 2321 B8HQ          599 CRAC JA0FVU        599 45
QSO: 21026 CW 2023-07-08 2322 B8HQ          599 CRAC K0AV          599 07
QSO: 21025 CW 2023-07-08 2323 B8HQ          599 CRAC N9NC          599 8
QSO: 21000 CW 2023-07-08 2324 B8HQ          599 CRAC JH1MTR/4      599 45
QSO: 21000 CW 2023-07-08 2324 B8HQ          599 CRAC JN1FAO        599 45
QSO: 28000 CW 2023-07-08 2325 B8HQ          599 CRAC JA1CRJ        599 45
QSO: 21026 CW 2023-07-08 2326 B8HQ          599 CRAC K2SX          599 08
QSO: 21026 CW 2023-07-08 2327 B8HQ          599 CRAC BG6TVZ        599 44
QSO: 28025 CW 2023-07-08 2327 B8HQ          599 CRAC JH1ASG        599 45
QSO: 21025 CW 2023-07-08 2328 B8HQ          599 CRAC JA4DLF        599 45
QSO: 28000 CW 2023-07-08 2328 B8HQ          599 CRAC 7K1CPT        599 45
QSO: 28024 CW 2023-07-08 2328 B8HQ          599 CRAC JH7IXX        599 45
QSO: 28025 CW 2023-07-08 2328 B8HQ          599 CRAC JK1ESR        599 45
QSO: 21000 CW 2023-07-08 2329 B8HQ          599 CRAC JE2DOD        599 45
QSO: 21025 CW 2023-07-08 2329 B8HQ          599 CRAC JO7KMB        599 45
QSO: 21026 CW 2023-07-08 2329 B8HQ          599 CRAC BD3CT         599 44
QSO: 21026 CW 2023-07-08 2329 B8HQ          599 CRAC K9OM          599 08
QSO: 28490 PH 2023-07-08 2329 B8HQ          59 CRAC JA8RWU        59 45
QSO: 21026 CW 2023-07-08 2330 B8HQ          599 CRAC JO3OEF        599 45
QSO: 21025 CW 2023-07-08 2331 B8HQ          599 CRAC YB9GV         599 54
QSO: 21026 CW 2023-07-08 2331 B8HQ          599 CRAC VE6RST        599 02
QSO: 28490 PH 2023-07-08 2331 B8HQ          59 CRAC BD1KV         59 44
QSO: 21025 CW 2023-07-08 2332 B8HQ          599 CRAC JS2PHO        599 45
QSO: 21025 CW 2023-07-08 2334 B8HQ          599 CRAC JH1VMM        599 45
QSO: 28030 CW 2023-07-08 2336 B8HQ          599 CRAC RW0CR         599 34
QSO: 21000 CW 2023-07-08 2337 B8HQ          599 CRAC JA1RYC        599 45
QSO: 21000 CW 2023-07-08 2337 B8HQ          599 CRAC KV4AC         599 08
QSO: 21000 CW 2023-07-08 2338 B8HQ          599 CRAC R0RD          599 32
QSO: 21026 CW 2023-07-08 2338 B8HQ          599 CRAC N5RZ          599 07
QSO: 28025 CW 2023-07-08 2338 B8HQ          599 CRAC JO7GVC        599 45
QSO: 28025 CW 2023-07-08 2338 B8HQ          599 CRAC VK3OU         599 59
QSO: 21026 CW 2023-07-08 2340 B8HQ          599 CRAC YB9DE         599 54
QSO: 28026 CW 2023-07-08 2340 B8HQ          599 CRAC ZL6HQ         599 NZART
QSO: 21026 CW 2023-07-08 2342 B8HQ          599 CRAC NJ3K          599 08
QSO: 21000 CW 2023-07-08 2343 B8HQ          599 CRAC JA1AGH        599 45
QSO: 21025 CW 2023-07-08 2343 B8HQ          599 CRAC JL1LNC        599 45
QSO: 28024 CW 2023-07-08 2343 B8HQ          599 CRAC JR2NMJ        599 45
QSO: 21026 CW 2023-07-08 2344 B8HQ          599 CRAC K9ZO          599 08
QSO: 28025 CW 2023-07-08 2344 B8HQ          599 CRAC DX0HQ         599 PARA
QSO: 21000 CW 2023-07-08 2346 B8HQ          599 CRAC JA3VOV        599 45
QSO: 21026 CW 2023-07-08 2346 B8HQ          599 CRAC JP3TXP        599 45
QSO: 28000 CW 2023-07-08 2346 B8HQ          599 CRAC JA3XOG        599 45
QSO: 28025 CW 2023-07-08 2348 B8HQ          599 CRAC JA1QOW        599 45
QSO: 28025 CW 2023-07-08 2350 B8HQ          599 CRAC JH4CES        599 45
QSO: 21000 CW 2023-07-08 2351 B8HQ          599 CRAC W4YE          599 08
QSO: 21025 CW 2023-07-08 2351 B8HQ          599 CRAC NX6T          599 06
QSO: 28025 CW 2023-07-08 2352 B8HQ          599 CRAC LP7D          599 14
QSO: 21026 CW 2023-07-08 2353 B8HQ          599 CRAC BH4FRW        599 44
QSO: 21000 CW 2023-07-08 2355 B8HQ          599 CRAC YF3FBV        599 54
QSO: 28024 CW 2023-07-08 2355 B8HQ          599 CRAC JS2PHO        599 45
QSO: 28025 CW 2023-07-08 2355 B8HQ          599 CRAC KH6CJJ        599 61
QSO: 28025 CW 2023-07-08 2356 B8HQ          599 CRAC BH2UBD        599 44
QSO: 21026 CW 2023-07-08 2357 B8HQ          599 CRAC W5TM          599 07
QSO: 21000 CW 2023-07-08 2358 B8HQ          599 CRAC K3GT          599 8
QSO: 21000 CW 2023-07-08 2358 B8HQ          599 CRAC N8II          599 08
QSO: 28025 CW 2023-07-08 2358 B8HQ          599 CRAC JH1FNU        599 45
QSO: 21000 CW 2023-07-08 2359 B8HQ          599 CRAC JQ1CIV        599 45
QSO: 21000 CW 2023-07-09 0001 B8HQ          599 CRAC YF8HYV        599 54
QSO: 21025 CW 2023-07-09 0001 B8HQ          599 CRC W0ETT         599 07
QSO: 21026 CW 2023-07-09 0001 B8HQ          599 CRAC BG4UVR        599 44
QSO: 28025 CW 2023-07-09 0001 B8HQ          599 CRAC JE4MHL        599 45
QSO: 21026 CW 2023-07-09 0002 B8HQ          599 CRAC JG5UWK        599 45
QSO: 21000 CW 2023-07-09 0003 B8HQ          599 CRAC JR2AWS        599 45
QSO: 21000 CW 2023-07-09 0003 B8HQ          599 CRAC N4IJ          599 08
QSO: 21026 CW 2023-07-09 0003 B8HQ          599 CRAC JH4CES        599 45
QSO: 14058 CW 2023-07-09 0005 B8HQ          599 CRAC BG6QAL        599 44
QSO: 21000 CW 2023-07-09 0005 B8HQ          599 CRAC JI1SAI        599 45
QSO: 21000 CW 2023-07-09 0005 B8HQ          599 CRAC JR6RMV        599 45
QSO: 28025 CW 2023-07-09 0005 B8HQ          599 CRAC BH4XBU        599 44
QSO: 28025 CW 2023-07-09 0005 B8HQ          599 CRAC JR4OZR        599 45
QSO: 28025 CW 2023-07-09 0006 B8HQ          599 CRAC JL3ZHU        599 45
QSO: 14058 CW 2023-07-09 0007 B8HQ          599 43 BD4VLQ        599 44
QSO: 21026 CW 2023-07-09 0007 B8HQ          599 CRAC DS1TUW        599 44
QSO: 21025 CW 2023-07-09 0008 B8HQ          599 CRAC JH1KYA        599 45
QSO: 21025 CW 2023-07-09 0009 B8HQ          599 CRAC JO1WIZ        599 45
QSO: 21026 CW 2023-07-09 0009 B8HQ          599 CRAC NI6W          599 06
QSO: 28025 CW 2023-07-09 0010 B8HQ          599 43 BD4VLQ        599 44
QSO: 21000 CW 2023-07-09 0011 B8HQ          599 CRAC JA2HYD        599 45
QSO: 28025 CW 2023-07-09 0013 B8HQ          599 CRAC BI8CZM        599 43
QSO: 28025 CW 2023-07-09 0017 B8HQ          599 CRAC JR8PPG        599 45
QSO: 28025 CW 2023-07-09 0017 B8HQ          599 CRAC JS1KKY        599 45
QSO: 28025 CW 2023-07-09 0019 B8HQ          599 CRAC BG6QAL        599 44
QSO: 21026 CW 2023-07-09 0020 B8HQ          599 CRAC RG0A          599 32
QSO: 21026 CW 2023-07-09 0021 B8HQ          599 CRAC K4RO          599 08
QSO: 28025 CW 2023-07-09 0022 B8HQ          599 CRAC JA7ACM        599 45
QSO: 21026 CW 2023-07-09 0023 B8HQ          599 CRAC JO7GVC        599 45
QSO: 21026 CW 2023-07-09 0023 B8HQ          599 CRAC NW3Y          599 08
QSO: 21026 CW 2023-07-09 0023 B8HQ          599 43 YD1FRU        599 54
QSO: 28000 CW 2023-07-09 0023 B8HQ          599 CRAC RT0O          599 32
QSO: 21000 CW 2023-07-09 0024 B8HQ          599 CRAC JH3FTZ        599 45
QSO: 21026 CW 2023-07-09 0027 B8HQ          599 CRAC XQ1KZ         599 14
QSO: 28025 CW 2023-07-09 0027 B8HQ          599 CRAC BA4DL         599 44
QSO: 21000 CW 2023-07-09 0028 B8HQ          599 CRAC YB3DXG        599 54
QSO: 21026 CW 2023-07-09 0028 B8HQ          599 CRAC N6RK          599 06
QSO: 21000 CW 2023-07-09 0029 B8HQ          599 CRAC JR7HAN        599 45
QSO: 21026 CW 2023-07-09 0030 B8HQ          599 CRAC VE5KS         599 03
QSO: 21026 CW 2023-07-09 0031 B8HQ          599 CRAC CX1AA         599 RCU
QSO: 21026 CW 2023-07-09 0031 B8HQ          599 CRAC N6US          599 06
QSO: 21026 CW 2023-07-09 0032 B8HQ          599 CRAC JI1HFJ        599 45
QSO: 28025 CW 2023-07-09 0032 B8HQ          599 CRAC BY7KP         599 44
QSO: 14000 CW 2023-07-09 0033 B8HQ          599 CRAC JH1MTR/4      599 45
QSO: 21026 CW 2023-07-09 0033 B8HQ          599 CRAC BG6LH         599 44
QSO: 21026 CW 2023-07-09 0033 B8HQ          599 CRAC VE6TL         599 02
QSO: 21025.5 CW 2023-07-09 0034 B8HQ          599 CRAC BG2KZP        599 44
QSO: 14000 CW 2023-07-09 0036 B8HQ          599 CRAC JA2OZM        599 45
QSO: 21025 CW 2023-07-09 0037 B8HQ          599 CRAC RC0CD         599 34
QSO: 14050 CW 2023-07-09 0038 B8HQ          599 CRAC BI8DRQ        599 43
QSO: 28008 CW 2023-07-09 0038 B8HQ          599 CRAC V85RH         599 BDARA
QSO: 14050 CW 2023-07-09 0041 B8HQ          599 CRAC JF2CTS        599 45
QSO: 14050 CW 2023-07-09 0042 B8HQ          599 CRAC JH4UYB        599 45
QSO: 21000 CW 2023-07-09 0042 B8HQ          599 CRAC KW9A          599 07
QSO: 21026 CW 2023-07-09 0042 B8HQ          599 CRAC JK1OLT        599 45
QSO: 14050 CW 2023-07-09 0043 B8HQ          599 CRAC JF1LMB        599 45
QSO: 21026 CW 2023-07-09 0043 B8HQ          599 CRAC N3AM          599 08
QSO: 28000 PH 2023-07-09 0043 B8HQ          59 CRAC BH6KWC        59 44
QSO: 28017 CW 2023-07-09 0043 B8HQ          599 CRAC YB9DE         599 54
QSO: 21026 CW 2023-07-09 0044 B8HQ          599 CRAC K3WJV         599 08
QSO: 21026 CW 2023-07-09 0044 B8HQ          599 CRAC LV1D          599 14
QSO: 14050 CW 2023-07-09 0046 B8HQ          599 CRAC JN4MMO        599 45
QSO: 28028 CW 2023-07-09 0046 B8HQ          599 CRAC YB1HR         599 54
QSO: 14050 CW 2023-07-09 0048 B8HQ          599 CRAC BH4FRW        599 44
QSO: 21026 CW 2023-07-09 0050 B8HQ          599 CRAC BI8CZM        599 43
QSO: 21026 CW 2023-07-09 0050 B8HQ          599 CRAC JQ3BAV        599 45
QSO: 28025 CW 2023-07-09 0050 B8HQ          599 CRAC JA2KPW        599 45
QSO: 28024 CW 2023-07-09 0051 B8HQ          599 CRAC JA7MAD        599 45
QSO: 28025 CW 2023-07-09 0051 B8HQ          599 CRAC RC0CD         599 34
QSO: 21026 CW 2023-07-09 0052 B8HQ          599 CRAC W8GJK         599 06
QSO: 21026 CW 2023-07-09 0053 B8HQ          599 CRAC KK4R          599 08
QSO: 21025 CW 2023-07-09 0054 B8HQ          599 CRAC BY1AS         599 44
QSO: 28025 CW 2023-07-09 0054 B8HQ          599 CRAC BG3GEF        599 44
QSO: 28025 CW 2023-07-09 0054 B8HQ          599 CRAC RV9UP         599 31
QSO: 21026 CW 2023-07-09 0055 B8HQ          599 CRAC JF2OZH        599 45
QSO: 28000 CW 2023-07-09 0058 B8HQ          599 CRAC YB3DXG        599 54
QSO: 21026 CW 2023-07-09 0105 B8HQ          599 CRAC N4HB          599 08
QSO: 21026 CW 2023-07-09 0105 B8HQ          599 CRAC W1WBB         599 08
QSO: 21026 CW 2023-07-09 0107 B8HQ          599 43 YB1IUQ        599 54
QSO: 21026 CW 2023-07-09 0111 B8HQ          599 CRAC K1KI          599 08
QSO: 21026 CW 2023-07-09 0111 B8HQ          599 CRAC RC0AJ         599 32
QSO: 21026 CW 2023-07-09 0111 B8HQ          599 CRAC YB2MM         599 54
QSO: 21000 CW 2023-07-09 0113 B8HQ          599 CRAC TI2OY         599 11
QSO: 21026 CW 2023-07-09 0113 B8HQ          599 CRAC BH6ODC        599 44
QSO: 21026 CW 2023-07-09 0113 B8HQ          599 CRAC KK9V          599 08
QSO: 21000 CW 2023-07-09 0115 B8HQ          599 CRAC JE1JNJ        599 45
QSO: 21026 CW 2023-07-09 0115 B8HQ          599 CRAC JG1LMT        599 45
QSO: 21026 CW 2023-07-09 0117 B8HQ          599 CRAC N6IE          599 06
QSO: 21026 CW 2023-07-09 0117 B8HQ          599 CRAC RW9USA        599 31
QSO: 21026 CW 2023-07-09 0121 B8HQ          599 CRAC W1CU          599 8
QSO: 21000 CW 2023-07-09 0122 B8HQ          599 CRAC JK1NSR        599 45
QSO: 28025 CW 2023-07-09 0122 B8HQ          599 CRAC JA6GCE        599 45
QSO: 21025 CW 2023-07-09 0123 B8HQ          599 CRAC RK9CYA        599 30
QSO: 21026 CW 2023-07-09 0123 B8HQ          599 CRAC JA3JM         599 45
QSO: 28000 CW 2023-07-09 0123 B8HQ          599 CRAC BH6KWC        599 44
QSO: 21026 CW 2023-07-09 0124 B8HQ          599 CRAC W2NO          599 08
QSO: 21026 CW 2023-07-09 0125 B8HQ          599 CRAC JH1RFM        599 45
QSO: 21026 CW 2023-07-09 0125 B8HQ          599 CRAC JR3RIU        599 45
QSO: 14047 CW 2023-07-09 0126 B8HQ          599 CRAC BH3DAX        599 44
QSO: 21000 CW 2023-07-09 0126 B8HQ          599 CRAC N5XE          599 07
QSO: 21026 CW 2023-07-09 0127 B8HQ          599 CRAC W2CS          599 8
QSO: 21026 CW 2023-07-09 0128 B8HQ          599 CRAC BD4TS         599 44
QSO: 21026 CW 2023-07-09 0128 B8HQ          599 CRAC NJ3K          599 08
QSO: 28025 CW 2023-07-09 0128 B8HQ          599 CRAC JK1OLT        599 45
QSO: 14028 CW 2023-07-09 0129 B8HQ          599 CRAC SN0HQ         599 PZK
QSO: 21000 CW 2023-07-09 0129 B8HQ          599 CRAC JA1OHP        599 45
QSO: 21026 CW 2023-07-09 0130 B8HQ          599 CRAC WW3S          599 08
QSO: 14042 CW 2023-07-09 0133 B8HQ          599 CRAC UN1HQ         599 KFRR
QSO: 21026 CW 2023-07-09 0133 B8HQ          599 CRAC BH3DAX        599 44
QSO: 21026 CW 2023-07-09 0133 B8HQ          599 43 KC3SVR        599 08
QSO: 28030 CW 2023-07-09 0133 B8HQ          599 CRAC W1AW/KH6      599 ARRL
QSO: 21025 CW 2023-07-09 0134 B8HQ          599 CRAC RD0A          599 32
QSO: 14000 CW 2023-07-09 0135 B8HQ          599 CRAC HB9HQ         599 USKA
QSO: 21026 CW 2023-07-09 0135 B8HQ          599 CRAC NV9L          599 08
QSO: 28036 CW 2023-07-09 0135 B8HQ          599 CRAC DS0AHQ        599 44
QSO: 21026 CW 2023-07-09 0137 B8HQ          599 CRAC JA3DAY        599 45
QSO: 21026 CW 2023-07-09 0138 B8HQ          599 CRAC JT1BV         599 32
QSO: 14047 CW 2023-07-09 0139 B8HQ          599 CRAC E25JRP        599 49
QSO: 14047 CW 2023-07-09 0140 B8HQ          599 CRAC 9M2A          599 MARTS
QSO: 21000 CW 2023-07-09 0141 B8HQ          599 CRAC W2LC          599 8
QSO: 21026 CW 2023-07-09 0141 B8HQ          599 CRAC VE3KP         599 04
QSO: 21000 CW 2023-07-09 0142 B8HQ          599 CRAC RV9CVA        599 30
QSO: 21026 CW 2023-07-09 0143 B8HQ          599 CRAC AJ6V          599 06
QSO: 21026 CW 2023-07-09 0144 B8HQ          599 CRAC K7SV          599 08
QSO: 21025 CW 2023-07-09 0145 B8HQ          599 CRAC RA9DZ         599 30
QSO: 21026 CW 2023-07-09 0146 B8HQ          599 CRAC K9JM          599 06
QSO: 21026 CW 2023-07-09 0149 B8HQ          599 CRAC K2YG          599 08
QSO: 21060 CW 2023-07-09 0149 B8HQ          599 CRAC JA1IAZ        599 45
QSO: 21026 CW 2023-07-09 0151 B8HQ          599 CRAC W7RN          599 06
QSO: 28038 CW 2023-07-09 0151 B8HQ          599 CRAC HL1VAU        599 44
QSO: 21026 CW 2023-07-09 0153 B8HQ          599 CRAC W4NZ          599 08
QSO: 21026 CW 2023-07-09 0155 B8HQ          599 CRAC N8VV          599 08
QSO: 21000 CW 2023-07-09 0156 B8HQ          599 CRAC JJ3IUS        599 45
QSO: 21026 CW 2023-07-09 0158 B8HQ          599 CRAC NU4E          599 08
QSO: 21026 CW 2023-07-09 0158 B8HQ          599 CRAC RL3T          599 29
QSO: 21026 CW 2023-07-09 0159 B8HQ          599 CRTC N4RV          599 08
QSO: 21026 CW 2023-07-09 0200 B8HQ          599 CRAC BD7MCP        599 44
QSO: 14262 PH 2023-07-09 0201 B8HQ          59 CRAC BG8KVC        59 43
QSO: 21026 CW 2023-07-09 0201 B8HQ          599 CRAC WB4TDH        599 08
QSO: 21025 CW 2023-07-09 0202 B8HQ          599 CRAC RD1A/MM       599 75
QSO: 21026 CW 2023-07-09 0202 B8HQ          599 CRAC BI4MPH        599 44
QSO: 28038 CW 2023-07-09 0202 B8HQ          599 CRAC BY1RX         599 44
QSO: 21026 CW 2023-07-09 0203 B8HQ          599 CRAC JH4FUF        599 45
QSO: 21026 CW 2023-07-09 0203 B8HQ          599 CRAC N6AR          599 08
QSO: 21026 CW 2023-07-09 0203 B8HQ          599 CRAC W4CU          599 08
QSO: 14058 CW 2023-07-09 0204 B8HQ          599 CRAC RV9UP         599 31
QSO: 21026 CW 2023-07-09 0204 B8HQ          599 CRAC KC2GOW        599 08
QSO: 21026 CW 2023-07-09 0204 B8HQ          599 CRAC N1RO          599 08
QSO: 21026 CW 2023-07-09 0206 B8HQ          599 CRAC BI1GRI        599 44
QSO: 21026 CW 2023-07-09 0206 B8HQ          599 CRAC RQ9O          599 31
QSO: 21025 CW 2023-07-09 0207 B8HQ          599 CRAC RU9AC         599 30
QSO: 21000 CW 2023-07-09 0209 B8HQ          599 CRAC V85T          599 54
QSO: 21026 CW 2023-07-09 0209 B8HQ          599 CRAC K7GK          599 06
QSO: 21026 CW 2023-07-09 0211 B8HQ          599 CRAC WB8JUI        599 08
QSO: 28028 CW 2023-07-09 0212 B8HQ          599 CRAC BA3MM         599 44
QSO: 28024 CW 2023-07-09 0213 B8HQ          599 43 BD3TR         599 44
QSO: 21025 CW 2023-07-09 0214 B8HQ          599 CRAC RA0AY         599 32
QSO: 21026 CW 2023-07-09 0214 B8HQ          599 CRAC DS3EXT        599 44
QSO: 28011 CW 2023-07-09 0214 B8HQ          599 CRAC RG0A          599 32
QSO: 28490 PH 2023-07-09 0214 B8HQ          59 CRAC BD4SYH        59 44
QSO: 21025 CW 2023-07-09 0215 B8HQ          599 CRAC RA5A          599 29
QSO: 21026 CW 2023-07-09 0216 B8HQ          599 CRAC K3IE          599 08
QSO: 21025 CW 2023-07-09 0221 B8HQ          599 CRAC UN7LV         599 30
QSO: 28017 CW 2023-07-09 0221 B8HQ          599 CRAC VR2CO         599 44
QSO: 28017 CW 2023-07-09 0222 B8HQ          599 CRAC BH4TQX        599 44
QSO: 28017 CW 2023-07-09 0222 B8HQ          599 CRAC S50HQ         599 ZRS
QSO: 21000 CW 2023-07-09 0223 B8HQ          599 CRAC JI1LNR        599 45
QSO: 21026 CW 2023-07-09 0226 B8HQ          599 CRAC VU2GRM        599 41
QSO: 21000 CW 2023-07-09 0228 B8HQ          599 CRNRL JA6BWH        599 45
QSO: 28017 CW 2023-07-09 0228 B8HQ          599 CRAC BA7LRT        599 44
QSO: 14007 CW 2023-07-09 0229 B8HQ          599 CRAC UP0L          599 30
QSO: 21025 CW 2023-07-09 0229 B8HQ          599 CRAC PX2A          599 15
QSO: 28017 CW 2023-07-09 0229 B8HQ          599 CRAC BH3DAX        599 44
QSO: 14026 CW 2023-07-09 0231 B8HQ          599 CRAC VR2NC         599 44
QSO: 28490 PH 2023-07-09 0232 B8HQ          59 CRAC BD6OC         59 33
QSO: 28017 CW 2023-07-09 0233 B8HQ          599 43 VK3GF         599 59
QSO: 21025 CW 2023-07-09 0234 B8HQ          599 CRAC RW0CR         599 34
QSO: 28016 CW 2023-07-09 0236 B8HQ          599 CRAC BY1AS         599 44
QSO: 28017 CW 2023-07-09 0238 B8HQ          599 CRAC JA1IAZ        599 45
QSO: 21026 CW 2023-07-09 0239 B8HQ          599 CRAC K0TQ          599 08
QSO: 28017 CW 2023-07-09 0239 B8HQ          599 CRAC JI3KDH        599 45
QSO: 28017 CW 2023-07-09 0239 B8HQ          599 CRAC RD0A          599 32
QSO: 21026 CW 2023-07-09 0240 B8HQ          599 CRAC K2QO          599 08
QSO: 28017 CW 2023-07-09 0240 B8HQ          599 CRAC BG2DVL        599 33
QSO: 28015 CW 2023-07-09 0243 B8HQ          599 CRAC RW0AJ         599 32
QSO: 21000 CW 2023-07-09 0244 B8HQ          599 CRAC JA0BJY        599 45
QSO: 14238 PH 2023-07-09 0250 B8HQ          59 CRAC BI8FRF        59 43
QSO: 21026 CW 2023-07-09 0253 B8HQ          599 CRAC 4I1EAY        599 50
QSO: 28000 CW 2023-07-09 0254 B8HQ          599 CRAC JI1SAI        599 45
QSO: 21025 CW 2023-07-09 0256 B8HQ          599 CRAC UA9A          599 30
QSO: 21025 CW 2023-07-09 0257 B8HQ          599 CRAC RW0AJ         599 32
QSO: 21026 CW 2023-07-09 0257 B8HQ          599 CRAC RW0AR         599 32
QSO: 28016 CW 2023-07-09 0300 B8HQ          599 CRAC I46Y          599 28
QSO: 21025 CW 2023-07-09 0303 B8HQ          599 CRAC K8MP          599 8
QSO: 28026 CW 2023-07-09 0303 B8HQ          599 CRAC VR2NC         599 44
QSO: 21026 CW 2023-07-09 0304 B8HQ          599 CRAC I41K          599 28
QSO: 14058 CW 2023-07-09 0305 B8HQ          599 CRAC BG6LH         599 44
QSO: 21026 CW 2023-07-09 0305 B8HQ          599 CRAC 9N7AA         599 42
QSO: 21025 CW 2023-07-09 0307 B8HQ          599 CRAC I49R          599 28
QSO: 21026 CW 2023-07-09 0308 B8HQ          599 CRAC 7L1FFH        599 45
QSO: 21026 CW 2023-07-09 0309 B8HQ          599 CRAC I44Q          599 28
QSO: 21000 CW 2023-07-09 0310 B8HQ          599 CRAC RD3FT         599 29
QSO: 21025 CW 2023-07-09 0310 B8HQ          599 CRAC RV3ZN         599 29
QSO: 28016 CW 2023-07-09 0310 B8HQ          599 CRAC RG8U          599 31
QSO: 21000 CW 2023-07-09 0311 B8HQ          599 CRAC LZ2PEP        599 28
QSO: 21025 CW 2023-07-09 0311 B8HQ          599 CRAC I44X          599 28
QSO: 28016 CW 2023-07-09 0312 B8HQ          599 CRAC BI1GRI        599 44
QSO: 28000 CW 2023-07-09 0313 B8HQ          599 CRAC KH7M          599 61
QSO: 21026 CW 2023-07-09 0316 B8HQ          599 CRAC W2YR          599 08
QSO: 28016 CW 2023-07-09 0317 B8HQ          599 CRAC BG6LH         599 44
QSO: 21025 CW 2023-07-09 0318 B8HQ          599 CRAC R4ACY         599 29
QSO: 21026 CW 2023-07-09 0318 B8HQ          599 CRAC SP5LST        599 28
QSO: 28016 CW 2023-07-09 0318 B8HQ          599 CRAC I44G          599 28
QSO: 28016 CW 2023-07-09 0318 B8HQ          599 CRAC YO9HP         599 28
QSO: 21025 CW 2023-07-09 0319 B8HQ          599 CRAC HG7T          599 28
QSO: 21000 CW 2023-07-09 0320 B8HQ          599 CRAC YR0HQ         599 FRR
QSO: 28016 CW 2023-07-09 0322 B8HQ          599 CRAC RA5A          599 29
QSO: 21026 CW 2023-07-09 0323 B8HQ          599 CRAC R8TT          599 30
QSO: 28016 CW 2023-07-09 0323 B8HQ          599 CRAC YT3D          599 28
QSO: 28016 CW 2023-07-09 0325 B8HQ          599 CRAC RN6AT         599 29
QSO: 21026 CW 2023-07-09 0326 B8HQ          599 CRAC K3UL          599 08
QSO: 21026 CW 2023-07-09 0328 B8HQ          599 CRAC YT3D          599 28
QSO: 21149 CW 2023-07-09 0328 B8HQ          599 CRAC UT5EOX        599 29
QSO: 28016 CW 2023-07-09 0328 B8HQ          599 CRAC 9N7AA         599 42
QSO: 21026 CW 2023-07-09 0331 B8HQ          599 CRAC OL5Y          599 28
QSO: 14240 PH 2023-07-09 0332 B8HQ          59 CARC VR2HK         59 HARTS
QSO: 21026 CW 2023-07-09 0332 B8HQ          599 CRAC BY2WL         599 44
QSO: 21026 CW 2023-07-09 0332 B8HQ          599 CRAC YB0NSI        599 54
QSO: 28016 CW 2023-07-09 0332 B8HQ          599 CRAC 4Z5MU         599 39
QSO: 28016 CW 2023-07-09 0333 B8HQ          599 CRAC YO8AXP        599 28
QSO: 21026 CW 2023-07-09 0334 B8HQ          599 CRAS P3X           599 39
QSO: 28020 CW 2023-07-09 0334 B8HQ          599 CRAC UT6EE         599 29
QSO: 21026 CW 2023-07-09 0335 B8HQ          599 CRAC 4X1VF         599 39
QSO: 28016 CW 2023-07-09 0335 B8HQ          599 CRAC UA4M          599 29
QSO: 28016 CW 2023-07-09 0335 B8HQ          599 CRAC VK2GR         599 59
QSO: 21025 CW 2023-07-09 0336 B8HQ          599 CRAC UA4PN         599 30
QSO: 14237 PH 2023-07-09 0337 B8HQ          59 CRAC BH4TCC        59 44
QSO: 21000 CW 2023-07-09 0337 B8HQ          599 CRAC 3 JA3NUT        599 45
QSO: 21026 CW 2023-07-09 0338 B8HQ          599 CRAC ER7HQ         599 ARM
QSO: 21026 CW 2023-07-09 0339 B8HQ          599 CRAC JI1RXQ        599 45
QSO: 28010 CW 2023-07-09 0341 B8HQ          599 CRAC UT5EOX        599 29
QSO: 28016 CW 2023-07-09 0341 B8HQ          599 CRAC UA6LCN        599 29
QSO: 14260 PH 2023-07-09 0342 B8HQ          59 CRAC JJ0PKS        59 45
QSO: 21000 CW 2023-07-09 0342 B8HQ          599 CRAC CO8NMN        599 11
QSO: 28016 CW 2023-07-09 0342 B8HQ          599 CRAC VJ3A          599 59
QSO: 21000 CW 2023-07-09 0344 B8HQ          599 CRAC R3OM          599 29
QSO: 21026 CW 2023-07-09 0344 B8HQ          599 CRAC ZL4YY         599 60
QSO: 28016 CW 2023-07-09 0346 B8HQ          599 CRAC HG0HQ         599 MRASZ
QSO: 14238 PH 2023-07-09 0347 B8HQ          59 CRAC BG4HYK        59 44
QSO: 28015 CW 2023-07-09 0347 B8HQ          599 CRAC UA6LCJ        599 29
QSO: 28016 CW 2023-07-09 0347 B8HQ          599 CRAC UN8PT         599 30
QSO: 28015 CW 2023-07-09 0348 B8HQ          599 CRAC UN9GD         599 31
QSO: 21000 CW 2023-07-09 0351 B8HQ          599 CRAC JJ1QLT        599 45
QSO: 28016 CW 2023-07-09 0351 B8HQ          599 CRAC R4HQ          599 SRR
QSO: 28016 CW 2023-07-09 0352 B8HQ          599 CRAC UA4S          599 29
QSO: 28000 CW 2023-07-09 0353 B8HQ          599 CRAC YR0HQ         599 FRR
QSO: 28000 CW 2023-07-09 0354 B8HQ          599 CRAC R3OM          599 29
QSO: 28016 CW 2023-07-09 0358 B8HQ          599 CRAC OH2HQ         599 SRAL
QSO: 21025 CW 2023-07-09 0359 B8HQ          599 CRAC HG0HQ         599 MRASZ
QSO: 28016 CW 2023-07-09 0359 B8HQ          599 CRAC R8TT          599 30
QSO: 28016 CW 2023-07-09 0400 B8HQ          599 CRAC HG7T          599 28
QSO: 28000 CW 2023-07-09 0402 B8HQ          599 CRAC RV9CVA        599 30
QSO: 28016 CW 2023-07-09 0402 B8HQ          599 CRAC HA5JI         599 28
QSO: 28016 CW 2023-07-09 0403 B8HQ          599 CRAC BY2WL         599 44
QSO: 21025 CW 2023-07-09 0405 B8HQ          599 CRAC I46C          599 28
QSO: 28015 CW 2023-07-09 0405 B8HQ          599 CRAC UW1M          599 29
QSO: 21026 CW 2023-07-09 0406 B8HQ          599 CRAC UX1VX         599 29
QSO: 28026 CW 2023-07-09 0406 B8HQ          599 CRAC E2HQ          599 RAST
QSO: 14242 PH 2023-07-09 0407 B8HQ          59 43 VR2XAB        59 44
QSO: 21026 CW 2023-07-09 0407 B8HQ          599 CRAC I42R          599 28
QSO: 28016 CW 2023-07-09 0407 B8HQ          599 CRAC UI3A          599 29
QSO: 21025 CW 2023-07-09 0408 B8HQ          599 CRAC I41N          599 28
QSO: 21026 CW 2023-07-09 0409 B8HQ          599 CRAC I47P          599 28
QSO: 21026 CW 2023-07-09 0409 B8HQ          599 CRAC JA3JM         599 45
QSO: 28016 CW 2023-07-09 0409 B8HQ          599 CRAC DA0HQ         599 DARC
QSO: 28016 CW 2023-07-09 0409 B8HQ          599 CRAC RK3ER         599 29
QSO: 21025 CW 2023-07-09 0410 B8HQ          599 CRAC I41D          599 28
QSO: 21026 CW 2023-07-09 0410 B8HQ          599 CRAC I47W          599 28
QSO: 28016 CW 2023-07-09 0410 B8HQ          599 CRAC BA3AX         599 44
QSO: 28015 CW 2023-07-09 0411 B8HQ          599 CRAC YO4RDW        599 28
QSO: 14242 PH 2023-07-09 0412 B8HQ          59 CRAC BA4DL         59 44
QSO: 21025 CW 2023-07-09 0412 B8HQ          599 CRAC I43G          599 28
QSO: 21025 CW 2023-07-09 0412 B8HQ          599 CRAC I46J          599 28
QSO: 21025 CW 2023-07-09 0413 B8HQ          599 CRAC I41U          599 28
QSO: 21025 CW 2023-07-09 0415 B8HQ          599 CRAC SP2LNW        599 28
QSO: 21025 CW 2023-07-09 0415 B8HQ          599 CRAC YU7KW         599 28
QSO: 28015 CW 2023-07-09 0415 B8HQ          599 CRAC P3N           599 39
QSO: 28000 CW 2023-07-09 0416 B8HQ          599 CRAC UT4UBZ        599 29
QSO: 28016 CW 2023-07-09 0417 B8HQ          599 CRAC RU3DNN        599 29
QSO: 21025 CW 2023-07-09 0418 B8HQ          599 CRAC RJ3A          599 29
QSO: 21025 CW 2023-07-09 0418 B8HQ          599 CRAC RK3ER         599 29
QSO: 14242 PH 2023-07-09 0419 B8HQ          59 CRAC BD5DPP        59 44
QSO: 21025 CW 2023-07-09 0419 B8HQ          599 CRAC JE5HTN        599 45
QSO: 28000 CW 2023-07-09 0419 B8HQ          599 CRAC UA4FDL        599 29
QSO: 21025 CW 2023-07-09 0420 B8HQ          599 CRAC UA6AK         599 29
QSO: 21026 CW 2023-07-09 0420 B8HQ          599 CRAC SN1F          599 28
QSO: 21025 CW 2023-07-09 0421 B8HQ          599 CRAC RK8I          599 31
QSO: 21025 CW 2023-07-09 0422 B8HQ          599 CRAC UF5A          599 29
QSO: 28000 CW 2023-07-09 0422 B8HQ          599 CRAC RW3X          599 29
QSO: 28016 CW 2023-07-09 0422 B8HQ          599 CRAC RM9A          599 30
QSO: 21025 CW 2023-07-09 0423 B8HQ          599 CRAC R1AT          599 29
QSO: 21025 CW 2023-07-09 0424 B8HQ          599 CRAC OM7K          599 28
QSO: 28016 CW 2023-07-09 0424 B8HQ          599 CRAC RW3DY         599 29
QSO: 28015 CW 2023-07-09 0425 B8HQ          599 CRAC BD4VGZ        599 44
QSO: 28000 CW 2023-07-09 0426 B8HQ          599 CRAC RW3AI         599 29
QSO: 21025 CW 2023-07-09 0427 B8HQ          599 CRAC A71HQ         599 QARS
QSO: 21026 CW 2023-07-09 0427 B8HQ          599 CRAC OZ1HQ         599 EDR
QSO: 28015 CW 2023-07-09 0427 B8HQ          599 CRAC R9IT          599 31
QSO: 21025 CW 2023-07-09 0428 B8HQ          599 CRAC R0SBI         599 32
QSO: 28016 CW 2023-07-09 0428 B8HQ          599 CRAC YT1X          599 28
QSO: 21000 CW 2023-07-09 0429 B8HQ          599 CRAC RK4NB         599 29
QSO: 28015 CW 2023-07-09 0429 B8HQ          599 CRAC UF5A          599 29
QSO: 28016 CW 2023-07-09 0430 B8HQ          599 CRAC EV6Z          599 29
QSO: 28016 CW 2023-07-09 0430 B8HQ          599 CRAC UP2L          599 30
QSO: 21000 CW 2023-07-09 0431 B8HQ          599 CRAC UT3QZ         599 29
QSO: 21025 CW 2023-07-09 0431 B8HQ          599 CRAC UA4WJ         599 30
QSO: 21026 CW 2023-07-09 0431 B8HQ          599 CRAC YU2A          599 28
QSO: 28016 CW 2023-07-09 0431 B8HQ          599 CRAC RL3T          599 29
QSO: 28016 CW 2023-07-09 0431 B8HQ          599 CRAC RM5F          599 29
QSO: 28016 CW 2023-07-09 0432 B8HQ          599 CRAC RJ3A          599 29
QSO: 14240 PH 2023-07-09 0433 B8HQ          59 CRAC BH7PCT        59 44
QSO: 21025 CW 2023-07-09 0433 B8HQ          599 CRAC P3C           599 39
QSO: 28016 CW 2023-07-09 0435 B8HQ          599 CRAC 4X1ST         599 39
QSO: 28016 CW 2023-07-09 0436 B8HQ          599 CRAC RN9RF         599 30
QSO: 21026 CW 2023-07-09 0437 B8HQ          599 CRAC LA6CF         599 18
QSO: 21026 CW 2023-07-09 0437 B8HQ          599 CRAC OP0HQ         599 UBA
QSO: 28015 CW 2023-07-09 0437 B8HQ          599 CRAC EU2F          599 29
QSO: 21000 CW 2023-07-09 0438 B8HQ          599 CRAC DL7VEE        599 28
QSO: 21000 CW 2023-07-09 0439 B8HQ          599 CRAC JK2VOC        599 45
QSO: 21026 CW 2023-07-09 0439 B8HQ          599 CRAC YO8AXP        599 28
QSO: 28016 CW 2023-07-09 0439 B8HQ          599 CRAC RM2R          599 29
QSO: 28016 CW 2023-07-09 0439 B8HQ          599 CRAC UW5U          599 29
QSO: 21025 CW 2023-07-09 0442 B8HQ          599 CRAC DK5PD         599 28
QSO: 21000 CW 2023-07-09 0444 B8HQ          599 CRAC JM4WUZ        599 45
QSO: 28000 CW 2023-07-09 0444 B8HQ          599 CRAC UT3QZ         599 29
QSO: 28015 CW 2023-07-09 0444 B8HQ          599 CRAC RU7M          599 29
QSO: 28016 CW 2023-07-09 0445 B8HQ          599 CRAC RN3BL         599 29
QSO: 21025 CW 2023-07-09 0447 B8HQ          599 CRAC RA4CL         599 29
QSO: 28016 CW 2023-07-09 0447 B8HQ          599 CRAC ER7HQ         599 ARM
QSO: 21026 CW 2023-07-09 0449 B8HQ          599 CRAC AT1HQ         599 ARSI
QSO: 28015 CW 2023-07-09 0449 B8HQ          599 CRAC UA4CNJ        599 29
QSO: 28000 CW 2023-07-09 0451 B8HQ          599 CRAC RD3FT         599 29
QSO: 28016 CW 2023-07-09 0451 B8HQ          599 CRAC BD3CT         599 44
QSO: 21000 CW 2023-07-09 0452 B8HQ          599 CRAC JH9FCP        599 45
QSO: 28016 CW 2023-07-09 0453 B8HQ          599 CRAC UA4WJ         599 30
QSO: 21026 CW 2023-07-09 0454 B8HQ          599 CRAC YL7A          599 29
QSO: 28016 CW 2023-07-09 0454 B8HQ          599 CRAC LZ2PL         599 28
QSO: 28016 CW 2023-07-09 0454 B8HQ          599 CRAC RA4CL         599 29
QSO: 21025 CW 2023-07-09 0455 B8HQ          599 CRAC HA6P          599 28
QSO: 21000 CW 2023-07-09 0456 B8HQ          599 CRAC UT4UBZ        599 29
QSO: 21026 CW 2023-07-09 0456 B8HQ          599 CRAC OH1F          599 18
QSO: 28015 CW 2023-07-09 0456 B8HQ          599 CRAC HG6N          599 28
QSO: 21025 CW 2023-07-09 0458 B8HQ          599 CRAC RN4HAB        599 30
QSO: 21026 CW 2023-07-09 0458 B8HQ          599 CRAC BI4SDT        599 44
QSO: 21025 CW 2023-07-09 0459 B8HQ          599 CRAC EW2A          599 29
QSO: 28016 CW 2023-07-09 0459 B8HQ          599 CRAC RK3T          599 29
QSO: 28016 CW 2023-07-09 0459 B8HQ          599 CRAC SN0HQ         599 PZK
QSO: 21000 CW 2023-07-09 0502 B8HQ          599 CRAC JA2KVB        599 45
QSO: 28000 CW 2023-07-09 0502 B8HQ          599 CRAC YU1YV         599 28
QSO: 28016 CW 2023-07-09 0503 B8HQ          599 CRAC 9A5D          599 28
QSO: 28016 CW 2023-07-09 0503 B8HQ          599 CRAC OK7W          599 28
QSO: 21007 CW 2023-07-09 0504 B8HQ          599 CRAC YO4GO         599 28
QSO: 21007 CW 2023-07-09 0507 B8HQ          599 CRAC I41R          599 28
QSO: 28015 CW 2023-07-09 0507 B8HQ          599 CRAC OM7K          599 28
QSO: 21007 CW 2023-07-09 0508 B8HQ          599 CRAC I49M          599 28
QSO: 21007 CW 2023-07-09 0508 B8HQ          599 CRAC RA3NC         599 29
QSO: 28000 CW 2023-07-09 0508 B8HQ          599 CRAC R0RD          599 32
QSO: 21007 CW 2023-07-09 0510 B8HQ          599 CRAC EV1R          599 29
QSO: 21007 CW 2023-07-09 0510 B8HQ          599 CRAC OL7T          599 28
QSO: 28016 CW 2023-07-09 0511 B8HQ          599 CRAC HG3N          599 28
QSO: 21007 CW 2023-07-09 0512 B8HQ          599 CRAC I42M          599 28
QSO: 21007 CW 2023-07-09 0513 B8HQ          599 CRAC VK3OU         599 59
QSO: 28016 CW 2023-07-09 0513 B8HQ          599 CRAC RU1A          599 29
QSO: 21007 CW 2023-07-09 0514 B8HQ          599 CRAC RA5G          599 29
QSO: 28000 CW 2023-07-09 0514 B8HQ          599 CRAC YO9CWY        599 28
QSO: 28016 CW 2023-07-09 0516 B8HQ          599 CRAC RN4HAB        599 30
QSO: 21007 CW 2023-07-09 0517 B8HQ          599 CRAC RL9L          599 30
QSO: 28016 CW 2023-07-09 0517 B8HQ          599 CRAC 9A0HQ         599 HRS
QSO: 28016 CW 2023-07-09 0517 B8HQ          599 CRAC RC8SC         599 30
QSO: 21007 CW 2023-07-09 0518 B8HQ          599 CRAC I49D          599 28
QSO: 21007 CW 2023-07-09 0518 B8HQ          599 CRAC R5AJ          599 29
QSO: 28016 CW 2023-07-09 0518 B8HQ          599 CRAC R7AT          599 29
QSO: 28016 CW 2023-07-09 0518 B8HQ          599 CRAC YU5R          599 28
QSO: 21007 CW 2023-07-09 0519 B8HQ          599 CRAC EE3O          599 37
QSO: 28010 CW 2023-07-09 0519 B8HQ          599 CRAC UN7CN         599 30
QSO: 28016 CW 2023-07-09 0521 B8HQ          599 CRAC HG5D          599 28
QSO: 28016 CW 2023-07-09 0524 B8HQ          599 CRAC R7MM          599 29
QSO: 21000 CW 2023-07-09 0525 B8HQ          599 CRAC 4K9W          599 29
QSO: 21026 CW 2023-07-09 0526 B8HQ          599 CRAC I47V          599 28
QSO: 28016 CW 2023-07-09 0526 B8HQ          599 CRAC HA7A          599 28
QSO: 28016 CW 2023-07-09 0526 B8HQ          599 CRAC RK9CYA        599 30
QSO: 28016 CW 2023-07-09 0526 B8HQ          599 CRAC YO4AAC        599 28
QSO: 28016 CW 2023-07-09 0527 B8HQ          599 CRAC EU4T          599 29
QSO: 28016 CW 2023-07-09 0528 B8HQ          599 CRAC OL5Y          599 28
QSO: 28016 CW 2023-07-09 0528 B8HQ          599 CRAC RU5X          599 29
QSO: 28016 CW 2023-07-09 0529 B8HQ          599 CRAC YT9X          599 28
QSO: 21026 CW 2023-07-09 0531 B8HQ          599 CRAC I47M          599 28
QSO: 28016 CW 2023-07-09 0531 B8HQ          599 CRAC OL7T          599 28
QSO: 28016 CW 2023-07-09 0531 B8HQ          599 CRAC RC9A          599 30
QSO: 28016 CW 2023-07-09 0531 B8HQ          599 CRAC RW0AR         599 32
QSO: 28016 CW 2023-07-09 0531 B8HQ          599 CRAC SV2AEL        599 28
QSO: 21026 CW 2023-07-09 0532 B8HQ          599 CRAC I49K          599 28
QSO: 21026 CW 2023-07-09 0532 B8HQ          599 CRAC RT4G          599 29
QSO: 21030 CW 2023-07-09 0532 B8HQ          599 CRAC UA1ZZ         599 19
QSO: 28000 CW 2023-07-09 0532 B8HQ          599 CRAC UX1CL         599 29
QSO: 28016 CW 2023-07-09 0532 B8HQ          599 CRAC RT9A          599 30
QSO: 21026 CW 2023-07-09 0533 B8HQ          599 CRAC I47O          599 28
QSO: 21026 CW 2023-07-09 0533 B8HQ          599 CRAC R9IT          599 31
QSO: 28016 CW 2023-07-09 0533 B8HQ          599 CRAC RW9DX         599 30
QSO: 28008 CW 2023-07-09 0534 B8HQ          599 CRAC UN7LV         599 30
QSO: 28016 CW 2023-07-09 0534 B8HQ          599 CRAC EU8U          599 29
QSO: 21000 CW 2023-07-09 0535 B8HQ          599 CRAC DJ2IA         599 28
QSO: 28016 CW 2023-07-09 0535 B8HQ          599 CRAC LZ6E          599 28
QSO: 28450 PH 2023-07-09 0535 B8HQ          59 CRAC BA6KC         59 44
QSO: 28016 CW 2023-07-09 0537 B8HQ          599 CRAC OE0HQ         599 OV
QSO: 28016 CW 2023-07-09 0537 B8HQ          599 CRAC US7UK         599 29
QSO: 28016 CW 2023-07-09 0538 B8HQ          599 CRAC SP5LST        599 28
QSO: 21026 CW 2023-07-09 0539 B8HQ          599 43 YC1GDF        599 54
QSO: 28016 CW 2023-07-09 0539 B8HQ          599 CRAC II8K          599 28
QSO: 28016 CW 2023-07-09 0540 B8HQ          599 CRAC RN3QO         599 29
QSO: 28016 CW 2023-07-09 0541 B8HQ          599 CRAC UA4PN         599 30
QSO: 28016 CW 2023-07-09 0542 B8HQ          599 CRAC DM5GG         599 28
QSO: 28016 CW 2023-07-09 0542 B8HQ          599 CRAC RN3OG         599 29
QSO: 28016 CW 2023-07-09 0543 B8HQ          599 CRAC RU9AC         599 30
QSO: 28016 CW 2023-07-09 0543 B8HQ          599 CRAC US3LX         599 29
QSO: 28000 CW 2023-07-09 0544 B8HQ          599 CRAC DM3CW         599 28
QSO: 21026 CW 2023-07-09 0545 B8HQ          599 CRAC E25JRP        599 49
QSO: 28016 CW 2023-07-09 0545 B8HQ          599 CRAC UY0CA         599 29
QSO: 21000 CW 2023-07-09 0546 B8HQ          599 CRAC EM9Q          599 29
QSO: 28016 CW 2023-07-09 0546 B8HQ          599 CRAC UT5UGR        599 29
QSO: 28016 CW 2023-07-09 0547 B8HQ          599 CRAC RA3BQ         599 29
QSO: 28480 PH 2023-07-09 0547 B8HQ          59 CRAC BD3CT         59 44
QSO: 21026 CW 2023-07-09 0548 B8HQ          599 CRAC EW1I          599 29
QSO: 28000 PH 2023-07-09 0548 B8HQ          59 CRAC VJ2J          59 59
QSO: 28016 CW 2023-07-09 0548 B8HQ          599 CRAC HA8IB         599 28
QSO: 28016 CW 2023-07-09 0548 B8HQ          599 CRAC R5AJ          599 29
QSO: 28000 CW 2023-07-09 0550 B8HQ          599 CRAC E7HQ          599 ARABH
QSO: 28015 CW 2023-07-09 0550 B8HQ          599 CRAC US3EW         599 29
QSO: 28016 CW 2023-07-09 0552 B8HQ          599 CRAC IZ8JFL        599 28
QSO: 28016 CW 2023-07-09 0552 B8HQ          599 CRAC LZ5DI         599 28
QSO: 28016 CW 2023-07-09 0552 B8HQ          599 CRAC SP2FOV        599 28
QSO: 28016 CW 2023-07-09 0552 B8HQ          599 CRAC UA6GO         599 29
QSO: 28479 PH 2023-07-09 0552 B8HQ          59 CRSA RM4HZ         59 30
QSO: 21026 CW 2023-07-09 0554 B8HQ          599 CRAC RA3AN         599 29
QSO: 21026 CW 2023-07-09 0554 B8HQ          599 CRAC UB2F          599 29
QSO: 28015 CW 2023-07-09 0554 B8HQ          599 CRAC R4WAE         599 30
QSO: 28016 CW 2023-07-09 0554 B8HQ          599 CRAC EF4HQ         599 URE
QSO: 21026 CW 2023-07-09 0555 B8HQ          599 CRAC LY2MM         599 29
QSO: 28016 CW 2023-07-09 0555 B8HQ          599 CRAC EW8DX         599 29
QSO: 21026 CW 2023-07-09 0556 B8HQ          599 CRAC I44Z          599 28
QSO: 21026 CW 2023-07-09 0558 B8HQ          599 CRAC UA3LID        599 29
QSO: 21026 CW 2023-07-09 0559 B8HQ          599 CRAC YU0W          599 28
QSO: 28026 CW 2023-07-09 0559 B8HQ          599 CRAC II9HQ         599 ARI
QSO: 28022 CW 2023-07-09 0601 B8HQ          599 CRAC R9AE          599 30
QSO: 28475 PH 2023-07-09 0602 B8HQ          59 CRAC BH3SCC        59 44
QSO: 28016 CW 2023-07-09 0603 B8HQ          599 CRAC EW1M          599 29
QSO: 21000 CW 2023-07-09 0604 B8HQ          599 CRAC OE4EIE        599 28
QSO: 21026 CW 2023-07-09 0605 B8HQ          599 CRAC HG6O          599 28
QSO: 28016 CW 2023-07-09 0605 B8HQ          599 CRAC RG2Y          599 29
QSO: 28016 CW 2023-07-09 0605 B8HQ          599 CRAC UR2Y          599 29
QSO: 21026 CW 2023-07-09 0606 B8HQ          599 CRAC I42G          599 28
QSO: 21026 CW 2023-07-09 0606 B8HQ          599 CRAC RT5Q          599 29
QSO: 21026 CW 2023-07-09 0606 B8HQ          599 CRAC UX9Q          599 29
QSO: 28000 CW 2023-07-09 0606 B8HQ          599 CRAC LZ1VKD        599 28
QSO: 28015 CW 2023-07-09 0607 B8HQ          599 CRAC I47L          599 28
QSO: 21026 CW 2023-07-09 0608 B8HQ          599 CRAC DL1DXA        599 28
QSO: 28015 CW 2023-07-09 0608 B8HQ          599 CRAC RG3R          599 29
QSO: 28016 CW 2023-07-09 0608 B8HQ          599 CRAC SP2R          599 28
QSO: 28015 CW 2023-07-09 0609 B8HQ          599 CRAC I44X          599 28
QSO: 28016 CW 2023-07-09 0609 B8HQ          599 CRAC EW1TZ         599 29
QSO: 28015 CW 2023-07-09 0610 B8HQ          599 CRAC I46C          599 28
QSO: 28016 CW 2023-07-09 0610 B8HQ          599 CRAC DL3JAN        599 28
QSO: 28016 CW 2023-07-09 0611 B8HQ          599 CRAC I49M          599 28
QSO: 21026 CW 2023-07-09 0612 B8HQ          599 CRAC RA9AP         599 30
QSO: 28015 CW 2023-07-09 0612 B8HQ          599 CRAC I41R          599 28
QSO: 28016 CW 2023-07-09 0612 B8HQ          599 CRAC BI1JPC        599 44
QSO: 21000 CW 2023-07-09 0613 B8HQ          599 CRC UT5UIA        599 29
QSO: 28015 CW 2023-07-09 0613 B8HQ          599 CRAC I43V          599 28
QSO: 21000 CW 2023-07-09 0614 B8HQ          599 CRAC E27EK         599 49
QSO: 28016 CW 2023-07-09 0614 B8HQ          599 CRAC RD8D          599 30
QSO: 21026 CW 2023-07-09 0615 B8HQ          599 CRAC JE4MHL        599 45
QSO: 28016 CW 2023-07-09 0615 B8HQ          599 CRAC I1NVU         599 28
QSO: 21000 CW 2023-07-09 0616 B8HQ          599 CRAC SP9ENV        599 28
QSO: 28475 PH 2023-07-09 0616 B8HQ          59 CRAC RC9J          59 21
QSO: 21010 CW 2023-07-09 0617 B8HQ          599 CRAC UN7CN         599 30
QSO: 21026 CW 2023-07-09 0617 B8HQ          599 CRAC JN1THL        599 45
QSO: 28015 CW 2023-07-09 0618 B8HQ          599 CRAC UN7FW         599 31
QSO: 28016 CW 2023-07-09 0618 B8HQ          599 CRAC DL4WA         599 28
QSO: 28016 CW 2023-07-09 0619 B8HQ          599 CRAC DL6WT         599 28
QSO: 28016 CW 2023-07-09 0619 B8HQ          599 CRAC UC7A          599 29
QSO: 28016 CW 2023-07-09 0620 B8HQ          599 CRAC AT2G          599 41
QSO: 28016 CW 2023-07-09 0620 B8HQ          599 CRAC I47W          599 28
QSO: 14240 PH 2023-07-09 0621 B8HQ          59 CRAC BH4RNX        59 44
QSO: 21000 CW 2023-07-09 0621 B8HQ          599 CRAC DL9MFY        599 28
QSO: 21026 CW 2023-07-09 0621 B8HQ          599 CRAC UY7C          599 29
QSO: 28016 CW 2023-07-09 0621 B8HQ          599 CRAC I42D          599 28
QSO: 28475 PH 2023-07-09 0621 B8HQ          59 CRAC BY1RX         59 44
QSO: 28016 CW 2023-07-09 0622 B8HQ          599 CRAC DL7ON         599 28
QSO: 21000 CW 2023-07-09 0623 B8HQ          599 CRAC LZ2CH         599 28
QSO: 28016 CW 2023-07-09 0623 B8HQ          599 CRAC 3Z1K          599 28
QSO: 28016 CW 2023-07-09 0623 B8HQ          599 CRAC I43G          599 28
QSO: 28475 PH 2023-07-09 0623 B8HQ          59 CRAC BI1JPC        59 44
QSO: 28015 CW 2023-07-09 0624 B8HQ          599 CRAC I47M          599 28
QSO: 21026 CW 2023-07-09 0625 B8HQ          599 CRAC DL3KUD        599 28
QSO: 28000 CW 2023-07-09 0625 B8HQ          599 CRAC DL4WK         599 28
QSO: 28016 CW 2023-07-09 0625 B8HQ          599 CRAC SN1F          599 28
QSO: 28016 CW 2023-07-09 0626 B8HQ          599 CRAC I44W          599 28
QSO: 21026 CW 2023-07-09 0627 B8HQ          599 CRAC OK5SA         599 28
QSO: 28016 CW 2023-07-09 0627 B8HQ          599 CRAC I41D          599 28
QSO: 28000 PH 2023-07-09 0628 B8HQ          59 CRAC DX0HQ         59 PARA
QSO: 28000 PH 2023-07-09 0628 B8HQ          59 CRAC DX0HQ         59 PARA
QSO: 28015 CW 2023-07-09 0628 B8HQ          599 CRAC I43C          599 28
QSO: 21026 CW 2023-07-09 0629 B8HQ          599 CRAC UX9Q          599 29
QSO: 28015 CW 2023-07-09 0629 B8HQ          599 CRAC I42M          599 28
QSO: 21026 CW 2023-07-09 0631 B8HQ          599 CRAC SV2SKD        599 28
QSO: 28000 CW 2023-07-09 0631 B8HQ          599 CRAC OK1XC         599 28
QSO: 28000 PH 2023-07-09 0631 B8HQ          59 CRAC RT9YA         59 31
QSO: 28016 CW 2023-07-09 0631 B8HQ          599 CRAC I44Q          599 28
QSO: 21000 CW 2023-07-09 0632 B8HQ          599 CRAC OK1FMJ        599 28
QSO: 21026 CW 2023-07-09 0632 B8HQ          599 CRAC M3AWD         599 27
QSO: 28016 CW 2023-07-09 0632 B8HQ          599 CRAC ES7A          599 29
QSO: 28016 CW 2023-07-09 0632 B8HQ          599 CRAC SP2LNW        599 28
QSO: 21000 CW 2023-07-09 0633 B8HQ          599 CRAC OH1TS         599 18
QSO: 21026 CW 2023-07-09 0633 B8HQ          599 CRAC RG3R          599 29
QSO: 28016 CW 2023-07-09 0633 B8HQ          599 CRAC YU2A          599 28
QSO: 14240 PH 2023-07-09 0634 B8HQ          59 CRAC BG6VBM        59 44
QSO: 21000 CW 2023-07-09 0634 B8HQ          599 CRAC JL1FAR        599 45
QSO: 21000 CW 2023-07-09 0634 B8HQ          599 CRAC JR6QXL        599 45
QSO: 28016 CW 2023-07-09 0634 B8HQ          599 CRAC UB8A          599 30
QSO: 14240 PH 2023-07-09 0635 B8HQ          59 CRAC BU2BE         59 44
QSO: 21026 CW 2023-07-09 0635 B8HQ          599 CRAC OH1VR         599 18
QSO: 28016 CW 2023-07-09 0635 B8HQ          599 CRAC I46J          599 28
QSO: 21026 CW 2023-07-09 0636 B8HQ          599 CRAC SP7IIT        599 28
QSO: 28000 CW 2023-07-09 0636 B8HQ          599 CRAC HF90LOT       599 28
QSO: 28016 CW 2023-07-09 0636 B8HQ          599 CRAC I43Z          599 28
QSO: 28016 CW 2023-07-09 0636 B8HQ          599 CRAC I46F          599 28
QSO: 21026 CW 2023-07-09 0637 B8HQ          599 CRAC YL1ZF         599 29
QSO: 28000 CW 2023-07-09 0637 B8HQ          599 CRAC UY4W          599 29
QSO: 28016 CW 2023-07-09 0638 B8HQ          599 CRAC UA3QGT        599 29
QSO: 28000 CW 2023-07-09 0639 B8HQ          599 CRAC HA3HK         599 28
QSO: 28016 CW 2023-07-09 0639 B8HQ          599 CRAC EU4E          599 29
QSO: 28016 CW 2023-07-09 0639 B8HQ          599 CRAC OH1F          599 18
QSO: 21026 CW 2023-07-09 0640 B8HQ          599 CRAC RA3VX         599 29
QSO: 21026 CW 2023-07-09 0640 B8HQ          599 CRAC UN4Q          599 31
QSO: 28016 CW 2023-07-09 0641 B8HQ          599 CRAC RQ9O          599 31
QSO: 28016 CW 2023-07-09 0642 B8HQ          599 CRAC DL1WM         599 28
QSO: 21026 CW 2023-07-09 0643 B8HQ          599 CRAC DL8TG         599 28
QSO: 21026 CW 2023-07-09 0643 B8HQ          599 CRAC OG2P          599 18
QSO: 21026 CW 2023-07-09 0643 B8HQ          599 CRAC PA3GDD        599 27
QSO: 28016 CW 2023-07-09 0643 B8HQ          599 CRAC IK2XYI        599 28
QSO: 21026 CW 2023-07-09 0644 B8HQ          599 CRAC II2S          599 28
QSO: 28016 CW 2023-07-09 0644 B8HQ          599 CRAC IO0A          599 28
QSO: 28016 CW 2023-07-09 0644 B8HQ          599 CRAC SP6ZC         599 28
QSO: 28016 CW 2023-07-09 0644 B8HQ          599 CRAC UT4LW         599 29
QSO: 21000 CW 2023-07-09 0645 B8HQ          599 CRAC OK2MBP        599 28
QSO: 28016 CW 2023-07-09 0645 B8HQ          599 CRAC EW1P          599 29
QSO: 21026 CW 2023-07-09 0646 B8HQ          599 CRAC RA3BQ         599 29
QSO: 21026 CW 2023-07-09 0648 B8HQ          599 CRAC DM7EE         599 28
QSO: 28016 CW 2023-07-09 0649 B8HQ          599 CRAC JT1BV         599 32
QSO: 21026 CW 2023-07-09 0650 B8HQ          599 CRAC BG3JGE        599 43
QSO: 21026 CW 2023-07-09 0650 B8HQ          599 CRAC RC1W          599 29
QSO: 21026 CW 2023-07-09 0651 B8HQ          599 CRAC RN3S          599 29
QSO: 28016 CW 2023-07-09 0652 B8HQ          599 CRAC OP0HQ         599 UBA
QSO: 28016 CW 2023-07-09 0652 B8HQ          599 CRAC SK9HQ         599 SSA
QSO: 28016 CW 2023-07-09 0654 B8HQ          599 CRAC E77EA         599 28
QSO: 28016 CW 2023-07-09 0654 B8HQ          599 CRAC EW1I          599 29
QSO: 21026 CW 2023-07-09 0655 B8HQ          599 CRAC DJ9MH         599 28
QSO: 28015 CW 2023-07-09 0655 B8HQ          599 CRAC 9V1ZV         599 54
QSO: 21026 CW 2023-07-09 0656 B8HQ          599 CRAC YO6MT         599 28
QSO: 28016 CW 2023-07-09 0656 B8HQ          599 CRAC EU1DC         599 29
QSO: 21024 CW 2023-07-09 0657 B8HQ          599 CRAC DG7NFX        599 28
QSO: 21026 CW 2023-07-09 0657 B8HQ          599 CRAC R4KO          599 29
QSO: 21026 CW 2023-07-09 0658 B8HQ          599 CRAC R6AF          599 29
QSO: 28000 CW 2023-07-09 0658 B8HQ          599 CRAC HB9HQ         599 USKA
QSO: 28016 CW 2023-07-09 0658 B8HQ          599 CRAC I44C          599 28
QSO: 21026 CW 2023-07-09 0659 B8HQ          599 CRAC DF6QC         599 28
QSO: 21026 CW 2023-07-09 0700 B8HQ          599 CRAC SM5CSS        599 18
QSO: 28016 CW 2023-07-09 0700 B8HQ          599 CRAC DK1AX         599 28
QSO: 28016 CW 2023-07-09 0700 B8HQ          599 CRAC S53V          599 28
QSO: 14240 PH 2023-07-09 0701 B8HQ          59 CRAC BD4RHV        59 44
QSO: 21026 CW 2023-07-09 0702 B8HQ          599 CRAC BH4XBU        599 44
QSO: 28016 CW 2023-07-09 0702 B8HQ          599 CRAC HS0ZNV        599 49
QSO: 28478 PH 2023-07-09 0702 B8HQ          59 CRAC E77EA         59 28
QSO: 21026 CW 2023-07-09 0703 B8HQ          599 CRAC HA7MF         599 28
QSO: 21026 CW 2023-07-09 0704 B8HQ          599 CRAC YU9YAU        599 28
QSO: 21026 CW 2023-07-09 0705 B8HQ          599 CRAC 3Z0X          599 28
QSO: 21026 CW 2023-07-09 0705 B8HQ          599 CRAC HA5GF         599 28
QSO: 21026 CW 2023-07-09 0705 B8HQ          599 CRAC OL1T          599 28
QSO: 28000 CW 2023-07-09 0705 B8HQ          599 CRAC DK5ZX         599 28
QSO: 28016 CW 2023-07-09 0705 B8HQ          599 CRAC 9M2A          599 MARTS
QSO: 28016 CW 2023-07-09 0705 B8HQ          599 CRAC RK3T          599 29
QSO: 21026 CW 2023-07-09 0706 B8HQ          599 CRAC SP7JDI        599 28
QSO: 28016 CW 2023-07-09 0706 B8HQ          599 CRAC F8DFP         599 27
QSO: 21000 CW 2023-07-09 0707 B8HQ          599 CRAC RM1T          599 29
QSO: 28016 CW 2023-07-09 0707 B8HQ          599 CRAC OK4RQ         599 28
QSO: 21000 CW 2023-07-09 0708 B8HQ          599 CRAC RA7KY         599 29
QSO: 28015 CW 2023-07-09 0708 B8HQ          599 CRSA UT2UB         599 29
QSO: 28016 CW 2023-07-09 0709 B8HQ          599 CRAC RC6U          599 29
QSO: 28453 PH 2023-07-09 0709 B8HQ          59 CRAC TM0HQ         59 REF
QSO: 21000 CW 2023-07-09 0710 B8HQ          599 CRAC YO2DFA        599 28
QSO: 21026 CW 2023-07-09 0710 B8HQ          599 CRAC I42D          599 28
QSO: 28016 CW 2023-07-09 0710 B8HQ          599 CRAC YU7KW         599 28
QSO: 21000 CW 2023-07-09 0711 B8HQ          599 CRAC IV3UHL        599 28
QSO: 21000 CW 2023-07-09 0712 B8HQ          599 CRAC JE6PJP        599 45
QSO: 21026 CW 2023-07-09 0712 B8HQ          599 CRAC DL3DQL        599 28
QSO: 21026 CW 2023-07-09 0712 B8HQ          599 CRAC HA6NL         599 28
QSO: 28016 CW 2023-07-09 0712 B8HQ          599 CRAC I49A          599 28
QSO: 28476 PH 2023-07-09 0712 B8HQ          59 CRAC IK0PHY        59 28
QSO: 21026 CW 2023-07-09 0713 B8HQ          599 CRAC DO4OD         599 28
QSO: 28490 PH 2023-07-09 0713 B8HQ          59 CRAC EF4HQ         59 URE
QSO: 28016 CW 2023-07-09 0714 B8HQ          599 CRAC I44Y          599 28
QSO: 28507 PH 2023-07-09 0714 B8HQ          59 CRAC 9A0HQ         59 HRS
QSO: 21000 CW 2023-07-09 0715 B8HQ          599 CRAC LA7SI         599 18
QSO: 21026 CW 2023-07-09 0715 B8HQ          599 CRAC DL3NEY        599 28
QSO: 21026 CW 2023-07-09 0715 B8HQ          599 CRAC EU1DX         599 29
QSO: 21026 CW 2023-07-09 0716 B8HQ          599 CRAC DL5YM         599 28
QSO: 28000 PH 2023-07-09 0716 B8HQ          59 CRAC HB9HQ         59 USKA
QSO: 28016 CW 2023-07-09 0716 B8HQ          599 CRAC DK5PD         599 28
QSO: 21026 CW 2023-07-09 0717 B8HQ          599 CR YO6DDF        599 28
QSO: 28402 PH 2023-07-09 0717 B8HQ          59 CRAC HG0HQ         59 MRASZ
QSO: 28000 CW 2023-07-09 0718 B8HQ          599 CRAC DL4SEW        599 28
QSO: 28015 CW 2023-07-09 0718 B8HQ          599 CRAC I41M          599 28
QSO: 28485 PH 2023-07-09 0718 B8HQ          59 CRAC DA0HQ         59 DARC
QSO: 21026 CW 2023-07-09 0719 B8HQ          599 CRAC DD5M          599 28
QSO: 21026 CW 2023-07-09 0719 B8HQ          599 CRAC OK5T          599 28
QSO: 21026 CW 2023-07-09 0719 B8HQ          599 CRAC ON4CAS        599 27
QSO: 21026 CW 2023-07-09 0719 B8HQ          599 CRAC RT5C          599 29
QSO: 28000 PH 2023-07-09 0719 B8HQ          59 CRAC 9W6EZ         59 54
QSO: 28015 CW 2023-07-09 0719 B8HQ          599 CRAC I46O          599 28
QSO: 28016 CW 2023-07-09 0719 B8HQ          599 CRAC YO4NF         599 28
QSO: 28016 CW 2023-07-09 0720 B8HQ          599 CRAC DL6RDE        599 28
QSO: 28460 PH 2023-07-09 0720 B8HQ          59 CRAC R4HQ          59 SRR
QSO: 21026 CW 2023-07-09 0721 B8HQ          599 43 R3TE          599 29
QSO: 28015 CW 2023-07-09 0721 B8HQ          599 CRAC I42W          599 28
QSO: 28016 CW 2023-07-09 0721 B8HQ          599 CRAC F4VVG         599 27
QSO: 21000 CW 2023-07-09 0722 B8HQ          599 CRAC OK1XC         599 28
QSO: 21026 CW 2023-07-09 0722 B8HQ          599 CRAC PA6HQ         599 VERON
QSO: 28000 CW 2023-07-09 0722 B8HQ          599 CRAC DL7VEE        599 28
QSO: 28016 CW 2023-07-09 0722 B8HQ          599 CRAC HS8HEX        599 49
QSO: 28460 PH 2023-07-09 0722 B8HQ          59 CRAC DU6XA         59 50
QSO: 21019 CW 2023-07-09 0723 B8HQ          599 CRAC I43Z          599 28
QSO: 21026 CW 2023-07-09 0723 B8HQ          599 CRAC EU4E          599 29
QSO: 21026 CW 2023-07-09 0723 B8HQ          599 CRAC SQ9DXN        599 28
QSO: 28016 CW 2023-07-09 0723 B8HQ          599 CRAC HS8KAY        599 49
QSO: 28016 CW 2023-07-09 0723 B8HQ          599 CRAC IK4ZHH        599 28
QSO: 21026 CW 2023-07-09 0724 B8HQ          599 CRAC DJ0YI         599 28
QSO: 21026 CW 2023-07-09 0724 B8HQ          599 CRAC DM3ZM         599 28
QSO: 21026 CW 2023-07-09 0724 B8HQ          599 CRAC PE1RDP        599 27
QSO: 28016 CW 2023-07-09 0724 B8HQ          599 CRAC SP8FHK        599 28
QSO: 21026 CW 2023-07-09 0725 B8HQ          599 CRAC 3Z1K          599 28
QSO: 28015 CW 2023-07-09 0725 B8HQ          599 CRAC I43K          599 28
QSO: 14043 CW 2023-07-09 0726 B8HQ          599 CRAC YB0ECT        599 54
QSO: 14043 CW 2023-07-09 0727 B8HQ          599 CRAC BH4XBU        599 44
QSO: 21026 CW 2023-07-09 0727 B8HQ          599 CRAC UA3XFO        599 29
QSO: 21026 CW 2023-07-09 0728 B8HQ          599 CRAC SP9ATE        599 28
QSO: 21026 CW 2023-07-09 0729 B8HQ          599 CRAC K7QA          599 06
QSO: 21026 CW 2023-07-09 0729 B8HQ          599 CRAC YL1ZX         599 29
QSO: 28016 CW 2023-07-09 0729 B8HQ          599 CRAC DF5AU         599 28
QSO: 28016 CW 2023-07-09 0729 B8HQ          599 CRAC I49D          599 28
QSO: 28016 CW 2023-07-09 0730 B8HQ          599 CRAC DD2D          599 28
QSO: 21026 CW 2023-07-09 0731 B8HQ          599 CRAC YU1FG         599 28
QSO: 21026 CW 2023-07-09 0732 B8HQ          599 CRAC EU4T          599 29
QSO: 28016 CW 2023-07-09 0732 B8HQ          599 CRAC I47P          599 28
QSO: 28016 CW 2023-07-09 0732 B8HQ          599 CRAC RK8I          599 31
QSO: 21026 CW 2023-07-09 0733 B8HQ          599 CRAC DF1SD         599 28
QSO: 21026 CW 2023-07-09 0733 B8HQ          599 CRAC G4IIY         599 27
QSO: 28016 CW 2023-07-09 0733 B8HQ          599 CRAC LN8W          599 18
QSO: 21026 CW 2023-07-09 0734 B8HQ          599 CRAC RM4N          599 29
QSO: 28479 PH 2023-07-09 0734 B8HQ          59 CRAC RU1A          59 29
QSO: 14043 CW 2023-07-09 0735 B8HQ          599 CRAC BY7KP         599 44
QSO: 14043 CW 2023-07-09 0735 B8HQ          599 CRAC JG6JAV        599 45
QSO: 21026 CW 2023-07-09 0735 B8HQ          599 CRAC BD1KV         599 44
QSO: 21026 CW 2023-07-09 0735 B8HQ          599 CRAC HA9TA         599 28
QSO: 28436 PH 2023-07-09 0735 B8HQ          59 CRAC SN0HQ         59 PZK
QSO: 21026 CW 2023-07-09 0736 B8HQ          599 CRAC RW9DX         599 30
QSO: 21026 CW 2023-07-09 0736 B8HQ          599 CRAC SE4E          599 18
QSO: 21026 CW 2023-07-09 0737 B8HQ          599 TRAC DL1WM         599 28
QSO: 28015 CW 2023-07-09 0737 B8HQ          599 CRAC GR2HQ         599 RSGB
QSO: 21000 CW 2023-07-09 0738 B8HQ          599 CRAC RW3AI         599 29
QSO: 28016 CW 2023-07-09 0738 B8HQ          599 CRAC DM1T          599 28
QSO: 28016 CW 2023-07-09 0738 B8HQ          599 CRAC SO3O          599 28
QSO: 14043 CW 2023-07-09 0739 B8HQ          599 CRAC JG1LFR        599 45
QSO: 14043 CW 2023-07-09 0740 B8HQ          599 CRAC JG6YLY        599 45
QSO: 21026 CW 2023-07-09 0740 B8HQ          599 CRAC DL4ME         599 28
QSO: 21026 CW 2023-07-09 0740 B8HQ          599 CRAC SP7AWG        599 28
QSO: 28016 CW 2023-07-09 0740 B8HQ          599 CRAC DL2NBU        599 28
QSO: 28016 CW 2023-07-09 0740 B8HQ          599 CRAC I42R          599 28
QSO: 14000 CW 2023-07-09 0741 B8HQ          599 CRAC JJ3IUS        599 45
QSO: 14042 CW 2023-07-09 0741 B8HQ          599 CRAC JR2NMJ        599 45
QSO: 21026 CW 2023-07-09 0741 B8HQ          599 CRAC R7RF          599 29
QSO: 28016 CW 2023-07-09 0741 B8HQ          599 CRAC I42V          599 28
QSO: 28016 CW 2023-07-09 0741 B8HQ          599 CRAC OM7JG         599 28
QSO: 21026 CW 2023-07-09 0742 B8HQ          599 CRAC HG8R          599 28
QSO: 21026 CW 2023-07-09 0742 B8HQ          599 CRAC IK2XYI        599 28
QSO: 28016 CW 2023-07-09 0742 B8HQ          599 CRAC OK7O          599 28
QSO: 14043 CW 2023-07-09 0743 B8HQ          599 CARC JG2AIG        599 45
QSO: 21000 CW 2023-07-09 0743 B8HQ          599 CRAC IZ8EFD        599 28
QSO: 28016 CW 2023-07-09 0743 B8HQ          599 CRAC DL6NDW        599 28
QSO: 14043 CW 2023-07-09 0744 B8HQ          599 CRAC JH1CTV        599 45
QSO: 21000 CW 2023-07-09 0744 B8HQ          599 CRAC DL1LSW        599 28
QSO: 21026 CW 2023-07-09 0744 B8HQ          599 CRAC DM3PKK        599 28
QSO: 28015 CW 2023-07-09 0744 B8HQ          599 CRAC DJ9MH         599 28
QSO: 28016 CW 2023-07-09 0746 B8HQ          599 CRAC 4L9M          599 29
QSO: 28016 CW 2023-07-09 0746 B8HQ          599 CRAC BG3JGE        599 43
QSO: 21026 CW 2023-07-09 0747 B8HQ          599 CRAC S50HQ         599 ZRS
QSO: 21026 CW 2023-07-09 0747 B8HQ          599 CRAC UV1IX         599 29
QSO: 14043 CW 2023-07-09 0748 B8HQ          599 CRAC JJ0SFV        599 45
QSO: 21000 CW 2023-07-09 0748 B8HQ          599 CRAC JJ1ENZ        599 45
QSO: 21026 CW 2023-07-09 0748 B8HQ          599 CRAC DF5AU         599 28
QSO: 28017 CW 2023-07-09 0748 B8HQ          599 CRAC OM3HQ         599 SARA
QSO: 14000 CW 2023-07-09 0750 B8HQ          599 CRA JA3VOV        599 45
QSO: 21026 CW 2023-07-09 0750 B8HQ          599 CRAC G5C           599 27
QSO: 21026 CW 2023-07-09 0750 B8HQ          599 CRAC ON6WP         599 27
QSO: 28031 CW 2023-07-09 0750 B8HQ          599 CRAC I47C          599 28
QSO: 14000 CW 2023-07-09 0751 B8HQ          599 CRAC JJ0VXN        599 45
QSO: 21026 CW 2023-07-09 0751 B8HQ          599 CRAC I44W          599 28
QSO: 21026 CW 2023-07-09 0751 B8HQ          599 CRAC SP2FOV        599 28
QSO: 28018 CW 2023-07-09 0751 B8HQ          599 CRAC I49K          599 28
QSO: 21026 CW 2023-07-09 0752 B8HQ          599 CRAC OE2GEN        599 28
QSO: 14043 CW 2023-07-09 0754 B8HQ          599 CRAC JA2GHP        599 45
QSO: 21026 CW 2023-07-09 0754 B8HQ          599 CRAC UI4F          599 29
QSO: 28016 CW 2023-07-09 0754 B8HQ          599 CRAC RT4G          599 29
QSO: 21026 CW 2023-07-09 0755 B8HQ          599 CRAC OK2QA         599 28
QSO: 28000 CW 2023-07-09 0755 B8HQ          599 CRAC OM5WW         599 28
QSO: 28016 CW 2023-07-09 0755 B8HQ          599 CRAC EC3A          599 37
QSO: 14000 PH 2023-07-09 0756 B8HQ          59 CRAC BU2EP         59 44
QSO: 21026 CW 2023-07-09 0756 B8HQ          599 CRAC WX0B          599 7
QSO: 28015 CW 2023-07-09 0756 B8HQ          599 CRAC DD5M          599 28
QSO: 28015 CW 2023-07-09 0756 B8HQ          599 CRAC I43R          599 28
QSO: 14027 CW 2023-07-09 0758 B8HQ          599 CRAC JF2OZH        599 45
QSO: 14028 CW 2023-07-09 0758 B8HQ          599 CRAC CE3WW         599 14
QSO: 21026 CW 2023-07-09 0758 B8HQ          599 CRAC UY0CA         599 29
QSO: 28016 CW 2023-07-09 0758 B8HQ          599 CRAC OM7LW         599 28
QSO: 28016 CW 2023-07-09 0759 B8HQ          599 CRAC PA6HQ         599 VERON
QSO: 21026 CW 2023-07-09 0800 B8HQ          599 CRAC DF0SX         599 28
QSO: 21026 CW 2023-07-09 0800 B8HQ          599 CRAC HG5C          599 28
QSO: 28016 CW 2023-07-09 0800 B8HQ          599 CRAC OM5MX         599 28
QSO: 21026 CW 2023-07-09 0801 B8HQ          599 CRAC RA3XCZ        599 29
QSO: 28016 CW 2023-07-09 0801 B8HQ          599 CRAC HA6P          599 28
QSO: 14000 CW 2023-07-09 0802 B8HQ          599 CRAC BG5GOC        599 44
QSO: 28015 CW 2023-07-09 0802 B8HQ          599 CRAC SP9XCN        599 28
QSO: 28016 CW 2023-07-09 0802 B8HQ          599 CRAC R4YT          599 29
QSO: 28016 CW 2023-07-09 0803 B8HQ          599 CRAC R1DX          599 29
QSO: 28016 CW 2023-07-09 0803 B8HQ          599 CRAC UY5LW         599 29
QSO: 14000 CW 2023-07-09 0804 B8HQ          599 CRAC DU1WBX        599 50
QSO: 21026 CW 2023-07-09 0805 B8HQ          599 CRAC SN5J          599 28
QSO: 28000 CW 2023-07-09 0805 B8HQ          599 CARC DL1NKS        599 28
QSO: 28016 CW 2023-07-09 0805 B8HQ          599 CRAC HG8W          599 28
QSO: 21026 CW 2023-07-09 0806 B8HQ          599 CRAC SP2AYC        599 28
QSO: 28015 CW 2023-07-09 0806 B8HQ          599 CRAC UA9OV         599 31
QSO: 21026 CW 2023-07-09 0807 B8HQ          599 CRAC R7MM          599 29
QSO: 28440 PH 2023-07-09 0807 B8HQ          59 CRAC 4I1EAY        59 50
QSO: 21026 CW 2023-07-09 0808 B8HQ          599 CRAC UA9AX         599 30
QSO: 21026 CW 2023-07-09 0808 B8HQ          599 CRAC YR0K          599 28
QSO: 28000 PH 2023-07-09 0808 B8HQ          59 CRAC DX1EVM        59 50
QSO: 28016 CW 2023-07-09 0808 B8HQ          599 CRAC 4F3OM         599 50
QSO: 28016 CW 2023-07-09 0808 B8HQ          599 CRAC SO0N          599 28
QSO: 28016 CW 2023-07-09 0810 B8HQ          599 CRAC M2G           599 27
QSO: 14050 CW 2023-07-09 0811 B8HQ          599 CRAC JF1WNT        599 45
QSO: 21000 CW 2023-07-09 0811 B8HQ          599 CRAC SQ2ICX        599 28
QSO: 21026 CW 2023-07-09 0811 B8HQ          599 CRAC 9A3XV         599 28
QSO: 21026 CW 2023-07-09 0811 B8HQ          599 CRAC R4YT          599 29
QSO: 21026 CW 2023-07-09 0812 B8HQ          599 CRAC EA5OH         599 37
QSO: 21026 CW 2023-07-09 0812 B8HQ          599 CRAC PA0JED        599 27
QSO: 14050 CW 2023-07-09 0813 B8HQ          599 CRAC JH1EAQ        599 45
QSO: 21026 CW 2023-07-09 0813 B8HQ          599 CRAC HA2UF         599 28
QSO: 21026 CW 2023-07-09 0813 B8HQ          599 CRAC OK1RR         599 28
QSO: 14050 CW 2023-07-09 0814 B8HQ          599 CRAC VR2NC         599 44
QSO: 21026 CW 2023-07-09 0814 B8HQ          599 CRAC R3DCX         599 29
QSO: 28016 CW 2023-07-09 0814 B8HQ          599 CRAC HA5AQ         599 28
QSO: 21026 CW 2023-07-09 0815 B8HQ          599 CRAC UT4LW         599 29
QSO: 28016 CW 2023-07-09 0815 B8HQ          599 CRAC RL5A          599 29
QSO: 21026 CW 2023-07-09 0817 B8HQ          599 CRAC GM5M          599 27
QSO: 21026 CW 2023-07-09 0817 B8HQ          599 CRAC RW5CW         599 29
QSO: 14050 CW 2023-07-09 0818 B8HQ          599 CRAC JH7VHZ        599 45
QSO: 21026 CW 2023-07-09 0818 B8HQ          599 CRAC HB9KOG        599 28
QSO: 14050 CW 2023-07-09 0819 B8HQ          599 CRAC JK1OLT        599 45
QSO: 21026 CW 2023-07-09 0820 B8HQ          599 CRAC R4DI          599 29
QSO: 14050 CW 2023-07-09 0821 B8HQ          599 CRAC N7DX          599 06
QSO: 21000 CW 2023-07-09 0821 B8HQ          599 CRAC OE1HLB        599 28
QSO: 21026 CW 2023-07-09 0821 B8HQ          599 CRAC OK1VK         599 28
QSO: 21026 CW 2023-07-09 0821 B8HQ          599 CRAC SN5N          599 28
QSO: 14050 CW 2023-07-09 0822 B8HQ          599 CRAC K0RF          599 07
QSO: 21026 CW 2023-07-09 0822 B8HQ          599 CRAC 8S80AA        599 18
QSO: 14050 CW 2023-07-09 0823 B8HQ          599 CRAC K6NA          599 06
QSO: 21026 CW 2023-07-09 0823 B8HQ          599 CRAC SN7J          599 28
QSO: 28016 CW 2023-07-09 0823 B8HQ          599 CRAC II2S          599 28
QSO: 28016 CW 2023-07-09 0823 B8HQ          599 CRAC MD2C          599 27
QSO: 28015 CW 2023-07-09 0824 B8HQ          599 CRAC OK5T          599 28
QSO: 21026 CW 2023-07-09 0825 B8HQ          599 CRAC DL1NEO        599 28
QSO: 21026 CW 2023-07-09 0825 B8HQ          599 CRAC IK2RLS        599 28
QSO: 21026 CW 2023-07-09 0825 B8HQ          599 CRAC UY2UZ         599 29
QSO: 21026 CW 2023-07-09 0826 B8HQ          599 CRAC DL4WG         599 28
QSO: 21026 CW 2023-07-09 0826 B8HQ          599 CRAC ED8M          599 36
QSO: 21026 CW 2023-07-09 0826 B8HQ          599 CRAC SP3A          599 28
QSO: 21026 CW 2023-07-09 0827 B8HQ          599 CRAC EU6O          599 29
QSO: 21016 CW 2023-07-09 0828 B8HQ          599 CRAC DJ2AX         599 28
QSO: 21026 CW 2023-07-09 0828 B8HQ          599 CRAC DL3IAS        599 28
QSO: 21026 CW 2023-07-09 0828 B8HQ          599 CRAC SP2GMA        599 28
QSO: 28016 CW 2023-07-09 0828 B8HQ          599 CRAC LZ1BP         599 28
QSO: 21026 CW 2023-07-09 0829 B8HQ          599 CRAC DL4YR         599 28
QSO: 21026 CW 2023-07-09 0830 B8HQ          599 CRAC R4DK          599 29
QSO: 28016 CW 2023-07-09 0830 B8HQ          599 CRAC DF1SD         599 28
QSO: 21000 CW 2023-07-09 0831 B8HQ          599 CRAC JM2RUV        599 45
QSO: 21026 CW 2023-07-09 0831 B8HQ          599 TRAC 9M2DOC        599 54
QSO: 21026 CW 2023-07-09 0832 B8HQ          599 CRAC PA3CXB        599 27
QSO: 21026 CW 2023-07-09 0832 B8HQ          599 CRAC RA7R          599 29
QSO: 21026 CW 2023-07-09 0833 B8HQ          599 CRAC HS0ZNV        599 49
QSO: 21026 CW 2023-07-09 0833 B8HQ          599 CRAC VK6DW         599 58
QSO: 28016 CW 2023-07-09 0833 B8HQ          599 CRAC OK2EA         599 28
QSO: 28016 CW 2023-07-09 0833 B8HQ          599 CRAC UR7MZ         599 29
QSO: 21000 CW 2023-07-09 0834 B8HQ          599 CRAC DJ3RA         599 28
QSO: 21000 CW 2023-07-09 0834 B8HQ          599 CRAC SP3FPF        599 28
QSO: 21000 CW 2023-07-09 0835 B8HQ          599 CRAC DJ8RS         599 28
QSO: 21026 CW 2023-07-09 0837 B8HQ          599 CRAC OP7T          599 27
QSO: 14005 CW 2023-07-09 0838 B8HQ          599 CRAC N6TV          599 6
QSO: 21000 CW 2023-07-09 0838 B8HQ          599 CRAC JM6EBR        599 45
QSO: 21026 CW 2023-07-09 0838 B8HQ          599 CRAC SP1AEN        599 28
QSO: 21026 CW 2023-07-09 0840 B8HQ          599 CRAC SP7CF         599 28
QSO: 28016 CW 2023-07-09 0840 B8HQ          599 CRAC I47V          599 28
QSO: 28016 CW 2023-07-09 0840 B8HQ          599 CRAC RA7R          599 29
QSO: 14042 CW 2023-07-09 0841 B8HQ          599 CRAC N6ZFO         599 06
QSO: 21026 CW 2023-07-09 0841 B8HQ          599 CRAC HA3OU         599 28
QSO: 28000 CW 2023-07-09 0843 B8HQ          599 CRAC E20XMG        599 49
QSO: 14050 CW 2023-07-09 0844 B8HQ          599 CRAC JJ3TBB        599 45
QSO: 21000 CW 2023-07-09 0845 B8HQ          599 CRAC OM7SR         599 28
QSO: 21000 CW 2023-07-09 0845 B8HQ          599 CRAC S58MU         599 28
QSO: 28015 CW 2023-07-09 0845 B8HQ          599 CRAC DL5JQ         599 28
QSO: 14237 PH 2023-07-09 0846 B8HQ          59 CRAC BD4SVU        59 44
QSO: 21000 CW 2023-07-09 0846 B8HQ          599 CRAC UY4W          599 29
QSO: 21026 CW 2023-07-09 0846 B8HQ          599 CRAC US3LX         599 29
QSO: 14050 CW 2023-07-09 0847 B8HQ          599 CRAC DS3EXT        599 44
QSO: 21026 CW 2023-07-09 0847 B8HQ          599 CRAC OG7F          599 18
QSO: 28000 PH 2023-07-09 0847 B8HQ          59 CRAC YT0HQ         59 SRS
QSO: 14066 CW 2023-07-09 0850 B8HQ          599 CRAC W6YX          599 06
QSO: 21026 CW 2023-07-09 0850 B8HQ          599 CRAC OK2ZV         599 28
QSO: 28016 CW 2023-07-09 0850 B8HQ          599 CRAC SV5DKL        599 28
QSO: 21000 CW 2023-07-09 0851 B8HQ          599 CRAC DL2YBG        599 28
QSO: 21026 CW 2023-07-09 0851 B8HQ          599 CRAC OG73X         599 18
QSO: 21026 CW 2023-07-09 0852 B8HQ          599 CRAC 9A2NO         599 28
QSO: 21026 CW 2023-07-09 0852 B8HQ          599 CRAC I42W          599 28
QSO: 21026 CW 2023-07-09 0852 B8HQ          599 CRAC MM1E          599 27
QSO: 28016 CW 2023-07-09 0853 B8HQ          599 CRAC R6AF          599 29
QSO: 21026 CW 2023-07-09 0854 B8HQ          599 43 OK7PZ         599 28
QSO: 21026 CW 2023-07-09 0855 B8HQ          599 CRAC R3VL          599 29
QSO: 21026 CW 2023-07-09 0855 B8HQ          599 CRAC SV2AEL        599 28
QSO: 21026 CW 2023-07-09 0856 B8HQ          599 CRAC DK1AX         599 28
QSO: 28015 CW 2023-07-09 0856 B8HQ          599 CRAC HA2KMR        599 28
QSO: 21026 CW 2023-07-09 0857 B8HQ          599 CRAC F6AUS         599 27
QSO: 21026 CW 2023-07-09 0858 B8HQ          599 CRAC DF3VM         599 28
QSO: 21026 CW 2023-07-09 0858 B8HQ          599 CRAC EA5GX         599 37
QSO: 21026 CW 2023-07-09 0859 B8HQ          599 CRAC LY7R          599 29
QSO: 28016 CW 2023-07-09 0859 B8HQ          599 CRAC SV2BXA        599 28
QSO: 21000 CW 2023-07-09 0900 B8HQ          599 CRAC DF7BL         599 28
QSO: 21026 CW 2023-07-09 0900 B8HQ          599 CRAC OK1TA         599 28
QSO: 28016 CW 2023-07-09 0900 B8HQ          599 CRAC OG73X         599 18
QSO: 21026 CW 2023-07-09 0901 B8HQ          599 CRAC EA4BAS        599 37
QSO: 28016 CW 2023-07-09 0902 B8HQ          599 CRAC LZ5Y          599 28
QSO: 28016 CW 2023-07-09 0902 B8HQ          599 CRAC RA5G          599 29
QSO: 14050 CW 2023-07-09 0903 B8HQ          599 CRAC BD3CT         599 44
QSO: 14050 CW 2023-07-09 0903 B8HQ          599 CRAC HS0ZNV        599 49
QSO: 21000 CW 2023-07-09 0903 B8HQ          599 CRAC SP9GR         599 28
QSO: 28015 CW 2023-07-09 0903 B8HQ          599 CRAC HG5C          599 28
QSO: 28015 CW 2023-07-09 0903 B8HQ          599 CRAC UP0L          599 30
QSO: 14237 PH 2023-07-09 0904 B8HQ          59 CRAC JG3RPL        59 45
QSO: 21026 CW 2023-07-09 0904 B8HQ          599 CRAC CT1GFQ        599 37
QSO: 21026 CW 2023-07-09 0905 B8HQ          599 CRAC EC3A          599 37
QSO: 21026 CW 2023-07-09 0905 B8HQ          599 CRAC RM1F          599 29
QSO: 28016 CW 2023-07-09 0905 B8HQ          599 CRAC RW9OW         599 31
QSO: 21000 CW 2023-07-09 0907 B8HQ          599 CRAC DM2TO         599 28
QSO: 21026 CW 2023-07-09 0907 B8HQ          599 CRAC 2E0INN        599 27
QSO: 14237 PH 2023-07-09 0908 B8HQ          59 CRAC BD3CT         59 44
QSO: 21026 CW 2023-07-09 0908 B8HQ          599 CRAC EA7GZQ        599 37
QSO: 28015 CW 2023-07-09 0908 B8HQ          599 CRAC EE3O          599 37
QSO: 21000 CW 2023-07-09 0909 B8HQ          599 CRAC HA7PO         599 28
QSO: 28016 CW 2023-07-09 0909 B8HQ          599 CRAC RG6G          599 29
QSO: 21025 CW 2023-07-09 0910 B8HQ          599 CRAC DM2BPG        599 28
QSO: 21026 CW 2023-07-09 0910 B8HQ          599 CRAC DF2IAX        599 28
QSO: 28016 CW 2023-07-09 0910 B8HQ          599 CRAC RT5C          599 29
QSO: 21026 CW 2023-07-09 0911 B8HQ          599 CRAC IO3X          599 28
QSO: 14279 PH 2023-07-09 0912 B8HQ          59 CRAC W1AW/KH6      59 ARRL
QSO: 28016 CW 2023-07-09 0912 B8HQ          599 CRAC YO4FPF        599 28
QSO: 21000 CW 2023-07-09 0913 B8HQ          599 TRRAC DL9MKN        599 28
QSO: 21026 CW 2023-07-09 0913 B8HQ          599 CRAC E70X          599 28
QSO: 21000 CW 2023-07-09 0914 B8HQ          599 CRAC DF5BX         599 28
QSO: 21000 CW 2023-07-09 0915 B8HQ          599 CRAC DG2BAR        599 28
QSO: 21026 CW 2023-07-09 0915 B8HQ          599 43 YL2PJ         599 29
QSO: 21000 CW 2023-07-09 0917 B8HQ          599 CRAC DL4DRW        599 28
QSO: 21026 CW 2023-07-09 0918 B8HQ          599 CRAC S54X          599 28
QSO: 28016 CW 2023-07-09 0919 B8HQ          599 CRAC 9A2NO         599 28
QSO: 28016 CW 2023-07-09 0921 B8HQ          599 CRAC IK6PTH        599 28
QSO: 21026 CW 2023-07-09 0923 B8HQ          599 CRAC R1ZM          599 19
QSO: 21026 CW 2023-07-09 0923 B8HQ          599 CRAC S59AA         599 28
QSO: 28015 CW 2023-07-09 0923 B8HQ          599 CRAC R3ZZ          599 29
QSO: 21026 CW 2023-07-09 0924 B8HQ          599 CRAC E77EA         599 28
QSO: 21026 CW 2023-07-09 0924 B8HQ          599 CRAC I4/UT2II      599 28
QSO: 21026 CW 2023-07-09 0925 B8HQ          599 CRAC LZ5DI         599 28
QSO: 21000 CW 2023-07-09 0926 B8HQ          599 CRAC DL8WEM        599 28
QSO: 21000 CW 2023-07-09 0926 B8HQ          599 CRAC YO2BLX        599 28
QSO: 14050 CW 2023-07-09 0927 B8HQ          599 CRAC BG8KVC        599 43
QSO: 21000 CW 2023-07-09 0928 B8HQ          599 CRAC HA3HK         599 28
QSO: 21026 CW 2023-07-09 0928 B8HQ          599 CRAC DL8WAA        599 28
QSO: 21026 CW 2023-07-09 0929 B8HQ          599 CRAC DJ3XA         599 28
QSO: 21026 CW 2023-07-09 0929 B8HQ          599 CRAC HA8TP         599 28
QSO: 14240 PH 2023-07-09 0930 B8HQ          59 CRAC JG2CNZ        59 45
QSO: 21026 CW 2023-07-09 0931 B8HQ          599 CRAC M6O           599 27
QSO: 21049 CW 2023-07-09 0931 B8HQ          599 CRAC HA8AT         599 28
QSO: 21000 CW 2023-07-09 0932 B8HQ          599 CRAC UA3UAD        599 29
QSO: 21000 CW 2023-07-09 0934 B8HQ          599 CRAC IK2AVH        599 28
QSO: 21026 CW 2023-07-09 0934 B8HQ          599 CRAC SV5DKL        599 28
QSO: 28055 CW 2023-07-09 0935 B8HQ          599 CRAC I46V          599 28
QSO: 21000 CW 2023-07-09 0936 B8HQ          599 CRAC JF1JDG        599 45
QSO: 28039 CW 2023-07-09 0936 B8HQ          599 CRAC I46Q          599 28
QSO: 21026 CW 2023-07-09 0937 B8HQ          599 CRAC OM7JG         599 28
QSO: 21000 CW 2023-07-09 0938 B8HQ          599 CRAC RN4SC         599 29
QSO: 21000 CW 2023-07-09 0938 B8HQ          599 CRAC YO9CWY        599 28
QSO: 28037 CW 2023-07-09 0938 B8HQ          599 CRAC LZ0HQ         599 BFRA
QSO: 21000 CW 2023-07-09 0940 B8HQ          599 CRAC E20MWE        599 49
QSO: 21000 CW 2023-07-09 0940 B8HQ          599 CRAC HA6NN         599 28
QSO: 14240 PH 2023-07-09 0941 B8HQ          59 CRAC BH3DAX        59 44
QSO: 21026 CW 2023-07-09 0941 B8HQ          599 CRAC RD7T          599 29
QSO: 21026 CW 2023-07-09 0941 B8HQ          599 CRAC UR6EA         599 29
QSO: 21026 CW 2023-07-09 0941 B8HQ          599 CRAC YO2ARM        599 28
QSO: 14050 CW 2023-07-09 0942 B8HQ          599 CRAC JI1HFJ        599 45
QSO: 21026 CW 2023-07-09 0942 B8HQ          599 CRAC IZ4DYQ        599 15
QSO: 21026 CW 2023-07-09 0942 B8HQ          599 CRAC RN4SS         599 29
QSO: 21026 CW 2023-07-09 0943 B8HQ          599 CRAC OH2JIU        599 18
QSO: 21026 CW 2023-07-09 0943 B8HQ          599 CRAC SP3MKS        599 28
QSO: 14000 CW 2023-07-09 0944 B8HQ          599 CRAC JM2RUV        599 45
QSO: 21026 CW 2023-07-09 0944 B8HQ          599 CRAC DL1YCF        599 28
QSO: 21026 CW 2023-07-09 0945 B8HQ          599 CRAC SD0W          599 18
QSO: 21026 CW 2023-07-09 0945 B8HQ          599 CRAC SD3A          599 18
QSO: 21000 CW 2023-07-09 0946 B8HQ          599 CRAC DL1ZAX        599 28
QSO: 21026 CW 2023-07-09 0946 B8HQ          599 CRAC DF7CP         599 28
QSO: 14040 CW 2023-07-09 0947 B8HQ          599 CRAC V31HQ         599 BARC
QSO: 21026 CW 2023-07-09 0947 B8HQ          599 CRAC UA1F          599 19
QSO: 28036 CW 2023-07-09 0947 B8HQ          599 CRAC EF6T          599 37
QSO: 14050 CW 2023-07-09 0948 B8HQ          599 CRAC N7DX          599 06
QSO: 21000 CW 2023-07-09 0948 B8HQ          599 CRAC F5SGI         599 27
QSO: 28033 CW 2023-07-09 0948 B8HQ          599 CRAC EF6B          599 37
QSO: 14050 CW 2023-07-09 0949 B8HQ          599 CRAC BA3KY         599 43
QSO: 21000 CW 2023-07-09 0949 B8HQ          599 CRAC JA6GMC        599 45
QSO: 21026 CW 2023-07-09 0950 B8HQ          599 CRAC BA7LRT        599 44
QSO: 14050 CW 2023-07-09 0951 B8HQ          599 CRAC W7RN          599 06
QSO: 21026 CW 2023-07-09 0951 B8HQ          599 CRAC OH3RM         599 18
QSO: 21026 CW 2023-07-09 0952 B8HQ          599 CRAC IT9ATF        599 28
QSO: 21026 CW 2023-07-09 0952 B8HQ          599 CRAC JI1BBN        599 45
QSO: 21026 CW 2023-07-09 0953 B8HQ          599 CRAC HA6KG         599 28
QSO: 21026 CW 2023-07-09 0954 B8HQ          599 CARC S56C          599 28
QSO: 28003 CW 2023-07-09 0954 B8HQ          599 CRAC VU2YYF        599 41
QSO: 21000 CW 2023-07-09 0955 B8HQ          599 ARAC DL4DRG        599 28
QSO: 21026 CW 2023-07-09 0955 B8HQ          599 CRAC DL0CK         599 28
QSO: 21026 CW 2023-07-09 0955 B8HQ          599 CRAC YL2KF         599 29
QSO: 21026 CW 2023-07-09 0956 B8HQ          599 CRAC DX0HQ         599 PARA
QSO: 21026 CW 2023-07-09 0956 B8HQ          599 CRAC OH1EB         599 18
QSO: 28016 CW 2023-07-09 0956 B8HQ          599 CRAC VU2GRM        599 41
QSO: 14000 CW 2023-07-09 0957 B8HQ          599 CRAC JF3BFS        599 45
QSO: 28016 CW 2023-07-09 0957 B8HQ          599 CRAC PY7RP         599 13
QSO: 28016 CW 2023-07-09 0958 B8HQ          599 CRAC EA5GX         599 37
QSO: 14032 CW 2023-07-09 0959 B8HQ          599 CRAC W1AW/KH6      599 ARRL
QSO: 21000 CW 2023-07-09 0959 B8HQ          599 CRAC DL0SOP        599 28
QSO: 21026 CW 2023-07-09 0959 B8HQ          599 CRAC SP5DJ         599 28
QSO: 21026 CW 2023-07-09 0959 B8HQ          599 CRAC SP6FXY        599 28
QSO: 28000 CW 2023-07-09 0959 B8HQ          599 CRAC DM2TO         599 28
QSO: 28015 CW 2023-07-09 0959 B8HQ          599 CRAC RX3RZ         599 29
QSO: 28016 CW 2023-07-09 1000 B8HQ          599 CRAC 9A6D          599 28
QSO: 28016 CW 2023-07-09 1000 B8HQ          599 CRAC E29AHU        599 49
QSO: 21000 CW 2023-07-09 1002 B8HQ          599 CRAC SP2FVN        599 28
QSO: 28016 CW 2023-07-09 1002 B8HQ          599 CRAC PY2RH         599 15
QSO: 14049 CW 2023-07-09 1003 B8HQ          599 CRAC RC0L          599 34
QSO: 21026 CW 2023-07-09 1004 B8HQ          599 CRAC CT7AOL        599 37
QSO: 21000 CW 2023-07-09 1005 B8HQ          599 CRAC UT3QZ         599 29
QSO: 21026 CW 2023-07-09 1005 B8HQ          599 CRAC RZ4M          599 29
QSO: 21026 CW 2023-07-09 1008 B8HQ          599 CRAC DL5YL         599 28
QSO: 21026 CW 2023-07-09 1008 B8HQ          599 CRAC OH1SIC        599 18
QSO: 28016 CW 2023-07-09 1008 B8HQ          599 CRAC CT3KN         599 36
QSO: 21000 CW 2023-07-09 1009 B8HQ          599 CRAC JA1GQC        599 45
QSO: 14000 PH 2023-07-09 1010 B8HQ          59 CRAC YB8UF         59 54
QSO: 21000 CW 2023-07-09 1010 B8HQ          599 CRAC SP3FSM        599 28
QSO: 21026 CW 2023-07-09 1011 B8HQ          599 CRAC HA1BC         599 28
QSO: 28035 CW 2023-07-09 1011 B8HQ          599 CRAC I43Z          599 28
QSO: 21026 CW 2023-07-09 1012 B8HQ          599 CRAC SP7P          599 28
QSO: 14035 CW 2023-07-09 1014 B8HQ          599 CRAC KL7RA         599 1
QSO: 21000 CW 2023-07-09 1016 B8HQ          599 CRAC OK1PFM        599 28
QSO: 14023 CW 2023-07-09 1017 B8HQ          599 CRAC N9RV          599 6
QSO: 21000 CW 2023-07-09 1017 B8HQ          599 CARC JG1RRH        599 45
QSO: 21025 CW 2023-07-09 1017 B8HQ          599 CRAC SM6LJU        599 18
QSO: 14026 CW 2023-07-09 1018 B8HQ          599 CRAC KH6CJJ        599 61
QSO: 21000 CW 2023-07-09 1018 B8HQ          599 CRAC OK1DVA        599 28
QSO: 28019 CW 2023-07-09 1018 B8HQ          599 CRAC LZ30RRC       599 28
QSO: 14000 PH 2023-07-09 1020 B8HQ          59 CRAC BG1STO        59 44
QSO: 21025 CW 2023-07-09 1020 B8HQ          599 CRAC JA6FFO        599 45
QSO: 21025 CW 2023-07-09 1020 B8HQ          599 CRAC OK1CZ         599 28
QSO: 21026 CW 2023-07-09 1021 B8HQ          599 CRAC OE3OPW        599 28
QSO: 21025 CW 2023-07-09 1022 B8HQ          599 CRAC LY1933DG      599 29
QSO: 21000 CW 2023-07-09 1023 B8HQ          599 CRAC UT2SW         599 29
QSO: 28018 CW 2023-07-09 1024 B8HQ          599 CRAC A47HQ         599 ROARS
QSO: 14043 CW 2023-07-09 1025 B8HQ          599 CRAC JA9CWJ        599 45
QSO: 14043 CW 2023-07-09 1025 B8HQ          599 CRAC JG1EIQ        599 45
QSO: 14000 CW 2023-07-09 1027 B8HQ          599 CRAC JA6GMC        599 45
QSO: 21025 CW 2023-07-09 1029 B8HQ          599 CRAC OK1HEH        599 28
QSO: 28016 CW 2023-07-09 1029 B8HQ          599 CRAC RU6K          599 29
QSO: 21025 CW 2023-07-09 1031 B8HQ          599 CRAC JO1VRK        599 45
QSO: 28016 CW 2023-07-09 1032 B8HQ          599 CRAC IZ4DYQ        599 15
QSO: 28016 CW 2023-07-09 1032 B8HQ          599 CRAC PX2A          599 15
QSO: 21025 CW 2023-07-09 1033 B8HQ          599 CRAC DL7ANR        599 28
QSO: 14007 CW 2023-07-09 1034 B8HQ          599 CRAC NX6T          599 06
QSO: 21025 CW 2023-07-09 1034 B8HQ          599 CRAC UP1G          599 17
QSO: 14005 CW 2023-07-09 1036 B8HQ          599 CRAC AJ6V          599 06
QSO: 21000 CW 2023-07-09 1036 B8HQ          599 CRAC DJ7UC         599 28
QSO: 14000 CW 2023-07-09 1037 B8HQ          599 CRAC JF3KCH        599 45
QSO: 21025 CW 2023-07-09 1037 B8HQ          599 CRAC JA6ELV        599 45
QSO: 21000 CW 2023-07-09 1038 B8HQ          599 CRAC OH5MQ         599 18
QSO: 21025 CW 2023-07-09 1038 B8HQ          599 CRAC I44Y          599 28
QSO: 14053 CW 2023-07-09 1039 B8HQ          599 CRAC NA8V          599 8
QSO: 21025 CW 2023-07-09 1040 B8HQ          599 CRAC JA6CVR        599 45
QSO: 14000 CW 2023-07-09 1042 B8HQ          599 CRAC JA1AGH        599 45
QSO: 21000 CW 2023-07-09 1044 B8HQ          599 CRAC YO6EX         599 28
QSO: 21000 CW 2023-07-09 1045 B8HQ          599 CRAC YD6ROA        599 54
QSO: 21025 CW 2023-07-09 1045 B8HQ          599 CRAC RX3RZ         599 29
QSO: 21025 CW 2023-07-09 1048 B8HQ          599 CRA DL4JU         599 28
QSO: 14023 CW 2023-07-09 1057 B8HQ          599 CRAC JA6FFO        599 45
QSO: 21000 CW 2023-07-09 1059 B8HQ          599 CRAC OM5WW         599 28
QSO: 21028 CW 2023-07-09 1059 B8HQ          599 CRAC SQ3M          599 28
QSO: 21028 CW 2023-07-09 1101 B8HQ          599 CRAC JJ3TBB        599 45
QSO: 14046 CW 2023-07-09 1104 B8HQ          599 CRAC RG6G          599 29
QSO: 21000 CW 2023-07-09 1105 B8HQ          599 CRSA RQ9F          599 30
QSO: 21029 CW 2023-07-09 1105 B8HQ          599 CRAC PR1T          599 15
QSO: 21029 CW 2023-07-09 1106 B8HQ          599 43 BG5MWN        599 44
QSO: 21028 CW 2023-07-09 1107 B8HQ          599 CRAC 9A3NC         599 28
QSO: 21028 CW 2023-07-09 1108 B8HQ          599 CRAC HA5NR         599 28
QSO: 21029 CW 2023-07-09 1108 B8HQ          599 CRAC HG3C          599 28
QSO: 21028 CW 2023-07-09 1109 B8HQ          599 CRAC UX5UN         599 29
QSO: 21029 CW 2023-07-09 1109 B8HQ          599 CRAC UA3AP         599 29
QSO: 21028 CW 2023-07-09 1110 B8HQ          599 CRAC R7FF          599 29
QSO: 21000 CW 2023-07-09 1111 B8HQ          599 CRAC DL4SEW        599 28
QSO: 21000 CW 2023-07-09 1112 B8HQ          599 CRAC SM5DXR        599 18
QSO: 28000 CW 2023-07-09 1113 B8HQ          599 CRAC PU1LEO        599 15
QSO: 21028 CW 2023-07-09 1114 B8HQ          599 CARC SQ3HTX        599 28
QSO: 21028 CW 2023-07-09 1116 B8HQ          599 CRAC IZ5FSA        599 28
QSO: 21028 CW 2023-07-09 1117 B8HQ          599 CRAC DK3WE         599 28
QSO: 21028 CW 2023-07-09 1117 B8HQ          599 CRAC RW9Y          599 31
QSO: 21028 CW 2023-07-09 1118 B8HQ          599 CRAC DL3ARK        599 28
QSO: 21028 CW 2023-07-09 1118 B8HQ          599 CRAC EA3DZ         599 37
QSO: 21029 CW 2023-07-09 1119 B8HQ          599 CRAC LZ1QN         599 28
QSO: 14018 CW 2023-07-09 1120 B8HQ          599 CRAC BA4DL         599 44
QSO: 21000 CW 2023-07-09 1120 B8HQ          599 CRAC YL2AG         599 29
QSO: 21028 CW 2023-07-09 1120 B8HQ          599 CRAC F8KGM         599 27
QSO: 14018 CW 2023-07-09 1121 B8HQ          599 CRAC HL3AMO        599 44
QSO: 21028 CW 2023-07-09 1121 B8HQ          599 CRAC RL2Y          599 29
QSO: 21028 CW 2023-07-09 1123 B8HQ          599 CRAC OH3KAV        599 18
QSO: 21028 CW 2023-07-09 1124 B8HQ          599 CRAC PA2LS         599 R1
QSO: 21028 CW 2023-07-09 1125 B8HQ          599 CRAC W2CDO         599 08
QSO: 21000 CW 2023-07-09 1126 B8HQ          599 CRAC IV3EAD        599 28
QSO: 21028 CW 2023-07-09 1128 B8HQ          599 43 OH8CW         599 18
QSO: 14021 CW 2023-07-09 1129 B8HQ          599 CRAC BD4VGZ        599 44
QSO: 21000 PH 2023-07-09 1129 B8HQ          59 CRAC AT1HQ         59 ARSI
QSO: 21028 CW 2023-07-09 1129 B8HQ          599 CRAC AB4SF         599 08
QSO: 21000 CW 2023-07-09 1130 B8HQ          599 CRAC DK0HR         599 28
QSO: 28019 CW 2023-07-09 1131 B8HQ          599 CRAC YO4DG         599 28
QSO: 21028 CW 2023-07-09 1132 B8HQ          599 CRAC DL4CF         599 28
QSO: 21028 CW 2023-07-09 1132 B8HQ          599 CRAC KU2C          599 08
QSO: 21028 CW 2023-07-09 1132 B8HQ          599 CRAC RC0L          599 34
QSO: 21028 CW 2023-07-09 1133 B8HQ          599 CRAC MI4I          599 27
QSO: 21028 CW 2023-07-09 1133 B8HQ          599 CRAC W3FIZ         599 08
QSO: 14025 CW 2023-07-09 1134 B8HQ          599 CRAC LW1F          599 14
QSO: 21028 CW 2023-07-09 1134 B8HQ          599 CRAC N4BP          599 08
QSO: 21028 CW 2023-07-09 1134 B8HQ          599 CRAC YL3FW         599 29
QSO: 21028 CW 2023-07-09 1135 B8HQ          599 CRAC LP7D          599 14
QSO: 21028 CW 2023-07-09 1136 B8HQ          599 CRAC JH2XQY        599 45
QSO: 21029 CW 2023-07-09 1137 B8HQ          599 CRAC UT5NR         599 29
QSO: 21028 CW 2023-07-09 1139 B8HQ          599 CRAC UA0SBQ        599 32
QSO: 21028 CW 2023-07-09 1140 B8HQ          599 CRAC N4XL          599 08
QSO: 21029 CW 2023-07-09 1140 B8HQ          599 CRAC UT7QF         599 29
QSO: 14000 CW 2023-07-09 1141 B8HQ          599 CRAC HS0ZOK        599 49
QSO: 14023 CW 2023-07-09 1142 B8HQ          599 CRAC VU2GRM        599 41
QSO: 21028 CW 2023-07-09 1143 B8HQ          599 CRAC PA3BUD        599 27
QSO: 21000 CW 2023-07-09 1145 B8HQ          599 CARC DL7UGO        599 28
QSO: 21028 CW 2023-07-09 1145 B8HQ          599 CRAC WZ8P          599 08
QSO: 21028 CW 2023-07-09 1146 B8HQ          599 CRAC DJ0SP         599 28
QSO: 14000 CW 2023-07-09 1147 B8HQ          599 CRAC YB1IQE        599 54
QSO: 21028 CW 2023-07-09 1147 B8HQ          599 CRAC RN3OG         599 29
QSO: 14023 CW 2023-07-09 1148 B8HQ          599 CRAC 3B8HK         599 53
QSO: 21000 CW 2023-07-09 1148 B8HQ          599 CRAC DD7NT         599 28
QSO: 14023 CW 2023-07-09 1149 B8HQ          599 CRAC JA1OHP        599 45
QSO: 14023 CW 2023-07-09 1150 B8HQ          599 CRAC JE4MHL        599 45
QSO: 21000 CW 2023-07-09 1150 B8HQ          599 CRAC OH2EA         599 18
QSO: 21028 CW 2023-07-09 1151 B8HQ          599 CRAC N4OX          599 08
QSO: 14023 CW 2023-07-09 1152 B8HQ          599 CRAC JG1TGQ        599 45
QSO: 21000 CW 2023-07-09 1152 B8HQ          599 CRAC YD6ROA        599 54
QSO: 21028 CW 2023-07-09 1152 B8HQ          599 CRAC PA5KT         599 27
QSO: 21000 CW 2023-07-09 1154 B8HQ          599 CRAC OG6B          599 18
QSO: 21028 CW 2023-07-09 1154 B8HQ          599 CRAC KH6AQ         599 61
QSO: 21028 CW 2023-07-09 1154 B8HQ          599 CRAC LB2WG         599 18
QSO: 14023 CW 2023-07-09 1155 B8HQ          599 CRAC VK3WIA        599 WIA
QSO: 21028 CW 2023-07-09 1155 B8HQ          599 CRAC DJ1XT         599 28
QSO: 21029 CW 2023-07-09 1157 B8HQ          599 CRAC RW4CLF        599 29
QSO: 21029 CW 2023-07-09 1158 B8HQ          599 CRAC EW1P          599 29
QSO: 14013 CW 2023-07-09 1159 B8HQ          599 CRAC ZP5AA         599 RCP
END-OF-LOG:
