START-OF-LOG: 3.0
CATEGORY: Multi-OP
CONTEST: WAE SSB
LOCATION: DX
CALLSIGN: PX5X
CLUB: RIO DX GROUP
CLAIMED-SCORE: 699552
OPERATORS: PP5KE PP5FB
ADDRESS-CITY: Biguacu
ADDRESS-STATE-PROVINCE: SC
ADDRESS-POSTALCODE: 88196-899
ADDRESS-COUNTRY: Brazil
GRID-LOCATOR: GG51FW
CREATED-BY: N1MM Logger+ 1.0.10919.0, modified by DXHF upload.
QSO:   14221 PH 2025-09-13 0001 PX5X          59  0001   I6NOA         59  0002
QSO:   14221 PH 2025-09-13 0001 PX5X          59  0002   DL5L          59  0002
QSO:   14221 PH 2025-09-13 0003 PX5X          59  0003   DL7LX         59  0002
QSO:   14221 PH 2025-09-13 0004 PX5X          59  0004   IU0SRH        59  0002
QSO:   14221 PH 2025-09-13 0006 PX5X          59  0005   IK0PHY        59  0007
QSO:   14221 PH 2025-09-13 0006 PX5X          59  0006   IK0PHY        59  0000
QTC:   14221 PH 2025-09-13 0006 IK0PHY        1/4        PX5X          0001 I6NOA         0002
QTC:   14221 PH 2025-09-13 0006 IK0PHY        1/4        PX5X          0001 DL5L          0002
QTC:   14221 PH 2025-09-13 0007 IK0PHY        1/4        PX5X          0003 DL7LX         0002
QTC:   14221 PH 2025-09-13 0007 IK0PHY        1/4        PX5X          0004 IU0SRH        0002
QSO:   14221 PH 2025-09-13 0008 PX5X          59  0007   DP6A          59  0003
QSO:   14221 PH 2025-09-13 0012 PX5X          59  0008   RU1A          59  0034
QSO:   14221 PH 2025-09-13 0014 PX5X          59  0009   IT9/DK6XZ     59  0005
QSO:   14221 PH 2025-09-13 0015 PX5X          59  0010   SN7T          59  0008
QTC:   14221 PH 2025-09-13 0015 SN7T          2/4        PX5X          0006 IK0PHY        0007
QTC:   14221 PH 2025-09-13 0015 SN7T          2/4        PX5X          0008 DP6A          0003
QTC:   14221 PH 2025-09-13 0015 SN7T          2/4        PX5X          0012 RU1A          0034
QTC:   14221 PH 2025-09-13 0015 SN7T          2/4        PX5X          0014 IT9/DK6XZ     0005
QSO:   14221 PH 2025-09-13 0016 PX5X          59  0011   DM1I          59  0004
QSO:   14221 PH 2025-09-13 0017 PX5X          59  0012   DP7D          59  0023
QSO:   14221 PH 2025-09-13 0019 PX5X          59  0013   IT9FRX        59  0001
QSO:   14221 PH 2025-09-13 0020 PX5X          59  0014   DR4A          59  0031
QTC:   14221 PH 2025-09-13 0020 DR4A          3/4        PX5X          0015 SN7T          0008
QTC:   14221 PH 2025-09-13 0021 DR4A          3/4        PX5X          0016 DM1I          0004
QTC:   14221 PH 2025-09-13 0021 DR4A          3/4        PX5X          0017 DP7D          0023
QTC:   14221 PH 2025-09-13 0021 DR4A          3/4        PX5X          0019 IT9FRX        0001
QSO:   14221 PH 2025-09-13 0021 PX5X          59  0015   DP6C          59  0006
QSO:   14221 PH 2025-09-13 0022 PX5X          59  0016   EF7O          59  0004
QSO:   14221 PH 2025-09-13 0022 PX5X          59  0017   DH1PS         59  0011
QSO:   14221 PH 2025-09-13 0023 PX5X          59  0018   DL3RC         59  0007
QSO:   14221 PH 2025-09-13 0024 PX5X          59  0019   DK0OG         59  0031
QSO:   14221 PH 2025-09-13 0025 PX5X          59  0020   EA1X          59  0002
QSO:   14221 PH 2025-09-13 0025 PX5X          59  0021   LY5W          59  0030
QTC:   14221 PH 2025-09-13 0025 LY5W          4/7        PX5X          0020 DR4A          0031
QTC:   14221 PH 2025-09-13 0026 LY5W          4/7        PX5X          0021 DP6C          0006
QTC:   14221 PH 2025-09-13 0026 LY5W          4/7        PX5X          0022 EF7O          0004
QTC:   14221 PH 2025-09-13 0026 LY5W          4/7        PX5X          0022 DH1PS         0011
QTC:   14221 PH 2025-09-13 0026 LY5W          4/7        PX5X          0023 DL3RC         0007
QTC:   14221 PH 2025-09-13 0026 LY5W          4/7        PX5X          0024 DK0OG         0031
QTC:   14221 PH 2025-09-13 0026 LY5W          4/7        PX5X          0025 EA1X          0002
QSO:   14221 PH 2025-09-13 0026 PX5X          59  0022   IU3QMK        59  0018
QSO:   14221 PH 2025-09-13 0029 PX5X          59  0023   SO7E          59  0009
QSO:   14221 PH 2025-09-13 0030 PX5X          59  0024   OT7Q          59  0027
QTC:   14221 PH 2025-09-13 0030 OT7Q          5/3        PX5X          0025 LY5W          0030
QTC:   14221 PH 2025-09-13 0031 OT7Q          5/3        PX5X          0026 IU3QMK        0018
QTC:   14221 PH 2025-09-13 0031 OT7Q          5/3        PX5X          0029 SO7E          0009
QSO:   14221 PH 2025-09-13 0034 PX5X          59  0025   E7DX          59  0107
QSO:   14221 PH 2025-09-13 0036 PX5X          59  0026   OT8M          59  0016
QSO:   14221 PH 2025-09-13 0038 PX5X          59  0027   DK9IP         59  0055
QTC:   14221 PH 2025-09-13 0038 DK9IP         6/3        PX5X          0030 OT7Q          0027
QSO:   14221 PH 2025-09-13 0043 PX5X          59  0028   MM9I          59  0062
QSO:   14221 PH 2025-09-13 0044 PX5X          59  0029   DQ6N          59  0018
QTC:   14221 PH 2025-09-13 0045 DQ6N          7/4        PX5X          0034 E7DX          0107
QTC:   14221 PH 2025-09-13 0045 DQ6N          7/4        PX5X          0036 OT8M          0016
QTC:   14221 PH 2025-09-13 0045 DQ6N          7/4        PX5X          0038 DK9IP         0055
QTC:   14221 PH 2025-09-13 0045 DQ6N          7/4        PX5X          0043 MM9I          0062
QSO:    7171 PH 2025-09-13 0053 PX5X          59  0030   OM2VL         59  0080
QSO:    7196 PH 2025-09-13 0059 PX5X          59  0031   DL9ECA        59  0050
QSO:    7194 PH 2025-09-13 0100 PX5X          59  0032   DF0HQ         59  0116
QSO:    7180 PH 2025-09-13 0101 PX5X          59  0033   E7DX          59  0149
QTC:    7180 PH 2025-09-13 0102 E7DX          8/4        PX5X          0044 DQ6N          0018
QTC:    7180 PH 2025-09-13 0102 E7DX          8/4        PX5X          0053 OM2VL         0080
QTC:    7180 PH 2025-09-13 0102 E7DX          8/4        PX5X          0059 DL9ECA        0050
QTC:    7180 PH 2025-09-13 0102 E7DX          8/4        PX5X          0100 DF0HQ         0116
QSO:    7177 PH 2025-09-13 0103 PX5X          59  0034   DP7D          59  0114
QSO:    7168 PH 2025-09-13 0107 PX5X          59  0035   RU1A          59  0090
QSO:    7158 PH 2025-09-13 0110 PX5X          59  0036   EA5DFV        59  0098
QSO:    7139 PH 2025-09-13 0116 PX5X          59  0037   LZ5R          59  0071
QSO:    7127 PH 2025-09-13 0117 PX5X          59  0038   MM9I          59  0077
QSO:    7189 PH 2025-09-13 0146 PX5X          59  0039   CT7BJG        59  0052
QSO:    7195 PH 2025-09-13 0149 PX5X          59  0040   DR4A          59  0105
QSO:    7134 PH 2025-09-13 0154 PX5X          59  0041   OT7Q          59  0074
QSO:    7198 PH 2025-09-13 0157 PX5X          59  0042   DP6A          59  0090
QSO:    7191 PH 2025-09-13 0200 PX5X          59  0043   OM0R          59  0136
QSO:    7193 PH 2025-09-13 0201 PX5X          59  0044   DF0HQ         59  0173
QSO:   14222 PH 2025-09-13 0208 PX5X          59  0045   OM0R          59  0142
QTC:   14222 PH 2025-09-13 0209 OM0R          9/10       PX5X          0101 E7DX          0149
QTC:   14222 PH 2025-09-13 0210 OM0R          9/10       PX5X          0103 DP7D          0114
QTC:   14222 PH 2025-09-13 0210 OM0R          9/10       PX5X          0107 RU1A          0090
QTC:   14222 PH 2025-09-13 0210 OM0R          9/10       PX5X          0110 EA5DFV        0098
QTC:   14222 PH 2025-09-13 0210 OM0R          9/10       PX5X          0116 LZ5R          0071
QTC:   14222 PH 2025-09-13 0210 OM0R          9/10       PX5X          0117 MM9I          0077
QTC:   14222 PH 2025-09-13 0210 OM0R          9/10       PX5X          0146 CT7BJG        0052
QTC:   14222 PH 2025-09-13 0210 OM0R          9/10       PX5X          0149 DR4A          0105
QTC:   14222 PH 2025-09-13 0211 OM0R          9/10       PX5X          0154 OT7Q          0074
QTC:   14222 PH 2025-09-13 0211 OM0R          9/10       PX5X          0157 DP6A          0090
QSO:   14246 PH 2025-09-13 0212 PX5X          59  0046   IP3G          59  0001
QSO:   14310 PH 2025-09-13 0214 PX5X          59  0047   LZ5R          59  0132
QSO:   14219 PH 2025-09-13 0219 PX5X          59  0048   PC2K          59  0032
QSO:   14219 PH 2025-09-13 0220 PX5X          59  0049   DL9UP         59  0009
QTC:   14219 PH 2025-09-13 0221 DL9UP         10/5       PX5X          0200 OM0R          0136
QTC:   14219 PH 2025-09-13 0221 DL9UP         10/5       PX5X          0208 OM0R          0142
QTC:   14219 PH 2025-09-13 0221 DL9UP         10/5       PX5X          0212 IP3G          0001
QTC:   14219 PH 2025-09-13 0221 DL9UP         10/5       PX5X          0214 LZ5R          0132
QTC:   14219 PH 2025-09-13 0221 DL9UP         10/5       PX5X          0219 PC2K          0032
QSO:   14219 PH 2025-09-13 0222 PX5X          59  0050   EA5DFV        59  0159
QSO:   14219 PH 2025-09-13 0223 PX5X          59  0051   DA2X          59  0052
QTC:   14219 PH 2025-09-13 0223 DA2X          11/2       PX5X          0220 DL9UP         0009
QTC:   14219 PH 2025-09-13 0224 DA2X          11/2       PX5X          0222 EA5DFV        0159
QSO:   14219 PH 2025-09-13 0224 PX5X          59  0052   IT9DQM        59  0005
QSO:   14219 PH 2025-09-13 0225 PX5X          59  0053   DR6T          59  0029
QSO:   14219 PH 2025-09-13 0226 PX5X          59  0054   OM7M          59  0154
QSO:   14272 PH 2025-09-13 0228 PX5X          59  0055   DL3ON         59  0121
QSO:   14245 PH 2025-09-13 0231 PX5X          59  0056   CT7BJG        59  0071
QTC:   14253 PH 2025-09-13 0232 DP6A          12/6       PX5X          0223 DA2X          0052
QTC:   14253 PH 2025-09-13 0232 DP6A          12/6       PX5X          0224 IT9DQM        0005
QTC:   14253 PH 2025-09-13 0232 DP6A          12/6       PX5X          0225 DR6T          0029
QTC:   14253 PH 2025-09-13 0233 DP6A          12/6       PX5X          0226 OM7M          0154
QTC:   14253 PH 2025-09-13 0233 DP6A          12/6       PX5X          0228 DL3ON         0121
QTC:   14253 PH 2025-09-13 0233 DP6A          12/6       PX5X          0231 CT7BJG        0071
QSO:   14219 PH 2025-09-13 0235 PX5X          59  0057   DL0HN         59  0046
QSO:   14219 PH 2025-09-13 0236 PX5X          59  0058   F4BPO         59  0014
QTC:   14219 PH 2025-09-13 0238 RU1A          13/2       PX5X          0235 DL0HN         0046
QTC:   14219 PH 2025-09-13 0238 RU1A          13/2       PX5X          0236 F4BPO         0014
QSO:   14219 PH 2025-09-13 0239 PX5X          59  0059   IU5RDN        59  0005
QSO:   14219 PH 2025-09-13 0240 PX5X          59  0060   DJ4WT         59  0029
QSO:    7157 PH 2025-09-13 0245 PX5X          59  0061   HB9EHJ        59  0066
QSO:    7133 PH 2025-09-13 0248 PX5X          59  0062   HA3DX         59  0067
QSO:    7185 PH 2025-09-13 0249 PX5X          59  0063   LY5W          59  0079
QSO:    7190 PH 2025-09-13 0250 PX5X          59  0064   EI7M          59  0283
QSO:    7179 PH 2025-09-13 0253 PX5X          59  0065   PC2K          59  0042
QSO:    7132 PH 2025-09-13 0255 PX5X          59  0066   IU3QMK        59  0094
QSO:    7196 PH 2025-09-13 0258 PX5X          59  0067   DL3ON         59  0140
QSO:   14232 PH 2025-09-13 0305 PX5X          59  0068   HA3DX         59  0074
QTC:   14232 PH 2025-09-13 0306 HA3DX         14/8       PX5X          0239 IU5RDN        0005
QTC:   14232 PH 2025-09-13 0306 HA3DX         14/8       PX5X          0240 DJ4WT         0029
QTC:   14232 PH 2025-09-13 0306 HA3DX         14/8       PX5X          0245 HB9EHJ        0066
QTC:   14232 PH 2025-09-13 0306 HA3DX         14/8       PX5X          0249 LY5W          0079
QTC:   14232 PH 2025-09-13 0307 HA3DX         14/8       PX5X          0250 EI7M          0283
QTC:   14232 PH 2025-09-13 0307 HA3DX         14/8       PX5X          0253 PC2K          0042
QTC:   14232 PH 2025-09-13 0307 HA3DX         14/8       PX5X          0255 IU3QMK        0094
QTC:   14232 PH 2025-09-13 0307 HA3DX         14/8       PX5X          0258 DL3ON         0140
QSO:    7184 PH 2025-09-13 0311 PX5X          59  0069   R3VR          59  0019
QSO:    7184 PH 2025-09-13 0314 PX5X          59  0070   DL0HN         59  0053
QSO:    7184 PH 2025-09-13 0314 PX5X          59  0071   UA3AGW        59  0012
QTC:    7184 PH 2025-09-13 0315 LY5W          15/3       PX5X          0248 HA3DX         0067
QTC:    7184 PH 2025-09-13 0315 LY5W          15/3       PX5X          0305 HA3DX         0074
QTC:    7184 PH 2025-09-13 0315 LY5W          15/3       PX5X          0311 R3VR          0019
QSO:   14219 PH 2025-09-13 0332 PX5X          59  0072   EC1A          59  0018
QTC:   14219 PH 2025-09-13 0333 OT8M          16/3       PX5X          0314 DL0HN         0053
QTC:   14219 PH 2025-09-13 0333 OT8M          16/3       PX5X          0314 UA3AGW        0012
QTC:   14219 PH 2025-09-13 0334 OT8M          16/3       PX5X          0332 EC1A          0018
QSO:    7141 PH 2025-09-13 0350 PX5X          59  0073   HA3NU         59  0125
QSO:    7186 PH 2025-09-13 0409 PX5X          59  0074   DL5L          59  0081
QSO:    7186 PH 2025-09-13 0412 PX5X          59  0075   DK5DQ         59  0019
QSO:    7186 PH 2025-09-13 0413 PX5X          59  0076   SP8DR         59  0025
QSO:    7148 PH 2025-09-13 0418 PX5X          59  0077   UW5Y          59  0158
QSO:    7183 PH 2025-09-13 0433 PX5X          59  0078   HA0NAR        59  0005
QSO:    7183 PH 2025-09-13 0438 PX5X          59  0079   DQ6N          59  0076
QSO:    7183 PH 2025-09-13 0441 PX5X          59  0080   SP7OQI        59  0019
QTC:    7183 PH 2025-09-13 0444 R3VR          17/8       PX5X          0350 HA3NU         0125
QTC:    7183 PH 2025-09-13 0444 R3VR          17/8       PX5X          0409 DL5L          0081
QTC:    7183 PH 2025-09-13 0444 R3VR          17/8       PX5X          0412 DK5DQ         0019
QTC:    7183 PH 2025-09-13 0444 R3VR          17/8       PX5X          0413 SP8DR         0025
QTC:    7183 PH 2025-09-13 0444 R3VR          17/8       PX5X          0418 UW5Y          0158
QTC:    7183 PH 2025-09-13 0444 R3VR          17/8       PX5X          0433 HA0NAR        0005
QTC:    7183 PH 2025-09-13 0444 R3VR          17/8       PX5X          0438 DQ6N          0076
QTC:    7183 PH 2025-09-13 0445 R3VR          17/8       PX5X          0441 SP7OQI        0019
QSO:    7183 PH 2025-09-13 0450 PX5X          59  0081   PC0A          59  0029
QSO:    7183 PH 2025-09-13 0453 PX5X          59  0082   SP4SHD        59  0033
QSO:    7183 PH 2025-09-13 0455 PX5X          59  0083   HA3OU         59  0026
QSO:    7183 PH 2025-09-13 0457 PX5X          59  0084   I8KCI         59  0005
QSO:   14240 PH 2025-09-13 0511 PX5X          59  0085   DL4YAO        59  0003
QSO:   14240 PH 2025-09-13 0514 PX5X          59  0086   EU2EU         59  0004
QSO:   14240 PH 2025-09-13 0517 PX5X          59  0087   DL8ULF        59  0014
QSO:    7183 PH 2025-09-13 0526 PX5X          59  0088   DK4VW         59  0030
QSO:    7157 PH 2025-09-13 0528 PX5X          59  0089   F4HRM         59  0022
QTC:    7157 PH 2025-09-13 0529 F4HRM         18/8       PX5X          0450 PC0A          0029
QTC:    7157 PH 2025-09-13 0529 F4HRM         18/8       PX5X          0453 SP4SHD        0033
QTC:    7157 PH 2025-09-13 0529 F4HRM         18/8       PX5X          0455 HA3OU         0026
QTC:    7157 PH 2025-09-13 0530 F4HRM         18/8       PX5X          0457 I8KCI         0005
QTC:    7157 PH 2025-09-13 0530 F4HRM         18/8       PX5X          0511 DL4YAO        0003
QTC:    7157 PH 2025-09-13 0530 F4HRM         18/8       PX5X          0514 EU2EU         0004
QTC:    7157 PH 2025-09-13 0530 F4HRM         18/8       PX5X          0517 DL8ULF        0014
QTC:    7157 PH 2025-09-13 0530 F4HRM         18/8       PX5X          0526 DK4VW         0030
QSO:    7182 PH 2025-09-13 0532 PX5X          59  0090   DK2R          59  0046
QSO:    7182 PH 2025-09-13 0533 PX5X          59  0091   F5MGN         59  0011
QSO:    7182 PH 2025-09-13 0533 PX5X          59  0092   ON6NL         59  0019
QSO:    7182 PH 2025-09-13 0537 PX5X          59  0093   IN3JHZ        59  0005
QSO:    7182 PH 2025-09-13 0538 PX5X          59  0094   F5VBD         59  0014
QSO:    7182 PH 2025-09-13 0539 PX5X          59  0095   DL2LBK        59  0010
QSO:    7182 PH 2025-09-13 0540 PX5X          59  0096   DJ4WT         59  0043
QSO:    7182 PH 2025-09-13 0542 PX5X          59  0097   MM0DVZ        59  0003
QSO:    7182 PH 2025-09-13 0544 PX5X          59  0098   F4IEX         59  0005
QSO:    7182 PH 2025-09-13 0545 PX5X          59  0099   DL9UP         59  0066
QSO:    7182 PH 2025-09-13 0545 PX5X          59  0100   DJ3HW         59  0004
QSO:    7182 PH 2025-09-13 0547 PX5X          59  0101   DK9BTX        59  0077
QSO:    7182 PH 2025-09-13 0548 PX5X          59  0102   PG7M          59  0002
QSO:    7164 PH 2025-09-13 0552 PX5X          59  0103   F6ECS/P       59  0007
QSO:    7164 PH 2025-09-13 0555 PX5X          59  0104   PA3AAV        59  0007
QSO:    7164 PH 2025-09-13 0556 PX5X          59  0105   IK2AUK        59  0007
QSO:    7164 PH 2025-09-13 0557 PX5X          59  0106   DL8TT         59  0015
QSO:    7164 PH 2025-09-13 0558 PX5X          59  0107   IZ1JKH        59  0001
QSO:    7164 PH 2025-09-13 0559 PX5X          59  0108   DM1I          59  0052
QSO:    7164 PH 2025-09-13 0559 PX5X          59  0109   DK9HN         59  0015
QSO:    7164 PH 2025-09-13 0600 PX5X          59  0110   SO7E          59  0083
QSO:    7164 PH 2025-09-13 0600 PX5X          59  0111   DG1KJG        59  0009
QSO:    7164 PH 2025-09-13 0600 PX5X          59  0112   DR6T          59  0037
QSO:    7164 PH 2025-09-13 0601 PX5X          59  0113   ON3WG         59  0001
QSO:    7164 PH 2025-09-13 0602 PX5X          59  0114   PD5S          59  0005
QSO:    7164 PH 2025-09-13 0603 PX5X          59  0115   ON5WG         59  0001
QSO:    7164 PH 2025-09-13 0604 PX5X          59  0116   SM4W          59  0178
QSO:    7164 PH 2025-09-13 0605 PX5X          59  0117   SN7D          59  0007
QSO:    7164 PH 2025-09-13 0605 PX5X          59  0118   F4EQN         59  0004
QSO:    7164 PH 2025-09-13 0606 PX5X          59  0119   DK9IP         59  0109
QTC:    7164 PH 2025-09-13 0609 MM9I          19/10      PX5X          0528 F4HRM         0022
QTC:    7164 PH 2025-09-13 0609 MM9I          19/10      PX5X          0532 DK2R          0046
QTC:    7164 PH 2025-09-13 0609 MM9I          19/10      PX5X          0533 F5MGN         0011
QTC:    7164 PH 2025-09-13 0609 MM9I          19/10      PX5X          0533 ON6NL         0019
QTC:    7164 PH 2025-09-13 0610 MM9I          19/10      PX5X          0537 IN3JHZ        0005
QTC:    7164 PH 2025-09-13 0610 MM9I          19/10      PX5X          0538 F5VBD         0014
QTC:    7164 PH 2025-09-13 0610 MM9I          19/10      PX5X          0539 DL2LBK        0010
QTC:    7164 PH 2025-09-13 0610 MM9I          19/10      PX5X          0540 DJ4WT         0043
QTC:    7164 PH 2025-09-13 0610 MM9I          19/10      PX5X          0542 MM0DVZ        0003
QTC:    7164 PH 2025-09-13 0610 MM9I          19/10      PX5X          0544 F4IEX         0005
QSO:    7164 PH 2025-09-13 0611 PX5X          59  0120   F5UFX         59  0009
QSO:    7164 PH 2025-09-13 0612 PX5X          59  0121   DL8FL         59  0005
QSO:    7164 PH 2025-09-13 0615 PX5X          59  0122   IV3ZXF        59  0007
QSO:    7164 PH 2025-09-13 0616 PX5X          59  0123   F5ICC         59  0002
QSO:    7164 PH 2025-09-13 0618 PX5X          59  0124   F4DVO         59  0010
QSO:    7164 PH 2025-09-13 0619 PX5X          59  0125   DF7HH         59  0008
QSO:    7164 PH 2025-09-13 0620 PX5X          59  0126   EA4KD         59  0019
QSO:    7164 PH 2025-09-13 0624 PX5X          59  0127   F4HQZ         59  0006
QSO:    7164 PH 2025-09-13 0627 PX5X          59  0128   OE5CCN        59  0002
QSO:    7164 PH 2025-09-13 0631 PX5X          59  0129   M0CHK         59  0005
QSO:    7164 PH 2025-09-13 0633 PX5X          59  0130   G3PXT         59  0002
QSO:    7164 PH 2025-09-13 0635 PX5X          59  0131   HB9AFI        59  0031
QSO:    7164 PH 2025-09-13 0648 PX5X          59  0132   EA1R          59  0003
QSO:   21300 PH 2025-09-13 0944 PX5X          59  0133   SN1O          59  0040
QTC:   21300 PH 2025-09-13 0944 SN1O          20/10      PX5X          0545 DL9UP         0066
QTC:   21300 PH 2025-09-13 0944 SN1O          20/10      PX5X          0545 DJ3HW         0004
QTC:   21300 PH 2025-09-13 0945 SN1O          20/10      PX5X          0547 DK9BTX        0077
QTC:   21300 PH 2025-09-13 0945 SN1O          20/10      PX5X          0548 PG7M          0002
QTC:   21300 PH 2025-09-13 0945 SN1O          20/10      PX5X          0552 F6ECS/P       0007
QTC:   21300 PH 2025-09-13 0945 SN1O          20/10      PX5X          0555 PA3AAV        0007
QTC:   21300 PH 2025-09-13 0945 SN1O          20/10      PX5X          0556 IK2AUK        0007
QTC:   21300 PH 2025-09-13 0946 SN1O          20/10      PX5X          0557 DL8TT         0015
QTC:   21300 PH 2025-09-13 0946 SN1O          20/10      PX5X          0558 IZ1JKH        0001
QTC:   21300 PH 2025-09-13 0946 SN1O          20/10      PX5X          0559 DM1I          0052
QSO:   21300 PH 2025-09-13 0946 PX5X          59  0134   SP9XCN        59  0063
QTC:   21300 PH 2025-09-13 0946 SP9XCN        21/10      PX5X          0559 DK9HN         0015
QTC:   21300 PH 2025-09-13 0947 SP9XCN        21/10      PX5X          0600 SO7E          0083
QTC:   21300 PH 2025-09-13 0947 SP9XCN        21/10      PX5X          0600 DG1KJG        0009
QTC:   21300 PH 2025-09-13 0947 SP9XCN        21/10      PX5X          0600 DR6T          0037
QTC:   21300 PH 2025-09-13 0947 SP9XCN        21/10      PX5X          0601 ON3WG         0001
QTC:   21300 PH 2025-09-13 0947 SP9XCN        21/10      PX5X          0602 PD5S          0005
QTC:   21300 PH 2025-09-13 0947 SP9XCN        21/10      PX5X          0603 ON5WG         0001
QTC:   21300 PH 2025-09-13 0948 SP9XCN        21/10      PX5X          0604 SM4W          0178
QTC:   21300 PH 2025-09-13 0948 SP9XCN        21/10      PX5X          0605 SN7D          0007
QTC:   21300 PH 2025-09-13 0948 SP9XCN        21/10      PX5X          0605 F4EQN         0004
QSO:   21300 PH 2025-09-13 0948 PX5X          59  0135   IW0SAG        59  0003
QSO:   21300 PH 2025-09-13 0949 PX5X          59  0136   CT7BFV        59  0001
QSO:   21300 PH 2025-09-13 0949 PX5X          59  0137   CT7BJG        59  0120
QSO:   21300 PH 2025-09-13 0950 PX5X          59  0138   DA2R          59  0099
QTC:   21300 PH 2025-09-13 0950 DA2R          22/10      PX5X          0606 DK9IP         0109
QTC:   21300 PH 2025-09-13 0950 DA2R          22/10      PX5X          0611 F5UFX         0009
QTC:   21300 PH 2025-09-13 0951 DA2R          22/10      PX5X          0612 DL8FL         0005
QTC:   21300 PH 2025-09-13 0951 DA2R          22/10      PX5X          0615 IV3ZXF        0007
QTC:   21300 PH 2025-09-13 0951 DA2R          22/10      PX5X          0616 F5ICC         0002
QTC:   21300 PH 2025-09-13 0951 DA2R          22/10      PX5X          0618 F4DVO         0010
QTC:   21300 PH 2025-09-13 0951 DA2R          22/10      PX5X          0619 DF7HH         0008
QTC:   21300 PH 2025-09-13 0951 DA2R          22/10      PX5X          0620 EA4KD         0019
QTC:   21300 PH 2025-09-13 0951 DA2R          22/10      PX5X          0624 F4HQZ         0006
QTC:   21300 PH 2025-09-13 0952 DA2R          22/10      PX5X          0627 OE5CCN        0002
QSO:   21300 PH 2025-09-13 0952 PX5X          59  0139   IU7QBB        59  0003
QSO:   21300 PH 2025-09-13 0952 PX5X          59  0140   DL1PP         59  0051
QSO:   21300 PH 2025-09-13 0952 PX5X          59  0141   SN7T          59  0132
QTC:   21300 PH 2025-09-13 0953 SN7T          23/6       PX5X          0631 M0CHK         0005
QTC:   21300 PH 2025-09-13 0953 SN7T          23/6       PX5X          0633 G3PXT         0002
QTC:   21300 PH 2025-09-13 0953 SN7T          23/6       PX5X          0635 HB9AFI        0031
QTC:   21300 PH 2025-09-13 0953 SN7T          23/6       PX5X          0648 EA1R          0003
QTC:   21300 PH 2025-09-13 0953 SN7T          23/6       PX5X          0944 SN1O          0040
QTC:   21300 PH 2025-09-13 0953 SN7T          23/6       PX5X          0946 SP9XCN        0063
QSO:   21300 PH 2025-09-13 0954 PX5X          59  0142   OK1KKC        59  0232
QSO:   21300 PH 2025-09-13 0954 PX5X          59  0143   DL5RMH        59  0021
QTC:   21300 PH 2025-09-13 0955 DL5RMH        24/8       PX5X          0948 IW0SAG        0003
QTC:   21300 PH 2025-09-13 0955 DL5RMH        24/8       PX5X          0949 CT7BFV        0001
QTC:   21300 PH 2025-09-13 0955 DL5RMH        24/8       PX5X          0949 CT7BJG        0120
QTC:   21300 PH 2025-09-13 0955 DL5RMH        24/8       PX5X          0950 DA2R          0099
QTC:   21300 PH 2025-09-13 0955 DL5RMH        24/8       PX5X          0952 IU7QBB        0003
QTC:   21300 PH 2025-09-13 0955 DL5RMH        24/8       PX5X          0952 DL1PP         0051
QTC:   21300 PH 2025-09-13 0956 DL5RMH        24/8       PX5X          0952 SN7T          0132
QTC:   21300 PH 2025-09-13 0956 DL5RMH        24/8       PX5X          0954 OK1KKC        0232
QSO:   21300 PH 2025-09-13 0957 PX5X          59  0144   SE2P          59  0052
QSO:   21300 PH 2025-09-13 0957 PX5X          59  0145   DR7X          59  0019
QTC:   21300 PH 2025-09-13 0957 DR7X          25/2       PX5X          0954 DL5RMH        0021
QTC:   21300 PH 2025-09-13 0957 DR7X          25/2       PX5X          0957 SE2P          0052
QSO:   21300 PH 2025-09-13 0958 PX5X          59  0146   UR1UU         59  0057
QSO:   21300 PH 2025-09-13 0958 PX5X          59  0147   RU1A          59  0434
QSO:   21300 PH 2025-09-13 0958 PX5X          59  0148   LZ5R          59  0339
QTC:   21300 PH 2025-09-13 0958 LZ5R          26/3       PX5X          0957 DR7X          0019
QTC:   21300 PH 2025-09-13 0959 LZ5R          26/3       PX5X          0958 UR1UU         0057
QTC:   21300 PH 2025-09-13 0959 LZ5R          26/3       PX5X          0958 RU1A          0434
QSO:   21300 PH 2025-09-13 0959 PX5X          59  0149   I5WNN         59  0001
QSO:   21300 PH 2025-09-13 0959 PX5X          59  0150   F8DZU         59  0020
QSO:   21300 PH 2025-09-13 1000 PX5X          59  0151   CT1AVR        59  0005
QSO:   21300 PH 2025-09-13 1000 PX5X          59  0152   DL6UAA        59  0045
QTC:   21300 PH 2025-09-13 1000 DL6UAA        27/4       PX5X          0958 LZ5R          0339
QTC:   21300 PH 2025-09-13 1000 DL6UAA        27/4       PX5X          0959 I5WNN         0001
QTC:   21300 PH 2025-09-13 1001 DL6UAA        27/4       PX5X          0959 F8DZU         0020
QTC:   21300 PH 2025-09-13 1001 DL6UAA        27/4       PX5X          1000 CT1AVR        0005
QSO:   21300 PH 2025-09-13 1001 PX5X          59  0153   IU4CHE        59  0015
QSO:   21300 PH 2025-09-13 1001 PX5X          59  0154   DP6A          59  0199
QSO:   21300 PH 2025-09-13 1002 PX5X          59  0155   DL0HN         59  0133
QSO:   21300 PH 2025-09-13 1002 PX5X          59  0156   DL9YY         59  0015
QSO:   21300 PH 2025-09-13 1002 PX5X          59  0157   OT8M          59  0137
QSO:   21300 PH 2025-09-13 1003 PX5X          59  0158   LY5W          59  0139
QSO:   21300 PH 2025-09-13 1003 PX5X          59  0159   DP7D          59  0309
QTC:   21300 PH 2025-09-13 1003 DP7D          28/7       PX5X          1000 DL6UAA        0045
QTC:   21300 PH 2025-09-13 1003 DP7D          28/7       PX5X          1001 IU4CHE        0015
QTC:   21300 PH 2025-09-13 1004 DP7D          28/7       PX5X          1001 DP6A          0199
QTC:   21300 PH 2025-09-13 1004 DP7D          28/7       PX5X          1002 DL0HN         0133
QTC:   21300 PH 2025-09-13 1004 DP7D          28/7       PX5X          1002 DL9YY         0015
QTC:   21300 PH 2025-09-13 1004 DP7D          28/7       PX5X          1002 OT8M          0137
QTC:   21300 PH 2025-09-13 1004 DP7D          28/7       PX5X          1003 LY5W          0139
QSO:   21300 PH 2025-09-13 1005 PX5X          59  0160   OM5DX         59  0034
QSO:   21300 PH 2025-09-13 1005 PX5X          59  0161   DK4VW         59  0090
QSO:   21300 PH 2025-09-13 1005 PX5X          59  0162   EA5DFV        59  0212
QSO:   21300 PH 2025-09-13 1006 PX5X          59  0163   T9/DK6XZ      59  0052
QSO:   21300 PH 2025-09-13 1006 PX5X          59  0164   HA0SA         59  0053
QSO:   21300 PH 2025-09-13 1006 PX5X          59  0165   OG3B          59  0105
QSO:   21300 PH 2025-09-13 1007 PX5X          59  0166   DM5TI         59  0020
QSO:   21300 PH 2025-09-13 1007 PX5X          59  0167   DL9UN         59  0014
QSO:   21300 PH 2025-09-13 1007 PX5X          59  0168   DL5L          59  0165
QSO:   21300 PH 2025-09-13 1008 PX5X          59  0169   DJ8EW         59  0028
QSO:   21300 PH 2025-09-13 1008 PX5X          59  0170   DM6G          59  0040
QSO:   21300 PH 2025-09-13 1008 PX5X          59  0171   OK2TS         59  0010
QSO:   21300 PH 2025-09-13 1008 PX5X          59  0172   DL1RTL        59  0036
QSO:   21300 PH 2025-09-13 1009 PX5X          59  0173   DK9IP         59  0193
QTC:   21300 PH 2025-09-13 1009 DK9IP         29/9       PX5X          1003 DP7D          0309
QTC:   21300 PH 2025-09-13 1010 DK9IP         29/9       PX5X          1005 OM5DX         0034
QTC:   21300 PH 2025-09-13 1010 DK9IP         29/9       PX5X          1005 DK4VW         0090
QTC:   21300 PH 2025-09-13 1010 DK9IP         29/9       PX5X          1005 EA5DFV        0212
QTC:   21300 PH 2025-09-13 1010 DK9IP         29/9       PX5X          1006 HA0SA         0053
QTC:   21300 PH 2025-09-13 1010 DK9IP         29/9       PX5X          1006 OG3B          0105
QTC:   21300 PH 2025-09-13 1010 DK9IP         29/9       PX5X          1007 DM5TI         0020
QTC:   21300 PH 2025-09-13 1010 DK9IP         29/9       PX5X          1007 DL9UN         0014
QTC:   21300 PH 2025-09-13 1011 DK9IP         29/9       PX5X          1007 DL5L          0165
QSO:   21300 PH 2025-09-13 1011 PX5X          59  0174   R3VR          59  0136
QSO:   21300 PH 2025-09-13 1011 PX5X          59  0175   UW5Y          59  0252
QTC:   21300 PH 2025-09-13 1011 UW5Y          30/6       PX5X          1008 DJ8EW         0028
QTC:   21300 PH 2025-09-13 1011 UW5Y          30/6       PX5X          1008 DM6G          0040
QTC:   21300 PH 2025-09-13 1011 UW5Y          30/6       PX5X          1008 OK2TS         0010
QTC:   21300 PH 2025-09-13 1011 UW5Y          30/6       PX5X          1008 DL1RTL        0036
QTC:   21300 PH 2025-09-13 1012 UW5Y          30/6       PX5X          1009 DK9IP         0193
QTC:   21300 PH 2025-09-13 1012 UW5Y          30/6       PX5X          1011 R3VR          0136
QSO:   21300 PH 2025-09-13 1012 PX5X          59  0176   DL9UP         59  0109
QTC:   21300 PH 2025-09-13 1012 DL9UP         31/1       PX5X          1011 UW5Y          0252
QSO:   21300 PH 2025-09-13 1013 PX5X          59  0177   DD5M          59  0041
QSO:   21300 PH 2025-09-13 1013 PX5X          59  0178   DM1I          59  0088
QSO:   21300 PH 2025-09-13 1013 PX5X          59  0179   DO4OD         59  0025
QSO:   21300 PH 2025-09-13 1014 PX5X          59  0180   DQ1P          59  0026
QTC:   21300 PH 2025-09-13 1015 LZ5R          32/5       PX5X          1012 DL9UP         0109
QTC:   21300 PH 2025-09-13 1015 LZ5R          32/5       PX5X          1013 DD5M          0041
QTC:   21300 PH 2025-09-13 1015 LZ5R          32/5       PX5X          1013 DM1I          0088
QTC:   21300 PH 2025-09-13 1015 LZ5R          32/5       PX5X          1013 DO4OD         0025
QTC:   21300 PH 2025-09-13 1016 LZ5R          32/5       PX5X          1014 DQ1P          0026
QSO:   21300 PH 2025-09-13 1017 PX5X          59  0181   IW2NOO        59  0015
QSO:   21300 PH 2025-09-13 1018 PX5X          59  0182   IZ3GYS        59  0005
QSO:   21300 PH 2025-09-13 1018 PX5X          59  0183   CT7BOD        59  0019
QSO:   21300 PH 2025-09-13 1018 PX5X          59  0184   DR6T          59  0018
QTC:   21300 PH 2025-09-13 1019 DR6T          33/3       PX5X          1017 IW2NOO        0015
QTC:   21300 PH 2025-09-13 1019 DR6T          33/3       PX5X          1018 IZ3GYS        0005
QTC:   21300 PH 2025-09-13 1019 DR6T          33/3       PX5X          1018 CT7BOD        0019
QSO:   21300 PH 2025-09-13 1019 PX5X          59  0185   DJ9MH         59  0011
QSO:   21300 PH 2025-09-13 1020 PX5X          59  0186   IU1IMC        59  0008
QSO:   21300 PH 2025-09-13 1020 PX5X          59  0187   YO9HP         59  0049
QSO:   21300 PH 2025-09-13 1021 PX5X          59  0188   SN6U          59  0044
QTC:   21300 PH 2025-09-13 1021 SN6U          34/4       PX5X          1018 DR6T          0018
QTC:   21300 PH 2025-09-13 1021 SN6U          34/4       PX5X          1019 DJ9MH         0011
QTC:   21300 PH 2025-09-13 1022 SN6U          34/4       PX5X          1020 IU1IMC        0008
QTC:   21300 PH 2025-09-13 1022 SN6U          34/4       PX5X          1020 YO9HP         0049
QSO:   21300 PH 2025-09-13 1022 PX5X          59  0189   DL5XJ         59  0068
QTC:   21300 PH 2025-09-13 1022 SE2P          35/2       PX5X          1021 SN6U          0044
QTC:   21300 PH 2025-09-13 1023 SE2P          35/2       PX5X          1022 DL5XJ         0068
QSO:   21300 PH 2025-09-13 1023 PX5X          59  0190   DL5ANS        59  0037
QSO:   21300 PH 2025-09-13 1024 PX5X          59  0191   DK4OX         59  0031
QSO:   21300 PH 2025-09-13 1024 PX5X          59  0192   DF5EN         59  0005
QSO:   21300 PH 2025-09-13 1024 PX5X          59  0193   SN7D          59  0132
QTC:   21300 PH 2025-09-13 1024 SN7D          36/3       PX5X          1023 DL5ANS        0037
QTC:   21300 PH 2025-09-13 1024 SN7D          36/3       PX5X          1024 DK4OX         0031
QTC:   21300 PH 2025-09-13 1025 SN7D          36/3       PX5X          1024 DF5EN         0005
QSO:   21300 PH 2025-09-13 1026 PX5X          59  0194   DK0RZ         59  0022
QSO:   21300 PH 2025-09-13 1027 PX5X          59  0195   PC2K          59  0077
QSO:   21300 PH 2025-09-13 1027 PX5X          59  0196   G6AD          59  0044
QSO:   21300 PH 2025-09-13 1028 PX5X          59  0197   DL8ULF        59  0063
QTC:   21300 PH 2025-09-13 1029 DL0HN         37/5       PX5X          1024 SN7D          0132
QTC:   21300 PH 2025-09-13 1029 DL0HN         37/5       PX5X          1026 DK0RZ         0022
QTC:   21300 PH 2025-09-13 1029 DL0HN         37/5       PX5X          1027 PC2K          0077
QTC:   21300 PH 2025-09-13 1029 DL0HN         37/5       PX5X          1027 G6AD          0044
QTC:   21300 PH 2025-09-13 1029 DL0HN         37/5       PX5X          1028 DL8ULF        0063
QSO:   21300 PH 2025-09-13 1030 PX5X          59  0198   DF0HQ         59  0408
QSO:   21300 PH 2025-09-13 1030 PX5X          59  0199   EW1I          59  0047
QSO:   21300 PH 2025-09-13 1031 PX5X          59  0200   DL4YAO        59  0027
QSO:   21300 PH 2025-09-13 1032 PX5X          59  0201   DJ6HR         59  0021
QSO:   21300 PH 2025-09-13 1032 PX5X          59  0202   DA2X          59  0156
QTC:   21300 PH 2025-09-13 1033 DA2X          38/4       PX5X          1030 DF0HQ         0408
QTC:   21300 PH 2025-09-13 1034 DA2X          38/4       PX5X          1030 EW1I          0047
QTC:   21300 PH 2025-09-13 1035 DA2X          38/4       PX5X          1031 DL4YAO        0027
QTC:   21300 PH 2025-09-13 1035 DA2X          38/4       PX5X          1032 DJ6HR         0021
QSO:   21300 PH 2025-09-13 1035 PX5X          59  0203   IK0PHY        59  0175
QSO:   21300 PH 2025-09-13 1035 PX5X          59  0204   DL1DAW        59  0145
QSO:   21300 PH 2025-09-13 1036 PX5X          59  0205   PE0CD         59  0010
QSO:   21300 PH 2025-09-13 1036 PX5X          59  0206   DB4REB        59  0014
QSO:   21300 PH 2025-09-13 1037 PX5X          59  0207   DG1KJG        59  0015
QSO:   21300 PH 2025-09-13 1037 PX5X          59  0208   IU3QMK        59  0194
QTC:   21300 PH 2025-09-13 1038 IU3QMK        39/6       PX5X          1032 DA2X          0156
QTC:   21300 PH 2025-09-13 1038 IU3QMK        39/6       PX5X          1035 IK0PHY        0175
QTC:   21300 PH 2025-09-13 1038 IU3QMK        39/6       PX5X          1035 DL1DAW        0145
QTC:   21300 PH 2025-09-13 1038 IU3QMK        39/6       PX5X          1036 PE0CD         0010
QTC:   21300 PH 2025-09-13 1038 IU3QMK        39/6       PX5X          1036 DB4REB        0014
QTC:   21300 PH 2025-09-13 1038 IU3QMK        39/6       PX5X          1037 DG1KJG        0015
QSO:   21300 PH 2025-09-13 1039 PX5X          59  0209   SP4H          59  0022
QSO:   21300 PH 2025-09-13 1039 PX5X          59  0210   I5MPN         59  0005
QSO:   21300 PH 2025-09-13 1039 PX5X          59  0211   OM0R          59  0330
QSO:   21300 PH 2025-09-13 1040 PX5X          59  0212   DG1E          59  0039
QSO:   21300 PH 2025-09-13 1040 PX5X          59  0213   DG4MH         59  0029
QSO:   21300 PH 2025-09-13 1041 PX5X          59  0214   MM9I          59  0133
QSO:   21300 PH 2025-09-13 1042 PX5X          59  0215   DR8C          59  0077
QTC:   21300 PH 2025-09-13 1042 DR8C          40/7       PX5X          1037 IU3QMK        0194
QTC:   21300 PH 2025-09-13 1042 DR8C          40/7       PX5X          1039 SP4H          0022
QTC:   21300 PH 2025-09-13 1042 DR8C          40/7       PX5X          1039 I5MPN         0005
QTC:   21300 PH 2025-09-13 1042 DR8C          40/7       PX5X          1039 OM0R          0330
QTC:   21300 PH 2025-09-13 1042 DR8C          40/7       PX5X          1040 DG1E          0039
QTC:   21300 PH 2025-09-13 1042 DR8C          40/7       PX5X          1040 DG4MH         0029
QTC:   21300 PH 2025-09-13 1042 DR8C          40/7       PX5X          1041 MM9I          0133
QSO:   21300 PH 2025-09-13 1043 PX5X          59  0216   DK1FW         59  0045
QSO:   21300 PH 2025-09-13 1043 PX5X          59  0217   G0FGI         59  0005
QSO:   21300 PH 2025-09-13 1043 PX5X          59  0218   EA3AYQ        59  0014
QSO:   21300 PH 2025-09-13 1044 PX5X          59  0219   DH1TST        59  0037
QTC:   21300 PH 2025-09-13 1045 UW5Y          41/4       PX5X          1042 DR8C          0077
QTC:   21300 PH 2025-09-13 1045 UW5Y          41/4       PX5X          1043 DK1FW         0045
QTC:   21300 PH 2025-09-13 1045 UW5Y          41/4       PX5X          1043 G0FGI         0005
QTC:   21300 PH 2025-09-13 1045 UW5Y          41/4       PX5X          1043 EA3AYQ        0014
QSO:   21300 PH 2025-09-13 1047 PX5X          59  0220   CT1AVR        59  0013
QSO:   21300 PH 2025-09-13 1048 PX5X          59  0221   TK4RC         59  0014
QSO:   21300 PH 2025-09-13 1049 PX5X          59  0222   DL2LBK        59  0055
QSO:   21300 PH 2025-09-13 1050 PX5X          59  0223   F4MMH         59  0005
QSO:   21300 PH 2025-09-13 1052 PX5X          59  0224   DL9ECA        59  0148
QTC:   21300 PH 2025-09-13 1052 DL9ECA        42/4       PX5X          1044 DH1TST        0037
QTC:   21300 PH 2025-09-13 1053 DL9ECA        42/4       PX5X          1048 TK4RC         0014
QTC:   21300 PH 2025-09-13 1053 DL9ECA        42/4       PX5X          1049 DL2LBK        0055
QTC:   21300 PH 2025-09-13 1053 DL9ECA        42/4       PX5X          1050 F4MMH         0005
QSO:   21300 PH 2025-09-13 1054 PX5X          59  0225   DM6BS         59  0037
QSO:   21300 PH 2025-09-13 1056 PX5X          59  0226   UA3AGW        59  0049
QSO:   21256 PH 2025-09-13 1057 PX5X          59  0227   EI7M          59  0480
QSO:   21304 PH 2025-09-13 1118 PX5X          59  0228   SO6X          59  0094
QSO:   28385 PH 2025-09-13 1125 PX5X          59  0229   DK9IP         59  0217
QSO:   28385 PH 2025-09-13 1126 PX5X          59  0230   UW5Y          59  0277
QSO:   28385 PH 2025-09-13 1126 PX5X          59  0231   DA2R          59  0126
QSO:   28385 PH 2025-09-13 1127 PX5X          59  0232   SN7D          59  0169
QTC:   28385 PH 2025-09-13 1127 SN7D          43/7       PX5X          1052 DL9ECA        0148
QTC:   28385 PH 2025-09-13 1127 SN7D          43/7       PX5X          1054 DM6BS         0037
QTC:   28385 PH 2025-09-13 1127 SN7D          43/7       PX5X          1056 UA3AGW        0049
QTC:   28385 PH 2025-09-13 1127 SN7D          43/7       PX5X          1057 EI7M          0480
QTC:   28385 PH 2025-09-13 1128 SN7D          43/7       PX5X          1118 SO6X          0094
QTC:   28385 PH 2025-09-13 1128 SN7D          43/7       PX5X          1125 DK9IP         0217
QTC:   28385 PH 2025-09-13 1128 SN7D          43/7       PX5X          1126 UW5Y          0277
QSO:   28385 PH 2025-09-13 1128 PX5X          59  0233   UR1UU         59  0069
QSO:   28385 PH 2025-09-13 1128 PX5X          59  0234   IU3QMK        59  0210
QTC:   28385 PH 2025-09-13 1129 IU3QMK        44/3       PX5X          1126 DA2R          0126
QTC:   28385 PH 2025-09-13 1129 IU3QMK        44/3       PX5X          1127 SN7D          0169
QTC:   28385 PH 2025-09-13 1129 IU3QMK        44/3       PX5X          1128 UR1UU         0069
QSO:   28385 PH 2025-09-13 1129 PX5X          59  0235   DK1FW         59  0067
QSO:   28385 PH 2025-09-13 1129 PX5X          59  0236   DF5GZ         59  0010
QSO:   28385 PH 2025-09-13 1130 PX5X          59  0237   DL1BUG        59  0114
QTC:   28385 PH 2025-09-13 1130 DL1BUG        45/3       PX5X          1128 IU3QMK        0210
QTC:   28385 PH 2025-09-13 1130 DL1BUG        45/3       PX5X          1129 DK1FW         0067
QTC:   28385 PH 2025-09-13 1130 DL1BUG        45/3       PX5X          1129 DF5GZ         0010
QSO:   28385 PH 2025-09-13 1131 PX5X          59  0238   RU1A          59  0487
QSO:   28385 PH 2025-09-13 1131 PX5X          59  0239   R3SAC         59  0020
QSO:   28385 PH 2025-09-13 1131 PX5X          59  0240   DQ6N          59  0187
QTC:   28385 PH 2025-09-13 1131 DQ6N          46/3       PX5X          1130 DL1BUG        0114
QTC:   28385 PH 2025-09-13 1131 DQ6N          46/3       PX5X          1131 RU1A          0487
QTC:   28385 PH 2025-09-13 1132 DQ6N          46/3       PX5X          1131 R3SAC         0020
QSO:   28385 PH 2025-09-13 1132 PX5X          59  0241   DL1DAW        59  0153
QSO:   28385 PH 2025-09-13 1132 PX5X          59  0242   DL5ASK        59  0002
QSO:   28385 PH 2025-09-13 1132 PX5X          59  0243   DF3VM         59  0031
QSO:   28385 PH 2025-09-13 1133 PX5X          59  0244   DL5NO         59  0041
QSO:   28385 PH 2025-09-13 1133 PX5X          59  0245   OE3LZA        59  0031
QSO:   28385 PH 2025-09-13 1133 PX5X          59  0246   8S0C          59  0055
QSO:   28385 PH 2025-09-13 1134 PX5X          59  0247   DP7D          59  0356
QSO:   28385 PH 2025-09-13 1134 PX5X          59  0248   DG4MH         59  0040
QTC:   28385 PH 2025-09-13 1134 DG4MH         47/8       PX5X          1131 DQ6N          0187
QTC:   28385 PH 2025-09-13 1135 DG4MH         47/8       PX5X          1132 DL1DAW        0153
QTC:   28385 PH 2025-09-13 1135 DG4MH         47/8       PX5X          1132 DL5ASK        0002
QTC:   28385 PH 2025-09-13 1135 DG4MH         47/8       PX5X          1132 DF3VM         0031
QTC:   28385 PH 2025-09-13 1135 DG4MH         47/8       PX5X          1133 DL5NO         0041
QTC:   28385 PH 2025-09-13 1136 DG4MH         47/8       PX5X          1133 OE3LZA        0031
QTC:   28385 PH 2025-09-13 1136 DG4MH         47/8       PX5X          1133 8S0C          0055
QTC:   28385 PH 2025-09-13 1136 DG4MH         47/8       PX5X          1134 DP7D          0356
QSO:   28385 PH 2025-09-13 1136 PX5X          59  0249   DL5L          59  0192
QSO:   28385 PH 2025-09-13 1136 PX5X          59  0250   SN6U          59  0062
QTC:   28385 PH 2025-09-13 1137 SN6U          48/2       PX5X          1134 DG4MH         0040
QTC:   28385 PH 2025-09-13 1137 SN6U          48/2       PX5X          1136 DL5L          0192
QSO:   28385 PH 2025-09-13 1137 PX5X          59  0251   DK4VW         59  0108
QSO:   28385 PH 2025-09-13 1137 PX5X          59  0252   SP4H          59  0036
QSO:   28385 PH 2025-09-13 1138 PX5X          59  0253   YO7VXD        59  0019
QSO:   28385 PH 2025-09-13 1138 PX5X          59  0254   DK6AC         59  0044
QTC:   28385 PH 2025-09-13 1139 RU1A          49/5       PX5X          1136 SN6U          0062
QSO:   28385 PH 2025-09-13 1139 PX5X          59  0255   UW5U          59  0048
QSO:   28385 PH 2025-09-13 1140 PX5X          59  0256   DL5RMH        59  0060
QSO:   28385 PH 2025-09-13 1140 PX5X          59  0257   SP9XCN        59  0091
QTC:   28385 PH 2025-09-13 1142 IU3QMK        50/1       PX5X          1137 DK4VW         0108
QTC:   28385 PH 2025-09-13 1143 RU1A          51/6       PX5X          1137 SP4H          0036
QTC:   28385 PH 2025-09-13 1143 RU1A          51/6       PX5X          1138 YO7VXD        0019
QTC:   28385 PH 2025-09-13 1143 RU1A          51/6       PX5X          1138 DK6AC         0044
QTC:   28385 PH 2025-09-13 1143 RU1A          51/6       PX5X          1139 UW5U          0048
QTC:   28385 PH 2025-09-13 1143 RU1A          51/6       PX5X          1140 DL5RMH        0060
QTC:   28385 PH 2025-09-13 1144 RU1A          51/6       PX5X          1140 SP9XCN        0091
QSO:   28385 PH 2025-09-13 1144 PX5X          59  0258   DK0AM         59  0022
QSO:   28385 PH 2025-09-13 1144 PX5X          59  0259   UR5FIL        59  0022
QSO:   28385 PH 2025-09-13 1145 PX5X          59  0260   SP8DR         59  0048
QSO:   28385 PH 2025-09-13 1145 PX5X          59  0261   LY7K          59  0011
QSO:   28385 PH 2025-09-13 1145 PX5X          59  0262   DM6G          59  0060
QSO:   28385 PH 2025-09-13 1145 PX5X          59  0263   HB9CGL        59  0016
QSO:   28385 PH 2025-09-13 1146 PX5X          59  0264   EA4RR         59  0003
QSO:   28385 PH 2025-09-13 1146 PX5X          59  0265   OT7Q          59  0220
QTC:   28385 PH 2025-09-13 1147 OT7Q          52/7       PX5X          1144 DK0AM         0022
QTC:   28385 PH 2025-09-13 1147 OT7Q          52/7       PX5X          1144 UR5FIL        0022
QTC:   28385 PH 2025-09-13 1147 OT7Q          52/7       PX5X          1145 SP8DR         0048
QTC:   28385 PH 2025-09-13 1148 OT7Q          52/7       PX5X          1145 LY7K          0011
QTC:   28385 PH 2025-09-13 1148 OT7Q          52/7       PX5X          1145 DM6G          0060
QTC:   28385 PH 2025-09-13 1148 OT7Q          52/7       PX5X          1145 HB9CGL        0016
QTC:   28385 PH 2025-09-13 1148 OT7Q          52/7       PX5X          1146 EA4RR         0003
QSO:   28385 PH 2025-09-13 1148 PX5X          59  0266   DJ4WT         59  0072
QSO:   28385 PH 2025-09-13 1149 PX5X          59  0267   SP1D          59  0085
QTC:   28385 PH 2025-09-13 1149 SP1D          53/2       PX5X          1146 OT7Q          0220
QTC:   28385 PH 2025-09-13 1149 SP1D          53/2       PX5X          1148 DJ4WT         0072
QSO:   28385 PH 2025-09-13 1150 PX5X          59  0268   F4IEX         59  0039
QSO:   28385 PH 2025-09-13 1150 PX5X          59  0269   DQ1P          59  0043
QSO:   28385 PH 2025-09-13 1150 PX5X          59  0270   OG3B          59  0139
QSO:   28385 PH 2025-09-13 1151 PX5X          59  0271   PE0CD         59  0028
QSO:   28385 PH 2025-09-13 1151 PX5X          59  0272   EW1I          59  0069
QTC:   28385 PH 2025-09-13 1151 EW1I          54/5       PX5X          1149 SP1D          0085
QTC:   28385 PH 2025-09-13 1152 EW1I          54/5       PX5X          1150 F4IEX         0039
QTC:   28385 PH 2025-09-13 1152 EW1I          54/5       PX5X          1150 DQ1P          0043
QTC:   28385 PH 2025-09-13 1152 EW1I          54/5       PX5X          1150 OG3B          0139
QTC:   28385 PH 2025-09-13 1152 EW1I          54/5       PX5X          1151 PE0CD         0028
QSO:   28385 PH 2025-09-13 1152 PX5X          59  0273   DP6A          59  0219
QSO:   28385 PH 2025-09-13 1153 PX5X          59  0274   UA3AGW        59  0061
QSO:   28385 PH 2025-09-13 1153 PX5X          59  0275   OE1RDU/3      59  0002
QSO:   28385 PH 2025-09-13 1154 PX5X          59  0276   HA2RJ         59  0003
QSO:   28385 PH 2025-09-13 1154 PX5X          59  0277   II3C          59  0019
QTC:   28385 PH 2025-09-13 1154 II3C          55/5       PX5X          1151 EW1I          0069
QTC:   28385 PH 2025-09-13 1154 II3C          55/5       PX5X          1152 DP6A          0219
QTC:   28385 PH 2025-09-13 1155 II3C          55/5       PX5X          1153 UA3AGW        0061
QTC:   28385 PH 2025-09-13 1155 II3C          55/5       PX5X          1153 OE1RDU/3      0002
QTC:   28385 PH 2025-09-13 1155 II3C          55/5       PX5X          1154 HA2RJ         0003
QSO:   28385 PH 2025-09-13 1155 PX5X          59  0278   IW2HFU        59  0016
QSO:   28385 PH 2025-09-13 1156 PX5X          59  0279   YO8FC         59  0010
QSO:   28385 PH 2025-09-13 1156 PX5X          59  0280   CT7BJG        59  0152
QSO:   28385 PH 2025-09-13 1157 PX5X          59  0281   DL0BUX        59  0007
QSO:   28385 PH 2025-09-13 1157 PX5X          59  0282   DL1RTL        59  0043
QSO:   28385 PH 2025-09-13 1158 PX5X          59  0283   S57ATF        59  0002
QSO:   28385 PH 2025-09-13 1158 PX5X          59  0284   HA0SA         59  0076
QSO:   28385 PH 2025-09-13 1158 PX5X          59  0285   I5ZHR         59  0005
QSO:   28385 PH 2025-09-13 1159 PX5X          59  0286   DM6LE         59  0009
QSO:   28385 PH 2025-09-13 1159 PX5X          59  0287   IZ8DSX        59  0048
QSO:   28385 PH 2025-09-13 1159 PX5X          59  0288   RU3GF         59  0001
QSO:   28385 PH 2025-09-13 1159 PX5X          59  0289   F4BPO         59  0090
QTC:   28385 PH 2025-09-13 1200 F4BPO         56/10      PX5X          1154 II3C          0019
QTC:   28385 PH 2025-09-13 1200 F4BPO         56/10      PX5X          1155 IW2HFU        0016
QTC:   28385 PH 2025-09-13 1200 F4BPO         56/10      PX5X          1156 YO8FC         0010
QTC:   28385 PH 2025-09-13 1200 F4BPO         56/10      PX5X          1156 CT7BJG        0152
QTC:   28385 PH 2025-09-13 1200 F4BPO         56/10      PX5X          1157 DL0BUX        0007
QTC:   28385 PH 2025-09-13 1200 F4BPO         56/10      PX5X          1157 DL1RTL        0043
QTC:   28385 PH 2025-09-13 1200 F4BPO         56/10      PX5X          1158 S57ATF        0002
QTC:   28385 PH 2025-09-13 1200 F4BPO         56/10      PX5X          1158 HA0SA         0076
QTC:   28385 PH 2025-09-13 1201 F4BPO         56/10      PX5X          1158 I5ZHR         0005
QTC:   28385 PH 2025-09-13 1201 F4BPO         56/10      PX5X          1159 DM6LE         0009
QSO:   28385 PH 2025-09-13 1201 PX5X          59  0290   SN7T          59  0161
QSO:   28385 PH 2025-09-13 1201 PX5X          59  0291   OM0R          59  0375
QSO:   28385 PH 2025-09-13 1201 PX5X          59  0292   DA1TT         59  0151
QTC:   28385 PH 2025-09-13 1202 DA1TT         57/5       PX5X          1159 IZ8DSX        0048
QTC:   28385 PH 2025-09-13 1202 DA1TT         57/5       PX5X          1159 RU3GF         0001
QTC:   28385 PH 2025-09-13 1202 DA1TT         57/5       PX5X          1159 F4BPO         0090
QTC:   28385 PH 2025-09-13 1202 DA1TT         57/5       PX5X          1201 SN7T          0161
QTC:   28385 PH 2025-09-13 1202 DA1TT         57/5       PX5X          1201 OM0R          0375
QSO:   28385 PH 2025-09-13 1203 PX5X          59  0293   EA3IYC        59  0006
QSO:   28385 PH 2025-09-13 1204 PX5X          59  0294   HA4SS         59  0001
QSO:   28385 PH 2025-09-13 1204 PX5X          59  0295   OT8M          59  0170
QTC:   28385 PH 2025-09-13 1205 OT8M          58/3       PX5X          1201 DA1TT         0151
QTC:   28385 PH 2025-09-13 1205 OT8M          58/3       PX5X          1203 EA3IYC        0006
QTC:   28385 PH 2025-09-13 1205 OT8M          58/3       PX5X          1204 HA4SS         0001
QSO:   28385 PH 2025-09-13 1205 PX5X          59  0296   DG2SM         59  0006
QSO:   28385 PH 2025-09-13 1206 PX5X          59  0297   IU8TVZ        59  0002
QSO:   28385 PH 2025-09-13 1206 PX5X          59  0298   HB9TIH        59  0023
QSO:   28385 PH 2025-09-13 1206 PX5X          59  0299   DM6BS         59  0045
QSO:   28385 PH 2025-09-13 1207 PX5X          59  0300   YO4AAC        59  0024
QTC:   28385 PH 2025-09-13 1207 YO4AAC        59/5       PX5X          1204 OT8M          0170
QTC:   28385 PH 2025-09-13 1207 YO4AAC        59/5       PX5X          1205 DG2SM         0006
QTC:   28385 PH 2025-09-13 1207 YO4AAC        59/5       PX5X          1206 IU8TVZ        0002
QTC:   28385 PH 2025-09-13 1208 YO4AAC        59/5       PX5X          1206 HB9TIH        0023
QTC:   28385 PH 2025-09-13 1208 YO4AAC        59/5       PX5X          1206 DM6BS         0045
QSO:   28385 PH 2025-09-13 1208 PX5X          59  0301   DD5VL         59  0021
QSO:   28385 PH 2025-09-13 1209 PX5X          59  0302   OK1OA         59  0012
QSO:   28385 PH 2025-09-13 1209 PX5X          59  0303   SP4SHD        59  0067
QSO:   28385 PH 2025-09-13 1210 PX5X          59  0304   DL1PP         59  0064
QSO:   28385 PH 2025-09-13 1211 PX5X          59  0305   DO4OD         59  0046
QSO:   28385 PH 2025-09-13 1211 PX5X          59  0306   OE6MMD        59  0029
QSO:   28385 PH 2025-09-13 1211 PX5X          59  0307   ED2K          59  0051
QSO:   28385 PH 2025-09-13 1212 PX5X          59  0308   MM9I          59  0185
QSO:   28385 PH 2025-09-13 1213 PX5X          59  0309   G0H           59  0001
QSO:   28385 PH 2025-09-13 1214 PX5X          59  0310   DL6PJH        59  0003
QSO:   28385 PH 2025-09-13 1214 PX5X          59  0311   PC0A          59  0089
QTC:   28385 PH 2025-09-13 1214 PC0A          60/10      PX5X          1207 YO4AAC        0024
QTC:   28385 PH 2025-09-13 1215 PC0A          60/10      PX5X          1208 DD5VL         0021
QTC:   28385 PH 2025-09-13 1215 PC0A          60/10      PX5X          1209 OK1OA         0012
QTC:   28385 PH 2025-09-13 1215 PC0A          60/10      PX5X          1209 SP4SHD        0067
QTC:   28385 PH 2025-09-13 1215 PC0A          60/10      PX5X          1210 DL1PP         0064
QTC:   28385 PH 2025-09-13 1215 PC0A          60/10      PX5X          1211 DO4OD         0046
QTC:   28385 PH 2025-09-13 1215 PC0A          60/10      PX5X          1211 OE6MMD        0029
QTC:   28385 PH 2025-09-13 1215 PC0A          60/10      PX5X          1211 ED2K          0051
QTC:   28385 PH 2025-09-13 1215 PC0A          60/10      PX5X          1212 MM9I          0185
QTC:   28385 PH 2025-09-13 1216 PC0A          60/10      PX5X          1213 G0H           0001
QSO:   28385 PH 2025-09-13 1216 PX5X          59  0312   DM1I          59  0119
QSO:   28385 PH 2025-09-13 1216 PX5X          59  0313   SN1O          59  0053
QSO:   28385 PH 2025-09-13 1216 PX5X          59  0314   DL1NKS        59  0029
QSO:   28385 PH 2025-09-13 1217 PX5X          59  0315   HB9EHJ        59  0128
QTC:   28385 PH 2025-09-13 1217 HB9EHJ        61/5       PX5X          1214 DL6PJH        0003
QTC:   28385 PH 2025-09-13 1217 HB9EHJ        61/5       PX5X          1214 PC0A          0089
QTC:   28385 PH 2025-09-13 1217 HB9EHJ        61/5       PX5X          1216 DM1I          0119
QTC:   28385 PH 2025-09-13 1217 HB9EHJ        61/5       PX5X          1216 SN1O          0053
QTC:   28385 PH 2025-09-13 1218 HB9EHJ        61/5       PX5X          1216 DL1NKS        0029
QSO:   28385 PH 2025-09-13 1219 PX5X          59  0316   HB9ILZ        59  0008
QSO:   28385 PH 2025-09-13 1219 PX5X          59  0317   YT8WW         59  0011
QSO:   28385 PH 2025-09-13 1219 PX5X          59  0318   DG1E          59  0081
QSO:   28385 PH 2025-09-13 1220 PX5X          59  0319   9A5MX         59  0030
QSO:   28385 PH 2025-09-13 1221 PX5X          59  0320   DO1FFW        59  0007
QSO:   28385 PH 2025-09-13 1221 PX5X          59  0321   DL8MEF        59  0042
QSO:   28385 PH 2025-09-13 1221 PX5X          59  0322   YU1AO         59  0022
QTC:   28385 PH 2025-09-13 1222 YU1AO         62/7       PX5X          1217 HB9EHJ        0128
QTC:   28385 PH 2025-09-13 1222 YU1AO         62/7       PX5X          1219 HB9ILZ        0008
QTC:   28385 PH 2025-09-13 1222 YU1AO         62/7       PX5X          1219 YT8WW         0011
QTC:   28385 PH 2025-09-13 1222 YU1AO         62/7       PX5X          1219 DG1E          0081
QTC:   28385 PH 2025-09-13 1222 YU1AO         62/7       PX5X          1220 9A5MX         0030
QTC:   28385 PH 2025-09-13 1222 YU1AO         62/7       PX5X          1221 DO1FFW        0007
QTC:   28385 PH 2025-09-13 1222 YU1AO         62/7       PX5X          1221 DL8MEF        0042
QSO:   28385 PH 2025-09-13 1222 PX5X          59  0323   DF2FQ         59  0063
QSO:   28385 PH 2025-09-13 1223 PX5X          59  0324   LZ2FDI        59  0001
QSO:   28380 PH 2025-09-13 1239 PX5X          59  0325   F6KGL         59  0032
QTC:   28380 PH 2025-09-13 1239 F6KGL         63/3       PX5X          1221 YU1AO         0022
QTC:   28380 PH 2025-09-13 1239 F6KGL         63/3       PX5X          1223 LZ2FDI        0001
QSO:   28380 PH 2025-09-13 1240 PX5X          59  0326   DL8R          59  0027
QSO:   28380 PH 2025-09-13 1240 PX5X          59  0327   OE1DWC        59  0026
QSO:   28380 PH 2025-09-13 1240 PX5X          59  0328   OM5JJ         59  0003
QSO:   28380 PH 2025-09-13 1241 PX5X          59  0329   PD1JN         59  0030
QSO:   28380 PH 2025-09-13 1241 PX5X          59  0330   DK0FR         59  0072
QSO:   28380 PH 2025-09-13 1241 PX5X          59  0331   DA2X          59  0203
QTC:   28380 PH 2025-09-13 1242 DA2X          64/4       PX5X          1222 DF2FQ         0063
QTC:   28380 PH 2025-09-13 1242 DA2X          64/4       PX5X          1239 F6KGL         0032
QTC:   28380 PH 2025-09-13 1243 DA2X          64/4       PX5X          1240 DL8R          0027
QTC:   28380 PH 2025-09-13 1243 DA2X          64/4       PX5X          1240 OE1DWC        0026
QSO:   28380 PH 2025-09-13 1243 PX5X          59  0332   LY5W          59  0179
QSO:   28380 PH 2025-09-13 1244 PX5X          59  0333   HA5GF         59  0025
QSO:   28380 PH 2025-09-13 1244 PX5X          59  0334   DF8V          59  0011
QSO:   28380 PH 2025-09-13 1244 PX5X          59  0335   PD3AL         59  0014
QSO:   28380 PH 2025-09-13 1245 PX5X          59  0336   F5AAJ         59  0028
QSO:   28380 PH 2025-09-13 1245 PX5X          59  0337   DL3ON         59  0281
QTC:   28380 PH 2025-09-13 1245 DL3ON         65/9       PX5X          1240 OM5JJ         0003
QTC:   28380 PH 2025-09-13 1245 DL3ON         65/9       PX5X          1241 PD1JN         0030
QTC:   28380 PH 2025-09-13 1246 DL3ON         65/9       PX5X          1241 DK0FR         0072
QTC:   28380 PH 2025-09-13 1246 DL3ON         65/9       PX5X          1241 DA2X          0203
QTC:   28380 PH 2025-09-13 1246 DL3ON         65/9       PX5X          1243 LY5W          0179
QTC:   28380 PH 2025-09-13 1246 DL3ON         65/9       PX5X          1244 HA5GF         0025
QTC:   28380 PH 2025-09-13 1246 DL3ON         65/9       PX5X          1244 DF8V          0011
QTC:   28380 PH 2025-09-13 1246 DL3ON         65/9       PX5X          1244 PD3AL         0014
QTC:   28380 PH 2025-09-13 1246 DL3ON         65/9       PX5X          1245 F5AAJ         0028
QSO:   28380 PH 2025-09-13 1247 PX5X          59  0338   DL9UP         59  0144
QSO:   28380 PH 2025-09-13 1247 PX5X          59  0339   HA3DX         59  0198
QSO:   28380 PH 2025-09-13 1247 PX5X          59  0340   E7DX          59  0400
QTC:   28380 PH 2025-09-13 1247 E7DX          66/3       PX5X          1245 DL3ON         0281
QTC:   28380 PH 2025-09-13 1248 E7DX          66/3       PX5X          1247 DL9UP         0144
QTC:   28380 PH 2025-09-13 1248 E7DX          66/3       PX5X          1247 HA3DX         0198
QSO:   28380 PH 2025-09-13 1248 PX5X          59  0341   DP6C          59  0092
QSO:   28380 PH 2025-09-13 1248 PX5X          59  0342   CT7/PA3KL     59  0002
QSO:   28380 PH 2025-09-13 1249 PX5X          59  0343   IW0SAG        59  0029
QSO:   28380 PH 2025-09-13 1249 PX5X          59  0344   S56A          59  0046
QSO:   28380 PH 2025-09-13 1250 PX5X          59  0345   R6DNB         59  0001
QSO:   28380 PH 2025-09-13 1250 PX5X          59  0346   DL0LV         59  0004
QSO:   28380 PH 2025-09-13 1251 PX5X          59  0347   RU3A          59  0014
QSO:   28380 PH 2025-09-13 1251 PX5X          59  0348   EU2EU         59  0044
QSO:   28380 PH 2025-09-13 1252 PX5X          59  0349   DL7YS         59  0054
QSO:   28380 PH 2025-09-13 1252 PX5X          59  0350   DG7N          59  0041
QSO:   28380 PH 2025-09-13 1252 PX5X          59  0351   DH1PS         59  0057
QSO:   28380 PH 2025-09-13 1253 PX5X          59  0352   DL0HN         59  0172
QSO:   28380 PH 2025-09-13 1253 PX5X          59  0353   DL6WA         59  0004
QSO:   28380 PH 2025-09-13 1253 PX5X          59  0354   F4JHQ         59  0052
QSO:   28380 PH 2025-09-13 1253 PX5X          59  0355   IT9IVU        59  0010
QSO:   28380 PH 2025-09-13 1254 PX5X          59  0356   SO7E          59  0183
QTC:   28380 PH 2025-09-13 1254 SO7E          67/10      PX5X          1247 E7DX          0400
QTC:   28380 PH 2025-09-13 1254 SO7E          67/10      PX5X          1248 DP6C          0092
QTC:   28380 PH 2025-09-13 1255 SO7E          67/10      PX5X          1248 CT7/PA3KL     0002
QTC:   28380 PH 2025-09-13 1255 SO7E          67/10      PX5X          1249 IW0SAG        0029
QTC:   28380 PH 2025-09-13 1255 SO7E          67/10      PX5X          1249 S56A          0046
QTC:   28380 PH 2025-09-13 1255 SO7E          67/10      PX5X          1250 R6DNB         0001
QTC:   28380 PH 2025-09-13 1255 SO7E          67/10      PX5X          1250 DL0LV         0004
QTC:   28380 PH 2025-09-13 1255 SO7E          67/10      PX5X          1251 RU3A          0014
QTC:   28380 PH 2025-09-13 1255 SO7E          67/10      PX5X          1251 EU2EU         0044
QTC:   28380 PH 2025-09-13 1255 SO7E          67/10      PX5X          1252 DL7YS         0054
QSO:   28380 PH 2025-09-13 1256 PX5X          59  0357   F6DRP         59  0022
QSO:   28380 PH 2025-09-13 1257 PX5X          59  0358   EA1X          59  0096
QSO:   28380 PH 2025-09-13 1258 PX5X          59  0359   DR6T          59  0070
QTC:   28380 PH 2025-09-13 1258 DR6T          68/7       PX5X          1252 DG7N          0041
QTC:   28380 PH 2025-09-13 1258 DR6T          68/7       PX5X          1252 DH1PS         0057
QTC:   28380 PH 2025-09-13 1258 DR6T          68/7       PX5X          1253 DL0HN         0172
QTC:   28380 PH 2025-09-13 1258 DR6T          68/7       PX5X          1253 DL6WA         0004
QTC:   28380 PH 2025-09-13 1259 DR6T          68/7       PX5X          1253 F4JHQ         0052
QTC:   28380 PH 2025-09-13 1259 DR6T          68/7       PX5X          1253 IT9IVU        0010
QTC:   28380 PH 2025-09-13 1259 DR6T          68/7       PX5X          1254 SO7E          0183
QSO:   28380 PH 2025-09-13 1259 PX5X          59  0360   DC5PAD        59  0027
QSO:   28380 PH 2025-09-13 1300 PX5X          59  0361   PE1FTV        59  0012
QSO:   28380 PH 2025-09-13 1300 PX5X          59  0362   IU5IBT        59  0001
QSO:   28380 PH 2025-09-13 1300 PX5X          59  0363   DK2KPS        59  0005
QSO:   28380 PH 2025-09-13 1301 PX5X          59  0364   M0PTZ         59  0002
QSO:   28380 PH 2025-09-13 1301 PX5X          59  0365   DM5M          59  0041
QSO:   28380 PH 2025-09-13 1302 PX5X          59  0366   R6ZJ          59  0030
QSO:   28380 PH 2025-09-13 1303 PX5X          59  0367   DG1YBN        59  0036
QSO:   28380 PH 2025-09-13 1304 PX5X          59  0368   DK5DQ         59  0083
QTC:   28380 PH 2025-09-13 1304 DK5DQ         69/10      PX5X          1256 F6DRP         0022
QTC:   28380 PH 2025-09-13 1304 DK5DQ         69/10      PX5X          1257 EA1X          0096
QTC:   28380 PH 2025-09-13 1304 DK5DQ         69/10      PX5X          1258 DR6T          0070
QTC:   28380 PH 2025-09-13 1304 DK5DQ         69/10      PX5X          1259 DC5PAD        0027
QTC:   28380 PH 2025-09-13 1304 DK5DQ         69/10      PX5X          1300 PE1FTV        0012
QTC:   28380 PH 2025-09-13 1304 DK5DQ         69/10      PX5X          1300 IU5IBT        0001
QTC:   28380 PH 2025-09-13 1304 DK5DQ         69/10      PX5X          1300 DK2KPS        0005
QTC:   28380 PH 2025-09-13 1305 DK5DQ         69/10      PX5X          1301 M0PTZ         0002
QTC:   28380 PH 2025-09-13 1305 DK5DQ         69/10      PX5X          1301 DM5M          0041
QTC:   28380 PH 2025-09-13 1305 DK5DQ         69/10      PX5X          1302 R6ZJ          0030
QSO:   28380 PH 2025-09-13 1306 PX5X          59  0369   GW7YLS        59  0004
QSO:   28380 PH 2025-09-13 1306 PX5X          59  0370   DF6QE         59  0006
QSO:   28380 PH 2025-09-13 1307 PX5X          59  0371   DL2TP         59  0017
QSO:   28380 PH 2025-09-13 1307 PX5X          59  0372   CT7BOD        59  0051
QSO:   28380 PH 2025-09-13 1308 PX5X          59  0373   G4TFQ         59  0003
QSO:   28380 PH 2025-09-13 1308 PX5X          59  0374   M0TQR         59  0009
QSO:   28380 PH 2025-09-13 1309 PX5X          59  0375   UA6YN         59  0056
QTC:   28380 PH 2025-09-13 1310 SN6U          70/4       PX5X          1303 DG1YBN        0036
QTC:   28380 PH 2025-09-13 1310 SN6U          70/4       PX5X          1304 DK5DQ         0083
QTC:   28380 PH 2025-09-13 1310 SN6U          70/4       PX5X          1306 GW7YLS        0004
QTC:   28380 PH 2025-09-13 1310 SN6U          70/4       PX5X          1306 DF6QE         0006
QSO:   28380 PH 2025-09-13 1311 PX5X          59  0376   I6NOA         59  0073
QSO:   28380 PH 2025-09-13 1312 PX5X          59  0377   DL1ABR        59  0047
QTC:   28380 PH 2025-09-13 1312 DL1ABR        71/6       PX5X          1307 DL2TP         0017
QTC:   28380 PH 2025-09-13 1312 DL1ABR        71/6       PX5X          1307 CT7BOD        0051
QTC:   28380 PH 2025-09-13 1313 DL1ABR        71/6       PX5X          1308 G4TFQ         0003
QTC:   28380 PH 2025-09-13 1313 DL1ABR        71/6       PX5X          1308 M0TQR         0009
QTC:   28380 PH 2025-09-13 1313 DL1ABR        71/6       PX5X          1309 UA6YN         0056
QTC:   28380 PH 2025-09-13 1313 DL1ABR        71/6       PX5X          1311 I6NOA         0073
QSO:   28380 PH 2025-09-13 1315 PX5X          59  0378   HB3XSX        59  0001
QSO:   28380 PH 2025-09-13 1315 PX5X          59  0379   DD5M          59  0073
QSO:   28380 PH 2025-09-13 1316 PX5X          59  0380   DC1AP         59  0013
QSO:   28380 PH 2025-09-13 1316 PX5X          59  0381   M0ZVB         59  0008
QSO:   28380 PH 2025-09-13 1319 PX5X          59  0382   DR8C          59  0094
QSO:   28380 PH 2025-09-13 1320 PX5X          59  0383   DJ3GE         59  0014
QSO:   28380 PH 2025-09-13 1320 PX5X          59  0384   IK3XTY        59  0005
QSO:   28380 PH 2025-09-13 1321 PX5X          59  0385   DL6CWM        59  0003
QSO:   28380 PH 2025-09-13 1321 PX5X          59  0386   DL9YJ         59  0027
QSO:   28380 PH 2025-09-13 1324 PX5X          59  0387   F8AKC         59  0006
QSO:   28380 PH 2025-09-13 1324 PX5X          59  0388   OO7J          59  0031
QSO:   28380 PH 2025-09-13 1325 PX5X          59  0389   F1RXM         59  0001
QSO:   28380 PH 2025-09-13 1325 PX5X          59  0390   IU5SEX        59  0005
QSO:   28380 PH 2025-09-13 1326 PX5X          59  0391   OL26WRTC      59  0015
QSO:   28380 PH 2025-09-13 1326 PX5X          59  0392   IK3OYY        59  0002
QSO:   28380 PH 2025-09-13 1326 PX5X          59  0393   IU5RDL        59  0001
QSO:   28380 PH 2025-09-13 1327 PX5X          59  0394   DK1KC         59  0053
QTC:   28380 PH 2025-09-13 1327 DK1KC         72/10      PX5X          1312 DL1ABR        0047
QTC:   28380 PH 2025-09-13 1327 DK1KC         72/10      PX5X          1315 HB3XSX        0001
QTC:   28380 PH 2025-09-13 1328 DK1KC         72/10      PX5X          1315 DD5M          0073
QTC:   28380 PH 2025-09-13 1328 DK1KC         72/10      PX5X          1316 DC1AP         0013
QTC:   28380 PH 2025-09-13 1328 DK1KC         72/10      PX5X          1316 M0ZVB         0008
QTC:   28380 PH 2025-09-13 1328 DK1KC         72/10      PX5X          1319 DR8C          0094
QTC:   28380 PH 2025-09-13 1328 DK1KC         72/10      PX5X          1320 DJ3GE         0014
QTC:   28380 PH 2025-09-13 1328 DK1KC         72/10      PX5X          1320 IK3XTY        0005
QTC:   28380 PH 2025-09-13 1328 DK1KC         72/10      PX5X          1321 DL6CWM        0003
QTC:   28380 PH 2025-09-13 1328 DK1KC         72/10      PX5X          1321 DL9YJ         0027
QSO:   28380 PH 2025-09-13 1329 PX5X          59  0395   HA7KJ         59  0004
QSO:   28380 PH 2025-09-13 1329 PX5X          59  0396   DF0HQ         59  0541
QTC:   28380 PH 2025-09-13 1330 DF0HQ         73/9       PX5X          1324 F8AKC         0006
QTC:   28380 PH 2025-09-13 1330 DF0HQ         73/9       PX5X          1324 OO7J          0031
QTC:   28380 PH 2025-09-13 1330 DF0HQ         73/9       PX5X          1325 F1RXM         0001
QTC:   28380 PH 2025-09-13 1330 DF0HQ         73/9       PX5X          1325 IU5SEX        0005
QTC:   28380 PH 2025-09-13 1330 DF0HQ         73/9       PX5X          1326 OL26WRTC      0015
QTC:   28380 PH 2025-09-13 1331 DF0HQ         73/9       PX5X          1326 IK3OYY        0002
QTC:   28380 PH 2025-09-13 1331 DF0HQ         73/9       PX5X          1326 IU5RDL        0001
QTC:   28380 PH 2025-09-13 1331 DF0HQ         73/9       PX5X          1327 DK1KC         0053
QTC:   28380 PH 2025-09-13 1331 DF0HQ         73/9       PX5X          1329 HA7KJ         0004
QSO:   28380 PH 2025-09-13 1331 PX5X          59  0397   DF7HH         59  0064
QSO:   28380 PH 2025-09-13 1332 PX5X          59  0398   DG8NCO        59  0003
QSO:   28380 PH 2025-09-13 1332 PX5X          59  0399   OM2VL         59  0337
QTC:   28380 PH 2025-09-13 1332 OM2VL         74/3       PX5X          1329 DF0HQ         0541
QTC:   28380 PH 2025-09-13 1333 OM2VL         74/3       PX5X          1331 DF7HH         0064
QTC:   28380 PH 2025-09-13 1333 OM2VL         74/3       PX5X          1332 DG8NCO        0003
QSO:   28380 PH 2025-09-13 1333 PX5X          59  0400   LZ2PS         59  0035
QSO:   28380 PH 2025-09-13 1333 PX5X          59  0401   DL0KA         59  0068
QSO:   28380 PH 2025-09-13 1334 PX5X          59  0402   F4LPJ         59  0011
QSO:   28380 PH 2025-09-13 1334 PX5X          59  0403   TM8K          59  0037
QSO:   28380 PH 2025-09-13 1334 PX5X          59  0404   YO9HP         59  0073
QSO:   28380 PH 2025-09-13 1335 PX5X          59  0405   SV1FZ         59  0014
QSO:   28380 PH 2025-09-13 1335 PX5X          59  0406   IK4ADE        59  0034
QSO:   28380 PH 2025-09-13 1336 PX5X          59  0407   IU8TVG        59  0002
QSO:   28380 PH 2025-09-13 1336 PX5X          59  0408   I2VRN         59  0005
QSO:   28380 PH 2025-09-13 1336 PX5X          59  0409   IU0DFN        59  0010
QSO:   28380 PH 2025-09-13 1337 PX5X          59  0410   DJ9MH         59  0042
QTC:   28380 PH 2025-09-13 1337 DJ9MH         75/10      PX5X          1332 OM2VL         0337
QTC:   28380 PH 2025-09-13 1337 DJ9MH         75/10      PX5X          1333 LZ2PS         0035
QTC:   28380 PH 2025-09-13 1337 DJ9MH         75/10      PX5X          1333 DL0KA         0068
QTC:   28380 PH 2025-09-13 1337 DJ9MH         75/10      PX5X          1334 F4LPJ         0011
QTC:   28380 PH 2025-09-13 1337 DJ9MH         75/10      PX5X          1334 TM8K          0037
QTC:   28380 PH 2025-09-13 1337 DJ9MH         75/10      PX5X          1334 YO9HP         0073
QTC:   28380 PH 2025-09-13 1338 DJ9MH         75/10      PX5X          1335 SV1FZ         0014
QTC:   28380 PH 2025-09-13 1338 DJ9MH         75/10      PX5X          1335 IK4ADE        0034
QTC:   28380 PH 2025-09-13 1338 DJ9MH         75/10      PX5X          1336 IU8TVG        0002
QTC:   28380 PH 2025-09-13 1338 DJ9MH         75/10      PX5X          1336 I2VRN         0005
QSO:   28380 PH 2025-09-13 1338 PX5X          59  0411   LZ1DM         59  0037
QSO:   28380 PH 2025-09-13 1339 PX5X          59  0412   IZ6JPK        59  0002
QSO:   28380 PH 2025-09-13 1339 PX5X          59  0413   EA1DDF        59  0009
QSO:   28380 PH 2025-09-13 1339 PX5X          59  0414   YL2LW         59  0021
QSO:   28380 PH 2025-09-13 1340 PX5X          59  0415   ON6NL         59  0062
QTC:   28380 PH 2025-09-13 1340 ON6NL         76/6       PX5X          1336 IU0DFN        0010
QTC:   28380 PH 2025-09-13 1340 ON6NL         76/6       PX5X          1337 DJ9MH         0042
QTC:   28380 PH 2025-09-13 1340 ON6NL         76/6       PX5X          1338 LZ1DM         0037
QTC:   28380 PH 2025-09-13 1341 ON6NL         76/6       PX5X          1339 IZ6JPK        0002
QTC:   28380 PH 2025-09-13 1341 ON6NL         76/6       PX5X          1339 EA1DDF        0009
QTC:   28380 PH 2025-09-13 1341 ON6NL         76/6       PX5X          1339 YL2LW         0021
QSO:   28380 PH 2025-09-13 1341 PX5X          59  0416   DK5JM         59  0045
QSO:   28380 PH 2025-09-13 1343 PX5X          59  0417   DL4CQ         59  0045
QSO:   28380 PH 2025-09-13 1344 PX5X          59  0418   YO2LIM        59  0002
QSO:   28380 PH 2025-09-13 1344 PX5X          59  0419   IU0LTY        59  0006
QSO:   28380 PH 2025-09-13 1345 PX5X          59  0420   DG4IAG        59  0005
QSO:   28380 PH 2025-09-13 1345 PX5X          59  0421   IK3XTT        59  0003
QSO:   28380 PH 2025-09-13 1345 PX5X          59  0422   IP3G          59  0095
QSO:   28380 PH 2025-09-13 1346 PX5X          59  0423   RZ3DOT        59  0022
QTC:   28380 PH 2025-09-13 1347 LZ5R          77/2       PX5X          1340 ON6NL         0062
QTC:   28380 PH 2025-09-13 1347 LZ5R          77/2       PX5X          1341 DK5JM         0045
QSO:   28380 PH 2025-09-13 1350 PX5X          59  0424   DA6TW         59  0008
QSO:   28380 PH 2025-09-13 1350 PX5X          59  0425   IK8FZD        59  0020
QSO:   28380 PH 2025-09-13 1351 PX5X          59  0426   I2VRN         59  0010
QSO:   28380 PH 2025-09-13 1353 PX5X          59  0427   DF8TT         59  0016
QSO:   28380 PH 2025-09-13 1353 PX5X          59  0428   SV5ADM        59  0036
QSO:   28380 PH 2025-09-13 1353 PX5X          59  0429   PG7M          59  0043
QSO:   28380 PH 2025-09-13 1355 PX5X          59  0430   RA6SA         59  0012
QSO:   28380 PH 2025-09-13 1355 PX5X          59  0431   IK8NSR        59  0008
QSO:   28380 PH 2025-09-13 1355 PX5X          59  0432   DL1STG        59  0045
QSO:   28380 PH 2025-09-13 1356 PX5X          59  0433   SP7OQI        59  0088
QSO:   28380 PH 2025-09-13 1356 PX5X          59  0434   DL1NEO        59  0025
QSO:   28427 PH 2025-09-13 1400 PX5X          59  0435   F4GDO         59  0005
QSO:   28417 PH 2025-09-13 1406 PX5X          59  0436   UR5EJ         59  0007
QSO:   28417 PH 2025-09-13 1408 PX5X          59  0437   GW0TAU        59  0002
QSO:   28417 PH 2025-09-13 1410 PX5X          59  0438   OE2MRN/P      59  0001
QSO:   28417 PH 2025-09-13 1411 PX5X          59  0439   ER3UA         59  0024
QTC:   28417 PH 2025-09-13 1412 EA1X          78/10      PX5X          1343 DL4CQ         0045
QTC:   28417 PH 2025-09-13 1412 EA1X          78/10      PX5X          1344 YO2LIM        0002
QTC:   28417 PH 2025-09-13 1412 EA1X          78/10      PX5X          1344 IU0LTY        0006
QTC:   28417 PH 2025-09-13 1412 EA1X          78/10      PX5X          1345 DG4IAG        0005
QTC:   28417 PH 2025-09-13 1412 EA1X          78/10      PX5X          1345 IK3XTT        0003
QTC:   28417 PH 2025-09-13 1412 EA1X          78/10      PX5X          1345 IP3G          0095
QTC:   28417 PH 2025-09-13 1412 EA1X          78/10      PX5X          1346 RZ3DOT        0022
QTC:   28417 PH 2025-09-13 1412 EA1X          78/10      PX5X          1350 DA6TW         0008
QTC:   28417 PH 2025-09-13 1412 EA1X          78/10      PX5X          1350 IK8FZD        0020
QTC:   28417 PH 2025-09-13 1413 EA1X          78/10      PX5X          1353 DF8TT         0016
QSO:   28417 PH 2025-09-13 1414 PX5X          59  0440   YO8SJR        59  0015
QSO:   28417 PH 2025-09-13 1414 PX5X          59  0441   CT1AVR        59  0029
QSO:   28417 PH 2025-09-13 1415 PX5X          59  0442   IK3XTV        59  0011
QSO:   28472 PH 2025-09-13 1417 PX5X          59  0443   UR7LO         59  0059
QSO:   28472 PH 2025-09-13 1418 PX5X          59  0444   DL2OE         59  0057
QSO:   28472 PH 2025-09-13 1419 PX5X          59  0445   YL2LW         59  0033
QSO:   28472 PH 2025-09-13 1421 PX5X          59  0446   EA3CSE        59  0011
QSO:   28472 PH 2025-09-13 1422 PX5X          59  0447   UZ7E          59  0062
QSO:   28472 PH 2025-09-13 1422 PX5X          59  0448   DH8WA         59  0002
QSO:   28472 PH 2025-09-13 1427 PX5X          59  0449   ON3AR         59  0013
QSO:   28472 PH 2025-09-13 1427 PX5X          59  0450   IK3XTV        59  0016
QSO:   28472 PH 2025-09-13 1429 PX5X          59  0451   DH0GDS        59  0007
QSO:   28472 PH 2025-09-13 1430 PX5X          59  0452   DF6QV         59  0070
QSO:   28472 PH 2025-09-13 1431 PX5X          59  0453   PA4GDR        59  0023
QSO:   28472 PH 2025-09-13 1432 PX5X          59  0454   PD1TV         59  0015
QSO:   28472 PH 2025-09-13 1432 PX5X          59  0455   DM7EE         59  0091
QTC:   28472 PH 2025-09-13 1433 DM7EE         79/10      PX5X          1353 SV5ADM        0036
QTC:   28472 PH 2025-09-13 1433 DM7EE         79/10      PX5X          1353 PG7M          0043
QTC:   28472 PH 2025-09-13 1433 DM7EE         79/10      PX5X          1355 RA6SA         0012
QTC:   28472 PH 2025-09-13 1433 DM7EE         79/10      PX5X          1355 IK8NSR        0008
QTC:   28472 PH 2025-09-13 1433 DM7EE         79/10      PX5X          1355 DL1STG        0045
QTC:   28472 PH 2025-09-13 1434 DM7EE         79/10      PX5X          1356 SP7OQI        0088
QTC:   28472 PH 2025-09-13 1434 DM7EE         79/10      PX5X          1356 DL1NEO        0025
QTC:   28472 PH 2025-09-13 1434 DM7EE         79/10      PX5X          1400 F4GDO         0005
QTC:   28472 PH 2025-09-13 1434 DM7EE         79/10      PX5X          1406 UR5EJ         0007
QTC:   28472 PH 2025-09-13 1434 DM7EE         79/10      PX5X          1408 GW0TAU        0002
QSO:   28472 PH 2025-09-13 1435 PX5X          59  0456   DJ7NT         59  0008
QSO:   28472 PH 2025-09-13 1436 PX5X          59  0457   DH1TST        59  0060
QSO:   28472 PH 2025-09-13 1437 PX5X          59  0458   DJ6HR         59  0060
QTC:   28472 PH 2025-09-13 1437 DJ6HR         80/10      PX5X          1410 OE2MRN/P      0001
QTC:   28472 PH 2025-09-13 1437 DJ6HR         80/10      PX5X          1411 ER3UA         0024
QTC:   28472 PH 2025-09-13 1437 DJ6HR         80/10      PX5X          1414 YO8SJR        0015
QTC:   28472 PH 2025-09-13 1438 DJ6HR         80/10      PX5X          1414 CT1AVR        0029
QTC:   28472 PH 2025-09-13 1438 DJ6HR         80/10      PX5X          1415 IK3XTV        0011
QTC:   28472 PH 2025-09-13 1438 DJ6HR         80/10      PX5X          1417 UR7LO         0059
QTC:   28472 PH 2025-09-13 1438 DJ6HR         80/10      PX5X          1418 DL2OE         0057
QTC:   28472 PH 2025-09-13 1438 DJ6HR         80/10      PX5X          1421 EA3CSE        0011
QTC:   28472 PH 2025-09-13 1438 DJ6HR         80/10      PX5X          1422 UZ7E          0062
QTC:   28472 PH 2025-09-13 1439 DJ6HR         80/10      PX5X          1422 DH8WA         0002
QSO:   28472 PH 2025-09-13 1439 PX5X          59  0459   DL6EZ         59  0008
QSO:   28472 PH 2025-09-13 1439 PX5X          59  0460   F5JNX         59  0009
QSO:   28472 PH 2025-09-13 1440 PX5X          59  0461   DF6PB         59  0022
QSO:   28472 PH 2025-09-13 1440 PX5X          59  0462   DL9ECA        59  0218
QTC:   28472 PH 2025-09-13 1440 DL9ECA        81/6       PX5X          1427 ON3AR         0013
QTC:   28472 PH 2025-09-13 1441 DL9ECA        81/6       PX5X          1429 DH0GDS        0007
QTC:   28472 PH 2025-09-13 1441 DL9ECA        81/6       PX5X          1430 DF6QV         0070
QTC:   28472 PH 2025-09-13 1441 DL9ECA        81/6       PX5X          1431 PA4GDR        0023
QTC:   28472 PH 2025-09-13 1441 DL9ECA        81/6       PX5X          1432 PD1TV         0015
QTC:   28472 PH 2025-09-13 1441 DL9ECA        81/6       PX5X          1432 DM7EE         0091
QSO:   28472 PH 2025-09-13 1442 PX5X          59  0463   DL6UD         59  0067
QTC:   28472 PH 2025-09-13 1442 DL6UD         82/7       PX5X          1435 DJ7NT         0008
QTC:   28472 PH 2025-09-13 1443 DL6UD         82/7       PX5X          1436 DH1TST        0060
QTC:   28472 PH 2025-09-13 1443 DL6UD         82/7       PX5X          1437 DJ6HR         0060
QTC:   28472 PH 2025-09-13 1443 DL6UD         82/7       PX5X          1439 DL6EZ         0008
QTC:   28472 PH 2025-09-13 1443 DL6UD         82/7       PX5X          1439 F5JNX         0009
QTC:   28472 PH 2025-09-13 1443 DL6UD         82/7       PX5X          1440 DF6PB         0022
QTC:   28472 PH 2025-09-13 1444 DL6UD         82/7       PX5X          1440 DL9ECA        0218
QSO:   28472 PH 2025-09-13 1444 PX5X          59  0464   DJ5LA         59  0009
QSO:   28472 PH 2025-09-13 1444 PX5X          59  0465   DM7T          59  0023
QSO:   28472 PH 2025-09-13 1445 PX5X          59  0466   DL1YTT        59  0040
QSO:   28472 PH 2025-09-13 1446 PX5X          59  0467   DO1SPD        59  0001
QSO:   28472 PH 2025-09-13 1448 PX5X          59  0468   PA3CGJ        59  0007
QSO:   28472 PH 2025-09-13 1448 PX5X          59  0469   DM6EE         59  0027
QTC:   28472 PH 2025-09-13 1449 DM6EE         83/6       PX5X          1442 DL6UD         0067
QTC:   28472 PH 2025-09-13 1449 DM6EE         83/6       PX5X          1444 DJ5LA         0009
QTC:   28472 PH 2025-09-13 1449 DM6EE         83/6       PX5X          1444 DM7T          0023
QTC:   28472 PH 2025-09-13 1449 DM6EE         83/6       PX5X          1445 DL1YTT        0040
QTC:   28472 PH 2025-09-13 1449 DM6EE         83/6       PX5X          1446 DO1SPD        0001
QTC:   28472 PH 2025-09-13 1450 DM6EE         83/6       PX5X          1448 PA3CGJ        0007
QTC:   28472 PH 2025-09-13 1450 DK5JM         84/1       PX5X          1448 DM6EE         0027
QSO:   28472 PH 2025-09-13 1451 PX5X          59  0470   DL5ANS        59  0080
QSO:   28472 PH 2025-09-13 1451 PX5X          59  0471   IU4FKE        59  0043
QSO:   28472 PH 2025-09-13 1452 PX5X          59  0472   OK8CX/P       59  0004
QSO:   28472 PH 2025-09-13 1453 PX5X          59  0473   DL5EN         59  0014
QSO:   28472 PH 2025-09-13 1454 PX5X          59  0474   EA3GOU        59  0013
QSO:   28472 PH 2025-09-13 1454 PX5X          59  0475   DL9YY         59  0061
QSO:   28472 PH 2025-09-13 1455 PX5X          59  0476   DG6CHI        59  0062
QSO:   28472 PH 2025-09-13 1455 PX5X          59  0477   DL2DQL        59  0068
QSO:   28472 PH 2025-09-13 1456 PX5X          59  0478   DL4JU         59  0021
QSO:   21326 PH 2025-09-13 1458 PX5X          59  0479   E7DX          59  0568
QTC:   21326 PH 2025-09-13 1458 E7DX          85/3       PX5X          1451 DL5ANS        0080
QTC:   21326 PH 2025-09-13 1458 E7DX          85/3       PX5X          1451 IU4FKE        0043
QTC:   21326 PH 2025-09-13 1458 E7DX          85/3       PX5X          1452 OK8CX/P       0004
QSO:   28472 PH 2025-09-13 1507 PX5X          59  0480   F5OQL         59  0005
QSO:   28472 PH 2025-09-13 1508 PX5X          59  0481   DL1CLM        59  0024
QSO:   28472 PH 2025-09-13 1511 PX5X          59  0483   ON8CA         59  0004
QSO:   28472 PH 2025-09-13 1512 PX5X          59  0484   RA6FG         59  0003
QSO:   28472 PH 2025-09-13 1512 PX5X          59  0485   SP6TF         59  0010
QSO:   28472 PH 2025-09-13 1512 PX5X          59  0486   IV3EAD        59  0027
QSO:   28472 PH 2025-09-13 1513 PX5X          59  0487   DK2R          59  0065
QTC:   28472 PH 2025-09-13 1513 DK2R          87/10      PX5X          1454 DL9YY         0061
QTC:   28472 PH 2025-09-13 1513 DK2R          87/10      PX5X          1455 DG6CHI        0062
QTC:   28472 PH 2025-09-13 1513 DK2R          87/10      PX5X          1455 DL2DQL        0068
QTC:   28472 PH 2025-09-13 1514 DK2R          87/10      PX5X          1456 DL4JU         0021
QTC:   28472 PH 2025-09-13 1514 DK2R          87/10      PX5X          1458 E7DX          0568
QTC:   28472 PH 2025-09-13 1514 DK2R          87/10      PX5X          1507 F5OQL         0005
QTC:   28472 PH 2025-09-13 1514 DK2R          87/10      PX5X          1508 DL1CLM        0024
QTC:   28472 PH 2025-09-13 1515 DK2R          87/10      PX5X          1509 IU2SJU        0051
QTC:   28472 PH 2025-09-13 1515 DK2R          87/10      PX5X          1511 ON8CA         0004
QTC:   28472 PH 2025-09-13 1515 DK2R          87/10      PX5X          1512 RA6FG         0003
QSO:   28472 PH 2025-09-13 1516 PX5X          59  0488   DL1YEG        59  0035
QSO:   28472 PH 2025-09-13 1519 PX5X          59  0489   DO9POL        59  0008
QSO:   28472 PH 2025-09-13 1520 PX5X          59  0490   DL3RC         59  0082
QTC:   28472 PH 2025-09-13 1520 DL3RC         88/7       PX5X          1453 DL5EN         0014
QTC:   28472 PH 2025-09-13 1520 DL3RC         88/7       PX5X          1454 EA3GOU        0013
QTC:   28472 PH 2025-09-13 1520 DL3RC         88/7       PX5X          1512 SP6TF         0010
QTC:   28472 PH 2025-09-13 1521 DL3RC         88/7       PX5X          1512 IV3EAD        0027
QTC:   28472 PH 2025-09-13 1521 DL3RC         88/7       PX5X          1513 DK2R          0065
QTC:   28472 PH 2025-09-13 1521 DL3RC         88/7       PX5X          1516 DL1YEG        0035
QTC:   28472 PH 2025-09-13 1521 DL3RC         88/7       PX5X          1519 DO9POL        0008
QSO:   28472 PH 2025-09-13 1523 PX5X          59  0491   DG7AC         59  0003
QSO:   28472 PH 2025-09-13 1523 PX5X          59  0492   PA4WG         59  0003
QSO:   28472 PH 2025-09-13 1523 PX5X          59  0493   DL2UW         59  0023
QTC:   28472 PH 2025-09-13 1524 OO7J          89/4       PX5X          1520 DL3RC         0082
QTC:   28472 PH 2025-09-13 1524 OO7J          89/4       PX5X          1523 DG7AC         0003
QTC:   28472 PH 2025-09-13 1524 OO7J          89/4       PX5X          1523 PA4WG         0003
QTC:   28472 PH 2025-09-13 1524 OO7J          89/4       PX5X          1523 DL2UW         0023
QSO:   28472 PH 2025-09-13 1525 PX5X          59  0494   DO3CL         59  0001
QSO:   28472 PH 2025-09-13 1526 PX5X          59  0495   DM5XT         59  0003
QTC:   28472 PH 2025-09-13 1526 DL0KA         90/2       PX5X          1525 DO3CL         0001
QTC:   28472 PH 2025-09-13 1526 DL0KA         90/2       PX5X          1526 DM5XT         0003
QSO:   28472 PH 2025-09-13 1528 PX5X          59  0496   IN3EBV        59  0018
QSO:   28472 PH 2025-09-13 1528 PX5X          59  0497   G1IZQ         59  0208
QSO:   28472 PH 2025-09-13 1528 PX5X          59  0498   DL5JP         59  0014
QSO:   28472 PH 2025-09-13 1530 PX5X          59  0499   DO4BY         59  0009
QTC:   28528 PH 2025-09-13 1532 DM6G          91/4       PX5X          1528 IN3EBV        0018
QTC:   28528 PH 2025-09-13 1532 DM6G          91/4       PX5X          1528 G1IZQ         0208
QTC:   28528 PH 2025-09-13 1532 DM6G          91/4       PX5X          1528 DL5JP         0014
QTC:   28528 PH 2025-09-13 1532 DM6G          91/4       PX5X          1530 DO4BY         0009
QSO:   28528 PH 2025-09-13 1533 PX5X          59  0500   I3JFU         59  0007
QSO:   28528 PH 2025-09-13 1535 PX5X          59  0501   DL9FB         59  0021
QSO:   28528 PH 2025-09-13 1536 PX5X          59  0502   DK6QW         59  0060
QSO:   28528 PH 2025-09-13 1536 PX5X          59  0503   F5XE          59  0002
QSO:   28528 PH 2025-09-13 1539 PX5X          59  0504   IT9EXH        59  0004
QSO:   28528 PH 2025-09-13 1545 PX5X          59  0505   OK2EQ         59  0028
QSO:   28528 PH 2025-09-13 1546 PX5X          59  0506   DF7CHR        59  0025
QSO:   28528 PH 2025-09-13 1548 PX5X          59  0507   HG7J          59  0007
QSO:   28528 PH 2025-09-13 1548 PX5X          59  0508   LZ1GU         59  0052
QSO:   28528 PH 2025-09-13 1549 PX5X          59  0509   DG1NPM        59  0029
QSO:   28528 PH 2025-09-13 1550 PX5X          59  0510   M7HRI         59  0004
QSO:   28528 PH 2025-09-13 1552 PX5X          59  0511   EA5JPZ        59  0012
QSO:   28528 PH 2025-09-13 1552 PX5X          59  0512   F5PAL         59  0122
QSO:   28528 PH 2025-09-13 1553 PX5X          59  0513   ON7ET         59  0014
QSO:   28528 PH 2025-09-13 1553 PX5X          59  0514   YT0W          59  0038
QSO:   28528 PH 2025-09-13 1554 PX5X          59  0515   MW7FON        59  0028
QSO:   28528 PH 2025-09-13 1554 PX5X          59  0516   PD5LM         59  0278
QSO:   28528 PH 2025-09-13 1554 PX5X          59  0517   EF5Q          59  0017
QSO:   28528 PH 2025-09-13 1555 PX5X          59  0518   G4AFA         59  0010
QSO:   28528 PH 2025-09-13 1555 PX5X          59  0519   DH8WE         59  0073
QSO:   28528 PH 2025-09-13 1555 PX5X          59  0520   DK2WW         59  0086
QSO:   28528 PH 2025-09-13 1556 PX5X          59  0521   F5MNC         59  0035
QSO:   28528 PH 2025-09-13 1557 PX5X          59  0522   OP5T          59  0053
QTC:   28528 PH 2025-09-13 1557 OP5T          92/10      PX5X          1533 I3JFU         0007
QTC:   28528 PH 2025-09-13 1557 OP5T          92/10      PX5X          1535 DL9FB         0021
QTC:   28528 PH 2025-09-13 1557 OP5T          92/10      PX5X          1536 DK6QW         0060
QTC:   28528 PH 2025-09-13 1557 OP5T          92/10      PX5X          1536 F5XE          0002
QTC:   28528 PH 2025-09-13 1557 OP5T          92/10      PX5X          1539 IT9EXH        0004
QTC:   28528 PH 2025-09-13 1558 OP5T          92/10      PX5X          1545 OK2EQ         0028
QTC:   28528 PH 2025-09-13 1558 OP5T          92/10      PX5X          1546 DF7CHR        0025
QTC:   28528 PH 2025-09-13 1558 OP5T          92/10      PX5X          1548 HG7J          0007
QTC:   28528 PH 2025-09-13 1558 OP5T          92/10      PX5X          1548 LZ1GU         0052
QTC:   28528 PH 2025-09-13 1558 OP5T          92/10      PX5X          1549 DG1NPM        0029
QSO:   28528 PH 2025-09-13 1558 PX5X          59  0523   RG6G          59  0058
QTC:   28528 PH 2025-09-13 1559 RG6G          93/10      PX5X          1550 M7HRI         0004
QTC:   28528 PH 2025-09-13 1559 RG6G          93/10      PX5X          1552 EA5JPZ        0012
QTC:   28528 PH 2025-09-13 1559 RG6G          93/10      PX5X          1552 F5PAL         0122
QTC:   28528 PH 2025-09-13 1559 RG6G          93/10      PX5X          1553 ON7ET         0014
QTC:   28528 PH 2025-09-13 1559 RG6G          93/10      PX5X          1553 YT0W          0038
QTC:   28528 PH 2025-09-13 1559 RG6G          93/10      PX5X          1554 MW7FON        0028
QTC:   28528 PH 2025-09-13 1559 RG6G          93/10      PX5X          1554 PD5LM         0278
QTC:   28528 PH 2025-09-13 1600 RG6G          93/10      PX5X          1554 EF5Q          0017
QTC:   28528 PH 2025-09-13 1600 RG6G          93/10      PX5X          1555 G4AFA         0010
QTC:   28528 PH 2025-09-13 1600 RG6G          93/10      PX5X          1555 DH8WE         0073
QTC:   28528 PH 2025-09-13 1600 DF0HQ         94/1       PX5X          1555 DK2WW         0086
QSO:   28528 PH 2025-09-13 1601 PX5X          59  0524   F5ICC         59  0052
QSO:   28528 PH 2025-09-13 1601 PX5X          59  0525   SQ3TGN        59  0042
QSO:   28528 PH 2025-09-13 1602 PX5X          59  0526   DL9GS         59  0025
QSO:   28528 PH 2025-09-13 1602 PX5X          59  0527   DK5EQ         59  0053
QSO:   28528 PH 2025-09-13 1602 PX5X          59  0528   DL2TOS        59  0004
QSO:   28528 PH 2025-09-13 1603 PX5X          59  0529   DM1LC         59  0012
QSO:   28528 PH 2025-09-13 1603 PX5X          59  0530   DM5WW         59  0026
QSO:   28528 PH 2025-09-13 1604 PX5X          59  0531   EA5BH         59  0007
QSO:   28528 PH 2025-09-13 1604 PX5X          59  0532   OK3SN         59  0054
QTC:   28528 PH 2025-09-13 1604 DP6C          95/10      PX5X          1556 F5MNC         0035
QTC:   28528 PH 2025-09-13 1605 DP6C          95/10      PX5X          1557 OP5T          0053
QTC:   28528 PH 2025-09-13 1605 DP6C          95/10      PX5X          1558 RG6G          0058
QTC:   28528 PH 2025-09-13 1605 DP6C          95/10      PX5X          1601 F5ICC         0052
QTC:   28528 PH 2025-09-13 1605 DP6C          95/10      PX5X          1601 SQ3TGN        0042
QTC:   28528 PH 2025-09-13 1605 DP6C          95/10      PX5X          1602 DL9GS         0025
QTC:   28528 PH 2025-09-13 1605 DP6C          95/10      PX5X          1602 DK5EQ         0053
QTC:   28528 PH 2025-09-13 1605 DP6C          95/10      PX5X          1602 DL2TOS        0004
QTC:   28528 PH 2025-09-13 1606 DP6C          95/10      PX5X          1603 DM1LC         0012
QTC:   28528 PH 2025-09-13 1606 DP6C          95/10      PX5X          1603 DM5WW         0026
QSO:   28528 PH 2025-09-13 1606 PX5X          59  0533   9A5KV         59  0080
QSO:   28528 PH 2025-09-13 1606 PX5X          59  0534   DL2025E       59  0062
QTC:   28528 PH 2025-09-13 1607 HB9EHJ        96/4       PX5X          1604 EA5BH         0007
QTC:   28528 PH 2025-09-13 1607 HB9EHJ        96/4       PX5X          1604 OK3SN         0054
QTC:   28528 PH 2025-09-13 1607 HB9EHJ        96/4       PX5X          1606 9A5KV         0080
QTC:   28528 PH 2025-09-13 1608 HB9EHJ        96/4       PX5X          1606 DL2025E       0062
QSO:   28528 PH 2025-09-13 1608 PX5X          59  0535   SQ2IP         59  0002
QSO:   28528 PH 2025-09-13 1609 PX5X          59  0536   IT9OPR        59  0015
QSO:   28528 PH 2025-09-13 1609 PX5X          59  0537   DK2CB         59  0026
QSO:   28528 PH 2025-09-13 1609 PX5X          59  0538   F6GNP         59  0032
QSO:   28528 PH 2025-09-13 1610 PX5X          59  0539   DL0DX         59  0070
QSO:   28528 PH 2025-09-13 1611 PX5X          59  0540   HB9DCM        59  0006
QSO:   28528 PH 2025-09-13 1613 PX5X          59  0541   IO8O          59  0036
QTC:   28528 PH 2025-09-13 1613 IO8O          97/6       PX5X          1608 SQ2IP         0002
QTC:   28528 PH 2025-09-13 1613 IO8O          97/6       PX5X          1609 IT9OPR        0015
QTC:   28528 PH 2025-09-13 1614 IO8O          97/6       PX5X          1609 DK2CB         0026
QTC:   28528 PH 2025-09-13 1614 IO8O          97/6       PX5X          1609 F6GNP         0032
QTC:   28528 PH 2025-09-13 1614 IO8O          97/6       PX5X          1610 DL0DX         0070
QTC:   28528 PH 2025-09-13 1614 IO8O          97/6       PX5X          1611 HB9DCM        0006
QSO:   28528 PH 2025-09-13 1615 PX5X          59  0542   DF4UM         59  0039
QSO:   28528 PH 2025-09-13 1615 PX5X          59  0543   EA1L          59  0015
QSO:   28528 PH 2025-09-13 1616 PX5X          59  0544   F6FET         59  0006
QSO:   28528 PH 2025-09-13 1617 PX5X          59  0545   DL2AAK        59  0044
QTC:   28528 PH 2025-09-13 1618 HA0SA         98/5       PX5X          1613 IO8O          0036
QTC:   28528 PH 2025-09-13 1618 HA0SA         98/5       PX5X          1615 DF4UM         0039
QTC:   28528 PH 2025-09-13 1618 HA0SA         98/5       PX5X          1615 EA1L          0015
QTC:   28528 PH 2025-09-13 1618 HA0SA         98/5       PX5X          1616 F6FET         0006
QTC:   28528 PH 2025-09-13 1618 HA0SA         98/5       PX5X          1617 DL2AAK        0044
QSO:   28528 PH 2025-09-13 1618 PX5X          59  0546   DL4GCJ        59  0004
QSO:   28528 PH 2025-09-13 1620 PX5X          59  0547   2E1CGA        59  0002
QSO:   28528 PH 2025-09-13 1620 PX5X          59  0548   F8DZU         59  0042
QSO:   28528 PH 2025-09-13 1622 PX5X          59  0549   M0YCQ         59  0011
QSO:   28528 PH 2025-09-13 1623 PX5X          59  0550   DL7LX         59  0032
QSO:   28528 PH 2025-09-13 1624 PX5X          59  0551   G1IBS         59  0005
QSO:   28528 PH 2025-09-13 1624 PX5X          59  0552   DH8WA         59  0003
QSO:   28528 PH 2025-09-13 1625 PX5X          59  0553   OH7K          59  0062
QTC:   28528 PH 2025-09-13 1625 OH7K          99/6       PX5X          1618 DL4GCJ        0004
QTC:   28528 PH 2025-09-13 1625 OH7K          99/6       PX5X          1620 2E1CGA        0002
QTC:   28528 PH 2025-09-13 1625 OH7K          99/6       PX5X          1620 F8DZU         0042
QTC:   28528 PH 2025-09-13 1625 OH7K          99/6       PX5X          1622 M0YCQ         0011
QTC:   28528 PH 2025-09-13 1626 OH7K          99/6       PX5X          1623 DL7LX         0032
QTC:   28528 PH 2025-09-13 1626 OH7K          99/6       PX5X          1624 G1IBS         0005
QSO:   28528 PH 2025-09-13 1626 PX5X          59  0554   F4HRM         59  0078
QSO:   28528 PH 2025-09-13 1627 PX5X          59  0555   SQ2HZ         59  0013
QSO:   28528 PH 2025-09-13 1627 PX5X          59  0556   I1WSM         59  0025
QSO:   28528 PH 2025-09-13 1628 PX5X          59  0557   IK5QQA        59  0040
QSO:   28528 PH 2025-09-13 1628 PX5X          59  0558   EA6VY         59  0001
QTC:   28528 PH 2025-09-13 1629 DQ6N          100/3      PX5X          1625 OH7K          0062
QTC:   28528 PH 2025-09-13 1629 DQ6N          100/3      PX5X          1626 F4HRM         0078
QTC:   28528 PH 2025-09-13 1629 DQ6N          100/3      PX5X          1627 SQ2HZ         0013
QSO:   28528 PH 2025-09-13 1630 PX5X          59  0559   DM2BPG        59  0011
QSO:   28528 PH 2025-09-13 1631 PX5X          59  0560   DL6NDW        59  0010
QSO:   28528 PH 2025-09-13 1631 PX5X          59  0561   DL2CK         59  0001
QSO:   28528 PH 2025-09-13 1632 PX5X          59  0562   DF8KVK        59  0083
QSO:   28528 PH 2025-09-13 1632 PX5X          59  0563   IW1GBL        59  0001
QSO:   28528 PH 2025-09-13 1633 PX5X          59  0564   DL2LBK        59  0108
QTC:   28528 PH 2025-09-13 1634 DL2LBK        101/8      PX5X          1627 I1WSM         0025
QTC:   28528 PH 2025-09-13 1634 DL2LBK        101/8      PX5X          1628 IK5QQA        0040
QTC:   28528 PH 2025-09-13 1634 DL2LBK        101/8      PX5X          1628 EA6VY         0001
QTC:   28528 PH 2025-09-13 1634 DL2LBK        101/8      PX5X          1630 DM2BPG        0011
QTC:   28528 PH 2025-09-13 1634 DL2LBK        101/8      PX5X          1631 DL6NDW        0010
QTC:   28528 PH 2025-09-13 1634 DL2LBK        101/8      PX5X          1631 DL2CK         0001
QTC:   28528 PH 2025-09-13 1634 DL2LBK        101/8      PX5X          1632 DF8KVK        0083
QTC:   28528 PH 2025-09-13 1635 DL2LBK        101/8      PX5X          1632 IW1GBL        0001
QSO:   28528 PH 2025-09-13 1635 PX5X          59  0565   DL2RZ         59  0083
QSO:   28528 PH 2025-09-13 1636 PX5X          59  0566   OE5SMU        59  0004
QSO:   28528 PH 2025-09-13 1636 PX5X          59  0567   OK2TS         59  0058
QSO:   28528 PH 2025-09-13 1637 PX5X          59  0568   DL4YAO        59  0063
QSO:   28528 PH 2025-09-13 1637 PX5X          59  0569   MM1E          59  0068
QSO:   28528 PH 2025-09-13 1638 PX5X          59  0570   DK4KH         59  0026
QSO:   28528 PH 2025-09-13 1638 PX5X          59  0571   DF2AJ         59  0023
QSO:   28528 PH 2025-09-13 1638 PX5X          59  0572   DL2CK         59  0002
QSO:   28528 PH 2025-09-13 1639 PX5X          59  0573   M0UDD         59  0018
QSO:   28528 PH 2025-09-13 1640 PX5X          59  0574   OV1RR         59  0018
QSO:   28528 PH 2025-09-13 1643 PX5X          59  0575   GM0GMN        59  0007
QSO:   28528 PH 2025-09-13 1643 PX5X          59  0576   EA2SX         59  0103
QTC:   28528 PH 2025-09-13 1645 OM2VL         102/7      PX5X          1633 DL2LBK        0108
QTC:   28528 PH 2025-09-13 1645 OM2VL         102/7      PX5X          1635 DL2RZ         0083
QTC:   28528 PH 2025-09-13 1645 OM2VL         102/7      PX5X          1636 OE5SMU        0004
QTC:   28528 PH 2025-09-13 1645 OM2VL         102/7      PX5X          1636 OK2TS         0058
QTC:   28528 PH 2025-09-13 1645 OM2VL         102/7      PX5X          1637 DL4YAO        0063
QTC:   28528 PH 2025-09-13 1645 OM2VL         102/7      PX5X          1637 MM1E          0068
QTC:   28528 PH 2025-09-13 1645 OM2VL         102/7      PX5X          1638 DK4KH         0026
QSO:   28528 PH 2025-09-13 1646 PX5X          59  0577   IU1TMB        59  0002
QSO:   28528 PH 2025-09-13 1646 PX5X          59  0578   DL7ON         59  0245
QTC:   28528 PH 2025-09-13 1646 DL7ON         103/6      PX5X          1638 DF2AJ         0023
QTC:   28528 PH 2025-09-13 1646 DL7ON         103/6      PX5X          1639 M0UDD         0018
QTC:   28528 PH 2025-09-13 1646 DL7ON         103/6      PX5X          1640 OV1RR         0018
QTC:   28528 PH 2025-09-13 1647 DL7ON         103/6      PX5X          1643 GM0GMN        0007
QTC:   28528 PH 2025-09-13 1647 DL7ON         103/6      PX5X          1643 EA2SX         0103
QTC:   28528 PH 2025-09-13 1647 DL7ON         103/6      PX5X          1646 IU1TMB        0002
QSO:   28528 PH 2025-09-13 1647 PX5X          59  0579   DL8YDC        59  0008
QSO:   28528 PH 2025-09-13 1648 PX5X          59  0580   IK0BIF        59  0001
QSO:   28528 PH 2025-09-13 1648 PX5X          59  0581   I2UVZ         59  0002
QSO:   28528 PH 2025-09-13 1649 PX5X          59  0582   DF2FM         59  0012
QTC:   28528 PH 2025-09-13 1649 DF2FM         104/4      PX5X          1646 DL7ON         0245
QTC:   28528 PH 2025-09-13 1650 DF2FM         104/4      PX5X          1647 DL8YDC        0008
QTC:   28528 PH 2025-09-13 1650 DF2FM         104/4      PX5X          1648 IK0BIF        0001
QTC:   28528 PH 2025-09-13 1650 DF2FM         104/4      PX5X          1648 I2UVZ         0002
QSO:   28528 PH 2025-09-13 1651 PX5X          59  0583   PA3EVY        59  0038
QSO:   28528 PH 2025-09-13 1652 PX5X          59  0584   DL5CAT        59  0044
QSO:   28528 PH 2025-09-13 1652 PX5X          59  0585   DJ5KW         59  0029
QSO:   28528 PH 2025-09-13 1653 PX5X          59  0586   DK1VK         59  0005
QSO:   28528 PH 2025-09-13 1654 PX5X          59  0587   DL3LAB        59  0022
QSO:   28528 PH 2025-09-13 1656 PX5X          59  0588   DF7C          59  0053
QSO:   28528 PH 2025-09-13 1657 PX5X          59  0589   IW5CI         59  0002
QSO:   28528 PH 2025-09-13 1657 PX5X          59  0590   M1DDV         59  0053
QSO:   28528 PH 2025-09-13 1657 PX5X          59  0591   IK1JTQ        59  0001
QSO:   28528 PH 2025-09-13 1658 PX5X          59  0592   PC2K          59  0097
QSO:   28528 PH 2025-09-13 1658 PX5X          59  0593   IU1PGS        59  0344
QSO:   28528 PH 2025-09-13 1659 PX5X          59  0594   M0TAV         59  0002
QSO:   28528 PH 2025-09-13 1700 PX5X          59  0595   DJ3HW         59  0064
QSO:   28528 PH 2025-09-13 1700 PX5X          59  0596   DF1DT         59  0047
QSO:   28528 PH 2025-09-13 1700 PX5X          59  0597   IZ5NRF        59  0024
QSO:   28528 PH 2025-09-13 1700 PX5X          59  0598   YU7NW         59  0025
QSO:   28528 PH 2025-09-13 1700 PX5X          59  0599   DL8YBM        59  0041
QSO:   28528 PH 2025-09-13 1701 PX5X          59  0600   DL8KL         59  0031
QSO:   28528 PH 2025-09-13 1701 PX5X          59  0601   DF7CP         59  0006
QSO:   28528 PH 2025-09-13 1701 PX5X          59  0602   F4IRV         59  0029
QSO:   28528 PH 2025-09-13 1703 PX5X          59  0603   IU2GIQ        59  0005
QSO:   28528 PH 2025-09-13 1703 PX5X          59  0604   HB9BLQ        59  0008
QSO:   28528 PH 2025-09-13 1704 PX5X          59  0605   G4OBB         59  0021
QSO:   28528 PH 2025-09-13 1705 PX5X          59  0606   DO8PAT        59  0006
QSO:   28528 PH 2025-09-13 1705 PX5X          59  0607   IW1CHX        59  0044
QSO:   28528 PH 2025-09-13 1706 PX5X          59  0608   DL9UN         59  0093
QTC:   28528 PH 2025-09-13 1706 UW5U          105/10     PX5X          1649 DF2FM         0012
QTC:   28528 PH 2025-09-13 1707 UW5U          105/10     PX5X          1651 PA3EVY        0038
QTC:   28528 PH 2025-09-13 1707 UW5U          105/10     PX5X          1652 DL5CAT        0044
QTC:   28528 PH 2025-09-13 1707 UW5U          105/10     PX5X          1652 DJ5KW         0029
QTC:   28528 PH 2025-09-13 1707 UW5U          105/10     PX5X          1653 DK1VK         0005
QTC:   28528 PH 2025-09-13 1707 UW5U          105/10     PX5X          1654 DL3LAB        0022
QTC:   28528 PH 2025-09-13 1707 UW5U          105/10     PX5X          1656 DF7C          0053
QTC:   28528 PH 2025-09-13 1708 UW5U          105/10     PX5X          1657 IW5CI         0002
QTC:   28528 PH 2025-09-13 1708 UW5U          105/10     PX5X          1657 M1DDV         0053
QTC:   28528 PH 2025-09-13 1708 UW5U          105/10     PX5X          1657 IK1JTQ        0001
QSO:   28528 PH 2025-09-13 1708 PX5X          59  0609   DL9OBD/P      59  0005
QSO:   28528 PH 2025-09-13 1710 PX5X          59  0610   DO8PAT        59  0007
QSO:   28528 PH 2025-09-13 1710 PX5X          59  0611   IP3W          59  0037
QSO:   28528 PH 2025-09-13 1711 PX5X          59  0612   M7YPD         59  0066
QSO:   28528 PH 2025-09-13 1711 PX5X          59  0613   F4BBU         59  0003
QSO:   28528 PH 2025-09-13 1716 PX5X          59  0614   DH8WE         59  0091
QSO:   28528 PH 2025-09-13 1717 PX5X          59  0615   F4GYG         59  0011
QSO:   28528 PH 2025-09-13 1718 PX5X          59  0616   M0TIK         59  0014
QSO:   28528 PH 2025-09-13 1719 PX5X          59  0617   SP3FLY        59  0025
QSO:   28528 PH 2025-09-13 1719 PX5X          59  0618   OK1HEV        59  0001
QSO:   21310 PH 2025-09-13 1726 PX5X          59  0619   F4HSN         59  0018
QSO:   21310 PH 2025-09-13 1727 PX5X          59  0620   F4JHQ         59  0104
QSO:   21310 PH 2025-09-13 1728 PX5X          59  0621   F4EPR         59  0019
QSO:   21310 PH 2025-09-13 1728 PX5X          59  0622   DF6PB         59  0082
QSO:   21310 PH 2025-09-13 1729 PX5X          59  0623   IK5IFH        59  0011
QSO:   21310 PH 2025-09-13 1729 PX5X          59  0624   OG6N          59  0030
QSO:   21310 PH 2025-09-13 1730 PX5X          59  0625   DL7ON         59  0263
QTC:   21310 PH 2025-09-13 1731 DL9ON         106/4      PX5X          1658 PC2K          0097
QTC:   21310 PH 2025-09-13 1731 DL9ON         106/4      PX5X          1658 IU1PGS        0344
QTC:   21310 PH 2025-09-13 1732 DL9ON         106/4      PX5X          1659 M0TAV         0002
QTC:   21310 PH 2025-09-13 1732 DL9ON         106/4      PX5X          1700 DJ3HW         0064
QSO:   21310 PH 2025-09-13 1732 PX5X          59  0626   DL1BUG        59  0226
QTC:   21310 PH 2025-09-13 1732 DL1BUG        107/7      PX5X          1700 DF1DT         0047
QTC:   21310 PH 2025-09-13 1733 DL1BUG        107/7      PX5X          1700 IZ5NRF        0024
QTC:   21310 PH 2025-09-13 1733 DL1BUG        107/7      PX5X          1700 YU7NW         0025
QTC:   21310 PH 2025-09-13 1733 DL1BUG        107/7      PX5X          1700 DL8YBM        0041
QTC:   21310 PH 2025-09-13 1733 DL1BUG        107/7      PX5X          1701 DL8KL         0031
QTC:   21310 PH 2025-09-13 1734 DL1BUG        107/7      PX5X          1701 DF7CP         0006
QTC:   21310 PH 2025-09-13 1734 DL1BUG        107/7      PX5X          1701 F4IRV         0029
QSO:   21310 PH 2025-09-13 1734 PX5X          59  0627   RG6G          59  0089
QSO:   21310 PH 2025-09-13 1735 PX5X          59  0628   DK3R          59  0117
QSO:   21310 PH 2025-09-13 1735 PX5X          59  0629   F4DVO         59  0019
QSO:   21309 PH 2025-09-13 1737 PX5X          59  0630   DJ3HW         59  0077
QSO:   21309 PH 2025-09-13 1738 PX5X          59  0631   F6HQP         59  0099
QSO:   21309 PH 2025-09-13 1738 PX5X          59  0632   RN4HAB        59  0021
QSO:   21309 PH 2025-09-13 1738 PX5X          59  0633   GW4AYJ        59  0021
QSO:   21309 PH 2025-09-13 1739 PX5X          59  0634   DM1NT         59  0013
QSO:   21309 PH 2025-09-13 1739 PX5X          59  0635   YU1AO         59  0062
QSO:   21309 PH 2025-09-13 1740 PX5X          59  0636   DL5ZBS        59  0030
QSO:   21314 PH 2025-09-13 1741 PX5X          59  0637   S51DD         59  0041
QSO:   21260 PH 2025-09-13 1744 PX5X          59  0638   HB9TOC        59  0049
QSO:   21252 PH 2025-09-13 1746 PX5X          59  0639   IT9FRX        59  0056
QSO:   21309 PH 2025-09-13 1747 PX5X          59  0640   IK1PMR        59  0134
QSO:   21309 PH 2025-09-13 1747 PX5X          59  0641   DM5M          59  0075
QSO:   21309 PH 2025-09-13 1747 PX5X          59  0642   DK3WW         59  0137
QTC:   21309 PH 2025-09-13 1748 DK3WW         108/10     PX5X          1703 IU2GIQ        0005
QTC:   21309 PH 2025-09-13 1748 DK3WW         108/10     PX5X          1703 HB9BLQ        0008
QTC:   21309 PH 2025-09-13 1748 DK3WW         108/10     PX5X          1704 G4OBB         0021
QTC:   21309 PH 2025-09-13 1748 DK3WW         108/10     PX5X          1705 DO8PAT        0006
QTC:   21309 PH 2025-09-13 1748 DK3WW         108/10     PX5X          1705 IW1CHX        0044
QTC:   21309 PH 2025-09-13 1748 DK3WW         108/10     PX5X          1706 DL9UN         0093
QTC:   21309 PH 2025-09-13 1748 DK3WW         108/10     PX5X          1708 DL9OBD/P      0005
QTC:   21309 PH 2025-09-13 1749 DK3WW         108/10     PX5X          1710 IP3W          0037
QTC:   21309 PH 2025-09-13 1749 DK3WW         108/10     PX5X          1711 M7YPD         0066
QTC:   21309 PH 2025-09-13 1749 DK3WW         108/10     PX5X          1711 F4BBU         0003
QSO:   21309 PH 2025-09-13 1749 PX5X          59  0643   DJ5LA         59  0054
QSO:   21309 PH 2025-09-13 1749 PX5X          59  0644   SM2M          59  0069
QSO:   21309 PH 2025-09-13 1750 PX5X          59  0645   LA7QIA        59  0010
QSO:   21309 PH 2025-09-13 1750 PX5X          59  0646   ON7TT         59  0004
QSO:   21309 PH 2025-09-13 1751 PX5X          59  0647   OO7J          59  0079
QSO:   21309 PH 2025-09-13 1751 PX5X          59  0648   DL4CQ         59  0075
QSO:   21309 PH 2025-09-13 1751 PX5X          59  0649   SV1EET        59  0009
QSO:   21309 PH 2025-09-13 1751 PX5X          59  0650   DL5YM         59  0005
QSO:   21309 PH 2025-09-13 1752 PX5X          59  0651   DL8KL         59  0038
QSO:   21309 PH 2025-09-13 1752 PX5X          59  0652   UR2Y          59  0053
QSO:   21309 PH 2025-09-13 1753 PX5X          59  0653   S51DX         59  0053
QSO:   21309 PH 2025-09-13 1753 PX5X          59  0654   HB9BS         59  0067
QSO:   21309 PH 2025-09-13 1753 PX5X          59  0655   S59T          59  0007
QSO:   21309 PH 2025-09-13 1754 PX5X          59  0656   DL4OCF        59  0006
QSO:   21309 PH 2025-09-13 1754 PX5X          59  0657   ED2K          59  0238
QSO:   21309 PH 2025-09-13 1755 PX5X          59  0658   8S0C          59  0164
QTC:   21309 PH 2025-09-13 1755 8S0C          109/10     PX5X          1717 F4GYG         0011
QTC:   21309 PH 2025-09-13 1755 8S0C          109/10     PX5X          1718 M0TIK         0014
QTC:   21309 PH 2025-09-13 1755 8S0C          109/10     PX5X          1719 SP3FLY        0025
QTC:   21309 PH 2025-09-13 1755 8S0C          109/10     PX5X          1719 OK1HEV        0001
QTC:   21309 PH 2025-09-13 1756 8S0C          109/10     PX5X          1726 F4HSN         0018
QTC:   21309 PH 2025-09-13 1756 8S0C          109/10     PX5X          1727 F4JHQ         0104
QTC:   21309 PH 2025-09-13 1756 8S0C          109/10     PX5X          1728 F4EPR         0019
QTC:   21309 PH 2025-09-13 1756 8S0C          109/10     PX5X          1728 DF6PB         0082
QTC:   21309 PH 2025-09-13 1757 8S0C          109/10     PX5X          1729 IK5IFH        0011
QTC:   21309 PH 2025-09-13 1757 8S0C          109/10     PX5X          1729 OG6N          0030
QSO:   21309 PH 2025-09-13 1757 PX5X          59  0659   OT7Q          59  0363
QSO:   21309 PH 2025-09-13 1757 PX5X          59  0660   DL1ABR        59  0092
QSO:   21309 PH 2025-09-13 1758 PX5X          59  0661   DL2OCH        59  0043
QSO:   21309 PH 2025-09-13 1759 PX5X          59  0662   UA6YN         59  0078
QTC:   21309 PH 2025-09-13 1800 RU1A          110/1      PX5X          1730 DL7ON         0263
QSO:   21309 PH 2025-09-13 1803 PX5X          59  0663   SP5XMD        59  0023
QSO:   21309 PH 2025-09-13 1804 PX5X          59  0664   F4IEX         59  0103
QTC:   21309 PH 2025-09-13 1804 F4IEX         111/10     PX5X          1732 DL1BUG        0226
QTC:   21309 PH 2025-09-13 1805 F4IEX         111/10     PX5X          1734 RG6G          0089
QTC:   21309 PH 2025-09-13 1805 F4IEX         111/10     PX5X          1735 DK3R          0117
QTC:   21309 PH 2025-09-13 1805 F4IEX         111/10     PX5X          1735 F4DVO         0019
QTC:   21309 PH 2025-09-13 1805 F4IEX         111/10     PX5X          1737 DJ3HW         0077
QTC:   21309 PH 2025-09-13 1805 F4IEX         111/10     PX5X          1738 F6HQP         0099
QTC:   21309 PH 2025-09-13 1805 F4IEX         111/10     PX5X          1738 RN4HAB        0021
QTC:   21309 PH 2025-09-13 1805 F4IEX         111/10     PX5X          1738 GW4AYJ        0021
QTC:   21309 PH 2025-09-13 1806 F4IEX         111/10     PX5X          1739 DM1NT         0013
QTC:   21309 PH 2025-09-13 1806 F4IEX         111/10     PX5X          1739 YU1AO         0062
QSO:   21309 PH 2025-09-13 1808 PX5X          59  0665   S51CK         59  0124
QTC:   21309 PH 2025-09-13 1809 S51CK         112/10     PX5X          1740 DL5ZBS        0030
QTC:   21309 PH 2025-09-13 1809 S51CK         112/10     PX5X          1741 S51DD         0041
QTC:   21309 PH 2025-09-13 1809 S51CK         112/10     PX5X          1744 HB9TOC        0049
QTC:   21309 PH 2025-09-13 1809 S51CK         112/10     PX5X          1746 IT9FRX        0056
QTC:   21309 PH 2025-09-13 1809 S51CK         112/10     PX5X          1747 IK1PMR        0134
QTC:   21309 PH 2025-09-13 1810 S51CK         112/10     PX5X          1747 DM5M          0075
QTC:   21309 PH 2025-09-13 1810 S51CK         112/10     PX5X          1747 DK3WW         0137
QTC:   21309 PH 2025-09-13 1810 S51CK         112/10     PX5X          1749 DJ5LA         0054
QTC:   21309 PH 2025-09-13 1810 S51CK         112/10     PX5X          1749 SM2M          0069
QTC:   21309 PH 2025-09-13 1811 S51CK         112/10     PX5X          1750 LA7QIA        0010
QSO:   21309 PH 2025-09-13 1811 PX5X          59  0666   ON4CT         59  0021
QSO:   21309 PH 2025-09-13 1811 PX5X          59  0667   EA1DLU        59  0076
QSO:   21262 PH 2025-09-13 1815 PX5X          59  0668   DK0OG         59  0088
QTC:   21262 PH 2025-09-13 1816 DK0OG         113/10     PX5X          1750 ON7TT         0004
QTC:   21262 PH 2025-09-13 1816 DK0OG         113/10     PX5X          1751 OO7J          0079
QTC:   21262 PH 2025-09-13 1816 DK0OG         113/10     PX5X          1751 DL4CQ         0075
QTC:   21262 PH 2025-09-13 1816 DK0OG         113/10     PX5X          1751 SV1EET        0009
QTC:   21262 PH 2025-09-13 1816 DK0OG         113/10     PX5X          1751 DL5YM         0005
QTC:   21262 PH 2025-09-13 1816 DK0OG         113/10     PX5X          1752 DL8KL         0038
QTC:   21262 PH 2025-09-13 1816 DK0OG         113/10     PX5X          1752 UR2Y          0053
QTC:   21262 PH 2025-09-13 1817 DK0OG         113/10     PX5X          1753 S51DX         0053
QTC:   21262 PH 2025-09-13 1817 DK0OG         113/10     PX5X          1753 HB9BS         0067
QTC:   21262 PH 2025-09-13 1817 DK0OG         113/10     PX5X          1753 S59T          0007
QSO:   21309 PH 2025-09-13 1819 PX5X          59  0669   DJ4WT         59  0129
QTC:   21309 PH 2025-09-13 1820 DJ4WT         114/10     PX5X          1754 DL4OCF        0006
QTC:   21309 PH 2025-09-13 1820 DJ4WT         114/10     PX5X          1754 ED2K          0238
QTC:   21309 PH 2025-09-13 1820 DJ4WT         114/10     PX5X          1755 8S0C          0164
QTC:   21309 PH 2025-09-13 1821 DJ4WT         114/10     PX5X          1757 OT7Q          0363
QTC:   21309 PH 2025-09-13 1821 DJ4WT         114/10     PX5X          1757 DL1ABR        0092
QTC:   21309 PH 2025-09-13 1821 DJ4WT         114/10     PX5X          1758 DL2OCH        0043
QTC:   21309 PH 2025-09-13 1821 DJ4WT         114/10     PX5X          1759 UA6YN         0078
QTC:   21309 PH 2025-09-13 1821 DJ4WT         114/10     PX5X          1803 SP5XMD        0023
QTC:   21309 PH 2025-09-13 1822 DJ4WT         114/10     PX5X          1804 F4IEX         0103
QTC:   21309 PH 2025-09-13 1822 DJ4WT         114/10     PX5X          1808 S51CK         0124
QSO:   21309 PH 2025-09-13 1823 PX5X          59  0670   DK9CK         59  0026
QSO:   21309 PH 2025-09-13 1823 PX5X          59  0671   F5MLJ         59  0006
QSO:   21309 PH 2025-09-13 1823 PX5X          59  0672   DK5JM         59  0079
QSO:   21309 PH 2025-09-13 1824 PX5X          59  0673   DF6ON         59  0035
QSO:   21309 PH 2025-09-13 1826 PX5X          59  0674   DA6KK         59  0029
QSO:   21309 PH 2025-09-13 1826 PX5X          59  0675   DL6UD         59  0092
QSO:   21309 PH 2025-09-13 1827 PX5X          59  0676   IT9OPR        59  0024
QSO:   21309 PH 2025-09-13 1827 PX5X          59  0677   DL2OO         59  0043
QSO:   21309 PH 2025-09-13 1834 PX5X          59  0678   ES1LL         59  0043
QSO:   21309 PH 2025-09-13 1836 PX5X          59  0679   M1AQR         59  0036
QSO:   21309 PH 2025-09-13 1836 PX5X          59  0680   S53M          59  0147
QTC:   21309 PH 2025-09-13 1837 S53M          115/10     PX5X          1811 ON4CT         0021
QTC:   21309 PH 2025-09-13 1837 S53M          115/10     PX5X          1811 EA1DLU        0076
QTC:   21309 PH 2025-09-13 1837 S53M          115/10     PX5X          1815 DK0OG         0088
QTC:   21309 PH 2025-09-13 1837 S53M          115/10     PX5X          1819 DJ4WT         0129
QTC:   21309 PH 2025-09-13 1837 S53M          115/10     PX5X          1823 DK9CK         0026
QTC:   21309 PH 2025-09-13 1838 S53M          115/10     PX5X          1823 F5MLJ         0006
QTC:   21309 PH 2025-09-13 1838 S53M          115/10     PX5X          1823 DK5JM         0079
QTC:   21309 PH 2025-09-13 1838 S53M          115/10     PX5X          1824 DF6ON         0035
QTC:   21309 PH 2025-09-13 1838 S53M          115/10     PX5X          1826 DA6KK         0029
QTC:   21309 PH 2025-09-13 1838 S53M          115/10     PX5X          1826 DL6UD         0092
QSO:   28462 PH 2025-09-13 1843 PX5X          59  0681   IK4DCX        59  0028
QSO:   21309 PH 2025-09-13 1845 PX5X          59  0682   2E0YEH        59  0015
QSO:   21309 PH 2025-09-13 1846 PX5X          59  0683   IV3ZXF        59  0113
QTC:   21309 PH 2025-09-13 1846 IV3ZXF        116/7      PX5X          1827 IT9OPR        0024
QTC:   21309 PH 2025-09-13 1846 IV3ZXF        116/7      PX5X          1827 DL2OO         0043
QTC:   21309 PH 2025-09-13 1846 IV3ZXF        116/7      PX5X          1834 ES1LL         0043
QTC:   21309 PH 2025-09-13 1847 IV3ZXF        116/7      PX5X          1836 M1AQR         0036
QTC:   21309 PH 2025-09-13 1847 IV3ZXF        116/7      PX5X          1836 S53M          0147
QTC:   21309 PH 2025-09-13 1847 IV3ZXF        116/7      PX5X          1843 IK4DCX        0028
QTC:   21309 PH 2025-09-13 1847 IV3ZXF        116/7      PX5X          1845 2E0YEH        0015
QSO:   21309 PH 2025-09-13 1848 PX5X          59  0684   YT3D          59  0012
QTC:   21309 PH 2025-09-13 1850 DK5JM         117/2      PX5X          1846 IV3ZXF        0113
QTC:   21309 PH 2025-09-13 1850 DK5JM         117/2      PX5X          1848 YT3D          0012
QSO:   21309 PH 2025-09-13 1851 PX5X          59  0685   F5PAL         59  0154
QSO:   21309 PH 2025-09-13 1851 PX5X          59  0686   M0DXR         59  0016
QSO:   21309 PH 2025-09-13 1851 PX5X          59  0687   9A5KV         59  0107
QSO:   21309 PH 2025-09-13 1853 PX5X          59  0688   DO6CH         59  0007
QSO:   21309 PH 2025-09-13 1853 PX5X          59  0689   DL1NKS        59  0087
QSO:   21309 PH 2025-09-13 1853 PX5X          59  0690   IT9IVU        59  0031
QSO:   21309 PH 2025-09-13 1854 PX5X          59  0691   OP5T          59  0078
QSO:   21309 PH 2025-09-13 1854 PX5X          59  0692   EA3AXM        59  0004
QSO:   21309 PH 2025-09-13 1855 PX5X          59  0693   SP1D          59  0176
QTC:   21309 PH 2025-09-13 1855 SP1D          118/8      PX5X          1851 F5PAL         0154
QTC:   21309 PH 2025-09-13 1855 SP1D          118/8      PX5X          1851 M0DXR         0016
QTC:   21309 PH 2025-09-13 1856 SP1D          118/8      PX5X          1851 9A5KV         0107
QTC:   21309 PH 2025-09-13 1856 SP1D          118/8      PX5X          1853 DO6CH         0007
QTC:   21309 PH 2025-09-13 1856 SP1D          118/8      PX5X          1853 DL1NKS        0087
QTC:   21309 PH 2025-09-13 1856 SP1D          118/8      PX5X          1853 IT9IVU        0031
QTC:   21309 PH 2025-09-13 1856 SP1D          118/8      PX5X          1854 OP5T          0078
QTC:   21309 PH 2025-09-13 1856 SP1D          118/8      PX5X          1854 EA3AXM        0004
QSO:   21309 PH 2025-09-13 1857 PX5X          59  0694   DL2RZ         59  0112
QSO:   21309 PH 2025-09-13 1858 PX5X          59  0695   DD9IX         59  0012
QSO:   21309 PH 2025-09-13 1858 PX5X          59  0696   F4BPO         59  0258
QSO:   21309 PH 2025-09-13 1859 PX5X          59  0697   DL9GS         59  0040
QSO:   21309 PH 2025-09-13 1859 PX5X          59  0698   DO1SPD        59  0008
QSO:   21309 PH 2025-09-13 1900 PX5X          59  0699   DL1FKB        59  0038
QSO:   21309 PH 2025-09-13 1900 PX5X          59  0700   OE3LZA        59  0138
QSO:   21309 PH 2025-09-13 1900 PX5X          59  0701   OE6MMD        59  0119
QSO:   21309 PH 2025-09-13 1900 PX5X          59  0702   DK2PZ         59  0095
QSO:   21309 PH 2025-09-13 1901 PX5X          59  0703   DK9BTX        59  0256
QSO:   21309 PH 2025-09-13 1902 PX5X          59  0704   DH2IF         59  0012
QSO:   21309 PH 2025-09-13 1902 PX5X          59  0705   ED5B          59  0034
QSO:   21309 PH 2025-09-13 1902 PX5X          59  0706   DO6FM         59  0007
QSO:   21309 PH 2025-09-13 1903 PX5X          59  0707   S55KA         59  0020
QSO:   21309 PH 2025-09-13 1903 PX5X          59  0708   DL8PA         59  0003
QSO:   21309 PH 2025-09-13 1904 PX5X          59  0709   F6GNP         59  0049
QSO:   21309 PH 2025-09-13 1904 PX5X          59  0710   DL6NDW        59  0012
QSO:   21309 PH 2025-09-13 1906 PX5X          59  0711   DO1HPA        59  0030
QSO:   21309 PH 2025-09-13 1906 PX5X          59  0712   2E0PLA        59  0004
QSO:   21309 PH 2025-09-13 1908 PX5X          59  0713   DO1NAE        59  0012
QSO:   21309 PH 2025-09-13 1908 PX5X          59  0714   3Z1K          59  0099
QSO:   21309 PH 2025-09-13 1909 PX5X          59  0715   DL5NO         59  0115
QSO:   21309 PH 2025-09-13 1910 PX5X          59  0716   DL1JHR        59  0024
QSO:   21309 PH 2025-09-13 1910 PX5X          59  0717   S52ON         59  0012
QSO:   21309 PH 2025-09-13 1913 PX5X          59  0718   DL2AAK        59  0061
QSO:   21309 PH 2025-09-13 1913 PX5X          59  0719   MM1E          59  0099
QSO:   21309 PH 2025-09-13 1914 PX5X          59  0720   F4LPJ         59  0031
QSO:   21309 PH 2025-09-13 1915 PX5X          59  0721   SP5FKW        59  0057
QSO:   21309 PH 2025-09-13 1916 PX5X          59  0722   IK5DCX        59  0049
QTC:   21309 PH 2025-09-13 1916 IK5DCX        119/10     PX5X          1855 SP1D          0176
QTC:   21309 PH 2025-09-13 1917 IK5DCX        119/10     PX5X          1857 DL2RZ         0112
QTC:   21309 PH 2025-09-13 1917 IK5DCX        119/10     PX5X          1858 DD9IX         0012
QTC:   21309 PH 2025-09-13 1917 IK5DCX        119/10     PX5X          1858 F4BPO         0258
QTC:   21309 PH 2025-09-13 1917 IK5DCX        119/10     PX5X          1859 DL9GS         0040
QTC:   21309 PH 2025-09-13 1917 IK5DCX        119/10     PX5X          1859 DO1SPD        0008
QTC:   21309 PH 2025-09-13 1918 IK5DCX        119/10     PX5X          1900 DL1FKB        0038
QTC:   21309 PH 2025-09-13 1918 IK5DCX        119/10     PX5X          1900 OE3LZA        0138
QTC:   21309 PH 2025-09-13 1918 IK5DCX        119/10     PX5X          1900 OE6MMD        0119
QTC:   21309 PH 2025-09-13 1918 IK5DCX        119/10     PX5X          1900 DK2PZ         0095
QSO:   21309 PH 2025-09-13 1919 PX5X          59  0723   DA6AB         59  0024
QSO:   21309 PH 2025-09-13 1919 PX5X          59  0724   DC2GC         59  0001
QSO:   21309 PH 2025-09-13 1920 PX5X          59  0725   UR4L          59  0023
QSO:   21309 PH 2025-09-13 1922 PX5X          59  0726   DL4OAW        59  0022
QSO:   21309 PH 2025-09-13 1923 PX5X          59  0727   DF7C          59  0079
QSO:   21309 PH 2025-09-13 1924 PX5X          59  0728   M0CQL         59  0010
QSO:   21309 PH 2025-09-13 1924 PX5X          59  0729   DL5JP         59  0028
QSO:   21309 PH 2025-09-13 1925 PX5X          59  0730   DO6KAP        59  0223
QSO:   21309 PH 2025-09-13 1925 PX5X          59  0731   DF2FQ         59  0154
QTC:   21309 PH 2025-09-13 1925 DF2FQ         120/10     PX5X          1901 DK9BTX        0256
QTC:   21309 PH 2025-09-13 1925 DF2FQ         120/10     PX5X          1902 DH2IF         0012
QTC:   21309 PH 2025-09-13 1926 DF2FQ         120/10     PX5X          1902 ED5B          0034
QTC:   21309 PH 2025-09-13 1926 DF2FQ         120/10     PX5X          1902 DO6FM         0007
QTC:   21309 PH 2025-09-13 1926 DF2FQ         120/10     PX5X          1903 S55KA         0020
QTC:   21309 PH 2025-09-13 1926 DF2FQ         120/10     PX5X          1903 DL8PA         0003
QTC:   21309 PH 2025-09-13 1926 DF2FQ         120/10     PX5X          1904 F6GNP         0049
QTC:   21309 PH 2025-09-13 1926 DF2FQ         120/10     PX5X          1904 DL6NDW        0012
QTC:   21309 PH 2025-09-13 1926 DF2FQ         120/10     PX5X          1906 DO1HPA        0030
QTC:   21309 PH 2025-09-13 1926 DF2FQ         120/10     PX5X          1906 2E0PLA        0004
QSO:   21309 PH 2025-09-13 1928 PX5X          59  0732   G0SNJ         59  0033
QSO:   21309 PH 2025-09-13 1928 PX5X          59  0733   DL4GCJ        59  0729
QSO:   21309 PH 2025-09-13 1929 PX5X          59  0734   DO3VE         59  0007
QSO:   21309 PH 2025-09-13 1930 PX5X          59  0735   DG4O          59  0009
QSO:   21309 PH 2025-09-13 1931 PX5X          59  0736   DL3RC         59  0119
QTC:   21309 PH 2025-09-13 1931 DL3RC         121/3      PX5X          1908 DO1NAE        0012
QTC:   21309 PH 2025-09-13 1932 DL3RC         121/3      PX5X          1908 3Z1K          0099
QTC:   21309 PH 2025-09-13 1932 DL3RC         121/3      PX5X          1909 DL5NO         0115
QSO:   21309 PH 2025-09-13 1932 PX5X          59  0737   DM4ET         59  0037
QSO:   21309 PH 2025-09-13 1933 PX5X          59  0738   DL8R          59  0058
QSO:   21309 PH 2025-09-13 1934 PX5X          59  0739   DL9RBE        59  0017
QSO:   21309 PH 2025-09-13 1935 PX5X          59  0740   DM7EE         59  0117
QSO:   21309 PH 2025-09-13 1936 PX5X          59  0741   DL6NBC        59  0012
QTC:   21309 PH 2025-09-13 1936 DL6NBC        122/10     PX5X          1910 DL1JHR        0024
QTC:   21309 PH 2025-09-13 1936 DL6NBC        122/10     PX5X          1910 S52ON         0012
QTC:   21309 PH 2025-09-13 1937 DL6NBC        122/10     PX5X          1913 DL2AAK        0061
QTC:   21309 PH 2025-09-13 1937 DL6NBC        122/10     PX5X          1913 MM1E          0099
QTC:   21309 PH 2025-09-13 1937 DL6NBC        122/10     PX5X          1914 F4LPJ         0031
QTC:   21309 PH 2025-09-13 1937 DL6NBC        122/10     PX5X          1915 SP5FKW        0057
QTC:   21309 PH 2025-09-13 1937 DL6NBC        122/10     PX5X          1916 IK5DCX        0049
QTC:   21309 PH 2025-09-13 1937 DL6NBC        122/10     PX5X          1919 DA6AB         0024
QTC:   21309 PH 2025-09-13 1937 DL6NBC        122/10     PX5X          1919 DC2GC         0001
QTC:   21309 PH 2025-09-13 1938 DL6NBC        122/10     PX5X          1920 UR4L          0023
QSO:   21309 PH 2025-09-13 1938 PX5X          59  0742   DG7N          59  0080
QSO:   21309 PH 2025-09-13 1938 PX5X          59  0743   DL1CLM        59  0040
QSO:   21309 PH 2025-09-13 1938 PX5X          59  0744   SP4SHD        59  0111
QTC:   21309 PH 2025-09-13 1939 DM4ET         123/10     PX5X          1922 DL4OAW        0022
QTC:   21309 PH 2025-09-13 1940 DM4ET         123/10     PX5X          1923 DF7C          0079
QTC:   21309 PH 2025-09-13 1940 DM4ET         123/10     PX5X          1924 M0CQL         0010
QTC:   21309 PH 2025-09-13 1940 DM4ET         123/10     PX5X          1924 DL5JP         0028
QTC:   21309 PH 2025-09-13 1940 DM4ET         123/10     PX5X          1925 DO6KAP        0223
QTC:   21309 PH 2025-09-13 1940 DM4ET         123/10     PX5X          1925 DF2FQ         0154
QTC:   21309 PH 2025-09-13 1940 DM4ET         123/10     PX5X          1928 G0SNJ         0033
QTC:   21309 PH 2025-09-13 1940 DM4ET         123/10     PX5X          1928 DL4GCJ        0729
QTC:   21309 PH 2025-09-13 1940 DM4ET         123/10     PX5X          1929 DO3VE         0007
QTC:   21309 PH 2025-09-13 1941 DM4ET         123/10     PX5X          1930 DG4O          0009
QSO:   21309 PH 2025-09-13 1941 PX5X          59  0745   DF8KVK        59  0120
QSO:   21309 PH 2025-09-13 1942 PX5X          59  0746   SP7OQI        59  0138
QSO:   21309 PH 2025-09-13 1943 PX5X          59  0747   M1EMC         59  0014
QSO:   21309 PH 2025-09-13 1943 PX5X          59  0748   DQ6N          59  0346
QSO:   21309 PH 2025-09-13 1943 PX5X          59  0749   ON8AH         59  0036
QSO:   21309 PH 2025-09-13 1943 PX5X          59  0750   OH3MZ         59  0104
QSO:   21309 PH 2025-09-13 1946 PX5X          59  0751   DL2LDE        59  0030
QSO:   21309 PH 2025-09-13 1947 PX5X          59  0752   ON7NT         59  0005
QSO:   21309 PH 2025-09-13 1948 PX5X          59  0753   RU3A          59  0138
QSO:   21309 PH 2025-09-13 1948 PX5X          59  0754   GW9J          59  0012
QSO:   21309 PH 2025-09-13 1949 PX5X          59  0755   IU2SJU        59  0078
QSO:   21309 PH 2025-09-13 1953 PX5X          59  0756   I2WIJ         59  0007
QSO:   21264 PH 2025-09-13 1955 PX5X          59  0757   OK1KKI        59  0115
QTC:   21264 PH 2025-09-13 1956 OK1KKI        124/10     PX5X          1931 DL3RC         0119
QTC:   21264 PH 2025-09-13 1956 OK1KKI        124/10     PX5X          1932 DM4ET         0037
QTC:   21264 PH 2025-09-13 1956 OK1KKI        124/10     PX5X          1933 DL8R          0058
QTC:   21264 PH 2025-09-13 1956 OK1KKI        124/10     PX5X          1934 DL9RBE        0017
QTC:   21264 PH 2025-09-13 1957 OK1KKI        124/10     PX5X          1935 DM7EE         0117
QTC:   21264 PH 2025-09-13 1957 OK1KKI        124/10     PX5X          1936 DL6NBC        0012
QTC:   21264 PH 2025-09-13 1957 OK1KKI        124/10     PX5X          1938 DG7N          0080
QTC:   21264 PH 2025-09-13 1957 OK1KKI        124/10     PX5X          1938 DL1CLM        0040
QTC:   21264 PH 2025-09-13 1957 OK1KKI        124/10     PX5X          1938 SP4SHD        0111
QTC:   21264 PH 2025-09-13 1957 OK1KKI        124/10     PX5X          1941 DF8KVK        0120
QSO:   21264 PH 2025-09-13 1959 PX5X          59  0758   CT7/PA3KL     59  0043
QSO:   21264 PH 2025-09-13 2000 PX5X          59  0759   F6IRS         59  0015
QSO:   21264 PH 2025-09-13 2002 PX5X          59  0760   IU1NKS        59  0006
QSO:   14278 PH 2025-09-13 2009 PX5X          59  0761   S53M          59  0249
QSO:   14275 PH 2025-09-13 2010 PX5X          59  0762   DF0HQ         59  0836
QSO:   14265 PH 2025-09-13 2011 PX5X          59  0763   EI7M          59  1226
QSO:   14246 PH 2025-09-13 2012 PX5X          59  0764   HB9EHJ        59  0425
QSO:   14158 PH 2025-09-13 2015 PX5X          59  0765   F6HQP         59  0198
QSO:   14167 PH 2025-09-13 2024 PX5X          59  0766   DK3WW         59  0177
QSO:   14167 PH 2025-09-13 2024 PX5X          59  0767   DM4ET         59  0443
QSO:   14167 PH 2025-09-13 2025 PX5X          59  0768   OO7J          59  0104
QSO:   14167 PH 2025-09-13 2025 PX5X          59  0769   IN3JHZ        59  0049
QSO:   14167 PH 2025-09-13 2026 PX5X          59  0770   DK2KT         59  0006
QSO:   14166 PH 2025-09-13 2027 PX5X          59  0771   IK4DCX        59  0091
QSO:   14166 PH 2025-09-13 2028 PX5X          59  0772   OM5R          59  0051
QSO:   14166 PH 2025-09-13 2028 PX5X          59  0773   OE1DWC        59  0074
QSO:   14166 PH 2025-09-13 2028 PX5X          59  0774   DF7C          59  0105
QSO:   14166 PH 2025-09-13 2029 PX5X          59  0775   DK4OX         59  0052
QSO:   14166 PH 2025-09-13 2030 PX5X          59  0776   DL5NO         59  0145
QSO:   14166 PH 2025-09-13 2030 PX5X          59  0777   DA2R          59  0305
QSO:   14166 PH 2025-09-13 2030 PX5X          59  0778   HB9DHG        59  0105
QSO:   14166 PH 2025-09-13 2031 PX5X          59  0779   DK1FW         59  0188
QTC:   14166 PH 2025-09-13 2031 DK1FW         125/10     PX5X          1942 SP7OQI        0138
QTC:   14166 PH 2025-09-13 2031 DK1FW         125/10     PX5X          1943 M1EMC         0014
QTC:   14166 PH 2025-09-13 2032 DK1FW         125/10     PX5X          1943 DQ6N          0346
QTC:   14166 PH 2025-09-13 2032 DK1FW         125/10     PX5X          1943 ON8AH         0036
QTC:   14166 PH 2025-09-13 2032 DK1FW         125/10     PX5X          1943 OH3MZ         0104
QTC:   14166 PH 2025-09-13 2032 DK1FW         125/10     PX5X          1946 DL2LDE        0030
QTC:   14166 PH 2025-09-13 2032 DK1FW         125/10     PX5X          1947 ON7NT         0005
QTC:   14166 PH 2025-09-13 2033 DK1FW         125/10     PX5X          1948 RU3A          0138
QTC:   14166 PH 2025-09-13 2033 DK1FW         125/10     PX5X          1948 GW9J          0012
QTC:   14166 PH 2025-09-13 2033 DK1FW         125/10     PX5X          1949 IU2SJU        0078
QSO:   14166 PH 2025-09-13 2033 PX5X          59  0780   RU3A          59  0158
QSO:   14166 PH 2025-09-13 2034 PX5X          59  0781   DJ3HW         59  0105
QSO:   14166 PH 2025-09-13 2034 PX5X          59  0782   OK1KKI        59  0126
QSO:   14166 PH 2025-09-13 2034 PX5X          59  0783   DM6G          59  0166
QSO:   14166 PH 2025-09-13 2035 PX5X          59  0784   SP9XCN        59  0236
QSO:   14166 PH 2025-09-13 2035 PX5X          59  0785   I2WIJ         59  0024
QSO:   14166 PH 2025-09-13 2036 PX5X          59  0786   DG4MH         59  0167
QSO:   14166 PH 2025-09-13 2038 PX5X          59  0787   DF2FQ         59  0175
QSO:   14166 PH 2025-09-13 2039 PX5X          59  0788   DL1DAW        59  0300
QTC:   14166 PH 2025-09-13 2039 DL1DAW        126/10     PX5X          1953 I2WIJ         0007
QTC:   14166 PH 2025-09-13 2039 DL1DAW        126/10     PX5X          1955 OK1KKI        0115
QTC:   14166 PH 2025-09-13 2040 DL1DAW        126/10     PX5X          1959 CT7/PA3KL     0043
QTC:   14166 PH 2025-09-13 2040 DL1DAW        126/10     PX5X          2000 F6IRS         0015
QTC:   14166 PH 2025-09-13 2040 DL1DAW        126/10     PX5X          2002 IU1NKS        0006
QTC:   14166 PH 2025-09-13 2041 DL1DAW        126/10     PX5X          2009 S53M          0249
QTC:   14166 PH 2025-09-13 2041 DL1DAW        126/10     PX5X          2010 DF0HQ         0836
QTC:   14166 PH 2025-09-13 2041 DL1DAW        126/10     PX5X          2011 EI7M          1226
QTC:   14166 PH 2025-09-13 2041 DL1DAW        126/10     PX5X          2012 HB9EHJ        0425
QTC:   14166 PH 2025-09-13 2042 DL1DAW        126/10     PX5X          2015 F6HQP         0198
QSO:   14166 PH 2025-09-13 2042 PX5X          59  0789   OE5KKP        59  0017
QSO:   14166 PH 2025-09-13 2042 PX5X          59  0790   DL9UN         59  0130
QSO:   14166 PH 2025-09-13 2043 PX5X          59  0791   G6AD          59  0120
QSO:   14166 PH 2025-09-13 2043 PX5X          59  0792   OE6MMD        59  0172
QTC:   14166 PH 2025-09-13 2044 OE6MMD        127/10     PX5X          2024 DK3WW         0177
QTC:   14166 PH 2025-09-13 2044 OE6MMD        127/10     PX5X          2024 DM4ET         0443
QTC:   14166 PH 2025-09-13 2044 OE6MMD        127/10     PX5X          2025 OO7J          0104
QTC:   14166 PH 2025-09-13 2044 OE6MMD        127/10     PX5X          2025 IN3JHZ        0049
QTC:   14166 PH 2025-09-13 2044 OE6MMD        127/10     PX5X          2026 DK2KT         0006
QTC:   14166 PH 2025-09-13 2044 OE6MMD        127/10     PX5X          2027 IK4DCX        0091
QTC:   14166 PH 2025-09-13 2045 OE6MMD        127/10     PX5X          2028 OM5R          0051
QTC:   14166 PH 2025-09-13 2045 OE6MMD        127/10     PX5X          2028 OE1DWC        0074
QTC:   14166 PH 2025-09-13 2045 OE6MMD        127/10     PX5X          2028 DF7C          0105
QTC:   14166 PH 2025-09-13 2045 OE6MMD        127/10     PX5X          2029 DK4OX         0052
QSO:   14166 PH 2025-09-13 2045 PX5X          59  0793   S56A          59  0101
QSO:   14166 PH 2025-09-13 2046 PX5X          59  0794   DP5P          59  0170
QTC:   14166 PH 2025-09-13 2046 DP5P          128/10     PX5X          2030 DL5NO         0145
QTC:   14166 PH 2025-09-13 2046 DP5P          128/10     PX5X          2030 DA2R          0305
QTC:   14166 PH 2025-09-13 2047 DP5P          128/10     PX5X          2030 HB9DHG        0105
QTC:   14166 PH 2025-09-13 2047 DP5P          128/10     PX5X          2031 DK1FW         0188
QTC:   14166 PH 2025-09-13 2047 DP5P          128/10     PX5X          2033 RU3A          0158
QTC:   14166 PH 2025-09-13 2047 DP5P          128/10     PX5X          2034 DJ3HW         0105
QTC:   14166 PH 2025-09-13 2047 DP5P          128/10     PX5X          2034 OK1KKI        0126
QTC:   14166 PH 2025-09-13 2047 DP5P          128/10     PX5X          2034 DM6G          0166
QTC:   14166 PH 2025-09-13 2048 DP5P          128/10     PX5X          2035 SP9XCN        0236
QTC:   14166 PH 2025-09-13 2048 DP5P          128/10     PX5X          2035 I2WIJ         0024
QSO:   14166 PH 2025-09-13 2048 PX5X          59  0795   PD7A          59  0057
QSO:   14166 PH 2025-09-13 2049 PX5X          59  0796   DJ5LA         59  0123
QSO:   14166 PH 2025-09-13 2051 PX5X          59  0797   DL4OCF        59  0113
QTC:   14166 PH 2025-09-13 2051 DL4OCF        129/10     PX5X          2036 DG4MH         0167
QTC:   14166 PH 2025-09-13 2051 DL4OCF        129/10     PX5X          2038 DF2FQ         0175
QTC:   14166 PH 2025-09-13 2051 DL4OCF        129/10     PX5X          2039 DL1DAW        0300
QTC:   14166 PH 2025-09-13 2052 DL4OCF        129/10     PX5X          2042 OE5KKP        0017
QTC:   14166 PH 2025-09-13 2052 DL4OCF        129/10     PX5X          2042 DL9UN         0130
QTC:   14166 PH 2025-09-13 2053 DL4OCF        129/10     PX5X          2043 G6AD          0120
QTC:   14166 PH 2025-09-13 2053 DL4OCF        129/10     PX5X          2043 OE6MMD        0172
QTC:   14166 PH 2025-09-13 2053 DL4OCF        129/10     PX5X          2045 S56A          0101
QTC:   14166 PH 2025-09-13 2053 DL4OCF        129/10     PX5X          2046 DP5P          0170
QTC:   14166 PH 2025-09-13 2053 DL4OCF        129/10     PX5X          2048 PD7A          0057
QSO:   14166 PH 2025-09-13 2054 PX5X          59  0798   DK2R          59  0182
QSO:   14166 PH 2025-09-13 2057 PX5X          59  0799   DM7EE         59  0139
QSO:   14166 PH 2025-09-13 2101 PX5X          59  0800   F4LPJ         59  0042
QSO:   14166 PH 2025-09-13 2104 PX5X          59  0801   2E0YKP        59  0007
QSO:   14166 PH 2025-09-13 2106 PX5X          59  0802   MM1E          59  0142
QSO:   14166 PH 2025-09-13 2114 PX5X          59  0803   DK0FR         59  0300
QTC:   14166 PH 2025-09-13 2115 DK0FR         130/7      PX5X          2049 DJ5LA         0123
QTC:   14166 PH 2025-09-13 2115 DK0FR         130/7      PX5X          2051 DL4OCF        0113
QTC:   14166 PH 2025-09-13 2115 DK0FR         130/7      PX5X          2054 DK2R          0182
QTC:   14166 PH 2025-09-13 2115 DK0FR         130/7      PX5X          2057 DM7EE         0139
QTC:   14166 PH 2025-09-13 2115 DK0FR         130/7      PX5X          2101 F4LPJ         0042
QTC:   14166 PH 2025-09-13 2115 DK0FR         130/7      PX5X          2104 2E0YKP        0007
QTC:   14166 PH 2025-09-13 2116 DK0FR         130/7      PX5X          2106 MM1E          0142
QSO:   14166 PH 2025-09-13 2117 PX5X          59  0804   DL1ABR        59  0122
QSO:   14166 PH 2025-09-13 2119 PX5X          59  0805   DB3BS         59  0003
QSO:   14166 PH 2025-09-13 2124 PX5X          59  0806   HB9BEI        59  0007
QSO:    7192 PH 2025-09-13 2209 PX5X          59  0807   DK3WW         59  0212
QSO:    7192 PH 2025-09-13 2209 PX5X          59  0808   DJ5LA         59  0151
QSO:    7192 PH 2025-09-13 2210 PX5X          59  0809   HE3LZA        59  0235
QSO:    7192 PH 2025-09-13 2210 PX5X          59  0810   S53M          59  0405
QSO:    7192 PH 2025-09-13 2214 PX5X          59  0811   S51DX         59  0197
QSO:    7192 PH 2025-09-13 2216 PX5X          59  0812   DL1BUG        59  0288
QSO:    7192 PH 2025-09-13 2216 PX5X          59  0813   PA2KW         59  0001
QSO:    7192 PH 2025-09-13 2217 PX5X          59  0814   DA2X          59  0492
QSO:    7192 PH 2025-09-13 2220 PX5X          59  0815   GW5NF         59  0021
QSO:    7192 PH 2025-09-13 2221 PX5X          59  0816   LY4L          59  0082
QTC:    7192 PH 2025-09-13 2221 LY4L          131/10     PX5X          2114 DK0FR         0300
QTC:    7192 PH 2025-09-13 2221 LY4L          131/10     PX5X          2117 DL1ABR        0122
QTC:    7192 PH 2025-09-13 2221 LY4L          131/10     PX5X          2119 DB3BS         0003
QTC:    7192 PH 2025-09-13 2222 LY4L          131/10     PX5X          2124 HB9BEI        0007
QTC:    7192 PH 2025-09-13 2222 LY4L          131/10     PX5X          2209 DK3WW         0212
QTC:    7192 PH 2025-09-13 2222 LY4L          131/10     PX5X          2209 DJ5LA         0151
QTC:    7192 PH 2025-09-13 2222 LY4L          131/10     PX5X          2210 HE3LZA        0235
QTC:    7192 PH 2025-09-13 2222 LY4L          131/10     PX5X          2210 S53M          0405
QTC:    7192 PH 2025-09-13 2222 LY4L          131/10     PX5X          2214 S51DX         0197
QTC:    7192 PH 2025-09-13 2222 LY4L          131/10     PX5X          2216 DL1BUG        0288
QSO:    7192 PH 2025-09-13 2226 PX5X          59  0817   OT8M          59  0407
QSO:    7192 PH 2025-09-13 2230 PX5X          59  0818   SE2P          59  0181
QSO:    7192 PH 2025-09-13 2233 PX5X          59  0819   DF4UM         59  0046
QSO:    7127 PH 2025-09-14 0007 PX5X          59  0820   DK1FW         59  0231
QSO:    7127 PH 2025-09-14 0024 PX5X          59  0821   SM2M          59  0169
QSO:    7127 PH 2025-09-14 0041 PX5X          59  0822   OG3B          59  0290
QTC:    7171 PH 2025-09-14 0139 EI7M          132/10     PX5X          2216 PA2KW         0001
QTC:    7171 PH 2025-09-14 0139 EI7M          132/10     PX5X          2217 DA2X          0492
QTC:    7171 PH 2025-09-14 0139 EI7M          132/10     PX5X          2220 GW5NF         0021
QTC:    7171 PH 2025-09-14 0139 EI7M          132/10     PX5X          2221 LY4L          0082
QTC:    7171 PH 2025-09-14 0140 EI7M          132/10     PX5X          2226 OT8M          0407
QTC:    7171 PH 2025-09-14 0140 EI7M          132/10     PX5X          2230 SE2P          0181
QTC:    7171 PH 2025-09-14 0140 EI7M          132/10     PX5X          2233 DF4UM         0046
QTC:    7171 PH 2025-09-14 0140 EI7M          132/10     PX5X          0007 DK1FW         0231
QTC:    7171 PH 2025-09-14 0140 EI7M          132/10     PX5X          0024 SM2M          0169
QTC:    7171 PH 2025-09-14 0140 EI7M          132/10     PX5X          0041 OG3B          0290
QSO:    7184 PH 2025-09-14 0213 PX5X          59  0823   DL0NG         59  0015
QSO:    7184 PH 2025-09-14 0214 PX5X          59  0824   DL1NKS        59  0110
QSO:   21211 PH 2025-09-14 1013 PX5X          59  0825   HA3DX         59  0596
QSO:   21285 PH 2025-09-14 1017 PX5X          59  0826   OM2VL         59  0919
QSO:   21253 PH 2025-09-14 1019 PX5X          59  0827   DD1SB         59  0062
QSO:   21253 PH 2025-09-14 1020 PX5X          59  0828   DL0CK         59  0049
QSO:   21253 PH 2025-09-14 1029 PX5X          59  0829   MM0LBX        59  0097
QTC:   21253 PH 2025-09-14 1030 DL5XJ         133/7      PX5X          0213 DL0NG         0015
QTC:   21253 PH 2025-09-14 1031 DL5XJ         133/7      PX5X          0214 DL1NKS        0110
QTC:   21253 PH 2025-09-14 1031 DL5XJ         133/7      PX5X          1013 HA3DX         0596
QTC:   21253 PH 2025-09-14 1031 DL5XJ         133/7      PX5X          1017 OM2VL         0919
QTC:   21253 PH 2025-09-14 1031 DL5XJ         133/7      PX5X          1019 DD1SB         0062
QTC:   21253 PH 2025-09-14 1031 DL5XJ         133/7      PX5X          1020 DL0CK         0049
QTC:   21253 PH 2025-09-14 1032 DL5XJ         133/7      PX5X          1029 MM0LBX        0097
QSO:   21253 PH 2025-09-14 1032 PX5X          59  0830   OM5R          59  0080
QSO:   21253 PH 2025-09-14 1033 PX5X          59  0831   DO8NL         59  0021
QSO:   21253 PH 2025-09-14 1033 PX5X          59  0832   DL7LX         59  0093
QSO:   21253 PH 2025-09-14 1034 PX5X          59  0833   DF4UM         59  0090
QSO:   21253 PH 2025-09-14 1035 PX5X          59  0834   EA4KD         59  0141
QSO:   21253 PH 2025-09-14 1035 PX5X          59  0835   I5ZHR         59  0096
QSO:   21253 PH 2025-09-14 1036 PX5X          59  0836   DL5CAT        59  0071
QSO:   21253 PH 2025-09-14 1036 PX5X          59  0837   S59A          59  0025
QSO:   21253 PH 2025-09-14 1037 PX5X          59  0838   OG7Z          59  0148
QTC:   21253 PH 2025-09-14 1038 OG7Z          134/8      PX5X          1032 OM5R          0080
QTC:   21253 PH 2025-09-14 1038 OG7Z          134/8      PX5X          1033 DO8NL         0021
QTC:   21253 PH 2025-09-14 1038 OG7Z          134/8      PX5X          1033 DL7LX         0093
QTC:   21253 PH 2025-09-14 1038 OG7Z          134/8      PX5X          1034 DF4UM         0090
QTC:   21253 PH 2025-09-14 1038 OG7Z          134/8      PX5X          1035 EA4KD         0141
QTC:   21253 PH 2025-09-14 1038 OG7Z          134/8      PX5X          1035 I5ZHR         0096
QTC:   21253 PH 2025-09-14 1039 OG7Z          134/8      PX5X          1036 DL5CAT        0071
QTC:   21253 PH 2025-09-14 1039 OG7Z          134/8      PX5X          1036 S59A          0025
QSO:   21253 PH 2025-09-14 1039 PX5X          59  0839   DF7HH         59  0109
QSO:   21253 PH 2025-09-14 1041 PX5X          59  0840   4O9VIP/MM     59  0003
QSO:   21253 PH 2025-09-14 1041 PX5X          59  0841   F1JIV         59  0003
QTC:   21253 PH 2025-09-14 1045 DD5M          135/4      PX5X          1037 OG7Z          0148
QTC:   21253 PH 2025-09-14 1045 DD5M          135/4      PX5X          1039 DF7HH         0109
QTC:   21253 PH 2025-09-14 1046 DD5M          135/4      PX5X          1041 4O9VIP/MM     0003
QTC:   21253 PH 2025-09-14 1046 DD5M          135/4      PX5X          1041 F1JIV         0003
QSO:   28446 PH 2025-09-14 1051 PX5X          59  0842   DO6CH         59  0043
QSO:   28515 PH 2025-09-14 1053 PX5X          59  0843   G3MXH         59  0029
QSO:   28515 PH 2025-09-14 1054 PX5X          59  0844   G6FGI         59  0039
QSO:   28515 PH 2025-09-14 1054 PX5X          59  0845   MM0TFU        59  0031
QSO:   28515 PH 2025-09-14 1055 PX5X          59  0846   DL6NBC        59  0038
QSO:   28515 PH 2025-09-14 1056 PX5X          59  0847   DL4VAI        59  0072
QSO:   28515 PH 2025-09-14 1057 PX5X          59  0848   PE1PIX        59  0062
QSO:   28515 PH 2025-09-14 1057 PX5X          59  0849   M1EMC         59  0043
QSO:   28515 PH 2025-09-14 1057 PX5X          59  0850   S59A          59  0031
QSO:   28515 PH 2025-09-14 1058 PX5X          59  0851   OM5HIT        59  0026
QSO:   28515 PH 2025-09-14 1100 PX5X          59  0852   G4TJJ/P       59  0004
QSO:   28515 PH 2025-09-14 1101 PX5X          59  0853   DK4OX         59  0078
QSO:   28515 PH 2025-09-14 1101 PX5X          59  0854   G0ADJ         59  0002
QSO:   28515 PH 2025-09-14 1101 PX5X          59  0855   DC8SG         59  0039
QSO:   28515 PH 2025-09-14 1102 PX5X          59  0856   DK2PZ         59  0137
QSO:   28515 PH 2025-09-14 1102 PX5X          59  0857   DK0OG         59  0264
QSO:   28515 PH 2025-09-14 1103 PX5X          59  0858   DG1KJG        59  0073
QTC:   28515 PH 2025-09-14 1106 DJ5KW         136/10     PX5X          1051 DO6CH         0043
QTC:   28515 PH 2025-09-14 1106 DJ5KW         136/10     PX5X          1053 G3MXH         0029
QTC:   28515 PH 2025-09-14 1106 DJ5KW         136/10     PX5X          1054 G6FGI         0039
QTC:   28515 PH 2025-09-14 1106 DJ5KW         136/10     PX5X          1054 MM0TFU        0031
QTC:   28515 PH 2025-09-14 1106 DJ5KW         136/10     PX5X          1055 DL6NBC        0038
QTC:   28515 PH 2025-09-14 1106 DJ5KW         136/10     PX5X          1056 DL4VAI        0072
QTC:   28515 PH 2025-09-14 1107 DJ5KW         136/10     PX5X          1057 PE1PIX        0062
QTC:   28515 PH 2025-09-14 1107 DJ5KW         136/10     PX5X          1057 M1EMC         0043
QTC:   28515 PH 2025-09-14 1107 DJ5KW         136/10     PX5X          1057 S59A          0031
QTC:   28515 PH 2025-09-14 1107 DJ5KW         136/10     PX5X          1058 OM5HIT        0026
QTC:   28515 PH 2025-09-14 1115 ON6NL         137/4      PX5X          1100 G4TJJ/P       0004
QTC:   28515 PH 2025-09-14 1115 ON6NL         137/4      PX5X          1101 DK4OX         0078
QTC:   28515 PH 2025-09-14 1115 ON6NL         137/4      PX5X          1101 G0ADJ         0002
QTC:   28515 PH 2025-09-14 1115 ON6NL         137/4      PX5X          1101 DC8SG         0039
QSO:   28515 PH 2025-09-14 1116 PX5X          59  0859   HB9BS         59  0132
QSO:   28515 PH 2025-09-14 1117 PX5X          59  0860   YO3VU         59  0019
QTC:   28515 PH 2025-09-14 1118 DL9UP         138/4      PX5X          1102 DK2PZ         0137
QTC:   28515 PH 2025-09-14 1118 DL9UP         138/4      PX5X          1102 DK0OG         0264
QTC:   28515 PH 2025-09-14 1118 DL9UP         138/4      PX5X          1103 DG1KJG        0073
QTC:   28515 PH 2025-09-14 1118 DL9UP         138/4      PX5X          1116 HB9BS         0132
QSO:   28515 PH 2025-09-14 1121 PX5X          59  0861   YO6PPX        59  0006
QTC:   28515 PH 2025-09-14 1123 I6NOA         139/2      PX5X          1117 YO3VU         0019
QTC:   28515 PH 2025-09-14 1123 I6NOA         139/2      PX5X          1121 YO6PPX        0006
QSO:   28515 PH 2025-09-14 1124 PX5X          59  0862   IK8RIH        59  0007
QSO:   28515 PH 2025-09-14 1125 PX5X          59  0863   OM7ANT        59  0062
QSO:   28515 PH 2025-09-14 1125 PX5X          59  0864   YU7KW         59  0063
QSO:   28515 PH 2025-09-14 1125 PX5X          59  0865   E7AA          59  0047
QSO:   28515 PH 2025-09-14 1126 PX5X          59  0866   SP9JBE        59  0019
QSO:   28515 PH 2025-09-14 1127 PX5X          59  0867   OE1MBA        59  0027
QTC:   28515 PH 2025-09-14 1128 HA3DX         140/2      PX5X          1124 IK8RIH        0007
QTC:   28515 PH 2025-09-14 1128 HA3DX         140/2      PX5X          1125 OM7ANT        0062
QSO:   28515 PH 2025-09-14 1130 PX5X          59  0868   DF6ON         59  0079
QSO:   28515 PH 2025-09-14 1130 PX5X          59  0869   9A5CPT        59  0001
QSO:   28515 PH 2025-09-14 1130 PX5X          59  0870   DL2SWR        59  0037
QSO:   28515 PH 2025-09-14 1133 PX5X          59  0871   4O6PS         59  0009
QSO:   28515 PH 2025-09-14 1134 PX5X          59  0872   DM1SV         59  0292
QSO:   28515 PH 2025-09-14 1134 PX5X          59  0873   DJ5MW         59  0036
QSO:   28515 PH 2025-09-14 1135 PX5X          59  0874   YO9SW         59  1234
QSO:   28515 PH 2025-09-14 1137 PX5X          59  0875   9A3DZL        59  0002
QSO:   28515 PH 2025-09-14 1139 PX5X          59  0876   OG7Z          59  0168
QTC:   28515 PH 2025-09-14 1139 OG7Z          141/2      PX5X          1125 YU7KW         0063
QTC:   28515 PH 2025-09-14 1139 OG7Z          141/2      PX5X          1125 E7AA          0047
QSO:   28515 PH 2025-09-14 1140 PX5X          59  0877   DK4JM         59  0156
QSO:   28515 PH 2025-09-14 1140 PX5X          59  0878   DR6W          59  0067
QSO:   28515 PH 2025-09-14 1141 PX5X          59  0879   ES6RW         59  0039
QSO:   28515 PH 2025-09-14 1142 PX5X          59  0880   PD7BSF        59  0173
QSO:   28515 PH 2025-09-14 1142 PX5X          59  0881   TK4RC         59  0050
QSO:   28515 PH 2025-09-14 1142 PX5X          59  0882   UR4QFP        59  0077
QSO:   28515 PH 2025-09-14 1143 PX5X          59  0883   OK1KKI        59  0176
QSO:   28515 PH 2025-09-14 1144 PX5X          59  0884   DK6AS         59  0043
QSO:   28515 PH 2025-09-14 1144 PX5X          59  0885   DL5MAE        59  0105
QSO:   28515 PH 2025-09-14 1144 PX5X          59  0886   EC1A          59  0202
QSO:   28515 PH 2025-09-14 1145 PX5X          59  0887   DO7RA         59  0047
QTC:   28515 PH 2025-09-14 1145 OT8M          142/4      PX5X          1126 SP9JBE        0019
QTC:   28515 PH 2025-09-14 1145 OT8M          142/4      PX5X          1127 OE1MBA        0027
QTC:   28515 PH 2025-09-14 1146 OT8M          142/4      PX5X          1130 DF6ON         0079
QTC:   28515 PH 2025-09-14 1146 OT8M          142/4      PX5X          1130 9A5CPT        0001
QSO:   28515 PH 2025-09-14 1147 PX5X          59  0888   IK1PMR        59  0198
QTC:   28515 PH 2025-09-14 1148 IK1PMR        143/10     PX5X          1130 DL2SWR        0037
QTC:   28515 PH 2025-09-14 1148 IK1PMR        143/10     PX5X          1133 4O6PS         0009
QTC:   28515 PH 2025-09-14 1148 IK1PMR        143/10     PX5X          1134 DM1SV         0292
QTC:   28515 PH 2025-09-14 1148 IK1PMR        143/10     PX5X          1134 DJ5MW         0036
QTC:   28515 PH 2025-09-14 1148 IK1PMR        143/10     PX5X          1135 YO9SW         1234
QTC:   28515 PH 2025-09-14 1149 IK1PMR        143/10     PX5X          1137 9A3DZL        0002
QTC:   28515 PH 2025-09-14 1149 IK1PMR        143/10     PX5X          1139 OG7Z          0168
QTC:   28515 PH 2025-09-14 1149 IK1PMR        143/10     PX5X          1140 DK4JM         0156
QTC:   28515 PH 2025-09-14 1149 IK1PMR        143/10     PX5X          1140 DR6W          0067
QTC:   28515 PH 2025-09-14 1149 IK1PMR        143/10     PX5X          1141 ES6RW         0039
QSO:   28515 PH 2025-09-14 1150 PX5X          59  0889   SP5GMM        59  0029
QSO:   28515 PH 2025-09-14 1150 PX5X          59  0890   F4EPU         59  0001
QTC:   28515 PH 2025-09-14 1151 DL5ANS        144/10     PX5X          1142 PD7BSF        0173
QTC:   28515 PH 2025-09-14 1151 DL5ANS        144/10     PX5X          1142 TK4RC         0050
QTC:   28515 PH 2025-09-14 1151 DL5ANS        144/10     PX5X          1142 UR4QFP        0077
QTC:   28515 PH 2025-09-14 1151 DL5ANS        144/10     PX5X          1143 OK1KKI        0176
QTC:   28515 PH 2025-09-14 1151 DL5ANS        144/10     PX5X          1144 DK6AS         0043
QTC:   28515 PH 2025-09-14 1152 DL5ANS        144/10     PX5X          1144 DL5MAE        0105
QTC:   28515 PH 2025-09-14 1152 DL5ANS        144/10     PX5X          1144 EC1A          0202
QTC:   28515 PH 2025-09-14 1152 DL5ANS        144/10     PX5X          1145 DO7RA         0047
QTC:   28515 PH 2025-09-14 1152 DL5ANS        144/10     PX5X          1147 IK1PMR        0198
QTC:   28515 PH 2025-09-14 1152 DL5ANS        144/10     PX5X          1150 SP5GMM        0029
QSO:   28515 PH 2025-09-14 1153 PX5X          59  0891   SP9PBB        59  0004
QSO:   28515 PH 2025-09-14 1154 PX5X          59  0892   LX1FP         59  0038
QSO:   28515 PH 2025-09-14 1159 PX5X          59  0893   HB9IIH        59  0008
QSO:   28515 PH 2025-09-14 1200 PX5X          59  0894   UR5YAF        59  0016
QSO:   28515 PH 2025-09-14 1200 PX5X          59  0895   S51CK         59  0268
QSO:   28515 PH 2025-09-14 1201 PX5X          59  0896   DL3MY         59  0044
QSO:   28515 PH 2025-09-14 1204 PX5X          59  0897   DN5PP         59  0018
QSO:   28515 PH 2025-09-14 1204 PX5X          59  0898   ON3UI         59  0008
QTC:   28515 PH 2025-09-14 1206 DM6G          145/6      PX5X          1150 F4EPU         0001
QTC:   28515 PH 2025-09-14 1206 DM6G          145/6      PX5X          1153 SP9PBB        0004
QTC:   28515 PH 2025-09-14 1207 DM6G          145/6      PX5X          1154 LX1FP         0038
QTC:   28515 PH 2025-09-14 1207 DM6G          145/6      PX5X          1159 HB9IIH        0008
QTC:   28515 PH 2025-09-14 1207 DM6G          145/6      PX5X          1200 UR5YAF        0016
QTC:   28515 PH 2025-09-14 1207 DM6G          145/6      PX5X          1200 S51CK         0268
QSO:   28515 PH 2025-09-14 1207 PX5X          59  0899   RG5A          59  0051
QSO:   28515 PH 2025-09-14 1209 PX5X          59  0900   DM3KZN        59  0003
QSO:   28515 PH 2025-09-14 1209 PX5X          59  0901   DJ6OL         59  0022
QTC:   28515 PH 2025-09-14 1209 DJ6OL         146/5      PX5X          1201 DL3MY         0044
QTC:   28515 PH 2025-09-14 1210 DJ6OL         146/5      PX5X          1204 DN5PP         0018
QTC:   28515 PH 2025-09-14 1210 DJ6OL         146/5      PX5X          1204 ON3UI         0008
QTC:   28515 PH 2025-09-14 1210 DJ6OL         146/5      PX5X          1207 RG5A          0051
QTC:   28515 PH 2025-09-14 1210 DJ6OL         146/5      PX5X          1209 DM3KZN        0003
QSO:   28515 PH 2025-09-14 1211 PX5X          59  0902   CT2KIK        59  0018
QSO:   28515 PH 2025-09-14 1211 PX5X          59  0903   DK9CK         59  0053
QSO:   28515 PH 2025-09-14 1211 PX5X          59  0904   F6BIB         59  0002
QSO:   28515 PH 2025-09-14 1212 PX5X          59  0905   DL2RRJ        59  0006
QSO:   28515 PH 2025-09-14 1212 PX5X          59  0906   IU2CVS        59  0061
QSO:   28515 PH 2025-09-14 1214 PX5X          59  0907   4O9VIP/MM     59  0009
QSO:   28515 PH 2025-09-14 1215 PX5X          59  0908   UR1UU         59  0171
QTC:   28515 PH 2025-09-14 1216 DL0HN         147/5      PX5X          1209 DJ6OL         0022
QTC:   28515 PH 2025-09-14 1216 DL0HN         147/5      PX5X          1211 CT2KIK        0018
QTC:   28515 PH 2025-09-14 1216 DL0HN         147/5      PX5X          1211 DK9CK         0053
QTC:   28515 PH 2025-09-14 1216 DL0HN         147/5      PX5X          1211 F6BIB         0002
QTC:   28515 PH 2025-09-14 1216 DL0HN         147/5      PX5X          1212 DL2RRJ        0006
QSO:   28515 PH 2025-09-14 1217 PX5X          59  0909   DF8TT         59  0043
QTC:   28515 PH 2025-09-14 1220 YO9HP         148/2      PX5X          1212 IU2CVS        0061
QTC:   28515 PH 2025-09-14 1220 YO9HP         148/2      PX5X          1214 4O9VIP/MM     0009
QSO:   28515 PH 2025-09-14 1223 PX5X          59  0910   EA5/G4KEL     59  0005
QSO:   28515 PH 2025-09-14 1224 PX5X          59  0911   F4JUP         59  0019
QSO:   28515 PH 2025-09-14 1225 PX5X          59  0912   F8AAB         59  0022
QSO:   28515 PH 2025-09-14 1226 PX5X          59  0913   DL9YY         59  0114
QTC:   28515 PH 2025-09-14 1226 DL9YY         149/3      PX5X          1223 EA5/G4KEL     0005
QTC:   28515 PH 2025-09-14 1226 DL9YY         149/3      PX5X          1224 F4JUP         0019
QTC:   28515 PH 2025-09-14 1227 DL9YY         149/3      PX5X          1225 F8AAB         0022
QSO:   28515 PH 2025-09-14 1227 PX5X          59  0914   DL6UAA        59  0240
QSO:   28515 PH 2025-09-14 1228 PX5X          59  0915   ON3DV         59  0016
QSO:   28515 PH 2025-09-14 1229 PX5X          59  0916   LZ1QZ         59  0034
QSO:   28515 PH 2025-09-14 1229 PX5X          59  0917   LZ5R          59  1050
QSO:   28515 PH 2025-09-14 1231 PX5X          59  0918   IZ8ESP        59  0005
QSO:   28515 PH 2025-09-14 1231 PX5X          59  0919   PA0GJV        59  0092
QSO:   28515 PH 2025-09-14 1232 PX5X          59  0920   OK1PA         59  0007
QSO:   28515 PH 2025-09-14 1232 PX5X          59  0921   S55KA         59  0057
QSO:   28515 PH 2025-09-14 1233 PX5X          59  0922   IU4UAG        59  0025
QTC:   28515 PH 2025-09-14 1233 I6NOA         150/8      PX5X          1227 DL6UAA        0240
QTC:   28515 PH 2025-09-14 1233 I6NOA         150/8      PX5X          1228 ON3DV         0016
QTC:   28515 PH 2025-09-14 1233 I6NOA         150/8      PX5X          1229 LZ1QZ         0034
QTC:   28515 PH 2025-09-14 1234 I6NOA         150/8      PX5X          1229 LZ5R          1050
QTC:   28515 PH 2025-09-14 1234 I6NOA         150/8      PX5X          1231 IZ8ESP        0005
QTC:   28515 PH 2025-09-14 1234 I6NOA         150/8      PX5X          1231 PA0GJV        0092
QTC:   28515 PH 2025-09-14 1234 I6NOA         150/8      PX5X          1232 OK1PA         0007
QTC:   28515 PH 2025-09-14 1234 I6NOA         150/8      PX5X          1232 S55KA         0057
QSO:   28515 PH 2025-09-14 1234 PX5X          59  0923   F5LMK         59  0002
QSO:   28515 PH 2025-09-14 1235 PX5X          59  0924   DK2TG         59  0014
QSO:   28515 PH 2025-09-14 1236 PX5X          59  0925   GH5DX         59  0013
QSO:   28515 PH 2025-09-14 1236 PX5X          59  0926   PA3BUD        59  0053
QTC:   28515 PH 2025-09-14 1237 DL0KA         151/5      PX5X          1233 IU4UAG        0025
QTC:   28515 PH 2025-09-14 1237 DL0KA         151/5      PX5X          1234 F5LMK         0002
QTC:   28515 PH 2025-09-14 1237 DL0KA         151/5      PX5X          1235 DK2TG         0014
QTC:   28515 PH 2025-09-14 1237 DL0KA         151/5      PX5X          1236 GH5DX         0013
QTC:   28515 PH 2025-09-14 1238 DL0KA         151/5      PX5X          1236 PA3BUD        0053
QSO:   28515 PH 2025-09-14 1240 PX5X          59  0927   DJ2AX         59  0060
QSO:   28515 PH 2025-09-14 1242 PX5X          59  0928   DK9TF         59  0014
QSO:   28515 PH 2025-09-14 1243 PX5X          59  0929   PD1HV         59  0013
QSO:   28515 PH 2025-09-14 1245 PX5X          59  0930   DL6NEJ        59  0001
QSO:   28515 PH 2025-09-14 1246 PX5X          59  0931   DO2ZZ         59  0014
QSO:   28515 PH 2025-09-14 1247 PX5X          59  0932   SO6X          59  0353
QSO:   28515 PH 2025-09-14 1247 PX5X          59  0933   DL5XJ         59  0195
QSO:   28515 PH 2025-09-14 1248 PX5X          59  0934   PD3ED         59  0009
QSO:   28515 PH 2025-09-14 1249 PX5X          59  0935   DL4DBV        59  0029
QSO:   28515 PH 2025-09-14 1249 PX5X          59  0936   IK2GAU        59  0018
QSO:   28515 PH 2025-09-14 1249 PX5X          59  0937   DB1RUL        59  0053
QSO:   28515 PH 2025-09-14 1251 PX5X          59  0938   DL8ZAJ        59  0015
QSO:   28515 PH 2025-09-14 1251 PX5X          59  0939   DL6RDR        59  0090
QTC:   28515 PH 2025-09-14 1252 DL6RDR        152/10     PX5X          1240 DJ2AX         0060
QTC:   28515 PH 2025-09-14 1252 DL6RDR        152/10     PX5X          1242 DK9TF         0014
QTC:   28515 PH 2025-09-14 1252 DL6RDR        152/10     PX5X          1243 PD1HV         0013
QTC:   28515 PH 2025-09-14 1252 DL6RDR        152/10     PX5X          1245 DL6NEJ        0001
QTC:   28515 PH 2025-09-14 1252 DL6RDR        152/10     PX5X          1246 DO2ZZ         0014
QTC:   28515 PH 2025-09-14 1253 DL6RDR        152/10     PX5X          1247 SO6X          0353
QTC:   28515 PH 2025-09-14 1253 DL6RDR        152/10     PX5X          1247 DL5XJ         0195
QTC:   28515 PH 2025-09-14 1253 DL6RDR        152/10     PX5X          1248 PD3ED         0009
QTC:   28515 PH 2025-09-14 1253 DL6RDR        152/10     PX5X          1249 DL4DBV        0029
QTC:   28515 PH 2025-09-14 1253 DL6RDR        152/10     PX5X          1249 IK2GAU        0018
QSO:   28515 PH 2025-09-14 1254 PX5X          59  0940   DF7EF         59  0016
QSO:   28515 PH 2025-09-14 1255 PX5X          59  0941   IK6OIN        59  0002
QSO:   28515 PH 2025-09-14 1256 PX5X          59  0942   DJ2QV         59  0052
QSO:   28515 PH 2025-09-14 1257 PX5X          59  0943   SP9VL         59  0011
QSO:   28515 PH 2025-09-14 1258 PX5X          59  0944   HB9DPY        59  0019
QSO:   28515 PH 2025-09-14 1258 PX5X          59  0945   HB9EYP        59  0048
QSO:   28515 PH 2025-09-14 1259 PX5X          59  0946   DO8NL         59  0037
QSO:   28515 PH 2025-09-14 1259 PX5X          59  0947   EI7M          59  1756
QSO:   28515 PH 2025-09-14 1301 PX5X          59  0948   F1RHS         59  0085
QSO:   28515 PH 2025-09-14 1302 PX5X          59  0949   R3SAC         59  0044
QSO:   28515 PH 2025-09-14 1303 PX5X          59  0950   IT9FRX        59  0099
QTC:   28515 PH 2025-09-14 1303 IT9FRX        153/10     PX5X          1249 DB1RUL        0053
QTC:   28515 PH 2025-09-14 1304 IT9FRX        153/10     PX5X          1251 DL8ZAJ        0015
QTC:   28515 PH 2025-09-14 1304 IT9FRX        153/10     PX5X          1251 DL6RDR        0090
QTC:   28515 PH 2025-09-14 1304 IT9FRX        153/10     PX5X          1254 DF7EF         0016
QTC:   28515 PH 2025-09-14 1304 IT9FRX        153/10     PX5X          1255 IK6OIN        0002
QTC:   28515 PH 2025-09-14 1304 IT9FRX        153/10     PX5X          1256 DJ2QV         0052
QTC:   28515 PH 2025-09-14 1304 IT9FRX        153/10     PX5X          1257 SP9VL         0011
QTC:   28515 PH 2025-09-14 1304 IT9FRX        153/10     PX5X          1258 HB9DPY        0019
QTC:   28515 PH 2025-09-14 1304 IT9FRX        153/10     PX5X          1258 HB9EYP        0048
QTC:   28515 PH 2025-09-14 1305 IT9FRX        153/10     PX5X          1259 DO8NL         0037
QSO:   28515 PH 2025-09-14 1305 PX5X          59  0951   TM40KBG       59  0001
QSO:   28515 PH 2025-09-14 1308 PX5X          59  0952   DK6WL         59  0086
QTC:   28515 PH 2025-09-14 1308 DK6WL         154/4      PX5X          1259 EI7M          1756
QTC:   28515 PH 2025-09-14 1308 DK6WL         154/4      PX5X          1301 F1RHS         0085
QTC:   28515 PH 2025-09-14 1308 DK6WL         154/4      PX5X          1303 IT9FRX        0099
QTC:   28515 PH 2025-09-14 1308 DK6WL         154/4      PX5X          1305 TM40KBG       0001
QSO:   28515 PH 2025-09-14 1309 PX5X          59  0953   HB9AWJ        59  0001
QSO:   28515 PH 2025-09-14 1310 PX5X          59  0954   OE5KKP        59  0044
QSO:   28515 PH 2025-09-14 1311 PX5X          59  0955   IU0QVF        59  0005
QSO:   28515 PH 2025-09-14 1313 PX5X          59  0956   DK0MN         59  0011
QSO:   28515 PH 2025-09-14 1314 PX5X          59  0957   DL2LDE        59  0085
QSO:   28515 PH 2025-09-14 1315 PX5X          59  0958   DL1QW         59  0017
QSO:   28515 PH 2025-09-14 1316 PX5X          59  0959   DL4OCF        59  0166
QSO:   28515 PH 2025-09-14 1317 PX5X          59  0960   MM0LBX        59  0125
QSO:   28515 PH 2025-09-14 1317 PX5X          59  0961   DK9HN         59  0096
QSO:   28515 PH 2025-09-14 1319 PX5X          59  0962   ON3JAK        59  0001
QSO:   28515 PH 2025-09-14 1320 PX5X          59  0963   I1NDB         59  0109
QSO:   28515 PH 2025-09-14 1322 PX5X          59  0964   DL1NBM        59  0034
QSO:   28515 PH 2025-09-14 1322 PX5X          59  0965   IV3ZXF        59  0141
QSO:   28515 PH 2025-09-14 1322 PX5X          59  0966   PA3EKA        59  0008
QSO:   28515 PH 2025-09-14 1323 PX5X          59  0967   HB9HST        59  0033
QSO:   28515 PH 2025-09-14 1323 PX5X          59  0968   DO8MA         59  0021
QTC:   28515 PH 2025-09-14 1324 DL2LBK        155/2      PX5X          1308 DK6WL         0086
QTC:   28515 PH 2025-09-14 1324 DL2LBK        155/2      PX5X          1309 HB9AWJ        0001
QSO:   28515 PH 2025-09-14 1324 PX5X          59  0969   IU0EBV        59  0036
QSO:   28515 PH 2025-09-14 1325 PX5X          59  0970   IU0PVZ        59  0004
QSO:   28515 PH 2025-09-14 1327 PX5X          59  0971   3Z1K          59  0161
QTC:   28515 PH 2025-09-14 1328 DF5UM         156/10     PX5X          1310 OE5KKP        0044
QTC:   28515 PH 2025-09-14 1328 DF5UM         156/10     PX5X          1311 IU0QVF        0005
QTC:   28515 PH 2025-09-14 1328 DF5UM         156/10     PX5X          1313 DK0MN         0011
QTC:   28515 PH 2025-09-14 1328 DF5UM         156/10     PX5X          1314 DL2LDE        0085
QTC:   28515 PH 2025-09-14 1328 DF5UM         156/10     PX5X          1315 DL1QW         0017
QTC:   28515 PH 2025-09-14 1328 DF5UM         156/10     PX5X          1316 DL4OCF        0166
QTC:   28515 PH 2025-09-14 1329 DF5UM         156/10     PX5X          1317 MM0LBX        0125
QTC:   28515 PH 2025-09-14 1329 DF5UM         156/10     PX5X          1317 DK9HN         0096
QTC:   28515 PH 2025-09-14 1329 DF5UM         156/10     PX5X          1319 ON3JAK        0001
QTC:   28515 PH 2025-09-14 1329 DF5UM         156/10     PX5X          1320 I1NDB         0109
QSO:   28515 PH 2025-09-14 1329 PX5X          59  0972   ON4JL         59  0217
QSO:   28515 PH 2025-09-14 1330 PX5X          59  0973   PD7AT         59  0080
QSO:   28515 PH 2025-09-14 1330 PX5X          59  0974   PD9PR         59  0094
QSO:   28515 PH 2025-09-14 1331 PX5X          59  0975   G7HLB         59  0012
QSO:   28515 PH 2025-09-14 1331 PX5X          59  0976   SA7DXR        59  0067
QTC:   28515 PH 2025-09-14 1332 SA7DXR        157/10     PX5X          1322 DL1NBM        0034
QTC:   28515 PH 2025-09-14 1332 SA7DXR        157/10     PX5X          1322 IV3ZXF        0141
QTC:   28515 PH 2025-09-14 1332 SA7DXR        157/10     PX5X          1322 PA3EKA        0008
QTC:   28515 PH 2025-09-14 1332 SA7DXR        157/10     PX5X          1323 HB9HST        0033
QTC:   28515 PH 2025-09-14 1332 SA7DXR        157/10     PX5X          1323 DO8MA         0021
QTC:   28515 PH 2025-09-14 1332 SA7DXR        157/10     PX5X          1324 IU0EBV        0036
QTC:   28515 PH 2025-09-14 1332 SA7DXR        157/10     PX5X          1325 IU0PVZ        0004
QTC:   28515 PH 2025-09-14 1333 SA7DXR        157/10     PX5X          1327 3Z1K          0161
QTC:   28515 PH 2025-09-14 1333 SA7DXR        157/10     PX5X          1329 ON4JL         0217
QTC:   28515 PH 2025-09-14 1333 SA7DXR        157/10     PX5X          1330 PD7AT         0080
QSO:   28515 PH 2025-09-14 1334 PX5X          59  0977   DC1SRW        59  0007
QSO:   28515 PH 2025-09-14 1335 PX5X          59  0978   IK8HEE        59  0003
QSO:   28515 PH 2025-09-14 1335 PX5X          59  0979   PE1RUS        59  0071
QSO:   28515 PH 2025-09-14 1335 PX5X          59  0980   PC2F          59  0015
QSO:   28515 PH 2025-09-14 1336 PX5X          59  0981   OE1PFC        59  0016
QSO:   28515 PH 2025-09-14 1336 PX5X          59  0982   HB9DHG        59  0145
QSO:   28515 PH 2025-09-14 1337 PX5X          59  0983   M7FTM         59  0051
QSO:   28515 PH 2025-09-14 1337 PX5X          59  0984   DG1SGP        59  0037
QSO:   28515 PH 2025-09-14 1338 PX5X          59  0985   IU5RDN        59  0037
QSO:   28515 PH 2025-09-14 1338 PX5X          59  0986   F4DVO         59  0034
QSO:   28515 PH 2025-09-14 1338 PX5X          59  0987   DG5RC         59  0019
QSO:   28515 PH 2025-09-14 1339 PX5X          59  0988   SV8IIR        59  0033
QTC:   28515 PH 2025-09-14 1339 SV8IIR        158/10     PX5X          1330 PD9PR         0094
QTC:   28515 PH 2025-09-14 1339 SV8IIR        158/10     PX5X          1331 G7HLB         0012
QTC:   28515 PH 2025-09-14 1340 SV8IIR        158/10     PX5X          1331 SA7DXR        0067
QTC:   28515 PH 2025-09-14 1340 SV8IIR        158/10     PX5X          1334 DC1SRW        0007
QTC:   28515 PH 2025-09-14 1340 SV8IIR        158/10     PX5X          1335 IK8HEE        0003
QTC:   28515 PH 2025-09-14 1340 SV8IIR        158/10     PX5X          1335 PE1RUS        0071
QTC:   28515 PH 2025-09-14 1340 SV8IIR        158/10     PX5X          1335 PC2F          0015
QTC:   28515 PH 2025-09-14 1341 SV8IIR        158/10     PX5X          1336 OE1PFC        0016
QTC:   28515 PH 2025-09-14 1341 SV8IIR        158/10     PX5X          1336 HB9DHG        0145
QTC:   28515 PH 2025-09-14 1341 SV8IIR        158/10     PX5X          1337 M7FTM         0051
QTC:   28515 PH 2025-09-14 1342 DP6A          159/4      PX5X          1337 DG1SGP        0037
QTC:   28515 PH 2025-09-14 1342 DP6A          159/4      PX5X          1338 IU5RDN        0037
QTC:   28515 PH 2025-09-14 1342 DP6A          159/4      PX5X          1338 F4DVO         0034
QTC:   28515 PH 2025-09-14 1342 DP6A          159/4      PX5X          1338 DG5RC         0019
QSO:   28515 PH 2025-09-14 1343 PX5X          59  0989   OQ0Q          59  0148
QSO:   28515 PH 2025-09-14 1344 PX5X          59  0990   EA3/DJ2WL     59  0174
QSO:   28515 PH 2025-09-14 1345 PX5X          59  0991   IU0PVZ        59  0013
QSO:   28515 PH 2025-09-14 1347 PX5X          59  0992   G7NAE         59  0001
QSO:   28515 PH 2025-09-14 1347 PX5X          59  0993   G4ZEJ         59  0005
QSO:   28515 PH 2025-09-14 1348 PX5X          59  0994   EA3IXN        59  0004
QSO:   28515 PH 2025-09-14 1348 PX5X          59  0995   SM2M          59  0205
QSO:   28515 PH 2025-09-14 1349 PX5X          59  0996   EA3KT         59  0020
QSO:   28515 PH 2025-09-14 1350 PX5X          59  0997   IU6MEA        59  0532
QSO:   28515 PH 2025-09-14 1350 PX5X          59  0998   DR4A          59  0505
QTC:   28515 PH 2025-09-14 1350 DR4A          160/6      PX5X          1339 SV8IIR        0033
QTC:   28515 PH 2025-09-14 1350 DR4A          160/6      PX5X          1343 OQ0Q          0148
QTC:   28515 PH 2025-09-14 1350 DR4A          160/6      PX5X          1344 EA3/DJ2WL     0174
QTC:   28515 PH 2025-09-14 1350 DR4A          160/6      PX5X          1347 G7NAE         0001
QTC:   28515 PH 2025-09-14 1351 DR4A          160/6      PX5X          1347 G4ZEJ         0005
QTC:   28515 PH 2025-09-14 1351 DR4A          160/6      PX5X          1348 EA3IXN        0004
QSO:   28515 PH 2025-09-14 1351 PX5X          59  0999   PB5X          59  0007
QSO:   28515 PH 2025-09-14 1352 PX5X          59  1000   F4IYB         59  0022
QSO:   28515 PH 2025-09-14 1353 PX5X          59  1001   M0XLT         59  0027
QSO:   28543 PH 2025-09-14 1358 PX5X          59  1002   DL1KVS        59  0017
QSO:   28543 PH 2025-09-14 1359 PX5X          59  1003   OK6RP         59  0011
QSO:   28543 PH 2025-09-14 1409 PX5X          59  1004   DK1WB         59  0088
QTC:   28543 PH 2025-09-14 1409 DK1WB         161/9      PX5X          1348 SM2M          0205
QTC:   28543 PH 2025-09-14 1409 DK1WB         161/9      PX5X          1349 EA3KT         0020
QTC:   28543 PH 2025-09-14 1409 DK1WB         161/9      PX5X          1350 IU6MEA        0532
QTC:   28543 PH 2025-09-14 1410 DK1WB         161/9      PX5X          1350 DR4A          0505
QTC:   28543 PH 2025-09-14 1410 DK1WB         161/9      PX5X          1351 PB5X          0007
QTC:   28543 PH 2025-09-14 1410 DK1WB         161/9      PX5X          1352 F4IYB         0022
QTC:   28543 PH 2025-09-14 1411 DK1WB         161/9      PX5X          1353 M0XLT         0027
QTC:   28543 PH 2025-09-14 1411 DK1WB         161/9      PX5X          1358 DL1KVS        0017
QTC:   28543 PH 2025-09-14 1411 DK1WB         161/9      PX5X          1359 OK6RP         0011
QSO:   28543 PH 2025-09-14 1414 PX5X          59  1005   PD0DK         59  0004
QSO:   28543 PH 2025-09-14 1416 PX5X          59  1006   UR5CDD        59  0010
QSO:   28543 PH 2025-09-14 1417 PX5X          59  1007   IU0SRH        59  0129
QSO:   28543 PH 2025-09-14 1418 PX5X          59  1008   G7BHU         59  0009
QSO:   28543 PH 2025-09-14 1421 PX5X          59  1009   F5VBD         59  0024
QSO:   28543 PH 2025-09-14 1426 PX5X          59  1010   2I0TJR        59  0010
QSO:   28543 PH 2025-09-14 1430 PX5X          59  1011   OE5OOL        59  0001
QSO:   28543 PH 2025-09-14 1430 PX5X          59  1012   9A8DX         59  0001
QSO:   28543 PH 2025-09-14 1434 PX5X          59  1013   OE3PKU        59  0005
QSO:   28543 PH 2025-09-14 1436 PX5X          59  1014   TA1JA         59  0009
QSO:   28543 PH 2025-09-14 1437 PX5X          59  1015   IK8QQO        59  0225
QSO:   28543 PH 2025-09-14 1437 PX5X          59  1016   DA1MA         59  0005
QTC:   28543 PH 2025-09-14 1440 TM8K          162/10     PX5X          1409 DK1WB         0088
QTC:   28543 PH 2025-09-14 1440 TM8K          162/10     PX5X          1414 PD0DK         0004
QTC:   28543 PH 2025-09-14 1441 TM8K          162/10     PX5X          1416 UR5CDD        0010
QTC:   28543 PH 2025-09-14 1441 TM8K          162/10     PX5X          1417 IU0SRH        0129
QTC:   28543 PH 2025-09-14 1441 TM8K          162/10     PX5X          1418 G7BHU         0009
QTC:   28543 PH 2025-09-14 1441 TM8K          162/10     PX5X          1421 F5VBD         0024
QTC:   28543 PH 2025-09-14 1441 TM8K          162/10     PX5X          1426 2I0TJR        0010
QTC:   28543 PH 2025-09-14 1442 TM8K          162/10     PX5X          1430 OE5OOL        0001
QTC:   28543 PH 2025-09-14 1442 TM8K          162/10     PX5X          1430 9A8DX         0001
QTC:   28543 PH 2025-09-14 1442 TM8K          162/10     PX5X          1434 OE3PKU        0005
QSO:   28543 PH 2025-09-14 1442 PX5X          59  1017   F4DNW         59  0062
QSO:   28543 PH 2025-09-14 1443 PX5X          59  1018   OE3MZC        59  0033
QSO:   28543 PH 2025-09-14 1444 PX5X          59  1019   PA3AAV        59  0103
QSO:   28543 PH 2025-09-14 1457 PX5X          59  1020   MW7RBM        59  0006
QSO:   28543 PH 2025-09-14 1459 PX5X          59  1021   IK8YFU        59  0019
QSO:   28543 PH 2025-09-14 1459 PX5X          59  1022   DL5YM         59  0035
QTC:   28543 PH 2025-09-14 1500 DL5YM         163/8      PX5X          1436 TA1JA         0009
QTC:   28543 PH 2025-09-14 1500 DL5YM         163/8      PX5X          1437 IK8QQO        0225
QTC:   28543 PH 2025-09-14 1500 DL5YM         163/8      PX5X          1437 DA1MA         0005
QTC:   28543 PH 2025-09-14 1500 DL5YM         163/8      PX5X          1442 F4DNW         0062
QTC:   28543 PH 2025-09-14 1500 DL5YM         163/8      PX5X          1443 OE3MZC        0033
QTC:   28543 PH 2025-09-14 1500 DL5YM         163/8      PX5X          1444 PA3AAV        0103
QTC:   28543 PH 2025-09-14 1500 DL5YM         163/8      PX5X          1457 MW7RBM        0006
QTC:   28543 PH 2025-09-14 1501 DL5YM         163/8      PX5X          1459 IK8YFU        0019
QSO:   28543 PH 2025-09-14 1501 PX5X          59  1023   DG1RP         59  0038
QSO:   28543 PH 2025-09-14 1502 PX5X          59  1024   F4WEA         59  0042
QSO:   28543 PH 2025-09-14 1507 PX5X          59  1025   HA0NAR        59  0139
QSO:   28543 PH 2025-09-14 1510 PX5X          59  1026   S50AM         59  0042
QSO:   28543 PH 2025-09-14 1515 PX5X          59  1027   DP4X          59  0018
QSO:   28543 PH 2025-09-14 1520 PX5X          59  1028   HB9BEI        59  0025
QSO:   28543 PH 2025-09-14 1520 PX5X          59  1029   DK5QN         59  0032
QTC:   28543 PH 2025-09-14 1521 DK5QN         164/7      PX5X          1459 DL5YM         0035
QTC:   28543 PH 2025-09-14 1521 DK5QN         164/7      PX5X          1501 DG1RP         0038
QTC:   28543 PH 2025-09-14 1521 DK5QN         164/7      PX5X          1502 F4WEA         0042
QTC:   28543 PH 2025-09-14 1521 DK5QN         164/7      PX5X          1507 HA0NAR        0139
QTC:   28543 PH 2025-09-14 1521 DK5QN         164/7      PX5X          1510 S50AM         0042
QTC:   28543 PH 2025-09-14 1521 DK5QN         164/7      PX5X          1515 DP4X          0018
QTC:   28543 PH 2025-09-14 1521 DK5QN         164/7      PX5X          1520 HB9BEI        0025
QSO:   28543 PH 2025-09-14 1522 PX5X          59  1030   DJ6DO         59  0064
QSO:   28543 PH 2025-09-14 1522 PX5X          59  1031   9A2RD         59  0052
QSO:   28543 PH 2025-09-14 1525 PX5X          59  1032   EA5NW         59  0009
QSO:   28543 PH 2025-09-14 1526 PX5X          59  1033   F8DWH         59  0033
QSO:   28543 PH 2025-09-14 1526 PX5X          59  1034   IO1X          59  0061
QTC:   28543 PH 2025-09-14 1531 YO9HP         165/6      PX5X          1520 DK5QN         0032
QTC:   28543 PH 2025-09-14 1531 YO9HP         165/6      PX5X          1522 DJ6DO         0064
QTC:   28543 PH 2025-09-14 1531 YO9HP         165/6      PX5X          1522 9A2RD         0052
QTC:   28543 PH 2025-09-14 1531 YO9HP         165/6      PX5X          1525 EA5NW         0009
QTC:   28543 PH 2025-09-14 1532 YO9HP         165/6      PX5X          1526 F8DWH         0033
QTC:   28543 PH 2025-09-14 1532 YO9HP         165/6      PX5X          1526 IO1X          0061
QSO:   28543 PH 2025-09-14 1533 PX5X          59  1035   M0RDF         59  0004
QSO:   28543 PH 2025-09-14 1543 PX5X          59  1036   IU0PHQ        59  0105
QTC:   28543 PH 2025-09-14 1548 DL0DX         166/2      PX5X          1533 M0RDF         0004
QTC:   28543 PH 2025-09-14 1549 DL0DX         166/2      PX5X          1543 IU0PHQ        0105
QSO:   28543 PH 2025-09-14 1550 PX5X          59  1037   2E0OLA        59  0003
QSO:   28543 PH 2025-09-14 1551 PX5X          59  1038   IZ2DPX        59  0011
QSO:   28543 PH 2025-09-14 1554 PX5X          59  1039   PC4H          59  0057
QSO:   28543 PH 2025-09-14 1559 PX5X          59  1040   DG3IS         59  0013
QSO:   28543 PH 2025-09-14 1600 PX5X          59  1041   ON9PA         59  0033
QTC:   28543 PH 2025-09-14 1600 ON9PA         167/4      PX5X          1550 2E0OLA        0003
QTC:   28543 PH 2025-09-14 1600 ON9PA         167/4      PX5X          1551 IZ2DPX        0011
QTC:   28543 PH 2025-09-14 1601 ON9PA         167/4      PX5X          1554 PC4H          0057
QTC:   28543 PH 2025-09-14 1601 ON9PA         167/4      PX5X          1559 DG3IS         0013
QSO:   28543 PH 2025-09-14 1601 PX5X          59  1042   DF5AU         59  0032
QSO:   28543 PH 2025-09-14 1602 PX5X          59  1043   OR5T          59  0028
QSO:   28543 PH 2025-09-14 1603 PX5X          59  1044   OM5DX         59  0085
QSO:   28543 PH 2025-09-14 1603 PX5X          59  1045   DL4HG         59  0038
QTC:   28543 PH 2025-09-14 1604 EW1I          168/5      PX5X          1600 ON9PA         0033
QTC:   28543 PH 2025-09-14 1604 EW1I          168/5      PX5X          1601 DF5AU         0032
QTC:   28543 PH 2025-09-14 1604 EW1I          168/5      PX5X          1602 OR5T          0028
QTC:   28543 PH 2025-09-14 1604 EW1I          168/5      PX5X          1603 OM5DX         0085
QTC:   28543 PH 2025-09-14 1604 EW1I          168/5      PX5X          1603 DL4HG         0038
QSO:   28543 PH 2025-09-14 1605 PX5X          59  1046   EA1ESW        59  0182
QSO:   28543 PH 2025-09-14 1607 PX5X          59  1047   G5KFM         59  0005
QSO:   28543 PH 2025-09-14 1609 PX5X          59  1048   G2CNN         59  0014
QSO:   28543 PH 2025-09-14 1609 PX5X          59  1049   DO2SGW        59  0018
QSO:   28543 PH 2025-09-14 1611 PX5X          59  1050   DK1MK         59  0100
QSO:   28543 PH 2025-09-14 1613 PX5X          59  1051   IU0UYY        59  0003
QSO:   28543 PH 2025-09-14 1619 PX5X          59  1052   F1JIV         59  0010
QSO:   21295 PH 2025-09-14 1622 PX5X          59  1053   9A5KW         59  0074
QTC:   21295 PH 2025-09-14 1623 DL5YM         169/2      PX5X          1605 EA1ESW        0182
QTC:   21295 PH 2025-09-14 1623 DL5YM         169/2      PX5X          1607 G5KFM         0005
QSO:   21295 PH 2025-09-14 1624 PX5X          59  1054   DJ7YP         59  0023
QSO:   21295 PH 2025-09-14 1624 PX5X          59  1055   9A1KDE        59  0020
QSO:   21295 PH 2025-09-14 1625 PX5X          59  1056   DC8SG         59  0067
QSO:   21295 PH 2025-09-14 1625 PX5X          59  1057   F4EQN         59  0081
QSO:   21295 PH 2025-09-14 1626 PX5X          59  1058   DL6RDR        59  0119
QSO:   21295 PH 2025-09-14 1626 PX5X          59  1059   II3C          59  0105
QTC:   21295 PH 2025-09-14 1627 II3C          170/5      PX5X          1609 G2CNN         0014
QTC:   21295 PH 2025-09-14 1627 II3C          170/5      PX5X          1609 DO2SGW        0018
QTC:   21295 PH 2025-09-14 1627 II3C          170/5      PX5X          1611 DK1MK         0100
QTC:   21295 PH 2025-09-14 1627 II3C          170/5      PX5X          1613 IU0UYY        0003
QTC:   21295 PH 2025-09-14 1628 II3C          170/5      PX5X          1619 F1JIV         0010
QSO:   21213 PH 2025-09-14 1641 PX5X          59  1060   DL2OE         59  0116
QTC:   21213 PH 2025-09-14 1641 DL2OE         171/7      PX5X          1622 9A5KW         0074
QTC:   21213 PH 2025-09-14 1641 DL2OE         171/7      PX5X          1624 DJ7YP         0023
QTC:   21213 PH 2025-09-14 1641 DL2OE         171/7      PX5X          1624 9A1KDE        0020
QTC:   21213 PH 2025-09-14 1641 DL2OE         171/7      PX5X          1625 DC8SG         0067
QTC:   21213 PH 2025-09-14 1641 DL2OE         171/7      PX5X          1625 F4EQN         0081
QTC:   21213 PH 2025-09-14 1642 DL2OE         171/7      PX5X          1626 DL6RDR        0119
QTC:   21213 PH 2025-09-14 1642 DL2OE         171/7      PX5X          1626 II3C          0105
QSO:   21279 PH 2025-09-14 1646 PX5X          59  1061   IK4DCX        59  0229
QSO:   21302 PH 2025-09-14 1648 PX5X          59  1062   TM8K          59  0284
QSO:   21212 PH 2025-09-14 1702 PX5X          59  1063   DF8CV         59  0022
QSO:   21212 PH 2025-09-14 1704 PX5X          59  1064   ON6NL         59  0226
QSO:   21212 PH 2025-09-14 1705 PX5X          59  1065   DK6AS         59  0084
QSO:   21212 PH 2025-09-14 1707 PX5X          59  1066   DK7UH         59  0006
QSO:   21250 PH 2025-09-14 1727 PX5X          59  1067   IZ6JPK        59  0091
QSO:   21250 PH 2025-09-14 1728 PX5X          59  1068   DO3VE         59  0025
QSO:   21250 PH 2025-09-14 1729 PX5X          59  1069   DL4MFR        59  0037
QSO:   21250 PH 2025-09-14 1730 PX5X          59  1070   DL2025B       59  0049
QSO:   21250 PH 2025-09-14 1730 PX5X          59  1071   ON4CCC        59  0090
QSO:   21250 PH 2025-09-14 1731 PX5X          59  1072   DH0GHU        59  0030
QSO:   21250 PH 2025-09-14 1731 PX5X          59  1073   9A2IT         59  0028
QSO:   21250 PH 2025-09-14 1732 PX5X          59  1074   DH8WE         59  0155
QSO:   21250 PH 2025-09-14 1732 PX5X          59  1075   DL0DX         59  0281
QTC:   21250 PH 2025-09-14 1732 DL0DX         172/8      PX5X          1641 DL2OE         0116
QTC:   21250 PH 2025-09-14 1733 DL0DX         172/8      PX5X          1646 IK4DCX        0229
QTC:   21250 PH 2025-09-14 1733 DL0DX         172/8      PX5X          1648 TM8K          0284
QTC:   21250 PH 2025-09-14 1734 DL0DX         172/8      PX5X          1702 DF8CV         0022
QTC:   21250 PH 2025-09-14 1734 DL0DX         172/8      PX5X          1704 ON6NL         0226
QTC:   21250 PH 2025-09-14 1734 DL0DX         172/8      PX5X          1705 DK6AS         0084
QTC:   21250 PH 2025-09-14 1734 DL0DX         172/8      PX5X          1707 DK7UH         0006
QTC:   21250 PH 2025-09-14 1735 DL0DX         172/8      PX5X          1727 IZ6JPK        0091
QSO:   21250 PH 2025-09-14 1735 PX5X          59  1076   DL4VAI        59  0151
QSO:   21250 PH 2025-09-14 1737 PX5X          59  1077   E74A          59  0201
QSO:   21250 PH 2025-09-14 1737 PX5X          59  1078   9A2EU         59  0046
QSO:   21250 PH 2025-09-14 1738 PX5X          59  1079   DL7URH        59  0054
QTC:   21250 PH 2025-09-14 1738 DL7URH        173/10     PX5X          1729 DL4MFR        0037
QTC:   21250 PH 2025-09-14 1738 DL7URH        173/10     PX5X          1730 DL2025B       0049
QTC:   21250 PH 2025-09-14 1738 DL7URH        173/10     PX5X          1730 ON4CCC        0090
QTC:   21250 PH 2025-09-14 1739 DL7URH        173/10     PX5X          1731 DH0GHU        0030
QTC:   21250 PH 2025-09-14 1739 DL7URH        173/10     PX5X          1731 9A2IT         0028
QTC:   21250 PH 2025-09-14 1739 DL7URH        173/10     PX5X          1732 DH8WE         0155
QTC:   21250 PH 2025-09-14 1739 DL7URH        173/10     PX5X          1732 DL0DX         0281
QTC:   21250 PH 2025-09-14 1739 DL7URH        173/10     PX5X          1735 DL4VAI        0151
QTC:   21250 PH 2025-09-14 1739 DL7URH        173/10     PX5X          1737 E74A          0201
QTC:   21250 PH 2025-09-14 1740 DL7URH        173/10     PX5X          1737 9A2EU         0046
QSO:   21250 PH 2025-09-14 1740 PX5X          59  1080   DL1SBF        59  0011
QSO:   21250 PH 2025-09-14 1741 PX5X          59  1081   S56VHR        59  0025
QSO:   21250 PH 2025-09-14 1742 PX5X          59  1082   F5ICC         59  0105
QSO:   21250 PH 2025-09-14 1742 PX5X          59  1083   S55BA         59  0013
QSO:   21250 PH 2025-09-14 1743 PX5X          59  1084   DF2QZ         59  0048
QSO:   21250 PH 2025-09-14 1744 PX5X          59  1085   DP5P          59  0269
QSO:   21250 PH 2025-09-14 1745 PX5X          59  1086   OH2KI         59  0030
QSO:   21250 PH 2025-09-14 1745 PX5X          59  1087   DA1TT         59  0382
QTC:   21250 PH 2025-09-14 1746 DA1TT         174/5      PX5X          1738 DL7URH        0054
QTC:   21250 PH 2025-09-14 1746 DA1TT         174/5      PX5X          1740 DL1SBF        0011
QTC:   21250 PH 2025-09-14 1746 DA1TT         174/5      PX5X          1741 S56VHR        0025
QTC:   21250 PH 2025-09-14 1746 DA1TT         174/5      PX5X          1742 F5ICC         0105
QTC:   21250 PH 2025-09-14 1746 DA1TT         174/5      PX5X          1742 S55BA         0013
QSO:   21250 PH 2025-09-14 1747 PX5X          59  1088   UZ7E          59  0160
QSO:   21250 PH 2025-09-14 1748 PX5X          59  1089   OM7ANT        59  0080
QSO:   21250 PH 2025-09-14 1749 PX5X          59  1090   OM2ATS        59  0002
QSO:   21250 PH 2025-09-14 1750 PX5X          59  1091   IZ1LAM        59  0030
QSO:   21250 PH 2025-09-14 1757 PX5X          59  1092   DF3IAJ        59  0006
QSO:   21250 PH 2025-09-14 1758 PX5X          59  1093   DL4DBV        59  0036
QSO:   28518 PH 2025-09-14 1801 PX5X          59  1094   DF5CK         59  0090
QSO:   28518 PH 2025-09-14 1802 PX5X          59  1095   DL2ZA         59  0061
QSO:   28518 PH 2025-09-14 1802 PX5X          59  1096   YL3OM         59  0022
QSO:   28518 PH 2025-09-14 1803 PX5X          59  1097   DO6MFD        59  0016
QSO:   28518 PH 2025-09-14 1804 PX5X          59  1098   DG1AAE        59  0014
QSO:   28518 PH 2025-09-14 1806 PX5X          59  1099   EI6HB/P       59  0015
QSO:   28518 PH 2025-09-14 1807 PX5X          59  1100   DA6KK         59  0048
QSO:   28518 PH 2025-09-14 1808 PX5X          59  1101   DN9HWP        59  0013
QSO:   28518 PH 2025-09-14 1810 PX5X          59  1102   HB3YRZ/P      59  0018
QSO:   28518 PH 2025-09-14 1811 PX5X          59  1103   OE1LPY        59  0004
QSO:   28518 PH 2025-09-14 1812 PX5X          59  1104   OZ2NA         59  0019
QSO:   28518 PH 2025-09-14 1813 PX5X          59  1105   PE1EWR        59  0028
QSO:   28518 PH 2025-09-14 1814 PX5X          59  1106   DP5P          59  0273
QSO:   28518 PH 2025-09-14 1814 PX5X          59  1107   PD1BU         59  0085
QSO:   28518 PH 2025-09-14 1815 PX5X          59  1108   M6OAW         59  0005
QSO:   28518 PH 2025-09-14 1815 PX5X          59  1109   DK1FY         59  0048
QSO:   28518 PH 2025-09-14 1816 PX5X          59  1110   ON9PA         59  0040
QTC:   28518 PH 2025-09-14 1816 ON9PA         175/6      PX5X          1743 DF2QZ         0048
QTC:   28518 PH 2025-09-14 1816 ON9PA         175/6      PX5X          1744 DP5P          0269
QTC:   28518 PH 2025-09-14 1817 ON9PA         175/6      PX5X          1745 OH2KI         0030
QTC:   28518 PH 2025-09-14 1817 ON9PA         175/6      PX5X          1745 DA1TT         0382
QTC:   28518 PH 2025-09-14 1817 ON9PA         175/6      PX5X          1747 UZ7E          0160
QTC:   28518 PH 2025-09-14 1817 ON9PA         175/6      PX5X          1748 OM7ANT        0080
QSO:   28518 PH 2025-09-14 1818 PX5X          59  1111   DJ5LB         59  0025
QSO:   28518 PH 2025-09-14 1819 PX5X          59  1112   M7FOD         59  0003
QSO:   28518 PH 2025-09-14 1819 PX5X          59  1113   PA9M          59  0054
QSO:   28518 PH 2025-09-14 1820 PX5X          59  1114   DO1UTE        59  0040
QSO:   28518 PH 2025-09-14 1820 PX5X          59  1115   DL2OCH        59  0071
QSO:   28518 PH 2025-09-14 1823 PX5X          59  1116   2E0PLA        59  0013
QSO:   28518 PH 2025-09-14 1824 PX5X          59  1117   PA6F          59  0022
QSO:   28518 PH 2025-09-14 1824 PX5X          59  1118   F4EQN         59  0117
QSO:   28518 PH 2025-09-14 1825 PX5X          59  1119   EA5DFV        59  0601
QSO:   28518 PH 2025-09-14 1826 PX5X          59  1120   DO5RJH        59  0011
QSO:   28518 PH 2025-09-14 1826 PX5X          59  1121   G4TEP         59  0003
QTC:   28518 PH 2025-09-14 1829 DL5RMH        176/2      PX5X          1749 OM2ATS        0002
QTC:   28518 PH 2025-09-14 1829 DL5RMH        176/2      PX5X          1750 IZ1LAM        0030
QSO:   28518 PH 2025-09-14 1829 PX5X          59  1122   MM0GTU        59  0054
QSO:   28518 PH 2025-09-14 1830 PX5X          59  1123   DH0GHU        59  0044
QTC:   28518 PH 2025-09-14 1830 DH0GHU        177/10     PX5X          1757 DF3IAJ        0006
QTC:   28518 PH 2025-09-14 1830 DH0GHU        177/10     PX5X          1758 DL4DBV        0036
QTC:   28518 PH 2025-09-14 1830 DH0GHU        177/10     PX5X          1801 DF5CK         0090
QTC:   28518 PH 2025-09-14 1830 DH0GHU        177/10     PX5X          1802 DL2ZA         0061
QTC:   28518 PH 2025-09-14 1831 DH0GHU        177/10     PX5X          1802 YL3OM         0022
QTC:   28518 PH 2025-09-14 1831 DH0GHU        177/10     PX5X          1803 DO6MFD        0016
QTC:   28518 PH 2025-09-14 1831 DH0GHU        177/10     PX5X          1804 DG1AAE        0014
QTC:   28518 PH 2025-09-14 1831 DH0GHU        177/10     PX5X          1806 EI6HB/P       0015
QTC:   28518 PH 2025-09-14 1831 DH0GHU        177/10     PX5X          1807 DA6KK         0048
QTC:   28518 PH 2025-09-14 1831 DH0GHU        177/10     PX5X          1808 DN9HWP        0013
QSO:   28518 PH 2025-09-14 1832 PX5X          59  1124   DK9VA         59  0059
QSO:   28518 PH 2025-09-14 1832 PX5X          59  1125   M0MCV         59  0020
QSO:   28518 PH 2025-09-14 1832 PX5X          59  1126   DL3SDW        59  0004
QSO:   28518 PH 2025-09-14 1833 PX5X          59  1127   DD4DA         59  0043
QSO:   28518 PH 2025-09-14 1833 PX5X          59  1128   DO2NCF        59  0033
QSO:   28518 PH 2025-09-14 1836 PX5X          59  1129   ON8HV         59  0018
QSO:   28518 PH 2025-09-14 1837 PX5X          59  1130   2M0VED        59  0056
QSO:   28518 PH 2025-09-14 1838 PX5X          59  1131   IK5RLP        59  0016
QSO:   28518 PH 2025-09-14 1839 PX5X          59  1132   2E0KPD        59  0002
QSO:   28518 PH 2025-09-14 1839 PX5X          59  1133   EI6HB/P       59  0019
QSO:   28518 PH 2025-09-14 1841 PX5X          59  1134   DL6MFK        59  0014
QSO:   28518 PH 2025-09-14 1841 PX5X          59  1135   HB3YCS        59  0005
QSO:   28518 PH 2025-09-14 1842 PX5X          59  1136   ON7VX         59  0004
QSO:   28518 PH 2025-09-14 1844 PX5X          59  1137   ON4CIR        59  0017
QSO:   28518 PH 2025-09-14 1848 PX5X          59  1138   DL9RBE        59  0178
QSO:   28518 PH 2025-09-14 1850 PX5X          59  1139   DL0GEH        59  0031
QTC:   28518 PH 2025-09-14 1851 DL0GRH        178/10     PX5X          1810 HB3YRZ/P      0018
QTC:   28518 PH 2025-09-14 1851 DL0GRH        178/10     PX5X          1811 OE1LPY        0004
QTC:   28518 PH 2025-09-14 1851 DL0GRH        178/10     PX5X          1812 OZ2NA         0019
QTC:   28518 PH 2025-09-14 1851 DL0GRH        178/10     PX5X          1813 PE1EWR        0028
QTC:   28518 PH 2025-09-14 1851 DL0GRH        178/10     PX5X          1814 DP5P          0273
QTC:   28518 PH 2025-09-14 1852 DL0GRH        178/10     PX5X          1814 PD1BU         0085
QTC:   28518 PH 2025-09-14 1852 DL0GRH        178/10     PX5X          1815 M6OAW         0005
QTC:   28518 PH 2025-09-14 1852 DL0GRH        178/10     PX5X          1815 DK1FY         0048
QTC:   28518 PH 2025-09-14 1852 DL0GRH        178/10     PX5X          1818 DJ5LB         0025
QTC:   28518 PH 2025-09-14 1852 DL0GRH        178/10     PX5X          1819 M7FOD         0003
QSO:   28518 PH 2025-09-14 1854 PX5X          59  1140   OE2AGZ        59  0005
QSO:   28518 PH 2025-09-14 1855 PX5X          59  1141   DK0SU         59  0024
QTC:   28518 PH 2025-09-14 1855 DK0SU         179/10     PX5X          1819 PA9M          0054
QTC:   28518 PH 2025-09-14 1855 DK0SU         179/10     PX5X          1820 DO1UTE        0040
QTC:   28518 PH 2025-09-14 1855 DK0SU         179/10     PX5X          1820 DL2OCH        0071
QTC:   28518 PH 2025-09-14 1856 DK0SU         179/10     PX5X          1823 2E0PLA        0013
QTC:   28518 PH 2025-09-14 1856 DK0SU         179/10     PX5X          1824 PA6F          0022
QTC:   28518 PH 2025-09-14 1856 DK0SU         179/10     PX5X          1824 F4EQN         0117
QTC:   28518 PH 2025-09-14 1856 DK0SU         179/10     PX5X          1825 EA5DFV        0601
QTC:   28518 PH 2025-09-14 1856 DK0SU         179/10     PX5X          1826 DO5RJH        0011
QTC:   28518 PH 2025-09-14 1856 DK0SU         179/10     PX5X          1826 G4TEP         0003
QTC:   28518 PH 2025-09-14 1857 DK0SU         179/10     PX5X          1829 MM0GTU        0054
QSO:   28518 PH 2025-09-14 1859 PX5X          59  1142   DL1RNT        59  0027
QSO:   28518 PH 2025-09-14 1859 PX5X          59  1143   PE0CDN        59  0018
QSO:   28518 PH 2025-09-14 1900 PX5X          59  1144   PD2WL         59  0039
QSO:   28518 PH 2025-09-14 1901 PX5X          59  1145   PD3AL         59  0050
QSO:   28518 PH 2025-09-14 1901 PX5X          59  1146   DL1AAC        59  0006
QSO:   28518 PH 2025-09-14 1903 PX5X          59  1147   9A5KW         59  0081
QSO:   28518 PH 2025-09-14 1906 PX5X          59  1148   OE7LVI        59  0107
QSO:   21300 PH 2025-09-14 1910 PX5X          59  1149   G1OVK         59  0036
QSO:   21300 PH 2025-09-14 1913 PX5X          59  1150   G7BOU         59  0017
QSO:   21220 PH 2025-09-14 1937 PX5X          59  1151   OE1TKW        59  0015
QTC:   21220 PH 2025-09-14 1937 OE1TKW        180/10     PX5X          1830 DH0GHU        0044
QTC:   21220 PH 2025-09-14 1937 OE1TKW        180/10     PX5X          1832 DK9VA         0059
QTC:   21220 PH 2025-09-14 1937 OE1TKW        180/10     PX5X          1832 M0MCV         0020
QTC:   21220 PH 2025-09-14 1937 OE1TKW        180/10     PX5X          1832 DL3SDW        0004
QTC:   21220 PH 2025-09-14 1938 OE1TKW        180/10     PX5X          1833 DD4DA         0043
QTC:   21220 PH 2025-09-14 1938 OE1TKW        180/10     PX5X          1833 DO2NCF        0033
QTC:   21220 PH 2025-09-14 1938 OE1TKW        180/10     PX5X          1836 ON8HV         0018
QTC:   21220 PH 2025-09-14 1938 OE1TKW        180/10     PX5X          1837 2M0VED        0056
QTC:   21220 PH 2025-09-14 1938 OE1TKW        180/10     PX5X          1838 IK5RLP        0016
QTC:   21220 PH 2025-09-14 1939 OE1TKW        180/10     PX5X          1839 2E0KPD        0002
QTC:   21220 PH 2025-09-14 1939 OO7J          181/6      PX5X          1841 DL6MFK        0014
QTC:   21220 PH 2025-09-14 1939 OO7J          181/6      PX5X          1841 HB3YCS        0005
QTC:   21220 PH 2025-09-14 1940 OO7J          181/6      PX5X          1842 ON7VX         0004
QTC:   21220 PH 2025-09-14 1940 OO7J          181/6      PX5X          1844 ON4CIR        0017
QTC:   21220 PH 2025-09-14 1940 OO7J          181/6      PX5X          1848 DL9RBE        0178
QTC:   21220 PH 2025-09-14 1940 OO7J          181/6      PX5X          1850 DL0GEH        0031
QSO:   21220 PH 2025-09-14 1941 PX5X          59  1152   EI9JU         59  0056
QSO:   21220 PH 2025-09-14 1942 PX5X          59  1153   DK2XN         59  0006
QSO:   21220 PH 2025-09-14 1942 PX5X          59  1154   DL2TOS        59  0024
QSO:   21220 PH 2025-09-14 1943 PX5X          59  1155   G1FVA         59  0030
QSO:   21220 PH 2025-09-14 1943 PX5X          59  1156   DK0SU         59  0032
QSO:   21220 PH 2025-09-14 1944 PX5X          59  1157   HB9CGL        59  0070
QSO:   21220 PH 2025-09-14 1948 PX5X          59  1158   MM7JNT        59  0004
QTC:   21220 PH 2025-09-14 1949 MM7JNT        182/10     PX5X          1854 OE2AGZ        0005
QTC:   21220 PH 2025-09-14 1949 MM7JNT        182/10     PX5X          1855 DK0SU         0024
QTC:   21220 PH 2025-09-14 1949 MM7JNT        182/10     PX5X          1859 DL1RNT        0027
QTC:   21220 PH 2025-09-14 1949 MM7JNT        182/10     PX5X          1859 PE0CDN        0018
QTC:   21220 PH 2025-09-14 1949 MM7JNT        182/10     PX5X          1900 PD2WL         0039
QTC:   21220 PH 2025-09-14 1949 MM7JNT        182/10     PX5X          1901 DL1AAC        0006
QTC:   21220 PH 2025-09-14 1949 MM7JNT        182/10     PX5X          1903 9A5KW         0081
QTC:   21220 PH 2025-09-14 1950 MM7JNT        182/10     PX5X          1906 OE7LVI        0107
QTC:   21220 PH 2025-09-14 1950 MM7JNT        182/10     PX5X          1910 G1OVK         0036
QTC:   21220 PH 2025-09-14 1950 MM7JNT        182/10     PX5X          1913 G7BOU         0017
QSO:   21220 PH 2025-09-14 1952 PX5X          59  1159   GI4XIR        59  0005
QSO:   21220 PH 2025-09-14 2000 PX5X          59  1160   DK5DQ         59  0437
QTC:   21220 PH 2025-09-14 2001 DP7D          183/3      PX5X          1937 OE1TKW        0015
QTC:   21220 PH 2025-09-14 2001 DP7D          183/3      PX5X          1941 EI9JU         0056
QTC:   21220 PH 2025-09-14 2001 DP7D          183/3      PX5X          1942 DK2XN         0006
QSO:   21220 PH 2025-09-14 2002 PX5X          59  1161   HB9DHG        59  0174
QSO:   21220 PH 2025-09-14 2003 PX5X          59  1162   IU0SRH        59  0163
QSO:   21220 PH 2025-09-14 2007 PX5X          59  1163   EC1A          59  0234
QTC:   21220 PH 2025-09-14 2008 EC1A          184/9      PX5X          1942 DL2TOS        0024
QTC:   21220 PH 2025-09-14 2008 EC1A          184/9      PX5X          1943 G1FVA         0030
QTC:   21220 PH 2025-09-14 2008 EC1A          184/9      PX5X          1943 DK0SU         0032
QTC:   21220 PH 2025-09-14 2008 EC1A          184/9      PX5X          1944 HB9CGL        0070
QTC:   21220 PH 2025-09-14 2008 EC1A          184/9      PX5X          1948 MM7JNT        0004
QTC:   21220 PH 2025-09-14 2009 EC1A          184/9      PX5X          1952 GI4XIR        0005
QTC:   21220 PH 2025-09-14 2009 EC1A          184/9      PX5X          2000 DK5DQ         0437
QTC:   21220 PH 2025-09-14 2009 EC1A          184/9      PX5X          2002 HB9DHG        0174
QTC:   21220 PH 2025-09-14 2009 EC1A          184/9      PX5X          2003 IU0SRH        0163
QSO:   14270 PH 2025-09-14 2017 PX5X          59  1164   DK5DQ         59  0441
QSO:   14270 PH 2025-09-14 2017 PX5X          59  1165   DL1BUG        59  0426
QSO:   14270 PH 2025-09-14 2018 PX5X          59  1166   SM2M          59  0251
QSO:   14270 PH 2025-09-14 2018 PX5X          59  1167   OG7Z          59  0264
QSO:   14270 PH 2025-09-14 2018 PX5X          59  1168   DJ6HR         59  0182
QSO:   14270 PH 2025-09-14 2019 PX5X          59  1169   DL9PW         59  0058
QSO:   14270 PH 2025-09-14 2019 PX5X          59  1170   DK1KC         59  0241
QSO:   14270 PH 2025-09-14 2020 PX5X          59  1171   DJ5KW         59  0221
QSO:   14270 PH 2025-09-14 2020 PX5X          59  1172   F4JDD         59  0027
QSO:   14270 PH 2025-09-14 2020 PX5X          59  1173   DF6PB         59  0223
QSO:   14270 PH 2025-09-14 2021 PX5X          59  1174   ON6NL         59  0301
QSO:   14270 PH 2025-09-14 2021 PX5X          59  1175   9A1KDE        59  0074
QSO:   14270 PH 2025-09-14 2022 PX5X          59  1176   ON5TTT        59  0016
QSO:   14270 PH 2025-09-14 2023 PX5X          59  1177   DL5ZBS        59  0092
QSO:   14270 PH 2025-09-14 2023 PX5X          59  1178   OL26WRTC      59  0298
QTC:   14270 PH 2025-09-14 2023 OL26WRTC      185/10     PX5X          2007 EC1A          0234
QTC:   14270 PH 2025-09-14 2023 OL26WRTC      185/10     PX5X          2017 DK5DQ         0441
QTC:   14270 PH 2025-09-14 2024 OL26WRTC      185/10     PX5X          2017 DL1BUG        0426
QTC:   14270 PH 2025-09-14 2024 OL26WRTC      185/10     PX5X          2018 SM2M          0251
QTC:   14270 PH 2025-09-14 2024 OL26WRTC      185/10     PX5X          2018 OG7Z          0264
QTC:   14270 PH 2025-09-14 2024 OL26WRTC      185/10     PX5X          2018 DJ6HR         0182
QTC:   14270 PH 2025-09-14 2024 OL26WRTC      185/10     PX5X          2019 DL9PW         0058
QTC:   14270 PH 2025-09-14 2024 OL26WRTC      185/10     PX5X          2019 DK1KC         0241
QTC:   14270 PH 2025-09-14 2024 OL26WRTC      185/10     PX5X          2020 DJ5KW         0221
QTC:   14270 PH 2025-09-14 2024 OL26WRTC      185/10     PX5X          2020 F4JDD         0027
QSO:   14270 PH 2025-09-14 2025 PX5X          59  1179   DL2RZ         59  0301
QSO:   14270 PH 2025-09-14 2025 PX5X          59  1180   OT6M          59  0096
QTC:   14270 PH 2025-09-14 2025 OT6M          186/7      PX5X          2020 DF6PB         0223
QTC:   14270 PH 2025-09-14 2026 OT6M          186/7      PX5X          2021 ON6NL         0301
QTC:   14270 PH 2025-09-14 2026 OT6M          186/7      PX5X          2021 9A1KDE        0074
QTC:   14270 PH 2025-09-14 2026 OT6M          186/7      PX5X          2022 ON5TTT        0016
QTC:   14270 PH 2025-09-14 2026 OT6M          186/7      PX5X          2023 DL5ZBS        0092
QTC:   14270 PH 2025-09-14 2026 OT6M          186/7      PX5X          2023 OL26WRTC      0298
QTC:   14270 PH 2025-09-14 2026 OT6M          186/7      PX5X          2025 DL2RZ         0301
QTC:   14270 PH 2025-09-14 2027 DL5L          187/1      PX5X          2025 OT6M          0096
QSO:   14270 PH 2025-09-14 2028 PX5X          59  1181   DF5CK         59  0105
QSO:   14270 PH 2025-09-14 2028 PX5X          59  1182   EA4DE         59  0079
QSO:   14270 PH 2025-09-14 2028 PX5X          59  1183   SP3FLY        59  0097
QTC:   14270 PH 2025-09-14 2029 SP3FLY        188/2      PX5X          2028 DF5CK         0105
QTC:   14270 PH 2025-09-14 2029 SP3FLY        188/2      PX5X          2028 EA4DE         0079
QSO:   14270 PH 2025-09-14 2030 PX5X          59  1184   OK2FD         59  0005
QSO:   14270 PH 2025-09-14 2030 PX5X          59  1185   DF8KVK        59  0204
QSO:   14270 PH 2025-09-14 2031 PX5X          59  1186   IO8O          59  0167
QTC:   14270 PH 2025-09-14 2031 IO8O          189/3      PX5X          2028 SP3FLY        0097
QTC:   14270 PH 2025-09-14 2032 IO8O          189/3      PX5X          2030 OK2FD         0005
QTC:   14270 PH 2025-09-14 2032 IO8O          189/3      PX5X          2030 DF8KVK        0204
QSO:   14270 PH 2025-09-14 2033 PX5X          59  1187   SP7OQI        59  0196
QSO:   14270 PH 2025-09-14 2033 PX5X          59  1188   DK1WB         59  0113
QSO:   14270 PH 2025-09-14 2035 PX5X          59  1189   SP4SHD        59  0188
QSO:   14270 PH 2025-09-14 2036 PX5X          59  1190   F5ICC         59  0119
QSO:   14270 PH 2025-09-14 2037 PX5X          59  1191   MW3AAS        59  0146
QTC:   14270 PH 2025-09-14 2041 SP3FLY        190/6      PX5X          2031 IO8O          0167
QTC:   14270 PH 2025-09-14 2041 SP3FLY        190/6      PX5X          2033 SP7OQI        0196
QTC:   14270 PH 2025-09-14 2041 SP3FLY        190/6      PX5X          2033 DK1WB         0113
QTC:   14270 PH 2025-09-14 2042 SP3FLY        190/6      PX5X          2035 SP4SHD        0188
QTC:   14270 PH 2025-09-14 2042 SP3FLY        190/6      PX5X          2036 F5ICC         0119
QTC:   14270 PH 2025-09-14 2042 SP3FLY        190/6      PX5X          2037 MW3AAS        0146
QSO:   14270 PH 2025-09-14 2042 PX5X          59  1192   DL7UGN        59  0027
QSO:   14270 PH 2025-09-14 2044 PX5X          59  1193   DL4VAI        59  0185
QSO:   14270 PH 2025-09-14 2044 PX5X          59  1194   DL2LRT        59  0111
QSO:   14270 PH 2025-09-14 2045 PX5X          59  1195   DL6UAA        59  0342
QTC:   14270 PH 2025-09-14 2045 DL6UAA        191/3      PX5X          2042 DL7UGN        0027
QTC:   14270 PH 2025-09-14 2045 DL6UAA        191/3      PX5X          2044 DL4VAI        0185
QTC:   14270 PH 2025-09-14 2046 DL6UAA        191/3      PX5X          2044 DL2LRT        0111
QSO:   14270 PH 2025-09-14 2046 PX5X          59  1196   DL4ZA         59  0163
QSO:   14270 PH 2025-09-14 2046 PX5X          59  1197   PD7V          59  0062
QSO:   14270 PH 2025-09-14 2047 PX5X          59  1198   DH0GHU        59  0082
QSO:   14270 PH 2025-09-14 2047 PX5X          59  1199   DM5M          59  0206
QSO:   14270 PH 2025-09-14 2048 PX5X          59  1200   DH2IF         59  0045
QSO:   14270 PH 2025-09-14 2049 PX5X          59  1201   DC5PAD        59  0074
QSO:   14270 PH 2025-09-14 2049 PX5X          59  1202   G0AGT         59  0022
QSO:   14270 PH 2025-09-14 2050 PX5X          59  1203   2E0IOC        59  0005
QSO:   14270 PH 2025-09-14 2052 PX5X          59  1204   DL9HB         59  0047
QSO:   14270 PH 2025-09-14 2053 PX5X          59  1205   DL4DAW        59  0070
QSO:   14270 PH 2025-09-14 2054 PX5X          59  1206   F6IRS         59  0103
QSO:   14270 PH 2025-09-14 2054 PX5X          59  1207   OP5T          59  0140
QSO:   14270 PH 2025-09-14 2055 PX5X          59  1208   DL7URH        59  0103
QSO:   14270 PH 2025-09-14 2055 PX5X          59  1209   DL7AVP        59  0004
QSO:   14270 PH 2025-09-14 2056 PX5X          59  1210   DR8C          59  0325
QTC:   14270 PH 2025-09-14 2056 DR8C          192/3      PX5X          2045 DL6UAA        0342
QTC:   14270 PH 2025-09-14 2056 DR8C          192/3      PX5X          2046 DL4ZA         0163
QTC:   14270 PH 2025-09-14 2056 DR8C          192/3      PX5X          2046 PD7V          0062
QSO:   14270 PH 2025-09-14 2058 PX5X          59  1211   OM2VL         59  1158
QSO:   14270 PH 2025-09-14 2100 PX5X          59  1212   DB8LM         59  0004
QSO:   14270 PH 2025-09-14 2101 PX5X          59  1213   DK0SU         59  0054
QSO:   14270 PH 2025-09-14 2102 PX5X          59  1214   DF7IH         59  0033
QSO:   14270 PH 2025-09-14 2102 PX5X          59  1215   DF6QV         59  0241
QSO:   14270 PH 2025-09-14 2103 PX5X          59  1216   SM5KQS        59  0051
QSO:   14270 PH 2025-09-14 2103 PX5X          59  1217   G1NNR         59  0016
QSO:   14270 PH 2025-09-14 2104 PX5X          59  1218   DA1TT         59  0534
QSO:   14270 PH 2025-09-14 2104 PX5X          59  1219   2E0KFW        59  0020
QSO:   14270 PH 2025-09-14 2105 PX5X          59  1220   M7FJE         59  0020
QSO:   14270 PH 2025-09-14 2106 PX5X          59  1221   SA7DXR        59  0108
QSO:   14270 PH 2025-09-14 2106 PX5X          59  1222   PG7M          59  0163
QTC:   14270 PH 2025-09-14 2106 PG7M          193/10     PX5X          2047 DH0GHU        0082
QTC:   14270 PH 2025-09-14 2106 PG7M          193/10     PX5X          2047 DM5M          0206
QTC:   14270 PH 2025-09-14 2107 PG7M          193/10     PX5X          2048 DH2IF         0045
QTC:   14270 PH 2025-09-14 2107 PG7M          193/10     PX5X          2049 DC5PAD        0074
QTC:   14270 PH 2025-09-14 2107 PG7M          193/10     PX5X          2049 G0AGT         0022
QTC:   14270 PH 2025-09-14 2107 PG7M          193/10     PX5X          2050 2E0IOC        0005
QTC:   14270 PH 2025-09-14 2107 PG7M          193/10     PX5X          2052 DL9HB         0047
QTC:   14270 PH 2025-09-14 2107 PG7M          193/10     PX5X          2053 DL4DAW        0070
QTC:   14270 PH 2025-09-14 2107 PG7M          193/10     PX5X          2054 F6IRS         0103
QTC:   14270 PH 2025-09-14 2107 PG7M          193/10     PX5X          2054 OP5T          0140
QSO:   14270 PH 2025-09-14 2109 PX5X          59  1223   HB9EYP        59  0208
QSO:   14270 PH 2025-09-14 2110 PX5X          59  1224   DL2AAK        59  0116
QSO:   14270 PH 2025-09-14 2111 PX5X          59  1225   M1AQR         59  0089
QTC:   14270 PH 2025-09-14 2112 M1AQR         194/10     PX5X          2055 DL7URH        0103
QTC:   14270 PH 2025-09-14 2112 M1AQR         194/10     PX5X          2055 DL7AVP        0004
QTC:   14270 PH 2025-09-14 2112 M1AQR         194/10     PX5X          2056 DR8C          0325
QTC:   14270 PH 2025-09-14 2113 M1AQR         194/10     PX5X          2058 OM2VL         1158
QTC:   14270 PH 2025-09-14 2113 M1AQR         194/10     PX5X          2100 DB8LM         0004
QTC:   14270 PH 2025-09-14 2114 M1AQR         194/10     PX5X          2101 DK0SU         0054
QTC:   14270 PH 2025-09-14 2114 M1AQR         194/10     PX5X          2102 DF7IH         0033
QTC:   14270 PH 2025-09-14 2114 M1AQR         194/10     PX5X          2102 DF6QV         0241
QTC:   14270 PH 2025-09-14 2114 M1AQR         194/10     PX5X          2103 SM5KQS        0051
QTC:   14270 PH 2025-09-14 2115 M1AQR         194/10     PX5X          2103 G1NNR         0016
QSO:   14270 PH 2025-09-14 2116 PX5X          59  1226   G1FVA         59  0041
QSO:   14270 PH 2025-09-14 2117 PX5X          59  1227   M0MIR         59  0020
QSO:   14270 PH 2025-09-14 2117 PX5X          59  1228   F6GNP         59  0116
QSO:   14270 PH 2025-09-14 2118 PX5X          59  1229   DL9ECA        59  0427
QSO:   14270 PH 2025-09-14 2120 PX5X          59  1230   DF0A          59  0022
QSO:   14270 PH 2025-09-14 2121 PX5X          59  1231   DL0KA         59  0224
QTC:   14270 PH 2025-09-14 2122 DL0KA         195/3      PX5X          2104 DA1TT         0534
QTC:   14270 PH 2025-09-14 2122 DL0KA         195/3      PX5X          2104 2E0KFW        0020
QTC:   14270 PH 2025-09-14 2122 DL0KA         195/3      PX5X          2105 M7FJE         0020
QSO:   14270 PH 2025-09-14 2123 PX5X          59  1232   DL8KL         59  0100
QSO:   14270 PH 2025-09-14 2129 PX5X          59  1233   TK4RC         59  0075
QSO:   14285 PH 2025-09-14 2145 PX5X          59  1234   DD1SB         59  0087
QSO:   14173 PH 2025-09-14 2152 PX5X          59  1235   OR7K          59  0265
QSO:   14149 PH 2025-09-14 2206 PX5X          59  1236   OK1OA         59  0186
QSO:   14192 PH 2025-09-14 2216 PX5X          59  1237   F5VBD         59  0098
QSO:   14197 PH 2025-09-14 2238 PX5X          59  1238   LA6AFA        59  0034
QSO:   14195 PH 2025-09-14 2244 PX5X          59  1239   CT7BJG        59  0000
QTC:   14195 PH 2025-09-14 2245 CT7BJG        196/10     PX5X          2106 SA7DXR        0108
QTC:   14195 PH 2025-09-14 2245 CT7BJG        196/10     PX5X          2106 PG7M          0163
QTC:   14195 PH 2025-09-14 2245 CT7BJG        196/10     PX5X          2109 HB9EYP        0208
QTC:   14195 PH 2025-09-14 2245 CT7BJG        196/10     PX5X          2110 DL2AAK        0116
QTC:   14195 PH 2025-09-14 2245 CT7BJG        196/10     PX5X          2111 M1AQR         0089
QTC:   14195 PH 2025-09-14 2246 CT7BJG        196/10     PX5X          2116 G1FVA         0041
QTC:   14195 PH 2025-09-14 2246 CT7BJG        196/10     PX5X          2117 M0MIR         0020
QTC:   14195 PH 2025-09-14 2246 CT7BJG        196/10     PX5X          2117 F6GNP         0116
QTC:   14195 PH 2025-09-14 2246 CT7BJG        196/10     PX5X          2118 DL9ECA        0427
QTC:   14195 PH 2025-09-14 2247 CT7BJG        196/10     PX5X          2120 DF0A          0022
QSO:   14195 PH 2025-09-14 2252 PX5X          59  1240   DL2LBK        59  0280
QSO:   14258 PH 2025-09-14 2302 PX5X          59  1241   IP4X          59  0474
QSO:    7185 PH 2025-09-14 2308 PX5X          59  1242   DF0HQ         59  1445
END-OF-LOG:
