START-OF-LOG: 3.0
CREATED-BY: reconstructed-log-builder
CONTEST: CQ-WW-RTTY
CALLSIGN: PI4DX
LOCATION: 
CATEGORY: CHECKLOG
CATEGORY-OPERATOR: SINGLE-OP
CATEGORY-BAND: ALL
CATEGORY-MODE: MIXED
CATEGORY-POWER: UNKNOWN
CATEGORY-ASSISTED: NON-ASSISTED
CATEGORY-TRANSMITTER: ONE
CATEGORY-STATION: UNKNOWN
CATEGORY-OVERLAY: 
OPERATORS: PI4DX
CLAIMED-SCORE: 
CLUB: 
NAME: 
SOAPBOX: RECONSTRUCTED MOCKUP LOG - NOT AN OFFICIAL SUBMISSION.
SOAPBOX: Derived from submitted logs for CQ-WW-RTTY CQWWRTTY/2009.
QSO:  7060 RY 2009-09-26 0004 PI4DX         599 14 DX UA9SP         599 16 DX
QSO:  7060 RY 2009-09-26 0005 PI4DX         599 14 DX UN6P          599 17 DX
QSO:  7060 RY 2009-09-26 0009 PI4DX         599 14 DX SV2BFN        599 20 DX
QSO:  7040 RY 2009-09-26 0010 PI4DX         599 14 DX UR3QXX        599 16 DX
QSO:  3588 RY 2009-09-26 0011 PI4DX         599 14 DX SO9S          599 15 DX
QSO:  7000 RY 2009-09-26 0014 PI4DX         599 14 DX N8BJQ         599 04 OH
QSO:  7000 RY 2009-09-26 0014 PI4DX         599 14 DX US0KS         599 16 DX
QSO:  7060 RY 2009-09-26 0017 PI4DX         599 14 DX RA9A          599 17 DX
QSO:  7059 RY 2009-09-26 0018 PI4DX         599 14 RA9SC         599 16 DX
QSO:  7040 RY 2009-09-26 0019 PI4DX         599 14 DX LZ9R          599 20 DX
QSO:  7060 RY 2009-09-26 0019 PI4DX         599 14 DX UN8LWF        599 17 DX
QSO:  7060 RY 2009-09-26 0026 PI4DX         599 14 DX HA5LZ         599 15 DX
QSO:  3591 RY 2009-09-26 0027 PI4DX         599 14 DX RL3A          599 16 DX
QSO:  3500 RY 2009-09-26 0028 PI4DX         599 14 DX US7IB         599 16 DX
QSO:  3588 RY 2009-09-26 0028 PI4DX         599 14 DX HE8TOC        599 14 DX
QSO:  7049 RY 2009-09-26 0029 PI4DX         599 14 DX K1TTT         599 05 MA
QSO:  3589 RY 2009-09-26 0030 PI4DX         599 14 DX IK0CHU        599 15 DX
QSO:  7000 RY 2009-09-26 0030 PI4DX         599 14 DX YO4DFT        599 20 DX
QSO:  7051 RY 2009-09-26 0030 PI4DX         599 14 DX RA6XE         599 16 DX
QSO:  7052 RY 2009-09-26 0031 PI4DX         599 14 DX VE3EJ         599 04 ON
QSO:  7050 RY 2009-09-26 0038 PI4DX         599 14 DX ES2DJ         599 15 DX
QSO:  7040 RY 2009-09-26 0040 PI4DX         599 14 YU1KT         599 15 DX
QSO:  7051 RY 2009-09-26 0041 PI4DX         599 14 DX UT2UZ         599 16 DX
QSO:  7000 RY 2009-09-26 0044 PI4DX         599 14 DX IS0LFZ        599 15 DX
QSO:  7040 RY 2009-09-26 0044 PI4DX         599 14 DX RD4HD         599 16 DX
QSO:  7039 RY 2009-09-26 0046 PI4DX         599 14 DX IW0GYC        599 15 DX
QSO:  7052 RY 2009-09-26 0046 PI4DX         599 14 DX VE3XD         599 4 ON
QSO:  7052 RY 2009-09-26 0047 PI4DX         599 14 DX K4FJ          599 5 VA
QSO:  7054 RY 2009-09-26 0047 PI4DX         599 14 DX IT9JDH        599 15 DX
QSO:  7052 RY 2009-09-26 0048 PI4DX         599 14 DX AA8LL         599 4 OH
QSO:  7052 RY 2009-09-26 0048 PI4DX         599 14 DX K0IR          599 04 MN
QSO:  3599 RY 2009-09-26 0049 PI4DX         599 14 DX DH1JG         599 14 DX
QSO:  7040 RY 2009-09-26 0049 PI4DX         599 14 UA9AFS        599 17 DX
QSO:  3599 RY 2009-09-26 0050 PI4DX         599 14 DX DJ3IW         599 14 DX
QSO:  7040 RY 2009-09-26 0050 PI4DX         599 14 DX UR8QR         599 16 DX
QSO:  3596 RY 2009-09-26 0051 PI4DX         599 14 DX UT8EL         599 16 DX
QSO:  3600 RY 2009-09-26 0051 PI4DX         599 14 DX DO9PL         599 14 DX
QSO:  3598 RY 2009-09-26 0052 PI4DX         599 14 DX DM5GI         599 14 DX
QSO:  3600 RY 2009-09-26 0052 PI4DX         599 14 DX UT0AZA        599 16 DX
QSO:  7052 RY 2009-09-26 0054 PI4DX         599 14 DX YL9T          599 15 DX
QSO:  3598 RY 2009-09-26 0055 PI4DX         599 14 DX SQ3RX         599 15 DX
QSO:  3598 RY 2009-09-26 0056 PI4DX         599 14 DX EE2K          599 14 DX
QSO:  3598 RY 2009-09-26 0057 PI4DX         599 14 DX SQ2RGB        599 15 DX
QSO:  3600 RY 2009-09-26 0057 PI4DX         599 14 DX EB5CNK        599 14 DX
QSO:  7040 RY 2009-09-26 0057 PI4DX         599 14 EU8RZ         599 16 DX
QSO:  7040 RY 2009-09-26 0057 PI4DX         599 14 UA4HJ         599 16 DX
QSO:  3598 RY 2009-09-26 0058 PI4DX         599 14 DX DD1JN         599 14 DX
QSO:  7052 RY 2009-09-26 0058 PI4DX         599 14 DX HA9PP         599 15 DX
QSO:  7038 RY 2009-09-26 0059 PI4DX         599 14 DX UT4XD         599 16 DX
QSO:  7000 RY 2009-09-26 0100 PI4DX         599 14 DX YV4BCD        599 09 DX
QSO:  7050 RY 2009-09-26 0101 PI4DX         599 14 DX UT8EL         599 16 DX
QSO:  7052 RY 2009-09-26 0101 PI4DX         599 14 DX YO9HP         599 20 DX
QSO:  3598 RY 2009-09-26 0106 PI4DX         599 14 DX S52OP         599 15 DX
QSO:  7052 RY 2009-09-26 0106 PI4DX         599 14 DX CT3BD         599 33 DX
QSO:  3599 RY 2009-09-26 0107 PI4DX         599 14 DX S53NW         599 15 DX
QSO:  7000 RY 2009-09-26 0108 PI4DX         599 14 DX RX6LD         599 16 DX
QSO:  7040 RY 2009-09-26 0108 PI4DX         599 14 DX RN6HDX        599 16 DX
QSO:  3597 RY 2009-09-26 0109 PI4DX         599 14 DX SP6EIY        599 15 DX
QSO:  3598 RY 2009-09-26 0109 PI4DX         599 14 DX G6PZ          599 14 DX
QSO:  3599 RY 2009-09-26 0110 PI4DX         599 14 dx DK3WN         599 14 DX
QSO:  7052 RY 2009-09-26 0111 PI4DX         599 14 DX AA7A          599 03 AZ
QSO:  3599 RY 2009-09-26 0113 PI4DX         599 14 DX DL5KUD        599 14 DX
QSO:  3599 RY 2009-09-26 0116 PI4DX         599 14 DX G3V           599 14 DX
QSO:  3598 RY 2009-09-26 0117 PI4DX         599 14 DX G4WGE         599 14 DX
QSO:  3598 RY 2009-09-26 0117 PI4DX         599 14 DX UT3RS         599 16 DX
QSO:  7052 RY 2009-09-26 0117 PI4DX         599 14 DX RN6MA         599 16 DX
QSO:  3500 RY 2009-09-26 0118 PI4DX         599 14 DX US0HZ         599 16 DX
QSO:  3598 RY 2009-09-26 0119 PI4DX         599 14 DX SN9I          599 15 DX
QSO:  3598 RY 2009-09-26 0119 PI4DX         599 14 US6CQ         599 16 DX
QSO:  7040 RY 2009-09-26 0119 PI4DX         599 14 DX VU2NKS        599 22 DX
QSO:  7090 RY 2009-09-26 0119 PI4DX         599 14 DX AA2NA         599 05 NY
QSO:  3598 RY 2009-09-26 0120 PI4DX         599 14 DX DD0DRK        599 14 DX
QSO:  3598 RY 2009-09-26 0121 PI4DX         599 14 DX UT4HZ         599 16 DX
QSO:  7000 RY 2009-09-26 0122 PI4DX         599 14 DX OM3KWZ        599 15 DX
QSO:  7052 RY 2009-09-26 0122 PI4DX         599 14 DX K3GP          599 4 OH
QSO:  3580 RY 2009-09-26 0123 PI4DX         599 14 DX LZ9R          599 20 DX
QSO:  3600 RY 2009-09-26 0124 PI4DX         599 14 DX S53F          599 15 DX
QSO:  3580 RY 2009-09-26 0126 PI4DX         599 14 DX EU1AZ         599 16 DX
QSO:  7000 RY 2009-09-26 0126 PI4DX         599 14 DX UT7UJ         599 16 DX
QSO:  3599 RY 2009-09-26 0127 PI4DX         599 14 DX DJ5QV         599 14 DX
QSO:  7051 RY 2009-09-26 0127 PI4DX         599 14 DX UR4U          599 16 DX
QSO:  7000 RY 2009-09-26 0128 PI4DX         599 14 DX EC1KR         599 14 DX
QSO:  3580 RY 2009-09-26 0129 PI4DX         599 14 DX OL3A          599 15 DX
QSO:  3600 RY 2009-09-26 0129 PI4DX         599 14 DX IW2MYH        599 15 DX
QSO:  3600 RY 2009-09-26 0130 PI4DX         599 14 DX ON6LEO        599 14 DX
QSO:  7052 RY 2009-09-26 0130 PI4DX         599 14 DX WN0L          599 04 NE
QSO:  7036 RY 2009-09-26 0131 PI4DX         599 14 DX UT0EL         599 16 DX
QSO:  7052 RY 2009-09-26 0131 PI4DX         599 14 DX UR8EQ         599 16 DX
QSO:  7052 RY 2009-09-26 0133 PI4DX         599 14 DX UW5U          599 16 DX
QSO:  3595 RY 2009-09-26 0134 PI4DX         599 14 DX T70A          599 15 DX
QSO:  3596 RY 2009-09-26 0135 PI4DX         599 14 DX SN2U          599 15 DX
QSO:  7051 RY 2009-09-26 0135 PI4DX         599 14 DX IK0RCY        599 15 DX
QSO:  7051 RY 2009-09-26 0138 PI4DX         599 14 DX RK4WWQ        599 16 DX
QSO:  7052 RY 2009-09-26 0139 PI4DX         599 14 DX K3WW          599 05 PA
QSO:  7052 RY 2009-09-26 0140 PI4DX         599 14 DX RL4R          599 16 DX
QSO:  7052 RY 2009-09-26 0141 PI4DX         599 14 DX KP2D          599 8 DX
QSO:  7052 RY 2009-09-26 0144 PI4DX         599 14 DX N4IG          599 05 FL
QSO:  7051 RY 2009-09-26 0146 PI4DX         599 14 DX EA2CYJ        599 14 DX
QSO:  7052 RY 2009-09-26 0146 PI4DX         599 14 DX VU2PTT        599 22 DX
QSO:  7052 RY 2009-09-26 0151 PI4DX         599 14 DX RA4ST         599 16 DX
QSO:  7052 RY 2009-09-26 0151 PI4DX         599 14 DX YL7A          599 15 LAT
QSO:  7059 RY 2009-09-26 0206 PI4DX         599 14 DX UZ4E          599 16 DX
QSO:  7060 RY 2009-09-26 0210 PI4DX         599 14 DX WT9Q          599 04 CO
QSO:  7059 RY 2009-09-26 0212 PI4DX         599 14 DX VE3DZ         599 04 ON
QSO:  7060 RY 2009-09-26 0213 PI4DX         599 14 DX LZ8E          599 20 DX
QSO:  7059 RY 2009-09-26 0216 PI4DX         599 14 DX K2SI          599 05 NY
QSO:  7060 RY 2009-09-26 0217 PI4DX         599 14 DX W1UJ          599 05 MA
QSO:  7059 RY 2009-09-26 0218 PI4DX         599 14 DX YO3APJ        599 20 DX
QSO:  7000 RY 2009-09-26 0219 PI4DX         599 14 DX SM2JUR        599 14 DX
QSO:  7040 RY 2009-09-26 0219 PI4DX         599 14 UT5UKY        599 16 DX
QSO:  7060 RY 2009-09-26 0221 PI4DX         599 14 DX RV3ZN         599 16 DX
QSO:  7040 RY 2009-09-26 0222 PI4DX         599 14 DX EU1AZ         599 16 DX
QSO:  7040 RY 2009-09-26 0222 PI4DX         599 14 DX UN7CN         599 17 DX
QSO:  7059 RY 2009-09-26 0223 PI4DX         599 14 DX K0JJ          599 3 OR
QSO:  7000 RY 2009-09-26 0225 PI4DX         599 14 dx A61OO         599 21 DX
QSO:  7000 RY 2009-09-26 0225 PI4DX         599 14 DX CX9AU         599 13 DX
QSO:  7059 RY 2009-09-26 0226 PI4DX         599 14 DX K1LT          599 4 OH
QSO:  7000 RY 2009-09-26 0227 PI4DX         599 14 DX WA1EHK        599 05 CT
QSO:  7040 RY 2009-09-26 0229 PI4DX         599 14 UT2QQ         599 16 DX
QSO:  7059 RY 2009-09-26 0229 PI4DX         599 14 DX VE7NSR        599 03 BC
QSO:  7000 RY 2009-09-26 0230 PI4DX         599 14 DX 4Z8BB         599 20 DX
QSO:  7059 RY 2009-09-26 0231 PI4DX         599 14 DX NT0F          599 04 IA
QSO:  7000 RY 2009-09-26 0232 PI4DX         599 14 DX UR2VA         599 16 DX
QSO:  7062 RY 2009-09-26 0233 PI4DX         599 14 DX K3WI          599 05 MD
QSO:  7059 RY 2009-09-26 0234 PI4DX         599 14 DX NK5G          599 04 TX
QSO:  7060 RY 2009-09-26 0236 PI4DX         599 14 DX WB5TUF        599 4 TX
QSO:  7000 RY 2009-09-26 0239 PI4DX         599 14 DX N1SXL         599 05 CT
QSO:  7060 RY 2009-09-26 0239 PI4DX         599 14 DX N0NI          599 04 IA
QSO:  7059 RY 2009-09-26 0240 PI4DX         599 14 DX KN5O          599 04 LA
QSO:  7000 RY 2009-09-26 0242 PI4DX         599 14 DX OH2ET         599 15 DX
QSO:  7000 RY 2009-09-26 0243 PI4DX         599 14 DX HI3TEJ        599 08 DX
QSO:  7059 RY 2009-09-26 0243 PI4DX         599 14 DX AA3B          599 5 PA
QSO:  7040 RY 2009-09-26 0244 PI4DX         599 14 YO7LGI        599 20 DX
QSO:  7060 RY 2009-09-26 0245 PI4DX         599 14 DX OH6R          599 15 DX
QSO:  7039 RY 2009-09-26 0247 PI4DX         599 14 UR7GO         599 16 DX
QSO:  7060 RY 2009-09-26 0247 PI4DX         599 14 DX W2LK          599 05 NY
QSO:  7059 RY 2009-09-26 0248 PI4DX         599 14 DX RV3WD         599 16 DX
QSO:  7060 RY 2009-09-26 0248 PI4DX         599 14 DX KE4UW         599 5 GA
QSO:  7061 RY 2009-09-26 0248 PI4DX         599 14 DX RN3ZC         599 16 DX
QSO:  7059 RY 2009-09-26 0249 PI4DX         599 14 DX N2QT          599 05 VA
QSO:  7040 RY 2009-09-26 0251 PI4DX         599 14 DX YO9CWY        599 20 DX
QSO:  7060 RY 2009-09-26 0251 PI4DX         599 14 DX RW6CF         599 16 DX
QSO:  7060 RY 2009-09-26 0251 PI4DX         599 14 DX W3DQN         599 05 MD
QSO:  7000 RY 2009-09-26 0253 PI4DX         599 14 DX N8IW          599 4 OH
QSO:  7060 RY 2009-09-26 0253 PI4DX         599 14 DX K9IUQ         599 04 IL
QSO:  7059 RY 2009-09-26 0254 PI4DX         599 14 DX RZ4HZW        599 16 DX
QSO:  7060 RY 2009-09-26 0254 PI4DX         599 14 DX WD4DDU        599 5 VA
QSO:  7059 RY 2009-09-26 0256 PI4DX         599 14 DX K0JJR         599 04 MN
QSO:  7000 RY 2009-09-26 0258 PI4DX         599 14 DX US0HZ         599 16 DX
QSO:  7057 RY 2009-09-26 0259 PI4DX         599 14 DX UT5EO         599 16 DX
QSO:  7059 RY 2009-09-26 0259 PI4DX         599 14 UT4ZX         599 16 DX
QSO:  7000 RY 2009-09-26 0300 PI4DX         599 14 DX US7IB         599 16 DX
QSO:  7060 RY 2009-09-26 0300 PI4DX         599 14 DX WA5ZUP        599 4 NM
QSO:  7000 RY 2009-09-26 0302 PI4DX         599 14 DX N4KG          599 04 AL
QSO:  7040 RY 2009-09-26 0303 PI4DX         599 14 DX IT9RZU        599 15 DX
QSO:  7000 RY 2009-09-26 0305 PI4DX         599 14 DX W1KQ          599 05 MA
QSO:  7059 RY 2009-09-26 0305 PI4DX         599 14 DX VE3JI         599 4 ON
QSO:  7060 RY 2009-09-26 0313 PI4DX         599 14 DX AA5AU         599 4 LA
QSO:  7058 RY 2009-09-26 0315 PI4DX         599 14 DX YO5CUQ        599 20 DX
QSO:  7060 RY 2009-09-26 0316 PI4DX         599 14 DX AA4VV         599 05 NC
QSO:  7059 RY 2009-09-26 0319 PI4DX         599 14 DX IW9BCW        599 15 DX
QSO:  7059 RY 2009-09-26 0319 PI4DX         599 14 DX W6EU          599 03 CA
QSO:  7059 RY 2009-09-26 0324 PI4DX         599 16 RX9DJ         599 17 DX
QSO:  7060 RY 2009-09-26 0325 PI4DX         599 14 DX UA9BS         599 17 DX
QSO:  7059 RY 2009-09-26 0326 PI4DX         599 14 DX DL1REM        599 14 DX
QSO:  7059 RY 2009-09-26 0327 PI4DX         599 14 DX N4WW          599 05 FL
QSO:  7000 RY 2009-09-26 0330 PI4DX         599 14 DX WB8JUI        599 04 OH
QSO:  7059 RY 2009-09-26 0331 PI4DX         599 14 DX UX1UX         599 16 DX
QSO:  7060 RY 2009-09-26 0332 PI4DX         599 14 DX W6WRT         599 03 CA
QSO:  3500 RY 2009-09-26 0339 PI4DX         599 14 DX UR5UBR        599 16 DX
QSO:  3570 RY 2009-09-26 0340 PI4DX         599 14 DD9WG         599 14 DX
QSO:  3500 RY 2009-09-26 0341 PI4DX         599 14 DX Z37M          599 15 DX
QSO:  3572 RY 2009-09-26 0342 PI4DX         599 14 DX UX1UX         599 16 DX
QSO:  3574 RY 2009-09-26 0347 PI4DX         599 14 DX DF0FFH        599 14 DX
QSO:  3590 RY 2009-09-26 0347 PI4DX         599 14 DX IZ0KBR        599 15 DX
QSO:  3572 RY 2009-09-26 0349 PI4DX         599 14 DX EA5RM         599 14 DX
QSO:  3573 RY 2009-09-26 0349 PI4DX         599 14 DX DD2ML         599 14 DX
QSO:  3600 RY 2009-09-26 0349 PI4DX         599 14 EU8RZ         599 16 DX
QSO:  3600 RY 2009-09-26 0350 PI4DX         599 14 DX OK1VRF        599 15 DX
QSO:  3572 RY 2009-09-26 0351 PI4DX         599 14 DX DG3FAW        599 14 DX
QSO:  3572 RY 2009-09-26 0351 PI4DX         599 14 DX F5JY          599 14 DX
QSO:  3571 RY 2009-09-26 0352 PI4DX         599 14 DX W1BYH         599 5 MA
QSO:  3572 RY 2009-09-26 0354 PI4DX         599 14 RU3XB         599 16 DX
QSO:  3765 RY 2009-09-26 0356 PI4DX         599 14 DX DL0ER         599 14 DX
QSO:  3500 RY 2009-09-26 0358 PI4DX         599 14 DX OM3KWZ        599 15 DX
QSO:  3572 RY 2009-09-26 0359 PI4DX         599 14 DX YO3APJ        599 20 DX
QSO:  3600 RY 2009-09-26 0400 PI4DX         599 14 DX DL6UMF        599 14 DX
QSO:  3600 RY 2009-09-26 0402 PI4DX         599 14 OK2PQS        599 15 DX
QSO: 14000 RY 2009-09-26 0407 PI4DX         599 14 DX RK9CWA        599 17 DX
QSO: 14080 RY 2009-09-26 0410 PI4DX         599 14 RW4FE         599 16 DX
QSO: 14080 RY 2009-09-26 0416 PI4DX         599 14 DX F8DBF         599 14 DX
QSO: 14000 RY 2009-09-26 0530 PI4DX         599 14 DX UN6G          599 17 DX
QSO: 14102 RY 2009-09-26 0532 PI4DX         599 14 DX RA0QC         599 19 DX
QSO: 14097 RY 2009-09-26 0536 PI4DX         599 14 DX UT7MA         599 16 DX
QSO: 14098 RY 2009-09-26 0538 PI4DX         599 14 DX UY2UQ         599 16 DX
QSO: 14000 RY 2009-09-26 0539 PI4DX         599 14 DX HA8BE         599 15 DX
QSO: 14085 RY 2009-09-26 0541 PI4DX         599 14 DX KG6DX         599 27 DX
QSO: 14000 RY 2009-09-26 0542 PI4DX         599 14 DX UR2VA         599 16 DX
QSO: 14098 RY 2009-09-26 0542 PI4DX         599 14 UT5EPP        599 16 DX
QSO: 14099 RY 2009-09-26 0544 PI4DX         599 14 DX RA1AW         599 16 DX
QSO: 14080 RY 2009-09-26 0545 PI4DX         599 14 DX ER2RM         599 16 DX
QSO: 14080 RY 2009-09-26 0548 PI4DX         599 14 DX UT4EK         599 16 DX
QSO: 14098 RY 2009-09-26 0548 PI4DX         599 14 UR7GO         599 16 DX
QSO: 14000 RY 2009-09-26 0549 PI4DX         599 14 DX RW3PF         599 16 DX
QSO: 14099 RY 2009-09-26 0550 PI4DX         599 14 DX UT3RS         599 16 DX
QSO: 14086 RY 2009-09-26 0551 PI4DX         599 14 DX IV3TMV        599 15 DX
QSO: 14080 RY 2009-09-26 0553 PI4DX         599 14 DX UR8QR         599 16 DX
QSO: 14099 RY 2009-09-26 0555 PI4DX         599 14 DX RU3SE         599 16 DX
QSO: 14101 RY 2009-09-26 0555 PI4DX         599 14 DX DD7ZT         599 14 DX
QSO: 14099 RY 2009-09-26 0556 PI4DX         599 14 DX RK6AXS        599 16 DX
QSO: 14070 RY 2009-09-26 0557 PI4DX         599 14 DX UN7JX         599 17 DX
QSO: 14000 RY 2009-09-26 0559 PI4DX         599 14 DX 4Z8BB         599 20 DX
QSO: 14098 RY 2009-09-26 0559 PI4DX         599 14 DX UY5TE         599 16 DX
QSO: 14099 RY 2009-09-26 0559 PI4DX         599 14 DX RN6MA         599 16 DX
QSO: 14000 RY 2009-09-26 0600 PI4DX         599 14 DX YP3A          599 20 DX
QSO: 14080 RY 2009-09-26 0602 PI4DX         599 14 DX UX7FC         599 16 DX
QSO: 14000 RY 2009-09-26 0603 PI4DX         599 14 DX US7IB         599 16 DX
QSO: 14098 RY 2009-09-26 0605 PI4DX         599 14 DX UT4ZG         599 16 DX
QSO: 14098 RY 2009-09-26 0607 PI4DX         599 14 DX RA9SN         599 16 DX
QSO: 21101 RY 2009-09-26 0607 PI4DX         599 14 DX SO6I          599 15 DX
QSO: 14098 RY 2009-09-26 0609 PI4DX         599 14 DX OH8A          599 15 DX
QSO: 14000 RY 2009-09-26 0610 PI4DX         599 14 DX UA0AZ         599 18 DX
QSO: 14099 RY 2009-09-26 0611 PI4DX         599 14 DX RW4WZ         599 16 DX
QSO: 14099 RY 2009-09-26 0613 PI4DX         599 14 DX JG1GGU        599 25 DX
QSO: 14099 RY 2009-09-26 0615 PI4DX         599 14 DX DS5DNO        599 25 DX
QSO: 14000 RY 2009-09-26 0617 PI4DX         599 14 DX JA6DIJ        599 25 DX
QSO: 14097 RY 2009-09-26 0619 PI4DX         599 14 DX RW0AJ         599 18 DX
QSO: 14098 RY 2009-09-26 0620 PI4DX         599 14 DX JA8TR         599 25 DX
QSO: 14099 RY 2009-09-26 0625 PI4DX         599 14 DX YO3BL         599 20 DX
QSO: 14000 RY 2009-09-26 0628 PI4DX         599 14 DX US0HZ         599 16 DX
QSO: 14098 RY 2009-09-26 0628 PI4DX         599 14 DX RK4WWQ        599 16 DX
QSO: 14000 RY 2009-09-26 0630 PI4DX         599 14 DX JA7COI        599 25 DX
QSO: 14099 RY 2009-09-26 0630 PI4DX         599 14 DX JA2KCY        599 25 DX
QSO: 21000 RY 2009-09-26 0630 PI4DX         599 14 DX F4DXW         599 14 DX
QSO: 14099 RY 2009-09-26 0631 PI4DX         599 14 DX JI3BFC        599 25 DX
QSO: 21080 RY 2009-09-26 0633 PI4DX         599 14 DX JH4UYB        599 25 DX
QSO: 14099 RY 2009-09-26 0634 PI4DX         599 14 DX RK9FBE        599 17 DX
QSO: 14000 RY 2009-09-26 0636 PI4DX         599 14 DX JG7PSJ        599 25 DX
QSO: 14099 RY 2009-09-26 0638 PI4DX         599 14 DX RV3ZN         599 16 DX
QSO: 14000 RY 2009-09-26 0641 PI4DX         599 14 DX UR5ZMK        599 16 DX
QSO: 14097 RY 2009-09-26 0641 PI4DX         599 14 DX ES2DJ         599 15 DX
QSO: 14099 RY 2009-09-26 0644 PI4DX         599 14 DX JA8EIU        599 25 DX
QSO: 14098 RY 2009-09-26 0645 PI4DX         599 14 RU1AB         599 16 dx
QSO: 14099 RY 2009-09-26 0646 PI4DX         599 14 DX OL3Z          599 15 DX
QSO: 14099 RY 2009-09-26 0648 PI4DX         599 14 DX RA4FUN        599 16 DX
QSO: 14000 RY 2009-09-26 0650 PI4DX         599 14 DX JH4BTI        599 25 DX
QSO: 14096 RY 2009-09-26 0650 PI4DX         599 14 DX RL3A          599 16 DX
QSO: 14098 RY 2009-09-26 0653 PI4DX         599 14 DX UX1UX         599 16 DX
QSO: 14080 RY 2009-09-26 0654 PI4DX         599 14 DX YO9CWY        599 20 DX
QSO: 14098 RY 2009-09-26 0655 PI4DX         599 14 DX UT4HZ         599 16 DX
QSO: 14000 RY 2009-09-26 0656 PI4DX         599 14 DX TF3PPN        599 40 DX
QSO: 14097 RY 2009-09-26 0701 PI4DX         599 14 DX UA4SAW        599 16 DX
QSO: 21085 RY 2009-09-26 0702 PI4DX         599 14 DX RA9FTM        599 17 DX
QSO: 21101 RY 2009-09-26 0705 PI4DX         599 14 DX RU9DD         599 17 DX
QSO: 21090 RY 2009-09-26 0710 PI4DX         599 14 DX JL3MCM        599 25 DX
QSO: 21080 RY 2009-09-26 0712 PI4DX         599 14 UA9AFS        599 17 DX
QSO: 21090 RY 2009-09-26 0714 PI4DX         599 14 DX JA4EZA        599 25 DX
QSO: 21090 RY 2009-09-26 0714 PI4DX         599 14 DX JA7IC         599 25 DX
QSO: 21090 RY 2009-09-26 0714 PI4DX         599 14 DX RA9SN         599 16 DX
QSO: 21000 RY 2009-09-26 0717 PI4DX         599 14 DX RK3FWA        599 16 DX
QSO: 21090 RY 2009-09-26 0717 PI4DX         599 14 DX BV1EK         599 24 DX
QSO: 21079 RY 2009-09-26 0729 PI4DX         599 14 UA4HJ         599 16 DX
QSO: 21090 RY 2009-09-26 0733 PI4DX         599 14 DX RU4HP         599 16 DX
QSO: 21089 RY 2009-09-26 0734 PI4DX         599 14 DX DP4P          599 14 DX
QSO: 21088 RY 2009-09-26 0740 PI4DX         599 14 RW4NN         599 16 DX
QSO: 21089 RY 2009-09-26 0741 PI4DX         599 14 YB8EL         599 28 DX
QSO: 21090 RY 2009-09-26 0741 PI4DX         599 14 DX RA4FUN        599 16 DX
QSO: 21090 RY 2009-09-26 0742 PI4DX         599 14 UA3TN         599 16 DX
QSO: 28088 RY 2009-09-26 0745 PI4DX         599 14 DX PD7RB         599 14 DX
QSO: 21090 RY 2009-09-26 0746 PI4DX         599 14 DX UA3SAQ        599 16 DX
QSO: 28088 RY 2009-09-26 0749 PI4DX         599 14 DX OH6R          599 15 DX
QSO: 14124 RY 2009-09-26 0756 PI4DX         599 14 DX HL1/WX8C      599 25 DX
QSO: 14094 RY 2009-09-26 0807 PI4DX         599 14 DX JN3SAC        599 25 DX
QSO: 14093 RY 2009-09-26 0808 PI4DX         599 14 DX UA3PT         599 16 DX
QSO: 14093 RY 2009-09-26 0810 PI4DX         599 14 DX UA0FAI        599 19 DX
QSO: 21076 RY 2009-09-26 0816 PI4DX         599 14 DX RO4W          599 16 DX
QSO: 21078 RY 2009-09-26 0817 PI4DX         599 14 DX UA9FFV        599 17 DX
QSO: 21098 RY 2009-09-26 0831 PI4DX         599 14 DX 9M2CNC        599 28 DX
QSO:  7051 RY 2009-09-26 0832 PI4DX         599 14 DX HG3W          599 15 DX
QSO:  7047 RY 2009-09-26 0834 PI4DX         599 14 DX LY9Y          599 15 DX
QSO:  7000 RY 2009-09-26 0837 PI4DX         599 14 DX IK0LNN        599 15 DX
QSO:  7054 RY 2009-09-26 0837 PI4DX         599 14 DX S52X          599 15 DX
QSO:  7000 RY 2009-09-26 0839 PI4DX         599 14 DX IQ3FX         599 15 DX
QSO:  7053 RY 2009-09-26 0840 PI4DX         599 14 DX SQ2BXI        599 15 DX
QSO:  7054 RY 2009-09-26 0840 PI4DX         599 14 DX GM3SEK        599 14 DX
QSO:  7000 RY 2009-09-26 0847 PI4DX         599 14 DX IK2YSJ        599 15 DX
QSO: 21102 RY 2009-09-26 0851 PI4DX         599 14 DX JI1RXQ        599 25 DX
QSO: 14085 RY 2009-09-26 0852 PI4DX         599 14 DX OH4KA         599 15 DX
QSO: 14083 RY 2009-09-26 0853 PI4DX         599 14 DX YO3ZA         599 20 DX
QSO: 14085 RY 2009-09-26 0853 PI4DX         599 14 DX UA0QBR        599 19 DX
QSO: 21098 RY 2009-09-26 0857 PI4DX         599 14 DX A73A          599 21 DX
QSO: 21100 RY 2009-09-26 0857 PI4DX         599 14 DX GM5A          599 14 DX
QSO: 21101 RY 2009-09-26 0904 PI4DX         599 14 DX SV1DPI        599 20 SV
QSO: 21100 RY 2009-09-26 0908 PI4DX         599 14 DX JM1NKT        599 25 DX
QSO: 21098 RY 2009-09-26 0909 PI4DX         599 14 DX RK4WWQ        599 16 DX
QSO: 14087 RY 2009-09-26 0915 PI4DX         599 15 DX EV1R          599 16 DX
QSO: 21101 RY 2009-09-26 0915 PI4DX         599 14 DX EA8BQM        599 33 DX
QSO: 21085 RY 2009-09-26 0916 PI4DX         599 14 DX KG6DX         599 27 DX
QSO: 14000 RY 2009-09-26 0917 PI4DX         599 14 DX OM7AG         599 15 DX
QSO: 14082 RY 2009-09-26 0918 PI4DX         599 14 DX YU1NSK        599 15 DX
QSO: 14084 RY 2009-09-26 0919 PI4DX         599 14 DX UT3N          599 16 DX
QSO: 21100 RY 2009-09-26 0919 PI4DX         599 14 dx RA4POX        599 16 DX
QSO: 14084 RY 2009-09-26 0920 PI4DX         599 14 DX ER3AU         599 16 DX
QSO: 21100 RY 2009-09-26 0923 PI4DX         599 14 UA3DCW        599 16 DX
QSO: 14080 RY 2009-09-26 0924 PI4DX         599 14 DX YT2FA         599 15 DX
QSO: 14000 RY 2009-09-26 0925 PI4DX         599 14 DX 3Z70RG        599 15 DX
QSO: 14086 RY 2009-09-26 0926 PI4DX         599 14 DX YL2NN         599 15 DX
QSO: 14078 RY 2009-09-26 0930 PI4DX         599 14 DX ED7D          599 14 DX
QSO: 21114 RY 2009-09-26 0930 PI4DX         599 14 DX ZC4LI         599 20 DX
QSO: 21105 RY 2009-09-26 0931 PI4DX         599 14 DX OG8A          599 15 DX
QSO: 14086 RY 2009-09-26 0932 PI4DX         599 14 DX IZ8DVD        599 15 DX
QSO: 21082 RY 2009-09-26 0932 PI4DX         599 14 DX ES5Q          599 15 DX
QSO: 14086 RY 2009-09-26 0934 PI4DX         599 14 DX EA8BGO        599 33 DX
QSO: 14000 RY 2009-09-26 0954 PI4DX         599 14 DX SP5NHK        599 15 DX
QSO: 14084 RY 2009-09-26 0957 PI4DX         599 14 DX UR7EQ         599 16 DX
QSO:  7000 RY 2009-09-26 0958 PI4DX         599 14 DX IK4ZHH        599 15 DX
QSO: 14084 RY 2009-09-26 0959 PI4DX         599 14 DX UT3UA         599 16 DX
QSO:  7040 RY 2009-09-26 1001 PI4DX         599 14 DX EC1AJV        599 014 DX
QSO: 14084 RY 2009-09-26 1003 PI4DX         599 14 DX RU4WD         599 16 DX
QSO:  7045 RY 2009-09-26 1004 PI4DX         599 14 DX OM7OM         599 15 DX
QSO: 14083 RY 2009-09-26 1005 PI4DX         599 14 DX OM3NI         599 15 DX
QSO:  7046 RY 2009-09-26 1005 PI4DX         599 14 DX DG0OM         599 14 DX
QSO: 14085 RY 2009-09-26 1006 PI4DX         599 14 DX 4Z5CP         599 20 DX
QSO:  7045 RY 2009-09-26 1008 PI4DX         599 14 DX OE1TKW        599 15 DX
QSO:  7047 RY 2009-09-26 1008 PI4DX         599 14 DX LY1R          599 15 LY
QSO: 14085 RY 2009-09-26 1010 PI4DX         599 14 DX IK6VXO        599 15 DX
QSO:  7000 RY 2009-09-26 1010 PI4DX         599 14 DX IK3TZB        599 15 DX
QSO:  7049 RY 2009-09-26 1011 PI4DX         599 14 DX DL1REM        599 14 DX
QSO: 14085 RY 2009-09-26 1012 PI4DX         599 14 DX OM1VA         599 15 DX
QSO:  7046 RY 2009-09-26 1012 PI4DX         599 14 DX DD0DRK        599 14 DX
QSO: 14083 RY 2009-09-26 1013 PI4DX         599 14 DX RX0AW         599 18 DX
QSO:  7000 RY 2009-09-26 1014 PI4DX         599 14 DX UR8MH         599 16 DX
QSO: 14084 RY 2009-09-26 1016 PI4DX         599 14 DX RV3WD         599 16 DX
QSO:  7046 RY 2009-09-26 1016 PI4DX         599 14 DX DL9NO         599 14 DX
QSO:  7000 RY 2009-09-26 1019 PI4DX         599 14 DX 3Z70RG        599 15 DX
QSO:  7047 RY 2009-09-26 1021 PI4DX         599 14 DX SQ1K          599 15 DX
QSO: 14085 RY 2009-09-26 1023 PI4DX         599 14 DX UT8EL         599 16 DX
QSO:  7045 RY 2009-09-26 1026 PI4DX         599 14 DX EE3Y          599 14 DX
QSO:  7046 RY 2009-09-26 1026 PI4DX         599 14 DX EH5J          599 14 DX
QSO: 14084 RY 2009-09-26 1027 PI4DX         599 14 DX F5JY          599 14 DX
QSO: 14085 RY 2009-09-26 1029 PI4DX         599 14 DX PR7AR         599 11 DX
QSO:  7045 RY 2009-09-26 1029 PI4DX         599 14 DX SP4BPH        599 15 DX
QSO:  7045 RY 2009-09-26 1030 PI4DX         599 14 DX EA3EJJ        599 14 DX
QSO: 14080 RY 2009-09-26 1031 PI4DX         599 14 DX S51OE         599 15 DX
QSO: 14087 RY 2009-09-26 1034 PI4DX         599 14 DX IZ5OOP        599 15 DX
QSO: 14000 RY 2009-09-26 1037 PI4DX         599 14 DX EA3ALV        599 14 DX
QSO: 14086 RY 2009-09-26 1037 PI4DX         599 14 DX AM1W          599 14 DX
QSO: 14085 RY 2009-09-26 1038 PI4DX         599 14 DX JI1RXQ        599 25 DX
QSO: 14072 RY 2009-09-26 1042 PI4DX         599 14 LY2CV         599 15 DX
QSO: 28085 RY 2009-09-26 1043 PI4DX         599 14 DX DR5N          599 14 DX
QSO: 14085 RY 2009-09-26 1054 PI4DX         599 14 DX UN8LWF        599 17 DX
QSO: 14084 RY 2009-09-26 1056 PI4DX         599 14 EW4AA         599 16 DX
QSO: 14085 RY 2009-09-26 1058 PI4DX         599 14 DX AA3B          599 5 PA
QSO: 14085 RY 2009-09-26 1058 PI4DX         599 14 DX NR4M          599 5 VA
QSO: 14085 RY 2009-09-26 1101 PI4DX         599 14 DX PA2MRT        599 14 DX
QSO: 14087 RY 2009-09-26 1101 PI4DX         599 14 DX K3WI          599 05 MD
QSO: 14085 RY 2009-09-26 1102 PI4DX         599 14 DX EW4DX         599 16 DX
QSO: 14082 RY 2009-09-26 1103 PI4DX         599 14 DX RW0SR         599 18 DX
QSO: 14085 RY 2009-09-26 1103 PI4DX         599 14 DX EA8BQM        599 33 DX
QSO: 14085 RY 2009-09-26 1105 PI4DX         599 14 DX JA3JM         599 25 DX
QSO: 14085 RY 2009-09-26 1105 PI4DX         599 14 DX RA9A          599 17 DX
QSO: 14000 RY 2009-09-26 1107 PI4DX         599 14 DX JA4XHF/3      599 25 DX
QSO: 14084 RY 2009-09-26 1108 PI4DX         599 14 DX RA6XE         599 16 DX
QSO: 14085 RY 2009-09-26 1108 PI4DX         599 14 DX W4GAC         599 05 FL
QSO: 14083 RY 2009-09-26 1109 PI4DX         599 14 DX RN3DFN        599 16 DX
QSO: 14083 RY 2009-09-26 1111 PI4DX         599 14 OR RX9FG         599 17 DX
QSO: 14085 RY 2009-09-26 1111 PI4DX         599 14 DX IK0CHU        599 15 DX
QSO: 14000 RY 2009-09-26 1112 PI4DX         599 14 DX JA1BFN        599 25 DX
QSO: 14085 RY 2009-09-26 1113 PI4DX         599 14 DX VY2SS         599 05 PEI
QSO: 14085 RY 2009-09-26 1113 PI4DX         599 14 DX W3MF          599 5 PA
QSO: 14080 RY 2009-09-26 1116 PI4DX         599 14 DX HA5AWT        599 15 DX
QSO: 14085 RY 2009-09-26 1116 PI4DX         599 14 DX LT0H          599 13 DX
QSO: 14086 RY 2009-09-26 1117 PI4DX         599 14 DX EB5CNK        599 14 DX
QSO: 14084 RY 2009-09-26 1118 PI4DX         599 14 DX EC5BZR        599 14 DX
QSO: 14084 RY 2009-09-26 1118 PI4DX         599 14 DX RZ3TZZ        599 16 DX
QSO: 14085 RY 2009-09-26 1119 PI4DX         599 14 DX NG1G          599 5 RI
QSO: 14000 CW 2009-09-26 1121 PI4DX         599 14 PA K3GW          599 05 PA
QSO: 14080 RY 2009-09-26 1124 PI4DX         599 14 DX UR5RMD        599 16 DX
QSO: 14084 RY 2009-09-26 1124 PI4DX         599 14 DX PT9PA         599 11 DX
QSO: 14085 RY 2009-09-26 1125 PI4DX         599 14 DX SP8EEX        599 15 DX
QSO: 14083 RY 2009-09-26 1126 PI4DX         599 14 DX F5LCU         599 14 DX
QSO: 14085 RY 2009-09-26 1126 PI4DX         599 14 RK3FWI        599 16 DX
QSO: 14000 RY 2009-09-26 1127 PI4DX         599 14 DX RA9FN         599 17 DX
QSO: 14085 RY 2009-09-26 1130 PI4DX         599 14 DX AF4OX         599 5 SC
QSO: 14000 RY 2009-09-26 1131 PI4DX         599 14 DX K9MUG/4       599 04 AL
QSO: 14000 RY 2009-09-26 1132 PI4DX         599 14 DX IZ0MQN        599 15 DX
QSO: 14080 RY 2009-09-26 1133 PI4DX         599 14 dx UA0CNX        599 19 DX
QSO: 14000 RY 2009-09-26 1134 PI4DX         599 14 DX YV5AAX        599 09 DX
QSO: 14085 RY 2009-09-26 1136 PI4DX         599 14 DX JN1RQV        599 25 DX
QSO: 14085 RY 2009-09-26 1137 PI4DX         599 14 DX SM0BSO        599 14 DX
QSO: 14000 RY 2009-09-26 1138 PI4DX         599 14 DX JA1BNW        599 25 DX
QSO: 14098 RY 2009-09-26 1139 PI4DX         599 14 HF70M         599 15 DX
QSO: 14080 RY 2009-09-26 1142 PI4DX         599 14 DX UA3UJP        599 16 DX
QSO: 14000 RY 2009-09-26 1143 PI4DX         599 14 DX JA1ZGP        599 25 DX
QSO: 21098 RY 2009-09-26 1143 PI4DX         599 14 DX EC8AFM        599 33 DX
QSO: 14000 RY 2009-09-26 1144 PI4DX         599 14 DX JO1WKO        599 25 DX
QSO: 14080 RY 2009-09-26 1144 PI4DX         599 14 DX UR5ETN        599 16 DX
QSO: 21096 RY 2009-09-26 1145 PI4DX         599 14 DX PA3DBS        599 14 DX
QSO: 14085 RY 2009-09-26 1147 PI4DX         599 14 DX AA8LL         599 4 OH
QSO: 14000 RY 2009-09-26 1148 PI4DX         599 14 DX SP4TXI        599 15 DX
QSO: 14000 RY 2009-09-26 1149 PI4DX         599 14 DX LA7CL         599 14 dx
QSO: 14000 RY 2009-09-26 1149 PI4DX         599 14 DX LY1CO         599 15 DX
QSO: 14080 RY 2009-09-26 1149 PI4DX         599 14 E78CB         599 15 DX
QSO: 14085 RY 2009-09-26 1150 PI4DX         599 14 DX W3LL          599 05 MD
QSO: 14085 RY 2009-09-26 1151 PI4DX         599 14 DX JH0INP        599 25 DX
QSO: 14000 RY 2009-09-26 1154 PI4DX         599 14 DX LY2CG         599 15 DX
QSO: 14000 RY 2009-09-26 1155 PI4DX         599 14 DX JG1IEF        599 25 DX
QSO: 14083 RY 2009-09-26 1155 PI4DX         599 14 DX UA4LA         599 16 DX
QSO: 14000 RY 2009-09-26 1156 PI4DX         599 14 DX JR2ECF        599 25 DX
QSO: 14000 RY 2009-09-26 1200 PI4DX         599 14 DX JK1NSR        599 25 DX
QSO: 14080 RY 2009-09-26 1201 PI4DX         599 14 DX UT0AZA        599 16 DX
QSO: 14000 RY 2009-09-26 1202 PI4DX         599 14 DX JA9CWJ        599 25 DX
QSO: 14085 RY 2009-09-26 1202 PI4DX         599 14 DX JH8SIT        599 25 DX
QSO: 14000 RY 2009-09-26 1203 PI4DX         599 14 DX JA2VHO        599 25 DX
QSO: 14085 RY 2009-09-26 1205 PI4DX         599 14 DX YL2NK         599 15 DX
QSO: 14085 RY 2009-09-26 1206 PI4DX         599 14 DX JA2FSM        599 25 DX
QSO: 14085 RY 2009-09-26 1206 PI4DX         599 14 DX JA6BZI        599 25 DX
QSO: 14081 RY 2009-09-26 1208 PI4DX         599 14 US6CQ         599 16 DX
QSO: 14085 RY 2009-09-26 1210 PI4DX         599 14 DX ZS2EZ         599 38 DX
QSO: 28084 RY 2009-09-26 1210 PI4DX         599 14 DX DL0NS         599 14 DX
QSO: 28084 RY 2009-09-26 1210 PI4DX         599 14 DX DL0NS         599 14 DX
QSO: 28000 RY 2009-09-26 1211 PI4DX         599 14 DX IQ4RN         599 15 DX
QSO: 14080 RY 2009-09-26 1215 PI4DX         599 14 EV8D          599 16 DX
QSO: 14086 RY 2009-09-26 1215 PI4DX         599 14 DX RK9JWR        599 17 DX
QSO:  7041 RY 2009-09-26 1216 PI4DX         599 14 DX DL2ARG        599 14 DX
QSO: 14085 RY 2009-09-26 1218 PI4DX         599 14 DX RA9AAA        599 17 DX
QSO: 14085 RY 2009-09-26 1218 PI4DX         599 14 DX RU0AT         599 18 0A
QSO:  7000 RY 2009-09-26 1218 PI4DX         599 14 DX M/YO4RDW      599 14 DX
QSO: 14084 RY 2009-09-26 1219 PI4DX         599 14 DX OH2CI         599 15 DX
QSO:  7041 RY 2009-09-26 1219 PI4DX         599 14 DX DK4RL         599 14 DX
QSO: 14085 RY 2009-09-26 1222 PI4DX         599 14 DX JR1BAS        599 25 DX
QSO:  7043 RY 2009-09-26 1223 PI4DX         599 14 DX DF0FFH        599 14 DX
QSO: 14084 RY 2009-09-26 1224 PI4DX         599 14 DX IW9BCW        599 15 DX
QSO: 14000 RY 2009-09-26 1225 PI4DX         599 14 DX JR2PMT        599 25 DX
QSO: 14085 RY 2009-09-26 1226 PI4DX         599 14 DX ES3RF         599 15 DX
QSO: 14087 RY 2009-09-26 1226 PI4DX         599 14 DX W4OJC         599 05 GA
QSO: 14085 RY 2009-09-26 1227 PI4DX         599 14 DX N2BJ          599 04 IL
QSO: 14000 RY 2009-09-26 1228 PI4DX         599 15 DX SP2JLR        599 15 DX
QSO: 14085 RY 2009-09-26 1228 PI4DX         599 14 DX ER0FEO        599 16 DX
QSO: 14084 RY 2009-09-26 1233 PI4DX         599 14 DX UA6BJY        599 16 DX
QSO: 14000 RY 2009-09-26 1240 PI4DX         599 14 DX RA9AFZ        599 17 DX
QSO: 14000 RY 2009-09-26 1241 PI4DX         599 14 DX JL8MBF        599 25 DX
QSO: 14084 RY 2009-09-26 1242 PI4DX         599 14 DX UN7PL         599 17 DX
QSO: 14085 RY 2009-09-26 1246 PI4DX         599 14 DX EA5DKU        599 14 DX
QSO: 14000 RY 2009-09-26 1247 PI4DX         599 14 DX G0CMP         599 14 DX
QSO: 14085 RY 2009-09-26 1247 PI4DX         599 14 DX EW8DA         599 16 DX
QSO: 14085 RY 2009-09-26 1249 PI4DX         599 14 DX RA0ACM        599 18 DX
QSO: 14085 RY 2009-09-26 1251 PI4DX         599 14 DX JA7IC         599 25 DX
QSO: 14000 RY 2009-09-26 1255 PI4DX         599 14 DX N4KG          599 04 AL
QSO: 14085 RY 2009-09-26 1256 PI4DX         599 14 DX VE1ZD         599 05 NS
QSO: 14085 RY 2009-09-26 1258 PI4DX         599 14 DX NC4CS         599 05 NC
QSO: 14085 RY 2009-09-26 1300 PI4DX         599 14 DX W9WI          599 04 TN
QSO: 14090 RY 2009-09-26 1302 PI4DX         599 14 DX YV5KG         599 09 DX
QSO: 14080 RY 2009-09-26 1308 PI4DX         599 14 DX OM7AX         599 15 DX
QSO: 14084 RY 2009-09-26 1308 PI4DX         599 14 DX UA0SR         599 18 DX
QSO: 14085 RY 2009-09-26 1308 PI4DX         599 14 DX W4LC          599 04 KY
QSO: 14083 RY 2009-09-26 1310 PI4DX         599 14 DX K7RE          599 04 SD
QSO: 14085 RY 2009-09-26 1311 PI4DX         599 14 DX NK5G          599 04 TX
QSO: 14085 RY 2009-09-26 1312 PI4DX         599 14 DX VA2UP         599 05 QC
QSO: 14000 RY 2009-09-26 1314 PI4DX         599 14 DX RV6LCI        599 16 DX
QSO: 14085 RY 2009-09-26 1319 PI4DX         599 14 DX KT0DX         599 04 CO
QSO: 14085 RY 2009-09-26 1320 PI4DX         599 14 DX K0AD          599 04 MN
QSO: 14085 RY 2009-09-26 1320 PI4DX         599 14 DX KD0S          599 04 SD
QSO: 14084 RY 2009-09-26 1323 PI4DX         599 14 UA6GM         599 16 DX
QSO: 14085 RY 2009-09-26 1324 PI4DX         599 14 DX W9MU          599 04 IL
QSO: 14085 RY 2009-09-26 1325 PI4DX         599 14 DX AK0A          599 4 KS
QSO: 14080 RY 2009-09-26 1326 PI4DX         599 14 UA9AFS        599 17 DX
QSO: 14084 RY 2009-09-26 1327 PI4DX         599 14 DX EA8AJO        599 33 DX
QSO: 14085 RY 2009-09-26 1328 PI4DX         599 14 DX K0PK          599 04 MN
QSO: 14000 RY 2009-09-26 1329 PI4DX         599 14 DX KW3W          599 05 MD
QSO: 14000 RY 2009-09-26 1332 PI4DX         599 14 DX AB1J          599 05 MA
QSO: 14000 RY 2009-09-26 1332 PI4DX         599 14 DX KP4GC         599 08 DX
QSO: 14085 RY 2009-09-26 1335 PI4DX         599 14 DX K9OM          599 04 WI
QSO: 14000 RY 2009-09-26 1336 PI4DX         599 14 DX UA0CW         599 19 DX
QSO: 14085 RY 2009-09-26 1338 PI4DX         599 14 DX CT3BD         599 33 DX
QSO: 14085 RY 2009-09-26 1340 PI4DX         599 14 DX N3NZ          599 05 PA
QSO: 14085 RY 2009-09-26 1341 PI4DX         599 14 DX N4IG          599 05 FL
QSO: 14085 RY 2009-09-26 1342 PI4DX         599 14 DX VO1OR         599 05 NF
QSO: 14084 RY 2009-09-26 1345 PI4DX         599 14 DX YO4UQ         599 20 DX
QSO: 14085 RY 2009-09-26 1345 PI4DX         599 14 DX TI5/WW4LL     599 07 DX
QSO: 14000 RY 2009-09-26 1347 PI4DX         599 14 DX W1KQ          599 05 MA
QSO: 14071 RY 2009-09-26 1349 PI4DX         599 14 UT5PQ         599 16 DX
QSO: 14085 RY 2009-09-26 1349 PI4DX         599 14 DX RU3PU         599 16 DX
QSO: 14083 RY 2009-09-26 1350 PI4DX         599 14 DX RA9AMO        599 17 DX
QSO: 14000 RY 2009-09-26 1351 PI4DX         599 14 dx AJ4FM         599 05 VA
QSO: 14070 RY 2009-09-26 1353 PI4DX         599 14 EW8OF         599 16 DX
QSO: 14084 RY 2009-09-26 1355 PI4DX         599 14 DX W0LV          599 04 CO
QSO: 14085 RY 2009-09-26 1355 PI4DX         599 14 DX K7MY          599 03 AZ
QSO: 14085 RY 2009-09-26 1402 PI4DX         599 14 DX K6BL          599 03 CA
QSO: 14080 RY 2009-09-26 1403 PI4DX         599 14 DX KS0M          599 04 MO
QSO: 14080 RY 2009-09-26 1406 PI4DX         599 14 DX RZ6BU         599 16 DX
QSO: 14000 RY 2009-09-26 1408 PI4DX         599 14 DX UN9PQ         599 17 DX
QSO: 14084 RY 2009-09-26 1409 PI4DX         599 14 UU4JWC        599 16 DX
QSO: 14085 RY 2009-09-26 1409 PI4DX         599 14 DX W2RZS         599 05 NY
QSO: 14080 RY 2009-09-26 1413 PI4DX         599 14 EU2MM         599 16 DX
QSO: 14085 RY 2009-09-26 1414 PI4DX         599 14 DX AB4GG         599 04 TN
QSO: 14085 RY 2009-09-26 1415 PI4DX         599 14 DX IK0TUM        599 15 DX
QSO: 14085 RY 2009-09-26 1417 PI4DX         599 14 DX WA1Z          599 05 NH
QSO: 14087 RY 2009-09-26 1417 PI4DX         599 14 DX XE1R          599 6 XE
QSO: 14085 RY 2009-09-26 1420 PI4DX         599 14 DX AD8P          599 04 OH
QSO: 14085 RY 2009-09-26 1420 PI4DX         599 14 DX WN0L          599 04 NE
QSO: 21079 RY 2009-09-26 1420 PI4DX         599 14 DX EA5RM         599 14 DX
QSO: 14084 RY 2009-09-26 1421 PI4DX         599 14 DX PA3DBS        599 14 DX
QSO: 14084 RY 2009-09-26 1421 PI4DX         599 14 DX RW3SB         599 16 DX
QSO: 14085 RY 2009-09-26 1422 PI4DX         599 14 DX N1IBM         599 05 NJ
QSO: 14000 RY 2009-09-26 1424 PI4DX         599 14 DX WA8RPK        599 04 OH
QSO: 21000 RY 2009-09-26 1425 PI4DX         599 14 DX NJ2F          599 05 FL
QSO: 21000 RY 2009-09-26 1427 PI4DX         599 14 DX EA4MA         599 14 DX
QSO: 14084 RY 2009-09-26 1428 PI4DX         599 14 DX UT1IM         599 16 DX
QSO: 14085 RY 2009-09-26 1428 PI4DX         599 14 DX AC7JW         599 03 UT
QSO: 21090 RY 2009-09-26 1428 PI4DX         599 14 DX W9ILY         599 04 IL
QSO: 14085 RY 2009-09-26 1431 PI4DX         599 14 DX AI3Q          599 05 PA
QSO: 21090 RY 2009-09-26 1431 PI4DX         599 14 DX WR9Y          599 4 WI
QSO: 14080 RY 2009-09-26 1432 PI4DX         599 14 DX YB0JIV        599 28 DX
QSO: 14085 RY 2009-09-26 1432 PI4DX         599 14 DX AB0LR         599 04 CO
QSO: 21090 RY 2009-09-26 1433 PI4DX         599 14 DX W9MU          599 04 IL
QSO: 14085 RY 2009-09-26 1434 PI4DX         599 14 DX W3FV          599 05 PA
QSO: 21090 RY 2009-09-26 1434 PI4DX         599 14 DX G0BRC         599 14 DX
QSO: 21091 RY 2009-09-26 1435 PI4DX         599 14 DX ON6LEO        599 14 DX
QSO: 14087 RY 2009-09-26 1437 PI4DX         599 14 DX I0YQV         599 15 DX
QSO: 14000 RY 2009-09-26 1438 PI4DX         599 14 DX YU1JW         599 15 DX
QSO: 14085 RY 2009-09-26 1438 PI4DX         599 14 DX KP2D          599 8 DX
QSO: 21089 RY 2009-09-26 1438 PI4DX         599 14 DX UT4HZ         599 16 DX
QSO: 14080 RY 2009-09-26 1440 PI4DX         599 14 DX N0LEF         599 04 CO
QSO: 14085 RY 2009-09-26 1440 PI4DX         599 14 DX AD5XD         599 04 TX
QSO: 21080 RY 2009-09-26 1440 PI4DX         599 14 US6CQ         599 16 DX
QSO: 21089 RY 2009-09-26 1442 PI4DX         599 14 UV5U          599 16 DX
QSO: 21090 RY 2009-09-26 1442 PI4DX         599 14 DX PA3S          599 14 DX
QSO: 14085 RY 2009-09-26 1444 PI4DX         599 14 DX W2LE          599 05 NJ
QSO: 14080 RY 2009-09-26 1445 PI4DX         599 14 EU8RZ         599 16 DX
QSO: 21000 RY 2009-09-26 1445 PI4DX         599 14 DX EC1KR         599 14 DX
QSO: 14085 RY 2009-09-26 1446 PI4DX         599 14 DX WQ6O          599 03 CA
QSO: 14000 RY 2009-09-26 1447 PI4DX         599 14 DX NE0U          599 04 MN
QSO: 14000 RY 2009-09-26 1449 PI4DX         599 14 DX M4T           599 14 DX
QSO: 14079 RY 2009-09-26 1449 PI4DX         599 14 YU1KT         599 15 DX
QSO: 14084 RY 2009-09-26 1450 PI4DX         599 14 DX SV8RX         599 20 DX
QSO: 14085 RY 2009-09-26 1452 PI4DX         599 14 DX KA2D          599 5 NY
QSO: 14000 RY 2009-09-26 1453 PI4DX         599 14 DX N3QO          599 05 PA
QSO: 14085 RY 2009-09-26 1454 PI4DX         599 14 DX K1LT          599 4 OH
QSO: 14000 RY 2009-09-26 1455 PI4DX         599 14 DX EB3JT         599 14 DX
QSO: 14084 RY 2009-09-26 1457 PI4DX         599 14 9A2BW         599 15 DX
QSO: 14085 RY 2009-09-26 1457 PI4DX         599 14 DX EE3R          599 14 DX
QSO: 14085 RY 2009-09-26 1459 PI4DX         599 14 DX RZ1OM         599 16 DX
QSO: 14085 RY 2009-09-26 1500 PI4DX         599 14 DX K3IU          599 05 RI
QSO: 14085 RY 2009-09-26 1502 PI4DX         599 14 DX WA5ZUP        599 4 NM
QSO:  7040 RY 2009-09-26 1502 PI4DX         599 14 DX JH4UYB        599 25 DX
QSO: 14084 RY 2009-09-26 1504 PI4DX         599 14 DX VE3MCF        599 04 ON
QSO: 14087 RY 2009-09-26 1505 PI4DX         599 14 DX NA3M          599 05 MD
QSO: 14084 RY 2009-09-26 1507 PI4DX         599 14 DX KM4JA         599 4 AL
QSO:  7040 RY 2009-09-26 1507 PI4DX         599 14 DX DK0EE         599 14 DX
QSO:  7043 RY 2009-09-26 1508 PI4DX         599 14 DX UN5J          599 17 DX
QSO:  7046 RY 2009-09-26 1508 PI4DX         599 14 DX UA4LA         599 16 DX
QSO: 14085 RY 2009-09-26 1509 PI4DX         599 14 DX N2UM          599 05 NY
QSO: 14083 RY 2009-09-26 1510 PI4DX         599 14 DX KA1C          599 05 ME
QSO:  7042 RY 2009-09-26 1511 PI4DX         599 14 DX ER3AU         599 16 DX
QSO: 14000 RY 2009-09-26 1514 PI4DX         599 14 DX WA1EHK        599 05 CT
QSO: 14085 RY 2009-09-26 1514 PI4DX         599 14 DX KE0L          599 4 MN
QSO: 14085 RY 2009-09-26 1514 PI4DX         599 14 DX VA3TTU        599 04 ON
QSO:  7000 RY 2009-09-26 1515 PI4DX         599 14 DX ES4RD         599 15 DX
QSO: 14084 RY 2009-09-26 1518 PI4DX         599 14 DX AA5VU         599 04 TX
QSO: 14085 RY 2009-09-26 1519 PI4DX         599 14 DX NE1F          599 05 NH
QSO: 28080 RY 2009-09-26 1519 PI4DX         599 14 DX 9A7R          599 15 DX
QSO: 14085 RY 2009-09-26 1521 PI4DX         599 14 DX VE2LX         599 05 QC
QSO: 14085 RY 2009-09-26 1523 PI4DX         599 14 DX K2DSL         599 05 NJ
QSO: 14000 RY 2009-09-26 1525 PI4DX         599 14 DX K8ZZU         599 04 MI
QSO: 14085 RY 2009-09-26 1525 PI4DX         599 14 DX N0KE          599 04 CO
QSO: 14083 RY 2009-09-26 1527 PI4DX         599 14 UA3QLQ        599 16 DX
QSO: 14084 RY 2009-09-26 1528 PI4DX         599 14 DX YO6HSU        599 20 DX
QSO: 14085 RY 2009-09-26 1529 PI4DX         599 14 DX VE3KI         599 04 ON
QSO: 14085 RY 2009-09-26 1529 PI4DX         599 14 DX W0RAA         599 4 CO
QSO: 14084 RY 2009-09-26 1531 PI4DX         599 14 RU3XJ         599 16 DX
QSO: 14085 RY 2009-09-26 1531 PI4DX         599 14 DX UR5KED        599 16 DX
QSO: 14080 RY 2009-09-26 1532 PI4DX         599 14 DX UR3QXX        599 16 DX
QSO: 14085 RY 2009-09-26 1539 PI4DX         599 14 DX W7OM          599 03 WA
QSO:  7047 RY 2009-09-26 1539 PI4DX         599 14 DX C37URE        599 14 DX
QSO: 14085 RY 2009-09-26 1540 PI4DX         599 14 DX NO2T          599 05 NJ
QSO: 14085 RY 2009-09-26 1542 PI4DX         599 14 DX WD5K          599 04 TX
QSO: 14085 RY 2009-09-26 1542 PI4DX         599 14 DX WS9M          599 05 NY
QSO: 14085 RY 2009-09-26 1543 PI4DX         599 14 DX VE3KF         599 04 ON
QSO: 14085 RY 2009-09-26 1544 PI4DX         599 14 DX VE7CF         599 3 BC
QSO:  7000 RY 2009-09-26 1544 PI4DX         599 14 DX DL6UAM        599 14 DX
QSO: 14085 RY 2009-09-26 1545 PI4DX         599 14 DX N2QT          599 05 VA
QSO: 21080 RY 2009-09-26 1558 PI4DX         599 14 dx CX5TR         599 13 DX
QSO: 14080 RY 2009-09-26 1602 PI4DX         599 14 UX8ZA         599 16 DX
QSO: 14085 RY 2009-09-26 1604 PI4DX         599 14 DX N2ZAK         599 5 NJ
QSO: 14084 RY 2009-09-26 1605 PI4DX         599 14 DX YO8SAI        599 20 DX
QSO: 14085 RY 2009-09-26 1606 PI4DX         599 14 DX K7IA          599 04 NM
QSO: 14000 RY 2009-09-26 1608 PI4DX         599 14 DX NJ2F          599 05 FL
QSO: 14084 RY 2009-09-26 1609 PI4DX         599 14 DX KR7X          599 03 OR
QSO: 14084 RY 2009-09-26 1610 PI4DX         599 14 DX VK3TDX        599 30 DX
QSO: 21103 RY 2009-09-26 1614 PI4DX         599 14 DX AY8A          599 13 DX
QSO: 14000 RY 2009-09-26 1615 PI4DX         599 14 DX N3UA          599 05 VA
QSO: 14071 RY 2009-09-26 1616 PI4DX         599 14 DX IW9HEB        599 15 DX
QSO: 14080 RY 2009-09-26 1616 PI4DX         599 14 DX UT6IS         599 16 DX
QSO: 14084 RY 2009-09-26 1616 PI4DX         599 14 DX AB4SF         599 05 VA
QSO: 14085 RY 2009-09-26 1617 PI4DX         599 14 DX NE3H          599 05 PA
QSO: 21106 RY 2009-09-26 1617 PI4DX         599 14 DX LV5V          599 13 DX
QSO: 14000 RY 2009-09-26 1623 PI4DX         599 14 DX UR7R          599 16 DX
QSO:  7000 RY 2009-09-26 1623 PI4DX         599 14 DX OZ1AXG        599 14 DX
QSO: 14000 RY 2009-09-26 1624 PI4DX         599 14 DX UY7MM         599 16 DX
QSO: 14000 RY 2009-09-26 1626 PI4DX         599 14 KG4CUY        599 4 AL
QSO:  7049 RY 2009-09-26 1626 PI4DX         599 14 DX OH7MN         599 15 DX
QSO: 14084 RY 2009-09-26 1627 PI4DX         599 14 DX VE7NSR        599 03 BC
QSO:  7000 RY 2009-09-26 1627 PI4DX         599 14 DX LY1CO         599 15 DX
QSO: 14084 RY 2009-09-26 1628 PI4DX         599 14 DX K2OGD         599 05 NC
QSO: 14084 RY 2009-09-26 1629 PI4DX         599 14 DX W6HGF         599 05 VA
QSO:  7040 RY 2009-09-26 1629 PI4DX         599 14 DX DL4RU         599 14 DX
QSO: 14087 RY 2009-09-26 1630 PI4DX         599 14 DX N6PC          599 03 CA
QSO:  7051 RY 2009-09-26 1630 PI4DX         599 14 DX BG6JEQ        599 24 HN
QSO:  7040 RY 2009-09-26 1631 PI4DX         599 14 E78CB         599 15 DX
QSO: 14000 RY 2009-09-26 1633 PI4DX         599 14 DX W1UE          599 05 MA
QSO: 14083 RY 2009-09-26 1633 PI4DX         599 14 DX VE6EPK        599 04 AB
QSO:  7048 RY 2009-09-26 1633 PI4DX         599 14 DX DR09ANT       599 14 DX
QSO:  7048 RY 2009-09-26 1633 PI4DX         599 14 DX RA3QN         599 16 DX
QSO: 14084 RY 2009-09-26 1634 PI4DX         599 14 DX KG6ZHC        599 03 CA
QSO: 14085 RY 2009-09-26 1636 PI4DX         599 14 DX N6VH          599 03 CA
QSO: 14087 RY 2009-09-26 1636 PI4DX         599 14 DX K8OT          599 4 MI
QSO: 14085 RY 2009-09-26 1637 PI4DX         599 14 DX AI1P/0        599 04 IA
QSO: 14081 RY 2009-09-26 1640 PI4DX         599 14 DX 4L1BR         599 21 DX
QSO: 14085 RY 2009-09-26 1642 PI4DX         599 14 DX KA2KON        599 5 NH
QSO: 14085 RY 2009-09-26 1643 PI4DX         599 14 DX WD4HIM        599 05 FL
QSO: 14085 RY 2009-09-26 1644 PI4DX         599 14 DX W7UG          599 03 OR
QSO: 28000 RY 2009-09-26 1646 PI4DX         599 14 DX FT5GA         599 39 DX
QSO: 14099 RY 2009-09-26 1704 PI4DX         599 14 DX N6PE          599 03 CA
QSO:  7000 RY 2009-09-26 1704 PI4DX         599 14 DX HB9CAL        599 14 DX
QSO: 14098 RY 2009-09-26 1705 PI4DX         599 14 DX UA3WHK        599 16 DX
QSO: 14099 RY 2009-09-26 1707 PI4DX         599 14 DX TF3AM         599 40 TF
QSO: 14098 RY 2009-09-26 1708 PI4DX         599 14 DX RV3DBK        599 16 DX
QSO: 14097 RY 2009-09-26 1712 PI4DX         599 14 DX WE6Z          599 03 CA
QSO: 14098 RY 2009-09-26 1716 PI4DX         599 14 RU3XB         599 16 DX
QSO: 14098 RY 2009-09-26 1716 PI4DX         599 14 DX RW3WX         599 16 DX
QSO: 14098 RY 2009-09-26 1720 PI4DX         599 14 DX RU6BR         599 16 DX
QSO: 14099 RY 2009-09-26 1726 PI4DX         599 14 DX WB2RHM        599 05 NC
QSO: 21084 RY 2009-09-26 1727 PI4DX         599 14 DX ER3MM         599 16 DX
QSO: 14099 RY 2009-09-26 1731 PI4DX         599 14 DX K4FX          599 05 NC
QSO: 21000 RY 2009-09-26 1732 PI4DX         599 14 DX LW5EAE        599 13 DX
QSO: 14000 RY 2009-09-26 1734 PI4DX         594 14 DX W4UEF         595 5 NC
QSO: 14000 RY 2009-09-26 1735 PI4DX         599 14 DX UA3PW         599 16 DX
QSO: 14100 RY 2009-09-26 1737 PI4DX         599 14 DX N1WR          599 05 MD
QSO: 21086 RY 2009-09-26 1738 PI4DX         599 14 DX CT1EEK        599 14 DX
QSO: 21085 RY 2009-09-26 1739 PI4DX         599 14 DX PY4XX         599 11 DX
QSO: 14080 RY 2009-09-26 1740 PI4DX         599 14 RD3DS         599 16 DX
QSO: 14099 RY 2009-09-26 1741 PI4DX         599 14 DX K8AJS         599 04 OH
QSO: 14072 RY 2009-09-26 1742 PI4DX         599 14 SP6DMI        599 15 EU
QSO: 14099 RY 2009-09-26 1742 PI4DX         599 14 UA3DCW        599 16 DX
QSO: 14000 RY 2009-09-26 1746 PI4DX         599 14 DX IK7RVY        599 15 DX
QSO:  3500 RY 2009-09-26 1748 PI4DX         599 14 DX DL3BQA        599 14 DX
QSO: 14099 RY 2009-09-26 1749 PI4DX         599 14 DX OK3C          599 15 DX
QSO: 14099 RY 2009-09-26 1749 PI4DX         599 14 DX W6AEA         599 3 WA
QSO: 14099 RY 2009-09-26 1750 PI4DX         599 14 DX N3JT          599 05 VA
QSO:  3580 RY 2009-09-26 1753 PI4DX         599 14 DX RW0A          599 18 DX
QSO:  3591 RY 2009-09-26 1754 PI4DX         599 14 DX UX2X          599 16 DX
QSO:  3585 RY 2009-09-26 1755 PI4DX         599 14 DX C37URE        599 14 DX
QSO:  3580 RY 2009-09-26 1759 PI4DX         599 14 DX J46J          599 20 DX
QSO:  3586 RY 2009-09-26 1800 PI4DX         599 14 DX S57LR         599 15 DX
QSO:  3588 RY 2009-09-26 1801 PI4DX         599 14 DX DR5X          599 14 DX
QSO:  3599 RY 2009-09-26 1801 PI4DX         599 14 UA4HJ         599 16 DX
QSO:  3500 RY 2009-09-26 1804 PI4DX         599 14 DX OM7AG         599 15 DX
QSO:  3588 RY 2009-09-26 1804 PI4DX         599 14 DX UT5ZA         599 16 DX
QSO:  3588 RY 2009-09-26 1805 PI4DX         599 14 DX RZ4HZW        599 16 DX
QSO:  7052 RY 2009-09-26 1808 PI4DX         599 14 DX S53M          599 15 DX
QSO:  7000 RY 2009-09-26 1809 PI4DX         599 14 DX I1BAY         599 15 DX
QSO:  7048 RY 2009-09-26 1809 PI4DX         599 14 EA5IY         599 14 DX
QSO:  3588 RY 2009-09-26 1810 PI4DX         599 14 YU2A          599 15 DX
QSO:  3589 RY 2009-09-26 1810 PI4DX         599 14 DX EW1NA         599 16 DX
QSO:  7048 RY 2009-09-26 1812 PI4DX         599 14 DX RU4HP         599 16 DX
QSO:  3500 RY 2009-09-26 1815 PI4DX         599 14 DX RK9CWA        599 17 DX
QSO:  7049 RY 2009-09-26 1815 PI4DX         599 14 DX RU3PU         599 16 DX
QSO:  7049 RY 2009-09-26 1816 PI4DX         599 14 DX RU3SE         599 16 DX
QSO:  7049 RY 2009-09-26 1818 PI4DX         599 14 DX US5IQ         599 16 DX
QSO: 14087 RY 2009-09-26 1820 PI4DX         599 14 DX W1IG          599 05 CT
QSO:  7000 RY 2009-09-26 1821 PI4DX         599 14 DX YU5MOL        599 15 DX
QSO:  7048 RY 2009-09-26 1821 PI4DX         599 14 DX OK2DW         599 15 DX
QSO: 14085 RY 2009-09-26 1822 PI4DX         599 14 DX K1DUQ         599 05 CT
QSO:  7000 RY 2009-09-26 1822 PI4DX         599 14 dx HB9HQX        599 14 DX
QSO:  7048 RY 2009-09-26 1822 PI4DX         599 14 DX YO6HSU        599 20 DX
QSO:  7049 RY 2009-09-26 1823 PI4DX         599 14 DX SM0BSO        599 14 DX
QSO:  7000 RY 2009-09-26 1824 PI4DX         599 14 dx UA9XBJ        599 17 DX
QSO:  7049 RY 2009-09-26 1825 PI4DX         599 14 DX TF3AM         599 40 TF
QSO:  7049 RY 2009-09-26 1826 PI4DX         599 14 DX RA4FUN        599 16 DX
QSO:  7049 RY 2009-09-26 1826 PI4DX         599 14 DX YL2TB         599 15 DX
QSO: 14088 RY 2009-09-26 1827 PI4DX         599 14 DX W0LSD         599 4 CO
QSO:  7049 RY 2009-09-26 1828 PI4DX         599 14 DX UR5KED        599 16 DX
QSO: 14000 RY 2009-09-26 1831 PI4DX         599 14 DX YB4IR         599 28 DX
QSO: 14081 RY 2009-09-26 1832 PI4DX         599 14 DX RX6BS         599 16 DX
QSO: 14088 RY 2009-09-26 1833 PI4DX         599 14 DX KS0AA         599 4 KS
QSO: 14088 RY 2009-09-26 1834 PI4DX         599 14 DX K3MD          599 05 PA
QSO: 14088 RY 2009-09-26 1835 PI4DX         599 14 DX AE1P          599 05 NH
QSO: 14088 RY 2009-09-26 1836 PI4DX         599 14 DX YQ6A          599 20 DX
QSO: 14000 RY 2009-09-26 1837 PI4DX         599 14 DX N7MQ          599 03 OR
QSO: 14088 RY 2009-09-26 1839 PI4DX         599 14 DX K3KO          599 05 NC
QSO: 14088 RY 2009-09-26 1840 PI4DX         599 14 DX UA9BS         599 17 DX
QSO: 14088 RY 2009-09-26 1840 PI4DX         599 14 DX W1RPG         599 05 CT
QSO: 14087 RY 2009-09-26 1841 PI4DX         599 14 DX UA4FCO        599 16 DX
QSO: 14088 RY 2009-09-26 1842 PI4DX         599 14 DX PA5TT         599 14 DX
QSO: 14088 RY 2009-09-26 1842 PI4DX         599 14 DX UA9AX         599 17 DX
QSO: 21094 RY 2009-09-26 1843 PI4DX         599 14 CE3PG         599 12 DX
QSO: 21084 RY 2009-09-26 1844 PI4DX         599 14 DX CR3L          599 33 DX
QSO: 21000 RY 2009-09-26 1845 PI4DX         599 14 DX ZV2C          599 11 DX
QSO: 21080 RY 2009-09-26 1848 PI4DX         599 14 DX IT9RGY        599 15 DX
QSO: 21080 RY 2009-09-26 1848 PI4DX         599 14 DX PU5ATX        599 11 DX
QSO: 14088 RY 2009-09-26 1849 PI4DX         599 14 DX WB5AAA        599 04 AR
QSO: 21085 RY 2009-09-26 1849 PI4DX         599 14 DX IV3TMV        599 15 DX
QSO: 14088 RY 2009-09-26 1852 PI4DX         599 14 DX WA2MCR        599 05 NY
QSO: 14089 RY 2009-09-26 1854 PI4DX         599 14 DX N7NM          599 3 WA
QSO: 14087 RY 2009-09-26 1856 PI4DX         599 14 DX RA6DE         599 16 DX
QSO: 14000 RY 2009-09-26 1858 PI4DX         599 14 DX W4YCC         599 05 SC
QSO: 14086 RY 2009-09-26 1858 PI4DX         599 14 DX AE5PW         599 4 AR
QSO: 14087 RY 2009-09-26 1859 PI4DX         599 14 DX HA7LW         599 15 DX
QSO: 21080 RY 2009-09-26 1859 PI4DX         599 14 CX4AAJ        599 13 DX
QSO: 21106 RY 2009-09-26 1859 PI4DX         599 14 DX LU1BJW        599 13 DX
QSO: 14088 RY 2009-09-26 1901 PI4DX         599 14 DX W2YR          599 05 NJ
QSO: 14088 RY 2009-09-26 1901 PI4DX         599 14 DX W3DQN         599 05 MD
QSO: 21000 RY 2009-09-26 1901 PI4DX         599 14 DX LV6D          599 13 DX
QSO: 14070 RY 2009-09-26 1905 PI4DX         599 14 dx CX1CCC        599 13 DX
QSO: 14088 RY 2009-09-26 1908 PI4DX         599 14 DX VA7ALK        599 3 BC
QSO: 21092 RY 2009-09-26 1908 PI4DX         599 14 DX PY1ME         599 11 DX
QSO: 14087 RY 2009-09-26 1909 PI4DX         599 14 RX4HZ         599 16 DX
QSO: 21000 RY 2009-09-26 1909 PI4DX         599 14 DX PU5AAD        599 11 DX
QSO: 14088 RY 2009-09-26 1913 PI4DX         599 14 DX K9CT          599 04 IL
QSO: 14087 RY 2009-09-26 1915 PI4DX         599 14 DX DJ1AA         599 14 DX
QSO: 14088 RY 2009-09-26 1917 PI4DX         599 14 DX KC0BMF        599 04 IA
QSO: 21103 RY 2009-09-26 1917 PI4DX         599 14 DX PA0LOU        599 14 DX
QSO: 14070 RY 2009-09-26 1918 PI4DX         599 14 DX N6AR          599 05 FL
QSO: 14088 RY 2009-09-26 1919 PI4DX         599 14 DX AA5AU         599 4 LA
QSO:  7035 RY 2009-09-26 1926 PI4DX         599 14 DX ER0/UT0FT     599 16 DX
QSO: 14099 RY 2009-09-26 1930 PI4DX         599 14 DX K0PC          599 04 MN
QSO: 14099 RY 2009-09-26 1932 PI4DX         599 14 DX TI5/WW4LL     599 07 DX
QSO: 14079 RY 2009-09-26 1945 PI4DX         599 14 DX N7GVV         599 4 IN
QSO: 14000 RY 2009-09-26 1948 PI4DX         599 14 DX KA2CYN        599 05 NY
QSO: 14081 RY 2009-09-26 1948 PI4DX         599 14 DX VE3JI         599 4 ON
QSO: 14081 RY 2009-09-26 1950 PI4DX         599 14 DX WB8MKH        599 04 MI
QSO: 14100 RY 2009-09-26 1950 PI4DX         599 14 DX N5VU          599 04 LA
QSO: 14078 RY 2009-09-26 1952 PI4DX         599 14 DX PW2B          599 11 DX
QSO: 14081 RY 2009-09-26 1952 PI4DX         599 14 DX CT3FQ         599 33 DX
QSO: 14083 RY 2009-09-26 2000 PI4DX         599 14 DX VO1TTY        599 05 NF
QSO: 14080 RY 2009-09-26 2001 PI4DX         599 14 dx EC4AIU        599 14 DX
QSO: 14081 RY 2009-09-26 2002 PI4DX         599 14 DX W6RKC         599 03 CA
QSO: 14081 RY 2009-09-26 2003 PI4DX         599 14 DX K0COP         599 05 SC
QSO: 14000 RY 2009-09-26 2005 PI4DX         599 14 DX AA4YL         599 4 AL
QSO: 14000 RY 2009-09-26 2005 PI4DX         599 14 DX W4HOD         599 4 AL
QSO: 14081 RY 2009-09-26 2009 PI4DX         599 14 DX N6TV          599 03 CA
QSO: 14081 RY 2009-09-26 2010 PI4DX         599 14 DX WA0LPV        599 04 MN
QSO: 14081 RY 2009-09-26 2011 PI4DX         599 14 DX K4MIL         599 05 VA
QSO: 14081 RY 2009-09-26 2012 PI4DX         599 14 DX AA7A          599 03 AZ
QSO: 28082 RY 2009-09-26 2016 PI4DX         599 14 DX LU1HF         599 13 DX
QSO: 14081 RY 2009-09-26 2018 PI4DX         599 14 DX AC0E          599 04 KS
QSO: 14081 RY 2009-09-26 2019 PI4DX         599 14 DX K7ZS          599 03 OR
QSO: 14080 RY 2009-09-26 2021 PI4DX         599 14 VE7BSM        599 03 BC
QSO: 14000 RY 2009-09-26 2024 PI4DX         599 14 DX KO7X          599 04 WY
QSO: 14070 RY 2009-09-26 2024 PI4DX         599 14 DX PD7BZ         599 14 DX
QSO: 14080 RY 2009-09-26 2025 PI4DX         599 14 DX N4OGW         599 04 MS
QSO: 14081 RY 2009-09-26 2027 PI4DX         599 14 DX K0AP          599 04 KS
QSO: 14081 RY 2009-09-26 2030 PI4DX         599 14 DX W0TY          599 04 MO
QSO: 21085 RY 2009-09-26 2030 PI4DX         599 14 DX EF8M          599 33 DX
QSO: 14081 RY 2009-09-26 2031 PI4DX         599 14 DX K9IUQ         599 04 IL
QSO: 14000 RY 2009-09-26 2032 PI4DX         599 14 dx K0IP          599 03 ID
QSO: 14081 RY 2009-09-26 2036 PI4DX         599 14 DX W6EU          599 03 CA
QSO: 14081 RY 2009-09-26 2036 PI4DX         599 14 DX W8JGU         599 04 OH
QSO: 14083 RY 2009-09-26 2036 PI4DX         599 14 DX VE5PV         599 04 SK
QSO: 14000 RY 2009-09-26 2037 PI4DX         599 01 DX WB0ULX        599 04 SD
QSO: 14081 RY 2009-09-26 2037 PI4DX         599 14 DX KE5OG         599 4 TX
QSO: 14081 RY 2009-09-26 2037 PI4DX         599 14 DX W1BYH         599 5 MA
QSO: 14000 RY 2009-09-26 2039 PI4DX         599 14 DX AG4W          599 04 AL
QSO: 14080 RY 2009-09-26 2041 PI4DX         599 14 DX KD9MS         599 04 IL
QSO: 14000 RY 2009-09-26 2042 PI4DX         599 14 DX KG5OO         599 04 TX
QSO: 14000 RY 2009-09-26 2043 PI4DX         599 14 DX W3PO          599 05 MD
QSO: 14081 RY 2009-09-26 2043 PI4DX         599 14 DX N8GU          599 04 OH
QSO: 14081 RY 2009-09-26 2046 PI4DX         599 14 DX N6CK          599 03 CA
QSO: 14000 RY 2009-09-26 2050 PI4DX         599 14 DX N3BUO         599 04 TX
QSO: 14000 RY 2009-09-26 2052 PI4DX         599 14 DX KB3LIX        599 05 PA
QSO: 14000 RY 2009-09-26 2055 PI4DX         599 14 DX CO8CML        599 08 DX
QSO: 14081 RY 2009-09-26 2056 PI4DX         599 14 DX WB4MAK        599 5 GA
QSO: 14081 RY 2009-09-26 2058 PI4DX         599 14 DX VE3FH         599 04 ON
QSO: 14080 RY 2009-09-26 2102 PI4DX         599 14 DX K4HTY         599 05 VA
QSO: 14081 RY 2009-09-26 2103 PI4DX         599 14 DX KA3FZN        599 05 PA
QSO: 14082 RY 2009-09-26 2103 PI4DX         599 14 DX AE5MM         599 04 OK
QSO: 14081 RY 2009-09-26 2105 PI4DX         599 14 DX WB5TUF        599 4 TX
QSO: 14083 RY 2009-09-26 2110 PI4DX         599 14 DX K0KT          599 04 IA
QSO: 14081 RY 2009-09-26 2113 PI4DX         599 14 DX K4GMH         599 05 VA
QSO: 14081 RY 2009-09-26 2114 PI4DX         599 14 DX K0JJR         599 04 MN
QSO: 14000 RY 2009-09-26 2116 PI4DX         599 14 DX W8KHP         599 04 KY
QSO: 14081 RY 2009-09-26 2117 PI4DX         599 14 DX N0NI          599 04 IA
QSO: 14082 RY 2009-09-26 2126 PI4DX         599 14 DX HK3W          599 09 DX
QSO:  7000 RY 2009-09-26 2130 PI4DX         599 14 DX EE9K          599 33 DX
QSO:  7073 RY 2009-09-26 2132 PI4DX         599 14 UA6GF         599 16 DX
QSO:  7000 RY 2009-09-26 2139 PI4DX         599 14 RD1AW         599 16 DX
QSO:  7070 RY 2009-09-26 2143 PI4DX         599 14 DX VK6IR         599 29 DX
QSO:  7067 RY 2009-09-26 2147 PI4DX         599 14 DX VA2UP         599 05 QC
QSO:  7000 RY 2009-09-26 2148 PI4DX         599 14 DX YP2U          599 20 DX
QSO:  7066 RY 2009-09-26 2152 PI4DX         599 14 DX OH2NT         599 15 DX
QSO:  7066 RY 2009-09-26 2153 PI4DX         599 14 DX SX1L          599 20 DX
QSO:  7040 RY 2009-09-26 2203 PI4DX         599 14 UX8ZA         599 16 DX
QSO:  7066 RY 2009-09-26 2203 PI4DX         599 14 DX ZX7A          599 11 DX
QSO:  7067 RY 2009-09-26 2203 PI4DX         599 14 DX W4PK          599 05 VA
QSO: 14126 RY 2009-09-26 2205 PI4DX         599 14 DX P49X          599 9 DX
QSO:  7040 RY 2009-09-26 2206 PI4DX         599 14 DX ER2RM         599 16 DX
QSO:  7067 RY 2009-09-26 2210 PI4DX         599 14 DX N3JT          599 05 VA
QSO:  7067 RY 2009-09-26 2210 PI4DX         599 14 DX UT2IO         599 16 DX
QSO:  7040 RY 2009-09-26 2214 PI4DX         599 14 ER5DX         599 16 DX
QSO:  7040 RY 2009-09-26 2215 PI4DX         599 14 DX PU5ATX        599 11 DX
QSO:  7066 RY 2009-09-26 2227 PI4DX         599 14 DX UY2UQ         599 16 DX
QSO:  7067 RY 2009-09-26 2227 PI4DX         599 14 DX NR4M          599 5 VA
QSO:  7066 RY 2009-09-26 2230 PI4DX         599 14 DX UX6IB         599 16 DX
QSO:  7000 RY 2009-09-26 2232 PI4DX         599 14 DX US8IBS        599 16 DX
QSO:  7065 RY 2009-09-26 2235 PI4DX         599 14 DX LZ2NKM        599 20 DX
QSO:  7000 RY 2009-09-26 2359 PI4DX         599 14 DX WB2JEP        599 05 SNJ
QSO:  7066 RY 2009-09-27 0002 PI4DX         599 14 DX ER0FEO        599 16 DX
QSO:  7067 RY 2009-09-27 0002 PI4DX         599 15 DX EV1R          599 16 DX
QSO:  7040 RY 2009-09-27 0003 PI4DX         599 14 DX RZ6BU         599 16 DX
QSO:  7066 RY 2009-09-27 0004 PI4DX         599 14 DX W8JGU         599 04 OH
QSO:  7065 RY 2009-09-27 0009 PI4DX         599 14 DX CS1CRE        599 14 DX
QSO:  7066 RY 2009-09-27 0009 PI4DX         599 14 DX VO1OR         599 05 NF
QSO:  7040 RY 2009-09-27 0010 PI4DX         599 14 DX UR5ETN        599 16 DX
QSO:  7066 RY 2009-09-27 0012 PI4DX         599 14 DX EW1NA         599 16 DX
QSO:  7000 RY 2009-09-27 0013 PI4DX         599 14 DX RK3FWA        599 16 DX
QSO:  7066 RY 2009-09-27 0013 PI4DX         599 14 DX WA2ETU        599 5 NY
QSO:  7066 RY 2009-09-27 0015 PI4DX         599 14 DX K4FPF         599 5 VA
QSO:  7068 RY 2009-09-27 0016 PI4DX         599 14 DX VA3XH         599 04 ON
QSO:  7000 RY 2009-09-27 0017 PI4DX         599 14 DX ER3ZZ         599 16 DX
QSO:  7066 RY 2009-09-27 0023 PI4DX         599 14 DX N2OPW         599 04 OH
QSO:  7066 RY 2009-09-27 0026 PI4DX         599 14 DX KA2KON        599 5 NH
QSO:  3583 RY 2009-09-27 0031 PI4DX         599 14 UT5PH         599 16 DX
QSO:  3585 RY 2009-09-27 0034 PI4DX         599 14 DX DQ4W          599 14 DX
QSO:  7053 RY 2009-09-27 0048 PI4DX         599 14 DX UN1L          599 17 DX
QSO:  7000 RY 2009-09-27 0050 PI4DX         599 14 DX UY7MM         599 16 DX
QSO:  7056 RY 2009-09-27 0050 PI4DX         599 14 DX NC4CS         599 05 NC
QSO:  7055 RY 2009-09-27 0052 PI4DX         599 14 DX YO7DAA        599 20 DX
QSO:  7071 RY 2009-09-27 0248 PI4DX         599 14 DX UT4ZG         599 16 DX
QSO:  7040 RY 2009-09-27 0249 PI4DX         599 14 DX LU6EE         599 13 DX
QSO:  7068 RY 2009-09-27 0256 PI4DX         599 14 DX HQ9R          599 07 DX
QSO:  7064 RY 2009-09-27 0258 PI4DX         599 14 DX AF4OX         599 5 SC
QSO:  3573 RY 2009-09-27 0300 PI4DX         599 14 DX OY3JE         599 14 DX
QSO:  7051 RY 2009-09-27 0300 PI4DX         599 14 DX 9A5BTP        599 15 9A
QSO:  7000 RY 2009-09-27 0302 PI4DX         599 14 DX RK9CWA        599 17 DX
QSO:  3592 RY 2009-09-27 0304 PI4DX         599 14 DX OV1A          599 14 DX
QSO:  3594 RY 2009-09-27 0307 PI4DX         599 15 DX SP4IRS        599 15 DX
QSO:  3594 RY 2009-09-27 0309 PI4DX         599 14 DX IK0XBX        599 15 DX
QSO:  3594 RY 2009-09-27 0311 PI4DX         599 14 DX IY1NGM        599 15 DX
QSO:  7064 RY 2009-09-27 0312 PI4DX         599 14 DX SV8RX         599 20 DX
QSO:  7065 RY 2009-09-27 0314 PI4DX         599 14 DX CT1BXT        599 14 DX
QSO:  3600 RY 2009-09-27 0315 PI4DX         599 14 DX UR3QXX        599 16 DX
QSO:  7066 RY 2009-09-27 0316 PI4DX         599 14 DX RU4CO         599 16 DX
QSO:  3500 RY 2009-09-27 0318 PI4DX         599 14 DX OH2ET         599 15 DX
QSO:  3594 RY 2009-09-27 0319 PI4DX         599 14 DX DL0CS         599 14 DX
QSO:  3594 RY 2009-09-27 0319 PI4DX         599 14 DX RA3MB         599 16 DX
QSO:  3500 RY 2009-09-27 0323 PI4DX         599 14 DX UR0IQ         599 16 DX
QSO:  3594 RY 2009-09-27 0324 PI4DX         599 14 DX YO9HP         599 20 DX
QSO:  7041 RY 2009-09-27 0324 PI4DX         599 14 DX EF8M          599 33 DX
QSO:  7039 RY 2009-09-27 0325 PI4DX         599 14 DX 5C5W          599 33 DX
QSO:  3500 RY 2009-09-27 0328 PI4DX         599 14 DX MI0M          599 14 DX
QSO:  3580 RY 2009-09-27 0329 PI4DX         599 14 DX E74AA         599 15 DX
QSO:  7064 RY 2009-09-27 0331 PI4DX         599 14 DX UY5TE         599 16 DX
QSO:  7062 RY 2009-09-27 0332 PI4DX         599 14 DX NP3D/W2       599 7 DX
QSO:  3500 RY 2009-09-27 0335 PI4DX         599 14 DX HA8IE         599 15 DX
QSO:  3500 RY 2009-09-27 0336 PI4DX         599 14 DX EI0W          599 14 DX
QSO:  7060 RY 2009-09-27 0336 PI4DX         599 14 RX4HZ         599 16 DX
QSO:  3500 RY 2009-09-27 0337 PI4DX         599 14 DX SV9CVY        599 20 DX
QSO:  7060 RY 2009-09-27 0338 PI4DX         599 14 DX P49X          599 9 DX
QSO:  3500 RY 2009-09-27 0340 PI4DX         599 14 DX IQ4RN         599 15 DX
QSO:  3589 RY 2009-09-27 0341 PI4DX         599 14 SK4TL         599 14 DX
QSO:  3580 RY 2009-09-27 0344 PI4DX         599 14 DX SY2V          599 20 DX
QSO:  3583 RY 2009-09-27 0346 PI4DX         599 14 DX F5OAM         599 14 DX
QSO:  3585 RY 2009-09-27 0347 PI4DX         599 14 DX YL2CI         599 15 DX
QSO:  7000 RY 2009-09-27 0348 PI4DX         599 14 DX WA1LWS        599 05 MD
QSO:  7056 RY 2009-09-27 0348 PI4DX         599 14 DX UT4HZ         599 16 DX
QSO:  7000 RY 2009-09-27 0349 PI4DX         599 14 DX RV3IC         599 16 DX
QSO:  7000 RY 2009-09-27 0350 PI4DX         599 14 DX HI8PLE        599 08 DX
QSO:  7057 RY 2009-09-27 0353 PI4DX         599 14 DX 4Z5CP         599 20 DX
QSO:  7057 RY 2009-09-27 0357 PI4DX         599 14 DX RO4W          599 16 DX
QSO:  3591 RY 2009-09-27 0400 PI4DX         599 14 DX YU7U          599 15 DX
QSO:  7057 RY 2009-09-27 0401 PI4DX         599 14 DX DR5N          599 14 DX
QSO:  7057 RY 2009-09-27 0402 PI4DX         599 14 DX RW6AH         599 16 DX
QSO:  7057 RY 2009-09-27 0403 PI4DX         599 14 DX RU3BU         599 16 DX
QSO:  7057 RY 2009-09-27 0405 PI4DX         599 14 DX RN4SN         599 16 DX
QSO:  7000 RY 2009-09-27 0408 PI4DX         599 14 DX OA4AHW        599 10 DX
QSO:  7057 RY 2009-09-27 0408 PI4DX         599 14 DX DQ4W          599 14 DX
QSO:  7000 RY 2009-09-27 0409 PI4DX         599 14 DX XE3N          599 06 DX
QSO:  7057 RY 2009-09-27 0412 PI4DX         599 14 DX DL0NS         599 14 DX
QSO:  7057 RY 2009-09-27 0412 PI4DX         599 14 DX DP4P          599 14 DX
QSO:  7057 RY 2009-09-27 0413 PI4DX         599 14 DX EO5M          599 16 DX
QSO:  7057 RY 2009-09-27 0415 PI4DX         599 14 DX SY1RY         599 20 SV
QSO:  7000 RY 2009-09-27 0420 PI4DX         599 14 DX Z37M          599 15 DX
QSO:  7037 RY 2009-09-27 0422 PI4DX         599 14 DX YT0A          599 15 DX
QSO:  7000 RY 2009-09-27 0424 PI4DX         599 14 DX AA4YL         599 4 AL
QSO:  7000 RY 2009-09-27 0424 PI4DX         599 14 DX LV6D          599 13 DX
QSO:  7000 RY 2009-09-27 0424 PI4DX         599 14 DX W4HOD         599 4 AL
QSO:  7058 RY 2009-09-27 0436 PI4DX         599 14 DX NA3M          599 05 MD
QSO:  7052 RY 2009-09-27 0437 PI4DX         599 14 DX CR3L          599 33 DX
QSO:  7069 RY 2009-09-27 0533 PI4DX         599 14 CO2KY         599 08 DX
QSO:  7053 RY 2009-09-27 0601 PI4DX         599 14 DX GI5K          599 14 14
QSO:  7060 RY 2009-09-27 0602 PI4DX         599 14 DX T70A          599 15 DX
QSO:  7053 RY 2009-09-27 0604 PI4DX         599 14 DX OH6R          599 15 DX
QSO:  7047 RY 2009-09-27 0605 PI4DX         599 14 DX OL6X          599 15 DX
QSO:  7040 RY 2009-09-27 0607 PI4DX         599 14 DX DL6UMF        599 14 DX
QSO:  7057 RY 2009-09-27 0609 PI4DX         599 14 DX OK2PF         599 15 DX
QSO:  3594 RY 2009-09-27 0612 PI4DX         599 14 DX W2FU          599 05 NY
QSO:  3590 RY 2009-09-27 0614 PI4DX         599 14 DX F8BNN         599 14 DX
QSO:  3500 RY 2009-09-27 0622 PI4DX         599 14 DX OZ7XE         599 14 DX
QSO:  3580 RY 2009-09-27 0623 PI4DX         599 14 DX IK3SSJ        599 15 DX
QSO: 21084 RY 2009-09-27 0626 PI4DX         599 14 DX VK3TDX        599 30 DX
QSO:  3578 RY 2009-09-27 0627 PI4DX         599 14 DX DJ6BQ         599 14 DX
QSO: 21104 RY 2009-09-27 0628 PI4DX         599 14 RA9SC         599 16 DX
QSO:  3577 RY 2009-09-27 0629 PI4DX         599 14 DX DJ1AA         599 14 DX
QSO:  3577 RY 2009-09-27 0631 PI4DX         599 14 DX G8MIA         599 14 DX
QSO:  3579 RY 2009-09-27 0631 PI4DX         599 14 DX OM/SQ9UM      599 15 DX
QSO:  3578 RY 2009-09-27 0632 PI4DX         599 14 DX K1TTT         599 05 MA
QSO:  3577 RY 2009-09-27 0633 PI4DX         599 14 DX AN2K          599 14 DX
QSO:  3577 RY 2009-09-27 0633 PI4DX         599 14 DX F6FTB         599 14 DX
QSO:  3577 RY 2009-09-27 0633 PI4DX         599 14 DX OH6R          599 15 DX
QSO:  3580 RY 2009-09-27 0639 PI4DX         599 14 DX DK3GI         599 14 DX
QSO: 21103 RY 2009-09-27 0642 PI4DX         599 14 RX4HZ         599 16 DX
QSO:  3577 RY 2009-09-27 0645 PI4DX         599 14 dx DH6BH         599 14 DX
QSO:  3578 RY 2009-09-27 0645 PI4DX         599 14 DX SP6DNZ        599 15 DX
QSO: 21096 RY 2009-09-27 0646 PI4DX         599 14 DX RG9A          599 17 DX
QSO: 21092 RY 2009-09-27 0647 PI4DX         599 14 DX UN8LWF        599 17 DX
QSO: 21100 RY 2009-09-27 0654 PI4DX         599 14 DX PI4W          599 14 DX
QSO: 14000 RY 2009-09-27 0658 PI4DX         599 14 DX JF1OPL        599 25 DX
QSO: 21100 RY 2009-09-27 0700 PI4DX         599 14 DX UA6CE         599 16 DX
QSO: 14080 RY 2009-09-27 0706 PI4DX         599 14 DX 5B/HG3IPA     599 20 5B
QSO: 14075 RY 2009-09-27 0709 PI4DX         599 14 DX RA9FTM        599 17 DX
QSO: 14076 RY 2009-09-27 0712 PI4DX         599 14 DX DR5N          599 14 DX
QSO: 21113 RY 2009-09-27 0712 PI4DX         599 14 DX H2E           599 20 DX
QSO: 14082 RY 2009-09-27 0714 PI4DX         599 14 DX UX5IO         599 16 DX
QSO: 14000 RY 2009-09-27 0723 PI4DX         599 14 DX UA0YAY        599 23 DX
QSO: 14082 RY 2009-09-27 0727 PI4DX         599 14 DX JH1GUO/4      599 25 DX
QSO: 21000 RY 2009-09-27 0730 PI4DX         599 14 DX SU1KM         599 34 DX
QSO: 14098 RY 2009-09-27 0733 PI4DX         599 14 EX8AI         599 17 DX
QSO: 14095 RY 2009-09-27 0734 PI4DX         599 14 DX UN1L          599 17 DX
QSO: 21100 RY 2009-09-27 0735 PI4DX         599 14 DX UA9SP         599 16 DX
QSO: 21097 RY 2009-09-27 0737 PI4DX         599 14 DX G6MC          599 14 DX
QSO: 14080 RY 2009-09-27 0738 PI4DX         599 14 DX EK6TA         599 21 DX
QSO: 14093 RY 2009-09-27 0738 PI4DX         599 14 DX EO5M          599 16 DX
QSO: 21094 RY 2009-09-27 0738 PI4DX         599 14 DX RZ4HZW        599 16 DX
QSO: 14098 RY 2009-09-27 0739 PI4DX         599 14 DX LA5TFA        599 14 DX
QSO: 21091 RY 2009-09-27 0741 PI4DX         599 14 DX LX7I          599 14 DX
QSO: 21089 RY 2009-09-27 0743 PI4DX         599 14 DX DQ4W          599 14 DX
QSO: 14102 RY 2009-09-27 0744 PI4DX         599 14 DX YO3APJ        599 20 DX
QSO: 14102 RY 2009-09-27 0745 PI4DX         599 14 DX JA7WQJ        599 25 DX
QSO: 21000 RY 2009-09-27 0745 PI4DX         599 14 DX RK9CWA        599 17 DX
QSO: 21080 RY 2009-09-27 0748 PI4DX         599 14 DX VU2NKS        599 22 DX
QSO: 21081 RY 2009-09-27 0752 PI4DX         599 14 DX US0MM         599 16 DX
QSO: 14000 RY 2009-09-27 0755 PI4DX         599 14 DX Z37M          599 15 DX
QSO: 14080 RY 2009-09-27 0801 PI4DX         599 14 YO5OHY        599 20 DX
QSO:  7056 RY 2009-09-27 0805 PI4DX         599 14 DX F8BNN         599 14 DX
QSO: 14102 RY 2009-09-27 0806 PI4DX         599 14 DX ES5Q          599 15 DX
QSO: 14102 RY 2009-09-27 0806 PI4DX         599 14 DX JR1NHD        599 25 DX
QSO: 14102 RY 2009-09-27 0807 PI4DX         599 14 DX IZ8BGY        599 15 DX
QSO:  7000 RY 2009-09-27 0807 PI4DX         599 14 DX F5VBT         599 14 DX
QSO: 14103 RY 2009-09-27 0808 PI4DX         599 14 DX EX2M          599 17 DX
QSO:  7000 RY 2009-09-27 0808 PI4DX         599 14 DX DM5JL         599 14 DX
QSO:  7039 RY 2009-09-27 0808 PI4DX         599 14 DX I2BZN         599 15 DX
QSO:  7040 RY 2009-09-27 0808 PI4DX         599 14 DX DL3WKG        599 14 DX
QSO: 14000 RY 2009-09-27 0809 PI4DX         599 14 DX JA1AYO        599 25 DX
QSO:  7054 RY 2009-09-27 0810 PI4DX         599 14 DX IV3AOL        599 15 DX
QSO:  7056 RY 2009-09-27 0815 PI4DX         599 14 DX DJ6BQ         599 14 DX
QSO:  7000 RY 2009-09-27 0816 PI4DX         599 14 DX DG5SBK        599 14 DX
QSO: 14120 RY 2009-09-27 0817 PI4DX         599 14 DX A73A          599 21 DX
QSO:  7057 RY 2009-09-27 0817 PI4DX         599 14 DX W4TMO         599 05 NC
QSO:  7058 RY 2009-09-27 0818 PI4DX         599 14 DX 9A8W          599 15 DX
QSO:  7000 RY 2009-09-27 0819 PI4DX         599 14 DX YW5T          599 09 DX
QSO:  7054 RY 2009-09-27 0820 PI4DX         599 14 I5WNN         599 15 DX
QSO:  7055 RY 2009-09-27 0820 PI4DX         599 14 DX DL1MAJ        599 14 DX
QSO:  7000 RY 2009-09-27 0821 PI4DX         599 14 DX HA8BE         599 15 DX
QSO:  7000 RY 2009-09-27 0822 PI4DX         599 14 DX EA3ALV        599 14 DX
QSO:  7056 RY 2009-09-27 0825 PI4DX         599 14 DX F6HRP         599 14 DX
QSO: 14102 RY 2009-09-27 0826 PI4DX         599 14 DX BD1TCC        599 24 DX
QSO:  7057 RY 2009-09-27 0826 PI4DX         599 14 DX G0HDV         599 14 DX
QSO:  7000 RY 2009-09-27 0831 PI4DX         599 14 DX SP6BEN        599 15 DX
QSO:  7057 RY 2009-09-27 0832 PI4DX         599 14 DX OM/SQ9UM      599 15 DX
QSO:  7057 RY 2009-09-27 0836 PI4DX         599 14 DX IZ3KSO        599 15 DX
QSO:  7056 RY 2009-09-27 0837 PI4DX         599 14 DX IZ3GOG        599 15 DX
QSO: 21100 RY 2009-09-27 0842 PI4DX         599 14 DX RN6MA         599 16 DX
QSO:  7000 RY 2009-09-27 0845 PI4DX         599 14 DX DK4JPC        599 14 DX
QSO:  7055 RY 2009-09-27 0845 PI4DX         599 14 DX F5GFA         599 14 DX
QSO:  7055 RY 2009-09-27 0849 PI4DX         599 14 IZ2PCJ        599 15 DX
QSO:  7055 RY 2009-09-27 0850 PI4DX         599 14 DX DF2RG         599 14 DX
QSO: 21088 RY 2009-09-27 0851 PI4DX         599 14 DX SV8RX         599 20 DX
QSO:  7058 RY 2009-09-27 0851 PI4DX         599 14 DX PA0LOU        599 14 DX
QSO: 14000 RY 2009-09-27 0857 PI4DX         599 14 DX JA1PJS        599 25 DX
QSO: 14000 RY 2009-09-27 0900 PI4DX         599 14 DX IT9AUH        599 15 DX
QSO: 14080 RY 2009-09-27 0903 PI4DX         599 14 DX UA0LKD        599 19 DX
QSO:  7054 RY 2009-09-27 0903 PI4DX         599 14 DX SP4CJA        599 15 DX
QSO: 14086 RY 2009-09-27 0906 PI4DX         599 14 UV5U          599 16 DX
QSO: 14086 RY 2009-09-27 0907 PI4DX         599 14 DX HA9PP         599 15 DX
QSO: 14086 RY 2009-09-27 0908 PI4DX         599 14 DX ZX2B          599 11 DX
QSO:  7055 RY 2009-09-27 0908 PI4DX         599 14 DX SP8EEX        599 15 DX
QSO:  7055 RY 2009-09-27 0909 PI4DX         599 14 dx DK3WN         599 14 DX
QSO: 14084 RY 2009-09-27 0910 PI4DX         599 14 DX OH2LNH        599 15 DX
QSO: 14086 RY 2009-09-27 0912 PI4DX         599 14 DX DQ4W          599 14 DX
QSO: 14000 RY 2009-09-27 0913 PI4DX         599 14 DX EI0W          599 14 DX
QSO:  7054 RY 2009-09-27 0915 PI4DX         599 14 dx DJ6TB         599 14 DX
QSO:  7055 RY 2009-09-27 0915 PI4DX         599 14 DX OH2RI         599 15 DX
QSO: 14087 RY 2009-09-27 0916 PI4DX         599 14 DX IZ4AFW        599 15 DX
QSO:  7000 RY 2009-09-27 0916 PI4DX         599 14 DX DR800GRZ      599 14 DX
QSO: 14086 RY 2009-09-27 0917 PI4DX         599 14 DX OH2NT         599 15 DX
QSO: 14200 RY 2009-09-27 0918 PI4DX         599 14 DX EA3GYK        599 14 DX
QSO: 14085 RY 2009-09-27 0919 PI4DX         599 14 DX UA1NFA        599 16 DX
QSO:  7040 RY 2009-09-27 0920 PI4DX         599 14 DX DL0ER         599 14 DX
QSO: 14086 RY 2009-09-27 0921 PI4DX         599 14 DX YU7AE         599 15 DX
QSO:  7055 RY 2009-09-27 0922 PI4DX         599 14 DX G0MTN         599 14 DX
QSO: 14000 RY 2009-09-27 0924 PI4DX         599 14 DX SP8NR         599 15 DX
QSO: 14086 RY 2009-09-27 0924 PI4DX         599 14 DX EA3ANE        599 14 DX
QSO: 14087 RY 2009-09-27 0925 PI4DX         599 14 DX RA9XF         599 17 DX
QSO: 14086 RY 2009-09-27 0926 PI4DX         599 14 DX DD5M          599 14 DX
QSO: 14000 RY 2009-09-27 0927 PI4DX         599 14 DX SP2HXY        599 15 DX
QSO: 14086 RY 2009-09-27 0929 PI4DX         599 14 DX JA7ZP         599 25 DX
QSO:  7056 RY 2009-09-27 0929 PI4DX         599 14 DX G3VAO         599 14 DX
QSO: 14000 RY 2009-09-27 0933 PI4DX         599 14 DX JA8CDG        599 25 DX
QSO: 14080 RY 2009-09-27 0933 PI4DX         599 14 DX EB3FLY        599 14 DX
QSO: 14086 RY 2009-09-27 0934 PI4DX         599 14 DX PA7LV         599 14 DX
QSO: 14000 RY 2009-09-27 0935 PI4DX         599 14 DX JA2AXB        599 25 DX
QSO:  7052 RY 2009-09-27 0935 PI4DX         599 14 DX PI4W          599 14 DX
QSO: 14088 RY 2009-09-27 0939 PI4DX         599 14 DX YL3CU         599 15 DX
QSO: 14086 RY 2009-09-27 0940 PI4DX         599 14 DX UA9FFV        599 17 DX
QSO: 14086 RY 2009-09-27 0942 PI4DX         599 14 DX JM1NKT        599 25 DX
QSO: 14080 RY 2009-09-27 0943 PI4DX         599 14 DX JA1SJV        599 25 DX
QSO: 21077 RY 2009-09-27 0945 PI4DX         599 14 DX UN1L          599 17 DX
QSO: 21077 RY 2009-09-27 0947 PI4DX         599 14 DX UT4ZG         599 16 DX
QSO: 14000 RY 2009-09-27 0948 PI4DX         599 14 DX EC1CTV        599 14 DX
QSO: 14086 RY 2009-09-27 0950 PI4DX         599 14 DX YL2TB         599 15 DX
QSO: 14086 RY 2009-09-27 0951 PI4DX         599 14 DX ZM2A          599 32 DX
QSO: 14086 RY 2009-09-27 0953 PI4DX         599 14 DX OK2PCL        599 15 DX
QSO: 14000 RY 2009-09-27 0956 PI4DX         599 14 DX OK1LO         599 15 DX
QSO: 14080 RY 2009-09-27 0957 PI4DX         599 14 RK4PB         599 16 DX
QSO: 21089 RY 2009-09-27 0957 PI4DX         599 14 UR7GO         599 16 DX
QSO: 14050 RY 2009-09-27 0958 PI4DX         599 14 DX G0DAY         599 14 DX
QSO: 14086 RY 2009-09-27 0958 PI4DX         599 14 DX SM5CNQ        599 14 DX
QSO: 28096 RY 2009-09-27 1004 PI4DX         599 14 DX PI4W          599 14 DX
QSO: 21092 RY 2009-09-27 1005 PI4DX         599 14 DX VR2YYW        599 24 DX
QSO: 28085 RY 2009-09-27 1024 PI4DX         599 14 DX LX7I          599 14 DX
QSO: 28150 RY 2009-09-27 1026 PI4DX         599 14 DX PD7BZ         599 14 DX
QSO: 28087 RY 2009-09-27 1031 PI4DX         599 14 DX ON6LEO        599 14 DX
QSO: 21080 RY 2009-09-27 1036 PI4DX         599 14 DX UR7EY         599 16 DX
QSO: 21093 RY 2009-09-27 1037 PI4DX         599 14 DX UT8EL         599 16 DX
QSO: 28000 RY 2009-09-27 1038 PI4DX         599 14 DX OH2ET         599 15 DX
QSO: 28099 RY 2009-09-27 1040 PI4DX         599 14 dx DH6BH         599 14 DX
QSO: 21000 RY 2009-09-27 1044 PI4DX         599 14 DX SP5NHK        599 15 DX
QSO: 21096 RY 2009-09-27 1044 PI4DX         599 14 DX 7Z1SJ         599 21 DX
QSO: 14085 RY 2009-09-27 1050 PI4DX         599 14 TK/DF6ZY      599 15 DX
QSO: 21112 RY 2009-09-27 1050 PI4DX         599 14 DX SX1L          599 20 DX
QSO: 14000 RY 2009-09-27 1051 PI4DX         599 14 DX IZ0PSC        599 15 DX
QSO: 21000 RY 2009-09-27 1051 PI4DX         599 14 DX ZC4VJ         599 20 DX
QSO: 14000 RY 2009-09-27 1054 PI4DX         599 14 DX JA1PTJ        599 25 DX
QSO: 14079 RY 2009-09-27 1054 PI4DX         599 14 DX JF1PJK        599 25 DX
QSO: 14080 RY 2009-09-27 1056 PI4DX         599 14 DX EW7LE         599 16 DX
QSO: 21080 RY 2009-09-27 1059 PI4DX         599 14 DX UT8IM         599 16 DX
QSO: 21000 RY 2009-09-27 1101 PI4DX         599 14 DX PU2LGR        599 11 DX
QSO: 21078 RY 2009-09-27 1101 PI4DX         599 14 DX OM8A          599 15 DX
QSO: 14000 RY 2009-09-27 1105 PI4DX         599 14 DX RA2FB         599 15 DX
QSO: 14078 RY 2009-09-27 1105 PI4DX         599 14 RK6AQM        599 16 DX
QSO: 14080 RY 2009-09-27 1106 PI4DX         599 14 DX EU1AZ         599 16 DX
QSO: 14080 RY 2009-09-27 1106 PI4DX         599 14 DX RN3QQ         599 16 DX
QSO: 21000 RY 2009-09-27 1106 PI4DX         599 14 DX SV9CVY        599 20 DX
QSO: 14000 RY 2009-09-27 1108 PI4DX         599 14 DX KG1V          599 05 NH
QSO: 14000 RY 2009-09-27 1109 PI4DX         599 14 UK7AZ         599 17 DX
QSO: 14078 RY 2009-09-27 1109 PI4DX         599 14 DX RX6HT         599 16 DX
QSO: 14000 RY 2009-09-27 1110 PI4DX         599 14 DX YP2U          599 20 DX
QSO: 14078 RY 2009-09-27 1112 PI4DX         599 14 DX RA9RR         599 17 DX
QSO: 21000 RY 2009-09-27 1115 PI4DX         599 14 DX UU7J          599 16 DX
QSO: 14078 RY 2009-09-27 1116 PI4DX         599 14 DX SP4IRS        599 15 DX
QSO: 21091 RY 2009-09-27 1117 PI4DX         599 14 DX UA4WCM        599 16 DX
QSO: 21095 RY 2009-09-27 1118 PI4DX         599 14 DX UX0FF         599 16 DX
QSO: 14079 RY 2009-09-27 1119 PI4DX         599 14 DX VE3XD         599 4 ON
QSO: 14000 RY 2009-09-27 1120 PI4DX         599 14 DX RA6FUZ        599 16 DX
QSO: 21102 RY 2009-09-27 1121 PI4DX         599 14 DX F5JY          599 14 DX
QSO: 14076 RY 2009-09-27 1123 PI4DX         599 14 DX K9SG          599 4 IN
QSO: 14079 RY 2009-09-27 1126 PI4DX         599 14 DX OH8GBO        599 15 DX
QSO: 21000 RY 2009-09-27 1126 PI4DX         599 14 DX UY7MM         599 16 DX
QSO: 14079 RY 2009-09-27 1129 PI4DX         599 14 DX J39BS         599 08 DX
QSO: 14077 RY 2009-09-27 1131 PI4DX         599 14 DX SP4CJA        599 15 DX
QSO: 21098 RY 2009-09-27 1132 PI4DX         599 14 DX RA9AMO        599 17 DX
QSO: 21000 RY 2009-09-27 1133 PI4DX         599 14 DX EA7ISH        599 14 DX
QSO: 21000 RY 2009-09-27 1135 PI4DX         599 14 DX 4Z8BB         599 20 DX
QSO: 21090 RY 2009-09-27 1136 PI4DX         599 14 DX YO3JF         599 20 DX
QSO: 14000 RY 2009-09-27 1137 PI4DX         599 14 DX RA0WHE        599 18 DX
QSO: 14079 RY 2009-09-27 1139 PI4DX         599 14 DX W4TMO         599 05 NC
QSO: 14079 RY 2009-09-27 1141 PI4DX         599 14 DX JA7BME        599 25 DX
QSO: 21000 RY 2009-09-27 1141 PI4DX         599 14 DX EI0W          599 14 DX
QSO: 14078 RY 2009-09-27 1145 PI4DX         599 14 DX HG3FMZ        599 15 DX
QSO: 21082 RY 2009-09-27 1148 PI4DX         599 14 DX YO9HP         599 20 DX
QSO: 14080 RY 2009-09-27 1149 PI4DX         599 14 YO7LGI        599 20 DX
QSO: 21080 RY 2009-09-27 1152 PI4DX         599 14 TA7AO         599 20 DX
QSO: 14081 RY 2009-09-27 1155 PI4DX         599 14 DX IT9JDH        599 15 DX
QSO: 21117 RY 2009-09-27 1157 PI4DX         599 14 DX ZS2I          599 38 DX
QSO: 14077 RY 2009-09-27 1159 PI4DX         599 14 DX OM7OM         599 15 DX
QSO: 14078 RY 2009-09-27 1159 PI4DX         599 14 DX K3NK          599 05 PA
QSO: 14079 RY 2009-09-27 1159 PI4DX         599 14 DX WA2ETU        599 5 NY
QSO: 21096 RY 2009-09-27 1202 PI4DX         599 14 DX EA5DKU        599 14 DX
QSO: 14000 RY 2009-09-27 1203 PI4DX         599 14 DX HA6NL         599 15 DX
QSO: 14078 RY 2009-09-27 1203 PI4DX         599 14 DX SQ8LEC        599 15 DX
QSO: 21080 RY 2009-09-27 1204 PI4DX         599 14 DX 3V8SS         599 33 DX
QSO: 14000 RY 2009-09-27 1205 PI4DX         599 14 DX UN8PIM        599 17 DX
QSO: 14078 RY 2009-09-27 1205 PI4DX         599 14 DX UN9LU         599 17 DX
QSO: 14078 RY 2009-09-27 1205 PI4DX         599 14 DX UT5ECZ        599 16 DX
QSO: 14078 RY 2009-09-27 1207 PI4DX         599 14 DX UR5WCA        599 16 DX
QSO: 14000 RY 2009-09-27 1212 PI4DX         599 14 DX OM3KWZ        599 15 DX
QSO: 21098 RY 2009-09-27 1212 PI4DX         599 14 DX P49X          599 9 DX
QSO: 14081 RY 2009-09-27 1214 PI4DX         599 14 DX N3CHX         599 05 PA
QSO: 14079 RY 2009-09-27 1215 PI4DX         599 14 DX BV1EK         599 24 DX
QSO: 14078 RY 2009-09-27 1216 PI4DX         599 14 DX GM5A          599 14 DX
QSO: 14079 RY 2009-09-27 1216 PI4DX         599 14 DX VR2XLN        599 24 DX
QSO: 21090 RY 2009-09-27 1216 PI4DX         599 14 DX 5C5W          599 33 DX
QSO: 14000 RY 2009-09-27 1218 PI4DX         599 14 DX K3GMT         599 05 PA
QSO: 14078 RY 2009-09-27 1219 PI4DX         599 14 DX UT2IO         599 16 DX
QSO: 14081 RY 2009-09-27 1219 PI4DX         599 14 DX W3BW          599 05 MD
QSO: 21080 RY 2009-09-27 1219 PI4DX         599 14 DX EC1AJV        599 143 DX
QSO: 21000 RY 2009-09-27 1223 PI4DX         599 14 DX HI3TEJ        599 08 DX
QSO: 14078 RY 2009-09-27 1227 PI4DX         599 14 DX VE2FK         599 05 QC
QSO: 14000 RY 2009-09-27 1228 PI4DX         599 14 DX A61BK         599 21 DX
QSO: 14078 RY 2009-09-27 1231 PI4DX         599 14 DX YO9HP         599 20 DX
QSO: 14000 RY 2009-09-27 1236 PI4DX         599 14 DX N3INJ         599 05 PA
QSO: 14079 RY 2009-09-27 1236 PI4DX         599 14 DX IT9ZMX        599 15 DX
QSO: 14078 RY 2009-09-27 1239 PI4DX         599 14 DX N4WW          599 05 FL
QSO: 14078 RY 2009-09-27 1244 PI4DX         599 14 DX SQ3RX         599 15 DX
QSO: 14078 RY 2009-09-27 1249 PI4DX         599 14 DX N1SV          599 05 MA
QSO: 21089 RY 2009-09-27 1250 PI4DX         599 14 DX YV1FM         599 09 DX
QSO: 21075 RY 2009-09-27 1301 PI4DX         599 14 J79ZG         599 08 DX
QSO:  7037 RY 2009-09-27 1301 PI4DX         599 14 DX G9M           599 14 DX
QSO:  7039 RY 2009-09-27 1303 PI4DX         599 14 DX S56WPF        599 15 DX
QSO:  7039 RY 2009-09-27 1304 PI4DX         599 14 HF70W         599 15 DX
QSO:  7047 RY 2009-09-27 1306 PI4DX         599 14 DX DF4WC         599 14 DX
QSO: 21000 RY 2009-09-27 1311 PI4DX         599 14 DX 9A5Y          599 15 DX
QSO:  7050 RY 2009-09-27 1313 PI4DX         599 14 DX DL1NEO        599 14 DX
QSO:  7049 RY 2009-09-27 1314 PI4DX         599 14 DX DL4EAX        599 14 DX
QSO:  7040 RY 2009-09-27 1315 PI4DX         599 14 DX PE2KP         599 14 DX
QSO: 21084 RY 2009-09-27 1316 PI4DX         599 14 DX PW2B          599 11 DX
QSO:  7050 RY 2009-09-27 1322 PI4DX         599 14 DX SP3GXH        599 15 DX
QSO: 21078 RY 2009-09-27 1325 PI4DX         599 14 DX PI4CC         599 14 DX
QSO: 21080 RY 2009-09-27 1326 PI4DX         599 15 DX EU1DX         599 16 DX
QSO: 14057 RY 2009-09-27 1332 PI4DX         599 14 DX SO6I          599 15 DX
QSO: 14089 RY 2009-09-27 1333 PI4DX         599 14 DX IS0GQX        599 15 DX
QSO: 14096 RY 2009-09-27 1341 PI4DX         599 14 RX6AM         599 16 DX
QSO: 14093 RY 2009-09-27 1343 PI4DX         599 14 DX JA6FGC        599 25 DX
QSO: 14098 RY 2009-09-27 1347 PI4DX         599 14 DX VK4BL         599 30 DX
QSO: 14000 RY 2009-09-27 1349 PI4DX         599 14 DX SM2JUR        599 14 DX
QSO: 14094 RY 2009-09-27 1350 PI4DX         599 14 DX YT5W          599 15 DX
QSO: 28084 RY 2009-09-27 1354 PI4DX         599 14 DX PA2W          599 14 DX
QSO: 14095 RY 2009-09-27 1355 PI4DX         599 14 DX EA2CYJ        599 14 DX
QSO: 14080 RY 2009-09-27 1401 PI4DX         599 14 DX UN7CN         599 17 DX
QSO:  7000 RY 2009-09-27 1402 PI4DX         599 14 DX HA8IE         599 15 DX
QSO:  7050 RY 2009-09-27 1402 PI4DX         599 14 DX PA0VHA        599 14 EU
QSO:  7000 RY 2009-09-27 1403 PI4DX         599 14 DX G0HVQ         599 14 DX
QSO:  7000 RY 2009-09-27 1404 PI4DX         599 14 DX DF5BX         599 14 DX
QSO:  7050 RY 2009-09-27 1404 PI4DX         599 14 DX G4MUL         599 14 DX
QSO:  7000 RY 2009-09-27 1406 PI4DX         599 14 DX DL8MBS        599 14 DX
QSO:  7040 RY 2009-09-27 1407 PI4DX         599 14 DX DL8NBE        599 14 DX
QSO:  7000 RY 2009-09-27 1408 PI4DX         599 14 DX OZ6TL         599 14 DX
QSO:  7048 RY 2009-09-27 1408 PI4DX         599 14 DX IQ1NO         599 15 DX
QSO: 21097 RY 2009-09-27 1410 PI4DX         599 14 DX LU3DX         599 13 DX
QSO: 21096 RY 2009-09-27 1411 PI4DX         599 14 DX LU3DX         599 13 DX
QSO: 21095 RY 2009-09-27 1412 PI4DX         599 14 DX PS7YL         599 11 DX
QSO:  7000 RY 2009-09-27 1413 PI4DX         599 14 DX IK2NCF        599 15 DX
QSO:  7000 RY 2009-09-27 1413 PI4DX         599 14 DX OK1FHI        599 15 DX
QSO: 21096 RY 2009-09-27 1415 PI4DX         599 14 DX W4ZE          599 5 FL
QSO:  7000 RY 2009-09-27 1415 PI4DX         599 14 DX DL1EAL        599 14 DX
QSO:  7050 RY 2009-09-27 1416 PI4DX         599 14 OM7PY         599 15 DX
QSO:  7050 RY 2009-09-27 1419 PI4DX         599 14 DX RW3SB         599 16 DX
QSO: 21000 RY 2009-09-27 1420 PI4DX         599 14 dx LU1IBL        599 13 DX
QSO: 21095 RY 2009-09-27 1423 PI4DX         599 14 DX K1TTT         599 05 MA
QSO:  7040 RY 2009-09-27 1423 PI4DX         599 14 OK2PQS        599 15 DX
QSO: 21097 RY 2009-09-27 1428 PI4DX         599 14 DX K1IB          599 05 VT
QSO: 14114 RY 2009-09-27 1431 PI4DX         599 14 DX YC2LEV        599 28 DX
QSO: 21096 RY 2009-09-27 1434 PI4DX         599 14 DX WY3P          599 05 VA
QSO: 21066 RY 2009-09-27 1435 PI4DX         599 14 DX N6AR          599 05 FL
QSO: 14116 RY 2009-09-27 1436 PI4DX         599 14 DX VR2ZRE        599 24 HK
QSO: 21096 RY 2009-09-27 1440 PI4DX         599 14 DX W3DQN         599 05 MD
QSO: 14116 RY 2009-09-27 1445 PI4DX         599 14 DX SP4MPH        599 15 DX
QSO: 14124 RY 2009-09-27 1450 PI4DX         599 14 DX VU2LBW        599 22 DX
QSO: 14000 RY 2009-09-27 1452 PI4DX         599 14 DX E21YDP        599 26 DX
QSO: 14000 RY 2009-09-27 1455 PI4DX         599 14 DX ZC4VJ         599 20 DX
QSO: 14092 RY 2009-09-27 1456 PI4DX         599 14 DX LX7I          599 14 DX
QSO: 14080 RY 2009-09-27 1458 PI4DX         599 14 TA7AO         599 20 DX
QSO: 14000 RY 2009-09-27 1501 PI4DX         599 14 DX OH2ET         599 15 DX
QSO: 14080 RY 2009-09-27 1505 PI4DX         599 14 YT6T          599 15 DX
QSO: 14103 RY 2009-09-27 1509 PI4DX         599 14 DX YO5CUQ        599 20 DX
QSO: 21088 RY 2009-09-27 1509 PI4DX         599 14 DX WX4TM         599 4 AL
QSO: 14000 RY 2009-09-27 1510 PI4DX         599 14 DX IZ2JPN        599 15 DX
QSO: 14105 RY 2009-09-27 1511 PI4DX         599 14 DX RZ3AIU        599 16 DX
QSO: 14106 RY 2009-09-27 1512 PI4DX         599 14 DX KT6YL         599 03 CA
QSO: 14105 RY 2009-09-27 1518 PI4DX         599 14 DX UN6P          599 17 DX
QSO: 14080 RY 2009-09-27 1519 PI4DX         599 14 DX RW6BN         599 16 DX
QSO: 14080 RY 2009-09-27 1520 PI4DX         599 14 DX LZ9R          599 20 DX
QSO: 14106 RY 2009-09-27 1525 PI4DX         599 14 DX 9M6YBG        599 28 DX
QSO: 14000 RY 2009-09-27 1526 PI4DX         599 14 DX UX4FC         599 16 DX
QSO: 14105 RY 2009-09-27 1527 PI4DX         599 14 DX UY8LM         599 16 DX
QSO: 14106 RY 2009-09-27 1528 PI4DX         599 14 DX W1ZK          599 5 VT
QSO: 14106 RY 2009-09-27 1531 PI4DX         599 14 DX K7BTW         599 03 WA
QSO: 14000 RY 2009-09-27 1536 PI4DX         599 14 DX UA3XAC        599 16 DX
QSO: 14107 RY 2009-09-27 1538 PI4DX         599 14 DX KI6DY         599 04 KS
QSO: 14080 RY 2009-09-27 1541 PI4DX         599 14 LY2FN         599 15 DX
QSO: 14107 RY 2009-09-27 1542 PI4DX         599 14 DX WB0N          599 04 MN
QSO: 28085 RY 2009-09-27 1545 PI4DX         599 14 DX DL5KUT        599 14 DX
QSO: 14000 RY 2009-09-27 1548 PI4DX         599 14 DX RX6LD         599 16 DX
QSO: 14105 RY 2009-09-27 1549 PI4DX         599 14 DX K5DHY         599 04 TX
QSO: 14103 RY 2009-09-27 1553 PI4DX         599 14 DX UR8EQ         599 16 DX
QSO: 14106 RY 2009-09-27 1555 PI4DX         599 14 DX K7EG          599 03 WA
QSO: 14106 RY 2009-09-27 1555 PI4DX         599 14 DX NE1I          599 05 NH
QSO: 14111 RY 2009-09-27 1556 PI4DX         599 14 DX W9FF          599 04 IL
QSO: 14079 RY 2009-09-27 1602 PI4DX         599 14 UT5UKY        599 16 DX
QSO: 14080 RY 2009-09-27 1606 PI4DX         599 14 UA4HJ         599 16 DX
QSO: 14106 RY 2009-09-27 1610 PI4DX         599 14 DX W7WHY         599 03 OR
QSO: 14106 RY 2009-09-27 1611 PI4DX         599 14 DX W1NR          599 05 MA
QSO: 14106 RY 2009-09-27 1613 PI4DX         599 14 DX N0OK          599 04 MN
QSO: 14106 RY 2009-09-27 1613 PI4DX         599 14 DX VE7CC         599 03 BC
QSO: 14105 RY 2009-09-27 1614 PI4DX         599 14 DX RZ4HZW        599 16 DX
QSO: 14000 RY 2009-09-27 1617 PI4DX         599 14 DX YT2U          599 15 DX
QSO: 14106 RY 2009-09-27 1617 PI4DX         599 14 DX VA3PL         599 04 ON
QSO: 14079 RY 2009-09-27 1618 PI4DX         599 14 DX US1IV         599 16 DX
QSO: 14080 RY 2009-09-27 1619 PI4DX         599 14 DX KD7MSC        599 03 OR
QSO: 14106 RY 2009-09-27 1620 PI4DX         599 14 DX N2WN          599 04 TN
QSO: 14104 RY 2009-09-27 1622 PI4DX         599 14 DX AD7XZ         599 03 OR
QSO: 14105 RY 2009-09-27 1623 PI4DX         599 14 DX DJ8EW         599 14 DX
QSO: 14106 RY 2009-09-27 1623 PI4DX         599 14 DX WG0M          599 4 MN
QSO: 14105 RY 2009-09-27 1625 PI4DX         599 14 DX RW9SZ         599 16 DX
QSO: 14105 RY 2009-09-27 1627 PI4DX         599 14 DX UR7QM         599 16 DX
QSO: 14104 RY 2009-09-27 1628 PI4DX         599 14 DX W4TMO         599 05 NC
QSO: 14105 RY 2009-09-27 1628 PI4DX         599 14 DX DK2CX         599 14 DX
QSO: 14106 RY 2009-09-27 1632 PI4DX         599 14 DX K6KR          599 3 WA
QSO: 14000 RY 2009-09-27 1633 PI4DX         599 14 DX RW3AI         599 16 DX
QSO: 14000 RY 2009-09-27 1633 PI4DX         599 14 DX YW4D          599 09 DX
QSO:  7000 RY 2009-09-27 1634 PI4DX         599 14 DX EA7CVF        599 14 DX
QSO: 14000 RY 2009-09-27 1635 PI4DX         599 14 DX RA4HL         599 16 DX
QSO: 14000 RY 2009-09-27 1637 PI4DX         599 14 DX UR5FEL        599 16 DX
QSO: 14106 RY 2009-09-27 1638 PI4DX         599 14 DX WN6K          599 3 CA
QSO: 14105 RY 2009-09-27 1642 PI4DX         599 14 DX DL1MAJ        599 14 DX
QSO: 14105 RY 2009-09-27 1644 PI4DX         599 14 RV3YR         599 16 DX
QSO: 14106 RY 2009-09-27 1645 PI4DX         599 14 DX AD4EB         599 04 TN
QSO: 14106 RY 2009-09-27 1650 PI4DX         599 14 DX VE2SB         599 5 QC
QSO: 14080 RY 2009-09-27 1652 PI4DX         599 14 DX EU1DX         599 16 DX
QSO: 14106 RY 2009-09-27 1652 PI4DX         599 14 DX WB1EDI        599 05 NH
QSO: 14107 RY 2009-09-27 1652 PI4DX         599 15 DX NQ7R          599 03 AZ
QSO: 14105 RY 2009-09-27 1654 PI4DX         599 14 DX YO5AEX        599 20 DX
QSO:  7051 RY 2009-09-27 1655 PI4DX         599 14 DX UA9AX         599 17 DX
QSO: 14105 RY 2009-09-27 1656 PI4DX         599 14 DX RU4HP         599 16 DX
QSO: 14106 RY 2009-09-27 1656 PI4DX         599 14 DX VE6YR         599 04 AB
QSO: 14106 RY 2009-09-27 1657 PI4DX         599 14 DX KD5JAA        599 04 NM
QSO:  7050 RY 2009-09-27 1657 PI4DX         599 14 DX RV4LC         599 16 DX
QSO: 14000 RY 2009-09-27 1658 PI4DX         599 14 PA AE4EC         599 05 Nc
QSO: 14106 RY 2009-09-27 1701 PI4DX         599 03 DX K6CDJ         599 03 CA
QSO: 14106 RY 2009-09-27 1703 PI4DX         599 14 DX K0CF          599 4 IA
QSO: 14106 RY 2009-09-27 1703 PI4DX         599 14 DX NT0F          599 04 IA
QSO:  7050 RY 2009-09-27 1703 PI4DX         599 14 DX RX0AT         599 18 DX
QSO: 14106 RY 2009-09-27 1704 PI4DX         599 14 DX WO4O          599 04 TN
QSO:  7045 RY 2009-09-27 1710 PI4DX         599 14 DX ES5Q          599 15 DX
QSO: 14106 RY 2009-09-27 1711 PI4DX         599 14 DX WD8RYC        599 04 TN
QSO: 14106 RY 2009-09-27 1713 PI4DX         599 14 DX W0EM          599 04 CO
QSO: 14000 RY 2009-09-27 1714 PI4DX         599 14 DX HI8PLE        599 08 DX
QSO: 14000 RY 2009-09-27 1715 PI4DX         599 14 DX RK3DXZ        599 16 DX
QSO: 14000 RY 2009-09-27 1715 PI4DX         599 14 DX YO2IS         599 20 DX
QSO: 14106 RY 2009-09-27 1717 PI4DX         599 14 DX VE2FXL        599 05 QC
QSO:  7059 RY 2009-09-27 1717 PI4DX         599 14 DX YL3CU         599 15 DX
QSO: 14106 RY 2009-09-27 1718 PI4DX         599 14 DX AI9L          599 04 IL
QSO: 14106 RY 2009-09-27 1718 PI4DX         599 14 DX W1UJ          599 05 MA
QSO: 14080 RY 2009-09-27 1721 PI4DX         599 14 ER5DX         599 16 DX
QSO: 14106 RY 2009-09-27 1758 PI4DX         599 14 DX KJ6RA         599 3 CA
QSO:  7050 RY 2009-09-27 1759 PI4DX         599 14 DX DG9MDM        599 14 DX
QSO: 14105 RY 2009-09-27 1800 PI4DX         599 14 DX RA3BB         599 16 DX
QSO:  7049 RY 2009-09-27 1800 PI4DX         599 14 DX DM2RG         599 14 DX
QSO:  7000 RY 2009-09-27 1801 PI4DX         599 14 DX UA3XAC        599 16 DX
QSO:  7048 RY 2009-09-27 1802 PI4DX         599 14 DX RN3DFN        599 16 DX
QSO: 14000 RY 2009-09-27 1807 PI4DX         599 14 DX K7ZD          599 03 AZ
QSO: 14105 RY 2009-09-27 1808 PI4DX         599 14 F4FDR         599 14 DX
QSO:  7048 RY 2009-09-27 1808 PI4DX         599 14 DX DL1RG         599 14 DX
QSO:  7039 RY 2009-09-27 1811 PI4DX         599 14 US6CQ         599 16 DX
QSO:  7039 RY 2009-09-27 1813 PI4DX         599 14 DX OK1KMG        599 15 DX
QSO:  7040 RY 2009-09-27 1815 PI4DX         599 14 DX DM3HZN        599 14 DX
QSO:  7048 RY 2009-09-27 1818 PI4DX         599 14 DX UT1IM         599 16 DX
QSO:  7046 RY 2009-09-27 1819 PI4DX         599 14 DX OH2LNH        599 15 DX
QSO:  7048 RY 2009-09-27 1819 PI4DX         599 14 SP1DMD        599 15 DX
QSO:  7048 RY 2009-09-27 1820 PI4DX         599 14 DX BA4T          599 24 DX
QSO:  7047 RY 2009-09-27 1821 PI4DX         599 14 DX DL3G          599 14 DX
QSO:  7048 RY 2009-09-27 1822 PI4DX         599 14 DX UT5ECZ        599 16 DX
QSO: 14095 RY 2009-09-27 1824 PI4DX         599 14 DX 5C5W          599 33 DX
QSO: 14079 RY 2009-09-27 1825 PI4DX         599 14 DX C37URE        599 14 DX
QSO: 14088 RY 2009-09-27 1831 PI4DX         599 14 DX RX3MM         599 16 DX
QSO: 14088 RY 2009-09-27 1834 PI4DX         599 14 DX K1TTT         599 05 MA
QSO:  7000 RY 2009-09-27 1834 PI4DX         599 14 DX LA1IO         599 14 DX
QSO:  7050 RY 2009-09-27 1836 PI4DX         599 14 DX SO6I          599 15 DX
QSO: 14088 RY 2009-09-27 1837 PI4DX         599 14 DX AY4D          599 13 DX
QSO:  7000 RY 2009-09-27 1841 PI4DX         599 14 DX JA5SUD        599 25 DX
QSO: 14081 RY 2009-09-27 1842 PI4DX         599 14 DX NM1W          599 05 NH
QSO: 14000 RY 2009-09-27 1844 PI4DX         599 14 DX US5MPO        599 16 DX
QSO:  7000 RY 2009-09-27 1844 PI4DX         599 15 dx EA1AW         599 14 DX
QSO:  7000 RY 2009-09-27 1844 PI4DX         599 14 DX EA3GYK        599 14 DX
QSO: 14000 RY 2009-09-27 1850 PI4DX         599 14 DX SV9CVY        599 20 DX
QSO:  7051 RY 2009-09-27 1850 PI4DX         599 14 DX RA9FTM        599 17 DX
QSO:  7040 RY 2009-09-27 1852 PI4DX         599 14 DX SP6XP         599 15 DX
QSO:  7050 RY 2009-09-27 1852 PI4DX         599 14 DX F5OAM         599 14 DX
QSO:  7050 RY 2009-09-27 1856 PI4DX         599 14 DX G6MC          599 14 DX
QSO:  7040 RY 2009-09-27 1857 PI4DX         599 14 DX EW7LE         599 16 DX
QSO:  7050 RY 2009-09-27 1901 PI4DX         599 14 DX UA2FFW        599 15 DX
QSO:  7050 RY 2009-09-27 1902 PI4DX         599 14 F4FDR         599 14 DX
QSO: 14080 RY 2009-09-27 1903 PI4DX         599 14 DX PY2BRZ        599 11 DX
QSO:  7049 RY 2009-09-27 1904 PI4DX         599 14 DX F5LCU         599 14 DX
QSO:  7040 RY 2009-09-27 1905 PI4DX         599 14 DX S57AM         599 15 DX
QSO:  7000 RY 2009-09-27 1909 PI4DX         599 14 DX OM7AG         599 15 DX
QSO:  7051 RY 2009-09-27 1909 PI4DX         599 14 DX EE3R          599 14 DX
QSO:  7040 RY 2009-09-27 1913 PI4DX         599 14 DX SM7BHM        599 14 DX
QSO:  7051 RY 2009-09-27 1913 PI4DX         599 14 DX SM6GKT        599 14 DX
QSO:  7050 RY 2009-09-27 1916 PI4DX         599 14 DX UA4WAW        599 16 DX
QSO:  7050 RY 2009-09-27 1917 PI4DX         599 14 DX UN9LU         599 17 DX
QSO:  7040 RY 2009-09-27 1919 PI4DX         599 14 14 IK2BUF        599 15 DX
QSO:  7050 RY 2009-09-27 1921 PI4DX         599 14 DX SQ3RX         599 15 DX
QSO:  7050 RY 2009-09-27 1922 PI4DX         599 14 DX EA3GBA        599 14 DX
QSO: 21000 RY 2009-09-27 1932 PI4DX         599 14 DX LW1HR         599 13 DX
QSO:  7050 RY 2009-09-27 1932 PI4DX         599 14 DX SQ6MS         599 15 DX
QSO:  7000 RY 2009-09-27 1933 PI4DX         599 14 DX TF3PPN        599 40 DX
QSO:  7050 RY 2009-09-27 1937 PI4DX         599 14 DX IK3ASM        599 15 DX
QSO:  7053 RY 2009-09-27 1937 PI4DX         599 14 DX VY2LI         599 05 PEI
QSO: 21000 RY 2009-09-27 1938 PI4DX         599 14 DX PY3KN         599 11 DX
QSO:  7040 RY 2009-09-27 1940 PI4DX         599 14 SQ9LOJ        599 15 DX
QSO:  7051 RY 2009-09-27 1942 PI4DX         599 14 DX OK2NMA        599 15 DX
QSO:  3587 RY 2009-09-27 1944 PI4DX         599 14 DX HB9CRV        599 14 DX
QSO:  7040 RY 2009-09-27 1944 PI4DX         599 14 DX UT0AZA        599 16 DX
QSO:  7050 RY 2009-09-27 1944 PI4DX         599 14 DX OH2BP         599 15 15
QSO:  3590 RY 2009-09-27 1945 PI4DX         599 14 DX DL4ME         599 14 DX
QSO:  3600 RY 2009-09-27 1945 PI4DX         599 14 DX DO6SR         599 14 DX
QSO:  7051 RY 2009-09-27 1946 PI4DX         599 14 DX GA0NBM        599 14 DX
QSO:  7050 RY 2009-09-27 1947 PI4DX         599 14 DX IZ4MJP        599 15 DX
QSO:  7050 RY 2009-09-27 1949 PI4DX         599 14 DX G4MKP         599 14 DX
QSO:  3590 RY 2009-09-27 1950 PI4DX         599 14 DX ES3RF         599 15 DX
QSO:  7000 RY 2009-09-27 1950 PI4DX         599 14 DX RA6FUZ        599 16 DX
QSO:  7051 RY 2009-09-27 1951 PI4DX         599 14 DX WY3P          599 05 VA
QSO:  3500 RY 2009-09-27 1953 PI4DX         599 14 DX LY1CO         599 15 DX
QSO:  7050 RY 2009-09-27 1953 PI4DX         599 14 UT5EPP        599 16 DX
QSO:  7050 RY 2009-09-27 1954 PI4DX         599 14 DX GA0FGI        599 14 DX
QSO: 14000 RY 2009-09-27 1955 PI4DX         599 14 DX WB8TLI        599 4 OH
QSO:  7040 RY 2009-09-27 1956 PI4DX         599 14 DX OL3A          599 15 DX
QSO:  7051 RY 2009-09-27 1959 PI4DX         599 14 DX OH3OJ         599 15 DX
QSO:  7050 RY 2009-09-27 2000 PI4DX         599 14 DX RZ3AIU        599 16 DX
QSO:  7050 RY 2009-09-27 2001 PI4DX         599 14 DX SP6JZP        599 15 DX
QSO:  7000 RY 2009-09-27 2002 PI4DX         599 14 DX RA6HSM        599 16 DX
QSO:  7040 RY 2009-09-27 2004 PI4DX         599 14 S59KB         599 15 DX
QSO:  7000 RY 2009-09-27 2006 PI4DX         599 14 DX LA7CL         599 14 dx
QSO:  7051 RY 2009-09-27 2006 PI4DX         599 14 DX LA1UKA        599 14 DX
QSO: 14082 RY 2009-09-27 2007 PI4DX         599 14 DX W2FU          599 05 NY
QSO:  7051 RY 2009-09-27 2008 PI4DX         599 14 DX DL4ME         599 14 DX
QSO: 14000 RY 2009-09-27 2012 PI4DX         599 14 DX N8IW          599 4 OH
QSO: 14000 RY 2009-09-27 2015 PI4DX         599 14 DX KR2D          599 05 NJ
QSO: 14094 RY 2009-09-27 2015 PI4DX         599 14 N8NOE         599 04 MI
QSO:  7000 RY 2009-09-27 2015 PI4DX         599 14 DX EA8ANE        599 33 DX
QSO:  7050 RY 2009-09-27 2015 PI4DX         599 14 DX SP7QJB        599 15 DX
QSO: 14000 RY 2009-09-27 2016 PI4DX         599 14 DX K4CX          599 04 TN
QSO: 14000 RY 2009-09-27 2017 PI4DX         599 14 DX LV6D          599 13 DX
QSO: 14095 RY 2009-09-27 2018 PI4DX         599 14 DX UA3PAB        599 16 DX
QSO:  7051 RY 2009-09-27 2018 PI4DX         599 14 DX WA1Z          599 05 NH
QSO: 14096 RY 2009-09-27 2019 PI4DX         599 14 DX K5ZD          599 05 MA
QSO:  7053 RY 2009-09-27 2022 PI4DX         599 14 DX PA3BFH        599 14 PA
QSO:  7038 RY 2009-09-27 2023 PI4DX         599 14 RD3DS         599 16 DX
QSO:  7051 RY 2009-09-27 2023 PI4DX         599 14 DX SM7BJW        599 14 DX
QSO: 14096 RY 2009-09-27 2025 PI4DX         599 14 DX N4ZZ          599 04 TN
QSO:  7051 RY 2009-09-27 2026 PI4DX         599 14 DX WA2MCR        599 05 NY
QSO:  7050 RY 2009-09-27 2027 PI4DX         599 14 DX VE1AOE        599 05 NS
QSO:  7051 RY 2009-09-27 2029 PI4DX         599 14 DX K1FWE         599 05 NH
QSO:  7040 RY 2009-09-27 2031 PI4DX         599 14 DX SN70R         599 15 DX
QSO: 14000 RY 2009-09-27 2034 PI4DX         599 14 DX PY3KN         599 11 DX
QSO:  7000 RY 2009-09-27 2038 PI4DX         599 14 DX IQ4RN         599 15 DX
QSO: 14080 RY 2009-09-27 2044 PI4DX         599 14 DX TG9ANF        599 07 DX
QSO:  7050 RY 2009-09-27 2047 PI4DX         599 14 DX IK0TUM        599 15 DX
QSO: 14083 RY 2009-09-27 2048 PI4DX         599 14 DX N3XL          599 05 MD
QSO: 14084 RY 2009-09-27 2048 PI4DX         599 14 DX NN4K          599 05 GA
QSO:  7050 RY 2009-09-27 2048 PI4DX         599 14 DX UA3QIX        599 16 DX
QSO: 14070 RY 2009-09-27 2049 PI4DX         599 14 DX KB2NB         599 05 NJ
QSO:  7000 RY 2009-09-27 2049 PI4DX         599 14 DX G0CMP         599 14 DX
QSO:  7040 RY 2009-09-27 2049 PI4DX         599 14 DX IW2MYH        599 15 DX
QSO:  7150 RY 2009-09-27 2053 PI4DX         599 14 DX PD7BZ         599 14 DX
QSO: 14083 RY 2009-09-27 2055 PI4DX         599 14 DX W8AEF         599 03 AZ
QSO:  3589 RY 2009-09-27 2058 PI4DX         599 14 F4FDR         599 14 DX
QSO: 14084 RY 2009-09-27 2059 PI4DX         599 14 DX N3RDV         599 05 PA
QSO: 14083 RY 2009-09-27 2100 PI4DX         599 14 DX W9VQ          599 4 IL
QSO: 14000 RY 2009-09-27 2101 PI4DX         599 14 DX W2OO          599 4 TN
QSO:  3600 RY 2009-09-27 2101 PI4DX         599 14 DX HB9BTI        599 14 DX
QSO:  3600 RY 2009-09-27 2102 PI4DX         599 14 DX RA3QH         599 16 DX
QSO:  3592 RY 2009-09-27 2105 PI4DX         599 14 DX DL3EBX        599 14 DX
QSO:  3500 RY 2009-09-27 2106 PI4DX         599 14 DX DO3ME         599 14 DX
QSO:  3589 RY 2009-09-27 2106 PI4DX         599 14 DX LA3BO         599 14 DX
QSO:  3592 RY 2009-09-27 2106 PI4DX         599 14 DX DL1REM        599 14 DX
QSO: 14082 RY 2009-09-27 2108 PI4DX         599 14 RA9SC         599 16 DX
QSO: 14083 RY 2009-09-27 2112 PI4DX         599 14 DX K4FPF         599 5 VA
QSO:  3589 RY 2009-09-27 2112 PI4DX         599 14 DX UZ4E          599 16 DX
QSO: 14083 RY 2009-09-27 2113 PI4DX         599 14 DX K0BX          599 4 MO
QSO:  3500 RY 2009-09-27 2114 PI4DX         599 14 DX OK1EP         599 15 DX
QSO: 14081 RY 2009-09-27 2115 PI4DX         599 14 DX KG4JGQ        599 05 NC
QSO: 14083 RY 2009-09-27 2115 PI4DX         599 14 DX K4FJ          599 5 VA
QSO: 14000 RY 2009-09-27 2116 PI4DX         599 14 PI WA2VYA        599 05 NJ
QSO: 14083 RY 2009-09-27 2117 PI4DX         599 14 DX KA4RRU        599 05 VA
QSO: 14083 RY 2009-09-27 2119 PI4DX         144 14 DX K3RWN/4       599 5 SC
QSO:  3588 RY 2009-09-27 2119 PI4DX         599 14 DX IZ1OQB        599 15 DX
QSO:  3590 RY 2009-09-27 2119 PI4DX         599 14 DX GA0FGI        599 14 DX
QSO: 14080 RY 2009-09-27 2120 PI4DX         599 14 DX PY3OG         599 11 DX
QSO:  3589 RY 2009-09-27 2120 PI4DX         599 14 DX OE2IGP        599 15 DX
QSO:  3590 RY 2009-09-27 2120 PI4DX         599 14 DX I2SVA         599 15 I
QSO:  3580 RY 2009-09-27 2122 PI4DX         599 14 DX DJ2YE         599 14 DX
QSO:  3580 RY 2009-09-27 2122 PI4DX         599 14 DX DL1HTY        599 14 DX
QSO:  3510 RY 2009-09-27 2123 PI4DX         599 14 DX SP4GL         599 15 DX
QSO:  3590 RY 2009-09-27 2124 PI4DX         599 14 DX OL8R          599 15 DX
QSO:  3590 RY 2009-09-27 2124 PI4DX         599 14 DX SP7QJB        599 15 DX
QSO:  3580 RY 2009-09-27 2125 PI4DX         599 14 14 IK2BUF        599 15 DX
QSO:  3589 RY 2009-09-27 2126 PI4DX         599 14 DX DJ8EW         599 14 DX
QSO: 14000 RY 2009-09-27 2127 PI4DX         599 14 DX LR6H          599 13 DX
QSO:  3590 RY 2009-09-27 2128 PI4DX         599 14 DX ES5Q          599 15 DX
QSO:  3500 RY 2009-09-27 2129 PI4DX         599 14 DX DL6UAM        599 14 DX
QSO:  3589 RY 2009-09-27 2130 PI4DX         599 14 DX SP7FGP        599 15 DX
QSO:  3589 RY 2009-09-27 2134 PI4DX         599 14 DX G0RPM         599 14 DX
QSO:  7055 RY 2009-09-27 2135 PI4DX         599 14 DX UW8I          599 16 DX
QSO:  3600 RY 2009-09-27 2136 PI4DX         599 14 DX ER2RM         599 16 DX
QSO:  7057 RY 2009-09-27 2136 PI4DX         599 14 DX W2FU          599 05 NY
QSO:  7060 RY 2009-09-27 2136 PI4DX         599 14 DX G6PZ          599 14 DX
QSO:  3589 RY 2009-09-27 2140 PI4DX         599 14 GM3MZX        599 14 DX
QSO:  3574 RY 2009-09-27 2144 PI4DX         599 14 DX PA8KW         599 14 DX
QSO:  3589 RY 2009-09-27 2147 PI4DX         599 14 DX G4MUL         599 14 DX
QSO:  7061 RY 2009-09-27 2148 PI4DX         599 14 DX UR5WCA        599 16 DX
QSO:  7061 RY 2009-09-27 2148 PI4DX         599 14 OR UX0FY         599 16 DX
QSO:  7062 RY 2009-09-27 2150 PI4DX         599 14 DX K2DSL         599 05 NJ
QSO:  3500 RY 2009-09-27 2152 PI4DX         599 14 DX G3VQO         599 14 DX
QSO:  3580 RY 2009-09-27 2152 PI4DX         599 14 DX SM7BHM        599 14 DX
QSO:  7000 RY 2009-09-27 2153 PI4DX         599 14 DX RK3DXZ        599 16 DX
QSO:  7061 RY 2009-09-27 2153 PI4DX         599 14 DX CU2AF         599 14 DX
QSO:  7062 RY 2009-09-27 2154 PI4DX         599 14 DX K1DX          599 05 MA
QSO:  3500 RY 2009-09-27 2155 PI4DX         599 14 DX G0HVQ         599 14 DX
QSO:  3589 RY 2009-09-27 2156 PI4DX         599 14 DX PI4CC         599 14 DX
QSO:  3589 RY 2009-09-27 2157 PI4DX         599 14 DX DR5N          599 14 DX
QSO:  7000 RY 2009-09-27 2157 PI4DX         599 14 DX OM8LA         599 15 DX
QSO:  3500 RY 2009-09-27 2158 PI4DX         599 14 DX OK1FHI        599 15 DX
QSO:  7063 RY 2009-09-27 2158 PI4DX         599 14 DX DD2ML         599 14 DX
QSO:  3588 RY 2009-09-27 2159 PI4DX         599 14 DO3PKE        599 14 DX
QSO:  7000 RY 2009-09-27 2159 PI4DX         599 14 DX AB9H          599 04 IL
QSO:  7000 RY 2009-09-27 2159 PI4DX         599 14 DX RV6LCI        599 16 DX
QSO:  7062 RY 2009-09-27 2200 PI4DX         599 14 DX N1IBM         599 05 NJ
QSO:  3590 RY 2009-09-27 2201 PI4DX         599 14 DX EA5DKU        599 14 DX
QSO:  7062 RY 2009-09-27 2202 PI4DX         599 14 DX KA3FZN        599 05 PA
QSO:  7062 RY 2009-09-27 2204 PI4DX         599 14 DX 7Z1SJ         599 21 DX
QSO:  3500 RY 2009-09-27 2206 PI4DX         599 14 DX F5VBT         599 14 DX
QSO:  3590 RY 2009-09-27 2207 PI4DX         599 14 DX LZ8E          599 20 DX
QSO:  3590 RY 2009-09-27 2207 PI4DX         599 14 DX UW8I          599 16 DX
QSO:  7063 RY 2009-09-27 2208 PI4DX         599 14 DX ON6LEO        599 14 DX
QSO:  3500 RY 2009-09-27 2209 PI4DX         599 14 DX RK3FWA        599 16 DX
QSO:  7000 RY 2009-09-27 2210 PI4DX         599 14 DX YT2U          599 15 DX
QSO:  3500 RY 2009-09-27 2211 PI4DX         599 14 DX SP5NHK        599 15 DX
QSO:  7061 RY 2009-09-27 2211 PI4DX         599 14 UV5U          599 16 DX
QSO:  3589 RY 2009-09-27 2212 PI4DX         599 14 DX SP8EEX        599 15 DX
QSO:  3500 RY 2009-09-27 2214 PI4DX         599 14 DX DL1EAL        599 14 DX
QSO:  7062 RY 2009-09-27 2215 PI4DX         599 14 DX NO2T          599 05 NJ
QSO:  7000 RY 2009-09-27 2217 PI4DX         599 14 DX AG4W          599 04 AL
QSO:  7062 RY 2009-09-27 2217 PI4DX         599 14 DX K2BB          599 05 NJ
QSO:  7040 RY 2009-09-27 2219 PI4DX         599 14 DX OM7AX         599 15 DX
QSO:  3590 RY 2009-09-27 2222 PI4DX         599 14 DX OL3Z          599 15 DX
QSO:  7062 RY 2009-09-27 2222 PI4DX         599 14 DX W9MU          599 04 IL
QSO:  3590 RY 2009-09-27 2223 PI4DX         599 14 DX YL2TB         599 15 DX
QSO:  3590 RY 2009-09-27 2224 PI4DX         599 14 DX SP5GDY        599 15 DX
QSO:  7062 RY 2009-09-27 2224 PI4DX         599 14 DX N0AT          599 04 MN
QSO:  7062 RY 2009-09-27 2227 PI4DX         599 14 DX K2ZC          599 05 NJ
QSO:  7062 RY 2009-09-27 2228 PI4DX         599 14 DX AB4SF         599 05 VA
QSO:  3500 RY 2009-09-27 2231 PI4DX         599 14 DX 9A3XV         599 15 DX
QSO:  7063 RY 2009-09-27 2231 PI4DX         599 14 DX SQ9FCH        599 15 DX
QSO:  7062 RY 2009-09-27 2235 PI4DX         599 14 DX EO3Q          599 16 DX
QSO:  7062 RY 2009-09-27 2243 PI4DX         599 14 DX W2YR          599 05 NJ
QSO:  7059 RY 2009-09-27 2244 PI4DX         599 14 UR5WCQ        599 16 DX
QSO:  3589 RY 2009-09-27 2245 PI4DX         599 14 DX SQ2BXI        599 15 DX
QSO:  7000 RY 2009-09-27 2246 PI4DX         599 14 DX OH7UE         599 15 DX
QSO:  7062 RY 2009-09-27 2246 PI4DX         599 14 DX VY2SS         599 05 PEI
QSO:  3589 RY 2009-09-27 2247 PI4DX         599 14 DX LY9Y          599 15 DX
QSO:  3590 RY 2009-09-27 2247 PI4DX         599 14 DX CR3L          599 33 DX
QSO:  3589 RY 2009-09-27 2249 PI4DX         599 14 DX DP4P          599 14 DX
QSO:  3589 RY 2009-09-27 2250 PI4DX         599 14 IZ2PCJ        599 15 DX
QSO:  7062 RY 2009-09-27 2250 PI4DX         599 14 DX AE1P          599 05 NH
QSO:  3589 RY 2009-09-27 2251 PI4DX         599 14 DX IW9BCW        599 15 DX
QSO:  7000 RY 2009-09-27 2252 PI4DX         599 14 DX KW3W          599 05 MD
QSO:  7061 RY 2009-09-27 2257 PI4DX         599 14 DX YO8RAA        599 20 DX
QSO:  7062 RY 2009-09-27 2258 PI4DX         599 14 DX IK0CHU        599 15 DX
QSO:  7061 RY 2009-09-27 2259 PI4DX         599 14 DX K3NK          599 05 PA
QSO:  7062 RY 2009-09-27 2259 PI4DX         599 14 DX NG1G          599 5 RI
QSO:  7062 RY 2009-09-27 2259 PI4DX         599 14 DX W0BR          599 05 PA
QSO:  3590 RY 2009-09-27 2305 PI4DX         599 14 DX IV3TMV        599 15 DX
QSO:  7062 RY 2009-09-27 2308 PI4DX         599 14 DX VE2FK         599 05 QC
QSO:  7038 RY 2009-09-27 2309 PI4DX         599 14 DX J46J          599 20 DX
QSO:  7061 RY 2009-09-27 2312 PI4DX         599 14 DX UT1UW         599 16 DX
QSO:  7061 RY 2009-09-27 2316 PI4DX         599 14 UR5MBA        599 16 DX
QSO:  7060 RY 2009-09-27 2318 PI4DX         599 14 DX W0GJ          599 04 MN
QSO:  3500 RY 2009-09-28 2213 PI4DX         599 14 DX DH1TST        599 14 DX
END-OF-LOG:
