START-OF-LOG: 3.0
CREATED-BY: DXLog.net v2.6.25
CONTEST: REF-CW
CALLSIGN: F8FUA
LOCATION: 46
CATEGORY-OPERATOR: SINGLE-OP
CATEGORY-TRANSMITTER: ONE
CATEGORY-ASSISTED: ASSISTED
CATEGORY-STATION: FIXED
CATEGORY-POWER: HIGH
GRID-LOCATOR: JN04TX
CATEGORY-BAND: ALL
CATEGORY-MODE: CW
CLAIMED-SCORE: 1732368
NAME: 
CERTIFICATE: YES
SOAPBOX: 
QSO:  3531 CW 2026-01-24 0604 F8FUA         599 46     F5MMP         599 68     
QSO:  3531 CW 2026-01-24 0605 F8FUA         599 46     G3SWC         599 004    
QSO:  3531 CW 2026-01-24 0605 F8FUA         599 46     HA3NU         599 004    
QSO:  3531 CW 2026-01-24 0606 F8FUA         599 46     SF6W          599 007    
QSO:  3531 CW 2026-01-24 0608 F8FUA         599 46     LZ2PS         599 004    
QSO:  3531 CW 2026-01-24 0608 F8FUA         599 46     DF4ZL         599 005    
QSO:  3531 CW 2026-01-24 0612 F8FUA         599 46     F6FTI         599 80     
QSO:  3531 CW 2026-01-24 0613 F8FUA         599 46     F5BMI         599 46     
QSO:  3531 CW 2026-01-24 0614 F8FUA         599 46     F6ECI         599 46     
QSO:  3531 CW 2026-01-24 0616 F8FUA         599 46     F4FFH/P       599 66     
QSO:  3535 CW 2026-01-24 0620 F8FUA         599 46     F8KLY         599 69     
QSO:  3535 CW 2026-01-24 0621 F8FUA         599 46     F8KCF         599 74     
QSO:  3535 CW 2026-01-24 0621 F8FUA         599 46     SN8T          599 012    
QSO:  3535 CW 2026-01-24 0622 F8FUA         599 46     F5IQJ         599 05     
QSO:  3535 CW 2026-01-24 0622 F8FUA         599 46     TM5B          599 60     
QSO:  3535 CW 2026-01-24 0623 F8FUA         599 46     F5XX          599 81     
QSO:  3535 CW 2026-01-24 0624 F8FUA         599 46     G3ZNC         599 011    
QSO:  3535 CW 2026-01-24 0625 F8FUA         599 46     DG1YBN        599 003    
QSO:  3535 CW 2026-01-24 0625 F8FUA         599 46     F6JOE         599 59     
QSO:  3535 CW 2026-01-24 0626 F8FUA         599 46     F5OIH         599 86     
QSO:  3535 CW 2026-01-24 0628 F8FUA         599 46     DL5XJ         599 029    
QSO:  3535 CW 2026-01-24 0628 F8FUA         599 46     F5PAC         599 68     
QSO:  3535 CW 2026-01-24 0629 F8FUA         599 46     F6CSQ         599 88     
QSO:  3535 CW 2026-01-24 0630 F8FUA         599 46     DL8WEM        599 027    
QSO:  3535 CW 2026-01-24 0630 F8FUA         599 46     OK2BRJ        599 008    
QSO:  3535 CW 2026-01-24 0630 F8FUA         599 46     F6FTI         599 80     
QSO:  3535 CW 2026-01-24 0631 F8FUA         599 46     F6KHM         599 29     
QSO:  3535 CW 2026-01-24 0631 F8FUA         599 46     F6IIT         599 86     
QSO:  3535 CW 2026-01-24 0632 F8FUA         599 46     F5BDK         599 77     
QSO:  3535 CW 2026-01-24 0632 F8FUA         599 46     TM9R          599 33     
QSO:  3535 CW 2026-01-24 0634 F8FUA         599 46     F4HNP         599 14     
QSO:  3535 CW 2026-01-24 0634 F8FUA         599 46     F5NSO         599 60     
QSO:  3535 CW 2026-01-24 0634 F8FUA         599 46     F5KLE         599 30     
QSO:  3535 CW 2026-01-24 0635 F8FUA         599 46     F6FDR         599 80     
QSO:  3535 CW 2026-01-24 0636 F8FUA         599 46     F6DCQ         599 74     
QSO:  3535 CW 2026-01-24 0637 F8FUA         599 46     F4HFF         599 27     
QSO:  3535 CW 2026-01-24 0637 F8FUA         599 46     F5ICC         599 24     
QSO:  3535 CW 2026-01-24 0638 F8FUA         599 46     F6ARS         599 54     
QSO:  3535 CW 2026-01-24 0640 F8FUA         599 46     IK1PMR        599 027    
QSO:  3535 CW 2026-01-24 0640 F8FUA         599 46     F5JU          599 35     
QSO:  3535 CW 2026-01-24 0640 F8FUA         599 46     F5PHY         599 24     
QSO:  3535 CW 2026-01-24 0642 F8FUA         599 46     SP1C          599 016    
QSO:  3535 CW 2026-01-24 0643 F8FUA         599 46     SP2QG         599 017    
QSO:  3535 CW 2026-01-24 0644 F8FUA         599 46     F6CLN         599 31     
QSO:  3535 CW 2026-01-24 0645 F8FUA         599 46     F5YG          599 60     
QSO:  3535 CW 2026-01-24 0646 F8FUA         599 46     PA3EWG        599 018    
QSO:  3535 CW 2026-01-24 0647 F8FUA         599 46     F4DNU         599 79     
QSO:  3535 CW 2026-01-24 0648 F8FUA         599 46     F5JDB         599 45     
QSO:  3535 CW 2026-01-24 0649 F8FUA         599 46     F5OIJ         599 35     
QSO:  3535 CW 2026-01-24 0649 F8FUA         599 46     F5KGA         599 38     
QSO:  3535 CW 2026-01-24 0650 F8FUA         599 46     F6EPY         599 46     
QSO:  3535 CW 2026-01-24 0650 F8FUA         599 46     F6FTB         599 21     
QSO:  3535 CW 2026-01-24 0652 F8FUA         599 46     F6BHI         599 11     
QSO:  3535 CW 2026-01-24 0652 F8FUA         599 46     F6DJN         599 46     
QSO:  3535 CW 2026-01-24 0653 F8FUA         599 46     9A2NB         599 014    
QSO:  3535 CW 2026-01-24 0654 F8FUA         599 46     F8FKK         599 26     
QSO:  3535 CW 2026-01-24 0655 F8FUA         599 46     F4FDR         599 47     
QSO:  3535 CW 2026-01-24 0655 F8FUA         599 46     F4GNB         599 46     
QSO:  3535 CW 2026-01-24 0656 F8FUA         599 46     F6HBR         599 83     
QSO:  3535 CW 2026-01-24 0657 F8FUA         599 46     F5SIK         599 71     
QSO:  3535 CW 2026-01-24 0659 F8FUA         599 46     F8DCZ         599 56     
QSO:  3535 CW 2026-01-24 0700 F8FUA         599 46     IW3ILM        599 010    
QSO:  3535 CW 2026-01-24 0700 F8FUA         599 46     TM4E          599 83     
QSO:  3535 CW 2026-01-24 0701 F8FUA         599 46     F6KJX/P       599 41     
QSO:  3535 CW 2026-01-24 0702 F8FUA         599 46     F4KLW         599 63     
QSO:  3535 CW 2026-01-24 0706 F8FUA         599 46     F5VJC         599 50     
QSO:  3535 CW 2026-01-24 0706 F8FUA         599 46     F6BDE         599 63     
QSO:  3535 CW 2026-01-24 0707 F8FUA         599 46     F4EEJ/P       599 16     
QSO:  3535 CW 2026-01-24 0707 F8FUA         599 46     F4GCU         599 66     
QSO:  3535 CW 2026-01-24 0708 F8FUA         599 46     F6FLH         599 63     
QSO:  3535 CW 2026-01-24 0709 F8FUA         599 46     PA3APM        599 027    
QSO:  3535 CW 2026-01-24 0710 F8FUA         599 46     F4FWI         599 47     
QSO:  3535 CW 2026-01-24 0710 F8FUA         599 46     F5HDK         599 44     
QSO:  3535 CW 2026-01-24 0711 F8FUA         599 46     F5JGY         599 46     
QSO:  3535 CW 2026-01-24 0713 F8FUA         599 46     F5TGW         599 62     
QSO:  3535 CW 2026-01-24 0714 F8FUA         599 46     F6EOM         599 74     
QSO:  3535 CW 2026-01-24 0715 F8FUA         599 46     F5SGI         599 56     
QSO:  3535 CW 2026-01-24 0715 F8FUA         599 46     F4FDA         599 29     
QSO:  3535 CW 2026-01-24 0716 F8FUA         599 46     FY5KE         599 FY     
QSO:  3535 CW 2026-01-24 0717 F8FUA         599 46     F8BMG         599 32     
QSO:  3535 CW 2026-01-24 0717 F8FUA         599 46     F8DFP         599 63     
QSO:  3535 CW 2026-01-24 0718 F8FUA         599 46     F6KBK         599 77     
QSO:  3535 CW 2026-01-24 0718 F8FUA         599 46     F5MFI         599 45     
QSO:  3535 CW 2026-01-24 0718 F8FUA         599 46     F4IAA         599 24     
QSO:  3535 CW 2026-01-24 0719 F8FUA         599 46     F4BPO         599 74     
QSO:  3535 CW 2026-01-24 0719 F8FUA         599 46     F6CUC         599 57     
QSO:  3535 CW 2026-01-24 0720 F8FUA         599 46     F1RHS         599 82     
QSO:  3535 CW 2026-01-24 0720 F8FUA         599 46     F5IPG         599 80     
QSO:  3535 CW 2026-01-24 0721 F8FUA         599 46     F4EZC         599 44     
QSO:  3535 CW 2026-01-24 0722 F8FUA         599 46     F4KIY         599 57     
QSO:  3535 CW 2026-01-24 0722 F8FUA         599 46     F5PAC         599 68     
QSO:  3535 CW 2026-01-24 0723 F8FUA         599 46     F5IRQ         599 85     
QSO:  3535 CW 2026-01-24 0723 F8FUA         599 46     F4CZV         599 82     
QSO:  3535 CW 2026-01-24 0724 F8FUA         599 46     F5GEG         599 48     
QSO:  3535 CW 2026-01-24 0724 F8FUA         599 46     PA3DRL        599 019    
QSO:  3535 CW 2026-01-24 0725 F8FUA         599 46     F4GOP         599 61     
QSO:  3535 CW 2026-01-24 0725 F8FUA         599 46     F8GQO         599 81     
QSO:  3535 CW 2026-01-24 0726 F8FUA         599 46     F1MCO         599 19     
QSO:  3535 CW 2026-01-24 0726 F8FUA         599 46     F6GED         599 72     
QSO:  3535 CW 2026-01-24 0728 F8FUA         599 46     TK5EP         599 2A     
QSO:  3535 CW 2026-01-24 0729 F8FUA         599 46     F5LZN         599 84     
QSO:  3535 CW 2026-01-24 0730 F8FUA         599 46     F4IYO         599 24     
QSO:  3535 CW 2026-01-24 0731 F8FUA         599 46     F5KBC         599 65     
QSO:  3535 CW 2026-01-24 0732 F8FUA         599 46     F5MBM         599 54     
QSO:  3533 CW 2026-01-24 0734 F8FUA         599 46     F6KPQ         599 56     
QSO:  3507 CW 2026-01-24 0736 F8FUA         599 46     F6KOP         599 77     
QSO:  3508 CW 2026-01-24 0739 F8FUA         599 46     F5ROW         599 50     
QSO:  3520 CW 2026-01-24 0740 F8FUA         599 46     F5VBU         599 66     
QSO:  3520 CW 2026-01-24 0741 F8FUA         599 46     TM1W          599 29     
QSO:  3528 CW 2026-01-24 0744 F8FUA         599 46     F6KUP         599 55     
QSO:  7013 CW 2026-01-24 0800 F8FUA         599 46     9A2NB         599 041    
QSO:  7013 CW 2026-01-24 0800 F8FUA         599 46     F4FFH/P       599 66     
QSO:  7013 CW 2026-01-24 0801 F8FUA         599 46     DL8WEM        599 099    
QSO:  7013 CW 2026-01-24 0802 F8FUA         599 46     F5XX          599 81     
QSO:  7013 CW 2026-01-24 0803 F8FUA         599 46     F6FLH         599 63     
QSO:  7013 CW 2026-01-24 0803 F8FUA         599 46     F6EOM         599 74     
QSO:  7013 CW 2026-01-24 0804 F8FUA         599 46     F5MMP         599 68     
QSO:  7013 CW 2026-01-24 0804 F8FUA         599 46     F5SYM         599 84     
QSO:  7013 CW 2026-01-24 0805 F8FUA         599 46     SP1AEN        599 037    
QSO:  7013 CW 2026-01-24 0805 F8FUA         599 46     F4HNP         599 14     
QSO:  7013 CW 2026-01-24 0805 F8FUA         599 46     SP1JQJ        599 011    
QSO:  7013 CW 2026-01-24 0806 F8FUA         599 46     F5IMV         599 88     
QSO:  7013 CW 2026-01-24 0806 F8FUA         599 46     G4LJU         599 004    
QSO:  7013 CW 2026-01-24 0807 F8FUA         599 46     F6KMB         599 59     
QSO:  7013 CW 2026-01-24 0808 F8FUA         599 46     F4BPO         599 74     
QSO:  7013 CW 2026-01-24 0808 F8FUA         599 46     HA3NU         599 097    
QSO:  7013 CW 2026-01-24 0809 F8FUA         599 46     F8KCF         599 74     
QSO:  7013 CW 2026-01-24 0809 F8FUA         599 46     F5MOG         599 68     
QSO:  7013 CW 2026-01-24 0809 F8FUA         599 46     S57X          599 020    
QSO:  7013 CW 2026-01-24 0810 F8FUA         599 46     F4EGZ         599 63     
QSO:  7013 CW 2026-01-24 0810 F8FUA         599 46     F6IRF         599 74     
QSO:  7013 CW 2026-01-24 0811 F8FUA         599 46     IZ5BBS        599 013    
QSO:  7013 CW 2026-01-24 0811 F8FUA         599 46     SE6K          599 012    
QSO:  7013 CW 2026-01-24 0812 F8FUA         599 46     F5VV          599 01     
QSO:  7013 CW 2026-01-24 0812 F8FUA         599 46     F6IIT         599 86     
QSO:  7013 CW 2026-01-24 0812 F8FUA         599 46     PA3EWG        599 050    
QSO:  7013 CW 2026-01-24 0813 F8FUA         599 46     F4KLW         599 63     
QSO:  7013 CW 2026-01-24 0814 F8FUA         599 46     F8AOF         599 26     
QSO:  7013 CW 2026-01-24 0814 F8FUA         599 46     DF4ZL         599 055    
QSO:  7013 CW 2026-01-24 0815 F8FUA         599 46     F5LZN         599 84     
QSO:  7013 CW 2026-01-24 0815 F8FUA         599 46     PA0JED        599 006    
QSO:  7013 CW 2026-01-24 0816 F8FUA         599 46     PE1PDX        599 020    
QSO:  7013 CW 2026-01-24 0816 F8FUA         599 46     LZ2PS         599 026    
QSO:  7013 CW 2026-01-24 0817 F8FUA         599 46     EA7/PA5JF     599 041    
QSO:  7013 CW 2026-01-24 0817 F8FUA         599 46     F6KFI         599 72     
QSO:  7013 CW 2026-01-24 0818 F8FUA         599 46     IW3ILM        599 029    
QSO:  7013 CW 2026-01-24 0819 F8FUA         599 46     F4WEM         599 81     
QSO:  7013 CW 2026-01-24 0819 F8FUA         599 46     F5NIB         599 36     
QSO:  7013 CW 2026-01-24 0820 F8FUA         599 46     F6JXR         599 35     
QSO:  7013 CW 2026-01-24 0820 F8FUA         599 46     F5SKW         599 68     
QSO:  7013 CW 2026-01-24 0821 F8FUA         599 46     TM4E          599 83     
QSO:  7013 CW 2026-01-24 0821 F8FUA         599 46     F5ASO         599 52     
QSO:  7013 CW 2026-01-24 0821 F8FUA         599 46     TM1LHL        599 60     
QSO:  7013 CW 2026-01-24 0822 F8FUA         599 46     F5PHY         599 24     
QSO:  7013 CW 2026-01-24 0822 F8FUA         599 46     OK4RQ         599 019    
QSO:  7013 CW 2026-01-24 0822 F8FUA         599 46     F5MOO         599 37     
QSO:  7013 CW 2026-01-24 0823 F8FUA         599 46     SP1C          599 035    
QSO:  7013 CW 2026-01-24 0824 F8FUA         599 46     F5BMI         599 46     
QSO:  7013 CW 2026-01-24 0824 F8FUA         599 46     F4FWI         599 47     
QSO:  7013 CW 2026-01-24 0825 F8FUA         599 46     G4RCG         599 019    
QSO:  7013 CW 2026-01-24 0826 F8FUA         599 46     OK1DVA        599 004    
QSO:  7013 CW 2026-01-24 0826 F8FUA         599 46     IK4RVY        599 025    
QSO:  7013 CW 2026-01-24 0827 F8FUA         599 46     IT9WDC        599 018    
QSO:  7013 CW 2026-01-24 0828 F8FUA         599 46     F4HEC         599 37     
QSO:  7013 CW 2026-01-24 0828 F8FUA         599 46     F4HHY         599 14     
QSO:  7013 CW 2026-01-24 0829 F8FUA         599 46     YR8R          599 030    
QSO:  7013 CW 2026-01-24 0830 F8FUA         599 46     F4HFF         599 27     
QSO:  7013 CW 2026-01-24 0830 F8FUA         599 46     DL6AG         599 007    
QSO:  7013 CW 2026-01-24 0831 F8FUA         599 46     G4BFG         599 008    
QSO:  7013 CW 2026-01-24 0831 F8FUA         599 46     SN7J          599 034    
QSO:  7013 CW 2026-01-24 0832 F8FUA         599 46     F4GBY         599 78     
QSO:  7013 CW 2026-01-24 0832 F8FUA         599 46     OE5CYL        599 007    
QSO:  7013 CW 2026-01-24 0833 F8FUA         599 46     LC2F          599 011    
QSO:  7013 CW 2026-01-24 0835 F8FUA         599 46     F5LMJ         599 51     
QSO:  7013 CW 2026-01-24 0835 F8FUA         599 46     F6ABG         599 37     
QSO:  7013 CW 2026-01-24 0836 F8FUA         599 46     F6CUC         599 57     
QSO:  7013 CW 2026-01-24 0836 F8FUA         599 46     F5KLE         599 30     
QSO:  7013 CW 2026-01-24 0837 F8FUA         599 46     F6CSQ         599 88     
QSO:  7013 CW 2026-01-24 0837 F8FUA         599 46     F5PAC         599 68     
QSO:  7013 CW 2026-01-24 0838 F8FUA         599 46     F4HXJ         599 29     
QSO:  7013 CW 2026-01-24 0839 F8FUA         599 46     F6KJX/P       599 41     
QSO:  7013 CW 2026-01-24 0839 F8FUA         599 46     F5MFI         599 45     
QSO:  7013 CW 2026-01-24 0840 F8FUA         599 46     F5MBM         599 54     
QSO:  7013 CW 2026-01-24 0840 F8FUA         599 46     F6KNB         599 33     
QSO:  7013 CW 2026-01-24 0841 F8FUA         599 46     DL1NKS        599 013    
QSO:  7013 CW 2026-01-24 0841 F8FUA         599 46     F5PFN         599 66     
QSO:  7013 CW 2026-01-24 0842 F8FUA         599 46     F4MTX         599 28     
QSO:  7013 CW 2026-01-24 0842 F8FUA         599 46     F5JGY         599 46     
QSO:  7013 CW 2026-01-24 0842 F8FUA         599 46     F4HRG         599 44     
QSO:  7013 CW 2026-01-24 0843 F8FUA         599 46     F4GCU         599 66     
QSO:  7013 CW 2026-01-24 0844 F8FUA         599 46     F8FKD         599 29     
QSO:  7013 CW 2026-01-24 0844 F8FUA         599 46     F6KNB         599 33     
QSO:  7013 CW 2026-01-24 0845 F8FUA         599 46     F5VJC         599 50     
QSO:  7013 CW 2026-01-24 0845 F8FUA         599 46     F5VBU         599 66     
QSO:  7013 CW 2026-01-24 0846 F8FUA         599 46     F5TGW         599 62     
QSO:  7013 CW 2026-01-24 0846 F8FUA         599 46     F4GOP         599 61     
QSO:  7013 CW 2026-01-24 0847 F8FUA         599 46     PA0RDT        599 014    
QSO:  7013 CW 2026-01-24 0848 F8FUA         599 46     F8FGS/P       599 39     
QSO:  7013 CW 2026-01-24 0848 F8FUA         599 46     F5OIH         599 86     
QSO:  7013 CW 2026-01-24 0849 F8FUA         599 46     F1IEE         599 50     
QSO:  7013 CW 2026-01-24 0849 F8FUA         599 46     F1EST         599 84     
QSO:  7013 CW 2026-01-24 0850 F8FUA         599 46     F6FLU         599 78     
QSO:  7013 CW 2026-01-24 0850 F8FUA         599 46     F5TYY         599 76     
QSO:  7013 CW 2026-01-24 0851 F8FUA         599 46     F5ILS         599 62     
QSO:  7013 CW 2026-01-24 0851 F8FUA         599 46     F4FRQ         599 90     
QSO:  7013 CW 2026-01-24 0852 F8FUA         599 46     F8BSY         599 66     
QSO:  7013 CW 2026-01-24 0852 F8FUA         599 46     F6DJN         599 46     
QSO:  7013 CW 2026-01-24 0852 F8FUA         599 46     HA9RP         599 011    
QSO:  7013 CW 2026-01-24 0853 F8FUA         599 46     G4CZB         599 008    
QSO:  7013 CW 2026-01-24 0854 F8FUA         599 46     F8CED         599 44     
QSO:  7013 CW 2026-01-24 0854 F8FUA         599 46     F5RWE         599 36     
QSO:  7001 CW 2026-01-24 0857 F8FUA         599 46     F4GBW         599 59     
QSO:  7019 CW 2026-01-24 0901 F8FUA         599 46     F6ARC         599 28     
QSO:  7025 CW 2026-01-24 0903 F8FUA         599 46     F6KBK         599 77     
QSO: 28020 CW 2026-01-24 0916 F8FUA         599 46     RU4SO         599 013    
QSO: 28020 CW 2026-01-24 0917 F8FUA         599 46     RN4AO         599 005    
QSO: 28020 CW 2026-01-24 0917 F8FUA         599 46     RA3AGF        599 004    
QSO: 28020 CW 2026-01-24 0918 F8FUA         599 46     RG9A          599 017    
QSO: 28020 CW 2026-01-24 0919 F8FUA         599 46     RW3DY         599 003    
QSO: 28020 CW 2026-01-24 0921 F8FUA         599 46     UA9CTT        599 006    
QSO: 28020 CW 2026-01-24 0922 F8FUA         599 46     UA9AT         599 012    
QSO: 28020 CW 2026-01-24 0922 F8FUA         599 46     4Z5ML         599 007    
QSO: 28020 CW 2026-01-24 0924 F8FUA         599 46     UR4L          599 006    
QSO: 28020 CW 2026-01-24 0925 F8FUA         599 46     R4DI          599 018    
QSO: 28020 CW 2026-01-24 0925 F8FUA         599 46     UZ7E          599 014    
QSO: 28020 CW 2026-01-24 0926 F8FUA         599 46     F5NKX         599 50     
QSO: 28020 CW 2026-01-24 0927 F8FUA         599 46     RT4M          599 012    
QSO: 28020 CW 2026-01-24 0928 F8FUA         599 46     BH4BF         599 003    
QSO: 28020 CW 2026-01-24 0929 F8FUA         599 46     RW3AI         599 001    
QSO: 28020 CW 2026-01-24 0932 F8FUA         599 46     EY5GG         599 002    
QSO: 28020 CW 2026-01-24 0935 F8FUA         599 46     F5BMI         599 46     
QSO: 21024 CW 2026-01-24 0951 F8FUA         599 46     HA3NU         599 138    
QSO: 21024 CW 2026-01-24 0952 F8FUA         599 46     UA9CTT        599 017    
QSO: 21024 CW 2026-01-24 0952 F8FUA         599 46     SM5CSS        599 018    
QSO: 21024 CW 2026-01-24 0953 F8FUA         599 46     IT9WDC        599 063    
QSO: 21024 CW 2026-01-24 0953 F8FUA         599 46     R6CC          599 043    
QSO: 21024 CW 2026-01-24 0954 F8FUA         599 46     SF6W          599 068    
QSO: 21024 CW 2026-01-24 0954 F8FUA         599 46     LY5G          599 035    
QSO: 21024 CW 2026-01-24 0955 F8FUA         599 46     UR3QX         599 011    
QSO: 21024 CW 2026-01-24 0955 F8FUA         599 46     RG9A          599 027    
QSO: 21024 CW 2026-01-24 0957 F8FUA         599 46     YR8R          599 062    
QSO: 21024 CW 2026-01-24 0957 F8FUA         599 46     R1QE          599 011    
QSO: 21024 CW 2026-01-24 0958 F8FUA         599 46     RN3BL         599 060    
QSO: 21024 CW 2026-01-24 0959 F8FUA         599 46     RT4M          599 028    
QSO: 21024 CW 2026-01-24 1000 F8FUA         599 46     LZ2PS         599 044    
QSO: 21024 CW 2026-01-24 1001 F8FUA         599 46     YU1YV         599 039    
QSO: 21024 CW 2026-01-24 1002 F8FUA         599 46     RK4HYT        599 010    
QSO: 21024 CW 2026-01-24 1002 F8FUA         599 46     JA6GCE        599 010    
QSO: 21024 CW 2026-01-24 1003 F8FUA         599 46     R3LC          599 007    
QSO: 21024 CW 2026-01-24 1004 F8FUA         599 46     RW3DY         599 025    
QSO: 21024 CW 2026-01-24 1006 F8FUA         599 46     HA4FY         599 026    
QSO: 21024 CW 2026-01-24 1007 F8FUA         599 46     SP2XX         599 002    
QSO: 21024 CW 2026-01-24 1008 F8FUA         599 46     SN8T          599 103    
QSO: 21024 CW 2026-01-24 1009 F8FUA         599 46     SE4E          599 099    
QSO: 21024 CW 2026-01-24 1010 F8FUA         599 46     F4KIY         599 57     
QSO: 21024 CW 2026-01-24 1011 F8FUA         599 46     RA3AGF        599 008    
QSO: 21024 CW 2026-01-24 1011 F8FUA         599 46     R1AT          599 003    
QSO: 21024 CW 2026-01-24 1014 F8FUA         599 46     RU0A          599 001    
QSO: 21024 CW 2026-01-24 1014 F8FUA         599 46     HA3HX         599 041    
QSO: 21024 CW 2026-01-24 1015 F8FUA         599 46     LY3CY         599 029    
QSO: 21024 CW 2026-01-24 1015 F8FUA         599 46     RV3DBK        599 002    
QSO: 21024 CW 2026-01-24 1017 F8FUA         599 46     F5FDR         599 80     
QSO: 21024 CW 2026-01-24 1018 F8FUA         599 46     EW1P          599 025    
QSO: 21024 CW 2026-01-24 1018 F8FUA         599 46     RG5A          599 056    
QSO: 21024 CW 2026-01-24 1018 F8FUA         599 46     OH1TS         599 039    
QSO: 21024 CW 2026-01-24 1019 F8FUA         599 46     G3SWC         599 145    
QSO: 21024 CW 2026-01-24 1019 F8FUA         599 46     UA4SN         599 002    
QSO: 21024 CW 2026-01-24 1020 F8FUA         599 46     UZ7E          599 027    
QSO: 21024 CW 2026-01-24 1021 F8FUA         599 46     RL5A          599 009    
QSO: 21024 CW 2026-01-24 1022 F8FUA         599 46     F5MFI         599 45     
QSO: 21024 CW 2026-01-24 1022 F8FUA         599 46     RC2O          599 020    
QSO: 21024 CW 2026-01-24 1023 F8FUA         599 46     HA3GC         599 023    
QSO: 21011 CW 2026-01-24 1039 F8FUA         599 46     F6ARC         599 28     
QSO: 21005 CW 2026-01-24 1041 F8FUA         599 46     F4BPO         599 74     
QSO: 21019 CW 2026-01-24 1048 F8FUA         599 46     F5XX          599 81     
QSO: 21022 CW 2026-01-24 1050 F8FUA         599 46     F6KOP         599 77     
QSO: 21032 CW 2026-01-24 1051 F8FUA         599 46     F4CWN         599 32     
QSO: 28013 CW 2026-01-24 1053 F8FUA         599 46     F6REF         599 00     
QSO: 28012 CW 2026-01-24 1054 F8FUA         599 46     F8KCF         599 74     
QSO: 28004 CW 2026-01-24 1055 F8FUA         599 46     TM4S          599 04     
QSO: 28021 CW 2026-01-24 1056 F8FUA         599 46     F5VKT         599 47     
QSO: 28049 CW 2026-01-24 1058 F8FUA         599 46     F4KLW         599 63     
QSO: 28024 CW 2026-01-24 1059 F8FUA         599 46     RL5A          599 051    
QSO: 28024 CW 2026-01-24 1059 F8FUA         599 46     RD1T          599 023    
QSO: 28024 CW 2026-01-24 1100 F8FUA         599 46     RG5A          599 081    
QSO: 28024 CW 2026-01-24 1100 F8FUA         599 46     R3LC          599 025    
QSO: 28024 CW 2026-01-24 1101 F8FUA         599 46     F4HEC         599 37     
QSO: 28024 CW 2026-01-24 1101 F8FUA         599 46     UN0L          599 021    
QSO: 28024 CW 2026-01-24 1102 F8FUA         599 46     RA3FD         599 009    
QSO: 28024 CW 2026-01-24 1102 F8FUA         599 46     UA9JNT        599 002    
QSO: 28024 CW 2026-01-24 1105 F8FUA         599 46     RN3BL         599 096    
QSO: 28024 CW 2026-01-24 1105 F8FUA         599 46     F6KHM         599 29     
QSO: 28024 CW 2026-01-24 1106 F8FUA         599 46     TC3EC         599 004    
QSO: 28024 CW 2026-01-24 1106 F8FUA         599 46     RA3BQ         599 002    
QSO: 28024 CW 2026-01-24 1107 F8FUA         599 46     EW6EW         599 051    
QSO: 28024 CW 2026-01-24 1108 F8FUA         599 46     UA9AX         599 006    
QSO: 28024 CW 2026-01-24 1108 F8FUA         599 46     UW5IM         599 020    
QSO: 28024 CW 2026-01-24 1110 F8FUA         599 46     F6KPQ         599 56     
QSO: 28024 CW 2026-01-24 1111 F8FUA         599 46     OH6UE         599 010    
QSO: 28024 CW 2026-01-24 1112 F8FUA         599 46     UR3QX         599 032    
QSO: 28024 CW 2026-01-24 1114 F8FUA         599 46     YB2SLF        599 002    
QSO: 28024 CW 2026-01-24 1115 F8FUA         599 46     EU1DX         599 001    
QSO: 14021 CW 2026-01-24 1120 F8FUA         599 46     F5NKX         599 50     
QSO: 14012 CW 2026-01-24 1124 F8FUA         599 46     F8DFP         599 63     
QSO: 14013 CW 2026-01-24 1125 F8FUA         599 46     9A2NB         599 077    
QSO: 14013 CW 2026-01-24 1126 F8FUA         599 46     SP7OGP        599 050    
QSO: 14013 CW 2026-01-24 1126 F8FUA         599 46     YU3M          599 096    
QSO: 14013 CW 2026-01-24 1128 F8FUA         599 46     PE1PIX        599 028    
QSO: 14013 CW 2026-01-24 1128 F8FUA         599 46     F6KMB         599 59     
QSO: 14013 CW 2026-01-24 1129 F8FUA         599 46     YU0X          599 068    
QSO: 14013 CW 2026-01-24 1130 F8FUA         599 46     SM6CIL        599 034    
QSO: 14013 CW 2026-01-24 1130 F8FUA         599 46     SV1JG         599 044    
QSO: 14013 CW 2026-01-24 1130 F8FUA         599 46     G3SWC         599 171    
QSO: 14013 CW 2026-01-24 1131 F8FUA         599 46     HA3NU         599 173    
QSO: 14013 CW 2026-01-24 1131 F8FUA         599 46     YT2RX         599 054    
QSO: 14013 CW 2026-01-24 1132 F8FUA         599 46     DK5CR         599 009    
QSO: 14013 CW 2026-01-24 1132 F8FUA         599 46     SN7J          599 105    
QSO: 14013 CW 2026-01-24 1133 F8FUA         599 46     IT9WDC        599 118    
QSO: 14013 CW 2026-01-24 1133 F8FUA         599 46     DK3GI         599 010    
QSO: 14013 CW 2026-01-24 1134 F8FUA         599 46     PA0PJE        599 006    
QSO: 14013 CW 2026-01-24 1135 F8FUA         599 46     PC5D          599 010    
QSO: 14013 CW 2026-01-24 1135 F8FUA         599 46     G3RLE         599 009    
QSO: 14013 CW 2026-01-24 1136 F8FUA         599 46     EW1P          599 063    
QSO: 14013 CW 2026-01-24 1136 F8FUA         599 46     S57X          599 036    
QSO: 14013 CW 2026-01-24 1136 F8FUA         599 46     LY5T          599 022    
QSO: 14013 CW 2026-01-24 1137 F8FUA         599 46     SN9S          599 064    
QSO: 14013 CW 2026-01-24 1137 F8FUA         599 46     LY2PX         599 019    
QSO: 14013 CW 2026-01-24 1138 F8FUA         599 46     IK4WKU        599 024    
QSO: 14013 CW 2026-01-24 1138 F8FUA         599 46     OZ6XT         599 010    
QSO: 14013 CW 2026-01-24 1139 F8FUA         599 46     OK8KM         599 017    
QSO: 14013 CW 2026-01-24 1140 F8FUA         599 46     DK0HR         599 081    
QSO: 14013 CW 2026-01-24 1140 F8FUA         599 46     EI2KA         599 012    
QSO: 14013 CW 2026-01-24 1141 F8FUA         599 46     SM7GVF        599 076    
QSO: 14013 CW 2026-01-24 1141 F8FUA         599 46     DL6JF         599 006    
QSO: 14013 CW 2026-01-24 1143 F8FUA         599 46     F4EEJ/P       599 16     
QSO: 14013 CW 2026-01-24 1143 F8FUA         599 46     DH7NK         599 007    
QSO: 14013 CW 2026-01-24 1143 F8FUA         599 46     F5NWL         599 50     
QSO: 14013 CW 2026-01-24 1144 F8FUA         599 46     IK8UND        599 033    
QSO: 14013 CW 2026-01-24 1145 F8FUA         599 46     PA3AAV        599 064    
QSO: 14013 CW 2026-01-24 1146 F8FUA         599 46     YU1XO         599 029    
QSO: 14013 CW 2026-01-24 1147 F8FUA         599 46     DL7VRG        599 032    
QSO: 14013 CW 2026-01-24 1147 F8FUA         599 46     LY2MM         599 088    
QSO: 14013 CW 2026-01-24 1148 F8FUA         599 46     PA3EWG        599 070    
QSO: 14013 CW 2026-01-24 1148 F8FUA         599 46     SN8T          599 149    
QSO: 14013 CW 2026-01-24 1148 F8FUA         599 46     F4MQS         599 51     
QSO: 14013 CW 2026-01-24 1149 F8FUA         599 46     HA8TP         599 022    
QSO: 14013 CW 2026-01-24 1149 F8FUA         599 46     DA0BCC        599 057    
QSO: 14013 CW 2026-01-24 1150 F8FUA         599 46     PA2VS         599 037    
QSO: 14013 CW 2026-01-24 1150 F8FUA         599 46     SP1AEN        599 110    
QSO: 14013 CW 2026-01-24 1151 F8FUA         599 46     R4DI          599 068    
QSO: 14013 CW 2026-01-24 1151 F8FUA         599 46     HB9CMW        599 027    
QSO: 14013 CW 2026-01-24 1152 F8FUA         599 46     YO4LUP        599 001    
QSO: 14013 CW 2026-01-24 1152 F8FUA         599 46     9A9O          599 028    
QSO: 14013 CW 2026-01-24 1153 F8FUA         599 46     UT7CR         599 009    
QSO: 14013 CW 2026-01-24 1153 F8FUA         599 46     RG9A          599 093    
QSO: 14013 CW 2026-01-24 1153 F8FUA         599 46     PA0JED        599 043    
QSO: 14013 CW 2026-01-24 1154 F8FUA         599 46     YU1QU         599 007    
QSO: 14013 CW 2026-01-24 1154 F8FUA         599 46     UA3QGT        599 012    
QSO: 14013 CW 2026-01-24 1155 F8FUA         599 46     HA3GC         599 034    
QSO: 14013 CW 2026-01-24 1155 F8FUA         599 46     DL1ROT        599 107    
QSO: 14013 CW 2026-01-24 1156 F8FUA         599 46     PA8MM         599 053    
QSO: 14013 CW 2026-01-24 1156 F8FUA         599 46     PA3GQD        599 001    
QSO: 14013 CW 2026-01-24 1156 F8FUA         599 46     9A1DR         599 063    
QSO: 14013 CW 2026-01-24 1157 F8FUA         599 46     DL8WN         599 007    
QSO: 14013 CW 2026-01-24 1157 F8FUA         599 46     YR8R          599 109    
QSO: 14013 CW 2026-01-24 1159 F8FUA         599 46     UZ7E          599 090    
QSO: 14013 CW 2026-01-24 1159 F8FUA         599 46     F5PAC         599 68     
QSO: 14013 CW 2026-01-24 1200 F8FUA         599 46     TM9R          599 33     
QSO: 14013 CW 2026-01-24 1201 F8FUA         599 46     GM2S          599 015    
QSO: 14013 CW 2026-01-24 1202 F8FUA         599 46     9A2CT         599 016    
QSO: 14013 CW 2026-01-24 1203 F8FUA         599 46     LY2LF         599 012    
QSO: 14013 CW 2026-01-24 1203 F8FUA         599 46     DG1YBN        599 021    
QSO: 14003 CW 2026-01-24 1230 F8FUA         599 46     F5MAG         599 13     
QSO: 14025 CW 2026-01-24 1235 F8FUA         599 46     F4BPO         599 74     
QSO: 14028 CW 2026-01-24 1236 F8FUA         599 46     F6KHM         599 29     
QSO: 14033 CW 2026-01-24 1238 F8FUA         599 46     F4KIY         599 57     
QSO: 28036 CW 2026-01-24 1243 F8FUA         599 46     FM5FJ         599 FM     
QSO: 21006 CW 2026-01-24 1250 F8FUA         599 46     F6REF         599 00     
QSO: 21023 CW 2026-01-24 1251 F8FUA         599 46     FY5KE         599 FY     
QSO: 21009 CW 2026-01-24 1254 F8FUA         599 46     SN9S          599 087    
QSO: 21009 CW 2026-01-24 1255 F8FUA         599 46     SM5/UY5OO     599 077    
QSO: 21009 CW 2026-01-24 1255 F8FUA         599 46     UC3C          599 074    
QSO: 21009 CW 2026-01-24 1256 F8FUA         599 46     F6KBK         599 77     
QSO: 21009 CW 2026-01-24 1257 F8FUA         599 46     SN7J          599 146    
QSO: 21009 CW 2026-01-24 1257 F8FUA         599 46     R0RG          599 017    
QSO: 21009 CW 2026-01-24 1258 F8FUA         599 46     OK2KG         599 036    
QSO: 21009 CW 2026-01-24 1258 F8FUA         599 46     HA7MF         599 104    
QSO: 21009 CW 2026-01-24 1259 F8FUA         599 46     DK3KWF        599 027    
QSO: 21009 CW 2026-01-24 1259 F8FUA         599 46     SM7GVF        599 109    
QSO: 21009 CW 2026-01-24 1300 F8FUA         599 46     TM5EE         599 81     
QSO: 21009 CW 2026-01-24 1301 F8FUA         599 46     RN4SC         599 015    
QSO: 21009 CW 2026-01-24 1301 F8FUA         599 46     SP1AEN        599 134    
QSO: 21009 CW 2026-01-24 1302 F8FUA         599 46     SV1JG         599 088    
QSO: 21009 CW 2026-01-24 1303 F8FUA         599 46     LY2MM         599 113    
QSO: 21009 CW 2026-01-24 1303 F8FUA         599 46     UA4FCO        599 040    
QSO: 21009 CW 2026-01-24 1303 F8FUA         599 46     SM5ACQ        599 022    
QSO: 21009 CW 2026-01-24 1304 F8FUA         599 46     DL5XJ         599 063    
QSO: 21009 CW 2026-01-24 1305 F8FUA         599 46     F4IDN         599 49     
QSO: 21009 CW 2026-01-24 1305 F8FUA         599 46     F4HEC         599 37     
QSO: 21009 CW 2026-01-24 1306 F8FUA         599 46     EW6EW         599 083    
QSO: 21009 CW 2026-01-24 1306 F8FUA         599 46     LY4AA         599 016    
QSO: 21009 CW 2026-01-24 1307 F8FUA         599 46     RZ3Z          599 054    
QSO: 21009 CW 2026-01-24 1308 F8FUA         599 46     HA5OAF        599 016    
QSO: 21009 CW 2026-01-24 1309 F8FUA         599 46     UA9AX         599 026    
QSO: 21009 CW 2026-01-24 1309 F8FUA         599 46     RZ9AM         599 042    
QSO: 21009 CW 2026-01-24 1310 F8FUA         599 46     SD5M          599 020    
QSO: 21009 CW 2026-01-24 1310 F8FUA         599 46     UA9JNT        599 015    
QSO: 21009 CW 2026-01-24 1311 F8FUA         599 46     R9XS          599 007    
QSO: 21009 CW 2026-01-24 1312 F8FUA         599 46     ES8TPR        599 010    
QSO: 21009 CW 2026-01-24 1313 F8FUA         599 46     RW4HFH        599 016    
QSO: 21009 CW 2026-01-24 1313 F8FUA         599 46     YU7FY         599 040    
QSO: 21009 CW 2026-01-24 1314 F8FUA         599 46     RX9CC         599 034    
QSO: 21009 CW 2026-01-24 1314 F8FUA         599 46     SP1JQJ        599 042    
QSO: 21009 CW 2026-01-24 1315 F8FUA         599 46     F5ICC         599 24     
QSO: 21009 CW 2026-01-24 1316 F8FUA         599 46     SP9RQH        599 005    
QSO: 21009 CW 2026-01-24 1317 F8FUA         599 46     SO5CW         599 022    
QSO: 21009 CW 2026-01-24 1317 F8FUA         599 46     LY2PX         599 058    
QSO: 21009 CW 2026-01-24 1319 F8FUA         599 46     HG8W          599 031    
QSO: 21009 CW 2026-01-24 1320 F8FUA         599 46     YO6BLU        599 017    
QSO: 21009 CW 2026-01-24 1320 F8FUA         599 46     RW3AI         599 026    
QSO: 21009 CW 2026-01-24 1321 F8FUA         599 46     N4PD          599 006    
QSO: 14012 CW 2026-01-24 1335 F8FUA         599 46     F5PAL         599 63     
QSO: 14015 CW 2026-01-24 1337 F8FUA         599 46     F5AUZ         599 87     
QSO: 14018 CW 2026-01-24 1339 F8FUA         599 46     F6KGI/P       599 11     
QSO: 14038 CW 2026-01-24 1343 F8FUA         599 46     F6KEH         599 34     
QSO: 21021 CW 2026-01-24 1350 F8FUA         599 46     FM5BH         599 FM     
QSO: 14026 CW 2026-01-24 1353 F8FUA         599 46     F5IND         599 83     
QSO: 14025 CW 2026-01-24 1354 F8FUA         599 46     F5IRQ         599 85     
QSO: 14044 CW 2026-01-24 1356 F8FUA         599 46     F4FFH/P       599 66     
QSO: 14017 CW 2026-01-24 1359 F8FUA         599 46     F6BGH         599 57     
QSO: 14020 CW 2026-01-24 1400 F8FUA         599 46     RN2FQ         599 030    
QSO: 14020 CW 2026-01-24 1401 F8FUA         599 46     R3AQ          599 062    
QSO: 14020 CW 2026-01-24 1401 F8FUA         599 46     SP2HHX        599 037    
QSO: 14020 CW 2026-01-24 1402 F8FUA         599 46     DF4ZL         599 119    
QSO: 14020 CW 2026-01-24 1402 F8FUA         599 46     IK4RVY        599 109    
QSO: 14020 CW 2026-01-24 1403 F8FUA         599 46     DL4XU         599 051    
QSO: 14020 CW 2026-01-24 1403 F8FUA         599 46     OK1DVA        599 057    
QSO: 14020 CW 2026-01-24 1404 F8FUA         599 46     SD1A          599 068    
QSO: 14020 CW 2026-01-24 1404 F8FUA         599 46     DL6AG         599 084    
QSO: 14020 CW 2026-01-24 1404 F8FUA         599 46     HG8W          599 049    
QSO: 14020 CW 2026-01-24 1405 F8FUA         599 46     OE5CYL        599 046    
QSO: 14020 CW 2026-01-24 1405 F8FUA         599 46     IZ5AHB        599 061    
QSO: 14020 CW 2026-01-24 1406 F8FUA         599 46     SP2GOW        599 077    
QSO: 14020 CW 2026-01-24 1407 F8FUA         599 46     F6AUS         599 79     
QSO: 14020 CW 2026-01-24 1407 F8FUA         599 46     DJ5KX         599 022    
QSO: 14020 CW 2026-01-24 1407 F8FUA         599 46     EV6Z          599 033    
QSO: 14020 CW 2026-01-24 1408 F8FUA         599 46     HA7MF         599 128    
QSO: 14020 CW 2026-01-24 1408 F8FUA         599 46     SP9EML        599 023    
QSO: 14020 CW 2026-01-24 1409 F8FUA         599 46     DL9TO         599 001    
QSO: 14020 CW 2026-01-24 1409 F8FUA         599 46     OK2KG         599 056    
QSO: 14020 CW 2026-01-24 1410 F8FUA         599 46     F5VBU         599 66     
QSO: 14020 CW 2026-01-24 1410 F8FUA         599 46     RX9CC         599 040    
QSO: 14020 CW 2026-01-24 1411 F8FUA         599 46     DL7VMM        599 023    
QSO: 14020 CW 2026-01-24 1411 F8FUA         599 46     PC1PM         599 052    
QSO: 14020 CW 2026-01-24 1412 F8FUA         599 46     PG7R          599 002    
QSO: 14020 CW 2026-01-24 1412 F8FUA         599 46     F5MFI         599 45     
QSO: 14020 CW 2026-01-24 1413 F8FUA         599 46     MM2T          599 054    
QSO: 14020 CW 2026-01-24 1414 F8FUA         599 46     F9CI          599 22     
QSO: 14020 CW 2026-01-24 1415 F8FUA         599 46     LY2YM         599 084    
QSO: 14020 CW 2026-01-24 1415 F8FUA         599 46     HA1WA         599 015    
QSO: 14020 CW 2026-01-24 1416 F8FUA         599 46     MM2T          599 055    
QSO: 14020 CW 2026-01-24 1416 F8FUA         599 46     LZ7CC         599 017    
QSO: 14020 CW 2026-01-24 1417 F8FUA         599 46     UA6AK         599 025    
QSO: 14020 CW 2026-01-24 1417 F8FUA         599 46     DL2OM         599 044    
QSO: 14020 CW 2026-01-24 1418 F8FUA         599 46     EW8DX         599 111    
QSO: 14020 CW 2026-01-24 1418 F8FUA         599 46     G4YBU         599 016    
QSO: 14020 CW 2026-01-24 1419 F8FUA         599 46     F5SKW         599 68     
QSO: 14020 CW 2026-01-24 1420 F8FUA         599 46     RV3ZN         599 059    
QSO: 14020 CW 2026-01-24 1420 F8FUA         599 46     OM5MX         599 059    
QSO: 14020 CW 2026-01-24 1421 F8FUA         599 46     M0MPM         599 006    
QSO: 14020 CW 2026-01-24 1421 F8FUA         599 46     F5OIH         599 86     
QSO: 14020 CW 2026-01-24 1422 F8FUA         599 46     RA3FD         599 023    
QSO: 14020 CW 2026-01-24 1422 F8FUA         599 46     OK1FCA        599 010    
QSO: 14020 CW 2026-01-24 1422 F8FUA         599 46     DF7XR         599 045    
QSO: 14020 CW 2026-01-24 1423 F8FUA         599 46     EW2R          599 072    
QSO: 14020 CW 2026-01-24 1423 F8FUA         599 46     F5BMI         599 46     
QSO: 14020 CW 2026-01-24 1424 F8FUA         599 46     SP9JZT        599 076    
QSO: 14020 CW 2026-01-24 1425 F8FUA         599 46     F6KFI         599 72     
QSO: 14020 CW 2026-01-24 1425 F8FUA         599 46     HA5OKU        599 005    
QSO: 14020 CW 2026-01-24 1426 F8FUA         599 46     G4LJU         599 031    
QSO: 14020 CW 2026-01-24 1426 F8FUA         599 46     DL1NKS        599 027    
QSO: 14020 CW 2026-01-24 1426 F8FUA         599 46     RL5A          599 110    
QSO: 14020 CW 2026-01-24 1427 F8FUA         599 46     OM6TU         599 038    
QSO: 14020 CW 2026-01-24 1427 F8FUA         599 46     S57EA         599 040    
QSO: 14020 CW 2026-01-24 1428 F8FUA         599 46     DL5XJ         599 214    
QSO: 14020 CW 2026-01-24 1428 F8FUA         599 46     PA0PJE        599 017    
QSO: 14020 CW 2026-01-24 1429 F8FUA         599 46     UA9CTT        599 081    
QSO: 14020 CW 2026-01-24 1429 F8FUA         599 46     IU3QOA        599 015    
QSO: 14020 CW 2026-01-24 1429 F8FUA         599 46     IK4OMU        599 043    
QSO: 14020 CW 2026-01-24 1430 F8FUA         599 46     G4ERW         599 019    
QSO: 14020 CW 2026-01-24 1433 F8FUA         599 46     LY4AA         599 027    
QSO: 14020 CW 2026-01-24 1434 F8FUA         599 46     DL3KWF        599 047    
QSO: 14020 CW 2026-01-24 1435 F8FUA         599 46     OH6UE         599 015    
QSO: 14020 CW 2026-01-24 1435 F8FUA         599 46     RN4SC         599 019    
QSO: 14020 CW 2026-01-24 1436 F8FUA         599 46     RZ9AM         599 049    
QSO: 14020 CW 2026-01-24 1437 F8FUA         599 46     OM3CDN        599 019    
QSO: 14020 CW 2026-01-24 1438 F8FUA         599 46     DF3OL         599 025    
QSO: 14020 CW 2026-01-24 1439 F8FUA         599 46     RL3O          599 010    
QSO: 14020 CW 2026-01-24 1439 F8FUA         599 46     F6IIT         599 86     
QSO: 14020 CW 2026-01-24 1440 F8FUA         599 46     PA6F          599 004    
QSO: 14020 CW 2026-01-24 1440 F8FUA         599 46     EW1TZ         599 054    
QSO: 14020 CW 2026-01-24 1441 F8FUA         599 46     OM8ATS        599 077    
QSO: 14020 CW 2026-01-24 1441 F8FUA         599 46     SP9IVD        599 009    
QSO: 14020 CW 2026-01-24 1442 F8FUA         599 46     M7R           599 015    
QSO: 14020 CW 2026-01-24 1442 F8FUA         599 46     UX5VK         599 021    
QSO: 14020 CW 2026-01-24 1444 F8FUA         599 46     F5ROW         599 50     
QSO: 14020 CW 2026-01-24 1444 F8FUA         599 46     R6CC          599 135    
QSO: 14020 CW 2026-01-24 1445 F8FUA         599 46     CT1EHK        599 046    
QSO: 14020 CW 2026-01-24 1446 F8FUA         599 46     PA2CHM        599 001    
QSO: 14020 CW 2026-01-24 1447 F8FUA         599 46     LA9OI         599 066    
QSO: 14020 CW 2026-01-24 1448 F8FUA         599 46     F5JU          599 35     
QSO: 14020 CW 2026-01-24 1448 F8FUA         599 46     DL1NKS        599 033    
QSO: 14020 CW 2026-01-24 1448 F8FUA         599 46     SP1C          599 128    
QSO: 14020 CW 2026-01-24 1449 F8FUA         599 46     RT2F          599 048    
QSO: 14020 CW 2026-01-24 1450 F8FUA         599 46     EA7/PA5JF     599 143    
QSO: 14020 CW 2026-01-24 1450 F8FUA         599 46     UR3QX         599 063    
QSO: 14020 CW 2026-01-24 1451 F8FUA         599 46     OK1PFM        599 016    
QSO: 14020 CW 2026-01-24 1452 F8FUA         599 46     SP2QG         599 147    
QSO: 14020 CW 2026-01-24 1452 F8FUA         599 46     RG5A          599 183    
QSO: 14020 CW 2026-01-24 1453 F8FUA         599 46     F6BUL         599 74     
QSO: 14020 CW 2026-01-24 1453 F8FUA         599 46     SM0Q          599 026    
QSO: 14020 CW 2026-01-24 1454 F8FUA         599 46     OK1FRJ        599 005    
QSO: 14020 CW 2026-01-24 1454 F8FUA         599 46     F8BMG         599 32     
QSO: 14020 CW 2026-01-24 1455 F8FUA         599 46     DL8WAA        599 004    
QSO: 14020 CW 2026-01-24 1455 F8FUA         599 46     CT1DRB        599 059    
QSO: 14020 CW 2026-01-24 1456 F8FUA         599 46     LZ3R          599 022    
QSO: 14020 CW 2026-01-24 1457 F8FUA         599 46     F5MBM         599 54     
QSO: 14020 CW 2026-01-24 1459 F8FUA         599 46     OK2IW         599 035    
QSO: 14020 CW 2026-01-24 1459 F8FUA         599 46     OK1YR         599 038    
QSO: 14020 CW 2026-01-24 1500 F8FUA         599 46     DF8TY         599 003    
QSO: 14020 CW 2026-01-24 1500 F8FUA         599 46     PG2AA         599 034    
QSO: 14020 CW 2026-01-24 1501 F8FUA         599 46     IT9PPG        599 020    
QSO: 14020 CW 2026-01-24 1501 F8FUA         599 46     F5UMP         599 59     
QSO: 14020 CW 2026-01-24 1502 F8FUA         599 46     DL6UHA        599 017    
QSO: 14020 CW 2026-01-24 1503 F8FUA         599 46     IK0NOJ        599 005    
QSO: 14020 CW 2026-01-24 1503 F8FUA         599 46     DK1YY         599 004    
QSO: 14020 CW 2026-01-24 1504 F8FUA         599 46     RX6FJ         599 040    
QSO: 14020 CW 2026-01-24 1504 F8FUA         599 46     YU1YV         599 126    
QSO: 14020 CW 2026-01-24 1505 F8FUA         599 46     RA3BQ         599 071    
QSO: 14020 CW 2026-01-24 1505 F8FUA         599 46     PA3DRL        599 068    
QSO: 14020 CW 2026-01-24 1506 F8FUA         599 46     EW6EW         599 094    
QSO: 14020 CW 2026-01-24 1507 F8FUA         599 46     9H1PI         599 053    
QSO: 14020 CW 2026-01-24 1507 F8FUA         599 46     R4FRG         599 035    
QSO: 14020 CW 2026-01-24 1507 F8FUA         599 46     OK6CX         599 015    
QSO: 14020 CW 2026-01-24 1508 F8FUA         599 46     F6KNB         599 33     
QSO: 14020 CW 2026-01-24 1509 F8FUA         599 46     DJ8WR         599 080    
QSO: 14020 CW 2026-01-24 1509 F8FUA         599 46     CT1ELZ        599 037    
QSO: 14020 CW 2026-01-24 1510 F8FUA         599 46     F4GLK         599 60     
QSO: 14020 CW 2026-01-24 1510 F8FUA         599 46     Z33C          599 010    
QSO: 14020 CW 2026-01-24 1512 F8FUA         599 46     F1EST         599 84     
QSO: 14020 CW 2026-01-24 1513 F8FUA         599 46     F6JOE         599 59     
QSO: 14020 CW 2026-01-24 1513 F8FUA         599 46     RN3OG         599 001    
QSO: 14020 CW 2026-01-24 1514 F8FUA         599 46     RW3DY         599 051    
QSO: 14020 CW 2026-01-24 1514 F8FUA         599 46     EK8A          599 001    
QSO: 14020 CW 2026-01-24 1516 F8FUA         599 46     YO/LZ4UU      599 004    
QSO: 14020 CW 2026-01-24 1516 F8FUA         599 46     LY2A          599 121    
QSO: 14020 CW 2026-01-24 1517 F8FUA         599 46     F6KFI         599 72     
QSO: 14020 CW 2026-01-24 1517 F8FUA         599 46     DH7AMF        599 031    
QSO: 14020 CW 2026-01-24 1518 F8FUA         599 46     EU1DX         599 027    
QSO: 14020 CW 2026-01-24 1519 F8FUA         599 46     F5KSE         599 31     
QSO: 14020 CW 2026-01-24 1520 F8FUA         599 46     RN3BL         599 247    
QSO: 14020 CW 2026-01-24 1521 F8FUA         599 46     OM3TBG        599 006    
QSO: 14020 CW 2026-01-24 1521 F8FUA         599 46     DM2DZM        599 084    
QSO: 14020 CW 2026-01-24 1522 F8FUA         599 46     YO4DW         599 039    
QSO: 14020 CW 2026-01-24 1522 F8FUA         599 46     OM5KM         599 047    
QSO: 14020 CW 2026-01-24 1522 F8FUA         599 46     SF6J          599 054    
QSO: 14020 CW 2026-01-24 1523 F8FUA         599 46     HA2ZB         599 006    
QSO: 14020 CW 2026-01-24 1524 F8FUA         599 46     G4VHJ         599 001    
QSO: 14020 CW 2026-01-24 1524 F8FUA         599 46     HA5ARX        599 009    
QSO: 14020 CW 2026-01-24 1525 F8FUA         599 46     R3LC          599 105    
QSO: 14020 CW 2026-01-24 1526 F8FUA         599 46     LY5G          599 093    
QSO: 14016 CW 2026-01-24 1529 F8FUA         599 46     F4KLW         599 63     
QSO: 14012 CW 2026-01-24 1534 F8FUA         599 46     F6FWQ         599 86     
QSO: 14005 CW 2026-01-24 1536 F8FUA         599 46     F5UQN         599 83     
QSO: 21025 CW 2026-01-24 1543 F8FUA         599 46     F6KEH         599 34     
QSO: 21031 CW 2026-01-24 1545 F8FUA         599 46     LZ1ND         599 112    
QSO: 21031 CW 2026-01-24 1546 F8FUA         599 46     RO3ZM         599 059    
QSO: 21031 CW 2026-01-24 1547 F8FUA         599 46     KM5G          599 072    
QSO: 21031 CW 2026-01-24 1547 F8FUA         599 46     VA3IK         599 012    
QSO: 21031 CW 2026-01-24 1548 F8FUA         599 46     EW1TO         599 052    
QSO: 21031 CW 2026-01-24 1549 F8FUA         599 46     F4AIF         599 01     
QSO: 21031 CW 2026-01-24 1550 F8FUA         599 46     OH2KW         599 089    
QSO: 21031 CW 2026-01-24 1551 F8FUA         599 46     R6KEE         599 013    
QSO: 21010 CW 2026-01-24 1608 F8FUA         599 46     F5SIH         599 38     
QSO: 21020 CW 2026-01-24 1610 F8FUA         599 46     F5IYU         599 89     
QSO: 14021 CW 2026-01-24 1616 F8FUA         599 46     F6JXR         599 35     
QSO: 14022 CW 2026-01-24 1617 F8FUA         599 46     F6FTB         599 21     
QSO: 14023 CW 2026-01-24 1618 F8FUA         599 46     TM5EE         599 81     
QSO: 14024 CW 2026-01-24 1619 F8FUA         599 46     F6KBK         599 77     
QSO: 14037 CW 2026-01-24 1621 F8FUA         599 46     F6HQP         599 73     
QSO: 14018 CW 2026-01-24 1624 F8FUA         599 46     OH2KW         599 118    
QSO:  7033 CW 2026-01-24 1627 F8FUA         599 46     SN8T          599 234    
QSO:  7033 CW 2026-01-24 1628 F8FUA         599 46     F5OQK         599 85     
QSO:  7033 CW 2026-01-24 1629 F8FUA         599 46     IZ5AHB        599 086    
QSO:  7033 CW 2026-01-24 1629 F8FUA         599 46     PA3AAV        599 141    
QSO:  7033 CW 2026-01-24 1630 F8FUA         599 46     DM2DZM        599 108    
QSO:  7033 CW 2026-01-24 1631 F8FUA         599 46     HB9CMW        599 032    
QSO:  7033 CW 2026-01-24 1632 F8FUA         599 46     F6BHI         599 11     
QSO:  7033 CW 2026-01-24 1632 F8FUA         599 46     HB9HQA        599 005    
QSO:  7033 CW 2026-01-24 1632 F8FUA         599 46     OK5SA         599 013    
QSO:  7033 CW 2026-01-24 1633 F8FUA         599 46     F5NZY         599 76     
QSO:  7033 CW 2026-01-24 1633 F8FUA         599 46     SN9S          599 144    
QSO:  7033 CW 2026-01-24 1634 F8FUA         599 46     DL7ARJ        599 037    
QSO:  7033 CW 2026-01-24 1634 F8FUA         599 46     F1RHS         599 82     
QSO:  7033 CW 2026-01-24 1634 F8FUA         599 46     F6GUF         599 37     
QSO:  7033 CW 2026-01-24 1635 F8FUA         599 46     OE3KAB        599 039    
QSO:  7033 CW 2026-01-24 1636 F8FUA         599 46     F4IDN         599 49     
QSO:  7033 CW 2026-01-24 1637 F8FUA         599 46     F5YG          599 60     
QSO:  7033 CW 2026-01-24 1638 F8FUA         599 46     F5KOU         599 80     
QSO:  7033 CW 2026-01-24 1638 F8FUA         599 46     F5ROL         599 83     
QSO:  7033 CW 2026-01-24 1638 F8FUA         599 46     YT7BW         599 007    
QSO:  7033 CW 2026-01-24 1639 F8FUA         599 46     F6KHM         599 29     
QSO:  7033 CW 2026-01-24 1640 F8FUA         599 46     F8FKK         599 26     
QSO:  7033 CW 2026-01-24 1641 F8FUA         599 46     F4CZV         599 82     
QSO:  7033 CW 2026-01-24 1641 F8FUA         599 46     LY5G          599 116    
QSO:  7033 CW 2026-01-24 1642 F8FUA         599 46     LA9OI         599 084    
QSO:  7033 CW 2026-01-24 1643 F8FUA         599 46     F4BIT         599 54     
QSO:  7033 CW 2026-01-24 1643 F8FUA         599 46     OR5T          599 050    
QSO:  7033 CW 2026-01-24 1644 F8FUA         599 46     F5SGI         599 56     
QSO:  7033 CW 2026-01-24 1644 F8FUA         599 46     R6CC          599 159    
QSO:  7033 CW 2026-01-24 1645 F8FUA         599 46     F1IKA         599 31     
QSO:  7033 CW 2026-01-24 1645 F8FUA         599 46     F6ANQ         599 33     
QSO:  7033 CW 2026-01-24 1646 F8FUA         599 46     DH0GDS        599 020    
QSO:  7033 CW 2026-01-24 1648 F8FUA         599 46     DK6DL         599 001    
QSO:  7033 CW 2026-01-24 1648 F8FUA         599 46     IZ5FDE        599 048    
QSO:  7033 CW 2026-01-24 1649 F8FUA         599 46     TM9R          599 33     
QSO:  7033 CW 2026-01-24 1649 F8FUA         599 46     OK1FPG        599 037    
QSO:  7033 CW 2026-01-24 1650 F8FUA         599 46     R6HOK         599 057    
QSO:  7033 CW 2026-01-24 1651 F8FUA         599 46     UA6AK         599 054    
QSO:  7033 CW 2026-01-24 1651 F8FUA         599 46     F6AUS         599 79     
QSO:  7033 CW 2026-01-24 1651 F8FUA         599 46     SM7GVF        599 206    
QSO:  7033 CW 2026-01-24 1652 F8FUA         599 46     PA2TA         599 016    
QSO:  7033 CW 2026-01-24 1652 F8FUA         599 46     EA1IYK        599 049    
QSO:  7033 CW 2026-01-24 1653 F8FUA         599 46     TM4S          599 04     
QSO:  7033 CW 2026-01-24 1654 F8FUA         599 46     F6FTI         599 80     
QSO:  7033 CW 2026-01-24 1654 F8FUA         599 46     F8GNV         599 77     
QSO:  7033 CW 2026-01-24 1655 F8FUA         599 46     EW8DX         599 129    
QSO:  7033 CW 2026-01-24 1655 F8FUA         599 46     RK4HYT        599 058    
QSO:  7033 CW 2026-01-24 1656 F8FUA         599 46     UA6HFI        599 066    
QSO:  7033 CW 2026-01-24 1656 F8FUA         599 46     YO4TL         599 052    
QSO:  7033 CW 2026-01-24 1657 F8FUA         599 46     RN2FQ         599 085    
QSO:  7033 CW 2026-01-24 1657 F8FUA         599 46     PA0RDT        599 086    
QSO:  7033 CW 2026-01-24 1658 F8FUA         599 46     F5JNX         599 68     
QSO:  7033 CW 2026-01-24 1658 F8FUA         599 46     SC6O          599 048    
QSO:  7033 CW 2026-01-24 1659 F8FUA         599 46     9A1DR         599 102    
QSO:  7033 CW 2026-01-24 1700 F8FUA         599 46     F6HRL         599 86     
QSO:  7033 CW 2026-01-24 1700 F8FUA         599 46     F6JOE         599 59     
QSO:  7033 CW 2026-01-24 1701 F8FUA         599 46     DL8WN         599 057    
QSO:  7033 CW 2026-01-24 1701 F8FUA         599 46     RG5A          599 211    
QSO:  7033 CW 2026-01-24 1702 F8FUA         599 46     SP2QG         599 215    
QSO:  7033 CW 2026-01-24 1702 F8FUA         599 46     LY2A          599 144    
QSO:  7033 CW 2026-01-24 1703 F8FUA         599 46     PA3DFL        599 088    
QSO:  7033 CW 2026-01-24 1703 F8FUA         599 46     DK0HR         599 003    
QSO:  7033 CW 2026-01-24 1704 F8FUA         599 46     DK3AX         599 016    
QSO:  7033 CW 2026-01-24 1705 F8FUA         599 46     F8KGZ         599 54     
QSO:  7033 CW 2026-01-24 1705 F8FUA         599 46     F5JRC         599 02     
QSO:  7033 CW 2026-01-24 1706 F8FUA         599 46     G3SWC         599 251    
QSO:  7033 CW 2026-01-24 1706 F8FUA         599 46     HB9AOF        599 122    
QSO:  7033 CW 2026-01-24 1707 F8FUA         599 46     YO4DW         599 040    
QSO:  7033 CW 2026-01-24 1707 F8FUA         599 46     HA4FY         599 075    
QSO:  7033 CW 2026-01-24 1708 F8FUA         599 46     IK2UJF        599 016    
QSO:  7033 CW 2026-01-24 1709 F8FUA         599 46     IU5RFA        599 023    
QSO:  7033 CW 2026-01-24 1709 F8FUA         599 46     PC5D          599 025    
QSO:  7033 CW 2026-01-24 1710 F8FUA         599 46     DL4XU         599 082    
QSO:  7033 CW 2026-01-24 1710 F8FUA         599 46     F1BZG         599 45     
QSO:  7033 CW 2026-01-24 1711 F8FUA         599 46     F5JKQ         599 44     
QSO:  7033 CW 2026-01-24 1712 F8FUA         599 46     HB9HWI        599 009    
QSO:  7033 CW 2026-01-24 1712 F8FUA         599 46     HA8TP         599 118    
QSO:  7033 CW 2026-01-24 1713 F8FUA         599 46     IK2RLS        599 034    
QSO:  7033 CW 2026-01-24 1714 F8FUA         599 46     DG0KS         599 040    
QSO:  7033 CW 2026-01-24 1715 F8FUA         599 46     DF7XR         599 078    
QSO:  7033 CW 2026-01-24 1716 F8FUA         599 46     OH2KW         599 151    
QSO:  7033 CW 2026-01-24 1716 F8FUA         599 46     YP2R          599 070    
QSO:  7033 CW 2026-01-24 1717 F8FUA         599 46     RA3BQ         599 090    
QSO:  7033 CW 2026-01-24 1717 F8FUA         599 46     DF6RI         599 045    
QSO:  7033 CW 2026-01-24 1718 F8FUA         599 46     SF6J          599 090    
QSO:  7033 CW 2026-01-24 1718 F8FUA         599 46     HG8W          599 106    
QSO:  7033 CW 2026-01-24 1719 F8FUA         599 46     LY2PX         599 140    
QSO:  7033 CW 2026-01-24 1719 F8FUA         599 46     SQ9TX         599 047    
QSO:  7033 CW 2026-01-24 1720 F8FUA         599 46     PC1PM         599 071    
QSO:  7033 CW 2026-01-24 1720 F8FUA         599 46     LZ1ZF         599 018    
QSO:  7033 CW 2026-01-24 1721 F8FUA         599 46     F5RAB         599 28     
QSO:  7033 CW 2026-01-24 1721 F8FUA         599 46     F5PPG         599 57     
QSO:  7033 CW 2026-01-24 1721 F8FUA         599 46     DL6UHA        599 053    
QSO:  7033 CW 2026-01-24 1722 F8FUA         599 46     F4KIY         599 57     
QSO:  7033 CW 2026-01-24 1722 F8FUA         599 46     F4EOC         599 57     
QSO:  7033 CW 2026-01-24 1723 F8FUA         599 46     OK1FCA        599 033    
QSO:  7033 CW 2026-01-24 1724 F8FUA         599 46     DF8DU         599 016    
QSO:  7033 CW 2026-01-24 1725 F8FUA         599 46     YT1XC         599 024    
QSO:  7033 CW 2026-01-24 1726 F8FUA         599 46     F5PCV         599 62     
QSO:  7033 CW 2026-01-24 1727 F8FUA         599 46     F6DXE         599 29     
QSO:  7033 CW 2026-01-24 1727 F8FUA         599 46     F6GYF         599 63     
QSO:  7033 CW 2026-01-24 1728 F8FUA         599 46     F4LTV         599 35     
QSO:  7033 CW 2026-01-24 1729 F8FUA         599 46     IU6AIG        599 034    
QSO:  7033 CW 2026-01-24 1730 F8FUA         599 46     F6BQG         599 35     
QSO:  7033 CW 2026-01-24 1730 F8FUA         599 46     YU1YV         599 199    
QSO:  7033 CW 2026-01-24 1731 F8FUA         599 46     DK2FG         599 069    
QSO:  7033 CW 2026-01-24 1731 F8FUA         599 46     EW1P          599 117    
QSO:  7033 CW 2026-01-24 1732 F8FUA         599 46     RL5A          599 275    
QSO:  7033 CW 2026-01-24 1732 F8FUA         599 46     F8KGU/P       599 62     
QSO:  7033 CW 2026-01-24 1733 F8FUA         599 46     S50R          599 008    
QSO:  7033 CW 2026-01-24 1734 F8FUA         599 46     RG9A          599 218    
QSO:  7033 CW 2026-01-24 1735 F8FUA         599 46     F6GMQ         599 78     
QSO:  7033 CW 2026-01-24 1736 F8FUA         599 46     YU1AT         599 002    
QSO:  7033 CW 2026-01-24 1737 F8FUA         599 46     SP2HHX        599 053    
QSO:  7033 CW 2026-01-24 1737 F8FUA         599 46     RN3BL         599 326    
QSO:  7033 CW 2026-01-24 1738 F8FUA         599 46     SV1SYM        599 011    
QSO:  7033 CW 2026-01-24 1739 F8FUA         599 46     ON6VST        599 012    
QSO:  7033 CW 2026-01-24 1740 F8FUA         599 46     DG2FDD        599 003    
QSO:  7033 CW 2026-01-24 1741 F8FUA         599 46     DL5MY         599 039    
QSO:  7028 CW 2026-01-24 1743 F8FUA         599 46     F5VKT         599 47     
QSO:  7026 CW 2026-01-24 1744 F8FUA         599 46     F5OEV         599 85     
QSO:  7022 CW 2026-01-24 1746 F8FUA         599 46     F5RGY/P       599 25     
QSO:  7021 CW 2026-01-24 1747 F8FUA         599 46     TM5EE         599 81     
QSO:  7010 CW 2026-01-24 1748 F8FUA         599 46     F4KKF         599 13     
QSO:  7007 CW 2026-01-24 1751 F8FUA         599 46     TM87C         599 87     
QSO:  7001 CW 2026-01-24 1752 F8FUA         599 46     F5IND         599 83     
QSO:  7023 CW 2026-01-24 1754 F8FUA         599 46     F6KGI         599 11     
QSO:  7025 CW 2026-01-24 1756 F8FUA         599 46     F5JGL         599 36     
QSO:  7025 CW 2026-01-24 1757 F8FUA         599 46     F8GDP         599 62     
QSO:  7035 CW 2026-01-24 1804 F8FUA         599 46     F8DCZ         599 56     
QSO:  7034 CW 2026-01-24 1805 F8FUA         599 46     F6KDL         599 68     
QSO:  7033 CW 2026-01-24 1806 F8FUA         599 46     F6REF         599 00     
QSO:  7008 CW 2026-01-24 1809 F8FUA         599 46     F6KOP         599 77     
QSO: 14024 CW 2026-01-24 1813 F8FUA         599 46     FY5KE         599 FY     
QSO: 14023 CW 2026-01-24 1814 F8FUA         599 46     N1CFO         599 165    
QSO: 14021 CW 2026-01-24 1816 F8FUA         599 46     F8KCF         599 74     
QSO:  7009 CW 2026-01-24 1822 F8FUA         599 46     F4DIA         599 74     
QSO:  7007 CW 2026-01-24 1831 F8FUA         599 46     F5PAL         599 63     
QSO:  7013 CW 2026-01-24 1833 F8FUA         599 46     TM2CV         599 41     
QSO:  7027 CW 2026-01-24 1836 F8FUA         599 46     OZ/SM5S       599 060    
QSO:  7027 CW 2026-01-24 1836 F8FUA         599 46     SQ9I          599 011    
QSO:  7027 CW 2026-01-24 1837 F8FUA         599 46     RZ9AM         599 071    
QSO:  7027 CW 2026-01-24 1837 F8FUA         599 46     SM5/UY5OO     599 132    
QSO:  7027 CW 2026-01-24 1838 F8FUA         599 46     S57EA         599 072    
QSO:  7027 CW 2026-01-24 1840 F8FUA         599 46     EW2R          599 116    
QSO:  7027 CW 2026-01-24 1840 F8FUA         599 46     IZ8DVD        599 002    
QSO:  7027 CW 2026-01-24 1841 F8FUA         599 46     SQ3TGN        599 007    
QSO:  7027 CW 2026-01-24 1842 F8FUA         599 46     EA7BEZ        599 017    
QSO:  3523 CW 2026-01-24 1940 F8FUA         599 46     F8KGU/P       599 62     
QSO:  3523 CW 2026-01-24 1940 F8FUA         599 46     HA5BMS        599 013    
QSO:  3523 CW 2026-01-24 1941 F8FUA         599 46     HG8W          599 184    
QSO:  3523 CW 2026-01-24 1941 F8FUA         599 46     OK1AY         599 093    
QSO:  3523 CW 2026-01-24 1942 F8FUA         599 46     LZ3R          599 042    
QSO:  3523 CW 2026-01-24 1942 F8FUA         599 46     YP2R          599 140    
QSO:  3523 CW 2026-01-24 1943 F8FUA         599 46     RN3BL         599 405    
QSO:  3523 CW 2026-01-24 1943 F8FUA         599 46     OK4DZ         599 148    
QSO:  3523 CW 2026-01-24 1944 F8FUA         599 46     SN9S          599 186    
QSO:  3523 CW 2026-01-24 1945 F8FUA         599 46     F5VHY         599 47     
QSO:  3523 CW 2026-01-24 1946 F8FUA         599 46     DL3ANK        599 078    
QSO:  3523 CW 2026-01-24 1946 F8FUA         599 46     DL3RDM        599 028    
QSO:  3523 CW 2026-01-24 1946 F8FUA         599 46     EU2M          599 013    
QSO:  3523 CW 2026-01-24 1947 F8FUA         599 46     RG9A          599 244    
QSO:  3523 CW 2026-01-24 1948 F8FUA         599 46     SN1F          599 071    
QSO:  3523 CW 2026-01-24 1950 F8FUA         599 46     SP2XX         599 043    
QSO:  3523 CW 2026-01-24 1950 F8FUA         599 46     PA3GDD        599 055    
QSO:  3523 CW 2026-01-24 1951 F8FUA         599 46     TM4S          599 04     
QSO:  3523 CW 2026-01-24 1952 F8FUA         599 46     ZA1F          599 010    
QSO:  3523 CW 2026-01-24 1952 F8FUA         599 46     F5IYJ         599 21     
QSO:  3523 CW 2026-01-24 1953 F8FUA         599 46     YU1YV         599 233    
QSO:  3523 CW 2026-01-24 1954 F8FUA         599 46     PA0RDT        599 139    
QSO:  3523 CW 2026-01-24 1954 F8FUA         599 46     RU1QD         599 018    
QSO:  3523 CW 2026-01-24 1955 F8FUA         599 46     EC3A          599 068    
QSO:  3523 CW 2026-01-24 1956 F8FUA         599 46     F1MLN         599 50     
QSO:  3523 CW 2026-01-24 1957 F8FUA         599 46     HA7MF         599 167    
QSO:  3523 CW 2026-01-24 1958 F8FUA         599 46     DL8WN         599 115    
QSO:  3523 CW 2026-01-24 1958 F8FUA         599 46     F5SKW         599 68     
QSO:  3523 CW 2026-01-24 2000 F8FUA         599 46     F6DTZ         599 65     
QSO:  3523 CW 2026-01-24 2001 F8FUA         599 46     SN7J          599 247    
QSO:  3523 CW 2026-01-24 2003 F8FUA         599 46     F4JEP         599 19     
QSO:  3523 CW 2026-01-24 2003 F8FUA         599 46     SP7P          599 039    
QSO:  3523 CW 2026-01-24 2004 F8FUA         599 46     F4EEI         599 52     
QSO:  3523 CW 2026-01-24 2004 F8FUA         599 46     F5PPG         599 57     
QSO:  3523 CW 2026-01-24 2005 F8FUA         599 46     F5JFU         599 58     
QSO:  3523 CW 2026-01-24 2006 F8FUA         599 46     LY5G          599 167    
QSO:  3523 CW 2026-01-24 2007 F8FUA         599 46     DL2OM         599 112    
QSO:  3523 CW 2026-01-24 2008 F8FUA         599 46     F5HB          599 33     
QSO:  3523 CW 2026-01-24 2009 F8FUA         599 46     F5SYM         599 84     
QSO:  3523 CW 2026-01-24 2010 F8FUA         599 46     F5IYJ         599 21     
QSO:  3523 CW 2026-01-24 2010 F8FUA         599 46     SQ9I          599 027    
QSO:  3523 CW 2026-01-24 2010 F8FUA         599 46     F8NJ          599 10     
QSO:  3523 CW 2026-01-24 2011 F8FUA         599 46     F6KEX         599 38     
QSO:  3523 CW 2026-01-24 2012 F8FUA         599 46     F6FZH         599 33     
QSO:  3523 CW 2026-01-24 2012 F8FUA         599 46     IV3DXW        599 030    
QSO:  3523 CW 2026-01-24 2013 F8FUA         599 46     YO6BLU        599 068    
QSO:  3523 CW 2026-01-24 2014 F8FUA         599 46     HB9AOF        599 168    
QSO:  3523 CW 2026-01-24 2015 F8FUA         599 46     F8AST         599 06     
QSO:  3523 CW 2026-01-24 2016 F8FUA         599 46     F6ASS         599 67     
QSO:  3523 CW 2026-01-24 2017 F8FUA         599 46     DL3LJ         599 014    
QSO:  3523 CW 2026-01-24 2018 F8FUA         599 46     SQ9TX         599 084    
QSO:  3523 CW 2026-01-24 2018 F8FUA         599 46     F4IDN         599 49     
QSO:  3523 CW 2026-01-24 2018 F8FUA         599 46     F6GCI         599 57     
QSO:  3523 CW 2026-01-24 2019 F8FUA         599 46     F4HUW         599 56     
QSO:  3523 CW 2026-01-24 2020 F8FUA         599 46     PA2KW         599 065    
QSO:  3523 CW 2026-01-24 2020 F8FUA         599 46     F1EST         599 84     
QSO:  3523 CW 2026-01-24 2021 F8FUA         599 46     IK5MEP        599 077    
QSO:  3523 CW 2026-01-24 2021 F8FUA         599 46     EA2SN         599 024    
QSO:  3523 CW 2026-01-24 2022 F8FUA         599 46     DL1LSL        599 034    
QSO:  3523 CW 2026-01-24 2022 F8FUA         599 46     F4FRG         599 35     
QSO:  3523 CW 2026-01-24 2023 F8FUA         599 46     G3RLE         599 079    
QSO:  3523 CW 2026-01-24 2023 F8FUA         599 46     IK2UJF        599 028    
QSO:  3523 CW 2026-01-24 2024 F8FUA         599 46     DL3KWF        599 124    
QSO:  3523 CW 2026-01-24 2024 F8FUA         599 46     RL5A          599 316    
QSO:  3523 CW 2026-01-24 2026 F8FUA         599 46     ON7KEC        599 016    
QSO:  3523 CW 2026-01-24 2026 F8FUA         599 46     MM2T          599 108    
QSO:  3523 CW 2026-01-24 2027 F8FUA         599 46     F8FLK         599 80     
QSO:  3523 CW 2026-01-24 2028 F8FUA         599 46     F5RWE         599 36     
QSO:  3523 CW 2026-01-24 2030 F8FUA         599 46     DF2IX         599 036    
QSO:  3523 CW 2026-01-24 2031 F8FUA         599 46     LY2MM         599 208    
QSO:  3523 CW 2026-01-24 2031 F8FUA         599 46     PA3GQD        599 032    
QSO:  3523 CW 2026-01-24 2032 F8FUA         599 46     DF3OL         599 063    
QSO:  3523 CW 2026-01-24 2033 F8FUA         599 46     F5JRC         599 02     
QSO:  3523 CW 2026-01-24 2033 F8FUA         599 46     RG5A          599 277    
QSO:  3523 CW 2026-01-24 2034 F8FUA         599 46     SP4AWE        599 048    
QSO:  3523 CW 2026-01-24 2036 F8FUA         599 46     OM5MX         599 120    
QSO:  3523 CW 2026-01-24 2036 F8FUA         599 46     F4FCE         599 86     
QSO:  3523 CW 2026-01-24 2037 F8FUA         599 46     OG3B          599 055    
QSO:  3523 CW 2026-01-24 2037 F8FUA         599 46     F4DVO         599 45     
QSO:  3523 CW 2026-01-24 2038 F8FUA         599 46     DM2DZM        599 139    
QSO:  3523 CW 2026-01-24 2039 F8FUA         599 46     F6BQG         599 35     
QSO:  3523 CW 2026-01-24 2039 F8FUA         599 46     F6GUR         599 59     
QSO:  3523 CW 2026-01-24 2040 F8FUA         599 46     GM3YOR        599 021    
QSO:  3523 CW 2026-01-24 2041 F8FUA         599 46     LA6IHA        599 002    
QSO:  3523 CW 2026-01-24 2041 F8FUA         599 46     F5NQT         599 55     
QSO:  3523 CW 2026-01-24 2042 F8FUA         599 46     IT9WDC        599 207    
QSO:  3523 CW 2026-01-24 2044 F8FUA         599 46     F5PDG         599 80     
QSO:  3523 CW 2026-01-24 2044 F8FUA         599 46     F4EMK         599 64     
QSO:  3523 CW 2026-01-24 2045 F8FUA         599 46     F1OET         599 67     
QSO:  3523 CW 2026-01-24 2046 F8FUA         599 46     9A2X          599 005    
QSO:  3523 CW 2026-01-24 2047 F8FUA         599 46     F4GLK         599 60     
QSO:  3523 CW 2026-01-24 2047 F8FUA         599 46     EA1IYK        599 097    
QSO:  3523 CW 2026-01-24 2048 F8FUA         599 46     F6GGA         599 90     
QSO:  3523 CW 2026-01-24 2049 F8FUA         599 46     TM5EE         599 81     
QSO:  3523 CW 2026-01-24 2049 F8FUA         599 46     F8BXI         599 50     
QSO:  3523 CW 2026-01-24 2051 F8FUA         599 46     F5PEZ         599 62     
QSO:  3523 CW 2026-01-24 2052 F8FUA         599 46     F6BGG         599 74     
QSO:  3523 CW 2026-01-24 2052 F8FUA         599 46     F6BPZ         599 74     
QSO:  3523 CW 2026-01-24 2053 F8FUA         599 46     YU1XO         599 096    
QSO:  3523 CW 2026-01-24 2054 F8FUA         599 46     F5DE          599 16     
QSO:  3523 CW 2026-01-24 2055 F8FUA         599 46     F4GXJ         599 66     
QSO:  3523 CW 2026-01-24 2056 F8FUA         599 46     F5LWF         599 51     
QSO:  3523 CW 2026-01-24 2058 F8FUA         599 46     RL3O          599 027    
QSO:  3523 CW 2026-01-24 2058 F8FUA         599 46     TM2U          599 57     
QSO:  3523 CW 2026-01-24 2059 F8FUA         599 46     IN3ZWF        599 017    
QSO:  3523 CW 2026-01-24 2059 F8FUA         599 46     OK2GU         599 016    
QSO:  3523 CW 2026-01-24 2100 F8FUA         599 46     DL5JQ         599 040    
QSO:  3518 CW 2026-01-24 2105 F8FUA         599 46     F6KUQ         599 33     
QSO:  3517 CW 2026-01-24 2107 F8FUA         599 46     F4KKF         599 13     
QSO:  3516 CW 2026-01-24 2108 F8FUA         599 46     F5OWL         599 83     
QSO:  3508 CW 2026-01-24 2116 F8FUA         599 46     F5MXH         599 45     
QSO:  3515 CW 2026-01-24 2118 F8FUA         599 46     F6KEH         599 34     
QSO:  3516 CW 2026-01-24 2119 F8FUA         599 46     F5VKT         599 47     
QSO:  3521 CW 2026-01-24 2121 F8FUA         599 46     F6GOE         599 19     
QSO:  3522 CW 2026-01-24 2122 F8FUA         599 46     F8KGZ         599 54     
QSO:  3523 CW 2026-01-24 2123 F8FUA         599 46     F6ICG         599 89     
QSO:  3526 CW 2026-01-24 2125 F8FUA         599 46     TM1LHL        599 60     
QSO:  3529 CW 2026-01-24 2126 F8FUA         599 46     F6REF         599 00     
QSO:  3531 CW 2026-01-24 2128 F8FUA         599 46     EI2KA         599 156    
QSO:  3532 CW 2026-01-24 2130 F8FUA         599 46     F4CWN         599 32     
QSO:  3534 CW 2026-01-24 2131 F8FUA         599 46     F6HQP         599 73     
QSO:  3536 CW 2026-01-24 2134 F8FUA         599 46     F4AIF         599 01     
QSO:  3539 CW 2026-01-24 2135 F8FUA         599 46     F5RGY/P       599 25     
QSO:  7007 CW 2026-01-24 2137 F8FUA         599 46     FY5KE         599 FY     
QSO:  3523 CW 2026-01-24 2143 F8FUA         599 46     F6HOK         599 57     
QSO:  3527 CW 2026-01-24 2145 F8FUA         599 46     TM2CV         599 41     
QSO:  3529 CW 2026-01-24 2146 F8FUA         599 46     F5IAE         599 18     
QSO:  3535 CW 2026-01-24 2148 F8FUA         599 46     F5SDH         599 35     
QSO:  3503 CW 2026-01-24 2151 F8FUA         599 46     F4KJR         599 62     
QSO:  3510 CW 2026-01-24 2152 F8FUA         599 46     F8AAN         599 33     
QSO:  3520 CW 2026-01-24 2201 F8FUA         599 46     DA0BCC        599 099    
QSO:  3520 CW 2026-01-24 2202 F8FUA         599 46     SP9WZJ        599 098    
QSO:  3520 CW 2026-01-24 2203 F8FUA         599 46     LY2A          599 203    
QSO:  3520 CW 2026-01-24 2207 F8FUA         599 46     F8BSY         599 66     
QSO:  3520 CW 2026-01-24 2207 F8FUA         599 46     F6GLQ         599 35     
QSO:  3520 CW 2026-01-24 2208 F8FUA         599 46     EA7/PA5JF     599 246    
QSO:  3520 CW 2026-01-24 2209 F8FUA         599 46     DH0GDS        599 032    
QSO:  3520 CW 2026-01-24 2210 F8FUA         599 46     F6ANQ         599 33     
QSO:  3520 CW 2026-01-24 2212 F8FUA         599 46     E72U          599 035    
QSO:  3520 CW 2026-01-24 2213 F8FUA         599 46     DK6LM         599 057    
QSO:  3520 CW 2026-01-24 2214 F8FUA         599 46     F6BGH         599 57     
QSO:  3520 CW 2026-01-24 2214 F8FUA         599 46     LY3CY         599 075    
QSO:  3520 CW 2026-01-24 2215 F8FUA         599 46     S52WD         599 046    
QSO:  3520 CW 2026-01-24 2216 F8FUA         599 46     DF2IY         599 048    
QSO:  3520 CW 2026-01-24 2216 F8FUA         599 46     OK2KG         599 121    
QSO:  3520 CW 2026-01-24 2218 F8FUA         599 46     LA9OI         599 138    
QSO:  3520 CW 2026-01-24 2219 F8FUA         599 46     SP9KJU        599 014    
QSO:  3520 CW 2026-01-24 2219 F8FUA         599 46     F1POG         599 03     
QSO:  3520 CW 2026-01-24 2220 F8FUA         599 46     RX6AM         599 032    
QSO:  3520 CW 2026-01-24 2221 F8FUA         599 46     SP9MDY        599 009    
QSO:  3520 CW 2026-01-24 2221 F8FUA         599 46     EA7GZQ        599 014    
QSO:  3520 CW 2026-01-24 2222 F8FUA         599 46     SP3PDO        599 009    
QSO:  3520 CW 2026-01-24 2225 F8FUA         599 46     UA9FAR        599 052    
QSO:  3520 CW 2026-01-24 2226 F8FUA         599 46     F4FHZ         599 56     
QSO:  3520 CW 2026-01-24 2226 F8FUA         599 46     F4FSV         599 64     
QSO:  3520 CW 2026-01-24 2227 F8FUA         599 46     PA0KBN        599 049    
QSO:  3520 CW 2026-01-24 2227 F8FUA         599 46     DJ8UL         599 026    
QSO:  3520 CW 2026-01-24 2228 F8FUA         599 46     LA3RK         599 011    
QSO:  3520 CW 2026-01-24 2228 F8FUA         599 46     DL6AG         599 141    
QSO:  3520 CW 2026-01-24 2229 F8FUA         599 46     F6KNB         599 33     
QSO:  3520 CW 2026-01-24 2229 F8FUA         599 46     DL0RF         599 015    
QSO:  3520 CW 2026-01-24 2230 F8FUA         599 46     F4FER         599 84     
QSO:  3520 CW 2026-01-24 2230 F8FUA         599 46     F4FGB         599 73     
QSO:  3520 CW 2026-01-24 2233 F8FUA         599 46     F4LOF         599 19     
QSO:  3520 CW 2026-01-24 2235 F8FUA         599 46     PE2V          599 005    
QSO:  3520 CW 2026-01-24 2236 F8FUA         599 46     F5IMV         599 88     
QSO:  3520 CW 2026-01-24 2236 F8FUA         599 46     SO5N          599 005    
QSO:  3505 CW 2026-01-24 2243 F8FUA         599 46     F6KDL         599 68     
QSO:  3544 CW 2026-01-25 0705 F8FUA         599 46     F5MYK         599 44     
QSO:  3550 CW 2026-01-25 0706 F8FUA         599 46     F5KDC         599 63     
QSO:  3526 CW 2026-01-25 0707 F8FUA         599 46     F5SIH         599 38     
QSO:  3517 CW 2026-01-25 0710 F8FUA         599 46     F4HEC         599 37     
QSO:  3517 CW 2026-01-25 0711 F8FUA         599 46     F5NKX         599 50     
QSO:  3517 CW 2026-01-25 0712 F8FUA         599 46     F6KNJ         599 67     
QSO:  3517 CW 2026-01-25 0713 F8FUA         599 46     F1IWH         599 33     
QSO:  3517 CW 2026-01-25 0713 F8FUA         599 46     F5NZY         599 76     
QSO:  3517 CW 2026-01-25 0715 F8FUA         599 46     F5POJ         599 02     
QSO:  3517 CW 2026-01-25 0718 F8FUA         599 46     F6CYD         599 73     
QSO:  3517 CW 2026-01-25 0719 F8FUA         599 46     F5IND         599 83     
QSO:  3517 CW 2026-01-25 0720 F8FUA         599 46     HB9CMW        599 069    
QSO:  3517 CW 2026-01-25 0722 F8FUA         599 46     PA3AAV        599 190    
QSO:  3517 CW 2026-01-25 0723 F8FUA         599 46     F8BUI         599 91     
QSO:  3517 CW 2026-01-25 0724 F8FUA         599 46     F8FHI         599 71     
QSO:  3517 CW 2026-01-25 0725 F8FUA         599 46     PA3DDS        599 067    
QSO:  3517 CW 2026-01-25 0726 F8FUA         599 46     F6KMB         599 59     
QSO:  3517 CW 2026-01-25 0727 F8FUA         599 46     F5PP          599 59     
QSO:  3517 CW 2026-01-25 0728 F8FUA         599 46     F5LQ          599 33     
QSO:  3517 CW 2026-01-25 0728 F8FUA         599 46     F6BPZ         599 74     
QSO:  3517 CW 2026-01-25 0729 F8FUA         599 46     F5LMJ         599 51     
QSO:  3517 CW 2026-01-25 0731 F8FUA         599 46     F8FKK         599 26     
QSO:  3517 CW 2026-01-25 0732 F8FUA         599 46     F5VBD         599 73     
QSO:  3517 CW 2026-01-25 0733 F8FUA         599 46     F5MAG         599 13     
QSO:  3517 CW 2026-01-25 0734 F8FUA         599 46     TM13X         599 13     
QSO:  3517 CW 2026-01-25 0735 F8FUA         599 46     F6DXE         599 29     
QSO:  3517 CW 2026-01-25 0735 F8FUA         599 46     F5KHG         599 47     
QSO:  3517 CW 2026-01-25 0736 F8FUA         599 46     F4HCP         599 21     
QSO:  3517 CW 2026-01-25 0737 F8FUA         599 46     F5KSE         599 31     
QSO:  3517 CW 2026-01-25 0737 F8FUA         599 46     F6KFI         599 72     
QSO:  3517 CW 2026-01-25 0741 F8FUA         599 46     F5MAI         599 02     
QSO:  3517 CW 2026-01-25 0742 F8FUA         599 46     F4GWO         599 66     
QSO:  3549 CW 2026-01-25 0745 F8FUA         599 46     F6FWQ         599 86     
QSO:  3503 CW 2026-01-25 0747 F8FUA         599 46     F4DIA         599 74     
QSO:  3518 CW 2026-01-25 0749 F8FUA         599 46     F6API         599 31     
QSO:  3524 CW 2026-01-25 0750 F8FUA         599 46     F5NIB         599 36     
QSO:  3518 CW 2026-01-25 0754 F8FUA         599 46     F6AUS         599 79     
QSO:  3516 CW 2026-01-25 0755 F8FUA         599 46     F6BYJ         599 16     
QSO:  7000 CW 2026-01-25 0812 F8FUA         599 46     F5MAG         599 13     
QSO:  7013 CW 2026-01-25 0814 F8FUA         599 46     F6ICG         599 89     
QSO:  7017 CW 2026-01-25 0815 F8FUA         599 46     F5RFS         599 85     
QSO:  7017 CW 2026-01-25 0816 F8FUA         599 46     F5IN          599 45     
QSO:  7020 CW 2026-01-25 0817 F8FUA         599 46     F6KPQ         599 56     
QSO:  7021 CW 2026-01-25 0818 F8FUA         599 46     F6DYX         599 49     
QSO:  7022 CW 2026-01-25 0819 F8FUA         599 46     F6FDR         599 80     
QSO:  7022 CW 2026-01-25 0820 F8FUA         599 46     F6KEH         599 34     
QSO:  7025 CW 2026-01-25 0823 F8FUA         599 46     TK5EP         599 2A     
QSO:  7026 CW 2026-01-25 0825 F8FUA         599 46     F8KHO         599 51     
QSO:  7027 CW 2026-01-25 0826 F8FUA         599 46     F6KMX         599 94     
QSO:  7028 CW 2026-01-25 0827 F8FUA         599 46     TM1W          599 29     
QSO:  7030 CW 2026-01-25 0828 F8FUA         599 46     F8KLY         599 69     
QSO:  7033 CW 2026-01-25 0831 F8FUA         599 46     F6HKA         599 87     
QSO:  7039 CW 2026-01-25 0832 F8FUA         599 46     F5DE          599 16     
QSO:  7038 CW 2026-01-25 0832 F8FUA         599 46     F4CWN         599 32     
QSO:  7019 CW 2026-01-25 0833 F8FUA         599 46     F5OZC         599 49     
QSO:  7006 CW 2026-01-25 0836 F8FUA         599 46     DL5JS         599 042    
QSO:  7006 CW 2026-01-25 0837 F8FUA         599 46     TM2Y          599 61     
QSO:  7006 CW 2026-01-25 0837 F8FUA         599 46     F6KNJ         599 67     
QSO:  7006 CW 2026-01-25 0838 F8FUA         599 46     IK2IKW        599 012    
QSO:  7006 CW 2026-01-25 0838 F8FUA         599 46     TM5B          599 76     
QSO:  7006 CW 2026-01-25 0839 F8FUA         599 46     F8FHI         599 71     
QSO:  7006 CW 2026-01-25 0839 F8FUA         599 46     F6BLP         599 33     
QSO:  7006 CW 2026-01-25 0839 F8FUA         599 46     F6CLN         599 31     
QSO:  7006 CW 2026-01-25 0840 F8FUA         599 46     F4EEJ/P       599 16     
QSO:  7006 CW 2026-01-25 0841 F8FUA         599 46     F6DFB         599 62     
QSO:  7006 CW 2026-01-25 0841 F8FUA         599 46     F5JDB         599 45     
QSO:  7006 CW 2026-01-25 0842 F8FUA         599 46     F6GED         599 72     
QSO:  7006 CW 2026-01-25 0842 F8FUA         599 46     F5IPG         599 80     
QSO:  7006 CW 2026-01-25 0843 F8FUA         599 46     F5TLF         599 22     
QSO:  7006 CW 2026-01-25 0843 F8FUA         599 46     F5NGZ         599 54     
QSO:  7006 CW 2026-01-25 0844 F8FUA         599 46     F4FER         599 84     
QSO:  7006 CW 2026-01-25 0844 F8FUA         599 46     F5NKX         599 50     
QSO:  7006 CW 2026-01-25 0845 F8FUA         599 46     PA2CHM        599 028    
QSO:  7006 CW 2026-01-25 0845 F8FUA         599 46     F6BGG         599 74     
QSO:  7006 CW 2026-01-25 0847 F8FUA         599 46     DL2OM         599 219    
QSO:  7006 CW 2026-01-25 0848 F8FUA         599 46     F5PSS         599 19     
QSO:  7006 CW 2026-01-25 0848 F8FUA         599 46     F8DSW         599 33     
QSO:  7006 CW 2026-01-25 0848 F8FUA         599 46     DL3RDM        599 079    
QSO:  7006 CW 2026-01-25 0849 F8FUA         599 46     F1IEE         599 50     
QSO:  7006 CW 2026-01-25 0850 F8FUA         599 46     F6GTH         599 57     
QSO:  7006 CW 2026-01-25 0850 F8FUA         599 46     R4IVV         599 038    
QSO:  7006 CW 2026-01-25 0851 F8FUA         599 46     F5OWL         599 83     
QSO:  7006 CW 2026-01-25 0852 F8FUA         599 46     F6DTZ         599 65     
QSO:  7006 CW 2026-01-25 0852 F8FUA         599 46     F4EZC         599 44     
QSO:  7006 CW 2026-01-25 0853 F8FUA         599 46     F4FDA         599 29     
QSO:  7006 CW 2026-01-25 0853 F8FUA         599 46     F4AQG         599 13     
QSO:  7006 CW 2026-01-25 0854 F8FUA         599 46     TM4E          599 83     
QSO:  7006 CW 2026-01-25 0854 F8FUA         599 46     F6FUD         599 66     
QSO:  7006 CW 2026-01-25 0855 F8FUA         599 46     F6BDE         599 63     
QSO:  7006 CW 2026-01-25 0855 F8FUA         599 46     F5MWA         599 83     
QSO:  7006 CW 2026-01-25 0855 F8FUA         599 46     F8BMG         599 32     
QSO:  7006 CW 2026-01-25 0856 F8FUA         599 46     F5NSO         599 60     
QSO:  7006 CW 2026-01-25 0856 F8FUA         599 46     HB9IIH        599 090    
QSO:  7006 CW 2026-01-25 0857 F8FUA         599 46     F6EEQ         599 26     
QSO:  7006 CW 2026-01-25 0857 F8FUA         599 46     DL8QS         599 079    
QSO:  7006 CW 2026-01-25 0857 F8FUA         599 46     F4GLK         599 60     
QSO:  7006 CW 2026-01-25 0858 F8FUA         599 46     F4HUW         599 56     
QSO:  7006 CW 2026-01-25 0859 F8FUA         599 46     F5KAV         599 67     
QSO:  7006 CW 2026-01-25 0901 F8FUA         599 46     DJ7GS         599 024    
QSO:  7006 CW 2026-01-25 0901 F8FUA         599 46     PA8MM         599 150    
QSO:  7006 CW 2026-01-25 0902 F8FUA         599 46     F4EEI         599 52     
QSO:  7006 CW 2026-01-25 0902 F8FUA         599 46     F8GQO         599 81     
QSO:  7006 CW 2026-01-25 0903 F8FUA         599 46     F5UMP         599 59     
QSO:  7006 CW 2026-01-25 0905 F8FUA         599 46     F6FGG         599 39     
QSO:  7006 CW 2026-01-25 0907 F8FUA         599 46     EA5OH         599 164    
QSO:  7006 CW 2026-01-25 0907 F8FUA         599 46     F5HB          599 33     
QSO:  7006 CW 2026-01-25 0908 F8FUA         599 46     F6BKD         599 47     
QSO:  7006 CW 2026-01-25 0910 F8FUA         599 46     F1DBE         599 89     
QSO:  7006 CW 2026-01-25 0910 F8FUA         599 46     ON4EM         599 104    
QSO:  7012 CW 2026-01-25 0912 F8FUA         599 46     F6GOE         599 19     
QSO:  7019 CW 2026-01-25 0914 F8FUA         599 46     F6EPM         599 33     
QSO:  7028 CW 2026-01-25 0915 F8FUA         599 46     F4FGB         599 73     
QSO:  7029 CW 2026-01-25 0916 F8FUA         599 46     F6BYJ         599 16     
QSO:  7034 CW 2026-01-25 0917 F8FUA         599 46     F6KBR         599 66     
QSO:  7017 CW 2026-01-25 0923 F8FUA         599 46     F6KTW         599 87     
QSO: 14028 CW 2026-01-25 0937 F8FUA         599 46     F5XX          599 81     
QSO: 14029 CW 2026-01-25 0938 F8FUA         599 46     TM1W          599 29     
QSO: 14028 CW 2026-01-25 0944 F8FUA         599 46     SN1F          599 129    
QSO: 14028 CW 2026-01-25 0945 F8FUA         599 46     IK2QIK        599 059    
QSO: 14028 CW 2026-01-25 0945 F8FUA         599 46     OM3RM         599 043    
QSO: 14028 CW 2026-01-25 0946 F8FUA         599 46     HA8TKS        599 074    
QSO: 14028 CW 2026-01-25 0947 F8FUA         599 46     LY2AX         599 030    
QSO: 14028 CW 2026-01-25 0948 F8FUA         599 46     SP8GNF        599 008    
QSO: 14028 CW 2026-01-25 0948 F8FUA         599 46     TM1LHL        599 60     
QSO: 14028 CW 2026-01-25 0949 F8FUA         599 46     DK5TX         599 001    
QSO: 14028 CW 2026-01-25 0949 F8FUA         599 46     YO4TL         599 074    
QSO: 14028 CW 2026-01-25 0949 F8FUA         599 46     HA3HX         599 167    
QSO: 14028 CW 2026-01-25 0950 F8FUA         599 46     DL3RDM        599 113    
QSO: 14028 CW 2026-01-25 0951 F8FUA         599 46     F6KUQ         599 33     
QSO: 14028 CW 2026-01-25 0951 F8FUA         599 46     9A2X          599 120    
QSO: 14028 CW 2026-01-25 0952 F8FUA         599 46     F6REF         599 00     
QSO: 14028 CW 2026-01-25 0952 F8FUA         599 46     DJ8WR         599 080    
QSO: 14028 CW 2026-01-25 0953 F8FUA         599 46     OK5NZ         599 051    
QSO: 14028 CW 2026-01-25 0953 F8FUA         599 46     RM5F          599 031    
QSO: 14028 CW 2026-01-25 0954 F8FUA         599 46     OH1TS         599 081    
QSO: 14028 CW 2026-01-25 0954 F8FUA         599 46     DK3AX         599 041    
QSO: 14028 CW 2026-01-25 0955 F8FUA         599 46     SD5M          599 055    
QSO: 14028 CW 2026-01-25 0956 F8FUA         599 46     OU3A          599 072    
QSO: 14028 CW 2026-01-25 0956 F8FUA         599 46     R2ZU          599 059    
QSO: 14028 CW 2026-01-25 0957 F8FUA         599 46     PD7CJT        599 033    
QSO: 14028 CW 2026-01-25 0958 F8FUA         599 46     IW7BIM        599 029    
QSO: 14028 CW 2026-01-25 0959 F8FUA         599 46     DL8XAB        599 016    
QSO: 14028 CW 2026-01-25 0959 F8FUA         599 46     UB4WDD        599 028    
QSO: 14028 CW 2026-01-25 1001 F8FUA         599 46     F5RAB         599 28     
QSO: 14028 CW 2026-01-25 1001 F8FUA         599 46     SE4E          599 137    
QSO: 14028 CW 2026-01-25 1002 F8FUA         599 46     G3CYR         599 005    
QSO: 14028 CW 2026-01-25 1003 F8FUA         599 46     OH8MBN        599 015    
QSO: 14028 CW 2026-01-25 1004 F8FUA         599 46     SP9WZJ        599 106    
QSO: 14028 CW 2026-01-25 1005 F8FUA         599 46     ES8TPR        599 021    
QSO: 14028 CW 2026-01-25 1005 F8FUA         599 46     DG0KS         599 064    
QSO: 14028 CW 2026-01-25 1006 F8FUA         599 46     YL3PO         599 088    
QSO: 14028 CW 2026-01-25 1007 F8FUA         599 46     RA3TT         599 040    
QSO: 14028 CW 2026-01-25 1008 F8FUA         599 46     DL6DVU        599 002    
QSO: 14028 CW 2026-01-25 1009 F8FUA         599 46     F6FDR         599 80     
QSO: 14028 CW 2026-01-25 1010 F8FUA         599 46     F5OQK         599 85     
QSO: 14028 CW 2026-01-25 1011 F8FUA         599 46     IU6AIG        599 056    
QSO: 14028 CW 2026-01-25 1011 F8FUA         599 46     F5OWL         599 83     
QSO: 14028 CW 2026-01-25 1012 F8FUA         599 46     OM6MS         599 014    
QSO: 14028 CW 2026-01-25 1013 F8FUA         599 46     EA7BEZ        599 053    
QSO: 14028 CW 2026-01-25 1014 F8FUA         599 46     F5JNX         599 68     
QSO: 14028 CW 2026-01-25 1014 F8FUA         599 46     SM4EMO        599 002    
QSO: 14028 CW 2026-01-25 1015 F8FUA         599 46     OK2BRJ        599 093    
QSO: 14028 CW 2026-01-25 1015 F8FUA         599 46     F4DIA         599 74     
QSO: 14028 CW 2026-01-25 1016 F8FUA         599 46     YL2NK         599 064    
QSO: 14028 CW 2026-01-25 1016 F8FUA         599 46     SM5ACQ        599 089    
QSO: 14028 CW 2026-01-25 1017 F8FUA         599 46     F5ICC         599 24     
QSO: 14028 CW 2026-01-25 1017 F8FUA         599 46     SP7P          599 067    
QSO: 14028 CW 2026-01-25 1018 F8FUA         599 46     SP6BEN        599 014    
QSO: 14028 CW 2026-01-25 1018 F8FUA         599 46     SQ9TX         599 116    
QSO: 14028 CW 2026-01-25 1020 F8FUA         599 46     OK1DSA        599 031    
QSO: 14028 CW 2026-01-25 1020 F8FUA         599 46     DF1PU         599 068    
QSO: 14028 CW 2026-01-25 1021 F8FUA         599 46     9A5CW         599 002    
QSO: 14028 CW 2026-01-25 1021 F8FUA         599 46     YO5ODT        599 021    
QSO: 14028 CW 2026-01-25 1022 F8FUA         599 46     LZ2MP         599 078    
QSO: 14028 CW 2026-01-25 1022 F8FUA         599 46     PC4H          599 062    
QSO: 14028 CW 2026-01-25 1023 F8FUA         599 46     DJ5KW         599 019    
QSO: 14028 CW 2026-01-25 1024 F8FUA         599 46     F6KBR         599 66     
QSO: 14028 CW 2026-01-25 1025 F8FUA         599 46     SO5N          599 053    
QSO: 14028 CW 2026-01-25 1026 F8FUA         599 46     F8KGD         599 77     
QSO: 14028 CW 2026-01-25 1027 F8FUA         599 46     OM7AT         599 044    
QSO: 14028 CW 2026-01-25 1028 F8FUA         599 46     E72T          599 035    
QSO: 14028 CW 2026-01-25 1029 F8FUA         599 46     F6ARS         599 54     
QSO: 14028 CW 2026-01-25 1033 F8FUA         599 46     IZ5BBS        599 040    
QSO: 14028 CW 2026-01-25 1033 F8FUA         599 46     OK5MM         599 007    
QSO: 14028 CW 2026-01-25 1034 F8FUA         599 46     ZA1RST        599 041    
QSO: 14028 CW 2026-01-25 1034 F8FUA         599 46     DL7VOG        599 084    
QSO: 14028 CW 2026-01-25 1035 F8FUA         599 46     OZ7BQ         599 048    
QSO: 14028 CW 2026-01-25 1035 F8FUA         599 46     LZ3TL         599 040    
QSO: 14028 CW 2026-01-25 1036 F8FUA         599 46     YL2TD         599 009    
QSO: 14028 CW 2026-01-25 1036 F8FUA         599 46     OK1MAW        599 043    
QSO: 14028 CW 2026-01-25 1037 F8FUA         599 46     LZ2PS         599 255    
QSO: 14028 CW 2026-01-25 1037 F8FUA         599 46     PA2KW         599 088    
QSO: 14028 CW 2026-01-25 1038 F8FUA         599 46     EA6OH         599 216    
QSO: 14028 CW 2026-01-25 1039 F8FUA         599 46     LZ1ZF         599 100    
QSO: 14028 CW 2026-01-25 1039 F8FUA         599 46     TM4S          599 04     
QSO: 14028 CW 2026-01-25 1040 F8FUA         599 46     F5RGY/P       599 25     
QSO: 14028 CW 2026-01-25 1040 F8FUA         599 46     S52W          599 047    
QSO: 28019 CW 2026-01-25 1046 F8FUA         599 46     F5IN          599 45     
QSO: 28012 CW 2026-01-25 1050 F8FUA         599 46     YO4LUP        599 080    
QSO: 28012 CW 2026-01-25 1050 F8FUA         599 46     SV1JG         599 197    
QSO: 28012 CW 2026-01-25 1052 F8FUA         599 46     TM1W          599 29     
QSO: 28012 CW 2026-01-25 1053 F8FUA         599 46     RV3ZN         599 141    
QSO: 28012 CW 2026-01-25 1054 F8FUA         599 46     RZ9AM         599 105    
QSO: 28012 CW 2026-01-25 1054 F8FUA         599 46     R6CC          599 243    
QSO: 28012 CW 2026-01-25 1055 F8FUA         599 46     UA6HFI        599 072    
QSO: 28012 CW 2026-01-25 1056 F8FUA         599 46     TM5EE         599 81     
QSO: 28012 CW 2026-01-25 1056 F8FUA         599 46     RX9CC         599 086    
QSO: 28012 CW 2026-01-25 1057 F8FUA         599 46     F5JGY         599 46     
QSO: 28012 CW 2026-01-25 1058 F8FUA         599 46     UA6AK         599 098    
QSO: 28012 CW 2026-01-25 1059 F8FUA         599 46     UY7LM         599 080    
QSO: 28012 CW 2026-01-25 1104 F8FUA         599 46     RT6N          599 030    
QSO: 21009 CW 2026-01-25 1111 F8FUA         599 46     F5PAL         599 63     
QSO: 21015 CW 2026-01-25 1116 F8FUA         599 46     EV6Z          599 107    
QSO: 21015 CW 2026-01-25 1117 F8FUA         599 46     SP2QG         599 351    
QSO: 21015 CW 2026-01-25 1117 F8FUA         599 46     YU1XO         599 112    
QSO: 21015 CW 2026-01-25 1118 F8FUA         599 46     UA4C          599 008    
QSO: 21015 CW 2026-01-25 1119 F8FUA         599 46     UV1IX         599 085    
QSO: 21015 CW 2026-01-25 1120 F8FUA         599 46     UA6HFI        599 085    
QSO: 21015 CW 2026-01-25 1120 F8FUA         599 46     SM7CIL        599 127    
QSO: 21015 CW 2026-01-25 1121 F8FUA         599 46     LZ2CH         599 126    
QSO: 21015 CW 2026-01-25 1122 F8FUA         599 46     F8KCF         599 74     
QSO: 21015 CW 2026-01-25 1123 F8FUA         599 46     LZ1ZF         599 127    
QSO: 21015 CW 2026-01-25 1124 F8FUA         599 46     SD1A          599 174    
QSO: 14016 CW 2026-01-25 1134 F8FUA         599 46     OK2GU         599 053    
QSO: 14016 CW 2026-01-25 1134 F8FUA         599 46     S57AJ         599 027    
QSO: 14016 CW 2026-01-25 1135 F8FUA         599 46     OK1YR         599 077    
QSO: 14016 CW 2026-01-25 1136 F8FUA         599 46     OM6ERT        599 044    
QSO: 14016 CW 2026-01-25 1137 F8FUA         599 46     SQ3TGN        599 014    
QSO: 14016 CW 2026-01-25 1138 F8FUA         599 46     SM5/UY5OO     599 211    
QSO: 14016 CW 2026-01-25 1138 F8FUA         599 46     UV1IX         599 099    
QSO: 14016 CW 2026-01-25 1139 F8FUA         599 46     OK2PDN        599 017    
QSO: 14016 CW 2026-01-25 1140 F8FUA         599 46     PC2F          599 090    
QSO: 14016 CW 2026-01-25 1140 F8FUA         599 46     RZ3Z          599 079    
QSO: 14016 CW 2026-01-25 1141 F8FUA         599 46     R7AM          599 069    
QSO: 14016 CW 2026-01-25 1142 F8FUA         599 46     DM4KM         599 063    
QSO: 14016 CW 2026-01-25 1145 F8FUA         599 46     OK1YR         599 080    
QSO: 14016 CW 2026-01-25 1145 F8FUA         599 46     RD1T          599 091    
QSO: 14016 CW 2026-01-25 1149 F8FUA         599 46     DK5HZ         599 007    
QSO: 14016 CW 2026-01-25 1150 F8FUA         599 46     F8GQO         599 81     
QSO: 14016 CW 2026-01-25 1150 F8FUA         599 46     DL5MY         599 065    
QSO: 14019 CW 2026-01-25 1153 F8FUA         599 46     F4KKF         599 13     
QSO: 14022 CW 2026-01-25 1154 F8FUA         599 46     F4AIF         599 01     
QSO: 14028 CW 2026-01-25 1243 F8FUA         599 46     F5PHY         599 24     
QSO: 14026 CW 2026-01-25 1245 F8FUA         599 46     F6KKH         599 11     
QSO: 28010 CW 2026-01-25 1252 F8FUA         599 46     R6KEE         599 046    
QSO: 28010 CW 2026-01-25 1255 F8FUA         599 46     F5PHY         599 24     
QSO: 21024 CW 2026-01-25 1301 F8FUA         599 46     RN2FQ         599 118    
QSO: 21024 CW 2026-01-25 1302 F8FUA         599 46     IT9GNJ        599 045    
QSO: 21024 CW 2026-01-25 1303 F8FUA         599 46     OG3B          599 157    
QSO: 21024 CW 2026-01-25 1306 F8FUA         599 46     F5FAB         599 12     
QSO: 21024 CW 2026-01-25 1307 F8FUA         599 46     LA9OI         599 185    
QSO: 21024 CW 2026-01-25 1307 F8FUA         599 46     ZA1RST        599 064    
QSO: 21024 CW 2026-01-25 1309 F8FUA         599 46     LB1UK         599 055    
QSO: 21024 CW 2026-01-25 1309 F8FUA         599 46     K1ZZ          599 064    
QSO: 21024 CW 2026-01-25 1310 F8FUA         599 46     F6KHM         599 29     
QSO: 21024 CW 2026-01-25 1312 F8FUA         599 46     YD2UWF        599 009    
QSO: 21024 CW 2026-01-25 1312 F8FUA         599 46     LY2A          599 248    
QSO: 21024 CW 2026-01-25 1313 F8FUA         599 46     OH6NPV        599 038    
QSO: 21024 CW 2026-01-25 1313 F8FUA         599 46     YL3PO         599 125    
QSO: 21024 CW 2026-01-25 1315 F8FUA         599 46     F5KGA         599 38     
QSO: 21024 CW 2026-01-25 1317 F8FUA         599 46     K4RUM         599 095    
QSO: 21024 CW 2026-01-25 1318 F8FUA         599 46     F6IIT         599 86     
QSO: 21024 CW 2026-01-25 1319 F8FUA         599 46     EW8DX         599 166    
QSO: 21024 CW 2026-01-25 1319 F8FUA         599 46     VE1ANU        599 023    
QSO: 21024 CW 2026-01-25 1321 F8FUA         599 46     F4EGZ         599 63     
QSO: 21024 CW 2026-01-25 1322 F8FUA         599 46     F5NKX         599 50     
QSO: 21024 CW 2026-01-25 1322 F8FUA         599 46     PY5AMF        599 005    
QSO: 21024 CW 2026-01-25 1323 F8FUA         599 46     F5JNE         599 56     
QSO: 21024 CW 2026-01-25 1324 F8FUA         599 46     TM5B          599 76     
QSO: 21024 CW 2026-01-25 1324 F8FUA         599 46     N1CFO         599 185    
QSO: 21024 CW 2026-01-25 1325 F8FUA         599 46     N3JT          599 018    
QSO: 21024 CW 2026-01-25 1326 F8FUA         599 46     F5BMI         599 46     
QSO: 21024 CW 2026-01-25 1326 F8FUA         599 46     FG4KH         599 FG     
QSO: 21024 CW 2026-01-25 1327 F8FUA         599 46     F4KLW         599 63     
QSO: 21024 CW 2026-01-25 1327 F8FUA         599 46     N6AR          599 004    
QSO: 21024 CW 2026-01-25 1328 F8FUA         599 46     EW2R          599 191    
QSO: 21024 CW 2026-01-25 1329 F8FUA         599 46     F6EPY         599 46     
QSO: 21024 CW 2026-01-25 1330 F8FUA         599 46     F6KFI         599 72     
QSO: 21024 CW 2026-01-25 1330 F8FUA         599 46     F6KNB         599 33     
QSO: 21024 CW 2026-01-25 1331 F8FUA         599 46     MM2T          599 193    
QSO: 21024 CW 2026-01-25 1332 F8FUA         599 46     UB4WCV        599 014    
QSO: 21024 CW 2026-01-25 1335 F8FUA         599 46     YO4DW         599 064    
QSO: 21024 CW 2026-01-25 1335 F8FUA         599 46     SP2GOW        599 117    
QSO: 21024 CW 2026-01-25 1338 F8FUA         599 46     K8GL          599 087    
QSO: 21024 CW 2026-01-25 1339 F8FUA         599 46     YU1AT         599 035    
QSO: 21024 CW 2026-01-25 1340 F8FUA         599 46     LA7SI         599 046    
QSO: 21024 CW 2026-01-25 1340 F8FUA         599 46     EW8DX         599 173    
QSO: 21024 CW 2026-01-25 1341 F8FUA         599 46     PY2PLL        599 038    
QSO: 21024 CW 2026-01-25 1346 F8FUA         599 46     F5OWL         599 83     
QSO: 21024 CW 2026-01-25 1347 F8FUA         599 46     YO4LUP        599 107    
QSO: 21024 CW 2026-01-25 1348 F8FUA         599 46     F8NJ          599 10     
QSO: 21024 CW 2026-01-25 1351 F8FUA         599 46     F4FFH/P       599 66     
QSO: 21024 CW 2026-01-25 1352 F8FUA         599 46     SP1C          599 270    
QSO: 21024 CW 2026-01-25 1353 F8FUA         599 46     UR4L          599 117    
QSO: 21024 CW 2026-01-25 1353 F8FUA         599 46     SO5N          599 097    
QSO: 21026 CW 2026-01-25 1359 F8FUA         599 46     F5PHY         599 24     
QSO: 21014 CW 2026-01-25 1410 F8FUA         599 46     F6KPQ         599 56     
QSO: 14004 CW 2026-01-25 1414 F8FUA         599 46     TM13X         599 13     
QSO: 14014 CW 2026-01-25 1417 F8FUA         599 46     F5KDC         599 63     
QSO: 14005 CW 2026-01-25 1419 F8FUA         599 46     OG3B          599 222    
QSO: 14005 CW 2026-01-25 1420 F8FUA         599 46     PA1BBO        599 010    
QSO: 14005 CW 2026-01-25 1420 F8FUA         599 46     UA4C          599 098    
QSO: 14005 CW 2026-01-25 1421 F8FUA         599 46     R1QE          599 063    
QSO: 14005 CW 2026-01-25 1422 F8FUA         599 46     UY7LM         599 123    
QSO: 14005 CW 2026-01-25 1422 F8FUA         599 46     R1AT          599 093    
QSO: 14005 CW 2026-01-25 1423 F8FUA         599 46     OZ/SM5S       599 091    
QSO: 14005 CW 2026-01-25 1425 F8FUA         599 46     F6KBF         599 78     
QSO: 14005 CW 2026-01-25 1427 F8FUA         599 46     F8KCF         599 74     
QSO: 14005 CW 2026-01-25 1427 F8FUA         599 46     G4FVK         599 006    
QSO: 14005 CW 2026-01-25 1428 F8FUA         599 46     YO3GNF        599 040    
QSO: 14005 CW 2026-01-25 1429 F8FUA         599 46     4X1ST         599 024    
QSO: 14005 CW 2026-01-25 1429 F8FUA         599 46     UA9AX         599 126    
QSO: 14005 CW 2026-01-25 1430 F8FUA         599 46     F5JGY         599 46     
QSO: 14005 CW 2026-01-25 1430 F8FUA         599 46     DL2PR         599 028    
QSO: 14005 CW 2026-01-25 1431 F8FUA         599 46     IK4XQT        599 015    
QSO: 14005 CW 2026-01-25 1431 F8FUA         599 46     PA4O          599 054    
QSO: 14005 CW 2026-01-25 1433 F8FUA         599 46     IU5RFA        599 068    
QSO: 14005 CW 2026-01-25 1434 F8FUA         599 46     OZ5DX         599 015    
QSO: 14005 CW 2026-01-25 1434 F8FUA         599 46     DK2FG         599 125    
QSO: 21012 CW 2026-01-25 1445 F8FUA         599 46     F6KTW         599 87     
QSO:  7031 CW 2026-01-25 1454 F8FUA         599 46     F5LEN         599 54     
QSO:  7008 CW 2026-01-25 1455 F8FUA         599 46     F5PLR         599 64     
QSO:  7008 CW 2026-01-25 1456 F8FUA         599 46     DL8WAA        599 082    
QSO:  7008 CW 2026-01-25 1459 F8FUA         599 46     F8APH         599 91     
QSO:  7008 CW 2026-01-25 1459 F8FUA         599 46     F6DCQ         599 74     
QSO:  7008 CW 2026-01-25 1500 F8FUA         599 46     F1DHF         599 50     
QSO:  7008 CW 2026-01-25 1500 F8FUA         599 46     F4JXS         599 60     
QSO:  7008 CW 2026-01-25 1501 F8FUA         599 46     F6KEX         599 38     
QSO:  7008 CW 2026-01-25 1503 F8FUA         599 46     F5IAE         599 18     
QSO:  7008 CW 2026-01-25 1504 F8FUA         599 46     DJ5KW         599 059    
QSO:  7008 CW 2026-01-25 1505 F8FUA         599 46     HB9CGL        599 041    
QSO:  7008 CW 2026-01-25 1506 F8FUA         599 46     F4GYI         599 86     
QSO:  7008 CW 2026-01-25 1507 F8FUA         599 46     F8CFE         599 53     
QSO:  7008 CW 2026-01-25 1508 F8FUA         599 46     F5GEG         599 48     
QSO:  7008 CW 2026-01-25 1508 F8FUA         599 46     F5KOI         599 86     
QSO:  7008 CW 2026-01-25 1509 F8FUA         599 46     F6GUL         599 73     
QSO:  7008 CW 2026-01-25 1510 F8FUA         599 46     TM2U          599 57     
QSO:  7008 CW 2026-01-25 1511 F8FUA         599 46     F4LHZ         599 92     
QSO:  7008 CW 2026-01-25 1513 F8FUA         599 46     9A6M          599 059    
QSO:  7008 CW 2026-01-25 1513 F8FUA         599 46     F8DFP         599 63     
QSO:  7008 CW 2026-01-25 1514 F8FUA         599 46     F6KHT         599 47     
QSO:  7008 CW 2026-01-25 1515 F8FUA         599 46     F4GXJ         599 66     
QSO:  7008 CW 2026-01-25 1515 F8FUA         599 46     DK3GI         599 118    
QSO:  7008 CW 2026-01-25 1516 F8FUA         599 46     ON7KEC        599 081    
QSO:  7008 CW 2026-01-25 1516 F8FUA         599 46     G4YBU         599 050    
QSO:  7008 CW 2026-01-25 1517 F8FUA         599 46     F5OGE         599 23     
QSO:  7008 CW 2026-01-25 1517 F8FUA         599 46     DK4YF         599 003    
QSO:  7008 CW 2026-01-25 1518 F8FUA         599 46     F4EPR         599 52     
QSO:  7008 CW 2026-01-25 1519 F8FUA         599 46     LY6A          599 049    
QSO:  7008 CW 2026-01-25 1519 F8FUA         599 46     PA4O          599 080    
QSO:  7008 CW 2026-01-25 1520 F8FUA         599 46     F5TGR         599 95     
QSO:  7008 CW 2026-01-25 1521 F8FUA         599 46     F5LMG         599 22     
QSO:  7008 CW 2026-01-25 1521 F8FUA         599 46     PC5D          599 066    
QSO:  7008 CW 2026-01-25 1521 F8FUA         599 46     OR5O          599 068    
QSO:  7008 CW 2026-01-25 1523 F8FUA         599 46     IN3ZWF        599 082    
QSO:  7008 CW 2026-01-25 1525 F8FUA         599 46     F8GGZ         599 71     
QSO:  7008 CW 2026-01-25 1525 F8FUA         599 46     SV1JG         599 239    
QSO:  7008 CW 2026-01-25 1527 F8FUA         599 46     DL7VOG        599 108    
QSO:  7008 CW 2026-01-25 1527 F8FUA         599 46     OK2BRJ        599 128    
QSO:  7008 CW 2026-01-25 1528 F8FUA         599 46     F4GLQ         599 89     
QSO:  7008 CW 2026-01-25 1529 F8FUA         599 46     F5VBD         599 73     
QSO:  7008 CW 2026-01-25 1529 F8FUA         599 46     LY3NX         599 089    
QSO:  7008 CW 2026-01-25 1530 F8FUA         599 46     F6KFH         599 57     
QSO:  7008 CW 2026-01-25 1531 F8FUA         599 46     F5BDK         599 77     
QSO:  7008 CW 2026-01-25 1531 F8FUA         599 46     DG1YBN        599 062    
QSO:  7008 CW 2026-01-25 1532 F8FUA         599 46     F8BXI         599 50     
QSO:  7008 CW 2026-01-25 1533 F8FUA         599 46     F6EQD         599 87     
QSO:  7008 CW 2026-01-25 1533 F8FUA         599 46     OK2GU         599 068    
QSO:  7008 CW 2026-01-25 1535 F8FUA         599 46     F4FHV         599 63     
QSO:  7008 CW 2026-01-25 1536 F8FUA         599 46     F5BQU         599 57     
QSO:  7008 CW 2026-01-25 1537 F8FUA         599 46     F5OQL         599 79     
QSO:  7008 CW 2026-01-25 1537 F8FUA         599 46     F5JYD         599 51     
QSO:  7008 CW 2026-01-25 1539 F8FUA         599 46     I1BPU         599 065    
QSO:  7008 CW 2026-01-25 1540 F8FUA         599 46     PA6F          599 044    
QSO:  7008 CW 2026-01-25 1542 F8FUA         599 46     OK1PFM        599 087    
QSO:  7008 CW 2026-01-25 1542 F8FUA         599 46     F5SIK         599 71     
QSO:  7008 CW 2026-01-25 1543 F8FUA         599 46     OK2KG         599 192    
QSO:  7008 CW 2026-01-25 1544 F8FUA         599 46     F8KFA         599 81     
QSO:  7008 CW 2026-01-25 1544 F8FUA         599 46     DF2IY         599 090    
QSO:  7008 CW 2026-01-25 1545 F8FUA         599 46     F5ICC         599 24     
QSO:  7008 CW 2026-01-25 1545 F8FUA         599 46     F6GTH         599 57     
QSO:  7008 CW 2026-01-25 1545 F8FUA         599 46     HA7MF         599 352    
QSO:  7008 CW 2026-01-25 1546 F8FUA         599 46     PE2K          599 048    
QSO:  7008 CW 2026-01-25 1547 F8FUA         599 46     DL3KWF        599 185    
QSO:  7008 CW 2026-01-25 1549 F8FUA         599 46     F1MKC         599 87     
QSO:  7008 CW 2026-01-25 1550 F8FUA         599 46     F1POG         599 03     
QSO:  7008 CW 2026-01-25 1550 F8FUA         599 46     SP2XX         599 143    
QSO:  7008 CW 2026-01-25 1551 F8FUA         599 46     OM6TU         599 101    
QSO:  7008 CW 2026-01-25 1553 F8FUA         599 46     SP8GNF        599 054    
QSO:  7008 CW 2026-01-25 1553 F8FUA         599 46     F1TZE         599 60     
QSO:  7008 CW 2026-01-25 1555 F8FUA         599 46     YO6ZS         599 088    
QSO:  7008 CW 2026-01-25 1556 F8FUA         599 46     DA0BCC        599 175    
QSO:  7008 CW 2026-01-25 1556 F8FUA         599 46     F4IRX         599 30     
QSO:  7008 CW 2026-01-25 1558 F8FUA         599 46     DK4YF         599 016    
QSO:  7008 CW 2026-01-25 1559 F8FUA         599 46     F4CVQ         599 88     
QSO:  7008 CW 2026-01-25 1559 F8FUA         599 46     OM4AY         599 064    
QSO:  7008 CW 2026-01-25 1559 F8FUA         599 46     IK1RQQ        599 114    
QSO:  7008 CW 2026-01-25 1600 F8FUA         599 46     HA3HX         599 191    
QSO:  7008 CW 2026-01-25 1602 F8FUA         599 46     G3BOY         599 029    
QSO:  7008 CW 2026-01-25 1602 F8FUA         599 46     SF6W          599 214    
QSO:  7008 CW 2026-01-25 1603 F8FUA         599 46     DL5BAW        599 057    
QSO:  7008 CW 2026-01-25 1604 F8FUA         599 46     F8DQY         599 28     
QSO:  7008 CW 2026-01-25 1604 F8FUA         599 46     F4FDR         599 47     
QSO:  7008 CW 2026-01-25 1605 F8FUA         599 46     F4IAZ         599 40     
QSO:  7008 CW 2026-01-25 1605 F8FUA         599 46     F4KNS         599 28     
QSO:  7008 CW 2026-01-25 1606 F8FUA         599 46     F1MCO         599 19     
QSO:  7008 CW 2026-01-25 1607 F8FUA         599 46     SD5M          599 070    
QSO:  7008 CW 2026-01-25 1608 F8FUA         599 46     F5FAB         599 12     
QSO:  7008 CW 2026-01-25 1609 F8FUA         599 46     F5JER         599 08     
QSO:  7008 CW 2026-01-25 1611 F8FUA         599 46     F6ETI         599 24     
QSO:  7008 CW 2026-01-25 1612 F8FUA         599 46     F6ACV         599 78     
QSO:  7008 CW 2026-01-25 1613 F8FUA         599 46     SM7CIL        599 156    
QSO:  7008 CW 2026-01-25 1615 F8FUA         599 46     F6FET         599 53     
QSO:  7008 CW 2026-01-25 1617 F8FUA         599 46     G3WRJ         599 036    
QSO:  7008 CW 2026-01-25 1619 F8FUA         599 46     F5LWF         599 51     
QSO:  7008 CW 2026-01-25 1620 F8FUA         599 46     DK1VY         599 036    
QSO:  7008 CW 2026-01-25 1620 F8FUA         599 46     DL3NEY        599 005    
QSO:  7008 CW 2026-01-25 1621 F8FUA         599 46     OK1AY         599 174    
QSO:  7008 CW 2026-01-25 1623 F8FUA         599 46     G3RLE         599 120    
QSO:  7008 CW 2026-01-25 1625 F8FUA         599 46     PC4H          599 087    
QSO:  7008 CW 2026-01-25 1625 F8FUA         599 46     IK4XQT        599 034    
QSO:  7001 CW 2026-01-25 1628 F8FUA         599 46     F5POJ         599 02     
QSO:  3518 CW 2026-01-25 1649 F8FUA         599 46     F5OQK         599 85     
QSO:  3518 CW 2026-01-25 1650 F8FUA         599 46     PA4O          599 123    
QSO:  3509 CW 2026-01-25 1656 F8FUA         599 46     F8GNV         599 77     
QSO:  3527 CW 2026-01-25 1659 F8FUA         599 46     F6IFY         599 01     
QSO:  3533 CW 2026-01-25 1701 F8FUA         599 46     F5JKQ         599 44     
QSO:  7006 CW 2026-01-25 1706 F8FUA         599 46     F4EMK         599 64     
QSO:  7020 CW 2026-01-25 1710 F8FUA         599 46     F8BCU         599 26     
QSO:  3514 CW 2026-01-25 1714 F8FUA         599 46     F6HRL         599 66     
QSO:  3514 CW 2026-01-25 1715 F8FUA         599 46     F4HRG         599 44     
QSO:  3514 CW 2026-01-25 1716 F8FUA         599 46     F8DHE         599 42     
QSO:  3514 CW 2026-01-25 1717 F8FUA         599 46     F5RAB         599 28     
QSO:  3514 CW 2026-01-25 1717 F8FUA         599 46     DL1NKS        599 092    
QSO:  3514 CW 2026-01-25 1718 F8FUA         599 46     F8KFA         599 81     
QSO:  3514 CW 2026-01-25 1719 F8FUA         599 46     F5TLF         599 22     
QSO:  3514 CW 2026-01-25 1720 F8FUA         599 46     OR5O          599 112    
QSO:  3514 CW 2026-01-25 1722 F8FUA         599 46     ZA1RST        599 105    
QSO:  3514 CW 2026-01-25 1723 F8FUA         599 46     F4GBY         599 78     
QSO:  3514 CW 2026-01-25 1723 F8FUA         599 46     F6KBR         599 66     
QSO:  3514 CW 2026-01-25 1724 F8FUA         599 46     F5ROL         599 83     
QSO:  3514 CW 2026-01-25 1725 F8FUA         599 46     DK3AX         599 082    
QSO:  3514 CW 2026-01-25 1726 F8FUA         599 46     F6GUL         599 73     
QSO:  3514 CW 2026-01-25 1728 F8FUA         599 46     G3BOY         599 102    
QSO:  3514 CW 2026-01-25 1729 F8FUA         599 46     F6BQG         599 35     
QSO:  3514 CW 2026-01-25 1730 F8FUA         599 46     F6KMC         599 47     
QSO:  3514 CW 2026-01-25 1732 F8FUA         599 46     SP8GNF        599 085    
QSO:  3514 CW 2026-01-25 1733 F8FUA         599 46     F4LTV         599 35     
QSO:  3514 CW 2026-01-25 1734 F8FUA         599 46     F1MKC         599 87     
QSO:  3514 CW 2026-01-25 1735 F8FUA         599 46     F6GYF         599 63     
QSO:  3514 CW 2026-01-25 1736 F8FUA         599 46     F5IMV         599 88     
QSO:  3514 CW 2026-01-25 1737 F8FUA         599 46     F6EQD         599 87     
QSO:  3514 CW 2026-01-25 1740 F8FUA         599 46     F6BGG         599 74     
QSO:  3514 CW 2026-01-25 1744 F8FUA         599 46     F2GA          599 81     
QSO:  3514 CW 2026-01-25 1745 F8FUA         599 46     F6KFH         599 57     
QSO:  3514 CW 2026-01-25 1746 F8FUA         599 46     F4GTD         599 85     
QSO:  3554 CW 2026-01-25 1748 F8FUA         599 46     F5LEN         599 54     
QSO:  3513 CW 2026-01-25 1752 F8FUA         599 46     F6KHT         599 47     
QSO:  3540 CW 2026-01-25 1753 F8FUA         599 46     TM87C         599 87     
QSO:  3534 CW 2026-01-25 1755 F8FUA         599 46     ON6FC         599 108    
QSO:  3512 CW 2026-01-25 1758 F8FUA         599 46     TM2Y          599 61     
END-OF-LOG:
