START-OF-LOG: 3.0
CREATED-BY: HMRA public 9A HRS HF Robot downloader
CONTEST: CROATIAN-CW
CALLSIGN: 9A5D
OPERATORS: 9A5D
CATEGORY: A6
CATEGORY-OPERATOR: MULTI-OP
CATEGORY-BAND: ALL
CATEGORY-MODE: CW
CLAIMED-SCORE: 1148628
SOAPBOX: Recreated from 9A HRS HF Robot public QSO table for Croatian CW Contest 2016.
SOAPBOX: Public error-summary rows are ignored.
SOAPBOX: Source: https://www.hamradio.hr/hfrobot/hfcc_log.php?What=vloghtm&CID=2016-12-17&ID=9A5D
SOAPBOX: Source category label: A6 - 9A, vise operatora, svi opsezi, jedan odasiljac.
SOAPBOX: Published QSO count: 1408.
QSO: 14027 CW 2016-12-17 1400 9A5D          599 0001       R5FU          599 0001 EU   
QSO: 14027 CW 2016-12-17 1401 9A5D          599 0002       RX3VF         599 0001 EU   
QSO: 14027 CW 2016-12-17 1401 9A5D          599 0003       UA6LCN        599 0001 EU   
QSO: 14027 CW 2016-12-17 1401 9A5D          599 0004       UA6LCJ        599 0001 EU   
QSO: 14027 CW 2016-12-17 1402 9A5D          599 0005       UG4A          599 0001 EU   
QSO: 14027 CW 2016-12-17 1402 9A5D          599 0006       UC7A          599 0005 EU   
QSO: 14027 CW 2016-12-17 1402 9A5D          599 0007       PA2W          599 0001 EU   
QSO: 14027 CW 2016-12-17 1403 9A5D          599 0008       RA3XCZ        599 0002 EU   
QSO: 14027 CW 2016-12-17 1403 9A5D          599 0009       RV3FF         599 0005 EU   
QSO: 14027 CW 2016-12-17 1403 9A5D          599 0010       RK1NA         599 0003 EU   
QSO: 14027 CW 2016-12-17 1404 9A5D          599 0011       EA4EIP        599 0001 EU   
QSO: 14027 CW 2016-12-17 1404 9A5D          599 0012       KP2Q          599 0003 NA   
QSO: 14027 CW 2016-12-17 1404 9A5D          599 0013       RA6FUZ        599 0004 EU   
QSO: 14027 CW 2016-12-17 1405 9A5D          599 0014       R7MM          599 0001 EU   
QSO: 14027 CW 2016-12-17 1405 9A5D          599 0015       HA6NL         599 0002 EU   
QSO: 14027 CW 2016-12-17 1405 9A5D          599 0016       G3Y           599 0003 EU   
QSO: 14027 CW 2016-12-17 1406 9A5D          599 0017       UX7IA         599 0005 EU   
QSO: 14027 CW 2016-12-17 1406 9A5D          599 0018       UA5F          599 0005 EU   
QSO: 14027 CW 2016-12-17 1406 9A5D          599 0019       R3OM          599 0003 EU   
QSO: 14027 CW 2016-12-17 1407 9A5D          599 0020       K1GQ          599 0004 NA   
QSO: 14027 CW 2016-12-17 1407 9A5D          599 0021       UA1CUR        599 0004 EU   
QSO: 14027 CW 2016-12-17 1408 9A5D          599 0022       OH7MFO        599 0003 EU   
QSO: 14027 CW 2016-12-17 1408 9A5D          599 0023       UR5MM         599 0001 EU   
QSO: 14027 CW 2016-12-17 1408 9A5D          599 0024       PA5FN         599 0005 EU   
QSO: 14027 CW 2016-12-17 1409 9A5D          599 0025       9A3B          599 0008 EU   
QSO: 14027 CW 2016-12-17 1409 9A5D          599 0026       G4RKO         599 0009 EU   
QSO: 14027 CW 2016-12-17 1410 9A5D          599 0027       YL3IZ         599 0004 EU   
QSO: 14027 CW 2016-12-17 1410 9A5D          599 0028       OH5RP         599 0003 EU   
QSO: 21028 CW 2016-12-17 1411 9A5D          599 0001       AA3B          599 0016 NA   
QSO: 14027 CW 2016-12-17 1411 9A5D          599 0029       RN3S          599 0004 EU   
QSO: 14027 CW 2016-12-17 1411 9A5D          599 0030       UW6M          599 0001 EU   
QSO: 14027 CW 2016-12-17 1412 9A5D          599 0031       RA4HBS        599 0001 EU   
QSO: 14027 CW 2016-12-17 1412 9A5D          599 0032       F5UQE         599 0006 EU   
QSO: 21031 CW 2016-12-17 1413 9A5D          599 0002       VE3YAA        599 0009 NA   
QSO: 14027 CW 2016-12-17 1413 9A5D          599 0033       OH2MGA        599 0008 EU   
QSO: 14027 CW 2016-12-17 1413 9A5D          599 0034       RA4L          599 0001 EU   
QSO: 14027 CW 2016-12-17 1414 9A5D          599 0035       UA4FDL        599 0002 EU   
QSO: 14027 CW 2016-12-17 1414 9A5D          599 0036       G4SGI         599 0014 EU   
QSO: 14027 CW 2016-12-17 1414 9A5D          599 0037       LY6A          599 0017 EU   
QSO: 14027 CW 2016-12-17 1416 9A5D          599 0038       M5M           599 0013 EU   
QSO: 14027 CW 2016-12-17 1417 9A5D          599 0039       VE3QN         599 0009 NA   
QSO: 21024 CW 2016-12-17 1418 9A5D          599 0003       EA8CN         599 0009 AF   
QSO: 14027 CW 2016-12-17 1418 9A5D          599 0040       K0SR          599 0009 NA   
QSO: 14027 CW 2016-12-17 1418 9A5D          599 0041       PA3HCC        599 0005 EU   
QSO: 14027 CW 2016-12-17 1419 9A5D          599 0042       G3SEN         599 0001 EU   
QSO: 14027 CW 2016-12-17 1419 9A5D          599 0043       OH2BN         599 0005 EU   
QSO: 14027 CW 2016-12-17 1420 9A5D          599 0044       OZ5RM         599 0003 EU   
QSO: 14027 CW 2016-12-17 1421 9A5D          599 0045       K2NV          599 0001 NA   
QSO: 14027 CW 2016-12-17 1421 9A5D          599 0046       HA7NL         599 0020 EU   
QSO: 14027 CW 2016-12-17 1421 9A5D          599 0047       PA3AAV        599 0006 EU   
QSO: 14027 CW 2016-12-17 1422 9A5D          599 0048       K5UV          599 0005 NA   
QSO: 14027 CW 2016-12-17 1422 9A5D          599 0049       HS0ZLM        599 0005 AS   
QSO: 14027 CW 2016-12-17 1423 9A5D          599 0050       G3NWG         599 0018 EU   
QSO: 14027 CW 2016-12-17 1425 9A5D          599 0051       YT6M          599 0015 EU   
QSO: 14027 CW 2016-12-17 1425 9A5D          599 0052       GM0LIR        599 0011 EU   
QSO: 14027 CW 2016-12-17 1426 9A5D          599 0053       N3RD          599 0005 NA   
QSO: 14027 CW 2016-12-17 1426 9A5D          599 0054       G4DUC         599 0001 EU   
QSO: 14027 CW 2016-12-17 1426 9A5D          599 0055       OM3RM         599 0024 EU   
QSO: 14027 CW 2016-12-17 1427 9A5D          599 0056       SD6M          599 0002 EU   
QSO: 14027 CW 2016-12-17 1428 9A5D          599 0057       G4N           599 0015 EU   
QSO: 14027 CW 2016-12-17 1429 9A5D          599 0058       N3GD          599 0006 NA   
QSO: 14027 CW 2016-12-17 1429 9A5D          599 0059       SF3A          599 0023 EU   
QSO: 14027 CW 2016-12-17 1429 9A5D          599 0060       9A7T          599 0022 EU   
QSO: 14027 CW 2016-12-17 1430 9A5D          599 0061       SI5Y          599 0004 EU   
QSO: 14027 CW 2016-12-17 1430 9A5D          599 0062       G4EZT         599 0001 EU   
QSO: 14027 CW 2016-12-17 1431 9A5D          599 0063       VE3DQN        599 0001 NA   
QSO: 14027 CW 2016-12-17 1432 9A5D          599 0064       OK1KTI        599 0001 EU   
QSO: 14027 CW 2016-12-17 1432 9A5D          599 0065       N4KS          599 0139 NA   
QSO: 14027 CW 2016-12-17 1433 9A5D          599 0066       SM3OMO        599 0008 EU   
QSO: 14027 CW 2016-12-17 1434 9A5D          599 0067       OM5WW         599 0012 EU   
QSO: 14027 CW 2016-12-17 1434 9A5D          599 0068       K8GL          599 0008 NA   
QSO: 14027 CW 2016-12-17 1436 9A5D          599 0069       W4KLY         599 0036 NA   
QSO: 14027 CW 2016-12-17 1437 9A5D          599 0070       UT4U          599 0049 EU   
QSO: 14027 CW 2016-12-17 1437 9A5D          599 0071       HA3U          599 0014 EU   
QSO: 14027 CW 2016-12-17 1438 9A5D          599 0072       EA3EER        599 0012 EU   
QSO: 14018 CW 2016-12-17 1439 9A5D          599 0073       EA8CN         599 0029 AF   
QSO: 14027 CW 2016-12-17 1440 9A5D          599 0074       AE1N          599 0020 NA   
QSO: 14027 CW 2016-12-17 1440 9A5D          599 0075       W5NE          599 0014 NA   
QSO: 14027 CW 2016-12-17 1441 9A5D          599 0076       VE3CX         599 0009 NA   
QSO: 14027 CW 2016-12-17 1442 9A5D          599 0077       M0TJU         599 0002 EU   
QSO: 14027 CW 2016-12-17 1443 9A5D          599 0078       WA3AAN        599 0015 NA   
QSO: 14027 CW 2016-12-17 1445 9A5D          599 0079       VE3VC         599 0009 NA   
QSO: 14027 CW 2016-12-17 1448 9A5D          599 0080       9A1CFR        599 0031 EU   
QSO: 14027 CW 2016-12-17 1449 9A5D          599 0081       YL2BJ         599 0030 EU   
QSO: 14027 CW 2016-12-17 1450 9A5D          599 0082       LZ9W          599 0056 EU   
QSO: 14027 CW 2016-12-17 1450 9A5D          599 0083       K3TW          599 0001 NA   
QSO: 14027 CW 2016-12-17 1451 9A5D          599 0084       OM3GI         599 0043 EU   
QSO: 14027 CW 2016-12-17 1452 9A5D          599 0085       M3I           599 0051 EU   
QSO: 14027 CW 2016-12-17 1453 9A5D          599 0086       VE3QO         599 0009 NA   
QSO: 14027 CW 2016-12-17 1454 9A5D          599 0087       OZ7EA         599 0018 EU   
QSO: 14027 CW 2016-12-17 1455 9A5D          599 0088       WD4EXG        599 0002 NA   
QSO: 14027 CW 2016-12-17 1456 9A5D          599 0089       LY2KA         599 0038 EU   
QSO: 14027 CW 2016-12-17 1457 9A5D          599 0090       WA9AQN        599 0016 NA   
QSO: 14027 CW 2016-12-17 1458 9A5D          599 0091       W2UDT         599 0002 NA   
QSO: 14027 CW 2016-12-17 1459 9A5D          599 0092       OK1OA         599 0023 EU   
QSO: 14027 CW 2016-12-17 1459 9A5D          599 0093       AA3B          599 0097 NA   
QSO: 14027 CW 2016-12-17 1500 9A5D          599 0094       CT1ELZ        599 0038 EU   
QSO: 14027 CW 2016-12-17 1501 9A5D          599 0095       AE1T          599 0059 NA   
QSO: 14027 CW 2016-12-17 1502 9A5D          599 0096       YL2KO         599 0010 EU   
QSO: 14027 CW 2016-12-17 1503 9A5D          599 0097       VA3KAI        599 0151 NA   
QSO: 14027 CW 2016-12-17 1504 9A5D          599 0098       S51DX         599 0073 EU   
QSO: 14027 CW 2016-12-17 1505 9A5D          599 0099       P3X           599 0131 AS   
QSO: 14027 CW 2016-12-17 1506 9A5D          599 0100       LZ1ND         599 0058 EU   
QSO: 14027 CW 2016-12-17 1506 9A5D          599 0101       EA5ARC        599 0008 EU   
QSO: 14027 CW 2016-12-17 1507 9A5D          599 0102       WA1Z          599 0006 NA   
QSO: 14027 CW 2016-12-17 1508 9A5D          599 0103       W3EP          599 0008 NA   
QSO: 14027 CW 2016-12-17 1509 9A5D          599 0104       G4IIY         599 0004 EU   
QSO: 14027 CW 2016-12-17 1509 9A5D          599 0105       AA8TK         599 0003 NA   
QSO: 14027 CW 2016-12-17 1510 9A5D          599 0106       KT9T          599 0006 NA   
QSO: 14027 CW 2016-12-17 1511 9A5D          599 0107       K5GA          599 0031 NA   
QSO: 14027 CW 2016-12-17 1511 9A5D          599 0108       EA1WH         599 0079 EU   
QSO: 14027 CW 2016-12-17 1512 9A5D          599 0109       K0FX          599 0001 NA   
QSO: 14027 CW 2016-12-17 1513 9A5D          599 0110       EI5DI         599 0037 EU   
QSO: 14027 CW 2016-12-17 1513 9A5D          599 0111       N3IQ          599 0008 NA   
QSO: 14027 CW 2016-12-17 1514 9A5D          599 0112       EA2AZ         599 0036 EU   
QSO: 14027 CW 2016-12-17 1515 9A5D          599 0113       OZ2U          599 0006 EU   
QSO: 14027 CW 2016-12-17 1515 9A5D          599 0114       K1BZ          599 0067 NA   
QSO: 14027 CW 2016-12-17 1517 9A5D          599 0115       K3AJ          599 0166 NA   
QSO: 14027 CW 2016-12-17 1518 9A5D          599 0116       K0EA          599 0010 NA   
QSO: 01826 CW 2016-12-17 1522 9A5D          599 0001       UX1UA         599 0001 EU   
QSO: 14027 CW 2016-12-17 1528 9A5D          599 0117       S58P          599 0037 EU   
QSO: 14027 CW 2016-12-17 1530 9A5D          599 0118       KI1U          599 0002 NA   
QSO: 14027 CW 2016-12-17 1531 9A5D          599 0119       N3KN          599 0030 NA   
QSO: 14027 CW 2016-12-17 1531 9A5D          599 0120       K1HZ          599 0001 NA   
QSO: 14027 CW 2016-12-17 1533 9A5D          599 0121       9A3MR         599 0088 EU   
QSO: 07028 CW 2016-12-17 1540 9A5D          599 0001       DL1ROT        599 0021 EU   
QSO: 07028 CW 2016-12-17 1541 9A5D          599 0002       RA4PQ         599 0020 EU   
QSO: 07028 CW 2016-12-17 1541 9A5D          599 0003       UR4IZ         599 0057 EU   
QSO: 07028 CW 2016-12-17 1541 9A5D          599 0004       LZ2FM         599 0050 EU   
QSO: 07028 CW 2016-12-17 1542 9A5D          599 0005       UA9W          599 0093 AS   
QSO: 07028 CW 2016-12-17 1542 9A5D          599 0006       UY0CA         599 0033 EU   
QSO: 07028 CW 2016-12-17 1542 9A5D          599 0007       DL2DXA        599 0041 EU   
QSO: 07028 CW 2016-12-17 1544 9A5D          599 0008       F5UQE         599 0040 EU   
QSO: 07028 CW 2016-12-17 1544 9A5D          599 0009       UX2HB         599 0030 EU   
QSO: 07028 CW 2016-12-17 1545 9A5D          599 0010       DF1MM         599 0014 EU   
QSO: 07028 CW 2016-12-17 1545 9A5D          599 0011       UT8QQ         599 0064 EU   
QSO: 07028 CW 2016-12-17 1546 9A5D          599 0012       UR7MZ         599 0100 EU   
QSO: 07028 CW 2016-12-17 1547 9A5D          599 0013       DJ0YZ         599 0025 EU   
QSO: 07028 CW 2016-12-17 1547 9A5D          599 0014       DL1JDT        599 0038 EU   
QSO: 07028 CW 2016-12-17 1548 9A5D          599 0015       IK2YRA        599 0025 EU   
QSO: 07028 CW 2016-12-17 1548 9A5D          599 0016       UT3EK         599 0038 EU   
QSO: 07028 CW 2016-12-17 1549 9A5D          599 0017       G4SGI         599 0034 EU   
QSO: 07028 CW 2016-12-17 1550 9A5D          599 0018       ON3ND         599 0090 EU   
QSO: 07028 CW 2016-12-17 1550 9A5D          599 0019       UT4U          599 0136 EU   
QSO: 07028 CW 2016-12-17 1551 9A5D          599 0020       JH1OGC        599 0010 AS   
QSO: 07028 CW 2016-12-17 1551 9A5D          599 0021       DL6KWN        599 0039 EU   
QSO: 07028 CW 2016-12-17 1552 9A5D          599 0022       UR3GU         599 0120 EU   
QSO: 07028 CW 2016-12-17 1552 9A5D          599 0023       UW6M          599 0020 EU   
QSO: 07028 CW 2016-12-17 1552 9A5D          599 0024       F8KLY         599 0099 EU   
QSO: 07028 CW 2016-12-17 1553 9A5D          599 0025       OU4N          599 0057 EU   
QSO: 07028 CW 2016-12-17 1553 9A5D          599 0026       LY2AJ         599 0112 EU   
QSO: 07028 CW 2016-12-17 1553 9A5D          599 0027       RW3XN         599 0004 EU   
QSO: 07028 CW 2016-12-17 1554 9A5D          599 0028       DL4HBF        599 0013 EU   
QSO: 07028 CW 2016-12-17 1554 9A5D          599 0029       EA4ESP        599 0053 EU   
QSO: 07028 CW 2016-12-17 1555 9A5D          599 0030       LY2MM         599 0143 EU   
QSO: 07028 CW 2016-12-17 1555 9A5D          599 0031       LY2CO         599 0061 EU   
QSO: 07028 CW 2016-12-17 1555 9A5D          599 0032       UT3UCP        599 0068 EU   
QSO: 07028 CW 2016-12-17 1556 9A5D          599 0033       F6JOE         599 0024 EU   
QSO: 07028 CW 2016-12-17 1556 9A5D          599 0034       LY3B          599 0146 EU   
QSO: 07028 CW 2016-12-17 1556 9A5D          599 0035       RN3S          599 0038 EU   
QSO: 07028 CW 2016-12-17 1556 9A5D          599 0036       RU4SO         599 0006 EU   
QSO: 07028 CW 2016-12-17 1557 9A5D          599 0037       UA9NP         599 0017 AS   
QSO: 07028 CW 2016-12-17 1557 9A5D          599 0038       EU6DX         599 0084 EU   
QSO: 07028 CW 2016-12-17 1557 9A5D          599 0039       R7CT          599 0047 EU   
QSO: 07028 CW 2016-12-17 1558 9A5D          599 0040       EA6ZS         599 0013 EU   
QSO: 07028 CW 2016-12-17 1558 9A5D          599 0041       IK1XPK        599 0051 EU   
QSO: 07028 CW 2016-12-17 1559 9A5D          599 0042       SQ9FMU        599 0023 EU   
QSO: 07028 CW 2016-12-17 1559 9A5D          599 0043       DL4ALI        599 0036 EU   
QSO: 07028 CW 2016-12-17 1600 9A5D          599 0044       PA3DBS        599 0022 EU   
QSO: 07028 CW 2016-12-17 1600 9A5D          599 0045       I2IFT         599 0090 EU   
QSO: 07028 CW 2016-12-17 1601 9A5D          599 0046       OZ6TL         599 0017 EU   
QSO: 07028 CW 2016-12-17 1601 9A5D          599 0047       OZ7EA         599 0048 EU   
QSO: 07028 CW 2016-12-17 1601 9A5D          599 0048       DL0VW         599 0010 EU   
QSO: 07028 CW 2016-12-17 1601 9A5D          599 0049       R7AT          599 0100 EU   
QSO: 07028 CW 2016-12-17 1602 9A5D          599 0050       UT3LL         599 0007 EU   
QSO: 07028 CW 2016-12-17 1602 9A5D          599 0051       DL2AWW        599 0022 EU   
QSO: 07028 CW 2016-12-17 1603 9A5D          599 0052       DF1DN         599 0027 EU   
QSO: 07028 CW 2016-12-17 1603 9A5D          599 0053       UA4CNJ        599 0027 EU   
QSO: 07028 CW 2016-12-17 1604 9A5D          599 0054       US3LX         599 0020 EU   
QSO: 07028 CW 2016-12-17 1604 9A5D          599 0055       DF9EY         599 0033 EU   
QSO: 07028 CW 2016-12-17 1605 9A5D          599 0056       R9LM          599 0075 AS   
QSO: 07028 CW 2016-12-17 1605 9A5D          599 0057       UT8AS         599 0054 EU   
QSO: 07028 CW 2016-12-17 1606 9A5D          599 0058       LY6A          599 0165 EU   
QSO: 07028 CW 2016-12-17 1606 9A5D          599 0059       RX9AF         599 0065 AS   
QSO: 07028 CW 2016-12-17 1607 9A5D          599 0060       UC7A          599 0119 EU   
QSO: 07028 CW 2016-12-17 1607 9A5D          599 0061       SO5N          599 0011 EU   
QSO: 07028 CW 2016-12-17 1608 9A5D          599 0062       DL1NKS        599 0059 EU   
QSO: 07028 CW 2016-12-17 1608 9A5D          599 0063       UT5UQV        599 0015 EU   
QSO: 07028 CW 2016-12-17 1608 9A5D          599 0064       UA9SMU        599 0041 AS   
QSO: 07028 CW 2016-12-17 1609 9A5D          599 0065       EA3EER        599 0040 EU   
QSO: 07028 CW 2016-12-17 1609 9A5D          599 0066       R3VL          599 0011 EU   
QSO: 07028 CW 2016-12-17 1610 9A5D          599 0067       JA5NSR        599 0011 AS   
QSO: 07028 CW 2016-12-17 1610 9A5D          599 0068       DG7MA         599 0004 EU   
QSO: 07028 CW 2016-12-17 1611 9A5D          599 0069       YT4W          599 0193 EU   
QSO: 07028 CW 2016-12-17 1611 9A5D          599 0070       IK3OII        599 0005 EU   
QSO: 07028 CW 2016-12-17 1612 9A5D          599 0071       DG3BCZ        599 0004 EU   
QSO: 07028 CW 2016-12-17 1612 9A5D          599 0072       RM1T          599 0100 EU   
QSO: 07028 CW 2016-12-17 1613 9A5D          599 0073       US3EW         599 0040 EU   
QSO: 07028 CW 2016-12-17 1613 9A5D          599 0074       R5DC          599 0167 EU   
QSO: 07028 CW 2016-12-17 1613 9A5D          599 0075       RK3IM         599 0082 EU   
QSO: 07028 CW 2016-12-17 1614 9A5D          599 0076       DL2MM         599 0016 EU   
QSO: 07028 CW 2016-12-17 1614 9A5D          599 0077       SE6L          599 0039 EU   
QSO: 07028 CW 2016-12-17 1614 9A5D          599 0078       PA5WT         599 0006 EU   
QSO: 07028 CW 2016-12-17 1615 9A5D          599 0079       DL6AZ         599 0016 EU   
QSO: 07028 CW 2016-12-17 1615 9A5D          599 0080       DL3VZL        599 0041 EU   
QSO: 07028 CW 2016-12-17 1616 9A5D          599 0081       PA0WLB        599 0032 EU   
QSO: 07028 CW 2016-12-17 1616 9A5D          599 0082       R5FU          599 0021 EU   
QSO: 07028 CW 2016-12-17 1617 9A5D          599 0083       I1BPU         599 0001 EU   
QSO: 07028 CW 2016-12-17 1618 9A5D          599 0084       RZ1OK         599 0061 EU   
QSO: 07028 CW 2016-12-17 1619 9A5D          599 0085       UP0L          599 0251 AS   
QSO: 07028 CW 2016-12-17 1619 9A5D          599 0086       R7MT          599 0047 EU   
QSO: 07028 CW 2016-12-17 1620 9A5D          599 0087       S52AW         599 0204 EU   
QSO: 07028 CW 2016-12-17 1621 9A5D          599 0088       UY2ZZ         599 0035 EU   
QSO: 07028 CW 2016-12-17 1621 9A5D          599 0089       UT3IA         599 0022 EU   
QSO: 07028 CW 2016-12-17 1622 9A5D          599 0090       PA5FN         599 0078 EU   
QSO: 03518 CW 2016-12-17 1624 9A5D          599 0001       S59A          599 0116 EU   
QSO: 07028 CW 2016-12-17 1626 9A5D          599 0091       RW4CLF        599 0019 EU   
QSO: 03525 CW 2016-12-17 1627 9A5D          599 0002       9A9A          599 0141 EU   
QSO: 07028 CW 2016-12-17 1627 9A5D          599 0092       SP1C          599 0097 EU   
QSO: 07028 CW 2016-12-17 1628 9A5D          599 0093       UN9L          599 0131 AS   
QSO: 07028 CW 2016-12-17 1628 9A5D          599 0094       UR7VA         599 0035 EU   
QSO: 03529 CW 2016-12-17 1629 9A5D          599 0003       SP7P          599 0035 EU   
QSO: 03536 CW 2016-12-17 1630 9A5D          599 0004       R8TT          599 0092 AS   
QSO: 07028 CW 2016-12-17 1630 9A5D          599 0095       SP2MKT        599 0071 EU   
QSO: 07028 CW 2016-12-17 1630 9A5D          599 0096       R1QE          599 0022 EU   
QSO: 03538 CW 2016-12-17 1631 9A5D          599 0005       DF6JC         599 0023 EU   
QSO: 07028 CW 2016-12-17 1631 9A5D          599 0097       RL4A          599 0037 EU   
QSO: 07028 CW 2016-12-17 1631 9A5D          599 0098       RV3FF         599 0206 EU   
QSO: 07028 CW 2016-12-17 1632 9A5D          599 0099       DL40RCE       599 0005 EU   
QSO: 03545 CW 2016-12-17 1634 9A5D          599 0006       UR4PWC        599 0130 EU   
QSO: 07028 CW 2016-12-17 1634 9A5D          599 0100       EW1TZ         599 0056 EU   
QSO: 03530 CW 2016-12-17 1636 9A5D          599 0007       YU5T          599 0073 EU   
QSO: 03528 CW 2016-12-17 1636 9A5D          599 0008       OK1AY         599 0081 EU   
QSO: 07028 CW 2016-12-17 1636 9A5D          599 0101       EW2EG         599 0006 EU   
QSO: 03524 CW 2016-12-17 1637 9A5D          599 0009       HA3OU         599 0116 EU   
QSO: 07028 CW 2016-12-17 1637 9A5D          599 0102       SP2MW         599 0028 EU   
QSO: 07028 CW 2016-12-17 1637 9A5D          599 0103       SN6A          599 0021 EU   
QSO: 07028 CW 2016-12-17 1638 9A5D          599 0104       S57AW         599 0036 EU   
QSO: 07028 CW 2016-12-17 1638 9A5D          599 0105       R9SS          599 0037 EU   
QSO: 07028 CW 2016-12-17 1638 9A5D          599 0106       EA8CN         599 0100 AF   
QSO: 07028 CW 2016-12-17 1639 9A5D          599 0107       EA1WH         599 0099 EU   
QSO: 07028 CW 2016-12-17 1640 9A5D          599 0108       LA5MDA        599 0015 EU   
QSO: 07028 CW 2016-12-17 1640 9A5D          599 0109       LY3X          599 0139 EU   
QSO: 07028 CW 2016-12-17 1641 9A5D          599 0110       DK1IZ         599 0036 EU   
QSO: 07028 CW 2016-12-17 1641 9A5D          599 0111       R8WO          599 0021 EU   
QSO: 07028 CW 2016-12-17 1641 9A5D          599 0112       RM4R          599 0001 EU   
QSO: 07028 CW 2016-12-17 1642 9A5D          599 0113       PA2GRU        599 0033 EU   
QSO: 03512 CW 2016-12-17 1643 9A5D          599 0010       LZ9W          599 0228 EU   
QSO: 07028 CW 2016-12-17 1643 9A5D          599 0114       ON6QZ         599 0009 EU   
QSO: 07028 CW 2016-12-17 1644 9A5D          599 0115       DJ0AJ         599 0070 EU   
QSO: 07028 CW 2016-12-17 1644 9A5D          599 0116       UD3D          599 0003 EU   
QSO: 03530 CW 2016-12-17 1645 9A5D          599 0011       RL4A          599 0061 EU   
QSO: 07020 CW 2016-12-17 1646 9A5D          599 0117       9A5V          599 0065 EU   
QSO: 07009 CW 2016-12-17 1648 9A5D          599 0118       P3X           599 0343 AS   
QSO: 07028 CW 2016-12-17 1649 9A5D          599 0119       DL7BQ         599 0015 EU   
QSO: 07028 CW 2016-12-17 1649 9A5D          599 0120       RN4HAB        599 0036 EU   
QSO: 07028 CW 2016-12-17 1650 9A5D          599 0121       RC7A          599 0042 EU   
QSO: 07028 CW 2016-12-17 1650 9A5D          599 0122       DL5SDN        599 0033 EU   
QSO: 07028 CW 2016-12-17 1650 9A5D          599 0123       G3LIK         599 0112 EU   
QSO: 07028 CW 2016-12-17 1652 9A5D          599 0124       PA3AAV        599 0152 EU   
QSO: 07012 CW 2016-12-17 1653 9A5D          599 0125       E77W          599 0228 EU   
QSO: 03533 CW 2016-12-17 1654 9A5D          599 0012       OM3CPF        599 0116 EU   
QSO: 07014 CW 2016-12-17 1654 9A5D          599 0126       MW5R          599 0278 EU   
QSO: 03517 CW 2016-12-17 1655 9A5D          599 0013       RA2F          599 0041 EU   
QSO: 07028 CW 2016-12-17 1655 9A5D          599 0127       RA3XCZ        599 0046 EU   
QSO: 07028 CW 2016-12-17 1656 9A5D          599 0128       PA2PCH        599 0065 EU   
QSO: 07028 CW 2016-12-17 1656 9A5D          599 0129       SM3OMO        599 0045 EU   
QSO: 07028 CW 2016-12-17 1657 9A5D          599 0130       G4RKO         599 0091 EU   
QSO: 07028 CW 2016-12-17 1658 9A5D          599 0131       DL5JAB        599 0018 EU   
QSO: 03518 CW 2016-12-17 1700 9A5D          599 0014       IZ3NVR        599 0011 EU   
QSO: 07028 CW 2016-12-17 1700 9A5D          599 0132       SQ3MVC        599 0043 EU   
QSO: 07028 CW 2016-12-17 1701 9A5D          599 0133       EA5HT         599 0144 EU   
QSO: 07028 CW 2016-12-17 1702 9A5D          599 0134       OH3GZ         599 0010 EU   
QSO: 03532 CW 2016-12-17 1704 9A5D          599 0015       LY2AJ         599 0184 EU   
QSO: 07028 CW 2016-12-17 1704 9A5D          599 0135       DL1ARJ        599 0083 EU   
QSO: 07028 CW 2016-12-17 1704 9A5D          599 0136       UC5D          599 0040 EU   
QSO: 07028 CW 2016-12-17 1704 9A5D          599 0137       SP2MKI        599 0041 EU   
QSO: 03509 CW 2016-12-17 1705 9A5D          599 0016       YO9AGI        599 0119 EU   
QSO: 07028 CW 2016-12-17 1705 9A5D          599 0138       US7IGN/A      599 0029 EU   
QSO: 03512 CW 2016-12-17 1706 9A5D          599 0017       YL3CW         599 0109 EU   
QSO: 07028 CW 2016-12-17 1706 9A5D          599 0139       DF7TS         599 0009 EU   
QSO: 07028 CW 2016-12-17 1706 9A5D          599 0140       CT1ELZ        599 0083 EU   
QSO: 07028 CW 2016-12-17 1708 9A5D          599 0141       UT3Q          599 0023 EU   
QSO: 07028 CW 2016-12-17 1708 9A5D          599 0142       EV6Z          599 0011 EU   
QSO: 07028 CW 2016-12-17 1708 9A5D          599 0143       RA9SN         599 0025 AS   
QSO: 07028 CW 2016-12-17 1709 9A5D          599 0144       OH7MFO        599 0063 EU   
QSO: 07028 CW 2016-12-17 1710 9A5D          599 0145       M0TJU         599 0022 EU   
QSO: 07028 CW 2016-12-17 1711 9A5D          599 0146       IK3UNA        599 0139 EU   
QSO: 07028 CW 2016-12-17 1711 9A5D          599 0147       G0BBO         599 0021 EU   
QSO: 07028 CW 2016-12-17 1711 9A5D          599 0148       SE4E          599 0072 EU   
QSO: 07016 CW 2016-12-17 1714 9A5D          599 0149       HG8C          599 0081 EU   
QSO: 07028 CW 2016-12-17 1716 9A5D          599 0150       SI5Y          599 0019 EU   
QSO: 07028 CW 2016-12-17 1716 9A5D          599 0151       SD1A          599 0031 EU   
QSO: 07028 CW 2016-12-17 1717 9A5D          599 0152       US0UX         599 0033 EU   
QSO: 07028 CW 2016-12-17 1717 9A5D          599 0153       R9CD          599 0038 EU   
QSO: 03519 CW 2016-12-17 1718 9A5D          599 0018       UP0L          599 0333 AS   
QSO: 07028 CW 2016-12-17 1718 9A5D          599 0154       F5UB          599 0015 EU   
QSO: 07028 CW 2016-12-17 1719 9A5D          599 0155       9A4WW         599 0133 EU   
QSO: 07028 CW 2016-12-17 1719 9A5D          599 0156       EW6EN         599 0060 EU   
QSO: 07028 CW 2016-12-17 1721 9A5D          599 0157       OZ2UEC        599 0040 EU   
QSO: 07028 CW 2016-12-17 1722 9A5D          599 0158       UA2FT/6       599 0026 EU   
QSO: 07028 CW 2016-12-17 1722 9A5D          599 0159       BI4SCC        599 0023 AS   
QSO: 07028 CW 2016-12-17 1723 9A5D          599 0160       DL0XK         599 0022 EU   
QSO: 07028 CW 2016-12-17 1723 9A5D          599 0161       EA4XT         599 0007 EU   
QSO: 07028 CW 2016-12-17 1724 9A5D          599 0162       G3YIQ         599 0010 EU   
QSO: 07028 CW 2016-12-17 1724 9A5D          599 0163       R9QQ          599 0019 EU   
QSO: 07016 CW 2016-12-17 1724 9A5D          599 0164       OM3RM         599 0104 EU   
QSO: 07028 CW 2016-12-17 1725 9A5D          599 0165       9A5V          599 0085 EU   
QSO: 07019 CW 2016-12-17 1729 9A5D          599 0166       RU3XW         599 0023 EU   
QSO: 07028 CW 2016-12-17 1732 9A5D          599 0167       F8BDX         599 0004 EU   
QSO: 07028 CW 2016-12-17 1733 9A5D          599 0168       YU2A          599 0059 EU   
QSO: 07028 CW 2016-12-17 1733 9A5D          599 0169       RT5C          599 0026 EU   
QSO: 07028 CW 2016-12-17 1734 9A5D          599 0170       LY1DZ         599 0115 EU   
QSO: 07028 CW 2016-12-17 1734 9A5D          599 0171       EA1DAV        599 0094 EU   
QSO: 07028 CW 2016-12-17 1735 9A5D          599 0172       F/OM2ZA       599 0009 EU   
QSO: 07028 CW 2016-12-17 1736 9A5D          599 0173       RA4HBS        599 0025 EU   
QSO: 07028 CW 2016-12-17 1738 9A5D          599 0174       IW3FVZ        599 0054 EU   
QSO: 03521 CW 2016-12-17 1739 9A5D          599 0019       EU8U          599 0162 EU   
QSO: 07028 CW 2016-12-17 1740 9A5D          599 0175       HB9JOE        599 0001 EU   
QSO: 07028 CW 2016-12-17 1744 9A5D          599 0176       DK5ZX         599 0009 EU   
QSO: 07028 CW 2016-12-17 1745 9A5D          599 0177       ON5JT         599 0125 EU   
QSO: 07028 CW 2016-12-17 1746 9A5D          599 0178       R6KEE         599 0025 EU   
QSO: 07028 CW 2016-12-17 1747 9A5D          599 0179       YO9AGI        599 0155 EU   
QSO: 07028 CW 2016-12-17 1748 9A5D          599 0180       OK1MLP        599 0047 EU   
QSO: 07028 CW 2016-12-17 1749 9A5D          599 0181       9A5K          599 0352 EU   
QSO: 07028 CW 2016-12-17 1749 9A5D          599 0182       RM7F          599 0092 EU   
QSO: 07028 CW 2016-12-17 1750 9A5D          599 0183       UA4FCO        599 0006 EU   
QSO: 03516 CW 2016-12-17 1751 9A5D          599 0020       OZ2TF         599 0095 EU   
QSO: 07028 CW 2016-12-17 1751 9A5D          599 0184       RN4SC         599 0039 EU   
QSO: 03510 CW 2016-12-17 1752 9A5D          599 0021       P3X           599 0464 AS   
QSO: 07028 CW 2016-12-17 1752 9A5D          599 0185       OL3E          599 0038 EU   
QSO: 07028 CW 2016-12-17 1754 9A5D          599 0186       R4AC          599 0006 EU   
QSO: 07028 CW 2016-12-17 1756 9A5D          599 0187       K1GQ          599 0119 NA   
QSO: 07028 CW 2016-12-17 1757 9A5D          599 0188       9A7B          599 0143 EU   
QSO: 07028 CW 2016-12-17 1758 9A5D          599 0189       YP5A          599 0123 EU   
QSO: 07028 CW 2016-12-17 1759 9A5D          599 0190       HB9DC         599 0027 EU   
QSO: 03526 CW 2016-12-17 1802 9A5D          599 0022       OK4RQ         599 0099 EU   
QSO: 03526 CW 2016-12-17 1803 9A5D          599 0023       IV3SKB        599 0260 EU   
QSO: 03526 CW 2016-12-17 1803 9A5D          599 0024       R3ZZ          599 0148 EU   
QSO: 03526 CW 2016-12-17 1804 9A5D          599 0025       E70R          599 0068 EU   
QSO: 03526 CW 2016-12-17 1805 9A5D          599 0026       OE3KAB        599 0028 EU   
QSO: 03526 CW 2016-12-17 1805 9A5D          599 0027       YT3X          599 0215 EU   
QSO: 03526 CW 2016-12-17 1806 9A5D          599 0028       HG1A          599 0170 EU   
QSO: 03526 CW 2016-12-17 1807 9A5D          599 0029       UR7MZ         599 0214 EU   
QSO: 03526 CW 2016-12-17 1808 9A5D          599 0030       SP1C          599 0187 EU   
QSO: 03526 CW 2016-12-17 1808 9A5D          599 0031       YU1UN         599 0213 EU   
QSO: 03526 CW 2016-12-17 1809 9A5D          599 0032       OM7LW         599 0127 EU   
QSO: 03526 CW 2016-12-17 1809 9A5D          599 0033       E77C          599 0053 EU   
QSO: 03526 CW 2016-12-17 1809 9A5D          599 0034       YT5FD         599 0038 EU   
QSO: 03526 CW 2016-12-17 1810 9A5D          599 0035       OK8KM         599 0058 EU   
QSO: 03526 CW 2016-12-17 1811 9A5D          599 0036       RD3BV         599 0058 EU   
QSO: 03526 CW 2016-12-17 1811 9A5D          599 0037       RO5X          599 0028 EU   
QSO: 03526 CW 2016-12-17 1811 9A5D          599 0038       LY3B          599 0279 EU   
QSO: 03526 CW 2016-12-17 1812 9A5D          599 0039       SD6M          599 0084 EU   
QSO: 03526 CW 2016-12-17 1813 9A5D          599 0040       PA2W          599 0103 EU   
QSO: 03526 CW 2016-12-17 1813 9A5D          599 0041       LY2CO         599 0165 EU   
QSO: 03526 CW 2016-12-17 1814 9A5D          599 0042       EU1FQ         599 0032 EU   
QSO: 03526 CW 2016-12-17 1814 9A5D          599 0043       RZ3Z          599 0042 EU   
QSO: 03526 CW 2016-12-17 1814 9A5D          599 0044       EA4XT         599 0015 EU   
QSO: 03526 CW 2016-12-17 1815 9A5D          599 0045       UD3D          599 0077 EU   
QSO: 03526 CW 2016-12-17 1815 9A5D          599 0046       S57KM         599 0037 EU   
QSO: 03526 CW 2016-12-17 1815 9A5D          599 0047       R6CZ          599 0006 EU   
QSO: 03526 CW 2016-12-17 1816 9A5D          599 0048       RV3FF         599 0277 EU   
QSO: 03526 CW 2016-12-17 1816 9A5D          599 0049       UR3GU         599 0292 EU   
QSO: 03526 CW 2016-12-17 1817 9A5D          599 0050       IZ2ZPH        599 0044 EU   
QSO: 03526 CW 2016-12-17 1817 9A5D          599 0051       OU4N          599 0118 EU   
QSO: 03526 CW 2016-12-17 1817 9A5D          599 0052       HG8C          599 0121 EU   
QSO: 03526 CW 2016-12-17 1818 9A5D          599 0053       LY6A          599 0304 EU   
QSO: 03526 CW 2016-12-17 1818 9A5D          599 0054       S53EO         599 0298 EU   
QSO: 03526 CW 2016-12-17 1819 9A5D          599 0055       HA6NL         599 0200 EU   
QSO: 03526 CW 2016-12-17 1819 9A5D          599 0056       OU4N          599 0119 EU   
QSO: 07020 CW 2016-12-17 1819 9A5D          599 0191       Z32U          599 0095 EU   
QSO: 03526 CW 2016-12-17 1820 9A5D          599 0057       9A2VX         599 0043 EU   
QSO: 03526 CW 2016-12-17 1820 9A5D          599 0058       IK1XPK        599 0087 EU   
QSO: 03526 CW 2016-12-17 1821 9A5D          599 0059       RZ3AMW        599 0069 EU   
QSO: 03526 CW 2016-12-17 1821 9A5D          599 0060       YU1ED         599 0061 EU   
QSO: 07017 CW 2016-12-17 1821 9A5D          599 0192       SV2DSJ        599 0059 EU   
QSO: 03526 CW 2016-12-17 1822 9A5D          599 0061       S57AW         599 0167 EU   
QSO: 03526 CW 2016-12-17 1822 9A5D          599 0062       R6CC          599 0038 EU   
QSO: 03526 CW 2016-12-17 1822 9A5D          599 0063       4O4SM         599 0079 EU   
QSO: 03526 CW 2016-12-17 1823 9A5D          599 0064       RN6CH         599 0028 EU   
QSO: 03526 CW 2016-12-17 1824 9A5D          599 0065       RM1T          599 0209 EU   
QSO: 03526 CW 2016-12-17 1824 9A5D          599 0066       OM3WZ         599 0041 EU   
QSO: 03526 CW 2016-12-17 1824 9A5D          599 0067       OK5SA         599 0063 EU   
QSO: 03526 CW 2016-12-17 1825 9A5D          599 0068       S52ZW         599 0199 EU   
QSO: 03526 CW 2016-12-17 1825 9A5D          599 0069       OK1JVS        599 0052 EU   
QSO: 07016 CW 2016-12-17 1825 9A5D          599 0193       RA2F          599 0089 EU   
QSO: 03526 CW 2016-12-17 1826 9A5D          599 0070       LZ1VQ         599 0129 EU   
QSO: 03526 CW 2016-12-17 1826 9A5D          599 0071       DL4ME         599 0114 EU   
QSO: 03526 CW 2016-12-17 1827 9A5D          599 0072       DL1NKS        599 0112 EU   
QSO: 03526 CW 2016-12-17 1827 9A5D          599 0073       OK1IBP        599 0094 EU   
QSO: 03526 CW 2016-12-17 1828 9A5D          599 0074       I2IFT         599 0208 EU   
QSO: 03526 CW 2016-12-17 1831 9A5D          599 0075       SM6EWB        599 0081 EU   
QSO: 03526 CW 2016-12-17 1832 9A5D          599 0076       LZ1QZ         599 0144 EU   
QSO: 03526 CW 2016-12-17 1832 9A5D          599 0077       R7AC          599 0063 EU   
QSO: 03526 CW 2016-12-17 1833 9A5D          599 0078       UT4U          599 0321 EU   
QSO: 03526 CW 2016-12-17 1833 9A5D          599 0079       LZ5EE         599 0134 EU   
QSO: 03526 CW 2016-12-17 1833 9A5D          599 0080       OL4W          599 0137 EU   
QSO: 03526 CW 2016-12-17 1834 9A5D          599 0081       R9IR          599 0001 EU   
QSO: 03526 CW 2016-12-17 1835 9A5D          599 0082       IZ4JMA        599 0040 EU   
QSO: 03526 CW 2016-12-17 1837 9A5D          599 0083       S51MF         599 0093 EU   
QSO: 03526 CW 2016-12-17 1837 9A5D          599 0084       YL5X          599 0129 EU   
QSO: 03526 CW 2016-12-17 1838 9A5D          599 0085       OK1MLP        599 0060 EU   
QSO: 03526 CW 2016-12-17 1838 9A5D          599 0086       DJ8EW         599 0140 EU   
QSO: 03526 CW 2016-12-17 1838 9A5D          599 0087       SN6A          599 0100 EU   
QSO: 03526 CW 2016-12-17 1839 9A5D          599 0088       YO4FZX        599 0017 EU   
QSO: 03526 CW 2016-12-17 1839 9A5D          599 0089       IK2SND        599 0120 EU   
QSO: 03526 CW 2016-12-17 1839 9A5D          599 0090       HG7T          599 0221 EU   
QSO: 03526 CW 2016-12-17 1839 9A5D          599 0091       SP9MA         599 0018 EU   
QSO: 03526 CW 2016-12-17 1840 9A5D          599 0092       UT7HM         599 0020 EU   
QSO: 03526 CW 2016-12-17 1841 9A5D          599 0093       PI4AAG        599 0011 EU   
QSO: 03526 CW 2016-12-17 1842 9A5D          599 0094       RW4WA         599 0028 EU   
QSO: 03526 CW 2016-12-17 1843 9A5D          599 0095       RU3DU         599 0008 EU   
QSO: 03526 CW 2016-12-17 1843 9A5D          599 0096       DL8AWK        599 0068 EU   
QSO: 03526 CW 2016-12-17 1844 9A5D          599 0097       US4IPC        599 0080 EU   
QSO: 03526 CW 2016-12-17 1844 9A5D          599 0098       EW6EN         599 0084 EU   
QSO: 03526 CW 2016-12-17 1845 9A5D          599 0099       EA1VT         599 0006 EU   
QSO: 03526 CW 2016-12-17 1845 9A5D          599 0100       IK3UNA        599 0188 EU   
QSO: 03526 CW 2016-12-17 1846 9A5D          599 0101       RT5C          599 0074 EU   
QSO: 03526 CW 2016-12-17 1846 9A5D          599 0102       R7MM          599 0136 EU   
QSO: 03526 CW 2016-12-17 1847 9A5D          599 0103       R1QE          599 0055 EU   
QSO: 03526 CW 2016-12-17 1848 9A5D          599 0104       RN3S          599 0104 EU   
QSO: 03526 CW 2016-12-17 1849 9A5D          599 0105       R3OM          599 0151 EU   
QSO: 03526 CW 2016-12-17 1850 9A5D          599 0106       G3LIK         599 0141 EU   
QSO: 03526 CW 2016-12-17 1850 9A5D          599 0107       YO4AAC        599 0036 EU   
QSO: 03526 CW 2016-12-17 1852 9A5D          599 0108       R3VL          599 0050 EU   
QSO: 03526 CW 2016-12-17 1853 9A5D          599 0109       9A8FCC        599 0051 EU   
QSO: 03526 CW 2016-12-17 1853 9A5D          599 0110       DO2MIT        599 0047 EU   
QSO: 03526 CW 2016-12-17 1854 9A5D          599 0111       GM4OSS        599 0012 EU   
QSO: 03526 CW 2016-12-17 1854 9A5D          599 0112       DL5JQ         599 0019 EU   
QSO: 03526 CW 2016-12-17 1855 9A5D          599 0113       UC7A          599 0259 EU   
QSO: 03526 CW 2016-12-17 1855 9A5D          599 0114       UR8GX         599 0088 EU   
QSO: 03526 CW 2016-12-17 1857 9A5D          599 0115       YO7LYM        599 0056 EU   
QSO: 03526 CW 2016-12-17 1857 9A5D          599 0116       SQ9FMU        599 0053 EU   
QSO: 03526 CW 2016-12-17 1857 9A5D          599 0117       UR5FS         599 0097 EU   
QSO: 03526 CW 2016-12-17 1858 9A5D          599 0118       OZ5RM         599 0112 EU   
QSO: 03526 CW 2016-12-17 1858 9A5D          599 0119       RN4HAB        599 0068 EU   
QSO: 03526 CW 2016-12-17 1859 9A5D          599 0120       DK9MH         599 0013 EU   
QSO: 03526 CW 2016-12-17 1859 9A5D          599 0121       YT6M          599 0167 EU   
QSO: 03526 CW 2016-12-17 1859 9A5D          599 0122       UT3EK         599 0120 EU   
QSO: 03526 CW 2016-12-17 1900 9A5D          599 0123       PA3GDD        599 0031 EU   
QSO: 03526 CW 2016-12-17 1901 9A5D          599 0124       9A2JK         599 0173 EU   
QSO: 03539 CW 2016-12-17 1902 9A5D          599 0125       ON5JT         599 0159 EU   
QSO: 03526 CW 2016-12-17 1904 9A5D          599 0126       R7CT          599 0097 EU   
QSO: 03526 CW 2016-12-17 1904 9A5D          599 0127       UA4CNJ        599 0112 EU   
QSO: 03526 CW 2016-12-17 1905 9A5D          599 0128       ES1BH         599 0013 EU   
QSO: 03526 CW 2016-12-17 1905 9A5D          599 0129       9A3DF         599 0099 EU   
QSO: 03526 CW 2016-12-17 1906 9A5D          599 0130       EA1XT         599 0286 EU   
QSO: 03518 CW 2016-12-17 1906 9A5D          599 0131       MW5R          599 0449 EU   
QSO: 03526 CW 2016-12-17 1907 9A5D          599 0132       R5DC          599 0294 EU   
QSO: 03526 CW 2016-12-17 1907 9A5D          599 0133       LY4T          599 0030 EU   
QSO: 03526 CW 2016-12-17 1908 9A5D          599 0134       OK1NE         599 0107 EU   
QSO: 03527 CW 2016-12-17 1912 9A5D          599 0135       F5VHY         599 0102 EU   
QSO: 03526 CW 2016-12-17 1913 9A5D          599 0136       R5FU          599 0048 EU   
QSO: 03526 CW 2016-12-17 1913 9A5D          599 0137       SO4R          599 0027 EU   
QSO: 03526 CW 2016-12-17 1914 9A5D          599 0138       9A8CV         599 0203 EU   
QSO: 03526 CW 2016-12-17 1914 9A5D          599 0139       RN3F          599 0208 EU   
QSO: 03526 CW 2016-12-17 1915 9A5D          599 0140       PA4O          599 0134 EU   
QSO: 03526 CW 2016-12-17 1918 9A5D          599 0141       RW3AI         599 0042 EU   
QSO: 03526 CW 2016-12-17 1918 9A5D          599 0142       S58WW         599 0006 EU   
QSO: 03526 CW 2016-12-17 1920 9A5D          599 0143       EA5HT         599 0219 EU   
QSO: 03526 CW 2016-12-17 1920 9A5D          599 0144       YO8TTT        599 0111 EU   
QSO: 03526 CW 2016-12-17 1921 9A5D          599 0145       DL1JHW        599 0004 EU   
QSO: 03526 CW 2016-12-17 1922 9A5D          599 0146       R7AT          599 0232 EU   
QSO: 03526 CW 2016-12-17 1922 9A5D          599 0147       OM3BA         599 0060 EU   
QSO: 03526 CW 2016-12-17 1923 9A5D          599 0148       HA3NU         599 0062 EU   
QSO: 03526 CW 2016-12-17 1923 9A5D          599 0149       UY5ZI         599 0080 EU   
QSO: 03526 CW 2016-12-17 1924 9A5D          599 0150       IW3FVZ        599 0071 EU   
QSO: 03526 CW 2016-12-17 1924 9A5D          599 0151       DJ1YFK        599 0015 EU   
QSO: 03526 CW 2016-12-17 1924 9A5D          599 0152       PA5FN         599 0126 EU   
QSO: 03526 CW 2016-12-17 1925 9A5D          599 0153       OM8FF         599 0155 EU   
QSO: 03526 CW 2016-12-17 1926 9A5D          599 0154       EA8CN         599 0215 AF   
QSO: 03526 CW 2016-12-17 1927 9A5D          599 0155       OK1DDV/P      599 0036 EU   
QSO: 03526 CW 2016-12-17 1927 9A5D          599 0156       I6FDJ         599 0116 EU   
QSO: 03526 CW 2016-12-17 1927 9A5D          599 0157       DK1WB         599 0003 EU   
QSO: 03526 CW 2016-12-17 1929 9A5D          599 0158       RX9CM         599 0093 AS   
QSO: 03526 CW 2016-12-17 1929 9A5D          599 0159       OK2DM         599 0026 EU   
QSO: 03526 CW 2016-12-17 1930 9A5D          599 0160       DD2CW         599 0013 EU   
QSO: 03526 CW 2016-12-17 1930 9A5D          599 0161       RA3XCZ        599 0070 EU   
QSO: 03526 CW 2016-12-17 1931 9A5D          599 0162       DJ5MF         599 0017 EU   
QSO: 03526 CW 2016-12-17 1931 9A5D          599 0163       UX7IA         599 0160 EU   
QSO: 03526 CW 2016-12-17 1933 9A5D          599 0164       SQ65HSC       599 0076 EU   
QSO: 03526 CW 2016-12-17 1934 9A5D          599 0165       UC5D          599 0083 EU   
QSO: 03526 CW 2016-12-17 1934 9A5D          599 0166       OU2W          599 0083 EU   
QSO: 03526 CW 2016-12-17 1935 9A5D          599 0167       US7IY         599 0009 EU   
QSO: 01819 CW 2016-12-17 1937 9A5D          599 0002       DL5YL         599 0001 EU   
QSO: 01819 CW 2016-12-17 1938 9A5D          599 0003       9A5K          599 0495 EU   
QSO: 01819 CW 2016-12-17 1939 9A5D          599 0004       I2BPP         599 JN45 EU   
QSO: 07011 CW 2016-12-17 1942 9A5D          599 0194       YL3FT         599 0061 EU   
QSO: 01819 CW 2016-12-17 1943 9A5D          599 0005       EA4XT         599 0039 EU   
QSO: 03526 CW 2016-12-17 1950 9A5D          599 0168       EA2AZ         599 0146 EU   
QSO: 03526 CW 2016-12-17 1950 9A5D          599 0169       OM2AM         599 0106 EU   
QSO: 03526 CW 2016-12-17 1951 9A5D          599 0170       YL2II         599 0009 EU   
QSO: 03526 CW 2016-12-17 1951 9A5D          599 0171       HA6NW         599 0272 EU   
QSO: 03526 CW 2016-12-17 1952 9A5D          599 0172       YU1ML         599 0115 EU   
QSO: 03526 CW 2016-12-17 1953 9A5D          599 0173       R3AQ          599 0049 EU   
QSO: 03526 CW 2016-12-17 1954 9A5D          599 0174       9A7B          599 0165 EU   
QSO: 03526 CW 2016-12-17 1954 9A5D          599 0175       9A4LW         599 0061 EU   
QSO: 07030 CW 2016-12-17 1955 9A5D          599 0195       VR2CO         599 0027 AS   
QSO: 03526 CW 2016-12-17 1956 9A5D          599 0176       UT5UQV        599 0055 EU   
QSO: 03526 CW 2016-12-17 1957 9A5D          599 0177       9A1E          599 0230 EU   
QSO: 03513 CW 2016-12-17 1959 9A5D          599 0178       JH1OGC        599 0117 AS   
QSO: 03514 CW 2016-12-17 1959 9A5D          599 0179       9A7T          599 0384 EU   
QSO: 03515 CW 2016-12-17 2000 9A5D          599 0180       9A5K          599 0528 EU   
QSO: 03511 CW 2016-12-17 2000 9A5D          599 0181       9A4MF         599 0132 EU   
QSO: 03534 CW 2016-12-17 2001 9A5D          599 0182       OK2MBP        599 0210 EU   
QSO: 03535 CW 2016-12-17 2001 9A5D          599 0183       E74O          599 0003 EU   
QSO: 03543 CW 2016-12-17 2001 9A5D          599 0184       9A4QV         599 0096 EU   
QSO: 03537 CW 2016-12-17 2002 9A5D          599 0185       OL3E          599 0142 EU   
QSO: 03517 CW 2016-12-17 2002 9A5D          599 0186       S57Z          599 0052 EU   
QSO: 03519 CW 2016-12-17 2003 9A5D          599 0187       IQ5QE/5       599 0058 EU   
QSO: 03521 CW 2016-12-17 2003 9A5D          599 0188       DL1CW         599 0005 EU   
QSO: 07033 CW 2016-12-17 2007 9A5D          599 0196       VE3JAQ        599 0009 NA   
QSO: 07019 CW 2016-12-17 2009 9A5D          599 0197       K9NW          599 0005 NA   
QSO: 07019 CW 2016-12-17 2009 9A5D          599 0198       OK1FGD        599 0104 EU   
QSO: 07019 CW 2016-12-17 2010 9A5D          599 0199       R7MM          599 0229 EU   
QSO: 07019 CW 2016-12-17 2011 9A5D          599 0200       DH2URF        599 0032 EU   
QSO: 07019 CW 2016-12-17 2011 9A5D          599 0201       R3OM          599 0218 EU   
QSO: 07019 CW 2016-12-17 2011 9A5D          599 0202       RM3TO         599 0032 EU   
QSO: 14033 CW 2016-12-17 2015 9A5D          599 0122       I2VXJ         599 0006 EU   
QSO: 07019 CW 2016-12-17 2016 9A5D          599 0203       R9AX          599 0050 EU   
QSO: 07019 CW 2016-12-17 2017 9A5D          599 0204       SQ9FQY        599 0027 EU   
QSO: 07019 CW 2016-12-17 2019 9A5D          599 0205       4Z5TK         599 0088 AS   
QSO: 07019 CW 2016-12-17 2020 9A5D          599 0206       HB9ALM        599 0004 EU   
QSO: 07019 CW 2016-12-17 2021 9A5D          599 0207       OO9O          599 0131 EU   
QSO: 07019 CW 2016-12-17 2021 9A5D          599 0208       UY7LM         599 0104 EU   
QSO: 07019 CW 2016-12-17 2022 9A5D          599 0209       US7IY         599 0068 EU   
QSO: 07019 CW 2016-12-17 2022 9A5D          599 0210       EA8KC         599 0014 AF   
QSO: 07019 CW 2016-12-17 2023 9A5D          599 0211       K2NV          599 0133 NA   
QSO: 07019 CW 2016-12-17 2023 9A5D          599 0212       RW3XN         599 0033 EU   
QSO: 07019 CW 2016-12-17 2024 9A5D          599 0213       DF8TY         599 0010 EU   
QSO: 07019 CW 2016-12-17 2024 9A5D          599 0214       US5XD         599 0096 EU   
QSO: 07019 CW 2016-12-17 2025 9A5D          599 0215       DL4DQA        599 0002 EU   
QSO: 07019 CW 2016-12-17 2026 9A5D          599 0216       RQ4D          599 0111 EU   
QSO: 07019 CW 2016-12-17 2026 9A5D          599 0217       VE3YAA        599 0009 NA   
QSO: 07019 CW 2016-12-17 2027 9A5D          599 0218       RA3NC         599 0054 EU   
QSO: 07019 CW 2016-12-17 2029 9A5D          599 0219       HG7T          599 0269 EU   
QSO: 07019 CW 2016-12-17 2029 9A5D          599 0220       R3AQ          599 0066 EU   
QSO: 07013 CW 2016-12-17 2031 9A5D          599 0221       UR7R          599 0040 EU   
QSO: 07019 CW 2016-12-17 2032 9A5D          599 0222       VK7BO         599 0016 OC   
QSO: 03523 CW 2016-12-17 2033 9A5D          599 0189       LA7GIA        599 0064 EU   
QSO: 07019 CW 2016-12-17 2033 9A5D          599 0223       DM7CW         599 0023 EU   
QSO: 07019 CW 2016-12-17 2033 9A5D          599 0224       UT7MR         599 0058 EU   
QSO: 07019 CW 2016-12-17 2035 9A5D          599 0225       NR3AQ         599 0068 NA   
QSO: 07019 CW 2016-12-17 2036 9A5D          599 0226       N3GD          599 0016 NA   
QSO: 07019 CW 2016-12-17 2038 9A5D          599 0227       E77EA         599 0138 EU   
QSO: 07019 CW 2016-12-17 2040 9A5D          599 0228       UA9CDC        599 0153 AS   
QSO: 07019 CW 2016-12-17 2041 9A5D          599 0229       JA2KKA        599 0021 AS   
QSO: 07019 CW 2016-12-17 2042 9A5D          599 0230       SP8FHK        599 0011 EU   
QSO: 07019 CW 2016-12-17 2043 9A5D          599 0231       HA8TP         599 0197 EU   
QSO: 07019 CW 2016-12-17 2044 9A5D          599 0232       IV3SKB        599 0365 EU   
QSO: 07019 CW 2016-12-17 2045 9A5D          599 0233       OK2MBP        599 0246 EU   
QSO: 07019 CW 2016-12-17 2045 9A5D          599 0234       RA9MX         599 0044 AS   
QSO: 07019 CW 2016-12-17 2046 9A5D          599 0235       EA5IIK        599 0086 EU   
QSO: 07019 CW 2016-12-17 2046 9A5D          599 0236       K1ZZ          599 0327 NA   
QSO: 03514 CW 2016-12-17 2047 9A5D          599 0190       HB/9A2ZR      599 0098 EU   
QSO: 07019 CW 2016-12-17 2047 9A5D          599 0237       K1AR          599 0074 NA   
QSO: 03509 CW 2016-12-17 2051 9A5D          599 0191       4Z5TK         599 0123 AS   
QSO: 07019 CW 2016-12-17 2051 9A5D          599 0238       OK1BA         599 0051 EU   
QSO: 07019 CW 2016-12-17 2051 9A5D          599 0239       UT4XU         599 0085 EU   
QSO: 07019 CW 2016-12-17 2052 9A5D          599 0240       SP9LJD        599 0086 EU   
QSO: 07019 CW 2016-12-17 2052 9A5D          599 0241       G3ORY         599 0211 EU   
QSO: 03525 CW 2016-12-17 2057 9A5D          599 0192       YU0TESLA      599 0125 EU   
QSO: 03525 CW 2016-12-17 2058 9A5D          599 0193       R9JZT         599 0030 EU   
QSO: 03525 CW 2016-12-17 2100 9A5D          599 0194       OK6OK         599 0070 EU   
QSO: 03525 CW 2016-12-17 2103 9A5D          599 0195       N4AF          599 0108 NA   
QSO: 03525 CW 2016-12-17 2103 9A5D          599 0196       DL1JDT        599 0282 EU   
QSO: 03525 CW 2016-12-17 2103 9A5D          599 0197       OM5WW         599 0206 EU   
QSO: 03525 CW 2016-12-17 2104 9A5D          599 0198       DJ50MUC       599 0065 EU   
QSO: 03525 CW 2016-12-17 2105 9A5D          599 0199       SP2MKI        599 0152 EU   
QSO: 03525 CW 2016-12-17 2107 9A5D          599 0200       9A2BD         599 0107 EU   
QSO: 03525 CW 2016-12-17 2107 9A5D          599 0201       9A3ZA         599 0211 EU   
QSO: 03525 CW 2016-12-17 2107 9A5D          599 0202       DK4WO         599 0011 EU   
QSO: 03525 CW 2016-12-17 2108 9A5D          599 0203       N2MM          599 0011 NA   
QSO: 03525 CW 2016-12-17 2109 9A5D          599 0204       RA3Y          599 0035 EU   
QSO: 03525 CW 2016-12-17 2113 9A5D          599 0205       UT3UCP        599 0151 EU   
QSO: 03511 CW 2016-12-17 2116 9A5D          599 0206       E70ALM        599 0038 EU   
QSO: 03513 CW 2016-12-17 2117 9A5D          599 0207       HA3MY         599 0216 EU   
QSO: 03515 CW 2016-12-17 2117 9A5D          599 0208       DK5KK         599 0059 EU   
QSO: 03515 CW 2016-12-17 2118 9A5D          599 0209       9A7V          599 0739 EU   
QSO: 03527 CW 2016-12-17 2119 9A5D          599 0210       E74X          599 0171 EU   
QSO: 03526 CW 2016-12-17 2131 9A5D          599 0211       YT0I          599 0017 EU   
QSO: 03526 CW 2016-12-17 2131 9A5D          599 0212       S55OO         599 0151 EU   
QSO: 03526 CW 2016-12-17 2133 9A5D          599 0213       PA3DBS        599 0090 EU   
QSO: 07020 CW 2016-12-17 2137 9A5D          599 0242       K2SX          599 0260 NA   
QSO: 07020 CW 2016-12-17 2138 9A5D          599 0243       RW3AI         599 0049 EU   
QSO: 07020 CW 2016-12-17 2138 9A5D          599 0244       OM8VL         599 0118 EU   
QSO: 07020 CW 2016-12-17 2139 9A5D          599 0245       UR5LAM        599 0020 EU   
QSO: 07020 CW 2016-12-17 2139 9A5D          599 0246       RO9O          599 0003 AS   
QSO: 07020 CW 2016-12-17 2139 9A5D          599 0247       UA3T          599 0042 EU   
QSO: 07020 CW 2016-12-17 2142 9A5D          599 0248       RU3DU         599 0075 EU   
QSO: 07020 CW 2016-12-17 2143 9A5D          599 0249       OE36KC        599 0102 EU   
QSO: 07020 CW 2016-12-17 2144 9A5D          599 0250       DL4ME         599 0205 EU   
QSO: 07020 CW 2016-12-17 2144 9A5D          599 0251       DK4FP         599 0003 EU   
QSO: 07020 CW 2016-12-17 2145 9A5D          599 0252       RK3T          599 0121 EU   
QSO: 07020 CW 2016-12-17 2145 9A5D          599 0253       HB9DAX        599 0059 EU   
QSO: 07020 CW 2016-12-17 2146 9A5D          599 0254       SM6EWB        599 0100 EU   
QSO: 07020 CW 2016-12-17 2146 9A5D          599 0255       YT6M          599 0257 EU   
QSO: 07020 CW 2016-12-17 2149 9A5D          599 0256       KZ5D          599 0337 NA   
QSO: 07020 CW 2016-12-17 2149 9A5D          599 0257       DL9NEI        599 0002 EU   
QSO: 07020 CW 2016-12-17 2150 9A5D          599 0258       DJ8EW         599 0175 EU   
QSO: 07020 CW 2016-12-17 2151 9A5D          599 0259       VK6AJ         599 0102 OC   
QSO: 07020 CW 2016-12-17 2152 9A5D          599 0260       OH2MGA        599 0055 EU   
QSO: 07020 CW 2016-12-17 2154 9A5D          599 0261       RA6FUZ        599 0072 EU   
QSO: 07020 CW 2016-12-17 2154 9A5D          599 0262       OM4J          599 0220 EU   
QSO: 07020 CW 2016-12-17 2155 9A5D          599 0263       UX7IA         599 0224 EU   
QSO: 07020 CW 2016-12-17 2156 9A5D          599 0264       JE1RRK        599 0004 AS   
QSO: 07020 CW 2016-12-17 2156 9A5D          599 0265       JA1RPK        599 0006 AS   
QSO: 07020 CW 2016-12-17 2157 9A5D          599 0266       DJ0BE         599 0002 EU   
QSO: 07020 CW 2016-12-17 2157 9A5D          599 0267       PY4ARS        599 0011 SA   
QSO: 07020 CW 2016-12-17 2159 9A5D          599 0268       JH0ELL        599 0002 AS   
QSO: 07020 CW 2016-12-17 2159 9A5D          599 0269       S51MF         599 0120 EU   
QSO: 07020 CW 2016-12-17 2200 9A5D          599 0270       N2MEE         599 0003 NA   
QSO: 07020 CW 2016-12-17 2201 9A5D          599 0271       YT5R          599 0063 EU   
QSO: 07020 CW 2016-12-17 2202 9A5D          599 0272       KE1F          599 0049 NA   
QSO: 07020 CW 2016-12-17 2204 9A5D          599 0273       AE1T          599 0165 NA   
QSO: 07020 CW 2016-12-17 2205 9A5D          599 0274       LY4R          599 0045 EU   
QSO: 07020 CW 2016-12-17 2206 9A5D          599 0275       OE3MWS        599 0029 EU   
QSO: 07020 CW 2016-12-17 2207 9A5D          599 0276       OM3GI         599 0195 EU   
QSO: 07020 CW 2016-12-17 2207 9A5D          599 0277       AC4CA         599 0162 NA   
QSO: 07020 CW 2016-12-17 2208 9A5D          599 0278       OM7LW         599 0273 EU   
QSO: 07020 CW 2016-12-17 2208 9A5D          599 0279       UA4FDL        599 0007 EU   
QSO: 07020 CW 2016-12-17 2209 9A5D          599 0280       E79EA         599 0214 EU   
QSO: 07020 CW 2016-12-17 2210 9A5D          599 0281       HA1AS         599 0022 EU   
QSO: 07020 CW 2016-12-17 2211 9A5D          599 0282       RW4WA         599 0071 EU   
QSO: 07020 CW 2016-12-17 2211 9A5D          599 0283       SF3A          599 0140 EU   
QSO: 07020 CW 2016-12-17 2211 9A5D          599 0284       EA7AAW        599 0015 EU   
QSO: 07020 CW 2016-12-17 2213 9A5D          599 0285       M0UK          599 0030 EU   
QSO: 07020 CW 2016-12-17 2214 9A5D          599 0286       9A2BD         599 0142 EU   
QSO: 07020 CW 2016-12-17 2215 9A5D          599 0287       W5NE          599 0162 NA   
QSO: 07020 CW 2016-12-17 2216 9A5D          599 0288       AB4KJ         599 0017 NA   
QSO: 07020 CW 2016-12-17 2217 9A5D          599 0289       OM5KP         599 0003 EU   
QSO: 07020 CW 2016-12-17 2218 9A5D          599 0290       E74R          599 0072 EU   
QSO: 07020 CW 2016-12-17 2219 9A5D          599 0291       HA6NL         599 0267 EU   
QSO: 07020 CW 2016-12-17 2223 9A5D          599 0292       LZ5EE         599 0266 EU   
QSO: 07020 CW 2016-12-17 2223 9A5D          599 0293       US7IID        599 0191 EU   
QSO: 07020 CW 2016-12-17 2224 9A5D          599 0294       DL1KAS        599 0014 EU   
QSO: 07020 CW 2016-12-17 2226 9A5D          599 0295       S55OO         599 0188 EU   
QSO: 07020 CW 2016-12-17 2226 9A5D          599 0296       R6CW          599 0017 EU   
QSO: 07020 CW 2016-12-17 2228 9A5D          599 0297       KN4Y          599 0007 NA   
QSO: 07020 CW 2016-12-17 2228 9A5D          599 0298       US8ICM        599 0299 EU   
QSO: 07020 CW 2016-12-17 2229 9A5D          599 0299       SD6M          599 0159 EU   
QSO: 07020 CW 2016-12-17 2229 9A5D          599 0300       DM2RN         599 0031 EU   
QSO: 07020 CW 2016-12-17 2230 9A5D          599 0301       G3Y           599 0057 EU   
QSO: 07020 CW 2016-12-17 2230 9A5D          599 0302       S59AA         599 0103 EU   
QSO: 07014 CW 2016-12-17 2233 9A5D          599 0303       9A7V          599 0832 EU   
QSO: 07015 CW 2016-12-17 2233 9A5D          599 0304       HA2OS         599 0032 EU   
QSO: 07020 CW 2016-12-17 2235 9A5D          599 0305       AC2VJ         599 0033 NA   
QSO: 07020 CW 2016-12-17 2237 9A5D          599 0306       UT9EZ         599 0044 EU   
QSO: 07020 CW 2016-12-17 2237 9A5D          599 0307       OK6OK         599 0095 EU   
QSO: 07020 CW 2016-12-17 2238 9A5D          599 0308       HA3OU         599 0208 EU   
QSO: 07020 CW 2016-12-17 2239 9A5D          599 0309       VA3DN         599 0009 NA   
QSO: 07020 CW 2016-12-17 2239 9A5D          599 0310       SP5Y          599 0115 EU   
QSO: 07020 CW 2016-12-17 2241 9A5D          599 0311       WE3M          599 0014 NA   
QSO: 07020 CW 2016-12-17 2242 9A5D          599 0312       PA4O          599 0208 EU   
QSO: 07020 CW 2016-12-17 2243 9A5D          599 0313       RX9CM         599 0119 AS   
QSO: 07020 CW 2016-12-17 2243 9A5D          599 0314       IZ8FWN        599 0256 EU   
QSO: 07020 CW 2016-12-17 2244 9A5D          599 0315       OE3KAB        599 0135 EU   
QSO: 07020 CW 2016-12-17 2245 9A5D          599 0316       UX3UV         599 0136 EU   
QSO: 07011 CW 2016-12-17 2256 9A5D          599 0317       EA1AOQ        599 0012 EU   
QSO: 07011 CW 2016-12-17 2256 9A5D          599 0318       W5GN          599 0043 NA   
QSO: 07011 CW 2016-12-17 2257 9A5D          599 0319       AA7MH         599 0907 NA   
QSO: 07011 CW 2016-12-17 2258 9A5D          599 0320       DL2DRU        599 0026 EU   
QSO: 07011 CW 2016-12-17 2300 9A5D          599 0321       LZ7H          599 0055 EU   
QSO: 07011 CW 2016-12-17 2302 9A5D          599 0322       Z32ZM         599 0163 EU   
QSO: 07011 CW 2016-12-17 2306 9A5D          599 0323       KX2S          599 0003 NA   
QSO: 07011 CW 2016-12-17 2307 9A5D          599 0324       M0BKB         599 0035 EU   
QSO: 07011 CW 2016-12-17 2308 9A5D          599 0325       LA2HFA        599 0082 EU   
QSO: 07011 CW 2016-12-17 2309 9A5D          599 0326       F6DVH         599 0030 EU   
QSO: 07011 CW 2016-12-17 2312 9A5D          599 0327       RZ3Z          599 0096 EU   
QSO: 07011 CW 2016-12-17 2312 9A5D          599 0328       UW6M          599 0150 EU   
QSO: 07011 CW 2016-12-17 2313 9A5D          599 0329       I2CZQ         599 0036 EU   
QSO: 03516 CW 2016-12-17 2317 9A5D          599 0214       Z35M/QRP      599 0049 EU   
QSO: 03516 CW 2016-12-17 2317 9A5D          599 0215       DF1DN         599 0188 EU   
QSO: 03516 CW 2016-12-17 2319 9A5D          599 0216       RZ1OK         599 0113 EU   
QSO: 03516 CW 2016-12-17 2319 9A5D          599 0217       RA4PQ         599 0117 EU   
QSO: 03516 CW 2016-12-17 2320 9A5D          599 0218       K1ZZ          599 0446 NA   
QSO: 03516 CW 2016-12-17 2321 9A5D          599 0219       SN4EE         599 0161 EU   
QSO: 03516 CW 2016-12-17 2322 9A5D          599 0220       LZ3YV         599 0145 EU   
QSO: 03516 CW 2016-12-17 2323 9A5D          599 0221       US7IID        599 0217 EU   
QSO: 03516 CW 2016-12-17 2324 9A5D          599 0222       IT9CKA        599 0058 EU   
QSO: 03516 CW 2016-12-17 2325 9A5D          599 0223       LZ7H          599 0086 EU   
QSO: 03516 CW 2016-12-17 2328 9A5D          599 0224       RT5Q          599 0020 EU   
QSO: 03516 CW 2016-12-17 2331 9A5D          599 0225       9A3MR         599 0555 EU   
QSO: 03518 CW 2016-12-17 2332 9A5D          599 0226       S59AA         599 0138 EU   
QSO: 03531 CW 2016-12-17 2332 9A5D          599 0227       9A2VJ         599 0213 EU   
QSO: 03530 CW 2016-12-17 2333 9A5D          599 0228       US8ICM        599 0328 EU   
QSO: 03523 CW 2016-12-17 2334 9A5D          599 0229       LZ1GE         599 0035 EU   
QSO: 03516 CW 2016-12-17 2339 9A5D          599 0230       R9AX          599 0079 EU   
QSO: 03516 CW 2016-12-17 2341 9A5D          599 0231       RO9O          599 0059 AS   
QSO: 03516 CW 2016-12-17 2342 9A5D          599 0232       PA2JWN        599 0001 EU   
QSO: 07015 CW 2016-12-17 2349 9A5D          599 0330       RT5Q          599 0290 EU   
QSO: 07015 CW 2016-12-17 2349 9A5D          599 0331       PA1LIO        599 0047 EU   
QSO: 07015 CW 2016-12-17 2350 9A5D          599 0332       DJ6GI         599 0009 EU   
QSO: 07015 CW 2016-12-17 2351 9A5D          599 0333       BG8NUD        599 0007 AS   
QSO: 07015 CW 2016-12-17 2351 9A5D          599 0334       KN8L          599 0029 NA   
QSO: 07015 CW 2016-12-17 2351 9A5D          599 0335       IZ2ZPH        599 0126 EU   
QSO: 07015 CW 2016-12-17 2353 9A5D          599 0336       YU1DX         599 0012 EU   
QSO: 07015 CW 2016-12-17 2357 9A5D          599 0337       N5AF          599 0040 NA   
QSO: 07015 CW 2016-12-17 2358 9A5D          599 0338       DA3T          599 0034 EU   
QSO: 07015 CW 2016-12-17 2358 9A5D          599 0339       SE6N          599 0021 EU   
QSO: 07015 CW 2016-12-18 0000 9A5D          599 0340       UX5UN         599 0008 EU   
QSO: 07015 CW 2016-12-18 0002 9A5D          599 0341       9A1AD         599 0008 EU   
QSO: 07015 CW 2016-12-18 0006 9A5D          599 0342       LZ3YV         599 0157 EU   
QSO: 07015 CW 2016-12-18 0007 9A5D          599 0343       F6EAZ         599 0025 EU   
QSO: 07015 CW 2016-12-18 0007 9A5D          599 0344       PB7Z          599 0006 EU   
QSO: 07015 CW 2016-12-18 0008 9A5D          599 0345       EA8RP         599 0005 AF   
QSO: 07015 CW 2016-12-18 0008 9A5D          599 0346       SM5CSS        599 0052 EU   
QSO: 07015 CW 2016-12-18 0009 9A5D          599 0347       DL6NWA        599 0003 EU   
QSO: 07015 CW 2016-12-18 0010 9A5D          599 0348       DL8UKW        599 0012 EU   
QSO: 07015 CW 2016-12-18 0012 9A5D          599 0349       NI0C          599 0009 NA   
QSO: 07015 CW 2016-12-18 0012 9A5D          599 0350       9A3MR         599 0580 EU   
QSO: 07015 CW 2016-12-18 0013 9A5D          599 0351       HB9CSA        599 0001 EU   
QSO: 07015 CW 2016-12-18 0013 9A5D          599 0352       LZ9W          599 0611 EU   
QSO: 07015 CW 2016-12-18 0014 9A5D          599 0353       IZ8VKW        599 0001 EU   
QSO: 07015 CW 2016-12-18 0016 9A5D          599 0354       EU8F          599 0104 EU   
QSO: 07015 CW 2016-12-18 0017 9A5D          599 0355       HA6NW         599 0406 EU   
QSO: 07016 CW 2016-12-18 0019 9A5D          599 0356       OH1TM         599 0016 EU   
QSO: 07017 CW 2016-12-18 0020 9A5D          599 0357       UN4PG         599 0116 AS   
QSO: 03516 CW 2016-12-18 0023 9A5D          599 0233       OM3GI         599 0228 EU   
QSO: 03531 CW 2016-12-18 0026 9A5D          599 0234       SP9JZT        599 0135 EU   
QSO: 03524 CW 2016-12-18 0028 9A5D          599 0235       RK9Q          599 0203 AS   
QSO: 03516 CW 2016-12-18 0031 9A5D          599 0236       IZ2GRG        599 0135 EU   
QSO: 03516 CW 2016-12-18 0032 9A5D          599 0237       PB7Z          599 0020 EU   
QSO: 03516 CW 2016-12-18 0032 9A5D          599 0238       S52AU         599 0087 EU   
QSO: 07015 CW 2016-12-18 0036 9A5D          599 0358       KC5PL         599 0003 NA   
QSO: 07015 CW 2016-12-18 0037 9A5D          599 0359       K3DQB         599 0011 NA   
QSO: 07015 CW 2016-12-18 0039 9A5D          599 0360       DF5BX         599 0027 EU   
QSO: 07015 CW 2016-12-18 0040 9A5D          599 0361       WZ9B          599 0001 NA   
QSO: 07015 CW 2016-12-18 0041 9A5D          599 0362       DL0GMH        599 0028 EU   
QSO: 07015 CW 2016-12-18 0041 9A5D          599 0363       HA1SN         599 0032 EU   
QSO: 07015 CW 2016-12-18 0044 9A5D          599 0364       RK9Q          599 0210 AS   
QSO: 07015 CW 2016-12-18 0044 9A5D          599 0365       OK7PN         599 0031 EU   
QSO: 07015 CW 2016-12-18 0047 9A5D          599 0366       K1DFT         599 0002 NA   
QSO: 07015 CW 2016-12-18 0047 9A5D          599 0367       K0ZR          599 0019 NA   
QSO: 07015 CW 2016-12-18 0048 9A5D          599 0368       9A1E          599 0358 EU   
QSO: 07021 CW 2016-12-18 0050 9A5D          599 0369       DK5KK         599 0116 EU   
QSO: 07019 CW 2016-12-18 0051 9A5D          599 0370       9A9R          599 0506 EU   
QSO: 07015 CW 2016-12-18 0058 9A5D          599 0371       DL5ARM        599 0005 EU   
QSO: 07015 CW 2016-12-18 0102 9A5D          599 0372       N7WY          599 0004 NA   
QSO: 07026 CW 2016-12-18 0105 9A5D          599 0373       IV3UHL        599 0072 EU   
QSO: 07015 CW 2016-12-18 0109 9A5D          599 0374       W4JKC         599 0003 NA   
QSO: 07015 CW 2016-12-18 0111 9A5D          599 0375       K8LSB         599 0002 NA   
QSO: 07015 CW 2016-12-18 0112 9A5D          599 0376       LY5Q          599 0001 EU   
QSO: 03523 CW 2016-12-18 0114 9A5D          599 0239       RT2F          599 0040 EU   
QSO: 03516 CW 2016-12-18 0115 9A5D          599 0240       IZ8JFL/1      599 0177 EU   
QSO: 03516 CW 2016-12-18 0117 9A5D          599 0241       RA9MX         599 0016 AS   
QSO: 03516 CW 2016-12-18 0118 9A5D          599 0242       UW6M          599 0177 EU   
QSO: 03512 CW 2016-12-18 0119 9A5D          599 0243       OK2EC         599 0208 EU   
QSO: 03545 CW 2016-12-18 0120 9A5D          599 0244       SV2DSJ        599 0202 EU   
QSO: 03516 CW 2016-12-18 0120 9A5D          599 0245       UR5WFP        599 0041 EU   
QSO: 03516 CW 2016-12-18 0124 9A5D          599 0246       EA4IE         599 0039 EU   
QSO: 03516 CW 2016-12-18 0124 9A5D          599 0247       RT8O          599 0003 AS   
QSO: 03516 CW 2016-12-18 0125 9A5D          599 0248       DO8WA         599 0035 EU   
QSO: 03516 CW 2016-12-18 0125 9A5D          599 0249       LY1DZ         599 0292 EU   
QSO: 03516 CW 2016-12-18 0134 9A5D          599 0250       UN9L          599 0354 AS   
QSO: 07015 CW 2016-12-18 0137 9A5D          599 0377       RN9U          599 0018 AS   
QSO: 07015 CW 2016-12-18 0138 9A5D          599 0378       YO8WW         599 0011 EU   
QSO: 07015 CW 2016-12-18 0143 9A5D          599 0379       RT4W          599 0049 EU   
QSO: 07015 CW 2016-12-18 0145 9A5D          599 0380       UN7FW         599 0037 AS   
QSO: 07015 CW 2016-12-18 0147 9A5D          599 0381       DL3OAU        599 0009 EU   
QSO: 07020 CW 2016-12-18 0149 9A5D          599 0382       9A3XV         599 0444 EU   
QSO: 07015 CW 2016-12-18 0152 9A5D          599 0383       RT8O          599 0018 AS   
QSO: 07015 CW 2016-12-18 0153 9A5D          599 0384       PA2Z          599 0008 EU   
QSO: 07015 CW 2016-12-18 0153 9A5D          599 0385       UR5WFP        599 0050 EU   
QSO: 07015 CW 2016-12-18 0156 9A5D          599 0386       PJ2/SM4KCN    599 0026 SA   
QSO: 07015 CW 2016-12-18 0157 9A5D          599 0387       OK2EC         599 0218 EU   
QSO: 07015 CW 2016-12-18 0158 9A5D          599 0388       YO2LEA        599 0035 EU   
QSO: 07012 CW 2016-12-18 0200 9A5D          599 0389       RA4AR         599 0073 EU   
QSO: 01826 CW 2016-12-18 0208 9A5D          599 0006       RV1CC         599 0001 EU   
QSO: 01826 CW 2016-12-18 0208 9A5D          599 0007       LZ9W          599 0687 EU   
QSO: 01826 CW 2016-12-18 0209 9A5D          599 0008       UT7E          599 0001 EU   
QSO: 01828 CW 2016-12-18 0216 9A5D          599 0009       9A7T          599 0531 EU   
QSO: 01836 CW 2016-12-18 0218 9A5D          599 0010       OK2MBP        599 0378 EU   
QSO: 01826 CW 2016-12-18 0220 9A5D          599 0011       YT6M          599 0266 EU   
QSO: 01826 CW 2016-12-18 0222 9A5D          599 0012       DL5KW         599 0002 EU   
QSO: 01826 CW 2016-12-18 0226 9A5D          599 0013       GM4Z          599 0003 EU   
QSO: 03522 CW 2016-12-18 0231 9A5D          599 0251       YL2KO         599 0029 EU   
QSO: 07020 CW 2016-12-18 0245 9A5D          599 0390       KA3CRC        599 0005 NA   
QSO: 07020 CW 2016-12-18 0246 9A5D          599 0391       K2YGM         599 0009 NA   
QSO: 07020 CW 2016-12-18 0246 9A5D          599 0392       KO1U          599 0027 NA   
QSO: 07020 CW 2016-12-18 0247 9A5D          599 0393       N9DFD         599 0003 NA   
QSO: 07020 CW 2016-12-18 0248 9A5D          599 0394       W3WW          599 0003 NA   
QSO: 07010 CW 2016-12-18 0253 9A5D          599 0395       YU7U          599 0204 EU   
QSO: 07014 CW 2016-12-18 0253 9A5D          599 0396       9A1AA         599 0581 EU   
QSO: 07012 CW 2016-12-18 0254 9A5D          599 0397       HA7A          599 0019 EU   
QSO: 07010 CW 2016-12-18 0255 9A5D          599 0398       HA8FM         599 0098 EU   
QSO: 07020 CW 2016-12-18 0255 9A5D          599 0399       OM8AA         599 0078 EU   
QSO: 07021 CW 2016-12-18 0256 9A5D          599 0400       9A7T          599 0544 EU   
QSO: 07020 CW 2016-12-18 0258 9A5D          599 0401       OM2AM         599 0183 EU   
QSO: 03516 CW 2016-12-18 0308 9A5D          599 0252       N2JJ          599 0001 NA   
QSO: 03516 CW 2016-12-18 0309 9A5D          599 0253       9A4T          599 0002 EU   
QSO: 03516 CW 2016-12-18 0312 9A5D          599 0254       RM9RZ         599 0005 AS   
QSO: 03516 CW 2016-12-18 0312 9A5D          599 0255       EU6AA         599 0026 EU   
QSO: 03516 CW 2016-12-18 0314 9A5D          599 0256       RX3AP         599 0003 EU   
QSO: 03521 CW 2016-12-18 0315 9A5D          599 0257       OM8AA         599 0093 EU   
QSO: 03516 CW 2016-12-18 0321 9A5D          599 0258       RX3VF         599 0056 EU   
QSO: 03516 CW 2016-12-18 0321 9A5D          599 0259       YO4TL         599 0046 EU   
QSO: 03513 CW 2016-12-18 0323 9A5D          599 0260       9K2HN         599 0002 AS   
QSO: 03516 CW 2016-12-18 0326 9A5D          599 0261       K9SH          599 0005 NA   
QSO: 03516 CW 2016-12-18 0327 9A5D          599 0262       R0QA          599 0032 EU   
QSO: 03516 CW 2016-12-18 0328 9A5D          599 0263       RN4SC         599 0111 EU   
QSO: 03516 CW 2016-12-18 0329 9A5D          599 0264       NT0C          599 0014 NA   
QSO: 07021 CW 2016-12-18 0334 9A5D          599 0402       W3ASW         599 0073 NA   
QSO: 07021 CW 2016-12-18 0335 9A5D          599 0403       SM5S          599 0028 EU   
QSO: 07021 CW 2016-12-18 0336 9A5D          599 0404       KO0Z          599 0007 NA   
QSO: 07021 CW 2016-12-18 0337 9A5D          599 0405       W9MAF         599 0011 NA   
QSO: 07021 CW 2016-12-18 0338 9A5D          599 0406       SP7P          599 0111 EU   
QSO: 07021 CW 2016-12-18 0339 9A5D          599 0407       RU3VE         599 0022 EU   
QSO: 07021 CW 2016-12-18 0340 9A5D          599 0408       W5ZZ          599 0007 NA   
QSO: 07021 CW 2016-12-18 0341 9A5D          599 0409       UR5ITU        599 0045 EU   
QSO: 07021 CW 2016-12-18 0342 9A5D          599 0410       K4FRT         599 0008 NA   
QSO: 07021 CW 2016-12-18 0345 9A5D          599 0411       RX3AP         599 0021 EU   
QSO: 07021 CW 2016-12-18 0346 9A5D          599 0412       DK5KF         599 0009 EU   
QSO: 07021 CW 2016-12-18 0351 9A5D          599 0413       K3TX          599 0011 NA   
QSO: 07015 CW 2016-12-18 0356 9A5D          599 0414       R0QA          599 0050 EU   
QSO: 07021 CW 2016-12-18 0358 9A5D          599 0415       W5AK          599 0007 NA   
QSO: 07021 CW 2016-12-18 0358 9A5D          599 0416       N3CZ          599 0014 NA   
QSO: 07021 CW 2016-12-18 0401 9A5D          599 0417       RV3ZN         599 0030 EU   
QSO: 07021 CW 2016-12-18 0408 9A5D          599 0418       KE8EAS        599 0009 NA   
QSO: 07021 CW 2016-12-18 0409 9A5D          599 0419       WR2G          599 0001 NA   
QSO: 07021 CW 2016-12-18 0410 9A5D          599 0420       UT5EOX        599 0022 EU   
QSO: 07021 CW 2016-12-18 0411 9A5D          599 0421       N5TJ          599 0010 NA   
QSO: 07021 CW 2016-12-18 0413 9A5D          599 0422       G5LP          599 0008 EU   
QSO: 07021 CW 2016-12-18 0414 9A5D          599 0423       OM3CPF        599 0286 EU   
QSO: 07021 CW 2016-12-18 0415 9A5D          599 0424       K2QBN         599 0057 NA   
QSO: 07021 CW 2016-12-18 0417 9A5D          599 0425       UA3QGT        599 0040 EU   
QSO: 07021 CW 2016-12-18 0417 9A5D          599 0426       WD0MR         599 0002 NA   
QSO: 07024 CW 2016-12-18 0420 9A5D          599 0427       OU2W          599 0169 EU   
QSO: 07021 CW 2016-12-18 0423 9A5D          599 0428       ZL4YL         599 0154 OC   
QSO: 07021 CW 2016-12-18 0424 9A5D          599 0429       RX3VF         599 0063 EU   
QSO: 07021 CW 2016-12-18 0425 9A5D          599 0430       RW9AV/9       599 0004 AS   
QSO: 07021 CW 2016-12-18 0426 9A5D          599 0431       LZ1VQ         599 0233 EU   
QSO: 07021 CW 2016-12-18 0427 9A5D          599 0432       W4ER          599 0012 NA   
QSO: 07021 CW 2016-12-18 0428 9A5D          599 0433       KE8EAS        599 0012 NA   
QSO: 07021 CW 2016-12-18 0429 9A5D          599 0434       W5ZZ          599 0010 NA   
QSO: 07021 CW 2016-12-18 0433 9A5D          599 0435       US4IPC        599 0104 EU   
QSO: 07020 CW 2016-12-18 0436 9A5D          599 0436       RM9RZ         599 0037 AS   
QSO: 07017 CW 2016-12-18 0436 9A5D          599 0437       DL2ZBO        599 0140 EU   
QSO: 07021 CW 2016-12-18 0441 9A5D          599 0438       W5TMT         599 0003 NA   
QSO: 07021 CW 2016-12-18 0442 9A5D          599 0439       ON6MG         599 0010 EU   
QSO: 07021 CW 2016-12-18 0450 9A5D          599 0440       DL4BBJ        599 0424 EU   
QSO: 07021 CW 2016-12-18 0452 9A5D          599 0441       UA4PN         599 0122 EU   
QSO: 07021 CW 2016-12-18 0456 9A5D          599 0442       AC2OC         599 0005 NA   
QSO: 07021 CW 2016-12-18 0500 9A5D          599 0443       W4OEP         599 0005 NA   
QSO: 07021 CW 2016-12-18 0504 9A5D          599 0444       UY5ZI         599 0120 EU   
QSO: 07021 CW 2016-12-18 0507 9A5D          599 0445       N0EZ          599 0038 NA   
QSO: 07021 CW 2016-12-18 0509 9A5D          599 0446       RN9RF         599 0053 AS   
QSO: 07021 CW 2016-12-18 0511 9A5D          599 0447       ZL3PAH        599 0004 OC   
QSO: 07021 CW 2016-12-18 0512 9A5D          599 0448       G4CIB         599 0006 EU   
QSO: 07021 CW 2016-12-18 0512 9A5D          599 0449       UT7E          599 0041 EU   
QSO: 07021 CW 2016-12-18 0514 9A5D          599 0450       RW4HFH        599 0031 EU   
QSO: 07021 CW 2016-12-18 0517 9A5D          599 0451       R2AHS         599 0013 EU   
QSO: 07021 CW 2016-12-18 0519 9A5D          599 0452       LZ7DX         599 0129 EU   
QSO: 07021 CW 2016-12-18 0525 9A5D          599 0453       K7MOA         599 0010 NA   
QSO: 07020 CW 2016-12-18 0527 9A5D          599 0454       RC9A          599 0199 AS   
QSO: 14010 CW 2016-12-18 0530 9A5D          599 0123       UN9GD         599 0050 AS   
QSO: 03517 CW 2016-12-18 0532 9A5D          599 0265       LA2HFA        599 0106 EU   
QSO: 03517 CW 2016-12-18 0532 9A5D          599 0266       K2EQ          599 0004 NA   
QSO: 03517 CW 2016-12-18 0533 9A5D          599 0267       K7WU          599 0006 NA   
QSO: 03511 CW 2016-12-18 0533 9A5D          599 0268       LZ5XQ         599 0205 EU   
QSO: 03517 CW 2016-12-18 0536 9A5D          599 0269       LY2BAA        599 0047 EU   
QSO: 03533 CW 2016-12-18 0536 9A5D          599 0270       9A1AA         599 0648 EU   
QSO: 03517 CW 2016-12-18 0537 9A5D          599 0271       DL1ARJ        599 0159 EU   
QSO: 03517 CW 2016-12-18 0538 9A5D          599 0272       HB9AYZ        599 0035 EU   
QSO: 03517 CW 2016-12-18 0540 9A5D          599 0273       F6JOE         599 0122 EU   
QSO: 14014 CW 2016-12-18 0543 9A5D          599 0124       UA9CDC        599 0095 AS   
QSO: 03525 CW 2016-12-18 0543 9A5D          599 0274       SP6GCU        599 0130 EU   
QSO: 03517 CW 2016-12-18 0548 9A5D          599 0275       9A8A          599 0009 EU   
QSO: 03517 CW 2016-12-18 0549 9A5D          599 0276       UR5WX         599 0222 EU   
QSO: 03517 CW 2016-12-18 0552 9A5D          599 0277       DL5YL         599 0064 EU   
QSO: 03517 CW 2016-12-18 0553 9A5D          599 0278       RK3T          599 0160 EU   
QSO: 03517 CW 2016-12-18 0554 9A5D          599 0279       IK0FUX        599 0085 EU   
QSO: 14017 CW 2016-12-18 0557 9A5D          599 0125       UT3MA         599 0057 EU   
QSO: 14017 CW 2016-12-18 0557 9A5D          599 0126       RA9UN         599 0068 AS   
QSO: 14017 CW 2016-12-18 0558 9A5D          599 0127       RA9AP         599 0027 AS   
QSO: 14017 CW 2016-12-18 0558 9A5D          599 0128       RW0AJ         599 0034 AS   
QSO: 14017 CW 2016-12-18 0558 9A5D          599 0129       RT5Q          599 0440 EU   
QSO: 14017 CW 2016-12-18 0559 9A5D          599 0130       RA9MX         599 0133 AS   
QSO: 14017 CW 2016-12-18 0559 9A5D          599 0131       RA0W          599 0037 AS   
QSO: 14017 CW 2016-12-18 0600 9A5D          599 0132       UA9CU         599 0017 AS   
QSO: 14017 CW 2016-12-18 0600 9A5D          599 0133       RM7M          599 0038 EU   
QSO: 14017 CW 2016-12-18 0601 9A5D          599 0134       R5DC          599 0565 EU   
QSO: 14017 CW 2016-12-18 0601 9A5D          599 0135       RL9I          599 004O AS   
QSO: 14017 CW 2016-12-18 0603 9A5D          599 0136       RL4A          599 0221 EU   
QSO: 14017 CW 2016-12-18 0603 9A5D          599 0137       UT7E          599 0066 EU   
QSO: 14017 CW 2016-12-18 0604 9A5D          599 0138       RC9A          599 0221 AS   
QSO: 14023 CW 2016-12-18 0605 9A5D          599 0139       RT9S          599 0022 AS   
QSO: 14017 CW 2016-12-18 0606 9A5D          599 0140       RX9CC         599 0001 AS   
QSO: 14017 CW 2016-12-18 0607 9A5D          599 0141       RX9FB         599 0025 EU   
QSO: 14017 CW 2016-12-18 0607 9A5D          599 0142       UX0HO         599 0028 EU   
QSO: 14017 CW 2016-12-18 0608 9A5D          599 0143       UR3GU         599 0747 EU   
QSO: 14017 CW 2016-12-18 0609 9A5D          599 0144       RM9RZ         599 0100 AS   
QSO: 14017 CW 2016-12-18 0609 9A5D          599 0145       RN4W          599 0078 EU   
QSO: 14017 CW 2016-12-18 0610 9A5D          599 0146       9A6A          599 0308 EU   
QSO: 14017 CW 2016-12-18 0610 9A5D          599 0147       RM4R          599 0038 EU   
QSO: 14017 CW 2016-12-18 0610 9A5D          599 0148       RX9CM         599 0151 AS   
QSO: 14017 CW 2016-12-18 0612 9A5D          599 0149       HL4RBR        599 0025 AS   
QSO: 14017 CW 2016-12-18 0613 9A5D          599 0150       LZ1VQ         599 0257 EU   
QSO: 14017 CW 2016-12-18 0614 9A5D          599 0151       UY5ZI         599 0144 EU   
QSO: 14017 CW 2016-12-18 0615 9A5D          599 0152       UT5EOX        599 0030 EU   
QSO: 14017 CW 2016-12-18 0615 9A5D          599 0153       UA4PAQ        599 0010 EU   
QSO: 14017 CW 2016-12-18 0616 9A5D          599 0154       UP2HL         599 0045 AS   
QSO: 14017 CW 2016-12-18 0617 9A5D          599 0155       RN9RF         599 0103 AS   
QSO: 14017 CW 2016-12-18 0617 9A5D          599 0156       UR4GU         599 0030 EU   
QSO: 14017 CW 2016-12-18 0619 9A5D          599 0157       R9XS          599 0022 EU   
QSO: 14017 CW 2016-12-18 0619 9A5D          599 0158       R7AT          599 0350 EU   
QSO: 07023 CW 2016-12-18 0619 9A5D          599 0455       CB3R          599 0041 SA   
QSO: 14017 CW 2016-12-18 0620 9A5D          599 0159       JH1OGC        599 0205 AS   
QSO: 14017 CW 2016-12-18 0621 9A5D          599 0160       RC9J          599 0081 AS   
QSO: 14017 CW 2016-12-18 0622 9A5D          599 0161       JK8PBO        599 0036 AS   
QSO: 14017 CW 2016-12-18 0623 9A5D          599 0162       RA0AY         599 0014 AS   
QSO: 14017 CW 2016-12-18 0624 9A5D          599 0163       RA4PQ         599 0155 EU   
QSO: 14017 CW 2016-12-18 0624 9A5D          599 0164       RA0AM         599 0011 AS   
QSO: 14017 CW 2016-12-18 0626 9A5D          599 0165       RO9O          599 0065 AS   
QSO: 14017 CW 2016-12-18 0626 9A5D          599 0166       RN4SC         599 0144 EU   
QSO: 14017 CW 2016-12-18 0627 9A5D          599 0167       RA0LL         599 0021 AS   
QSO: 14017 CW 2016-12-18 0629 9A5D          599 0168       R4WT          599 0017 EU   
QSO: 14017 CW 2016-12-18 0630 9A5D          599 0169       RN3F          599 0408 EU   
QSO: 14017 CW 2016-12-18 0630 9A5D          599 0170       UA3QAM        599 0009 EU   
QSO: 14017 CW 2016-12-18 0630 9A5D          599 0171       UA3T          599 0094 EU   
QSO: 14017 CW 2016-12-18 0632 9A5D          599 0172       JA9ZMQ        599 0002 AS   
QSO: 14017 CW 2016-12-18 0633 9A5D          599 0173       RU3XW         599 0113 EU   
QSO: 14017 CW 2016-12-18 0633 9A5D          599 0174       LY3B          599 0348 EU   
QSO: 21026 CW 2016-12-18 0634 9A5D          599 0004       UN7PGA        599 0003 AS   
QSO: 14017 CW 2016-12-18 0634 9A5D          599 0175       UA9NP         599 0085 AS   
QSO: 14017 CW 2016-12-18 0634 9A5D          599 0176       RV3ZN         599 0074 EU   
QSO: 14017 CW 2016-12-18 0635 9A5D          599 0177       R9AX          599 0133 EU   
QSO: 21019 CW 2016-12-18 0636 9A5D          599 0005       HS0ZLM        599 0021 AS   
QSO: 21024 CW 2016-12-18 0640 9A5D          599 0006       VR2CQ         599 0072 AS   
QSO: 14017 CW 2016-12-18 0644 9A5D          599 0178       R1QE          599 0113 EU   
QSO: 14017 CW 2016-12-18 0645 9A5D          599 0179       RZ1OK         599 0189 EU   
QSO: 14017 CW 2016-12-18 0646 9A5D          599 0180       UC5D          599 0210 EU   
QSO: 14017 CW 2016-12-18 0646 9A5D          599 0181       RT7N          599 0004 EU   
QSO: 14017 CW 2016-12-18 0646 9A5D          599 0182       UA6ARR        599 0001 EU   
QSO: 14017 CW 2016-12-18 0647 9A5D          599 0183       RU1OZ         599 0001 EU   
QSO: 14017 CW 2016-12-18 0648 9A5D          599 0184       WA7OWB        599 0007 NA   
QSO: 14017 CW 2016-12-18 0649 9A5D          599 0185       RW4WA         599 0185 EU   
QSO: 14017 CW 2016-12-18 0651 9A5D          599 0186       RV1OM         599 0005 EU   
QSO: 14017 CW 2016-12-18 0651 9A5D          599 0187       BI4SCC        599 0061 AS   
QSO: 14017 CW 2016-12-18 0652 9A5D          599 0188       UA4C          599 0015 EU   
QSO: 14017 CW 2016-12-18 0652 9A5D          599 0189       RU5TT         599 0013 EU   
QSO: 14017 CW 2016-12-18 0654 9A5D          599 0190       JA2GHP        599 0006 AS   
QSO: 14017 CW 2016-12-18 0654 9A5D          599 0191       JN1GTG        599 0007 AS   
QSO: 14017 CW 2016-12-18 0655 9A5D          599 0192       UW1M          599 0097 EU   
QSO: 14017 CW 2016-12-18 0656 9A5D          599 0193       RM7F          599 0161 EU   
QSO: 14017 CW 2016-12-18 0657 9A5D          599 0194       JI7GYU        599 0005 AS   
QSO: 14017 CW 2016-12-18 0657 9A5D          599 0195       UR7MZ         599 0440 EU   
QSO: 14017 CW 2016-12-18 0659 9A5D          599 0196       UN8PT         599 0016 AS   
QSO: 14017 CW 2016-12-18 0659 9A5D          599 0197       RA3NC         599 0076 EU   
QSO: 14017 CW 2016-12-18 0659 9A5D          599 0198       JF1GZZ        599 0004 AS   
QSO: 14017 CW 2016-12-18 0701 9A5D          599 0199       JA0BJY        599 0001 AS   
QSO: 14017 CW 2016-12-18 0703 9A5D          599 0200       JE8KGH        599 0029 AS   
QSO: 14017 CW 2016-12-18 0703 9A5D          599 0201       E74X          599 0326 EU   
QSO: 14017 CW 2016-12-18 0705 9A5D          599 0202       UG3G          599 0024 EU   
QSO: 14017 CW 2016-12-18 0706 9A5D          599 0203       EV6Z          599 0123 EU   
QSO: 14017 CW 2016-12-18 0706 9A5D          599 0204       R3VL          599 0077 EU   
QSO: 14017 CW 2016-12-18 0706 9A5D          599 0205       RU9YF         599 0004 AS   
QSO: 14017 CW 2016-12-18 0707 9A5D          599 0206       YT2AAA        599 0182 EU   
QSO: 14017 CW 2016-12-18 0707 9A5D          599 0207       EU6A          599 0014 EU   
QSO: 14017 CW 2016-12-18 0709 9A5D          599 0208       R3LC          599 0013 EU   
QSO: 14017 CW 2016-12-18 0710 9A5D          599 0209       SE4E          599 0145 EU   
QSO: 14017 CW 2016-12-18 0710 9A5D          599 0210       US4IPC        599 0152 EU   
QSO: 14017 CW 2016-12-18 0712 9A5D          599 0211       7K1LUE        599 0003 AS   
QSO: 14017 CW 2016-12-18 0713 9A5D          599 0212       R9QQ          599 0068 EU   
QSO: 14017 CW 2016-12-18 0714 9A5D          599 0213       UT3EK         599 0178 EU   
QSO: 14017 CW 2016-12-18 0714 9A5D          599 0214       UN7PGA        599 0016 AS   
QSO: 14017 CW 2016-12-18 0715 9A5D          599 0215       LY1DZ         599 0352 EU   
QSO: 14017 CW 2016-12-18 0715 9A5D          599 0216       RW4HL         599 0081 EU   
QSO: 14017 CW 2016-12-18 0715 9A5D          599 0217       R0AF          599 0001 EU   
QSO: 21010 CW 2016-12-18 0718 9A5D          599 0007       P3X           599 0097 AS   
QSO: 14017 CW 2016-12-18 0718 9A5D          599 0218       RM2T          599 0027 EU   
QSO: 14017 CW 2016-12-18 0718 9A5D          599 0219       EA5DNO        599 0086 EU   
QSO: 14017 CW 2016-12-18 0719 9A5D          599 0220       OK4RQ         599 0221 EU   
QSO: 21022 CW 2016-12-18 0720 9A5D          599 0008       9A5W          599 0067 EU   
QSO: 14017 CW 2016-12-18 0720 9A5D          599 0221       IV3SKB        599 0534 EU   
QSO: 14017 CW 2016-12-18 0720 9A5D          599 0222       R2AHS         599 0034 EU   
QSO: 14017 CW 2016-12-18 0721 9A5D          599 0223       RZ3Z          599 0120 EU   
QSO: 14017 CW 2016-12-18 0721 9A5D          599 0224       OM3CPF        599 0314 EU   
QSO: 14017 CW 2016-12-18 0722 9A5D          599 0225       UT3UCP        599 0237 EU   
QSO: 14017 CW 2016-12-18 0723 9A5D          599 0226       US7IID        599 0260 EU   
QSO: 14017 CW 2016-12-18 0723 9A5D          599 0227       JJ1QLT        599 0005 AS   
QSO: 14017 CW 2016-12-18 0723 9A5D          599 0228       YL5X          599 0276 EU   
QSO: 14017 CW 2016-12-18 0724 9A5D          599 0229       RW4HFH        599 0045 EU   
QSO: 14017 CW 2016-12-18 0725 9A5D          599 0230       SM7RYR        599 0013 EU   
QSO: 14017 CW 2016-12-18 0726 9A5D          599 0231       JA3JM         599 0022 AS   
QSO: 14017 CW 2016-12-18 0727 9A5D          599 0232       RU4SO         599 0113 EU   
QSO: 14017 CW 2016-12-18 0728 9A5D          599 0233       GM0NBM        599 0025 EU   
QSO: 21011 CW 2016-12-18 0729 9A5D          599 0009       UT4U          599 0626 EU   
QSO: 14017 CW 2016-12-18 0729 9A5D          599 0234       R3BB          599 0015 EU   
QSO: 14017 CW 2016-12-18 0729 9A5D          599 0235       EU6AA         599 0066 EU   
QSO: 14017 CW 2016-12-18 0732 9A5D          599 0236       JA7GUT        599 0010 AS   
QSO: 14017 CW 2016-12-18 0733 9A5D          599 0237       JE1LOI        599 0001 AS   
QSO: 07022 CW 2016-12-18 0733 9A5D          599 0456       IT9MUO        599 0071 EU   
QSO: 14017 CW 2016-12-18 0734 9A5D          599 0238       JE3ECD        599 0020 AS   
QSO: 14010 CW 2016-12-18 0735 9A5D          599 0239       UA9BA         599 0078 AS   
QSO: 14011 CW 2016-12-18 0737 9A5D          599 0240       RA7A          599 0077 EU   
QSO: 14013 CW 2016-12-18 0737 9A5D          599 0241       RN4HAB        599 0156 EU   
QSO: 14014 CW 2016-12-18 0738 9A5D          599 0242       UR5ITU        599 0090 EU   
QSO: 14018 CW 2016-12-18 0738 9A5D          599 0243       RK9Q          599 0295 AS   
QSO: 14017 CW 2016-12-18 0739 9A5D          599 0244       UA3QGT        599 0070 EU   
QSO: 14017 CW 2016-12-18 0740 9A5D          599 0245       UT9EZ         599 0066 EU   
QSO: 14017 CW 2016-12-18 0741 9A5D          599 0246       JA2KKA        599 0033 AS   
QSO: 14017 CW 2016-12-18 0743 9A5D          599 0247       UA0SBQ        599 0001 AS   
QSO: 14017 CW 2016-12-18 0743 9A5D          599 0248       JA1RPK        599 0026 AS   
QSO: 14017 CW 2016-12-18 0744 9A5D          599 0249       UA6AUA        599 0009 EU   
QSO: 14017 CW 2016-12-18 0746 9A5D          599 0250       US7IGN/A      599 0102 EU   
QSO: 14017 CW 2016-12-18 0747 9A5D          599 0251       UR5EFL        599 0007 EU   
QSO: 14017 CW 2016-12-18 0747 9A5D          599 0252       UR5FS         599 0197 EU   
QSO: 14017 CW 2016-12-18 0749 9A5D          599 0253       DL0VW         599 0145 EU   
QSO: 14017 CW 2016-12-18 0749 9A5D          599 0254       MW5R          599 0922 EU   
QSO: 14017 CW 2016-12-18 0751 9A5D          599 0255       PD0RXP        599 0001 EU   
QSO: 14017 CW 2016-12-18 0752 9A5D          599 0256       S57AY         599 0025 EU   
QSO: 14017 CW 2016-12-18 0753 9A5D          599 0257       RA9SO         599 0004 AS   
QSO: 14017 CW 2016-12-18 0753 9A5D          599 0258       JA7OYF        599 0005 AS   
QSO: 14017 CW 2016-12-18 0753 9A5D          599 0259       R3AQ          599 0142 EU   
QSO: 14017 CW 2016-12-18 0754 9A5D          599 0260       OK2ABU        599 0042 EU   
QSO: 14017 CW 2016-12-18 0754 9A5D          599 0261       UA1AJ         599 0008 EU   
QSO: 14017 CW 2016-12-18 0755 9A5D          599 0262       LA5MDA        599 0058 EU   
QSO: 14017 CW 2016-12-18 0757 9A5D          599 0263       R9CD          599 0142 EU   
QSO: 14017 CW 2016-12-18 0758 9A5D          599 0264       EU1FQ         599 0080 EU   
QSO: 14017 CW 2016-12-18 0759 9A5D          599 0265       RA3RLJ        599 0011 EU   
QSO: 14017 CW 2016-12-18 0800 9A5D          599 0266       UN9L          599 0425 AS   
QSO: 14017 CW 2016-12-18 0800 9A5D          599 0267       RM2D          599 0096 EU   
QSO: 14017 CW 2016-12-18 0800 9A5D          599 0268       UT7MR         599 0078 EU   
QSO: 14017 CW 2016-12-18 0800 9A5D          599 0269       YO4AAC        599 0057 EU   
QSO: 14017 CW 2016-12-18 0802 9A5D          599 0270       OM8FF         599 0291 EU   
QSO: 14017 CW 2016-12-18 0802 9A5D          599 0271       R0QA          599 0189 EU   
QSO: 14017 CW 2016-12-18 0803 9A5D          599 0272       UN7FW         599 0046 AS   
QSO: 14017 CW 2016-12-18 0804 9A5D          599 0273       OE3BKC        599 0149 EU   
QSO: 14017 CW 2016-12-18 0805 9A5D          599 0274       SM6EWB        599 0166 EU   
QSO: 14017 CW 2016-12-18 0805 9A5D          599 0275       DC9ZP         599 0012 EU   
QSO: 14017 CW 2016-12-18 0806 9A5D          599 0276       UX5VK         599 0029 EU   
QSO: 14017 CW 2016-12-18 0807 9A5D          599 0277       DG0KS         599 0025 EU   
QSO: 21019 CW 2016-12-18 0808 9A5D          599 0010       R9IF          599 0033 EU   
QSO: 14017 CW 2016-12-18 0808 9A5D          599 0278       RM3TO         599 0108 EU   
QSO: 14017 CW 2016-12-18 0808 9A5D          599 0279       CT7/F6HBR     599 0055 EU   
QSO: 21034 CW 2016-12-18 0809 9A5D          599 0011       HG5F          599 0526 EU   
QSO: 14017 CW 2016-12-18 0809 9A5D          599 0280       OK2SGY        599 0048 EU   
QSO: 21022 CW 2016-12-18 0810 9A5D          599 0012       R3OM          599 0390 EU   
QSO: 14017 CW 2016-12-18 0810 9A5D          599 0281       IK1XPK        599 0149 EU   
QSO: 14017 CW 2016-12-18 0811 9A5D          599 0282       S52WW         599 0031 EU   
QSO: 14017 CW 2016-12-18 0812 9A5D          599 0283       UT2IV         599 0007 EU   
QSO: 14017 CW 2016-12-18 0812 9A5D          599 0284       OK2MBP        599 0466 EU   
QSO: 14017 CW 2016-12-18 0812 9A5D          599 0285       UT2II         599 0052 EU   
QSO: 14017 CW 2016-12-18 0813 9A5D          599 0286       PA3CAU        599 0057 EU   
QSO: 14017 CW 2016-12-18 0813 9A5D          599 0287       OM3YAD        599 0018 EU   
QSO: 14017 CW 2016-12-18 0814 9A5D          599 0288       DL6KVA        599 0259 EU   
QSO: 14017 CW 2016-12-18 0815 9A5D          599 0289       DL9LM         599 0021 EU   
QSO: 14017 CW 2016-12-18 0816 9A5D          599 0290       UA9XO         599 0002 EU   
QSO: 21013 CW 2016-12-18 0817 9A5D          599 0013       LZ9W          599 0958 EU   
QSO: 14017 CW 2016-12-18 0817 9A5D          599 0291       SQ9FQY        599 0038 EU   
QSO: 14017 CW 2016-12-18 0818 9A5D          599 0292       UA1CEC        599 0075 EU   
QSO: 14017 CW 2016-12-18 0819 9A5D          599 0293       HA6NW         599 0470 EU   
QSO: 14010 CW 2016-12-18 0820 9A5D          599 0294       PA5TT         599 0042 EU   
QSO: 14010 CW 2016-12-18 0820 9A5D          599 0295       RA3DJA        599 0015 EU   
QSO: 14010 CW 2016-12-18 0821 9A5D          599 0296       R2ZA          599 0003 EU   
QSO: 14010 CW 2016-12-18 0822 9A5D          599 0297       PA2PCH        599 0148 EU   
QSO: 14010 CW 2016-12-18 0822 9A5D          599 0298       YO2MKI        599 0167 EU   
QSO: 14010 CW 2016-12-18 0823 9A5D          599 0299       Z35F          599 0080 EU   
QSO: 14010 CW 2016-12-18 0824 9A5D          599 0300       RU9AC         599 0007 AS   
QSO: 14010 CW 2016-12-18 0825 9A5D          599 0301       JF2IWL        599 0003 AS   
QSO: 14010 CW 2016-12-18 0825 9A5D          599 0302       SD1A          599 0206 EU   
QSO: 14010 CW 2016-12-18 0826 9A5D          599 0303       ON4DN         599 0168 EU   
QSO: 14010 CW 2016-12-18 0826 9A5D          599 0304       UT7HM         599 0049 EU   
QSO: 14010 CW 2016-12-18 0827 9A5D          599 0305       PA3DRL        599 0004 EU   
QSO: 14010 CW 2016-12-18 0827 9A5D          599 0306       DL1MDV        599 0003 EU   
QSO: 14010 CW 2016-12-18 0828 9A5D          599 0307       UA3DSN        599 0001 EU   
QSO: 14010 CW 2016-12-18 0829 9A5D          599 0308       SO7M          599 0143 EU   
QSO: 21022 CW 2016-12-18 0832 9A5D          599 0014       SV2DSJ        599 0230 EU   
QSO: 14010 CW 2016-12-18 0832 9A5D          599 0309       HA3HK         599 0002 EU   
QSO: 14010 CW 2016-12-18 0832 9A5D          599 0310       LY2CO         599 0374 EU   
QSO: 28012 CW 2016-12-18 0834 9A5D          599 0001       LY2NK         599 0007 EU   
QSO: 21022 CW 2016-12-18 0835 9A5D          599 0015       RU4SO         599 0176 EU   
QSO: 21022 CW 2016-12-18 0835 9A5D          599 0016       UR3GU         599 0895 EU   
QSO: 21022 CW 2016-12-18 0835 9A5D          599 0017       RL4A          599 0356 EU   
QSO: 21022 CW 2016-12-18 0835 9A5D          599 0018       US7IY         599 0202 EU   
QSO: 21022 CW 2016-12-18 0836 9A5D          599 0019       R7MM          599 0413 EU   
QSO: 21022 CW 2016-12-18 0836 9A5D          599 0020       RV9YK         599 0027 AS   
QSO: 21022 CW 2016-12-18 0836 9A5D          599 0021       UA4C          599 0096 EU   
QSO: 21022 CW 2016-12-18 0837 9A5D          599 0022       YC6MYO        599 0043 OC   
QSO: 21022 CW 2016-12-18 0837 9A5D          599 0023       RM6AA         599 0023 EU   
QSO: 21022 CW 2016-12-18 0838 9A5D          599 0024       R3AQ          599 0160 EU   
QSO: 21022 CW 2016-12-18 0839 9A5D          599 0025       RX9CM         599 0181 AS   
QSO: 21022 CW 2016-12-18 0839 9A5D          599 0026       US3EW         599 0203 EU   
QSO: 21022 CW 2016-12-18 0840 9A5D          599 0027       R9AX          599 0198 EU   
QSO: 21022 CW 2016-12-18 0840 9A5D          599 0028       RA9MX         599 0220 AS   
QSO: 21022 CW 2016-12-18 0840 9A5D          599 0029       RW4HL         599 0106 EU   
QSO: 21022 CW 2016-12-18 0841 9A5D          599 0030       UX7IA         599 0350 EU   
QSO: 21022 CW 2016-12-18 0841 9A5D          599 0031       9A5K          599 1050 EU   
QSO: 21022 CW 2016-12-18 0842 9A5D          599 0032       UR7MZ         599 0542 EU   
QSO: 21022 CW 2016-12-18 0842 9A5D          599 0033       RN3S          599 0261 EU   
QSO: 21022 CW 2016-12-18 0844 9A5D          599 0034       UT5EOX        599 0050 EU   
QSO: 21022 CW 2016-12-18 0844 9A5D          599 0035       UA6AUA        599 0043 EU   
QSO: 21022 CW 2016-12-18 0844 9A5D          599 0036       EA5DNO        599 0098 EU   
QSO: 21022 CW 2016-12-18 0845 9A5D          599 0037       RA9CCK        599 0018 AS   
QSO: 21022 CW 2016-12-18 0845 9A5D          599 0038       RU9YF         599 0012 AS   
QSO: 21022 CW 2016-12-18 0845 9A5D          599 0039       RM7F          599 0223 EU   
QSO: 14028 CW 2016-12-18 0845 9A5D          599 0311       IT9BLB        599 0065 EU   
QSO: 21022 CW 2016-12-18 0846 9A5D          599 0040       UA9CDC        599 0364 AS   
QSO: 21022 CW 2016-12-18 0846 9A5D          599 0041       IV3SKB        599 0625 EU   
QSO: 14032 CW 2016-12-18 0846 9A5D          599 0312       4X1KS         599 0090 AS   
QSO: 21022 CW 2016-12-18 0847 9A5D          599 0042       RW3YA         599 0012 EU   
QSO: 21022 CW 2016-12-18 0847 9A5D          599 0043       JH7RTQ        599 0018 AS   
QSO: 21022 CW 2016-12-18 0848 9A5D          599 0044       RA3XCZ        599 0163 EU   
QSO: 21022 CW 2016-12-18 0850 9A5D          599 0045       UW6M          599 0248 EU   
QSO: 21022 CW 2016-12-18 0850 9A5D          599 0046       R3VL          599 0108 EU   
QSO: 14049 CW 2016-12-18 0850 9A5D          599 0313       ES1BH         599 0053 EU   
QSO: 21023 CW 2016-12-18 0852 9A5D          599 0047       S53M          599 0043 EU   
QSO: 21030 CW 2016-12-18 0853 9A5D          599 0048       RN6MA         599 0032 EU   
QSO: 21022 CW 2016-12-18 0856 9A5D          599 0049       RN4HAB        599 0188 EU   
QSO: 21022 CW 2016-12-18 0859 9A5D          599 0050       RA3XEV        599 0005 EU   
QSO: 21022 CW 2016-12-18 0859 9A5D          599 0051       RN9RF         599 0184 AS   
QSO: 14038 CW 2016-12-18 0859 9A5D          599 0314       SV1QZT        599 0056 EU   
QSO: 21022 CW 2016-12-18 0900 9A5D          599 0052       S53EO         599 0527 EU   
QSO: 28019 CW 2016-12-18 0901 9A5D          599 0002       YC6MYO        599 0053 OC   
QSO: 21022 CW 2016-12-18 0901 9A5D          599 0053       EA2AZ         599 0187 EU   
QSO: 21022 CW 2016-12-18 0903 9A5D          599 0054       YO2MKI        599 0182 EU   
QSO: 21022 CW 2016-12-18 0903 9A5D          599 0055       RK9Q          599 0342 AS   
QSO: 21022 CW 2016-12-18 0904 9A5D          599 0056       UC5D          599 0289 EU   
QSO: 21022 CW 2016-12-18 0904 9A5D          599 0057       RN4SC         599 0207 EU   
QSO: 21022 CW 2016-12-18 0905 9A5D          599 0058       RW4WA         599 0252 EU   
QSO: 21022 CW 2016-12-18 0905 9A5D          599 0059       RA3NC         599 0140 EU   
QSO: 21022 CW 2016-12-18 0907 9A5D          599 0060       9A3MR         599 0854 EU   
QSO: 21022 CW 2016-12-18 0909 9A5D          599 0061       RW4HFH        599 0064 EU   
QSO: 21022 CW 2016-12-18 0910 9A5D          599 0062       CT1ELZ        599 0206 EU   
QSO: 21022 CW 2016-12-18 0911 9A5D          599 0063       R1QE          599 0165 EU   
QSO: 21022 CW 2016-12-18 0911 9A5D          599 0064       UA9NP         599 0130 AS   
QSO: 21022 CW 2016-12-18 0914 9A5D          599 0065       R9XS          599 0099 EU   
QSO: 21022 CW 2016-12-18 0915 9A5D          599 0066       OU4N          599 0206 EU   
QSO: 21022 CW 2016-12-18 0917 9A5D          599 0067       OM7LW         599 0429 EU   
QSO: 21022 CW 2016-12-18 0917 9A5D          599 0068       R9QQ          599 0109 EU   
QSO: 21022 CW 2016-12-18 0918 9A5D          599 0069       IW3FVZ        599 0112 EU   
QSO: 21022 CW 2016-12-18 0921 9A5D          599 0070       RC6U          599 0136 EU   
QSO: 21022 CW 2016-12-18 0922 9A5D          599 0071       RA4L          599 0023 EU   
QSO: 21022 CW 2016-12-18 0922 9A5D          599 0072       R3OR          599 0046 EU   
QSO: 21022 CW 2016-12-18 0923 9A5D          599 0073       UW1M          599 0212 EU   
QSO: 21022 CW 2016-12-18 0924 9A5D          599 0074       R3GD          599 0017 EU   
QSO: 21022 CW 2016-12-18 0927 9A5D          599 0075       RT8O          599 0125 AS   
QSO: 21022 CW 2016-12-18 0927 9A5D          599 0076       R7CT          599 0236 EU   
QSO: 21022 CW 2016-12-18 0929 9A5D          599 0077       IZ2GRG        599 0222 EU   
QSO: 21022 CW 2016-12-18 0929 9A5D          599 0078       RZ1OK         599 0288 EU   
QSO: 21022 CW 2016-12-18 0930 9A5D          599 0079       UR5ITU        599 0131 EU   
QSO: 21022 CW 2016-12-18 0930 9A5D          599 0080       9A7T          599 0808 EU   
QSO: 21022 CW 2016-12-18 0932 9A5D          599 0081       9M6XRO        599 0027 OC   
QSO: 21022 CW 2016-12-18 0933 9A5D          599 0082       S56A          599 0476 EU   
QSO: 21022 CW 2016-12-18 0934 9A5D          599 0083       YT5N          599 0171 EU   
QSO: 21022 CW 2016-12-18 0934 9A5D          599 0084       LZ3V          599 0082 EU   
QSO: 14008 CW 2016-12-18 0934 9A5D          599 0315       ZW8T          599 0153 SA   
QSO: 21022 CW 2016-12-18 0936 9A5D          599 0085       DL2MM         599 0063 EU   
QSO: 21022 CW 2016-12-18 0936 9A5D          599 0086       DL6AZ         599 0063 EU   
QSO: 21022 CW 2016-12-18 0937 9A5D          599 0087       RA0AY         599 0025 AS   
QSO: 21022 CW 2016-12-18 0938 9A5D          599 0088       R5DC          599 0732 EU   
QSO: 21022 CW 2016-12-18 0943 9A5D          599 0089       DM3HZN        599 0003 EU   
QSO: 21022 CW 2016-12-18 0944 9A5D          599 0090       RA4PQ         599 0346 EU   
QSO: 21022 CW 2016-12-18 0945 9A5D          599 0091       G5LP          599 0124 EU   
QSO: 21034 CW 2016-12-18 0946 9A5D          599 0092       F5IN          599 0249 EU   
QSO: 21022 CW 2016-12-18 0948 9A5D          599 0093       OK1KTI        599 0044 EU   
QSO: 21022 CW 2016-12-18 0949 9A5D          599 0094       DL4ME         599 0308 EU   
QSO: 21022 CW 2016-12-18 0950 9A5D          599 0095       OH3FM         599 0008 EU   
QSO: 21022 CW 2016-12-18 0952 9A5D          599 0096       LA2HFA        599 0197 EU   
QSO: 21022 CW 2016-12-18 0953 9A5D          599 0097       UA1AJ         599 0051 EU   
QSO: 21022 CW 2016-12-18 0954 9A5D          599 0098       RV3MR         599 0085 EU   
QSO: 21022 CW 2016-12-18 0954 9A5D          599 0099       SP1C          599 0440 EU   
QSO: 28020 CW 2016-12-18 0956 9A5D          599 0003       RM9RZ         599 0234 AS   
QSO: 21022 CW 2016-12-18 0956 9A5D          599 0100       SE4E          599 0257 EU   
QSO: 21022 CW 2016-12-18 0957 9A5D          599 0101       RM4R          599 0129 EU   
QSO: 21022 CW 2016-12-18 0957 9A5D          599 0102       2E0UDX        599 0027 EU   
QSO: 21022 CW 2016-12-18 0958 9A5D          599 0103       RM1T          599 0632 EU   
QSO: 21022 CW 2016-12-18 0958 9A5D          599 0104       G3NWG         599 0050 EU   
QSO: 21022 CW 2016-12-18 1001 9A5D          599 0105       RK1NA         599 0045 EU   
QSO: 21022 CW 2016-12-18 1002 9A5D          599 0106       SF3A          599 0251 EU   
QSO: 21022 CW 2016-12-18 1002 9A5D          599 0107       MI0SMK        599 0027 EU   
QSO: 21022 CW 2016-12-18 1003 9A5D          599 0108       UA4PN         599 0248 EU   
QSO: 21022 CW 2016-12-18 1003 9A5D          599 0109       RN4W          599 0261 EU   
QSO: 21022 CW 2016-12-18 1003 9A5D          599 0110       RW3AI         599 0073 EU   
QSO: 21022 CW 2016-12-18 1004 9A5D          599 0111       RO9O          599 0124 AS   
QSO: 21022 CW 2016-12-18 1005 9A5D          599 0112       OH1TS         599 0133 EU   
QSO: 21022 CW 2016-12-18 1006 9A5D          599 0113       OZ7EA         599 0119 EU   
QSO: 21022 CW 2016-12-18 1006 9A5D          599 0114       RN3F          599 0607 EU   
QSO: 21022 CW 2016-12-18 1008 9A5D          599 0115       G3JFS         599 0014 EU   
QSO: 21022 CW 2016-12-18 1010 9A5D          599 0116       SO7M          599 0162 EU   
QSO: 21018 CW 2016-12-18 1012 9A5D          599 0117       ON5JT         599 0364 EU   
QSO: 21037 CW 2016-12-18 1013 9A5D          599 0118       GM0ELP        599 0108 EU   
QSO: 14021 CW 2016-12-18 1015 9A5D          599 0316       Z39A          599 0001 EU   
QSO: 14021 CW 2016-12-18 1016 9A5D          599 0317       PA0WLB        599 0075 EU   
QSO: 14021 CW 2016-12-18 1016 9A5D          599 0318       UX2HB         599 0119 EU   
QSO: 14021 CW 2016-12-18 1017 9A5D          599 0319       DL1ROT        599 0217 EU   
QSO: 14021 CW 2016-12-18 1017 9A5D          599 0320       S57AW         599 0522 EU   
QSO: 14021 CW 2016-12-18 1019 9A5D          599 0321       US3EW         599 0287 EU   
QSO: 14021 CW 2016-12-18 1019 9A5D          599 0322       PA0GJV        599 0014 EU   
QSO: 14021 CW 2016-12-18 1020 9A5D          599 0323       DK5ZX         599 0051 EU   
QSO: 14021 CW 2016-12-18 1021 9A5D          599 0324       UT5UQV        599 0099 EU   
QSO: 14021 CW 2016-12-18 1022 9A5D          599 0325       F6EPQ         599 0026 EU   
QSO: 14021 CW 2016-12-18 1022 9A5D          599 0326       UT5IZ         599 0086 EU   
QSO: 14021 CW 2016-12-18 1022 9A5D          599 0327       DL3KVR        599 0117 EU   
QSO: 14021 CW 2016-12-18 1024 9A5D          599 0328       UD3D          599 0143 EU   
QSO: 14021 CW 2016-12-18 1024 9A5D          599 0329       EA8RP         599 0011 AF   
QSO: 14021 CW 2016-12-18 1025 9A5D          599 0330       RW3AI         599 0101 EU   
QSO: 14021 CW 2016-12-18 1028 9A5D          599 0331       RT8O          599 0193 AS   
QSO: 14021 CW 2016-12-18 1028 9A5D          599 0332       LY2KW         599 0017 EU   
QSO: 14021 CW 2016-12-18 1030 9A5D          599 0333       G4DBW         599 0003 EU   
QSO: 14021 CW 2016-12-18 1030 9A5D          599 0334       DJ8EW         599 0256 EU   
QSO: 14021 CW 2016-12-18 1031 9A5D          599 0335       DL8UD         599 0004 EU   
QSO: 14021 CW 2016-12-18 1032 9A5D          599 0336       SQ3MVC        599 0186 EU   
QSO: 14021 CW 2016-12-18 1033 9A5D          599 0337       DJ6GI         599 0091 EU   
QSO: 14021 CW 2016-12-18 1034 9A5D          599 0338       HA7MF         599 0008 EU   
QSO: 14021 CW 2016-12-18 1034 9A5D          599 0339       LA8OM         599 0140 EU   
QSO: 14021 CW 2016-12-18 1035 9A5D          599 0340       E70R          599 0280 EU   
QSO: 14021 CW 2016-12-18 1036 9A5D          599 0341       OZ5UR         599 0090 EU   
QSO: 14021 CW 2016-12-18 1036 9A5D          599 0342       PA0JNH        599 0044 EU   
QSO: 14021 CW 2016-12-18 1036 9A5D          599 0343       HB9CTU        599 0060 EU   
QSO: 14021 CW 2016-12-18 1037 9A5D          599 0344       SP3FSM        599 0028 EU   
QSO: 14021 CW 2016-12-18 1038 9A5D          599 0345       DK3AX         599 0037 EU   
QSO: 14021 CW 2016-12-18 1039 9A5D          599 0346       UR9MB         599 0039 EU   
QSO: 14021 CW 2016-12-18 1042 9A5D          599 0347       VR2CO         599 0101 AS   
QSO: 14021 CW 2016-12-18 1042 9A5D          599 0348       DL1NKS        599 0272 EU   
QSO: 14021 CW 2016-12-18 1043 9A5D          599 0349       9A5K          599 1186 EU   
QSO: 14021 CW 2016-12-18 1043 9A5D          599 0350       US8ICM        599 0558 EU   
QSO: 14021 CW 2016-12-18 1044 9A5D          599 0351       M0BKB         599 0049 EU   
QSO: 14021 CW 2016-12-18 1044 9A5D          599 0352       DL5JQ         599 0169 EU   
QSO: 14021 CW 2016-12-18 1045 9A5D          599 0353       OM8MF         599 0010 EU   
QSO: 14021 CW 2016-12-18 1045 9A5D          599 0354       F8DFP         599 0215 EU   
QSO: 14021 CW 2016-12-18 1046 9A5D          599 0355       SM4EMO        599 0008 EU   
QSO: 14021 CW 2016-12-18 1047 9A5D          599 0356       SP2MKI        599 0216 EU   
QSO: 14021 CW 2016-12-18 1047 9A5D          599 0357       YL5X          599 0438 EU   
QSO: 14021 CW 2016-12-18 1047 9A5D          599 0358       OK1JVS        599 0190 EU   
QSO: 21028 CW 2016-12-18 1048 9A5D          599 0119       MW5R          599 1100 EU   
QSO: 14021 CW 2016-12-18 1048 9A5D          599 0359       DL5YL         599 0110 EU   
QSO: 14021 CW 2016-12-18 1048 9A5D          599 0360       RV3MR         599 0105 EU   
QSO: 14021 CW 2016-12-18 1049 9A5D          599 0361       DL5JAB        599 0119 EU   
QSO: 14021 CW 2016-12-18 1049 9A5D          599 0362       PD0JHM        599 0002 EU   
QSO: 14021 CW 2016-12-18 1051 9A5D          599 0363       I1JTQ         599 0013 EU   
QSO: 14021 CW 2016-12-18 1052 9A5D          599 0364       DL1JDT        599 0339 EU   
QSO: 14021 CW 2016-12-18 1053 9A5D          599 0365       OU2I          599 0092 EU   
QSO: 14021 CW 2016-12-18 1053 9A5D          599 0366       SE6N          599 0079 EU   
QSO: 14021 CW 2016-12-18 1054 9A5D          599 0367       SM5CSS        599 0133 EU   
QSO: 14021 CW 2016-12-18 1055 9A5D          599 0368       SV2DSJ        599 0437 EU   
QSO: 14021 CW 2016-12-18 1056 9A5D          599 0369       SE5L          599 0192 EU   
QSO: 14021 CW 2016-12-18 1056 9A5D          599 0370       RX3AP         599 0051 EU   
QSO: 14021 CW 2016-12-18 1058 9A5D          599 0371       PA3GDD        599 0095 EU   
QSO: 14021 CW 2016-12-18 1058 9A5D          599 0372       VU2CVS        599 0058 AS   
QSO: 14021 CW 2016-12-18 1059 9A5D          599 0373       PG2AA         599 0008 EU   
QSO: 14021 CW 2016-12-18 1100 9A5D          599 0374       DL8AWK        599 0131 EU   
QSO: 14021 CW 2016-12-18 1101 9A5D          599 0375       SP1C          599 0469 EU   
QSO: 21015 CW 2016-12-18 1105 9A5D          599 0120       RA4HBS        599 0213 EU   
QSO: 21021 CW 2016-12-18 1106 9A5D          599 0121       UP0L          599 0965 AS   
QSO: 14036 CW 2016-12-18 1115 9A5D          599 0376       RT2F          599 0160 EU   
QSO: 21008 CW 2016-12-18 1118 9A5D          599 0122       ZW8T          599 0234 SA   
QSO: 14011 CW 2016-12-18 1118 9A5D          599 0377       PE2K          599 0010 EU   
QSO: 14011 CW 2016-12-18 1119 9A5D          599 0378       LY4BF         599 0057 EU   
QSO: 14011 CW 2016-12-18 1119 9A5D          599 0379       LY3CY         599 0051 EU   
QSO: 14011 CW 2016-12-18 1120 9A5D          599 0380       K1ZZ          599 0736 NA   
QSO: 14011 CW 2016-12-18 1120 9A5D          599 0381       M0TDW         599 0055 EU   
QSO: 14011 CW 2016-12-18 1121 9A5D          599 0382       UA5C          599 0459 EU   
QSO: 14011 CW 2016-12-18 1123 9A5D          599 0383       EW1TO         599 0142 EU   
QSO: 14011 CW 2016-12-18 1124 9A5D          599 0384       ON7CC         599 0024 EU   
QSO: 14011 CW 2016-12-18 1125 9A5D          599 0385       EA4XT         599 0046 EU   
QSO: 14011 CW 2016-12-18 1126 9A5D          599 0386       DK3PM         599 0028 EU   
QSO: 14011 CW 2016-12-18 1129 9A5D          599 0387       LY2AJ         599 0537 EU   
QSO: 14011 CW 2016-12-18 1130 9A5D          599 0388       R9OO          599 0041 EU   
QSO: 14011 CW 2016-12-18 1130 9A5D          599 0389       OO9O          599 0288 EU   
QSO: 14011 CW 2016-12-18 1131 9A5D          599 0390       UR5LAM        599 0102 EU   
QSO: 14011 CW 2016-12-18 1131 9A5D          599 0391       GD4EIP        599 0001 EU   
QSO: 14011 CW 2016-12-18 1132 9A5D          599 0392       OQ5M          599 0125 EU   
QSO: 14011 CW 2016-12-18 1132 9A5D          599 0393       PA0CMU        599 0165 EU   
QSO: 14011 CW 2016-12-18 1133 9A5D          599 0394       DL5QS         599 0115 EU   
QSO: 14011 CW 2016-12-18 1133 9A5D          599 0395       UP0L          599 1009 AS   
QSO: 14011 CW 2016-12-18 1134 9A5D          599 0396       SM6VWG        599 0002 EU   
QSO: 14011 CW 2016-12-18 1135 9A5D          599 0397       JR6GIM        599 0007 AS   
QSO: 14011 CW 2016-12-18 1136 9A5D          599 0398       RZ1AWT        599 0140 EU   
QSO: 14011 CW 2016-12-18 1136 9A5D          599 0399       IT9MUO        599 0302 EU   
QSO: 14011 CW 2016-12-18 1136 9A5D          599 0400       R9SS          599 0112 EU   
QSO: 14011 CW 2016-12-18 1137 9A5D          599 0401       RA4LF         599 0006 EU   
QSO: 14011 CW 2016-12-18 1137 9A5D          599 0402       UW1G          599 0172 EU   
QSO: 14011 CW 2016-12-18 1139 9A5D          599 0403       IZ8JFL/1      599 0359 EU   
QSO: 14011 CW 2016-12-18 1140 9A5D          599 0404       OZ4FF         599 0013 EU   
QSO: 14011 CW 2016-12-18 1140 9A5D          599 0405       UR7VA         599 0223 EU   
QSO: 14011 CW 2016-12-18 1141 9A5D          599 0406       PB7Z          599 0070 EU   
QSO: 14011 CW 2016-12-18 1142 9A5D          599 0407       UT5CW         599 0022 EU   
QSO: 14011 CW 2016-12-18 1142 9A5D          599 0408       PA2Z          599 0024 EU   
QSO: 14011 CW 2016-12-18 1144 9A5D          599 0409       YU8A          599 0119 EU   
QSO: 14011 CW 2016-12-18 1144 9A5D          599 0410       LA2HFA        599 0236 EU   
QSO: 14011 CW 2016-12-18 1145 9A5D          599 0411       DF5BX         599 0053 EU   
QSO: 14011 CW 2016-12-18 1146 9A5D          599 0412       K4RUM         599 0010 NA   
QSO: 14011 CW 2016-12-18 1147 9A5D          599 0413       DL0GMH        599 0054 EU   
QSO: 14011 CW 2016-12-18 1150 9A5D          599 0414       OM5MX         599 0011 EU   
QSO: 14011 CW 2016-12-18 1151 9A5D          599 0415       OR5T          599 0218 EU   
QSO: 14011 CW 2016-12-18 1153 9A5D          599 0416       RC3F          599 0102 EU   
QSO: 14017 CW 2016-12-18 1153 9A5D          599 0417       R3ZW          599 0066 EU   
QSO: 14011 CW 2016-12-18 1154 9A5D          599 0418       SM5S          599 0072 EU   
QSO: 14011 CW 2016-12-18 1154 9A5D          599 0419       EA8KW         599 0001 AF   
QSO: 14011 CW 2016-12-18 1154 9A5D          599 0420       S53EO         599 0738 EU   
QSO: 14011 CW 2016-12-18 1155 9A5D          599 0421       UA6HFI        599 0002 EU   
QSO: 14011 CW 2016-12-18 1155 9A5D          599 0422       YC6MYO        599 0096 OC   
QSO: 14011 CW 2016-12-18 1159 9A5D          599 0423       OM7LW         599 0529 EU   
QSO: 14011 CW 2016-12-18 1159 9A5D          599 0424       EV1R          599 0155 EU   
QSO: 14011 CW 2016-12-18 1200 9A5D          599 0425       OZ4FF         599 0016 EU   
QSO: 14011 CW 2016-12-18 1200 9A5D          599 0426       UX3UV         599 0289 EU   
QSO: 14011 CW 2016-12-18 1201 9A5D          599 0427       M0TRJ         599 0031 EU   
QSO: 14011 CW 2016-12-18 1203 9A5D          599 0428       9A2N          599 0596 EU   
QSO: 14011 CW 2016-12-18 1203 9A5D          599 0429       OP4K          599 0061 EU   
QSO: 14020 CW 2016-12-18 1205 9A5D          599 0430       9A7V          599 1603 EU   
QSO: 14028 CW 2016-12-18 1205 9A5D          599 0431       LA8HGA        599 0189 EU   
QSO: 07021 CW 2016-12-18 1207 9A5D          599 0457       9A2EY         599 0259 EU   
QSO: 07021 CW 2016-12-18 1208 9A5D          599 0458       YO7CKQ        599 0042 EU   
QSO: 07021 CW 2016-12-18 1209 9A5D          599 0459       HA8GY         599 0120 EU   
QSO: 07021 CW 2016-12-18 1209 9A5D          599 0460       SP3A          599 0130 EU   
QSO: 07021 CW 2016-12-18 1209 9A5D          599 0461       IK2SND        599 0509 EU   
QSO: 07021 CW 2016-12-18 1211 9A5D          599 0462       YO4AAC        599 0080 EU   
QSO: 07021 CW 2016-12-18 1212 9A5D          599 0463       OK2DM         599 0075 EU   
QSO: 07021 CW 2016-12-18 1212 9A5D          599 0464       EA4IE         599 0062 EU   
QSO: 07021 CW 2016-12-18 1214 9A5D          599 0465       YU2FG         599 0117 EU   
QSO: 07021 CW 2016-12-18 1214 9A5D          599 0466       HA7SBQ        599 0211 EU   
QSO: 07021 CW 2016-12-18 1214 9A5D          599 0467       OK2ABU        599 0111 EU   
QSO: 07021 CW 2016-12-18 1215 9A5D          599 0468       LZ1KZ         599 0031 EU   
QSO: 07021 CW 2016-12-18 1216 9A5D          599 0469       HA7PL         599 0305 EU   
QSO: 07021 CW 2016-12-18 1217 9A5D          599 0470       R7HF          599 0298 EU   
QSO: 07021 CW 2016-12-18 1217 9A5D          599 0471       OK1UKV        599 0103 EU   
QSO: 07021 CW 2016-12-18 1218 9A5D          599 0472       SP9MA         599 0101 EU   
QSO: 07021 CW 2016-12-18 1218 9A5D          599 0473       S53EO         599 0755 EU   
QSO: 07021 CW 2016-12-18 1219 9A5D          599 0474       EA1XT         599 0527 EU   
QSO: 07021 CW 2016-12-18 1219 9A5D          599 0475       DL5JQ         599 0268 EU   
QSO: 07021 CW 2016-12-18 1221 9A5D          599 0476       LZ1VKD        599 0240 EU   
QSO: 07021 CW 2016-12-18 1221 9A5D          599 0477       HA4FY         599 0205 EU   
QSO: 07021 CW 2016-12-18 1222 9A5D          599 0478       HA3MY         599 0539 EU   
QSO: 07021 CW 2016-12-18 1222 9A5D          599 0479       IZ4JMA        599 0292 EU   
QSO: 07021 CW 2016-12-18 1223 9A5D          599 0480       E79D          599 0069 EU   
QSO: 07021 CW 2016-12-18 1224 9A5D          599 0481       SQ9FQY        599 0007 EU   
QSO: 07021 CW 2016-12-18 1225 9A5D          599 0482       UT2IV         599 0164 EU   
QSO: 07021 CW 2016-12-18 1226 9A5D          599 0483       DJ6RN         599 0015 EU   
QSO: 07021 CW 2016-12-18 1226 9A5D          599 0484       9A8CV         599 0530 EU   
QSO: 07021 CW 2016-12-18 1226 9A5D          599 0485       S57X          599 0053 EU   
QSO: 07021 CW 2016-12-18 1227 9A5D          599 0486       9A5K          599 1299 EU   
QSO: 07021 CW 2016-12-18 1228 9A5D          599 0487       DF1LX         599 0005 EU   
QSO: 07025 CW 2016-12-18 1232 9A5D          599 0488       LY5O          599 0379 EU   
QSO: 07021 CW 2016-12-18 1233 9A5D          599 0489       S57EA         599 0052 EU   
QSO: 14022 CW 2016-12-18 1236 9A5D          599 0432       4Z5LU         599 0201 AS   
QSO: 14022 CW 2016-12-18 1236 9A5D          599 0433       UA4PN         599 0322 EU   
QSO: 14022 CW 2016-12-18 1237 9A5D          599 0434       ON5JT         599 0473 EU   
QSO: 14022 CW 2016-12-18 1238 9A5D          599 0435       K2YGM         599 0037 NA   
QSO: 14022 CW 2016-12-18 1239 9A5D          599 0436       EA8OM         599 0009 AF   
QSO: 14022 CW 2016-12-18 1241 9A5D          599 0437       EW1IP         599 0047 EU   
QSO: 14022 CW 2016-12-18 1242 9A5D          599 0438       OK1HCG        599 0091 EU   
QSO: 14022 CW 2016-12-18 1245 9A5D          599 0439       RT5C          599 0207 EU   
QSO: 14011 CW 2016-12-18 1250 9A5D          599 0440       9A2AJ         599 0366 EU   
QSO: 14012 CW 2016-12-18 1251 9A5D          599 0441       YT1A          599 0360 EU   
QSO: 14015 CW 2016-12-18 1252 9A5D          599 0442       LZ5XQ         599 0496 EU   
QSO: 14020 CW 2016-12-18 1252 9A5D          599 0443       UR7R          599 0113 EU   
QSO: 14023 CW 2016-12-18 1253 9A5D          599 0444       IK3SSO        599 0311 EU   
QSO: 14028 CW 2016-12-18 1253 9A5D          599 0445       SP9LJD        599 0176 EU   
QSO: 14031 CW 2016-12-18 1255 9A5D          599 0446       DL3VZL        599 0287 EU   
QSO: 14022 CW 2016-12-18 1256 9A5D          599 0447       IZ3SQW        599 0125 EU   
QSO: 14022 CW 2016-12-18 1257 9A5D          599 0448       SM0Q          599 0102 EU   
QSO: 14022 CW 2016-12-18 1258 9A5D          599 0449       PD3J          599 0006 EU   
QSO: 14022 CW 2016-12-18 1259 9A5D          599 0450       EA1XT         599 0569 EU   
QSO: 14022 CW 2016-12-18 1259 9A5D          599 0451       LZ1RF         599 0094 EU   
QSO: 14030 CW 2016-12-18 1304 9A5D          599 0452       F5IN          599 0461 EU   
QSO: 14033 CW 2016-12-18 1304 9A5D          599 0453       UA3MIF        599 0148 EU   
QSO: 14033 CW 2016-12-18 1304 9A5D          599 0454       RM1T          599 0803 EU   
QSO: 14036 CW 2016-12-18 1305 9A5D          599 0455       PA7LV         599 0157 EU   
QSO: 14044 CW 2016-12-18 1305 9A5D          599 0456       R7HF          599 0336 EU   
QSO: 14050 CW 2016-12-18 1306 9A5D          599 0457       EW6F          599 0116 EU   
QSO: 14017 CW 2016-12-18 1308 9A5D          599 0458       LZ3M          599 0103 EU   
QSO: 14024 CW 2016-12-18 1309 9A5D          599 0459       OH1TM         599 0091 EU   
QSO: 14035 CW 2016-12-18 1310 9A5D          599 0460       ON5WL         599 0074 EU   
QSO: 14046 CW 2016-12-18 1310 9A5D          599 0461       IT9SSI        599 0221 EU   
QSO: 14014 CW 2016-12-18 1314 9A5D          599 0462       I6FDJ         599 0394 EU   
QSO: 14022 CW 2016-12-18 1316 9A5D          599 0463       R17TCNY       599 0015 EU   
QSO: 14022 CW 2016-12-18 1316 9A5D          599 0464       PI4RAG        599 0023 EU   
QSO: 14022 CW 2016-12-18 1319 9A5D          599 0465       YO7ARZ        599 0139 EU   
QSO: 14022 CW 2016-12-18 1320 9A5D          599 0466       DL6WA         599 0006 EU   
QSO: 14022 CW 2016-12-18 1320 9A5D          599 0467       DF1DN         599 0265 EU   
QSO: 14022 CW 2016-12-18 1321 9A5D          599 0468       K9NW          599 0030 NA   
QSO: 14022 CW 2016-12-18 1321 9A5D          599 0469       W1HT          599 0008 NA   
QSO: 14022 CW 2016-12-18 1323 9A5D          599 0470       DL7BQ         599 0205 EU   
QSO: 14022 CW 2016-12-18 1323 9A5D          599 0471       PA0RHA        599 0006 EU   
QSO: 14022 CW 2016-12-18 1325 9A5D          599 0472       G3JFS         599 0018 EU   
QSO: 14022 CW 2016-12-18 1326 9A5D          599 0473       DM7CW         599 0138 EU   
QSO: 14022 CW 2016-12-18 1327 9A5D          599 0474       F5OZC         599 0291 EU   
QSO: 14022 CW 2016-12-18 1328 9A5D          599 0475       OH5ZA         599 0001 EU   
QSO: 14022 CW 2016-12-18 1331 9A5D          599 0476       YC2GV         599 0031 OC   
QSO: 14028 CW 2016-12-18 1333 9A5D          599 0477       9A5M          599 0363 EU   
QSO: 14029 CW 2016-12-18 1333 9A5D          599 0478       9A3IH         599 0065 EU   
QSO: 14035 CW 2016-12-18 1335 9A5D          599 0479       F5VHY         599 0321 EU   
QSO: 14039 CW 2016-12-18 1335 9A5D          599 0480       PA4O          599 0313 EU   
QSO: 14049 CW 2016-12-18 1335 9A5D          599 0481       EA5IIK        599 0220 EU   
QSO: 21027 CW 2016-12-18 1336 9A5D          599 0123       3B9FR         599 0001 AF   
QSO: 14023 CW 2016-12-18 1336 9A5D          599 0482       K3OO          599 0141 NA   
QSO: 14021 CW 2016-12-18 1337 9A5D          599 0483       PA5WT         599 0101 EU   
QSO: 14022 CW 2016-12-18 1337 9A5D          599 0484       OH5ZA         599 0005 EU   
QSO: 14022 CW 2016-12-18 1341 9A5D          599 0485       F4GFT         599 0012 EU   
QSO: 14022 CW 2016-12-18 1344 9A5D          599 0486       YU1ZZ         599 0174 EU   
QSO: 07006 CW 2016-12-18 1345 9A5D          599 0490       RN3F          599 0857 EU   
QSO: 07010 CW 2016-12-18 1345 9A5D          599 0491       DL5YM         599 0097 EU   
QSO: 07011 CW 2016-12-18 1346 9A5D          599 0492       RT2F          599 0288 EU   
QSO: 07012 CW 2016-12-18 1347 9A5D          599 0493       OM5WW         599 0376 EU   
QSO: 07017 CW 2016-12-18 1347 9A5D          599 0494       DJ50MUC       599 0216 EU   
QSO: 07014 CW 2016-12-18 1347 9A5D          599 0495       YL5X          599 0574 EU   
QSO: 07020 CW 2016-12-18 1348 9A5D          599 0496       OL1M          599 0205 EU   
QSO: 07022 CW 2016-12-18 1349 9A5D          599 0497       DL6KVA        599 0486 EU   
QSO: 07023 CW 2016-12-18 1350 9A5D          599 0498       PA7LV         599 0192 EU   
QSO: 07027 CW 2016-12-18 1350 9A5D          599 0499       OK1SI         599 0127 EU   
QSO: 07029 CW 2016-12-18 1352 9A5D          599 0500       DL8AWK        599 0176 EU   
QSO: 07019 CW 2016-12-18 1353 9A5D          599 0501       UA5C          599 0571 EU   
QSO: 07030 CW 2016-12-18 1357 9A5D          599 0502       E74X          599 0541 EU   
QSO: 07035 CW 2016-12-18 1357 9A5D          599 0503       SP9A          599 0225 EU   
QSO: 07036 CW 2016-12-18 1358 9A5D          599 0504       RZ1AWT        599 0199 EU   
END-OF-LOG:
