START-OF-LOG: 3.0
CREATED-BY: HMRA public 9A HRS HF Robot downloader
CONTEST: 9A-DX
CALLSIGN: YP8T
OPERATORS: YP8T
CATEGORY: B05
CATEGORY-OPERATOR: SINGLE-OP
CATEGORY-BAND: ALL
CATEGORY-MODE: CW
CATEGORY-POWER: LOW
CLAIMED-SCORE: 806750
SOAPBOX: Recreated from 9A HRS HF Robot public QSO table for Croatian DX Contest 2023.
SOAPBOX: Public error-summary rows are ignored.
SOAPBOX: Source: https://www.hamradio.hr/hfrobot/hfcc_log.php?What=vloghtm&CID=2023-12-16&ID=YP8T
SOAPBOX: Source category label: B05 - Single Operator, All Bands, CW, Low Power.
SOAPBOX: Published QSO count: 1676.
QSO: 21029 CW 2023-12-16 1403 YP8T          599 0001 28    SD6M          599 0000 18   
QSO: 21029 CW 2023-12-16 1403 YP8T          599 0002 28    NB1N          599 0000 08   
QSO: 21029 CW 2023-12-16 1404 YP8T          599 0003 28    K2MK          599 0000 08   
QSO: 21029 CW 2023-12-16 1405 YP8T          599 0004 28    R4WR          599 0000 30   
QSO: 28017 CW 2023-12-16 1406 YP8T          599 0005 28    9A5M          599 0000 OS   
QSO: 21029 CW 2023-12-16 1406 YP8T          599 0006 28    RT9A          599 0000 30   
QSO: 28018 CW 2023-12-16 1407 YP8T          599 0007 28    9A4M          599 0000 SK   
QSO: 21029 CW 2023-12-16 1408 YP8T          599 0008 28    F8DBN         599 0000 27   
QSO: 28019 CW 2023-12-16 1409 YP8T          599 0009 28    CT9ABN        599 0000 36   
QSO: 28020 CW 2023-12-16 1409 YP8T          599 0010 28    K1ZZ          599 0000 08   
QSO: 21029 CW 2023-12-16 1409 YP8T          599 0011 28    ON4CT         599 0000 27   
QSO: 28023 CW 2023-12-16 1410 YP8T          599 0012 28    NA8V          599 0000 08   
QSO: 28025 CW 2023-12-16 1410 YP8T          599 0013 28    AA3B          599 0000 08   
QSO: 28028 CW 2023-12-16 1411 YP8T          599 0014 28    YT3X          599 0000 28   
QSO: 21029 CW 2023-12-16 1411 YP8T          599 0015 28    PA0JNH        599 0000 27   
QSO: 28032 CW 2023-12-16 1411 YP8T          599 0016 28    EB7KA         599 0000 37   
QSO: 21029 CW 2023-12-16 1412 YP8T          599 0017 28    RK3TD         599 0000 29   
QSO: 21029 CW 2023-12-16 1413 YP8T          599 0018 28    K8GL          599 0000 08   
QSO: 21029 CW 2023-12-16 1413 YP8T          599 0019 28    N2MN          599 0000 08   
QSO: 21029 CW 2023-12-16 1415 YP8T          599 0020 28    G6T           599 0000 27   
QSO: 21029 CW 2023-12-16 1417 YP8T          599 0021 28    PA3ARM        599 0000 27   
QSO: 21029 CW 2023-12-16 1417 YP8T          599 0022 28    DF7WY         599 0000 28   
QSO: 28016 CW 2023-12-16 1418 YP8T          599 0023 28    CT1DRB        599 0000 37   
QSO: 21029 CW 2023-12-16 1419 YP8T          599 0024 28    SE5T          599 0000 18   
QSO: 21029 CW 2023-12-16 1419 YP8T          599 0025 28    F6CEL         599 0000 27   
QSO: 28012 CW 2023-12-16 1419 YP8T          599 0026 28    NM2A          599 0000 08   
QSO: 21029 CW 2023-12-16 1420 YP8T          599 0027 28    NJ4Q          599 0000 08   
QSO: 28012 CW 2023-12-16 1420 YP8T          599 0028 28    N2GM          599 0000 08   
QSO: 21029 CW 2023-12-16 1420 YP8T          599 0029 28    GM4M          599 0000 27   
QSO: 21029 CW 2023-12-16 1422 YP8T          599 0030 28    DF3SM         599 0000 28   
QSO: 28000 CW 2023-12-16 1423 YP8T          599 0031 28    WA1Z          599 0000 08   
QSO: 28007 CW 2023-12-16 1423 YP8T          599 0032 28    NC1CC         599 0000 08   
QSO: 28008 CW 2023-12-16 1424 YP8T          599 0033 28    KU2M          599 0000 08   
QSO: 28013 CW 2023-12-16 1424 YP8T          599 0034 28    VE1ANU        599 0000 09   
QSO: 28015 CW 2023-12-16 1425 YP8T          599 0035 28    AD4EB         599 0000 08   
QSO: 21029 CW 2023-12-16 1425 YP8T          599 0036 28    W0WP          599 0000 07   
QSO: 21029 CW 2023-12-16 1426 YP8T          599 0037 28    SE4E          599 0000 18   
QSO: 28019 CW 2023-12-16 1426 YP8T          599 0038 28    VE3VN         599 0000 04   
QSO: 28022 CW 2023-12-16 1427 YP8T          599 0039 28    AI5IN         599 0000 07   
QSO: 21029 CW 2023-12-16 1427 YP8T          599 0040 28    M7R           599 0000 27   
QSO: 21029 CW 2023-12-16 1428 YP8T          599 0041 28    UF5A          599 0000 29   
QSO: 28030 CW 2023-12-16 1428 YP8T          599 0042 28    OY1CT         599 0000 18   
QSO: 21029 CW 2023-12-16 1429 YP8T          599 0043 28    PA2W          599 0000 27   
QSO: 28038 CW 2023-12-16 1430 YP8T          599 0044 28    N3CKI         599 0000 08   
QSO: 28032 CW 2023-12-16 1432 YP8T          599 0045 28    9A0KG         599 0000 ST   
QSO: 21029 CW 2023-12-16 1432 YP8T          599 0046 28    4U9A          599 0000 28   
QSO: 21029 CW 2023-12-16 1433 YP8T          599 0047 28    K0II          599 0000 07   
QSO: 21029 CW 2023-12-16 1434 YP8T          599 0048 28    F6FJE         599 0000 27   
QSO: 21029 CW 2023-12-16 1434 YP8T          599 0049 28    W1FJ          599 0000 08   
QSO: 21029 CW 2023-12-16 1435 YP8T          599 0050 28    RA3AN         599 0000 29   
QSO: 28019 CW 2023-12-16 1435 YP8T          599 0051 28    CT7BJG        599 0000 37   
QSO: 21029 CW 2023-12-16 1436 YP8T          599 0052 28    K5RHZ         599 0000 07   
QSO: 28014 CW 2023-12-16 1437 YP8T          599 0053 28    HA3NU         599 0000 28   
QSO: 21029 CW 2023-12-16 1437 YP8T          599 0054 28    N2WK          599 0000 08   
QSO: 28009 CW 2023-12-16 1440 YP8T          599 0055 28    LZ5R          599 0000 28   
QSO: 21029 CW 2023-12-16 1440 YP8T          599 0056 28    LZ7DX         599 0000 28   
QSO: 21029 CW 2023-12-16 1441 YP8T          599 0057 28    KA8JBK        599 0000 08   
QSO: 21029 CW 2023-12-16 1441 YP8T          599 0058 28    9A9C          599 0000 KT   
QSO: 21029 CW 2023-12-16 1442 YP8T          599 0059 28    3B8HK         599 0000 53   
QSO: 21029 CW 2023-12-16 1443 YP8T          599 0060 28    ON5JT         599 0000 27   
QSO: 28003 CW 2023-12-16 1444 YP8T          599 0061 28    N5RZ          599 0000 07   
QSO: 21029 CW 2023-12-16 1445 YP8T          599 0062 28    RO5X          599 0000 29   
QSO: 21029 CW 2023-12-16 1445 YP8T          599 0063 28    N9CK          599 0000 08   
QSO: 28005 CW 2023-12-16 1446 YP8T          599 0064 28    N9NC          599 0000 08   
QSO: 28008 CW 2023-12-16 1447 YP8T          599 0065 28    N3RD          599 0000 08   
QSO: 28024 CW 2023-12-16 1447 YP8T          599 0066 28    N8II          599 0000 08   
QSO: 28023 CW 2023-12-16 1448 YP8T          599 0067 28    K1AR          599 0000 08   
QSO: 21029 CW 2023-12-16 1448 YP8T          599 0068 28    AB2E          599 0000 08   
QSO: 28037 CW 2023-12-16 1449 YP8T          599 0069 28    WN4AFP        599 0000 08   
QSO: 21029 CW 2023-12-16 1450 YP8T          599 0070 28    AD4EB         599 0000 08   
QSO: 28026 CW 2023-12-16 1452 YP8T          599 0071 28    NB1N          599 0000 08   
QSO: 21029 CW 2023-12-16 1453 YP8T          599 0072 28    9A6A          599 0000 ZG   
QSO: 21029 CW 2023-12-16 1454 YP8T          599 0073 28    W7LG          599 0000 08   
QSO: 14021 CW 2023-12-16 1455 YP8T          599 0074 28    SA7DXR        599 0000 18   
QSO: 14021 CW 2023-12-16 1455 YP8T          599 0075 28    RT9A          599 0000 30   
QSO: 21029 CW 2023-12-16 1455 YP8T          599 0076 28    NA8V          599 0000 08   
QSO: 21029 CW 2023-12-16 1456 YP8T          599 0077 28    9A5M          599 0000 OS   
QSO: 14021 CW 2023-12-16 1456 YP8T          599 0078 28    F5JDB         599 0000 27   
QSO: 14021 CW 2023-12-16 1457 YP8T          599 0079 28    PA1BX         599 0000 27   
QSO: 14021 CW 2023-12-16 1457 YP8T          599 0080 28    DL1MGB        599 0000 28   
QSO: 14021 CW 2023-12-16 1459 YP8T          599 0081 28    DL9ZP         599 0000 28   
QSO: 14021 CW 2023-12-16 1459 YP8T          599 0082 28    DL9LM         599 0000 28   
QSO: 21005 CW 2023-12-16 1500 YP8T          599 0083 28    F5PAL         599 0000 27   
QSO: 14021 CW 2023-12-16 1500 YP8T          599 0084 28    R9XS          599 0000 20   
QSO: 14021 CW 2023-12-16 1500 YP8T          599 0085 28    N4JVP         599 0000 08   
QSO: 21005 CW 2023-12-16 1501 YP8T          599 0086 28    N9NC          599 0000 08   
QSO: 21009 CW 2023-12-16 1501 YP8T          599 0087 28    OQ5M          599 0000 27   
QSO: 21010 CW 2023-12-16 1502 YP8T          599 0088 28    EA1G          599 0000 37   
QSO: 21012 CW 2023-12-16 1503 YP8T          599 0089 28    9A3SMS        599 0000 DU   
QSO: 21014 CW 2023-12-16 1504 YP8T          599 0090 28    KM5G          599 0000 07   
QSO: 21014 CW 2023-12-16 1504 YP8T          599 0091 28    RL5A          599 0000 29   
QSO: 14021 CW 2023-12-16 1504 YP8T          599 0092 28    SE5T          599 0000 18   
QSO: 14021 CW 2023-12-16 1505 YP8T          599 0093 28    9A4BT         599 0000 VZ   
QSO: 14021 CW 2023-12-16 1505 YP8T          599 0094 28    LA2HFA        599 0000 18   
QSO: 14021 CW 2023-12-16 1506 YP8T          599 0095 28    DJ0MEK        599 0000 28   
QSO: 21015 CW 2023-12-16 1507 YP8T          599 0096 28    M2G           599 0000 27   
QSO: 14021 CW 2023-12-16 1507 YP8T          599 0097 28    DL0CW         599 0000 28   
QSO: 14021 CW 2023-12-16 1507 YP8T          599 0098 28    PA0RDT        599 0000 27   
QSO: 21017 CW 2023-12-16 1508 YP8T          599 0099 28    EA3X          599 0000 37   
QSO: 21019 CW 2023-12-16 1509 YP8T          599 0100 28    K1AR          599 0000 08   
QSO: 14021 CW 2023-12-16 1510 YP8T          599 0101 28    UA9CTT        599 0000 30   
QSO: 21020 CW 2023-12-16 1510 YP8T          599 0102 28    EI0W          599 0000 27   
QSO: 21021 CW 2023-12-16 1511 YP8T          599 0103 28    EA8/OH2KW     599 0000 36   
QSO: 21021 CW 2023-12-16 1511 YP8T          599 0104 28    CT9ABN        599 0000 36   
QSO: 21023 CW 2023-12-16 1512 YP8T          599 0105 28    F5OZC         599 0000 27   
QSO: 21023 CW 2023-12-16 1512 YP8T          599 0106 28    G4SND         599 0000 27   
QSO: 14021 CW 2023-12-16 1513 YP8T          599 0107 28    UA6GO         599 0000 29   
QSO: 14021 CW 2023-12-16 1513 YP8T          599 0108 28    IU8MOA        599 0000 28   
QSO: 14021 CW 2023-12-16 1513 YP8T          599 0109 28    DL3TC         599 0000 28   
QSO: 21025 CW 2023-12-16 1514 YP8T          599 0110 28    N3QE          599 0000 08   
QSO: 14021 CW 2023-12-16 1514 YP8T          599 0111 28    SM0Q          599 0000 18   
QSO: 21027 CW 2023-12-16 1515 YP8T          599 0112 28    AA3B          599 0000 08   
QSO: 21028 CW 2023-12-16 1516 YP8T          599 0113 28    VE2FK         599 0000 09   
QSO: 14021 CW 2023-12-16 1516 YP8T          599 0114 28    N9CK          599 0000 08   
QSO: 21028 CW 2023-12-16 1516 YP8T          599 0115 28    N4BP          599 0000 08   
QSO: 14021 CW 2023-12-16 1516 YP8T          599 0116 28    DM7W          599 0000 28   
QSO: 14021 CW 2023-12-16 1517 YP8T          599 0117 28    IV3FPX        599 0000 28   
QSO: 14021 CW 2023-12-16 1517 YP8T          599 0118 28    9A5M          599 0000 OS   
QSO: 21031 CW 2023-12-16 1517 YP8T          599 0119 28    OY1CT         599 0000 18   
QSO: 14021 CW 2023-12-16 1518 YP8T          599 0120 28    YO8DOH        599 0000 28   
QSO: 21041 CW 2023-12-16 1519 YP8T          599 0121 28    K5UV          599 0000 07   
QSO: 14021 CW 2023-12-16 1519 YP8T          599 0122 28    DJ0SP         599 0000 28   
QSO: 14021 CW 2023-12-16 1520 YP8T          599 0123 28    NB1N          599 0000 08   
QSO: 14021 CW 2023-12-16 1521 YP8T          599 0124 28    IV3HAX        599 0000 28   
QSO: 21035 CW 2023-12-16 1521 YP8T          599 0125 28    9A7R          599 0000 KA   
QSO: 14021 CW 2023-12-16 1521 YP8T          599 0126 28    K0XR          599 0000 07   
QSO: 14021 CW 2023-12-16 1521 YP8T          599 0127 28    IZ8QPA        599 0000 28   
QSO: 14021 CW 2023-12-16 1522 YP8T          599 0128 28    UR1YAA        599 0000 29   
QSO: 21036 CW 2023-12-16 1523 YP8T          599 0129 28    K1RX          599 0000 08   
QSO: 21031 CW 2023-12-16 1523 YP8T          599 0130 28    EC5K          599 0000 37   
QSO: 14021 CW 2023-12-16 1525 YP8T          599 0131 28    RW7F          599 0000 29   
QSO: 14021 CW 2023-12-16 1525 YP8T          599 0132 28    W1AW/1        599 0000 08   
QSO: 14021 CW 2023-12-16 1525 YP8T          599 0133 28    G3YJQ         599 0000 27   
QSO: 14021 CW 2023-12-16 1526 YP8T          599 0134 28    W0GIB         599 0000 07   
QSO: 14021 CW 2023-12-16 1526 YP8T          599 0135 28    F5JDB         599 0000 27   
QSO: 14021 CW 2023-12-16 1526 YP8T          599 0136 28    EA3FZT        599 0000 37   
QSO: 14021 CW 2023-12-16 1527 YP8T          599 0137 28    EA4XT         599 0000 37   
QSO: 21019 CW 2023-12-16 1527 YP8T          599 0138 28    K1RM          599 0000 08   
QSO: 21017 CW 2023-12-16 1528 YP8T          599 0139 28    K2VV          599 0000 07   
QSO: 14021 CW 2023-12-16 1528 YP8T          599 0140 28    SM6F          599 0000 18   
QSO: 21016 CW 2023-12-16 1529 YP8T          599 0141 28    9A5X          599 0000 VZ   
QSO: 14021 CW 2023-12-16 1530 YP8T          599 0142 28    N2WK          599 0000 08   
QSO: 21005 CW 2023-12-16 1532 YP8T          599 0143 28    NC1CC         599 0000 08   
QSO: 21005 CW 2023-12-16 1532 YP8T          599 0144 28    LZ5R          599 0000 28   
QSO: 21004 CW 2023-12-16 1533 YP8T          599 0145 28    K1TR          599 0000 08   
QSO: 14021 CW 2023-12-16 1533 YP8T          599 0146 28    YT2RX         599 0000 28   
QSO: 21021 CW 2023-12-16 1536 YP8T          599 0147 28    NI2C          599 0000 07   
QSO: 14022 CW 2023-12-16 1536 YP8T          599 0148 28    DL1NKS        599 0000 28   
QSO: 14011 CW 2023-12-16 1537 YP8T          599 0149 28    9A3TR         599 0000 VZ   
QSO: 21028 CW 2023-12-16 1537 YP8T          599 0150 28    K1ZZ          599 0000 08   
QSO: 21028 CW 2023-12-16 1537 YP8T          599 0151 28    W1GD          599 0000 08   
QSO: 21028 CW 2023-12-16 1538 YP8T          599 0152 28    NM2A          599 0000 08   
QSO: 14033 CW 2023-12-16 1538 YP8T          599 0153 28    9A6A          599 0000 ZG   
QSO: 14036 CW 2023-12-16 1539 YP8T          599 0154 28    9A7R          599 0000 KA   
QSO: 14020 CW 2023-12-16 1540 YP8T          599 0155 28    EA8/OH2KW     599 0000 36   
QSO: 21028 CW 2023-12-16 1542 YP8T          599 0156 28    EA3FZT        599 0000 37   
QSO: 14014 CW 2023-12-16 1543 YP8T          599 0157 28    YP3X          599 0000 28   
QSO: 21028 CW 2023-12-16 1543 YP8T          599 0158 28    K8GL          599 0000 08   
QSO: 14017 CW 2023-12-16 1544 YP8T          599 0159 28    LA8HGA        599 0000 18   
QSO: 21028 CW 2023-12-16 1544 YP8T          599 0160 28    YO8DOH        599 0000 28   
QSO: 14012 CW 2023-12-16 1548 YP8T          599 0161 28    AD4EB         599 0000 08   
QSO: 21027 CW 2023-12-16 1548 YP8T          599 0162 28    VA3FH         599 0000 04   
QSO: 21026 CW 2023-12-16 1549 YP8T          599 0163 28    N3RD          599 0000 08   
QSO: 14012 CW 2023-12-16 1550 YP8T          599 0164 28    PA5FN         599 0000 27   
QSO: 21024 CW 2023-12-16 1550 YP8T          599 0165 28    YP3X          599 0000 28   
QSO: 14012 CW 2023-12-16 1550 YP8T          599 0166 28    WN4AFP        599 0000 08   
QSO: 14012 CW 2023-12-16 1551 YP8T          599 0167 28    4Z4DX         599 0000 39   
QSO: 21021 CW 2023-12-16 1551 YP8T          599 0168 28    N2IC          599 0000 07   
QSO: 14012 CW 2023-12-16 1553 YP8T          599 0169 28    F5MPN         599 0000 27   
QSO: 21009 CW 2023-12-16 1554 YP8T          599 0170 28    P3X           599 0000 39   
QSO: 14012 CW 2023-12-16 1554 YP8T          599 0171 28    LZ4A          599 0000 28   
QSO: 14012 CW 2023-12-16 1555 YP8T          599 0172 28    F5JBR         599 0000 27   
QSO: 21011 CW 2023-12-16 1556 YP8T          599 0173 28    EA5OH         599 0000 37   
QSO: 21016 CW 2023-12-16 1557 YP8T          599 0174 28    N2GM          599 0000 08   
QSO: 14012 CW 2023-12-16 1557 YP8T          599 0175 28    EA5ITT        599 0000 37   
QSO: 14012 CW 2023-12-16 1557 YP8T          599 0176 28    GM2S          599 0000 27   
QSO: 21022 CW 2023-12-16 1558 YP8T          599 0177 28    EA5CP         599 0000 37   
QSO: 14012 CW 2023-12-16 1558 YP8T          599 0178 28    9A4BA         599 0000 OS   
QSO: 21023 CW 2023-12-16 1558 YP8T          599 0179 28    HA3NU         599 0000 28   
QSO: 14012 CW 2023-12-16 1558 YP8T          599 0180 28    OL5Y          599 0000 28   
QSO: 21028 CW 2023-12-16 1559 YP8T          599 0181 28    EA1X          599 0000 37   
QSO: 14012 CW 2023-12-16 1559 YP8T          599 0182 28    NR4M          599 0000 08   
QSO: 21029 CW 2023-12-16 1559 YP8T          599 0183 28    N5AW          599 0000 07   
QSO: 14012 CW 2023-12-16 1600 YP8T          599 0184 28    K1AV          599 0000 08   
QSO: 14012 CW 2023-12-16 1601 YP8T          599 0185 28    ON4LY         599 0000 27   
QSO: 14012 CW 2023-12-16 1601 YP8T          599 0186 28    AK1MD         599 0000 08   
QSO: 21034 CW 2023-12-16 1601 YP8T          599 0187 28    EB7KA         599 0000 37   
QSO: 14012 CW 2023-12-16 1601 YP8T          599 0188 28    NM2A          599 0000 08   
QSO: 21037 CW 2023-12-16 1603 YP8T          599 0189 28    9A0KG         599 0000 ST   
QSO: 14012 CW 2023-12-16 1604 YP8T          599 0190 28    HA7MF         599 0000 28   
QSO: 14012 CW 2023-12-16 1605 YP8T          599 0191 28    VE3VN         599 0000 04   
QSO: 14012 CW 2023-12-16 1606 YP8T          599 0192 28    YL1ZF         599 0000 29   
QSO: 21038 CW 2023-12-16 1606 YP8T          599 0193 28    W1AW/1        599 0000 08   
QSO: 14012 CW 2023-12-16 1608 YP8T          599 0194 28    NO5W          599 0000 07   
QSO: 14012 CW 2023-12-16 1608 YP8T          599 0195 28    M0TDW         599 0000 27   
QSO: 21028 CW 2023-12-16 1609 YP8T          599 0196 28    VA1MM         599 0000 09   
QSO: 14015 CW 2023-12-16 1611 YP8T          599 0197 28    N8II          599 0000 08   
QSO: 14023 CW 2023-12-16 1612 YP8T          599 0198 28    9A5X          599 0000 VZ   
QSO: 14027 CW 2023-12-16 1613 YP8T          599 0199 28    EA1X          599 0000 37   
QSO: 14035 CW 2023-12-16 1614 YP8T          599 0200 28    LZ1JZ         599 0000 28   
QSO: 21005 CW 2023-12-16 1614 YP8T          599 0201 28    KR2Q          599 0000 08   
QSO: 21024 CW 2023-12-16 1617 YP8T          599 0202 28    KR2AA         599 0000 08   
QSO: 14033 CW 2023-12-16 1617 YP8T          599 0203 28    EC5K          599 0000 37   
QSO: 21026 CW 2023-12-16 1618 YP8T          599 0204 28    N4CW          599 0000 08   
QSO: 14011 CW 2023-12-16 1619 YP8T          599 0205 28    AA3B          599 0000 08   
QSO: 14011 CW 2023-12-16 1621 YP8T          599 0206 28    N3AM          599 0000 08   
QSO: 14011 CW 2023-12-16 1622 YP8T          599 0207 28    W7SW          599 0000 06   
QSO: 14011 CW 2023-12-16 1623 YP8T          599 0208 28    M1T           599 0000 27   
QSO: 21009 CW 2023-12-16 1624 YP8T          599 0209 28    K3RA          599 0000 08   
QSO: 14011 CW 2023-12-16 1624 YP8T          599 0210 28    SM7RYR        599 0000 18   
QSO: 21037 CW 2023-12-16 1625 YP8T          599 0211 28    EA7Q          599 0000 37   
QSO: 14011 CW 2023-12-16 1626 YP8T          599 0212 28    F6AUS         599 0000 27   
QSO: 14011 CW 2023-12-16 1626 YP8T          599 0213 28    N3JT          599 0000 08   
QSO: 14011 CW 2023-12-16 1628 YP8T          599 0214 28    G4OZG         599 0000 27   
QSO: 07005 CW 2023-12-16 1628 YP8T          599 0215 28    9A3BCW        599 0000 NG   
QSO: 14011 CW 2023-12-16 1628 YP8T          599 0216 28    HB9BXE        599 0000 28   
QSO: 14011 CW 2023-12-16 1628 YP8T          599 0217 28    N8II          599 0000 08   
QSO: 07012 CW 2023-12-16 1629 YP8T          599 0218 28    9A7R          599 0000 KA   
QSO: 07031 CW 2023-12-16 1631 YP8T          599 0219 28    9A6AR         599 0000 PU   
QSO: 07033 CW 2023-12-16 1631 YP8T          599 0220 28    PA3AAV        599 0000 27   
QSO: 14011 CW 2023-12-16 1633 YP8T          599 0221 28    K3WA          599 0000 08   
QSO: 07015 CW 2023-12-16 1633 YP8T          599 0222 28    9A6A          599 0000 ZG   
QSO: 07002 CW 2023-12-16 1634 YP8T          599 0223 28    9A5CW         599 0000 PU   
QSO: 14011 CW 2023-12-16 1635 YP8T          599 0224 28    G3T           599 0000 27   
QSO: 07014 CW 2023-12-16 1636 YP8T          599 0225 28    9A5M          599 0000 OS   
QSO: 07028 CW 2023-12-16 1638 YP8T          599 0226 28    DJ5CW         599 0000 28   
QSO: 07028 CW 2023-12-16 1638 YP8T          599 0227 28    SP3VT         599 0000 28   
QSO: 14011 CW 2023-12-16 1638 YP8T          599 0228 28    N9CIQ         599 0000 07   
QSO: 07028 CW 2023-12-16 1639 YP8T          599 0229 28    LY2MM         599 0000 29   
QSO: 07028 CW 2023-12-16 1639 YP8T          599 0230 28    HG1W          599 0000 28   
QSO: 07028 CW 2023-12-16 1639 YP8T          599 0231 28    OK6K          599 0000 28   
QSO: 07028 CW 2023-12-16 1640 YP8T          599 0232 28    RT4M          599 0000 29   
QSO: 07028 CW 2023-12-16 1640 YP8T          599 0233 28    PA0RDT        599 0000 27   
QSO: 07028 CW 2023-12-16 1641 YP8T          599 0234 28    DL2NBY        599 0000 28   
QSO: 07028 CW 2023-12-16 1641 YP8T          599 0235 28    EV6Z          599 0000 29   
QSO: 07028 CW 2023-12-16 1642 YP8T          599 0236 28    DM2DZM        599 0000 28   
QSO: 07028 CW 2023-12-16 1642 YP8T          599 0237 28    2E0OBO        599 0000 27   
QSO: 07028 CW 2023-12-16 1643 YP8T          599 0238 28    OH3MZ         599 0000 18   
QSO: 07028 CW 2023-12-16 1643 YP8T          599 0239 28    RT9A          599 0000 30   
QSO: 07028 CW 2023-12-16 1643 YP8T          599 0240 28    OK3DM         599 0000 28   
QSO: 07028 CW 2023-12-16 1644 YP8T          599 0241 28    YL2NK         599 0000 29   
QSO: 07028 CW 2023-12-16 1644 YP8T          599 0242 28    OK1OA         599 0000 28   
QSO: 14009 CW 2023-12-16 1644 YP8T          599 0243 28    NA8V          599 0000 08   
QSO: 07028 CW 2023-12-16 1645 YP8T          599 0244 28    HA4FY         599 0000 28   
QSO: 14010 CW 2023-12-16 1646 YP8T          599 0245 28    NC1CC         599 0000 08   
QSO: 07028 CW 2023-12-16 1646 YP8T          599 0246 28    HG8K          599 0000 28   
QSO: 07028 CW 2023-12-16 1647 YP8T          599 0247 28    OK2ON         599 0000 28   
QSO: 07028 CW 2023-12-16 1647 YP8T          599 0248 28    DL2LRT        599 0000 28   
QSO: 07028 CW 2023-12-16 1648 YP8T          599 0249 28    IK5OJB        599 0000 28   
QSO: 07028 CW 2023-12-16 1648 YP8T          599 0250 28    RD4A          599 0000 29   
QSO: 07028 CW 2023-12-16 1649 YP8T          599 0251 28    OM5ALL        599 0000 28   
QSO: 07028 CW 2023-12-16 1649 YP8T          599 0252 28    SP4TKR        599 0000 28   
QSO: 07028 CW 2023-12-16 1649 YP8T          599 0253 28    IU8RQW        599 0000 28   
QSO: 07028 CW 2023-12-16 1650 YP8T          599 0254 28    IK1MJL        599 0000 28   
QSO: 14018 CW 2023-12-16 1650 YP8T          599 0255 28    EA3X          599 0000 37   
QSO: 07028 CW 2023-12-16 1650 YP8T          599 0256 28    DL1THB        599 0000 28   
QSO: 07028 CW 2023-12-16 1651 YP8T          599 0257 28    4Z4DX         599 0000 39   
QSO: 14019 CW 2023-12-16 1651 YP8T          599 0258 28    EA2AZ         599 0000 37   
QSO: 07028 CW 2023-12-16 1651 YP8T          599 0259 28    OK2ON         599 0000 28   
QSO: 07030 CW 2023-12-16 1652 YP8T          599 0260 28    OT6E          599 0000 27   
QSO: 07038 CW 2023-12-16 1652 YP8T          599 0261 28    9A2MF         599 0000 PU   
QSO: 07012 CW 2023-12-16 1653 YP8T          599 0262 28    CT9ABN        599 0000 36   
QSO: 07011 CW 2023-12-16 1654 YP8T          599 0263 28    9A2KD         599 0000 SK   
QSO: 07010 CW 2023-12-16 1656 YP8T          599 0264 28    9A4BA         599 0000 OS   
QSO: 07010 CW 2023-12-16 1657 YP8T          599 0265 28    9A4WY         599 0000 PU   
QSO: 07034 CW 2023-12-16 1658 YP8T          599 0266 28    9A6M          599 0000 KZ   
QSO: 07032 CW 2023-12-16 1658 YP8T          599 0267 28    HA3OU         599 0000 28   
QSO: 07039 CW 2023-12-16 1659 YP8T          599 0268 28    9A2UN         599 0000 ST   
QSO: 07014 CW 2023-12-16 1700 YP8T          599 0269 28    9A5X          599 0000 VZ   
QSO: 07004 CW 2023-12-16 1701 YP8T          599 0270 28    IS0AFM        599 0000 28   
QSO: 07005 CW 2023-12-16 1701 YP8T          599 0271 28    DL1MGB        599 0000 28   
QSO: 07006 CW 2023-12-16 1702 YP8T          599 0272 28    SO7NA         599 0000 28   
QSO: 07006 CW 2023-12-16 1702 YP8T          599 0273 28    S51FB         599 0000 28   
QSO: 07006 CW 2023-12-16 1702 YP8T          599 0274 28    OE5TXF        599 0000 28   
QSO: 07006 CW 2023-12-16 1703 YP8T          599 0275 28    HB9CMW        599 0000 28   
QSO: 07006 CW 2023-12-16 1703 YP8T          599 0276 28    OK1DVA        599 0000 28   
QSO: 14029 CW 2023-12-16 1704 YP8T          599 0277 28    K8GL          599 0000 08   
QSO: 14035 CW 2023-12-16 1704 YP8T          599 0278 28    VE2FK         599 0000 09   
QSO: 14037 CW 2023-12-16 1705 YP8T          599 0279 28    K1AR          599 0000 08   
QSO: 07006 CW 2023-12-16 1706 YP8T          599 0280 28    IT9IVU        599 0000 28   
QSO: 07006 CW 2023-12-16 1706 YP8T          599 0281 28    SP7OGP        599 0000 28   
QSO: 07006 CW 2023-12-16 1707 YP8T          599 0282 28    G4MKR         599 0000 27   
QSO: 14041 CW 2023-12-16 1707 YP8T          599 0283 28    ZD7BG         599 0000 66   
QSO: 07006 CW 2023-12-16 1708 YP8T          599 0284 28    OM1WS/P       599 0000 28   
QSO: 07006 CW 2023-12-16 1708 YP8T          599 0285 28    F8BCA         599 0000 27   
QSO: 07006 CW 2023-12-16 1708 YP8T          599 0286 28    R3AQ          599 0000 29   
QSO: 07006 CW 2023-12-16 1708 YP8T          599 0287 28    RG9A          599 0000 30   
QSO: 07006 CW 2023-12-16 1709 YP8T          599 0288 28    YO8DOH        599 0000 28   
QSO: 07006 CW 2023-12-16 1709 YP8T          599 0289 28    OK6OK         599 0000 28   
QSO: 14032 CW 2023-12-16 1710 YP8T          599 0290 28    HA3NU         599 0000 28   
QSO: 07006 CW 2023-12-16 1710 YP8T          599 0291 28    9A7RA         599 0000 ZG   
QSO: 07006 CW 2023-12-16 1711 YP8T          599 0292 28    SM6OPM        599 0000 18   
QSO: 07006 CW 2023-12-16 1711 YP8T          599 0293 28    DL9SUD        599 0000 28   
QSO: 07006 CW 2023-12-16 1711 YP8T          599 0294 28    DL6NBS        599 0000 28   
QSO: 07006 CW 2023-12-16 1713 YP8T          599 0295 28    DF0SX         599 0000 28   
QSO: 14022 CW 2023-12-16 1714 YP8T          599 0296 28    K1ZZ          599 0000 08   
QSO: 07006 CW 2023-12-16 1714 YP8T          599 0297 28    OK4RQ         599 0000 28   
QSO: 07006 CW 2023-12-16 1715 YP8T          599 0298 28    GM4NNC        599 0000 27   
QSO: 07006 CW 2023-12-16 1715 YP8T          599 0299 28    RK4HYT        599 0000 30   
QSO: 14020 CW 2023-12-16 1717 YP8T          599 0300 28    IK1PMR        599 0000 28   
QSO: 07006 CW 2023-12-16 1718 YP8T          599 0301 28    SP2MKI        599 0000 28   
QSO: 07006 CW 2023-12-16 1719 YP8T          599 0302 28    I2/UY2ZA      599 0000 28   
QSO: 07006 CW 2023-12-16 1719 YP8T          599 0303 28    HA3DX         599 0000 28   
QSO: 07006 CW 2023-12-16 1719 YP8T          599 0304 28    HA3HO         599 0000 28   
QSO: 07006 CW 2023-12-16 1720 YP8T          599 0305 28    PA5WT         599 0000 27   
QSO: 07006 CW 2023-12-16 1720 YP8T          599 0306 28    HG5P          599 0000 28   
QSO: 07005 CW 2023-12-16 1724 YP8T          599 0307 28    YL1ZF         599 0000 29   
QSO: 14023 CW 2023-12-16 1725 YP8T          599 0308 28    CT9ABN        599 0000 36   
QSO: 07005 CW 2023-12-16 1725 YP8T          599 0309 28    SM2M          599 0000 18   
QSO: 07005 CW 2023-12-16 1726 YP8T          599 0310 28    DL8QS         599 0000 28   
QSO: 14036 CW 2023-12-16 1728 YP8T          599 0311 28    EA1CS         599 0000 37   
QSO: 14012 CW 2023-12-16 1729 YP8T          599 0312 28    F5PAL         599 0000 27   
QSO: 07005 CW 2023-12-16 1731 YP8T          599 0313 28    HA3GC         599 0000 28   
QSO: 14017 CW 2023-12-16 1731 YP8T          599 0314 28    F5IN          599 0000 27   
QSO: 07038 CW 2023-12-16 1733 YP8T          599 0315 28    9A7V          599 0000 VZ   
QSO: 03518 CW 2023-12-16 1737 YP8T          599 0316 28    HA8DU         599 0000 28   
QSO: 07034 CW 2023-12-16 1737 YP8T          599 0317 28    4U9A          599 0000 28   
QSO: 07033 CW 2023-12-16 1738 YP8T          599 0318 28    F6AGM         599 0000 27   
QSO: 07027 CW 2023-12-16 1738 YP8T          599 0319 28    9A0KG         599 0000 ST   
QSO: 07016 CW 2023-12-16 1739 YP8T          599 0320 28    R8TT          599 0000 30   
QSO: 07010 CW 2023-12-16 1739 YP8T          599 0321 28    EA5OH         599 0000 37   
QSO: 07008 CW 2023-12-16 1740 YP8T          599 0322 28    P3X           599 0000 39   
QSO: 07005 CW 2023-12-16 1741 YP8T          599 0323 28    I5ABV         599 0000 28   
QSO: 03514 CW 2023-12-16 1742 YP8T          599 0324 28    9A3B          599 0000 OS   
QSO: 07005 CW 2023-12-16 1742 YP8T          599 0325 28    RN3BL         599 0000 29   
QSO: 03511 CW 2023-12-16 1742 YP8T          599 0326 28    SM6F          599 0000 18   
QSO: 07005 CW 2023-12-16 1743 YP8T          599 0327 28    8S8S          599 0000 18   
QSO: 07005 CW 2023-12-16 1743 YP8T          599 0328 28    IK1BPL        599 0000 28   
QSO: 07005 CW 2023-12-16 1744 YP8T          599 0329 28    RA3TT         599 0000 29   
QSO: 07005 CW 2023-12-16 1744 YP8T          599 0330 28    LY3NX         599 0000 29   
QSO: 03516 CW 2023-12-16 1744 YP8T          599 0331 28    S59A          599 0000 28   
QSO: 07005 CW 2023-12-16 1744 YP8T          599 0332 28    F6AUS         599 0000 27   
QSO: 07005 CW 2023-12-16 1745 YP8T          599 0333 28    DL4FDM        599 0000 28   
QSO: 07005 CW 2023-12-16 1745 YP8T          599 0334 28    F6FYA         599 0000 27   
QSO: 03516 CW 2023-12-16 1745 YP8T          599 0335 28    UW7RWA        599 0000 29   
QSO: 03517 CW 2023-12-16 1746 YP8T          599 0336 28    LY2J          599 0000 29   
QSO: 07005 CW 2023-12-16 1746 YP8T          599 0337 28    EV1R          599 0000 29   
QSO: 03519 CW 2023-12-16 1746 YP8T          599 0338 28    Z33F          599 0000 28   
QSO: 03521 CW 2023-12-16 1747 YP8T          599 0339 28    YT9A          599 0000 28   
QSO: 07005 CW 2023-12-16 1747 YP8T          599 0340 28    RJ3F          599 0000 29   
QSO: 07005 CW 2023-12-16 1748 YP8T          599 0341 28    RL2Y          599 0000 29   
QSO: 03526 CW 2023-12-16 1748 YP8T          599 0342 28    HA5OV         599 0000 28   
QSO: 03526 CW 2023-12-16 1748 YP8T          599 0343 28    SP8HWM        599 0000 28   
QSO: 03527 CW 2023-12-16 1749 YP8T          599 0344 28    SO3O          599 0000 28   
QSO: 03528 CW 2023-12-16 1749 YP8T          599 0345 28    UC7A          599 0000 29   
QSO: 03529 CW 2023-12-16 1750 YP8T          599 0346 28    YU1ED         599 0000 28   
QSO: 07005 CW 2023-12-16 1750 YP8T          599 0347 28    IU8MOA        599 0000 28   
QSO: 03532 CW 2023-12-16 1750 YP8T          599 0348 28    9A6A          599 0000 ZG   
QSO: 03533 CW 2023-12-16 1751 YP8T          599 0349 28    HA7I          599 0000 28   
QSO: 07005 CW 2023-12-16 1751 YP8T          599 0350 28    RL5A          599 0000 29   
QSO: 03533 CW 2023-12-16 1751 YP8T          599 0351 28    YU5T          599 0000 28   
QSO: 07005 CW 2023-12-16 1752 YP8T          599 0352 28    R9CD          599 0000 30   
QSO: 03534 CW 2023-12-16 1752 YP8T          599 0353 28    SP6AEG        599 0000 28   
QSO: 07005 CW 2023-12-16 1753 YP8T          599 0354 28    UY7LM         599 0000 29   
QSO: 03537 CW 2023-12-16 1753 YP8T          599 0355 28    OK2BFN        599 0000 28   
QSO: 03539 CW 2023-12-16 1753 YP8T          599 0356 28    9A6M          599 0000 KZ   
QSO: 07005 CW 2023-12-16 1754 YP8T          599 0357 28    DK8NT         599 0000 28   
QSO: 03518 CW 2023-12-16 1755 YP8T          599 0358 28    DL5YL         599 0000 28   
QSO: 07037 CW 2023-12-16 1756 YP8T          599 0359 28    9A2KI         599 0000 SB   
QSO: 03511 CW 2023-12-16 1757 YP8T          599 0360 28    OM7LW         599 0000 28   
QSO: 03514 CW 2023-12-16 1757 YP8T          599 0361 28    LZ4AE         599 0000 28   
QSO: 03527 CW 2023-12-16 1758 YP8T          599 0362 28    SP4AWE        599 0000 28   
QSO: 03531 CW 2023-12-16 1800 YP8T          599 0363 28    YU3TA         599 0000 28   
QSO: 03535 CW 2023-12-16 1801 YP8T          599 0364 28    9A7V          599 0000 VZ   
QSO: 03536 CW 2023-12-16 1801 YP8T          599 0365 28    OM3CPF        599 0000 28   
QSO: 03538 CW 2023-12-16 1802 YP8T          599 0366 28    9A7DX         599 0000 DA   
QSO: 03538 CW 2023-12-16 1804 YP8T          599 0367 28    YO4RDW        599 0000 28   
QSO: 03538 CW 2023-12-16 1804 YP8T          599 0368 28    LZ8E          599 0000 28   
QSO: 03538 CW 2023-12-16 1805 YP8T          599 0369 28    HA1WD         599 0000 28   
QSO: 03538 CW 2023-12-16 1805 YP8T          599 0370 28    YL1ZF         599 0000 29   
QSO: 03538 CW 2023-12-16 1806 YP8T          599 0371 28    9A4MZ         599 0000 NG   
QSO: 03538 CW 2023-12-16 1806 YP8T          599 0372 28    UT5UGR        599 0000 29   
QSO: 03538 CW 2023-12-16 1807 YP8T          599 0373 28    YO5AVN        599 0000 28   
QSO: 03538 CW 2023-12-16 1807 YP8T          599 0374 28    UA7G          599 0000 29   
QSO: 03538 CW 2023-12-16 1807 YP8T          599 0375 28    RD4F          599 0000 29   
QSO: 03538 CW 2023-12-16 1807 YP8T          599 0376 28    HA8TKS        599 0000 28   
QSO: 03538 CW 2023-12-16 1808 YP8T          599 0377 28    OM4DU         599 0000 28   
QSO: 07021 CW 2023-12-16 1808 YP8T          599 0378 28    YT7KM         599 0000 28   
QSO: 03538 CW 2023-12-16 1808 YP8T          599 0379 28    EU2EU         599 0000 29   
QSO: 07021 CW 2023-12-16 1808 YP8T          599 0380 28    IU0ITX        599 0000 28   
QSO: 03538 CW 2023-12-16 1809 YP8T          599 0381 28    SN8T          599 0000 28   
QSO: 03538 CW 2023-12-16 1809 YP8T          599 0382 28    YT1WA         599 0000 28   
QSO: 03538 CW 2023-12-16 1810 YP8T          599 0383 28    OK6K          599 0000 28   
QSO: 07021 CW 2023-12-16 1810 YP8T          599 0384 28    LZ1VS         599 0000 28   
QSO: 07021 CW 2023-12-16 1810 YP8T          599 0385 28    F6FJE         599 0000 27   
QSO: 03538 CW 2023-12-16 1810 YP8T          599 0386 28    DM3ZM         599 0000 28   
QSO: 03538 CW 2023-12-16 1811 YP8T          599 0387 28    SE5T          599 0000 18   
QSO: 03538 CW 2023-12-16 1811 YP8T          599 0388 28    ZA1RR         599 0000 28   
QSO: 03538 CW 2023-12-16 1811 YP8T          599 0389 28    OK2IW         599 0000 28   
QSO: 03538 CW 2023-12-16 1811 YP8T          599 0390 28    DM7AA         599 0000 28   
QSO: 07021 CW 2023-12-16 1812 YP8T          599 0391 28    G3YMC         599 0000 27   
QSO: 03538 CW 2023-12-16 1813 YP8T          599 0392 28    US1VM         599 0000 29   
QSO: 03538 CW 2023-12-16 1813 YP8T          599 0393 28    DL6KWN        599 0000 28   
QSO: 03538 CW 2023-12-16 1814 YP8T          599 0394 28    HG1W          599 0000 28   
QSO: 03538 CW 2023-12-16 1815 YP8T          599 0395 28    OM6TU         599 0000 28   
QSO: 03538 CW 2023-12-16 1815 YP8T          599 0396 28    S51MM         599 0000 28   
QSO: 03538 CW 2023-12-16 1817 YP8T          599 0397 28    YO4NF         599 0000 28   
QSO: 07021 CW 2023-12-16 1818 YP8T          599 0398 28    SA3MGL        599 0000 18   
QSO: 03538 CW 2023-12-16 1818 YP8T          599 0399 28    SO7NA         599 0000 28   
QSO: 07000 CW 2023-12-16 1818 YP8T          599 0400 28    JA6GCE        599 0000 45   
QSO: 03538 CW 2023-12-16 1819 YP8T          599 0401 28    LZ1VS         599 0000 28   
QSO: 03538 CW 2023-12-16 1819 YP8T          599 0402 28    OG3B          599 0000 18   
QSO: 03538 CW 2023-12-16 1819 YP8T          599 0403 28    DR7T          599 0000 28   
QSO: 03538 CW 2023-12-16 1819 YP8T          599 0404 28    HA8V          599 0000 28   
QSO: 03538 CW 2023-12-16 1820 YP8T          599 0405 28    SP7CF         599 0000 28   
QSO: 07012 CW 2023-12-16 1821 YP8T          599 0406 28    4K6FO         599 0000 29   
QSO: 07005 CW 2023-12-16 1821 YP8T          599 0407 28    UP5B          599 0000 30   
QSO: 03538 CW 2023-12-16 1821 YP8T          599 0408 28    S53V          599 0000 28   
QSO: 03538 CW 2023-12-16 1821 YP8T          599 0409 28    9A5CW         599 0000 PU   
QSO: 03538 CW 2023-12-16 1822 YP8T          599 0410 28    EW8DX         599 0000 29   
QSO: 03538 CW 2023-12-16 1822 YP8T          599 0411 28    SD6M          599 0000 18   
QSO: 03538 CW 2023-12-16 1822 YP8T          599 0412 28    EW8G          599 0000 29   
QSO: 03538 CW 2023-12-16 1823 YP8T          599 0413 28    YL1YF         599 0000 29   
QSO: 07015 CW 2023-12-16 1823 YP8T          599 0414 28    UA4CC         599 0000 29   
QSO: 03538 CW 2023-12-16 1824 YP8T          599 0415 28    YU1YV         599 0000 28   
QSO: 03538 CW 2023-12-16 1824 YP8T          599 0416 28    US6EX         599 0000 29   
QSO: 07032 CW 2023-12-16 1825 YP8T          599 0417 28    9A5DX         599 0000 DA   
QSO: 03538 CW 2023-12-16 1826 YP8T          599 0418 28    9A3YT         599 0000 RI   
QSO: 03538 CW 2023-12-16 1826 YP8T          599 0419 28    YO5DAS        599 0000 28   
QSO: 07031 CW 2023-12-16 1829 YP8T          599 0420 28    9A2L          599 0000 VZ   
QSO: 03538 CW 2023-12-16 1830 YP8T          599 0421 28    S51W          599 0000 28   
QSO: 07016 CW 2023-12-16 1832 YP8T          599 0422 28    LA5FJA        599 0000 18   
QSO: 03531 CW 2023-12-16 1832 YP8T          599 0423 28    UP0L          599 0000 30   
QSO: 03525 CW 2023-12-16 1833 YP8T          599 0424 28    9A5M          599 0000 OS   
QSO: 03520 CW 2023-12-16 1834 YP8T          599 0425 28    DL1NKS        599 0000 28   
QSO: 03509 CW 2023-12-16 1838 YP8T          599 0426 28    RG9A          599 0000 30   
QSO: 03515 CW 2023-12-16 1839 YP8T          599 0427 28    RL5A          599 0000 29   
QSO: 03538 CW 2023-12-16 1840 YP8T          599 0428 28    OK2YZ         599 0000 28   
QSO: 01831 CW 2023-12-16 1841 YP8T          599 0429 28    YL3JD         599 0000 29   
QSO: 03538 CW 2023-12-16 1841 YP8T          599 0430 28    YT3H          599 0000 28   
QSO: 01826 CW 2023-12-16 1841 YP8T          599 0431 28    DL5YL         599 0000 28   
QSO: 03538 CW 2023-12-16 1842 YP8T          599 0432 28    SP2MKI        599 0000 28   
QSO: 03538 CW 2023-12-16 1842 YP8T          599 0433 28    DJ3RA         599 0000 28   
QSO: 01824 CW 2023-12-16 1842 YP8T          599 0434 28    SN2N          599 0000 28   
QSO: 03538 CW 2023-12-16 1842 YP8T          599 0435 28    HA3GC         599 0000 28   
QSO: 01823 CW 2023-12-16 1843 YP8T          599 0436 28    YT1Q          599 0000 28   
QSO: 01829 CW 2023-12-16 1844 YP8T          599 0437 28    SM6F          599 0000 18   
QSO: 01829 CW 2023-12-16 1845 YP8T          599 0438 28    HG7J          599 0000 28   
QSO: 03538 CW 2023-12-16 1846 YP8T          599 0439 28    OK4RQ         599 0000 28   
QSO: 03538 CW 2023-12-16 1847 YP8T          599 0440 28    OK2EQ         599 0000 28   
QSO: 01826 CW 2023-12-16 1847 YP8T          599 0441 28    DK5KK         599 0000 28   
QSO: 03538 CW 2023-12-16 1847 YP8T          599 0442 28    HA7MF         599 0000 28   
QSO: 01826 CW 2023-12-16 1848 YP8T          599 0443 28    S53V          599 0000 28   
QSO: 03538 CW 2023-12-16 1848 YP8T          599 0444 28    YO8DOH        599 0000 28   
QSO: 03538 CW 2023-12-16 1849 YP8T          599 0445 28    SN5J          599 0000 28   
QSO: 01826 CW 2023-12-16 1851 YP8T          599 0446 28    YT1BD         599 0000 28   
QSO: 01826 CW 2023-12-16 1851 YP8T          599 0447 28    YO8DOH        599 0000 28   
QSO: 03538 CW 2023-12-16 1851 YP8T          599 0448 28    OE6JTD        599 0000 28   
QSO: 01826 CW 2023-12-16 1852 YP8T          599 0449 28    OM4DU         599 0000 28   
QSO: 03538 CW 2023-12-16 1853 YP8T          599 0450 28    OM3ZU         599 0000 28   
QSO: 01826 CW 2023-12-16 1854 YP8T          599 0451 28    SN5J          599 0000 28   
QSO: 01826 CW 2023-12-16 1855 YP8T          599 0452 28    OH3MZ         599 0000 18   
QSO: 01826 CW 2023-12-16 1855 YP8T          599 0453 28    DO1AYJ        599 0000 28   
QSO: 03538 CW 2023-12-16 1855 YP8T          599 0454 28    OM6TX         599 0000 28   
QSO: 01826 CW 2023-12-16 1859 YP8T          599 0455 28    DJ5CW         599 0000 28   
QSO: 03538 CW 2023-12-16 1900 YP8T          599 0456 28    R7AC          599 0000 29   
QSO: 01832 CW 2023-12-16 1901 YP8T          599 0457 28    S524PMC       599 0000 28   
QSO: 03538 CW 2023-12-16 1901 YP8T          599 0458 28    DL1CW         599 0000 28   
QSO: 03538 CW 2023-12-16 1902 YP8T          599 0459 28    S52AU         599 0000 28   
QSO: 03538 CW 2023-12-16 1902 YP8T          599 0460 28    R7CA          599 0000 29   
QSO: 01832 CW 2023-12-16 1903 YP8T          599 0461 28    9A0KG         599 0000 ST   
QSO: 03538 CW 2023-12-16 1903 YP8T          599 0462 28    YU0U          599 0000 28   
QSO: 01828 CW 2023-12-16 1904 YP8T          599 0463 28    UC7A          599 0000 29   
QSO: 03538 CW 2023-12-16 1904 YP8T          599 0464 28    YT2U          599 0000 28   
QSO: 01820 CW 2023-12-16 1905 YP8T          599 0465 28    OM7AG         599 0000 28   
QSO: 01828 CW 2023-12-16 1906 YP8T          599 0466 28    S52F          599 0000 28   
QSO: 01829 CW 2023-12-16 1907 YP8T          599 0467 28    R7MM          599 0000 29   
QSO: 07006 CW 2023-12-16 1908 YP8T          599 0468 28    9A4M          599 0000 SK   
QSO: 07030 CW 2023-12-16 1909 YP8T          599 0469 28    UP0L          599 0000 30   
QSO: 07017 CW 2023-12-16 1909 YP8T          599 0470 28    E77EA         599 0000 28   
QSO: 07015 CW 2023-12-16 1910 YP8T          599 0471 28    OQ5M          599 0000 27   
QSO: 07011 CW 2023-12-16 1911 YP8T          599 0472 28    K1AR          599 0000 08   
QSO: 03535 CW 2023-12-16 1912 YP8T          599 0473 28    4Z4KX         599 0000 39   
QSO: 07005 CW 2023-12-16 1912 YP8T          599 0474 28    G3P           599 0000 27   
QSO: 03527 CW 2023-12-16 1913 YP8T          599 0475 28    UA4LL         599 0000 29   
QSO: 07005 CW 2023-12-16 1913 YP8T          599 0476 28    DL5JQ         599 0000 28   
QSO: 03536 CW 2023-12-16 1914 YP8T          599 0477 28    HG1A          599 0000 28   
QSO: 07005 CW 2023-12-16 1914 YP8T          599 0478 28    SN8T          599 0000 28   
QSO: 03536 CW 2023-12-16 1914 YP8T          599 0479 28    S57X          599 0000 28   
QSO: 07005 CW 2023-12-16 1914 YP8T          599 0480 28    K1ZZ          599 0000 08   
QSO: 03531 CW 2023-12-16 1915 YP8T          599 0481 28    YQ6A          599 0000 28   
QSO: 03516 CW 2023-12-16 1916 YP8T          599 0482 28    9A4BA         599 0000 OS   
QSO: 07005 CW 2023-12-16 1916 YP8T          599 0483 28    HB9DAX        599 0000 28   
QSO: 03521 CW 2023-12-16 1917 YP8T          599 0484 28    9A5X          599 0000 VZ   
QSO: 07005 CW 2023-12-16 1918 YP8T          599 0485 28    DM7X          599 0000 28   
QSO: 07005 CW 2023-12-16 1920 YP8T          599 0486 28    3Z600LD       599 0000 28   
QSO: 07012 CW 2023-12-16 1922 YP8T          599 0487 28    YL3FT         599 0000 29   
QSO: 07017 CW 2023-12-16 1922 YP8T          599 0488 28    VE2FK         599 0000 09   
QSO: 03542 CW 2023-12-16 1923 YP8T          599 0489 28    R8TT          599 0000 30   
QSO: 03551 CW 2023-12-16 1924 YP8T          599 0490 28    9A2KD         599 0000 SK   
QSO: 07034 CW 2023-12-16 1931 YP8T          599 0491 28    ZD7BG         599 0000 66   
QSO: 07031 CW 2023-12-16 1931 YP8T          599 0492 28    EC5K          599 0000 37   
QSO: 03544 CW 2023-12-16 1932 YP8T          599 0493 28    9A7R          599 0000 KA   
QSO: 07007 CW 2023-12-16 1933 YP8T          599 0494 28    UA6AA         599 0000 29   
QSO: 07007 CW 2023-12-16 1933 YP8T          599 0495 28    F6JOE         599 0000 27   
QSO: 07007 CW 2023-12-16 1933 YP8T          599 0496 28    AA3B          599 0000 08   
QSO: 07007 CW 2023-12-16 1934 YP8T          599 0497 28    IK2AHB        599 0000 28   
QSO: 07007 CW 2023-12-16 1934 YP8T          599 0498 28    F6IIT         599 0000 27   
QSO: 07007 CW 2023-12-16 1934 YP8T          599 0499 28    G4RWD         599 0000 27   
QSO: 07007 CW 2023-12-16 1935 YP8T          599 0500 28    M0TDW         599 0000 27   
QSO: 07007 CW 2023-12-16 1935 YP8T          599 0501 28    EA3FZT        599 0000 37   
QSO: 07007 CW 2023-12-16 1935 YP8T          599 0502 28    PA0JNH        599 0000 27   
QSO: 07007 CW 2023-12-16 1936 YP8T          599 0503 28    SP2QG         599 0000 28   
QSO: 07007 CW 2023-12-16 1937 YP8T          599 0504 28    M1T           599 0000 27   
QSO: 03518 CW 2023-12-16 1938 YP8T          599 0505 28    LZ4A          599 0000 28   
QSO: 03517 CW 2023-12-16 1938 YP8T          599 0506 28    DL6KVA        599 0000 28   
QSO: 07007 CW 2023-12-16 1939 YP8T          599 0507 28    EA8DIG        599 0000 36   
QSO: 07007 CW 2023-12-16 1940 YP8T          599 0508 28    E74O          599 0000 28   
QSO: 03515 CW 2023-12-16 1941 YP8T          599 0509 28    R3LA          599 0000 29   
QSO: 07007 CW 2023-12-16 1941 YP8T          599 0510 28    SF6J          599 0000 18   
QSO: 07007 CW 2023-12-16 1942 YP8T          599 0511 28    HA1YI         599 0000 28   
QSO: 03515 CW 2023-12-16 1942 YP8T          599 0512 28    OG7F          599 0000 18   
QSO: 07007 CW 2023-12-16 1943 YP8T          599 0513 28    HB9EBE        599 0000 28   
QSO: 03515 CW 2023-12-16 1943 YP8T          599 0514 28    UW2U          599 0000 29   
QSO: 07007 CW 2023-12-16 1943 YP8T          599 0515 28    OU2W          599 0000 18   
QSO: 03515 CW 2023-12-16 1943 YP8T          599 0516 28    RT9A          599 0000 30   
QSO: 07007 CW 2023-12-16 1943 YP8T          599 0517 28    LZ5R          599 0000 28   
QSO: 07007 CW 2023-12-16 1944 YP8T          599 0518 28    RA3AN         599 0000 29   
QSO: 03515 CW 2023-12-16 1944 YP8T          599 0519 28    I2IFT         599 0000 28   
QSO: 03515 CW 2023-12-16 1945 YP8T          599 0520 28    UW5IM         599 0000 29   
QSO: 07007 CW 2023-12-16 1945 YP8T          599 0521 28    HB9CEY        599 0000 28   
QSO: 03515 CW 2023-12-16 1945 YP8T          599 0522 28    9A4BT         599 0000 VZ   
QSO: 07007 CW 2023-12-16 1947 YP8T          599 0523 28    WA1Z          599 0000 08   
QSO: 03515 CW 2023-12-16 1948 YP8T          599 0524 28    OM5R          599 0000 28   
QSO: 03515 CW 2023-12-16 1948 YP8T          599 0525 28    OK6OK         599 0000 28   
QSO: 03515 CW 2023-12-16 1949 YP8T          599 0526 28    UR5EJ         599 0000 29   
QSO: 07006 CW 2023-12-16 1950 YP8T          599 0527 28    SM6LJU        599 0000 18   
QSO: 03515 CW 2023-12-16 1950 YP8T          599 0528 28    E72U          599 0000 28   
QSO: 07006 CW 2023-12-16 1951 YP8T          599 0529 28    ZA1RR         599 0000 28   
QSO: 03515 CW 2023-12-16 1952 YP8T          599 0530 28    IV3EAD        599 0000 28   
QSO: 03515 CW 2023-12-16 1952 YP8T          599 0531 28    YU7OM         599 0000 28   
QSO: 03515 CW 2023-12-16 1952 YP8T          599 0532 28    E74O          599 0000 28   
QSO: 07006 CW 2023-12-16 1952 YP8T          599 0533 28    IK6PTH        599 0000 28   
QSO: 03515 CW 2023-12-16 1953 YP8T          599 0534 28    RA3AN         599 0000 29   
QSO: 03515 CW 2023-12-16 1954 YP8T          599 0535 28    E75RKM        599 0000 28   
QSO: 07006 CW 2023-12-16 1954 YP8T          599 0536 28    SP5LST        599 0000 28   
QSO: 03515 CW 2023-12-16 1955 YP8T          599 0537 28    IT9RZU        599 0000 28   
QSO: 07006 CW 2023-12-16 1955 YP8T          599 0538 28    UC7A          599 0000 29   
QSO: 07006 CW 2023-12-16 1956 YP8T          599 0539 28    SN5J          599 0000 28   
QSO: 03515 CW 2023-12-16 1956 YP8T          599 0540 28    HG5P          599 0000 28   
QSO: 07006 CW 2023-12-16 1957 YP8T          599 0541 28    RU6MO         599 0000 29   
QSO: 03515 CW 2023-12-16 1957 YP8T          599 0542 28    S54X          599 0000 28   
QSO: 07006 CW 2023-12-16 1957 YP8T          599 0543 28    SP7JDI        599 0000 28   
QSO: 03515 CW 2023-12-16 1958 YP8T          599 0544 28    YT9WW         599 0000 28   
QSO: 03515 CW 2023-12-16 1958 YP8T          599 0545 28    OL5Y          599 0000 28   
QSO: 03515 CW 2023-12-16 1959 YP8T          599 0546 28    DJ5CW         599 0000 28   
QSO: 03515 CW 2023-12-16 1959 YP8T          599 0547 28    IV3FPX        599 0000 28   
QSO: 07006 CW 2023-12-16 1959 YP8T          599 0548 28    SP8GQU        599 0000 28   
QSO: 07015 CW 2023-12-16 2000 YP8T          599 0549 28    4L8A          599 0000 29   
QSO: 07020 CW 2023-12-16 2001 YP8T          599 0550 28    UA9CTT        599 0000 30   
QSO: 07005 CW 2023-12-16 2001 YP8T          599 0551 28    R4BZ          599 0000 29   
QSO: 07017 CW 2023-12-16 2002 YP8T          599 0552 28    R9GM          599 0000 29   
QSO: 03515 CW 2023-12-16 2003 YP8T          599 0553 28    P3X           599 0000 39   
QSO: 03515 CW 2023-12-16 2004 YP8T          599 0554 28    R7AC          599 0000 29   
QSO: 03515 CW 2023-12-16 2004 YP8T          599 0555 28    RV3AJ         599 0000 29   
QSO: 03515 CW 2023-12-16 2004 YP8T          599 0556 28    UR7HCX        599 0000 29   
QSO: 01818 CW 2023-12-16 2006 YP8T          599 0557 28    S53O          599 0000 28   
QSO: 03515 CW 2023-12-16 2006 YP8T          599 0558 28    SQ4NR         599 0000 28   
QSO: 01823 CW 2023-12-16 2007 YP8T          599 0559 28    SP8HWM        599 0000 28   
QSO: 03515 CW 2023-12-16 2007 YP8T          599 0560 28    IK2AHB        599 0000 28   
QSO: 01825 CW 2023-12-16 2008 YP8T          599 0561 28    SD6F          599 0000 18   
QSO: 01826 CW 2023-12-16 2008 YP8T          599 0562 28    9A5X          599 0000 VZ   
QSO: 01826 CW 2023-12-16 2008 YP8T          599 0563 28    UT4WA         599 0000 29   
QSO: 03515 CW 2023-12-16 2009 YP8T          599 0564 28    HA6NL         599 0000 28   
QSO: 01830 CW 2023-12-16 2010 YP8T          599 0565 28    YT2RX         599 0000 28   
QSO: 01830 CW 2023-12-16 2010 YP8T          599 0566 28    SN1T          599 0000 28   
QSO: 01830 CW 2023-12-16 2010 YP8T          599 0567 28    HA8V          599 0000 28   
QSO: 01830 CW 2023-12-16 2011 YP8T          599 0568 28    UW2U          599 0000 29   
QSO: 01830 CW 2023-12-16 2011 YP8T          599 0569 28    US6EX         599 0000 29   
QSO: 03515 CW 2023-12-16 2012 YP8T          599 0570 28    YO5BDL        599 0000 28   
QSO: 03515 CW 2023-12-16 2013 YP8T          599 0571 28    UA4Q          599 0000 30   
QSO: 03515 CW 2023-12-16 2014 YP8T          599 0572 28    ZA1F          599 0000 28   
QSO: 03515 CW 2023-12-16 2015 YP8T          599 0573 28    OE5TXF        599 0000 28   
QSO: 03515 CW 2023-12-16 2015 YP8T          599 0574 28    YT2RX         599 0000 28   
QSO: 01830 CW 2023-12-16 2016 YP8T          599 0575 28    YO4RDW        599 0000 28   
QSO: 01830 CW 2023-12-16 2016 YP8T          599 0576 28    SP7CF         599 0000 28   
QSO: 03515 CW 2023-12-16 2017 YP8T          599 0577 28    SP3BBS        599 0000 28   
QSO: 03515 CW 2023-12-16 2017 YP8T          599 0578 28    S53M          599 0000 28   
QSO: 01830 CW 2023-12-16 2017 YP8T          599 0579 28    P3X           599 0000 39   
QSO: 03515 CW 2023-12-16 2018 YP8T          599 0580 28    LZ1ZJ         599 0000 28   
QSO: 01830 CW 2023-12-16 2019 YP8T          599 0581 28    E79D          599 0000 28   
QSO: 03515 CW 2023-12-16 2020 YP8T          599 0582 28    OK1OA         599 0000 28   
QSO: 03515 CW 2023-12-16 2020 YP8T          599 0583 28    OH3MZ         599 0000 18   
QSO: 01830 CW 2023-12-16 2021 YP8T          599 0584 28    DM7AA         599 0000 28   
QSO: 03515 CW 2023-12-16 2023 YP8T          599 0585 28    LY3CY         599 0000 29   
QSO: 01830 CW 2023-12-16 2024 YP8T          599 0586 28    F5TFW         599 0000 27   
QSO: 01835 CW 2023-12-16 2025 YP8T          599 0587 28    LZ8E          599 0000 28   
QSO: 03515 CW 2023-12-16 2026 YP8T          599 0588 28    SV2SKD        599 0000 28   
QSO: 03515 CW 2023-12-16 2027 YP8T          599 0589 28    HA0GK         599 0000 28   
QSO: 01828 CW 2023-12-16 2027 YP8T          599 0590 28    HB9CVQ        599 0000 28   
QSO: 03515 CW 2023-12-16 2028 YP8T          599 0591 28    UX7IW         599 0000 29   
QSO: 03515 CW 2023-12-16 2029 YP8T          599 0592 28    LZ3ZZ         599 0000 28   
QSO: 01827 CW 2023-12-16 2031 YP8T          599 0593 28    EW8DX         599 0000 29   
QSO: 03515 CW 2023-12-16 2031 YP8T          599 0594 28    RA5G          599 0000 29   
QSO: 03515 CW 2023-12-16 2034 YP8T          599 0595 28    SN1T          599 0000 28   
QSO: 01830 CW 2023-12-16 2034 YP8T          599 0596 28    S53M          599 0000 28   
QSO: 01830 CW 2023-12-16 2034 YP8T          599 0597 28    RD4F          599 0000 29   
QSO: 01821 CW 2023-12-16 2035 YP8T          599 0598 28    9A2KD         599 0000 SK   
QSO: 03515 CW 2023-12-16 2035 YP8T          599 0599 28    R4BZ          599 0000 29   
QSO: 01831 CW 2023-12-16 2036 YP8T          599 0600 28    OK1TN         599 0000 28   
QSO: 03515 CW 2023-12-16 2037 YP8T          599 0601 28    SC6O          599 0000 18   
QSO: 03515 CW 2023-12-16 2037 YP8T          599 0602 28    S52WD         599 0000 28   
QSO: 03515 CW 2023-12-16 2037 YP8T          599 0603 28    HA3DX         599 0000 28   
QSO: 03515 CW 2023-12-16 2038 YP8T          599 0604 28    S52F          599 0000 28   
QSO: 03515 CW 2023-12-16 2038 YP8T          599 0605 28    UV1IX         599 0000 29   
QSO: 07033 CW 2023-12-16 2039 YP8T          599 0606 28    KR2AA         599 0000 08   
QSO: 07029 CW 2023-12-16 2040 YP8T          599 0607 28    LY2J          599 0000 29   
QSO: 07025 CW 2023-12-16 2040 YP8T          599 0608 28    W1WEF         599 0000 08   
QSO: 07024 CW 2023-12-16 2041 YP8T          599 0609 28    AD4EB         599 0000 08   
QSO: 07023 CW 2023-12-16 2042 YP8T          599 0610 28    9A0BR         599 0000 ST   
QSO: 07006 CW 2023-12-16 2043 YP8T          599 0611 28    E70T          599 0000 28   
QSO: 07010 CW 2023-12-16 2044 YP8T          599 0612 28    YT4W          599 0000 28   
QSO: 07013 CW 2023-12-16 2044 YP8T          599 0613 28    LZ6F          599 0000 28   
QSO: 07014 CW 2023-12-16 2044 YP8T          599 0614 28    LZ5DD         599 0000 28   
QSO: 07009 CW 2023-12-16 2045 YP8T          599 0615 28    HA2KMR        599 0000 28   
QSO: 07009 CW 2023-12-16 2046 YP8T          599 0616 28    9A2M          599 0000 VK   
QSO: 07009 CW 2023-12-16 2046 YP8T          599 0617 28    IK1RQQ        599 0000 28   
QSO: 07009 CW 2023-12-16 2046 YP8T          599 0618 28    HA8AT         599 0000 28   
QSO: 07009 CW 2023-12-16 2047 YP8T          599 0619 28    RO5X          599 0000 29   
QSO: 07009 CW 2023-12-16 2048 YP8T          599 0620 28    PA1BX         599 0000 27   
QSO: 07009 CW 2023-12-16 2048 YP8T          599 0621 28    YT1A          599 0000 28   
QSO: 07009 CW 2023-12-16 2048 YP8T          599 0622 28    HA8TP         599 0000 28   
QSO: 07009 CW 2023-12-16 2048 YP8T          599 0623 28    LA2HFA        599 0000 18   
QSO: 07009 CW 2023-12-16 2049 YP8T          599 0624 28    S53M          599 0000 28   
QSO: 07036 CW 2023-12-16 2050 YP8T          599 0625 28    9A3YT         599 0000 RI   
QSO: 07009 CW 2023-12-16 2051 YP8T          599 0626 28    HB9AMO        599 0000 28   
QSO: 07009 CW 2023-12-16 2051 YP8T          599 0627 28    HA3HO         599 0000 28   
QSO: 07009 CW 2023-12-16 2051 YP8T          599 0628 28    DL1EAR        599 0000 28   
QSO: 07009 CW 2023-12-16 2051 YP8T          599 0629 28    N4AF          599 0000 08   
QSO: 07009 CW 2023-12-16 2052 YP8T          599 0630 28    OE1PMU        599 0000 28   
QSO: 07009 CW 2023-12-16 2052 YP8T          599 0631 28    SQ4NR         599 0000 28   
QSO: 07009 CW 2023-12-16 2052 YP8T          599 0632 28    YO2NAA        599 0000 28   
QSO: 07009 CW 2023-12-16 2052 YP8T          599 0633 28    G3SQU         599 0000 27   
QSO: 03549 CW 2023-12-16 2053 YP8T          599 0634 28    9A0KG         599 0000 ST   
QSO: 07009 CW 2023-12-16 2053 YP8T          599 0635 28    EI0W          599 0000 27   
QSO: 07009 CW 2023-12-16 2053 YP8T          599 0636 28    N1DC          599 0000 08   
QSO: 03544 CW 2023-12-16 2053 YP8T          599 0637 28    YO8OLY        599 0000 28   
QSO: 07009 CW 2023-12-16 2054 YP8T          599 0638 28    KR2H          599 0000 08   
QSO: 07009 CW 2023-12-16 2056 YP8T          599 0639 28    YU7OM         599 0000 28   
QSO: 07009 CW 2023-12-16 2056 YP8T          599 0640 28    EW8DX         599 0000 29   
QSO: 03517 CW 2023-12-16 2059 YP8T          599 0641 28    9A2KI         599 0000 SB   
QSO: 07009 CW 2023-12-16 2059 YP8T          599 0642 28    Z32TO         599 0000 28   
QSO: 07009 CW 2023-12-16 2100 YP8T          599 0643 28    EW8DX         599 0000 29   
QSO: 07009 CW 2023-12-16 2100 YP8T          599 0644 28    I2IFT         599 0000 28   
QSO: 07009 CW 2023-12-16 2100 YP8T          599 0645 28    G3WW          599 0000 27   
QSO: 07009 CW 2023-12-16 2101 YP8T          599 0646 28    OZ3SM         599 0000 18   
QSO: 07009 CW 2023-12-16 2101 YP8T          599 0647 28    SP8HWM        599 0000 28   
QSO: 03513 CW 2023-12-16 2102 YP8T          599 0648 28    ON7PQ         599 0000 27   
QSO: 07009 CW 2023-12-16 2103 YP8T          599 0649 28    YT7X          599 0000 28   
QSO: 07009 CW 2023-12-16 2103 YP8T          599 0650 28    E74X          599 0000 28   
QSO: 07009 CW 2023-12-16 2103 YP8T          599 0651 28    SP9ENV        599 0000 28   
QSO: 03533 CW 2023-12-16 2104 YP8T          599 0652 28    PA3FQA        599 0000 27   
QSO: 07009 CW 2023-12-16 2104 YP8T          599 0653 28    NJ4Q          599 0000 08   
QSO: 03538 CW 2023-12-16 2105 YP8T          599 0654 28    OL4W          599 0000 28   
QSO: 03538 CW 2023-12-16 2105 YP8T          599 0655 28    DL1MGB        599 0000 28   
QSO: 03538 CW 2023-12-16 2106 YP8T          599 0656 28    OQ5M          599 0000 27   
QSO: 07009 CW 2023-12-16 2106 YP8T          599 0657 28    LZ2PS         599 0000 28   
QSO: 03538 CW 2023-12-16 2107 YP8T          599 0658 28    YT6X          599 0000 28   
QSO: 07009 CW 2023-12-16 2108 YP8T          599 0659 28    K2KA          599 0000 08   
QSO: 03538 CW 2023-12-16 2108 YP8T          599 0660 28    S51MF         599 0000 28   
QSO: 07009 CW 2023-12-16 2109 YP8T          599 0661 28    K1TR          599 0000 08   
QSO: 07009 CW 2023-12-16 2109 YP8T          599 0662 28    LZ5M          599 0000 28   
QSO: 07009 CW 2023-12-16 2110 YP8T          599 0663 28    DJ0YI         599 0000 28   
QSO: 07009 CW 2023-12-16 2110 YP8T          599 0664 28    9A2U          599 0000 KA   
QSO: 03538 CW 2023-12-16 2112 YP8T          599 0665 28    DM7M          599 0000 28   
QSO: 03538 CW 2023-12-16 2112 YP8T          599 0666 28    YT5R          599 0000 28   
QSO: 07025 CW 2023-12-16 2114 YP8T          599 0667 28    W8FJ          599 0000 08   
QSO: 03538 CW 2023-12-16 2114 YP8T          599 0668 28    S52ON         599 0000 28   
QSO: 07025 CW 2023-12-16 2115 YP8T          599 0669 28    NB1N          599 0000 08   
QSO: 03538 CW 2023-12-16 2116 YP8T          599 0670 28    SP5LST        599 0000 28   
QSO: 03538 CW 2023-12-16 2116 YP8T          599 0671 28    HB9BXE        599 0000 28   
QSO: 07037 CW 2023-12-16 2117 YP8T          599 0672 28    VE3MM         599 0000 04   
QSO: 07015 CW 2023-12-16 2117 YP8T          599 0673 28    N3QE          599 0000 08   
QSO: 03538 CW 2023-12-16 2118 YP8T          599 0674 28    E70T          599 0000 28   
QSO: 07029 CW 2023-12-16 2119 YP8T          599 0675 28    W1GD          599 0000 08   
QSO: 07031 CW 2023-12-16 2119 YP8T          599 0676 28    NR4M          599 0000 08   
QSO: 03538 CW 2023-12-16 2120 YP8T          599 0677 28    RU3A          599 0000 29   
QSO: 03538 CW 2023-12-16 2121 YP8T          599 0678 28    SM2M          599 0000 18   
QSO: 07007 CW 2023-12-16 2123 YP8T          599 0679 28    RA5G          599 0000 29   
QSO: 03518 CW 2023-12-16 2123 YP8T          599 0680 28    CT9ABN        599 0000 36   
QSO: 07007 CW 2023-12-16 2123 YP8T          599 0681 28    EA5DO         599 0000 37   
QSO: 03521 CW 2023-12-16 2124 YP8T          599 0682 28    UW8SM         599 0000 29   
QSO: 03511 CW 2023-12-16 2125 YP8T          599 0683 28    R9GM          599 0000 29   
QSO: 07007 CW 2023-12-16 2125 YP8T          599 0684 28    OE4EIE        599 0000 28   
QSO: 07007 CW 2023-12-16 2126 YP8T          599 0685 28    M0EAS         599 0000 27   
QSO: 03529 CW 2023-12-16 2127 YP8T          599 0686 28    I2WIJ         599 0000 28   
QSO: 03543 CW 2023-12-16 2128 YP8T          599 0687 28    OM5AA         599 0000 28   
QSO: 03529 CW 2023-12-16 2128 YP8T          599 0688 28    LZ5DI         599 0000 28   
QSO: 07007 CW 2023-12-16 2129 YP8T          599 0689 28    AK1MD         599 0000 08   
QSO: 07007 CW 2023-12-16 2129 YP8T          599 0690 28    G3RLE         599 0000 27   
QSO: 03516 CW 2023-12-16 2130 YP8T          599 0691 28    OK5D          599 0000 28   
QSO: 07007 CW 2023-12-16 2130 YP8T          599 0692 28    EI8KW         599 0000 27   
QSO: 03515 CW 2023-12-16 2130 YP8T          599 0693 28    DL5JQ         599 0000 28   
QSO: 03516 CW 2023-12-16 2131 YP8T          599 0694 28    DK8NT         599 0000 28   
QSO: 07007 CW 2023-12-16 2131 YP8T          599 0695 28    YO3XX         599 0000 28   
QSO: 07007 CW 2023-12-16 2132 YP8T          599 0696 28    PD1RP         599 0000 27   
QSO: 07007 CW 2023-12-16 2132 YP8T          599 0697 28    OK2MBP        599 0000 28   
QSO: 07007 CW 2023-12-16 2133 YP8T          599 0698 28    AB2FN         599 0000 08   
QSO: 07007 CW 2023-12-16 2133 YP8T          599 0699 28    NS2N          599 0000 08   
QSO: 07007 CW 2023-12-16 2133 YP8T          599 0700 28    W1KM          599 0000 08   
QSO: 07007 CW 2023-12-16 2134 YP8T          599 0701 28    MI4I          599 0000 27   
QSO: 03548 CW 2023-12-16 2135 YP8T          599 0702 28    S58Y          599 0000 28   
QSO: 03532 CW 2023-12-16 2137 YP8T          599 0703 28    9A4M          599 0000 SK   
QSO: 07007 CW 2023-12-16 2138 YP8T          599 0704 28    LZ7X          599 0000 28   
QSO: 07007 CW 2023-12-16 2138 YP8T          599 0705 28    YO8/LZ4UU     599 0000 28   
QSO: 03531 CW 2023-12-16 2138 YP8T          599 0706 28    S57KM         599 0000 28   
QSO: 03510 CW 2023-12-16 2139 YP8T          599 0707 28    9A2X          599 0000 VZ   
QSO: 07007 CW 2023-12-16 2139 YP8T          599 0708 28    G4HOM         599 0000 27   
QSO: 03515 CW 2023-12-16 2140 YP8T          599 0709 28    R7MM          599 0000 29   
QSO: 07007 CW 2023-12-16 2140 YP8T          599 0710 28    S59AA         599 0000 28   
QSO: 07007 CW 2023-12-16 2140 YP8T          599 0711 28    OM3ZU         599 0000 28   
QSO: 07007 CW 2023-12-16 2141 YP8T          599 0712 28    W1FJ          599 0000 08   
QSO: 07027 CW 2023-12-16 2143 YP8T          599 0713 28    N3RD          599 0000 08   
QSO: 07004 CW 2023-12-16 2145 YP8T          599 0714 28    NC1CC         599 0000 08   
QSO: 07007 CW 2023-12-16 2148 YP8T          599 0715 28    YT3D          599 0000 28   
QSO: 07008 CW 2023-12-16 2148 YP8T          599 0716 28    S58M          599 0000 28   
QSO: 07011 CW 2023-12-16 2151 YP8T          599 0717 28    VE3VN         599 0000 04   
QSO: 03513 CW 2023-12-16 2154 YP8T          599 0718 28    W1KM          599 0000 08   
QSO: 03530 CW 2023-12-16 2155 YP8T          599 0719 28    E74A          599 0000 28   
QSO: 07000 CW 2023-12-16 2156 YP8T          599 0720 28    K9NW          599 0000 08   
QSO: 03527 CW 2023-12-16 2156 YP8T          599 0721 28    HA4A          599 0000 28   
QSO: 07000 CW 2023-12-16 2156 YP8T          599 0722 28    HA7MF         599 0000 28   
QSO: 07000 CW 2023-12-16 2156 YP8T          599 0723 28    NN4SS         599 0000 08   
QSO: 03526 CW 2023-12-16 2157 YP8T          599 0724 28    PA3DBS        599 0000 27   
QSO: 03512 CW 2023-12-16 2158 YP8T          599 0725 28    S56X          599 0000 28   
QSO: 07000 CW 2023-12-16 2158 YP8T          599 0726 28    LZ3ZZ         599 0000 28   
QSO: 07019 CW 2023-12-16 2200 YP8T          599 0727 28    9A3XV         599 0000 ZG   
QSO: 07008 CW 2023-12-16 2201 YP8T          599 0728 28    N8II          599 0000 08   
QSO: 03509 CW 2023-12-16 2203 YP8T          599 0729 28    YP3X          599 0000 28   
QSO: 03510 CW 2023-12-16 2204 YP8T          599 0730 28    YL3FT         599 0000 29   
QSO: 03520 CW 2023-12-16 2204 YP8T          599 0731 28    E70AW         599 0000 28   
QSO: 03547 CW 2023-12-16 2205 YP8T          599 0732 28    OK2MBP        599 0000 28   
QSO: 03537 CW 2023-12-16 2206 YP8T          599 0733 28    S52W          599 0000 28   
QSO: 03516 CW 2023-12-16 2206 YP8T          599 0734 28    SP2R          599 0000 28   
QSO: 03518 CW 2023-12-16 2207 YP8T          599 0735 28    K1ZZ          599 0000 08   
QSO: 01830 CW 2023-12-16 2209 YP8T          599 0736 28    RG9A          599 0000 30   
QSO: 01836 CW 2023-12-16 2210 YP8T          599 0737 28    9A2U          599 0000 KA   
QSO: 01826 CW 2023-12-16 2210 YP8T          599 0738 28    9A5M          599 0000 OS   
QSO: 01833 CW 2023-12-16 2211 YP8T          599 0739 28    9A4M          599 0000 SK   
QSO: 01825 CW 2023-12-16 2214 YP8T          599 0740 28    S57AW         599 0000 28   
QSO: 01825 CW 2023-12-16 2215 YP8T          599 0741 28    SM2M          599 0000 18   
QSO: 03515 CW 2023-12-16 2216 YP8T          599 0742 28    YU1ZZ         599 0000 28   
QSO: 01825 CW 2023-12-16 2216 YP8T          599 0743 28    YL3JA         599 0000 29   
QSO: 01825 CW 2023-12-16 2216 YP8T          599 0744 28    LZ5DI         599 0000 28   
QSO: 01825 CW 2023-12-16 2217 YP8T          599 0745 28    DL8QS         599 0000 28   
QSO: 01825 CW 2023-12-16 2218 YP8T          599 0746 28    SO3O          599 0000 28   
QSO: 01825 CW 2023-12-16 2219 YP8T          599 0747 28    OK1DOT        599 0000 28   
QSO: 01825 CW 2023-12-16 2220 YP8T          599 0748 28    EI0W          599 0000 27   
QSO: 01825 CW 2023-12-16 2220 YP8T          599 0749 28    UW3WF         599 0000 29   
QSO: 03515 CW 2023-12-16 2220 YP8T          599 0750 28    DL4ME         599 0000 28   
QSO: 01825 CW 2023-12-16 2220 YP8T          599 0751 28    SP2MKT        599 0000 28   
QSO: 03515 CW 2023-12-16 2221 YP8T          599 0752 28    UW7LL         599 0000 29   
QSO: 01825 CW 2023-12-16 2221 YP8T          599 0753 28    DL5KVV        599 0000 28   
QSO: 03515 CW 2023-12-16 2222 YP8T          599 0754 28    RO5X          599 0000 29   
QSO: 01825 CW 2023-12-16 2222 YP8T          599 0755 28    UR7EC         599 0000 29   
QSO: 03515 CW 2023-12-16 2222 YP8T          599 0756 28    SN2S          599 0000 28   
QSO: 01825 CW 2023-12-16 2223 YP8T          599 0757 28    SQ9FMU        599 0000 28   
QSO: 03515 CW 2023-12-16 2223 YP8T          599 0758 28    LZ5R          599 0000 28   
QSO: 01825 CW 2023-12-16 2223 YP8T          599 0759 28    RW7K          599 0000 29   
QSO: 03515 CW 2023-12-16 2225 YP8T          599 0760 28    OU2W          599 0000 18   
QSO: 01825 CW 2023-12-16 2226 YP8T          599 0761 28    UA3MIF        599 0000 29   
QSO: 03515 CW 2023-12-16 2226 YP8T          599 0762 28    Z35M          599 0000 28   
QSO: 01825 CW 2023-12-16 2226 YP8T          599 0763 28    DJ3RA         599 0000 28   
QSO: 01825 CW 2023-12-16 2227 YP8T          599 0764 28    UA6AA         599 0000 29   
QSO: 03515 CW 2023-12-16 2229 YP8T          599 0765 28    S53K          599 0000 28   
QSO: 03515 CW 2023-12-16 2229 YP8T          599 0766 28    RN3BL         599 0000 29   
QSO: 03515 CW 2023-12-16 2231 YP8T          599 0767 28    US7UK         599 0000 29   
QSO: 01825 CW 2023-12-16 2232 YP8T          599 0768 28    SN8T          599 0000 28   
QSO: 07025 CW 2023-12-16 2234 YP8T          599 0769 28    9A4BT         599 0000 VZ   
QSO: 07003 CW 2023-12-16 2235 YP8T          599 0770 28    KR2Q          599 0000 08   
QSO: 07006 CW 2023-12-16 2236 YP8T          599 0771 28    M4T           599 0000 27   
QSO: 07006 CW 2023-12-16 2237 YP8T          599 0772 28    OK4X          599 0000 28   
QSO: 03503 CW 2023-12-16 2237 YP8T          599 0773 28    SV1JG         599 0000 28   
QSO: 03508 CW 2023-12-16 2238 YP8T          599 0774 28    IK1JJM        599 0000 28   
QSO: 03512 CW 2023-12-16 2239 YP8T          599 0775 28    SP2FAP        599 0000 28   
QSO: 03515 CW 2023-12-16 2239 YP8T          599 0776 28    SP2GMA        599 0000 28   
QSO: 07006 CW 2023-12-16 2239 YP8T          599 0777 28    DL9ZP         599 0000 28   
QSO: 03516 CW 2023-12-16 2239 YP8T          599 0778 28    OZ1AAR        599 0000 18   
QSO: 07006 CW 2023-12-16 2240 YP8T          599 0779 28    K3IE          599 0000 08   
QSO: 03517 CW 2023-12-16 2240 YP8T          599 0780 28    SP1D          599 0000 28   
QSO: 07006 CW 2023-12-16 2240 YP8T          599 0781 28    SP2MKT        599 0000 28   
QSO: 03518 CW 2023-12-16 2240 YP8T          599 0782 28    DR2C          599 0000 28   
QSO: 07006 CW 2023-12-16 2242 YP8T          599 0783 28    OM5KP         599 0000 28   
QSO: 07006 CW 2023-12-16 2242 YP8T          599 0784 28    LY2TS         599 0000 29   
QSO: 03519 CW 2023-12-16 2250 YP8T          599 0785 28    EC5K          599 0000 37   
QSO: 03516 CW 2023-12-16 2250 YP8T          599 0786 28    LZ5XQ         599 0000 28   
QSO: 03527 CW 2023-12-16 2250 YP8T          599 0787 28    EI0W          599 0000 27   
QSO: 03502 CW 2023-12-16 2251 YP8T          599 0788 28    W1WEF         599 0000 08   
QSO: 03505 CW 2023-12-16 2252 YP8T          599 0789 28    OK1QM         599 0000 28   
QSO: 03547 CW 2023-12-16 2253 YP8T          599 0790 28    YT5DM         599 0000 28   
QSO: 03535 CW 2023-12-16 2253 YP8T          599 0791 28    S57L          599 0000 28   
QSO: 03504 CW 2023-12-16 2253 YP8T          599 0792 28    HB9DHG        599 0000 28   
QSO: 03532 CW 2023-12-16 2254 YP8T          599 0793 28    YT7X          599 0000 28   
QSO: 03517 CW 2023-12-16 2254 YP8T          599 0794 28    G4BUO         599 0000 27   
QSO: 03535 CW 2023-12-16 2256 YP8T          599 0795 28    9A3NC         599 0000 PU   
QSO: 03535 CW 2023-12-16 2256 YP8T          599 0796 28    UA3MIF        599 0000 29   
QSO: 07006 CW 2023-12-16 2256 YP8T          599 0797 28    NA8V          599 0000 08   
QSO: 03535 CW 2023-12-16 2257 YP8T          599 0798 28    E73RB         599 0000 28   
QSO: 07008 CW 2023-12-16 2300 YP8T          599 0799 28    JA7CUA        599 0000 45   
QSO: 03535 CW 2023-12-16 2300 YP8T          599 0800 28    UT0CK         599 0000 29   
QSO: 07008 CW 2023-12-16 2302 YP8T          599 0801 28    SN1T          599 0000 28   
QSO: 07008 CW 2023-12-16 2304 YP8T          599 0802 28    UA3MIF        599 0000 29   
QSO: 07008 CW 2023-12-16 2306 YP8T          599 0803 28    NM2A          599 0000 08   
QSO: 03534 CW 2023-12-16 2307 YP8T          599 0804 28    UA9CTT        599 0000 30   
QSO: 03534 CW 2023-12-16 2307 YP8T          599 0805 28    IK3SWB        599 0000 28   
QSO: 03534 CW 2023-12-16 2307 YP8T          599 0806 28    LZ7DX         599 0000 28   
QSO: 07008 CW 2023-12-16 2308 YP8T          599 0807 28    N3AM          599 0000 08   
QSO: 07008 CW 2023-12-16 2308 YP8T          599 0808 28    VE9ML         599 0000 09   
QSO: 07004 CW 2023-12-16 2310 YP8T          599 0809 28    JA6WFM        599 0000 45   
QSO: 07023 CW 2023-12-16 2311 YP8T          599 0810 28    EA2AZ         599 0000 37   
QSO: 03534 CW 2023-12-16 2311 YP8T          599 0811 28    UZ1U          599 0000 29   
QSO: 07023 CW 2023-12-16 2312 YP8T          599 0812 28    W1FV          599 0000 08   
QSO: 03534 CW 2023-12-16 2313 YP8T          599 0813 28    OM5KP         599 0000 28   
QSO: 07022 CW 2023-12-16 2313 YP8T          599 0814 28    DF8AE         599 0000 28   
QSO: 03534 CW 2023-12-16 2313 YP8T          599 0815 28    US7UC         599 0000 29   
QSO: 07026 CW 2023-12-16 2315 YP8T          599 0816 28    YL3JA         599 0000 29   
QSO: 07020 CW 2023-12-16 2316 YP8T          599 0817 28    OM7LW         599 0000 28   
QSO: 07018 CW 2023-12-16 2317 YP8T          599 0818 28    DL2W          599 0000 28   
QSO: 07019 CW 2023-12-16 2318 YP8T          599 0819 28    VR2CO         599 0000 44   
QSO: 07027 CW 2023-12-16 2319 YP8T          599 0820 28    UA9CDC        599 0000 30   
QSO: 03507 CW 2023-12-16 2321 YP8T          599 0821 28    9A3XV         599 0000 ZG   
QSO: 07033 CW 2023-12-16 2322 YP8T          599 0822 28    UA9R          599 0000 30   
QSO: 01832 CW 2023-12-16 2324 YP8T          599 0823 28    E77EA         599 0000 28   
QSO: 01812 CW 2023-12-16 2324 YP8T          599 0824 28    SP2R          599 0000 28   
QSO: 01822 CW 2023-12-16 2325 YP8T          599 0825 28    CT9ABN        599 0000 36   
QSO: 01825 CW 2023-12-16 2325 YP8T          599 0826 28    OZ1AAR        599 0000 18   
QSO: 01827 CW 2023-12-16 2326 YP8T          599 0827 28    LZ5R          599 0000 28   
QSO: 03521 CW 2023-12-16 2326 YP8T          599 0828 28    DJ4MX         599 0000 28   
QSO: 03546 CW 2023-12-16 2327 YP8T          599 0829 28    E74X          599 0000 28   
QSO: 01827 CW 2023-12-16 2328 YP8T          599 0830 28    S52ON         599 0000 28   
QSO: 01827 CW 2023-12-16 2329 YP8T          599 0831 28    DL1CW         599 0000 28   
QSO: 03505 CW 2023-12-16 2330 YP8T          599 0832 28    UA9CDC        599 0000 30   
QSO: 03536 CW 2023-12-16 2330 YP8T          599 0833 28    AA3B          599 0000 08   
QSO: 03528 CW 2023-12-16 2331 YP8T          599 0834 28    YT3D          599 0000 28   
QSO: 01827 CW 2023-12-16 2331 YP8T          599 0835 28    US6EX         599 0000 29   
QSO: 03516 CW 2023-12-16 2331 YP8T          599 0836 28    SP3CW         599 0000 28   
QSO: 01810 CW 2023-12-16 2334 YP8T          599 0837 28    9A2KI         599 0000 SB   
QSO: 03515 CW 2023-12-16 2336 YP8T          599 0838 28    LY2MM         599 0000 29   
QSO: 01822 CW 2023-12-16 2337 YP8T          599 0839 28    9A5TW         599 0000 ZG   
QSO: 01835 CW 2023-12-16 2337 YP8T          599 0840 28    OK2MBP        599 0000 28   
QSO: 07015 CW 2023-12-16 2339 YP8T          599 0841 28    N9NC          599 0000 08   
QSO: 07016 CW 2023-12-16 2340 YP8T          599 0842 28    W4PM          599 0000 08   
QSO: 07030 CW 2023-12-16 2341 YP8T          599 0843 28    N1IX          599 0000 08   
QSO: 07011 CW 2023-12-16 2342 YP8T          599 0844 28    DL6KVA        599 0000 28   
QSO: 07011 CW 2023-12-16 2343 YP8T          599 0845 28    UY5ZZ         599 0000 29   
QSO: 03512 CW 2023-12-16 2344 YP8T          599 0846 28    N4AF          599 0000 08   
QSO: 07012 CW 2023-12-16 2346 YP8T          599 0847 28    K1FQL         599 0000 08   
QSO: 03543 CW 2023-12-16 2347 YP8T          599 0848 28    9A5ST         599 0000 ST   
QSO: 03531 CW 2023-12-16 2347 YP8T          599 0849 28    OK1CZ         599 0000 28   
QSO: 03527 CW 2023-12-16 2349 YP8T          599 0850 28    IZ4ZZB        599 0000 28   
QSO: 07026 CW 2023-12-16 2350 YP8T          599 0851 28    E74A          599 0000 28   
QSO: 07024 CW 2023-12-16 2356 YP8T          599 0852 28    PT2AW         599 0000 13   
QSO: 07024 CW 2023-12-16 2357 YP8T          599 0853 28    G6T           599 0000 27   
QSO: 07021 CW 2023-12-16 2358 YP8T          599 0854 28    OG3B          599 0000 18   
QSO: 01823 CW 2023-12-17 0000 YP8T          599 0855 28    9A3XV         599 0000 ZG   
QSO: 01828 CW 2023-12-17 0000 YP8T          599 0856 28    YT3D          599 0000 28   
QSO: 01816 CW 2023-12-17 0001 YP8T          599 0857 28    DJ4MX         599 0000 28   
QSO: 01827 CW 2023-12-17 0002 YP8T          599 0858 28    OK1CZ         599 0000 28   
QSO: 03513 CW 2023-12-17 0003 YP8T          599 0859 28    RA7A          599 0000 29   
QSO: 01830 CW 2023-12-17 0003 YP8T          599 0860 28    RL5A          599 0000 29   
QSO: 03517 CW 2023-12-17 0003 YP8T          599 0861 28    E77EA         599 0000 28   
QSO: 01830 CW 2023-12-17 0005 YP8T          599 0862 28    US7UC         599 0000 29   
QSO: 01830 CW 2023-12-17 0006 YP8T          599 0863 28    F5PLC         599 0000 27   
QSO: 03521 CW 2023-12-17 0009 YP8T          599 0864 28    OE1CIW        599 0000 28   
QSO: 03528 CW 2023-12-17 0009 YP8T          599 0865 28    SN7J          599 0000 28   
QSO: 03522 CW 2023-12-17 0010 YP8T          599 0866 28    HB9CVQ        599 0000 28   
QSO: 01830 CW 2023-12-17 0011 YP8T          599 0867 28    DR2C          599 0000 28   
QSO: 03528 CW 2023-12-17 0011 YP8T          599 0868 28    RW4CLF        599 0000 29   
QSO: 01830 CW 2023-12-17 0012 YP8T          599 0869 28    RA7A          599 0000 29   
QSO: 03534 CW 2023-12-17 0015 YP8T          599 0870 28    NB1N          599 0000 08   
QSO: 03512 CW 2023-12-17 0016 YP8T          599 0871 28    EA4KD         599 0000 37   
QSO: 01830 CW 2023-12-17 0017 YP8T          599 0872 28    OM3CPF        599 0000 28   
QSO: 01830 CW 2023-12-17 0019 YP8T          599 0873 28    F6AGM         599 0000 27   
QSO: 03525 CW 2023-12-17 0021 YP8T          599 0874 28    3Z600LD       599 0000 28   
QSO: 03533 CW 2023-12-17 0022 YP8T          599 0875 28    UR7EC         599 0000 29   
QSO: 03520 CW 2023-12-17 0023 YP8T          599 0876 28    DO2XU         599 0000 28   
QSO: 01830 CW 2023-12-17 0025 YP8T          599 0877 28    RO5X          599 0000 29   
QSO: 03518 CW 2023-12-17 0027 YP8T          599 0878 28    OE3K          599 0000 28   
QSO: 03527 CW 2023-12-17 0029 YP8T          599 0879 28    OK1NP         599 0000 28   
QSO: 07016 CW 2023-12-17 0031 YP8T          599 0880 28    CT1BOH        599 0000 37   
QSO: 07031 CW 2023-12-17 0032 YP8T          599 0881 28    K2NV          599 0000 08   
QSO: 07015 CW 2023-12-17 0033 YP8T          599 0882 28    W4RN          599 0000 08   
QSO: 07029 CW 2023-12-17 0033 YP8T          599 0883 28    N3CKI         599 0000 08   
QSO: 07002 CW 2023-12-17 0035 YP8T          599 0884 28    KM5G          599 0000 07   
QSO: 07018 CW 2023-12-17 0035 YP8T          599 0885 28    LZ7DX         599 0000 28   
QSO: 07019 CW 2023-12-17 0037 YP8T          599 0886 28    K3TW          599 0000 08   
QSO: 07019 CW 2023-12-17 0038 YP8T          599 0887 28    N3JT          599 0000 08   
QSO: 07019 CW 2023-12-17 0038 YP8T          599 0888 28    UA0D          599 0000 33   
QSO: 07019 CW 2023-12-17 0039 YP8T          599 0889 28    K3PA          599 0000 07   
QSO: 03516 CW 2023-12-17 0041 YP8T          599 0890 28    DG3T          599 0000 28   
QSO: 07019 CW 2023-12-17 0043 YP8T          599 0891 28    EA8/OH5ZA     599 0000 36   
QSO: 07015 CW 2023-12-17 0044 YP8T          599 0892 28    HB9DHG        599 0000 28   
QSO: 07019 CW 2023-12-17 0045 YP8T          599 0893 28    OG4T          599 0000 18   
QSO: 03543 CW 2023-12-17 0052 YP8T          599 0894 28    RT2F          599 0000 29   
QSO: 01811 CW 2023-12-17 0053 YP8T          599 0895 28    S56X          599 0000 28   
QSO: 03530 CW 2023-12-17 0054 YP8T          599 0896 28    9A5TW         599 0000 ZG   
QSO: 01831 CW 2023-12-17 0059 YP8T          599 0897 28    SO7NA         599 0000 28   
QSO: 01831 CW 2023-12-17 0100 YP8T          599 0898 28    OG4T          599 0000 18   
QSO: 03533 CW 2023-12-17 0100 YP8T          599 0899 28    OH8WW         599 0000 18   
QSO: 01831 CW 2023-12-17 0101 YP8T          599 0900 28    HG5P          599 0000 28   
QSO: 03538 CW 2023-12-17 0101 YP8T          599 0901 28    YL3JA         599 0000 29   
QSO: 03527 CW 2023-12-17 0102 YP8T          599 0902 28    IN3MNS        599 0000 28   
QSO: 01831 CW 2023-12-17 0104 YP8T          599 0903 28    DG3T          599 0000 28   
QSO: 03532 CW 2023-12-17 0105 YP8T          599 0904 28    EA8DIG        599 0000 36   
QSO: 03521 CW 2023-12-17 0107 YP8T          599 0905 28    SM5IMO        599 0000 18   
QSO: 03532 CW 2023-12-17 0109 YP8T          599 0906 28    RW3AI         599 0000 29   
QSO: 03535 CW 2023-12-17 0111 YP8T          599 0907 28    MM2N          599 0000 27   
QSO: 03526 CW 2023-12-17 0113 YP8T          599 0908 28    NY3A          599 0000 08   
QSO: 03544 CW 2023-12-17 0114 YP8T          599 0909 28    SN180RK       599 0000 28   
QSO: 01820 CW 2023-12-17 0115 YP8T          599 0910 28    DL2SWW        599 0000 28   
QSO: 01831 CW 2023-12-17 0117 YP8T          599 0911 28    SM5IMO        599 0000 18   
QSO: 01831 CW 2023-12-17 0118 YP8T          599 0912 28    OH8WW         599 0000 18   
QSO: 01831 CW 2023-12-17 0119 YP8T          599 0913 28    OK8KM         599 0000 28   
QSO: 03539 CW 2023-12-17 0120 YP8T          599 0914 28    ON9TT         599 0000 27   
QSO: 03532 CW 2023-12-17 0121 YP8T          599 0915 28    G3T           599 0000 27   
QSO: 07028 CW 2023-12-17 0123 YP8T          599 0916 28    K4BAI         599 0000 08   
QSO: 07026 CW 2023-12-17 0125 YP8T          599 0917 28    W1AW/1        599 0000 08   
QSO: 07030 CW 2023-12-17 0125 YP8T          599 0918 28    NE1C          599 0000 08   
QSO: 07023 CW 2023-12-17 0126 YP8T          599 0919 28    UA1CUR        599 0000 29   
QSO: 07024 CW 2023-12-17 0127 YP8T          599 0920 28    N4CW          599 0000 08   
QSO: 07017 CW 2023-12-17 0127 YP8T          599 0921 28    RA7A          599 0000 29   
QSO: 07029 CW 2023-12-17 0131 YP8T          599 0922 28    NY3A          599 0000 08   
QSO: 07028 CW 2023-12-17 0132 YP8T          599 0923 28    W4CB          599 0000 08   
QSO: 07028 CW 2023-12-17 0133 YP8T          599 0924 28    W2GD          599 0000 08   
QSO: 03514 CW 2023-12-17 0134 YP8T          599 0925 28    RU4LM         599 0000 29   
QSO: 03527 CW 2023-12-17 0135 YP8T          599 0926 28    9A2U          599 0000 KA   
QSO: 03516 CW 2023-12-17 0137 YP8T          599 0927 28    OR5T          599 0000 27   
QSO: 03530 CW 2023-12-17 0140 YP8T          599 0928 28    OG4T          599 0000 18   
QSO: 07010 CW 2023-12-17 0140 YP8T          599 0929 28    SP7CF         599 0000 28   
QSO: 07010 CW 2023-12-17 0141 YP8T          599 0930 28    PG7R          599 0000 27   
QSO: 07010 CW 2023-12-17 0141 YP8T          599 0931 28    N5RZ          599 0000 07   
QSO: 07010 CW 2023-12-17 0141 YP8T          599 0932 28    F4WEJ         599 0000 27   
QSO: 07031 CW 2023-12-17 0143 YP8T          599 0933 28    K5UV          599 0000 07   
QSO: 07010 CW 2023-12-17 0145 YP8T          599 0934 28    YQ6A          599 0000 28   
QSO: 03517 CW 2023-12-17 0147 YP8T          599 0935 28    DL2SWW        599 0000 28   
QSO: 01828 CW 2023-12-17 0151 YP8T          599 0936 28    SM6LJU        599 0000 18   
QSO: 03528 CW 2023-12-17 0152 YP8T          599 0937 28    E7CW          599 0000 28   
QSO: 01821 CW 2023-12-17 0155 YP8T          599 0938 28    SN180RK       599 0000 28   
QSO: 03529 CW 2023-12-17 0159 YP8T          599 0939 28    K1AR          599 0000 08   
QSO: 07004 CW 2023-12-17 0204 YP8T          599 0940 28    NG3J          599 0000 08   
QSO: 07032 CW 2023-12-17 0205 YP8T          599 0941 28    NN3Q          599 0000 08   
QSO: 07009 CW 2023-12-17 0205 YP8T          599 0942 28    OR5T          599 0000 27   
QSO: 07020 CW 2023-12-17 0207 YP8T          599 0943 28    DL1CW         599 0000 28   
QSO: 07013 CW 2023-12-17 0210 YP8T          599 0944 28    DF1GRA        599 0000 28   
QSO: 07013 CW 2023-12-17 0212 YP8T          599 0945 28    WY3A          599 0000 08   
QSO: 07013 CW 2023-12-17 0214 YP8T          599 0946 28    RU4LM         599 0000 29   
QSO: 07013 CW 2023-12-17 0215 YP8T          599 0947 28    N5AW          599 0000 07   
QSO: 07008 CW 2023-12-17 0221 YP8T          599 0948 28    9A5TW         599 0000 ZG   
QSO: 07020 CW 2023-12-17 0223 YP8T          599 0949 28    OE1CIW        599 0000 28   
QSO: 07033 CW 2023-12-17 0224 YP8T          599 0950 28    KE2D          599 0000 08   
QSO: 01816 CW 2023-12-17 0411 YP8T          599 0951 28    R3ZJ          599 0000 29   
QSO: 07003 CW 2023-12-17 0412 YP8T          599 0952 28    W4NF          599 0000 08   
QSO: 07008 CW 2023-12-17 0412 YP8T          599 0953 28    IT9RZU        599 0000 28   
QSO: 07014 CW 2023-12-17 0413 YP8T          599 0954 28    F5IN          599 0000 27   
QSO: 07023 CW 2023-12-17 0414 YP8T          599 0955 28    DD5M          599 0000 28   
QSO: 01826 CW 2023-12-17 0431 YP8T          599 0956 28    HG6O          599 0000 28   
QSO: 01827 CW 2023-12-17 0432 YP8T          599 0957 28    SJ6R          599 0000 18   
QSO: 07010 CW 2023-12-17 0433 YP8T          599 0958 28    UA9BA         599 0000 30   
QSO: 07013 CW 2023-12-17 0433 YP8T          599 0959 28    9A7DX         599 0000 DA   
QSO: 03529 CW 2023-12-17 0436 YP8T          599 0960 28    E73Y          599 0000 28   
QSO: 07009 CW 2023-12-17 0436 YP8T          599 0961 28    K9DX          599 0000 08   
QSO: 07009 CW 2023-12-17 0437 YP8T          599 0962 28    KE8PX         599 0000 08   
QSO: 07009 CW 2023-12-17 0437 YP8T          599 0963 28    RC9A          599 0000 30   
QSO: 03528 CW 2023-12-17 0438 YP8T          599 0964 28    RK4HYT        599 0000 30   
QSO: 03521 CW 2023-12-17 0438 YP8T          599 0965 28    OK1AY         599 0000 28   
QSO: 01825 CW 2023-12-17 0440 YP8T          599 0966 28    YO8WW         599 0000 28   
QSO: 07033 CW 2023-12-17 0442 YP8T          599 0967 28    K3RA          599 0000 08   
QSO: 03517 CW 2023-12-17 0443 YP8T          599 0968 28    F5IN          599 0000 27   
QSO: 03526 CW 2023-12-17 0445 YP8T          599 0969 28    DA0BCC        599 0000 28   
QSO: 03535 CW 2023-12-17 0445 YP8T          599 0970 28    SP2DKI        599 0000 28   
QSO: 03534 CW 2023-12-17 0447 YP8T          599 0971 28    ON5JT         599 0000 27   
QSO: 03518 CW 2023-12-17 0447 YP8T          599 0972 28    EW1M          599 0000 29   
QSO: 03512 CW 2023-12-17 0447 YP8T          599 0973 28    RX6AM         599 0000 29   
QSO: 03518 CW 2023-12-17 0448 YP8T          599 0974 28    LZ3QE         599 0000 28   
QSO: 01822 CW 2023-12-17 0450 YP8T          599 0975 28    YQ6A          599 0000 28   
QSO: 03534 CW 2023-12-17 0451 YP8T          599 0976 28    UW3WF         599 0000 29   
QSO: 03534 CW 2023-12-17 0451 YP8T          599 0977 28    YL2NK         599 0000 29   
QSO: 01826 CW 2023-12-17 0454 YP8T          599 0978 28    9A7DX         599 0000 DA   
QSO: 07018 CW 2023-12-17 0459 YP8T          599 0979 28    R4WR          599 0000 30   
QSO: 03532 CW 2023-12-17 0501 YP8T          599 0980 28    I6FDJ         599 0000 28   
QSO: 03526 CW 2023-12-17 0502 YP8T          599 0981 28    EV6Z          599 0000 29   
QSO: 07027 CW 2023-12-17 0503 YP8T          599 0982 28    YT6X          599 0000 28   
QSO: 07019 CW 2023-12-17 0504 YP8T          599 0983 28    RN4HAB        599 0000 30   
QSO: 07016 CW 2023-12-17 0504 YP8T          599 0984 28    S51W          599 0000 28   
QSO: 07013 CW 2023-12-17 0506 YP8T          599 0985 28    RD4F          599 0000 29   
QSO: 03528 CW 2023-12-17 0507 YP8T          599 0986 28    HA4FF         599 0000 28   
QSO: 03526 CW 2023-12-17 0508 YP8T          599 0987 28    RC1W          599 0000 29   
QSO: 07013 CW 2023-12-17 0508 YP8T          599 0988 28    US6EX         599 0000 29   
QSO: 03517 CW 2023-12-17 0509 YP8T          599 0989 28    YO8AXP        599 0000 28   
QSO: 01828 CW 2023-12-17 0510 YP8T          599 0990 28    F5IN          599 0000 27   
QSO: 14028 CW 2023-12-17 0512 YP8T          599 0991 28    RA0AY         599 0000 32   
QSO: 14018 CW 2023-12-17 0513 YP8T          599 0992 28    UA0D          599 0000 33   
QSO: 14011 CW 2023-12-17 0513 YP8T          599 0993 28    RG9A          599 0000 30   
QSO: 14014 CW 2023-12-17 0513 YP8T          599 0994 28    R4WR          599 0000 30   
QSO: 14016 CW 2023-12-17 0514 YP8T          599 0995 28    RA9AP         599 0000 30   
QSO: 14023 CW 2023-12-17 0515 YP8T          599 0996 28    RA9JM         599 0000 21   
QSO: 14024 CW 2023-12-17 0515 YP8T          599 0997 28    RW0UM         599 0000 33   
QSO: 14025 CW 2023-12-17 0516 YP8T          599 0998 28    UN6LN         599 0000 30   
QSO: 14026 CW 2023-12-17 0518 YP8T          599 0999 28    UA0OK         599 0000 32   
QSO: 14022 CW 2023-12-17 0519 YP8T          599 1000 28    RA7A          599 0000 29   
QSO: 14012 CW 2023-12-17 0520 YP8T          599 1001 28    UP0L          599 0000 30   
QSO: 14033 CW 2023-12-17 0521 YP8T          599 1002 28    R8CJ          599 0000 30   
QSO: 14022 CW 2023-12-17 0523 YP8T          599 1003 28    JK8PBO        599 0000 45   
QSO: 01830 CW 2023-12-17 0524 YP8T          599 1004 28    HA3OU         599 0000 28   
QSO: 14017 CW 2023-12-17 0525 YP8T          599 1005 28    UC0A          599 0000 32   
QSO: 14016 CW 2023-12-17 0525 YP8T          599 1006 28    UA4LL         599 0000 29   
QSO: 01830 CW 2023-12-17 0526 YP8T          599 1007 28    LY2J          599 0000 29   
QSO: 14021 CW 2023-12-17 0526 YP8T          599 1008 28    P3X           599 0000 39   
QSO: 14027 CW 2023-12-17 0527 YP8T          599 1009 28    RW0AJ         599 0000 32   
QSO: 14029 CW 2023-12-17 0529 YP8T          599 1010 28    RN9U          599 0000 31   
QSO: 01831 CW 2023-12-17 0529 YP8T          599 1011 28    SP7JLH        599 0000 28   
QSO: 14029 CW 2023-12-17 0530 YP8T          599 1012 28    RT4M          599 0000 29   
QSO: 14029 CW 2023-12-17 0531 YP8T          599 1013 28    UC7A          599 0000 29   
QSO: 07012 CW 2023-12-17 0531 YP8T          599 1014 28    E73Y          599 0000 28   
QSO: 14029 CW 2023-12-17 0531 YP8T          599 1015 28    RG8U          599 0000 31   
QSO: 14029 CW 2023-12-17 0532 YP8T          599 1016 28    RA9MX         599 0000 30   
QSO: 14029 CW 2023-12-17 0533 YP8T          599 1017 28    RX7T          599 0000 29   
QSO: 07019 CW 2023-12-17 0533 YP8T          599 1018 28    UT3EV         599 0000 29   
QSO: 14029 CW 2023-12-17 0533 YP8T          599 1019 28    RX9L          599 0000 30   
QSO: 07021 CW 2023-12-17 0535 YP8T          599 1020 28    RX3AEX        599 0000 29   
QSO: 07015 CW 2023-12-17 0536 YP8T          599 1021 28    Z35F          599 0000 28   
QSO: 14029 CW 2023-12-17 0536 YP8T          599 1022 28    RN4HAB        599 0000 30   
QSO: 07011 CW 2023-12-17 0537 YP8T          599 1023 28    Z33B          599 0000 28   
QSO: 07009 CW 2023-12-17 0538 YP8T          599 1024 28    UR7HCX        599 0000 29   
QSO: 14029 CW 2023-12-17 0538 YP8T          599 1025 28    BA4TB         599 0000 44   
QSO: 14029 CW 2023-12-17 0539 YP8T          599 1026 28    RM8G          599 0000 30   
QSO: 07021 CW 2023-12-17 0541 YP8T          599 1027 28    R7MM          599 0000 29   
QSO: 07015 CW 2023-12-17 0541 YP8T          599 1028 28    RW3AI         599 0000 29   
QSO: 07028 CW 2023-12-17 0542 YP8T          599 1029 28    US3EW         599 0000 29   
QSO: 07023 CW 2023-12-17 0543 YP8T          599 1030 28    YO4NF         599 0000 28   
QSO: 14029 CW 2023-12-17 0544 YP8T          599 1031 28    UA0SBQ        599 0000 32   
QSO: 01823 CW 2023-12-17 0545 YP8T          599 1032 28    HA8DU         599 0000 28   
QSO: 01819 CW 2023-12-17 0545 YP8T          599 1033 28    HA3NU         599 0000 28   
QSO: 01824 CW 2023-12-17 0546 YP8T          599 1034 28    LY4T          599 0000 29   
QSO: 14029 CW 2023-12-17 0546 YP8T          599 1035 28    UA9CU         599 0000 30   
QSO: 01817 CW 2023-12-17 0547 YP8T          599 1036 28    HA7MF         599 0000 28   
QSO: 01823 CW 2023-12-17 0547 YP8T          599 1037 28    M2G           599 0000 27   
QSO: 01828 CW 2023-12-17 0549 YP8T          599 1038 28    S51DX         599 0000 28   
QSO: 01814 CW 2023-12-17 0549 YP8T          599 1039 28    EU2EU         599 0000 29   
QSO: 14029 CW 2023-12-17 0551 YP8T          599 1040 28    R4WAE         599 0000 30   
QSO: 07016 CW 2023-12-17 0552 YP8T          599 1041 28    ON5JT         599 0000 27   
QSO: 14021 CW 2023-12-17 0553 YP8T          599 1042 28    UA9CDC        599 0000 30   
QSO: 07008 CW 2023-12-17 0554 YP8T          599 1043 28    LZ/S55M       599 0000 28   
QSO: 07008 CW 2023-12-17 0555 YP8T          599 1044 28    RK3P          599 0000 29   
QSO: 07008 CW 2023-12-17 0555 YP8T          599 1045 28    LZ2AF         599 0000 28   
QSO: 07008 CW 2023-12-17 0555 YP8T          599 1046 28    UA6HFI        599 0000 29   
QSO: 07008 CW 2023-12-17 0555 YP8T          599 1047 28    I6FDJ         599 0000 28   
QSO: 14013 CW 2023-12-17 0556 YP8T          599 1048 28    4K6FO         599 0000 29   
QSO: 07008 CW 2023-12-17 0557 YP8T          599 1049 28    EW8OM         599 0000 29   
QSO: 07008 CW 2023-12-17 0557 YP8T          599 1050 28    YL1YF         599 0000 29   
QSO: 14027 CW 2023-12-17 0558 YP8T          599 1051 28    RW9AV         599 0000 21   
QSO: 01826 CW 2023-12-17 0600 YP8T          599 1052 28    HA2EOU        599 0000 28   
QSO: 14028 CW 2023-12-17 0604 YP8T          599 1053 28    UD0O          599 0000 32   
QSO: 21040 CW 2023-12-17 0605 YP8T          599 1054 28    UP0L          599 0000 30   
QSO: 14028 CW 2023-12-17 0605 YP8T          599 1055 28    UA6AA         599 0000 29   
QSO: 14028 CW 2023-12-17 0605 YP8T          599 1056 28    UN7LV         599 0000 30   
QSO: 21022 CW 2023-12-17 0606 YP8T          599 1057 28    RW0UM         599 0000 33   
QSO: 21021 CW 2023-12-17 0607 YP8T          599 1058 28    RD0A          599 0000 32   
QSO: 21013 CW 2023-12-17 0607 YP8T          599 1059 28    RG9A          599 0000 30   
QSO: 21023 CW 2023-12-17 0608 YP8T          599 1060 28    RA9AP         599 0000 30   
QSO: 21020 CW 2023-12-17 0610 YP8T          599 1061 28    BH2VBK        599 0000 44   
QSO: 14028 CW 2023-12-17 0611 YP8T          599 1062 28    UY5ZZ         599 0000 29   
QSO: 28014 CW 2023-12-17 0612 YP8T          599 1063 28    JR6CSY        599 0000 45   
QSO: 21017 CW 2023-12-17 0613 YP8T          599 1064 28    UA9FGJ        599 0000 30   
QSO: 28019 CW 2023-12-17 0613 YP8T          599 1065 28    9N7AA         599 0000 42   
QSO: 21017 CW 2023-12-17 0614 YP8T          599 1066 28    RA9MX         599 0000 30   
QSO: 28017 CW 2023-12-17 0615 YP8T          599 1067 28    UP0L          599 0000 30   
QSO: 21017 CW 2023-12-17 0615 YP8T          599 1068 28    RA0AY         599 0000 32   
QSO: 21017 CW 2023-12-17 0615 YP8T          599 1069 28    UC0A          599 0000 32   
QSO: 21017 CW 2023-12-17 0616 YP8T          599 1070 28    RM8G          599 0000 30   
QSO: 28015 CW 2023-12-17 0616 YP8T          599 1071 28    JA6WFM        599 0000 45   
QSO: 21017 CW 2023-12-17 0617 YP8T          599 1072 28    JR0RBY        599 0000 45   
QSO: 21017 CW 2023-12-17 0618 YP8T          599 1073 28    RT4M          599 0000 29   
QSO: 21017 CW 2023-12-17 0621 YP8T          599 1074 28    BA4TB         599 0000 44   
QSO: 21017 CW 2023-12-17 0622 YP8T          599 1075 28    SN2N          599 0000 28   
QSO: 21017 CW 2023-12-17 0623 YP8T          599 1076 28    JH0MUC        599 0000 45   
QSO: 21017 CW 2023-12-17 0624 YP8T          599 1077 28    JK8PBO        599 0000 45   
QSO: 14020 CW 2023-12-17 0625 YP8T          599 1078 28    RU4LM         599 0000 29   
QSO: 21017 CW 2023-12-17 0625 YP8T          599 1079 28    JA8GAK        599 0000 45   
QSO: 14025 CW 2023-12-17 0626 YP8T          599 1080 28    RD4A          599 0000 29   
QSO: 21017 CW 2023-12-17 0626 YP8T          599 1081 28    JG1GOY        599 0000 45   
QSO: 21017 CW 2023-12-17 0627 YP8T          599 1082 28    UA4QK         599 0000 29   
QSO: 14028 CW 2023-12-17 0627 YP8T          599 1083 28    UA4NF         599 0000 30   
QSO: 14028 CW 2023-12-17 0628 YP8T          599 1084 28    RA3AN         599 0000 29   
QSO: 14028 CW 2023-12-17 0630 YP8T          599 1085 28    RA1TU         599 0000 29   
QSO: 21017 CW 2023-12-17 0630 YP8T          599 1086 28    R0UT          599 0000 33   
QSO: 14028 CW 2023-12-17 0631 YP8T          599 1087 28    R5QQ          599 0000 29   
QSO: 07010 CW 2023-12-17 0634 YP8T          599 1088 28    HA6NL         599 0000 28   
QSO: 14028 CW 2023-12-17 0634 YP8T          599 1089 28    R3ZZ          599 0000 29   
QSO: 07010 CW 2023-12-17 0634 YP8T          599 1090 28    YP5A          599 0000 28   
QSO: 07010 CW 2023-12-17 0634 YP8T          599 1091 28    SE5T          599 0000 18   
QSO: 07010 CW 2023-12-17 0636 YP8T          599 1092 28    UT0CK         599 0000 29   
QSO: 07010 CW 2023-12-17 0636 YP8T          599 1093 28    UR7VA         599 0000 29   
QSO: 07010 CW 2023-12-17 0637 YP8T          599 1094 28    SV1CEI        599 0000 28   
QSO: 07010 CW 2023-12-17 0637 YP8T          599 1095 28    EW8G          599 0000 29   
QSO: 07010 CW 2023-12-17 0638 YP8T          599 1096 28    S56A          599 0000 28   
QSO: 28035 CW 2023-12-17 0638 YP8T          599 1097 28    JA7OWD        599 0000 45   
QSO: 07010 CW 2023-12-17 0640 YP8T          599 1098 28    HB9EBC        599 0000 28   
QSO: 07010 CW 2023-12-17 0640 YP8T          599 1099 28    US7UK         599 0000 29   
QSO: 28034 CW 2023-12-17 0641 YP8T          599 1100 28    JG1LFR        599 0000 45   
QSO: 07010 CW 2023-12-17 0641 YP8T          599 1101 28    UW1M          599 0000 29   
QSO: 28031 CW 2023-12-17 0641 YP8T          599 1102 28    7K4VPV        599 0000 45   
QSO: 07010 CW 2023-12-17 0642 YP8T          599 1103 28    YU1YV         599 0000 28   
QSO: 28026 CW 2023-12-17 0642 YP8T          599 1104 28    RC0CD         599 0000 34   
QSO: 07010 CW 2023-12-17 0643 YP8T          599 1105 28    R3OR          599 0000 29   
QSO: 28022 CW 2023-12-17 0643 YP8T          599 1106 28    BI3BX         599 0000 44   
QSO: 07010 CW 2023-12-17 0643 YP8T          599 1107 28    SV1NZB        599 0000 28   
QSO: 07010 CW 2023-12-17 0644 YP8T          599 1108 28    YU5T          599 0000 28   
QSO: 28016 CW 2023-12-17 0647 YP8T          599 1109 28    JF1OVA        599 0000 45   
QSO: 07009 CW 2023-12-17 0647 YP8T          599 1110 28    F5PLC         599 0000 27   
QSO: 07027 CW 2023-12-17 0650 YP8T          599 1111 28    YO4NA         599 0000 28   
QSO: 28016 CW 2023-12-17 0650 YP8T          599 1112 28    JK7DWD        599 0000 45   
QSO: 07033 CW 2023-12-17 0651 YP8T          599 1113 28    HA3NU         599 0000 28   
QSO: 07022 CW 2023-12-17 0651 YP8T          599 1114 28    YT3E          599 0000 28   
QSO: 07012 CW 2023-12-17 0652 YP8T          599 1115 28    LZ5DI         599 0000 28   
QSO: 07012 CW 2023-12-17 0653 YP8T          599 1116 28    I3FIY         599 0000 28   
QSO: 28016 CW 2023-12-17 0654 YP8T          599 1117 28    UN8PT         599 0000 30   
QSO: 07011 CW 2023-12-17 0654 YP8T          599 1118 28    M2G           599 0000 27   
QSO: 28016 CW 2023-12-17 0655 YP8T          599 1119 28    UN5G          599 0000 31   
QSO: 28016 CW 2023-12-17 0656 YP8T          599 1120 28    JA1AAA        599 0000 45   
QSO: 07025 CW 2023-12-17 0656 YP8T          599 1121 28    9A2X          599 0000 VZ   
QSO: 28016 CW 2023-12-17 0657 YP8T          599 1122 28    JA2KKA        599 0000 45   
QSO: 28016 CW 2023-12-17 0657 YP8T          599 1123 28    JH2RIH        599 0000 45   
QSO: 07024 CW 2023-12-17 0658 YP8T          599 1124 28    LY2CX         599 0000 29   
QSO: 28016 CW 2023-12-17 0658 YP8T          599 1125 28    RM8G          599 0000 30   
QSO: 28016 CW 2023-12-17 0658 YP8T          599 1126 28    6K2CFI        599 0000 44   
QSO: 07019 CW 2023-12-17 0659 YP8T          599 1127 28    EW2ZC         599 0000 29   
QSO: 07016 CW 2023-12-17 0700 YP8T          599 1128 28    EU2EU         599 0000 29   
QSO: 07022 CW 2023-12-17 0701 YP8T          599 1129 28    LZ4AE         599 0000 28   
QSO: 28016 CW 2023-12-17 0701 YP8T          599 1130 28    JA8RWU        599 0000 45   
QSO: 28016 CW 2023-12-17 0702 YP8T          599 1131 28    JH6WHN        599 0000 45   
QSO: 07008 CW 2023-12-17 0702 YP8T          599 1132 28    YT2RX         599 0000 28   
QSO: 07010 CW 2023-12-17 0703 YP8T          599 1133 28    OM5DX         599 0000 28   
QSO: 28016 CW 2023-12-17 0703 YP8T          599 1134 28    UN7ID         599 0000 30   
QSO: 28016 CW 2023-12-17 0703 YP8T          599 1135 28    UA0UV         599 0000 33   
QSO: 07031 CW 2023-12-17 0704 YP8T          599 1136 28    LY2PX         599 0000 29   
QSO: 28015 CW 2023-12-17 0706 YP8T          599 1137 28    9A2AJ         599 0000 DA   
QSO: 28014 CW 2023-12-17 0706 YP8T          599 1138 28    RW0AJ         599 0000 32   
QSO: 28014 CW 2023-12-17 0707 YP8T          599 1139 28    RT9A          599 0000 30   
QSO: 07012 CW 2023-12-17 0708 YP8T          599 1140 28    HG5E          599 0000 28   
QSO: 07012 CW 2023-12-17 0709 YP8T          599 1141 28    LZ1ZJ         599 0000 28   
QSO: 07018 CW 2023-12-17 0710 YP8T          599 1142 28    DL1NKS        599 0000 28   
QSO: 28014 CW 2023-12-17 0712 YP8T          599 1143 28    JA6GCE        599 0000 45   
QSO: 07021 CW 2023-12-17 0712 YP8T          599 1144 28    EW1M          599 0000 29   
QSO: 07014 CW 2023-12-17 0713 YP8T          599 1145 28    S52W          599 0000 28   
QSO: 07019 CW 2023-12-17 0713 YP8T          599 1146 28    SM5IMO        599 0000 18   
QSO: 07016 CW 2023-12-17 0714 YP8T          599 1147 28    DM7AA         599 0000 28   
QSO: 07033 CW 2023-12-17 0715 YP8T          599 1148 28    S58D          599 0000 28   
QSO: 07009 CW 2023-12-17 0716 YP8T          599 1149 28    Z39A          599 0000 28   
QSO: 07030 CW 2023-12-17 0716 YP8T          599 1150 28    SJ6R          599 0000 18   
QSO: 07024 CW 2023-12-17 0717 YP8T          599 1151 28    HG6O          599 0000 28   
QSO: 07019 CW 2023-12-17 0718 YP8T          599 1152 28    DJ4MX         599 0000 28   
QSO: 28020 CW 2023-12-17 0719 YP8T          599 1153 28    YL3JA         599 0000 29   
QSO: 14005 CW 2023-12-17 0724 YP8T          599 1154 28    9A2KI         599 0000 SB   
QSO: 14024 CW 2023-12-17 0724 YP8T          599 1155 28    4L8A          599 0000 29   
QSO: 14030 CW 2023-12-17 0725 YP8T          599 1156 28    S58Y          599 0000 28   
QSO: 14013 CW 2023-12-17 0725 YP8T          599 1157 28    YQ6A          599 0000 28   
QSO: 14020 CW 2023-12-17 0726 YP8T          599 1158 28    YU1YV         599 0000 28   
QSO: 21028 CW 2023-12-17 0726 YP8T          599 1159 28    UA9XO         599 0000 20   
QSO: 14020 CW 2023-12-17 0727 YP8T          599 1160 28    DM7AA         599 0000 28   
QSO: 21044 CW 2023-12-17 0727 YP8T          599 1161 28    UA9CTT        599 0000 30   
QSO: 14020 CW 2023-12-17 0728 YP8T          599 1162 28    RL2Y          599 0000 29   
QSO: 14020 CW 2023-12-17 0728 YP8T          599 1163 28    UA4C          599 0000 29   
QSO: 21036 CW 2023-12-17 0729 YP8T          599 1164 28    HS0ZME        599 0000 49   
QSO: 14020 CW 2023-12-17 0729 YP8T          599 1165 28    LZ5DI         599 0000 28   
QSO: 21025 CW 2023-12-17 0730 YP8T          599 1166 28    9N7AA         599 0000 42   
QSO: 21040 CW 2023-12-17 0730 YP8T          599 1167 28    JG1LFR        599 0000 45   
QSO: 21031 CW 2023-12-17 0730 YP8T          599 1168 28    RW9DX         599 0000 30   
QSO: 14020 CW 2023-12-17 0731 YP8T          599 1169 28    UY5QJ         599 0000 29   
QSO: 21019 CW 2023-12-17 0731 YP8T          599 1170 28    4K6FO         599 0000 29   
QSO: 21027 CW 2023-12-17 0731 YP8T          599 1171 28    R8LA          599 0000 30   
QSO: 21032 CW 2023-12-17 0732 YP8T          599 1172 28    UA0D          599 0000 33   
QSO: 14020 CW 2023-12-17 0733 YP8T          599 1173 28    II4CDV        599 0000 28   
QSO: 21016 CW 2023-12-17 0734 YP8T          599 1174 28    UA6AA         599 0000 29   
QSO: 21018 CW 2023-12-17 0735 YP8T          599 1175 28    RW9MZ         599 0000 30   
QSO: 14020 CW 2023-12-17 0736 YP8T          599 1176 28    YL1YF         599 0000 29   
QSO: 21018 CW 2023-12-17 0736 YP8T          599 1177 28    IT9WDC        599 0000 28   
QSO: 14020 CW 2023-12-17 0736 YP8T          599 1178 28    DL1EAR        599 0000 28   
QSO: 21018 CW 2023-12-17 0736 YP8T          599 1179 28    IT9ORA        599 0000 28   
QSO: 14020 CW 2023-12-17 0737 YP8T          599 1180 28    RK4HYT        599 0000 30   
QSO: 21018 CW 2023-12-17 0737 YP8T          599 1181 28    UC6Y          599 0000 29   
QSO: 21018 CW 2023-12-17 0738 YP8T          599 1182 28    JA1AAA        599 0000 45   
QSO: 14020 CW 2023-12-17 0739 YP8T          599 1183 28    S57AW         599 0000 28   
QSO: 14020 CW 2023-12-17 0739 YP8T          599 1184 28    EV6Z          599 0000 29   
QSO: 21018 CW 2023-12-17 0740 YP8T          599 1185 28    F5JBR         599 0000 27   
QSO: 14020 CW 2023-12-17 0740 YP8T          599 1186 28    LA2HFA        599 0000 18   
QSO: 21018 CW 2023-12-17 0740 YP8T          599 1187 28    RC2O          599 0000 29   
QSO: 21018 CW 2023-12-17 0740 YP8T          599 1188 28    JA8RWU        599 0000 45   
QSO: 14020 CW 2023-12-17 0740 YP8T          599 1189 28    UT4LW         599 0000 29   
QSO: 14020 CW 2023-12-17 0741 YP8T          599 1190 28    OE1CIW        599 0000 28   
QSO: 07011 CW 2023-12-17 0741 YP8T          599 1191 28    9A1AA         599 0000 OS   
QSO: 14020 CW 2023-12-17 0742 YP8T          599 1192 28    R3VL          599 0000 29   
QSO: 14020 CW 2023-12-17 0743 YP8T          599 1193 28    RV3DBK        599 0000 29   
QSO: 21009 CW 2023-12-17 0743 YP8T          599 1194 28    RK9UE         599 0000 31   
QSO: 14020 CW 2023-12-17 0744 YP8T          599 1195 28    YU5T          599 0000 28   
QSO: 14020 CW 2023-12-17 0744 YP8T          599 1196 28    R3OR          599 0000 29   
QSO: 21015 CW 2023-12-17 0749 YP8T          599 1197 28    RW0AJ         599 0000 32   
QSO: 21018 CW 2023-12-17 0750 YP8T          599 1198 28    7K4VPV        599 0000 45   
QSO: 28020 CW 2023-12-17 0750 YP8T          599 1199 28    RG9A          599 0000 30   
QSO: 21018 CW 2023-12-17 0751 YP8T          599 1200 28    UA9CU         599 0000 30   
QSO: 28014 CW 2023-12-17 0752 YP8T          599 1201 28    P3X           599 0000 39   
QSO: 28025 CW 2023-12-17 0753 YP8T          599 1202 28    UN6LN         599 0000 30   
QSO: 28019 CW 2023-12-17 0754 YP8T          599 1203 28    SN1T          599 0000 28   
QSO: 28026 CW 2023-12-17 0754 YP8T          599 1204 28    RA0AY         599 0000 32   
QSO: 21018 CW 2023-12-17 0755 YP8T          599 1205 28    F5IQJ         599 0000 27   
QSO: 28017 CW 2023-12-17 0755 YP8T          599 1206 28    UN7CN         599 0000 30   
QSO: 28054 CW 2023-12-17 0756 YP8T          599 1207 28    UA9CTT        599 0000 30   
QSO: 21018 CW 2023-12-17 0756 YP8T          599 1208 28    JA6GCE        599 0000 45   
QSO: 28021 CW 2023-12-17 0756 YP8T          599 1209 28    UC0A          599 0000 32   
QSO: 28027 CW 2023-12-17 0758 YP8T          599 1210 28    UA0D          599 0000 33   
QSO: 21018 CW 2023-12-17 0758 YP8T          599 1211 28    SV1IU         599 0000 28   
QSO: 28032 CW 2023-12-17 0800 YP8T          599 1212 28    RD0A          599 0000 32   
QSO: 21019 CW 2023-12-17 0801 YP8T          599 1213 28    UA9BA         599 0000 30   
QSO: 21032 CW 2023-12-17 0802 YP8T          599 1214 28    BD3TE         599 0000 44   
QSO: 28011 CW 2023-12-17 0803 YP8T          599 1215 28    R8CJ          599 0000 30   
QSO: 14045 CW 2023-12-17 0804 YP8T          599 1216 28    YL2TD         599 0000 29   
QSO: 14020 CW 2023-12-17 0805 YP8T          599 1217 28    9A4WY         599 0000 PU   
QSO: 14016 CW 2023-12-17 0806 YP8T          599 1218 28    HA8DU         599 0000 28   
QSO: 14015 CW 2023-12-17 0806 YP8T          599 1219 28    UW1M          599 0000 29   
QSO: 14015 CW 2023-12-17 0807 YP8T          599 1220 28    RN6AT         599 0000 29   
QSO: 14015 CW 2023-12-17 0807 YP8T          599 1221 28    IK6QRH        599 0000 28   
QSO: 14015 CW 2023-12-17 0807 YP8T          599 1222 28    RA3TT         599 0000 29   
QSO: 21010 CW 2023-12-17 0809 YP8T          599 1223 28    R9XS          599 0000 20   
QSO: 14015 CW 2023-12-17 0809 YP8T          599 1224 28    F6GCI         599 0000 27   
QSO: 14015 CW 2023-12-17 0811 YP8T          599 1225 28    EA8DIG        599 0000 36   
QSO: 14026 CW 2023-12-17 0811 YP8T          599 1226 28    RW9DX         599 0000 30   
QSO: 21010 CW 2023-12-17 0813 YP8T          599 1227 28    JR3BOT        599 0000 45   
QSO: 14037 CW 2023-12-17 0813 YP8T          599 1228 28    LY2PX         599 0000 29   
QSO: 14042 CW 2023-12-17 0813 YP8T          599 1229 28    OL5W          599 0000 28   
QSO: 14031 CW 2023-12-17 0814 YP8T          599 1230 28    SJ6R          599 0000 18   
QSO: 21010 CW 2023-12-17 0815 YP8T          599 1231 28    RA3TT         599 0000 29   
QSO: 21010 CW 2023-12-17 0815 YP8T          599 1232 28    EA2AZ         599 0000 37   
QSO: 21010 CW 2023-12-17 0816 YP8T          599 1233 28    PG2V          599 0000 27   
QSO: 14031 CW 2023-12-17 0817 YP8T          599 1234 28    E7CW          599 0000 28   
QSO: 21010 CW 2023-12-17 0817 YP8T          599 1235 28    LZ/S55M       599 0000 28   
QSO: 21038 CW 2023-12-17 0819 YP8T          599 1236 28    ZD7BG         599 0000 66   
QSO: 21021 CW 2023-12-17 0820 YP8T          599 1237 28    EA8DIG        599 0000 36   
QSO: 21025 CW 2023-12-17 0821 YP8T          599 1238 28    G3P           599 0000 27   
QSO: 21025 CW 2023-12-17 0822 YP8T          599 1239 28    UA0OK         599 0000 32   
QSO: 21025 CW 2023-12-17 0823 YP8T          599 1240 28    R3VL          599 0000 29   
QSO: 14022 CW 2023-12-17 0823 YP8T          599 1241 28    HB9DHG        599 0000 28   
QSO: 14022 CW 2023-12-17 0823 YP8T          599 1242 28    Z33B          599 0000 28   
QSO: 14020 CW 2023-12-17 0824 YP8T          599 1243 28    EV1R          599 0000 29   
QSO: 14020 CW 2023-12-17 0824 YP8T          599 1244 28    S50R          599 0000 28   
QSO: 21025 CW 2023-12-17 0824 YP8T          599 1245 28    DL8WN         599 0000 28   
QSO: 21032 CW 2023-12-17 0825 YP8T          599 1246 28    UA9CDC        599 0000 30   
QSO: 21007 CW 2023-12-17 0826 YP8T          599 1247 28    JR6CSY        599 0000 45   
QSO: 21006 CW 2023-12-17 0826 YP8T          599 1248 28    JA6WFM        599 0000 45   
QSO: 21021 CW 2023-12-17 0827 YP8T          599 1249 28    PA3AAV        599 0000 27   
QSO: 21020 CW 2023-12-17 0830 YP8T          599 1250 28    F6AGM         599 0000 27   
QSO: 21024 CW 2023-12-17 0832 YP8T          599 1251 28    IT9RZU        599 0000 28   
QSO: 21024 CW 2023-12-17 0832 YP8T          599 1252 28    ON6YI         599 0000 27   
QSO: 21024 CW 2023-12-17 0836 YP8T          599 1253 28    JH1OGC        599 0000 45   
QSO: 28028 CW 2023-12-17 0840 YP8T          599 1254 28    EA5XA         599 0000 37   
QSO: 28024 CW 2023-12-17 0840 YP8T          599 1255 28    BA4TB         599 0000 44   
QSO: 28019 CW 2023-12-17 0841 YP8T          599 1256 28    RW9DX         599 0000 30   
QSO: 21024 CW 2023-12-17 0842 YP8T          599 1257 28    JH2RIH        599 0000 45   
QSO: 28010 CW 2023-12-17 0842 YP8T          599 1258 28    R9AE          599 0000 30   
QSO: 28009 CW 2023-12-17 0842 YP8T          599 1259 28    RU9AC         599 0000 30   
QSO: 28016 CW 2023-12-17 0843 YP8T          599 1260 28    EA3X          599 0000 37   
QSO: 28020 CW 2023-12-17 0844 YP8T          599 1261 28    EA4M          599 0000 37   
QSO: 28022 CW 2023-12-17 0844 YP8T          599 1262 28    R0AA          599 0000 32   
QSO: 28032 CW 2023-12-17 0845 YP8T          599 1263 28    OG3B          599 0000 18   
QSO: 21024 CW 2023-12-17 0848 YP8T          599 1264 28    RD4F          599 0000 29   
QSO: 28024 CW 2023-12-17 0856 YP8T          599 1265 28    F6HKA         599 0000 27   
QSO: 14026 CW 2023-12-17 0857 YP8T          599 1266 28    RC9A          599 0000 30   
QSO: 14026 CW 2023-12-17 0858 YP8T          599 1267 28    DL1ASP        599 0000 28   
QSO: 14026 CW 2023-12-17 0859 YP8T          599 1268 28    PA2DK         599 0000 27   
QSO: 21008 CW 2023-12-17 0900 YP8T          599 1269 28    VU2TMP        599 0000 41   
QSO: 21014 CW 2023-12-17 0901 YP8T          599 1270 28    R0AA          599 0000 32   
QSO: 21011 CW 2023-12-17 0902 YP8T          599 1271 28    I1NVU         599 0000 28   
QSO: 14026 CW 2023-12-17 0902 YP8T          599 1272 28    UA2FAK        599 0000 29   
QSO: 14026 CW 2023-12-17 0903 YP8T          599 1273 28    OK4RQ         599 0000 28   
QSO: 14026 CW 2023-12-17 0903 YP8T          599 1274 28    RA5G          599 0000 29   
QSO: 14026 CW 2023-12-17 0903 YP8T          599 1275 28    US6EX         599 0000 29   
QSO: 14026 CW 2023-12-17 0903 YP8T          599 1276 28    IK3QAR        599 0000 28   
QSO: 14026 CW 2023-12-17 0904 YP8T          599 1277 28    IT9IVU        599 0000 28   
QSO: 14026 CW 2023-12-17 0904 YP8T          599 1278 28    DD5M          599 0000 28   
QSO: 14026 CW 2023-12-17 0906 YP8T          599 1279 28    UA6YH         599 0000 29   
QSO: 14026 CW 2023-12-17 0906 YP8T          599 1280 28    DK8NT         599 0000 28   
QSO: 21039 CW 2023-12-17 0907 YP8T          599 1281 28    PC100II       599 0000 27   
QSO: 14026 CW 2023-12-17 0907 YP8T          599 1282 28    DL6NBS        599 0000 28   
QSO: 21038 CW 2023-12-17 0907 YP8T          599 1283 28    R8XF          599 0000 20   
QSO: 21034 CW 2023-12-17 0909 YP8T          599 1284 28    SJ6R          599 0000 18   
QSO: 21031 CW 2023-12-17 0910 YP8T          599 1285 28    YQ6A          599 0000 28   
QSO: 14026 CW 2023-12-17 0910 YP8T          599 1286 28    UX7IW         599 0000 29   
QSO: 21027 CW 2023-12-17 0911 YP8T          599 1287 28    IS0AFM        599 0000 28   
QSO: 21026 CW 2023-12-17 0912 YP8T          599 1288 28    F4WEJ         599 0000 27   
QSO: 21020 CW 2023-12-17 0912 YP8T          599 1289 28    SF6W          599 0000 18   
QSO: 14026 CW 2023-12-17 0912 YP8T          599 1290 28    I6FDJ         599 0000 28   
QSO: 21018 CW 2023-12-17 0913 YP8T          599 1291 28    DL4YR         599 0000 28   
QSO: 21012 CW 2023-12-17 0914 YP8T          599 1292 28    9H1CG         599 0000 28   
QSO: 14026 CW 2023-12-17 0915 YP8T          599 1293 28    PA9M          599 0000 27   
QSO: 14026 CW 2023-12-17 0915 YP8T          599 1294 28    IK3SWB        599 0000 28   
QSO: 21006 CW 2023-12-17 0915 YP8T          599 1295 28    F6FYA         599 0000 27   
QSO: 14025 CW 2023-12-17 0917 YP8T          599 1296 28    IZ2EJU        599 0000 28   
QSO: 21040 CW 2023-12-17 0917 YP8T          599 1297 28    OG3B          599 0000 18   
QSO: 21035 CW 2023-12-17 0918 YP8T          599 1298 28    DO2XU         599 0000 28   
QSO: 14025 CW 2023-12-17 0918 YP8T          599 1299 28    IK1BPL        599 0000 28   
QSO: 21026 CW 2023-12-17 0919 YP8T          599 1300 28    HB9BXE        599 0000 28   
QSO: 14025 CW 2023-12-17 0920 YP8T          599 1301 28    ON6WP         599 0000 27   
QSO: 14025 CW 2023-12-17 0920 YP8T          599 1302 28    SC6O          599 0000 18   
QSO: 14025 CW 2023-12-17 0920 YP8T          599 1303 28    DF7CB         599 0000 28   
QSO: 14025 CW 2023-12-17 0920 YP8T          599 1304 28    PC7E          599 0000 27   
QSO: 14025 CW 2023-12-17 0922 YP8T          599 1305 28    9A2L          599 0000 VZ   
QSO: 14025 CW 2023-12-17 0922 YP8T          599 1306 28    IK4RVY        599 0000 28   
QSO: 14025 CW 2023-12-17 0923 YP8T          599 1307 28    PG2V          599 0000 27   
QSO: 14025 CW 2023-12-17 0924 YP8T          599 1308 28    IV3TRK        599 0000 28   
QSO: 14025 CW 2023-12-17 0924 YP8T          599 1309 28    SN5J          599 0000 28   
QSO: 14025 CW 2023-12-17 0925 YP8T          599 1310 28    YO4NT         599 0000 28   
QSO: 14025 CW 2023-12-17 0925 YP8T          599 1311 28    DL4ME         599 0000 28   
QSO: 14025 CW 2023-12-17 0926 YP8T          599 1312 28    OL4W          599 0000 28   
QSO: 14025 CW 2023-12-17 0926 YP8T          599 1313 28    S52NY         599 0000 28   
QSO: 14025 CW 2023-12-17 0926 YP8T          599 1314 28    G4LJU         599 0000 27   
QSO: 14025 CW 2023-12-17 0926 YP8T          599 1315 28    HA3HX         599 0000 28   
QSO: 14025 CW 2023-12-17 0927 YP8T          599 1316 28    LZ1ND         599 0000 28   
QSO: 14025 CW 2023-12-17 0927 YP8T          599 1317 28    OQ5M          599 0000 27   
QSO: 14025 CW 2023-12-17 0927 YP8T          599 1318 28    OK1BLU        599 0000 28   
QSO: 14025 CW 2023-12-17 0927 YP8T          599 1319 28    IV3IPS        599 0000 28   
QSO: 14025 CW 2023-12-17 0928 YP8T          599 1320 28    9A1DR         599 0000 ZG   
QSO: 14025 CW 2023-12-17 0928 YP8T          599 1321 28    S52ON         599 0000 28   
QSO: 21022 CW 2023-12-17 0929 YP8T          599 1322 28    LA8HGA        599 0000 18   
QSO: 14025 CW 2023-12-17 0929 YP8T          599 1323 28    OK3DM         599 0000 28   
QSO: 21013 CW 2023-12-17 0930 YP8T          599 1324 28    SC7DX         599 0000 18   
QSO: 14025 CW 2023-12-17 0931 YP8T          599 1325 28    LZ5R          599 0000 28   
QSO: 21007 CW 2023-12-17 0931 YP8T          599 1326 28    RA1TU         599 0000 29   
QSO: 21007 CW 2023-12-17 0932 YP8T          599 1327 28    PA2DK         599 0000 27   
QSO: 14025 CW 2023-12-17 0932 YP8T          599 1328 28    DL2NBY        599 0000 28   
QSO: 14025 CW 2023-12-17 0932 YP8T          599 1329 28    UR7EC         599 0000 29   
QSO: 21007 CW 2023-12-17 0933 YP8T          599 1330 28    M1X           599 0000 27   
QSO: 14025 CW 2023-12-17 0933 YP8T          599 1331 28    SP7CF         599 0000 28   
QSO: 14025 CW 2023-12-17 0933 YP8T          599 1332 28    PA1B          599 0000 27   
QSO: 14025 CW 2023-12-17 0934 YP8T          599 1333 28    DF0SX         599 0000 28   
QSO: 21007 CW 2023-12-17 0934 YP8T          599 1334 28    SF0A          599 0000 18   
QSO: 14025 CW 2023-12-17 0935 YP8T          599 1335 28    SM6VWG        599 0000 18   
QSO: 21007 CW 2023-12-17 0936 YP8T          599 1336 28    DF7CB         599 0000 28   
QSO: 14025 CW 2023-12-17 0936 YP8T          599 1337 28    RT5P          599 0000 29   
QSO: 14025 CW 2023-12-17 0937 YP8T          599 1338 28    DL7VMM        599 0000 28   
QSO: 21007 CW 2023-12-17 0939 YP8T          599 1339 28    HB9TUD        599 0000 28   
QSO: 21007 CW 2023-12-17 0941 YP8T          599 1340 28    UA1CUR        599 0000 29   
QSO: 21007 CW 2023-12-17 0942 YP8T          599 1341 28    G4ZYU         599 0000 27   
QSO: 28035 CW 2023-12-17 0942 YP8T          599 1342 28    EA7IZ         599 0000 37   
QSO: 21007 CW 2023-12-17 0943 YP8T          599 1343 28    OH1TS         599 0000 18   
QSO: 28024 CW 2023-12-17 0943 YP8T          599 1344 28    EA8DIG        599 0000 36   
QSO: 28023 CW 2023-12-17 0944 YP8T          599 1345 28    UA9XX         599 0000 20   
QSO: 28022 CW 2023-12-17 0945 YP8T          599 1346 28    EC3A          599 0000 37   
QSO: 28019 CW 2023-12-17 0946 YP8T          599 1347 28    F5NBX         599 0000 27   
QSO: 28017 CW 2023-12-17 0946 YP8T          599 1348 28    YT3D          599 0000 28   
QSO: 21007 CW 2023-12-17 0946 YP8T          599 1349 28    OT2A          599 0000 27   
QSO: 21007 CW 2023-12-17 0947 YP8T          599 1350 28    F5NTZ         599 0000 27   
QSO: 21007 CW 2023-12-17 0947 YP8T          599 1351 28    PC7E          599 0000 27   
QSO: 28013 CW 2023-12-17 0947 YP8T          599 1352 28    F5IN          599 0000 27   
QSO: 21007 CW 2023-12-17 0947 YP8T          599 1353 28    G4OZG         599 0000 27   
QSO: 21007 CW 2023-12-17 0948 YP8T          599 1354 28    DL1ASP        599 0000 28   
QSO: 21007 CW 2023-12-17 0948 YP8T          599 1355 28    EB5BRZ        599 0000 37   
QSO: 28027 CW 2023-12-17 0949 YP8T          599 1356 28    US6EX         599 0000 29   
QSO: 21007 CW 2023-12-17 0950 YP8T          599 1357 28    F5MGD         599 0000 27   
QSO: 21007 CW 2023-12-17 0950 YP8T          599 1358 28    DL7AOS        599 0000 28   
QSO: 21007 CW 2023-12-17 0950 YP8T          599 1359 28    RA3XEV        599 0000 29   
QSO: 21007 CW 2023-12-17 0951 YP8T          599 1360 28    GI4NKB        599 0000 27   
QSO: 28027 CW 2023-12-17 0951 YP8T          599 1361 28    G3P           599 0000 27   
QSO: 21007 CW 2023-12-17 0952 YP8T          599 1362 28    F5TFW         599 0000 27   
QSO: 21007 CW 2023-12-17 0954 YP8T          599 1363 28    IK1BPL        599 0000 28   
QSO: 28027 CW 2023-12-17 0954 YP8T          599 1364 28    G4MKR         599 0000 27   
QSO: 21007 CW 2023-12-17 0954 YP8T          599 1365 28    DL7NY         599 0000 28   
QSO: 21007 CW 2023-12-17 0954 YP8T          599 1366 28    UC5D          599 0000 29   
QSO: 28027 CW 2023-12-17 0954 YP8T          599 1367 28    YL1ZF         599 0000 29   
QSO: 28027 CW 2023-12-17 0955 YP8T          599 1368 28    RW4HFH        599 0000 30   
QSO: 21007 CW 2023-12-17 0956 YP8T          599 1369 28    YL1ZF         599 0000 29   
QSO: 28027 CW 2023-12-17 0956 YP8T          599 1370 28    9A7R          599 0000 KA   
QSO: 21007 CW 2023-12-17 0957 YP8T          599 1371 28    DL4XU         599 0000 28   
QSO: 28027 CW 2023-12-17 0957 YP8T          599 1372 28    M0TDW         599 0000 27   
QSO: 21007 CW 2023-12-17 0957 YP8T          599 1373 28    US6EX         599 0000 29   
QSO: 21007 CW 2023-12-17 0958 YP8T          599 1374 28    DF8TY         599 0000 28   
QSO: 21007 CW 2023-12-17 0958 YP8T          599 1375 28    OH6BA         599 0000 18   
QSO: 21007 CW 2023-12-17 0959 YP8T          599 1376 28    DF6QB         599 0000 28   
QSO: 21007 CW 2023-12-17 0959 YP8T          599 1377 28    OR5O          599 0000 27   
QSO: 21007 CW 2023-12-17 1000 YP8T          599 1378 28    RA3FY         599 0000 29   
QSO: 28027 CW 2023-12-17 1000 YP8T          599 1379 28    M1X           599 0000 27   
QSO: 28027 CW 2023-12-17 1001 YP8T          599 1380 28    RG8U          599 0000 31   
QSO: 21025 CW 2023-12-17 1002 YP8T          599 1381 28    PY3TD         599 0000 15   
QSO: 21007 CW 2023-12-17 1004 YP8T          599 1382 28    IZ0AIO        599 0000 28   
QSO: 21007 CW 2023-12-17 1004 YP8T          599 1383 28    S53M          599 0000 28   
QSO: 21010 CW 2023-12-17 1005 YP8T          599 1384 28    R9AE          599 0000 30   
QSO: 21015 CW 2023-12-17 1007 YP8T          599 1385 28    RM2U          599 0000 29   
QSO: 21024 CW 2023-12-17 1009 YP8T          599 1386 28    OM7LW         599 0000 28   
QSO: 07010 CW 2023-12-17 1010 YP8T          599 1387 28    SP9XCN        599 0000 28   
QSO: 28028 CW 2023-12-17 1011 YP8T          599 1388 28    RT4M          599 0000 29   
QSO: 07015 CW 2023-12-17 1011 YP8T          599 1389 28    HA5BA         599 0000 28   
QSO: 07018 CW 2023-12-17 1012 YP8T          599 1390 28    SP4G          599 0000 28   
QSO: 28028 CW 2023-12-17 1013 YP8T          599 1391 28    F5VBU         599 0000 27   
QSO: 28028 CW 2023-12-17 1014 YP8T          599 1392 28    M7RDV         599 0000 27   
QSO: 28028 CW 2023-12-17 1015 YP8T          599 1393 28    R9XS          599 0000 20   
QSO: 07021 CW 2023-12-17 1015 YP8T          599 1394 28    9A3NC         599 0000 PU   
QSO: 28028 CW 2023-12-17 1016 YP8T          599 1395 28    LC5P          599 0000 18   
QSO: 21025 CW 2023-12-17 1017 YP8T          599 1396 28    HB9DHG        599 0000 28   
QSO: 21028 CW 2023-12-17 1018 YP8T          599 1397 28    OT6E          599 0000 27   
QSO: 21030 CW 2023-12-17 1019 YP8T          599 1398 28    LZ2HA         599 0000 28   
QSO: 21030 CW 2023-12-17 1019 YP8T          599 1399 28    F6HKA         599 0000 27   
QSO: 21031 CW 2023-12-17 1019 YP8T          599 1400 28    PA5N          599 0000 27   
QSO: 21034 CW 2023-12-17 1020 YP8T          599 1401 28    RA5G          599 0000 29   
QSO: 21036 CW 2023-12-17 1024 YP8T          599 1402 28    9A4M          599 0000 SK   
QSO: 21036 CW 2023-12-17 1025 YP8T          599 1403 28    EW8OM         599 0000 29   
QSO: 28045 CW 2023-12-17 1027 YP8T          599 1404 28    ZD7BG         599 0000 66   
QSO: 21036 CW 2023-12-17 1028 YP8T          599 1405 28    PA0RDT        599 0000 27   
QSO: 21036 CW 2023-12-17 1029 YP8T          599 1406 28    S57WJ         599 0000 28   
QSO: 14026 CW 2023-12-17 1030 YP8T          599 1407 28    9A0KG         599 0000 ST   
QSO: 14031 CW 2023-12-17 1030 YP8T          599 1408 28    9A7DX         599 0000 DA   
QSO: 14034 CW 2023-12-17 1032 YP8T          599 1409 28    9A2KD         599 0000 SK   
QSO: 21035 CW 2023-12-17 1032 YP8T          599 1410 28    PA7KY         599 0000 27   
QSO: 14037 CW 2023-12-17 1033 YP8T          599 1411 28    9A7V          599 0000 VZ   
QSO: 14048 CW 2023-12-17 1033 YP8T          599 1412 28    9A2MF         599 0000 PU   
QSO: 21035 CW 2023-12-17 1034 YP8T          599 1413 28    LA2HFA        599 0000 18   
QSO: 21035 CW 2023-12-17 1035 YP8T          599 1414 28    CT1EHK        599 0000 37   
QSO: 21035 CW 2023-12-17 1035 YP8T          599 1415 28    RN3BL         599 0000 29   
QSO: 14043 CW 2023-12-17 1036 YP8T          599 1416 28    9A4MZ         599 0000 NG   
QSO: 21035 CW 2023-12-17 1037 YP8T          599 1417 28    UC7A          599 0000 29   
QSO: 21035 CW 2023-12-17 1037 YP8T          599 1418 28    UA6GO         599 0000 29   
QSO: 21035 CW 2023-12-17 1037 YP8T          599 1419 28    DK8NT         599 0000 28   
QSO: 21035 CW 2023-12-17 1038 YP8T          599 1420 28    DL9SEV        599 0000 28   
QSO: 21035 CW 2023-12-17 1041 YP8T          599 1421 28    EU1FQ         599 0000 29   
QSO: 21035 CW 2023-12-17 1041 YP8T          599 1422 28    LZ1VS         599 0000 28   
QSO: 14035 CW 2023-12-17 1042 YP8T          599 1423 28    9A/DL4TA      599 0000 VZ   
QSO: 21035 CW 2023-12-17 1042 YP8T          599 1424 28    G0TRT         599 0000 27   
QSO: 21035 CW 2023-12-17 1043 YP8T          599 1425 28    G3VQO         599 0000 27   
QSO: 14035 CW 2023-12-17 1045 YP8T          599 1426 28    OM8LA         599 0000 28   
QSO: 21035 CW 2023-12-17 1045 YP8T          599 1427 28    DR2C          599 0000 28   
QSO: 14035 CW 2023-12-17 1045 YP8T          599 1428 28    I5ABV         599 0000 28   
QSO: 14035 CW 2023-12-17 1048 YP8T          599 1429 28    OM5R          599 0000 28   
QSO: 21035 CW 2023-12-17 1049 YP8T          599 1430 28    OZ3ACB        599 0000 18   
QSO: 21035 CW 2023-12-17 1050 YP8T          599 1431 28    M0HLT         599 0000 27   
QSO: 14035 CW 2023-12-17 1050 YP8T          599 1432 28    PC6R          599 0000 27   
QSO: 21035 CW 2023-12-17 1050 YP8T          599 1433 28    UN7ID         599 0000 30   
QSO: 14035 CW 2023-12-17 1051 YP8T          599 1434 28    SP9W          599 0000 28   
QSO: 14035 CW 2023-12-17 1052 YP8T          599 1435 28    DL1DTL        599 0000 28   
QSO: 21035 CW 2023-12-17 1052 YP8T          599 1436 28    2E0CVN        599 0000 27   
QSO: 14035 CW 2023-12-17 1053 YP8T          599 1437 28    OL4ACF        599 0000 28   
QSO: 14035 CW 2023-12-17 1054 YP8T          599 1438 28    OR5T          599 0000 27   
QSO: 14035 CW 2023-12-17 1054 YP8T          599 1439 28    R7AC          599 0000 29   
QSO: 21026 CW 2023-12-17 1055 YP8T          599 1440 28    9A7DX         599 0000 DA   
QSO: 21025 CW 2023-12-17 1056 YP8T          599 1441 28    RA9JM         599 0000 21   
QSO: 21043 CW 2023-12-17 1057 YP8T          599 1442 28    RU4LM         599 0000 29   
QSO: 21004 CW 2023-12-17 1057 YP8T          599 1443 28    RN4HAB        599 0000 30   
QSO: 21049 CW 2023-12-17 1058 YP8T          599 1444 28    UA9CHL        599 0000 30   
QSO: 14035 CW 2023-12-17 1058 YP8T          599 1445 28    UN8PT         599 0000 30   
QSO: 21019 CW 2023-12-17 1058 YP8T          599 1446 28    UA6AK         599 0000 29   
QSO: 21035 CW 2023-12-17 1101 YP8T          599 1447 28    SM6LJU        599 0000 18   
QSO: 14035 CW 2023-12-17 1101 YP8T          599 1448 28    I5OVS         599 0000 28   
QSO: 21035 CW 2023-12-17 1102 YP8T          599 1449 28    SC6O          599 0000 18   
QSO: 14035 CW 2023-12-17 1103 YP8T          599 1450 28    HG5P          599 0000 28   
QSO: 14035 CW 2023-12-17 1105 YP8T          599 1451 28    PC100II       599 0000 27   
QSO: 14035 CW 2023-12-17 1106 YP8T          599 1452 28    E74O          599 0000 28   
QSO: 14035 CW 2023-12-17 1106 YP8T          599 1453 28    OK2MBP        599 0000 28   
QSO: 14035 CW 2023-12-17 1108 YP8T          599 1454 28    UR7VA         599 0000 29   
QSO: 14035 CW 2023-12-17 1108 YP8T          599 1455 28    YU9YAU        599 0000 28   
QSO: 14035 CW 2023-12-17 1109 YP8T          599 1456 28    LZ2MP         599 0000 28   
QSO: 14035 CW 2023-12-17 1110 YP8T          599 1457 28    UR7VA         599 0000 29   
QSO: 14035 CW 2023-12-17 1110 YP8T          599 1458 28    DR2C          599 0000 28   
QSO: 21043 CW 2023-12-17 1110 YP8T          599 1459 28    9A7V          599 0000 VZ   
QSO: 21035 CW 2023-12-17 1113 YP8T          599 1460 28    R7FO          599 0000 29   
QSO: 21035 CW 2023-12-17 1113 YP8T          599 1461 28    BD7JNA        599 0000 43   
QSO: 28007 CW 2023-12-17 1114 YP8T          599 1462 28    VU2TMP        599 0000 41   
QSO: 21035 CW 2023-12-17 1115 YP8T          599 1463 28    PA1BX         599 0000 27   
QSO: 21035 CW 2023-12-17 1119 YP8T          599 1464 28    UN9GD         599 0000 31   
QSO: 28022 CW 2023-12-17 1119 YP8T          599 1465 28    G4LJU         599 0000 27   
QSO: 21035 CW 2023-12-17 1120 YP8T          599 1466 28    US7UK         599 0000 29   
QSO: 28022 CW 2023-12-17 1121 YP8T          599 1467 28    LA6IHA        599 0000 18   
QSO: 21035 CW 2023-12-17 1122 YP8T          599 1468 28    DL4VK         599 0000 28   
QSO: 28022 CW 2023-12-17 1123 YP8T          599 1469 28    PA3BBR        599 0000 27   
QSO: 21035 CW 2023-12-17 1123 YP8T          599 1470 28    F6JOE         599 0000 27   
QSO: 21035 CW 2023-12-17 1124 YP8T          599 1471 28    I2RVW         599 0000 28   
QSO: 21035 CW 2023-12-17 1125 YP8T          599 1472 28    G3T           599 0000 27   
QSO: 21014 CW 2023-12-17 1128 YP8T          599 1473 28    VK6T          599 0000 58   
QSO: 21021 CW 2023-12-17 1129 YP8T          599 1474 28    9A0BR         599 0000 ST   
QSO: 28022 CW 2023-12-17 1130 YP8T          599 1475 28    RU3A          599 0000 29   
QSO: 28022 CW 2023-12-17 1131 YP8T          599 1476 28    F4HGU         599 0000 27   
QSO: 21044 CW 2023-12-17 1131 YP8T          599 1477 28    EA8RM         599 0000 36   
QSO: 28022 CW 2023-12-17 1131 YP8T          599 1478 28    EA8AQM        599 0000 36   
QSO: 21029 CW 2023-12-17 1134 YP8T          599 1479 28    DO6AN         599 0000 28   
QSO: 21029 CW 2023-12-17 1134 YP8T          599 1480 28    DM7W          599 0000 28   
QSO: 21029 CW 2023-12-17 1135 YP8T          599 1481 28    DG3T          599 0000 28   
QSO: 21029 CW 2023-12-17 1135 YP8T          599 1482 28    DJ5CW         599 0000 28   
QSO: 21029 CW 2023-12-17 1136 YP8T          599 1483 28    F6HDI         599 0000 27   
QSO: 28022 CW 2023-12-17 1137 YP8T          599 1484 28    G3RLE         599 0000 27   
QSO: 21029 CW 2023-12-17 1137 YP8T          599 1485 28    I2RVW         599 0000 28   
QSO: 21029 CW 2023-12-17 1139 YP8T          599 1486 28    HB9DCM        599 0000 28   
QSO: 21029 CW 2023-12-17 1140 YP8T          599 1487 28    DF4XX         599 0000 28   
QSO: 21029 CW 2023-12-17 1140 YP8T          599 1488 28    R4FDH         599 0000 29   
QSO: 28022 CW 2023-12-17 1143 YP8T          599 1489 28    EA3BV         599 0000 37   
QSO: 21043 CW 2023-12-17 1146 YP8T          599 1490 28    9A5O          599 0000 KC   
QSO: 14036 CW 2023-12-17 1148 YP8T          599 1491 28    9A0BR         599 0000 ST   
QSO: 14013 CW 2023-12-17 1148 YP8T          599 1492 28    WA1Z          599 0000 08   
QSO: 14001 CW 2023-12-17 1149 YP8T          599 1493 28    JA6GCE        599 0000 45   
QSO: 14016 CW 2023-12-17 1149 YP8T          599 1494 28    E77EA         599 0000 28   
QSO: 21002 CW 2023-12-17 1151 YP8T          599 1495 28    KC1XX         599 0000 08   
QSO: 14007 CW 2023-12-17 1152 YP8T          599 1496 28    IK7MIY        599 0000 28   
QSO: 14007 CW 2023-12-17 1152 YP8T          599 1497 28    SO7NA         599 0000 28   
QSO: 21006 CW 2023-12-17 1152 YP8T          599 1498 28    9A2M          599 0000 VK   
QSO: 21018 CW 2023-12-17 1153 YP8T          599 1499 28    LA5FJA        599 0000 18   
QSO: 21016 CW 2023-12-17 1154 YP8T          599 1500 28    YO9HP         599 0000 28   
QSO: 14007 CW 2023-12-17 1154 YP8T          599 1501 28    SP2MKI        599 0000 28   
QSO: 14007 CW 2023-12-17 1155 YP8T          599 1502 28    SF6W          599 0000 18   
QSO: 14007 CW 2023-12-17 1155 YP8T          599 1503 28    RM2U          599 0000 29   
QSO: 14007 CW 2023-12-17 1155 YP8T          599 1504 28    HB9TUD        599 0000 28   
QSO: 14007 CW 2023-12-17 1155 YP8T          599 1505 28    IT9ORA        599 0000 28   
QSO: 14007 CW 2023-12-17 1156 YP8T          599 1506 28    PA2W          599 0000 27   
QSO: 21024 CW 2023-12-17 1156 YP8T          599 1507 28    OH3FM         599 0000 18   
QSO: 21025 CW 2023-12-17 1157 YP8T          599 1508 28    E74A          599 0000 28   
QSO: 14007 CW 2023-12-17 1157 YP8T          599 1509 28    E74X          599 0000 28   
QSO: 21026 CW 2023-12-17 1158 YP8T          599 1510 28    I2VXJ         599 0000 28   
QSO: 21028 CW 2023-12-17 1158 YP8T          599 1511 28    OZ3SM         599 0000 18   
QSO: 14007 CW 2023-12-17 1159 YP8T          599 1512 28    IU0ITX        599 0000 28   
QSO: 21033 CW 2023-12-17 1159 YP8T          599 1513 28    EW8DX         599 0000 29   
QSO: 14007 CW 2023-12-17 1200 YP8T          599 1514 28    DL5JQ         599 0000 28   
QSO: 21033 CW 2023-12-17 1201 YP8T          599 1515 28    DJ0MEK        599 0000 28   
QSO: 21033 CW 2023-12-17 1202 YP8T          599 1516 28    DL7VMM        599 0000 28   
QSO: 14007 CW 2023-12-17 1202 YP8T          599 1517 28    SV2SKD        599 0000 28   
QSO: 14007 CW 2023-12-17 1205 YP8T          599 1518 28    OM6TU         599 0000 28   
QSO: 14007 CW 2023-12-17 1205 YP8T          599 1519 28    N1DC          599 0000 08   
QSO: 21032 CW 2023-12-17 1206 YP8T          599 1520 28    E7CW          599 0000 28   
QSO: 14007 CW 2023-12-17 1206 YP8T          599 1521 28    S53M          599 0000 28   
QSO: 21032 CW 2023-12-17 1206 YP8T          599 1522 28    HB9IIH        599 0000 28   
QSO: 14007 CW 2023-12-17 1207 YP8T          599 1523 28    R6DM          599 0000 29   
QSO: 21032 CW 2023-12-17 1208 YP8T          599 1524 28    DL0CW         599 0000 28   
QSO: 14007 CW 2023-12-17 1208 YP8T          599 1525 28    OM3CPF        599 0000 28   
QSO: 21032 CW 2023-12-17 1208 YP8T          599 1526 28    SE6K          599 0000 18   
QSO: 14007 CW 2023-12-17 1210 YP8T          599 1527 28    ES2JJ         599 0000 29   
QSO: 14007 CW 2023-12-17 1211 YP8T          599 1528 28    DL4VK         599 0000 28   
QSO: 21032 CW 2023-12-17 1211 YP8T          599 1529 28    YU1AT         599 0000 28   
QSO: 21032 CW 2023-12-17 1211 YP8T          599 1530 28    RM2U          599 0000 29   
QSO: 21043 CW 2023-12-17 1212 YP8T          599 1531 28    9A5CW         599 0000 PU   
QSO: 21007 CW 2023-12-17 1214 YP8T          599 1532 28    9A3XV         599 0000 ZG   
QSO: 14006 CW 2023-12-17 1215 YP8T          599 1533 28    KR2Q          599 0000 08   
QSO: 14008 CW 2023-12-17 1215 YP8T          599 1534 28    SP9XCN        599 0000 28   
QSO: 14018 CW 2023-12-17 1216 YP8T          599 1535 28    EI0W          599 0000 27   
QSO: 14020 CW 2023-12-17 1218 YP8T          599 1536 28    LZ4AE         599 0000 28   
QSO: 14028 CW 2023-12-17 1219 YP8T          599 1537 28    N4BP          599 0000 08   
QSO: 14038 CW 2023-12-17 1221 YP8T          599 1538 28    NE1C          599 0000 08   
QSO: 21020 CW 2023-12-17 1222 YP8T          599 1539 28    9A3YT         599 0000 RI   
QSO: 14041 CW 2023-12-17 1224 YP8T          599 1540 28    2E0CVN        599 0000 27   
QSO: 14041 CW 2023-12-17 1227 YP8T          599 1541 28    RV3ZN         599 0000 29   
QSO: 14041 CW 2023-12-17 1227 YP8T          599 1542 28    W1FJ          599 0000 08   
QSO: 21027 CW 2023-12-17 1227 YP8T          599 1543 28    F5MLJ         599 0000 27   
QSO: 21027 CW 2023-12-17 1227 YP8T          599 1544 28    RN4SC         599 0000 29   
QSO: 21027 CW 2023-12-17 1229 YP8T          599 1545 28    E72U          599 0000 28   
QSO: 14041 CW 2023-12-17 1230 YP8T          599 1546 28    I1NVU         599 0000 28   
QSO: 21024 CW 2023-12-17 1230 YP8T          599 1547 28    N4AF          599 0000 08   
QSO: 14041 CW 2023-12-17 1231 YP8T          599 1548 28    SM5TOG        599 0000 18   
QSO: 21027 CW 2023-12-17 1231 YP8T          599 1549 28    RK4HYT        599 0000 30   
QSO: 21027 CW 2023-12-17 1232 YP8T          599 1550 28    9A4MZ         599 0000 NG   
QSO: 14041 CW 2023-12-17 1232 YP8T          599 1551 28    DL0BX         599 0000 28   
QSO: 14041 CW 2023-12-17 1232 YP8T          599 1552 28    R3AQ          599 0000 29   
QSO: 14041 CW 2023-12-17 1234 YP8T          599 1553 28    W1GD          599 0000 08   
QSO: 21027 CW 2023-12-17 1234 YP8T          599 1554 28    N4AO          599 0000 08   
QSO: 21027 CW 2023-12-17 1235 YP8T          599 1555 28    OK2MBP        599 0000 28   
QSO: 14041 CW 2023-12-17 1236 YP8T          599 1556 28    LZ7DX         599 0000 28   
QSO: 14041 CW 2023-12-17 1237 YP8T          599 1557 28    OK1DVA        599 0000 28   
QSO: 21027 CW 2023-12-17 1237 YP8T          599 1558 28    PE2K          599 0000 27   
QSO: 14041 CW 2023-12-17 1237 YP8T          599 1559 28    SP3FSM        599 0000 28   
QSO: 14041 CW 2023-12-17 1237 YP8T          599 1560 28    IK2AVH        599 0000 28   
QSO: 21027 CW 2023-12-17 1239 YP8T          599 1561 28    RX7T          599 0000 29   
QSO: 21024 CW 2023-12-17 1240 YP8T          599 1562 28    PT2AW         599 0000 13   
QSO: 21027 CW 2023-12-17 1241 YP8T          599 1563 28    DL7DZ         599 0000 28   
QSO: 21027 CW 2023-12-17 1242 YP8T          599 1564 28    HB9CSM        599 0000 28   
QSO: 14024 CW 2023-12-17 1243 YP8T          599 1565 28    W1KM          599 0000 08   
QSO: 21027 CW 2023-12-17 1243 YP8T          599 1566 28    EV6Z          599 0000 29   
QSO: 14025 CW 2023-12-17 1244 YP8T          599 1567 28    ON6FC         599 0000 27   
QSO: 14026 CW 2023-12-17 1244 YP8T          599 1568 28    SP3HRN        599 0000 28   
QSO: 14028 CW 2023-12-17 1245 YP8T          599 1569 28    PA3AAV        599 0000 27   
QSO: 14029 CW 2023-12-17 1245 YP8T          599 1570 28    YT3D          599 0000 28   
QSO: 14032 CW 2023-12-17 1246 YP8T          599 1571 28    LZ1ZF         599 0000 28   
QSO: 14032 CW 2023-12-17 1246 YP8T          599 1572 28    N3RD          599 0000 08   
QSO: 14035 CW 2023-12-17 1246 YP8T          599 1573 28    K1TR          599 0000 08   
QSO: 14035 CW 2023-12-17 1247 YP8T          599 1574 28    LY2TS         599 0000 29   
QSO: 21027 CW 2023-12-17 1247 YP8T          599 1575 28    RN1AO         599 0000 29   
QSO: 21027 CW 2023-12-17 1247 YP8T          599 1576 28    LB2WD         599 0000 18   
QSO: 21027 CW 2023-12-17 1248 YP8T          599 1577 28    IK4DRU        599 0000 28   
QSO: 14039 CW 2023-12-17 1248 YP8T          599 1578 28    S54X          599 0000 28   
QSO: 14040 CW 2023-12-17 1248 YP8T          599 1579 28    IK2SND        599 0000 28   
QSO: 14041 CW 2023-12-17 1249 YP8T          599 1580 28    OZ2TF         599 0000 18   
QSO: 21027 CW 2023-12-17 1249 YP8T          599 1581 28    ON5WL         599 0000 27   
QSO: 14045 CW 2023-12-17 1250 YP8T          599 1582 28    IT9RZU        599 0000 28   
QSO: 14046 CW 2023-12-17 1250 YP8T          599 1583 28    RO5X          599 0000 29   
QSO: 14049 CW 2023-12-17 1250 YP8T          599 1584 28    9A7W          599 0000 BJ   
QSO: 21027 CW 2023-12-17 1252 YP8T          599 1585 28    DL5JQ         599 0000 28   
QSO: 21027 CW 2023-12-17 1252 YP8T          599 1586 28    TM4T          599 0000 27   
QSO: 14009 CW 2023-12-17 1252 YP8T          599 1587 28    OG4Z          599 0000 18   
QSO: 14006 CW 2023-12-17 1253 YP8T          599 1588 28    DK7HA         599 0000 28   
QSO: 14009 CW 2023-12-17 1253 YP8T          599 1589 28    DL6KVA        599 0000 28   
QSO: 14031 CW 2023-12-17 1254 YP8T          599 1590 28    9A5M          599 0000 OS   
QSO: 14037 CW 2023-12-17 1255 YP8T          599 1591 28    9A4M          599 0000 SK   
QSO: 21027 CW 2023-12-17 1259 YP8T          599 1592 28    UA4LL         599 0000 29   
QSO: 21027 CW 2023-12-17 1259 YP8T          599 1593 28    N3AM          599 0000 08   
QSO: 21027 CW 2023-12-17 1259 YP8T          599 1594 28    K2TQC         599 0000 08   
QSO: 14014 CW 2023-12-17 1300 YP8T          599 1595 28    9A3YT         599 0000 RI   
QSO: 21027 CW 2023-12-17 1300 YP8T          599 1596 28    WA3KCP        599 0000 08   
QSO: 21027 CW 2023-12-17 1302 YP8T          599 1597 28    OH2BN         599 0000 18   
QSO: 21027 CW 2023-12-17 1302 YP8T          599 1598 28    UV1IX         599 0000 29   
QSO: 21027 CW 2023-12-17 1303 YP8T          599 1599 28    HB9BXQ        599 0000 28   
QSO: 28009 CW 2023-12-17 1304 YP8T          599 1600 28    PY3TD         599 0000 15   
QSO: 21027 CW 2023-12-17 1305 YP8T          599 1601 28    PA1B          599 0000 27   
QSO: 21027 CW 2023-12-17 1305 YP8T          599 1602 28    DL6AAF        599 0000 28   
QSO: 28033 CW 2023-12-17 1307 YP8T          599 1603 28    LU8VCC        599 0000 14   
QSO: 14035 CW 2023-12-17 1308 YP8T          599 1604 28    KR2AA         599 0000 08   
QSO: 21027 CW 2023-12-17 1308 YP8T          599 1605 28    R1NAE         599 0000 19   
QSO: 21027 CW 2023-12-17 1308 YP8T          599 1606 28    DL5OE         599 0000 28   
QSO: 21027 CW 2023-12-17 1309 YP8T          599 1607 28    K4FT          599 0000 08   
QSO: 14029 CW 2023-12-17 1310 YP8T          599 1608 28    DK5KK         599 0000 28   
QSO: 14031 CW 2023-12-17 1313 YP8T          599 1609 28    SN4D          599 0000 28   
QSO: 21019 CW 2023-12-17 1313 YP8T          599 1610 28    K4RUM         599 0000 08   
QSO: 14031 CW 2023-12-17 1313 YP8T          599 1611 28    HA7I          599 0000 28   
QSO: 21005 CW 2023-12-17 1315 YP8T          599 1612 28    WA1Z          599 0000 08   
QSO: 14031 CW 2023-12-17 1316 YP8T          599 1613 28    DJ3XA         599 0000 28   
QSO: 21004 CW 2023-12-17 1316 YP8T          599 1614 28    LY2J          599 0000 29   
QSO: 21006 CW 2023-12-17 1316 YP8T          599 1615 28    OH1NA         599 0000 18   
QSO: 14031 CW 2023-12-17 1316 YP8T          599 1616 28    EW8OM         599 0000 29   
QSO: 21015 CW 2023-12-17 1318 YP8T          599 1617 28    W1ADI         599 0000 08   
QSO: 21015 CW 2023-12-17 1318 YP8T          599 1618 28    VE3VN         599 0000 04   
QSO: 21042 CW 2023-12-17 1319 YP8T          599 1619 28    W1KM          599 0000 08   
QSO: 21043 CW 2023-12-17 1321 YP8T          599 1620 28    K2NV          599 0000 08   
QSO: 14031 CW 2023-12-17 1321 YP8T          599 1621 28    SD6M          599 0000 18   
QSO: 21037 CW 2023-12-17 1323 YP8T          599 1622 28    NE1C          599 0000 08   
QSO: 14031 CW 2023-12-17 1323 YP8T          599 1623 28    RQ9F          599 0000 30   
QSO: 14031 CW 2023-12-17 1323 YP8T          599 1624 28    LY2LF         599 0000 29   
QSO: 14031 CW 2023-12-17 1323 YP8T          599 1625 28    WA3KCP        599 0000 08   
QSO: 21030 CW 2023-12-17 1324 YP8T          599 1626 28    N4QS          599 0000 08   
QSO: 14031 CW 2023-12-17 1325 YP8T          599 1627 28    OZ5UR         599 0000 18   
QSO: 21028 CW 2023-12-17 1326 YP8T          599 1628 28    NG3J          599 0000 08   
QSO: 14031 CW 2023-12-17 1326 YP8T          599 1629 28    RL5A          599 0000 29   
QSO: 21026 CW 2023-12-17 1326 YP8T          599 1630 28    K3TW          599 0000 08   
QSO: 21017 CW 2023-12-17 1327 YP8T          599 1631 28    N1DC          599 0000 08   
QSO: 14031 CW 2023-12-17 1327 YP8T          599 1632 28    LA2HFA        599 0000 18   
QSO: 14031 CW 2023-12-17 1328 YP8T          599 1633 28    OH1SIC        599 0000 18   
QSO: 14031 CW 2023-12-17 1328 YP8T          599 1634 28    OE1TKW        599 0000 28   
QSO: 14031 CW 2023-12-17 1328 YP8T          599 1635 28    DF1MM         599 0000 28   
QSO: 14031 CW 2023-12-17 1329 YP8T          599 1636 28    DL1ROT        599 0000 28   
QSO: 14031 CW 2023-12-17 1329 YP8T          599 1637 28    K0EA          599 0000 07   
QSO: 14031 CW 2023-12-17 1330 YP8T          599 1638 28    UT2UB         599 0000 29   
QSO: 21024 CW 2023-12-17 1331 YP8T          599 1639 28    UW1M          599 0000 29   
QSO: 14031 CW 2023-12-17 1332 YP8T          599 1640 28    DH6BH         599 0000 28   
QSO: 21024 CW 2023-12-17 1332 YP8T          599 1641 28    RN3AM         599 0000 29   
QSO: 21024 CW 2023-12-17 1335 YP8T          599 1642 28    VE3EJ         599 0000 04   
QSO: 14007 CW 2023-12-17 1336 YP8T          599 1643 28    VU2TMP        599 0000 41   
QSO: 21024 CW 2023-12-17 1337 YP8T          599 1644 28    LC2W          599 0000 18   
QSO: 14037 CW 2023-12-17 1338 YP8T          599 1645 28    K2NV          599 0000 08   
QSO: 14024 CW 2023-12-17 1341 YP8T          599 1646 28    G3P           599 0000 27   
QSO: 21024 CW 2023-12-17 1342 YP8T          599 1647 28    K2PI          599 0000 08   
QSO: 14041 CW 2023-12-17 1343 YP8T          599 1648 28    OK1PFM        599 0000 28   
QSO: 07024 CW 2023-12-17 1343 YP8T          599 1649 28    RA9JM         599 0000 21   
QSO: 21007 CW 2023-12-17 1344 YP8T          599 1650 28    K5ZD          599 0000 08   
QSO: 14041 CW 2023-12-17 1345 YP8T          599 1651 28    PE2K          599 0000 27   
QSO: 21003 CW 2023-12-17 1345 YP8T          599 1652 28    SD6F          599 0000 18   
QSO: 14041 CW 2023-12-17 1345 YP8T          599 1653 28    IK4DRU        599 0000 28   
QSO: 14041 CW 2023-12-17 1346 YP8T          599 1654 28    G3WW          599 0000 27   
QSO: 21031 CW 2023-12-17 1346 YP8T          599 1655 28    K4BAI         599 0000 08   
QSO: 14041 CW 2023-12-17 1346 YP8T          599 1656 28    I2IFT         599 0000 28   
QSO: 14041 CW 2023-12-17 1347 YP8T          599 1657 28    M1X           599 0000 27   
QSO: 21041 CW 2023-12-17 1347 YP8T          599 1658 28    K3IE          599 0000 08   
QSO: 14041 CW 2023-12-17 1348 YP8T          599 1659 28    DL9SAS        599 0000 28   
QSO: 21028 CW 2023-12-17 1348 YP8T          599 1660 28    K1AJ          599 0000 08   
QSO: 07017 CW 2023-12-17 1350 YP8T          599 1661 28    OF9X          599 0000 18   
QSO: 07018 CW 2023-12-17 1351 YP8T          599 1662 28    HA8V          599 0000 28   
QSO: 14041 CW 2023-12-17 1351 YP8T          599 1663 28    RD4F          599 0000 29   
QSO: 07019 CW 2023-12-17 1351 YP8T          599 1664 28    S50IPA        599 0000 28   
QSO: 07020 CW 2023-12-17 1351 YP8T          599 1665 28    HA2VH         599 0000 28   
QSO: 14041 CW 2023-12-17 1352 YP8T          599 1666 28    F6FLU         599 0000 27   
QSO: 14041 CW 2023-12-17 1352 YP8T          599 1667 28    NM2A          599 0000 08   
QSO: 07021 CW 2023-12-17 1353 YP8T          599 1668 28    IK3SWB        599 0000 28   
QSO: 14041 CW 2023-12-17 1353 YP8T          599 1669 28    RN3Z          599 0000 29   
QSO: 14041 CW 2023-12-17 1353 YP8T          599 1670 28    S53F          599 0000 28   
QSO: 07022 CW 2023-12-17 1354 YP8T          599 1671 28    S53V          599 0000 28   
QSO: 28036 CW 2023-12-17 1355 YP8T          599 1672 28    9A7V          599 0000 VZ   
QSO: 28033 CW 2023-12-17 1356 YP8T          599 1673 28    9A5O          599 0000 KC   
QSO: 28032 CW 2023-12-17 1357 YP8T          599 1674 28    EI4II         599 0000 27   
QSO: 28032 CW 2023-12-17 1358 YP8T          599 1675 28    9A2AJ         599 0000 DA   
QSO: 28021 CW 2023-12-17 1359 YP8T          599 1676 28    K1RX          599 0000 08   
END-OF-LOG:
